1745397508
0.0 0.58 3.94 161

1745397509
0.0 0.56 3.91 0

1745397510
0.0 0.56 3.91 0

1745397511
0.0 0.54 3.89 0

1745397512
0.0 0.54 3.89 0

1745397513
0.0 0.52 3.86 0

1745397514
0.0 0.52 3.86 0

1745397515
0.0 0.5 3.83 0

1745397516
0.0 0.5 3.83 0

1745397517
0.0 0.49 3.81 0

1745397518
0.0 0.49 3.81 0

1745397519
0.0 0.47 3.78 0

1745397520
0.0 0.47 3.78 0

1745397521
0.0 0.45 3.75 0

1745397523
0.0 0.44 3.73 0

1745397524
0.0 0.44 3.73 0

1745397525
0.0 0.42 3.7 0

1745397526
0.0 0.42 3.7 0

1745397527
0.0 0.41 3.68 0

1745397528
0.0 0.41 3.68 0

1745397529
0.0 0.4 3.65 0

1745397530
0.0 0.4 3.65 6147

1745397531
0.0 0.38 3.63 0

1745397532
0.0 0.38 3.63 0

1745397533
0.0 0.37 3.6 96

1745397534
0.0 0.37 3.6 0

1745397535
0.0 0.36 3.58 2057

1745397536
0.0 0.36 3.58 185

1745397537
0.0 0.35 3.55 861

1745397538
0.0 0.35 3.55 1571

1745397539
0.0 0.33 3.53 429

1745397540
0.0 0.33 3.53 29

1745397541
0.0 0.32 3.5 0

1745397542
0.0 0.32 3.5 0

1745397543
0.0 0.31 3.48 0

1745397544
0.0 0.31 3.48 0

1745397545
0.0 0.3 3.45 1385

1745397546
0.0 0.3 3.45 0

1745397547
0.0 0.29 3.43 32

1745397548
0.0 0.29 3.43 590

1745397549
0.0 0.28 3.41 165

1745397550
0.0 0.28 3.41 188

1745397551
0.0 0.27 3.38 1356

1745397552
0.0 0.27 3.38 104

1745397553
0.0 0.26 3.36 148

1745397554
0.0 0.26 3.36 265

1745397555
0.0 0.25 3.34 141

1745397556
0.0 0.25 3.34 200

1745397557
0.0 0.24 3.31 1537

1745397559
0.0 0.24 3.29 1940

1745397560
0.0 0.24 3.29 145

1745397561
0.0 0.23 3.27 493

1745397562
0.0 0.23 3.27 1109

1745397563
0.0 0.22 3.25 839

1745397564
0.0 0.22 3.25 34

1745397565
0.0 0.21 3.22 1197

1745397566
0.0 0.21 3.22 52

1745397567
0.0 0.2 3.2 2934

1745397568
0.0 0.2 3.2 154

1745397569
0.0 0.2 3.18 15

1745397570
0.0 0.2 3.18 88

1745397571
0.0 0.19 3.16 1773

1745397572
0.0 0.19 3.16 86

1745397573
0.0 0.18 3.13 0

1745397574
0.0 0.18 3.13 61

1745397575
0.0 0.18 3.11 0

1745397576
0.0 0.18 3.11 1773

1745397577
0.0 0.17 3.09 0

1745397578
0.0 0.17 3.09 313

1745397579
0.0 0.16 3.07 2

1745397580
0.0 0.16 3.07 0

1745397581
0.0 0.16 3.05 0

1745397582
0.0 0.16 3.05 44

1745397583
0.0 0.15 3.03 140

1745397584
0.0 0.15 3.03 1931

1745397585
0.0 0.15 3.01 0

1745397586
0.0 0.15 3.01 920

1745397587
0.0 0.14 2.99 28

1745397588
0.0 0.14 2.99 4274

1745397589
0.0 0.14 2.97 0

1745397590
0.0 0.14 2.97 0

1745397591
0.0 0.13 2.94 2181

1745397592
0.0 0.13 2.94 0

1745397593
0.0 0.13 2.92 119

1745397594
0.0 0.13 2.92 2331

1745397595
0.0 0.12 2.9 0

1745397596
0.0 0.12 2.9 195

1745397597
0.0 0.12 2.88 0

1745397598
0.0 0.12 2.88 832

1745397599
0.0 0.12 2.86 1119

1745397600
0.0 0.12 2.86 121

1745397601
0.0 0.11 2.84 0

1745397602
0.0 0.11 2.84 1278

1745397603
0.0 0.11 2.82 96

1745397604
0.0 0.11 2.82 0

1745397605
0.0 0.1 2.8 0

1745397606
0.0 0.1 2.8 0

1745397607
0.0 0.1 2.79 0

1745397608
0.0 0.1 2.79 0

1745397609
0.0 0.1 2.77 0

1745397610
0.0 0.1 2.77 0

1745397611
0.0 0.09 2.75 0

1745397612
0.0 0.09 2.75 66

1745397613
0.0 0.09 2.73 133

1745397614
0.0 0.09 2.73 245

1745397615
0.0 0.09 2.71 2336

1745397616
0.0 0.09 2.71 0

1745397617
0.0 0.08 2.69 6

1745397618
0.0 0.08 2.69 87

1745397619
0.0 0.08 2.67 0

1745397620
0.0 0.08 2.67 16

1745397621
0.0 0.08 2.65 10

1745397622
0.0 0.08 2.65 0

1745397623
0.0 0.07 2.63 1

1745397624
0.0 0.07 2.63 0

1745397625
0.0 0.07 2.62 12

1745397626
0.0 0.07 2.62 0

1745397627
0.0 0.07 2.6 0

1745397628
0.0 0.07 2.6 0

1745397629
0.0 0.06 2.58 0

1745397630
0.0 0.06 2.58 0

1745397631
0.0 0.06 2.56 0

1745397632
0.0 0.06 2.56 0

1745397633
0.0 0.06 2.54 1

1745397634
0.0 0.06 2.54 1

1745397635
0.0 0.06 2.53 34

1745397636
0.0 0.06 2.53 166

1745397637
0.0 0.06 2.51 103

1745397638
0.0 0.06 2.51 147

1745397639
0.0 0.05 2.49 2530

1745397640
0.0 0.05 2.49 166

1745397641
0.0 0.05 2.47 22

1745397642
0.0 0.05 2.47 36

1745397643
0.0 0.05 2.46 1

1745397644
0.0 0.05 2.46 339

1745397645
0.0 0.05 2.44 118

1745397646
0.0 0.05 2.44 0

1745397647
0.0 0.04 2.42 0

1745397648
0.0 0.04 2.42 30

1745397649
0.0 0.04 2.41 54

1745397650
0.0 0.04 2.41 1

1745397651
0.0 0.04 2.39 0

1745397652
0.0 0.04 2.39 0

1745397653
0.0 0.04 2.37 93

1745397654
0.0 0.04 2.37 149

1745397655
0.0 0.04 2.36 395

1745397656
0.0 0.04 2.36 14

1745397657
0.0 0.04 2.34 20

1745397658
0.0 0.04 2.34 119

1745397659
0.0 0.03 2.32 129

1745397660
0.0 0.03 2.32 92

1745397661
0.0 0.03 2.31 0

1745397662
0.0 0.03 2.31 113

1745397663
0.0 0.03 2.29 318

1745397664
0.0 0.03 2.29 137

1745397665
0.0 0.03 2.28 257

1745397666
0.0 0.03 2.28 484

1745397667
0.0 0.03 2.26 2057

1745397668
0.0 0.03 2.26 375

1745397669
0.0 0.03 2.24 0

1745397670
0.0 0.03 2.24 105

1745397671
0.0 0.03 2.23 9

1745397672
0.0 0.03 2.23 1

1745397673
0.0 0.02 2.21 3

1745397674
0.0 0.02 2.21 45

1745397675
0.0 0.02 2.2 42

1745397676
0.0 0.02 2.2 5

1745397677
0.0 0.02 2.18 102

1745397678
0.0 0.02 2.18 2

1745397679
0.0 0.02 2.17 0

1745397680
0.0 0.02 2.17 0

1745397681
0.0 0.02 2.15 0

1745397682
0.0 0.02 2.15 0

1745397683
0.0 0.02 2.14 0

1745397684
0.0 0.02 2.14 210

1745397685
0.0 0.02 2.12 112

1745397686
0.0 0.02 2.12 482

1745397687
0.0 0.02 2.11 692

1745397688
0.0 0.02 2.11 0

1745397689
0.0 0.02 2.09 59

1745397690
0.0 0.02 2.09 149

1745397691
0.0 0.02 2.08 0

1745397692
0.0 0.02 2.08 48

1745397693
0.0 0.01 2.06 0

1745397694
0.0 0.01 2.06 0

1745397695
0.0 0.01 2.05 0

1745397696
0.0 0.01 2.05 0

1745397697
0.0 0.01 2.04 0

1745397698
0.0 0.01 2.04 0

1745397699
0.0 0.01 2.02 0

1745397700
0.0 0.01 2.02 0

1745397701
0.0 0.01 2.01 0

1745397702
0.0 0.01 2.01 0

1745397703
0.0 0.01 1.99 1

1745397704
0.0 0.01 1.99 262

1745397705
0.0 0.01 1.98 315

1745397706
0.0 0.01 1.98 0

1745397707
0.0 0.01 1.97 0

1745397708
0.0 0.01 1.97 0

1745397709
0.0 0.01 1.95 0

1745397710
0.0 0.01 1.95 0

1745397711
0.0 0.01 1.94 42

1745397712
0.0 0.01 1.94 0

1745397713
0.0 0.01 1.92 0

1745397714
0.0 0.01 1.92 0

1745397715
0.0 0.01 1.91 0

1745397716
0.0 0.01 1.91 0

1745397717
0.0 0.01 1.9 0

1745397718
0.0 0.01 1.9 179

1745397719
0.0 0.01 1.88 0

1745397720
0.0 0.01 1.88 7917

1745397721
0.0 0.01 1.87 58

1745397722
0.0 0.01 1.87 0

1745397723
0.0 0.0 1.86 215

1745397724
0.0 0.0 1.86 0

1745397725
0.0 0.0 1.85 0

1745397726
0.0 0.0 1.85 0

1745397727
0.0 0.0 1.83 330

1745397728
0.0 0.0 1.83 666

1745397729
0.0 0.0 1.82 82

1745397730
0.0 0.0 1.82 707

1745397731
0.0 0.0 1.81 0

1745397732
0.0 0.0 1.81 497

1745397733
0.0 0.0 1.79 581

1745397734
0.0 0.0 1.79 31

1745397735
0.0 0.0 1.78 0

1745397736
0.0 0.0 1.78 203

1745397737
0.0 0.0 1.77 662

1745397738
0.0 0.0 1.77 297

1745397739
0.0 0.0 1.76 0

1745397740
0.0 0.0 1.76 208

1745397741
0.0 0.0 1.74 1

1745397742
0.0 0.0 1.74 0

1745397743
0.0 0.0 1.73 8

1745397744
0.0 0.0 1.73 161

1745397745
0.0 0.0 1.72 171

1745397746
0.0 0.0 1.72 325

1745397747
0.0 0.0 1.71 71

1745397748
0.0 0.0 1.71 398

1745397749
0.0 0.0 1.7 20

1745397750
0.0 0.0 1.7 0

1745397751
0.0 0.0 1.68 18

1745397752
0.0 0.0 1.68 0

1745397753
0.0 0.0 1.67 0

1745397754
0.0 0.0 1.67 72

1745397755
0.0 0.0 1.66 508

1745397756
0.0 0.0 1.66 176

1745397757
0.0 0.0 1.65 7

1745397758
0.0 0.0 1.65 102

1745397759
0.0 0.0 1.64 220

1745397760
0.0 0.0 1.64 82

1745397761
0.0 0.0 1.63 70

1745397762
0.0 0.0 1.63 206

1745397763
0.0 0.0 1.62 36

1745397764
0.0 0.0 1.62 232

1745397765
0.0 0.0 1.6 1638

1745397766
0.0 0.0 1.6 1543

1745397767
0.0 0.0 1.59 48

1745397768
0.0 0.0 1.59 291

1745397769
0.0 0.0 1.58 34

1745397770
0.0 0.0 1.58 46

1745397771
0.0 0.0 1.57 0

1745397772
0.0 0.0 1.57 226

1745397773
0.0 0.0 1.56 83

1745397774
0.0 0.0 1.56 52

1745397775
0.0 0.0 1.55 0

1745397776
0.0 0.0 1.55 28

1745397777
0.0 0.0 1.54 84

1745397778
0.0 0.0 1.54 16

1745397779
0.0 0.0 1.53 496

1745397780
0.0 0.0 1.53 215

1745397781
0.0 0.0 1.52 371

1745397782
0.0 0.0 1.52 5

1745397783
0.0 0.0 1.51 4

1745397784
0.0 0.0 1.51 47

1745397785
0.0 0.0 1.49 224

1745397786
0.0 0.0 1.49 136

1745397787
0.0 0.0 1.48 216

1745397788
0.0 0.0 1.48 163

1745397789
0.0 0.0 1.47 69

1745397790
0.0 0.0 1.47 2

1745397791
0.0 0.0 1.46 0

1745397792
0.0 0.0 1.46 2

1745397793
0.0 0.0 1.45 1268

1745397794
0.0 0.0 1.45 101

1745397795
0.0 0.0 1.44 221

1745397796
0.0 0.0 1.44 1436

1745397797
0.0 0.0 1.43 2221

1745397798
0.0 0.0 1.43 6808

1745397799
0.0 0.0 1.42 0

1745397800
0.0 0.0 1.42 4274

1745397801
0.0 0.0 1.41 79

1745397802
0.0 0.0 1.41 0

1745397803
0.0 0.0 1.4 0

1745397805
0.0 0.0 1.39 0

1745397806
0.0 0.0 1.39 3

1745397807
0.0 0.0 1.38 67

1745397808
0.0 0.0 1.38 3

1745397809
0.0 0.0 1.37 0

1745397810
0.0 0.0 1.37 122

1745397811
0.0 0.0 1.36 22

1745397812
0.0 0.0 1.36 0

1745397813
0.0 0.0 1.35 0

1745397814
0.0 0.0 1.35 0

1745397815
0.0 0.0 1.34 116

1745397816
0.0 0.0 1.34 0

1745397817
0.0 0.0 1.34 0

1745397818
0.0 0.0 1.34 0

1745397819
0.0 0.0 1.33 179

1745397820
0.0 0.0 1.33 91

1745397821
0.0 0.0 1.32 46

1745397822
0.0 0.0 1.32 25

1745397823
0.0 0.0 1.31 0

1745397824
0.0 0.0 1.31 0

1745397825
0.0 0.0 1.3 6492

1745397826
0.0 0.0 1.3 4950

1745397827
0.0 0.0 1.29 7069

1745397828
0.0 0.0 1.29 2094

1745397829
0.0 0.0 1.28 0

1745397830
0.0 0.0 1.28 0

1745397831
0.0 0.0 1.27 0

1745397832
0.0 0.0 1.27 0

1745397833
0.0 0.0 1.26 1

1745397834
0.0 0.0 1.26 0

1745397835
0.0 0.0 1.25 0

1745397836
0.0 0.0 1.25 0

1745397837
0.0 0.0 1.24 0

1745397838
0.0 0.0 1.24 207

1745397839
0.0 0.0 1.24 297

1745397840
0.0 0.0 1.24 1

1745397841
0.0 0.0 1.23 1514

1745397842
0.0 0.0 1.23 0

1745397843
0.0 0.0 1.22 1

1745397844
0.0 0.0 1.22 0

1745397845
0.0 0.0 1.21 0

1745397846
0.0 0.0 1.21 0

1745397847
0.0 0.0 1.2 1495

1745397848
0.0 0.0 1.2 10

1745397849
0.0 0.0 1.19 0

1745397850
0.0 0.0 1.19 0

1745397851
0.0 0.0 1.18 0

1745397852
0.0 0.0 1.18 66

1745397853
0.0 0.0 1.18 0

1745397854
0.0 0.0 1.18 475

1745397855
0.0 0.0 1.17 401

1745397856
0.0 0.0 1.17 242

1745397857
0.0 0.0 1.16 98

1745397858
0.0 0.0 1.16 1

1745397859
0.0 0.0 1.15 1

1745397860
0.0 0.0 1.15 31

1745397861
0.0 0.0 1.14 0

1745397862
0.0 0.0 1.14 15

1745397863
0.0 0.0 1.13 29

1745397864
0.0 0.0 1.13 405

1745397865
0.0 0.0 1.13 283

1745397866
0.0 0.0 1.13 0

1745397867
0.0 0.0 1.12 150

1745397868
0.0 0.0 1.12 145

1745397869
0.0 0.0 1.11 5

1745397870
0.0 0.0 1.11 7

1745397871
0.0 0.0 1.1 80

1745397872
0.0 0.0 1.1 64

1745397873
0.0 0.0 1.1 939

1745397874
0.0 0.0 1.1 0

1745397875
0.0 0.0 1.09 7

1745397876
0.0 0.0 1.09 352

1745397877
0.0 0.0 1.08 162

1745397878
0.0 0.0 1.08 50

1745397879
0.0 0.0 1.07 12

1745397880
0.0 0.0 1.07 289

1745397881
0.0 0.0 1.06 262

1745397882
0.0 0.0 1.06 1

1745397883
0.0 0.0 1.06 2

1745397884
0.0 0.0 1.06 65

1745397885
0.0 0.0 1.05 0

1745397886
0.0 0.0 1.05 0

1745397887
0.0 0.0 1.04 0

1745397888
0.0 0.0 1.04 15

1745397889
0.0 0.0 1.03 0

1745397890
0.0 0.0 1.03 0

1745397891
0.0 0.0 1.03 0

1745397892
0.0 0.0 1.03 29

1745397893
0.0 0.0 1.02 3

1745397894
0.0 0.0 1.02 0

1745397895
0.0 0.0 1.01 1

1745397896
0.0 0.0 1.01 1

1745397897
0.0 0.0 1.01 0

1745397898
0.0 0.0 1.01 1

1745397899
0.0 0.0 1.0 2

1745397900
0.0 0.0 1.0 1

1745397901
0.0 0.0 0.99 0

1745397902
0.0 0.0 0.99 0

1745397903
0.0 0.0 0.98 1

1745397904
0.0 0.0 0.98 26

1745397905
0.0 0.0 0.98 2

1745397906
0.0 0.0 0.98 1

1745397907
0.0 0.0 0.97 0

1745397908
0.0 0.0 0.97 0

1745397909
0.0 0.0 0.96 0

1745397910
0.0 0.0 0.96 1

1745397911
0.0 0.0 0.96 0

1745397912
0.0 0.0 0.96 1

1745397913
0.0 0.0 0.95 0

1745397914
0.0 0.0 0.95 1

1745397915
0.0 0.0 0.94 0

1745397916
0.0 0.0 0.94 0

1745397917
0.0 0.0 0.94 0

1745397918
0.0 0.0 0.94 0

1745397919
0.0 0.0 0.93 0

1745397920
0.0 0.0 0.93 0

1745397921
0.0 0.0 0.92 0

1745397922
0.0 0.0 0.92 0

1745397923
0.0 0.0 0.92 0

1745397924
0.0 0.0 0.92 0

1745397925
0.0 0.0 0.91 0

1745397926
0.0 0.0 0.91 0

1745397927
0.0 0.0 0.9 0

1745397928
0.0 0.0 0.9 0

1745397929
0.0 0.0 0.9 0

1745397930
0.0 0.0 0.9 0

1745397931
0.0 0.0 0.89 0

1745397932
0.0 0.0 0.89 0

1745397933
0.0 0.0 0.88 16

1745397934
0.0 0.0 0.88 0

1745397935
0.0 0.0 0.88 0

1745397936
0.0 0.0 0.88 0

1745397937
0.0 0.0 0.87 0

1745397938
0.0 0.0 0.87 0

1745397939
0.0 0.0 0.87 0

1745397940
0.0 0.0 0.87 0

1745397941
0.0 0.0 0.86 0

1745397942
0.0 0.0 0.86 34

1745397943
0.0 0.0 0.85 20

1745397944
0.0 0.0 0.85 0

1745397945
0.0 0.0 0.85 1

1745397946
0.0 0.0 0.85 0

1745397947
0.0 0.0 0.84 0

1745397948
0.0 0.0 0.84 5

1745397949
0.0 0.0 0.83 0

1745397950
0.0 0.0 0.83 0

1745397951
0.0 0.0 0.83 0

1745397952
0.0 0.0 0.83 0

1745397953
0.0 0.0 0.82 0

1745397954
0.0 0.0 0.82 0

1745397955
0.0 0.0 0.82 0

1745397956
0.0 0.0 0.82 0

1745397957
0.0 0.0 0.81 0

1745397958
0.0 0.0 0.81 0

1745397959
0.0 0.0 0.81 0

1745397960
0.0 0.0 0.81 0

1745397961
0.0 0.0 0.8 0

1745397962
0.0 0.0 0.8 0

1745397963
0.0 0.0 0.79 0

1745397964
0.0 0.0 0.79 0

1745397965
0.0 0.0 0.79 1352

1745397966
0.0 0.0 0.79 0

1745397967
0.0 0.0 0.78 0

1745397968
0.0 0.0 0.78 0

1745397969
0.0 0.0 0.78 0

1745397970
0.0 0.0 0.78 0

1745397971
0.0 0.0 0.77 0

1745397972
0.0 0.0 0.77 0

1745397973
0.0 0.0 0.77 0

1745397974
0.0 0.0 0.77 4

1745397975
0.0 0.0 0.76 123

1745397976
0.0 0.0 0.76 0

1745397977
0.0 0.0 0.75 106

1745397978
0.0 0.0 0.75 0

1745397979
0.0 0.0 0.75 0

1745397980
0.0 0.0 0.75 0

1745397981
0.0 0.0 0.74 9

1745397982
0.0 0.0 0.74 0

1745397983
0.0 0.0 0.74 0

1745397984
0.0 0.0 0.74 1

1745397985
0.0 0.0 0.73 0

1745397986
0.0 0.0 0.73 125

1745397987
0.0 0.0 0.73 68

1745397988
0.0 0.0 0.73 0

1745397989
0.0 0.0 0.72 0

1745397990
0.0 0.0 0.72 137

1745397991
0.0 0.0 0.72 2

1745397992
0.0 0.0 0.72 0

1745397993
0.0 0.0 0.71 0

1745397994
0.0 0.0 0.71 0

1745397995
0.0 0.0 0.71 625

1745397996
0.0 0.0 0.71 804

1745397997
0.0 0.0 0.7 0

1745397998
0.0 0.0 0.7 309

1745397999
0.0 0.0 0.7 92

1745398000
0.0 0.0 0.7 1

1745398001
0.0 0.0 0.69 854

1745398002
0.0 0.0 0.69 0

1745398003
0.0 0.0 0.69 0

1745398004
0.0 0.0 0.69 0

1745398005
0.0 0.0 0.68 417

1745398006
0.0 0.0 0.68 1416

1745398007
0.0 0.0 0.68 0

1745398008
0.0 0.0 0.68 0

1745398009
0.0 0.0 0.67 0

1745398010
0.0 0.0 0.67 1

1745398011
0.0 0.0 0.67 143

1745398012
0.0 0.0 0.67 3

1745398013
0.0 0.0 0.66 0

1745398014
0.0 0.0 0.66 1

1745398015
0.0 0.0 0.66 156

1745398016
0.0 0.0 0.66 5

1745398017
0.0 0.0 0.65 1

1745398018
0.0 0.0 0.65 9

1745398019
0.0 0.0 0.65 78

1745398020
0.0 0.0 0.65 40

1745398021
0.0 0.0 0.64 67

1745398022
0.0 0.0 0.64 1

1745398023
0.0 0.0 0.64 4

1745398024
0.0 0.0 0.64 4

1745398025
0.0 0.0 0.63 1

1745398026
0.0 0.0 0.63 3

1745398027
0.0 0.0 0.63 0

1745398028
0.0 0.0 0.63 76

1745398029
0.0 0.0 0.62 222

1745398030
0.0 0.0 0.62 68

1745398031
0.0 0.0 0.62 0

1745398032
0.0 0.0 0.62 6

1745398033
0.0 0.0 0.62 2

1745398034
0.0 0.0 0.62 2

1745398035
0.0 0.0 0.61 704

1745398036
0.0 0.0 0.61 0

1745398037
0.0 0.0 0.61 25

1745398038
0.0 0.0 0.61 22

1745398039
0.0 0.0 0.6 352

1745398040
0.0 0.0 0.6 8

1745398041
0.0 0.0 0.6 21

1745398042
0.0 0.0 0.6 5

1745398043
0.0 0.0 0.59 20

1745398044
0.0 0.0 0.59 23

1745398045
0.0 0.0 0.59 61

1745398046
0.0 0.0 0.59 92

1745398047
0.0 0.0 0.58 39

1745398048
0.0 0.0 0.58 191

1745398049
0.0 0.0 0.58 112

1745398050
0.0 0.0 0.58 152

1745398051
0.0 0.0 0.58 2

1745398052
0.0 0.0 0.58 2

1745398053
0.0 0.0 0.57 119

1745398054
0.0 0.0 0.57 2

1745398055
0.0 0.0 0.57 4

1745398056
0.0 0.0 0.57 30

1745398057
0.0 0.0 0.56 0

1745398058
0.0 0.0 0.56 2

1745398059
0.0 0.0 0.56 118

1745398060
0.0 0.0 0.56 1800

1745398061
0.0 0.0 0.56 4

1745398062
0.0 0.0 0.56 2

1745398063
0.0 0.0 0.55 3

1745398064
0.0 0.0 0.55 0

1745398065
0.0 0.0 0.55 5

1745398066
0.0 0.0 0.55 0

1745398067
0.0 0.0 0.54 30

1745398068
0.0 0.0 0.54 1

1745398069
0.0 0.0 0.54 0

1745398070
0.0 0.0 0.54 0

1745398071
0.0 0.0 0.54 0

1745398072
0.0 0.0 0.54 4

1745398073
0.0 0.0 0.53 0

1745398074
0.0 0.0 0.53 813

1745398075
0.0 0.0 0.53 138

1745398076
0.0 0.0 0.53 616

1745398077
0.0 0.0 0.52 3

1745398078
0.0 0.0 0.52 1

1745398079
0.0 0.0 0.52 0

1745398080
0.0 0.0 0.52 0

1745398081
0.0 0.0 0.52 0

1745398082
0.0 0.0 0.52 0

1745398083
0.0 0.0 0.51 0

1745398084
0.0 0.0 0.51 954

1745398085
0.0 0.0 0.51 5

1745398086
0.0 0.0 0.51 63

1745398087
0.0 0.0 0.5 202

1745398088
0.0 0.0 0.5 59

1745398089
0.0 0.0 0.5 29

1745398090
0.0 0.0 0.5 11

1745398091
0.0 0.0 0.5 25

1745398092
0.0 0.0 0.5 22

1745398093
0.0 0.0 0.49 53

1745398094
0.0 0.0 0.49 14

1745398095
0.0 0.0 0.49 1

1745398096
0.0 0.0 0.49 5

1745398097
0.0 0.0 0.49 0

1745398098
0.0 0.0 0.49 0

1745398099
0.0 0.0 0.48 0

1745398100
0.0 0.0 0.48 0

1745398101
0.0 0.0 0.48 0

1745398102
0.0 0.0 0.48 1824

1745398103
0.0 0.0 0.48 0

1745398104
0.0 0.0 0.48 0

1745398105
0.0 0.0 0.47 0

1745398106
0.0 0.0 0.47 0

1745398107
0.0 0.0 0.47 0

1745398108
0.0 0.0 0.47 0

1745398109
0.0 0.0 0.47 109

1745398110
0.0 0.0 0.47 293

1745398111
0.0 0.0 0.46 191

1745398112
0.0 0.0 0.46 627

1745398113
0.0 0.0 0.46 1

1745398114
0.0 0.0 0.46 44

1745398115
0.0 0.0 0.45 149

1745398116
0.0 0.0 0.45 1

1745398117
0.0 0.0 0.45 0

1745398118
0.0 0.0 0.45 1786

1745398119
0.0 0.0 0.45 0

1745398120
0.0 0.0 0.45 0

1745398121
0.0 0.0 0.44 1637

1745398122
0.0 0.0 0.44 2272

1745398123
0.0 0.0 0.44 2245

1745398124
0.0 0.0 0.44 0

1745398125
0.0 0.0 0.44 136

1745398126
0.0 0.0 0.44 4007

1745398127
0.0 0.0 0.43 3031

1745398128
0.0 0.0 0.43 0

1745398129
0.0 0.0 0.43 0

1745398130
0.0 0.0 0.43 18

1745398131
0.0 0.0 0.43 0

1745398132
0.0 0.0 0.43 77

1745398133
0.0 0.0 0.42 221

1745398134
0.0 0.0 0.42 3

1745398135
0.0 0.0 0.42 1

1745398136
0.0 0.0 0.42 0

1745398137
0.0 0.0 0.42 0

1745398139
0.0 0.0 0.41 0

1745398140
0.0 0.0 0.41 0

1745398141
0.0 0.0 0.41 0

1745398142
0.0 0.0 0.41 25

1745398143
0.0 0.0 0.41 203

1745398144
0.0 0.0 0.41 1

1745398145
0.0 0.0 0.41 3

1745398146
0.0 0.0 0.41 3

1745398147
0.0 0.0 0.4 2

1745398148
0.0 0.0 0.4 2

1745398149
0.0 0.0 0.4 6

1745398150
0.0 0.0 0.4 5

1745398151
0.0 0.0 0.4 3

1745398152
0.0 0.0 0.4 6

1745398153
0.0 0.0 0.39 68

1745398154
0.0 0.0 0.39 67

1745398155
0.0 0.0 0.39 13

1745398156
0.0 0.0 0.39 42

1745398157
0.0 0.0 0.39 0

1745398158
0.0 0.0 0.39 18

1745398159
0.0 0.0 0.39 134

1745398160
0.0 0.0 0.39 236

1745398161
0.0 0.0 0.38 275

1745398162
0.0 0.0 0.38 0

1745398163
0.0 0.0 0.38 1

1745398164
0.0 0.0 0.38 0

1745398165
0.0 0.0 0.38 0

1745398166
0.0 0.0 0.38 0

1745398167
0.0 0.0 0.37 0

1745398168
0.0 0.0 0.37 1

1745398169
0.0 0.0 0.37 171

1745398170
0.0 0.0 0.37 0

1745398171
0.0 0.0 0.37 0

1745398172
0.0 0.0 0.37 0

1745398173
0.0 0.0 0.37 1

1745398174
0.0 0.0 0.37 0

1745398175
0.0 0.0 0.36 0

1745398176
0.0 0.0 0.36 0

1745398177
0.0 0.0 0.36 0

1745398178
0.0 0.0 0.36 0

1745398179
0.0 0.0 0.36 0

1745398180
0.0 0.0 0.36 0

1745398181
0.0 0.0 0.35 0

1745398182
0.0 0.0 0.35 0

1745398183
0.0 0.0 0.35 0

1745398184
0.0 0.0 0.35 1260

1745398185
0.0 0.0 0.35 4386

1745398186
0.0 0.0 0.35 1262

1745398187
0.0 0.0 0.35 27

1745398188
0.0 0.0 0.35 0

1745398189
0.0 0.0 0.34 65

1745398190
0.0 0.0 0.34 0

1745398191
0.0 0.0 0.34 365

1745398192
0.0 0.0 0.34 1

1745398193
0.0 0.0 0.34 0

1745398194
0.0 0.0 0.34 0

1745398195
0.0 0.0 0.34 0

1745398196
0.0 0.0 0.34 0

1745398197
0.0 0.0 0.33 13

1745398198
0.0 0.0 0.33 110

1745398199
0.0 0.0 0.33 0

1745398200
0.0 0.0 0.33 0

1745398201
0.0 0.0 0.33 3

1745398202
0.0 0.0 0.33 43

1745398203
0.0 0.0 0.33 36

1745398204
0.0 0.0 0.33 2

1745398205
0.0 0.0 0.32 15

1745398206
0.0 0.0 0.32 2

1745398207
0.0 0.0 0.32 1

1745398208
0.0 0.0 0.32 1

1745398209
0.0 0.0 0.32 0

1745398210
0.0 0.0 0.32 1

1745398211
0.0 0.0 0.32 1

1745398212
0.0 0.0 0.32 32

1745398213
0.0 0.0 0.31 0

1745398214
0.0 0.0 0.31 0

1745398215
0.0 0.0 0.31 0

1745398216
0.0 0.0 0.31 97

1745398217
0.0 0.0 0.31 0

1745398218
0.0 0.0 0.31 0

1745398219
0.0 0.0 0.31 0

1745398220
0.0 0.0 0.31 42

1745398221
0.0 0.0 0.3 1

1745398222
0.0 0.0 0.3 2

1745398223
0.0 0.0 0.3 0

1745398225
0.0 0.0 0.3 0

1745398226
0.0 0.0 0.3 0

1745398227
0.0 0.0 0.3 0

1745398228
0.0 0.0 0.3 0

1745398229
0.0 0.0 0.29 2

1745398230
0.0 0.0 0.29 0

1745398231
0.0 0.0 0.29 0

1745398232
0.0 0.0 0.29 20

1745398233
0.0 0.0 0.29 264

1745398234
0.0 0.0 0.29 59

1745398235
0.0 0.0 0.29 801

1745398236
0.0 0.0 0.29 1885

1745398237
0.0 0.0 0.28 911

1745398238
0.0 0.0 0.28 0

1745398239
0.0 0.0 0.28 0

1745398240
0.0 0.0 0.28 118

1745398241
0.0 0.0 0.28 1

1745398242
0.0 0.0 0.28 127

1745398243
0.0 0.0 0.28 136

1745398244
0.0 0.0 0.28 0

1745398245
0.0 0.0 0.28 1

1745398246
0.0 0.0 0.28 0

1745398247
0.0 0.0 0.27 0

1745398248
0.0 0.0 0.27 360

1745398249
0.0 0.0 0.27 30

1745398250
0.0 0.0 0.27 266

1745398251
0.0 0.0 0.27 2735

1745398252
0.0 0.0 0.27 0

1745398253
0.0 0.0 0.27 0

1745398254
0.0 0.0 0.27 0

1745398255
0.0 0.0 0.27 0

1745398256
0.0 0.0 0.27 1

1745398257
0.0 0.0 0.26 291

1745398258
0.0 0.0 0.26 79

1745398259
0.0 0.0 0.26 427

1745398260
0.0 0.0 0.26 31

1745398261
0.0 0.0 0.26 10

1745398262
0.0 0.0 0.26 1

1745398263
0.0 0.0 0.26 0

1745398264
0.0 0.0 0.26 0

1745398265
0.0 0.0 0.26 1498

1745398266
0.0 0.0 0.26 6

1745398267
0.0 0.0 0.25 1910

1745398268
0.0 0.0 0.25 422

1745398269
0.0 0.0 0.25 3

1745398270
0.0 0.0 0.25 0

1745398271
0.0 0.0 0.25 0

1745398272
0.0 0.0 0.25 0

1745398273
0.0 0.0 0.25 132

1745398274
0.0 0.0 0.25 0

1745398275
0.0 0.0 0.25 0

1745398276
0.0 0.0 0.25 36

1745398277
0.0 0.0 0.24 16

1745398278
0.0 0.0 0.24 1

1745398279
0.0 0.0 0.24 319

1745398280
0.0 0.0 0.24 216

1745398281
0.0 0.0 0.24 591

1745398282
0.0 0.0 0.24 162

1745398283
0.0 0.0 0.24 788

1745398284
0.0 0.0 0.24 0

1745398285
0.0 0.0 0.24 282

1745398286
0.0 0.0 0.24 347

1745398287
0.0 0.0 0.23 246

1745398288
0.0 0.0 0.23 37

1745398289
0.0 0.0 0.23 106

1745398290
0.0 0.0 0.23 47

1745398291
0.0 0.0 0.23 453

1745398292
0.0 0.0 0.23 0

1745398293
0.0 0.0 0.23 230

1745398294
0.0 0.0 0.23 86

1745398295
0.0 0.0 0.23 141

1745398296
0.0 0.0 0.23 155

1745398297
0.0 0.0 0.22 95

1745398298
0.0 0.0 0.22 181

1745398299
0.0 0.0 0.22 33

1745398300
0.0 0.0 0.22 203

1745398301
0.0 0.0 0.22 0

1745398302
0.0 0.0 0.22 192

1745398303
0.0 0.0 0.22 7

1745398304
0.0 0.0 0.22 24

1745398305
0.0 0.0 0.22 48

1745398306
0.0 0.0 0.22 31

1745398307
0.0 0.0 0.22 15

1745398308
0.0 0.0 0.22 51

1745398309
0.0 0.0 0.21 17

1745398310
0.0 0.0 0.21 155

1745398311
0.0 0.0 0.21 236

1745398312
0.0 0.0 0.21 106

1745398313
0.0 0.0 0.21 108

1745398314
0.0 0.0 0.21 149

1745398315
0.0 0.0 0.21 617

1745398316
0.0 0.0 0.21 0

1745398317
0.0 0.0 0.21 2

1745398318
0.0 0.0 0.21 1

1745398319
0.0 0.0 0.2 1

1745398320
0.0 0.0 0.2 313

1745398321
0.0 0.0 0.2 0

1745398322
0.0 0.0 0.2 0

1745398323
0.0 0.0 0.2 0

1745398324
0.0 0.0 0.2 0

1745398325
0.0 0.0 0.2 0

1745398326
0.0 0.0 0.2 149

1745398327
0.0 0.0 0.2 147

1745398328
0.0 0.0 0.2 0

1745398329
0.0 0.0 0.2 0

1745398330
0.0 0.0 0.2 386

1745398331
0.0 0.0 0.2 1

1745398332
0.0 0.0 0.2 0

1745398333
0.0 0.0 0.19 0

1745398334
0.0 0.0 0.19 88

1745398335
0.0 0.0 0.19 0

1745398336
0.0 0.0 0.19 0

1745398337
0.0 0.0 0.19 0

1745398338
0.0 0.0 0.19 0

1745398339
0.0 0.0 0.19 0

1745398340
0.0 0.0 0.19 0

1745398341
0.0 0.0 0.19 0

1745398342
0.0 0.0 0.19 0

1745398343
0.0 0.0 0.19 0

1745398344
0.0 0.0 0.19 0

1745398345
0.0 0.0 0.19 2

1745398346
0.0 0.0 0.19 4

1745398347
0.0 0.0 0.18 2

1745398348
0.0 0.0 0.18 0

1745398349
0.0 0.0 0.18 0

1745398350
0.0 0.0 0.18 0

1745398351
0.0 0.0 0.18 0

1745398352
0.0 0.0 0.18 0

1745398353
0.0 0.0 0.18 0

1745398354
0.0 0.0 0.18 0

1745398355
0.0 0.0 0.18 0

1745398356
0.0 0.0 0.18 0

1745398357
0.0 0.0 0.18 0

1745398358
0.0 0.0 0.18 0

1745398359
0.0 0.0 0.18 0

1745398360
0.0 0.0 0.18 1851

1745398361
0.0 0.0 0.17 0

1745398362
0.0 0.0 0.17 0

1745398363
0.0 0.0 0.17 892

1745398364
0.0 0.0 0.17 17

1745398365
0.0 0.0 0.17 525

1745398366
0.0 0.0 0.17 0

1745398367
0.0 0.0 0.17 1

1745398368
0.0 0.0 0.17 0

1745398369
0.0 0.0 0.17 0

1745398370
0.0 0.0 0.17 1

1745398371
0.0 0.0 0.17 0

1745398372
0.0 0.0 0.17 0

1745398373
0.0 0.0 0.16 0

1745398374
0.0 0.0 0.16 7

1745398375
0.0 0.0 0.16 0

1745398376
0.0 0.0 0.16 0

1745398377
0.0 0.0 0.16 0

1745398378
0.0 0.0 0.16 0

1745398379
0.0 0.0 0.16 98

1745398380
0.0 0.0 0.16 0

1745398381
0.0 0.0 0.16 0

1745398382
0.0 0.0 0.16 0

1745398383
0.0 0.0 0.16 0

1745398384
0.0 0.0 0.16 0

1745398385
0.0 0.0 0.16 0

1745398386
0.0 0.0 0.16 0

1745398387
0.0 0.0 0.15 0

1745398388
0.0 0.0 0.15 132

1745398389
0.0 0.0 0.15 4

1745398390
0.0 0.0 0.15 69

1745398391
0.0 0.0 0.15 83

1745398392
0.0 0.0 0.15 0

1745398393
0.0 0.0 0.15 0

1745398394
0.0 0.0 0.15 0

1745398395
0.0 0.0 0.15 0

1745398396
0.0 0.0 0.15 0

1745398397
0.0 0.0 0.15 0

1745398398
0.0 0.0 0.15 0

1745398399
0.0 0.0 0.15 0

1745398400
0.0 0.0 0.15 0

1745398401
0.0 0.0 0.14 0

1745398402
0.0 0.0 0.14 0

1745398403
0.0 0.0 0.14 0

1745398404
0.0 0.0 0.14 0

1745398405
0.0 0.0 0.14 1

1745398406
0.0 0.0 0.14 0

1745398407
0.0 0.0 0.14 0

1745398408
0.0 0.0 0.14 1678

1745398409
0.0 0.0 0.14 17

1745398410
0.0 0.0 0.14 0

1745398411
0.0 0.0 0.14 0

1745398412
0.0 0.0 0.14 0

1745398413
0.0 0.0 0.14 0

1745398414
0.0 0.0 0.14 0

1745398415
0.0 0.0 0.14 1811

1745398416
0.0 0.0 0.14 0

1745398417
0.0 0.0 0.13 50

1745398418
0.0 0.0 0.13 0

1745398419
0.0 0.0 0.13 0

1745398420
0.0 0.0 0.13 0

1745398421
0.0 0.0 0.13 0

1745398422
0.0 0.0 0.13 0

1745398423
0.0 0.0 0.13 0

1745398424
0.0 0.0 0.13 0

1745398425
0.0 0.0 0.13 0

1745398426
0.0 0.0 0.13 0

1745398427
0.0 0.0 0.13 0

1745398428
0.0 0.0 0.13 0

1745398429
0.0 0.0 0.13 0

1745398430
0.0 0.0 0.13 0

1745398431
0.0 0.0 0.13 1280

1745398432
0.0 0.0 0.13 0

1745398433
0.0 0.0 0.13 2

1745398434
0.0 0.0 0.13 0

1745398435
0.0 0.0 0.13 0

1745398436
0.0 0.0 0.13 0

1745398437
0.0 0.0 0.12 0

1745398438
0.0 0.0 0.12 0

1745398439
0.0 0.0 0.12 0

1745398440
0.0 0.0 0.12 0

1745398441
0.0 0.0 0.12 0

1745398442
0.0 0.0 0.12 0

1745398443
0.0 0.0 0.12 0

1745398444
0.0 0.0 0.12 1

1745398445
0.0 0.0 0.12 0

1745398446
0.0 0.0 0.12 0

1745398447
0.0 0.0 0.12 0

1745398448
0.0 0.0 0.12 0

1745398449
0.0 0.0 0.12 0

1745398450
0.0 0.0 0.12 0

1745398451
0.0 0.0 0.12 0

1745398452
0.0 0.0 0.12 0

1745398453
0.0 0.0 0.12 0

1745398454
0.0 0.0 0.12 0

1745398455
0.0 0.0 0.12 0

1745398456
0.0 0.0 0.12 0

1745398457
0.0 0.0 0.11 5

1745398458
0.0 0.0 0.11 0

1745398459
0.0 0.0 0.11 0

1745398460
0.0 0.0 0.11 0

1745398461
0.0 0.0 0.11 0

1745398462
0.0 0.0 0.11 3

1745398463
0.0 0.0 0.11 5

1745398464
0.0 0.0 0.11 21

1745398465
0.0 0.0 0.11 51

1745398466
0.0 0.0 0.11 2

1745398467
0.0 0.0 0.11 38

1745398468
0.0 0.0 0.11 82

1745398469
0.0 0.0 0.11 6

1745398470
0.0 0.0 0.11 119

1745398471
0.0 0.0 0.11 1

1745398472
0.0 0.0 0.11 45

1745398473
0.0 0.0 0.11 14

1745398474
0.0 0.0 0.11 21

1745398475
0.0 0.0 0.11 64

1745398476
0.0 0.0 0.11 0

1745398477
0.0 0.0 0.1 1

1745398478
0.0 0.0 0.1 0

1745398479
0.0 0.0 0.1 0

1745398480
0.0 0.0 0.1 2282

1745398481
0.0 0.0 0.1 115

1745398482
0.0 0.0 0.1 0

1745398483
0.0 0.0 0.1 9

1745398484
0.0 0.0 0.1 0

1745398485
0.0 0.0 0.1 238

1745398486
0.0 0.0 0.1 185

1745398487
0.0 0.0 0.1 147

1745398488
0.0 0.0 0.1 48

1745398489
0.0 0.0 0.1 0

1745398490
0.0 0.0 0.1 45

1745398491
0.0 0.0 0.1 188

1745398492
0.0 0.0 0.1 60

1745398493
0.0 0.0 0.1 168

1745398494
0.0 0.0 0.1 1603

1745398495
0.0 0.0 0.1 313

1745398496
0.0 0.0 0.1 236

1745398497
0.0 0.0 0.1 116

1745398498
0.0 0.0 0.1 50

1745398499
0.0 0.0 0.09 97

1745398500
0.0 0.0 0.09 1

1745398501
0.0 0.0 0.09 0

1745398502
0.0 0.0 0.09 1700

1745398503
0.0 0.0 0.09 614

1745398504
0.0 0.0 0.09 0

1745398505
0.0 0.0 0.09 0

1745398506
0.0 0.0 0.09 11

1745398507
0.0 0.0 0.09 0

1745398508
0.0 0.0 0.09 0

1745398509
0.0 0.0 0.09 0

1745398510
0.0 0.0 0.09 0

1745398511
0.0 0.0 0.09 0

1745398512
0.0 0.0 0.09 2683

1745398513
0.0 0.0 0.09 91

1745398514
0.0 0.0 0.09 3617

1745398515
0.0 0.0 0.09 10725

1745398516
0.0 0.0 0.09 0

1745398517
0.0 0.0 0.09 0

1745398518
0.0 0.0 0.09 0

1745398519
0.0 0.0 0.08 723

1745398520
0.0 0.0 0.08 0

1745398521
0.0 0.0 0.08 0

1745398522
0.0 0.0 0.08 0

1745398523
0.0 0.0 0.08 0

1745398524
0.0 0.0 0.08 464

1745398525
0.0 0.0 0.08 14

1745398526
0.0 0.0 0.08 12

1745398527
0.0 0.0 0.08 45

1745398528
0.0 0.0 0.08 0

1745398529
0.0 0.0 0.08 0

1745398530
0.0 0.0 0.08 0

1745398531
0.0 0.0 0.08 0

1745398532
0.0 0.0 0.08 0

1745398533
0.0 0.0 0.08 0

1745398534
0.0 0.0 0.08 13

1745398535
0.0 0.0 0.08 0

1745398536
0.0 0.0 0.08 1

1745398537
0.0 0.0 0.08 0

1745398538
0.0 0.0 0.08 0

1745398539
0.0 0.0 0.07 59

1745398540
0.0 0.0 0.07 0

1745398541
0.0 0.0 0.07 0

1745398542
0.0 0.0 0.07 0

1745398543
0.0 0.0 0.07 1

1745398544
0.0 0.0 0.07 0

1745398545
0.0 0.0 0.07 40

1745398546
0.0 0.0 0.07 1

1745398547
0.0 0.0 0.07 0

1745398548
0.0 0.0 0.07 25

1745398549
0.0 0.0 0.07 0

1745398550
0.0 0.0 0.07 1

1745398551
0.0 0.0 0.07 24

1745398552
0.0 0.0 0.07 19

1745398553
0.0 0.0 0.07 0

1745398554
0.0 0.0 0.07 2

1745398555
0.0 0.0 0.07 5

1745398556
0.0 0.0 0.07 1

1745398557
0.0 0.0 0.07 2

1745398558
0.0 0.0 0.07 4

1745398559
0.0 0.0 0.07 0

1745398560
0.0 0.0 0.07 1

1745398561
0.0 0.0 0.06 0

1745398562
0.0 0.0 0.06 0

1745398563
0.0 0.0 0.06 0

1745398564
0.0 0.0 0.06 0

1745398565
0.0 0.0 0.06 1

1745398566
0.0 0.0 0.06 0

1745398567
0.0 0.0 0.06 0

1745398568
0.0 0.0 0.06 1

1745398569
0.0 0.0 0.06 0

1745398570
0.0 0.0 0.06 0

1745398571
0.0 0.0 0.06 0

1745398572
0.0 0.0 0.06 0

1745398573
0.0 0.0 0.06 0

1745398574
0.0 0.0 0.06 1

1745398575
0.0 0.0 0.06 0

1745398576
0.0 0.0 0.06 0

1745398577
0.0 0.0 0.06 1642

1745398578
0.0 0.0 0.06 32

1745398579
0.0 0.0 0.06 0

1745398580
0.0 0.0 0.06 0

1745398581
0.0 0.0 0.06 57

1745398582
0.0 0.0 0.06 0

1745398583
0.0 0.0 0.06 0

1745398584
0.0 0.0 0.06 0

1745398585
0.0 0.0 0.06 0

1745398586
0.0 0.0 0.06 0

1745398587
0.0 0.0 0.06 33

1745398588
0.0 0.0 0.06 0

1745398589
0.0 0.0 0.06 0

1745398590
0.0 0.0 0.06 0

1745398591
0.0 0.0 0.06 0

1745398592
0.0 0.0 0.06 1

1745398593
0.0 0.0 0.06 0

1745398594
0.0 0.0 0.06 0

1745398595
0.0 0.0 0.06 0

1745398596
0.0 0.0 0.06 0

1745398597
0.0 0.0 0.06 1

1745398598
0.0 0.0 0.06 0

1745398599
0.0 0.0 0.06 1

1745398600
0.0 0.0 0.06 0

1745398601
0.0 0.0 0.06 0

1745398602
0.0 0.0 0.06 1

1745398603
0.0 0.0 0.05 71

1745398604
0.0 0.0 0.05 158

1745398605
0.0 0.0 0.05 0

1745398606
0.0 0.0 0.05 9

1745398607
0.0 0.0 0.05 0

1745398608
0.0 0.0 0.05 1565

1745398609
0.0 0.0 0.05 117

1745398610
0.0 0.0 0.05 0

1745398611
0.0 0.0 0.05 65

1745398612
0.0 0.0 0.05 0

1745398613
0.0 0.0 0.05 0

1745398614
0.0 0.0 0.05 0

1745398615
0.0 0.0 0.05 0

1745398616
0.0 0.0 0.05 0

1745398617
0.0 0.0 0.05 0

1745398618
0.0 0.0 0.05 445

1745398619
0.0 0.0 0.05 0

1745398620
0.0 0.0 0.05 42

1745398621
0.0 0.0 0.05 23

1745398622
0.0 0.0 0.05 0

1745398623
0.0 0.0 0.05 0

1745398624
0.0 0.0 0.05 0

1745398625
0.0 0.0 0.05 0

1745398626
0.0 0.0 0.05 1

1745398627
0.0 0.0 0.05 0

1745398628
0.0 0.0 0.05 0

1745398629
0.0 0.0 0.05 0

1745398630
0.0 0.0 0.05 0

1745398631
0.0 0.0 0.05 297

1745398632
0.0 0.0 0.05 36

1745398633
0.0 0.0 0.05 18

1745398634
0.0 0.0 0.05 51

1745398635
0.0 0.0 0.05 193

1745398636
0.0 0.0 0.05 1

1745398637
0.0 0.0 0.05 277

1745398638
0.0 0.0 0.05 31

1745398639
0.0 0.0 0.05 27

1745398640
0.0 0.0 0.05 0

1745398641
0.0 0.0 0.05 3

1745398642
0.0 0.0 0.05 45

1745398643
0.0 0.0 0.04 2

1745398644
0.0 0.0 0.04 0

1745398645
0.0 0.0 0.04 0

1745398646
0.0 0.0 0.04 2786

1745398647
0.0 0.0 0.04 4569

1745398648
0.0 0.0 0.04 119

1745398649
0.0 0.0 0.04 0

1745398650
0.0 0.0 0.04 0

1745398651
0.0 0.0 0.04 0

1745398652
0.0 0.0 0.04 0

1745398653
0.0 0.0 0.04 0

1745398654
0.0 0.0 0.04 0

1745398655
0.0 0.0 0.04 0

1745398656
0.0 0.0 0.04 124

1745398657
0.0 0.0 0.04 241

1745398658
0.0 0.0 0.04 23

1745398659
0.0 0.0 0.04 344

1745398660
0.0 0.0 0.04 0

1745398661
0.0 0.0 0.04 1

1745398662
0.0 0.0 0.04 0

1745398663
0.0 0.0 0.04 212

1745398664
0.0 0.0 0.04 0

1745398665
0.0 0.0 0.04 172

1745398666
0.0 0.0 0.04 0

1745398667
0.0 0.0 0.04 0

1745398668
0.0 0.0 0.04 0

1745398669
0.0 0.0 0.04 0

1745398670
0.0 0.0 0.04 0

1745398671
0.0 0.0 0.04 0

1745398672
0.0 0.0 0.04 1

1745398673
0.0 0.0 0.04 23

1745398674
0.0 0.0 0.04 0

1745398675
0.0 0.0 0.04 0

1745398676
0.0 0.0 0.04 1

1745398677
0.0 0.0 0.04 236

1745398678
0.0 0.0 0.04 98

1745398679
0.0 0.0 0.04 319

1745398680
0.0 0.0 0.04 756

1745398681
0.0 0.0 0.04 182

1745398683
0.0 0.0 0.04 5

1745398684
0.0 0.0 0.04 21

1745398685
0.0 0.0 0.03 148

1745398686
0.0 0.0 0.03 152

1745398687
0.0 0.0 0.03 0

1745398688
0.0 0.0 0.03 40

1745398689
0.0 0.0 0.03 21

1745398690
0.0 0.0 0.03 0

1745398691
0.0 0.0 0.03 1

1745398692
0.0 0.0 0.03 0

1745398693
0.0 0.0 0.03 0

1745398694
0.0 0.0 0.03 0

1745398695
0.0 0.0 0.03 0

1745398696
0.0 0.0 0.03 49

1745398697
0.0 0.0 0.03 51

1745398698
0.0 0.0 0.03 26

1745398699
0.0 0.0 0.03 0

1745398700
0.0 0.0 0.03 0

1745398701
0.0 0.0 0.03 0

1745398702
0.0 0.0 0.03 31

1745398703
0.0 0.0 0.03 87

1745398704
0.0 0.0 0.03 71

1745398705
0.0 0.0 0.03 256

1745398706
0.0 0.0 0.03 0

1745398707
0.0 0.0 0.03 2

1745398708
0.0 0.0 0.03 0

1745398709
0.0 0.0 0.03 0

1745398710
0.0 0.0 0.03 0

1745398711
0.0 0.0 0.03 151

1745398712
0.0 0.0 0.03 0

1745398713
0.0 0.0 0.03 0

1745398714
0.0 0.0 0.03 0

1745398715
0.0 0.0 0.03 0

1745398716
0.0 0.0 0.03 0

1745398717
0.0 0.0 0.03 0

1745398718
0.0 0.0 0.03 0

1745398719
0.0 0.0 0.03 1

1745398720
0.0 0.0 0.03 119

1745398721
0.0 0.0 0.03 17

1745398722
0.0 0.0 0.03 0

1745398723
0.0 0.0 0.03 0

1745398724
0.0 0.0 0.03 0

1745398725
0.0 0.0 0.02 0

1745398726
0.0 0.0 0.02 0

1745398727
0.0 0.0 0.02 0

1745398728
0.0 0.0 0.02 0

1745398729
0.0 0.0 0.02 10

1745398730
0.0 0.0 0.02 105

1745398731
0.0 0.0 0.02 0

1745398732
0.0 0.0 0.02 0

1745398733
0.0 0.0 0.02 0

1745398734
0.0 0.0 0.02 26

1745398735
0.0 0.0 0.02 0

1745398736
0.0 0.0 0.02 0

1745398737
0.0 0.0 0.02 132

1745398738
0.0 0.0 0.02 0

1745398739
0.0 0.0 0.02 2203

1745398740
0.0 0.0 0.02 0

1745398741
0.0 0.0 0.02 0

1745398742
0.0 0.0 0.02 0

1745398743
0.0 0.0 0.02 0

1745398744
0.0 0.0 0.02 0

1745398745
0.0 0.0 0.02 51

1745398746
0.0 0.0 0.02 12

1745398747
0.0 0.0 0.02 196

1745398748
0.0 0.0 0.02 302

1745398749
0.0 0.0 0.02 371

1745398750
0.0 0.0 0.02 1249

1745398751
0.0 0.0 0.02 202

1745398752
0.0 0.0 0.02 0

1745398753
0.0 0.0 0.02 31

1745398754
0.0 0.0 0.02 126

1745398755
0.0 0.0 0.02 181

1745398756
0.0 0.0 0.02 129

1745398757
0.0 0.0 0.02 108

1745398758
0.0 0.0 0.02 271

1745398759
0.0 0.0 0.02 60

1745398760
0.0 0.0 0.02 54

1745398761
0.0 0.0 0.02 38

1745398762
0.0 0.0 0.02 75

1745398763
0.0 0.0 0.02 52

1745398764
0.0 0.0 0.02 342

1745398765
0.0 0.0 0.02 817

1745398766
0.0 0.0 0.02 109

1745398767
0.0 0.0 0.01 135

1745398768
0.0 0.0 0.01 281

1745398769
0.0 0.0 0.01 169

1745398770
0.0 0.0 0.01 127

1745398771
0.0 0.0 0.01 0

1745398772
0.0 0.0 0.01 70

1745398773
0.0 0.0 0.01 0

1745398774
0.0 0.0 0.01 0

1745398776
0.0 0.0 0.01 2

1745398777
0.0 0.0 0.01 3

1745398778
0.0 0.0 0.01 0

1745398779
0.0 0.0 0.01 1

1745398780
0.0 0.0 0.01 0

1745398781
0.0 0.0 0.01 0

1745398782
0.0 0.0 0.01 0

1745398783
0.0 0.0 0.01 0

1745398784
0.0 0.0 0.01 0

1745398785
0.0 0.0 0.01 0

1745398786
0.0 0.0 0.01 1

1745398787
0.0 0.0 0.01 0

1745398788
0.0 0.0 0.01 1

1745398789
0.0 0.0 0.01 228

1745398790
0.0 0.0 0.01 258

1745398791
0.0 0.0 0.01 0

1745398792
0.0 0.0 0.01 0

1745398793
0.0 0.0 0.01 0

1745398794
0.0 0.0 0.01 4

1745398795
0.0 0.0 0.01 214

1745398796
0.0 0.0 0.01 153

1745398797
0.0 0.0 0.01 322

1745398798
0.0 0.0 0.01 1

1745398799
0.0 0.0 0.01 122

1745398800
0.0 0.0 0.01 170

1745398801
0.0 0.0 0.01 0

1745398802
0.0 0.0 0.01 1567

1745398803
0.0 0.0 0.01 44

1745398804
0.0 0.0 0.01 374

1745398805
0.0 0.0 0.01 133

1745398806
0.0 0.0 0.01 140

1745398807
0.0 0.0 0.0 0

1745398808
0.0 0.0 0.0 258

1745398809
0.0 0.0 0.0 217

1745398810
0.0 0.0 0.0 1

1745398811
0.0 0.0 0.0 0

1745398812
0.0 0.0 0.0 0

1745398813
0.0 0.0 0.0 0

1745398814
0.0 0.0 0.0 0

1745398815
0.0 0.0 0.0 0

1745398816
0.0 0.0 0.0 0

1745398817
0.0 0.0 0.0 63

1745398818
0.0 0.0 0.0 1

1745398819
0.0 0.0 0.0 0

1745398820
0.0 0.0 0.0 847

1745398821
0.0 0.0 0.0 1650

1745398822
0.0 0.0 0.0 0

1745398823
0.0 0.0 0.0 1

1745398824
0.0 0.0 0.0 1

1745398825
0.0 0.0 0.0 0

1745398826
0.0 0.0 0.0 0

1745398827
0.0 0.0 0.0 0

1745398828
0.0 0.0 0.0 1

1745398829
0.0 0.0 0.0 0

1745398830
0.0 0.0 0.0 0

1745398831
0.0 0.0 0.0 5

1745398832
0.0 0.0 0.0 0

1745398833
0.0 0.0 0.0 132

1745398834
0.0 0.0 0.0 2469

1745398835
0.0 0.0 0.0 2748

1745398836
0.0 0.0 0.0 6696

1745398837
0.0 0.0 0.0 979

1745398838
0.0 0.0 0.0 4576

1745398839
0.0 0.0 0.0 0

1745398840
0.0 0.0 0.0 0

1745398841
0.0 0.0 0.0 1

1745398842
0.0 0.0 0.0 0

1745398843
0.0 0.0 0.0 0

1745398844
0.0 0.0 0.0 53

1745398845
0.0 0.0 0.0 121

1745398846
0.0 0.0 0.0 0

1745398847
0.0 0.0 0.0 16

1745398848
0.0 0.0 0.0 0

1745398849
0.0 0.0 0.0 130

1745398850
0.0 0.0 0.0 0

1745398851
0.0 0.0 0.0 0

1745398852
0.0 0.0 0.0 137

1745398853
0.0 0.0 0.0 99

1745398854
0.0 0.0 0.0 28

1745398855
0.0 0.0 0.0 76

1745398856
0.0 0.0 0.0 0

1745398857
0.0 0.0 0.0 25

1745398858
0.0 0.0 0.0 0

1745398859
0.0 0.0 0.0 0

1745398860
0.0 0.0 0.0 0

1745398861
0.0 0.0 0.0 0

1745398862
0.0 0.0 0.0 0

1745398863
0.0 0.0 0.0 1

1745398864
0.0 0.0 0.0 0

1745398865
0.0 0.0 0.0 1

1745398866
0.0 0.0 0.0 0

1745398867
0.0 0.0 0.0 1

1745398868
0.0 0.0 0.0 0

1745398869
0.0 0.0 0.0 0

1745398870
0.0 0.0 0.0 1

1745398871
0.0 0.0 0.0 0

1745398872
0.0 0.0 0.0 1

1745398873
0.0 0.0 0.0 0

1745398874
0.0 0.0 0.0 1

1745398875
0.0 0.0 0.0 0

1745398877
0.0 0.0 0.0 0

1745398878
0.0 0.0 0.0 27

1745398879
0.0 0.0 0.0 31

1745398880
0.0 0.0 0.0 12

1745398881
0.0 0.0 0.0 1

1745398882
0.0 0.0 0.0 0

1745398883
0.0 0.0 0.0 0

1745398884
0.0 0.0 0.0 0

1745398885
0.0 0.0 0.0 494

1745398886
0.0 0.0 0.0 36

1745398887
0.0 0.0 0.0 916

1745398888
0.0 0.0 0.0 0

1745398889
0.0 0.0 0.0 0

1745398890
0.0 0.0 0.0 0

1745398891
0.0 0.0 0.0 0

1745398892
0.0 0.0 0.0 0

1745398893
0.0 0.0 0.0 0

1745398894
0.0 0.0 0.0 0

1745398895
0.0 0.0 0.0 75

1745398896
0.0 0.0 0.0 19

1745398897
0.0 0.0 0.0 0

1745398898
0.0 0.0 0.0 0

1745398899
0.0 0.0 0.0 0

1745398900
0.0 0.0 0.0 0

1745398901
0.0 0.0 0.0 0

1745398902
0.0 0.0 0.0 0

1745398903
0.0 0.0 0.0 0

1745398904
0.0 0.0 0.0 354

1745398905
0.0 0.0 0.0 9856

1745398906
0.0 0.0 0.0 199

1745398907
0.0 0.0 0.0 0

1745398908
0.0 0.0 0.0 0

1745398909
0.0 0.0 0.0 2727

1745398910
0.0 0.0 0.0 595

1745398911
0.0 0.0 0.0 0

1745398912
0.0 0.0 0.0 0

1745398913
0.0 0.0 0.0 0

1745398914
0.0 0.0 0.0 0

1745398915
0.0 0.0 0.0 0

1745398916
0.0 0.0 0.0 0

1745398917
0.0 0.0 0.0 0

1745398918
0.0 0.0 0.0 0

1745398919
0.0 0.0 0.0 118

1745398920
0.0 0.0 0.0 97

1745398921
0.0 0.0 0.0 94

1745398922
0.0 0.0 0.0 198

1745398923
0.0 0.0 0.0 162

1745398924
0.0 0.0 0.0 95

1745398925
0.0 0.0 0.0 44

1745398926
0.0 0.0 0.0 94

1745398927
0.0 0.0 0.0 94

1745398928
0.0 0.0 0.0 94

1745398929
0.0 0.0 0.0 93

1745398930
0.0 0.0 0.0 53

1745398931
0.0 0.0 0.0 38

1745398932
0.0 0.0 0.0 0

1745398933
0.0 0.0 0.0 0

1745398934
0.0 0.0 0.0 59

1745398935
0.0 0.0 0.0 65

1745398936
0.0 0.0 0.0 51

1745398937
0.0 0.0 0.0 8

1745398938
0.0 0.0 0.0 1

1745398939
0.0 0.0 0.0 2

1745398940
0.0 0.0 0.0 37

1745398941
0.0 0.0 0.0 0

1745398942
0.0 0.0 0.0 0

1745398943
0.0 0.0 0.0 0

1745398944
0.0 0.0 0.0 217

1745398945
0.0 0.0 0.0 61

1745398946
0.0 0.0 0.0 0

1745398947
0.0 0.0 0.0 0

1745398948
0.0 0.0 0.0 0

1745398949
0.0 0.0 0.0 1

1745398950
0.0 0.0 0.0 87

1745398951
0.0 0.0 0.0 579

1745398952
0.0 0.0 0.0 318

1745398953
0.0 0.0 0.0 441

1745398954
0.0 0.0 0.0 510

1745398955
0.0 0.0 0.0 206

1745398956
0.0 0.0 0.0 133

1745398957
0.0 0.0 0.0 0

1745398958
0.0 0.0 0.0 21

1745398959
0.0 0.0 0.0 16

1745398960
0.0 0.0 0.0 0

1745398961
0.0 0.0 0.0 14

1745398962
0.0 0.0 0.0 74

1745398963
0.0 0.0 0.0 3

1745398964
0.0 0.0 0.0 85

1745398965
0.0 0.0 0.0 0

1745398966
0.0 0.0 0.0 106

1745398967
0.0 0.0 0.0 12

1745398968
0.0 0.0 0.0 74

1745398969
0.0 0.0 0.0 1193

1745398970
0.0 0.0 0.0 8

1745398971
0.0 0.0 0.0 167

1745398972
0.0 0.0 0.0 0

1745398973
0.0 0.0 0.0 13

1745398974
0.0 0.0 0.0 4

1745398975
0.0 0.0 0.0 12

1745398976
0.0 0.0 0.0 0

1745398977
0.0 0.0 0.0 0

1745398978
0.0 0.0 0.0 0

1745398979
0.0 0.0 0.0 0

1745398980
0.0 0.0 0.0 0

1745398981
0.0 0.0 0.0 1535

1745398982
0.0 0.0 0.0 139

1745398983
0.0 0.0 0.0 146

1745398984
0.0 0.0 0.0 168

1745398985
0.0 0.0 0.0 1

1745398986
0.0 0.0 0.0 0

1745398987
0.0 0.0 0.0 1

1745398988
0.0 0.0 0.0 0

1745398989
0.0 0.0 0.0 73

1745398990
0.0 0.0 0.0 56

1745398991
0.0 0.0 0.0 504

1745398992
0.0 0.0 0.0 29

1745398993
0.0 0.0 0.0 1

1745398994
0.0 0.0 0.0 5

1745398995
0.0 0.0 0.0 0

1745398996
0.0 0.0 0.0 0

1745398997
0.0 0.0 0.0 72

1745398998
0.0 0.0 0.0 6

1745398999
0.0 0.0 0.0 1

1745399000
0.0 0.0 0.0 0

1745399001
0.0 0.0 0.0 0

1745399002
0.0 0.0 0.0 0

1745399003
0.0 0.0 0.0 81

1745399004
0.0 0.0 0.0 64

1745399005
0.0 0.0 0.0 73

1745399006
0.0 0.0 0.0 68

1745399007
0.0 0.0 0.0 0

1745399008
0.0 0.0 0.0 42

1745399009
0.0 0.0 0.0 0

1745399010
0.0 0.0 0.0 0

1745399011
0.0 0.0 0.0 0

1745399012
0.0 0.0 0.0 35

1745399013
0.0 0.0 0.0 0

1745399014
0.0 0.0 0.0 0

1745399015
0.0 0.0 0.0 0

1745399016
0.0 0.0 0.0 0

1745399017
0.0 0.0 0.0 0

1745399018
0.0 0.0 0.0 0

1745399019
0.0 0.0 0.0 0

1745399020
0.0 0.0 0.0 0

1745399021
0.0 0.0 0.0 0

1745399022
0.0 0.0 0.0 36

1745399023
0.0 0.0 0.0 327

1745399024
0.0 0.0 0.0 14

1745399025
0.0 0.0 0.0 218

1745399026
0.0 0.0 0.0 231

1745399027
0.0 0.0 0.0 715

1745399028
0.0 0.0 0.0 38

1745399029
0.0 0.0 0.0 18

1745399031
0.0 0.0 0.0 1

1745399033
0.0 0.0 0.0 2

1745399034
0.0 0.0 0.0 1

1745399035
0.0 0.0 0.0 0

1745399036
0.0 0.0 0.0 0

1745399037
0.0 0.0 0.0 16

1745399038
0.0 0.0 0.0 54

1745399039
0.0 0.0 0.0 0

1745399040
0.0 0.0 0.0 0

1745399041
0.0 0.0 0.0 0

1745399042
0.0 0.0 0.0 93

1745399043
0.0 0.0 0.0 50

1745399044
0.0 0.0 0.0 88

1745399045
0.0 0.0 0.0 40

1745399046
0.0 0.0 0.0 0

1745399047
0.0 0.0 0.0 0

1745399048
0.0 0.0 0.0 0

1745399049
0.0 0.0 0.0 2

1745399050
0.0 0.0 0.0 1

1745399051
0.0 0.0 0.0 0

1745399052
0.0 0.0 0.0 0

1745399053
0.0 0.0 0.0 0

1745399054
0.0 0.0 0.0 0

1745399055
0.0 0.0 0.0 1955

1745399056
0.0 0.0 0.0 0

1745399057
0.0 0.0 0.0 0

1745399058
0.0 0.0 0.0 0

1745399059
0.0 0.0 0.0 341

1745399060
0.0 0.0 0.0 284

1745399061
0.0 0.0 0.0 108

1745399062
0.0 0.0 0.0 386

1745399063
0.0 0.0 0.0 474

1745399064
0.0 0.0 0.0 26

1745399065
0.0 0.0 0.0 60

1745399066
0.0 0.0 0.0 1312

1745399067
0.0 0.0 0.0 2530

1745399068
0.0 0.0 0.0 1

1745399069
0.0 0.0 0.0 2

1745399070
0.0 0.0 0.0 4

1745399071
0.0 0.0 0.0 0

1745399072
0.0 0.0 0.0 0

1745399073
0.0 0.0 0.0 0

1745399074
0.0 0.0 0.0 0

1745399075
0.0 0.0 0.0 0

1745399076
0.0 0.0 0.0 0

1745399077
0.0 0.0 0.0 0

1745399078
0.0 0.0 0.0 0

1745399079
0.0 0.0 0.0 117

1745399080
0.0 0.0 0.0 28

1745399081
0.0 0.0 0.0 0

1745399082
0.0 0.0 0.0 1

1745399083
0.0 0.0 0.0 0

1745399084
0.0 0.0 0.0 0

1745399085
0.0 0.0 0.0 0

1745399086
0.0 0.0 0.0 0

1745399087
0.0 0.0 0.0 0

1745399088
0.0 0.0 0.0 0

1745399089
0.0 0.0 0.0 0

1745399090
0.0 0.0 0.0 0

1745399091
0.0 0.0 0.0 0

1745399092
0.0 0.0 0.0 0

1745399093
0.0 0.0 0.0 0

1745399094
0.0 0.0 0.0 132

1745399095
0.0 0.0 0.0 0

1745399096
0.0 0.0 0.0 0

1745399097
0.0 0.0 0.0 0

1745399098
0.0 0.0 0.0 0

1745399099
0.0 0.0 0.0 0

1745399100
0.0 0.0 0.0 0

1745399101
0.0 0.0 0.0 0

1745399102
0.0 0.0 0.0 0

1745399103
0.0 0.0 0.0 114

1745399104
0.0 0.0 0.0 317

1745399105
0.0 0.0 0.0 121

1745399106
0.0 0.0 0.0 11

1745399107
0.0 0.0 0.0 192

1745399108
0.0 0.0 0.0 131

1745399109
0.0 0.0 0.0 76

1745399110
0.0 0.0 0.0 107

1745399111
0.0 0.0 0.0 26

1745399112
0.0 0.0 0.0 87

1745399113
0.0 0.0 0.0 76

1745399114
0.0 0.0 0.0 0

1745399115
0.0 0.0 0.0 109

1745399116
0.0 0.0 0.0 0

1745399117
0.0 0.0 0.0 0

1745399118
0.0 0.0 0.0 2

1745399119
0.0 0.0 0.0 3

1745399120
0.0 0.0 0.0 8

1745399121
0.0 0.0 0.0 2

1745399122
0.0 0.0 0.0 25

1745399123
0.0 0.0 0.0 261

1745399124
0.0 0.0 0.0 263

1745399125
0.0 0.0 0.0 92

1745399126
0.0 0.0 0.0 342

1745399127
0.0 0.0 0.0 291

1745399128
0.0 0.0 0.0 193

1745399129
0.0 0.0 0.0 39

1745399130
0.0 0.0 0.0 117

1745399131
0.0 0.0 0.0 0

1745399132
0.0 0.0 0.0 125

1745399133
0.0 0.0 0.0 49

1745399134
0.0 0.0 0.0 45

1745399135
0.0 0.0 0.0 572

1745399136
0.0 0.0 0.0 93

1745399137
0.0 0.0 0.0 189

1745399138
0.0 0.0 0.0 2532

1745399139
0.0 0.0 0.0 1703

1745399140
0.0 0.0 0.0 0

1745399141
0.0 0.0 0.0 0

1745399142
0.0 0.0 0.0 0

1745399143
0.0 0.0 0.0 0

1745399144
0.0 0.0 0.0 0

1745399145
0.0 0.0 0.0 0

1745399146
0.0 0.0 0.0 0

1745399147
0.0 0.0 0.0 182

1745399148
0.0 0.0 0.0 456

1745399149
0.0 0.0 0.0 174

1745399150
0.0 0.0 0.0 0

1745399151
0.0 0.0 0.0 102

1745399152
0.0 0.0 0.0 29

1745399153
0.0 0.0 0.0 19

1745399154
0.0 0.0 0.0 0

1745399155
0.0 0.0 0.0 0

1745399156
0.0 0.0 0.0 9

1745399157
0.0 0.0 0.0 10

1745399158
0.0 0.0 0.0 0

1745399159
0.0 0.0 0.0 580

1745399160
0.0 0.0 0.0 477

1745399161
0.0 0.0 0.0 5

1745399162
0.0 0.0 0.0 0

1745399163
0.0 0.0 0.0 1

1745399164
0.0 0.0 0.0 3

1745399165
0.0 0.0 0.0 78

1745399166
0.0 0.0 0.0 397

1745399167
0.0 0.0 0.0 455

1745399168
0.0 0.0 0.0 238

1745399169
0.0 0.0 0.0 10

1745399170
0.0 0.0 0.0 6

1745399171
0.0 0.0 0.0 0

1745399172
0.0 0.0 0.0 0

1745399173
0.0 0.0 0.0 0

1745399174
0.0 0.0 0.0 78

1745399175
0.0 0.0 0.0 30

1745399176
0.0 0.0 0.0 0

1745399177
0.0 0.0 0.0 0

1745399178
0.0 0.0 0.0 44

1745399179
0.0 0.0 0.0 0

1745399180
0.0 0.0 0.0 2

1745399181
0.0 0.0 0.0 3

1745399182
0.0 0.0 0.0 2

1745399183
0.0 0.0 0.0 0

1745399184
0.0 0.0 0.0 0

1745399185
0.0 0.0 0.0 0

1745399186
0.0 0.0 0.0 673

1745399187
0.0 0.0 0.0 0

1745399188
0.0 0.0 0.0 0

1745399189
0.0 0.0 0.0 418

1745399190
0.0 0.0 0.0 166

1745399191
0.0 0.0 0.0 5180

1745399192
0.0 0.0 0.0 0

1745399193
0.0 0.0 0.0 0

1745399194
0.0 0.0 0.0 0

1745399195
0.0 0.0 0.0 0

1745399196
0.0 0.0 0.0 0

1745399197
0.0 0.0 0.0 0

1745399198
0.0 0.0 0.0 0

1745399199
0.0 0.0 0.0 0

1745399200
0.0 0.0 0.0 65

1745399201
0.0 0.0 0.0 135

1745399202
0.0 0.0 0.0 33

1745399203
0.0 0.0 0.0 30

1745399204
0.0 0.0 0.0 72

1745399205
0.0 0.0 0.0 45

1745399206
0.0 0.0 0.0 2

1745399207
0.0 0.0 0.0 42

1745399208
0.0 0.0 0.0 135

1745399209
0.0 0.0 0.0 13

1745399210
0.0 0.0 0.0 35

1745399211
0.0 0.0 0.0 0

1745399212
0.0 0.0 0.0 4

1745399213
0.0 0.0 0.0 14

1745399214
0.0 0.0 0.0 7

1745399215
0.0 0.0 0.0 0

1745399216
0.0 0.0 0.0 0

1745399217
0.0 0.0 0.0 1

1745399218
0.0 0.0 0.0 0

1745399219
0.0 0.0 0.0 0

1745399220
0.0 0.0 0.0 0

1745399221
0.0 0.0 0.0 0

1745399222
0.0 0.0 0.0 0

1745399223
0.0 0.0 0.0 0

1745399224
0.0 0.0 0.0 0

1745399225
0.0 0.0 0.0 192

1745399226
0.0 0.0 0.0 285

1745399227
0.0 0.0 0.0 12

1745399228
0.0 0.0 0.0 72

1745399229
0.0 0.0 0.0 6

1745399230
0.0 0.0 0.0 0

1745399231
0.0 0.0 0.0 71

1745399232
0.0 0.0 0.0 19

1745399233
0.0 0.0 0.0 26

1745399234
0.0 0.0 0.0 2

1745399235
0.0 0.0 0.0 17

1745399236
0.0 0.0 0.0 0

1745399237
0.0 0.0 0.0 0

1745399238
0.0 0.0 0.0 1389

1745399239
0.0 0.0 0.0 36

1745399240
0.0 0.0 0.0 0

1745399241
0.0 0.0 0.0 0

1745399242
0.0 0.0 0.0 0

1745399243
0.0 0.0 0.0 0

1745399244
0.0 0.0 0.0 2

1745399245
0.0 0.0 0.0 0

1745399246
0.0 0.0 0.0 829

1745399247
0.0 0.0 0.0 0

1745399248
0.0 0.0 0.0 0

1745399249
0.0 0.0 0.0 57

1745399250
0.0 0.0 0.0 1

1745399251
0.0 0.0 0.0 0

1745399252
0.0 0.0 0.0 0

1745399253
0.0 0.0 0.0 1352

1745399254
0.0 0.0 0.0 12

1745399255
0.0 0.0 0.0 13

1745399256
0.0 0.0 0.0 63

1745399257
0.0 0.0 0.0 0

1745399258
0.0 0.0 0.0 222

1745399259
0.0 0.0 0.0 401

1745399260
0.0 0.0 0.0 0

1745399261
0.0 0.0 0.0 0

1745399262
0.0 0.0 0.0 0

1745399263
0.0 0.0 0.0 0

1745399264
0.0 0.0 0.0 0

1745399265
0.0 0.0 0.0 0

1745399266
0.0 0.0 0.0 0

1745399267
0.0 0.0 0.0 0

1745399268
0.0 0.0 0.0 0

1745399269
0.0 0.0 0.0 0

1745399270
0.0 0.0 0.0 0

1745399271
0.0 0.0 0.0 0

1745399272
0.0 0.0 0.0 0

1745399273
0.0 0.0 0.0 0

1745399274
0.0 0.0 0.0 0

1745399275
0.0 0.0 0.0 0

1745399276
0.0 0.0 0.0 0

1745399277
0.0 0.0 0.0 0

1745399278
0.0 0.0 0.0 42

1745399279
0.0 0.0 0.0 0

1745399280
0.0 0.0 0.0 0

1745399281
0.0 0.0 0.0 0

1745399282
0.0 0.0 0.0 0

1745399283
0.0 0.0 0.0 0

1745399284
0.0 0.0 0.0 0

1745399285
0.0 0.0 0.0 0

1745399286
0.0 0.0 0.0 14

1745399287
0.0 0.0 0.0 2

1745399288
0.0 0.0 0.0 78

1745399289
0.0 0.0 0.0 0

1745399290
0.0 0.0 0.0 0

1745399291
0.0 0.0 0.0 0

1745399292
0.0 0.0 0.0 0

1745399293
0.0 0.0 0.0 644

1745399294
0.0 0.0 0.0 0

1745399295
0.0 0.0 0.0 0

1745399296
0.0 0.0 0.0 0

1745399297
0.0 0.0 0.0 0

1745399298
0.0 0.0 0.0 0

1745399299
0.0 0.0 0.0 0

1745399300
0.0 0.0 0.0 0

1745399301
0.0 0.0 0.0 0

1745399302
0.0 0.0 0.0 0

1745399303
0.0 0.0 0.0 108

1745399304
0.0 0.0 0.0 0

1745399305
0.0 0.0 0.0 0

1745399306
0.0 0.0 0.0 0

1745399307
0.0 0.0 0.0 0

1745399308
0.0 0.0 0.0 0

1745399309
0.0 0.0 0.0 0

1745399310
0.0 0.0 0.0 0

1745399311
0.0 0.0 0.0 0

1745399312
0.0 0.0 0.0 0

1745399313
0.0 0.0 0.0 0

1745399314
0.0 0.0 0.0 1601

1745399315
0.0 0.0 0.0 281

1745399316
0.0 0.0 0.0 1

1745399317
0.0 0.0 0.0 0

1745399318
0.0 0.0 0.0 0

1745399319
0.0 0.0 0.0 365

1745399320
0.0 0.0 0.0 0

1745399321
0.0 0.0 0.0 0

1745399322
0.0 0.0 0.0 0

1745399323
0.0 0.0 0.0 0

1745399324
0.0 0.0 0.0 0

1745399325
0.0 0.0 0.0 0

1745399326
0.0 0.0 0.0 0

1745399327
0.0 0.0 0.0 0

1745399328
0.0 0.0 0.0 0

1745399329
0.0 0.0 0.0 0

1745399330
0.0 0.0 0.0 0

1745399331
0.0 0.0 0.0 0

1745399332
0.0 0.0 0.0 0

1745399333
0.0 0.0 0.0 0

1745399334
0.0 0.0 0.0 0

1745399335
0.0 0.0 0.0 0

1745399336
0.0 0.0 0.0 0

1745399337
0.0 0.0 0.0 0

1745399338
0.0 0.0 0.0 0

1745399339
0.0 0.0 0.0 0

1745399340
0.0 0.0 0.0 0

1745399341
0.0 0.0 0.0 0

1745399342
0.0 0.0 0.0 0

1745399343
0.0 0.0 0.0 0

1745399344
0.0 0.0 0.0 0

1745399345
0.0 0.0 0.0 0

1745399346
0.0 0.0 0.0 0

1745399347
0.0 0.0 0.0 0

1745399348
0.0 0.0 0.0 0

1745399349
0.0 0.0 0.0 0

1745399350
0.0 0.0 0.0 0

1745399351
0.0 0.0 0.0 0

1745399352
0.0 0.0 0.0 0

1745399353
0.0 0.0 0.0 0

1745399354
0.0 0.0 0.0 1

1745399355
0.0 0.0 0.0 0

1745399356
0.0 0.0 0.0 0

1745399357
0.0 0.0 0.0 0

1745399358
0.0 0.0 0.0 0

1745399359
0.0 0.0 0.0 0

1745399360
0.0 0.0 0.0 0

1745399361
0.0 0.0 0.0 0

1745399362
0.0 0.0 0.0 0

1745399363
0.0 0.0 0.0 0

1745399364
0.0 0.0 0.0 0

1745399365
0.0 0.0 0.0 0

1745399367
0.0 0.0 0.0 0

1745399368
0.0 0.0 0.0 0

1745399369
0.0 0.0 0.0 0

1745399370
0.0 0.0 0.0 0

1745399371
0.0 0.0 0.0 0

1745399372
0.0 0.0 0.0 0

1745399373
0.0 0.0 0.0 0

1745399374
0.0 0.0 0.0 0

1745399375
0.0 0.0 0.0 0

1745399376
0.0 0.0 0.0 0

1745399377
0.0 0.0 0.0 0

1745399378
0.0 0.0 0.0 0

1745399379
0.0 0.0 0.0 0

1745399380
0.0 0.0 0.0 0

1745399381
0.0 0.0 0.0 0

1745399382
0.0 0.0 0.0 0

1745399383
0.0 0.0 0.0 0

1745399384
0.0 0.0 0.0 1

1745399385
0.0 0.0 0.0 0

1745399386
0.0 0.0 0.0 0

1745399387
0.0 0.0 0.0 0

1745399388
0.0 0.0 0.0 0

1745399389
0.0 0.0 0.0 0

1745399390
0.0 0.0 0.0 0

1745399391
0.0 0.0 0.0 0

1745399392
0.0 0.0 0.0 0

1745399393
0.0 0.0 0.0 0

1745399394
0.0 0.0 0.0 0

1745399395
0.0 0.0 0.0 0

1745399396
0.0 0.0 0.0 0

1745399397
0.0 0.0 0.0 0

1745399398
0.0 0.0 0.0 0

1745399399
0.0 0.0 0.0 0

1745399400
0.0 0.0 0.0 0

1745399401
0.0 0.0 0.0 0

1745399402
0.0 0.0 0.0 0

1745399403
0.0 0.0 0.0 139

1745399404
0.0 0.0 0.0 0

1745399405
0.0 0.0 0.0 0

1745399406
0.0 0.0 0.0 0

1745399407
0.0 0.0 0.0 0

1745399408
0.0 0.0 0.0 0

1745399409
0.0 0.0 0.0 0

1745399410
0.0 0.0 0.0 0

1745399411
0.0 0.0 0.0 0

1745399412
0.0 0.0 0.0 0

1745399414
0.0 0.0 0.0 0

1745399415
0.0 0.0 0.0 0

1745399416
0.0 0.0 0.0 0

1745399417
0.0 0.0 0.0 1

1745399418
0.0 0.0 0.0 0

1745399419
0.0 0.0 0.0 0

1745399420
0.0 0.0 0.0 0

1745399421
0.0 0.0 0.0 0

1745399422
0.0 0.0 0.0 0

1745399423
0.0 0.0 0.0 0

1745399424
0.0 0.0 0.0 0

1745399425
0.0 0.0 0.0 0

1745399426
0.0 0.0 0.0 0

1745399427
0.0 0.0 0.0 0

1745399428
0.0 0.0 0.0 0

1745399429
0.0 0.0 0.0 0

1745399430
0.0 0.0 0.0 0

1745399431
0.0 0.0 0.0 0

1745399432
0.0 0.0 0.0 0

1745399433
0.0 0.0 0.0 0

1745399434
0.0 0.0 0.0 0

1745399435
0.0 0.0 0.0 0

1745399436
0.0 0.0 0.0 0

1745399437
0.0 0.0 0.0 0

1745399438
0.0 0.0 0.0 0

1745399439
0.0 0.0 0.0 0

1745399440
0.0 0.0 0.0 0

1745399441
0.0 0.0 0.0 0

1745399442
0.0 0.0 0.0 462

1745399443
0.0 0.0 0.0 3

1745399444
0.0 0.0 0.0 0

1745399445
0.0 0.0 0.0 0

1745399446
0.0 0.0 0.0 0

1745399447
0.0 0.0 0.0 0

1745399448
0.0 0.0 0.0 0

1745399449
0.0 0.0 0.0 0

1745399450
0.0 0.0 0.0 0

1745399451
0.0 0.0 0.0 0

1745399452
0.0 0.0 0.0 0

1745399453
0.0 0.0 0.0 0

1745399454
0.0 0.0 0.0 0

1745399455
0.0 0.0 0.0 0

1745399456
0.0 0.0 0.0 0

1745399457
0.0 0.0 0.0 0

1745399458
0.0 0.0 0.0 0

1745399459
0.0 0.0 0.0 0

1745399460
0.0 0.0 0.0 0

1745399461
0.0 0.0 0.0 0

1745399462
0.0 0.0 0.0 0

1745399463
0.0 0.0 0.0 0

1745399464
0.0 0.0 0.0 0

1745399466
0.0 0.0 0.0 0

1745399467
0.0 0.0 0.0 0

1745399468
0.0 0.0 0.0 0

1745399469
0.0 0.0 0.0 0

1745399470
0.0 0.0 0.0 0

1745399471
0.0 0.0 0.0 0

1745399472
0.0 0.0 0.0 0

1745399473
0.0 0.0 0.0 0

1745399474
0.0 0.0 0.0 0

1745399475
0.0 0.0 0.0 0

1745399476
0.0 0.0 0.0 0

1745399477
0.0 0.0 0.0 0

1745399478
0.0 0.0 0.0 0

1745399479
0.0 0.0 0.0 1

1745399480
0.0 0.0 0.0 1104

1745399481
0.0 0.0 0.0 193

1745399482
0.0 0.0 0.0 0

1745399483
0.0 0.0 0.0 0

1745399484
0.0 0.0 0.0 0

1745399485
0.0 0.0 0.0 1

1745399486
0.0 0.0 0.0 0

1745399487
0.0 0.0 0.0 130

1745399488
0.0 0.0 0.0 0

1745399489
0.0 0.0 0.0 0

1745399490
0.0 0.0 0.0 86

1745399491
0.0 0.0 0.0 30

1745399492
0.0 0.0 0.0 0

1745399493
0.0 0.0 0.0 0

1745399494
0.0 0.0 0.0 0

1745399495
0.0 0.0 0.0 1

1745399496
0.0 0.0 0.0 0

1745399497
0.0 0.0 0.0 0

1745399498
0.0 0.0 0.0 0

1745399499
0.0 0.0 0.0 0

1745399500
0.0 0.0 0.0 0

1745399501
0.0 0.0 0.0 1543

1745399502
0.0 0.0 0.0 88

1745399503
0.0 0.0 0.0 0

1745399504
0.0 0.0 0.0 38

1745399505
0.0 0.0 0.0 0

1745399506
0.0 0.0 0.0 1

1745399507
0.0 0.0 0.0 196

1745399508
0.0 0.0 0.0 2

1745399509
0.0 0.0 0.0 0

1745399510
0.0 0.0 0.0 0

1745399511
0.0 0.0 0.0 0

1745399512
0.0 0.0 0.0 0

1745399513
0.0 0.0 0.0 106

1745399514
0.0 0.0 0.0 0

1745399515
0.0 0.0 0.0 3

1745399517
0.0 0.0 0.0 2

1745399518
0.0 0.0 0.0 0

1745399519
0.0 0.0 0.0 65

1745399520
0.0 0.0 0.0 1

1745399521
0.0 0.0 0.0 62

1745399522
0.0 0.0 0.0 4

1745399524
0.0 0.0 0.0 5

1745399525
0.0 0.0 0.0 0

1745399526
0.0 0.0 0.0 0

1745399527
0.0 0.0 0.0 0

1745399528
0.0 0.0 0.0 4

1745399529
0.0 0.0 0.0 0

1745399530
0.0 0.0 0.0 0

1745399531
0.0 0.0 0.0 0

1745399532
0.0 0.0 0.0 0

1745399533
0.0 0.0 0.0 0

1745399534
0.0 0.0 0.0 199

1745399535
0.0 0.0 0.0 213

1745399536
0.0 0.0 0.0 0

1745399537
0.0 0.0 0.0 0

1745399538
0.0 0.0 0.0 0

1745399539
0.0 0.0 0.0 0

1745399540
0.0 0.0 0.0 0

1745399541
0.0 0.0 0.0 0

1745399542
0.0 0.0 0.0 0

1745399543
0.0 0.0 0.0 0

1745399544
0.0 0.0 0.0 0

1745399545
0.0 0.0 0.0 0

1745399546
0.0 0.0 0.0 0

1745399547
0.0 0.0 0.0 0

1745399548
0.0 0.0 0.0 0

1745399549
0.0 0.0 0.0 0

1745399550
0.0 0.0 0.0 0

1745399551
0.0 0.0 0.0 0

1745399552
0.0 0.0 0.0 0

1745399553
0.0 0.0 0.0 0

1745399554
0.0 0.0 0.0 1

1745399555
0.0 0.0 0.0 0

1745399556
0.0 0.0 0.0 0

1745399557
0.0 0.0 0.0 0

1745399558
0.0 0.0 0.0 0

1745399559
0.0 0.0 0.0 95

1745399561
0.0 0.0 0.0 0

1745399562
0.0 0.0 0.0 0

1745399563
0.0 0.0 0.0 0

1745399564
0.0 0.0 0.0 0

1745399565
0.0 0.0 0.0 0

1745399566
0.0 0.0 0.0 0

1745399567
0.0 0.0 0.0 0

1745399568
0.0 0.0 0.0 0

1745399569
0.0 0.0 0.0 78

1745399570
0.0 0.0 0.0 16

1745399571
0.0 0.0 0.0 11

1745399572
0.0 0.0 0.0 1

1745399573
0.0 0.0 0.0 732

1745399574
0.0 0.0 0.0 0

1745399575
0.0 0.0 0.0 89

1745399576
0.0 0.0 0.0 0

1745399577
0.0 0.0 0.0 0

1745399578
0.0 0.0 0.0 0

1745399579
0.0 0.0 0.0 2585

1745399580
0.0 0.0 0.0 0

1745399581
0.0 0.0 0.0 0

1745399582
0.0 0.0 0.0 0

1745399583
0.0 0.0 0.0 0

1745399584
0.0 0.0 0.0 0

1745399585
0.0 0.0 0.0 0

1745399586
0.0 0.0 0.0 0

1745399587
0.0 0.0 0.0 0

1745399588
0.0 0.0 0.0 0

1745399589
0.0 0.0 0.0 0

1745399590
0.0 0.0 0.0 0

1745399591
0.0 0.0 0.0 0

1745399592
0.0 0.0 0.0 0

1745399593
0.0 0.0 0.0 79

1745399594
0.0 0.0 0.0 0

1745399595
0.0 0.0 0.0 53

1745399596
0.0 0.0 0.0 162

1745399597
0.0 0.0 0.0 2

1745399598
0.0 0.0 0.0 554

1745399599
0.0 0.0 0.0 60

1745399600
0.0 0.0 0.0 2

1745399601
0.0 0.0 0.0 10

1745399602
0.0 0.0 0.0 0

1745399603
0.0 0.0 0.0 0

1745399604
0.0 0.0 0.0 0

1745399605
0.0 0.0 0.0 0

1745399606
0.0 0.0 0.0 0

1745399607
0.0 0.0 0.0 0

1745399608
0.0 0.0 0.0 0

1745399609
0.0 0.0 0.0 0

1745399610
0.0 0.0 0.0 0

1745399611
0.0 0.0 0.0 0

1745399612
0.0 0.0 0.0 0

1745399613
0.0 0.0 0.0 0

1745399614
0.0 0.0 0.0 0

1745399615
0.0 0.0 0.0 0

1745399616
0.0 0.0 0.0 0

1745399617
0.0 0.0 0.0 0

1745399618
0.0 0.0 0.0 0

1745399619
0.0 0.0 0.0 1

1745399620
0.0 0.0 0.0 0

1745399621
0.0 0.0 0.0 0

1745399622
0.0 0.0 0.0 1570

1745399623
0.0 0.0 0.0 381

1745399624
0.0 0.0 0.0 0

1745399625
0.0 0.0 0.0 483

1745399626
0.0 0.0 0.0 153

1745399627
0.0 0.0 0.0 0

1745399628
0.0 0.0 0.0 0

1745399629
0.0 0.0 0.0 0

1745399630
0.0 0.0 0.0 0

1745399631
0.0 0.0 0.0 0

1745399632
0.0 0.0 0.0 871

1745399633
0.0 0.0 0.0 6

1745399634
0.0 0.0 0.0 1

1745399635
0.0 0.0 0.0 0

1745399636
0.0 0.0 0.0 0

1745399637
0.0 0.0 0.0 0

1745399638
0.0 0.0 0.0 0

1745399639
0.0 0.0 0.0 0

1745399640
0.0 0.0 0.0 0

1745399641
0.0 0.0 0.0 0

1745399642
0.0 0.0 0.0 117

1745399643
0.0 0.0 0.0 163

1745399644
0.0 0.0 0.0 2

1745399645
0.0 0.0 0.0 217

1745399646
0.0 0.0 0.0 45

1745399647
0.0 0.0 0.0 0

1745399648
0.0 0.0 0.0 0

1745399649
0.0 0.0 0.0 2

1745399650
0.0 0.0 0.0 1

1745399651
0.0 0.0 0.0 2

1745399652
0.0 0.0 0.0 5

1745399653
0.0 0.0 0.0 1700

1745399654
0.0 0.0 0.0 23

1745399655
0.0 0.0 0.0 5

1745399656
0.0 0.0 0.0 2

1745399657
0.0 0.0 0.0 0

1745399658
0.0 0.0 0.0 0

1745399659
0.0 0.0 0.0 0

1745399660
0.0 0.0 0.0 0

1745399661
0.0 0.0 0.0 0

1745399662
0.0 0.0 0.0 61

1745399663
0.0 0.0 0.0 0

1745399664
0.0 0.0 0.0 0

1745399665
0.0 0.0 0.0 0

1745399666
0.0 0.0 0.0 0

1745399667
0.0 0.0 0.0 0

1745399668
0.0 0.0 0.0 0

1745399669
0.0 0.0 0.0 0

1745399670
0.0 0.0 0.0 0

1745399671
0.0 0.0 0.0 0

1745399672
0.0 0.0 0.0 348

1745399673
0.0 0.0 0.0 618

1745399674
0.0 0.0 0.0 0

1745399675
0.0 0.0 0.0 0

1745399676
0.0 0.0 0.0 0

1745399677
0.0 0.0 0.0 0

1745399678
0.0 0.0 0.0 525

1745399679
0.0 0.0 0.0 0

1745399680
0.0 0.0 0.0 0

1745399681
0.0 0.0 0.0 0

1745399682
0.0 0.0 0.0 0

1745399683
0.0 0.0 0.0 1636

1745399684
0.0 0.0 0.0 160

1745399685
0.0 0.0 0.0 0

1745399686
0.0 0.0 0.0 958

1745399687
0.0 0.0 0.0 0

1745399688
0.0 0.0 0.0 0

1745399689
0.0 0.0 0.0 0

1745399690
0.0 0.0 0.0 0

1745399691
0.0 0.0 0.0 0

1745399692
0.0 0.0 0.0 0

1745399693
0.0 0.0 0.0 0

1745399694
0.0 0.0 0.0 95

1745399695
0.0 0.0 0.0 1

1745399696
0.0 0.0 0.0 0

1745399697
0.0 0.0 0.0 134

1745399698
0.0 0.0 0.0 16

1745399699
0.0 0.0 0.0 8

1745399700
0.0 0.0 0.0 0

1745399701
0.0 0.0 0.0 0

1745399702
0.0 0.0 0.0 43

1745399703
0.0 0.0 0.0 1

1745399704
0.0 0.0 0.0 0

1745399705
0.0 0.0 0.0 0

1745399706
0.0 0.0 0.0 0

1745399707
0.0 0.0 0.0 0

1745399708
0.0 0.0 0.0 0

1745399709
0.0 0.0 0.0 0

1745399710
0.0 0.0 0.0 0

1745399711
0.0 0.0 0.0 27

1745399712
0.0 0.0 0.0 0

1745399713
0.0 0.0 0.0 72

1745399714
0.0 0.0 0.0 0

1745399715
0.0 0.0 0.0 0

1745399717
0.0 0.0 0.0 164

1745399718
0.0 0.0 0.0 72

1745399719
0.0 0.0 0.0 130

1745399720
0.0 0.0 0.0 0

1745399721
0.0 0.0 0.0 4

1745399722
0.0 0.0 0.0 4

1745399723
0.0 0.0 0.0 0

1745399724
0.0 0.0 0.0 1812

1745399725
0.0 0.0 0.0 0

1745399726
0.0 0.0 0.0 0

1745399727
0.0 0.0 0.0 0

1745399728
0.0 0.0 0.0 0

1745399729
0.0 0.0 0.0 0

1745399730
0.0 0.0 0.0 0

1745399731
0.0 0.0 0.0 0

1745399732
0.0 0.0 0.0 0

1745399733
0.0 0.0 0.0 1779

1745399734
0.0 0.0 0.0 43

1745399735
0.0 0.0 0.0 2

1745399736
0.0 0.0 0.0 1

1745399737
0.0 0.0 0.0 0

1745399738
0.0 0.0 0.0 0

1745399739
0.0 0.0 0.0 0

1745399740
0.0 0.0 0.0 0

1745399741
0.0 0.0 0.0 0

1745399742
0.0 0.0 0.0 0

1745399743
0.0 0.0 0.0 0

1745399744
0.0 0.0 0.0 34

1745399745
0.0 0.0 0.0 49

1745399746
0.0 0.0 0.0 457

1745399747
0.0 0.0 0.0 177

1745399748
0.0 0.0 0.0 264

1745399749
0.0 0.0 0.0 44

1745399750
0.0 0.0 0.0 313

1745399751
0.0 0.0 0.0 0

1745399752
0.0 0.0 0.0 0

1745399753
0.0 0.0 0.0 0

1745399754
0.0 0.0 0.0 0

1745399755
0.0 0.0 0.0 0

1745399756
0.0 0.0 0.0 0

1745399757
0.0 0.0 0.0 133

1745399758
0.0 0.0 0.0 1

1745399759
0.0 0.0 0.0 0

1745399760
0.0 0.0 0.0 0

1745399761
0.0 0.0 0.0 0

1745399762
0.0 0.0 0.0 0

1745399763
0.0 0.0 0.0 59

1745399764
0.0 0.0 0.0 367

1745399765
0.0 0.0 0.0 110

1745399766
0.0 0.0 0.0 292

1745399767
0.0 0.0 0.0 0

1745399768
0.0 0.0 0.0 69

1745399769
0.0 0.0 0.0 103

1745399770
0.0 0.0 0.0 254

1745399771
0.0 0.0 0.0 3281

1745399772
0.0 0.0 0.0 0

1745399773
0.0 0.0 0.0 0

1745399774
0.0 0.0 0.0 27

1745399775
0.0 0.0 0.0 0

1745399776
0.0 0.0 0.0 0

1745399777
0.0 0.0 0.0 0

1745399778
0.0 0.0 0.0 1

1745399779
0.0 0.0 0.0 468

1745399780
0.0 0.0 0.0 106

1745399781
0.0 0.0 0.0 0

1745399782
0.0 0.0 0.0 0

1745399783
0.0 0.0 0.0 68

1745399784
0.0 0.0 0.0 30

1745399785
0.0 0.0 0.0 0

1745399787
0.0 0.0 0.0 0

1745399788
0.0 0.0 0.0 0

1745399789
0.0 0.0 0.0 0

1745399790
0.0 0.0 0.0 0

1745399791
0.0 0.0 0.0 0

1745399792
0.0 0.0 0.0 0

1745399793
0.0 0.0 0.0 48

1745399794
0.0 0.0 0.0 30

1745399795
0.0 0.0 0.0 2

1745399797
0.0 0.0 0.0 0

1745399798
0.0 0.0 0.0 1572

1745399799
0.0 0.0 0.0 311

1745399800
0.0 0.0 0.0 0

1745399801
0.0 0.0 0.0 88

1745399802
0.0 0.0 0.0 0

1745399803
0.0 0.0 0.0 0

1745399804
0.0 0.0 0.0 0

1745399805
0.0 0.0 0.0 0

1745399806
0.0 0.0 0.0 0

1745399807
0.0 0.0 0.0 0

1745399808
0.0 0.0 0.0 0

1745399809
0.0 0.0 0.0 0

1745399810
0.0 0.0 0.0 0

1745399811
0.0 0.0 0.0 84

1745399812
0.0 0.0 0.0 0

1745399813
0.0 0.0 0.0 0

1745399814
0.0 0.0 0.0 1

1745399815
0.0 0.0 0.0 1524

1745399816
0.0 0.0 0.0 0

1745399817
0.0 0.0 0.0 0

1745399818
0.0 0.0 0.0 72

1745399819
0.0 0.0 0.0 499

1745399820
0.0 0.0 0.0 0

1745399821
0.0 0.0 0.0 0

1745399822
0.0 0.0 0.0 1291

1745399823
0.0 0.0 0.0 56

1745399824
0.0 0.0 0.0 0

1745399825
0.0 0.0 0.0 0

1745399826
0.0 0.0 0.0 0

1745399827
0.0 0.0 0.0 0

1745399828
0.0 0.0 0.0 11

1745399829
0.0 0.0 0.0 70

1745399830
0.0 0.0 0.0 148

1745399831
0.0 0.0 0.0 1

1745399832
0.0 0.0 0.0 134

1745399833
0.0 0.0 0.0 16

1745399834
0.0 0.0 0.0 0

1745399835
0.0 0.0 0.0 0

1745399836
0.0 0.0 0.0 0

1745399837
0.0 0.0 0.0 0

1745399838
0.0 0.0 0.0 0

1745399839
0.0 0.0 0.0 1567

1745399840
0.0 0.0 0.0 16

1745399841
0.0 0.0 0.0 0

1745399842
0.0 0.0 0.0 0

1745399843
0.0 0.0 0.0 0

1745399844
0.0 0.0 0.0 0

1745399845
0.0 0.0 0.0 0

1745399846
0.0 0.0 0.0 0

1745399847
0.0 0.0 0.0 0

1745399848
0.0 0.0 0.0 0

1745399849
0.0 0.0 0.0 12

1745399850
0.0 0.0 0.0 15

1745399851
0.0 0.0 0.0 0

1745399852
0.0 0.0 0.0 0

1745399853
0.0 0.0 0.0 1

1745399854
0.0 0.0 0.0 0

1745399855
0.0 0.0 0.0 97

1745399856
0.0 0.0 0.0 162

1745399857
0.0 0.0 0.0 56

1745399858
0.0 0.0 0.0 344

1745399859
0.0 0.0 0.0 102

1745399860
0.0 0.0 0.0 375

1745399861
0.0 0.0 0.0 95

1745399862
0.0 0.0 0.0 208

1745399863
0.0 0.0 0.0 1

1745399864
0.0 0.0 0.0 1561

1745399865
0.0 0.0 0.0 0

1745399866
0.0 0.0 0.0 5

1745399867
0.0 0.0 0.0 11

1745399868
0.0 0.0 0.0 12

1745399869
0.0 0.0 0.0 5

1745399870
0.0 0.0 0.0 2

1745399871
0.0 0.0 0.0 1

1745399872
0.0 0.0 0.0 1

1745399873
0.0 0.0 0.0 420

1745399874
0.0 0.0 0.0 0

1745399875
0.0 0.0 0.0 56

1745399876
0.0 0.0 0.0 0

1745399877
0.0 0.0 0.0 0

1745399878
0.0 0.0 0.0 0

1745399879
0.0 0.0 0.0 0

1745399880
0.0 0.0 0.0 0

1745399881
0.0 0.0 0.0 0

1745399882
0.0 0.0 0.0 0

1745399883
0.0 0.0 0.0 0

1745399884
0.0 0.0 0.0 222

1745399885
0.0 0.0 0.0 75

1745399886
0.0 0.0 0.0 0

1745399887
0.0 0.0 0.0 0

1745399888
0.0 0.0 0.0 0

1745399889
0.0 0.0 0.0 0

1745399890
0.0 0.0 0.0 0

1745399891
0.0 0.0 0.0 129

1745399892
0.0 0.0 0.0 180

1745399893
0.0 0.0 0.0 71

1745399894
0.0 0.0 0.0 1

1745399895
0.0 0.0 0.0 79

1745399896
0.0 0.0 0.0 0

1745399897
0.0 0.0 0.0 1

1745399898
0.0 0.0 0.0 1

1745399899
0.0 0.0 0.0 0

1745399900
0.0 0.0 0.0 0

1745399901
0.0 0.0 0.0 0

1745399902
0.0 0.0 0.0 0

1745399903
0.0 0.0 0.0 56

1745399904
0.0 0.0 0.0 1

1745399905
0.0 0.0 0.0 0

1745399906
0.0 0.0 0.0 0

1745399907
0.0 0.0 0.0 0

1745399908
0.0 0.0 0.0 0

1745399909
0.0 0.0 0.0 0

1745399910
0.0 0.0 0.0 0

1745399911
0.0 0.0 0.0 681

1745399912
0.0 0.0 0.0 407

1745399913
0.0 0.0 0.0 689

1745399914
0.0 0.0 0.0 124

1745399915
0.0 0.0 0.0 0

1745399916
0.0 0.0 0.0 4

1745399917
0.0 0.0 0.0 0

1745399918
0.0 0.0 0.0 0

1745399919
0.0 0.0 0.0 0

1745399920
0.0 0.0 0.0 0

1745399921
0.0 0.0 0.0 1

1745399922
0.0 0.0 0.0 3

1745399923
0.0 0.0 0.0 42

1745399924
0.0 0.0 0.0 0

1745399926
0.0 0.0 0.0 0

1745399927
0.0 0.0 0.0 10

1745399928
0.0 0.0 0.0 0

1745399929
0.0 0.0 0.0 0

1745399930
0.0 0.0 0.0 0

1745399931
0.0 0.0 0.0 1

1745399932
0.0 0.0 0.0 15

1745399933
0.0 0.0 0.0 0

1745399934
0.0 0.0 0.0 0

1745399935
0.0 0.0 0.0 0

1745399937
0.0 0.0 0.0 0

1745399938
0.0 0.0 0.0 0

1745399939
0.0 0.0 0.0 246

1745399940
0.0 0.0 0.0 82

1745399941
0.0 0.0 0.0 0

1745399942
0.0 0.0 0.0 392

1745399943
0.0 0.0 0.0 68

1745399944
0.0 0.0 0.0 1229

1745399945
0.0 0.0 0.0 1419

1745399946
0.0 0.0 0.0 425

1745399947
0.0 0.0 0.0 0

1745399948
0.0 0.0 0.0 0

1745399949
0.0 0.0 0.0 0

1745399950
0.0 0.0 0.0 0

1745399951
0.0 0.0 0.0 0

1745399952
0.0 0.0 0.0 3399

1745399953
0.0 0.0 0.0 6104

1745399954
0.0 0.0 0.0 0

1745399955
0.0 0.0 0.0 432

1745399956
0.0 0.0 0.0 1111

1745399957
0.0 0.0 0.0 0

1745399958
0.0 0.0 0.0 0

1745399959
0.0 0.0 0.0 0

1745399960
0.0 0.0 0.0 0

1745399961
0.0 0.0 0.0 0

1745399962
0.0 0.0 0.0 0

1745399963
0.0 0.0 0.0 0

1745399964
0.0 0.0 0.0 2236

1745399965
0.0 0.0 0.0 4979

1745399966
0.0 0.0 0.0 946

1745399967
0.0 0.0 0.0 6695

1745399968
0.0 0.0 0.0 0

1745399969
0.0 0.0 0.0 31

1745399970
0.0 0.0 0.0 0

1745399971
0.0 0.0 0.0 3

1745399972
0.0 0.0 0.0 65

1745399973
0.0 0.0 0.0 25

1745399974
0.0 0.0 0.0 0

1745399975
0.0 0.0 0.0 0

1745399976
0.0 0.0 0.0 0

1745399977
0.0 0.0 0.0 0

1745399978
0.0 0.0 0.0 0

1745399979
0.0 0.0 0.0 0

1745399980
0.0 0.0 0.0 0

1745399981
0.0 0.0 0.0 0

1745399982
0.0 0.0 0.0 0

1745399983
0.0 0.0 0.0 0

1745399984
0.0 0.0 0.0 0

1745399985
0.0 0.0 0.0 0

1745399986
0.0 0.0 0.0 0

1745399987
0.0 0.0 0.0 0

1745399988
0.0 0.0 0.0 0

1745399989
0.0 0.0 0.0 0

1745399990
0.0 0.0 0.0 0

1745399991
0.0 0.0 0.0 16

1745399992
0.0 0.0 0.0 96

1745399993
0.0 0.0 0.0 185

1745399994
0.0 0.0 0.0 23

1745399995
0.0 0.0 0.0 0

1745399996
0.0 0.0 0.0 14

1745399997
0.0 0.0 0.0 91

1745399998
0.0 0.0 0.0 16

1745399999
0.0 0.0 0.0 11

1745400000
0.0 0.0 0.0 0

1745400001
0.0 0.0 0.0 0

1745400002
0.0 0.0 0.0 36

1745400003
0.0 0.0 0.0 0

1745400004
0.0 0.0 0.0 55

1745400005
0.0 0.0 0.0 0

1745400006
0.0 0.0 0.0 1

1745400007
0.0 0.0 0.0 0

1745400008
0.0 0.0 0.0 0

1745400009
0.0 0.0 0.0 0

1745400010
0.0 0.0 0.0 1

1745400011
0.0 0.0 0.0 0

1745400012
0.0 0.0 0.0 0

1745400013
0.0 0.0 0.0 0

1745400014
0.0 0.0 0.0 845

1745400015
0.0 0.0 0.0 50

1745400016
0.0 0.0 0.0 0

1745400017
0.0 0.0 0.0 0

1745400018
0.0 0.0 0.0 0

1745400019
0.0 0.0 0.0 0

1745400020
0.0 0.0 0.0 0

1745400021
0.0 0.0 0.0 0

1745400022
0.0 0.0 0.0 74

1745400023
0.0 0.0 0.0 240

1745400024
0.0 0.0 0.0 271

1745400025
0.0 0.0 0.0 203

1745400026
0.0 0.0 0.0 150

1745400027
0.0 0.0 0.0 19

1745400028
0.0 0.0 0.0 31

1745400029
0.0 0.0 0.0 1

1745400030
0.0 0.0 0.0 146

1745400031
0.0 0.0 0.0 49

1745400032
0.0 0.0 0.0 0

1745400033
0.0 0.0 0.0 0

1745400034
0.0 0.0 0.0 0

1745400035
0.0 0.0 0.0 0

1745400036
0.0 0.0 0.0 0

1745400037
0.0 0.0 0.0 0

1745400038
0.0 0.0 0.0 2

1745400039
0.0 0.0 0.0 1

1745400041
0.0 0.0 0.0 0

1745400042
0.0 0.0 0.0 0

1745400043
0.0 0.0 0.0 0

1745400044
0.0 0.0 0.0 1

1745400045
0.0 0.0 0.0 0

1745400046
0.0 0.0 0.0 0

1745400047
0.0 0.0 0.0 1

1745400048
0.0 0.0 0.0 8

1745400049
0.0 0.0 0.0 46

1745400050
0.0 0.0 0.0 0

1745400051
0.0 0.0 0.0 1579

1745400052
0.0 0.0 0.0 196

1745400053
0.0 0.0 0.0 0

1745400054
0.0 0.0 0.0 1975

1745400056
0.0 0.0 0.0 31724

1745400057
0.0 0.0 0.0 9025

1745400058
0.18 0.03 0.0 7475

1745400059
0.18 0.03 0.0 73803

1745400060
1.05 0.19 0.04 46751

1745400061
1.05 0.19 0.04 3786

1745400062
0.86 0.18 0.04 1

1745400063
0.86 0.18 0.04 0

1745400064
0.7 0.18 0.04 1560

1745400065
0.7 0.18 0.04 123

1745400067
0.57 0.17 0.03 9

1745400068
0.47 0.16 0.03 4

1745400069
0.47 0.16 0.03 29

1745400070
0.38 0.16 0.03 0

1745400071
0.38 0.16 0.03 0

1745400072
0.31 0.15 0.03 0

1745400073
0.31 0.15 0.03 0

1745400074
0.25 0.15 0.03 0

1745400075
0.25 0.15 0.03 0

1745400076
0.21 0.14 0.03 32

1745400077
0.21 0.14 0.03 14

1745400078
0.17 0.14 0.03 228

1745400079
0.17 0.14 0.03 1

1745400080
0.14 0.13 0.03 90

1745400081
0.14 0.13 0.03 95

1745400082
0.11 0.13 0.03 1

1745400083
0.11 0.13 0.03 2

1745400084
0.09 0.12 0.03 1

1745400085
0.09 0.12 0.03 0

1745400086
0.07 0.12 0.03 0

1745400087
0.07 0.12 0.03 0

1745400088
0.06 0.12 0.03 0

1745400089
0.06 0.12 0.03 0

1745400090
0.05 0.11 0.03 52

1745400091
0.05 0.11 0.03 0

1745400092
0.04 0.11 0.03 0

1745400093
0.04 0.11 0.03 213

1745400094
0.03 0.1 0.03 0

1745400095
0.03 0.1 0.03 0

1745400096
0.02 0.1 0.03 2

1745400097
0.02 0.1 0.03 0

1745400098
0.02 0.1 0.03 0

1745400099
0.02 0.1 0.03 0

1745400100
0.01 0.09 0.03 491

1745400101
0.01 0.09 0.03 644

1745400102
0.01 0.09 0.03 95

1745400103
0.01 0.09 0.03 1

1745400104
0.01 0.09 0.03 1

1745400105
0.01 0.09 0.03 0

1745400106
0.0 0.08 0.02 58

1745400107
0.0 0.08 0.02 0

1745400108
0.0 0.08 0.02 0

1745400109
0.0 0.08 0.02 11

1745400110
0.0 0.08 0.02 0

1745400111
0.0 0.08 0.02 0

1745400112
0.0 0.07 0.02 0

1745400113
0.0 0.07 0.02 1

1745400114
0.0 0.07 0.02 0

1745400115
0.0 0.07 0.02 105

1745400116
0.0 0.07 0.02 0

1745400117
0.0 0.07 0.02 73

1745400118
0.0 0.06 0.02 3

1745400119
0.0 0.06 0.02 40

1745400120
0.0 0.06 0.02 6

1745400121
0.0 0.06 0.02 74

1745400122
0.0 0.06 0.02 0

1745400123
0.0 0.06 0.02 158

1745400124
0.0 0.06 0.02 1

1745400125
0.0 0.06 0.02 0

1745400126
0.0 0.06 0.02 1

1745400127
0.0 0.06 0.02 0

1745400128
0.0 0.05 0.02 13

1745400129
0.0 0.05 0.02 58

1745400130
0.0 0.05 0.02 26

1745400131
0.0 0.05 0.02 9

1745400132
0.0 0.05 0.02 4

1745400133
0.0 0.05 0.02 0

1745400134
0.0 0.05 0.02 2

1745400135
0.0 0.05 0.02 41

1745400136
0.0 0.04 0.02 1

1745400137
0.0 0.04 0.02 0

1745400138
0.0 0.04 0.02 1866

1745400139
0.0 0.04 0.02 2558

1745400140
0.0 0.04 0.02 1599

1745400141
0.0 0.04 0.02 111

1745400142
0.0 0.04 0.02 0

1745400143
0.0 0.04 0.02 0

1745400144
0.0 0.04 0.02 1784

1745400145
0.0 0.04 0.02 294

1745400146
0.0 0.04 0.02 0

1745400147
0.0 0.04 0.02 0

1745400148
0.0 0.03 0.01 160

1745400149
0.0 0.03 0.01 67

1745400150
0.0 0.03 0.01 1

1745400151
0.0 0.03 0.01 0

1745400152
0.0 0.03 0.01 0

1745400153
0.0 0.03 0.01 0

1745400154
0.0 0.03 0.01 49

1745400155
0.0 0.03 0.01 10

1745400156
0.0 0.03 0.01 1

1745400157
0.0 0.03 0.01 0

1745400158
0.0 0.03 0.01 0

1745400159
0.0 0.03 0.01 0

1745400160
0.0 0.03 0.01 0

1745400161
0.0 0.03 0.01 1315

1745400162
0.0 0.02 0.01 70

1745400163
0.0 0.02 0.01 0

1745400164
0.0 0.02 0.01 0

1745400165
0.0 0.02 0.01 1447

1745400166
0.0 0.02 0.01 197

1745400167
0.0 0.02 0.01 0

1745400168
0.0 0.02 0.01 0

1745400169
0.0 0.02 0.01 310

1745400170
0.0 0.02 0.01 164

1745400171
0.0 0.02 0.01 0

1745400172
0.0 0.02 0.01 0

1745400173
0.0 0.02 0.01 0

1745400174
0.0 0.02 0.01 0

1745400175
0.0 0.02 0.01 1

1745400176
0.0 0.02 0.01 18

1745400177
0.0 0.02 0.01 1

1745400178
0.0 0.02 0.01 47

1745400179
0.0 0.02 0.01 0

1745400180
0.0 0.02 0.01 54

1745400181
0.0 0.02 0.01 0

1745400182
0.0 0.01 0.01 0

1745400183
0.0 0.01 0.01 0

1745400184
0.0 0.01 0.01 0

1745400185
0.0 0.01 0.01 0

1745400187
0.0 0.01 0.01 66

1745400188
0.0 0.01 0.0 0

1745400189
0.0 0.01 0.0 6

1745400190
0.0 0.01 0.0 0

1745400191
0.0 0.01 0.0 0

1745400192
0.0 0.01 0.0 0

1745400193
0.0 0.01 0.0 0

1745400194
0.0 0.01 0.0 75

1745400195
0.0 0.01 0.0 0

1745400196
0.0 0.01 0.0 155

1745400197
0.0 0.01 0.0 2

1745400198
0.0 0.01 0.0 12

1745400199
0.0 0.01 0.0 0

1745400200
0.0 0.01 0.0 0

1745400201
0.0 0.01 0.0 0

1745400202
0.0 0.01 0.0 0

1745400203
0.0 0.01 0.0 0

1745400204
0.0 0.01 0.0 0

1745400205
0.0 0.01 0.0 71

1745400206
0.0 0.01 0.0 30

1745400207
0.0 0.01 0.0 0

1745400208
0.0 0.01 0.0 0

1745400209
0.0 0.01 0.0 0

1745400210
0.0 0.01 0.0 0

1745400211
0.0 0.01 0.0 10

1745400212
0.0 0.0 0.0 0

1745400213
0.0 0.0 0.0 0

1745400214
0.0 0.0 0.0 0

1745400215
0.0 0.0 0.0 0

1745400216
0.0 0.0 0.0 0

1745400217
0.0 0.0 0.0 0

1745400218
0.0 0.0 0.0 0

1745400219
0.0 0.0 0.0 391

1745400220
0.0 0.0 0.0 0

1745400221
0.0 0.0 0.0 0

1745400222
0.0 0.0 0.0 191

1745400223
0.0 0.0 0.0 0

1745400224
0.0 0.0 0.0 1234

1745400225
0.0 0.0 0.0 20

1745400226
0.0 0.0 0.0 0

1745400227
0.0 0.0 0.0 0

1745400228
0.0 0.0 0.0 0

1745400229
0.0 0.0 0.0 0

1745400230
0.0 0.0 0.0 1564

1745400231
0.0 0.0 0.0 36

1745400232
0.0 0.0 0.0 0

1745400233
0.0 0.0 0.0 1570

1745400234
0.0 0.0 0.0 14

1745400235
0.0 0.0 0.0 0

1745400236
0.0 0.0 0.0 0

1745400237
0.0 0.0 0.0 0

1745400238
0.0 0.0 0.0 35

1745400239
0.0 0.0 0.0 46

1745400240
0.0 0.0 0.0 0

1745400241
0.0 0.0 0.0 0

1745400242
0.0 0.0 0.0 1802

1745400243
0.0 0.0 0.0 26

1745400244
0.0 0.0 0.0 0

1745400245
0.0 0.0 0.0 1548

1745400246
0.0 0.0 0.0 7

1745400247
0.0 0.0 0.0 0

1745400248
0.0 0.0 0.0 0

1745400249
0.0 0.0 0.0 2120

1745400250
0.0 0.0 0.0 17

1745400251
0.0 0.0 0.0 0

1745400252
0.0 0.0 0.0 0

1745400253
0.0 0.0 0.0 0

1745400254
0.0 0.0 0.0 0

1745400255
0.0 0.0 0.0 0

1745400256
0.0 0.0 0.0 0

1745400257
0.0 0.0 0.0 99

1745400258
0.0 0.0 0.0 0

1745400259
0.0 0.0 0.0 0

1745400260
0.0 0.0 0.0 972

1745400261
0.0 0.0 0.0 27

1745400262
0.0 0.0 0.0 0

1745400263
0.0 0.0 0.0 0

1745400264
0.0 0.0 0.0 1607

1745400265
0.0 0.0 0.0 74

1745400266
0.0 0.0 0.0 0

1745400267
0.0 0.0 0.0 1774

1745400268
0.0 0.0 0.0 45

1745400269
0.0 0.0 0.0 0

1745400270
0.0 0.0 0.0 70

1745400271
0.0 0.0 0.0 0

1745400272
0.0 0.0 0.0 14

1745400273
0.0 0.0 0.0 0

1745400274
0.0 0.0 0.0 0

1745400275
0.0 0.0 0.0 0

1745400276
0.0 0.0 0.0 0

1745400277
0.0 0.0 0.0 1354

1745400278
0.0 0.0 0.0 811

1745400279
0.0 0.0 0.0 1655

1745400280
0.0 0.0 0.0 175

1745400281
0.0 0.0 0.0 515

1745400282
0.0 0.0 0.0 0

1745400283
0.0 0.0 0.0 0

1745400284
0.0 0.0 0.0 0

1745400285
0.0 0.0 0.0 0

1745400286
0.0 0.0 0.0 0

1745400287
0.0 0.0 0.0 30

1745400288
0.0 0.0 0.0 0

1745400289
0.0 0.0 0.0 0

1745400290
0.0 0.0 0.0 90

1745400291
0.0 0.0 0.0 1

1745400292
0.0 0.0 0.0 54

1745400293
0.0 0.0 0.0 25

1745400294
0.0 0.0 0.0 1

1745400295
0.0 0.0 0.0 0

1745400296
0.0 0.0 0.0 0

1745400297
0.0 0.0 0.0 0

1745400298
0.0 0.0 0.0 0

1745400299
0.0 0.0 0.0 0

1745400300
0.0 0.0 0.0 1

1745400301
0.0 0.0 0.0 0

1745400302
0.0 0.0 0.0 0

1745400303
0.0 0.0 0.0 0

1745400305
0.0 0.0 0.0 0

1745400306
0.0 0.0 0.0 0

1745400307
0.0 0.0 0.0 1

1745400308
0.0 0.0 0.0 0

1745400309
0.0 0.0 0.0 0

1745400310
0.0 0.0 0.0 0

1745400311
0.0 0.0 0.0 0

1745400312
0.0 0.0 0.0 0

1745400313
0.0 0.0 0.0 1

1745400314
0.0 0.0 0.0 0

1745400315
0.0 0.0 0.0 0

1745400316
0.0 0.0 0.0 0

1745400317
0.0 0.0 0.0 45

1745400318
0.0 0.0 0.0 10

1745400319
0.0 0.0 0.0 3

1745400320
0.0 0.0 0.0 1

1745400321
0.0 0.0 0.0 51

1745400322
0.0 0.0 0.0 4

1745400323
0.0 0.0 0.0 5

1745400324
0.0 0.0 0.0 3

1745400325
0.0 0.0 0.0 2

1745400327
0.0 0.0 0.0 9

1745400328
0.0 0.0 0.0 0

1745400329
0.0 0.0 0.0 76

1745400330
0.0 0.0 0.0 1

1745400331
0.0 0.0 0.0 5

1745400332
0.0 0.0 0.0 0

1745400333
0.0 0.0 0.0 0

1745400334
0.0 0.0 0.0 0

1745400335
0.0 0.0 0.0 0

1745400336
0.0 0.0 0.0 1

1745400337
0.0 0.0 0.0 0

1745400338
0.0 0.0 0.0 0

1745400339
0.0 0.0 0.0 0

1745400340
0.0 0.0 0.0 0

1745400341
0.0 0.0 0.0 0

1745400342
0.0 0.0 0.0 0

1745400343
0.0 0.0 0.0 0

1745400344
0.0 0.0 0.0 0

1745400345
0.0 0.0 0.0 0

1745400346
0.0 0.0 0.0 0

1745400347
0.0 0.0 0.0 0

1745400348
0.0 0.0 0.0 0

1745400349
0.0 0.0 0.0 213

1745400350
0.0 0.0 0.0 0

1745400351
0.0 0.0 0.0 0

1745400352
0.0 0.0 0.0 0

1745400354
0.0 0.0 0.0 520

1745400355
0.0 0.0 0.0 3

1745400356
0.0 0.0 0.0 118

1745400357
0.0 0.0 0.0 0

1745400358
0.0 0.0 0.0 0

1745400359
0.0 0.0 0.0 1390

1745400360
0.0 0.0 0.0 3

1745400361
0.0 0.0 0.0 0

1745400362
0.0 0.0 0.0 0

1745400363
0.0 0.0 0.0 0

1745400364
0.0 0.0 0.0 0

1745400365
0.0 0.0 0.0 0

1745400366
0.0 0.0 0.0 0

1745400367
0.0 0.0 0.0 0

1745400368
0.0 0.0 0.0 0

1745400369
0.0 0.0 0.0 0

1745400370
0.0 0.0 0.0 0

1745400371
0.0 0.0 0.0 0

1745400372
0.0 0.0 0.0 0

1745400373
0.0 0.0 0.0 0

1745400374
0.0 0.0 0.0 0

1745400375
0.0 0.0 0.0 0

1745400376
0.0 0.0 0.0 0

1745400377
0.0 0.0 0.0 0

1745400378
0.0 0.0 0.0 0

1745400379
0.0 0.0 0.0 0

1745400380
0.0 0.0 0.0 472

1745400381
0.0 0.0 0.0 50

1745400382
0.0 0.0 0.0 963

1745400383
0.0 0.0 0.0 0

1745400384
0.0 0.0 0.0 0

1745400385
0.0 0.0 0.0 0

1745400386
0.0 0.0 0.0 1142

1745400387
0.0 0.0 0.0 3

1745400388
0.0 0.0 0.0 1

1745400389
0.0 0.0 0.0 0

1745400391
0.0 0.0 0.0 0

1745400392
0.0 0.0 0.0 0

1745400393
0.0 0.0 0.0 0

1745400394
0.0 0.0 0.0 0

1745400395
0.0 0.0 0.0 0

1745400396
0.0 0.0 0.0 20

1745400397
0.0 0.0 0.0 0

1745400398
0.0 0.0 0.0 0

1745400399
0.0 0.0 0.0 0

1745400400
0.0 0.0 0.0 1004

1745400401
0.0 0.0 0.0 125

1745400402
0.0 0.0 0.0 0

1745400403
0.0 0.0 0.0 0

1745400404
0.0 0.0 0.0 0

1745400405
0.0 0.0 0.0 0

1745400406
0.0 0.0 0.0 0

1745400407
0.0 0.0 0.0 118

1745400408
0.0 0.0 0.0 63

1745400409
0.0 0.0 0.0 0

1745400410
0.0 0.0 0.0 70

1745400411
0.0 0.0 0.0 91

1745400412
0.0 0.0 0.0 150

1745400413
0.0 0.0 0.0 92

1745400414
0.0 0.0 0.0 92

1745400415
0.0 0.0 0.0 23

1745400416
0.0 0.0 0.0 249

1745400417
0.0 0.0 0.0 27

1745400418
0.0 0.0 0.0 290

1745400419
0.0 0.0 0.0 106

1745400420
0.0 0.0 0.0 85

1745400421
0.0 0.0 0.0 89

1745400422
0.0 0.0 0.0 63

1745400423
0.0 0.0 0.0 0

1745400424
0.0 0.0 0.0 0

1745400425
0.0 0.0 0.0 0

1745400426
0.0 0.0 0.0 276

1745400427
0.0 0.0 0.0 0

1745400428
0.0 0.0 0.0 0

1745400429
0.0 0.0 0.0 1

1745400430
0.0 0.0 0.0 0

1745400431
0.0 0.0 0.0 63

1745400432
0.0 0.0 0.0 2

1745400433
0.0 0.0 0.0 0

1745400434
0.0 0.0 0.0 0

1745400435
0.0 0.0 0.0 0

1745400436
0.0 0.0 0.0 0

1745400437
0.0 0.0 0.0 0

1745400438
0.0 0.0 0.0 1

1745400439
0.0 0.0 0.0 0

1745400440
0.0 0.0 0.0 0

1745400441
0.0 0.0 0.0 0

1745400442
0.0 0.0 0.0 1594

1745400443
0.0 0.0 0.0 47

1745400444
0.0 0.0 0.0 0

1745400445
0.0 0.0 0.0 0

1745400446
0.0 0.0 0.0 0

1745400447
0.0 0.0 0.0 0

1745400448
0.0 0.0 0.0 0

1745400449
0.0 0.0 0.0 0

1745400450
0.0 0.0 0.0 0

1745400451
0.0 0.0 0.0 0

1745400452
0.0 0.0 0.0 88

1745400453
0.0 0.0 0.0 28

1745400454
0.0 0.0 0.0 0

1745400455
0.0 0.0 0.0 0

1745400456
0.0 0.0 0.0 0

1745400457
0.0 0.0 0.0 213

1745400458
0.0 0.0 0.0 0

1745400459
0.0 0.0 0.0 0

1745400460
0.0 0.0 0.0 0

1745400461
0.0 0.0 0.0 4

1745400462
0.0 0.0 0.0 20

1745400463
0.0 0.0 0.0 2

1745400464
0.0 0.0 0.0 0

1745400465
0.0 0.0 0.0 319

1745400466
0.0 0.0 0.0 87

1745400467
0.0 0.0 0.0 0

1745400468
0.0 0.0 0.0 0

1745400469
0.0 0.0 0.0 0

1745400470
0.0 0.0 0.0 0

1745400471
0.0 0.0 0.0 0

1745400472
0.0 0.0 0.0 0

1745400473
0.0 0.0 0.0 0

1745400474
0.0 0.0 0.0 0

1745400475
0.0 0.0 0.0 0

1745400476
0.0 0.0 0.0 53

1745400477
0.0 0.0 0.0 21

1745400478
0.0 0.0 0.0 188

1745400479
0.0 0.0 0.0 0

1745400480
0.0 0.0 0.0 0

1745400481
0.0 0.0 0.0 0

1745400482
0.0 0.0 0.0 0

1745400483
0.0 0.0 0.0 0

1745400484
0.0 0.0 0.0 0

1745400485
0.0 0.0 0.0 0

1745400486
0.0 0.0 0.0 0

1745400487
0.0 0.0 0.0 116

1745400488
0.0 0.0 0.0 168

1745400489
0.0 0.0 0.0 129

1745400490
0.0 0.0 0.0 0

1745400491
0.0 0.0 0.0 0

1745400492
0.0 0.0 0.0 0

1745400493
0.0 0.0 0.0 0

1745400494
0.0 0.0 0.0 0

1745400495
0.0 0.0 0.0 0

1745400496
0.0 0.0 0.0 0

1745400497
0.0 0.0 0.0 0

1745400498
0.0 0.0 0.0 0

1745400500
0.0 0.0 0.0 4

1745400501
0.0 0.0 0.0 170

1745400502
0.0 0.0 0.0 0

1745400503
0.0 0.0 0.0 0

1745400504
0.0 0.0 0.0 41

1745400505
0.0 0.0 0.0 215

1745400506
0.0 0.0 0.0 525

1745400507
0.0 0.0 0.0 1117

1745400508
0.0 0.0 0.0 802

1745400509
0.0 0.0 0.0 420

1745400510
0.0 0.0 0.0 195

1745400511
0.0 0.0 0.0 430

1745400512
0.0 0.0 0.0 829

1745400513
0.0 0.0 0.0 3597

1745400514
0.0 0.0 0.0 1075

1745400515
0.0 0.0 0.0 2347

1745400516
0.0 0.0 0.0 622

1745400517
0.0 0.0 0.0 1736

1745400518
0.0 0.0 0.0 2229

1745400519
0.0 0.0 0.0 612

1745400520
0.0 0.0 0.0 4916

1745400521
0.0 0.0 0.0 57

1745400522
0.0 0.0 0.0 0

1745400523
0.0 0.0 0.0 0

1745400524
0.0 0.0 0.0 0

1745400525
0.0 0.0 0.0 0

1745400526
0.0 0.0 0.0 0

1745400527
0.0 0.0 0.0 0

1745400528
0.0 0.0 0.0 77

1745400529
0.0 0.0 0.0 0

1745400530
0.0 0.0 0.0 0

1745400531
0.0 0.0 0.0 1

1745400532
0.0 0.0 0.0 0

1745400533
0.0 0.0 0.0 0

1745400534
0.0 0.0 0.0 0

1745400535
0.0 0.0 0.0 327

1745400536
0.0 0.0 0.0 0

1745400537
0.0 0.0 0.0 0

1745400538
0.0 0.0 0.0 2

1745400539
0.0 0.0 0.0 0

1745400540
0.0 0.0 0.0 4

1745400541
0.0 0.0 0.0 0

1745400542
0.0 0.0 0.0 0

1745400543
0.0 0.0 0.0 0

1745400544
0.0 0.0 0.0 0

1745400545
0.0 0.0 0.0 0

1745400547
0.0 0.0 0.0 43

1745400548
0.0 0.0 0.0 0

1745400549
0.0 0.0 0.0 2

1745400550
0.0 0.0 0.0 29

1745400551
0.0 0.0 0.0 65

1745400552
0.0 0.0 0.0 0

1745400553
0.0 0.0 0.0 3

1745400554
0.0 0.0 0.0 1

1745400555
0.0 0.0 0.0 0

1745400556
0.0 0.0 0.0 0

1745400557
0.0 0.0 0.0 0

1745400559
0.0 0.0 0.0 1

1745400560
0.0 0.0 0.0 0

1745400561
0.0 0.0 0.0 0

1745400562
0.0 0.0 0.0 0

1745400563
0.0 0.0 0.0 0

1745400564
0.0 0.0 0.0 0

1745400565
0.0 0.0 0.0 0

1745400566
0.0 0.0 0.0 0

1745400567
0.0 0.0 0.0 0

1745400568
0.0 0.0 0.0 0

1745400569
0.0 0.0 0.0 0

1745400570
0.0 0.0 0.0 0

1745400571
0.0 0.0 0.0 0

1745400572
0.0 0.0 0.0 0

1745400573
0.0 0.0 0.0 24

1745400574
0.0 0.0 0.0 0

1745400575
0.0 0.0 0.0 0

1745400576
0.0 0.0 0.0 0

1745400577
0.0 0.0 0.0 0

1745400578
0.0 0.0 0.0 0

1745400579
0.0 0.0 0.0 0

1745400580
0.0 0.0 0.0 0

1745400581
0.0 0.0 0.0 0

1745400582
0.0 0.0 0.0 0

1745400583
0.0 0.0 0.0 0

1745400584
0.0 0.0 0.0 0

1745400585
0.0 0.0 0.0 0

1745400586
0.0 0.0 0.0 1

1745400587
0.0 0.0 0.0 0

1745400588
0.0 0.0 0.0 0

1745400589
0.0 0.0 0.0 0

1745400590
0.0 0.0 0.0 0

1745400591
0.0 0.0 0.0 0

1745400592
0.0 0.0 0.0 0

1745400593
0.0 0.0 0.0 0

1745400594
0.0 0.0 0.0 0

1745400595
0.0 0.0 0.0 0

1745400596
0.0 0.0 0.0 0

1745400597
0.0 0.0 0.0 0

1745400598
0.0 0.0 0.0 0

1745400599
0.0 0.0 0.0 0

1745400600
0.0 0.0 0.0 0

1745400601
0.0 0.0 0.0 0

1745400602
0.0 0.0 0.0 0

1745400603
0.0 0.0 0.0 0

1745400604
0.0 0.0 0.0 0

1745400605
0.0 0.0 0.0 0

1745400606
0.0 0.0 0.0 0

1745400607
0.0 0.0 0.0 0

1745400608
0.0 0.0 0.0 0

1745400609
0.0 0.0 0.0 0

1745400610
0.0 0.0 0.0 0

1745400611
0.0 0.0 0.0 0

1745400612
0.0 0.0 0.0 0

1745400613
0.0 0.0 0.0 0

1745400614
0.0 0.0 0.0 0

1745400615
0.0 0.0 0.0 1

1745400616
0.0 0.0 0.0 0

1745400617
0.0 0.0 0.0 0

1745400618
0.0 0.0 0.0 0

1745400619
0.0 0.0 0.0 0

1745400620
0.0 0.0 0.0 0

1745400621
0.0 0.0 0.0 0

1745400622
0.0 0.0 0.0 0

1745400623
0.0 0.0 0.0 0

1745400624
0.0 0.0 0.0 0

1745400625
0.0 0.0 0.0 0

1745400626
0.0 0.0 0.0 0

1745400627
0.0 0.0 0.0 0

1745400628
0.0 0.0 0.0 0

1745400629
0.0 0.0 0.0 0

1745400630
0.0 0.0 0.0 0

1745400631
0.0 0.0 0.0 0

1745400632
0.0 0.0 0.0 0

1745400633
0.0 0.0 0.0 0

1745400634
0.0 0.0 0.0 0

1745400635
0.0 0.0 0.0 0

1745400636
0.0 0.0 0.0 0

1745400637
0.0 0.0 0.0 0

1745400638
0.0 0.0 0.0 0

1745400639
0.0 0.0 0.0 0

1745400640
0.0 0.0 0.0 0

1745400641
0.0 0.0 0.0 0

1745400642
0.0 0.0 0.0 0

1745400643
0.0 0.0 0.0 0

1745400644
0.0 0.0 0.0 0

1745400645
0.0 0.0 0.0 0

1745400646
0.0 0.0 0.0 0

1745400647
0.0 0.0 0.0 0

1745400648
0.0 0.0 0.0 0

1745400649
0.0 0.0 0.0 0

1745400650
0.0 0.0 0.0 0

1745400651
0.0 0.0 0.0 0

1745400652
0.0 0.0 0.0 0

1745400653
0.0 0.0 0.0 0

1745400654
0.0 0.0 0.0 0

1745400655
0.0 0.0 0.0 0

1745400656
0.0 0.0 0.0 0

1745400658
0.0 0.0 0.0 0

1745400659
0.0 0.0 0.0 0

1745400660
0.0 0.0 0.0 0

1745400661
0.0 0.0 0.0 0

1745400662
0.0 0.0 0.0 0

1745400663
0.0 0.0 0.0 0

1745400664
0.0 0.0 0.0 0

1745400665
0.0 0.0 0.0 0

1745400666
0.0 0.0 0.0 0

1745400667
0.0 0.0 0.0 0

1745400668
0.0 0.0 0.0 1

1745400669
0.0 0.0 0.0 0

1745400670
0.0 0.0 0.0 0

1745400671
0.0 0.0 0.0 0

1745400672
0.0 0.0 0.0 0

1745400673
0.0 0.0 0.0 0

1745400674
0.0 0.0 0.0 0

1745400675
0.0 0.0 0.0 0

1745400676
0.0 0.0 0.0 0

1745400677
0.0 0.0 0.0 0

1745400678
0.0 0.0 0.0 0

1745400679
0.0 0.0 0.0 0

1745400680
0.0 0.0 0.0 0

1745400681
0.0 0.0 0.0 5

1745400682
0.0 0.0 0.0 0

1745400683
0.0 0.0 0.0 0

1745400684
0.0 0.0 0.0 0

1745400685
0.0 0.0 0.0 0

1745400686
0.0 0.0 0.0 0

1745400687
0.0 0.0 0.0 9

1745400688
0.0 0.0 0.0 0

1745400689
0.0 0.0 0.0 0

1745400690
0.0 0.0 0.0 0

1745400691
0.0 0.0 0.0 0

1745400692
0.0 0.0 0.0 0

1745400693
0.0 0.0 0.0 0

1745400694
0.0 0.0 0.0 0

1745400695
0.0 0.0 0.0 0

1745400696
0.0 0.0 0.0 0

1745400697
0.0 0.0 0.0 0

1745400698
0.0 0.0 0.0 0

1745400699
0.0 0.0 0.0 0

1745400700
0.0 0.0 0.0 0

1745400701
0.0 0.0 0.0 0

1745400702
0.0 0.0 0.0 0

1745400703
0.0 0.0 0.0 0

1745400704
0.0 0.0 0.0 0

1745400705
0.0 0.0 0.0 0

1745400706
0.0 0.0 0.0 0

1745400707
0.0 0.0 0.0 0

1745400708
0.0 0.0 0.0 0

1745400709
0.0 0.0 0.0 0

1745400710
0.0 0.0 0.0 0

1745400711
0.0 0.0 0.0 0

1745400712
0.0 0.0 0.0 0

1745400713
0.0 0.0 0.0 0

1745400714
0.0 0.0 0.0 0

1745400715
0.0 0.0 0.0 0

1745400716
0.0 0.0 0.0 0

1745400717
0.0 0.0 0.0 0

1745400718
0.0 0.0 0.0 0

1745400719
0.0 0.0 0.0 1

1745400720
0.0 0.0 0.0 0

1745400721
0.0 0.0 0.0 27

1745400722
0.0 0.0 0.0 0

1745400723
0.0 0.0 0.0 0

1745400724
0.0 0.0 0.0 0

1745400725
0.0 0.0 0.0 0

1745400726
0.0 0.0 0.0 0

1745400727
0.0 0.0 0.0 0

1745400728
0.0 0.0 0.0 0

1745400729
0.0 0.0 0.0 0

1745400730
0.0 0.0 0.0 0

1745400731
0.0 0.0 0.0 0

1745400732
0.0 0.0 0.0 0

1745400733
0.0 0.0 0.0 0

1745400734
0.0 0.0 0.0 0

1745400735
0.0 0.0 0.0 0

1745400736
0.0 0.0 0.0 0

1745400737
0.0 0.0 0.0 1

1745400738
0.0 0.0 0.0 0

1745400739
0.0 0.0 0.0 0

1745400740
0.0 0.0 0.0 0

1745400741
0.0 0.0 0.0 0

1745400742
0.0 0.0 0.0 0

1745400743
0.0 0.0 0.0 0

1745400744
0.0 0.0 0.0 0

1745400745
0.0 0.0 0.0 0

1745400746
0.0 0.0 0.0 0

1745400747
0.0 0.0 0.0 0

1745400748
0.0 0.0 0.0 0

1745400749
0.0 0.0 0.0 0

1745400750
0.0 0.0 0.0 0

1745400751
0.0 0.0 0.0 0

1745400753
0.0 0.0 0.0 0

1745400755
0.0 0.0 0.0 1

1745400756
0.0 0.0 0.0 0

1745400757
0.0 0.0 0.0 0

1745400758
0.0 0.0 0.0 0

1745400759
0.0 0.0 0.0 0

1745400760
0.0 0.0 0.0 1

1745400761
0.0 0.0 0.0 0

1745400762
0.0 0.0 0.0 0

1745400763
0.0 0.0 0.0 1

1745400764
0.0 0.0 0.0 0

1745400765
0.0 0.0 0.0 47

1745400766
0.0 0.0 0.0 0

1745400767
0.0 0.0 0.0 0

1745400768
0.0 0.0 0.0 0

1745400769
0.0 0.0 0.0 0

1745400770
0.0 0.0 0.0 0

1745400771
0.0 0.0 0.0 0

1745400772
0.0 0.0 0.0 0

1745400773
0.0 0.0 0.0 1

1745400774
0.0 0.0 0.0 0

1745400775
0.0 0.0 0.0 0

1745400776
0.0 0.0 0.0 0

1745400777
0.0 0.0 0.0 0

1745400778
0.0 0.0 0.0 0

1745400779
0.0 0.0 0.0 56

1745400780
0.0 0.0 0.0 1

1745400781
0.0 0.0 0.0 0

1745400782
0.0 0.0 0.0 0

1745400783
0.0 0.0 0.0 1

1745400784
0.0 0.0 0.0 40

1745400785
0.0 0.0 0.0 0

1745400786
0.0 0.0 0.0 0

1745400787
0.0 0.0 0.0 0

1745400788
0.0 0.0 0.0 0

1745400789
0.0 0.0 0.0 0

1745400790
0.0 0.0 0.0 0

1745400791
0.0 0.0 0.0 0

1745400792
0.0 0.0 0.0 0

1745400793
0.0 0.0 0.0 0

1745400794
0.0 0.0 0.0 1761

1745400795
0.0 0.0 0.0 0

1745400796
0.0 0.0 0.0 0

1745400797
0.0 0.0 0.0 0

1745400798
0.0 0.0 0.0 238

1745400799
0.0 0.0 0.0 0

1745400800
0.0 0.0 0.0 0

1745400801
0.0 0.0 0.0 0

1745400802
0.0 0.0 0.0 0

1745400803
0.0 0.0 0.0 0

1745400804
0.0 0.0 0.0 0

1745400805
0.0 0.0 0.0 0

1745400806
0.0 0.0 0.0 0

1745400807
0.0 0.0 0.0 0

1745400808
0.0 0.0 0.0 0

1745400809
0.0 0.0 0.0 0

1745400810
0.0 0.0 0.0 0

1745400811
0.0 0.0 0.0 0

1745400812
0.0 0.0 0.0 0

1745400813
0.0 0.0 0.0 0

1745400814
0.0 0.0 0.0 0

1745400815
0.0 0.0 0.0 871

1745400816
0.0 0.0 0.0 0

1745400817
0.0 0.0 0.0 0

1745400818
0.0 0.0 0.0 0

1745400819
0.0 0.0 0.0 0

1745400820
0.0 0.0 0.0 0

1745400821
0.0 0.0 0.0 0

1745400822
0.0 0.0 0.0 0

1745400823
0.0 0.0 0.0 0

1745400824
0.0 0.0 0.0 0

1745400825
0.0 0.0 0.0 2306

1745400826
0.0 0.0 0.0 183

1745400827
0.0 0.0 0.0 0

1745400828
0.0 0.0 0.0 1

1745400829
0.0 0.0 0.0 0

1745400830
0.0 0.0 0.0 0

1745400831
0.0 0.0 0.0 0

1745400832
0.0 0.0 0.0 0

1745400833
0.0 0.0 0.0 0

1745400834
0.0 0.0 0.0 1

1745400835
0.0 0.0 0.0 0

1745400836
0.0 0.0 0.0 0

1745400837
0.0 0.0 0.0 1

1745400838
0.0 0.0 0.0 1

1745400839
0.0 0.0 0.0 0

1745400840
0.0 0.0 0.0 0

1745400841
0.0 0.0 0.0 69

1745400842
0.0 0.0 0.0 0

1745400843
0.0 0.0 0.0 0

1745400844
0.0 0.0 0.0 0

1745400845
0.0 0.0 0.0 0

1745400846
0.0 0.0 0.0 0

1745400847
0.0 0.0 0.0 0

1745400848
0.0 0.0 0.0 0

1745400849
0.0 0.0 0.0 0

1745400850
0.0 0.0 0.0 0

1745400851
0.0 0.0 0.0 0

1745400852
0.0 0.0 0.0 1

1745400853
0.0 0.0 0.0 1

1745400854
0.0 0.0 0.0 0

1745400855
0.0 0.0 0.0 0

1745400856
0.0 0.0 0.0 1

1745400857
0.0 0.0 0.0 0

1745400859
0.0 0.0 0.0 2

1745400860
0.0 0.0 0.0 1

1745400861
0.0 0.0 0.0 0

1745400862
0.0 0.0 0.0 0

1745400863
0.0 0.0 0.0 0

1745400864
0.0 0.0 0.0 0

1745400865
0.0 0.0 0.0 0

1745400866
0.0 0.0 0.0 0

1745400867
0.0 0.0 0.0 1

1745400868
0.0 0.0 0.0 0

1745400869
0.0 0.0 0.0 76

1745400870
0.0 0.0 0.0 0

1745400871
0.0 0.0 0.0 0

1745400872
0.0 0.0 0.0 0

1745400873
0.0 0.0 0.0 0

1745400874
0.0 0.0 0.0 0

1745400875
0.0 0.0 0.0 0

1745400876
0.0 0.0 0.0 0

1745400877
0.0 0.0 0.0 0

1745400878
0.0 0.0 0.0 0

1745400879
0.0 0.0 0.0 1

1745400880
0.0 0.0 0.0 0

1745400881
0.0 0.0 0.0 0

1745400882
0.0 0.0 0.0 0

1745400883
0.0 0.0 0.0 0

1745400884
0.0 0.0 0.0 0

1745400885
0.0 0.0 0.0 2

1745400886
0.0 0.0 0.0 2

1745400887
0.0 0.0 0.0 0

1745400888
0.0 0.0 0.0 20

1745400889
0.0 0.0 0.0 1

1745400890
0.0 0.0 0.0 0

1745400891
0.0 0.0 0.0 0

1745400892
0.0 0.0 0.0 0

1745400893
0.0 0.0 0.0 0

1745400894
0.0 0.0 0.0 0

1745400895
0.0 0.0 0.0 1088

1745400896
0.0 0.0 0.0 0

1745400897
0.0 0.0 0.0 0

1745400898
0.0 0.0 0.0 0

1745400899
0.0 0.0 0.0 11

1745400900
0.0 0.0 0.0 0

1745400902
0.0 0.0 0.0 3

1745400903
0.0 0.0 0.0 0

1745400904
0.0 0.0 0.0 0

1745400905
0.0 0.0 0.0 0

1745400906
0.0 0.0 0.0 0

1745400907
0.0 0.0 0.0 0

1745400908
0.0 0.0 0.0 0

1745400909
0.0 0.0 0.0 0

1745400910
0.0 0.0 0.0 1

1745400911
0.0 0.0 0.0 0

1745400912
0.0 0.0 0.0 0

1745400913
0.0 0.0 0.0 0

1745400914
0.0 0.0 0.0 1

1745400915
0.0 0.0 0.0 0

1745400916
0.0 0.0 0.0 0

1745400917
0.0 0.0 0.0 0

1745400918
0.0 0.0 0.0 0

1745400919
0.0 0.0 0.0 0

1745400920
0.0 0.0 0.0 0

1745400921
0.0 0.0 0.0 0

1745400922
0.0 0.0 0.0 2

1745400923
0.0 0.0 0.0 0

1745400924
0.0 0.0 0.0 0

1745400925
0.0 0.0 0.0 0

1745400926
0.0 0.0 0.0 0

1745400927
0.0 0.0 0.0 1

1745400928
0.0 0.0 0.0 0

1745400929
0.0 0.0 0.0 0

1745400930
0.0 0.0 0.0 0

1745400931
0.0 0.0 0.0 0

1745400932
0.0 0.0 0.0 0

1745400933
0.0 0.0 0.0 0

1745400934
0.0 0.0 0.0 0

1745400935
0.0 0.0 0.0 0

1745400936
0.0 0.0 0.0 0

1745400937
0.0 0.0 0.0 0

1745400938
0.0 0.0 0.0 0

1745400939
0.0 0.0 0.0 1

1745400940
0.0 0.0 0.0 0

1745400941
0.0 0.0 0.0 0

1745400942
0.0 0.0 0.0 0

1745400943
0.0 0.0 0.0 1

1745400944
0.0 0.0 0.0 0

1745400945
0.0 0.0 0.0 0

1745400946
0.0 0.0 0.0 0

1745400947
0.0 0.0 0.0 1

1745400948
0.0 0.0 0.0 0

1745400949
0.0 0.0 0.0 0

1745400950
0.0 0.0 0.0 0

1745400951
0.0 0.0 0.0 0

1745400952
0.0 0.0 0.0 0

1745400953
0.0 0.0 0.0 0

1745400954
0.0 0.0 0.0 2

1745400955
0.0 0.0 0.0 0

1745400956
0.0 0.0 0.0 0

1745400957
0.0 0.0 0.0 0

1745400958
0.0 0.0 0.0 0

1745400959
0.0 0.0 0.0 1

1745400960
0.0 0.0 0.0 4

1745400961
0.0 0.0 0.0 0

1745400962
0.0 0.0 0.0 0

1745400963
0.0 0.0 0.0 0

1745400964
0.0 0.0 0.0 0

1745400965
0.0 0.0 0.0 0

1745400966
0.0 0.0 0.0 2

1745400967
0.0 0.0 0.0 0

1745400968
0.0 0.0 0.0 0

1745400969
0.0 0.0 0.0 1

1745400970
0.0 0.0 0.0 0

1745400971
0.0 0.0 0.0 0

1745400972
0.0 0.0 0.0 0

1745400973
0.0 0.0 0.0 0

1745400974
0.0 0.0 0.0 0

1745400975
0.0 0.0 0.0 0

1745400976
0.0 0.0 0.0 0

1745400977
0.0 0.0 0.0 80

1745400978
0.0 0.0 0.0 0

1745400979
0.0 0.0 0.0 0

1745400980
0.0 0.0 0.0 0

1745400981
0.0 0.0 0.0 1

1745400982
0.0 0.0 0.0 2

1745400983
0.0 0.0 0.0 0

1745400984
0.0 0.0 0.0 0

1745400985
0.0 0.0 0.0 0

1745400986
0.0 0.0 0.0 1

1745400987
0.0 0.0 0.0 0

1745400988
0.0 0.0 0.0 13

1745400989
0.0 0.0 0.0 58

1745400990
0.0 0.0 0.0 96

1745400991
0.0 0.0 0.0 64

1745400992
0.0 0.0 0.0 29

1745400993
0.0 0.0 0.0 55

1745400994
0.0 0.0 0.0 73

1745400995
0.0 0.0 0.0 7

1745400996
0.0 0.0 0.0 0

1745400997
0.0 0.0 0.0 0

1745400998
0.0 0.0 0.0 0

1745400999
0.0 0.0 0.0 0

1745401000
0.0 0.0 0.0 0

1745401001
0.0 0.0 0.0 0

1745401002
0.0 0.0 0.0 0

1745401003
0.0 0.0 0.0 0

1745401004
0.0 0.0 0.0 0

1745401005
0.0 0.0 0.0 0

1745401006
0.0 0.0 0.0 0

1745401007
0.0 0.0 0.0 0

1745401008
0.0 0.0 0.0 0

1745401009
0.0 0.0 0.0 0

1745401010
0.0 0.0 0.0 0

1745401011
0.0 0.0 0.0 770

1745401012
0.0 0.0 0.0 20

1745401013
0.0 0.0 0.0 0

1745401014
0.0 0.0 0.0 0

1745401015
0.0 0.0 0.0 0

1745401016
0.0 0.0 0.0 0

1745401017
0.0 0.0 0.0 0

1745401018
0.0 0.0 0.0 0

1745401019
0.0 0.0 0.0 0

1745401020
0.0 0.0 0.0 0

1745401021
0.0 0.0 0.0 25

1745401022
0.0 0.0 0.0 0

1745401023
0.0 0.0 0.0 0

1745401024
0.0 0.0 0.0 0

1745401025
0.0 0.0 0.0 0

1745401026
0.0 0.0 0.0 0

1745401027
0.0 0.0 0.0 14

1745401028
0.0 0.0 0.0 0

1745401029
0.0 0.0 0.0 38

1745401030
0.0 0.0 0.0 8

1745401031
0.0 0.0 0.0 0

1745401032
0.0 0.0 0.0 0

1745401033
0.0 0.0 0.0 144

1745401034
0.0 0.0 0.0 0

1745401035
0.0 0.0 0.0 0

1745401036
0.0 0.0 0.0 2

1745401037
0.0 0.0 0.0 1

1745401038
0.0 0.0 0.0 1

1745401039
0.0 0.0 0.0 0

1745401040
0.0 0.0 0.0 0

1745401041
0.0 0.0 0.0 0

1745401042
0.0 0.0 0.0 0

1745401043
0.0 0.0 0.0 0

1745401044
0.0 0.0 0.0 0

1745401045
0.0 0.0 0.0 0

1745401046
0.0 0.0 0.0 1

1745401047
0.0 0.0 0.0 0

1745401048
0.0 0.0 0.0 50

1745401049
0.0 0.0 0.0 0

1745401050
0.0 0.0 0.0 0

1745401051
0.0 0.0 0.0 0

1745401052
0.0 0.0 0.0 0

1745401053
0.0 0.0 0.0 267

1745401054
0.0 0.0 0.0 0

1745401055
0.0 0.0 0.0 0

1745401056
0.0 0.0 0.0 0

1745401057
0.0 0.0 0.0 0

1745401058
0.0 0.0 0.0 0

1745401059
0.0 0.0 0.0 0

1745401060
0.0 0.0 0.0 0

1745401061
0.0 0.0 0.0 0

1745401062
0.0 0.0 0.0 0

1745401063
0.0 0.0 0.0 30

1745401064
0.0 0.0 0.0 1

1745401065
0.0 0.0 0.0 0

1745401066
0.0 0.0 0.0 0

1745401067
0.0 0.0 0.0 0

1745401068
0.0 0.0 0.0 398

1745401069
0.0 0.0 0.0 0

1745401070
0.0 0.0 0.0 0

1745401071
0.0 0.0 0.0 0

1745401072
0.0 0.0 0.0 0

1745401073
0.0 0.0 0.0 0

1745401074
0.0 0.0 0.0 59

1745401075
0.0 0.0 0.0 0

1745401076
0.0 0.0 0.0 0

1745401077
0.0 0.0 0.0 0

1745401078
0.0 0.0 0.0 0

1745401079
0.0 0.0 0.0 8

1745401080
0.0 0.0 0.0 1

1745401081
0.0 0.0 0.0 0

1745401082
0.0 0.0 0.0 0

1745401083
0.0 0.0 0.0 0

1745401084
0.0 0.0 0.0 0

1745401085
0.0 0.0 0.0 4943

1745401086
0.0 0.0 0.0 0

1745401087
0.0 0.0 0.0 0

1745401088
0.0 0.0 0.0 0

1745401089
0.0 0.0 0.0 0

1745401090
0.0 0.0 0.0 0

1745401091
0.0 0.0 0.0 0

1745401092
0.0 0.0 0.0 0

1745401093
0.0 0.0 0.0 0

1745401094
0.0 0.0 0.0 0

1745401095
0.0 0.0 0.0 0

1745401096
0.0 0.0 0.0 0

1745401097
0.0 0.0 0.0 0

1745401098
0.0 0.0 0.0 0

1745401099
0.0 0.0 0.0 0

1745401100
0.0 0.0 0.0 0

1745401101
0.0 0.0 0.0 0

1745401102
0.0 0.0 0.0 0

1745401103
0.0 0.0 0.0 0

1745401104
0.0 0.0 0.0 0

1745401105
0.0 0.0 0.0 0

1745401106
0.0 0.0 0.0 11

1745401107
0.0 0.0 0.0 0

1745401108
0.0 0.0 0.0 0

1745401109
0.0 0.0 0.0 0

1745401110
0.0 0.0 0.0 0

1745401111
0.0 0.0 0.0 0

1745401112
0.0 0.0 0.0 0

1745401113
0.0 0.0 0.0 0

1745401114
0.0 0.0 0.0 0

1745401115
0.0 0.0 0.0 0

1745401116
0.0 0.0 0.0 0

1745401117
0.0 0.0 0.0 113

1745401119
0.0 0.0 0.0 0

1745401120
0.0 0.0 0.0 0

1745401121
0.0 0.0 0.0 0

1745401122
0.0 0.0 0.0 0

1745401123
0.0 0.0 0.0 0

1745401124
0.0 0.0 0.0 0

1745401125
0.0 0.0 0.0 0

1745401126
0.0 0.0 0.0 0

1745401127
0.0 0.0 0.0 0

1745401128
0.0 0.0 0.0 0

1745401129
0.0 0.0 0.0 0

1745401130
0.0 0.0 0.0 0

1745401131
0.0 0.0 0.0 2

1745401132
0.0 0.0 0.0 0

1745401133
0.0 0.0 0.0 0

1745401135
0.0 0.0 0.0 373

1745401136
0.0 0.0 0.0 74

1745401137
0.0 0.0 0.0 0

1745401138
0.0 0.0 0.0 0

1745401139
0.0 0.0 0.0 0

1745401140
0.0 0.0 0.0 0

1745401141
0.0 0.0 0.0 0

1745401142
0.0 0.0 0.0 0

1745401143
0.0 0.0 0.0 0

1745401144
0.0 0.0 0.0 58

1745401145
0.0 0.0 0.0 0

1745401146
0.0 0.0 0.0 0

1745401147
0.0 0.0 0.0 5

1745401148
0.0 0.0 0.0 0

1745401149
0.0 0.0 0.0 0

1745401150
0.0 0.0 0.0 0

1745401151
0.0 0.0 0.0 0

1745401152
0.0 0.0 0.0 84

1745401153
0.0 0.0 0.0 0

1745401154
0.0 0.0 0.0 471

1745401155
0.0 0.0 0.0 0

1745401156
0.0 0.0 0.0 0

1745401157
0.0 0.0 0.0 0

1745401158
0.0 0.0 0.0 0

1745401159
0.0 0.0 0.0 0

1745401160
0.0 0.0 0.0 150

1745401161
0.0 0.0 0.0 3

1745401162
0.0 0.0 0.0 8

1745401163
0.0 0.0 0.0 52

1745401164
0.0 0.0 0.0 0

1745401165
0.0 0.0 0.0 5

1745401166
0.0 0.0 0.0 488

1745401167
0.0 0.0 0.0 202

1745401168
0.0 0.0 0.0 0

1745401169
0.0 0.0 0.0 0

1745401170
0.0 0.0 0.0 0

1745401171
0.0 0.0 0.0 0

1745401172
0.0 0.0 0.0 0

1745401173
0.0 0.0 0.0 0

1745401174
0.0 0.0 0.0 0

1745401175
0.0 0.0 0.0 0

1745401176
0.0 0.0 0.0 0

1745401177
0.0 0.0 0.0 0

1745401178
0.0 0.0 0.0 14

1745401179
0.0 0.0 0.0 0

1745401180
0.0 0.0 0.0 0

1745401181
0.0 0.0 0.0 0

1745401182
0.0 0.0 0.0 0

1745401183
0.0 0.0 0.0 28

1745401184
0.0 0.0 0.0 35

1745401185
0.0 0.0 0.0 39

1745401186
0.0 0.0 0.0 0

1745401187
0.0 0.0 0.0 59

1745401188
0.0 0.0 0.0 26

1745401189
0.0 0.0 0.0 20

1745401190
0.0 0.0 0.0 8

1745401191
0.0 0.0 0.0 62

1745401192
0.0 0.0 0.0 0

1745401193
0.0 0.0 0.0 24

1745401194
0.0 0.0 0.0 1

1745401195
0.0 0.0 0.0 0

1745401196
0.0 0.0 0.0 0

1745401197
0.0 0.0 0.0 0

1745401198
0.0 0.0 0.0 470

1745401199
0.0 0.0 0.0 0

1745401200
0.0 0.0 0.0 0

1745401201
0.0 0.0 0.0 0

1745401202
0.0 0.0 0.0 0

1745401203
0.0 0.0 0.0 0

1745401204
0.0 0.0 0.0 0

1745401205
0.0 0.0 0.0 0

1745401206
0.0 0.0 0.0 0

1745401207
0.0 0.0 0.0 0

1745401208
0.0 0.0 0.0 0

1745401209
0.0 0.0 0.0 26

1745401210
0.0 0.0 0.0 0

1745401211
0.0 0.0 0.0 0

1745401212
0.0 0.0 0.0 0

1745401213
0.0 0.0 0.0 0

1745401214
0.0 0.0 0.0 0

1745401215
0.0 0.0 0.0 0

1745401216
0.0 0.0 0.0 0

1745401217
0.0 0.0 0.0 0

1745401218
0.0 0.0 0.0 0

1745401219
0.0 0.0 0.0 0

1745401220
0.0 0.0 0.0 0

1745401221
0.0 0.0 0.0 0

1745401222
0.0 0.0 0.0 0

1745401223
0.0 0.0 0.0 0

1745401224
0.0 0.0 0.0 0

1745401225
0.0 0.0 0.0 0

1745401226
0.0 0.0 0.0 0

1745401227
0.0 0.0 0.0 43

1745401228
0.0 0.0 0.0 24

1745401229
0.0 0.0 0.0 51

1745401230
0.0 0.0 0.0 17

1745401231
0.0 0.0 0.0 89

1745401232
0.0 0.0 0.0 53

1745401233
0.0 0.0 0.0 31

1745401234
0.0 0.0 0.0 0

1745401235
0.0 0.0 0.0 0

1745401236
0.0 0.0 0.0 1

1745401237
0.0 0.0 0.0 0

1745401238
0.0 0.0 0.0 20

1745401239
0.0 0.0 0.0 33

1745401240
0.0 0.0 0.0 0

1745401241
0.0 0.0 0.0 90

1745401242
0.0 0.0 0.0 54

1745401243
0.0 0.0 0.0 18

1745401244
0.0 0.0 0.0 100

1745401245
0.0 0.0 0.0 0

1745401246
0.0 0.0 0.0 1

1745401247
0.0 0.0 0.0 2

1745401248
0.0 0.0 0.0 0

1745401249
0.0 0.0 0.0 2

1745401250
0.0 0.0 0.0 8

1745401251
0.0 0.0 0.0 0

1745401252
0.0 0.0 0.0 0

1745401253
0.0 0.0 0.0 2

1745401254
0.0 0.0 0.0 1

1745401255
0.0 0.0 0.0 1

1745401256
0.0 0.0 0.0 4

1745401257
0.0 0.0 0.0 78

1745401258
0.0 0.0 0.0 0

1745401259
0.0 0.0 0.0 0

1745401260
0.0 0.0 0.0 0

1745401261
0.0 0.0 0.0 0

1745401262
0.0 0.0 0.0 0

1745401263
0.0 0.0 0.0 0

1745401264
0.0 0.0 0.0 0

1745401265
0.0 0.0 0.0 0

1745401266
0.0 0.0 0.0 0

1745401267
0.0 0.0 0.0 0

1745401268
0.0 0.0 0.0 54

1745401269
0.0 0.0 0.0 0

1745401270
0.0 0.0 0.0 98

1745401271
0.0 0.0 0.0 0

1745401272
0.0 0.0 0.0 0

1745401273
0.0 0.0 0.0 0

1745401274
0.0 0.0 0.0 0

1745401275
0.0 0.0 0.0 5

1745401276
0.0 0.0 0.0 0

1745401277
0.0 0.0 0.0 0

1745401278
0.0 0.0 0.0 0

1745401279
0.0 0.0 0.0 0

1745401280
0.0 0.0 0.0 0

1745401281
0.0 0.0 0.0 0

1745401282
0.0 0.0 0.0 475

1745401283
0.0 0.0 0.0 212

1745401284
0.0 0.0 0.0 140

1745401285
0.0 0.0 0.0 0

1745401286
0.0 0.0 0.0 0

1745401287
0.0 0.0 0.0 0

1745401288
0.0 0.0 0.0 0

1745401289
0.0 0.0 0.0 2

1745401290
0.0 0.0 0.0 0

1745401291
0.0 0.0 0.0 0

1745401292
0.0 0.0 0.0 3

1745401293
0.0 0.0 0.0 0

1745401294
0.0 0.0 0.0 198

1745401295
0.0 0.0 0.0 354

1745401296
0.0 0.0 0.0 0

1745401297
0.0 0.0 0.0 0

1745401298
0.0 0.0 0.0 0

1745401299
0.0 0.0 0.0 0

1745401300
0.0 0.0 0.0 0

1745401301
0.0 0.0 0.0 2

1745401302
0.0 0.0 0.0 0

1745401303
0.0 0.0 0.0 0

1745401304
0.0 0.0 0.0 0

1745401305
0.0 0.0 0.0 0

1745401306
0.0 0.0 0.0 12

1745401307
0.0 0.0 0.0 0

1745401308
0.0 0.0 0.0 0

1745401309
0.0 0.0 0.0 0

1745401310
0.0 0.0 0.0 0

1745401311
0.0 0.0 0.0 8

1745401312
0.0 0.0 0.0 0

1745401313
0.0 0.0 0.0 1673

1745401314
0.0 0.0 0.0 0

1745401315
0.0 0.0 0.0 289

1745401316
0.0 0.0 0.0 1

1745401317
0.0 0.0 0.0 0

1745401318
0.0 0.0 0.0 0

1745401319
0.0 0.0 0.0 0

1745401320
0.0 0.0 0.0 0

1745401321
0.0 0.0 0.0 0

1745401322
0.0 0.0 0.0 0

1745401323
0.0 0.0 0.0 0

1745401324
0.0 0.0 0.0 0

1745401325
0.0 0.0 0.0 0

1745401326
0.0 0.0 0.0 0

1745401327
0.0 0.0 0.0 54

1745401328
0.0 0.0 0.0 23

1745401329
0.0 0.0 0.0 0

1745401330
0.0 0.0 0.0 18

1745401331
0.0 0.0 0.0 8

1745401332
0.0 0.0 0.0 42

1745401333
0.0 0.0 0.0 1250

1745401334
0.0 0.0 0.0 1804

1745401335
0.0 0.0 0.0 0

1745401336
0.0 0.0 0.0 32

1745401337
0.0 0.0 0.0 24

1745401338
0.0 0.0 0.0 0

1745401339
0.0 0.0 0.0 0

1745401340
0.0 0.0 0.0 0

1745401341
0.0 0.0 0.0 0

1745401342
0.0 0.0 0.0 0

1745401343
0.0 0.0 0.0 1652

1745401344
0.0 0.0 0.0 37

1745401345
0.0 0.0 0.0 30

1745401346
0.0 0.0 0.0 0

1745401347
0.0 0.0 0.0 0

1745401348
0.0 0.0 0.0 0

1745401349
0.0 0.0 0.0 0

1745401350
0.0 0.0 0.0 505

1745401351
0.0 0.0 0.0 0

1745401352
0.0 0.0 0.0 1945

1745401353
0.0 0.0 0.0 0

1745401354
0.0 0.0 0.0 0

1745401355
0.0 0.0 0.0 105

1745401356
0.0 0.0 0.0 94

1745401357
0.0 0.0 0.0 129

1745401358
0.0 0.0 0.0 56

1745401359
0.0 0.0 0.0 94

1745401360
0.0 0.0 0.0 2702

1745401361
0.0 0.0 0.0 2

1745401362
0.0 0.0 0.0 45

1745401363
0.0 0.0 0.0 0

1745401364
0.0 0.0 0.0 0

1745401365
0.0 0.0 0.0 2404

1745401366
0.0 0.0 0.0 1928

1745401367
0.0 0.0 0.0 0

1745401368
0.0 0.0 0.0 130

1745401369
0.0 0.0 0.0 28

1745401370
0.0 0.0 0.0 0

1745401371
0.0 0.0 0.0 0

1745401372
0.0 0.0 0.0 0

1745401373
0.0 0.0 0.0 0

1745401375
0.0 0.0 0.0 0

1745401376
0.0 0.0 0.0 491

1745401377
0.0 0.0 0.0 66

1745401378
0.0 0.0 0.0 297

1745401379
0.0 0.0 0.0 0

1745401380
0.0 0.0 0.0 4

1745401381
0.0 0.0 0.0 63

1745401382
0.0 0.0 0.0 1

1745401383
0.0 0.0 0.0 0

1745401384
0.0 0.0 0.0 3

1745401385
0.0 0.0 0.0 2

1745401386
0.0 0.0 0.0 0

1745401387
0.0 0.0 0.0 0

1745401388
0.0 0.0 0.0 1

1745401389
0.0 0.0 0.0 0

1745401390
0.0 0.0 0.0 0

1745401391
0.0 0.0 0.0 0

1745401392
0.0 0.0 0.0 1

1745401393
0.0 0.0 0.0 383

1745401394
0.0 0.0 0.0 0

1745401395
0.0 0.0 0.0 0

1745401396
0.0 0.0 0.0 0

1745401397
0.0 0.0 0.0 0

1745401398
0.0 0.0 0.0 0

1745401399
0.0 0.0 0.0 0

1745401400
0.0 0.0 0.0 0

1745401401
0.0 0.0 0.0 0

1745401402
0.0 0.0 0.0 0

1745401403
0.0 0.0 0.0 0

1745401404
0.0 0.0 0.0 0

1745401405
0.0 0.0 0.0 1973

1745401406
0.0 0.0 0.0 4039

1745401407
0.0 0.0 0.0 0

1745401408
0.0 0.0 0.0 0

1745401409
0.0 0.0 0.0 0

1745401410
0.0 0.0 0.0 0

1745401411
0.0 0.0 0.0 428

1745401412
0.0 0.0 0.0 788

1745401413
0.0 0.0 0.0 2096

1745401414
0.0 0.0 0.0 1

1745401415
0.0 0.0 0.0 0

1745401416
0.0 0.0 0.0 0

1745401417
0.0 0.0 0.0 0

1745401418
0.0 0.0 0.0 0

1745401419
0.0 0.0 0.0 115

1745401420
0.0 0.0 0.0 0

1745401421
0.0 0.0 0.0 0

1745401422
0.0 0.0 0.0 0

1745401423
0.0 0.0 0.0 0

1745401424
0.0 0.0 0.0 594

1745401425
0.0 0.0 0.0 6

1745401426
0.0 0.0 0.0 0

1745401427
0.0 0.0 0.0 0

1745401428
0.0 0.0 0.0 0

1745401429
0.0 0.0 0.0 0

1745401430
0.0 0.0 0.0 0

1745401431
0.0 0.0 0.0 0

1745401432
0.0 0.0 0.0 0

1745401433
0.0 0.0 0.0 0

1745401434
0.0 0.0 0.0 1

1745401435
0.0 0.0 0.0 0

1745401436
0.0 0.0 0.0 2

1745401437
0.0 0.0 0.0 0

1745401438
0.0 0.0 0.0 0

1745401439
0.0 0.0 0.0 0

1745401440
0.0 0.0 0.0 0

1745401441
0.0 0.0 0.0 10

1745401442
0.0 0.0 0.0 0

1745401443
0.0 0.0 0.0 0

1745401444
0.0 0.0 0.0 0

1745401445
0.0 0.0 0.0 0

1745401446
0.0 0.0 0.0 0

1745401447
0.0 0.0 0.0 0

1745401448
0.0 0.0 0.0 0

1745401449
0.0 0.0 0.0 0

1745401450
0.0 0.0 0.0 0

1745401451
0.0 0.0 0.0 0

1745401452
0.0 0.0 0.0 0

1745401453
0.0 0.0 0.0 0

1745401454
0.0 0.0 0.0 0

1745401455
0.0 0.0 0.0 2169

1745401456
0.0 0.0 0.0 2184

1745401457
0.0 0.0 0.0 19

1745401458
0.0 0.0 0.0 0

1745401459
0.0 0.0 0.0 4

1745401460
0.0 0.0 0.0 0

1745401461
0.0 0.0 0.0 1478

1745401462
0.0 0.0 0.0 0

1745401463
0.0 0.0 0.0 0

1745401464
0.0 0.0 0.0 1

1745401465
0.0 0.0 0.0 0

1745401466
0.0 0.0 0.0 0

1745401467
0.0 0.0 0.0 0

1745401468
0.0 0.0 0.0 0

1745401469
0.0 0.0 0.0 0

1745401470
0.0 0.0 0.0 0

1745401471
0.0 0.0 0.0 15

1745401472
0.0 0.0 0.0 0

1745401473
0.0 0.0 0.0 0

1745401474
0.0 0.0 0.0 0

1745401475
0.0 0.0 0.0 0

1745401476
0.0 0.0 0.0 0

1745401477
0.0 0.0 0.0 0

1745401478
0.0 0.0 0.0 0

1745401479
0.0 0.0 0.0 0

1745401480
0.0 0.0 0.0 0

1745401481
0.0 0.0 0.0 154

1745401482
0.0 0.0 0.0 21

1745401483
0.0 0.0 0.0 0

1745401484
0.0 0.0 0.0 0

1745401485
0.0 0.0 0.0 1929

1745401486
0.0 0.0 0.0 210

1745401487
0.0 0.0 0.0 1

1745401488
0.0 0.0 0.0 0

1745401489
0.0 0.0 0.0 0

1745401490
0.0 0.0 0.0 0

1745401491
0.0 0.0 0.0 0

1745401492
0.0 0.0 0.0 0

1745401493
0.0 0.0 0.0 0

1745401494
0.0 0.0 0.0 1

1745401495
0.0 0.0 0.0 0

1745401496
0.0 0.0 0.0 0

1745401497
0.0 0.0 0.0 0

1745401498
0.0 0.0 0.0 0

1745401499
0.0 0.0 0.0 0

1745401500
0.0 0.0 0.0 0

1745401501
0.0 0.0 0.0 0

1745401502
0.0 0.0 0.0 0

1745401503
0.0 0.0 0.0 0

1745401504
0.0 0.0 0.0 0

1745401505
0.0 0.0 0.0 0

1745401506
0.0 0.0 0.0 0

1745401507
0.0 0.0 0.0 0

1745401508
0.0 0.0 0.0 0

1745401509
0.0 0.0 0.0 0

1745401510
0.0 0.0 0.0 0

1745401511
0.0 0.0 0.0 0

1745401512
0.0 0.0 0.0 0

1745401513
0.0 0.0 0.0 0

1745401514
0.0 0.0 0.0 197

1745401515
0.0 0.0 0.0 0

1745401516
0.0 0.0 0.0 0

1745401517
0.0 0.0 0.0 264

1745401518
0.0 0.0 0.0 0

1745401519
0.0 0.0 0.0 0

1745401520
0.0 0.0 0.0 0

1745401521
0.0 0.0 0.0 1

1745401522
0.0 0.0 0.0 5

1745401523
0.0 0.0 0.0 0

1745401524
0.0 0.0 0.0 1

1745401525
0.0 0.0 0.0 0

1745401526
0.0 0.0 0.0 0

1745401527
0.0 0.0 0.0 3

1745401528
0.0 0.0 0.0 0

1745401529
0.0 0.0 0.0 0

1745401530
0.0 0.0 0.0 0

1745401531
0.0 0.0 0.0 0

1745401532
0.0 0.0 0.0 0

1745401533
0.0 0.0 0.0 0

1745401534
0.0 0.0 0.0 0

1745401535
0.0 0.0 0.0 0

1745401536
0.0 0.0 0.0 0

1745401537
0.0 0.0 0.0 0

1745401538
0.0 0.0 0.0 0

1745401539
0.0 0.0 0.0 0

1745401540
0.0 0.0 0.0 0

1745401541
0.0 0.0 0.0 0

1745401542
0.0 0.0 0.0 0

1745401543
0.0 0.0 0.0 0

1745401544
0.0 0.0 0.0 0

1745401545
0.0 0.0 0.0 0

1745401546
0.0 0.0 0.0 0

1745401547
0.0 0.0 0.0 0

1745401548
0.0 0.0 0.0 0

1745401549
0.0 0.0 0.0 56

1745401550
0.0 0.0 0.0 0

1745401551
0.0 0.0 0.0 183

1745401552
0.0 0.0 0.0 0

1745401553
0.0 0.0 0.0 0

1745401554
0.0 0.0 0.0 0

1745401555
0.0 0.0 0.0 82

1745401556
0.0 0.0 0.0 40

1745401557
0.0 0.0 0.0 65

1745401558
0.0 0.0 0.0 127

1745401559
0.0 0.0 0.0 148

1745401560
0.0 0.0 0.0 0

1745401561
0.0 0.0 0.0 153

1745401562
0.0 0.0 0.0 1068

1745401563
0.0 0.0 0.0 0

1745401564
0.0 0.0 0.0 11

1745401565
0.0 0.0 0.0 611

1745401566
0.0 0.0 0.0 0

1745401567
0.0 0.0 0.0 1

1745401568
0.0 0.0 0.0 665

1745401569
0.0 0.0 0.0 2

1745401570
0.0 0.0 0.0 114

1745401571
0.0 0.0 0.0 355

1745401572
0.0 0.0 0.0 0

1745401573
0.0 0.0 0.0 2771

1745401574
0.0 0.0 0.0 0

1745401575
0.0 0.0 0.0 0

1745401576
0.0 0.0 0.0 0

1745401577
0.0 0.0 0.0 19

1745401578
0.0 0.0 0.0 43

1745401579
0.0 0.0 0.0 0

1745401580
0.0 0.0 0.0 0

1745401581
0.0 0.0 0.0 0

1745401582
0.0 0.0 0.0 0

1745401583
0.0 0.0 0.0 0

1745401584
0.0 0.0 0.0 5642

1745401585
0.0 0.0 0.0 0

1745401586
0.0 0.0 0.0 0

1745401587
0.0 0.0 0.0 0

1745401588
0.0 0.0 0.0 0

1745401589
0.0 0.0 0.0 0

1745401590
0.0 0.0 0.0 1

1745401591
0.0 0.0 0.0 7

1745401592
0.0 0.0 0.0 0

1745401593
0.0 0.0 0.0 12

1745401594
0.0 0.0 0.0 0

1745401595
0.0 0.0 0.0 0

1745401596
0.0 0.0 0.0 0

1745401597
0.0 0.0 0.0 686

1745401598
0.0 0.0 0.0 27

1745401599
0.0 0.0 0.0 0

1745401600
0.0 0.0 0.0 0

1745401601
0.0 0.0 0.0 0

1745401602
0.0 0.0 0.0 0

1745401603
0.0 0.0 0.0 0

1745401604
0.0 0.0 0.0 0

1745401605
0.0 0.0 0.0 0

1745401606
0.0 0.0 0.0 0

1745401607
0.0 0.0 0.0 0

1745401608
0.0 0.0 0.0 0

1745401609
0.0 0.0 0.0 624

1745401610
0.0 0.0 0.0 3

1745401611
0.0 0.0 0.0 1

1745401612
0.0 0.0 0.0 0

1745401613
0.0 0.0 0.0 137

1745401614
0.0 0.0 0.0 23

1745401615
0.0 0.0 0.0 88

1745401616
0.0 0.0 0.0 10

1745401617
0.0 0.0 0.0 0

1745401618
0.0 0.0 0.0 0

1745401619
0.0 0.0 0.0 0

1745401620
0.0 0.0 0.0 7

1745401621
0.0 0.0 0.0 145

1745401622
0.0 0.0 0.0 88

1745401623
0.0 0.0 0.0 110

1745401624
0.0 0.0 0.0 34

1745401625
0.0 0.0 0.0 63

1745401626
0.0 0.0 0.0 78

1745401627
0.0 0.0 0.0 47

1745401628
0.0 0.0 0.0 59

1745401629
0.0 0.0 0.0 49

1745401630
0.0 0.0 0.0 19

1745401631
0.0 0.0 0.0 3

1745401632
0.0 0.0 0.0 13

1745401633
0.0 0.0 0.0 53

1745401634
0.0 0.0 0.0 34

1745401635
0.0 0.0 0.0 348

1745401636
0.0 0.0 0.0 0

1745401637
0.0 0.0 0.0 141

1745401638
0.0 0.0 0.0 12

1745401639
0.0 0.0 0.0 109

1745401640
0.0 0.0 0.0 173

1745401641
0.0 0.0 0.0 140

1745401642
0.0 0.0 0.0 0

1745401643
0.0 0.0 0.0 0

1745401644
0.0 0.0 0.0 1

1745401645
0.0 0.0 0.0 0

1745401646
0.0 0.0 0.0 0

1745401647
0.0 0.0 0.0 2

1745401648
0.0 0.0 0.0 2

1745401649
0.0 0.0 0.0 0

1745401650
0.0 0.0 0.0 0

1745401651
0.0 0.0 0.0 2

1745401652
0.0 0.0 0.0 0

1745401653
0.0 0.0 0.0 1

1745401654
0.0 0.0 0.0 0

1745401655
0.0 0.0 0.0 1

1745401656
0.0 0.0 0.0 1

1745401657
0.0 0.0 0.0 0

1745401658
0.0 0.0 0.0 2

1745401659
0.0 0.0 0.0 0

1745401660
0.0 0.0 0.0 0

1745401661
0.0 0.0 0.0 3

1745401662
0.0 0.0 0.0 0

1745401663
0.0 0.0 0.0 0

1745401664
0.0 0.0 0.0 3

1745401665
0.0 0.0 0.0 0

1745401666
0.0 0.0 0.0 2

1745401667
0.0 0.0 0.0 1

1745401668
0.0 0.0 0.0 0

1745401669
0.0 0.0 0.0 0

1745401670
0.0 0.0 0.0 0

1745401671
0.0 0.0 0.0 0

1745401672
0.0 0.0 0.0 1

1745401673
0.0 0.0 0.0 1

1745401674
0.0 0.0 0.0 0

1745401676
0.0 0.0 0.0 0

1745401677
0.0 0.0 0.0 27

1745401678
0.0 0.0 0.0 0

1745401679
0.0 0.0 0.0 2

1745401680
0.0 0.0 0.0 76

1745401681
0.0 0.0 0.0 14

1745401682
0.0 0.0 0.0 27

1745401683
0.0 0.0 0.0 95

1745401684
0.0 0.0 0.0 0

1745401685
0.0 0.0 0.0 0

1745401686
0.0 0.0 0.0 23

1745401687
0.0 0.0 0.0 195

1745401688
0.0 0.0 0.0 4

1745401689
0.0 0.0 0.0 0

1745401690
0.0 0.0 0.0 0

1745401691
0.0 0.0 0.0 4

1745401692
0.0 0.0 0.0 0

1745401693
0.0 0.0 0.0 0

1745401694
0.0 0.0 0.0 0

1745401695
0.0 0.0 0.0 0

1745401696
0.0 0.0 0.0 1

1745401697
0.0 0.0 0.0 75

1745401698
0.0 0.0 0.0 0

1745401699
0.0 0.0 0.0 0

1745401700
0.0 0.0 0.0 0

1745401701
0.0 0.0 0.0 0

1745401702
0.0 0.0 0.0 0

1745401703
0.0 0.0 0.0 0

1745401704
0.0 0.0 0.0 0

1745401705
0.0 0.0 0.0 1

1745401706
0.0 0.0 0.0 0

1745401707
0.0 0.0 0.0 0

1745401708
0.0 0.0 0.0 0

1745401709
0.0 0.0 0.0 0

1745401710
0.0 0.0 0.0 0

1745401711
0.0 0.0 0.0 0

1745401712
0.0 0.0 0.0 0

1745401713
0.0 0.0 0.0 0

1745401714
0.0 0.0 0.0 0

1745401715
0.0 0.0 0.0 1360

1745401716
0.0 0.0 0.0 0

1745401717
0.0 0.0 0.0 0

1745401718
0.0 0.0 0.0 0

1745401719
0.0 0.0 0.0 0

1745401720
0.0 0.0 0.0 0

1745401721
0.0 0.0 0.0 2867

1745401722
0.0 0.0 0.0 2026

1745401723
0.0 0.0 0.0 16

1745401724
0.0 0.0 0.0 0

1745401725
0.0 0.0 0.0 0

1745401726
0.0 0.0 0.0 0

1745401727
0.0 0.0 0.0 1

1745401728
0.0 0.0 0.0 0

1745401729
0.0 0.0 0.0 0

1745401730
0.0 0.0 0.0 64

1745401732
0.0 0.0 0.0 22

1745401733
0.0 0.0 0.0 0

1745401734
0.0 0.0 0.0 0

1745401735
0.0 0.0 0.0 0

1745401736
0.0 0.0 0.0 0

1745401737
0.0 0.0 0.0 0

1745401738
0.0 0.0 0.0 191

1745401739
0.0 0.0 0.0 1

1745401740
0.0 0.0 0.0 0

1745401741
0.0 0.0 0.0 0

1745401742
0.0 0.0 0.0 2340

1745401743
0.0 0.0 0.0 3173

1745401745
0.0 0.0 0.0 0

1745401746
0.0 0.0 0.0 0

1745401747
0.0 0.0 0.0 0

1745401748
0.0 0.0 0.0 0

1745401749
0.0 0.0 0.0 27

1745401750
0.0 0.0 0.0 117

1745401751
0.0 0.0 0.0 134

1745401752
0.0 0.0 0.0 636

1745401753
0.0 0.0 0.0 246

1745401754
0.0 0.0 0.0 121

1745401755
0.0 0.0 0.0 1

1745401756
0.0 0.0 0.0 4

1745401757
0.0 0.0 0.0 4

1745401758
0.0 0.0 0.0 275

1745401759
0.0 0.0 0.0 523

1745401760
0.0 0.0 0.0 0

1745401761
0.0 0.0 0.0 0

1745401762
0.0 0.0 0.0 0

1745401763
0.0 0.0 0.0 0

1745401764
0.0 0.0 0.0 125

1745401765
0.0 0.0 0.0 0

1745401766
0.0 0.0 0.0 5761

1745401767
0.18 0.03 0.0 28141

1745401768
0.18 0.03 0.0 7073

1745401769
0.32 0.06 0.01 10408

1745401770
0.32 0.06 0.01 2935

1745401771
0.26 0.06 0.01 0

1745401772
0.26 0.06 0.01 0

1745401773
0.22 0.05 0.01 0

1745401774
0.22 0.05 0.01 12

1745401775
0.18 0.05 0.01 0

1745401776
0.18 0.05 0.01 91

1745401777
0.14 0.05 0.01 0

1745401778
0.14 0.05 0.01 1993

1745401779
0.12 0.05 0.01 0

1745401780
0.12 0.05 0.01 145

1745401781
0.09 0.05 0.01 2

1745401782
0.09 0.05 0.01 4

1745401783
0.08 0.04 0.01 3

1745401784
0.08 0.04 0.01 3

1745401785
0.06 0.04 0.0 7

1745401786
0.06 0.04 0.0 63

1745401787
0.05 0.04 0.0 0

1745401788
0.05 0.04 0.0 0

1745401789
0.04 0.04 0.0 0

1745401790
0.04 0.04 0.0 465

1745401791
0.03 0.04 0.0 0

1745401792
0.03 0.04 0.0 1859

1745401793
0.02 0.04 0.0 0

1745401794
0.02 0.04 0.0 0

1745401795
0.02 0.03 0.0 1

1745401796
0.02 0.03 0.0 0

1745401797
0.01 0.03 0.0 0

1745401798
0.01 0.03 0.0 2

1745401799
0.01 0.03 0.0 1

1745401800
0.01 0.03 0.0 29

1745401801
0.01 0.03 0.0 0

1745401802
0.01 0.03 0.0 0

1745401803
0.0 0.03 0.0 0

1745401804
0.0 0.03 0.0 0

1745401805
0.0 0.03 0.0 1854

1745401806
0.0 0.03 0.0 2117

1745401807
0.0 0.03 0.0 0

1745401808
0.0 0.03 0.0 0

1745401809
0.0 0.02 0.0 62

1745401810
0.0 0.02 0.0 0

1745401812
0.0 0.02 0.0 0

1745401813
0.0 0.02 0.0 0

1745401814
0.0 0.02 0.0 0

1745401815
0.0 0.02 0.0 0

1745401816
0.0 0.02 0.0 995

1745401817
0.0 0.02 0.0 0

1745401819
0.0 0.02 0.0 3

1745401820
0.0 0.02 0.0 0

1745401821
0.0 0.02 0.0 0

1745401822
0.0 0.02 0.0 0

1745401823
0.0 0.02 0.0 0

1745401824
0.0 0.02 0.0 0

1745401825
0.0 0.02 0.0 166

1745401826
0.0 0.02 0.0 12

1745401827
0.0 0.02 0.0 0

1745401828
0.0 0.02 0.0 0

1745401829
0.0 0.01 0.0 88

1745401830
0.0 0.01 0.0 147

1745401831
0.0 0.01 0.0 255

1745401832
0.0 0.01 0.0 667

1745401833
0.0 0.01 0.0 0

1745401834
0.0 0.01 0.0 0

1745401835
0.0 0.01 0.0 0

1745401836
0.0 0.01 0.0 0

1745401837
0.0 0.01 0.0 0

1745401838
0.0 0.01 0.0 1407

1745401839
0.0 0.01 0.0 386

1745401840
0.0 0.01 0.0 7725

1745401841
0.0 0.01 0.0 4382

1745401842
0.0 0.01 0.0 0

1745401843
0.0 0.01 0.0 0

1745401844
0.0 0.01 0.0 0

1745401845
0.0 0.01 0.0 0

1745401846
0.0 0.01 0.0 23

1745401847
0.0 0.01 0.0 0

1745401848
0.0 0.01 0.0 0

1745401849
0.0 0.01 0.0 65

1745401850
0.0 0.01 0.0 0

1745401851
0.0 0.01 0.0 0

1745401853
0.0 0.01 0.0 3

1745401854
0.0 0.01 0.0 0

1745401855
0.0 0.01 0.0 1

1745401856
0.0 0.01 0.0 0

1745401857
0.0 0.01 0.0 0

1745401858
0.0 0.01 0.0 1

1745401859
0.0 0.0 0.0 1

1745401861
0.0 0.0 0.0 31

1745401862
0.0 0.0 0.0 1

1745401864
0.0 0.0 0.0 67

1745401865
0.0 0.0 0.0 0

1745401866
0.0 0.0 0.0 0

1745401867
0.0 0.0 0.0 0

1745401868
0.0 0.0 0.0 0

1745401869
0.0 0.0 0.0 0

1745401870
0.0 0.0 0.0 0

1745401871
0.0 0.0 0.0 0

1745401872
0.0 0.0 0.0 0

1745401873
0.0 0.0 0.0 0

1745401874
0.0 0.0 0.0 0

1745401875
0.0 0.0 0.0 0

1745401876
0.0 0.0 0.0 0

1745401877
0.0 0.0 0.0 3

1745401878
0.0 0.0 0.0 0

1745401879
0.0 0.0 0.0 0

1745401880
0.0 0.0 0.0 0

1745401881
0.0 0.0 0.0 0

1745401882
0.0 0.0 0.0 0

1745401883
0.0 0.0 0.0 0

1745401884
0.0 0.0 0.0 0

1745401885
0.0 0.0 0.0 129

1745401886
0.0 0.0 0.0 0

1745401887
0.0 0.0 0.0 0

1745401888
0.0 0.0 0.0 0

1745401889
0.0 0.0 0.0 1

1745401890
0.0 0.0 0.0 0

1745401891
0.0 0.0 0.0 0

1745401892
0.0 0.0 0.0 65

1745401893
0.0 0.0 0.0 1

1745401894
0.0 0.0 0.0 189

1745401895
0.0 0.0 0.0 114

1745401897
0.0 0.0 0.0 0

1745401899
0.0 0.0 0.0 1

1745401900
0.0 0.0 0.0 0

1745401901
0.0 0.0 0.0 0

1745401902
0.0 0.0 0.0 0

1745401903
0.0 0.0 0.0 0

1745401904
0.0 0.0 0.0 0

1745401905
0.0 0.0 0.0 0

1745401906
0.0 0.0 0.0 0

1745401907
0.0 0.0 0.0 62

1745401908
0.0 0.0 0.0 0

1745401909
0.0 0.0 0.0 0

1745401910
0.0 0.0 0.0 0

1745401911
0.0 0.0 0.0 19

1745401912
0.0 0.0 0.0 6

1745401913
0.0 0.0 0.0 0

1745401914
0.0 0.0 0.0 2

1745401915
0.0 0.0 0.0 1

1745401916
0.0 0.0 0.0 1

1745401917
0.0 0.0 0.0 1

1745401918
0.0 0.0 0.0 0

1745401919
0.0 0.0 0.0 0

1745401920
0.0 0.0 0.0 0

1745401921
0.0 0.0 0.0 0

1745401922
0.0 0.0 0.0 1

1745401923
0.0 0.0 0.0 106

1745401924
0.0 0.0 0.0 0

1745401925
0.0 0.0 0.0 0

1745401926
0.0 0.0 0.0 0

1745401927
0.0 0.0 0.0 358

1745401928
0.0 0.0 0.0 0

1745401929
0.0 0.0 0.0 0

1745401930
0.0 0.0 0.0 0

1745401931
0.0 0.0 0.0 0

1745401932
0.0 0.0 0.0 0

1745401933
0.0 0.0 0.0 0

1745401934
0.0 0.0 0.0 35

1745401935
0.0 0.0 0.0 0

1745401936
0.0 0.0 0.0 0

1745401937
0.0 0.0 0.0 0

1745401938
0.0 0.0 0.0 0

1745401939
0.0 0.0 0.0 0

1745401940
0.0 0.0 0.0 31

1745401941
0.0 0.0 0.0 0

1745401942
0.0 0.0 0.0 0

1745401943
0.0 0.0 0.0 0

1745401944
0.0 0.0 0.0 0

1745401945
0.0 0.0 0.0 0

1745401946
0.0 0.0 0.0 0

1745401947
0.0 0.0 0.0 0

1745401948
0.0 0.0 0.0 0

1745401949
0.0 0.0 0.0 0

1745401950
0.0 0.0 0.0 0

1745401951
0.0 0.0 0.0 0

1745401952
0.0 0.0 0.0 402

1745401953
0.0 0.0 0.0 0

1745401954
0.0 0.0 0.0 78

1745401955
0.0 0.0 0.0 0

1745401956
0.0 0.0 0.0 0

1745401957
0.0 0.0 0.0 0

1745401958
0.0 0.0 0.0 0

1745401959
0.0 0.0 0.0 58

1745401960
0.0 0.0 0.0 24

1745401961
0.0 0.0 0.0 1

1745401962
0.0 0.0 0.0 0

1745401963
0.0 0.0 0.0 0

1745401964
0.0 0.0 0.0 9

1745401965
0.0 0.0 0.0 0

1745401966
0.0 0.0 0.0 0

1745401967
0.0 0.0 0.0 0

1745401968
0.0 0.0 0.0 0

1745401969
0.0 0.0 0.0 0

1745401970
0.0 0.0 0.0 0

1745401971
0.0 0.0 0.0 60

1745401972
0.0 0.0 0.0 0

1745401973
0.0 0.0 0.0 1186

1745401974
0.0 0.0 0.0 260

1745401975
0.0 0.0 0.0 0

1745401976
0.0 0.0 0.0 1

1745401977
0.0 0.0 0.0 1

1745401978
0.0 0.0 0.0 0

1745401979
0.0 0.0 0.0 0

1745401980
0.0 0.0 0.0 0

1745401981
0.0 0.0 0.0 211

1745401982
0.0 0.0 0.0 0

1745401983
0.0 0.0 0.0 0

1745401984
0.0 0.0 0.0 16

1745401985
0.0 0.0 0.0 0

1745401986
0.0 0.0 0.0 0

1745401987
0.0 0.0 0.0 0

1745401988
0.0 0.0 0.0 64

1745401989
0.0 0.0 0.0 2

1745401990
0.0 0.0 0.0 56

1745401991
0.0 0.0 0.0 148

1745401992
0.0 0.0 0.0 61

1745401993
0.0 0.0 0.0 188

1745401994
0.0 0.0 0.0 88

1745401995
0.0 0.0 0.0 21

1745401997
0.0 0.0 0.0 211

1745401998
0.0 0.0 0.0 95

1745401999
0.0 0.0 0.0 134

1745402000
0.0 0.0 0.0 0

1745402001
0.0 0.0 0.0 0

1745402002
0.0 0.0 0.0 0

1745402003
0.0 0.0 0.0 0

1745402004
0.0 0.0 0.0 0

1745402005
0.0 0.0 0.0 0

1745402006
0.0 0.0 0.0 0

1745402007
0.0 0.0 0.0 0

1745402008
0.0 0.0 0.0 0

1745402009
0.0 0.0 0.0 31

1745402010
0.0 0.0 0.0 98

1745402011
0.0 0.0 0.0 712

1745402012
0.0 0.0 0.0 549

1745402013
0.0 0.0 0.0 0

1745402014
0.0 0.0 0.0 107

1745402015
0.0 0.0 0.0 468

1745402016
0.0 0.0 0.0 0

1745402017
0.0 0.0 0.0 3366

1745402018
0.0 0.0 0.0 406

1745402019
0.0 0.0 0.0 0

1745402020
0.0 0.0 0.0 0

1745402021
0.0 0.0 0.0 0

1745402022
0.0 0.0 0.0 0

1745402023
0.0 0.0 0.0 0

1745402024
0.0 0.0 0.0 13

1745402025
0.0 0.0 0.0 0

1745402026
0.0 0.0 0.0 0

1745402027
0.0 0.0 0.0 2021

1745402028
0.0 0.0 0.0 2349

1745402029
0.0 0.0 0.0 0

1745402030
0.0 0.0 0.0 1

1745402031
0.0 0.0 0.0 0

1745402032
0.0 0.0 0.0 0

1745402033
0.0 0.0 0.0 0

1745402034
0.0 0.0 0.0 0

1745402035
0.0 0.0 0.0 0

1745402036
0.0 0.0 0.0 134

1745402037
0.0 0.0 0.0 0

1745402038
0.0 0.0 0.0 0

1745402039
0.0 0.0 0.0 0

1745402040
0.0 0.0 0.0 0

1745402041
0.0 0.0 0.0 34

1745402042
0.0 0.0 0.0 0

1745402043
0.0 0.0 0.0 0

1745402044
0.0 0.0 0.0 0

1745402045
0.0 0.0 0.0 0

1745402046
0.0 0.0 0.0 1

1745402047
0.0 0.0 0.0 0

1745402048
0.0 0.0 0.0 0

1745402049
0.0 0.0 0.0 1

1745402050
0.0 0.0 0.0 0

1745402051
0.0 0.0 0.0 0

1745402052
0.0 0.0 0.0 0

1745402053
0.0 0.0 0.0 0

1745402054
0.0 0.0 0.0 0

1745402055
0.0 0.0 0.0 0

1745402056
0.0 0.0 0.0 0

1745402057
0.0 0.0 0.0 1

1745402058
0.0 0.0 0.0 0

1745402059
0.0 0.0 0.0 0

1745402060
0.0 0.0 0.0 3

1745402061
0.0 0.0 0.0 1

1745402062
0.0 0.0 0.0 0

1745402063
0.0 0.0 0.0 802

1745402064
0.0 0.0 0.0 20

1745402065
0.0 0.0 0.0 48

1745402066
0.0 0.0 0.0 1

1745402067
0.0 0.0 0.0 2

1745402068
0.0 0.0 0.0 322

1745402069
0.0 0.0 0.0 0

1745402070
0.0 0.0 0.0 7

1745402071
0.0 0.0 0.0 0

1745402072
0.0 0.0 0.0 18

1745402073
0.0 0.0 0.0 81

1745402074
0.0 0.0 0.0 0

1745402075
0.0 0.0 0.0 0

1745402076
0.0 0.0 0.0 0

1745402077
0.0 0.0 0.0 692

1745402078
0.0 0.0 0.0 0

1745402079
0.0 0.0 0.0 1547

1745402080
0.0 0.0 0.0 89

1745402081
0.0 0.0 0.0 0

1745402082
0.0 0.0 0.0 0

1745402083
0.0 0.0 0.0 0

1745402084
0.0 0.0 0.0 0

1745402085
0.0 0.0 0.0 0

1745402086
0.0 0.0 0.0 0

1745402087
0.0 0.0 0.0 0

1745402088
0.0 0.0 0.0 0

1745402089
0.0 0.0 0.0 52

1745402090
0.0 0.0 0.0 1

1745402091
0.0 0.0 0.0 0

1745402092
0.0 0.0 0.0 4

1745402093
0.0 0.0 0.0 1

1745402094
0.0 0.0 0.0 202

1745402095
0.0 0.0 0.0 11

1745402096
0.0 0.0 0.0 0

1745402097
0.0 0.0 0.0 155

1745402098
0.0 0.0 0.0 0

1745402099
0.0 0.0 0.0 4

1745402100
0.0 0.0 0.0 0

1745402101
0.0 0.0 0.0 3

1745402102
0.0 0.0 0.0 885

1745402103
0.0 0.0 0.0 68

1745402104
0.0 0.0 0.0 115

1745402105
0.0 0.0 0.0 49

1745402106
0.0 0.0 0.0 0

1745402107
0.0 0.0 0.0 16

1745402108
0.0 0.0 0.0 153

1745402109
0.0 0.0 0.0 0

1745402110
0.0 0.0 0.0 0

1745402111
0.0 0.0 0.0 1694

1745402112
0.0 0.0 0.0 1478

1745402114
0.0 0.0 0.0 103

1745402115
0.0 0.0 0.0 0

1745402116
0.0 0.0 0.0 0

1745402117
0.0 0.0 0.0 0

1745402118
0.0 0.0 0.0 0

1745402119
0.0 0.0 0.0 0

1745402120
0.0 0.0 0.0 35

1745402121
0.0 0.0 0.0 5

1745402122
0.0 0.0 0.0 0

1745402123
0.0 0.0 0.0 0

1745402124
0.0 0.0 0.0 0

1745402125
0.0 0.0 0.0 0

1745402126
0.0 0.0 0.0 0

1745402127
0.0 0.0 0.0 0

1745402128
0.0 0.0 0.0 0

1745402129
0.0 0.0 0.0 0

1745402130
0.0 0.0 0.0 0

1745402131
0.0 0.0 0.0 696

1745402132
0.0 0.0 0.0 14

1745402133
0.0 0.0 0.0 2

1745402135
0.0 0.0 0.0 0

1745402136
0.0 0.0 0.0 0

1745402137
0.0 0.0 0.0 0

1745402138
0.0 0.0 0.0 0

1745402139
0.0 0.0 0.0 0

1745402140
0.0 0.0 0.0 0

1745402141
0.0 0.0 0.0 0

1745402142
0.0 0.0 0.0 36

1745402143
0.0 0.0 0.0 4

1745402144
0.0 0.0 0.0 0

1745402145
0.0 0.0 0.0 2

1745402146
0.0 0.0 0.0 0

1745402147
0.0 0.0 0.0 0

1745402148
0.0 0.0 0.0 0

1745402149
0.0 0.0 0.0 0

1745402150
0.0 0.0 0.0 0

1745402151
0.0 0.0 0.0 0

1745402152
0.0 0.0 0.0 1

1745402153
0.0 0.0 0.0 0

1745402154
0.0 0.0 0.0 0

1745402155
0.0 0.0 0.0 0

1745402156
0.0 0.0 0.0 0

1745402157
0.0 0.0 0.0 0

1745402158
0.0 0.0 0.0 0

1745402159
0.0 0.0 0.0 0

1745402160
0.0 0.0 0.0 0

1745402161
0.0 0.0 0.0 0

1745402162
0.0 0.0 0.0 1

1745402163
0.0 0.0 0.0 159

1745402164
0.0 0.0 0.0 18

1745402165
0.0 0.0 0.0 0

1745402166
0.0 0.0 0.0 0

1745402167
0.0 0.0 0.0 6

1745402168
0.0 0.0 0.0 0

1745402169
0.0 0.0 0.0 128

1745402170
0.0 0.0 0.0 0

1745402171
0.0 0.0 0.0 0

1745402172
0.0 0.0 0.0 0

1745402173
0.0 0.0 0.0 0

1745402174
0.0 0.0 0.0 0

1745402175
0.0 0.0 0.0 118

1745402176
0.0 0.0 0.0 0

1745402177
0.0 0.0 0.0 236

1745402178
0.0 0.0 0.0 0

1745402179
0.0 0.0 0.0 0

1745402180
0.0 0.0 0.0 20

1745402181
0.0 0.0 0.0 1

1745402182
0.0 0.0 0.0 0

1745402183
0.0 0.0 0.0 494

1745402184
0.0 0.0 0.0 3

1745402185
0.0 0.0 0.0 0

1745402186
0.0 0.0 0.0 0

1745402187
0.0 0.0 0.0 1822

1745402188
0.0 0.0 0.0 96

1745402189
0.0 0.0 0.0 0

1745402190
0.0 0.0 0.0 0

1745402191
0.0 0.0 0.0 0

1745402192
0.0 0.0 0.0 0

1745402193
0.0 0.0 0.0 0

1745402194
0.0 0.0 0.0 0

1745402195
0.0 0.0 0.0 0

1745402196
0.0 0.0 0.0 0

1745402197
0.0 0.0 0.0 195

1745402198
0.0 0.0 0.0 70

1745402199
0.0 0.0 0.0 22

1745402200
0.0 0.0 0.0 17

1745402201
0.0 0.0 0.0 0

1745402203
0.0 0.0 0.0 0

1745402204
0.0 0.0 0.0 0

1745402205
0.0 0.0 0.0 0

1745402206
0.0 0.0 0.0 0

1745402207
0.0 0.0 0.0 0

1745402208
0.0 0.0 0.0 1983

1745402209
0.0 0.0 0.0 2788

1745402210
0.0 0.0 0.0 1945

1745402211
0.0 0.0 0.0 3022

1745402212
0.0 0.0 0.0 1116

1745402213
0.0 0.0 0.0 6648

1745402214
0.0 0.0 0.0 4160

1745402215
0.0 0.0 0.0 234

1745402216
0.0 0.0 0.0 6915

1745402217
0.0 0.0 0.0 1289

1745402218
0.0 0.0 0.0 1454

1745402219
0.0 0.0 0.0 4735

1745402220
0.0 0.0 0.0 1829

1745402221
0.0 0.0 0.0 2095

1745402222
0.0 0.0 0.0 2648

1745402223
0.0 0.0 0.0 318

1745402224
0.0 0.0 0.0 874

1745402225
0.0 0.0 0.0 3

1745402226
0.0 0.0 0.0 0

1745402227
0.0 0.0 0.0 0

1745402228
0.0 0.0 0.0 0

1745402229
0.0 0.0 0.0 0

1745402230
0.0 0.0 0.0 2

1745402231
0.0 0.0 0.0 0

1745402232
0.0 0.0 0.0 87

1745402233
0.0 0.0 0.0 584

1745402234
0.0 0.0 0.0 0

1745402235
0.0 0.0 0.0 0

1745402236
0.0 0.0 0.0 0

1745402237
0.0 0.0 0.0 11

1745402238
0.0 0.0 0.0 0

1745402239
0.0 0.0 0.0 0

1745402240
0.0 0.0 0.0 0

1745402241
0.0 0.0 0.0 3527

1745402242
0.0 0.0 0.0 0

1745402243
0.0 0.0 0.0 0

1745402244
0.0 0.0 0.0 2958

1745402245
0.0 0.0 0.0 1814

1745402246
0.0 0.0 0.0 1568

1745402247
0.0 0.0 0.0 2484

1745402248
0.0 0.0 0.0 1543

1745402249
0.0 0.0 0.0 3558

1745402250
0.0 0.0 0.0 0

1745402251
0.0 0.0 0.0 0

1745402252
0.0 0.0 0.0 0

1745402253
0.0 0.0 0.0 0

1745402254
0.0 0.0 0.0 0

1745402255
0.0 0.0 0.0 426

1745402256
0.0 0.0 0.0 0

1745402257
0.0 0.0 0.0 7

1745402258
0.0 0.0 0.0 0

1745402259
0.0 0.0 0.0 0

1745402260
0.0 0.0 0.0 83

1745402261
0.0 0.0 0.0 4

1745402262
0.0 0.0 0.0 46

1745402263
0.0 0.0 0.0 0

1745402264
0.0 0.0 0.0 147

1745402265
0.0 0.0 0.0 60

1745402266
0.0 0.0 0.0 19

1745402267
0.0 0.0 0.0 29

1745402268
0.0 0.0 0.0 3

1745402269
0.0 0.0 0.0 0

1745402270
0.0 0.0 0.0 0

1745402271
0.0 0.0 0.0 0

1745402272
0.0 0.0 0.0 0

1745402273
0.0 0.0 0.0 0

1745402274
0.0 0.0 0.0 0

1745402275
0.0 0.0 0.0 0

1745402276
0.0 0.0 0.0 0

1745402277
0.0 0.0 0.0 0

1745402278
0.0 0.0 0.0 0

1745402279
0.0 0.0 0.0 0

1745402280
0.0 0.0 0.0 1020

1745402281
0.0 0.0 0.0 0

1745402282
0.0 0.0 0.0 0

1745402283
0.0 0.0 0.0 0

1745402284
0.0 0.0 0.0 0

1745402285
0.0 0.0 0.0 52

1745402286
0.0 0.0 0.0 48

1745402287
0.0 0.0 0.0 0

1745402288
0.0 0.0 0.0 0

1745402289
0.0 0.0 0.0 0

1745402290
0.0 0.0 0.0 2

1745402291
0.0 0.0 0.0 0

1745402292
0.0 0.0 0.0 0

1745402293
0.0 0.0 0.0 4

1745402294
0.0 0.0 0.0 0

1745402295
0.0 0.0 0.0 524

1745402296
0.0 0.0 0.0 0

1745402297
0.0 0.0 0.0 0

1745402298
0.0 0.0 0.0 2

1745402299
0.0 0.0 0.0 0

1745402300
0.0 0.0 0.0 0

1745402301
0.0 0.0 0.0 0

1745402302
0.0 0.0 0.0 0

1745402303
0.0 0.0 0.0 0

1745402304
0.0 0.0 0.0 0

1745402305
0.0 0.0 0.0 0

1745402306
0.0 0.0 0.0 0

1745402307
0.0 0.0 0.0 0

1745402308
0.0 0.0 0.0 0

1745402309
0.0 0.0 0.0 0

1745402310
0.0 0.0 0.0 0

1745402311
0.0 0.0 0.0 0

1745402312
0.0 0.0 0.0 0

1745402313
0.0 0.0 0.0 0

1745402314
0.0 0.0 0.0 0

1745402315
0.0 0.0 0.0 0

1745402316
0.0 0.0 0.0 0

1745402317
0.0 0.0 0.0 6

1745402318
0.0 0.0 0.0 22

1745402319
0.0 0.0 0.0 1

1745402320
0.0 0.0 0.0 1

1745402321
0.0 0.0 0.0 0

1745402322
0.0 0.0 0.0 0

1745402323
0.0 0.0 0.0 0

1745402324
0.0 0.0 0.0 0

1745402325
0.0 0.0 0.0 0

1745402326
0.0 0.0 0.0 10

1745402327
0.0 0.0 0.0 0

1745402328
0.0 0.0 0.0 0

1745402329
0.0 0.0 0.0 0

1745402330
0.0 0.0 0.0 0

1745402331
0.0 0.0 0.0 0

1745402332
0.0 0.0 0.0 0

1745402333
0.0 0.0 0.0 0

1745402334
0.0 0.0 0.0 0

1745402335
0.0 0.0 0.0 0

1745402336
0.0 0.0 0.0 0

1745402337
0.0 0.0 0.0 0

1745402338
0.0 0.0 0.0 229

1745402339
0.0 0.0 0.0 2

1745402340
0.0 0.0 0.0 0

1745402341
0.0 0.0 0.0 0

1745402342
0.0 0.0 0.0 0

1745402343
0.0 0.0 0.0 0

1745402344
0.0 0.0 0.0 0

1745402345
0.0 0.0 0.0 0

1745402346
0.0 0.0 0.0 0

1745402347
0.0 0.0 0.0 0

1745402348
0.0 0.0 0.0 0

1745402349
0.0 0.0 0.0 0

1745402350
0.0 0.0 0.0 86

1745402351
0.0 0.0 0.0 89

1745402352
0.0 0.0 0.0 0

1745402353
0.0 0.0 0.0 33

1745402354
0.0 0.0 0.0 55

1745402355
0.0 0.0 0.0 0

1745402356
0.0 0.0 0.0 2

1745402357
0.0 0.0 0.0 64

1745402358
0.0 0.0 0.0 0

1745402359
0.0 0.0 0.0 1

1745402360
0.0 0.0 0.0 0

1745402361
0.0 0.0 0.0 0

1745402362
0.0 0.0 0.0 0

1745402363
0.0 0.0 0.0 0

1745402364
0.0 0.0 0.0 0

1745402365
0.0 0.0 0.0 0

1745402366
0.0 0.0 0.0 0

1745402367
0.0 0.0 0.0 0

1745402368
0.0 0.0 0.0 0

1745402369
0.0 0.0 0.0 318

1745402370
0.0 0.0 0.0 0

1745402371
0.0 0.0 0.0 0

1745402372
0.0 0.0 0.0 0

1745402373
0.0 0.0 0.0 146

1745402374
0.0 0.0 0.0 34

1745402375
0.0 0.0 0.0 0

1745402376
0.0 0.0 0.0 0

1745402377
0.0 0.0 0.0 0

1745402378
0.0 0.0 0.0 0

1745402379
0.0 0.0 0.0 0

1745402380
0.0 0.0 0.0 818

1745402381
0.0 0.0 0.0 131

1745402382
0.0 0.0 0.0 48

1745402383
0.0 0.0 0.0 0

1745402384
0.0 0.0 0.0 144

1745402385
0.0 0.0 0.0 103

1745402386
0.0 0.0 0.0 1

1745402387
0.0 0.0 0.0 1

1745402388
0.0 0.0 0.0 27

1745402389
0.0 0.0 0.0 0

1745402390
0.0 0.0 0.0 0

1745402391
0.0 0.0 0.0 0

1745402392
0.0 0.0 0.0 0

1745402393
0.0 0.0 0.0 0

1745402394
0.0 0.0 0.0 0

1745402395
0.0 0.0 0.0 0

1745402396
0.0 0.0 0.0 0

1745402397
0.0 0.0 0.0 0

1745402398
0.0 0.0 0.0 0

1745402399
0.0 0.0 0.0 0

1745402400
0.0 0.0 0.0 0

1745402401
0.0 0.0 0.0 0

1745402402
0.0 0.0 0.0 0

1745402403
0.0 0.0 0.0 0

1745402404
0.0 0.0 0.0 35

1745402405
0.0 0.0 0.0 74

1745402406
0.0 0.0 0.0 0

1745402407
0.0 0.0 0.0 0

1745402408
0.0 0.0 0.0 64

1745402409
0.0 0.0 0.0 107

1745402410
0.0 0.0 0.0 95

1745402411
0.0 0.0 0.0 81

1745402412
0.0 0.0 0.0 0

1745402413
0.0 0.0 0.0 8

1745402414
0.0 0.0 0.0 0

1745402415
0.0 0.0 0.0 0

1745402416
0.0 0.0 0.0 7

1745402417
0.0 0.0 0.0 0

1745402418
0.0 0.0 0.0 0

1745402419
0.0 0.0 0.0 647

1745402420
0.0 0.0 0.0 0

1745402421
0.0 0.0 0.0 0

1745402422
0.0 0.0 0.0 0

1745402423
0.0 0.0 0.0 0

1745402424
0.0 0.0 0.0 45

1745402425
0.0 0.0 0.0 297

1745402426
0.0 0.0 0.0 97

1745402427
0.0 0.0 0.0 63

1745402428
0.0 0.0 0.0 150

1745402429
0.0 0.0 0.0 0

1745402430
0.0 0.0 0.0 127

1745402431
0.0 0.0 0.0 5

1745402432
0.0 0.0 0.0 120

1745402433
0.0 0.0 0.0 84

1745402434
0.0 0.0 0.0 94

1745402435
0.0 0.0 0.0 104

1745402436
0.0 0.0 0.0 0

1745402437
0.0 0.0 0.0 0

1745402438
0.0 0.0 0.0 81

1745402439
0.0 0.0 0.0 0

1745402440
0.0 0.0 0.0 0

1745402441
0.0 0.0 0.0 9

1745402442
0.0 0.0 0.0 0

1745402443
0.0 0.0 0.0 0

1745402444
0.0 0.0 0.0 0

1745402445
0.0 0.0 0.0 0

1745402446
0.0 0.0 0.0 0

1745402447
0.0 0.0 0.0 0

1745402448
0.0 0.0 0.0 0

1745402449
0.0 0.0 0.0 492

1745402450
0.0 0.0 0.0 0

1745402451
0.0 0.0 0.0 0

1745402452
0.0 0.0 0.0 1392

1745402453
0.0 0.0 0.0 62

1745402454
0.0 0.0 0.0 0

1745402455
0.0 0.0 0.0 173

1745402456
0.0 0.0 0.0 1

1745402457
0.0 0.0 0.0 44

1745402458
0.0 0.0 0.0 23

1745402459
0.0 0.0 0.0 299

1745402460
0.0 0.0 0.0 28

1745402461
0.0 0.0 0.0 325

1745402462
0.0 0.0 0.0 0

1745402463
0.0 0.0 0.0 16

1745402464
0.0 0.0 0.0 7

1745402465
0.0 0.0 0.0 42

1745402466
0.0 0.0 0.0 0

1745402467
0.0 0.0 0.0 84

1745402468
0.0 0.0 0.0 140

1745402469
0.0 0.0 0.0 1

1745402471
0.0 0.0 0.0 1

1745402472
0.0 0.0 0.0 1

1745402473
0.0 0.0 0.0 0

1745402474
0.0 0.0 0.0 0

1745402475
0.0 0.0 0.0 0

1745402476
0.0 0.0 0.0 0

1745402477
0.0 0.0 0.0 1264

1745402478
0.0 0.0 0.0 864

1745402479
0.0 0.0 0.0 0

1745402480
0.0 0.0 0.0 294

1745402481
0.0 0.0 0.0 955

1745402482
0.0 0.0 0.0 69

1745402483
0.0 0.0 0.0 0

1745402484
0.0 0.0 0.0 0

1745402485
0.0 0.0 0.0 0

1745402486
0.0 0.0 0.0 0

1745402487
0.0 0.0 0.0 0

1745402488
0.0 0.0 0.0 0

1745402489
0.0 0.0 0.0 0

1745402490
0.0 0.0 0.0 2919

1745402491
0.0 0.0 0.0 290

1745402492
0.0 0.0 0.0 0

1745402493
0.0 0.0 0.0 0

1745402494
0.0 0.0 0.0 305

1745402495
0.0 0.0 0.0 125

1745402496
0.0 0.0 0.0 0

1745402497
0.0 0.0 0.0 107

1745402498
0.0 0.0 0.0 0

1745402499
0.0 0.0 0.0 3

1745402500
0.0 0.0 0.0 0

1745402501
0.0 0.0 0.0 118

1745402502
0.0 0.0 0.0 4

1745402503
0.0 0.0 0.0 2

1745402504
0.0 0.0 0.0 4

1745402505
0.0 0.0 0.0 0

1745402506
0.0 0.0 0.0 0

1745402507
0.0 0.0 0.0 0

1745402508
0.0 0.0 0.0 114

1745402509
0.0 0.0 0.0 54

1745402510
0.0 0.0 0.0 48

1745402511
0.0 0.0 0.0 2

1745402512
0.0 0.0 0.0 1

1745402513
0.0 0.0 0.0 0

1745402514
0.0 0.0 0.0 0

1745402515
0.0 0.0 0.0 0

1745402516
0.0 0.0 0.0 0

1745402517
0.0 0.0 0.0 0

1745402518
0.0 0.0 0.0 0

1745402519
0.0 0.0 0.0 0

1745402521
0.0 0.0 0.0 0

1745402522
0.0 0.0 0.0 0

1745402523
0.0 0.0 0.0 1

1745402524
0.0 0.0 0.0 0

1745402525
0.0 0.0 0.0 0

1745402526
0.0 0.0 0.0 0

1745402527
0.0 0.0 0.0 0

1745402528
0.0 0.0 0.0 0

1745402529
0.0 0.0 0.0 0

1745402530
0.0 0.0 0.0 0

1745402531
0.0 0.0 0.0 0

1745402532
0.0 0.0 0.0 0

1745402533
0.0 0.0 0.0 0

1745402534
0.0 0.0 0.0 0

1745402535
0.0 0.0 0.0 0

1745402536
0.0 0.0 0.0 0

1745402537
0.0 0.0 0.0 0

1745402538
0.0 0.0 0.0 0

1745402539
0.0 0.0 0.0 0

1745402540
0.0 0.0 0.0 0

1745402541
0.0 0.0 0.0 38

1745402542
0.0 0.0 0.0 0

1745402543
0.0 0.0 0.0 172

1745402544
0.0 0.0 0.0 0

1745402545
0.0 0.0 0.0 10

1745402546
0.0 0.0 0.0 5

1745402547
0.0 0.0 0.0 7

1745402548
0.0 0.0 0.0 2

1745402549
0.0 0.0 0.0 59

1745402550
0.0 0.0 0.0 31

1745402551
0.0 0.0 0.0 72

1745402552
0.0 0.0 0.0 44

1745402553
0.0 0.0 0.0 1

1745402554
0.0 0.0 0.0 81

1745402555
0.0 0.0 0.0 26

1745402556
0.0 0.0 0.0 118

1745402557
0.0 0.0 0.0 247

1745402558
0.0 0.0 0.0 21

1745402559
0.0 0.0 0.0 5

1745402560
0.0 0.0 0.0 75

1745402561
0.0 0.0 0.0 57

1745402562
0.0 0.0 0.0 11

1745402563
0.0 0.0 0.0 5

1745402565
0.0 0.0 0.0 0

1745402566
0.0 0.0 0.0 18

1745402567
0.0 0.0 0.0 18

1745402568
0.0 0.0 0.0 0

1745402569
0.0 0.0 0.0 47

1745402570
0.0 0.0 0.0 15

1745402571
0.0 0.0 0.0 308

1745402572
0.0 0.0 0.0 0

1745402573
0.0 0.0 0.0 0

1745402574
0.0 0.0 0.0 103

1745402575
0.0 0.0 0.0 373

1745402576
0.0 0.0 0.0 500

1745402577
0.0 0.0 0.0 274

1745402578
0.0 0.0 0.0 383

1745402579
0.0 0.0 0.0 141

1745402580
0.0 0.0 0.0 0

1745402581
0.0 0.0 0.0 50

1745402582
0.0 0.0 0.0 609

1745402583
0.0 0.0 0.0 735

1745402584
0.0 0.0 0.0 719

1745402585
0.0 0.0 0.0 674

1745402586
0.0 0.0 0.0 711

1745402587
0.0 0.0 0.0 694

1745402588
0.0 0.0 0.0 671

1745402589
0.0 0.0 0.0 379

1745402590
0.0 0.0 0.0 143

1745402591
0.0 0.0 0.0 67

1745402592
0.0 0.0 0.0 624

1745402593
0.0 0.0 0.0 660

1745402594
0.0 0.0 0.0 1

1745402595
0.0 0.0 0.0 0

1745402596
0.0 0.0 0.0 0

1745402597
0.0 0.0 0.0 0

1745402598
0.0 0.0 0.0 0

1745402599
0.0 0.0 0.0 0

1745402600
0.0 0.0 0.0 0

1745402601
0.0 0.0 0.0 0

1745402602
0.0 0.0 0.0 0

1745402603
0.0 0.0 0.0 0

1745402604
0.0 0.0 0.0 11

1745402605
0.0 0.0 0.0 0

1745402606
0.0 0.0 0.0 293

1745402607
0.0 0.0 0.0 0

1745402608
0.0 0.0 0.0 65

1745402609
0.0 0.0 0.0 124

1745402610
0.0 0.0 0.0 0

1745402611
0.0 0.0 0.0 0

1745402612
0.0 0.0 0.0 6

1745402613
0.0 0.0 0.0 0

1745402614
0.0 0.0 0.0 0

1745402615
0.0 0.0 0.0 0

1745402616
0.0 0.0 0.0 0

1745402617
0.0 0.0 0.0 0

1745402618
0.0 0.0 0.0 0

1745402619
0.0 0.0 0.0 0

1745402620
0.0 0.0 0.0 0

1745402621
0.0 0.0 0.0 0

1745402622
0.0 0.0 0.0 0

1745402623
0.0 0.0 0.0 0

1745402624
0.0 0.0 0.0 0

1745402625
0.0 0.0 0.0 9

1745402626
0.0 0.0 0.0 6

1745402627
0.0 0.0 0.0 0

1745402628
0.0 0.0 0.0 0

1745402629
0.0 0.0 0.0 0

1745402630
0.0 0.0 0.0 0

1745402631
0.0 0.0 0.0 3

1745402632
0.0 0.0 0.0 0

1745402633
0.0 0.0 0.0 0

1745402634
0.0 0.0 0.0 100

1745402635
0.0 0.0 0.0 0

1745402636
0.0 0.0 0.0 0

1745402637
0.0 0.0 0.0 1

1745402638
0.0 0.0 0.0 0

1745402639
0.0 0.0 0.0 0

1745402640
0.0 0.0 0.0 0

1745402641
0.0 0.0 0.0 1

1745402642
0.0 0.0 0.0 0

1745402643
0.0 0.0 0.0 0

1745402644
0.0 0.0 0.0 0

1745402645
0.0 0.0 0.0 0

1745402646
0.0 0.0 0.0 0

1745402647
0.0 0.0 0.0 1069

1745402648
0.0 0.0 0.0 0

1745402649
0.0 0.0 0.0 0

1745402650
0.0 0.0 0.0 0

1745402651
0.0 0.0 0.0 0

1745402652
0.0 0.0 0.0 0

1745402653
0.0 0.0 0.0 0

1745402654
0.0 0.0 0.0 0

1745402655
0.0 0.0 0.0 70

1745402656
0.0 0.0 0.0 0

1745402657
0.0 0.0 0.0 0

1745402658
0.0 0.0 0.0 0

1745402659
0.0 0.0 0.0 0

1745402660
0.0 0.0 0.0 0

1745402661
0.0 0.0 0.0 0

1745402662
0.0 0.0 0.0 0

1745402663
0.0 0.0 0.0 0

1745402664
0.0 0.0 0.0 0

1745402665
0.0 0.0 0.0 0

1745402666
0.0 0.0 0.0 7

1745402667
0.0 0.0 0.0 118

1745402668
0.0 0.0 0.0 89

1745402669
0.0 0.0 0.0 0

1745402670
0.0 0.0 0.0 0

1745402671
0.0 0.0 0.0 0

1745402672
0.0 0.0 0.0 0

1745402673
0.0 0.0 0.0 0

1745402674
0.0 0.0 0.0 0

1745402675
0.0 0.0 0.0 0

1745402676
0.0 0.0 0.0 0

1745402677
0.0 0.0 0.0 65

1745402678
0.0 0.0 0.0 96

1745402679
0.0 0.0 0.0 0

1745402680
0.0 0.0 0.0 0

1745402681
0.0 0.0 0.0 0

1745402682
0.0 0.0 0.0 0

1745402683
0.0 0.0 0.0 0

1745402684
0.0 0.0 0.0 0

1745402685
0.0 0.0 0.0 0

1745402686
0.0 0.0 0.0 0

1745402687
0.0 0.0 0.0 0

1745402688
0.0 0.0 0.0 0

1745402689
0.0 0.0 0.0 0

1745402690
0.0 0.0 0.0 1205

1745402691
0.0 0.0 0.0 93

1745402692
0.0 0.0 0.0 0

1745402693
0.0 0.0 0.0 16

1745402694
0.0 0.0 0.0 0

1745402695
0.0 0.0 0.0 0

1745402696
0.0 0.0 0.0 550

1745402697
0.0 0.0 0.0 0

1745402699
0.0 0.0 0.0 0

1745402700
0.0 0.0 0.0 0

1745402701
0.0 0.0 0.0 0

1745402702
0.0 0.0 0.0 0

1745402703
0.0 0.0 0.0 0

1745402704
0.0 0.0 0.0 5

1745402706
0.0 0.0 0.0 0

1745402707
0.0 0.0 0.0 1504

1745402708
0.0 0.0 0.0 0

1745402709
0.0 0.0 0.0 259

1745402710
0.0 0.0 0.0 0

1745402711
0.0 0.0 0.0 0

1745402712
0.0 0.0 0.0 0

1745402713
0.0 0.0 0.0 1

1745402714
0.0 0.0 0.0 0

1745402715
0.0 0.0 0.0 71

1745402716
0.0 0.0 0.0 4

1745402717
0.0 0.0 0.0 35

1745402718
0.0 0.0 0.0 0

1745402719
0.0 0.0 0.0 0

1745402720
0.0 0.0 0.0 0

1745402721
0.0 0.0 0.0 0

1745402722
0.0 0.0 0.0 0

1745402723
0.0 0.0 0.0 0

1745402724
0.0 0.0 0.0 0

1745402725
0.0 0.0 0.0 0

1745402726
0.0 0.0 0.0 0

1745402727
0.0 0.0 0.0 4

1745402728
0.0 0.0 0.0 0

1745402729
0.0 0.0 0.0 184

1745402730
0.0 0.0 0.0 586

1745402731
0.0 0.0 0.0 0

1745402732
0.0 0.0 0.0 0

1745402733
0.0 0.0 0.0 0

1745402734
0.0 0.0 0.0 0

1745402735
0.0 0.0 0.0 3115

1745402736
0.0 0.0 0.0 69071

1745402737
1.44 0.26 0.05 107349

1745402738
1.44 0.26 0.05 2788

1745402739
1.18 0.25 0.05 2807

1745402740
1.18 0.25 0.05 8251

1745402741
1.15 0.27 0.06 21516

1745402742
1.15 0.27 0.06 14754

1745402743
1.3 0.33 0.07 29673

1745402744
1.3 0.33 0.07 252

1745402745
1.06 0.32 0.07 7333

1745402746
1.06 0.32 0.07 36464

1745402747
1.78 0.47 0.1 68926

1745402748
1.78 0.47 0.1 39351

1745402749
2.0 0.55 0.12 35528

1745402750
2.0 0.55 0.12 28752

1745402751
2.0 0.6 0.14 10922

1745402752
2.0 0.6 0.14 10891

1745402753
1.63 0.58 0.13 2537

1745402754
1.63 0.58 0.13 1747

1745402755
1.34 0.56 0.13 231

1745402756
1.34 0.56 0.13 1260

1745402757
1.09 0.54 0.13 0

1745402758
1.09 0.54 0.13 2014

1745402759
0.89 0.53 0.13 2019

1745402760
0.89 0.53 0.13 127

1745402761
0.73 0.51 0.13 32

1745402762
0.73 0.51 0.13 126

1745402763
0.6 0.49 0.13 418

1745402764
0.6 0.49 0.13 909

1745402765
0.49 0.47 0.13 133

1745402766
0.49 0.47 0.13 653

1745402767
0.4 0.46 0.13 27

1745402768
0.4 0.46 0.13 336

1745402769
0.33 0.44 0.13 756

1745402770
0.33 0.44 0.13 736

1745402771
0.27 0.43 0.13 862

1745402772
0.27 0.43 0.13 589

1745402773
0.22 0.41 0.12 450

1745402774
0.22 0.41 0.12 769

1745402775
0.18 0.4 0.12 382

1745402776
0.18 0.4 0.12 488

1745402777
0.14 0.39 0.12 368

1745402778
0.14 0.39 0.12 442

1745402779
0.12 0.37 0.12 249

1745402780
0.12 0.37 0.12 72

1745402781
0.09 0.36 0.12 69

1745402782
0.09 0.36 0.12 435

1745402783
0.08 0.35 0.12 125

1745402784
0.08 0.35 0.12 1372

1745402785
0.06 0.34 0.12 265

1745402786
0.06 0.34 0.12 133

1745402787
0.05 0.32 0.12 268

1745402788
0.05 0.32 0.12 224

1745402789
0.04 0.31 0.12 452

1745402790
0.04 0.31 0.12 591

1745402791
0.03 0.3 0.12 226

1745402792
0.03 0.3 0.12 416

1745402793
0.02 0.29 0.12 89

1745402794
0.02 0.29 0.12 94

1745402795
0.02 0.28 0.11 182

1745402796
0.02 0.28 0.11 13

1745402797
0.01 0.27 0.11 170

1745402798
0.01 0.27 0.11 570

1745402799
0.01 0.26 0.11 278

1745402800
0.01 0.26 0.11 265

1745402801
0.01 0.25 0.11 105

1745402802
0.01 0.25 0.11 272

1745402803
0.0 0.25 0.11 0

1745402804
0.0 0.25 0.11 117

1745402805
0.0 0.24 0.11 108

1745402806
0.0 0.24 0.11 82

1745402807
0.0 0.23 0.11 76

1745402808
0.0 0.23 0.11 885

1745402809
0.0 0.22 0.11 835

1745402810
0.0 0.22 0.11 400

1745402811
0.0 0.21 0.11 411

1745402812
0.0 0.21 0.11 25

1745402813
0.0 0.21 0.11 488

1745402814
0.0 0.21 0.11 81

1745402815
0.0 0.2 0.1 88

1745402816
0.0 0.2 0.1 0

1745402817
0.0 0.19 0.1 0

1745402818
0.0 0.19 0.1 0

1745402819
0.0 0.19 0.1 0

1745402820
0.0 0.19 0.1 1

1745402821
0.0 0.18 0.1 0

1745402822
0.0 0.18 0.1 1508

1745402823
0.0 0.17 0.1 0

1745402824
0.0 0.17 0.1 193

1745402825
0.0 0.17 0.1 0

1745402826
0.0 0.17 0.1 0

1745402827
0.0 0.16 0.1 0

1745402828
0.0 0.16 0.1 0

1745402829
0.0 0.16 0.1 0

1745402830
0.0 0.16 0.1 0

1745402831
0.0 0.15 0.1 0

1745402832
0.0 0.15 0.1 0

1745402833
0.0 0.14 0.1 110

1745402834
0.0 0.14 0.1 96

1745402835
0.0 0.14 0.09 0

1745402836
0.0 0.14 0.09 53

1745402837
0.0 0.13 0.09 12

1745402838
0.0 0.13 0.09 26

1745402839
0.0 0.13 0.09 0

1745402840
0.0 0.13 0.09 2

1745402841
0.0 0.12 0.09 0

1745402842
0.0 0.12 0.09 0

1745402843
0.0 0.12 0.09 0

1745402844
0.0 0.12 0.09 0

1745402845
0.0 0.12 0.09 0

1745402846
0.0 0.12 0.09 0

1745402847
0.0 0.11 0.09 22

1745402848
0.0 0.11 0.09 0

1745402849
0.0 0.11 0.09 0

1745402850
0.0 0.11 0.09 253

1745402851
0.0 0.1 0.09 23

1745402852
0.0 0.1 0.09 0

1745402853
0.0 0.1 0.09 203

1745402854
0.0 0.1 0.09 0

1745402855
0.0 0.1 0.08 505

1745402856
0.0 0.1 0.08 35

1745402857
0.0 0.09 0.08 0

1745402858
0.0 0.09 0.08 2248

1745402859
0.0 0.09 0.08 525

1745402860
0.0 0.09 0.08 0

1745402861
0.0 0.09 0.08 863

1745402862
0.0 0.09 0.08 7172

1745402863
0.0 0.08 0.08 0

1745402864
0.0 0.08 0.08 1475

1745402865
0.0 0.08 0.08 169

1745402866
0.0 0.08 0.08 0

1745402867
0.0 0.08 0.08 5

1745402868
0.0 0.08 0.08 13

1745402869
0.0 0.07 0.08 1

1745402870
0.0 0.07 0.08 0

1745402871
0.0 0.07 0.08 0

1745402872
0.0 0.07 0.08 0

1745402873
0.0 0.07 0.08 1

1745402874
0.0 0.07 0.08 64

1745402875
0.0 0.07 0.08 1

1745402876
0.0 0.07 0.08 1

1745402877
0.0 0.06 0.07 22

1745402878
0.0 0.06 0.07 0

1745402879
0.0 0.06 0.07 0

1745402880
0.0 0.06 0.07 0

1745402881
0.0 0.06 0.07 0

1745402882
0.0 0.06 0.07 0

1745402883
0.0 0.06 0.07 0

1745402884
0.0 0.06 0.07 0

1745402885
0.0 0.05 0.07 0

1745402886
0.0 0.05 0.07 6

1745402887
0.0 0.05 0.07 0

1745402888
0.0 0.05 0.07 0

1745402889
0.0 0.05 0.07 0

1745402890
0.0 0.05 0.07 0

1745402891
0.0 0.05 0.07 0

1745402892
0.0 0.05 0.07 0

1745402893
0.0 0.05 0.07 0

1745402894
0.0 0.05 0.07 249

1745402895
0.0 0.04 0.07 0

1745402896
0.0 0.04 0.07 0

1745402897
0.0 0.04 0.07 818

1745402898
0.0 0.04 0.07 381

1745402899
0.0 0.04 0.06 1

1745402900
0.0 0.04 0.06 0

1745402901
0.0 0.04 0.06 0

1745402902
0.0 0.04 0.06 0

1745402903
0.0 0.04 0.06 0

1745402904
0.0 0.04 0.06 0

1745402905
0.0 0.04 0.06 0

1745402906
0.0 0.04 0.06 0

1745402907
0.0 0.03 0.06 309

1745402908
0.0 0.03 0.06 0

1745402909
0.0 0.03 0.06 0

1745402910
0.0 0.03 0.06 0

1745402911
0.0 0.03 0.06 0

1745402913
0.0 0.03 0.06 0

1745402914
0.0 0.03 0.06 0

1745402915
0.0 0.03 0.06 1212

1745402916
0.0 0.03 0.06 0

1745402917
0.0 0.03 0.06 1306

1745402918
0.0 0.03 0.06 509

1745402919
0.0 0.02 0.06 0

1745402920
0.0 0.02 0.06 60

1745402921
0.0 0.02 0.06 0

1745402922
0.0 0.02 0.06 1

1745402923
0.0 0.02 0.06 0

1745402924
0.0 0.02 0.06 0

1745402925
0.0 0.02 0.06 1

1745402926
0.0 0.02 0.06 0

1745402928
0.0 0.02 0.06 22

1745402929
0.0 0.02 0.06 0

1745402930
0.0 0.02 0.06 0

1745402932
0.0 0.02 0.06 1

1745402933
0.0 0.02 0.06 0

1745402934
0.0 0.02 0.06 0

1745402935
0.0 0.02 0.06 0

1745402936
0.0 0.02 0.06 0

1745402938
0.0 0.02 0.06 186

1745402939
0.0 0.02 0.06 0

1745402940
0.0 0.02 0.06 0

1745402941
0.0 0.01 0.05 0

1745402942
0.0 0.01 0.05 0

1745402943
0.0 0.01 0.05 0

1745402944
0.0 0.01 0.05 78

1745402945
0.0 0.01 0.05 0

1745402946
0.0 0.01 0.05 988

1745402947
0.0 0.01 0.05 90

1745402948
0.0 0.01 0.05 0

1745402949
0.0 0.01 0.05 0

1745402950
0.0 0.01 0.05 0

1745402951
0.0 0.01 0.05 0

1745402952
0.0 0.01 0.05 0

1745402954
0.0 0.01 0.05 2

1745402956
0.0 0.01 0.05 70

1745402957
0.0 0.01 0.05 1

1745402958
0.0 0.01 0.05 0

1745402959
0.0 0.01 0.05 0

1745402960
0.0 0.01 0.05 0

1745402961
0.0 0.01 0.05 0

1745402962
0.0 0.01 0.05 0

1745402963
0.0 0.01 0.05 0

1745402964
0.0 0.01 0.05 261

1745402965
0.0 0.01 0.05 0

1745402967
0.0 0.01 0.05 0

1745402968
0.0 0.01 0.05 0

1745402969
0.0 0.0 0.05 3

1745402970
0.0 0.0 0.05 0

1745402971
0.0 0.0 0.05 0

1745402972
0.0 0.0 0.05 0

1745402973
0.0 0.0 0.05 0

1745402974
0.0 0.0 0.05 1

1745402975
0.0 0.0 0.05 0

1745402976
0.0 0.0 0.05 0

1745402977
0.0 0.0 0.05 0

1745402978
0.0 0.0 0.05 1272

1745402979
0.0 0.0 0.05 118

1745402980
0.0 0.0 0.05 6

1745402981
0.0 0.0 0.04 582

1745402982
0.0 0.0 0.04 0

1745402983
0.0 0.0 0.04 0

1745402984
0.0 0.0 0.04 1

1745402985
0.0 0.0 0.04 0

1745402986
0.0 0.0 0.04 12

1745402987
0.0 0.0 0.04 0

1745402988
0.0 0.0 0.04 1

1745402989
0.0 0.0 0.04 0

1745402990
0.0 0.0 0.04 910

1745402991
0.0 0.0 0.04 2491

1745402992
0.0 0.0 0.04 2754

1745402993
0.0 0.0 0.04 1341

1745402994
0.0 0.0 0.04 862

1745402995
0.0 0.0 0.04 0

1745402996
0.0 0.0 0.04 0

1745402997
0.0 0.0 0.04 107

1745402998
0.0 0.0 0.04 1304

1745402999
0.0 0.0 0.04 0

1745403000
0.0 0.0 0.04 657

1745403001
0.0 0.0 0.04 0

1745403002
0.0 0.0 0.04 0

1745403003
0.0 0.0 0.04 31

1745403004
0.0 0.0 0.04 247

1745403005
0.0 0.0 0.04 6

1745403006
0.0 0.0 0.04 10

1745403007
0.0 0.0 0.04 0

1745403008
0.0 0.0 0.04 1

1745403009
0.0 0.0 0.04 2

1745403010
0.0 0.0 0.04 0

1745403011
0.0 0.0 0.04 0

1745403012
0.0 0.0 0.04 1

1745403013
0.0 0.0 0.04 0

1745403015
0.0 0.0 0.04 1

1745403016
0.0 0.0 0.04 0

1745403017
0.0 0.0 0.04 1

1745403018
0.0 0.0 0.04 4

1745403019
0.0 0.0 0.04 0

1745403020
0.0 0.0 0.04 103

1745403021
0.0 0.0 0.04 0

1745403022
0.0 0.0 0.04 0

1745403023
0.0 0.0 0.03 1

1745403024
0.0 0.0 0.03 1

1745403025
0.0 0.0 0.03 177

1745403027
0.0 0.0 0.03 146

1745403028
0.0 0.0 0.03 3

1745403029
0.0 0.0 0.03 0

1745403030
0.0 0.0 0.03 251

1745403031
0.0 0.0 0.03 0

1745403032
0.0 0.0 0.03 0

1745403033
0.0 0.0 0.03 0

1745403034
0.0 0.0 0.03 309

1745403035
0.0 0.0 0.03 0

1745403036
0.0 0.0 0.03 0

1745403037
0.0 0.0 0.03 5204

1745403038
0.0 0.0 0.03 2

1745403039
0.0 0.0 0.03 208

1745403040
0.0 0.0 0.03 1263

1745403041
0.0 0.0 0.03 1063

1745403042
0.0 0.0 0.03 0

1745403043
0.0 0.0 0.03 1

1745403044
0.0 0.0 0.03 264

1745403046
0.0 0.0 0.03 1804

1745403047
0.0 0.0 0.03 0

1745403048
0.0 0.0 0.03 0

1745403049
0.0 0.0 0.03 0

1745403050
0.0 0.0 0.03 0

1745403051
0.0 0.0 0.03 0

1745403053
0.0 0.0 0.03 42

1745403054
0.0 0.0 0.03 0

1745403055
0.0 0.0 0.03 21

1745403056
0.0 0.0 0.03 0

1745403057
0.0 0.0 0.03 0

1745403058
0.0 0.0 0.03 5

1745403059
0.0 0.0 0.03 0

1745403060
0.0 0.0 0.03 0

1745403061
0.0 0.0 0.03 1574

1745403062
0.0 0.0 0.03 159

1745403063
0.0 0.0 0.03 2257

1745403064
0.0 0.0 0.02 189

1745403065
0.0 0.0 0.02 0

1745403066
0.0 0.0 0.02 1225

1745403067
0.0 0.0 0.02 0

1745403068
0.0 0.0 0.02 0

1745403069
0.0 0.0 0.02 0

1745403070
0.0 0.0 0.02 0

1745403071
0.0 0.0 0.02 81

1745403072
0.0 0.0 0.02 107

1745403073
0.0 0.0 0.02 0

1745403074
0.0 0.0 0.02 1

1745403075
0.0 0.0 0.02 1

1745403076
0.0 0.0 0.02 5

1745403077
0.0 0.0 0.02 0

1745403078
0.0 0.0 0.02 0

1745403079
0.0 0.0 0.02 0

1745403080
0.0 0.0 0.02 0

1745403081
0.0 0.0 0.02 0

1745403082
0.0 0.0 0.02 0

1745403083
0.0 0.0 0.02 0

1745403084
0.0 0.0 0.02 1206

1745403085
0.0 0.0 0.02 260

1745403086
0.0 0.0 0.02 0

1745403087
0.0 0.0 0.02 0

1745403088
0.0 0.0 0.02 0

1745403089
0.0 0.0 0.02 0

1745403090
0.0 0.0 0.02 0

1745403091
0.0 0.0 0.02 221

1745403092
0.0 0.0 0.02 92

1745403093
0.0 0.0 0.02 204

1745403094
0.0 0.0 0.02 177

1745403095
0.0 0.0 0.02 6

1745403096
0.0 0.0 0.02 43

1745403097
0.0 0.0 0.02 165

1745403098
0.0 0.0 0.02 382

1745403099
0.0 0.0 0.02 189

1745403100
0.0 0.0 0.02 114

1745403101
0.0 0.0 0.02 63

1745403102
0.0 0.0 0.02 36

1745403103
0.0 0.0 0.02 0

1745403104
0.0 0.0 0.02 95

1745403105
0.0 0.0 0.02 7

1745403106
0.0 0.0 0.01 155

1745403107
0.0 0.0 0.01 0

1745403108
0.0 0.0 0.01 1

1745403109
0.0 0.0 0.01 1

1745403110
0.0 0.0 0.01 529

1745403111
0.0 0.0 0.01 39

1745403112
0.0 0.0 0.01 0

1745403113
0.0 0.0 0.01 0

1745403114
0.0 0.0 0.01 0

1745403115
0.0 0.0 0.01 0

1745403116
0.0 0.0 0.01 0

1745403117
0.0 0.0 0.01 0

1745403118
0.0 0.0 0.01 0

1745403119
0.0 0.0 0.01 0

1745403120
0.0 0.0 0.01 0

1745403121
0.0 0.0 0.01 0

1745403122
0.0 0.0 0.01 0

1745403123
0.0 0.0 0.01 50

1745403124
0.0 0.0 0.01 365

1745403125
0.0 0.0 0.01 0

1745403126
0.0 0.0 0.01 0

1745403127
0.0 0.0 0.01 0

1745403128
0.0 0.0 0.01 0

1745403129
0.0 0.0 0.01 0

1745403130
0.0 0.0 0.01 0

1745403131
0.0 0.0 0.01 0

1745403132
0.0 0.0 0.01 0

1745403133
0.0 0.0 0.01 46

1745403134
0.0 0.0 0.01 38

1745403135
0.0 0.0 0.01 56

1745403136
0.0 0.0 0.01 200

1745403137
0.0 0.0 0.01 0

1745403138
0.0 0.0 0.01 69

1745403139
0.0 0.0 0.01 208

1745403140
0.0 0.0 0.01 220

1745403141
0.0 0.0 0.01 56

1745403142
0.0 0.0 0.01 0

1745403143
0.0 0.0 0.01 23

1745403144
0.0 0.0 0.01 39

1745403145
0.0 0.0 0.01 52

1745403146
0.0 0.0 0.0 0

1745403147
0.0 0.0 0.0 0

1745403148
0.0 0.0 0.0 0

1745403149
0.0 0.0 0.0 0

1745403150
0.0 0.0 0.0 0

1745403151
0.0 0.0 0.0 0

1745403152
0.0 0.0 0.0 189

1745403153
0.0 0.0 0.0 90

1745403154
0.0 0.0 0.0 153

1745403155
0.0 0.0 0.0 4

1745403156
0.0 0.0 0.0 0

1745403157
0.0 0.0 0.0 0

1745403158
0.0 0.0 0.0 0

1745403159
0.0 0.0 0.0 1

1745403160
0.0 0.0 0.0 0

1745403161
0.0 0.0 0.0 0

1745403162
0.0 0.0 0.0 0

1745403163
0.0 0.0 0.0 0

1745403164
0.0 0.0 0.0 0

1745403165
0.0 0.0 0.0 965

1745403166
0.0 0.0 0.0 369

1745403167
0.0 0.0 0.0 172

1745403168
0.0 0.0 0.0 0

1745403169
0.0 0.0 0.0 0

1745403170
0.0 0.0 0.0 4

1745403171
0.0 0.0 0.0 0

1745403172
0.0 0.0 0.0 1330

1745403173
0.0 0.0 0.0 0

1745403174
0.0 0.0 0.0 43

1745403175
0.0 0.0 0.0 0

1745403177
0.0 0.0 0.0 0

1745403178
0.0 0.0 0.0 0

1745403179
0.0 0.0 0.0 0

1745403180
0.0 0.0 0.0 0

1745403181
0.0 0.0 0.0 0

1745403182
0.0 0.0 0.0 0

1745403183
0.0 0.0 0.0 0

1745403184
0.0 0.0 0.0 53

1745403185
0.0 0.0 0.0 0

1745403186
0.0 0.0 0.0 4

1745403187
0.0 0.0 0.0 70

1745403188
0.0 0.0 0.0 42

1745403189
0.0 0.0 0.0 0

1745403190
0.0 0.0 0.0 0

1745403191
0.0 0.0 0.0 1

1745403192
0.0 0.0 0.0 0

1745403193
0.0 0.0 0.0 0

1745403194
0.0 0.0 0.0 0

1745403195
0.0 0.0 0.0 0

1745403196
0.0 0.0 0.0 0

1745403197
0.0 0.0 0.0 0

1745403198
0.0 0.0 0.0 0

1745403199
0.0 0.0 0.0 0

1745403200
0.0 0.0 0.0 0

1745403201
0.0 0.0 0.0 0

1745403202
0.0 0.0 0.0 0

1745403203
0.0 0.0 0.0 1

1745403204
0.0 0.0 0.0 30

1745403205
0.0 0.0 0.0 0

1745403206
0.0 0.0 0.0 24

1745403207
0.0 0.0 0.0 0

1745403208
0.0 0.0 0.0 0

1745403209
0.0 0.0 0.0 1

1745403210
0.0 0.0 0.0 0

1745403211
0.0 0.0 0.0 1

1745403212
0.0 0.0 0.0 0

1745403214
0.0 0.0 0.0 0

1745403215
0.0 0.0 0.0 0

1745403216
0.0 0.0 0.0 21

1745403217
0.0 0.0 0.0 0

1745403218
0.0 0.0 0.0 0

1745403219
0.0 0.0 0.0 0

1745403220
0.0 0.0 0.0 1

1745403221
0.0 0.0 0.0 2

1745403222
0.0 0.0 0.0 64

1745403223
0.0 0.0 0.0 10

1745403224
0.0 0.0 0.0 0

1745403225
0.0 0.0 0.0 0

1745403226
0.0 0.0 0.0 17

1745403227
0.0 0.0 0.0 0

1745403228
0.0 0.0 0.0 0

1745403229
0.0 0.0 0.0 0

1745403230
0.0 0.0 0.0 0

1745403231
0.0 0.0 0.0 0

1745403232
0.0 0.0 0.0 0

1745403233
0.0 0.0 0.0 1526

1745403234
0.0 0.0 0.0 0

1745403235
0.0 0.0 0.0 0

1745403236
0.0 0.0 0.0 0

1745403237
0.0 0.0 0.0 0

1745403238
0.0 0.0 0.0 0

1745403239
0.0 0.0 0.0 0

1745403240
0.0 0.0 0.0 0

1745403241
0.0 0.0 0.0 0

1745403242
0.0 0.0 0.0 32

1745403243
0.0 0.0 0.0 51

1745403244
0.0 0.0 0.0 0

1745403245
0.0 0.0 0.0 1527

1745403246
0.0 0.0 0.0 0

1745403247
0.0 0.0 0.0 110

1745403248
0.0 0.0 0.0 0

1745403249
0.0 0.0 0.0 0

1745403250
0.0 0.0 0.0 1404

1745403251
0.0 0.0 0.0 32

1745403252
0.0 0.0 0.0 1

1745403253
0.0 0.0 0.0 0

1745403254
0.0 0.0 0.0 1

1745403255
0.0 0.0 0.0 7

1745403256
0.0 0.0 0.0 52

1745403257
0.0 0.0 0.0 1583

1745403258
0.0 0.0 0.0 153

1745403260
0.0 0.0 0.0 0

1745403261
0.0 0.0 0.0 0

1745403262
0.0 0.0 0.0 0

1745403263
0.0 0.0 0.0 226

1745403264
0.0 0.0 0.0 0

1745403265
0.0 0.0 0.0 0

1745403266
0.0 0.0 0.0 0

1745403267
0.0 0.0 0.0 0

1745403268
0.0 0.0 0.0 42

1745403269
0.0 0.0 0.0 829

1745403270
0.0 0.0 0.0 1

1745403271
0.0 0.0 0.0 1

1745403272
0.0 0.0 0.0 0

1745403273
0.0 0.0 0.0 0

1745403274
0.0 0.0 0.0 0

1745403275
0.0 0.0 0.0 0

1745403276
0.0 0.0 0.0 0

1745403277
0.0 0.0 0.0 0

1745403278
0.0 0.0 0.0 0

1745403279
0.0 0.0 0.0 0

1745403280
0.0 0.0 0.0 0

1745403281
0.0 0.0 0.0 1289

1745403282
0.0 0.0 0.0 1618

1745403283
0.0 0.0 0.0 1962

1745403284
0.0 0.0 0.0 0

1745403285
0.0 0.0 0.0 0

1745403286
0.0 0.0 0.0 1410

1745403287
0.0 0.0 0.0 18

1745403288
0.0 0.0 0.0 0

1745403289
0.0 0.0 0.0 0

1745403290
0.0 0.0 0.0 0

1745403291
0.0 0.0 0.0 0

1745403292
0.0 0.0 0.0 0

1745403293
0.0 0.0 0.0 0

1745403294
0.0 0.0 0.0 0

1745403295
0.0 0.0 0.0 0

1745403296
0.0 0.0 0.0 0

1745403297
0.0 0.0 0.0 18

1745403298
0.0 0.0 0.0 62

1745403299
0.0 0.0 0.0 0

1745403300
0.0 0.0 0.0 2

1745403301
0.0 0.0 0.0 0

1745403302
0.0 0.0 0.0 0

1745403303
0.0 0.0 0.0 0

1745403304
0.0 0.0 0.0 0

1745403305
0.0 0.0 0.0 1259

1745403306
0.0 0.0 0.0 23

1745403307
0.0 0.0 0.0 0

1745403308
0.0 0.0 0.0 409

1745403309
0.0 0.0 0.0 0

1745403310
0.0 0.0 0.0 40

1745403311
0.0 0.0 0.0 54

1745403312
0.0 0.0 0.0 0

1745403313
0.0 0.0 0.0 0

1745403314
0.0 0.0 0.0 0

1745403315
0.0 0.0 0.0 0

1745403316
0.0 0.0 0.0 0

1745403317
0.0 0.0 0.0 0

1745403318
0.0 0.0 0.0 0

1745403319
0.0 0.0 0.0 0

1745403320
0.0 0.0 0.0 0

1745403321
0.0 0.0 0.0 152

1745403322
0.0 0.0 0.0 33

1745403323
0.0 0.0 0.0 4

1745403324
0.0 0.0 0.0 0

1745403325
0.0 0.0 0.0 24

1745403326
0.0 0.0 0.0 0

1745403327
0.0 0.0 0.0 25

1745403328
0.0 0.0 0.0 0

1745403330
0.0 0.0 0.0 192

1745403331
0.0 0.0 0.0 0

1745403332
0.0 0.0 0.0 2

1745403333
0.0 0.0 0.0 0

1745403334
0.0 0.0 0.0 41

1745403335
0.0 0.0 0.0 0

1745403336
0.0 0.0 0.0 0

1745403337
0.0 0.0 0.0 0

1745403338
0.0 0.0 0.0 0

1745403339
0.0 0.0 0.0 57

1745403340
0.0 0.0 0.0 2535

1745403341
0.0 0.0 0.0 186

1745403342
0.0 0.0 0.0 0

1745403343
0.0 0.0 0.0 1

1745403344
0.0 0.0 0.0 0

1745403345
0.0 0.0 0.0 0

1745403346
0.0 0.0 0.0 0

1745403347
0.0 0.0 0.0 118

1745403348
0.0 0.0 0.0 0

1745403349
0.0 0.0 0.0 0

1745403350
0.0 0.0 0.0 0

1745403351
0.0 0.0 0.0 0

1745403352
0.0 0.0 0.0 151

1745403353
0.0 0.0 0.0 0

1745403354
0.0 0.0 0.0 0

1745403355
0.0 0.0 0.0 1288

1745403356
0.0 0.0 0.0 0

1745403357
0.0 0.0 0.0 111

1745403358
0.0 0.0 0.0 0

1745403360
0.0 0.0 0.0 54

1745403361
0.0 0.0 0.0 0

1745403362
0.0 0.0 0.0 0

1745403363
0.0 0.0 0.0 0

1745403364
0.0 0.0 0.0 0

1745403365
0.0 0.0 0.0 521

1745403366
0.0 0.0 0.0 0

1745403367
0.0 0.0 0.0 0

1745403368
0.0 0.0 0.0 0

1745403369
0.0 0.0 0.0 0

1745403370
0.0 0.0 0.0 0

1745403371
0.0 0.0 0.0 0

1745403372
0.0 0.0 0.0 0

1745403373
0.0 0.0 0.0 0

1745403374
0.0 0.0 0.0 1

1745403375
0.0 0.0 0.0 0

1745403376
0.0 0.0 0.0 0

1745403377
0.0 0.0 0.0 0

1745403378
0.0 0.0 0.0 2

1745403379
0.0 0.0 0.0 2

1745403380
0.0 0.0 0.0 0

1745403381
0.0 0.0 0.0 0

1745403383
0.0 0.0 0.0 1514

1745403384
0.0 0.0 0.0 251

1745403385
0.0 0.0 0.0 0

1745403386
0.0 0.0 0.0 0

1745403387
0.0 0.0 0.0 0

1745403388
0.0 0.0 0.0 0

1745403390
0.0 0.0 0.0 0

1745403391
0.0 0.0 0.0 0

1745403392
0.0 0.0 0.0 90

1745403393
0.0 0.0 0.0 0

1745403394
0.0 0.0 0.0 0

1745403395
0.0 0.0 0.0 0

1745403396
0.0 0.0 0.0 0

1745403397
0.0 0.0 0.0 0

1745403398
0.0 0.0 0.0 85

1745403399
0.0 0.0 0.0 0

1745403400
0.0 0.0 0.0 0

1745403401
0.0 0.0 0.0 79

1745403402
0.0 0.0 0.0 0

1745403403
0.0 0.0 0.0 10694

1745403405
0.0 0.0 0.0 0

1745403406
0.0 0.0 0.0 0

1745403407
0.0 0.0 0.0 267

1745403408
0.0 0.0 0.0 0

1745403409
0.0 0.0 0.0 0

1745403410
0.0 0.0 0.0 0

1745403411
0.0 0.0 0.0 0

1745403412
0.0 0.0 0.0 85

1745403413
0.0 0.0 0.0 37

1745403414
0.0 0.0 0.0 105

1745403415
0.0 0.0 0.0 73

1745403416
0.0 0.0 0.0 1

1745403417
0.0 0.0 0.0 0

1745403418
0.0 0.0 0.0 0

1745403419
0.0 0.0 0.0 0

1745403420
0.0 0.0 0.0 0

1745403421
0.0 0.0 0.0 0

1745403422
0.0 0.0 0.0 1

1745403424
0.0 0.0 0.0 0

1745403425
0.0 0.0 0.0 6

1745403426
0.0 0.0 0.0 39

1745403427
0.0 0.0 0.0 0

1745403428
0.0 0.0 0.0 0

1745403429
0.0 0.0 0.0 0

1745403430
0.0 0.0 0.0 4

1745403431
0.0 0.0 0.0 0

1745403432
0.0 0.0 0.0 0

1745403433
0.0 0.0 0.0 1

1745403434
0.0 0.0 0.0 0

1745403435
0.0 0.0 0.0 0

1745403436
0.0 0.0 0.0 0

1745403437
0.0 0.0 0.0 0

1745403438
0.0 0.0 0.0 0

1745403439
0.0 0.0 0.0 0

1745403440
0.0 0.0 0.0 64

1745403441
0.0 0.0 0.0 0

1745403442
0.0 0.0 0.0 53

1745403443
0.0 0.0 0.0 0

1745403444
0.0 0.0 0.0 0

1745403445
0.0 0.0 0.0 0

1745403446
0.0 0.0 0.0 0

1745403447
0.0 0.0 0.0 1

1745403449
0.0 0.0 0.0 0

1745403450
0.0 0.0 0.0 0

1745403451
0.0 0.0 0.0 0

1745403452
0.0 0.0 0.0 0

1745403453
0.0 0.0 0.0 0

1745403454
0.0 0.0 0.0 0

1745403455
0.0 0.0 0.0 0

1745403456
0.0 0.0 0.0 0

1745403457
0.0 0.0 0.0 0

1745403458
0.0 0.0 0.0 0

1745403459
0.0 0.0 0.0 0

1745403460
0.0 0.0 0.0 0

1745403461
0.0 0.0 0.0 0

1745403462
0.0 0.0 0.0 0

1745403463
0.0 0.0 0.0 0

1745403464
0.0 0.0 0.0 0

1745403465
0.0 0.0 0.0 0

1745403466
0.0 0.0 0.0 0

1745403467
0.0 0.0 0.0 0

1745403468
0.0 0.0 0.0 1

1745403469
0.0 0.0 0.0 0

1745403470
0.0 0.0 0.0 0

1745403471
0.0 0.0 0.0 0

1745403472
0.0 0.0 0.0 0

1745403473
0.0 0.0 0.0 1

1745403474
0.0 0.0 0.0 0

1745403475
0.0 0.0 0.0 0

1745403476
0.0 0.0 0.0 0

1745403477
0.0 0.0 0.0 0

1745403478
0.0 0.0 0.0 0

1745403480
0.0 0.0 0.0 64

1745403481
0.0 0.0 0.0 0

1745403482
0.0 0.0 0.0 51

1745403483
0.0 0.0 0.0 0

1745403484
0.0 0.0 0.0 0

1745403485
0.0 0.0 0.0 0

1745403486
0.0 0.0 0.0 0

1745403487
0.0 0.0 0.0 0

1745403488
0.0 0.0 0.0 0

1745403489
0.0 0.0 0.0 0

1745403490
0.0 0.0 0.0 0

1745403491
0.0 0.0 0.0 0

1745403492
0.0 0.0 0.0 0

1745403493
0.0 0.0 0.0 31

1745403494
0.0 0.0 0.0 0

1745403495
0.0 0.0 0.0 0

1745403496
0.0 0.0 0.0 0

1745403497
0.0 0.0 0.0 0

1745403498
0.0 0.0 0.0 0

1745403499
0.0 0.0 0.0 0

1745403500
0.0 0.0 0.0 0

1745403501
0.0 0.0 0.0 25

1745403502
0.0 0.0 0.0 0

1745403503
0.0 0.0 0.0 0

1745403504
0.0 0.0 0.0 9

1745403505
0.0 0.0 0.0 4

1745403506
0.0 0.0 0.0 0

1745403507
0.0 0.0 0.0 0

1745403508
0.0 0.0 0.0 0

1745403509
0.0 0.0 0.0 0

1745403510
0.0 0.0 0.0 0

1745403511
0.0 0.0 0.0 0

1745403512
0.0 0.0 0.0 0

1745403513
0.0 0.0 0.0 0

1745403514
0.0 0.0 0.0 11

1745403515
0.0 0.0 0.0 0

1745403516
0.0 0.0 0.0 1

1745403517
0.0 0.0 0.0 4

1745403518
0.0 0.0 0.0 0

1745403519
0.0 0.0 0.0 0

1745403520
0.0 0.0 0.0 0

1745403521
0.0 0.0 0.0 0

1745403522
0.0 0.0 0.0 20

1745403523
0.0 0.0 0.0 0

1745403524
0.0 0.0 0.0 0

1745403525
0.0 0.0 0.0 0

1745403526
0.0 0.0 0.0 0

1745403527
0.0 0.0 0.0 0

1745403528
0.0 0.0 0.0 0

1745403529
0.0 0.0 0.0 0

1745403531
0.0 0.0 0.0 0

1745403532
0.0 0.0 0.0 0

1745403533
0.0 0.0 0.0 0

1745403534
0.0 0.0 0.0 0

1745403535
0.0 0.0 0.0 0

1745403536
0.0 0.0 0.0 0

1745403537
0.0 0.0 0.0 0

1745403538
0.0 0.0 0.0 0

1745403539
0.0 0.0 0.0 0

1745403540
0.0 0.0 0.0 0

1745403541
0.0 0.0 0.0 0

1745403542
0.0 0.0 0.0 0

1745403543
0.0 0.0 0.0 0

1745403545
0.0 0.0 0.0 0

1745403546
0.0 0.0 0.0 0

1745403547
0.0 0.0 0.0 0

1745403548
0.0 0.0 0.0 0

1745403549
0.0 0.0 0.0 0

1745403550
0.0 0.0 0.0 0

1745403551
0.0 0.0 0.0 0

1745403552
0.0 0.0 0.0 0

1745403553
0.0 0.0 0.0 0

1745403554
0.0 0.0 0.0 0

1745403555
0.0 0.0 0.0 0

1745403556
0.0 0.0 0.0 0

1745403557
0.0 0.0 0.0 0

1745403558
0.0 0.0 0.0 0

1745403559
0.0 0.0 0.0 0

1745403560
0.0 0.0 0.0 0

1745403561
0.0 0.0 0.0 0

1745403562
0.0 0.0 0.0 1

1745403563
0.0 0.0 0.0 0

1745403564
0.0 0.0 0.0 0

1745403565
0.0 0.0 0.0 0

1745403566
0.0 0.0 0.0 0

1745403567
0.0 0.0 0.0 0

1745403568
0.0 0.0 0.0 0

1745403569
0.0 0.0 0.0 0

1745403570
0.0 0.0 0.0 0

1745403571
0.0 0.0 0.0 0

1745403572
0.0 0.0 0.0 0

1745403573
0.0 0.0 0.0 0

1745403574
0.0 0.0 0.0 0

1745403576
0.0 0.0 0.0 0

1745403577
0.0 0.0 0.0 0

1745403578
0.0 0.0 0.0 0

1745403579
0.0 0.0 0.0 0

1745403580
0.0 0.0 0.0 0

1745403581
0.0 0.0 0.0 0

1745403582
0.0 0.0 0.0 0

1745403583
0.0 0.0 0.0 0

1745403584
0.0 0.0 0.0 0

1745403585
0.0 0.0 0.0 4

1745403586
0.0 0.0 0.0 0

1745403587
0.0 0.0 0.0 0

1745403588
0.0 0.0 0.0 0

1745403590
0.0 0.0 0.0 0

1745403591
0.0 0.0 0.0 0

1745403592
0.0 0.0 0.0 0

1745403593
0.0 0.0 0.0 0

1745403594
0.0 0.0 0.0 0

1745403595
0.0 0.0 0.0 0

1745403596
0.0 0.0 0.0 0

1745403597
0.0 0.0 0.0 0

1745403598
0.0 0.0 0.0 0

1745403599
0.0 0.0 0.0 0

1745403600
0.0 0.0 0.0 0

1745403601
0.0 0.0 0.0 0

1745403602
0.0 0.0 0.0 0

1745403603
0.0 0.0 0.0 0

1745403604
0.0 0.0 0.0 0

1745403605
0.0 0.0 0.0 0

1745403606
0.0 0.0 0.0 0

1745403607
0.0 0.0 0.0 0

1745403608
0.0 0.0 0.0 0

1745403609
0.0 0.0 0.0 0

1745403610
0.0 0.0 0.0 0

1745403611
0.0 0.0 0.0 0

1745403612
0.0 0.0 0.0 0

1745403613
0.0 0.0 0.0 0

1745403614
0.0 0.0 0.0 0

1745403615
0.0 0.0 0.0 0

1745403616
0.0 0.0 0.0 0

1745403617
0.0 0.0 0.0 0

1745403618
0.0 0.0 0.0 38

1745403619
0.0 0.0 0.0 0

1745403620
0.0 0.0 0.0 0

1745403621
0.0 0.0 0.0 0

1745403622
0.0 0.0 0.0 0

1745403623
0.0 0.0 0.0 0

1745403624
0.0 0.0 0.0 0

1745403625
0.0 0.0 0.0 0

1745403626
0.0 0.0 0.0 0

1745403627
0.0 0.0 0.0 0

1745403628
0.0 0.0 0.0 0

1745403629
0.0 0.0 0.0 0

1745403630
0.0 0.0 0.0 0

1745403631
0.0 0.0 0.0 1

1745403632
0.0 0.0 0.0 0

1745403633
0.0 0.0 0.0 0

1745403634
0.0 0.0 0.0 0

1745403635
0.0 0.0 0.0 0

1745403636
0.0 0.0 0.0 0

1745403637
0.0 0.0 0.0 0

1745403639
0.0 0.0 0.0 0

1745403640
0.0 0.0 0.0 0

1745403641
0.0 0.0 0.0 0

1745403642
0.0 0.0 0.0 0

1745403644
0.0 0.0 0.0 0

1745403645
0.0 0.0 0.0 0

1745403646
0.0 0.0 0.0 10

1745403647
0.0 0.0 0.0 0

1745403648
0.0 0.0 0.0 0

1745403649
0.0 0.0 0.0 0

1745403650
0.0 0.0 0.0 0

1745403651
0.0 0.0 0.0 0

1745403653
0.0 0.0 0.0 0

1745403654
0.0 0.0 0.0 0

1745403656
0.0 0.0 0.0 0

1745403657
0.0 0.0 0.0 0

1745403658
0.0 0.0 0.0 0

1745403659
0.0 0.0 0.0 0

1745403660
0.0 0.0 0.0 0

1745403661
0.0 0.0 0.0 0

1745403662
0.0 0.0 0.0 0

1745403664
0.0 0.0 0.0 0

1745403665
0.0 0.0 0.0 0

1745403666
0.0 0.0 0.0 0

1745403668
0.0 0.0 0.0 2

1745403670
0.0 0.0 0.0 2

1745403671
0.0 0.0 0.0 0

1745403672
0.0 0.0 0.0 18

1745403673
0.0 0.0 0.0 0

1745403674
0.0 0.0 0.0 0

1745403675
0.0 0.0 0.0 0

1745403676
0.0 0.0 0.0 0

1745403677
0.0 0.0 0.0 25

1745403678
0.0 0.0 0.0 0

1745403679
0.0 0.0 0.0 0

1745403680
0.0 0.0 0.0 0

1745403681
0.0 0.0 0.0 0

1745403682
0.0 0.0 0.0 0

1745403683
0.0 0.0 0.0 1

1745403684
0.0 0.0 0.0 0

1745403685
0.0 0.0 0.0 0

1745403686
0.0 0.0 0.0 86

1745403687
0.0 0.0 0.0 0

1745403688
0.0 0.0 0.0 0

1745403689
0.0 0.0 0.0 0

1745403690
0.0 0.0 0.0 0

1745403691
0.0 0.0 0.0 0

1745403692
0.0 0.0 0.0 0

1745403693
0.0 0.0 0.0 0

1745403695
0.0 0.0 0.0 0

1745403696
0.0 0.0 0.0 0

1745403697
0.0 0.0 0.0 0

1745403699
0.0 0.0 0.0 0

1745403701
0.0 0.0 0.0 59

1745403702
0.0 0.0 0.0 0

1745403703
0.0 0.0 0.0 0

1745403704
0.0 0.0 0.0 0

1745403705
0.0 0.0 0.0 0

1745403706
0.0 0.0 0.0 0

1745403708
0.0 0.0 0.0 65

1745403709
0.0 0.0 0.0 0

1745403710
0.0 0.0 0.0 0

1745403711
0.0 0.0 0.0 0

1745403712
0.0 0.0 0.0 65

1745403713
0.0 0.0 0.0 0

1745403714
0.0 0.0 0.0 0

1745403716
0.0 0.0 0.0 66

1745403717
0.0 0.0 0.0 1

1745403718
0.0 0.0 0.0 2

1745403719
0.0 0.0 0.0 0

1745403720
0.0 0.0 0.0 0

1745403721
0.0 0.0 0.0 0

1745403722
0.0 0.0 0.0 0

1745403723
0.0 0.0 0.0 0

1745403724
0.0 0.0 0.0 5

1745403725
0.0 0.0 0.0 0

1745403726
0.0 0.0 0.0 0

1745403727
0.0 0.0 0.0 0

1745403728
0.0 0.0 0.0 0

1745403729
0.0 0.0 0.0 0

1745403730
0.0 0.0 0.0 0

1745403732
0.0 0.0 0.0 0

1745403733
0.0 0.0 0.0 0

1745403735
0.0 0.0 0.0 0

1745403736
0.0 0.0 0.0 0

1745403737
0.0 0.0 0.0 0

1745403738
0.0 0.0 0.0 0

1745403739
0.0 0.0 0.0 0

1745403741
0.0 0.0 0.0 0

1745403742
0.0 0.0 0.0 0

1745403743
0.0 0.0 0.0 0

1745403744
0.0 0.0 0.0 0

1745403745
0.0 0.0 0.0 0

1745403746
0.0 0.0 0.0 0

1745403747
0.0 0.0 0.0 0

1745403748
0.0 0.0 0.0 0

1745403749
0.0 0.0 0.0 0

1745403751
0.0 0.0 0.0 0

1745403752
0.0 0.0 0.0 0

1745403753
0.0 0.0 0.0 0

1745403754
0.0 0.0 0.0 0

1745403755
0.0 0.0 0.0 0

1745403756
0.0 0.0 0.0 0

1745403757
0.0 0.0 0.0 0

1745403758
0.0 0.0 0.0 0

1745403759
0.0 0.0 0.0 0

1745403760
0.0 0.0 0.0 0

1745403761
0.0 0.0 0.0 0

1745403762
0.0 0.0 0.0 0

1745403763
0.0 0.0 0.0 0

1745403764
0.0 0.0 0.0 0

1745403765
0.0 0.0 0.0 0

1745403766
0.0 0.0 0.0 0

1745403767
0.0 0.0 0.0 0

1745403768
0.0 0.0 0.0 0

1745403769
0.0 0.0 0.0 0

1745403770
0.0 0.0 0.0 0

1745403771
0.0 0.0 0.0 0

1745403772
0.0 0.0 0.0 0

1745403773
0.0 0.0 0.0 0

1745403774
0.0 0.0 0.0 0

1745403775
0.0 0.0 0.0 0

1745403776
0.0 0.0 0.0 0

1745403777
0.0 0.0 0.0 0

1745403778
0.0 0.0 0.0 0

1745403779
0.0 0.0 0.0 0

1745403780
0.0 0.0 0.0 0

1745403781
0.0 0.0 0.0 0

1745403782
0.0 0.0 0.0 0

1745403783
0.0 0.0 0.0 0

1745403784
0.0 0.0 0.0 0

1745403785
0.0 0.0 0.0 0

1745403786
0.0 0.0 0.0 0

1745403787
0.0 0.0 0.0 0

1745403788
0.0 0.0 0.0 0

1745403789
0.0 0.0 0.0 0

1745403790
0.0 0.0 0.0 0

1745403791
0.0 0.0 0.0 0

1745403792
0.0 0.0 0.0 0

1745403793
0.0 0.0 0.0 0

1745403794
0.0 0.0 0.0 0

1745403795
0.0 0.0 0.0 0

1745403796
0.0 0.0 0.0 0

1745403797
0.0 0.0 0.0 0

1745403798
0.0 0.0 0.0 0

1745403799
0.0 0.0 0.0 0

1745403800
0.0 0.0 0.0 0

1745403801
0.0 0.0 0.0 0

1745403802
0.0 0.0 0.0 0

1745403803
0.0 0.0 0.0 1

1745403804
0.0 0.0 0.0 0

1745403805
0.0 0.0 0.0 0

1745403807
0.0 0.0 0.0 0

1745403808
0.0 0.0 0.0 0

1745403809
0.0 0.0 0.0 0

1745403810
0.0 0.0 0.0 0

1745403811
0.0 0.0 0.0 0

1745403812
0.0 0.0 0.0 1

1745403813
0.0 0.0 0.0 0

1745403814
0.0 0.0 0.0 0

1745403815
0.0 0.0 0.0 0

1745403816
0.0 0.0 0.0 0

1745403817
0.0 0.0 0.0 0

1745403819
0.0 0.0 0.0 0

1745403820
0.0 0.0 0.0 0

1745403821
0.0 0.0 0.0 0

1745403822
0.0 0.0 0.0 0

1745403823
0.0 0.0 0.0 0

1745403824
0.0 0.0 0.0 0

1745403825
0.0 0.0 0.0 0

1745403826
0.0 0.0 0.0 0

1745403827
0.0 0.0 0.0 0

1745403828
0.0 0.0 0.0 0

1745403829
0.0 0.0 0.0 0

1745403830
0.0 0.0 0.0 0

1745403831
0.0 0.0 0.0 0

1745403832
0.0 0.0 0.0 0

1745403833
0.0 0.0 0.0 0

1745403834
0.0 0.0 0.0 0

1745403835
0.0 0.0 0.0 0

1745403836
0.0 0.0 0.0 0

1745403837
0.0 0.0 0.0 0

1745403838
0.0 0.0 0.0 0

1745403840
0.0 0.0 0.0 0

1745403841
0.0 0.0 0.0 0

1745403842
0.0 0.0 0.0 0

1745403843
0.0 0.0 0.0 0

1745403844
0.0 0.0 0.0 0

1745403845
0.0 0.0 0.0 0

1745403846
0.0 0.0 0.0 0

1745403847
0.0 0.0 0.0 0

1745403848
0.0 0.0 0.0 0

1745403849
0.0 0.0 0.0 0

1745403850
0.0 0.0 0.0 0

1745403851
0.0 0.0 0.0 0

1745403852
0.0 0.0 0.0 0

1745403853
0.0 0.0 0.0 0

1745403854
0.0 0.0 0.0 0

1745403855
0.0 0.0 0.0 0

1745403856
0.0 0.0 0.0 0

1745403857
0.0 0.0 0.0 0

1745403858
0.0 0.0 0.0 3

1745403859
0.0 0.0 0.0 0

1745403860
0.0 0.0 0.0 0

1745403861
0.0 0.0 0.0 0

1745403862
0.0 0.0 0.0 0

1745403863
0.0 0.0 0.0 0

1745403864
0.0 0.0 0.0 0

1745403865
0.0 0.0 0.0 0

1745403866
0.0 0.0 0.0 0

1745403867
0.0 0.0 0.0 0

1745403868
0.0 0.0 0.0 0

1745403869
0.0 0.0 0.0 0

1745403870
0.0 0.0 0.0 0

1745403872
0.0 0.0 0.0 0

1745403873
0.0 0.0 0.0 0

1745403874
0.0 0.0 0.0 0

1745403875
0.0 0.0 0.0 0

1745403876
0.0 0.0 0.0 0

1745403877
0.0 0.0 0.0 0

1745403878
0.0 0.0 0.0 0

1745403879
0.0 0.0 0.0 0

1745403880
0.0 0.0 0.0 0

1745403881
0.0 0.0 0.0 0

1745403882
0.0 0.0 0.0 0

1745403883
0.0 0.0 0.0 0

1745403884
0.0 0.0 0.0 0

1745403885
0.0 0.0 0.0 0

1745403886
0.0 0.0 0.0 0

1745403887
0.0 0.0 0.0 0

1745403888
0.0 0.0 0.0 0

1745403889
0.0 0.0 0.0 0

1745403890
0.0 0.0 0.0 0

1745403891
0.0 0.0 0.0 0

1745403892
0.0 0.0 0.0 0

1745403893
0.0 0.0 0.0 0

1745403894
0.0 0.0 0.0 0

1745403895
0.0 0.0 0.0 0

1745403896
0.0 0.0 0.0 0

1745403897
0.0 0.0 0.0 0

1745403898
0.0 0.0 0.0 0

1745403900
0.0 0.0 0.0 0

1745403901
0.0 0.0 0.0 0

1745403902
0.0 0.0 0.0 0

1745403903
0.0 0.0 0.0 0

1745403904
0.0 0.0 0.0 0

1745403906
0.0 0.0 0.0 0

1745403907
0.0 0.0 0.0 0

1745403908
0.0 0.0 0.0 0

1745403909
0.0 0.0 0.0 0

1745403910
0.0 0.0 0.0 0

1745403911
0.0 0.0 0.0 0

1745403912
0.0 0.0 0.0 0

1745403913
0.0 0.0 0.0 0

1745403914
0.0 0.0 0.0 0

1745403915
0.0 0.0 0.0 0

1745403916
0.0 0.0 0.0 0

1745403917
0.0 0.0 0.0 0

1745403918
0.0 0.0 0.0 0

1745403919
0.0 0.0 0.0 0

1745403920
0.0 0.0 0.0 0

1745403921
0.0 0.0 0.0 0

1745403922
0.0 0.0 0.0 0

1745403923
0.0 0.0 0.0 0

1745403924
0.0 0.0 0.0 0

1745403925
0.0 0.0 0.0 0

1745403926
0.0 0.0 0.0 0

1745403927
0.0 0.0 0.0 0

1745403929
0.0 0.0 0.0 0

1745403930
0.0 0.0 0.0 0

1745403931
0.0 0.0 0.0 0

1745403932
0.0 0.0 0.0 0

1745403933
0.0 0.0 0.0 0

1745403934
0.0 0.0 0.0 0

1745403935
0.0 0.0 0.0 0

1745403936
0.0 0.0 0.0 0

1745403937
0.0 0.0 0.0 0

1745403938
0.0 0.0 0.0 0

1745403939
0.0 0.0 0.0 0

1745403940
0.0 0.0 0.0 0

1745403941
0.0 0.0 0.0 0

1745403942
0.0 0.0 0.0 0

1745403943
0.0 0.0 0.0 0

1745403945
0.0 0.0 0.0 1

1745403946
0.0 0.0 0.0 0

1745403947
0.0 0.0 0.0 0

1745403948
0.0 0.0 0.0 0

1745403949
0.0 0.0 0.0 0

1745403950
0.0 0.0 0.0 0

1745403952
0.0 0.0 0.0 0

1745403953
0.0 0.0 0.0 0

1745403954
0.0 0.0 0.0 0

1745403955
0.0 0.0 0.0 0

1745403956
0.0 0.0 0.0 0

1745403957
0.0 0.0 0.0 65

1745403959
0.0 0.0 0.0 0

1745403960
0.0 0.0 0.0 0

1745403961
0.0 0.0 0.0 0

1745403962
0.0 0.0 0.0 0

1745403963
0.0 0.0 0.0 1

1745403964
0.0 0.0 0.0 0

1745403965
0.0 0.0 0.0 0

1745403966
0.0 0.0 0.0 0

1745403967
0.0 0.0 0.0 0

1745403968
0.0 0.0 0.0 3

1745403969
0.0 0.0 0.0 0

1745403970
0.0 0.0 0.0 0

1745403971
0.0 0.0 0.0 0

1745403973
0.0 0.0 0.0 0

1745403974
0.0 0.0 0.0 0

1745403975
0.0 0.0 0.0 50

1745403976
0.0 0.0 0.0 0

1745403977
0.0 0.0 0.0 0

1745403978
0.0 0.0 0.0 0

1745403979
0.0 0.0 0.0 0

1745403980
0.0 0.0 0.0 0

1745403981
0.0 0.0 0.0 0

1745403982
0.0 0.0 0.0 0

1745403983
0.0 0.0 0.0 0

1745403984
0.0 0.0 0.0 0

1745403985
0.0 0.0 0.0 9

1745403986
0.0 0.0 0.0 0

1745403987
0.0 0.0 0.0 0

1745403988
0.0 0.0 0.0 0

1745403989
0.0 0.0 0.0 0

1745403990
0.0 0.0 0.0 0

1745403991
0.0 0.0 0.0 0

1745403992
0.0 0.0 0.0 0

1745403993
0.0 0.0 0.0 0

1745403994
0.0 0.0 0.0 0

1745403995
0.0 0.0 0.0 0

1745403997
0.0 0.0 0.0 0

1745403998
0.0 0.0 0.0 0

1745403999
0.0 0.0 0.0 0

1745404000
0.0 0.0 0.0 0

1745404001
0.0 0.0 0.0 0

1745404002
0.0 0.0 0.0 0

1745404003
0.0 0.0 0.0 0

1745404004
0.0 0.0 0.0 0

1745404005
0.0 0.0 0.0 0

1745404006
0.0 0.0 0.0 0

1745404007
0.0 0.0 0.0 0

1745404008
0.0 0.0 0.0 0

1745404009
0.0 0.0 0.0 0

1745404010
0.0 0.0 0.0 0

1745404011
0.0 0.0 0.0 0

1745404012
0.0 0.0 0.0 0

1745404013
0.0 0.0 0.0 0

1745404014
0.0 0.0 0.0 0

1745404015
0.0 0.0 0.0 0

1745404016
0.0 0.0 0.0 0

1745404017
0.0 0.0 0.0 0

1745404018
0.0 0.0 0.0 0

1745404019
0.0 0.0 0.0 0

1745404020
0.0 0.0 0.0 0

1745404021
0.0 0.0 0.0 0

1745404022
0.0 0.0 0.0 0

1745404023
0.0 0.0 0.0 0

1745404024
0.0 0.0 0.0 0

1745404025
0.0 0.0 0.0 0

1745404026
0.0 0.0 0.0 3

1745404027
0.0 0.0 0.0 0

1745404028
0.0 0.0 0.0 0

1745404029
0.0 0.0 0.0 2

1745404030
0.0 0.0 0.0 0

1745404031
0.0 0.0 0.0 1

1745404032
0.0 0.0 0.0 0

1745404033
0.0 0.0 0.0 0

1745404034
0.0 0.0 0.0 0

1745404035
0.0 0.0 0.0 0

1745404036
0.0 0.0 0.0 0

1745404037
0.0 0.0 0.0 0

1745404038
0.0 0.0 0.0 0

1745404039
0.0 0.0 0.0 0

1745404040
0.0 0.0 0.0 0

1745404041
0.0 0.0 0.0 0

1745404042
0.0 0.0 0.0 0

1745404043
0.0 0.0 0.0 0

1745404044
0.0 0.0 0.0 0

1745404045
0.0 0.0 0.0 0

1745404046
0.0 0.0 0.0 1

1745404047
0.0 0.0 0.0 0

1745404048
0.0 0.0 0.0 0

1745404049
0.0 0.0 0.0 0

1745404050
0.0 0.0 0.0 0

1745404051
0.0 0.0 0.0 0

1745404052
0.0 0.0 0.0 0

1745404053
0.0 0.0 0.0 0

1745404054
0.0 0.0 0.0 0

1745404055
0.0 0.0 0.0 0

1745404056
0.0 0.0 0.0 0

1745404057
0.0 0.0 0.0 0

1745404058
0.0 0.0 0.0 0

1745404059
0.0 0.0 0.0 0

1745404060
0.0 0.0 0.0 0

1745404061
0.0 0.0 0.0 0

1745404062
0.0 0.0 0.0 0

1745404063
0.0 0.0 0.0 0

1745404064
0.0 0.0 0.0 0

1745404065
0.0 0.0 0.0 0

1745404066
0.0 0.0 0.0 0

1745404067
0.0 0.0 0.0 0

1745404068
0.0 0.0 0.0 0

1745404069
0.0 0.0 0.0 0

1745404070
0.0 0.0 0.0 0

1745404071
0.0 0.0 0.0 0

1745404072
0.0 0.0 0.0 3

1745404073
0.0 0.0 0.0 0

1745404074
0.0 0.0 0.0 0

1745404075
0.0 0.0 0.0 0

1745404076
0.0 0.0 0.0 0

1745404077
0.0 0.0 0.0 0

1745404078
0.0 0.0 0.0 0

1745404079
0.0 0.0 0.0 0

1745404080
0.0 0.0 0.0 0

1745404081
0.0 0.0 0.0 24

1745404082
0.0 0.0 0.0 1

1745404083
0.0 0.0 0.0 0

1745404084
0.0 0.0 0.0 0

1745404085
0.0 0.0 0.0 0

1745404086
0.0 0.0 0.0 0

1745404087
0.0 0.0 0.0 0

1745404088
0.0 0.0 0.0 0

1745404089
0.0 0.0 0.0 0

1745404090
0.0 0.0 0.0 1

1745404091
0.0 0.0 0.0 26

1745404093
0.0 0.0 0.0 0

1745404094
0.0 0.0 0.0 0

1745404095
0.0 0.0 0.0 0

1745404096
0.0 0.0 0.0 0

1745404097
0.0 0.0 0.0 0

1745404098
0.0 0.0 0.0 0

1745404099
0.0 0.0 0.0 0

1745404100
0.0 0.0 0.0 0

1745404101
0.0 0.0 0.0 0

1745404102
0.0 0.0 0.0 0

1745404103
0.0 0.0 0.0 0

1745404104
0.0 0.0 0.0 0

1745404105
0.0 0.0 0.0 0

1745404106
0.0 0.0 0.0 0

1745404107
0.0 0.0 0.0 0

1745404108
0.0 0.0 0.0 0

1745404109
0.0 0.0 0.0 0

1745404110
0.0 0.0 0.0 0

1745404111
0.0 0.0 0.0 0

1745404112
0.0 0.0 0.0 0

1745404113
0.0 0.0 0.0 0

1745404114
0.0 0.0 0.0 0

1745404115
0.0 0.0 0.0 0

1745404116
0.0 0.0 0.0 0

1745404117
0.0 0.0 0.0 1

1745404118
0.0 0.0 0.0 0

1745404119
0.0 0.0 0.0 0

1745404120
0.0 0.0 0.0 0

1745404121
0.0 0.0 0.0 0

1745404122
0.0 0.0 0.0 0

1745404123
0.0 0.0 0.0 0

1745404124
0.0 0.0 0.0 0

1745404125
0.0 0.0 0.0 0

1745404126
0.0 0.0 0.0 0

1745404127
0.0 0.0 0.0 0

1745404128
0.0 0.0 0.0 0

1745404129
0.0 0.0 0.0 0

1745404130
0.0 0.0 0.0 0

1745404131
0.0 0.0 0.0 1

1745404132
0.0 0.0 0.0 0

1745404133
0.0 0.0 0.0 0

1745404134
0.0 0.0 0.0 0

1745404135
0.0 0.0 0.0 0

1745404136
0.0 0.0 0.0 0

1745404137
0.0 0.0 0.0 0

1745404138
0.0 0.0 0.0 0

1745404139
0.0 0.0 0.0 0

1745404140
0.0 0.0 0.0 0

1745404141
0.0 0.0 0.0 9

1745404142
0.0 0.0 0.0 0

1745404143
0.0 0.0 0.0 0

1745404144
0.0 0.0 0.0 0

1745404145
0.0 0.0 0.0 0

1745404146
0.0 0.0 0.0 1

1745404147
0.0 0.0 0.0 93

1745404148
0.0 0.0 0.0 9

1745404149
0.0 0.0 0.0 274

1745404150
0.0 0.0 0.0 2

1745404151
0.0 0.0 0.0 0

1745404152
0.0 0.0 0.0 0

1745404153
0.0 0.0 0.0 0

1745404154
0.0 0.0 0.0 162

1745404155
0.0 0.0 0.0 0

1745404156
0.0 0.0 0.0 4

1745404157
0.0 0.0 0.0 0

1745404158
0.0 0.0 0.0 0

1745404159
0.0 0.0 0.0 0

1745404160
0.0 0.0 0.0 1

1745404161
0.0 0.0 0.0 0

1745404162
0.0 0.0 0.0 0

1745404163
0.0 0.0 0.0 0

1745404164
0.0 0.0 0.0 1590

1745404165
0.0 0.0 0.0 64

1745404166
0.0 0.0 0.0 0

1745404167
0.0 0.0 0.0 0

1745404168
0.0 0.0 0.0 0

1745404169
0.0 0.0 0.0 0

1745404170
0.0 0.0 0.0 791

1745404171
0.0 0.0 0.0 2

1745404172
0.0 0.0 0.0 0

1745404173
0.0 0.0 0.0 0

1745404174
0.0 0.0 0.0 0

1745404175
0.0 0.0 0.0 0

1745404176
0.0 0.0 0.0 0

1745404177
0.0 0.0 0.0 0

1745404178
0.0 0.0 0.0 0

1745404179
0.0 0.0 0.0 1501

1745404180
0.0 0.0 0.0 179

1745404181
0.0 0.0 0.0 0

1745404182
0.0 0.0 0.0 0

1745404183
0.0 0.0 0.0 0

1745404184
0.0 0.0 0.0 169

1745404185
0.0 0.0 0.0 55

1745404186
0.0 0.0 0.0 0

1745404187
0.0 0.0 0.0 0

1745404188
0.0 0.0 0.0 0

1745404189
0.0 0.0 0.0 0

1745404190
0.0 0.0 0.0 0

1745404191
0.0 0.0 0.0 0

1745404192
0.0 0.0 0.0 0

1745404193
0.0 0.0 0.0 0

1745404194
0.0 0.0 0.0 0

1745404195
0.0 0.0 0.0 11

1745404196
0.0 0.0 0.0 158

1745404197
0.0 0.0 0.0 46

1745404198
0.0 0.0 0.0 0

1745404199
0.0 0.0 0.0 0

1745404200
0.0 0.0 0.0 3

1745404201
0.0 0.0 0.0 0

1745404202
0.0 0.0 0.0 1

1745404203
0.0 0.0 0.0 0

1745404204
0.0 0.0 0.0 0

1745404205
0.0 0.0 0.0 0

1745404206
0.0 0.0 0.0 0

1745404207
0.0 0.0 0.0 0

1745404208
0.0 0.0 0.0 0

1745404209
0.0 0.0 0.0 0

1745404210
0.0 0.0 0.0 0

1745404211
0.0 0.0 0.0 73

1745404212
0.0 0.0 0.0 0

1745404213
0.0 0.0 0.0 0

1745404214
0.0 0.0 0.0 0

1745404215
0.0 0.0 0.0 1

1745404216
0.0 0.0 0.0 0

1745404217
0.0 0.0 0.0 0

1745404218
0.0 0.0 0.0 0

1745404219
0.0 0.0 0.0 0

1745404220
0.0 0.0 0.0 1333

1745404221
0.0 0.0 0.0 257

1745404222
0.0 0.0 0.0 197

1745404223
0.0 0.0 0.0 0

1745404224
0.0 0.0 0.0 0

1745404225
0.0 0.0 0.0 0

1745404226
0.0 0.0 0.0 23

1745404227
0.0 0.0 0.0 0

1745404228
0.0 0.0 0.0 3

1745404229
0.0 0.0 0.0 2138

1745404230
0.0 0.0 0.0 629

1745404231
0.0 0.0 0.0 0

1745404232
0.0 0.0 0.0 0

1745404233
0.0 0.0 0.0 0

1745404234
0.0 0.0 0.0 0

1745404235
0.0 0.0 0.0 13

1745404236
0.0 0.0 0.0 0

1745404237
0.0 0.0 0.0 0

1745404238
0.0 0.0 0.0 0

1745404240
0.0 0.0 0.0 0

1745404241
0.0 0.0 0.0 0

1745404242
0.0 0.0 0.0 94

1745404243
0.0 0.0 0.0 0

1745404244
0.0 0.0 0.0 0

1745404245
0.0 0.0 0.0 1656

1745404246
0.0 0.0 0.0 19

1745404247
0.0 0.0 0.0 0

1745404248
0.0 0.0 0.0 0

1745404249
0.0 0.0 0.0 0

1745404250
0.0 0.0 0.0 0

1745404251
0.0 0.0 0.0 0

1745404252
0.0 0.0 0.0 0

1745404253
0.0 0.0 0.0 0

1745404254
0.0 0.0 0.0 0

1745404255
0.0 0.0 0.0 0

1745404256
0.0 0.0 0.0 0

1745404257
0.0 0.0 0.0 0

1745404258
0.0 0.0 0.0 0

1745404259
0.0 0.0 0.0 0

1745404260
0.0 0.0 0.0 0

1745404261
0.0 0.0 0.0 0

1745404262
0.0 0.0 0.0 0

1745404263
0.0 0.0 0.0 0

1745404264
0.0 0.0 0.0 0

1745404265
0.0 0.0 0.0 0

1745404266
0.0 0.0 0.0 0

1745404267
0.0 0.0 0.0 0

1745404268
0.0 0.0 0.0 0

1745404269
0.0 0.0 0.0 0

1745404270
0.0 0.0 0.0 0

1745404271
0.0 0.0 0.0 1

1745404272
0.0 0.0 0.0 0

1745404273
0.0 0.0 0.0 21

1745404274
0.0 0.0 0.0 0

1745404275
0.0 0.0 0.0 0

1745404276
0.0 0.0 0.0 0

1745404277
0.0 0.0 0.0 0

1745404278
0.0 0.0 0.0 439

1745404279
0.0 0.0 0.0 0

1745404280
0.0 0.0 0.0 0

1745404281
0.0 0.0 0.0 0

1745404282
0.0 0.0 0.0 0

1745404283
0.0 0.0 0.0 0

1745404284
0.0 0.0 0.0 0

1745404286
0.0 0.0 0.0 0

1745404287
0.0 0.0 0.0 0

1745404288
0.0 0.0 0.0 0

1745404289
0.0 0.0 0.0 0

1745404290
0.0 0.0 0.0 0

1745404291
0.0 0.0 0.0 300

1745404292
0.0 0.0 0.0 0

1745404293
0.0 0.0 0.0 0

1745404294
0.0 0.0 0.0 45

1745404295
0.0 0.0 0.0 0

1745404296
0.0 0.0 0.0 0

1745404297
0.0 0.0 0.0 0

1745404298
0.0 0.0 0.0 0

1745404299
0.0 0.0 0.0 0

1745404300
0.0 0.0 0.0 124

1745404301
0.0 0.0 0.0 79

1745404302
0.0 0.0 0.0 721

1745404303
0.0 0.0 0.0 198

1745404304
0.0 0.0 0.0 224

1745404305
0.0 0.0 0.0 359

1745404306
0.0 0.0 0.0 231

1745404307
0.0 0.0 0.0 914

1745404308
0.0 0.0 0.0 239

1745404309
0.0 0.0 0.0 0

1745404310
0.0 0.0 0.0 0

1745404311
0.0 0.0 0.0 30

1745404312
0.0 0.0 0.0 369

1745404313
0.0 0.0 0.0 0

1745404314
0.0 0.0 0.0 57

1745404315
0.0 0.0 0.0 56

1745404316
0.0 0.0 0.0 0

1745404317
0.0 0.0 0.0 0

1745404318
0.0 0.0 0.0 0

1745404319
0.0 0.0 0.0 119

1745404320
0.0 0.0 0.0 132

1745404321
0.0 0.0 0.0 119

1745404322
0.0 0.0 0.0 269

1745404323
0.0 0.0 0.0 147

1745404324
0.0 0.0 0.0 218

1745404325
0.0 0.0 0.0 57

1745404326
0.0 0.0 0.0 125

1745404327
0.0 0.0 0.0 139

1745404328
0.0 0.0 0.0 89

1745404329
0.0 0.0 0.0 100

1745404330
0.0 0.0 0.0 110

1745404331
0.0 0.0 0.0 39

1745404332
0.0 0.0 0.0 62

1745404333
0.0 0.0 0.0 118

1745404334
0.0 0.0 0.0 0

1745404335
0.0 0.0 0.0 0

1745404336
0.0 0.0 0.0 0

1745404337
0.0 0.0 0.0 0

1745404338
0.0 0.0 0.0 0

1745404339
0.0 0.0 0.0 0

1745404340
0.0 0.0 0.0 0

1745404341
0.0 0.0 0.0 707

1745404342
0.0 0.0 0.0 0

1745404343
0.0 0.0 0.0 3

1745404344
0.0 0.0 0.0 2

1745404345
0.0 0.0 0.0 0

1745404346
0.0 0.0 0.0 16

1745404347
0.0 0.0 0.0 81

1745404348
0.0 0.0 0.0 88

1745404349
0.0 0.0 0.0 0

1745404350
0.0 0.0 0.0 0

1745404351
0.0 0.0 0.0 0

1745404352
0.0 0.0 0.0 0

1745404353
0.0 0.0 0.0 0

1745404354
0.0 0.0 0.0 94

1745404355
0.0 0.0 0.0 0

1745404356
0.0 0.0 0.0 0

1745404357
0.0 0.0 0.0 0

1745404358
0.0 0.0 0.0 1

1745404359
0.0 0.0 0.0 0

1745404360
0.0 0.0 0.0 0

1745404361
0.0 0.0 0.0 0

1745404362
0.0 0.0 0.0 0

1745404363
0.0 0.0 0.0 1

1745404364
0.0 0.0 0.0 1

1745404365
0.0 0.0 0.0 0

1745404366
0.0 0.0 0.0 0

1745404367
0.0 0.0 0.0 0

1745404368
0.0 0.0 0.0 0

1745404369
0.0 0.0 0.0 0

1745404370
0.0 0.0 0.0 0

1745404371
0.0 0.0 0.0 0

1745404372
0.0 0.0 0.0 0

1745404373
0.0 0.0 0.0 0

1745404374
0.0 0.0 0.0 0

1745404375
0.0 0.0 0.0 0

1745404376
0.0 0.0 0.0 0

1745404377
0.0 0.0 0.0 0

1745404378
0.0 0.0 0.0 0

1745404379
0.0 0.0 0.0 0

1745404380
0.0 0.0 0.0 0

1745404381
0.0 0.0 0.0 0

1745404382
0.0 0.0 0.0 147

1745404383
0.0 0.0 0.0 73

1745404384
0.0 0.0 0.0 0

1745404385
0.0 0.0 0.0 0

1745404386
0.0 0.0 0.0 0

1745404387
0.0 0.0 0.0 0

1745404388
0.0 0.0 0.0 0

1745404389
0.0 0.0 0.0 0

1745404390
0.0 0.0 0.0 0

1745404391
0.0 0.0 0.0 0

1745404392
0.0 0.0 0.0 0

1745404393
0.0 0.0 0.0 0

1745404394
0.0 0.0 0.0 0

1745404395
0.0 0.0 0.0 61

1745404396
0.0 0.0 0.0 167

1745404397
0.0 0.0 0.0 1683

1745404398
0.0 0.0 0.0 2286

1745404399
0.0 0.0 0.0 0

1745404400
0.0 0.0 0.0 194

1745404401
0.0 0.0 0.0 0

1745404402
0.0 0.0 0.0 1005

1745404403
0.0 0.0 0.0 212

1745404404
0.0 0.0 0.0 50

1745404405
0.0 0.0 0.0 108

1745404406
0.0 0.0 0.0 117

1745404407
0.0 0.0 0.0 186

1745404408
0.0 0.0 0.0 1031

1745404409
0.0 0.0 0.0 2

1745404410
0.0 0.0 0.0 4

1745404411
0.0 0.0 0.0 2

1745404412
0.0 0.0 0.0 0

1745404413
0.0 0.0 0.0 0

1745404414
0.0 0.0 0.0 0

1745404415
0.0 0.0 0.0 0

1745404416
0.0 0.0 0.0 0

1745404417
0.0 0.0 0.0 0

1745404418
0.0 0.0 0.0 0

1745404419
0.0 0.0 0.0 0

1745404420
0.0 0.0 0.0 0

1745404421
0.0 0.0 0.0 0

1745404422
0.0 0.0 0.0 0

1745404423
0.0 0.0 0.0 0

1745404424
0.0 0.0 0.0 0

1745404425
0.0 0.0 0.0 0

1745404426
0.0 0.0 0.0 105

1745404427
0.0 0.0 0.0 66

1745404428
0.0 0.0 0.0 0

1745404429
0.0 0.0 0.0 0

1745404430
0.0 0.0 0.0 0

1745404431
0.0 0.0 0.0 0

1745404432
0.0 0.0 0.0 0

1745404433
0.0 0.0 0.0 0

1745404434
0.0 0.0 0.0 1473

1745404435
0.0 0.0 0.0 46

1745404436
0.0 0.0 0.0 67

1745404437
0.0 0.0 0.0 46

1745404438
0.0 0.0 0.0 0

1745404439
0.0 0.0 0.0 1

1745404440
0.0 0.0 0.0 3

1745404441
0.0 0.0 0.0 0

1745404442
0.0 0.0 0.0 0

1745404443
0.0 0.0 0.0 0

1745404444
0.0 0.0 0.0 0

1745404445
0.0 0.0 0.0 0

1745404446
0.0 0.0 0.0 0

1745404447
0.0 0.0 0.0 0

1745404448
0.0 0.0 0.0 0

1745404449
0.0 0.0 0.0 21

1745404450
0.0 0.0 0.0 0

1745404451
0.0 0.0 0.0 0

1745404452
0.0 0.0 0.0 416

1745404453
0.0 0.0 0.0 5940

1745404454
0.0 0.0 0.0 573

1745404455
0.0 0.0 0.0 109

1745404456
0.0 0.0 0.0 0

1745404457
0.0 0.0 0.0 7

1745404458
0.0 0.0 0.0 307

1745404459
0.0 0.0 0.0 0

1745404460
0.0 0.0 0.0 0

1745404461
0.0 0.0 0.0 0

1745404462
0.0 0.0 0.0 0

1745404463
0.0 0.0 0.0 0

1745404464
0.0 0.0 0.0 0

1745404465
0.0 0.0 0.0 236

1745404466
0.0 0.0 0.0 35

1745404467
0.0 0.0 0.0 33

1745404468
0.0 0.0 0.0 426

1745404469
0.0 0.0 0.0 0

1745404470
0.0 0.0 0.0 0

1745404471
0.0 0.0 0.0 0

1745404472
0.0 0.0 0.0 0

1745404473
0.0 0.0 0.0 0

1745404474
0.0 0.0 0.0 15

1745404475
0.0 0.0 0.0 108

1745404476
0.0 0.0 0.0 0

1745404477
0.0 0.0 0.0 0

1745404478
0.0 0.0 0.0 0

1745404479
0.0 0.0 0.0 0

1745404480
0.0 0.0 0.0 0

1745404481
0.0 0.0 0.0 0

1745404482
0.0 0.0 0.0 0

1745404483
0.0 0.0 0.0 1

1745404484
0.0 0.0 0.0 0

1745404485
0.0 0.0 0.0 0

1745404486
0.0 0.0 0.0 367

1745404487
0.0 0.0 0.0 2073

1745404488
0.0 0.0 0.0 197

1745404489
0.0 0.0 0.0 31

1745404490
0.0 0.0 0.0 36

1745404491
0.0 0.0 0.0 0

1745404492
0.0 0.0 0.0 0

1745404493
0.0 0.0 0.0 0

1745404494
0.0 0.0 0.0 0

1745404495
0.0 0.0 0.0 0

1745404496
0.0 0.0 0.0 0

1745404497
0.0 0.0 0.0 2

1745404498
0.0 0.0 0.0 0

1745404499
0.0 0.0 0.0 78

1745404500
0.0 0.0 0.0 0

1745404501
0.0 0.0 0.0 121

1745404502
0.0 0.0 0.0 1

1745404503
0.0 0.0 0.0 0

1745404504
0.0 0.0 0.0 0

1745404505
0.0 0.0 0.0 0

1745404506
0.0 0.0 0.0 0

1745404507
0.0 0.0 0.0 0

1745404508
0.0 0.0 0.0 0

1745404509
0.0 0.0 0.0 50

1745404510
0.0 0.0 0.0 883

1745404511
0.0 0.0 0.0 1376

1745404512
0.0 0.0 0.0 184

1745404513
0.0 0.0 0.0 0

1745404514
0.0 0.0 0.0 0

1745404515
0.0 0.0 0.0 0

1745404516
0.0 0.0 0.0 0

1745404517
0.0 0.0 0.0 0

1745404518
0.0 0.0 0.0 0

1745404519
0.0 0.0 0.0 41

1745404520
0.0 0.0 0.0 0

1745404521
0.0 0.0 0.0 0

1745404522
0.0 0.0 0.0 202

1745404523
0.0 0.0 0.0 191

1745404524
0.0 0.0 0.0 89

1745404525
0.0 0.0 0.0 0

1745404526
0.0 0.0 0.0 2

1745404527
0.0 0.0 0.0 0

1745404528
0.0 0.0 0.0 0

1745404529
0.0 0.0 0.0 0

1745404530
0.0 0.0 0.0 0

1745404531
0.0 0.0 0.0 0

1745404532
0.0 0.0 0.0 0

1745404533
0.0 0.0 0.0 0

1745404534
0.0 0.0 0.0 0

1745404535
0.0 0.0 0.0 0

1745404536
0.0 0.0 0.0 570

1745404537
0.0 0.0 0.0 0

1745404538
0.0 0.0 0.0 0

1745404539
0.0 0.0 0.0 333

1745404540
0.0 0.0 0.0 574

1745404541
0.0 0.0 0.0 194

1745404542
0.0 0.0 0.0 0

1745404543
0.0 0.0 0.0 64

1745404544
0.0 0.0 0.0 15

1745404545
0.0 0.0 0.0 2

1745404546
0.0 0.0 0.0 1

1745404547
0.0 0.0 0.0 1

1745404548
0.0 0.0 0.0 1

1745404549
0.0 0.0 0.0 0

1745404550
0.0 0.0 0.0 29

1745404551
0.0 0.0 0.0 0

1745404552
0.0 0.0 0.0 1

1745404553
0.0 0.0 0.0 62

1745404555
0.0 0.0 0.0 63

1745404557
0.0 0.0 0.0 3

1745404559
0.0 0.0 0.0 1

1745404561
0.0 0.0 0.0 0

1745404562
0.0 0.0 0.0 0

1745404563
0.0 0.0 0.0 1

1745404564
0.0 0.0 0.0 49

1745404565
0.0 0.0 0.0 0

1745404566
0.0 0.0 0.0 0

1745404567
0.0 0.0 0.0 1

1745404568
0.0 0.0 0.0 0

1745404569
0.0 0.0 0.0 0

1745404571
0.0 0.0 0.0 2

1745404573
0.0 0.0 0.0 1

1745404574
0.0 0.0 0.0 0

1745404575
0.0 0.0 0.0 0

1745404576
0.0 0.0 0.0 2

1745404577
0.0 0.0 0.0 0

1745404578
0.0 0.0 0.0 0

1745404579
0.0 0.0 0.0 1

1745404580
0.0 0.0 0.0 6

1745404581
0.0 0.0 0.0 1

1745404582
0.0 0.0 0.0 1

1745404583
0.0 0.0 0.0 0

1745404584
0.0 0.0 0.0 1

1745404585
0.0 0.0 0.0 0

1745404586
0.0 0.0 0.0 1

1745404587
0.0 0.0 0.0 0

1745404588
0.0 0.0 0.0 0

1745404589
0.0 0.0 0.0 1

1745404590
0.0 0.0 0.0 0

1745404591
0.0 0.0 0.0 75

1745404592
0.0 0.0 0.0 0

1745404593
0.0 0.0 0.0 1

1745404594
0.0 0.0 0.0 0

1745404595
0.0 0.0 0.0 0

1745404596
0.0 0.0 0.0 47

1745404597
0.0 0.0 0.0 1

1745404598
0.0 0.0 0.0 0

1745404600
0.0 0.0 0.0 1

1745404601
0.0 0.0 0.0 0

1745404602
0.0 0.0 0.0 1

1745404603
0.0 0.0 0.0 0

1745404604
0.0 0.0 0.0 0

1745404605
0.0 0.0 0.0 0

1745404606
0.0 0.0 0.0 0

1745404607
0.0 0.0 0.0 0

1745404608
0.0 0.0 0.0 0

1745404609
0.0 0.0 0.0 0

1745404610
0.0 0.0 0.0 0

1745404611
0.0 0.0 0.0 0

1745404612
0.0 0.0 0.0 0

1745404613
0.0 0.0 0.0 0

1745404614
0.0 0.0 0.0 0

1745404615
0.0 0.0 0.0 0

1745404616
0.0 0.0 0.0 45

1745404617
0.0 0.0 0.0 0

1745404618
0.0 0.0 0.0 0

1745404619
0.0 0.0 0.0 0

1745404620
0.0 0.0 0.0 0

1745404621
0.0 0.0 0.0 0

1745404622
0.0 0.0 0.0 0

1745404623
0.0 0.0 0.0 0

1745404624
0.0 0.0 0.0 0

1745404625
0.0 0.0 0.0 0

1745404626
0.0 0.0 0.0 116

1745404627
0.0 0.0 0.0 0

1745404628
0.0 0.0 0.0 0

1745404629
0.0 0.0 0.0 0

1745404630
0.0 0.0 0.0 2

1745404631
0.0 0.0 0.0 25

1745404632
0.0 0.0 0.0 0

1745404633
0.0 0.0 0.0 0

1745404634
0.0 0.0 0.0 0

1745404635
0.0 0.0 0.0 0

1745404636
0.0 0.0 0.0 0

1745404637
0.0 0.0 0.0 1

1745404638
0.0 0.0 0.0 0

1745404639
0.0 0.0 0.0 1

1745404640
0.0 0.0 0.0 0

1745404641
0.0 0.0 0.0 1

1745404642
0.0 0.0 0.0 11

1745404643
0.0 0.0 0.0 1

1745404644
0.0 0.0 0.0 1

1745404645
0.0 0.0 0.0 1

1745404646
0.0 0.0 0.0 0

1745404648
0.0 0.0 0.0 25

1745404649
0.0 0.0 0.0 14

1745404650
0.0 0.0 0.0 0

1745404651
0.0 0.0 0.0 0

1745404652
0.0 0.0 0.0 0

1745404653
0.0 0.0 0.0 1

1745404654
0.0 0.0 0.0 0

1745404655
0.0 0.0 0.0 0

1745404656
0.0 0.0 0.0 1

1745404657
0.0 0.0 0.0 0

1745404658
0.0 0.0 0.0 7

1745404659
0.0 0.0 0.0 1

1745404660
0.0 0.0 0.0 3

1745404661
0.0 0.0 0.0 0

1745404662
0.0 0.0 0.0 0

1745404663
0.0 0.0 0.0 0

1745404664
0.0 0.0 0.0 14

1745404665
0.0 0.0 0.0 4

1745404666
0.0 0.0 0.0 84

1745404667
0.0 0.0 0.0 302

1745404668
0.0 0.0 0.0 0

1745404669
0.0 0.0 0.0 0

1745404670
0.0 0.0 0.0 0

1745404671
0.0 0.0 0.0 0

1745404672
0.0 0.0 0.0 1

1745404673
0.0 0.0 0.0 30

1745404674
0.0 0.0 0.0 0

1745404675
0.0 0.0 0.0 0

1745404676
0.0 0.0 0.0 0

1745404677
0.0 0.0 0.0 0

1745404678
0.0 0.0 0.0 0

1745404679
0.0 0.0 0.0 19

1745404680
0.0 0.0 0.0 13

1745404681
0.0 0.0 0.0 0

1745404682
0.0 0.0 0.0 7

1745404683
0.0 0.0 0.0 0

1745404684
0.0 0.0 0.0 0

1745404685
0.0 0.0 0.0 1

1745404686
0.0 0.0 0.0 0

1745404687
0.0 0.0 0.0 0

1745404688
0.0 0.0 0.0 13

1745404689
0.0 0.0 0.0 0

1745404690
0.0 0.0 0.0 0

1745404691
0.0 0.0 0.0 0

1745404692
0.0 0.0 0.0 0

1745404693
0.0 0.0 0.0 1

1745404694
0.0 0.0 0.0 0

1745404695
0.0 0.0 0.0 17

1745404696
0.0 0.0 0.0 0

1745404697
0.0 0.0 0.0 0

1745404698
0.0 0.0 0.0 0

1745404699
0.0 0.0 0.0 0

1745404700
0.0 0.0 0.0 0

1745404701
0.0 0.0 0.0 0

1745404702
0.0 0.0 0.0 0

1745404703
0.0 0.0 0.0 0

1745404704
0.0 0.0 0.0 2534

1745404705
0.0 0.0 0.0 128

1745404706
0.0 0.0 0.0 0

1745404707
0.0 0.0 0.0 0

1745404708
0.0 0.0 0.0 0

1745404709
0.0 0.0 0.0 0

1745404710
0.0 0.0 0.0 0

1745404711
0.0 0.0 0.0 0

1745404712
0.0 0.0 0.0 0

1745404713
0.0 0.0 0.0 0

1745404714
0.0 0.0 0.0 31

1745404715
0.0 0.0 0.0 0

1745404716
0.0 0.0 0.0 1

1745404717
0.0 0.0 0.0 0

1745404718
0.0 0.0 0.0 0

1745404719
0.0 0.0 0.0 0

1745404720
0.0 0.0 0.0 0

1745404722
0.0 0.0 0.0 0

1745404723
0.0 0.0 0.0 0

1745404724
0.0 0.0 0.0 0

1745404725
0.0 0.0 0.0 127

1745404726
0.0 0.0 0.0 0

1745404727
0.0 0.0 0.0 0

1745404728
0.0 0.0 0.0 0

1745404729
0.0 0.0 0.0 0

1745404730
0.0 0.0 0.0 29

1745404731
0.0 0.0 0.0 0

1745404733
0.0 0.0 0.0 0

1745404734
0.0 0.0 0.0 0

1745404735
0.0 0.0 0.0 0

1745404736
0.0 0.0 0.0 141

1745404737
0.0 0.0 0.0 0

1745404738
0.0 0.0 0.0 0

1745404739
0.0 0.0 0.0 0

1745404740
0.0 0.0 0.0 0

1745404741
0.0 0.0 0.0 0

1745404742
0.0 0.0 0.0 0

1745404743
0.0 0.0 0.0 1

1745404744
0.0 0.0 0.0 0

1745404745
0.0 0.0 0.0 0

1745404746
0.0 0.0 0.0 0

1745404747
0.0 0.0 0.0 0

1745404748
0.0 0.0 0.0 0

1745404749
0.0 0.0 0.0 0

1745404750
0.0 0.0 0.0 0

1745404751
0.0 0.0 0.0 0

1745404752
0.0 0.0 0.0 1471

1745404753
0.0 0.0 0.0 0

1745404754
0.0 0.0 0.0 0

1745404755
0.0 0.0 0.0 0

1745404756
0.0 0.0 0.0 387

1745404757
0.0 0.0 0.0 0

1745404758
0.0 0.0 0.0 2

1745404760
0.0 0.0 0.0 0

1745404761
0.0 0.0 0.0 0

1745404762
0.0 0.0 0.0 0

1745404763
0.0 0.0 0.0 0

1745404764
0.0 0.0 0.0 0

1745404765
0.0 0.0 0.0 0

1745404766
0.0 0.0 0.0 0

1745404767
0.0 0.0 0.0 26

1745404768
0.0 0.0 0.0 876

1745404769
0.0 0.0 0.0 0

1745404770
0.0 0.0 0.0 4582

1745404771
0.0 0.0 0.0 0

1745404772
0.0 0.0 0.0 0

1745404773
0.0 0.0 0.0 0

1745404774
0.0 0.0 0.0 275

1745404775
0.0 0.0 0.0 1797

1745404776
0.0 0.0 0.0 628

1745404777
0.0 0.0 0.0 0

1745404778
0.0 0.0 0.0 0

1745404779
0.0 0.0 0.0 3

1745404780
0.0 0.0 0.0 0

1745404781
0.0 0.0 0.0 2208

1745404782
0.0 0.0 0.0 80

1745404783
0.0 0.0 0.0 109

1745404784
0.0 0.0 0.0 0

1745404785
0.0 0.0 0.0 0

1745404786
0.0 0.0 0.0 654

1745404787
0.0 0.0 0.0 1548

1745404788
0.0 0.0 0.0 0

1745404789
0.0 0.0 0.0 0

1745404790
0.0 0.0 0.0 0

1745404791
0.0 0.0 0.0 0

1745404792
0.0 0.0 0.0 12

1745404793
0.0 0.0 0.0 0

1745404794
0.0 0.0 0.0 0

1745404795
0.0 0.0 0.0 113

1745404796
0.0 0.0 0.0 170

1745404797
0.0 0.0 0.0 0

1745404798
0.0 0.0 0.0 59

1745404799
0.0 0.0 0.0 0

1745404800
0.0 0.0 0.0 0

1745404801
0.0 0.0 0.0 624

1745404802
0.0 0.0 0.0 0

1745404803
0.0 0.0 0.0 74

1745404804
0.0 0.0 0.0 0

1745404805
0.0 0.0 0.0 103

1745404806
0.0 0.0 0.0 553

1745404807
0.0 0.0 0.0 0

1745404808
0.0 0.0 0.0 0

1745404809
0.0 0.0 0.0 0

1745404810
0.0 0.0 0.0 2812

1745404811
0.0 0.0 0.0 36

1745404812
0.0 0.0 0.0 0

1745404813
0.0 0.0 0.0 0

1745404814
0.0 0.0 0.0 0

1745404815
0.0 0.0 0.0 0

1745404816
0.0 0.0 0.0 0

1745404817
0.0 0.0 0.0 0

1745404818
0.0 0.0 0.0 20

1745404819
0.0 0.0 0.0 0

1745404820
0.0 0.0 0.0 0

1745404821
0.0 0.0 0.0 0

1745404822
0.0 0.0 0.0 0

1745404823
0.0 0.0 0.0 2

1745404824
0.0 0.0 0.0 0

1745404825
0.0 0.0 0.0 0

1745404826
0.0 0.0 0.0 0

1745404827
0.0 0.0 0.0 0

1745404828
0.0 0.0 0.0 0

1745404829
0.0 0.0 0.0 0

1745404830
0.0 0.0 0.0 1241

1745404831
0.0 0.0 0.0 3245

1745404832
0.0 0.0 0.0 3726

1745404833
0.0 0.0 0.0 2958

1745404834
0.0 0.0 0.0 177

1745404835
0.0 0.0 0.0 0

1745404836
0.0 0.0 0.0 0

1745404837
0.0 0.0 0.0 0

1745404838
0.0 0.0 0.0 0

1745404839
0.0 0.0 0.0 98

1745404840
0.0 0.0 0.0 2

1745404841
0.0 0.0 0.0 0

1745404842
0.0 0.0 0.0 1

1745404843
0.0 0.0 0.0 1

1745404844
0.0 0.0 0.0 1

1745404845
0.0 0.0 0.0 42

1745404846
0.0 0.0 0.0 1

1745404847
0.0 0.0 0.0 193

1745404849
0.0 0.0 0.0 23

1745404850
0.0 0.0 0.0 0

1745404851
0.0 0.0 0.0 2

1745404853
0.0 0.0 0.0 3

1745404854
0.0 0.0 0.0 0

1745404855
0.0 0.0 0.0 0

1745404856
0.0 0.0 0.0 2

1745404857
0.0 0.0 0.0 0

1745404858
0.0 0.0 0.0 0

1745404859
0.0 0.0 0.0 4

1745404861
0.0 0.0 0.0 0

1745404862
0.0 0.0 0.0 0

1745404863
0.0 0.0 0.0 0

1745404864
0.0 0.0 0.0 2

1745404865
0.0 0.0 0.0 0

1745404866
0.0 0.0 0.0 0

1745404867
0.0 0.0 0.0 1

1745404868
0.0 0.0 0.0 0

1745404869
0.0 0.0 0.0 0

1745404870
0.0 0.0 0.0 2

1745404871
0.0 0.0 0.0 0

1745404872
0.0 0.0 0.0 84

1745404873
0.0 0.0 0.0 101

1745404874
0.0 0.0 0.0 497

1745404875
0.0 0.0 0.0 0

1745404876
0.0 0.0 0.0 0

1745404877
0.0 0.0 0.0 0

1745404878
0.0 0.0 0.0 0

1745404879
0.0 0.0 0.0 0

1745404880
0.0 0.0 0.0 0

1745404881
0.0 0.0 0.0 0

1745404882
0.0 0.0 0.0 3

1745404883
0.0 0.0 0.0 0

1745404884
0.0 0.0 0.0 0

1745404885
0.0 0.0 0.0 0

1745404886
0.0 0.0 0.0 0

1745404887
0.0 0.0 0.0 0

1745404888
0.0 0.0 0.0 0

1745404889
0.0 0.0 0.0 0

1745404890
0.0 0.0 0.0 698

1745404891
0.0 0.0 0.0 0

1745404892
0.0 0.0 0.0 0

1745404893
0.0 0.0 0.0 322

1745404894
0.0 0.0 0.0 822

1745404895
0.0 0.0 0.0 1828

1745404896
0.0 0.0 0.0 0

1745404897
0.0 0.0 0.0 0

1745404898
0.0 0.0 0.0 0

1745404899
0.0 0.0 0.0 0

1745404900
0.0 0.0 0.0 114

1745404901
0.0 0.0 0.0 1

1745404902
0.0 0.0 0.0 0

1745404903
0.0 0.0 0.0 0

1745404904
0.0 0.0 0.0 0

1745404905
0.0 0.0 0.0 0

1745404906
0.0 0.0 0.0 0

1745404907
0.0 0.0 0.0 0

1745404908
0.0 0.0 0.0 0

1745404909
0.0 0.0 0.0 0

1745404910
0.0 0.0 0.0 0

1745404911
0.0 0.0 0.0 281

1745404912
0.0 0.0 0.0 101

1745404913
0.0 0.0 0.0 0

1745404914
0.0 0.0 0.0 0

1745404915
0.0 0.0 0.0 0

1745404916
0.0 0.0 0.0 0

1745404917
0.0 0.0 0.0 127

1745404918
0.0 0.0 0.0 0

1745404919
0.0 0.0 0.0 0

1745404920
0.0 0.0 0.0 115

1745404921
0.0 0.0 0.0 114

1745404922
0.0 0.0 0.0 0

1745404923
0.0 0.0 0.0 0

1745404924
0.0 0.0 0.0 0

1745404925
0.0 0.0 0.0 1

1745404926
0.0 0.0 0.0 2261

1745404927
0.0 0.0 0.0 1717

1745404928
0.0 0.0 0.0 0

1745404929
0.0 0.0 0.0 67

1745404930
0.0 0.0 0.0 280

1745404931
0.0 0.0 0.0 0

1745404932
0.0 0.0 0.0 0

1745404933
0.0 0.0 0.0 116

1745404934
0.0 0.0 0.0 0

1745404935
0.0 0.0 0.0 0

1745404936
0.0 0.0 0.0 0

1745404937
0.0 0.0 0.0 0

1745404938
0.0 0.0 0.0 0

1745404939
0.0 0.0 0.0 0

1745404940
0.0 0.0 0.0 1

1745404941
0.0 0.0 0.0 0

1745404942
0.0 0.0 0.0 0

1745404943
0.0 0.0 0.0 0

1745404944
0.0 0.0 0.0 0

1745404945
0.0 0.0 0.0 0

1745404946
0.0 0.0 0.0 0

1745404947
0.0 0.0 0.0 0

1745404948
0.0 0.0 0.0 0

1745404949
0.0 0.0 0.0 194

1745404950
0.0 0.0 0.0 0

1745404951
0.0 0.0 0.0 0

1745404952
0.0 0.0 0.0 0

1745404953
0.0 0.0 0.0 0

1745404954
0.0 0.0 0.0 177

1745404955
0.0 0.0 0.0 0

1745404956
0.0 0.0 0.0 0

1745404957
0.0 0.0 0.0 0

1745404958
0.0 0.0 0.0 0

1745404959
0.0 0.0 0.0 0

1745404960
0.0 0.0 0.0 118

1745404961
0.0 0.0 0.0 0

1745404962
0.0 0.0 0.0 0

1745404963
0.0 0.0 0.0 1

1745404964
0.0 0.0 0.0 0

1745404965
0.0 0.0 0.0 0

1745404966
0.0 0.0 0.0 117

1745404967
0.0 0.0 0.0 0

1745404968
0.0 0.0 0.0 0

1745404969
0.0 0.0 0.0 0

1745404970
0.0 0.0 0.0 0

1745404971
0.0 0.0 0.0 1

1745404972
0.0 0.0 0.0 0

1745404973
0.0 0.0 0.0 0

1745404974
0.0 0.0 0.0 0

1745404975
0.0 0.0 0.0 0

1745404976
0.0 0.0 0.0 0

1745404977
0.0 0.0 0.0 0

1745404978
0.0 0.0 0.0 0

1745404979
0.0 0.0 0.0 0

1745404980
0.0 0.0 0.0 0

1745404981
0.0 0.0 0.0 0

1745404982
0.0 0.0 0.0 1

1745404983
0.0 0.0 0.0 0

1745404984
0.0 0.0 0.0 0

1745404985
0.0 0.0 0.0 0

1745404986
0.0 0.0 0.0 0

1745404987
0.0 0.0 0.0 76

1745404988
0.0 0.0 0.0 5864

1745404989
0.0 0.0 0.0 3214

1745404990
0.0 0.0 0.0 2492

1745404991
0.0 0.0 0.0 1385

1745404992
0.0 0.0 0.0 1135

1745404993
0.0 0.0 0.0 4730

1745404994
0.0 0.0 0.0 3067

1745404995
0.0 0.0 0.0 1972

1745404996
0.0 0.0 0.0 1526

1745404997
0.0 0.0 0.0 2076

1745404998
0.0 0.0 0.0 0

1745404999
0.0 0.0 0.0 115

1745405000
0.0 0.0 0.0 0

1745405001
0.0 0.0 0.0 0

1745405002
0.0 0.0 0.0 0

1745405003
0.0 0.0 0.0 0

1745405004
0.0 0.0 0.0 0

1745405005
0.0 0.0 0.0 0

1745405006
0.0 0.0 0.0 0

1745405007
0.0 0.0 0.0 530

1745405008
0.0 0.0 0.0 348

1745405009
0.0 0.0 0.0 497

1745405010
0.0 0.0 0.0 419

1745405011
0.0 0.0 0.0 2275

1745405012
0.0 0.0 0.0 1305

1745405013
0.0 0.0 0.0 1391

1745405014
0.0 0.0 0.0 277

1745405015
0.0 0.0 0.0 0

1745405016
0.0 0.0 0.0 714

1745405017
0.0 0.0 0.0 1518

1745405018
0.0 0.0 0.0 0

1745405019
0.0 0.0 0.0 0

1745405020
0.0 0.0 0.0 0

1745405021
0.0 0.0 0.0 0

1745405022
0.0 0.0 0.0 0

1745405023
0.0 0.0 0.0 0

1745405024
0.0 0.0 0.0 184

1745405025
0.0 0.0 0.0 0

1745405026
0.0 0.0 0.0 0

1745405027
0.0 0.0 0.0 0

1745405028
0.0 0.0 0.0 0

1745405029
0.0 0.0 0.0 0

1745405030
0.0 0.0 0.0 0

1745405031
0.0 0.0 0.0 0

1745405032
0.0 0.0 0.0 0

1745405033
0.0 0.0 0.0 0

1745405034
0.0 0.0 0.0 0

1745405035
0.0 0.0 0.0 0

1745405036
0.0 0.0 0.0 1

1745405037
0.0 0.0 0.0 0

1745405038
0.0 0.0 0.0 0

1745405039
0.0 0.0 0.0 418

1745405040
0.0 0.0 0.0 0

1745405041
0.0 0.0 0.0 0

1745405042
0.0 0.0 0.0 0

1745405043
0.0 0.0 0.0 0

1745405044
0.0 0.0 0.0 350

1745405045
0.0 0.0 0.0 48

1745405046
0.0 0.0 0.0 0

1745405047
0.0 0.0 0.0 0

1745405048
0.0 0.0 0.0 0

1745405049
0.0 0.0 0.0 299

1745405050
0.0 0.0 0.0 0

1745405051
0.0 0.0 0.0 0

1745405052
0.0 0.0 0.0 0

1745405053
0.0 0.0 0.0 0

1745405054
0.0 0.0 0.0 0

1745405055
0.0 0.0 0.0 124

1745405056
0.0 0.0 0.0 0

1745405057
0.0 0.0 0.0 0

1745405058
0.0 0.0 0.0 0

1745405059
0.0 0.0 0.0 1

1745405060
0.0 0.0 0.0 0

1745405061
0.0 0.0 0.0 0

1745405062
0.0 0.0 0.0 0

1745405063
0.0 0.0 0.0 0

1745405064
0.0 0.0 0.0 0

1745405065
0.0 0.0 0.0 65

1745405067
0.0 0.0 0.0 30

1745405068
0.0 0.0 0.0 0

1745405069
0.0 0.0 0.0 0

1745405070
0.0 0.0 0.0 0

1745405071
0.0 0.0 0.0 0

1745405072
0.0 0.0 0.0 1

1745405073
0.0 0.0 0.0 0

1745405074
0.0 0.0 0.0 0

1745405075
0.0 0.0 0.0 0

1745405076
0.0 0.0 0.0 0

1745405077
0.0 0.0 0.0 0

1745405078
0.0 0.0 0.0 0

1745405079
0.0 0.0 0.0 0

1745405080
0.0 0.0 0.0 0

1745405081
0.0 0.0 0.0 0

1745405082
0.0 0.0 0.0 0

1745405083
0.0 0.0 0.0 0

1745405084
0.0 0.0 0.0 0

1745405085
0.0 0.0 0.0 0

1745405086
0.0 0.0 0.0 0

1745405087
0.0 0.0 0.0 0

1745405088
0.0 0.0 0.0 0

1745405089
0.0 0.0 0.0 0

1745405091
0.0 0.0 0.0 27

1745405092
0.0 0.0 0.0 0

1745405093
0.0 0.0 0.0 0

1745405094
0.0 0.0 0.0 0

1745405095
0.0 0.0 0.0 0

1745405097
0.0 0.0 0.0 0

1745405098
0.0 0.0 0.0 0

1745405099
0.0 0.0 0.0 0

1745405100
0.0 0.0 0.0 1

1745405101
0.0 0.0 0.0 0

1745405102
0.0 0.0 0.0 0

1745405103
0.0 0.0 0.0 0

1745405104
0.0 0.0 0.0 0

1745405105
0.0 0.0 0.0 1

1745405106
0.0 0.0 0.0 0

1745405107
0.0 0.0 0.0 0

1745405108
0.0 0.0 0.0 0

1745405109
0.0 0.0 0.0 0

1745405110
0.0 0.0 0.0 0

1745405111
0.0 0.0 0.0 0

1745405112
0.0 0.0 0.0 0

1745405113
0.0 0.0 0.0 0

1745405114
0.0 0.0 0.0 0

1745405115
0.0 0.0 0.0 0

1745405116
0.0 0.0 0.0 0

1745405117
0.0 0.0 0.0 1

1745405118
0.0 0.0 0.0 0

1745405120
0.0 0.0 0.0 27

1745405121
0.0 0.0 0.0 4

1745405122
0.0 0.0 0.0 0

1745405123
0.0 0.0 0.0 0

1745405124
0.0 0.0 0.0 0

1745405125
0.0 0.0 0.0 0

1745405127
0.0 0.0 0.0 0

1745405128
0.0 0.0 0.0 1

1745405129
0.0 0.0 0.0 0

1745405131
0.0 0.0 0.0 0

1745405132
0.0 0.0 0.0 0

1745405133
0.0 0.0 0.0 0

1745405134
0.0 0.0 0.0 0

1745405135
0.0 0.0 0.0 0

1745405136
0.0 0.0 0.0 3

1745405137
0.0 0.0 0.0 0

1745405138
0.0 0.0 0.0 1

1745405139
0.0 0.0 0.0 0

1745405140
0.0 0.0 0.0 2

1745405141
0.0 0.0 0.0 0

1745405142
0.0 0.0 0.0 0

1745405143
0.0 0.0 0.0 0

1745405144
0.0 0.0 0.0 0

1745405145
0.0 0.0 0.0 1

1745405146
0.0 0.0 0.0 0

1745405147
0.0 0.0 0.0 0

1745405149
0.0 0.0 0.0 1

1745405150
0.0 0.0 0.0 0

1745405151
0.0 0.0 0.0 0

1745405152
0.0 0.0 0.0 0

1745405153
0.0 0.0 0.0 1

1745405155
0.0 0.0 0.0 0

1745405156
0.0 0.0 0.0 1

1745405157
0.0 0.0 0.0 0

1745405158
0.0 0.0 0.0 1

1745405159
0.0 0.0 0.0 0

1745405160
0.0 0.0 0.0 0

1745405161
0.0 0.0 0.0 0

1745405162
0.0 0.0 0.0 64

1745405163
0.0 0.0 0.0 0

1745405164
0.0 0.0 0.0 49

1745405165
0.0 0.0 0.0 0

1745405166
0.0 0.0 0.0 0

1745405167
0.0 0.0 0.0 19

1745405168
0.0 0.0 0.0 0

1745405169
0.0 0.0 0.0 0

1745405170
0.0 0.0 0.0 0

1745405171
0.0 0.0 0.0 0

1745405172
0.0 0.0 0.0 0

1745405174
0.0 0.0 0.0 7

1745405175
0.0 0.0 0.0 1

1745405176
0.0 0.0 0.0 0

1745405177
0.0 0.0 0.0 1

1745405178
0.0 0.0 0.0 0

1745405179
0.0 0.0 0.0 0

1745405180
0.0 0.0 0.0 0

1745405181
0.0 0.0 0.0 0

1745405182
0.0 0.0 0.0 0

1745405183
0.0 0.0 0.0 0

1745405184
0.0 0.0 0.0 0

1745405185
0.0 0.0 0.0 0

1745405186
0.0 0.0 0.0 0

1745405188
0.0 0.0 0.0 0

1745405189
0.0 0.0 0.0 0

1745405190
0.0 0.0 0.0 0

1745405191
0.0 0.0 0.0 0

1745405192
0.0 0.0 0.0 0

1745405193
0.0 0.0 0.0 1

1745405194
0.0 0.0 0.0 0

1745405195
0.0 0.0 0.0 0

1745405196
0.0 0.0 0.0 0

1745405197
0.0 0.0 0.0 0

1745405198
0.0 0.0 0.0 0

1745405199
0.0 0.0 0.0 63

1745405201
0.0 0.0 0.0 0

1745405202
0.0 0.0 0.0 42

1745405203
0.0 0.0 0.0 0

1745405204
0.0 0.0 0.0 0

1745405206
0.0 0.0 0.0 1

1745405207
0.0 0.0 0.0 0

1745405208
0.0 0.0 0.0 0

1745405209
0.0 0.0 0.0 0

1745405210
0.0 0.0 0.0 0

1745405212
0.0 0.0 0.0 0

1745405213
0.0 0.0 0.0 0

1745405214
0.0 0.0 0.0 1

1745405215
0.0 0.0 0.0 0

1745405216
0.0 0.0 0.0 0

1745405217
0.0 0.0 0.0 0

1745405218
0.0 0.0 0.0 0

1745405219
0.0 0.0 0.0 0

1745405220
0.0 0.0 0.0 0

1745405221
0.0 0.0 0.0 0

1745405222
0.0 0.0 0.0 0

1745405223
0.0 0.0 0.0 0

1745405224
0.0 0.0 0.0 0

1745405225
0.0 0.0 0.0 0

1745405226
0.0 0.0 0.0 0

1745405227
0.0 0.0 0.0 0

1745405228
0.0 0.0 0.0 1

1745405229
0.0 0.0 0.0 0

1745405230
0.0 0.0 0.0 0

1745405231
0.0 0.0 0.0 0

1745405232
0.0 0.0 0.0 0

1745405233
0.0 0.0 0.0 0

1745405234
0.0 0.0 0.0 0

1745405235
0.0 0.0 0.0 0

1745405237
0.0 0.0 0.0 0

1745405238
0.0 0.0 0.0 0

1745405239
0.0 0.0 0.0 1

1745405240
0.0 0.0 0.0 0

1745405242
0.0 0.0 0.0 64

1745405243
0.0 0.0 0.0 0

1745405244
0.0 0.0 0.0 0

1745405245
0.0 0.0 0.0 0

1745405246
0.0 0.0 0.0 0

1745405247
0.0 0.0 0.0 0

1745405248
0.0 0.0 0.0 0

1745405249
0.0 0.0 0.0 0

1745405250
0.0 0.0 0.0 0

1745405251
0.0 0.0 0.0 0

1745405252
0.0 0.0 0.0 0

1745405253
0.0 0.0 0.0 0

1745405254
0.0 0.0 0.0 0

1745405255
0.0 0.0 0.0 1

1745405256
0.0 0.0 0.0 0

1745405257
0.0 0.0 0.0 0

1745405258
0.0 0.0 0.0 0

1745405259
0.0 0.0 0.0 13

1745405260
0.0 0.0 0.0 0

1745405261
0.0 0.0 0.0 0

1745405262
0.0 0.0 0.0 0

1745405263
0.0 0.0 0.0 0

1745405264
0.0 0.0 0.0 1

1745405265
0.0 0.0 0.0 0

1745405266
0.0 0.0 0.0 0

1745405267
0.0 0.0 0.0 0

1745405268
0.0 0.0 0.0 0

1745405269
0.0 0.0 0.0 0

1745405270
0.0 0.0 0.0 0

1745405271
0.0 0.0 0.0 0

1745405272
0.0 0.0 0.0 1

1745405273
0.0 0.0 0.0 0

1745405274
0.0 0.0 0.0 0

1745405275
0.0 0.0 0.0 0

1745405276
0.0 0.0 0.0 4

1745405277
0.0 0.0 0.0 1

1745405278
0.0 0.0 0.0 0

1745405279
0.0 0.0 0.0 1

1745405280
0.0 0.0 0.0 0

1745405281
0.0 0.0 0.0 0

1745405282
0.0 0.0 0.0 0

1745405283
0.0 0.0 0.0 0

1745405284
0.0 0.0 0.0 0

1745405285
0.0 0.0 0.0 0

1745405286
0.0 0.0 0.0 0

1745405287
0.0 0.0 0.0 0

1745405288
0.0 0.0 0.0 0

1745405289
0.0 0.0 0.0 0

1745405290
0.0 0.0 0.0 10

1745405291
0.0 0.0 0.0 0

1745405292
0.0 0.0 0.0 0

1745405293
0.0 0.0 0.0 0

1745405294
0.0 0.0 0.0 0

1745405295
0.0 0.0 0.0 0

1745405296
0.0 0.0 0.0 0

1745405297
0.0 0.0 0.0 1

1745405298
0.0 0.0 0.0 0

1745405299
0.0 0.0 0.0 0

1745405300
0.0 0.0 0.0 0

1745405301
0.0 0.0 0.0 0

1745405302
0.0 0.0 0.0 0

1745405303
0.0 0.0 0.0 0

1745405304
0.0 0.0 0.0 0

1745405305
0.0 0.0 0.0 0

1745405306
0.0 0.0 0.0 0

1745405307
0.0 0.0 0.0 0

1745405308
0.0 0.0 0.0 12

1745405309
0.0 0.0 0.0 25

1745405310
0.0 0.0 0.0 1

1745405311
0.0 0.0 0.0 0

1745405312
0.0 0.0 0.0 0

1745405313
0.0 0.0 0.0 0

1745405314
0.0 0.0 0.0 0

1745405315
0.0 0.0 0.0 0

1745405316
0.0 0.0 0.0 0

1745405317
0.0 0.0 0.0 318

1745405318
0.0 0.0 0.0 2230

1745405319
0.0 0.0 0.0 4446

1745405320
0.0 0.0 0.0 2866

1745405321
0.0 0.0 0.0 1063

1745405322
0.0 0.0 0.0 0

1745405323
0.0 0.0 0.0 0

1745405324
0.0 0.0 0.0 0

1745405325
0.0 0.0 0.0 0

1745405326
0.0 0.0 0.0 0

1745405327
0.0 0.0 0.0 0

1745405328
0.0 0.0 0.0 0

1745405330
0.0 0.0 0.0 29

1745405331
0.0 0.0 0.0 1

1745405332
0.0 0.0 0.0 0

1745405333
0.0 0.0 0.0 0

1745405334
0.0 0.0 0.0 0

1745405335
0.0 0.0 0.0 0

1745405337
0.0 0.0 0.0 0

1745405338
0.0 0.0 0.0 0

1745405339
0.0 0.0 0.0 48

1745405340
0.0 0.0 0.0 1

1745405341
0.0 0.0 0.0 0

1745405343
0.0 0.0 0.0 0

1745405344
0.0 0.0 0.0 0

1745405345
0.0 0.0 0.0 0

1745405346
0.0 0.0 0.0 0

1745405347
0.0 0.0 0.0 58

1745405348
0.0 0.0 0.0 0

1745405349
0.0 0.0 0.0 0

1745405351
0.0 0.0 0.0 6

1745405352
0.0 0.0 0.0 0

1745405354
0.0 0.0 0.0 0

1745405355
0.0 0.0 0.0 0

1745405356
0.0 0.0 0.0 0

1745405357
0.0 0.0 0.0 0

1745405359
0.0 0.0 0.0 1

1745405360
0.0 0.0 0.0 23

1745405361
0.0 0.0 0.0 0

1745405362
0.0 0.0 0.0 65

1745405363
0.0 0.0 0.0 0

1745405364
0.0 0.0 0.0 0

1745405365
0.0 0.0 0.0 175

1745405366
0.0 0.0 0.0 0

1745405367
0.0 0.0 0.0 1

1745405368
0.0 0.0 0.0 3

1745405369
0.0 0.0 0.0 0

1745405370
0.0 0.0 0.0 0

1745405371
0.0 0.0 0.0 0

1745405372
0.0 0.0 0.0 0

1745405373
0.0 0.0 0.0 737

1745405374
0.0 0.0 0.0 6112

1745405375
0.0 0.0 0.0 7181

1745405376
0.0 0.0 0.0 6533

1745405377
0.0 0.0 0.0 5930

1745405378
0.0 0.0 0.0 1639

1745405379
0.0 0.0 0.0 3683

1745405380
0.0 0.0 0.0 7222

1745405381
0.0 0.0 0.0 5939

1745405382
0.0 0.0 0.0 5260

1745405383
0.0 0.0 0.0 6519

1745405384
0.0 0.0 0.0 6043

1745405385
0.0 0.0 0.0 6152

1745405386
0.0 0.0 0.0 6202

1745405387
0.0 0.0 0.0 0

1745405388
0.0 0.0 0.0 0

1745405389
0.0 0.0 0.0 0

1745405390
0.0 0.0 0.0 0

1745405391
0.0 0.0 0.0 0

1745405393
0.0 0.0 0.0 0

1745405394
0.0 0.0 0.0 0

1745405395
0.0 0.0 0.0 0

1745405396
0.0 0.0 0.0 0

1745405397
0.0 0.0 0.0 0

1745405398
0.0 0.0 0.0 0

1745405399
0.0 0.0 0.0 0

1745405400
0.0 0.0 0.0 281

1745405401
0.0 0.0 0.0 0

1745405402
0.0 0.0 0.0 0

1745405403
0.0 0.0 0.0 0

1745405404
0.0 0.0 0.0 0

1745405405
0.0 0.0 0.0 0

1745405406
0.0 0.0 0.0 1

1745405407
0.0 0.0 0.0 0

1745405408
0.0 0.0 0.0 0

1745405409
0.0 0.0 0.0 0

1745405410
0.0 0.0 0.0 0

1745405411
0.0 0.0 0.0 0

1745405412
0.0 0.0 0.0 0

1745405413
0.0 0.0 0.0 0

1745405414
0.0 0.0 0.0 0

1745405415
0.0 0.0 0.0 0

1745405416
0.0 0.0 0.0 0

1745405417
0.0 0.0 0.0 0

1745405418
0.0 0.0 0.0 0

1745405419
0.0 0.0 0.0 0

1745405420
0.0 0.0 0.0 0

1745405421
0.0 0.0 0.0 0

1745405422
0.0 0.0 0.0 0

1745405423
0.0 0.0 0.0 0

1745405424
0.0 0.0 0.0 0

1745405425
0.0 0.0 0.0 0

1745405426
0.0 0.0 0.0 0

1745405427
0.0 0.0 0.0 0

1745405428
0.0 0.0 0.0 0

1745405429
0.0 0.0 0.0 0

1745405430
0.0 0.0 0.0 0

1745405431
0.0 0.0 0.0 0

1745405432
0.0 0.0 0.0 510

1745405433
0.0 0.0 0.0 3092

1745405434
0.0 0.0 0.0 3068

1745405435
0.0 0.0 0.0 2953

1745405436
0.0 0.0 0.0 627

1745405437
0.0 0.0 0.0 2566

1745405438
0.0 0.0 0.0 3288

1745405439
0.0 0.0 0.0 2824

1745405440
0.0 0.0 0.0 2759

1745405441
0.0 0.0 0.0 2519

1745405442
0.0 0.0 0.0 4327

1745405443
0.0 0.0 0.0 5327

1745405444
0.0 0.0 0.0 0

1745405445
0.0 0.0 0.0 0

1745405446
0.0 0.0 0.0 0

1745405447
0.0 0.0 0.0 0

1745405448
0.0 0.0 0.0 0

1745405449
0.0 0.0 0.0 0

1745405450
0.0 0.0 0.0 0

1745405451
0.0 0.0 0.0 0

1745405452
0.0 0.0 0.0 0

1745405453
0.0 0.0 0.0 0

1745405454
0.0 0.0 0.0 0

1745405455
0.0 0.0 0.0 0

1745405456
0.0 0.0 0.0 0

1745405457
0.0 0.0 0.0 0

1745405458
0.0 0.0 0.0 0

1745405459
0.0 0.0 0.0 1

1745405460
0.0 0.0 0.0 0

1745405461
0.0 0.0 0.0 0

1745405462
0.0 0.0 0.0 0

1745405463
0.0 0.0 0.0 0

1745405464
0.0 0.0 0.0 0

1745405466
0.0 0.0 0.0 0

1745405467
0.0 0.0 0.0 0

1745405468
0.0 0.0 0.0 0

1745405469
0.0 0.0 0.0 1

1745405470
0.0 0.0 0.0 0

1745405471
0.0 0.0 0.0 0

1745405472
0.0 0.0 0.0 0

1745405473
0.0 0.0 0.0 0

1745405474
0.0 0.0 0.0 0

1745405475
0.0 0.0 0.0 0

1745405476
0.0 0.0 0.0 0

1745405477
0.0 0.0 0.0 0

1745405478
0.0 0.0 0.0 0

1745405479
0.0 0.0 0.0 0

1745405480
0.0 0.0 0.0 0

1745405481
0.0 0.0 0.0 0

1745405482
0.0 0.0 0.0 0

1745405484
0.0 0.0 0.0 0

1745405485
0.0 0.0 0.0 3579

1745405486
0.0 0.0 0.0 0

1745405487
0.0 0.0 0.0 0

1745405488
0.0 0.0 0.0 492

1745405489
0.0 0.0 0.0 2717

1745405490
0.0 0.0 0.0 2876

1745405491
0.0 0.0 0.0 2479

1745405492
0.0 0.0 0.0 2096

1745405493
0.0 0.0 0.0 2642

1745405494
0.0 0.0 0.0 1433

1745405496
0.0 0.0 0.0 0

1745405497
0.0 0.0 0.0 0

1745405498
0.0 0.0 0.0 0

1745405500
0.0 0.0 0.0 0

1745405501
0.0 0.0 0.0 0

1745405502
0.0 0.0 0.0 0

1745405503
0.0 0.0 0.0 0

1745405504
0.0 0.0 0.0 0

1745405505
0.0 0.0 0.0 0

1745405506
0.0 0.0 0.0 0

1745405507
0.0 0.0 0.0 0

1745405508
0.0 0.0 0.0 0

1745405509
0.0 0.0 0.0 0

1745405510
0.0 0.0 0.0 0

1745405511
0.0 0.0 0.0 0

1745405512
0.0 0.0 0.0 0

1745405513
0.0 0.0 0.0 0

1745405514
0.0 0.0 0.0 0

1745405516
0.0 0.0 0.0 0

1745405517
0.0 0.0 0.0 0

1745405518
0.0 0.0 0.0 1

1745405519
0.0 0.0 0.0 0

1745405520
0.0 0.0 0.0 136

1745405521
0.0 0.0 0.0 1276

1745405522
0.0 0.0 0.0 1614

1745405523
0.0 0.0 0.0 1252

1745405525
0.0 0.0 0.0 10678

1745405526
0.0 0.0 0.0 6894

1745405527
0.0 0.0 0.0 0

1745405529
0.0 0.0 0.0 0

1745405530
0.0 0.0 0.0 0

1745405531
0.0 0.0 0.0 0

1745405532
0.0 0.0 0.0 0

1745405534
0.0 0.0 0.0 0

1745405535
0.0 0.0 0.0 0

1745405536
0.0 0.0 0.0 0

1745405537
0.0 0.0 0.0 0

1745405538
0.0 0.0 0.0 0

1745405539
0.0 0.0 0.0 0

1745405540
0.0 0.0 0.0 0

1745405541
0.0 0.0 0.0 0

1745405542
0.0 0.0 0.0 0

1745405543
0.0 0.0 0.0 0

1745405544
0.0 0.0 0.0 0

1745405546
0.0 0.0 0.0 1

1745405547
0.0 0.0 0.0 0

1745405548
0.0 0.0 0.0 0

1745405549
0.0 0.0 0.0 0

1745405550
0.0 0.0 0.0 0

1745405551
0.0 0.0 0.0 0

1745405552
0.0 0.0 0.0 0

1745405553
0.0 0.0 0.0 0

1745405554
0.0 0.0 0.0 0

1745405555
0.0 0.0 0.0 0

1745405556
0.0 0.0 0.0 0

1745405557
0.0 0.0 0.0 0

1745405558
0.0 0.0 0.0 0

1745405559
0.0 0.0 0.0 0

1745405560
0.0 0.0 0.0 0

1745405561
0.0 0.0 0.0 0

1745405562
0.0 0.0 0.0 0

1745405563
0.0 0.0 0.0 0

1745405564
0.0 0.0 0.0 0

1745405565
0.0 0.0 0.0 1

1745405566
0.0 0.0 0.0 5

1745405567
0.0 0.0 0.0 8

1745405569
0.0 0.0 0.0 4

1745405570
0.0 0.0 0.0 59

1745405571
0.0 0.0 0.0 0

1745405572
0.0 0.0 0.0 62

1745405573
0.0 0.0 0.0 421

1745405574
0.0 0.0 0.0 1017

1745405575
0.0 0.0 0.0 921

1745405576
0.0 0.0 0.0 904

1745405578
0.0 0.0 0.0 1324

1745405579
0.0 0.0 0.0 0

1745405580
0.0 0.0 0.0 0

1745405581
0.0 0.0 0.0 156

1745405582
0.0 0.0 0.0 0

1745405583
0.0 0.0 0.0 199

1745405584
0.0 0.0 0.0 0

1745405585
0.0 0.0 0.0 0

1745405586
0.0 0.0 0.0 0

1745405587
0.0 0.0 0.0 0

1745405588
0.0 0.0 0.0 0

1745405589
0.0 0.0 0.0 0

1745405590
0.0 0.0 0.0 0

1745405591
0.0 0.0 0.0 0

1745405592
0.0 0.0 0.0 0

1745405593
0.0 0.0 0.0 0

1745405594
0.0 0.0 0.0 0

1745405595
0.0 0.0 0.0 0

1745405596
0.0 0.0 0.0 0

1745405597
0.0 0.0 0.0 91

1745405598
0.0 0.0 0.0 0

1745405599
0.0 0.0 0.0 1

1745405600
0.0 0.0 0.0 0

1745405601
0.0 0.0 0.0 0

1745405602
0.0 0.0 0.0 1

1745405603
0.0 0.0 0.0 0

1745405604
0.0 0.0 0.0 0

1745405605
0.0 0.0 0.0 0

1745405606
0.0 0.0 0.0 0

1745405607
0.0 0.0 0.0 0

1745405608
0.0 0.0 0.0 0

1745405609
0.0 0.0 0.0 0

1745405610
0.0 0.0 0.0 7

1745405611
0.0 0.0 0.0 0

1745405612
0.0 0.0 0.0 0

1745405613
0.0 0.0 0.0 1

1745405614
0.0 0.0 0.0 0

1745405615
0.0 0.0 0.0 0

1745405616
0.0 0.0 0.0 0

1745405617
0.0 0.0 0.0 0

1745405618
0.0 0.0 0.0 0

1745405619
0.0 0.0 0.0 0

1745405620
0.0 0.0 0.0 0

1745405621
0.0 0.0 0.0 38

1745405622
0.0 0.0 0.0 1

1745405623
0.0 0.0 0.0 24

1745405624
0.0 0.0 0.0 0

1745405625
0.0 0.0 0.0 0

1745405626
0.0 0.0 0.0 0

1745405627
0.0 0.0 0.0 0

1745405628
0.0 0.0 0.0 123

1745405629
0.0 0.0 0.0 0

1745405630
0.0 0.0 0.0 0

1745405631
0.0 0.0 0.0 0

1745405632
0.0 0.0 0.0 2

1745405633
0.0 0.0 0.0 0

1745405634
0.0 0.0 0.0 0

1745405635
0.0 0.0 0.0 0

1745405636
0.0 0.0 0.0 0

1745405637
0.0 0.0 0.0 0

1745405638
0.0 0.0 0.0 0

1745405639
0.0 0.0 0.0 16

1745405640
0.0 0.0 0.0 0

1745405641
0.0 0.0 0.0 0

1745405642
0.0 0.0 0.0 0

1745405643
0.0 0.0 0.0 0

1745405644
0.0 0.0 0.0 1

1745405645
0.0 0.0 0.0 0

1745405646
0.0 0.0 0.0 0

1745405647
0.0 0.0 0.0 3

1745405648
0.0 0.0 0.0 0

1745405649
0.0 0.0 0.0 67

1745405650
0.0 0.0 0.0 0

1745405651
0.0 0.0 0.0 0

1745405652
0.0 0.0 0.0 0

1745405654
0.0 0.0 0.0 0

1745405655
0.0 0.0 0.0 0

1745405656
0.0 0.0 0.0 0

1745405657
0.0 0.0 0.0 0

1745405658
0.0 0.0 0.0 0

1745405659
0.0 0.0 0.0 286

1745405660
0.0 0.0 0.0 0

1745405661
0.0 0.0 0.0 0

1745405662
0.0 0.0 0.0 0

1745405663
0.0 0.0 0.0 0

1745405664
0.0 0.0 0.0 0

1745405665
0.0 0.0 0.0 0

1745405666
0.0 0.0 0.0 0

1745405667
0.0 0.0 0.0 0

1745405669
0.0 0.0 0.0 0

1745405670
0.0 0.0 0.0 0

1745405671
0.0 0.0 0.0 0

1745405672
0.0 0.0 0.0 0

1745405673
0.0 0.0 0.0 0

1745405674
0.0 0.0 0.0 0

1745405675
0.0 0.0 0.0 0

1745405676
0.0 0.0 0.0 0

1745405677
0.0 0.0 0.0 0

1745405678
0.0 0.0 0.0 0

1745405679
0.0 0.0 0.0 2089

1745405680
0.0 0.0 0.0 0

1745405681
0.0 0.0 0.0 0

1745405682
0.0 0.0 0.0 0

1745405683
0.0 0.0 0.0 0

1745405684
0.0 0.0 0.0 0

1745405685
0.0 0.0 0.0 0

1745405686
0.0 0.0 0.0 0

1745405687
0.0 0.0 0.0 1

1745405688
0.0 0.0 0.0 0

1745405689
0.0 0.0 0.0 0

1745405690
0.0 0.0 0.0 0

1745405691
0.0 0.0 0.0 0

1745405692
0.0 0.0 0.0 0

1745405693
0.0 0.0 0.0 1010

1745405694
0.0 0.0 0.0 0

1745405695
0.0 0.0 0.0 0

1745405696
0.0 0.0 0.0 2833

1745405697
0.0 0.0 0.0 211

1745405698
0.0 0.0 0.0 87

1745405699
0.0 0.0 0.0 80

1745405700
0.0 0.0 0.0 0

1745405701
0.0 0.0 0.0 1

1745405702
0.0 0.0 0.0 0

1745405703
0.0 0.0 0.0 1

1745405704
0.0 0.0 0.0 0

1745405706
0.0 0.0 0.0 0

1745405707
0.0 0.0 0.0 0

1745405708
0.0 0.0 0.0 0

1745405709
0.0 0.0 0.0 0

1745405710
0.0 0.0 0.0 0

1745405711
0.0 0.0 0.0 0

1745405712
0.0 0.0 0.0 0

1745405713
0.0 0.0 0.0 788

1745405714
0.0 0.0 0.0 94

1745405715
0.0 0.0 0.0 182

1745405716
0.0 0.0 0.0 275

1745405718
0.0 0.0 0.0 0

1745405719
0.0 0.0 0.0 4622

1745405720
0.0 0.0 0.0 31

1745405721
0.0 0.0 0.0 257

1745405722
0.0 0.0 0.0 0

1745405723
0.0 0.0 0.0 0

1745405724
0.0 0.0 0.0 158

1745405725
0.0 0.0 0.0 140

1745405726
0.0 0.0 0.0 0

1745405727
0.0 0.0 0.0 13

1745405728
0.0 0.0 0.0 23

1745405729
0.0 0.0 0.0 0

1745405730
0.0 0.0 0.0 0

1745405731
0.0 0.0 0.0 0

1745405732
0.0 0.0 0.0 0

1745405733
0.0 0.0 0.0 0

1745405734
0.0 0.0 0.0 0

1745405735
0.0 0.0 0.0 0

1745405736
0.0 0.0 0.0 0

1745405737
0.0 0.0 0.0 2

1745405738
0.0 0.0 0.0 0

1745405739
0.0 0.0 0.0 0

1745405740
0.0 0.0 0.0 66

1745405741
0.0 0.0 0.0 0

1745405742
0.0 0.0 0.0 0

1745405743
0.0 0.0 0.0 0

1745405744
0.0 0.0 0.0 0

1745405745
0.0 0.0 0.0 0

1745405747
0.0 0.0 0.0 0

1745405748
0.0 0.0 0.0 0

1745405749
0.0 0.0 0.0 0

1745405750
0.0 0.0 0.0 0

1745405751
0.0 0.0 0.0 1

1745405752
0.0 0.0 0.0 0

1745405753
0.0 0.0 0.0 458

1745405754
0.0 0.0 0.0 488

1745405755
0.0 0.0 0.0 444

1745405756
0.0 0.0 0.0 103

1745405757
0.0 0.0 0.0 0

1745405758
0.0 0.0 0.0 5

1745405759
0.0 0.0 0.0 0

1745405760
0.0 0.0 0.0 49

1745405761
0.0 0.0 0.0 0

1745405762
0.0 0.0 0.0 0

1745405763
0.0 0.0 0.0 0

1745405764
0.0 0.0 0.0 0

1745405765
0.0 0.0 0.0 0

1745405766
0.0 0.0 0.0 0

1745405767
0.0 0.0 0.0 0

1745405768
0.0 0.0 0.0 0

1745405769
0.0 0.0 0.0 0

1745405770
0.0 0.0 0.0 0

1745405771
0.0 0.0 0.0 0

1745405772
0.0 0.0 0.0 0

1745405773
0.0 0.0 0.0 1729

1745405774
0.0 0.0 0.0 197

1745405775
0.0 0.0 0.0 179

1745405776
0.0 0.0 0.0 155

1745405777
0.0 0.0 0.0 86

1745405778
0.0 0.0 0.0 155

1745405779
0.0 0.0 0.0 44

1745405780
0.0 0.0 0.0 401

1745405781
0.0 0.0 0.0 141

1745405782
0.0 0.0 0.0 12

1745405783
0.0 0.0 0.0 0

1745405784
0.0 0.0 0.0 1

1745405785
0.0 0.0 0.0 111

1745405786
0.0 0.0 0.0 0

1745405787
0.0 0.0 0.0 171

1745405788
0.0 0.0 0.0 94

1745405789
0.0 0.0 0.0 160

1745405790
0.0 0.0 0.0 67

1745405791
0.0 0.0 0.0 18

1745405792
0.0 0.0 0.0 342

1745405793
0.0 0.0 0.0 150

1745405794
0.0 0.0 0.0 27

1745405795
0.0 0.0 0.0 146

1745405796
0.0 0.0 0.0 87

1745405797
0.0 0.0 0.0 177

1745405798
0.0 0.0 0.0 0

1745405799
0.0 0.0 0.0 1

1745405800
0.0 0.0 0.0 0

1745405801
0.0 0.0 0.0 0

1745405802
0.0 0.0 0.0 0

1745405803
0.0 0.0 0.0 0

1745405804
0.0 0.0 0.0 1

1745405805
0.0 0.0 0.0 0

1745405806
0.0 0.0 0.0 0

1745405807
0.0 0.0 0.0 0

1745405808
0.0 0.0 0.0 16

1745405809
0.0 0.0 0.0 2170

1745405810
0.0 0.0 0.0 0

1745405811
0.0 0.0 0.0 0

1745405812
0.0 0.0 0.0 0

1745405813
0.0 0.0 0.0 1091

1745405814
0.0 0.0 0.0 0

1745405815
0.0 0.0 0.0 1

1745405816
0.0 0.0 0.0 0

1745405817
0.0 0.0 0.0 0

1745405818
0.0 0.0 0.0 0

1745405819
0.0 0.0 0.0 32

1745405820
0.0 0.0 0.0 5

1745405822
0.0 0.0 0.0 2

1745405823
0.0 0.0 0.0 0

1745405824
0.0 0.0 0.0 0

1745405825
0.0 0.0 0.0 0

1745405826
0.0 0.0 0.0 0

1745405827
0.0 0.0 0.0 0

1745405828
0.0 0.0 0.0 0

1745405829
0.0 0.0 0.0 0

1745405830
0.0 0.0 0.0 1028

1745405831
0.0 0.0 0.0 0

1745405832
0.0 0.0 0.0 36

1745405833
0.0 0.0 0.0 0

1745405834
0.0 0.0 0.0 0

1745405835
0.0 0.0 0.0 0

1745405836
0.0 0.0 0.0 0

1745405837
0.0 0.0 0.0 0

1745405838
0.0 0.0 0.0 31

1745405839
0.0 0.0 0.0 0

1745405840
0.0 0.0 0.0 0

1745405841
0.0 0.0 0.0 68

1745405842
0.0 0.0 0.0 328

1745405843
0.0 0.0 0.0 275

1745405844
0.0 0.0 0.0 0

1745405845
0.0 0.0 0.0 0

1745405846
0.0 0.0 0.0 1

1745405847
0.0 0.0 0.0 0

1745405848
0.0 0.0 0.0 0

1745405849
0.0 0.0 0.0 202

1745405850
0.0 0.0 0.0 41

1745405851
0.0 0.0 0.0 0

1745405852
0.0 0.0 0.0 0

1745405853
0.0 0.0 0.0 1

1745405854
0.0 0.0 0.0 0

1745405855
0.0 0.0 0.0 0

1745405856
0.0 0.0 0.0 0

1745405857
0.0 0.0 0.0 0

1745405858
0.0 0.0 0.0 0

1745405859
0.0 0.0 0.0 0

1745405861
0.0 0.0 0.0 0

1745405862
0.0 0.0 0.0 0

1745405863
0.0 0.0 0.0 0

1745405864
0.0 0.0 0.0 0

1745405865
0.0 0.0 0.0 0

1745405866
0.0 0.0 0.0 219

1745405867
0.0 0.0 0.0 0

1745405868
0.0 0.0 0.0 0

1745405869
0.0 0.0 0.0 2558

1745405870
0.0 0.0 0.0 0

1745405871
0.0 0.0 0.0 0

1745405872
0.0 0.0 0.0 0

1745405873
0.0 0.0 0.0 0

1745405875
0.0 0.0 0.0 1

1745405876
0.0 0.0 0.0 0

1745405877
0.0 0.0 0.0 198

1745405878
0.0 0.0 0.0 0

1745405879
0.0 0.0 0.0 0

1745405880
0.0 0.0 0.0 0

1745405881
0.0 0.0 0.0 94

1745405882
0.0 0.0 0.0 0

1745405883
0.0 0.0 0.0 0

1745405884
0.0 0.0 0.0 0

1745405885
0.0 0.0 0.0 0

1745405886
0.0 0.0 0.0 0

1745405887
0.0 0.0 0.0 0

1745405888
0.0 0.0 0.0 0

1745405889
0.0 0.0 0.0 0

1745405890
0.0 0.0 0.0 0

1745405891
0.0 0.0 0.0 0

1745405892
0.0 0.0 0.0 0

1745405893
0.0 0.0 0.0 0

1745405894
0.0 0.0 0.0 1

1745405895
0.0 0.0 0.0 0

1745405896
0.0 0.0 0.0 27

1745405897
0.0 0.0 0.0 36

1745405898
0.0 0.0 0.0 23

1745405899
0.0 0.0 0.0 0

1745405900
0.0 0.0 0.0 0

1745405901
0.0 0.0 0.0 0

1745405902
0.0 0.0 0.0 0

1745405903
0.0 0.0 0.0 0

1745405904
0.0 0.0 0.0 0

1745405905
0.0 0.0 0.0 11

1745405906
0.0 0.0 0.0 27

1745405907
0.0 0.0 0.0 565

1745405908
0.0 0.0 0.0 0

1745405909
0.0 0.0 0.0 0

1745405910
0.0 0.0 0.0 0

1745405911
0.0 0.0 0.0 0

1745405912
0.0 0.0 0.0 0

1745405913
0.0 0.0 0.0 393

1745405914
0.0 0.0 0.0 340

1745405915
0.0 0.0 0.0 0

1745405917
0.0 0.0 0.0 1

1745405918
0.0 0.0 0.0 0

1745405919
0.0 0.0 0.0 0

1745405920
0.0 0.0 0.0 0

1745405921
0.0 0.0 0.0 0

1745405922
0.0 0.0 0.0 0

1745405923
0.0 0.0 0.0 0

1745405924
0.0 0.0 0.0 37

1745405925
0.0 0.0 0.0 10

1745405926
0.0 0.0 0.0 0

1745405927
0.0 0.0 0.0 4

1745405928
0.0 0.0 0.0 0

1745405929
0.0 0.0 0.0 0

1745405930
0.0 0.0 0.0 0

1745405931
0.0 0.0 0.0 0

1745405932
0.0 0.0 0.0 0

1745405933
0.0 0.0 0.0 0

1745405934
0.0 0.0 0.0 0

1745405935
0.0 0.0 0.0 0

1745405936
0.0 0.0 0.0 135

1745405937
0.0 0.0 0.0 1

1745405938
0.0 0.0 0.0 504

1745405939
0.0 0.0 0.0 1831

1745405940
0.0 0.0 0.0 0

1745405941
0.0 0.0 0.0 0

1745405942
0.0 0.0 0.0 0

1745405943
0.0 0.0 0.0 0

1745405944
0.0 0.0 0.0 1

1745405946
0.0 0.0 0.0 0

1745405947
0.0 0.0 0.0 1

1745405948
0.0 0.0 0.0 0

1745405949
0.0 0.0 0.0 0

1745405950
0.0 0.0 0.0 0

1745405951
0.0 0.0 0.0 0

1745405952
0.0 0.0 0.0 0

1745405953
0.0 0.0 0.0 0

1745405954
0.0 0.0 0.0 0

1745405955
0.0 0.0 0.0 0

1745405956
0.0 0.0 0.0 0

1745405957
0.0 0.0 0.0 0

1745405958
0.0 0.0 0.0 0

1745405959
0.0 0.0 0.0 0

1745405960
0.0 0.0 0.0 0

1745405961
0.0 0.0 0.0 0

1745405962
0.0 0.0 0.0 0

1745405963
0.0 0.0 0.0 207

1745405964
0.0 0.0 0.0 0

1745405965
0.0 0.0 0.0 0

1745405966
0.0 0.0 0.0 0

1745405967
0.0 0.0 0.0 276

1745405968
0.0 0.0 0.0 0

1745405969
0.0 0.0 0.0 0

1745405970
0.0 0.0 0.0 0

1745405971
0.0 0.0 0.0 1406

1745405972
0.0 0.0 0.0 18

1745405973
0.0 0.0 0.0 0

1745405974
0.0 0.0 0.0 0

1745405975
0.0 0.0 0.0 0

1745405976
0.0 0.0 0.0 0

1745405977
0.0 0.0 0.0 0

1745405978
0.0 0.0 0.0 0

1745405979
0.0 0.0 0.0 0

1745405980
0.0 0.0 0.0 0

1745405981
0.0 0.0 0.0 0

1745405982
0.0 0.0 0.0 0

1745405983
0.0 0.0 0.0 0

1745405984
0.0 0.0 0.0 0

1745405985
0.0 0.0 0.0 0

1745405986
0.0 0.0 0.0 0

1745405987
0.0 0.0 0.0 0

1745405988
0.0 0.0 0.0 0

1745405989
0.0 0.0 0.0 0

1745405990
0.0 0.0 0.0 0

1745405991
0.0 0.0 0.0 0

1745405992
0.0 0.0 0.0 0

1745405993
0.0 0.0 0.0 65

1745405994
0.0 0.0 0.0 49

1745405995
0.0 0.0 0.0 568

1745405996
0.0 0.0 0.0 191

1745405997
0.0 0.0 0.0 278

1745405998
0.0 0.0 0.0 250

1745405999
0.0 0.0 0.0 99

1745406000
0.0 0.0 0.0 95

1745406001
0.0 0.0 0.0 95

1745406002
0.0 0.0 0.0 150

1745406003
0.0 0.0 0.0 0

1745406004
0.0 0.0 0.0 0

1745406005
0.0 0.0 0.0 32

1745406006
0.0 0.0 0.0 0

1745406007
0.0 0.0 0.0 162

1745406008
0.0 0.0 0.0 41

1745406009
0.0 0.0 0.0 132

1745406010
0.0 0.0 0.0 0

1745406011
0.0 0.0 0.0 1

1745406012
0.0 0.0 0.0 29

1745406013
0.0 0.0 0.0 66

1745406014
0.0 0.0 0.0 50

1745406016
0.0 0.0 0.0 96

1745406017
0.0 0.0 0.0 0

1745406018
0.0 0.0 0.0 0

1745406019
0.0 0.0 0.0 0

1745406020
0.0 0.0 0.0 5

1745406021
0.0 0.0 0.0 0

1745406022
0.0 0.0 0.0 0

1745406023
0.0 0.0 0.0 8

1745406024
0.0 0.0 0.0 0

1745406025
0.0 0.0 0.0 46

1745406026
0.0 0.0 0.0 0

1745406027
0.0 0.0 0.0 0

1745406028
0.0 0.0 0.0 487

1745406029
0.0 0.0 0.0 73

1745406030
0.0 0.0 0.0 3

1745406031
0.0 0.0 0.0 0

1745406032
0.0 0.0 0.0 0

1745406033
0.0 0.0 0.0 0

1745406034
0.0 0.0 0.0 0

1745406035
0.0 0.0 0.0 0

1745406036
0.0 0.0 0.0 0

1745406037
0.0 0.0 0.0 0

1745406038
0.0 0.0 0.0 0

1745406039
0.0 0.0 0.0 0

1745406040
0.0 0.0 0.0 0

1745406041
0.0 0.0 0.0 0

1745406042
0.0 0.0 0.0 1538

1745406043
0.0 0.0 0.0 122

1745406044
0.0 0.0 0.0 0

1745406045
0.0 0.0 0.0 0

1745406046
0.0 0.0 0.0 0

1745406047
0.0 0.0 0.0 0

1745406048
0.0 0.0 0.0 0

1745406049
0.0 0.0 0.0 33

1745406050
0.0 0.0 0.0 99

1745406051
0.0 0.0 0.0 77

1745406052
0.0 0.0 0.0 0

1745406053
0.0 0.0 0.0 0

1745406054
0.0 0.0 0.0 0

1745406055
0.0 0.0 0.0 0

1745406056
0.0 0.0 0.0 0

1745406057
0.0 0.0 0.0 0

1745406058
0.0 0.0 0.0 173

1745406059
0.0 0.0 0.0 59

1745406060
0.0 0.0 0.0 88

1745406062
0.0 0.0 0.0 0

1745406063
0.0 0.0 0.0 99

1745406064
0.0 0.0 0.0 15

1745406065
0.0 0.0 0.0 0

1745406066
0.0 0.0 0.0 0

1745406067
0.0 0.0 0.0 1

1745406068
0.0 0.0 0.0 0

1745406069
0.0 0.0 0.0 1

1745406070
0.0 0.0 0.0 0

1745406071
0.0 0.0 0.0 4

1745406072
0.0 0.0 0.0 0

1745406073
0.0 0.0 0.0 0

1745406074
0.0 0.0 0.0 0

1745406075
0.0 0.0 0.0 0

1745406076
0.0 0.0 0.0 0

1745406077
0.0 0.0 0.0 0

1745406078
0.0 0.0 0.0 0

1745406079
0.0 0.0 0.0 1

1745406080
0.0 0.0 0.0 0

1745406081
0.0 0.0 0.0 0

1745406082
0.0 0.0 0.0 9491

1745406083
0.18 0.03 0.0 14872

1745406084
0.18 0.03 0.0 18008

1745406085
0.32 0.06 0.01 11398

1745406086
0.32 0.06 0.01 7275

1745406087
0.26 0.06 0.01 0

1745406088
0.26 0.06 0.01 0

1745406089
0.22 0.05 0.01 1464

1745406090
0.22 0.05 0.01 366

1745406091
0.18 0.05 0.01 0

1745406092
0.18 0.05 0.01 0

1745406093
0.14 0.05 0.01 0

1745406094
0.14 0.05 0.01 0

1745406095
0.12 0.05 0.01 962

1745406097
0.09 0.05 0.01 1077

1745406098
0.09 0.05 0.01 14936

1745406099
0.08 0.04 0.01 1955

1745406100
0.08 0.04 0.01 1169

1745406101
0.06 0.04 0.0 10196

1745406102
0.06 0.04 0.0 93095

1745406103
3.67 0.7 0.14 433773

1745406104
3.67 0.7 0.14 343446

1745406105
8.98 1.75 0.37 348489

1745406106
8.98 1.75 0.37 394305

1745406107
13.88 2.87 0.61 322411

1745406108
13.88 2.87 0.61 473306

1745406109
19.33 4.22 0.91 229210

1745406110
19.33 4.22 0.91 3141

1745406111
16.01 4.11 0.91 15283

1745406112
16.01 4.11 0.91 2610

1745406113
13.11 3.98 0.9 4970

1745406114
13.11 3.98 0.9 25900

1745406115
10.91 3.88 0.9 6901

1745406116
10.91 3.88 0.9 2241

1745406117
8.94 3.75 0.9 183

1745406118
8.94 3.75 0.9 0

1745406119
7.32 3.63 0.89 38259

1745406120
7.32 3.63 0.89 28985

1745406121
6.9 3.68 0.92 111259

1745406122
6.9 3.68 0.92 323093

1745406123
11.62 4.63 1.14 508890

1745406124
11.62 4.63 1.14 341063

1745406125
14.77 5.43 1.33 107884

1745406126
14.77 5.43 1.33 167570

1745406127
15.35 5.84 1.44 158112

1745406128
15.35 5.84 1.44 186344

1745406129
16.2 6.31 1.57 297400

1745406130
16.2 6.31 1.57 208445

1745406131
17.43 6.85 1.72 159866

1745406132
17.43 6.85 1.72 93929

1745406133
15.9 6.92 1.77 124296

1745406134
15.9 6.92 1.77 461309

1745406135
19.54 7.87 2.0 276465

1745406136
19.54 7.87 2.0 96429

1745406137
17.99 7.98 2.06 96876

1745406138
17.99 7.98 2.06 80240

1745406139
16.72 8.08 2.12 140181

1745406140
16.72 8.08 2.12 306136

1745406141
17.86 8.56 2.27 175732

1745406143
15.17 8.38 2.27 77

1745406144
15.17 8.38 2.27 379

1745406145
12.42 8.11 2.26 0

1745406146
12.42 8.11 2.26 0

1745406147
10.17 7.84 2.24 0

1745406148
10.17 7.84 2.24 1

1745406149
8.32 7.58 2.22 0

1745406150
8.32 7.58 2.22 0

1745406151
6.82 7.34 2.21 0

1745406152
6.82 7.34 2.21 14450

1745406153
6.49 7.26 2.23 121988

1745406154
6.49 7.26 2.23 95603

1745406155
7.12 7.35 2.28 92946

1745406156
7.12 7.35 2.28 26334

1745406157
6.37 7.21 2.29 0

1745406158
6.37 7.21 2.29 1

1745406159
5.22 6.97 2.27 1

1745406160
5.22 6.97 2.27 1

1745406161
4.27 6.74 2.25 0

1745406162
4.27 6.74 2.25 3

1745406163
3.5 6.52 2.24 1

1745406164
3.5 6.52 2.24 0

1745406165
2.86 6.31 2.22 1

1745406166
2.86 6.31 2.22 273922

1745406167
8.86 7.28 2.45 625374

1745406168
8.86 7.28 2.45 758033

1745406169
18.13 9.0 2.85 132638

1745406170
18.13 9.0 2.85 186

1745406171
14.84 8.71 2.83 54

1745406172
14.84 8.71 2.83 52

1745406173
12.15 8.42 2.81 0

1745406174
12.15 8.42 2.81 4906

1745406175
9.95 8.15 2.79 1

1745406176
9.95 8.15 2.79 2

1745406177
8.15 7.88 2.77 0

1745406178
8.15 7.88 2.77 0

1745406179
6.67 7.62 2.75 0

1745406180
6.67 7.62 2.75 64

1745406181
5.46 7.37 2.73 189

1745406182
5.46 7.37 2.73 0

1745406183
4.47 7.13 2.71 0

1745406184
4.47 7.13 2.71 0

1745406185
3.66 6.9 2.69 0

1745406186
3.66 6.9 2.69 0

1745406187
2.99 6.67 2.68 0

1745406188
2.99 6.67 2.68 0

1745406189
2.45 6.45 2.66 94

1745406190
2.45 6.45 2.66 183

1745406191
2.01 6.24 2.64 0

1745406192
2.01 6.24 2.64 0

1745406193
1.64 6.04 2.62 0

1745406194
1.64 6.04 2.62 0

1745406195
1.34 5.84 2.6 54

1745406196
1.34 5.84 2.6 0

1745406197
1.1 5.65 2.58 0

1745406198
1.1 5.65 2.58 0

1745406199
0.9 5.46 2.57 0

1745406200
0.9 5.46 2.57 0

1745406201
0.73 5.28 2.55 15

1745406202
0.73 5.28 2.55 0

1745406203
0.6 5.11 2.53 0

1745406204
0.6 5.11 2.53 0

1745406205
0.49 4.94 2.51 1089

1745406206
0.49 4.94 2.51 0

1745406207
0.4 4.78 2.5 0

1745406208
0.4 4.78 2.5 6

1745406209
0.33 4.62 2.48 0

1745406210
0.33 4.62 2.48 0

1745406211
0.27 4.47 2.46 25

1745406212
0.27 4.47 2.46 0

1745406213
0.22 4.32 2.44 0

1745406214
0.22 4.32 2.44 0

1745406215
0.18 4.18 2.43 0

1745406216
0.18 4.18 2.43 0

1745406217
0.14 4.04 2.41 0

1745406218
0.14 4.04 2.41 1

1745406219
0.12 3.91 2.39 0

1745406220
0.12 3.91 2.39 0

1745406221
0.09 3.78 2.38 0

1745406222
0.09 3.78 2.38 0

1745406223
0.08 3.66 2.36 0

1745406224
0.08 3.66 2.36 0

1745406225
0.06 3.54 2.34 0

1745406226
0.06 3.54 2.34 0

1745406227
0.05 3.42 2.33 147

1745406228
0.05 3.42 2.33 0

1745406229
0.04 3.31 2.31 0

1745406230
0.04 3.31 2.31 0

1745406231
0.03 3.2 2.29 27

1745406232
0.03 3.2 2.29 6529

1745406233
0.02 3.1 2.28 13

1745406234
0.02 3.1 2.28 40

1745406235
0.02 3.0 2.26 0

1745406236
0.02 3.0 2.26 1733

1745406237
0.01 2.9 2.25 2

1745406238
0.01 2.9 2.25 0

1745406239
0.01 2.8 2.23 12

1745406240
0.01 2.8 2.23 0

1745406241
0.01 2.71 2.22 0

1745406242
0.01 2.71 2.22 0

1745406243
0.0 2.62 2.2 173

1745406244
0.0 2.62 2.2 19

1745406245
0.0 2.53 2.19 63

1745406246
0.0 2.53 2.19 8

1745406247
0.0 2.45 2.17 32174

1745406248
0.0 2.45 2.17 309657

1745406249
3.26 2.96 2.28 91415

1745406250
3.26 2.96 2.28 138410

1745406251
5.57 3.39 2.37 180266

1745406252
5.57 3.39 2.37 369105

1745406253
9.81 4.22 2.56 186167

1745406254
9.81 4.22 2.56 283851

1745406255
13.47 5.07 2.74 496337

1745406256
13.47 5.07 2.74 671877

1745406257
22.62 7.0 3.16 619903

1745406258
22.62 7.0 3.16 712917

1745406259
27.76 8.44 3.49 108646

1745406260
27.76 8.44 3.49 166452

1745406261
25.27 8.62 3.56 125538

1745406262
25.27 8.62 3.56 667419

1745406263
29.93 10.0 3.89 494369

1745406264
29.93 10.0 3.89 373200

1745406265
29.03 10.5 4.03 62006

1745406266
29.03 10.5 4.03 257358

1745406267
27.94 10.9 4.16 274592

1745406268
27.94 10.9 4.16 209647

1745406269
27.04 11.3 4.29 234560

1745406270
27.04 11.3 4.29 179093

1745406271
24.68 11.39 4.36 112425

1745406272
24.68 11.39 4.36 332633

1745406273
26.01 12.06 4.54 301857

1745406274
26.01 12.06 4.54 82661

1745406275
22.38 11.86 4.56 56054

1745406276
22.38 11.86 4.56 141196

1745406277
22.67 12.26 4.69 389308

1745406278
22.67 12.26 4.69 121384

1745406279
20.38 12.19 4.72 15528

1745406280
20.38 12.19 4.72 0

1745406281
16.68 11.79 4.69 0

1745406282
16.68 11.79 4.69 0

1745406283
13.66 11.4 4.66 0

1745406284
13.66 11.4 4.66 0

1745406285
11.18 11.03 4.63 0

1745406286
11.18 11.03 4.63 1792

1745406288
9.16 10.67 4.6 99

1745406289
7.5 10.32 4.56 0

1745406290
7.5 10.32 4.56 0

1745406291
6.14 9.98 4.53 0

1745406292
6.14 9.98 4.53 0

1745406293
5.02 9.65 4.5 368

1745406294
5.02 9.65 4.5 0

1745406295
5.2 9.53 4.51 207183

1745406296
5.2 9.53 4.51 217250

1745406297
7.7 9.84 4.61 121632

1745406298
7.7 9.84 4.61 187112

1745406299
8.84 9.98 4.68 131268

1745406300
8.84 9.98 4.68 93784

1745406301
9.23 10.01 4.72 84338

1745406302
9.23 10.01 4.72 60438

1745406303
8.28 9.81 4.71 146693

1745406304
8.28 9.81 4.71 250606

1745406305
12.03 10.44 4.88 202927

1745406306
12.03 10.44 4.88 0

1745406307
9.85 10.1 4.85 0

1745406308
9.85 10.1 4.85 726

1745406309
8.07 9.77 4.81 0

1745406310
8.07 9.77 4.81 0

1745406311
6.6 9.45 4.78 0

1745406312
6.6 9.45 4.78 0

1745406313
5.41 9.14 4.75 0

1745406314
5.41 9.14 4.75 0

1745406315
4.43 8.84 4.71 0

1745406316
4.43 8.84 4.71 1

1745406317
3.62 8.55 4.68 0

1745406318
3.62 8.55 4.68 11

1745406319
2.97 8.27 4.65 0

1745406320
2.97 8.27 4.65 0

1745406321
2.43 8.0 4.62 0

1745406322
2.43 8.0 4.62 0

1745406323
1.99 7.74 4.59 0

1745406324
1.99 7.74 4.59 0

1745406325
1.63 7.48 4.55 0

1745406326
1.63 7.48 4.55 0

1745406327
1.33 7.24 4.52 0

1745406328
1.33 7.24 4.52 958

1745406329
1.09 7.0 4.49 382

1745406330
1.09 7.0 4.49 0

1745406331
0.89 6.77 4.46 0

1745406332
0.89 6.77 4.46 0

1745406334
0.73 6.55 4.43 1486

1745406335
0.59 6.34 4.4 0

1745406336
0.59 6.34 4.4 6002

1745406337
0.49 6.13 4.37 0

1745406338
0.49 6.13 4.37 1

1745406339
0.4 5.93 4.34 0

1745406340
0.4 5.93 4.34 0

1745406341
0.32 5.73 4.31 216

1745406342
0.32 5.73 4.31 0

1745406343
0.26 5.55 4.28 0

1745406344
0.26 5.55 4.28 0

1745406345
0.22 5.36 4.25 0

1745406347
0.18 5.19 4.22 0

1745406348
0.18 5.19 4.22 1

1745406349
0.14 5.02 4.19 0

1745406350
0.14 5.02 4.19 1

1745406351
0.12 4.85 4.16 0

1745406352
0.12 4.85 4.16 0

1745406353
0.09 4.69 4.13 14

1745406355
0.08 4.54 4.1 0

1745406356
0.08 4.54 4.1 0

1745406357
0.06 4.39 4.08 0

1745406358
0.06 4.39 4.08 0

1745406359
0.05 4.25 4.05 0

1745406360
0.05 4.25 4.05 0

1745406361
0.04 4.11 4.02 0

1745406362
0.04 4.11 4.02 54

1745406363
0.03 3.97 3.99 0

1745406364
0.03 3.97 3.99 0

1745406365
0.02 3.84 3.97 0

1745406366
0.02 3.84 3.97 1873

1745406367
0.02 3.72 3.94 0

1745406368
0.02 3.72 3.94 40

1745406370
0.01 3.6 3.91 109

1745406371
0.01 3.48 3.88 25

1745406372
0.01 3.48 3.88 1840

1745406373
0.01 3.36 3.86 0

1745406374
0.01 3.36 3.86 0

1745406375
0.0 3.25 3.83 0

1745406376
0.0 3.25 3.83 0

1745406377
0.0 3.15 3.8 196

1745406378
0.0 3.15 3.8 136

1745406379
0.0 3.04 3.78 365

1745406380
0.0 3.04 3.78 0

1745406381
0.0 2.94 3.75 0

1745406382
0.0 2.94 3.75 0

1745406383
0.0 2.85 3.73 0

1745406384
0.0 2.85 3.73 0

1745406385
0.0 2.75 3.7 0

1745406386
0.0 2.75 3.7 0

1745406387
0.0 2.66 3.67 0

1745406388
0.0 2.66 3.67 0

1745406389
0.0 2.57 3.65 0

1745406390
0.0 2.57 3.65 1467

1745406391
0.0 2.49 3.62 221

1745406392
0.0 2.49 3.62 0

1745406393
0.0 2.41 3.6 1098

1745406394
0.0 2.41 3.6 109

1745406396
0.0 2.33 3.57 0

1745406397
0.0 2.25 3.55 4839

1745406398
0.0 2.25 3.55 1643

1745406399
0.0 2.18 3.52 0

1745406400
0.0 2.18 3.52 0

1745406402
0.0 2.11 3.5 12

1745406403
0.0 2.04 3.48 0

1745406404
0.0 2.04 3.48 1

1745406405
0.0 1.97 3.45 21

1745406406
0.0 1.97 3.45 0

1745406407
0.0 1.9 3.43 0

1745406408
0.0 1.9 3.43 445

1745406409
0.0 1.84 3.4 0

1745406410
0.0 1.84 3.4 0

1745406411
0.0 1.78 3.38 0

1745406413
0.0 1.72 3.36 0

1745406414
0.0 1.72 3.36 0

1745406415
0.0 1.67 3.33 1

1745406416
0.0 1.67 3.33 0

1745406417
0.0 1.61 3.31 0

1745406418
0.0 1.61 3.31 1

1745406419
0.0 1.56 3.29 0

1745406420
0.0 1.56 3.29 1

1745406422
0.0 1.51 3.26 61

1745406423
0.0 1.46 3.24 16

1745406424
0.0 1.46 3.24 0

1745406425
0.0 1.41 3.22 0

1745406426
0.0 1.41 3.22 0

1745406427
0.0 1.36 3.2 0

1745406428
0.0 1.36 3.2 283

1745406429
0.0 1.32 3.18 0

1745406430
0.0 1.32 3.18 10

1745406431
0.0 1.27 3.15 0

1745406432
0.0 1.27 3.15 0

1745406433
0.0 1.23 3.13 0

1745406434
0.0 1.23 3.13 0

1745406435
0.0 1.19 3.11 266

1745406436
0.0 1.19 3.11 0

1745406437
0.0 1.15 3.09 1426

1745406438
0.0 1.15 3.09 171

1745406439
0.0 1.11 3.07 0

1745406440
0.0 1.11 3.07 0

1745406441
0.0 1.08 3.05 0

1745406442
0.0 1.08 3.05 0

1745406443
0.0 1.04 3.02 1233

1745406444
0.0 1.04 3.02 2

1745406445
0.0 1.01 3.0 0

1745406446
0.0 1.01 3.0 0

1745406447
0.0 0.97 2.98 0

1745406448
0.0 0.97 2.98 0

1745406449
0.0 0.94 2.96 0

1745406450
0.0 0.94 2.96 0

1745406451
0.0 0.91 2.94 0

1745406452
0.0 0.91 2.94 741

1745406453
0.0 0.88 2.92 0

1745406454
0.0 0.88 2.92 0

1745406455
0.0 0.85 2.9 0

1745406457
0.0 0.85 2.9 0

1745406458
0.0 0.82 2.88 127

1745406459
0.0 0.8 2.86 710

1745406460
0.0 0.8 2.86 0

1745406461
0.0 0.77 2.84 17145

1745406462
0.0 0.77 2.84 0

1745406463
0.0 0.74 2.82 0

1745406464
0.0 0.74 2.82 0

1745406465
0.0 0.72 2.8 0

1745406466
0.0 0.72 2.8 57

1745406467
0.0 0.69 2.78 0

1745406468
0.0 0.69 2.78 0

1745406469
0.0 0.67 2.76 0

1745406470
0.0 0.67 2.76 0

1745406471
0.0 0.65 2.74 86

1745406472
0.0 0.65 2.74 0

1745406473
0.0 0.63 2.72 0

1745406474
0.0 0.63 2.72 0

1745406475
0.0 0.61 2.71 0

1745406476
0.0 0.61 2.71 1

1745406477
0.0 0.59 2.69 1437

1745406478
0.0 0.59 2.69 74

1745406479
0.0 0.57 2.67 0

1745406480
0.0 0.57 2.67 0

1745406481
0.0 0.55 2.65 0

1745406482
0.0 0.55 2.65 33

1745406483
0.0 0.53 2.63 2

1745406484
0.0 0.53 2.63 25

1745406485
0.0 0.51 2.61 0

1745406486
0.0 0.51 2.61 1390

1745406487
0.0 0.5 2.6 0

1745406488
0.0 0.5 2.6 0

1745406489
0.0 0.48 2.58 0

1745406490
0.0 0.48 2.58 16

1745406491
0.0 0.46 2.56 1188

1745406492
0.0 0.46 2.56 0

1745406493
0.0 0.45 2.54 0

1745406495
0.0 0.43 2.52 21

1745406496
0.0 0.43 2.52 0

1745406497
0.0 0.42 2.51 756

1745406498
0.0 0.42 2.51 5806

1745406499
0.0 0.4 2.49 642

1745406500
0.0 0.4 2.49 0

1745406501
0.0 0.39 2.47 0

1745406503
0.0 0.38 2.45 1065

1745406504
0.0 0.38 2.45 0

1745406505
0.0 0.36 2.44 3

1745406506
0.0 0.36 2.44 0

1745406507
0.0 0.35 2.42 1

1745406508
0.0 0.35 2.42 0

1745406509
0.0 0.34 2.4 0

1745406510
0.0 0.34 2.4 1197

1745406511
0.0 0.33 2.39 140

1745406512
0.0 0.33 2.39 796

1745406513
0.0 0.32 2.37 8

1745406514
0.0 0.32 2.37 947

1745406515
0.0 0.31 2.35 0

1745406516
0.0 0.31 2.35 0

1745406517
0.0 0.3 2.34 0

1745406518
0.0 0.3 2.34 0

1745406519
0.0 0.29 2.32 0

1745406520
0.0 0.29 2.32 0

1745406521
0.0 0.28 2.31 0

1745406522
0.0 0.28 2.31 0

1745406523
0.0 0.27 2.29 1

1745406524
0.0 0.27 2.29 721

1745406525
0.0 0.26 2.27 32

1745406526
0.0 0.26 2.27 247

1745406527
0.0 0.25 2.26 176

1745406528
0.0 0.25 2.26 52

1745406529
0.0 0.24 2.24 1

1745406530
0.0 0.24 2.24 450

1745406531
0.0 0.23 2.23 4

1745406532
0.0 0.23 2.23 366

1745406533
0.0 0.22 2.21 101

1745406534
0.0 0.22 2.21 70

1745406535
0.0 0.22 2.19 0

1745406536
0.0 0.22 2.19 0

1745406537
0.0 0.21 2.18 3136

1745406538
0.0 0.21 2.18 1

1745406539
0.0 0.2 2.16 0

1745406540
0.0 0.2 2.16 0

1745406541
0.0 0.19 2.15 0

1745406542
0.0 0.19 2.15 0

1745406543
0.0 0.19 2.13 1474

1745406544
0.0 0.19 2.13 80

1745406545
0.0 0.18 2.12 2279

1745406546
0.0 0.18 2.12 0

1745406547
0.0 0.17 2.1 0

1745406548
0.0 0.17 2.1 0

1745406549
0.0 0.17 2.09 0

1745406550
0.0 0.17 2.09 1606

1745406551
0.0 0.16 2.08 2474

1745406552
0.0 0.16 2.08 24

1745406553
0.0 0.16 2.06 2

1745406554
0.0 0.16 2.06 3

1745406555
0.0 0.15 2.05 180

1745406556
0.0 0.15 2.05 0

1745406557
0.0 0.15 2.03 0

1745406558
0.0 0.15 2.03 947

1745406559
0.0 0.14 2.02 4

1745406560
0.0 0.14 2.02 0

1745406561
0.0 0.14 2.0 0

1745406562
0.0 0.14 2.0 0

1745406563
0.0 0.13 1.99 0

1745406564
0.0 0.13 1.99 0

1745406565
0.0 0.13 1.98 141

1745406566
0.0 0.13 1.98 740

1745406567
0.0 0.12 1.96 1243

1745406568
0.0 0.12 1.96 0

1745406569
0.0 0.12 1.95 0

1745406570
0.0 0.12 1.95 0

1745406571
0.0 0.11 1.94 1

1745406572
0.0 0.11 1.94 0

1745406573
0.0 0.11 1.92 0

1745406574
0.0 0.11 1.92 0

1745406575
0.0 0.1 1.91 0

1745406576
0.0 0.1 1.91 0

1745406577
0.0 0.1 1.9 0

1745406578
0.0 0.1 1.9 0

1745406579
0.0 0.1 1.88 0

1745406580
0.0 0.1 1.88 1707

1745406581
0.0 0.09 1.87 0

1745406582
0.0 0.09 1.87 25

1745406583
0.0 0.09 1.86 0

1745406584
0.0 0.09 1.86 0

1745406585
0.0 0.09 1.84 0

1745406586
0.0 0.09 1.84 0

1745406587
0.0 0.08 1.83 0

1745406588
0.0 0.08 1.83 0

1745406589
0.0 0.08 1.82 94

1745406591
0.0 0.08 1.8 122

1745406592
0.0 0.08 1.8 0

1745406593
0.0 0.07 1.79 0

1745406594
0.0 0.07 1.79 1206

1745406595
0.0 0.07 1.78 1461

1745406596
0.0 0.07 1.78 0

1745406597
0.0 0.07 1.77 69

1745406598
0.0 0.07 1.77 1

1745406599
0.0 0.07 1.75 0

1745406600
0.0 0.07 1.75 0

1745406601
0.0 0.06 1.74 0

1745406602
0.0 0.06 1.74 140

1745406603
0.0 0.06 1.73 0

1745406604
0.0 0.06 1.73 0

1745406605
0.0 0.06 1.72 4

1745406606
0.0 0.06 1.72 0

1745406607
0.0 0.06 1.71 258

1745406608
0.0 0.06 1.71 0

1745406609
0.0 0.05 1.69 0

1745406610
0.0 0.05 1.69 0

1745406611
0.0 0.05 1.68 0

1745406612
0.0 0.05 1.68 0

1745406613
0.0 0.05 1.67 0

1745406614
0.0 0.05 1.67 1

1745406615
0.0 0.05 1.66 0

1745406616
0.0 0.05 1.66 0

1745406617
0.0 0.05 1.65 0

1745406618
0.0 0.05 1.65 0

1745406619
0.0 0.04 1.64 0

1745406620
0.0 0.04 1.64 0

1745406621
0.0 0.04 1.62 0

1745406622
0.0 0.04 1.62 0

1745406623
0.0 0.04 1.61 0

1745406624
0.0 0.04 1.61 0

1745406625
0.0 0.04 1.6 0

1745406626
0.0 0.04 1.6 0

1745406627
0.0 0.04 1.59 0

1745406628
0.0 0.04 1.59 0

1745406629
0.0 0.04 1.58 0

1745406630
0.0 0.04 1.58 0

1745406631
0.0 0.03 1.57 0

1745406632
0.0 0.03 1.57 0

1745406633
0.0 0.03 1.56 1

1745406634
0.0 0.03 1.56 0

1745406635
0.0 0.03 1.55 83

1745406636
0.0 0.03 1.55 0

1745406637
0.0 0.03 1.54 0

1745406638
0.0 0.03 1.54 0

1745406639
0.0 0.03 1.52 0

1745406640
0.0 0.03 1.52 95

1745406641
0.0 0.03 1.51 0

1745406642
0.0 0.03 1.51 170

1745406643
0.0 0.03 1.5 4366

1745406644
0.0 0.03 1.5 0

1745406645
0.0 0.02 1.49 0

1745406646
0.0 0.02 1.49 24

1745406647
0.0 0.02 1.48 29

1745406648
0.0 0.02 1.48 0

1745406649
0.0 0.02 1.47 0

1745406650
0.0 0.02 1.47 0

1745406651
0.0 0.02 1.46 0

1745406652
0.0 0.02 1.46 0

1745406653
0.0 0.02 1.45 0

1745406654
0.0 0.02 1.45 0

1745406655
0.0 0.02 1.44 0

1745406656
0.0 0.02 1.44 0

1745406657
0.0 0.02 1.43 0

1745406658
0.0 0.02 1.43 0

1745406659
0.0 0.02 1.42 0

1745406660
0.0 0.02 1.42 0

1745406661
0.0 0.02 1.41 0

1745406662
0.0 0.02 1.41 0

1745406663
0.0 0.02 1.4 0

1745406664
0.0 0.02 1.4 0

1745406665
0.0 0.01 1.39 0

1745406666
0.0 0.01 1.39 0

1745406667
0.0 0.01 1.38 0

1745406668
0.0 0.01 1.38 0

1745406669
0.0 0.01 1.37 5396

1745406670
0.0 0.01 1.37 0

1745406671
0.0 0.01 1.36 0

1745406672
0.0 0.01 1.36 0

1745406673
0.0 0.01 1.35 0

1745406674
0.0 0.01 1.35 70

1745406675
0.0 0.01 1.34 39

1745406676
0.0 0.01 1.34 1

1745406677
0.0 0.01 1.33 0

1745406678
0.0 0.01 1.33 0

1745406679
0.0 0.01 1.32 0

1745406680
0.0 0.01 1.32 0

1745406681
0.0 0.01 1.31 0

1745406682
0.0 0.01 1.31 0

1745406683
0.0 0.01 1.31 0

1745406684
0.0 0.01 1.31 0

1745406685
0.0 0.01 1.3 0

1745406686
0.0 0.01 1.3 0

1745406687
0.0 0.01 1.29 0

1745406688
0.0 0.01 1.29 0

1745406689
0.0 0.01 1.28 0

1745406690
0.0 0.01 1.28 0

1745406691
0.0 0.01 1.27 0

1745406692
0.0 0.01 1.27 0

1745406693
0.0 0.0 1.26 0

1745406694
0.0 0.0 1.26 0

1745406695
0.0 0.0 1.25 0

1745406696
0.0 0.0 1.25 1099

1745406697
0.0 0.0 1.24 0

1745406698
0.0 0.0 1.24 0

1745406699
0.0 0.0 1.23 0

1745406700
0.0 0.0 1.23 0

1745406701
0.0 0.0 1.22 1210

1745406702
0.0 0.0 1.22 0

1745406703
0.0 0.0 1.22 0

1745406704
0.0 0.0 1.22 749

1745406705
0.0 0.0 1.21 0

1745406706
0.0 0.0 1.21 65

1745406707
0.0 0.0 1.2 0

1745406708
0.0 0.0 1.2 0

1745406709
0.0 0.0 1.19 0

1745406710
0.0 0.0 1.19 0

1745406711
0.0 0.0 1.18 0

1745406712
0.0 0.0 1.18 0

1745406713
0.0 0.0 1.17 0

1745406714
0.0 0.0 1.17 0

1745406715
0.0 0.0 1.17 0

1745406716
0.0 0.0 1.17 0

1745406718
0.0 0.0 1.16 0

1745406719
0.0 0.0 1.15 0

1745406720
0.0 0.0 1.15 0

1745406721
0.0 0.0 1.14 0

1745406722
0.0 0.0 1.14 0

1745406723
0.0 0.0 1.13 0

1745406724
0.0 0.0 1.13 0

1745406725
0.0 0.0 1.12 0

1745406726
0.0 0.0 1.12 0

1745406727
0.0 0.0 1.12 73

1745406728
0.0 0.0 1.12 146

1745406729
0.0 0.0 1.11 0

1745406730
0.0 0.0 1.11 0

1745406731
0.0 0.0 1.1 0

1745406732
0.0 0.0 1.1 152

1745406733
0.0 0.0 1.09 0

1745406734
0.0 0.0 1.09 0

1745406735
0.0 0.0 1.09 0

1745406736
0.0 0.0 1.09 0

1745406737
0.0 0.0 1.08 833

1745406738
0.0 0.0 1.08 0

1745406739
0.0 0.0 1.07 108

1745406740
0.0 0.0 1.07 298

1745406741
0.0 0.0 1.06 125

1745406742
0.0 0.0 1.06 0

1745406743
0.0 0.0 1.06 0

1745406744
0.0 0.0 1.06 0

1745406745
0.0 0.0 1.05 595

1745406746
0.0 0.0 1.05 2

1745406747
0.0 0.0 1.04 0

1745406748
0.0 0.0 1.04 0

1745406749
0.0 0.0 1.03 0

1745406750
0.0 0.0 1.03 0

1745406751
0.0 0.0 1.03 612

1745406752
0.0 0.0 1.03 0

1745406753
0.0 0.0 1.02 0

1745406754
0.0 0.0 1.02 0

1745406755
0.0 0.0 1.01 33

1745406756
0.0 0.0 1.01 1475

1745406757
0.0 0.0 1.0 43

1745406758
0.0 0.0 1.0 0

1745406759
0.0 0.0 1.0 0

1745406761
0.0 0.0 0.99 0

1745406762
0.0 0.0 0.99 0

1745406763
0.0 0.0 0.98 0

1745406764
0.0 0.0 0.98 0

1745406765
0.0 0.0 0.98 0

1745406766
0.0 0.0 0.98 0

1745406767
0.0 0.0 0.97 0

1745406768
0.0 0.0 0.97 28

1745406769
0.0 0.0 0.96 0

1745406770
0.0 0.0 0.96 0

1745406771
0.0 0.0 0.95 0

1745406772
0.0 0.0 0.95 0

1745406773
0.0 0.0 0.95 0

1745406774
0.0 0.0 0.95 0

1745406775
0.0 0.0 0.94 0

1745406776
0.0 0.0 0.94 0

1745406777
0.0 0.0 0.93 0

1745406778
0.0 0.0 0.93 0

1745406779
0.0 0.0 0.93 0

1745406780
0.0 0.0 0.93 0

1745406781
0.0 0.0 0.92 0

1745406782
0.0 0.0 0.92 0

1745406783
0.0 0.0 0.91 0

1745406784
0.0 0.0 0.91 0

1745406785
0.0 0.0 0.91 0

1745406786
0.0 0.0 0.91 0

1745406787
0.0 0.0 0.9 0

1745406788
0.0 0.0 0.9 0

1745406789
0.0 0.0 0.9 0

1745406790
0.0 0.0 0.9 0

1745406791
0.0 0.0 0.89 0

1745406792
0.0 0.0 0.89 0

1745406793
0.0 0.0 0.88 0

1745406794
0.0 0.0 0.88 0

1745406795
0.0 0.0 0.88 0

1745406796
0.0 0.0 0.88 0

1745406797
0.0 0.0 0.87 4

1745406798
0.0 0.0 0.87 0

1745406799
0.0 0.0 0.86 1

1745406800
0.0 0.0 0.86 0

1745406801
0.0 0.0 0.86 0

1745406802
0.0 0.0 0.86 0

1745406803
0.0 0.0 0.85 0

1745406804
0.0 0.0 0.85 0

1745406805
0.0 0.0 0.85 0

1745406806
0.0 0.0 0.85 0

1745406807
0.0 0.0 0.84 0

1745406808
0.0 0.0 0.84 2

1745406809
0.0 0.0 0.83 3

1745406810
0.0 0.0 0.83 0

1745406811
0.0 0.0 0.83 0

1745406812
0.0 0.0 0.83 0

1745406813
0.0 0.0 0.82 0

1745406814
0.0 0.0 0.82 0

1745406815
0.0 0.0 0.82 0

1745406816
0.0 0.0 0.82 0

1745406817
0.0 0.0 0.81 0

1745406818
0.0 0.0 0.81 0

1745406819
0.0 0.0 0.8 0

1745406820
0.0 0.0 0.8 0

1745406821
0.0 0.0 0.8 0

1745406822
0.0 0.0 0.8 0

1745406823
0.0 0.0 0.79 0

1745406824
0.0 0.0 0.79 0

1745406825
0.0 0.0 0.79 0

1745406826
0.0 0.0 0.79 0

1745406827
0.0 0.0 0.78 0

1745406828
0.0 0.0 0.78 0

1745406829
0.0 0.0 0.78 89

1745406830
0.0 0.0 0.78 0

1745406831
0.0 0.0 0.77 0

1745406832
0.0 0.0 0.77 0

1745406833
0.0 0.0 0.76 0

1745406834
0.0 0.0 0.76 0

1745406835
0.0 0.0 0.76 0

1745406836
0.0 0.0 0.76 0

1745406837
0.0 0.0 0.75 0

1745406838
0.0 0.0 0.75 0

1745406839
0.0 0.0 0.75 0

1745406840
0.0 0.0 0.75 0

1745406841
0.0 0.0 0.74 0

1745406842
0.0 0.0 0.74 0

1745406843
0.0 0.0 0.74 0

1745406844
0.0 0.0 0.74 0

1745406845
0.0 0.0 0.73 1

1745406846
0.0 0.0 0.73 0

1745406847
0.0 0.0 0.73 0

1745406848
0.0 0.0 0.73 0

1745406849
0.0 0.0 0.72 0

1745406850
0.0 0.0 0.72 0

1745406851
0.0 0.0 0.72 0

1745406852
0.0 0.0 0.72 0

1745406853
0.0 0.0 0.71 0

1745406854
0.0 0.0 0.71 0

1745406855
0.0 0.0 0.71 0

1745406856
0.0 0.0 0.71 0

1745406857
0.0 0.0 0.7 0

1745406858
0.0 0.0 0.7 0

1745406859
0.0 0.0 0.7 0

1745406860
0.0 0.0 0.7 30

1745406861
0.0 0.0 0.69 0

1745406862
0.0 0.0 0.69 0

1745406863
0.0 0.0 0.69 0

1745406864
0.0 0.0 0.69 461

1745406865
0.0 0.0 0.68 0

1745406866
0.0 0.0 0.68 0

1745406867
0.0 0.0 0.68 0

1745406868
0.0 0.0 0.68 0

1745406869
0.0 0.0 0.67 0

1745406870
0.0 0.0 0.67 0

1745406871
0.0 0.0 0.67 0

1745406872
0.0 0.0 0.67 0

1745406873
0.0 0.0 0.66 0

1745406874
0.0 0.0 0.66 0

1745406875
0.0 0.0 0.66 0

1745406876
0.0 0.0 0.66 1823

1745406877
0.0 0.0 0.65 5675

1745406878
0.0 0.0 0.65 5542

1745406879
0.0 0.0 0.65 0

1745406880
0.0 0.0 0.65 0

1745406881
0.0 0.0 0.64 5

1745406882
0.0 0.0 0.64 1690

1745406883
0.0 0.0 0.64 0

1745406884
0.0 0.0 0.64 0

1745406885
0.0 0.0 0.63 1121

1745406886
0.0 0.0 0.63 13

1745406887
0.0 0.0 0.63 0

1745406888
0.0 0.0 0.63 0

1745406889
0.0 0.0 0.62 0

1745406890
0.0 0.0 0.62 50

1745406891
0.0 0.0 0.62 0

1745406892
0.0 0.0 0.62 0

1745406893
0.0 0.0 0.62 0

1745406894
0.0 0.0 0.62 0

1745406895
0.0 0.0 0.61 0

1745406896
0.0 0.0 0.61 0

1745406897
0.0 0.0 0.61 0

1745406898
0.0 0.0 0.61 0

1745406899
0.0 0.0 0.6 0

1745406900
0.0 0.0 0.6 0

1745406901
0.0 0.0 0.6 0

1745406902
0.0 0.0 0.6 388

1745406903
0.0 0.0 0.59 0

1745406904
0.0 0.0 0.59 1190

1745406905
0.0 0.0 0.59 0

1745406906
0.0 0.0 0.59 1114

1745406907
0.0 0.0 0.58 2

1745406908
0.0 0.0 0.58 0

1745406910
0.0 0.0 0.58 0

1745406911
0.0 0.0 0.58 1

1745406912
0.0 0.0 0.58 0

1745406913
0.0 0.0 0.57 0

1745406914
0.0 0.0 0.57 0

1745406915
0.0 0.0 0.57 0

1745406916
0.0 0.0 0.57 70

1745406917
0.0 0.0 0.56 0

1745406918
0.0 0.0 0.56 0

1745406919
0.0 0.0 0.56 0

1745406920
0.0 0.0 0.56 0

1745406921
0.0 0.0 0.55 0

1745406922
0.0 0.0 0.55 447

1745406923
0.0 0.0 0.55 1002

1745406924
0.0 0.0 0.55 3111

1745406925
0.0 0.0 0.55 245

1745406926
0.0 0.0 0.55 0

1745406927
0.0 0.0 0.54 0

1745406928
0.0 0.0 0.54 0

1745406929
0.0 0.0 0.54 2

1745406931
0.0 0.0 0.54 0

1745406932
0.0 0.0 0.54 0

1745406933
0.0 0.0 0.53 0

1745406934
0.0 0.0 0.53 0

1745406935
0.0 0.0 0.53 0

1745406936
0.0 0.0 0.53 0

1745406937
0.0 0.0 0.52 12

1745406938
0.0 0.0 0.52 46

1745406939
0.0 0.0 0.52 0

1745406940
0.0 0.0 0.52 7

1745406941
0.0 0.0 0.52 0

1745406942
0.0 0.0 0.52 0

1745406943
0.0 0.0 0.51 0

1745406944
0.0 0.0 0.51 0

1745406945
0.0 0.0 0.51 0

1745406946
0.0 0.0 0.51 0

1745406947
0.0 0.0 0.5 0

1745406948
0.0 0.0 0.5 0

1745406949
0.0 0.0 0.5 0

1745406950
0.0 0.0 0.5 0

1745406951
0.0 0.0 0.5 1498

1745406952
0.0 0.0 0.5 1499

1745406953
0.0 0.0 0.49 0

1745406954
0.0 0.0 0.49 2267

1745406955
0.0 0.0 0.49 25

1745406956
0.0 0.0 0.49 0

1745406957
0.0 0.0 0.49 0

1745406958
0.0 0.0 0.49 0

1745406959
0.0 0.0 0.48 0

1745406960
0.0 0.0 0.48 172

1745406961
0.0 0.0 0.48 39

1745406962
0.0 0.0 0.48 174

1745406963
0.0 0.0 0.47 256

1745406964
0.0 0.0 0.47 55

1745406965
0.0 0.0 0.47 0

1745406966
0.0 0.0 0.47 197

1745406967
0.0 0.0 0.47 0

1745406968
0.0 0.0 0.47 6

1745406969
0.0 0.0 0.46 15

1745406970
0.0 0.0 0.46 0

1745406971
0.0 0.0 0.46 0

1745406972
0.0 0.0 0.46 72

1745406973
0.0 0.0 0.46 13

1745406974
0.0 0.0 0.46 0

1745406975
0.0 0.0 0.45 1

1745406976
0.0 0.0 0.45 1471

1745406977
0.0 0.0 0.45 296

1745406978
0.0 0.0 0.45 500

1745406979
0.0 0.0 0.45 219

1745406980
0.0 0.0 0.45 1638

1745406981
0.0 0.0 0.44 40

1745406982
0.0 0.0 0.44 557

1745406983
0.0 0.0 0.44 51

1745406984
0.0 0.0 0.44 118

1745406985
0.0 0.0 0.44 73

1745406986
0.0 0.0 0.44 183

1745406987
0.0 0.0 0.43 2378

1745406988
0.0 0.0 0.43 0

1745406989
0.0 0.0 0.43 0

1745406990
0.0 0.0 0.43 164

1745406991
0.0 0.0 0.43 2027

1745406993
0.0 0.0 0.42 0

1745406994
0.0 0.0 0.42 0

1745406995
0.0 0.0 0.42 0

1745406996
0.0 0.0 0.42 54

1745406997
0.0 0.0 0.42 2

1745406998
0.0 0.0 0.42 1

1745406999
0.0 0.0 0.41 0

1745407000
0.0 0.0 0.41 94

1745407001
0.0 0.0 0.41 2

1745407002
0.0 0.0 0.41 1

1745407004
0.0 0.0 0.41 0

1745407005
0.0 0.0 0.41 0

1745407006
0.0 0.0 0.41 0

1745407007
0.0 0.0 0.4 28

1745407008
0.0 0.0 0.4 0

1745407009
0.0 0.0 0.4 0

1745407010
0.0 0.0 0.4 307

1745407011
0.0 0.0 0.4 75

1745407012
0.0 0.0 0.4 293

1745407013
0.0 0.0 0.39 0

1745407014
0.0 0.0 0.39 145

1745407015
0.0 0.0 0.39 6

1745407016
0.0 0.0 0.39 1

1745407017
0.0 0.0 0.39 117

1745407019
0.0 0.0 0.39 0

1745407020
0.0 0.0 0.39 1

1745407021
0.0 0.0 0.38 0

1745407022
0.0 0.0 0.38 0

1745407024
0.0 0.0 0.38 2

1745407025
0.0 0.0 0.38 95

1745407026
0.0 0.0 0.38 0

1745407027
0.0 0.0 0.37 0

1745407028
0.0 0.0 0.37 1587

1745407029
0.0 0.0 0.37 0

1745407030
0.0 0.0 0.37 14

1745407031
0.0 0.0 0.37 1

1745407032
0.0 0.0 0.37 0

1745407033
0.0 0.0 0.36 0

1745407034
0.0 0.0 0.36 0

1745407036
0.0 0.0 0.36 0

1745407037
0.0 0.0 0.36 0

1745407038
0.0 0.0 0.36 0

1745407040
0.0 0.0 0.36 0

1745407041
0.0 0.0 0.35 0

1745407042
0.0 0.0 0.35 40

1745407044
0.0 0.0 0.35 0

1745407045
0.0 0.0 0.35 1087

1745407046
0.0 0.0 0.35 134

1745407047
0.0 0.0 0.35 0

1745407048
0.0 0.0 0.35 0

1745407049
0.0 0.0 0.34 3077

1745407050
0.0 0.0 0.34 0

1745407051
0.0 0.0 0.34 0

1745407052
0.0 0.0 0.34 2371

1745407053
0.0 0.0 0.34 0

1745407054
0.0 0.0 0.34 0

1745407055
0.0 0.0 0.34 0

1745407056
0.0 0.0 0.34 0

1745407057
0.0 0.0 0.33 1

1745407058
0.0 0.0 0.33 0

1745407059
0.0 0.0 0.33 0

1745407060
0.0 0.0 0.33 4

1745407061
0.0 0.0 0.33 0

1745407062
0.0 0.0 0.33 1

1745407063
0.0 0.0 0.33 0

1745407064
0.0 0.0 0.33 0

1745407065
0.0 0.0 0.32 0

1745407066
0.0 0.0 0.32 0

1745407067
0.0 0.0 0.32 32

1745407068
0.0 0.0 0.32 0

1745407069
0.0 0.0 0.32 0

1745407070
0.0 0.0 0.32 0

1745407071
0.0 0.0 0.32 0

1745407072
0.0 0.0 0.32 0

1745407073
0.0 0.0 0.31 0

1745407074
0.0 0.0 0.31 0

1745407075
0.0 0.0 0.31 0

1745407076
0.0 0.0 0.31 237

1745407077
0.0 0.0 0.31 0

1745407078
0.0 0.0 0.31 0

1745407079
0.0 0.0 0.31 8

1745407081
0.0 0.0 0.3 0

1745407082
0.0 0.0 0.3 0

1745407083
0.0 0.0 0.3 0

1745407084
0.0 0.0 0.3 0

1745407085
0.0 0.0 0.3 0

1745407086
0.0 0.0 0.3 0

1745407087
0.0 0.0 0.3 0

1745407088
0.0 0.0 0.3 164

1745407090
0.0 0.0 0.29 0

1745407091
0.0 0.0 0.29 1

1745407092
0.0 0.0 0.29 145

1745407094
0.0 0.0 0.29 378

1745407095
0.0 0.0 0.29 282

1745407096
0.0 0.0 0.29 163

1745407097
0.0 0.0 0.29 75

1745407098
0.0 0.0 0.28 0

1745407099
0.0 0.0 0.28 0

1745407100
0.0 0.0 0.28 0

1745407101
0.0 0.0 0.28 0

1745407102
0.0 0.0 0.28 0

1745407103
0.0 0.0 0.28 126

1745407104
0.0 0.0 0.28 0

1745407105
0.0 0.0 0.28 0

1745407106
0.0 0.0 0.28 31

1745407107
0.0 0.0 0.28 0

1745407108
0.0 0.0 0.27 0

1745407109
0.0 0.0 0.27 139

1745407110
0.0 0.0 0.27 1

1745407111
0.0 0.0 0.27 0

1745407112
0.0 0.0 0.27 0

1745407113
0.0 0.0 0.27 0

1745407114
0.0 0.0 0.27 0

1745407115
0.0 0.0 0.27 0

1745407116
0.0 0.0 0.27 0

1745407117
0.0 0.0 0.27 0

1745407118
0.0 0.0 0.26 0

1745407119
0.0 0.0 0.26 0

1745407120
0.0 0.0 0.26 0

1745407121
0.0 0.0 0.26 0

1745407122
0.0 0.0 0.26 0

1745407123
0.0 0.0 0.26 0

1745407124
0.0 0.0 0.26 0

1745407125
0.0 0.0 0.26 0

1745407126
0.0 0.0 0.26 0

1745407127
0.0 0.0 0.26 0

1745407128
0.0 0.0 0.25 0

1745407129
0.0 0.0 0.25 0

1745407130
0.0 0.0 0.25 0

1745407131
0.0 0.0 0.25 0

1745407132
0.0 0.0 0.25 0

1745407133
0.0 0.0 0.25 0

1745407134
0.0 0.0 0.25 0

1745407135
0.0 0.0 0.25 1

1745407136
0.0 0.0 0.25 0

1745407137
0.0 0.0 0.25 0

1745407138
0.0 0.0 0.24 0

1745407139
0.0 0.0 0.24 0

1745407140
0.0 0.0 0.24 0

1745407141
0.0 0.0 0.24 0

1745407142
0.0 0.0 0.24 0

1745407143
0.0 0.0 0.24 0

1745407144
0.0 0.0 0.24 0

1745407145
0.0 0.0 0.24 0

1745407146
0.0 0.0 0.24 0

1745407147
0.0 0.0 0.24 1

1745407148
0.0 0.0 0.23 0

1745407149
0.0 0.0 0.23 10

1745407150
0.0 0.0 0.23 77

1745407151
0.0 0.0 0.23 6

1745407152
0.0 0.0 0.23 2

1745407153
0.0 0.0 0.23 0

1745407154
0.0 0.0 0.23 0

1745407155
0.0 0.0 0.23 0

1745407156
0.0 0.0 0.23 1

1745407157
0.0 0.0 0.23 0

1745407158
0.0 0.0 0.22 0

1745407159
0.0 0.0 0.22 0

1745407160
0.0 0.0 0.22 0

1745407161
0.0 0.0 0.22 0

1745407162
0.0 0.0 0.22 0

1745407163
0.0 0.0 0.22 0

1745407164
0.0 0.0 0.22 0

1745407165
0.0 0.0 0.22 0

1745407166
0.0 0.0 0.22 0

1745407167
0.0 0.0 0.22 0

1745407168
0.0 0.0 0.21 1

1745407169
0.0 0.0 0.21 0

1745407170
0.0 0.0 0.21 0

1745407171
0.0 0.0 0.21 0

1745407172
0.0 0.0 0.21 402

1745407173
0.0 0.0 0.21 9

1745407174
0.0 0.0 0.21 474

1745407175
0.0 0.0 0.21 49

1745407176
0.0 0.0 0.21 78

1745407177
0.0 0.0 0.21 0

1745407178
0.0 0.0 0.21 0

1745407179
0.0 0.0 0.21 0

1745407180
0.0 0.0 0.2 0

1745407181
0.0 0.0 0.2 0

1745407182
0.0 0.0 0.2 0

1745407183
0.0 0.0 0.2 0

1745407184
0.0 0.0 0.2 0

1745407185
0.0 0.0 0.2 0

1745407186
0.0 0.0 0.2 0

1745407187
0.0 0.0 0.2 0

1745407188
0.0 0.0 0.2 138

1745407189
0.0 0.0 0.2 0

1745407190
0.0 0.0 0.2 1527

1745407191
0.0 0.0 0.2 149

1745407192
0.0 0.0 0.2 0

1745407193
0.0 0.0 0.2 0

1745407194
0.0 0.0 0.19 0

1745407195
0.0 0.0 0.19 0

1745407196
0.0 0.0 0.19 38

1745407197
0.0 0.0 0.19 0

1745407198
0.0 0.0 0.19 0

1745407199
0.0 0.0 0.19 23

1745407200
0.0 0.0 0.19 0

1745407201
0.0 0.0 0.19 0

1745407202
0.0 0.0 0.19 3

1745407203
0.0 0.0 0.19 0

1745407204
0.0 0.0 0.19 42

1745407205
0.0 0.0 0.19 0

1745407206
0.0 0.0 0.19 0

1745407207
0.0 0.0 0.18 0

1745407209
0.0 0.0 0.18 0

1745407210
0.0 0.0 0.18 0

1745407211
0.0 0.0 0.18 0

1745407212
0.0 0.0 0.18 35

1745407213
0.0 0.0 0.18 0

1745407214
0.0 0.0 0.18 0

1745407215
0.0 0.0 0.18 255

1745407216
0.0 0.0 0.18 0

1745407217
0.0 0.0 0.18 0

1745407218
0.0 0.0 0.18 0

1745407219
0.0 0.0 0.18 0

1745407220
0.0 0.0 0.18 0

1745407221
0.0 0.0 0.18 0

1745407222
0.0 0.0 0.17 0

1745407223
0.0 0.0 0.17 0

1745407224
0.0 0.0 0.17 0

1745407225
0.0 0.0 0.17 0

1745407226
0.0 0.0 0.17 0

1745407227
0.0 0.0 0.17 787

1745407228
0.0 0.0 0.17 0

1745407229
0.0 0.0 0.17 18

1745407230
0.0 0.0 0.17 0

1745407231
0.0 0.0 0.17 15

1745407232
0.0 0.0 0.17 290

1745407233
0.0 0.0 0.17 231

1745407234
0.0 0.0 0.16 200

1745407235
0.0 0.0 0.16 8

1745407236
0.0 0.0 0.16 1

1745407237
0.0 0.0 0.16 0

1745407238
0.0 0.0 0.16 0

1745407239
0.0 0.0 0.16 2

1745407240
0.0 0.0 0.16 1

1745407241
0.0 0.0 0.16 0

1745407242
0.0 0.0 0.16 0

1745407243
0.0 0.0 0.16 0

1745407244
0.0 0.0 0.16 0

1745407245
0.0 0.0 0.16 0

1745407246
0.0 0.0 0.16 0

1745407247
0.0 0.0 0.16 0

1745407248
0.0 0.0 0.15 0

1745407249
0.0 0.0 0.15 0

1745407250
0.0 0.0 0.15 2

1745407251
0.0 0.0 0.15 0

1745407253
0.0 0.0 0.15 0

1745407254
0.0 0.0 0.15 0

1745407255
0.0 0.0 0.15 0

1745407257
0.0 0.0 0.15 0

1745407258
0.0 0.0 0.15 0

1745407260
0.0 0.0 0.15 9

1745407261
0.0 0.0 0.15 1

1745407262
0.0 0.0 0.14 0

1745407263
0.0 0.0 0.14 118

1745407264
0.0 0.0 0.14 0

1745407265
0.0 0.0 0.14 105

1745407267
0.0 0.0 0.14 971

1745407268
0.0 0.0 0.14 873

1745407269
0.0 0.0 0.14 1593

1745407270
0.0 0.0 0.14 1088

1745407271
0.0 0.0 0.14 0

1745407272
0.0 0.0 0.14 0

1745407274
0.0 0.0 0.14 503

1745407275
0.0 0.0 0.14 0

1745407276
0.0 0.0 0.14 0

1745407278
0.0 0.0 0.13 0

1745407279
0.0 0.0 0.13 0

1745407280
0.0 0.0 0.13 0

1745407281
0.0 0.0 0.13 71

1745407283
0.0 0.0 0.13 182

1745407284
0.0 0.0 0.13 1

1745407285
0.0 0.0 0.13 0

1745407286
0.0 0.0 0.13 67

1745407287
0.0 0.0 0.13 0

1745407288
0.0 0.0 0.13 0

1745407290
0.0 0.0 0.13 67

1745407291
0.0 0.0 0.13 72

1745407292
0.0 0.0 0.13 1498

1745407293
0.0 0.0 0.13 538

1745407295
0.0 0.0 0.13 907

1745407296
0.0 0.0 0.13 0

1745407297
0.0 0.0 0.13 0

1745407298
0.0 0.0 0.12 0

1745407299
0.0 0.0 0.12 0

1745407300
0.0 0.0 0.12 0

1745407301
0.0 0.0 0.12 0

1745407302
0.0 0.0 0.12 0

1745407303
0.0 0.0 0.12 0

1745407304
0.0 0.0 0.12 0

1745407305
0.0 0.0 0.12 0

1745407306
0.0 0.0 0.12 0

1745407307
0.0 0.0 0.12 0

1745407308
0.0 0.0 0.12 0

1745407309
0.0 0.0 0.12 0

1745407310
0.0 0.0 0.12 0

1745407311
0.0 0.0 0.12 0

1745407312
0.0 0.0 0.12 0

1745407313
0.0 0.0 0.12 0

1745407314
0.0 0.0 0.12 0

1745407315
0.0 0.0 0.12 0

1745407316
0.0 0.0 0.12 0

1745407317
0.0 0.0 0.12 0

1745407318
0.0 0.0 0.11 0

1745407319
0.0 0.0 0.11 0

1745407320
0.0 0.0 0.11 0

1745407322
0.0 0.0 0.11 0

1745407323
0.0 0.0 0.11 0

1745407324
0.0 0.0 0.11 0

1745407325
0.0 0.0 0.11 1

1745407326
0.0 0.0 0.11 0

1745407327
0.0 0.0 0.11 182

1745407328
0.0 0.0 0.11 836

1745407329
0.0 0.0 0.11 1238

1745407330
0.0 0.0 0.11 1265

1745407331
0.0 0.0 0.11 1094

1745407332
0.0 0.0 0.11 927

1745407333
0.0 0.0 0.11 881

1745407334
0.0 0.0 0.11 667

1745407335
0.0 0.0 0.11 170

1745407336
0.0 0.0 0.11 1185

1745407337
0.0 0.0 0.11 1233

1745407338
0.0 0.0 0.1 1626

1745407339
0.0 0.0 0.1 1048

1745407340
0.0 0.0 0.1 1125

1745407341
0.0 0.0 0.1 1387

1745407342
0.0 0.0 0.1 40

1745407343
0.0 0.0 0.1 1

1745407344
0.0 0.0 0.1 0

1745407345
0.0 0.0 0.1 1

1745407346
0.0 0.0 0.1 2

1745407347
0.0 0.0 0.1 0

1745407348
0.0 0.0 0.1 0

1745407349
0.0 0.0 0.1 1

1745407350
0.0 0.0 0.1 0

1745407351
0.0 0.0 0.1 14

1745407352
0.0 0.0 0.1 1

1745407353
0.0 0.0 0.1 0

1745407354
0.0 0.0 0.1 0

1745407355
0.0 0.0 0.1 19

1745407356
0.0 0.0 0.1 44

1745407357
0.0 0.0 0.1 0

1745407358
0.0 0.0 0.1 0

1745407359
0.0 0.0 0.1 0

1745407360
0.0 0.0 0.09 0

1745407361
0.0 0.0 0.09 0

1745407362
0.0 0.0 0.09 417

1745407363
0.0 0.0 0.09 1065

1745407364
0.0 0.0 0.09 3931

1745407365
0.0 0.0 0.09 10

1745407366
0.0 0.0 0.09 289

1745407367
0.0 0.0 0.09 0

1745407368
0.0 0.0 0.09 93

1745407369
0.0 0.0 0.09 0

1745407371
0.0 0.0 0.09 330

1745407372
0.0 0.0 0.09 0

1745407373
0.0 0.0 0.09 0

1745407375
0.0 0.0 0.09 39

1745407376
0.0 0.0 0.09 3449

1745407377
0.0 0.0 0.09 787

1745407379
0.0 0.0 0.09 150

1745407380
0.0 0.0 0.08 80

1745407381
0.0 0.0 0.08 5

1745407382
0.0 0.0 0.08 116

1745407383
0.0 0.0 0.08 1510

1745407384
0.0 0.0 0.08 2510

1745407385
0.0 0.0 0.08 1809

1745407386
0.0 0.0 0.08 221

1745407387
0.0 0.0 0.08 0

1745407388
0.0 0.0 0.08 0

1745407389
0.0 0.0 0.08 0

1745407390
0.0 0.0 0.08 0

1745407391
0.0 0.0 0.08 301

1745407392
0.0 0.0 0.08 154

1745407393
0.0 0.0 0.08 0

1745407394
0.0 0.0 0.08 0

1745407395
0.0 0.0 0.08 0

1745407396
0.0 0.0 0.08 211

1745407397
0.0 0.0 0.08 0

1745407398
0.0 0.0 0.08 7

1745407399
0.0 0.0 0.08 0

1745407400
0.0 0.0 0.07 0

1745407401
0.0 0.0 0.07 0

1745407402
0.0 0.0 0.07 0

1745407403
0.0 0.0 0.07 0

1745407404
0.0 0.0 0.07 0

1745407405
0.0 0.0 0.07 0

1745407406
0.0 0.0 0.07 0

1745407407
0.0 0.0 0.07 0

1745407408
0.0 0.0 0.07 0

1745407409
0.0 0.0 0.07 249

1745407410
0.0 0.0 0.07 0

1745407411
0.0 0.0 0.07 0

1745407412
0.0 0.0 0.07 0

1745407413
0.0 0.0 0.07 0

1745407414
0.0 0.0 0.07 101

1745407415
0.0 0.0 0.07 0

1745407416
0.0 0.0 0.07 0

1745407417
0.0 0.0 0.07 0

1745407418
0.0 0.0 0.07 0

1745407419
0.0 0.0 0.07 2

1745407420
0.0 0.0 0.07 0

1745407421
0.0 0.0 0.07 65

1745407422
0.0 0.0 0.06 3

1745407424
0.0 0.0 0.06 63

1745407425
0.0 0.0 0.06 1

1745407426
0.0 0.0 0.06 0

1745407427
0.0 0.0 0.06 0

1745407428
0.0 0.0 0.06 0

1745407429
0.0 0.0 0.06 64

1745407430
0.0 0.0 0.06 66

1745407431
0.0 0.0 0.06 200

1745407432
0.0 0.0 0.06 167

1745407433
0.0 0.0 0.06 240

1745407434
0.0 0.0 0.06 59

1745407435
0.0 0.0 0.06 0

1745407436
0.0 0.0 0.06 0

1745407437
0.0 0.0 0.06 0

1745407438
0.0 0.0 0.06 0

1745407439
0.0 0.0 0.06 0

1745407440
0.0 0.0 0.06 35

1745407441
0.0 0.0 0.06 50

1745407442
0.0 0.0 0.06 0

1745407443
0.0 0.0 0.06 0

1745407444
0.0 0.0 0.06 3

1745407445
0.0 0.0 0.06 0

1745407446
0.0 0.0 0.06 0

1745407447
0.0 0.0 0.06 0

1745407448
0.0 0.0 0.06 11

1745407449
0.0 0.0 0.06 0

1745407450
0.0 0.0 0.06 0

1745407451
0.0 0.0 0.06 0

1745407453
0.0 0.0 0.06 0

1745407454
0.0 0.0 0.06 0

1745407456
0.0 0.0 0.06 66

1745407457
0.0 0.0 0.06 27

1745407458
0.0 0.0 0.06 0

1745407460
0.0 0.0 0.06 18

1745407461
0.0 0.0 0.06 72

1745407462
0.0 0.0 0.06 68

1745407463
0.0 0.0 0.06 581

1745407464
0.0 0.0 0.05 1436

1745407465
0.0 0.0 0.05 141

1745407466
0.0 0.0 0.05 366

1745407467
0.0 0.0 0.05 237

1745407468
0.0 0.0 0.05 235

1745407470
0.0 0.0 0.05 496

1745407471
0.0 0.0 0.05 865

1745407472
0.0 0.0 0.05 444

1745407473
0.0 0.0 0.05 1160

1745407474
0.0 0.0 0.05 785

1745407475
0.0 0.0 0.05 306

1745407476
0.0 0.0 0.05 273

1745407477
0.0 0.0 0.05 135

1745407478
0.0 0.0 0.05 253

1745407479
0.0 0.0 0.05 381

1745407480
0.0 0.0 0.05 2088

1745407481
0.0 0.0 0.05 5877

1745407482
0.0 0.0 0.05 673

1745407484
0.0 0.0 0.05 818

1745407485
0.0 0.0 0.05 1702

1745407486
0.0 0.0 0.05 1701

1745407487
0.0 0.0 0.05 1626

1745407488
0.0 0.0 0.05 1733

1745407489
0.0 0.0 0.05 1733

1745407490
0.0 0.0 0.05 1622

1745407491
0.0 0.0 0.05 1288

1745407492
0.0 0.0 0.05 1337

1745407493
0.0 0.0 0.05 1051

1745407494
0.0 0.0 0.05 1466

1745407495
0.0 0.0 0.05 1544

1745407496
0.0 0.0 0.05 1308

1745407497
0.0 0.0 0.05 833

1745407498
0.0 0.0 0.05 207

1745407499
0.0 0.0 0.05 235

1745407500
0.0 0.0 0.05 76

1745407501
0.0 0.0 0.05 81

1745407502
0.0 0.0 0.05 162

1745407503
0.0 0.0 0.05 92

1745407505
0.0 0.0 0.04 371

1745407506
0.0 0.0 0.04 283

1745407508
0.0 0.0 0.04 428

1745407509
0.0 0.0 0.04 201

1745407510
0.0 0.0 0.04 869

1745407511
0.0 0.0 0.04 1705

1745407513
0.0 0.0 0.04 1436

1745407514
0.0 0.0 0.04 422

1745407515
0.0 0.0 0.04 274

1745407516
0.0 0.0 0.04 200

1745407518
0.0 0.0 0.04 171

1745407519
0.0 0.0 0.04 217

1745407520
0.0 0.0 0.04 0

1745407521
0.0 0.0 0.04 81

1745407522
0.0 0.0 0.04 0

1745407523
0.0 0.0 0.04 5

1745407524
0.0 0.0 0.04 66

1745407525
0.0 0.0 0.04 132

1745407526
0.0 0.0 0.04 132

1745407527
0.0 0.0 0.04 197

1745407528
0.0 0.0 0.04 89

1745407529
0.0 0.0 0.04 185

1745407531
0.0 0.0 0.04 952

1745407532
0.0 0.0 0.04 251

1745407533
0.0 0.0 0.04 294

1745407534
0.0 0.0 0.04 159

1745407535
0.0 0.0 0.04 244

1745407537
0.0 0.0 0.04 2271

1745407538
0.0 0.0 0.04 215

1745407539
0.0 0.0 0.04 1710

1745407540
0.0 0.0 0.04 1477

1745407541
0.0 0.0 0.04 1199

1745407542
0.0 0.0 0.04 1516

1745407543
0.0 0.0 0.04 1386

1745407544
0.0 0.0 0.04 1189

1745407545
0.0 0.0 0.04 1347

1745407546
0.0 0.0 0.03 1186

1745407547
0.0 0.0 0.03 1171

1745407548
0.0 0.0 0.03 936

1745407549
0.0 0.0 0.03 1180

1745407550
0.0 0.0 0.03 797

1745407551
0.0 0.0 0.03 403

1745407552
0.0 0.0 0.03 176

1745407553
0.0 0.0 0.03 370

1745407555
0.0 0.0 0.03 446

1745407556
0.0 0.0 0.03 98

1745407557
0.0 0.0 0.03 152

1745407558
0.0 0.0 0.03 153

1745407559
0.0 0.0 0.03 243

1745407560
0.0 0.0 0.03 215

1745407561
0.0 0.0 0.03 68

1745407562
0.0 0.0 0.03 202

1745407563
0.0 0.0 0.03 143

1745407564
0.0 0.0 0.03 67

1745407565
0.0 0.0 0.03 275

1745407566
0.0 0.0 0.03 238

1745407568
0.0 0.0 0.03 319

1745407569
0.0 0.0 0.03 231

1745407571
0.0 0.0 0.03 345

1745407572
0.0 0.0 0.03 154

1745407573
0.0 0.0 0.03 132

1745407574
0.0 0.0 0.03 176

1745407575
0.0 0.0 0.03 218

1745407576
0.0 0.0 0.03 145

1745407577
0.0 0.0 0.03 203

1745407578
0.0 0.0 0.03 179

1745407579
0.0 0.0 0.03 117

1745407580
0.0 0.0 0.03 279

1745407581
0.0 0.0 0.03 177

1745407582
0.0 0.0 0.03 160

1745407583
0.0 0.0 0.03 281

1745407584
0.0 0.0 0.03 172

1745407585
0.0 0.0 0.03 515

1745407586
0.0 0.0 0.02 269

1745407587
0.0 0.0 0.02 237

1745407588
0.0 0.0 0.02 176

1745407589
0.0 0.0 0.02 207

1745407590
0.0 0.0 0.02 72

1745407592
0.0 0.0 0.02 53

1745407593
0.0 0.0 0.02 144

1745407594
0.0 0.0 0.02 184

1745407595
0.0 0.0 0.02 88

1745407597
0.0 0.0 0.02 98

1745407598
0.0 0.0 0.02 102

1745407599
0.0 0.0 0.02 152

1745407600
0.0 0.0 0.02 187

1745407602
0.0 0.0 0.02 341

1745407603
0.0 0.0 0.02 555

1745407604
0.0 0.0 0.02 91

1745407605
0.0 0.0 0.02 71

1745407606
0.0 0.0 0.02 149

1745407607
0.0 0.0 0.02 336

1745407608
0.0 0.0 0.02 2806

1745407609
0.0 0.0 0.02 2203

1745407610
0.0 0.0 0.02 1538

1745407611
0.0 0.0 0.02 423

1745407612
0.0 0.0 0.02 311

1745407614
0.0 0.0 0.02 390

1745407615
0.0 0.0 0.02 143

1745407616
0.0 0.0 0.02 152

1745407617
0.0 0.0 0.02 282

1745407618
0.0 0.0 0.02 164

1745407619
0.0 0.0 0.02 282

1745407620
0.0 0.0 0.02 82

1745407621
0.0 0.0 0.02 326

1745407623
0.0 0.0 0.02 1302

1745407624
0.0 0.0 0.02 193

1745407625
0.0 0.0 0.02 216

1745407626
0.0 0.0 0.02 275

1745407627
0.0 0.0 0.02 280

1745407628
0.0 0.0 0.01 106

1745407629
0.0 0.0 0.01 253

1745407630
0.0 0.0 0.01 222

1745407631
0.0 0.0 0.01 153

1745407632
0.0 0.0 0.01 216

1745407633
0.0 0.0 0.01 379

1745407634
0.0 0.0 0.01 211

1745407635
0.0 0.0 0.01 155

1745407636
0.0 0.0 0.01 210

1745407637
0.0 0.0 0.01 211

1745407638
0.0 0.0 0.01 294

1745407639
0.0 0.0 0.01 212

1745407641
0.0 0.0 0.01 522

1745407642
0.0 0.0 0.01 87

1745407643
0.0 0.0 0.01 171

1745407644
0.0 0.0 0.01 165

1745407645
0.0 0.0 0.01 337

1745407646
0.0 0.0 0.01 101

1745407647
0.0 0.0 0.01 39

1745407648
0.0 0.0 0.01 1406

1745407649
0.0 0.0 0.01 210

1745407650
0.0 0.0 0.01 216

1745407651
0.0 0.0 0.01 118

1745407652
0.0 0.0 0.01 19

1745407653
0.0 0.0 0.01 16

1745407654
0.0 0.0 0.01 31

1745407655
0.0 0.0 0.01 23

1745407656
0.0 0.0 0.01 299

1745407657
0.0 0.0 0.01 51

1745407658
0.0 0.0 0.01 28

1745407659
0.0 0.0 0.01 27

1745407660
0.0 0.0 0.01 16

1745407661
0.0 0.0 0.01 31

1745407663
0.0 0.0 0.01 199

1745407664
0.0 0.0 0.01 11

1745407665
0.0 0.0 0.01 2

1745407667
0.0 0.0 0.01 248

1745407668
0.0 0.0 0.0 25

1745407669
0.0 0.0 0.0 24

1745407670
0.0 0.0 0.0 28

1745407671
0.0 0.0 0.0 52

1745407672
0.0 0.0 0.0 36

1745407673
0.0 0.0 0.0 141

1745407674
0.0 0.0 0.0 943

1745407675
0.0 0.0 0.0 161

1745407676
0.0 0.0 0.0 200

1745407677
0.0 0.0 0.0 148

1745407678
0.0 0.0 0.0 179

1745407679
0.0 0.0 0.0 37

1745407680
0.0 0.0 0.0 32

1745407681
0.0 0.0 0.0 34

1745407682
0.0 0.0 0.0 30

1745407683
0.0 0.0 0.0 79

1745407684
0.0 0.0 0.0 711

1745407685
0.0 0.0 0.0 76

1745407686
0.0 0.0 0.0 153

1745407687
0.0 0.0 0.0 243

1745407688
0.0 0.0 0.0 130

1745407689
0.0 0.0 0.0 131

1745407690
0.0 0.0 0.0 138

1745407691
0.0 0.0 0.0 242

1745407692
0.0 0.0 0.0 73

1745407694
0.0 0.0 0.0 410

1745407695
0.0 0.0 0.0 72

1745407696
0.0 0.0 0.0 271

1745407697
0.0 0.0 0.0 142

1745407698
0.0 0.0 0.0 273

1745407699
0.0 0.0 0.0 203

1745407700
0.0 0.0 0.0 263

1745407701
0.0 0.0 0.0 134

1745407702
0.0 0.0 0.0 218

1745407703
0.0 0.0 0.0 297

1745407704
0.0 0.0 0.0 101

1745407705
0.0 0.0 0.0 234

1745407706
0.0 0.0 0.0 128

1745407708
0.0 0.0 0.0 629

1745407709
0.0 0.0 0.0 192

1745407710
0.0 0.0 0.0 68

1745407711
0.0 0.0 0.0 179

1745407712
0.0 0.0 0.0 153

1745407713
0.0 0.0 0.0 294

1745407714
0.0 0.0 0.0 97

1745407715
0.0 0.0 0.0 225

1745407716
0.0 0.0 0.0 363

1745407717
0.0 0.0 0.0 275

1745407718
0.0 0.0 0.0 207

1745407719
0.0 0.0 0.0 145

1745407720
0.0 0.0 0.0 67

1745407721
0.0 0.0 0.0 138

1745407722
0.0 0.0 0.0 137

1745407723
0.0 0.0 0.0 305

1745407724
0.0 0.0 0.0 224

1745407725
0.0 0.0 0.0 154

1745407726
0.0 0.0 0.0 153

1745407727
0.0 0.0 0.0 70

1745407728
0.0 0.0 0.0 212

1745407729
0.0 0.0 0.0 323

1745407731
0.0 0.0 0.0 366

1745407732
0.0 0.0 0.0 139

1745407733
0.0 0.0 0.0 199

1745407734
0.0 0.0 0.0 335

1745407735
0.0 0.0 0.0 224

1745407736
0.0 0.0 0.0 352

1745407737
0.0 0.0 0.0 291

1745407738
0.0 0.0 0.0 128

1745407739
0.0 0.0 0.0 285

1745407740
0.0 0.0 0.0 195

1745407741
0.0 0.0 0.0 231

1745407742
0.0 0.0 0.0 347

1745407743
0.0 0.0 0.0 93

1745407744
0.0 0.0 0.0 138

1745407745
0.0 0.0 0.0 275

1745407746
0.0 0.0 0.0 355

1745407747
0.0 0.0 0.0 294

1745407749
0.0 0.0 0.0 534

1745407750
0.0 0.0 0.0 419

1745407751
0.0 0.0 0.0 201

1745407752
0.0 0.0 0.0 199

1745407753
0.0 0.0 0.0 275

1745407754
0.0 0.0 0.0 256

1745407755
0.0 0.0 0.0 202

1745407756
0.0 0.0 0.0 200

1745407757
0.0 0.0 0.0 282

1745407758
0.0 0.0 0.0 300

1745407759
0.0 0.0 0.0 363

1745407760
0.0 0.0 0.0 229

1745407761
0.0 0.0 0.0 230

1745407762
0.0 0.0 0.0 253

1745407763
0.0 0.0 0.0 245

1745407764
0.0 0.0 0.0 187

1745407766
0.0 0.0 0.0 364

1745407767
0.0 0.0 0.0 106

1745407768
0.0 0.0 0.0 259

1745407769
0.0 0.0 0.0 230

1745407770
0.0 0.0 0.0 1053

1745407771
0.0 0.0 0.0 1641

1745407772
0.0 0.0 0.0 1796

1745407773
0.0 0.0 0.0 1672

1745407774
0.0 0.0 0.0 1807

1745407775
0.0 0.0 0.0 1516

1745407776
0.0 0.0 0.0 1187

1745407777
0.0 0.0 0.0 1391

1745407778
0.0 0.0 0.0 1524

1745407779
0.0 0.0 0.0 1397

1745407780
0.0 0.0 0.0 1531

1745407781
0.0 0.0 0.0 1893

1745407782
0.0 0.0 0.0 2149

1745407783
0.0 0.0 0.0 2569

1745407784
0.0 0.0 0.0 735

1745407785
0.0 0.0 0.0 287

1745407787
0.0 0.0 0.0 396

1745407788
0.0 0.0 0.0 264

1745407789
0.0 0.0 0.0 230

1745407790
0.0 0.0 0.0 152

1745407791
0.0 0.0 0.0 265

1745407792
0.0 0.0 0.0 156

1745407793
0.0 0.0 0.0 273

1745407794
0.0 0.0 0.0 335

1745407795
0.0 0.0 0.0 172

1745407796
0.0 0.0 0.0 167

1745407797
0.0 0.0 0.0 142

1745407798
0.0 0.0 0.0 186

1745407799
0.0 0.0 0.0 281

1745407800
0.0 0.0 0.0 276

1745407801
0.0 0.0 0.0 107

1745407802
0.0 0.0 0.0 253

1745407803
0.0 0.0 0.0 233

1745407804
0.0 0.0 0.0 301

1745407805
0.0 0.0 0.0 230

1745407806
0.0 0.0 0.0 254

1745407807
0.0 0.0 0.0 506

1745407808
0.0 0.0 0.0 238

1745407809
0.0 0.0 0.0 145

1745407810
0.0 0.0 0.0 144

1745407811
0.0 0.0 0.0 140

1745407812
0.0 0.0 0.0 294

1745407813
0.0 0.0 0.0 67

1745407814
0.0 0.0 0.0 66

1745407815
0.0 0.0 0.0 0

1745407816
0.0 0.0 0.0 137

1745407817
0.0 0.0 0.0 130

1745407818
0.0 0.0 0.0 64

1745407820
0.0 0.0 0.0 145

1745407821
0.0 0.0 0.0 138

1745407822
0.0 0.0 0.0 64

1745407824
0.0 0.0 0.0 266

1745407825
0.0 0.0 0.0 105

1745407826
0.0 0.0 0.0 65

1745407827
0.0 0.0 0.0 66

1745407828
0.0 0.0 0.0 206

1745407829
0.0 0.0 0.0 235

1745407830
0.0 0.0 0.0 149

1745407831
0.0 0.0 0.0 138

1745407833
0.0 0.0 0.0 385

1745407834
0.0 0.0 0.0 70

1745407835
0.0 0.0 0.0 289

1745407836
0.0 0.0 0.0 207

1745407837
0.0 0.0 0.0 218

1745407838
0.0 0.0 0.0 199

1745407839
0.0 0.0 0.0 203

1745407840
0.0 0.0 0.0 188

1745407841
0.0 0.0 0.0 227

1745407842
0.0 0.0 0.0 276

1745407844
0.0 0.0 0.0 377

1745407845
0.0 0.0 0.0 261

1745407846
0.0 0.0 0.0 258

1745407847
0.0 0.0 0.0 1054

1745407848
0.0 0.0 0.0 872

1745407849
0.0 0.0 0.0 1351

1745407850
0.0 0.0 0.0 1145

1745407851
0.0 0.0 0.0 64

1745407852
0.0 0.0 0.0 64

1745407854
0.0 0.0 0.0 333

1745407855
0.0 0.0 0.0 0

1745407856
0.0 0.0 0.0 54

1745407857
0.0 0.0 0.0 0

1745407858
0.0 0.0 0.0 115

1745407859
0.0 0.0 0.0 42

1745407860
0.0 0.0 0.0 80

1745407861
0.0 0.0 0.0 41

1745407862
0.0 0.0 0.0 7

1745407863
0.0 0.0 0.0 62

1745407864
0.0 0.0 0.0 1

1745407865
0.0 0.0 0.0 6

1745407866
0.0 0.0 0.0 43

1745407867
0.0 0.0 0.0 0

1745407868
0.0 0.0 0.0 0

1745407869
0.0 0.0 0.0 0

1745407870
0.0 0.0 0.0 39

1745407871
0.0 0.0 0.0 547

1745407872
0.0 0.0 0.0 518

1745407873
0.0 0.0 0.0 366

1745407874
0.0 0.0 0.0 1602

1745407875
0.0 0.0 0.0 1396

1745407876
0.0 0.0 0.0 1449

1745407877
0.0 0.0 0.0 2065

1745407878
0.0 0.0 0.0 1781

1745407879
0.0 0.0 0.0 5136

1745407880
0.0 0.0 0.0 5282

1745407881
0.0 0.0 0.0 5407

1745407882
0.0 0.0 0.0 6350

1745407883
0.0 0.0 0.0 5993

1745407884
0.0 0.0 0.0 4388

1745407885
0.0 0.0 0.0 5748

1745407886
0.0 0.0 0.0 5222

1745407888
0.0 0.0 0.0 10160

1745407889
0.0 0.0 0.0 1596

1745407890
0.0 0.0 0.0 301

1745407892
0.0 0.0 0.0 274

1745407893
0.0 0.0 0.0 0

1745407894
0.0 0.0 0.0 0

1745407896
0.0 0.0 0.0 2758

1745407897
0.0 0.0 0.0 679

1745407898
0.0 0.0 0.0 131

1745407899
0.0 0.0 0.0 264

1745407900
0.0 0.0 0.0 329

1745407901
0.0 0.0 0.0 237

1745407902
0.0 0.0 0.0 187

1745407903
0.0 0.0 0.0 210

1745407904
0.0 0.0 0.0 167

1745407905
0.0 0.0 0.0 264

1745407906
0.0 0.0 0.0 268

1745407907
0.0 0.0 0.0 346

1745407908
0.0 0.0 0.0 222

1745407909
0.0 0.0 0.0 130

1745407911
0.0 0.0 0.0 226

1745407912
0.0 0.0 0.0 139

1745407913
0.0 0.0 0.0 129

1745407914
0.0 0.0 0.0 261

1745407915
0.0 0.0 0.0 132

1745407916
0.0 0.0 0.0 193

1745407917
0.0 0.0 0.0 131

1745407918
0.0 0.0 0.0 256

1745407919
0.0 0.0 0.0 194

1745407920
0.0 0.0 0.0 136

1745407921
0.0 0.0 0.0 129

1745407922
0.0 0.0 0.0 326

1745407923
0.0 0.0 0.0 221

1745407924
0.0 0.0 0.0 290

1745407925
0.0 0.0 0.0 208

1745407926
0.0 0.0 0.0 163

1745407927
0.0 0.0 0.0 248

1745407928
0.0 0.0 0.0 56

1745407929
0.0 0.0 0.0 73

1745407930
0.0 0.0 0.0 57

1745407931
0.0 0.0 0.0 64

1745407932
0.0 0.0 0.0 75

1745407934
0.0 0.0 0.0 208

1745407935
0.0 0.0 0.0 93

1745407936
0.0 0.0 0.0 122

1745407937
0.0 0.0 0.0 35

1745407938
0.0 0.0 0.0 56

1745407939
0.0 0.0 0.0 34

1745407940
0.0 0.0 0.0 167

1745407941
0.0 0.0 0.0 301

1745407942
0.0 0.0 0.0 144

1745407943
0.0 0.0 0.0 293

1745407944
0.0 0.0 0.0 359

1745407945
0.0 0.0 0.0 349

1745407946
0.0 0.0 0.0 349

1745407947
0.0 0.0 0.0 279

1745407948
0.0 0.0 0.0 204

1745407949
0.0 0.0 0.0 377

1745407950
0.0 0.0 0.0 140

1745407951
0.0 0.0 0.0 247

1745407952
0.0 0.0 0.0 212

1745407953
0.0 0.0 0.0 105

1745407954
0.0 0.0 0.0 145

1745407955
0.0 0.0 0.0 323

1745407956
0.0 0.0 0.0 282

1745407957
0.0 0.0 0.0 262

1745407958
0.0 0.0 0.0 258

1745407959
0.0 0.0 0.0 263

1745407960
0.0 0.0 0.0 141

1745407961
0.0 0.0 0.0 282

1745407962
0.0 0.0 0.0 130

1745407963
0.0 0.0 0.0 128

1745407964
0.0 0.0 0.0 259

1745407965
0.0 0.0 0.0 261

1745407966
0.0 0.0 0.0 260

1745407967
0.0 0.0 0.0 193

1745407968
0.0 0.0 0.0 264

1745407969
0.0 0.0 0.0 264

1745407970
0.0 0.0 0.0 133

1745407971
0.0 0.0 0.0 220

1745407972
0.0 0.0 0.0 264

1745407973
0.0 0.0 0.0 186

1745407974
0.0 0.0 0.0 151

1745407975
0.0 0.0 0.0 215

1745407976
0.0 0.0 0.0 270

1745407977
0.0 0.0 0.0 265

1745407978
0.0 0.0 0.0 200

1745407979
0.0 0.0 0.0 294

1745407980
0.0 0.0 0.0 145

1745407981
0.0 0.0 0.0 251

1745407982
0.0 0.0 0.0 193

1745407983
0.0 0.0 0.0 346

1745407984
0.0 0.0 0.0 300

1745407985
0.0 0.0 0.0 243

1745407986
0.0 0.0 0.0 204

1745407987
0.0 0.0 0.0 353

1745407988
0.0 0.0 0.0 294

1745407989
0.0 0.0 0.0 281

1745407990
0.0 0.0 0.0 348

1745407991
0.0 0.0 0.0 146

1745407992
0.0 0.0 0.0 357

1745407993
0.0 0.0 0.0 219

1745407994
0.0 0.0 0.0 184

1745407995
0.0 0.0 0.0 242

1745407996
0.0 0.0 0.0 243

1745407997
0.0 0.0 0.0 171

1745407998
0.0 0.0 0.0 256

1745407999
0.0 0.0 0.0 207

1745408000
0.0 0.0 0.0 226

1745408001
0.0 0.0 0.0 260

1745408002
0.0 0.0 0.0 308

1745408003
0.0 0.0 0.0 312

1745408004
0.0 0.0 0.0 273

1745408005
0.0 0.0 0.0 235

1745408006
0.0 0.0 0.0 303

1745408007
0.0 0.0 0.0 64

1745408008
0.0 0.0 0.0 80

1745408009
0.0 0.0 0.0 68

1745408010
0.0 0.0 0.0 68

1745408011
0.0 0.0 0.0 70

1745408012
0.0 0.0 0.0 0

1745408013
0.0 0.0 0.0 0

1745408014
0.0 0.0 0.0 0

1745408015
0.0 0.0 0.0 0

1745408016
0.0 0.0 0.0 0

1745408017
0.0 0.0 0.0 0

1745408018
0.0 0.0 0.0 0

1745408019
0.0 0.0 0.0 0

1745408020
0.0 0.0 0.0 0

1745408021
0.0 0.0 0.0 0

1745408022
0.0 0.0 0.0 0

1745408023
0.0 0.0 0.0 0

1745408024
0.0 0.0 0.0 0

1745408025
0.0 0.0 0.0 0

1745408026
0.0 0.0 0.0 0

1745408027
0.0 0.0 0.0 0

1745408028
0.0 0.0 0.0 33

1745408030
0.0 0.0 0.0 204

1745408031
0.0 0.0 0.0 77

1745408032
0.0 0.0 0.0 0

1745408033
0.0 0.0 0.0 0

1745408034
0.0 0.0 0.0 0

1745408035
0.0 0.0 0.0 0

1745408036
0.0 0.0 0.0 8560

1745408037
0.0 0.0 0.0 0

1745408038
0.0 0.0 0.0 0

1745408039
0.0 0.0 0.0 0

1745408040
0.0 0.0 0.0 559

1745408041
0.0 0.0 0.0 321

1745408042
0.0 0.0 0.0 93

1745408043
0.0 0.0 0.0 0

1745408044
0.0 0.0 0.0 0

1745408045
0.0 0.0 0.0 27

1745408046
0.0 0.0 0.0 0

1745408047
0.0 0.0 0.0 0

1745408048
0.0 0.0 0.0 160

1745408049
0.0 0.0 0.0 2686

1745408050
0.0 0.0 0.0 4463

1745408051
0.0 0.0 0.0 181

1745408052
0.0 0.0 0.0 241

1745408053
0.0 0.0 0.0 265

1745408054
0.0 0.0 0.0 17

1745408055
0.0 0.0 0.0 1

1745408056
0.0 0.0 0.0 51

1745408058
0.0 0.0 0.0 1197

1745408059
0.0 0.0 0.0 297

1745408060
0.0 0.0 0.0 669

1745408061
0.0 0.0 0.0 326

1745408062
0.0 0.0 0.0 155

1745408064
0.0 0.0 0.0 450

1745408065
0.0 0.0 0.0 352

1745408067
0.0 0.0 0.0 129

1745408068
0.0 0.0 0.0 0

1745408069
0.0 0.0 0.0 0

1745408070
0.0 0.0 0.0 0

1745408071
0.0 0.0 0.0 87

1745408072
0.0 0.0 0.0 0

1745408073
0.0 0.0 0.0 1

1745408074
0.0 0.0 0.0 386

1745408075
0.0 0.0 0.0 0

1745408076
0.0 0.0 0.0 0

1745408077
0.0 0.0 0.0 1

1745408078
0.0 0.0 0.0 1

1745408079
0.0 0.0 0.0 1

1745408080
0.0 0.0 0.0 158

1745408081
0.0 0.0 0.0 151

1745408082
0.0 0.0 0.0 228

1745408083
0.0 0.0 0.0 127

1745408084
0.0 0.0 0.0 108

1745408085
0.0 0.0 0.0 162

1745408087
0.0 0.0 0.0 302

1745408088
0.0 0.0 0.0 193

1745408089
0.0 0.0 0.0 225

1745408090
0.0 0.0 0.0 175

1745408091
0.0 0.0 0.0 125

1745408092
0.0 0.0 0.0 195

1745408094
0.0 0.0 0.0 1625

1745408095
0.0 0.0 0.0 2451

1745408096
0.0 0.0 0.0 213

1745408097
0.0 0.0 0.0 1490

1745408098
0.0 0.0 0.0 270

1745408099
0.0 0.0 0.0 174

1745408100
0.0 0.0 0.0 225

1745408101
0.0 0.0 0.0 342

1745408102
0.0 0.0 0.0 331

1745408103
0.0 0.0 0.0 1676

1745408104
0.0 0.0 0.0 383

1745408105
0.0 0.0 0.0 228

1745408106
0.0 0.0 0.0 187

1745408107
0.0 0.0 0.0 182

1745408108
0.0 0.0 0.0 247

1745408109
0.0 0.0 0.0 351

1745408110
0.0 0.0 0.0 82

1745408111
0.0 0.0 0.0 351

1745408112
0.0 0.0 0.0 199

1745408113
0.0 0.0 0.0 175

1745408114
0.0 0.0 0.0 301

1745408115
0.0 0.0 0.0 342

1745408116
0.0 0.0 0.0 106

1745408117
0.0 0.0 0.0 215

1745408118
0.0 0.0 0.0 144

1745408119
0.0 0.0 0.0 194

1745408120
0.0 0.0 0.0 63

1745408121
0.0 0.0 0.0 132

1745408122
0.0 0.0 0.0 133

1745408123
0.0 0.0 0.0 111

1745408125
0.0 0.0 0.0 444

1745408126
0.0 0.0 0.0 92

1745408127
0.0 0.0 0.0 116

1745408128
0.0 0.0 0.0 1788

1745408129
0.0 0.0 0.0 0

1745408130
0.0 0.0 0.0 0

1745408131
0.0 0.0 0.0 0

1745408132
0.0 0.0 0.0 0

1745408133
0.0 0.0 0.0 1629

1745408134
0.0 0.0 0.0 2285

1745408135
0.0 0.0 0.0 2903

1745408136
0.0 0.0 0.0 678

1745408137
0.0 0.0 0.0 5

1745408138
0.0 0.0 0.0 8

1745408139
0.0 0.0 0.0 0

1745408140
0.0 0.0 0.0 0

1745408141
0.0 0.0 0.0 0

1745408142
0.0 0.0 0.0 112

1745408143
0.0 0.0 0.0 205

1745408144
0.0 0.0 0.0 344

1745408145
0.0 0.0 0.0 0

1745408146
0.0 0.0 0.0 0

1745408147
0.0 0.0 0.0 0

1745408148
0.0 0.0 0.0 366

1745408149
0.0 0.0 0.0 1463

1745408150
0.0 0.0 0.0 99

1745408151
0.0 0.0 0.0 69

1745408152
0.0 0.0 0.0 64

1745408153
0.0 0.0 0.0 14

1745408154
0.0 0.0 0.0 0

1745408155
0.0 0.0 0.0 0

1745408156
0.0 0.0 0.0 0

1745408157
0.0 0.0 0.0 0

1745408158
0.0 0.0 0.0 0

1745408159
0.0 0.0 0.0 18

1745408160
0.0 0.0 0.0 31

1745408161
0.0 0.0 0.0 0

1745408162
0.0 0.0 0.0 0

1745408163
0.0 0.0 0.0 0

1745408164
0.0 0.0 0.0 0

1745408165
0.0 0.0 0.0 0

1745408166
0.0 0.0 0.0 9

1745408167
0.0 0.0 0.0 0

1745408168
0.0 0.0 0.0 230

1745408169
0.0 0.0 0.0 109

1745408170
0.0 0.0 0.0 288

1745408171
0.0 0.0 0.0 238

1745408172
0.0 0.0 0.0 227

1745408173
0.0 0.0 0.0 137

1745408174
0.0 0.0 0.0 123

1745408175
0.0 0.0 0.0 163

1745408177
0.0 0.0 0.0 394

1745408178
0.0 0.0 0.0 126

1745408179
0.0 0.0 0.0 119

1745408180
0.0 0.0 0.0 225

1745408181
0.0 0.0 0.0 225

1745408182
0.0 0.0 0.0 125

1745408183
0.0 0.0 0.0 52

1745408184
0.0 0.0 0.0 58

1745408185
0.0 0.0 0.0 75

1745408186
0.0 0.0 0.0 57

1745408187
0.0 0.0 0.0 55

1745408188
0.0 0.0 0.0 29

1745408189
0.0 0.0 0.0 72

1745408190
0.0 0.0 0.0 24

1745408191
0.0 0.0 0.0 39

1745408192
0.0 0.0 0.0 91

1745408193
0.0 0.0 0.0 36

1745408194
0.0 0.0 0.0 54

1745408195
0.0 0.0 0.0 25

1745408196
0.0 0.0 0.0 25

1745408197
0.0 0.0 0.0 33

1745408198
0.0 0.0 0.0 47

1745408199
0.0 0.0 0.0 212

1745408200
0.0 0.0 0.0 254

1745408202
0.0 0.0 0.0 271

1745408203
0.0 0.0 0.0 0

1745408204
0.0 0.0 0.0 14

1745408205
0.0 0.0 0.0 199

1745408206
0.0 0.0 0.0 3297

1745408207
0.0 0.0 0.0 673

1745408208
0.0 0.0 0.0 22

1745408209
0.0 0.0 0.0 2408

1745408210
0.0 0.0 0.0 1521

1745408211
0.0 0.0 0.0 166

1745408212
0.0 0.0 0.0 60

1745408213
0.0 0.0 0.0 40

1745408214
0.0 0.0 0.0 99

1745408215
0.0 0.0 0.0 106

1745408216
0.0 0.0 0.0 46

1745408217
0.0 0.0 0.0 34

1745408218
0.0 0.0 0.0 57

1745408219
0.0 0.0 0.0 49

1745408220
0.0 0.0 0.0 55

1745408221
0.0 0.0 0.0 69

1745408222
0.0 0.0 0.0 27

1745408223
0.0 0.0 0.0 26

1745408224
0.0 0.0 0.0 47

1745408225
0.0 0.0 0.0 45

1745408226
0.0 0.0 0.0 18

1745408227
0.0 0.0 0.0 29

1745408228
0.0 0.0 0.0 75

1745408229
0.0 0.0 0.0 29

1745408230
0.0 0.0 0.0 26

1745408231
0.0 0.0 0.0 48

1745408232
0.0 0.0 0.0 16

1745408233
0.0 0.0 0.0 18

1745408234
0.0 0.0 0.0 40

1745408235
0.0 0.0 0.0 29

1745408236
0.0 0.0 0.0 11

1745408237
0.0 0.0 0.0 543

1745408238
0.0 0.0 0.0 213

1745408239
0.0 0.0 0.0 9

1745408240
0.0 0.0 0.0 8

1745408241
0.0 0.0 0.0 18

1745408242
0.0 0.0 0.0 38

1745408243
0.0 0.0 0.0 29

1745408244
0.0 0.0 0.0 29

1745408245
0.0 0.0 0.0 29

1745408246
0.0 0.0 0.0 22

1745408247
0.0 0.0 0.0 22

1745408248
0.0 0.0 0.0 41

1745408249
0.0 0.0 0.0 47

1745408250
0.0 0.0 0.0 42

1745408251
0.0 0.0 0.0 32

1745408252
0.0 0.0 0.0 53

1745408253
0.0 0.0 0.0 47

1745408254
0.0 0.0 0.0 40

1745408255
0.0 0.0 0.0 19

1745408256
0.0 0.0 0.0 17

1745408257
0.0 0.0 0.0 221

1745408258
0.0 0.0 0.0 155

1745408259
0.0 0.0 0.0 223

1745408260
0.0 0.0 0.0 30

1745408261
0.0 0.0 0.0 20

1745408263
0.0 0.0 0.0 23

1745408264
0.0 0.0 0.0 0

1745408265
0.0 0.0 0.0 0

1745408266
0.0 0.0 0.0 1683

1745408267
0.0 0.0 0.0 1643

1745408269
0.0 0.0 0.0 2375

1745408270
0.0 0.0 0.0 1700

1745408271
0.0 0.0 0.0 1460

1745408272
0.0 0.0 0.0 1435

1745408273
0.0 0.0 0.0 1181

1745408274
0.0 0.0 0.0 406

1745408275
0.0 0.0 0.0 82

1745408276
0.0 0.0 0.0 252

1745408277
0.0 0.0 0.0 436

1745408278
0.0 0.0 0.0 499

1745408279
0.0 0.0 0.0 93

1745408280
0.0 0.0 0.0 51

1745408281
0.0 0.0 0.0 83

1745408282
0.0 0.0 0.0 145

1745408283
0.0 0.0 0.0 176

1745408284
0.0 0.0 0.0 156

1745408285
0.0 0.0 0.0 98

1745408286
0.0 0.0 0.0 184

1745408287
0.0 0.0 0.0 61

1745408288
0.0 0.0 0.0 82

1745408289
0.0 0.0 0.0 50

1745408290
0.0 0.0 0.0 60

1745408291
0.0 0.0 0.0 105

1745408292
0.0 0.0 0.0 30

1745408293
0.0 0.0 0.0 68

1745408294
0.0 0.0 0.0 50

1745408295
0.0 0.0 0.0 110

1745408296
0.0 0.0 0.0 166

1745408297
0.0 0.0 0.0 271

1745408298
0.0 0.0 0.0 233

1745408300
0.0 0.0 0.0 0

1745408301
0.0 0.0 0.0 48

1745408302
0.0 0.0 0.0 451

1745408303
0.0 0.0 0.0 658

1745408304
0.0 0.0 0.0 9696

1745408305
0.0 0.0 0.0 0

1745408306
0.0 0.0 0.0 1259

1745408307
0.0 0.0 0.0 191

1745408308
0.0 0.0 0.0 182

1745408309
0.0 0.0 0.0 31

1745408310
0.0 0.0 0.0 76

1745408311
0.0 0.0 0.0 48

1745408312
0.0 0.0 0.0 39

1745408313
0.0 0.0 0.0 59

1745408314
0.0 0.0 0.0 102

1745408315
0.0 0.0 0.0 98

1745408316
0.0 0.0 0.0 93

1745408317
0.0 0.0 0.0 84

1745408318
0.0 0.0 0.0 50

1745408319
0.0 0.0 0.0 98

1745408320
0.0 0.0 0.0 87

1745408322
0.0 0.0 0.0 220

1745408323
0.0 0.0 0.0 71

1745408324
0.0 0.0 0.0 60

1745408325
0.0 0.0 0.0 73

1745408326
0.0 0.0 0.0 108

1745408327
0.0 0.0 0.0 160

1745408328
0.0 0.0 0.0 67

1745408330
0.0 0.0 0.0 219

1745408331
0.0 0.0 0.0 50

1745408332
0.0 0.0 0.0 397

1745408333
0.0 0.0 0.0 123

1745408334
0.0 0.0 0.0 94

1745408335
0.0 0.0 0.0 218

1745408336
0.0 0.0 0.0 89

1745408337
0.0 0.0 0.0 68

1745408338
0.0 0.0 0.0 83

1745408339
0.0 0.0 0.0 87

1745408340
0.0 0.0 0.0 49

1745408341
0.0 0.0 0.0 48

1745408342
0.0 0.0 0.0 19

1745408343
0.0 0.0 0.0 22

1745408344
0.0 0.0 0.0 1169

1745408345
0.0 0.0 0.0 1445

1745408346
0.0 0.0 0.0 523

1745408347
0.0 0.0 0.0 155

1745408348
0.0 0.0 0.0 144

1745408349
0.0 0.0 0.0 53

1745408350
0.0 0.0 0.0 123

1745408351
0.0 0.0 0.0 25

1745408352
0.0 0.0 0.0 174

1745408353
0.0 0.0 0.0 236

1745408354
0.0 0.0 0.0 0

1745408355
0.0 0.0 0.0 13919

1745408356
0.18 0.03 0.0 12915

1745408357
0.18 0.03 0.0 71

1745408358
0.14 0.03 0.0 101

1745408360
0.12 0.02 0.0 73

1745408361
0.12 0.02 0.0 651

1745408362
0.09 0.02 0.0 1937

1745408363
0.09 0.02 0.0 313

1745408364
0.08 0.02 0.0 82

1745408365
0.08 0.02 0.0 451

1745408366
0.06 0.02 0.0 261

1745408367
0.06 0.02 0.0 261

1745408368
0.05 0.02 0.0 226

1745408369
0.05 0.02 0.0 133

1745408370
0.04 0.02 0.0 223

1745408371
0.04 0.02 0.0 216

1745408372
0.03 0.02 0.0 271

1745408373
0.03 0.02 0.0 137

1745408374
0.02 0.02 0.0 270

1745408375
0.02 0.02 0.0 112

1745408376
0.02 0.02 0.0 271

1745408377
0.02 0.02 0.0 193

1745408378
0.01 0.02 0.0 266

1745408379
0.01 0.02 0.0 322

1745408380
0.01 0.02 0.0 211

1745408382
0.01 0.01 0.0 426

1745408383
0.01 0.01 0.0 184

1745408384
0.0 0.01 0.0 310

1745408385
0.0 0.01 0.0 152

1745408386
0.0 0.01 0.0 106

1745408387
0.0 0.01 0.0 182

1745408388
0.0 0.01 0.0 526

1745408389
0.0 0.01 0.0 173

1745408390
0.0 0.01 0.0 147

1745408391
0.0 0.01 0.0 1092

1745408392
0.0 0.01 0.0 585

1745408393
0.0 0.01 0.0 1400

1745408394
0.0 0.01 0.0 1168

1745408395
0.0 0.01 0.0 200

1745408396
0.0 0.01 0.0 241

1745408397
0.0 0.01 0.0 63

1745408398
0.0 0.01 0.0 168

1745408399
0.0 0.01 0.0 203

1745408400
0.0 0.01 0.0 259

1745408401
0.0 0.01 0.0 21

1745408402
0.0 0.01 0.0 154

1745408403
0.0 0.01 0.0 230

1745408404
0.0 0.01 0.0 128

1745408405
0.0 0.01 0.0 94

1745408406
0.0 0.01 0.0 171

1745408407
0.0 0.01 0.0 143

1745408408
0.0 0.01 0.0 116

1745408409
0.0 0.01 0.0 187

1745408410
0.0 0.0 0.0 200

1745408411
0.0 0.0 0.0 219

1745408412
0.0 0.0 0.0 157

1745408413
0.0 0.0 0.0 667

1745408414
0.0 0.0 0.0 516

1745408415
0.0 0.0 0.0 46

1745408416
0.0 0.0 0.0 215

1745408417
0.0 0.0 0.0 313

1745408418
0.0 0.0 0.0 267

1745408419
0.0 0.0 0.0 237

1745408420
0.0 0.0 0.0 467

1745408421
0.0 0.0 0.0 209

1745408422
0.0 0.0 0.0 164

1745408423
0.0 0.0 0.0 277

1745408424
0.0 0.0 0.0 109

1745408425
0.0 0.0 0.0 134

1745408426
0.0 0.0 0.0 289

1745408427
0.0 0.0 0.0 181

1745408428
0.0 0.0 0.0 487

1745408429
0.0 0.0 0.0 35

1745408430
0.0 0.0 0.0 4040

1745408431
0.0 0.0 0.0 1209

1745408432
0.0 0.0 0.0 71

1745408433
0.0 0.0 0.0 108

1745408434
0.0 0.0 0.0 49

1745408435
0.0 0.0 0.0 11

1745408436
0.0 0.0 0.0 22

1745408437
0.0 0.0 0.0 176

1745408438
0.0 0.0 0.0 86

1745408439
0.0 0.0 0.0 92

1745408440
0.0 0.0 0.0 154

1745408441
0.0 0.0 0.0 88

1745408443
0.0 0.0 0.0 184

1745408444
0.0 0.0 0.0 188

1745408445
0.0 0.0 0.0 238

1745408446
0.0 0.0 0.0 161

1745408447
0.0 0.0 0.0 108

1745408448
0.0 0.0 0.0 79

1745408449
0.0 0.0 0.0 250

1745408451
0.0 0.0 0.0 177

1745408452
0.0 0.0 0.0 14

1745408453
0.0 0.0 0.0 20

1745408454
0.0 0.0 0.0 1

1745408455
0.0 0.0 0.0 0

1745408456
0.0 0.0 0.0 427

1745408457
0.0 0.0 0.0 2001

1745408458
0.0 0.0 0.0 26

1745408459
0.0 0.0 0.0 45

1745408460
0.0 0.0 0.0 153

1745408462
0.0 0.0 0.0 87

1745408463
0.0 0.0 0.0 0

1745408464
0.0 0.0 0.0 18

1745408465
0.0 0.0 0.0 354

1745408466
0.0 0.0 0.0 342

1745408467
0.0 0.0 0.0 506

1745408468
0.0 0.0 0.0 3

1745408469
0.0 0.0 0.0 222

1745408471
0.0 0.0 0.0 192

1745408472
0.0 0.0 0.0 0

1745408473
0.0 0.0 0.0 0

1745408474
0.0 0.0 0.0 66

1745408475
0.0 0.0 0.0 120

1745408476
0.0 0.0 0.0 166

1745408477
0.0 0.0 0.0 197

1745408478
0.0 0.0 0.0 144

1745408479
0.0 0.0 0.0 128

1745408480
0.0 0.0 0.0 311

1745408481
0.0 0.0 0.0 778

1745408482
0.0 0.0 0.0 155

1745408483
0.0 0.0 0.0 135

1745408484
0.0 0.0 0.0 0

1745408485
0.0 0.0 0.0 65

1745408486
0.0 0.0 0.0 0

1745408487
0.0 0.0 0.0 195

1745408489
0.0 0.0 0.0 64

1745408490
0.0 0.0 0.0 100

1745408491
0.0 0.0 0.0 243

1745408493
0.0 0.0 0.0 168

1745408494
0.0 0.0 0.0 0

1745408495
0.0 0.0 0.0 0

1745408496
0.0 0.0 0.0 66

1745408497
0.0 0.0 0.0 143

1745408498
0.0 0.0 0.0 65

1745408499
0.0 0.0 0.0 236

1745408500
0.0 0.0 0.0 65

1745408501
0.0 0.0 0.0 174

1745408502
0.0 0.0 0.0 138

1745408503
0.0 0.0 0.0 291

1745408505
0.0 0.0 0.0 232

1745408506
0.0 0.0 0.0 253

1745408507
0.0 0.0 0.0 172

1745408508
0.0 0.0 0.0 191

1745408509
0.0 0.0 0.0 186

1745408510
0.0 0.0 0.0 223

1745408511
0.0 0.0 0.0 163

1745408512
0.0 0.0 0.0 234

1745408513
0.0 0.0 0.0 203

1745408514
0.0 0.0 0.0 339

1745408515
0.0 0.0 0.0 165

1745408517
0.0 0.0 0.0 514

1745408518
0.0 0.0 0.0 323

1745408520
0.0 0.0 0.0 715

1745408521
0.0 0.0 0.0 167

1745408523
0.0 0.0 0.0 227

1745408524
0.0 0.0 0.0 2168

1745408525
0.0 0.0 0.0 1497

1745408526
0.0 0.0 0.0 615

1745408528
0.0 0.0 0.0 169

1745408529
0.0 0.0 0.0 201

1745408530
0.0 0.0 0.0 242

1745408531
0.0 0.0 0.0 132

1745408532
0.0 0.0 0.0 173

1745408533
0.0 0.0 0.0 326

1745408534
0.0 0.0 0.0 472

1745408535
0.0 0.0 0.0 355

1745408536
0.0 0.0 0.0 468

1745408537
0.0 0.0 0.0 168

1745408538
0.0 0.0 0.0 298

1745408539
0.0 0.0 0.0 286

1745408541
0.0 0.0 0.0 305

1745408542
0.0 0.0 0.0 130

1745408543
0.0 0.0 0.0 348

1745408544
0.0 0.0 0.0 214

1745408545
0.0 0.0 0.0 239

1745408546
0.0 0.0 0.0 177

1745408548
0.0 0.0 0.0 456

1745408549
0.0 0.0 0.0 408

1745408550
0.0 0.0 0.0 209

1745408551
0.0 0.0 0.0 571

1745408552
0.0 0.0 0.0 294

1745408553
0.0 0.0 0.0 268

1745408554
0.0 0.0 0.0 239

1745408555
0.0 0.0 0.0 166

1745408556
0.0 0.0 0.0 271

1745408557
0.0 0.0 0.0 236

1745408558
0.0 0.0 0.0 93

1745408559
0.0 0.0 0.0 32

1745408560
0.0 0.0 0.0 1017

1745408561
0.0 0.0 0.0 1

1745408562
0.0 0.0 0.0 346

1745408563
0.0 0.0 0.0 85

1745408564
0.0 0.0 0.0 205

1745408566
0.0 0.0 0.0 6

1745408567
0.0 0.0 0.0 0

1745408568
0.0 0.0 0.0 64

1745408569
0.0 0.0 0.0 74

1745408570
0.0 0.0 0.0 0

1745408571
0.0 0.0 0.0 25

1745408572
0.0 0.0 0.0 2

1745408573
0.0 0.0 0.0 0

1745408574
0.0 0.0 0.0 18

1745408575
0.0 0.0 0.0 7

1745408576
0.0 0.0 0.0 288

1745408577
0.0 0.0 0.0 80

1745408578
0.0 0.0 0.0 275

1745408579
0.0 0.0 0.0 350

1745408581
0.0 0.0 0.0 515

1745408582
0.0 0.0 0.0 71

1745408583
0.0 0.0 0.0 412

1745408584
0.0 0.0 0.0 282

1745408585
0.0 0.0 0.0 214

1745408586
0.0 0.0 0.0 272

1745408587
0.0 0.0 0.0 221

1745408588
0.0 0.0 0.0 200

1745408589
0.0 0.0 0.0 154

1745408590
0.0 0.0 0.0 147

1745408591
0.0 0.0 0.0 247

1745408592
0.0 0.0 0.0 108

1745408593
0.0 0.0 0.0 282

1745408594
0.0 0.0 0.0 164

1745408595
0.0 0.0 0.0 150

1745408596
0.0 0.0 0.0 290

1745408597
0.0 0.0 0.0 163

1745408598
0.0 0.0 0.0 141

1745408600
0.0 0.0 0.0 258

1745408601
0.0 0.0 0.0 13

1745408603
0.0 0.0 0.0 1362

1745408604
0.0 0.0 0.0 0

1745408605
0.0 0.0 0.0 0

1745408606
0.0 0.0 0.0 0

1745408607
0.0 0.0 0.0 276

1745408608
0.0 0.0 0.0 215

1745408609
0.0 0.0 0.0 141

1745408610
0.0 0.0 0.0 341

1745408612
0.0 0.0 0.0 466

1745408614
0.0 0.0 0.0 544

1745408615
0.0 0.0 0.0 274

1745408616
0.0 0.0 0.0 208

1745408617
0.0 0.0 0.0 288

1745408618
0.0 0.0 0.0 195

1745408619
0.0 0.0 0.0 117

1745408620
0.0 0.0 0.0 377

1745408621
0.0 0.0 0.0 206

1745408622
0.0 0.0 0.0 78

1745408623
0.0 0.0 0.0 160

1745408625
0.0 0.0 0.0 304

1745408626
0.0 0.0 0.0 1075

1745408627
0.0 0.0 0.0 538

1745408628
0.0 0.0 0.0 108

1745408629
0.0 0.0 0.0 260

1745408631
0.0 0.0 0.0 206

1745408632
0.0 0.0 0.0 11

1745408633
0.0 0.0 0.0 267

1745408634
0.0 0.0 0.0 253

1745408635
0.0 0.0 0.0 145

1745408636
0.0 0.0 0.0 135

1745408637
0.0 0.0 0.0 199

1745408638
0.0 0.0 0.0 357

1745408639
0.0 0.0 0.0 126

1745408640
0.0 0.0 0.0 210

1745408641
0.0 0.0 0.0 284

1745408642
0.0 0.0 0.0 125

1745408643
0.0 0.0 0.0 30

1745408644
0.0 0.0 0.0 17

1745408645
0.0 0.0 0.0 328

1745408646
0.0 0.0 0.0 581

1745408647
0.0 0.0 0.0 229

1745408648
0.0 0.0 0.0 105

1745408649
0.0 0.0 0.0 287

1745408650
0.0 0.0 0.0 212

1745408651
0.0 0.0 0.0 182

1745408652
0.0 0.0 0.0 260

1745408653
0.0 0.0 0.0 167

1745408654
0.0 0.0 0.0 154

1745408655
0.0 0.0 0.0 93

1745408656
0.0 0.0 0.0 1

1745408657
0.0 0.0 0.0 224

1745408658
0.0 0.0 0.0 236

1745408659
0.0 0.0 0.0 259

1745408660
0.0 0.0 0.0 216

1745408661
0.0 0.0 0.0 101

1745408662
0.0 0.0 0.0 249

1745408663
0.0 0.0 0.0 257

1745408664
0.0 0.0 0.0 342

1745408665
0.0 0.0 0.0 153

1745408666
0.0 0.0 0.0 167

1745408667
0.0 0.0 0.0 266

1745408668
0.0 0.0 0.0 277

1745408669
0.0 0.0 0.0 151

1745408670
0.0 0.0 0.0 270

1745408672
0.0 0.0 0.0 428

1745408673
0.0 0.0 0.0 211

1745408674
0.0 0.0 0.0 179

1745408675
0.0 0.0 0.0 279

1745408676
0.0 0.0 0.0 229

1745408677
0.0 0.0 0.0 347

1745408678
0.0 0.0 0.0 136

1745408679
0.0 0.0 0.0 269

1745408680
0.0 0.0 0.0 303

1745408681
0.0 0.0 0.0 77

1745408682
0.0 0.0 0.0 365

1745408683
0.0 0.0 0.0 468

1745408684
0.0 0.0 0.0 81

1745408685
0.0 0.0 0.0 36

1745408686
0.0 0.0 0.0 0

1745408687
0.0 0.0 0.0 900

1745408688
0.0 0.0 0.0 0

1745408689
0.0 0.0 0.0 2006

1745408690
0.0 0.0 0.0 3401

1745408691
0.0 0.0 0.0 289

1745408692
0.0 0.0 0.0 845

1745408693
0.0 0.0 0.0 76

1745408694
0.0 0.0 0.0 208

1745408695
0.0 0.0 0.0 232

1745408696
0.0 0.0 0.0 165

1745408697
0.0 0.0 0.0 177

1745408698
0.0 0.0 0.0 109

1745408699
0.0 0.0 0.0 248

1745408700
0.0 0.0 0.0 149

1745408701
0.0 0.0 0.0 230

1745408702
0.0 0.0 0.0 290

1745408703
0.0 0.0 0.0 152

1745408704
0.0 0.0 0.0 138

1745408705
0.0 0.0 0.0 273

1745408706
0.0 0.0 0.0 219

1745408707
0.0 0.0 0.0 251

1745408708
0.0 0.0 0.0 165

1745408709
0.0 0.0 0.0 328

1745408710
0.0 0.0 0.0 209

1745408711
0.0 0.0 0.0 174

1745408712
0.0 0.0 0.0 212

1745408713
0.0 0.0 0.0 216

1745408714
0.0 0.0 0.0 140

1745408715
0.0 0.0 0.0 238

1745408716
0.0 0.0 0.0 397

1745408717
0.0 0.0 0.0 252

1745408718
0.0 0.0 0.0 215

1745408719
0.0 0.0 0.0 217

1745408720
0.0 0.0 0.0 189

1745408721
0.0 0.0 0.0 181

1745408722
0.0 0.0 0.0 65

1745408723
0.0 0.0 0.0 0

1745408724
0.0 0.0 0.0 1

1745408725
0.0 0.0 0.0 0

1745408726
0.0 0.0 0.0 0

1745408727
0.0 0.0 0.0 0

1745408728
0.0 0.0 0.0 0

1745408729
0.0 0.0 0.0 0

1745408730
0.0 0.0 0.0 0

1745408731
0.0 0.0 0.0 0

1745408732
0.0 0.0 0.0 0

1745408733
0.0 0.0 0.0 0

1745408734
0.0 0.0 0.0 17

1745408735
0.0 0.0 0.0 1677

1745408736
0.0 0.0 0.0 257

1745408737
0.0 0.0 0.0 1060

1745408738
0.0 0.0 0.0 191

1745408739
0.0 0.0 0.0 238

1745408740
0.0 0.0 0.0 210

1745408741
0.0 0.0 0.0 131

1745408743
0.0 0.0 0.0 490

1745408744
0.0 0.0 0.0 375

1745408746
0.0 0.0 0.0 433

1745408747
0.0 0.0 0.0 244

1745408748
0.0 0.0 0.0 213

1745408749
0.0 0.0 0.0 291

1745408750
0.0 0.0 0.0 139

1745408751
0.0 0.0 0.0 293

1745408752
0.0 0.0 0.0 194

1745408753
0.0 0.0 0.0 282

1745408754
0.0 0.0 0.0 440

1745408755
0.0 0.0 0.0 84

1745408756
0.0 0.0 0.0 71

1745408757
0.0 0.0 0.0 68

1745408758
0.0 0.0 0.0 200

1745408759
0.0 0.0 0.0 88

1745408760
0.0 0.0 0.0 42

1745408761
0.0 0.0 0.0 19

1745408762
0.0 0.0 0.0 304

1745408763
0.0 0.0 0.0 461

1745408765
0.0 0.0 0.0 258

1745408766
0.0 0.0 0.0 72

1745408767
0.0 0.0 0.0 28

1745408768
0.0 0.0 0.0 35

1745408769
0.0 0.0 0.0 31

1745408770
0.0 0.0 0.0 91

1745408772
0.0 0.0 0.0 57

1745408773
0.0 0.0 0.0 7

1745408774
0.0 0.0 0.0 3

1745408775
0.0 0.0 0.0 3

1745408776
0.0 0.0 0.0 110

1745408777
0.0 0.0 0.0 595

1745408778
0.0 0.0 0.0 61

1745408780
0.0 0.0 0.0 93

1745408781
0.0 0.0 0.0 26

1745408783
0.0 0.0 0.0 95

1745408784
0.0 0.0 0.0 134

1745408785
0.0 0.0 0.0 38

1745408786
0.0 0.0 0.0 32

1745408787
0.0 0.0 0.0 51

1745408788
0.0 0.0 0.0 69

1745408789
0.0 0.0 0.0 0

1745408790
0.0 0.0 0.0 607

1745408791
0.0 0.0 0.0 67

1745408792
0.0 0.0 0.0 39

1745408793
0.0 0.0 0.0 127

1745408794
0.0 0.0 0.0 120

1745408795
0.0 0.0 0.0 132

1745408796
0.0 0.0 0.0 58

1745408797
0.0 0.0 0.0 57

1745408798
0.0 0.0 0.0 101

1745408799
0.0 0.0 0.0 80

1745408800
0.0 0.0 0.0 230

1745408801
0.0 0.0 0.0 274

1745408802
0.0 0.0 0.0 208

1745408803
0.0 0.0 0.0 193

1745408804
0.0 0.0 0.0 259

1745408805
0.0 0.0 0.0 222

1745408806
0.0 0.0 0.0 174

1745408807
0.0 0.0 0.0 237

1745408808
0.0 0.0 0.0 209

1745408809
0.0 0.0 0.0 332

1745408810
0.0 0.0 0.0 273

1745408811
0.0 0.0 0.0 203

1745408812
0.0 0.0 0.0 70

1745408813
0.0 0.0 0.0 209

1745408814
0.0 0.0 0.0 74

1745408815
0.0 0.0 0.0 110

1745408816
0.0 0.0 0.0 1145

1745408817
0.0 0.0 0.0 430

1745408818
0.0 0.0 0.0 474

1745408819
0.0 0.0 0.0 213

1745408820
0.0 0.0 0.0 198

1745408821
0.0 0.0 0.0 268

1745408822
0.0 0.0 0.0 277

1745408823
0.0 0.0 0.0 316

1745408824
0.0 0.0 0.0 199

1745408825
0.0 0.0 0.0 156

1745408826
0.0 0.0 0.0 158

1745408827
0.0 0.0 0.0 237

1745408828
0.0 0.0 0.0 184

1745408829
0.0 0.0 0.0 224

1745408830
0.0 0.0 0.0 227

1745408831
0.0 0.0 0.0 88

1745408833
0.0 0.0 0.0 517

1745408834
0.0 0.0 0.0 310

1745408835
0.0 0.0 0.0 224

1745408836
0.0 0.0 0.0 229

1745408837
0.0 0.0 0.0 310

1745408839
0.0 0.0 0.0 372

1745408840
0.0 0.0 0.0 231

1745408841
0.0 0.0 0.0 358

1745408842
0.0 0.0 0.0 259

1745408843
0.0 0.0 0.0 47

1745408844
0.0 0.0 0.0 26

1745408845
0.0 0.0 0.0 35

1745408846
0.0 0.0 0.0 29

1745408847
0.0 0.0 0.0 139

1745408848
0.0 0.0 0.0 59

1745408849
0.0 0.0 0.0 45

1745408850
0.0 0.0 0.0 30

1745408851
0.0 0.0 0.0 45

1745408852
0.0 0.0 0.0 67

1745408853
0.0 0.0 0.0 3

1745408854
0.0 0.0 0.0 499

1745408855
0.0 0.0 0.0 666

1745408856
0.0 0.0 0.0 218

1745408857
0.0 0.0 0.0 152

1745408858
0.0 0.0 0.0 225

1745408859
0.0 0.0 0.0 153

1745408860
0.0 0.0 0.0 0

1745408861
0.0 0.0 0.0 0

1745408862
0.0 0.0 0.0 0

1745408863
0.0 0.0 0.0 86

1745408864
0.0 0.0 0.0 68

1745408865
0.0 0.0 0.0 202

1745408866
0.0 0.0 0.0 274

1745408867
0.0 0.0 0.0 277

1745408868
0.0 0.0 0.0 148

1745408869
0.0 0.0 0.0 284

1745408870
0.0 0.0 0.0 278

1745408871
0.0 0.0 0.0 292

1745408872
0.0 0.0 0.0 147

1745408873
0.0 0.0 0.0 226

1745408874
0.0 0.0 0.0 86

1745408875
0.0 0.0 0.0 65

1745408876
0.0 0.0 0.0 0

1745408877
0.0 0.0 0.0 1

1745408878
0.0 0.0 0.0 0

1745408879
0.0 0.0 0.0 4

1745408880
0.0 0.0 0.0 295

1745408881
0.0 0.0 0.0 430

1745408882
0.0 0.0 0.0 309

1745408883
0.0 0.0 0.0 283

1745408884
0.0 0.0 0.0 0

1745408885
0.0 0.0 0.0 0

1745408886
0.0 0.0 0.0 0

1745408887
0.0 0.0 0.0 137

1745408888
0.0 0.0 0.0 70

1745408889
0.0 0.0 0.0 0

1745408890
0.0 0.0 0.0 92

1745408891
0.0 0.0 0.0 166

1745408892
0.0 0.0 0.0 67

1745408893
0.0 0.0 0.0 454

1745408894
0.0 0.0 0.0 153

1745408895
0.0 0.0 0.0 230

1745408896
0.0 0.0 0.0 249

1745408898
0.0 0.0 0.0 200

1745408899
0.0 0.0 0.0 65

1745408900
0.0 0.0 0.0 0

1745408901
0.0 0.0 0.0 65

1745408902
0.0 0.0 0.0 199

1745408904
0.0 0.0 0.0 263

1745408905
0.0 0.0 0.0 21

1745408906
0.0 0.0 0.0 12

1745408907
0.0 0.0 0.0 17

1745408908
0.0 0.0 0.0 10

1745408909
0.0 0.0 0.0 14

1745408910
0.0 0.0 0.0 162

1745408911
0.0 0.0 0.0 9

1745408912
0.0 0.0 0.0 38

1745408913
0.0 0.0 0.0 127

1745408914
0.0 0.0 0.0 0

1745408915
0.0 0.0 0.0 0

1745408916
0.0 0.0 0.0 119

1745408917
0.0 0.0 0.0 1

1745408918
0.0 0.0 0.0 0

1745408919
0.0 0.0 0.0 0

1745408921
0.0 0.0 0.0 183

1745408922
0.0 0.0 0.0 271

1745408923
0.0 0.0 0.0 8

1745408924
0.0 0.0 0.0 199

1745408925
0.0 0.0 0.0 0

1745408926
0.0 0.0 0.0 131

1745408927
0.0 0.0 0.0 145

1745408928
0.0 0.0 0.0 139

1745408929
0.0 0.0 0.0 142

1745408930
0.0 0.0 0.0 366

1745408931
0.0 0.0 0.0 1186

1745408932
0.0 0.0 0.0 1040

1745408933
0.0 0.0 0.0 327

1745408934
0.0 0.0 0.0 73

1745408935
0.0 0.0 0.0 10

1745408936
0.0 0.0 0.0 23

1745408937
0.0 0.0 0.0 131

1745408938
0.0 0.0 0.0 129

1745408939
0.0 0.0 0.0 75

1745408940
0.0 0.0 0.0 132

1745408941
0.0 0.0 0.0 134

1745408942
0.0 0.0 0.0 65

1745408943
0.0 0.0 0.0 65

1745408944
0.0 0.0 0.0 258

1745408945
0.0 0.0 0.0 48

1745408946
0.0 0.0 0.0 8

1745408947
0.0 0.0 0.0 17

1745408948
0.0 0.0 0.0 8

1745408949
0.0 0.0 0.0 10

1745408950
0.0 0.0 0.0 16

1745408951
0.0 0.0 0.0 16

1745408952
0.0 0.0 0.0 356

1745408953
0.0 0.0 0.0 187

1745408954
0.0 0.0 0.0 140

1745408955
0.0 0.0 0.0 259

1745408956
0.0 0.0 0.0 325

1745408957
0.0 0.0 0.0 287

1745408958
0.0 0.0 0.0 827

1745408959
0.0 0.0 0.0 256

1745408960
0.0 0.0 0.0 2301

1745408961
0.0 0.0 0.0 2850

1745408962
0.0 0.0 0.0 1482

1745408963
0.0 0.0 0.0 4

1745408964
0.0 0.0 0.0 1164

1745408965
0.0 0.0 0.0 580

1745408966
0.0 0.0 0.0 655

1745408967
0.0 0.0 0.0 267

1745408968
0.0 0.0 0.0 281

1745408969
0.0 0.0 0.0 157

1745408970
0.0 0.0 0.0 221

1745408971
0.0 0.0 0.0 287

1745408972
0.0 0.0 0.0 213

1745408974
0.0 0.0 0.0 241

1745408975
0.0 0.0 0.0 64

1745408976
0.0 0.0 0.0 64

1745408977
0.0 0.0 0.0 0

1745408978
0.0 0.0 0.0 0

1745408979
0.0 0.0 0.0 0

1745408980
0.0 0.0 0.0 0

1745408981
0.0 0.0 0.0 64

1745408982
0.0 0.0 0.0 0

1745408983
0.0 0.0 0.0 0

1745408984
0.0 0.0 0.0 0

1745408985
0.0 0.0 0.0 0

1745408986
0.0 0.0 0.0 2

1745408987
0.0 0.0 0.0 0

1745408988
0.0 0.0 0.0 64

1745408989
0.0 0.0 0.0 0

1745408990
0.0 0.0 0.0 0

1745408991
0.0 0.0 0.0 7

1745408993
0.0 0.0 0.0 65

1745408994
0.0 0.0 0.0 27

1745408995
0.0 0.0 0.0 1

1745408996
0.0 0.0 0.0 0

1745408997
0.0 0.0 0.0 66

1745408998
0.0 0.0 0.0 0

1745408999
0.0 0.0 0.0 0

1745409000
0.0 0.0 0.0 0

1745409001
0.0 0.0 0.0 0

1745409002
0.0 0.0 0.0 0

1745409003
0.0 0.0 0.0 0

1745409004
0.0 0.0 0.0 0

1745409005
0.0 0.0 0.0 0

1745409006
0.0 0.0 0.0 0

1745409007
0.0 0.0 0.0 0

1745409008
0.0 0.0 0.0 0

1745409009
0.0 0.0 0.0 0

1745409010
0.0 0.0 0.0 269

1745409011
0.0 0.0 0.0 207

1745409012
0.0 0.0 0.0 0

1745409013
0.0 0.0 0.0 129

1745409014
0.0 0.0 0.0 263

1745409015
0.0 0.0 0.0 205

1745409016
0.0 0.0 0.0 143

1745409017
0.0 0.0 0.0 71

1745409018
0.0 0.0 0.0 0

1745409019
0.0 0.0 0.0 382

1745409020
0.0 0.0 0.0 0

1745409021
0.0 0.0 0.0 875

1745409022
0.0 0.0 0.0 135

1745409023
0.0 0.0 0.0 679

1745409024
0.0 0.0 0.0 215

1745409025
0.0 0.0 0.0 328

1745409026
0.0 0.0 0.0 137

1745409027
0.0 0.0 0.0 145

1745409028
0.0 0.0 0.0 115

1745409029
0.0 0.0 0.0 295

1745409030
0.0 0.0 0.0 134

1745409031
0.0 0.0 0.0 285

1745409032
0.0 0.0 0.0 176

1745409033
0.0 0.0 0.0 173

1745409034
0.0 0.0 0.0 313

1745409035
0.0 0.0 0.0 207

1745409036
0.0 0.0 0.0 258

1745409037
0.0 0.0 0.0 12

1745409038
0.0 0.0 0.0 64

1745409039
0.0 0.0 0.0 68

1745409040
0.0 0.0 0.0 0

1745409041
0.0 0.0 0.0 78

1745409042
0.0 0.0 0.0 207

1745409043
0.0 0.0 0.0 80

1745409044
0.0 0.0 0.0 159

1745409045
0.0 0.0 0.0 64

1745409046
0.0 0.0 0.0 130

1745409047
0.0 0.0 0.0 134

1745409048
0.0 0.0 0.0 71

1745409049
0.0 0.0 0.0 0

1745409050
0.0 0.0 0.0 0

1745409051
0.0 0.0 0.0 67

1745409052
0.0 0.0 0.0 63

1745409053
0.0 0.0 0.0 264

1745409054
0.0 0.0 0.0 69

1745409055
0.0 0.0 0.0 0

1745409057
0.0 0.0 0.0 202

1745409058
0.0 0.0 0.0 0

1745409059
0.0 0.0 0.0 0

1745409060
0.0 0.0 0.0 0

1745409061
0.0 0.0 0.0 0

1745409062
0.0 0.0 0.0 22

1745409064
0.0 0.0 0.0 0

1745409065
0.0 0.0 0.0 86

1745409066
0.0 0.0 0.0 211

1745409067
0.0 0.0 0.0 0

1745409069
0.0 0.0 0.0 0

1745409070
0.0 0.0 0.0 64

1745409071
0.0 0.0 0.0 0

1745409072
0.0 0.0 0.0 0

1745409073
0.0 0.0 0.0 0

1745409074
0.0 0.0 0.0 0

1745409075
0.0 0.0 0.0 0

1745409076
0.0 0.0 0.0 66

1745409077
0.0 0.0 0.0 0

1745409078
0.0 0.0 0.0 6

1745409079
0.0 0.0 0.0 0

1745409081
0.0 0.0 0.0 0

1745409082
0.0 0.0 0.0 0

1745409083
0.0 0.0 0.0 0

1745409084
0.0 0.0 0.0 0

1745409085
0.0 0.0 0.0 0

1745409086
0.0 0.0 0.0 0

1745409087
0.0 0.0 0.0 0

1745409088
0.0 0.0 0.0 64

1745409090
0.0 0.0 0.0 123

1745409091
0.0 0.0 0.0 0

1745409092
0.0 0.0 0.0 0

1745409093
0.0 0.0 0.0 0

1745409094
0.0 0.0 0.0 0

1745409095
0.0 0.0 0.0 0

1745409096
0.0 0.0 0.0 21

1745409097
0.0 0.0 0.0 12

1745409098
0.0 0.0 0.0 8

1745409099
0.0 0.0 0.0 64

1745409100
0.0 0.0 0.0 0

1745409101
0.0 0.0 0.0 0

1745409102
0.0 0.0 0.0 0

1745409103
0.0 0.0 0.0 0

1745409104
0.0 0.0 0.0 64

1745409105
0.0 0.0 0.0 65

1745409106
0.0 0.0 0.0 0

1745409107
0.0 0.0 0.0 0

1745409108
0.0 0.0 0.0 0

1745409110
0.0 0.0 0.0 0

1745409111
0.0 0.0 0.0 0

1745409112
0.0 0.0 0.0 65

1745409113
0.0 0.0 0.0 0

1745409114
0.0 0.0 0.0 0

1745409115
0.0 0.0 0.0 64

1745409116
0.0 0.0 0.0 0

1745409117
0.0 0.0 0.0 0

1745409118
0.0 0.0 0.0 0

1745409119
0.0 0.0 0.0 66

1745409120
0.0 0.0 0.0 0

1745409121
0.0 0.0 0.0 0

1745409123
0.0 0.0 0.0 0

1745409124
0.0 0.0 0.0 5

1745409125
0.0 0.0 0.0 218

1745409126
0.0 0.0 0.0 35

1745409127
0.0 0.0 0.0 1

1745409128
0.0 0.0 0.0 0

1745409129
0.0 0.0 0.0 0

1745409130
0.0 0.0 0.0 0

1745409131
0.0 0.0 0.0 0

1745409132
0.0 0.0 0.0 0

1745409133
0.0 0.0 0.0 88

1745409134
0.0 0.0 0.0 0

1745409135
0.0 0.0 0.0 7

1745409136
0.0 0.0 0.0 0

1745409137
0.0 0.0 0.0 0

1745409138
0.0 0.0 0.0 10

1745409139
0.0 0.0 0.0 57

1745409140
0.0 0.0 0.0 23

1745409141
0.0 0.0 0.0 127

1745409142
0.0 0.0 0.0 71

1745409143
0.0 0.0 0.0 88

1745409144
0.0 0.0 0.0 260

1745409145
0.0 0.0 0.0 3

1745409146
0.0 0.0 0.0 0

1745409147
0.0 0.0 0.0 0

1745409148
0.0 0.0 0.0 0

1745409149
0.0 0.0 0.0 0

1745409150
0.0 0.0 0.0 78

1745409151
0.0 0.0 0.0 128

1745409153
0.0 0.0 0.0 136

1745409154
0.0 0.0 0.0 64

1745409155
0.0 0.0 0.0 0

1745409156
0.0 0.0 0.0 0

1745409157
0.0 0.0 0.0 0

1745409158
0.0 0.0 0.0 0

1745409159
0.0 0.0 0.0 0

1745409160
0.0 0.0 0.0 185

1745409161
0.0 0.0 0.0 225

1745409163
0.0 0.0 0.0 415

1745409164
0.0 0.0 0.0 70

1745409165
0.0 0.0 0.0 203

1745409166
0.0 0.0 0.0 170

1745409167
0.0 0.0 0.0 141

1745409168
0.0 0.0 0.0 224

1745409169
0.0 0.0 0.0 65

1745409170
0.0 0.0 0.0 132

1745409171
0.0 0.0 0.0 65

1745409172
0.0 0.0 0.0 258

1745409173
0.0 0.0 0.0 67

1745409174
0.0 0.0 0.0 67

1745409175
0.0 0.0 0.0 141

1745409176
0.0 0.0 0.0 68

1745409177
0.0 0.0 0.0 134

1745409178
0.0 0.0 0.0 64

1745409179
0.0 0.0 0.0 0

1745409181
0.0 0.0 0.0 69

1745409182
0.0 0.0 0.0 0

1745409184
0.0 0.0 0.0 277

1745409185
0.0 0.0 0.0 227

1745409186
0.0 0.0 0.0 237

1745409187
0.0 0.0 0.0 234

1745409188
0.0 0.0 0.0 189

1745409189
0.0 0.0 0.0 336

1745409190
0.0 0.0 0.0 137

1745409191
0.0 0.0 0.0 206

1745409192
0.0 0.0 0.0 0

1745409194
0.0 0.0 0.0 327

1745409195
0.0 0.0 0.0 132

1745409196
0.0 0.0 0.0 157

1745409197
0.0 0.0 0.0 9

1745409198
0.0 0.0 0.0 8

1745409199
0.0 0.0 0.0 61

1745409200
0.0 0.0 0.0 48

1745409201
0.0 0.0 0.0 66

1745409202
0.0 0.0 0.0 221

1745409203
0.0 0.0 0.0 67

1745409204
0.0 0.0 0.0 107

1745409205
0.0 0.0 0.0 229

1745409206
0.0 0.0 0.0 136

1745409207
0.0 0.0 0.0 332

1745409208
0.0 0.0 0.0 138

1745409209
0.0 0.0 0.0 281

1745409210
0.0 0.0 0.0 214

1745409211
0.0 0.0 0.0 152

1745409212
0.0 0.0 0.0 265

1745409213
0.0 0.0 0.0 0

1745409215
0.0 0.0 0.0 313

1745409216
0.0 0.0 0.0 134

1745409217
0.0 0.0 0.0 270

1745409218
0.0 0.0 0.0 202

1745409219
0.0 0.0 0.0 123

1745409220
0.0 0.0 0.0 132

1745409221
0.0 0.0 0.0 132

1745409222
0.0 0.0 0.0 161

1745409223
0.0 0.0 0.0 144

1745409224
0.0 0.0 0.0 93

1745409225
0.0 0.0 0.0 64

1745409226
0.0 0.0 0.0 196

1745409227
0.0 0.0 0.0 134

1745409228
0.0 0.0 0.0 194

1745409229
0.0 0.0 0.0 317

1745409230
0.0 0.0 0.0 268

1745409232
0.0 0.0 0.0 417

1745409233
0.0 0.0 0.0 139

1745409234
0.0 0.0 0.0 129

1745409236
0.0 0.0 0.0 261

1745409237
0.0 0.0 0.0 131

1745409238
0.0 0.0 0.0 70

1745409239
0.0 0.0 0.0 202

1745409240
0.0 0.0 0.0 69

1745409241
0.0 0.0 0.0 0

1745409242
0.0 0.0 0.0 0

1745409243
0.0 0.0 0.0 0

1745409244
0.0 0.0 0.0 1

1745409245
0.0 0.0 0.0 0

1745409246
0.0 0.0 0.0 78

1745409247
0.0 0.0 0.0 1

1745409248
0.0 0.0 0.0 0

1745409249
0.0 0.0 0.0 0

1745409251
0.0 0.0 0.0 0

1745409252
0.0 0.0 0.0 0

1745409253
0.0 0.0 0.0 0

1745409254
0.0 0.0 0.0 0

1745409255
0.0 0.0 0.0 386

1745409256
0.0 0.0 0.0 821

1745409257
0.0 0.0 0.0 496

1745409258
0.0 0.0 0.0 934

1745409259
0.0 0.0 0.0 453

1745409260
0.0 0.0 0.0 456

1745409261
0.0 0.0 0.0 0

1745409262
0.0 0.0 0.0 319

1745409263
0.0 0.0 0.0 1

1745409264
0.0 0.0 0.0 164

1745409266
0.0 0.0 0.0 195

1745409267
0.0 0.0 0.0 80

1745409268
0.0 0.0 0.0 231

1745409269
0.0 0.0 0.0 131

1745409270
0.0 0.0 0.0 0

1745409271
0.0 0.0 0.0 0

1745409272
0.0 0.0 0.0 0

1745409273
0.0 0.0 0.0 133

1745409274
0.0 0.0 0.0 130

1745409275
0.0 0.0 0.0 262

1745409276
0.0 0.0 0.0 267

1745409277
0.0 0.0 0.0 203

1745409278
0.0 0.0 0.0 140

1745409279
0.0 0.0 0.0 66

1745409280
0.0 0.0 0.0 328

1745409281
0.0 0.0 0.0 328

1745409282
0.0 0.0 0.0 136

1745409283
0.0 0.0 0.0 134

1745409284
0.0 0.0 0.0 220

1745409285
0.0 0.0 0.0 71

1745409286
0.0 0.0 0.0 128

1745409287
0.0 0.0 0.0 65

1745409288
0.0 0.0 0.0 10

1745409289
0.0 0.0 0.0 164

1745409290
0.0 0.0 0.0 93

1745409291
0.0 0.0 0.0 161

1745409292
0.0 0.0 0.0 195

1745409293
0.0 0.0 0.0 0

1745409294
0.0 0.0 0.0 328

1745409295
0.0 0.0 0.0 135

1745409296
0.0 0.0 0.0 182

1745409297
0.0 0.0 0.0 145

1745409298
0.0 0.0 0.0 282

1745409299
0.0 0.0 0.0 357

1745409300
0.0 0.0 0.0 312

1745409301
0.0 0.0 0.0 336

1745409302
0.0 0.0 0.0 156

1745409303
0.0 0.0 0.0 310

1745409304
0.0 0.0 0.0 462

1745409305
0.0 0.0 0.0 245

1745409306
0.0 0.0 0.0 274

1745409307
0.0 0.0 0.0 411

1745409308
0.0 0.0 0.0 76

1745409309
0.0 0.0 0.0 286

1745409310
0.0 0.0 0.0 171

1745409311
0.0 0.0 0.0 231

1745409313
0.0 0.0 0.0 360

1745409314
0.0 0.0 0.0 132

1745409315
0.0 0.0 0.0 158

1745409316
0.0 0.0 0.0 285

1745409317
0.0 0.0 0.0 160

1745409318
0.0 0.0 0.0 167

1745409319
0.0 0.0 0.0 580

1745409320
0.0 0.0 0.0 276

1745409321
0.0 0.0 0.0 313

1745409322
0.0 0.0 0.0 403

1745409323
0.0 0.0 0.0 176

1745409324
0.0 0.0 0.0 154

1745409325
0.0 0.0 0.0 265

1745409326
0.0 0.0 0.0 178

1745409327
0.0 0.0 0.0 175

1745409328
0.0 0.0 0.0 155

1745409329
0.0 0.0 0.0 190

1745409330
0.0 0.0 0.0 291

1745409332
0.0 0.0 0.0 457

1745409333
0.0 0.0 0.0 134

1745409334
0.0 0.0 0.0 77

1745409335
0.0 0.0 0.0 268

1745409336
0.0 0.0 0.0 134

1745409337
0.0 0.0 0.0 192

1745409338
0.0 0.0 0.0 201

1745409339
0.0 0.0 0.0 220

1745409340
0.0 0.0 0.0 198

1745409342
0.0 0.0 0.0 208

1745409343
0.0 0.0 0.0 139

1745409344
0.0 0.0 0.0 269

1745409345
0.0 0.0 0.0 206

1745409346
0.0 0.0 0.0 131

1745409347
0.0 0.0 0.0 66

1745409348
0.0 0.0 0.0 0

1745409349
0.0 0.0 0.0 0

1745409350
0.0 0.0 0.0 0

1745409351
0.0 0.0 0.0 87

1745409352
0.0 0.0 0.0 172

1745409353
0.0 0.0 0.0 217

1745409354
0.0 0.0 0.0 197

1745409355
0.0 0.0 0.0 457

1745409356
0.0 0.0 0.0 327

1745409357
0.0 0.0 0.0 110

1745409358
0.0 0.0 0.0 137

1745409359
0.0 0.0 0.0 398

1745409360
0.0 0.0 0.0 435

1745409362
0.0 0.0 0.0 438

1745409363
0.0 0.0 0.0 129

1745409364
0.0 0.0 0.0 222

1745409365
0.0 0.0 0.0 267

1745409366
0.0 0.0 0.0 44

1745409367
0.0 0.0 0.0 31

1745409368
0.0 0.0 0.0 265

1745409369
0.0 0.0 0.0 220

1745409370
0.0 0.0 0.0 136

1745409371
0.0 0.0 0.0 178

1745409372
0.0 0.0 0.0 201

1745409373
0.0 0.0 0.0 144

1745409374
0.0 0.0 0.0 31

1745409375
0.0 0.0 0.0 29

1745409376
0.0 0.0 0.0 36

1745409377
0.0 0.0 0.0 14

1745409378
0.0 0.0 0.0 3

1745409379
0.0 0.0 0.0 183

1745409381
0.0 0.0 0.0 213

1745409382
0.0 0.0 0.0 23

1745409383
0.0 0.0 0.0 42

1745409385
0.0 0.0 0.0 56

1745409386
0.0 0.0 0.0 44

1745409387
0.0 0.0 0.0 32

1745409388
0.0 0.0 0.0 17

1745409389
0.0 0.0 0.0 4

1745409390
0.0 0.0 0.0 299

1745409391
0.0 0.0 0.0 138

1745409392
0.0 0.0 0.0 68

1745409393
0.0 0.0 0.0 203

1745409394
0.0 0.0 0.0 212

1745409395
0.0 0.0 0.0 214

1745409396
0.0 0.0 0.0 213

1745409397
0.0 0.0 0.0 145

1745409398
0.0 0.0 0.0 137

1745409399
0.0 0.0 0.0 268

1745409400
0.0 0.0 0.0 276

1745409401
0.0 0.0 0.0 240

1745409402
0.0 0.0 0.0 263

1745409403
0.0 0.0 0.0 265

1745409404
0.0 0.0 0.0 360

1745409405
0.0 0.0 0.0 84

1745409406
0.0 0.0 0.0 208

1745409407
0.0 0.0 0.0 0

1745409408
0.0 0.0 0.0 177

1745409409
0.0 0.0 0.0 125

1745409410
0.0 0.0 0.0 152

1745409411
0.0 0.0 0.0 74

1745409412
0.0 0.0 0.0 724

1745409413
0.0 0.0 0.0 198

1745409414
0.0 0.0 0.0 216

1745409415
0.0 0.0 0.0 96

1745409416
0.0 0.0 0.0 286

1745409417
0.0 0.0 0.0 167

1745409418
0.0 0.0 0.0 335

1745409419
0.0 0.0 0.0 149

1745409420
0.0 0.0 0.0 122

1745409421
0.0 0.0 0.0 101

1745409422
0.0 0.0 0.0 120

1745409423
0.0 0.0 0.0 71

1745409424
0.0 0.0 0.0 623

1745409426
0.0 0.0 0.0 226

1745409427
0.0 0.0 0.0 251

1745409428
0.0 0.0 0.0 143

1745409429
0.0 0.0 0.0 229

1745409430
0.0 0.0 0.0 46

1745409431
0.0 0.0 0.0 29

1745409432
0.0 0.0 0.0 17

1745409433
0.0 0.0 0.0 38

1745409434
0.0 0.0 0.0 257

1745409435
0.0 0.0 0.0 179

1745409436
0.0 0.0 0.0 216

1745409437
0.0 0.0 0.0 152

1745409438
0.0 0.0 0.0 157

1745409439
0.0 0.0 0.0 242

1745409440
0.0 0.0 0.0 202

1745409441
0.0 0.0 0.0 149

1745409442
0.0 0.0 0.0 132

1745409444
0.0 0.0 0.0 0

1745409445
0.0 0.0 0.0 0

1745409446
0.0 0.0 0.0 2

1745409447
0.0 0.0 0.0 0

1745409448
0.0 0.0 0.0 0

1745409449
0.0 0.0 0.0 0

1745409450
0.0 0.0 0.0 0

1745409452
0.0 0.0 0.0 4

1745409453
0.0 0.0 0.0 26

1745409454
0.0 0.0 0.0 4

1745409455
0.0 0.0 0.0 0

1745409456
0.0 0.0 0.0 0

1745409457
0.0 0.0 0.0 21

1745409458
0.0 0.0 0.0 0

1745409459
0.0 0.0 0.0 19

1745409461
0.0 0.0 0.0 1

1745409462
0.0 0.0 0.0 983

1745409463
0.0 0.0 0.0 510

1745409464
0.0 0.0 0.0 1641

1745409465
0.0 0.0 0.0 89

1745409466
0.0 0.0 0.0 1814

1745409467
0.0 0.0 0.0 1431

1745409468
0.0 0.0 0.0 458

1745409469
0.0 0.0 0.0 267

1745409470
0.0 0.0 0.0 131

1745409471
0.0 0.0 0.0 141

1745409472
0.0 0.0 0.0 130

1745409473
0.0 0.0 0.0 67

1745409474
0.0 0.0 0.0 163

1745409475
0.0 0.0 0.0 173

1745409476
0.0 0.0 0.0 183

1745409477
0.0 0.0 0.0 158

1745409478
0.0 0.0 0.0 266

1745409479
0.0 0.0 0.0 181

1745409480
0.0 0.0 0.0 251

1745409481
0.0 0.0 0.0 143

1745409482
0.0 0.0 0.0 182

1745409483
0.0 0.0 0.0 145

1745409484
0.0 0.0 0.0 66

1745409485
0.0 0.0 0.0 84

1745409486
0.0 0.0 0.0 38

1745409487
0.0 0.0 0.0 40

1745409488
0.0 0.0 0.0 2699

1745409489
0.0 0.0 0.0 7629

1745409490
0.0 0.0 0.0 337

1745409491
0.0 0.0 0.0 23

1745409492
0.0 0.0 0.0 28

1745409493
0.0 0.0 0.0 36

1745409494
0.0 0.0 0.0 96

1745409495
0.0 0.0 0.0 194

1745409496
0.0 0.0 0.0 24

1745409497
0.0 0.0 0.0 31

1745409498
0.0 0.0 0.0 6

1745409499
0.0 0.0 0.0 0

1745409500
0.0 0.0 0.0 4

1745409501
0.0 0.0 0.0 14

1745409502
0.0 0.0 0.0 16

1745409503
0.0 0.0 0.0 43

1745409504
0.0 0.0 0.0 54

1745409505
0.0 0.0 0.0 63

1745409507
0.0 0.0 0.0 67

1745409508
0.0 0.0 0.0 761

1745409509
0.0 0.0 0.0 644

1745409510
0.0 0.0 0.0 48

1745409512
0.0 0.0 0.0 74

1745409513
0.0 0.0 0.0 18

1745409514
0.0 0.0 0.0 19

1745409515
0.0 0.0 0.0 11

1745409516
0.0 0.0 0.0 180

1745409517
0.0 0.0 0.0 2

1745409518
0.0 0.0 0.0 1

1745409519
0.0 0.0 0.0 13

1745409520
0.0 0.0 0.0 0

1745409521
0.0 0.0 0.0 20

1745409522
0.0 0.0 0.0 1681

1745409523
0.0 0.0 0.0 3

1745409524
0.0 0.0 0.0 25

1745409525
0.0 0.0 0.0 139

1745409526
0.0 0.0 0.0 174

1745409527
0.0 0.0 0.0 262

1745409528
0.0 0.0 0.0 148

1745409529
0.0 0.0 0.0 144

1745409530
0.0 0.0 0.0 116

1745409531
0.0 0.0 0.0 283

1745409532
0.0 0.0 0.0 221

1745409533
0.0 0.0 0.0 348

1745409534
0.0 0.0 0.0 158

1745409535
0.0 0.0 0.0 129

1745409536
0.0 0.0 0.0 70

1745409537
0.0 0.0 0.0 13

1745409538
0.0 0.0 0.0 519

1745409539
0.0 0.0 0.0 1177

1745409541
0.0 0.0 0.0 13

1745409542
0.0 0.0 0.0 130

1745409543
0.0 0.0 0.0 131

1745409544
0.0 0.0 0.0 66

1745409545
0.0 0.0 0.0 134

1745409546
0.0 0.0 0.0 64

1745409547
0.0 0.0 0.0 190

1745409548
0.0 0.0 0.0 182

1745409549
0.0 0.0 0.0 138

1745409550
0.0 0.0 0.0 324

1745409551
0.0 0.0 0.0 69

1745409552
0.0 0.0 0.0 196

1745409553
0.0 0.0 0.0 67

1745409554
0.0 0.0 0.0 64

1745409555
0.0 0.0 0.0 0

1745409556
0.0 0.0 0.0 67

1745409557
0.0 0.0 0.0 66

1745409558
0.0 0.0 0.0 139

1745409559
0.0 0.0 0.0 64

1745409560
0.0 0.0 0.0 205

1745409561
0.0 0.0 0.0 120

1745409562
0.0 0.0 0.0 0

1745409563
0.0 0.0 0.0 69

1745409564
0.0 0.0 0.0 9

1745409565
0.0 0.0 0.0 0

1745409566
0.0 0.0 0.0 0

1745409567
0.0 0.0 0.0 0

1745409568
0.0 0.0 0.0 917

1745409569
0.0 0.0 0.0 0

1745409570
0.0 0.0 0.0 109

1745409571
0.0 0.0 0.0 67

1745409572
0.0 0.0 0.0 0

1745409573
0.0 0.0 0.0 0

1745409574
0.0 0.0 0.0 0

1745409575
0.0 0.0 0.0 0

1745409576
0.0 0.0 0.0 0

1745409577
0.0 0.0 0.0 10

1745409578
0.0 0.0 0.0 0

1745409579
0.0 0.0 0.0 15

1745409580
0.0 0.0 0.0 20

1745409581
0.0 0.0 0.0 32

1745409582
0.0 0.0 0.0 18

1745409583
0.0 0.0 0.0 112

1745409584
0.0 0.0 0.0 0

1745409585
0.0 0.0 0.0 0

1745409586
0.0 0.0 0.0 67

1745409587
0.0 0.0 0.0 5

1745409588
0.0 0.0 0.0 0

1745409589
0.0 0.0 0.0 0

1745409590
0.0 0.0 0.0 0

1745409592
0.0 0.0 0.0 0

1745409593
0.0 0.0 0.0 0

1745409594
0.0 0.0 0.0 128

1745409595
0.0 0.0 0.0 149

1745409597
0.0 0.0 0.0 0

1745409598
0.0 0.0 0.0 146

1745409599
0.0 0.0 0.0 0

1745409600
0.0 0.0 0.0 406

1745409601
0.0 0.0 0.0 0

1745409602
0.0 0.0 0.0 0

1745409603
0.0 0.0 0.0 0

1745409604
0.0 0.0 0.0 0

1745409605
0.0 0.0 0.0 0

1745409606
0.0 0.0 0.0 0

1745409607
0.0 0.0 0.0 0

1745409608
0.0 0.0 0.0 0

1745409609
0.0 0.0 0.0 131

1745409610
0.0 0.0 0.0 0

1745409611
0.0 0.0 0.0 0

1745409612
0.0 0.0 0.0 0

1745409613
0.0 0.0 0.0 64

1745409614
0.0 0.0 0.0 0

1745409615
0.0 0.0 0.0 1

1745409616
0.0 0.0 0.0 1

1745409617
0.0 0.0 0.0 65

1745409618
0.0 0.0 0.0 0

1745409619
0.0 0.0 0.0 0

1745409620
0.0 0.0 0.0 0

1745409621
0.0 0.0 0.0 15

1745409622
0.0 0.0 0.0 121

1745409623
0.0 0.0 0.0 262

1745409624
0.0 0.0 0.0 1

1745409625
0.0 0.0 0.0 0

1745409626
0.0 0.0 0.0 0

1745409627
0.0 0.0 0.0 157

1745409628
0.0 0.0 0.0 4

1745409629
0.0 0.0 0.0 0

1745409630
0.0 0.0 0.0 131

1745409631
0.0 0.0 0.0 0

1745409632
0.0 0.0 0.0 0

1745409633
0.0 0.0 0.0 0

1745409634
0.0 0.0 0.0 0

1745409635
0.0 0.0 0.0 0

1745409636
0.0 0.0 0.0 0

1745409637
0.0 0.0 0.0 0

1745409638
0.0 0.0 0.0 0

1745409640
0.0 0.0 0.0 0

1745409641
0.0 0.0 0.0 0

1745409642
0.0 0.0 0.0 0

1745409644
0.0 0.0 0.0 3

1745409645
0.0 0.0 0.0 0

1745409647
0.0 0.0 0.0 0

1745409648
0.0 0.0 0.0 161

1745409649
0.0 0.0 0.0 188

1745409651
0.0 0.0 0.0 450

1745409652
0.0 0.0 0.0 299

1745409653
0.0 0.0 0.0 237

1745409654
0.0 0.0 0.0 196

1745409655
0.0 0.0 0.0 229

1745409656
0.0 0.0 0.0 344

1745409658
0.0 0.0 0.0 407

1745409659
0.0 0.0 0.0 239

1745409660
0.0 0.0 0.0 78

1745409661
0.0 0.0 0.0 193

1745409663
0.0 0.0 0.0 562

1745409664
0.0 0.0 0.0 898

1745409665
0.0 0.0 0.0 975

1745409666
0.0 0.0 0.0 1496

1745409667
0.0 0.0 0.0 771

1745409668
0.0 0.0 0.0 1249

1745409669
0.0 0.0 0.0 519

1745409670
0.0 0.0 0.0 558

1745409672
0.0 0.0 0.0 595

1745409673
0.0 0.0 0.0 123

1745409674
0.0 0.0 0.0 232

1745409675
0.0 0.0 0.0 236

1745409676
0.0 0.0 0.0 162

1745409678
0.0 0.0 0.0 461

1745409679
0.0 0.0 0.0 288

1745409680
0.0 0.0 0.0 48

1745409681
0.0 0.0 0.0 27

1745409682
0.0 0.0 0.0 9

1745409683
0.0 0.0 0.0 30

1745409684
0.0 0.0 0.0 17

1745409685
0.0 0.0 0.0 21

1745409686
0.0 0.0 0.0 23

1745409687
0.0 0.0 0.0 33

1745409688
0.0 0.0 0.0 16

1745409689
0.0 0.0 0.0 28

1745409690
0.0 0.0 0.0 24

1745409691
0.0 0.0 0.0 30

1745409693
0.0 0.0 0.0 64

1745409694
0.0 0.0 0.0 44

1745409695
0.0 0.0 0.0 40

1745409696
0.0 0.0 0.0 23

1745409697
0.0 0.0 0.0 34

1745409698
0.0 0.0 0.0 26

1745409699
0.0 0.0 0.0 32

1745409700
0.0 0.0 0.0 28

1745409701
0.0 0.0 0.0 57

1745409702
0.0 0.0 0.0 10

1745409704
0.0 0.0 0.0 30

1745409705
0.0 0.0 0.0 22

1745409706
0.0 0.0 0.0 24

1745409707
0.0 0.0 0.0 21

1745409708
0.0 0.0 0.0 204

1745409709
0.0 0.0 0.0 754

1745409710
0.0 0.0 0.0 863

1745409711
0.0 0.0 0.0 267

1745409712
0.0 0.0 0.0 2

1745409713
0.0 0.0 0.0 162

1745409714
0.0 0.0 0.0 317

1745409716
0.0 0.0 0.0 763

1745409717
0.0 0.0 0.0 523

1745409718
0.0 0.0 0.0 319

1745409719
0.0 0.0 0.0 232

1745409720
0.0 0.0 0.0 170

1745409722
0.0 0.0 0.0 470

1745409723
0.0 0.0 0.0 164

1745409724
0.0 0.0 0.0 257

1745409725
0.0 0.0 0.0 5

1745409726
0.0 0.0 0.0 65

1745409727
0.0 0.0 0.0 0

1745409729
0.0 0.0 0.0 192

1745409730
0.0 0.0 0.0 64

1745409731
0.0 0.0 0.0 63

1745409733
0.0 0.0 0.0 133

1745409734
0.0 0.0 0.0 327

1745409735
0.0 0.0 0.0 102

1745409736
0.0 0.0 0.0 204

1745409737
0.0 0.0 0.0 183

1745409738
0.0 0.0 0.0 209

1745409740
0.0 0.0 0.0 371

1745409741
0.0 0.0 0.0 199

1745409742
0.0 0.0 0.0 299

1745409743
0.0 0.0 0.0 96

1745409744
0.0 0.0 0.0 73

1745409745
0.0 0.0 0.0 181

1745409746
0.0 0.0 0.0 75

1745409747
0.0 0.0 0.0 76

1745409748
0.0 0.0 0.0 195

1745409749
0.0 0.0 0.0 67

1745409750
0.0 0.0 0.0 118

1745409751
0.0 0.0 0.0 174

1745409752
0.0 0.0 0.0 92

1745409753
0.0 0.0 0.0 42

1745409754
0.0 0.0 0.0 79

1745409755
0.0 0.0 0.0 13

1745409756
0.0 0.0 0.0 58

1745409757
0.0 0.0 0.0 28

1745409758
0.0 0.0 0.0 29

1745409759
0.0 0.0 0.0 21

1745409760
0.0 0.0 0.0 245

1745409761
0.0 0.0 0.0 1050

1745409762
0.0 0.0 0.0 194

1745409763
0.0 0.0 0.0 135

1745409764
0.0 0.0 0.0 65

1745409766
0.0 0.0 0.0 93

1745409767
0.0 0.0 0.0 316

1745409768
0.0 0.0 0.0 201

1745409769
0.0 0.0 0.0 280

1745409770
0.0 0.0 0.0 250

1745409771
0.0 0.0 0.0 166

1745409772
0.0 0.0 0.0 180

1745409774
0.0 0.0 0.0 208

1745409775
0.0 0.0 0.0 131

1745409776
0.0 0.0 0.0 263

1745409777
0.0 0.0 0.0 265

1745409778
0.0 0.0 0.0 222

1745409779
0.0 0.0 0.0 86

1745409780
0.0 0.0 0.0 197

1745409781
0.0 0.0 0.0 267

1745409782
0.0 0.0 0.0 199

1745409783
0.0 0.0 0.0 197

1745409784
0.0 0.0 0.0 65

1745409785
0.0 0.0 0.0 66

1745409786
0.0 0.0 0.0 133

1745409787
0.0 0.0 0.0 70

1745409788
0.0 0.0 0.0 130

1745409789
0.0 0.0 0.0 132

1745409790
0.0 0.0 0.0 197

1745409791
0.0 0.0 0.0 195

1745409792
0.0 0.0 0.0 73

1745409793
0.0 0.0 0.0 205

1745409794
0.0 0.0 0.0 341

1745409795
0.0 0.0 0.0 202

1745409796
0.0 0.0 0.0 302

1745409797
0.0 0.0 0.0 219

1745409798
0.0 0.0 0.0 159

1745409799
0.0 0.0 0.0 215

1745409800
0.0 0.0 0.0 201

1745409801
0.0 0.0 0.0 330

1745409802
0.0 0.0 0.0 182

1745409803
0.0 0.0 0.0 188

1745409804
0.0 0.0 0.0 264

1745409805
0.0 0.0 0.0 312

1745409806
0.0 0.0 0.0 532

1745409807
0.0 0.0 0.0 483

1745409808
0.0 0.0 0.0 338

1745409809
0.0 0.0 0.0 274

1745409810
0.0 0.0 0.0 432

1745409811
0.0 0.0 0.0 346

1745409812
0.0 0.0 0.0 43

1745409813
0.0 0.0 0.0 339

1745409815
0.0 0.0 0.0 577

1745409816
0.0 0.0 0.0 221

1745409817
0.0 0.0 0.0 220

1745409818
0.0 0.0 0.0 154

1745409819
0.0 0.0 0.0 339

1745409820
0.0 0.0 0.0 155

1745409821
0.0 0.0 0.0 293

1745409822
0.0 0.0 0.0 84

1745409823
0.0 0.0 0.0 204

1745409824
0.0 0.0 0.0 345

1745409825
0.0 0.0 0.0 22

1745409826
0.0 0.0 0.0 309

1745409827
0.0 0.0 0.0 131

1745409828
0.0 0.0 0.0 196

1745409829
0.0 0.0 0.0 273

1745409830
0.0 0.0 0.0 210

1745409831
0.0 0.0 0.0 68

1745409832
0.0 0.0 0.0 64

1745409833
0.0 0.0 0.0 2

1745409834
0.0 0.0 0.0 130

1745409835
0.0 0.0 0.0 0

1745409836
0.0 0.0 0.0 132

1745409837
0.0 0.0 0.0 133

1745409838
0.0 0.0 0.0 148

1745409839
0.0 0.0 0.0 181

1745409840
0.0 0.0 0.0 195

1745409841
0.0 0.0 0.0 132

1745409842
0.0 0.0 0.0 77

1745409843
0.0 0.0 0.0 227

1745409844
0.0 0.0 0.0 136

1745409845
0.0 0.0 0.0 623

1745409846
0.0 0.0 0.0 1985

1745409847
0.0 0.0 0.0 87

1745409848
0.0 0.0 0.0 0

1745409849
0.0 0.0 0.0 1

1745409850
0.0 0.0 0.0 76

1745409851
0.0 0.0 0.0 1

1745409853
0.0 0.0 0.0 223

1745409854
0.0 0.0 0.0 201

1745409855
0.0 0.0 0.0 1

1745409856
0.0 0.0 0.0 0

1745409857
0.0 0.0 0.0 111

1745409858
0.0 0.0 0.0 196

1745409859
0.0 0.0 0.0 64

1745409860
0.0 0.0 0.0 0

1745409861
0.0 0.0 0.0 1

1745409862
0.0 0.0 0.0 0

1745409863
0.0 0.0 0.0 0

1745409864
0.0 0.0 0.0 0

1745409865
0.0 0.0 0.0 0

1745409866
0.0 0.0 0.0 66

1745409867
0.0 0.0 0.0 65

1745409868
0.0 0.0 0.0 322

1745409869
0.0 0.0 0.0 334

1745409870
0.0 0.0 0.0 140

1745409871
0.0 0.0 0.0 152

1745409872
0.0 0.0 0.0 0

1745409873
0.0 0.0 0.0 128

1745409874
0.0 0.0 0.0 199

1745409875
0.0 0.0 0.0 200

1745409876
0.0 0.0 0.0 193

1745409877
0.0 0.0 0.0 196

1745409878
0.0 0.0 0.0 197

1745409879
0.0 0.0 0.0 3

1745409880
0.0 0.0 0.0 182

1745409881
0.0 0.0 0.0 68

1745409882
0.0 0.0 0.0 128

1745409883
0.0 0.0 0.0 144

1745409884
0.0 0.0 0.0 84

1745409885
0.0 0.0 0.0 8

1745409886
0.0 0.0 0.0 6

1745409887
0.0 0.0 0.0 6

1745409888
0.0 0.0 0.0 0

1745409890
0.0 0.0 0.0 66

1745409891
0.0 0.0 0.0 0

1745409892
0.0 0.0 0.0 64

1745409893
0.0 0.0 0.0 0

1745409894
0.0 0.0 0.0 64

1745409895
0.0 0.0 0.0 0

1745409896
0.0 0.0 0.0 0

1745409897
0.0 0.0 0.0 66

1745409898
0.0 0.0 0.0 256

1745409899
0.0 0.0 0.0 0

1745409900
0.0 0.0 0.0 148

1745409901
0.0 0.0 0.0 59

1745409902
0.0 0.0 0.0 193

1745409903
0.0 0.0 0.0 65

1745409904
0.0 0.0 0.0 130

1745409905
0.0 0.0 0.0 130

1745409907
0.0 0.0 0.0 130

1745409908
0.0 0.0 0.0 130

1745409909
0.0 0.0 0.0 259

1745409910
0.0 0.0 0.0 131

1745409911
0.0 0.0 0.0 131

1745409912
0.0 0.0 0.0 239

1745409913
0.0 0.0 0.0 103

1745409914
0.0 0.0 0.0 194

1745409915
0.0 0.0 0.0 66

1745409916
0.0 0.0 0.0 206

1745409917
0.0 0.0 0.0 84

1745409918
0.0 0.0 0.0 115

1745409919
0.0 0.0 0.0 0

1745409920
0.0 0.0 0.0 104

1745409921
0.0 0.0 0.0 19

1745409922
0.0 0.0 0.0 115

1745409923
0.0 0.0 0.0 2

1745409924
0.0 0.0 0.0 1

1745409925
0.0 0.0 0.0 0

1745409926
0.0 0.0 0.0 63

1745409928
0.0 0.0 0.0 0

1745409929
0.0 0.0 0.0 0

1745409930
0.0 0.0 0.0 1058

1745409931
0.0 0.0 0.0 2

1745409932
0.0 0.0 0.0 2

1745409933
0.0 0.0 0.0 0

1745409934
0.0 0.0 0.0 0

1745409935
0.0 0.0 0.0 651

1745409936
0.0 0.0 0.0 7

1745409937
0.0 0.0 0.0 7

1745409938
0.0 0.0 0.0 0

1745409939
0.0 0.0 0.0 0

1745409940
0.0 0.0 0.0 162

1745409941
0.0 0.0 0.0 264

1745409942
0.0 0.0 0.0 266

1745409943
0.0 0.0 0.0 134

1745409944
0.0 0.0 0.0 131

1745409945
0.0 0.0 0.0 64

1745409946
0.0 0.0 0.0 0

1745409947
0.0 0.0 0.0 0

1745409948
0.0 0.0 0.0 67

1745409949
0.0 0.0 0.0 0

1745409950
0.0 0.0 0.0 81

1745409951
0.0 0.0 0.0 195

1745409952
0.0 0.0 0.0 198

1745409953
0.0 0.0 0.0 227

1745409954
0.0 0.0 0.0 173

1745409956
0.0 0.0 0.0 509

1745409957
0.0 0.0 0.0 221

1745409958
0.0 0.0 0.0 154

1745409959
0.0 0.0 0.0 181

1745409960
0.0 0.0 0.0 271

1745409961
0.0 0.0 0.0 209

1745409962
0.0 0.0 0.0 145

1745409963
0.0 0.0 0.0 206

1745409964
0.0 0.0 0.0 296

1745409965
0.0 0.0 0.0 202

1745409966
0.0 0.0 0.0 325

1745409967
0.0 0.0 0.0 269

1745409968
0.0 0.0 0.0 335

1745409969
0.0 0.0 0.0 207

1745409970
0.0 0.0 0.0 155

1745409971
0.0 0.0 0.0 251

1745409973
0.0 0.0 0.0 503

1745409974
0.0 0.0 0.0 439

1745409975
0.0 0.0 0.0 153

1745409976
0.0 0.0 0.0 126

1745409977
0.0 0.0 0.0 389

1745409979
0.0 0.0 0.0 342

1745409980
0.0 0.0 0.0 175

1745409981
0.0 0.0 0.0 314

1745409982
0.0 0.0 0.0 13

1745409983
0.0 0.0 0.0 261

1745409984
0.0 0.0 0.0 215

1745409985
0.0 0.0 0.0 195

1745409986
0.0 0.0 0.0 38

1745409987
0.0 0.0 0.0 119

1745409988
0.0 0.0 0.0 8

1745409989
0.0 0.0 0.0 33

1745409990
0.0 0.0 0.0 25

1745409991
0.0 0.0 0.0 15

1745409992
0.0 0.0 0.0 5

1745409993
0.0 0.0 0.0 609

1745409994
0.0 0.0 0.0 667

1745409995
0.0 0.0 0.0 262

1745409996
0.0 0.0 0.0 6

1745409997
0.0 0.0 0.0 97

1745409998
0.0 0.0 0.0 161

1745409999
0.0 0.0 0.0 138

1745410000
0.0 0.0 0.0 99

1745410001
0.0 0.0 0.0 236

1745410002
0.0 0.0 0.0 223

1745410003
0.0 0.0 0.0 269

1745410004
0.0 0.0 0.0 72

1745410005
0.0 0.0 0.0 144

1745410006
0.0 0.0 0.0 200

1745410007
0.0 0.0 0.0 291

1745410008
0.0 0.0 0.0 267

1745410009
0.0 0.0 0.0 199

1745410010
0.0 0.0 0.0 224

1745410011
0.0 0.0 0.0 202

1745410012
0.0 0.0 0.0 138

1745410013
0.0 0.0 0.0 334

1745410014
0.0 0.0 0.0 258

1745410015
0.0 0.0 0.0 151

1745410016
0.0 0.0 0.0 198

1745410017
0.0 0.0 0.0 212

1745410018
0.0 0.0 0.0 135

1745410019
0.0 0.0 0.0 266

1745410020
0.0 0.0 0.0 131

1745410021
0.0 0.0 0.0 204

1745410022
0.0 0.0 0.0 325

1745410023
0.0 0.0 0.0 249

1745410024
0.0 0.0 0.0 131

1745410025
0.0 0.0 0.0 262

1745410026
0.0 0.0 0.0 195

1745410027
0.0 0.0 0.0 145

1745410028
0.0 0.0 0.0 187

1745410029
0.0 0.0 0.0 94

1745410030
0.0 0.0 0.0 0

1745410031
0.0 0.0 0.0 185

1745410032
0.0 0.0 0.0 192

1745410033
0.0 0.0 0.0 201

1745410034
0.0 0.0 0.0 214

1745410035
0.0 0.0 0.0 282

1745410036
0.0 0.0 0.0 169

1745410037
0.0 0.0 0.0 196

1745410038
0.0 0.0 0.0 504

1745410039
0.0 0.0 0.0 136

1745410040
0.0 0.0 0.0 309

1745410041
0.0 0.0 0.0 330

1745410042
0.0 0.0 0.0 197

1745410043
0.0 0.0 0.0 131

1745410044
0.0 0.0 0.0 130

1745410045
0.0 0.0 0.0 0

1745410046
0.0 0.0 0.0 197

1745410047
0.0 0.0 0.0 161

1745410048
0.0 0.0 0.0 297

1745410049
0.0 0.0 0.0 0

1745410050
0.0 0.0 0.0 70

1745410051
0.0 0.0 0.0 196

1745410052
0.0 0.0 0.0 258

1745410054
0.0 0.0 0.0 261

1745410055
0.0 0.0 0.0 0

1745410056
0.0 0.0 0.0 327

1745410057
0.0 0.0 0.0 66

1745410058
0.0 0.0 0.0 131

1745410059
0.0 0.0 0.0 131

1745410060
0.0 0.0 0.0 323

1745410061
0.0 0.0 0.0 189

1745410062
0.0 0.0 0.0 138

1745410063
0.0 0.0 0.0 308

1745410064
0.0 0.0 0.0 98

1745410065
0.0 0.0 0.0 13

1745410066
0.0 0.0 0.0 5

1745410067
0.0 0.0 0.0 18

1745410068
0.0 0.0 0.0 164

1745410069
0.0 0.0 0.0 152

1745410070
0.0 0.0 0.0 259

1745410071
0.0 0.0 0.0 131

1745410072
0.0 0.0 0.0 569

1745410073
0.0 0.0 0.0 138

1745410074
0.0 0.0 0.0 266

1745410075
0.0 0.0 0.0 380

1745410076
0.0 0.0 0.0 163

1745410077
0.0 0.0 0.0 297

1745410078
0.0 0.0 0.0 226

1745410079
0.0 0.0 0.0 311

1745410080
0.0 0.0 0.0 310

1745410081
0.0 0.0 0.0 211

1745410082
0.0 0.0 0.0 221

1745410084
0.0 0.0 0.0 361

1745410085
0.0 0.0 0.0 270

1745410086
0.0 0.0 0.0 209

1745410088
0.0 0.0 0.0 629

1745410089
0.0 0.0 0.0 203

1745410090
0.0 0.0 0.0 401

1745410091
0.0 0.0 0.0 283

1745410092
0.0 0.0 0.0 172

1745410093
0.0 0.0 0.0 151

1745410094
0.0 0.0 0.0 381

1745410095
0.0 0.0 0.0 501

1745410096
0.0 0.0 0.0 114

1745410097
0.0 0.0 0.0 128

1745410098
0.0 0.0 0.0 290

1745410099
0.0 0.0 0.0 276

1745410101
0.0 0.0 0.0 454

1745410102
0.0 0.0 0.0 179

1745410104
0.0 0.0 0.0 457

1745410105
0.0 0.0 0.0 103

1745410106
0.0 0.0 0.0 351

1745410107
0.0 0.0 0.0 266

1745410109
0.0 0.0 0.0 259

1745410110
0.0 0.0 0.0 148

1745410111
0.0 0.0 0.0 63

1745410112
0.0 0.0 0.0 273

1745410114
0.0 0.0 0.0 330

1745410115
0.0 0.0 0.0 283

1745410116
0.0 0.0 0.0 197

1745410117
0.0 0.0 0.0 203

1745410118
0.0 0.0 0.0 153

1745410119
0.0 0.0 0.0 331

1745410120
0.0 0.0 0.0 271

1745410121
0.0 0.0 0.0 131

1745410122
0.0 0.0 0.0 70

1745410123
0.0 0.0 0.0 0

1745410124
0.0 0.0 0.0 96

1745410125
0.0 0.0 0.0 2

1745410126
0.0 0.0 0.0 65

1745410127
0.0 0.0 0.0 389

1745410128
0.0 0.0 0.0 158

1745410129
0.0 0.0 0.0 232

1745410130
0.0 0.0 0.0 422

1745410131
0.0 0.0 0.0 73

1745410132
0.0 0.0 0.0 260

1745410133
0.0 0.0 0.0 199

1745410134
0.0 0.0 0.0 260

1745410135
0.0 0.0 0.0 68

1745410136
0.0 0.0 0.0 231

1745410137
0.0 0.0 0.0 338

1745410138
0.0 0.0 0.0 60

1745410139
0.0 0.0 0.0 49

1745410140
0.0 0.0 0.0 43

1745410141
0.0 0.0 0.0 61

1745410142
0.0 0.0 0.0 30

1745410143
0.0 0.0 0.0 345

1745410145
0.0 0.0 0.0 592

1745410146
0.0 0.0 0.0 131

1745410147
0.0 0.0 0.0 269

1745410148
0.0 0.0 0.0 198

1745410149
0.0 0.0 0.0 133

1745410151
0.0 0.0 0.0 329

1745410152
0.0 0.0 0.0 134

1745410153
0.0 0.0 0.0 83

1745410154
0.0 0.0 0.0 0

1745410155
0.0 0.0 0.0 97

1745410156
0.0 0.0 0.0 17

1745410157
0.0 0.0 0.0 178

1745410158
0.0 0.0 0.0 33

1745410159
0.0 0.0 0.0 99

1745410160
0.0 0.0 0.0 74

1745410161
0.0 0.0 0.0 66

1745410162
0.0 0.0 0.0 102

1745410163
0.0 0.0 0.0 273

1745410164
0.0 0.0 0.0 203

1745410165
0.0 0.0 0.0 335

1745410166
0.0 0.0 0.0 3

1745410167
0.0 0.0 0.0 128

1745410168
0.0 0.0 0.0 276

1745410170
0.0 0.0 0.0 451

1745410171
0.0 0.0 0.0 200

1745410172
0.0 0.0 0.0 267

1745410173
0.0 0.0 0.0 133

1745410174
0.0 0.0 0.0 202

1745410175
0.0 0.0 0.0 66

1745410176
0.0 0.0 0.0 135

1745410177
0.0 0.0 0.0 131

1745410178
0.0 0.0 0.0 0

1745410179
0.0 0.0 0.0 326

1745410180
0.0 0.0 0.0 197

1745410182
0.0 0.0 0.0 369

1745410183
0.0 0.0 0.0 261

1745410184
0.0 0.0 0.0 196

1745410185
0.0 0.0 0.0 128

1745410186
0.0 0.0 0.0 130

1745410187
0.0 0.0 0.0 4

1745410188
0.0 0.0 0.0 264

1745410189
0.0 0.0 0.0 51

1745410190
0.0 0.0 0.0 199

1745410191
0.0 0.0 0.0 66

1745410192
0.0 0.0 0.0 192

1745410193
0.0 0.0 0.0 204

1745410194
0.0 0.0 0.0 64

1745410196
0.0 0.0 0.0 203

1745410197
0.0 0.0 0.0 133

1745410198
0.0 0.0 0.0 74

1745410199
0.0 0.0 0.0 90

1745410200
0.0 0.0 0.0 92

1745410201
0.0 0.0 0.0 115

1745410202
0.0 0.0 0.0 37

1745410203
0.0 0.0 0.0 28

1745410204
0.0 0.0 0.0 50

1745410205
0.0 0.0 0.0 165

1745410206
0.0 0.0 0.0 200

1745410207
0.0 0.0 0.0 410

1745410208
0.0 0.0 0.0 11

1745410209
0.0 0.0 0.0 79

1745410210
0.0 0.0 0.0 61

1745410211
0.0 0.0 0.0 133

1745410212
0.0 0.0 0.0 138

1745410213
0.0 0.0 0.0 133

1745410214
0.0 0.0 0.0 70

1745410215
0.0 0.0 0.0 135

1745410216
0.0 0.0 0.0 72

1745410217
0.0 0.0 0.0 54

1745410218
0.0 0.0 0.0 4

1745410219
0.0 0.0 0.0 38

1745410220
0.0 0.0 0.0 130

1745410221
0.0 0.0 0.0 64

1745410222
0.0 0.0 0.0 132

1745410223
0.0 0.0 0.0 245

1745410224
0.0 0.0 0.0 199

1745410225
0.0 0.0 0.0 199

1745410226
0.0 0.0 0.0 65

1745410227
0.0 0.0 0.0 197

1745410228
0.0 0.0 0.0 129

1745410229
0.0 0.0 0.0 132

1745410230
0.0 0.0 0.0 65

1745410231
0.0 0.0 0.0 263

1745410232
0.0 0.0 0.0 129

1745410233
0.0 0.0 0.0 257

1745410234
0.0 0.0 0.0 194

1745410235
0.0 0.0 0.0 128

1745410236
0.0 0.0 0.0 193

1745410237
0.0 0.0 0.0 201

1745410238
0.0 0.0 0.0 130

1745410239
0.0 0.0 0.0 68

1745410240
0.0 0.0 0.0 8

1745410241
0.0 0.0 0.0 3

1745410242
0.0 0.0 0.0 1

1745410243
0.0 0.0 0.0 0

1745410244
0.0 0.0 0.0 0

1745410245
0.0 0.0 0.0 160

1745410246
0.0 0.0 0.0 220

1745410247
0.0 0.0 0.0 190

1745410248
0.0 0.0 0.0 92

1745410249
0.0 0.0 0.0 20

1745410250
0.0 0.0 0.0 23

1745410251
0.0 0.0 0.0 13

1745410252
0.0 0.0 0.0 32

1745410253
0.0 0.0 0.0 66

1745410254
0.0 0.0 0.0 75

1745410255
0.0 0.0 0.0 133

1745410256
0.0 0.0 0.0 7

1745410257
0.0 0.0 0.0 66

1745410258
0.0 0.0 0.0 131

1745410259
0.0 0.0 0.0 79

1745410260
0.0 0.0 0.0 68

1745410261
0.0 0.0 0.0 173

1745410262
0.0 0.0 0.0 131

1745410263
0.0 0.0 0.0 194

1745410264
0.0 0.0 0.0 130

1745410265
0.0 0.0 0.0 138

1745410266
0.0 0.0 0.0 142

1745410267
0.0 0.0 0.0 147

1745410268
0.0 0.0 0.0 269

1745410269
0.0 0.0 0.0 71

1745410270
0.0 0.0 0.0 68

1745410271
0.0 0.0 0.0 194

1745410272
0.0 0.0 0.0 135

1745410273
0.0 0.0 0.0 66

1745410274
0.0 0.0 0.0 198

1745410275
0.0 0.0 0.0 201

1745410276
0.0 0.0 0.0 129

1745410277
0.0 0.0 0.0 267

1745410278
0.0 0.0 0.0 134

1745410279
0.0 0.0 0.0 64

1745410281
0.0 0.0 0.0 423

1745410282
0.0 0.0 0.0 196

1745410283
0.0 0.0 0.0 196

1745410284
0.0 0.0 0.0 136

1745410285
0.0 0.0 0.0 152

1745410286
0.0 0.0 0.0 133

1745410287
0.0 0.0 0.0 0

1745410288
0.0 0.0 0.0 0

1745410289
0.0 0.0 0.0 0

1745410290
0.0 0.0 0.0 0

1745410291
0.0 0.0 0.0 131

1745410292
0.0 0.0 0.0 73

1745410293
0.0 0.0 0.0 0

1745410294
0.0 0.0 0.0 0

1745410295
0.0 0.0 0.0 0

1745410296
0.0 0.0 0.0 176

1745410297
0.0 0.0 0.0 32

1745410298
0.0 0.0 0.0 280

1745410299
0.0 0.0 0.0 186

1745410300
0.0 0.0 0.0 245

1745410301
0.0 0.0 0.0 295

1745410302
0.0 0.0 0.0 342

1745410303
0.0 0.0 0.0 147

1745410304
0.0 0.0 0.0 123

1745410305
0.0 0.0 0.0 351

1745410306
0.0 0.0 0.0 183

1745410307
0.0 0.0 0.0 129

1745410308
0.0 0.0 0.0 130

1745410309
0.0 0.0 0.0 195

1745410310
0.0 0.0 0.0 404

1745410311
0.0 0.0 0.0 259

1745410312
0.0 0.0 0.0 135

1745410313
0.0 0.0 0.0 269

1745410314
0.0 0.0 0.0 129

1745410315
0.0 0.0 0.0 64

1745410316
0.0 0.0 0.0 132

1745410317
0.0 0.0 0.0 129

1745410318
0.0 0.0 0.0 71

1745410319
0.0 0.0 0.0 65

1745410320
0.0 0.0 0.0 268

1745410321
0.0 0.0 0.0 197

1745410322
0.0 0.0 0.0 136

1745410323
0.0 0.0 0.0 133

1745410324
0.0 0.0 0.0 198

1745410325
0.0 0.0 0.0 133

1745410326
0.0 0.0 0.0 141

1745410328
0.0 0.0 0.0 133

1745410329
0.0 0.0 0.0 182

1745410330
0.0 0.0 0.0 136

1745410331
0.0 0.0 0.0 0

1745410333
0.0 0.0 0.0 323

1745410334
0.0 0.0 0.0 134

1745410335
0.0 0.0 0.0 194

1745410336
0.0 0.0 0.0 207

1745410337
0.0 0.0 0.0 65

1745410338
0.0 0.0 0.0 70

1745410339
0.0 0.0 0.0 70

1745410340
0.0 0.0 0.0 68

1745410341
0.0 0.0 0.0 130

1745410342
0.0 0.0 0.0 66

1745410343
0.0 0.0 0.0 65

1745410344
0.0 0.0 0.0 0

1745410346
0.0 0.0 0.0 0

1745410347
0.0 0.0 0.0 0

1745410348
0.0 0.0 0.0 0

1745410349
0.0 0.0 0.0 267

1745410350
0.0 0.0 0.0 200

1745410351
0.0 0.0 0.0 224

1745410352
0.0 0.0 0.0 106

1745410353
0.0 0.0 0.0 367

1745410354
0.0 0.0 0.0 264

1745410355
0.0 0.0 0.0 400

1745410356
0.0 0.0 0.0 133

1745410357
0.0 0.0 0.0 2

1745410358
0.0 0.0 0.0 256

1745410359
0.0 0.0 0.0 57

1745410360
0.0 0.0 0.0 137

1745410361
0.0 0.0 0.0 186

1745410362
0.0 0.0 0.0 200

1745410363
0.0 0.0 0.0 135

1745410364
0.0 0.0 0.0 65

1745410366
0.0 0.0 0.0 132

1745410367
0.0 0.0 0.0 69

1745410368
0.0 0.0 0.0 196

1745410369
0.0 0.0 0.0 71

1745410370
0.0 0.0 0.0 79

1745410371
0.0 0.0 0.0 141

1745410372
0.0 0.0 0.0 0

1745410373
0.0 0.0 0.0 273

1745410374
0.0 0.0 0.0 202

1745410375
0.0 0.0 0.0 270

1745410376
0.0 0.0 0.0 231

1745410377
0.0 0.0 0.0 129

1745410378
0.0 0.0 0.0 260

1745410379
0.0 0.0 0.0 131

1745410380
0.0 0.0 0.0 130

1745410381
0.0 0.0 0.0 264

1745410382
0.0 0.0 0.0 194

1745410383
0.0 0.0 0.0 193

1745410384
0.0 0.0 0.0 131

1745410385
0.0 0.0 0.0 67

1745410386
0.0 0.0 0.0 90

1745410387
0.0 0.0 0.0 0

1745410389
0.0 0.0 0.0 388

1745410390
0.0 0.0 0.0 147

1745410391
0.0 0.0 0.0 66

1745410393
0.0 0.0 0.0 272

1745410394
0.0 0.0 0.0 194

1745410395
0.0 0.0 0.0 261

1745410397
0.0 0.0 0.0 224

1745410398
0.0 0.0 0.0 68

1745410399
0.0 0.0 0.0 5

1745410400
0.0 0.0 0.0 7

1745410401
0.0 0.0 0.0 176

1745410402
0.0 0.0 0.0 303

1745410403
0.0 0.0 0.0 102

1745410404
0.0 0.0 0.0 276

1745410405
0.0 0.0 0.0 252

1745410406
0.0 0.0 0.0 200

1745410407
0.0 0.0 0.0 129

1745410408
0.0 0.0 0.0 76

1745410410
0.0 0.0 0.0 408

1745410411
0.0 0.0 0.0 204

1745410412
0.0 0.0 0.0 95

1745410413
0.0 0.0 0.0 0

1745410414
0.0 0.0 0.0 69

1745410415
0.0 0.0 0.0 219

1745410416
0.0 0.0 0.0 89

1745410417
0.0 0.0 0.0 398

1745410418
0.0 0.0 0.0 436

1745410419
0.0 0.0 0.0 99

1745410420
0.0 0.0 0.0 210

1745410421
0.0 0.0 0.0 67

1745410422
0.0 0.0 0.0 156

1745410423
0.0 0.0 0.0 207

1745410424
0.0 0.0 0.0 68

1745410425
0.0 0.0 0.0 269

1745410426
0.0 0.0 0.0 267

1745410427
0.0 0.0 0.0 67

1745410428
0.0 0.0 0.0 5

1745410429
0.0 0.0 0.0 263

1745410430
0.0 0.0 0.0 1

1745410431
0.0 0.0 0.0 129

1745410432
0.0 0.0 0.0 66

1745410433
0.0 0.0 0.0 131

1745410434
0.0 0.0 0.0 265

1745410435
0.0 0.0 0.0 0

1745410436
0.0 0.0 0.0 131

1745410437
0.0 0.0 0.0 66

1745410438
0.0 0.0 0.0 274

1745410439
0.0 0.0 0.0 16

1745410440
0.0 0.0 0.0 3

1745410441
0.0 0.0 0.0 9

1745410442
0.0 0.0 0.0 221

1745410443
0.0 0.0 0.0 130

1745410444
0.0 0.0 0.0 62

1745410445
0.0 0.0 0.0 130

1745410446
0.0 0.0 0.0 191

1745410447
0.0 0.0 0.0 66

1745410449
0.0 0.0 0.0 72

1745410450
0.0 0.0 0.0 23

1745410451
0.0 0.0 0.0 0

1745410453
0.0 0.0 0.0 65

1745410454
0.0 0.0 0.0 0

1745410455
0.0 0.0 0.0 240

1745410456
0.0 0.0 0.0 25

1745410457
0.0 0.0 0.0 157

1745410458
0.0 0.0 0.0 183

1745410459
0.0 0.0 0.0 180

1745410460
0.0 0.0 0.0 80

1745410461
0.0 0.0 0.0 79

1745410462
0.0 0.0 0.0 511

1745410463
0.0 0.0 0.0 200

1745410464
0.0 0.0 0.0 134

1745410465
0.0 0.0 0.0 132

1745410466
0.0 0.0 0.0 0

1745410467
0.0 0.0 0.0 178

1745410468
0.0 0.0 0.0 132

1745410469
0.0 0.0 0.0 192

1745410470
0.0 0.0 0.0 231

1745410471
0.0 0.0 0.0 196

1745410472
0.0 0.0 0.0 65

1745410473
0.0 0.0 0.0 0

1745410475
0.0 0.0 0.0 258

1745410476
0.0 0.0 0.0 132

1745410477
0.0 0.0 0.0 64

1745410478
0.0 0.0 0.0 130

1745410479
0.0 0.0 0.0 194

1745410480
0.0 0.0 0.0 73

1745410481
0.0 0.0 0.0 0

1745410482
0.0 0.0 0.0 64

1745410483
0.0 0.0 0.0 133

1745410484
0.0 0.0 0.0 68

1745410485
0.0 0.0 0.0 5

1745410486
0.0 0.0 0.0 132

1745410487
0.0 0.0 0.0 0

1745410488
0.0 0.0 0.0 149

1745410489
0.0 0.0 0.0 391

1745410490
0.0 0.0 0.0 157

1745410491
0.0 0.0 0.0 94

1745410492
0.0 0.0 0.0 201

1745410493
0.0 0.0 0.0 51

1745410494
0.0 0.0 0.0 210

1745410495
0.0 0.0 0.0 191

1745410496
0.0 0.0 0.0 133

1745410497
0.0 0.0 0.0 257

1745410498
0.0 0.0 0.0 383

1745410499
0.0 0.0 0.0 331

1745410500
0.0 0.0 0.0 71

1745410501
0.0 0.0 0.0 129

1745410502
0.0 0.0 0.0 266

1745410503
0.0 0.0 0.0 68

1745410504
0.0 0.0 0.0 69

1745410505
0.0 0.0 0.0 203

1745410507
0.0 0.0 0.0 462

1745410509
0.0 0.0 0.0 488

1745410510
0.0 0.0 0.0 212

1745410511
0.0 0.0 0.0 201

1745410513
0.0 0.0 0.0 501

1745410514
0.0 0.0 0.0 466

1745410515
0.0 0.0 0.0 267

1745410516
0.0 0.0 0.0 329

1745410517
0.0 0.0 0.0 252

1745410518
0.0 0.0 0.0 139

1745410519
0.0 0.0 0.0 194

1745410520
0.0 0.0 0.0 197

1745410521
0.0 0.0 0.0 194

1745410522
0.0 0.0 0.0 261

1745410523
0.0 0.0 0.0 65

1745410524
0.0 0.0 0.0 193

1745410525
0.0 0.0 0.0 129

1745410526
0.0 0.0 0.0 130

1745410527
0.0 0.0 0.0 439

1745410528
0.0 0.0 0.0 261

1745410529
0.0 0.0 0.0 260

1745410530
0.0 0.0 0.0 132

1745410531
0.0 0.0 0.0 134

1745410532
0.0 0.0 0.0 0

1745410533
0.0 0.0 0.0 0

1745410534
0.0 0.0 0.0 0

1745410535
0.0 0.0 0.0 0

1745410536
0.0 0.0 0.0 62

1745410537
0.0 0.0 0.0 424

1745410538
0.0 0.0 0.0 493

1745410539
0.0 0.0 0.0 181

1745410540
0.0 0.0 0.0 385

1745410541
0.0 0.0 0.0 71

1745410542
0.0 0.0 0.0 326

1745410543
0.0 0.0 0.0 180

1745410544
0.0 0.0 0.0 3

1745410545
0.0 0.0 0.0 333

1745410546
0.0 0.0 0.0 387

1745410547
0.0 0.0 0.0 197

1745410548
0.0 0.0 0.0 196

1745410549
0.0 0.0 0.0 269

1745410550
0.0 0.0 0.0 130

1745410551
0.0 0.0 0.0 203

1745410552
0.0 0.0 0.0 193

1745410553
0.0 0.0 0.0 193

1745410554
0.0 0.0 0.0 196

1745410555
0.0 0.0 0.0 80

1745410557
0.0 0.0 0.0 343

1745410558
0.0 0.0 0.0 389

1745410559
0.0 0.0 0.0 131

1745410560
0.0 0.0 0.0 200

1745410561
0.0 0.0 0.0 276

1745410562
0.0 0.0 0.0 6

1745410563
0.0 0.0 0.0 8

1745410564
0.0 0.0 0.0 152

1745410565
0.0 0.0 0.0 114

1745410566
0.0 0.0 0.0 207

1745410568
0.0 0.0 0.0 0

1745410569
0.0 0.0 0.0 0

1745410570
0.0 0.0 0.0 340

1745410571
0.0 0.0 0.0 54

1745410572
0.0 0.0 0.0 52

1745410573
0.0 0.0 0.0 70

1745410574
0.0 0.0 0.0 199

1745410575
0.0 0.0 0.0 395

1745410576
0.0 0.0 0.0 254

1745410577
0.0 0.0 0.0 103

1745410578
0.0 0.0 0.0 422

1745410579
0.0 0.0 0.0 142

1745410580
0.0 0.0 0.0 78

1745410581
0.0 0.0 0.0 130

1745410582
0.0 0.0 0.0 94

1745410583
0.0 0.0 0.0 90

1745410584
0.0 0.0 0.0 83

1745410585
0.0 0.0 0.0 66

1745410586
0.0 0.0 0.0 104

1745410587
0.0 0.0 0.0 140

1745410588
0.0 0.0 0.0 136

1745410589
0.0 0.0 0.0 0

1745410590
0.0 0.0 0.0 0

1745410591
0.0 0.0 0.0 159

1745410592
0.0 0.0 0.0 173

1745410593
0.0 0.0 0.0 280

1745410594
0.0 0.0 0.0 235

1745410595
0.0 0.0 0.0 271

1745410596
0.0 0.0 0.0 350

1745410597
0.0 0.0 0.0 145

1745410598
0.0 0.0 0.0 145

1745410599
0.0 0.0 0.0 268

1745410600
0.0 0.0 0.0 313

1745410601
0.0 0.0 0.0 274

1745410602
0.0 0.0 0.0 311

1745410603
0.0 0.0 0.0 235

1745410604
0.0 0.0 0.0 145

1745410605
0.0 0.0 0.0 332

1745410606
0.0 0.0 0.0 266

1745410607
0.0 0.0 0.0 270

1745410608
0.0 0.0 0.0 133

1745410609
0.0 0.0 0.0 260

1745410610
0.0 0.0 0.0 154

1745410611
0.0 0.0 0.0 213

1745410612
0.0 0.0 0.0 171

1745410613
0.0 0.0 0.0 112

1745410614
0.0 0.0 0.0 226

1745410615
0.0 0.0 0.0 250

1745410616
0.0 0.0 0.0 542

1745410617
0.0 0.0 0.0 642

1745410618
0.0 0.0 0.0 314

1745410619
0.0 0.0 0.0 252

1745410620
0.0 0.0 0.0 203

1745410621
0.0 0.0 0.0 180

1745410622
0.0 0.0 0.0 137

1745410623
0.0 0.0 0.0 221

1745410624
0.0 0.0 0.0 342

1745410625
0.0 0.0 0.0 239

1745410626
0.0 0.0 0.0 159

1745410627
0.0 0.0 0.0 226

1745410628
0.0 0.0 0.0 347

1745410630
0.0 0.0 0.0 581

1745410631
0.0 0.0 0.0 333

1745410632
0.0 0.0 0.0 272

1745410633
0.0 0.0 0.0 193

1745410634
0.0 0.0 0.0 135

1745410635
0.0 0.0 0.0 244

1745410636
0.0 0.0 0.0 430

1745410637
0.0 0.0 0.0 89

1745410638
0.0 0.0 0.0 650

1745410639
0.0 0.0 0.0 0

1745410640
0.0 0.0 0.0 968

1745410641
0.0 0.0 0.0 1730

1745410642
0.0 0.0 0.0 3

1745410643
0.0 0.0 0.0 414

1745410644
0.0 0.0 0.0 89

1745410645
0.0 0.0 0.0 112

1745410646
0.0 0.0 0.0 149

1745410647
0.0 0.0 0.0 27

1745410648
0.0 0.0 0.0 4

1745410650
0.0 0.0 0.0 2179

1745410651
0.0 0.0 0.0 28

1745410652
0.0 0.0 0.0 701

1745410653
0.0 0.0 0.0 2407

1745410654
0.0 0.0 0.0 404

1745410655
0.0 0.0 0.0 223

1745410656
0.0 0.0 0.0 288

1745410657
0.0 0.0 0.0 136

1745410658
0.0 0.0 0.0 242

1745410659
0.0 0.0 0.0 1248

1745410660
0.0 0.0 0.0 242

1745410661
0.0 0.0 0.0 275

1745410662
0.0 0.0 0.0 1278

1745410664
0.0 0.0 0.0 2215

1745410665
0.0 0.0 0.0 0

1745410666
0.0 0.0 0.0 5953

1745410667
0.0 0.0 0.0 4155

1745410668
0.0 0.0 0.0 270

1745410669
0.0 0.0 0.0 169

1745410670
0.0 0.0 0.0 257

1745410671
0.0 0.0 0.0 1664

1745410672
0.0 0.0 0.0 4646

1745410673
0.0 0.0 0.0 200

1745410674
0.0 0.0 0.0 230

1745410675
0.0 0.0 0.0 146

1745410676
0.0 0.0 0.0 249

1745410677
0.0 0.0 0.0 194

1745410678
0.0 0.0 0.0 185

1745410679
0.0 0.0 0.0 246

1745410680
0.0 0.0 0.0 197

1745410681
0.0 0.0 0.0 104

1745410682
0.0 0.0 0.0 107

1745410683
0.0 0.0 0.0 282

1745410684
0.0 0.0 0.0 161

1745410685
0.0 0.0 0.0 185

1745410686
0.0 0.0 0.0 146

1745410687
0.0 0.0 0.0 459

1745410688
0.0 0.0 0.0 303

1745410689
0.0 0.0 0.0 245

1745410690
0.0 0.0 0.0 137

1745410691
0.0 0.0 0.0 149

1745410692
0.0 0.0 0.0 182

1745410693
0.0 0.0 0.0 112

1745410694
0.0 0.0 0.0 153

1745410695
0.0 0.0 0.0 233

1745410696
0.0 0.0 0.0 65

1745410697
0.0 0.0 0.0 100

1745410698
0.0 0.0 0.0 23

1745410699
0.0 0.0 0.0 33

1745410700
0.0 0.0 0.0 326

1745410701
0.0 0.0 0.0 59

1745410702
0.0 0.0 0.0 84

1745410703
0.0 0.0 0.0 124

1745410704
0.0 0.0 0.0 84

1745410705
0.0 0.0 0.0 0

1745410706
0.0 0.0 0.0 3

1745410707
0.0 0.0 0.0 206

1745410708
0.0 0.0 0.0 145

1745410709
0.0 0.0 0.0 90

1745410711
0.0 0.0 0.0 415

1745410712
0.0 0.0 0.0 217

1745410713
0.0 0.0 0.0 80

1745410714
0.0 0.0 0.0 173

1745410715
0.0 0.0 0.0 80

1745410716
0.0 0.0 0.0 92

1745410717
0.0 0.0 0.0 32

1745410718
0.0 0.0 0.0 181

1745410719
0.0 0.0 0.0 96

1745410720
0.0 0.0 0.0 32

1745410721
0.0 0.0 0.0 20

1745410722
0.0 0.0 0.0 32

1745410723
0.0 0.0 0.0 27

1745410724
0.0 0.0 0.0 47

1745410725
0.0 0.0 0.0 3

1745410726
0.0 0.0 0.0 2

1745410727
0.0 0.0 0.0 86

1745410728
0.0 0.0 0.0 242

1745410729
0.0 0.0 0.0 34

1745410730
0.0 0.0 0.0 53

1745410731
0.0 0.0 0.0 50

1745410732
0.0 0.0 0.0 17

1745410733
0.0 0.0 0.0 17

1745410734
0.0 0.0 0.0 11

1745410735
0.0 0.0 0.0 131

1745410736
0.0 0.0 0.0 3

1745410737
0.0 0.0 0.0 1

1745410738
0.0 0.0 0.0 3

1745410739
0.0 0.0 0.0 20

1745410740
0.0 0.0 0.0 8

1745410741
0.0 0.0 0.0 0

1745410742
0.0 0.0 0.0 0

1745410743
0.0 0.0 0.0 18

1745410745
0.0 0.0 0.0 65

1745410746
0.0 0.0 0.0 47

1745410747
0.0 0.0 0.0 0

1745410748
0.0 0.0 0.0 0

1745410749
0.0 0.0 0.0 368

1745410750
0.0 0.0 0.0 193

1745410751
0.0 0.0 0.0 8

1745410752
0.0 0.0 0.0 125

1745410753
0.0 0.0 0.0 0

1745410754
0.0 0.0 0.0 0

1745410755
0.0 0.0 0.0 0

1745410756
0.0 0.0 0.0 0

1745410757
0.0 0.0 0.0 1

1745410758
0.0 0.0 0.0 0

1745410759
0.0 0.0 0.0 0

1745410760
0.0 0.0 0.0 0

1745410761
0.0 0.0 0.0 0

1745410762
0.0 0.0 0.0 0

1745410763
0.0 0.0 0.0 75

1745410764
0.0 0.0 0.0 20

1745410765
0.0 0.0 0.0 0

1745410766
0.0 0.0 0.0 0

1745410767
0.0 0.0 0.0 0

1745410768
0.0 0.0 0.0 0

1745410769
0.0 0.0 0.0 3

1745410770
0.0 0.0 0.0 0

1745410771
0.0 0.0 0.0 0

1745410772
0.0 0.0 0.0 0

1745410773
0.0 0.0 0.0 0

1745410775
0.0 0.0 0.0 65

1745410776
0.0 0.0 0.0 0

1745410777
0.0 0.0 0.0 0

1745410778
0.0 0.0 0.0 0

1745410779
0.0 0.0 0.0 0

1745410780
0.0 0.0 0.0 25

1745410781
0.0 0.0 0.0 0

1745410782
0.0 0.0 0.0 0

1745410783
0.0 0.0 0.0 0

1745410784
0.0 0.0 0.0 33

1745410785
0.0 0.0 0.0 0

1745410786
0.0 0.0 0.0 64

1745410787
0.0 0.0 0.0 0

1745410789
0.0 0.0 0.0 66

1745410790
0.0 0.0 0.0 0

1745410791
0.0 0.0 0.0 0

1745410792
0.0 0.0 0.0 0

1745410793
0.0 0.0 0.0 0

1745410794
0.0 0.0 0.0 0

1745410796
0.0 0.0 0.0 65

1745410797
0.0 0.0 0.0 0

1745410798
0.0 0.0 0.0 0

1745410799
0.0 0.0 0.0 0

1745410800
0.0 0.0 0.0 0

1745410801
0.0 0.0 0.0 0

1745410802
0.0 0.0 0.0 0

1745410803
0.0 0.0 0.0 0

1745410804
0.0 0.0 0.0 0

1745410805
0.0 0.0 0.0 0

1745410806
0.0 0.0 0.0 0

1745410807
0.0 0.0 0.0 64

1745410808
0.0 0.0 0.0 0

1745410809
0.0 0.0 0.0 0

1745410811
0.0 0.0 0.0 65

1745410812
0.0 0.0 0.0 0

1745410813
0.0 0.0 0.0 0

1745410814
0.0 0.0 0.0 0

1745410815
0.0 0.0 0.0 0

1745410816
0.0 0.0 0.0 0

1745410818
0.0 0.0 0.0 65

1745410819
0.0 0.0 0.0 0

1745410820
0.0 0.0 0.0 0

1745410821
0.0 0.0 0.0 0

1745410822
0.0 0.0 0.0 0

1745410823
0.0 0.0 0.0 0

1745410825
0.0 0.0 0.0 65

1745410826
0.0 0.0 0.0 0

1745410827
0.0 0.0 0.0 0

1745410828
0.0 0.0 0.0 0

1745410829
0.0 0.0 0.0 0

1745410830
0.0 0.0 0.0 0

1745410831
0.0 0.0 0.0 0

1745410833
0.0 0.0 0.0 66

1745410834
0.0 0.0 0.0 0

1745410835
0.0 0.0 0.0 0

1745410836
0.0 0.0 0.0 0

1745410837
0.0 0.0 0.0 0

1745410838
0.0 0.0 0.0 0

1745410839
0.0 0.0 0.0 0

1745410840
0.0 0.0 0.0 0

1745410841
0.0 0.0 0.0 0

1745410842
0.0 0.0 0.0 0

1745410843
0.0 0.0 0.0 0

1745410844
0.0 0.0 0.0 0

1745410845
0.0 0.0 0.0 0

1745410847
0.0 0.0 0.0 66

1745410848
0.0 0.0 0.0 0

1745410849
0.0 0.0 0.0 0

1745410850
0.0 0.0 0.0 0

1745410851
0.0 0.0 0.0 0

1745410852
0.0 0.0 0.0 0

1745410853
0.0 0.0 0.0 0

1745410854
0.0 0.0 0.0 0

1745410855
0.0 0.0 0.0 0

1745410856
0.0 0.0 0.0 0

1745410857
0.0 0.0 0.0 0

1745410858
0.0 0.0 0.0 0

1745410859
0.0 0.0 0.0 0

1745410860
0.0 0.0 0.0 0

1745410862
0.0 0.0 0.0 2

1745410863
0.0 0.0 0.0 0

1745410864
0.0 0.0 0.0 0

1745410865
0.0 0.0 0.0 0

1745410866
0.0 0.0 0.0 0

1745410867
0.0 0.0 0.0 0

1745410869
0.0 0.0 0.0 67

1745410870
0.0 0.0 0.0 0

1745410871
0.0 0.0 0.0 20

1745410872
0.0 0.0 0.0 0

1745410873
0.0 0.0 0.0 0

1745410874
0.0 0.0 0.0 0

1745410875
0.0 0.0 0.0 0

1745410876
0.0 0.0 0.0 0

1745410877
0.0 0.0 0.0 0

1745410878
0.0 0.0 0.0 0

1745410879
0.0 0.0 0.0 0

1745410881
0.0 0.0 0.0 65

1745410882
0.0 0.0 0.0 0

1745410883
0.0 0.0 0.0 0

1745410884
0.0 0.0 0.0 0

1745410885
0.0 0.0 0.0 0

1745410886
0.0 0.0 0.0 0

1745410887
0.0 0.0 0.0 0

1745410888
0.0 0.0 0.0 0

1745410889
0.0 0.0 0.0 0

1745410890
0.0 0.0 0.0 0

1745410891
0.0 0.0 0.0 0

1745410893
0.0 0.0 0.0 65

1745410894
0.0 0.0 0.0 0

1745410895
0.0 0.0 0.0 0

1745410897
0.0 0.0 0.0 65

1745410898
0.0 0.0 0.0 0

1745410899
0.0 0.0 0.0 0

1745410900
0.0 0.0 0.0 0

1745410901
0.0 0.0 0.0 0

1745410902
0.0 0.0 0.0 0

1745410904
0.0 0.0 0.0 65

1745410905
0.0 0.0 0.0 0

1745410906
0.0 0.0 0.0 0

1745410907
0.0 0.0 0.0 0

1745410908
0.0 0.0 0.0 0

1745410909
0.0 0.0 0.0 0

1745410910
0.0 0.0 0.0 0

1745410912
0.0 0.0 0.0 2

1745410913
0.0 0.0 0.0 0

1745410914
0.0 0.0 0.0 0

1745410916
0.0 0.0 0.0 64

1745410917
0.0 0.0 0.0 0

1745410918
0.0 0.0 0.0 0

1745410919
0.0 0.0 0.0 0

1745410920
0.0 0.0 0.0 0

1745410921
0.0 0.0 0.0 0

1745410923
0.0 0.0 0.0 66

1745410924
0.0 0.0 0.0 0

1745410925
0.0 0.0 0.0 0

1745410926
0.0 0.0 0.0 0

1745410927
0.0 0.0 0.0 0

1745410928
0.0 0.0 0.0 45

1745410929
0.0 0.0 0.0 0

1745410930
0.0 0.0 0.0 0

1745410931
0.0 0.0 0.0 0

1745410932
0.0 0.0 0.0 0

1745410933
0.0 0.0 0.0 0

1745410934
0.0 0.0 0.0 0

1745410935
0.0 0.0 0.0 0

1745410936
0.0 0.0 0.0 0

1745410937
0.0 0.0 0.0 0

1745410938
0.0 0.0 0.0 64

1745410939
0.0 0.0 0.0 132

1745410940
0.0 0.0 0.0 0

1745410941
0.0 0.0 0.0 0

1745410943
0.0 0.0 0.0 66

1745410944
0.0 0.0 0.0 0

1745410945
0.0 0.0 0.0 0

1745410946
0.0 0.0 0.0 0

1745410947
0.0 0.0 0.0 0

1745410948
0.0 0.0 0.0 0

1745410949
0.0 0.0 0.0 0

1745410950
0.0 0.0 0.0 0

1745410951
0.0 0.0 0.0 0

1745410952
0.0 0.0 0.0 0

1745410953
0.0 0.0 0.0 0

1745410954
0.0 0.0 0.0 0

1745410955
0.0 0.0 0.0 0

1745410956
0.0 0.0 0.0 66

1745410957
0.0 0.0 0.0 0

1745410958
0.0 0.0 0.0 0

1745410960
0.0 0.0 0.0 66

1745410961
0.0 0.0 0.0 0

1745410962
0.0 0.0 0.0 0

1745410963
0.0 0.0 0.0 0

1745410964
0.0 0.0 0.0 0

1745410965
0.0 0.0 0.0 0

1745410966
0.0 0.0 0.0 0

1745410967
0.0 0.0 0.0 0

1745410968
0.0 0.0 0.0 0

1745410969
0.0 0.0 0.0 0

1745410970
0.0 0.0 0.0 0

1745410971
0.0 0.0 0.0 0

1745410972
0.0 0.0 0.0 0

1745410973
0.0 0.0 0.0 0

1745410974
0.0 0.0 0.0 0

1745410975
0.0 0.0 0.0 0

1745410976
0.0 0.0 0.0 0

1745410977
0.0 0.0 0.0 0

1745410978
0.0 0.0 0.0 0

1745410979
0.0 0.0 0.0 0

1745410981
0.0 0.0 0.0 64

1745410982
0.0 0.0 0.0 0

1745410983
0.0 0.0 0.0 0

1745410984
0.0 0.0 0.0 0

1745410985
0.0 0.0 0.0 0

1745410986
0.0 0.0 0.0 0

1745410987
0.0 0.0 0.0 0

1745410988
0.0 0.0 0.0 0

1745410989
0.0 0.0 0.0 0

1745410990
0.0 0.0 0.0 0

1745410991
0.0 0.0 0.0 0

1745410992
0.0 0.0 0.0 0

1745410993
0.0 0.0 0.0 0

1745410994
0.0 0.0 0.0 0

1745410995
0.0 0.0 0.0 0

1745410996
0.0 0.0 0.0 0

1745410997
0.0 0.0 0.0 0

1745410998
0.0 0.0 0.0 1

1745410999
0.0 0.0 0.0 0

1745411000
0.0 0.0 0.0 67

1745411001
0.0 0.0 0.0 0

1745411002
0.0 0.0 0.0 0

1745411004
0.0 0.0 0.0 108

1745411005
0.0 0.0 0.0 0

1745411006
0.0 0.0 0.0 0

1745411007
0.0 0.0 0.0 0

1745411008
0.0 0.0 0.0 0

1745411009
0.0 0.0 0.0 0

1745411010
0.0 0.0 0.0 0

1745411011
0.0 0.0 0.0 0

1745411012
0.0 0.0 0.0 0

1745411013
0.0 0.0 0.0 0

1745411014
0.0 0.0 0.0 0

1745411015
0.0 0.0 0.0 0

1745411016
0.0 0.0 0.0 0

1745411017
0.0 0.0 0.0 0

1745411018
0.0 0.0 0.0 0

1745411019
0.0 0.0 0.0 0

1745411020
0.0 0.0 0.0 0

1745411021
0.0 0.0 0.0 0

1745411023
0.0 0.0 0.0 65

1745411024
0.0 0.0 0.0 0

1745411025
0.0 0.0 0.0 0

1745411026
0.0 0.0 0.0 0

1745411027
0.0 0.0 0.0 0

1745411028
0.0 0.0 0.0 0

1745411029
0.0 0.0 0.0 0

1745411030
0.0 0.0 0.0 0

1745411031
0.0 0.0 0.0 0

1745411032
0.0 0.0 0.0 31

1745411033
0.0 0.0 0.0 0

1745411034
0.0 0.0 0.0 0

1745411035
0.0 0.0 0.0 45

1745411036
0.0 0.0 0.0 85

1745411037
0.0 0.0 0.0 0

1745411038
0.0 0.0 0.0 0

1745411039
0.0 0.0 0.0 0

1745411040
0.0 0.0 0.0 13

1745411041
0.0 0.0 0.0 0

1745411042
0.0 0.0 0.0 0

1745411043
0.0 0.0 0.0 52

1745411044
0.0 0.0 0.0 343

1745411045
0.0 0.0 0.0 129

1745411046
0.0 0.0 0.0 252

1745411047
0.0 0.0 0.0 1721

1745411048
0.0 0.0 0.0 38

1745411050
0.0 0.0 0.0 101

1745411051
0.0 0.0 0.0 93

1745411052
0.0 0.0 0.0 14

1745411053
0.0 0.0 0.0 1965

1745411054
0.0 0.0 0.0 3041

1745411055
0.0 0.0 0.0 346

1745411056
0.0 0.0 0.0 268

1745411057
0.0 0.0 0.0 296

1745411058
0.0 0.0 0.0 21

1745411059
0.0 0.0 0.0 18

1745411060
0.0 0.0 0.0 25

1745411061
0.0 0.0 0.0 143

1745411062
0.0 0.0 0.0 2

1745411064
0.0 0.0 0.0 63

1745411065
0.0 0.0 0.0 30

1745411066
0.0 0.0 0.0 97

1745411067
0.0 0.0 0.0 282

1745411068
0.0 0.0 0.0 174

1745411069
0.0 0.0 0.0 310

1745411070
0.0 0.0 0.0 283

1745411071
0.0 0.0 0.0 99

1745411072
0.0 0.0 0.0 100

1745411073
0.0 0.0 0.0 49

1745411074
0.0 0.0 0.0 28

1745411075
0.0 0.0 0.0 39

1745411076
0.0 0.0 0.0 81

1745411077
0.0 0.0 0.0 58

1745411078
0.0 0.0 0.0 21

1745411079
0.0 0.0 0.0 41

1745411080
0.0 0.0 0.0 40

1745411081
0.0 0.0 0.0 43

1745411082
0.0 0.0 0.0 24

1745411083
0.0 0.0 0.0 32

1745411084
0.0 0.0 0.0 34

1745411085
0.0 0.0 0.0 28

1745411086
0.0 0.0 0.0 46

1745411088
0.0 0.0 0.0 161

1745411089
0.0 0.0 0.0 909

1745411090
0.0 0.0 0.0 222

1745411091
0.0 0.0 0.0 34

1745411092
0.0 0.0 0.0 15

1745411093
0.0 0.0 0.0 34

1745411095
0.0 0.0 0.0 27

1745411096
0.0 0.0 0.0 60

1745411097
0.0 0.0 0.0 561

1745411098
0.0 0.0 0.0 172

1745411099
0.0 0.0 0.0 40

1745411100
0.0 0.0 0.0 32

1745411101
0.0 0.0 0.0 18

1745411102
0.0 0.0 0.0 28

1745411103
0.0 0.0 0.0 27

1745411104
0.0 0.0 0.0 37

1745411105
0.0 0.0 0.0 35

1745411106
0.0 0.0 0.0 42

1745411107
0.0 0.0 0.0 6

1745411108
0.0 0.0 0.0 35

1745411109
0.0 0.0 0.0 26

1745411110
0.0 0.0 0.0 23

1745411111
0.0 0.0 0.0 13

1745411112
0.0 0.0 0.0 17

1745411113
0.0 0.0 0.0 14

1745411114
0.0 0.0 0.0 14

1745411115
0.0 0.0 0.0 19

1745411116
0.0 0.0 0.0 19

1745411117
0.0 0.0 0.0 21

1745411118
0.0 0.0 0.0 26

1745411119
0.0 0.0 0.0 20

1745411120
0.0 0.0 0.0 21

1745411121
0.0 0.0 0.0 40

1745411122
0.0 0.0 0.0 13

1745411123
0.0 0.0 0.0 16

1745411124
0.0 0.0 0.0 27

1745411125
0.0 0.0 0.0 19

1745411126
0.0 0.0 0.0 25

1745411127
0.0 0.0 0.0 24

1745411129
0.0 0.0 0.0 194

1745411130
0.0 0.0 0.0 1482

1745411131
0.0 0.0 0.0 23

1745411132
0.0 0.0 0.0 46

1745411133
0.0 0.0 0.0 34

1745411134
0.0 0.0 0.0 28

1745411135
0.0 0.0 0.0 36

1745411136
0.0 0.0 0.0 52

1745411137
0.0 0.0 0.0 22

1745411138
0.0 0.0 0.0 24

1745411139
0.0 0.0 0.0 53

1745411140
0.0 0.0 0.0 49

1745411141
0.0 0.0 0.0 101

1745411142
0.0 0.0 0.0 159

1745411143
0.0 0.0 0.0 91

1745411144
0.0 0.0 0.0 24

1745411145
0.0 0.0 0.0 157

1745411146
0.0 0.0 0.0 82

1745411147
0.0 0.0 0.0 32

1745411148
0.0 0.0 0.0 10

1745411149
0.0 0.0 0.0 332

1745411150
0.0 0.0 0.0 159

1745411151
0.0 0.0 0.0 24

1745411152
0.0 0.0 0.0 25

1745411153
0.0 0.0 0.0 44

1745411154
0.0 0.0 0.0 100

1745411155
0.0 0.0 0.0 0

1745411156
0.0 0.0 0.0 125

1745411157
0.0 0.0 0.0 284

1745411158
0.0 0.0 0.0 204

1745411159
0.0 0.0 0.0 65

1745411160
0.0 0.0 0.0 258

1745411161
0.0 0.0 0.0 224

1745411162
0.0 0.0 0.0 225

1745411163
0.0 0.0 0.0 343

1745411164
0.0 0.0 0.0 281

1745411165
0.0 0.0 0.0 156

1745411166
0.0 0.0 0.0 23

1745411167
0.0 0.0 0.0 15

1745411168
0.0 0.0 0.0 211

1745411169
0.0 0.0 0.0 218

1745411170
0.0 0.0 0.0 283

1745411172
0.0 0.0 0.0 575

1745411173
0.0 0.0 0.0 179

1745411174
0.0 0.0 0.0 280

1745411175
0.0 0.0 0.0 157

1745411176
0.0 0.0 0.0 239

1745411177
0.0 0.0 0.0 199

1745411178
0.0 0.0 0.0 47

1745411179
0.0 0.0 0.0 316

1745411180
0.0 0.0 0.0 761

1745411181
0.0 0.0 0.0 958

1745411182
0.0 0.0 0.0 841

1745411183
0.0 0.0 0.0 284

1745411184
0.0 0.0 0.0 154

1745411185
0.0 0.0 0.0 261

1745411186
0.0 0.0 0.0 200

1745411187
0.0 0.0 0.0 165

1745411189
0.0 0.0 0.0 222

1745411190
0.0 0.0 0.0 36

1745411191
0.0 0.0 0.0 33

1745411192
0.0 0.0 0.0 34

1745411193
0.0 0.0 0.0 22

1745411194
0.0 0.0 0.0 14

1745411195
0.0 0.0 0.0 18

1745411196
0.0 0.0 0.0 69

1745411197
0.0 0.0 0.0 203

1745411198
0.0 0.0 0.0 333

1745411199
0.0 0.0 0.0 278

1745411200
0.0 0.0 0.0 233

1745411201
0.0 0.0 0.0 273

1745411202
0.0 0.0 0.0 0

1745411203
0.0 0.0 0.0 89

1745411204
0.0 0.0 0.0 0

1745411205
0.0 0.0 0.0 158

1745411206
0.0 0.0 0.0 263

1745411207
0.0 0.0 0.0 599

1745411208
0.0 0.0 0.0 358

1745411209
0.0 0.0 0.0 0

1745411210
0.0 0.0 0.0 119

1745411211
0.0 0.0 0.0 65

1745411212
0.0 0.0 0.0 274

1745411213
0.0 0.0 0.0 132

1745411214
0.0 0.0 0.0 143

1745411215
0.0 0.0 0.0 143

1745411216
0.0 0.0 0.0 212

1745411217
0.0 0.0 0.0 265

1745411218
0.0 0.0 0.0 132

1745411219
0.0 0.0 0.0 247

1745411220
0.0 0.0 0.0 244

1745411221
0.0 0.0 0.0 127

1745411222
0.0 0.0 0.0 120

1745411223
0.0 0.0 0.0 12

1745411224
0.0 0.0 0.0 193

1745411226
0.0 0.0 0.0 583

1745411227
0.0 0.0 0.0 231

1745411228
0.0 0.0 0.0 1124

1745411229
0.0 0.0 0.0 110

1745411230
0.0 0.0 0.0 218

1745411231
0.0 0.0 0.0 196

1745411232
0.0 0.0 0.0 93

1745411233
0.0 0.0 0.0 73

1745411234
0.0 0.0 0.0 129

1745411235
0.0 0.0 0.0 136

1745411236
0.0 0.0 0.0 211

1745411237
0.0 0.0 0.0 206

1745411238
0.0 0.0 0.0 219

1745411239
0.0 0.0 0.0 126

1745411240
0.0 0.0 0.0 99

1745411241
0.0 0.0 0.0 175

1745411242
0.0 0.0 0.0 0

1745411243
0.0 0.0 0.0 75

1745411244
0.0 0.0 0.0 1

1745411245
0.0 0.0 0.0 0

1745411246
0.0 0.0 0.0 210

1745411247
0.0 0.0 0.0 724

1745411248
0.0 0.0 0.0 495

1745411249
0.0 0.0 0.0 322

1745411250
0.0 0.0 0.0 3

1745411251
0.0 0.0 0.0 260

1745411252
0.0 0.0 0.0 213

1745411253
0.0 0.0 0.0 133

1745411254
0.0 0.0 0.0 132

1745411255
0.0 0.0 0.0 78

1745411256
0.0 0.0 0.0 464

1745411257
0.0 0.0 0.0 283

1745411258
0.0 0.0 0.0 299

1745411259
0.0 0.0 0.0 272

1745411260
0.0 0.0 0.0 155

1745411261
0.0 0.0 0.0 42

1745411262
0.0 0.0 0.0 103

1745411263
0.0 0.0 0.0 2027

1745411264
0.0 0.0 0.0 12

1745411265
0.0 0.0 0.0 11

1745411266
0.0 0.0 0.0 40

1745411267
0.0 0.0 0.0 38

1745411268
0.0 0.0 0.0 14

1745411269
0.0 0.0 0.0 683

1745411270
0.0 0.0 0.0 326

1745411272
0.0 0.0 0.0 539

1745411273
0.0 0.0 0.0 68

1745411274
0.0 0.0 0.0 160

1745411275
0.0 0.0 0.0 1868

1745411276
0.0 0.0 0.0 203

1745411277
0.0 0.0 0.0 249

1745411278
0.0 0.0 0.0 206

1745411279
0.0 0.0 0.0 226

1745411280
0.0 0.0 0.0 147

1745411281
0.0 0.0 0.0 214

1745411282
0.0 0.0 0.0 135

1745411283
0.0 0.0 0.0 133

1745411284
0.0 0.0 0.0 135

1745411285
0.0 0.0 0.0 339

1745411286
0.0 0.0 0.0 218

1745411287
0.0 0.0 0.0 308

1745411288
0.0 0.0 0.0 347

1745411289
0.0 0.0 0.0 401

1745411290
0.0 0.0 0.0 675

1745411291
0.0 0.0 0.0 786

1745411292
0.0 0.0 0.0 535

1745411293
0.0 0.0 0.0 632

1745411294
0.0 0.0 0.0 928

1745411295
0.0 0.0 0.0 721

1745411296
0.0 0.0 0.0 273

1745411297
0.0 0.0 0.0 67

1745411298
0.0 0.0 0.0 197

1745411299
0.0 0.0 0.0 179

1745411300
0.0 0.0 0.0 244

1745411301
0.0 0.0 0.0 345

1745411302
0.0 0.0 0.0 487

1745411303
0.0 0.0 0.0 247

1745411304
0.0 0.0 0.0 125

1745411305
0.0 0.0 0.0 220

1745411306
0.0 0.0 0.0 210

1745411307
0.0 0.0 0.0 177

1745411308
0.0 0.0 0.0 196

1745411309
0.0 0.0 0.0 322

1745411310
0.0 0.0 0.0 350

1745411311
0.0 0.0 0.0 280

1745411312
0.0 0.0 0.0 98

1745411314
0.0 0.0 0.0 267

1745411315
0.0 0.0 0.0 263

1745411316
0.0 0.0 0.0 306

1745411317
0.0 0.0 0.0 88

1745411318
0.0 0.0 0.0 169

1745411319
0.0 0.0 0.0 227

1745411320
0.0 0.0 0.0 349

1745411321
0.0 0.0 0.0 121

1745411322
0.0 0.0 0.0 222

1745411323
0.0 0.0 0.0 245

1745411324
0.0 0.0 0.0 504

1745411325
0.0 0.0 0.0 309

1745411326
0.0 0.0 0.0 551

1745411327
0.0 0.0 0.0 595

1745411328
0.0 0.0 0.0 472

1745411329
0.0 0.0 0.0 256

1745411330
0.0 0.0 0.0 264

1745411331
0.0 0.0 0.0 4

1745411332
0.0 0.0 0.0 644

1745411333
0.0 0.0 0.0 29

1745411334
0.0 0.0 0.0 61

1745411335
0.0 0.0 0.0 54

1745411336
0.0 0.0 0.0 128

1745411337
0.0 0.0 0.0 123

1745411338
0.0 0.0 0.0 10

1745411339
0.0 0.0 0.0 654

1745411340
0.0 0.0 0.0 267

1745411341
0.0 0.0 0.0 158

1745411342
0.0 0.0 0.0 286

1745411343
0.0 0.0 0.0 256

1745411344
0.0 0.0 0.0 134

1745411345
0.0 0.0 0.0 278

1745411346
0.0 0.0 0.0 361

1745411347
0.0 0.0 0.0 207

1745411348
0.0 0.0 0.0 216

1745411349
0.0 0.0 0.0 465

1745411350
0.0 0.0 0.0 90

1745411351
0.0 0.0 0.0 205

1745411352
0.0 0.0 0.0 272

1745411353
0.0 0.0 0.0 197

1745411354
0.0 0.0 0.0 330

1745411355
0.0 0.0 0.0 270

1745411356
0.0 0.0 0.0 200

1745411357
0.0 0.0 0.0 204

1745411358
0.0 0.0 0.0 220

1745411359
0.0 0.0 0.0 275

1745411360
0.0 0.0 0.0 260

1745411362
0.0 0.0 0.0 699

1745411363
0.0 0.0 0.0 231

1745411364
0.0 0.0 0.0 338

1745411365
0.0 0.0 0.0 198

1745411366
0.0 0.0 0.0 200

1745411367
0.0 0.0 0.0 213

1745411368
0.0 0.0 0.0 207

1745411369
0.0 0.0 0.0 194

1745411370
0.0 0.0 0.0 199

1745411371
0.0 0.0 0.0 146

1745411372
0.0 0.0 0.0 129

1745411373
0.0 0.0 0.0 66

1745411374
0.0 0.0 0.0 133

1745411375
0.0 0.0 0.0 129

1745411376
0.0 0.0 0.0 132

1745411377
0.0 0.0 0.0 66

1745411378
0.0 0.0 0.0 137

1745411379
0.0 0.0 0.0 0

1745411380
0.0 0.0 0.0 239

1745411381
0.0 0.0 0.0 78

1745411382
0.0 0.0 0.0 145

1745411383
0.0 0.0 0.0 156

1745411384
0.0 0.0 0.0 231

1745411385
0.0 0.0 0.0 295

1745411386
0.0 0.0 0.0 164

1745411387
0.0 0.0 0.0 277

1745411388
0.0 0.0 0.0 107

1745411389
0.0 0.0 0.0 197

1745411390
0.0 0.0 0.0 369

1745411391
0.0 0.0 0.0 174

1745411392
0.0 0.0 0.0 180

1745411393
0.0 0.0 0.0 84

1745411394
0.0 0.0 0.0 233

1745411396
0.0 0.0 0.0 488

1745411397
0.0 0.0 0.0 89

1745411398
0.0 0.0 0.0 333

1745411399
0.0 0.0 0.0 219

1745411400
0.0 0.0 0.0 200

1745411401
0.0 0.0 0.0 333

1745411402
0.0 0.0 0.0 39

1745411403
0.0 0.0 0.0 261

1745411404
0.0 0.0 0.0 120

1745411405
0.0 0.0 0.0 264

1745411406
0.0 0.0 0.0 208

1745411407
0.0 0.0 0.0 268

1745411408
0.0 0.0 0.0 346

1745411409
0.0 0.0 0.0 15

1745411410
0.0 0.0 0.0 10

1745411411
0.0 0.0 0.0 11

1745411412
0.0 0.0 0.0 9

1745411413
0.0 0.0 0.0 30

1745411414
0.0 0.0 0.0 19

1745411415
0.0 0.0 0.0 6

1745411416
0.0 0.0 0.0 13

1745411417
0.0 0.0 0.0 11

1745411418
0.0 0.0 0.0 63

1745411419
0.0 0.0 0.0 77

1745411420
0.0 0.0 0.0 2

1745411421
0.0 0.0 0.0 265

1745411422
0.0 0.0 0.0 66

1745411423
0.0 0.0 0.0 74

1745411424
0.0 0.0 0.0 80

1745411425
0.0 0.0 0.0 82

1745411426
0.0 0.0 0.0 0

1745411427
0.0 0.0 0.0 271

1745411428
0.0 0.0 0.0 87

1745411429
0.0 0.0 0.0 276

1745411430
0.0 0.0 0.0 82

1745411431
0.0 0.0 0.0 273

1745411432
0.0 0.0 0.0 141

1745411433
0.0 0.0 0.0 140

1745411434
0.0 0.0 0.0 179

1745411435
0.0 0.0 0.0 88

1745411436
0.0 0.0 0.0 85

1745411437
0.0 0.0 0.0 56

1745411438
0.0 0.0 0.0 96

1745411439
0.0 0.0 0.0 96

1745411440
0.0 0.0 0.0 72

1745411441
0.0 0.0 0.0 76

1745411442
0.0 0.0 0.0 73

1745411443
0.0 0.0 0.0 67

1745411444
0.0 0.0 0.0 55

1745411445
0.0 0.0 0.0 60

1745411446
0.0 0.0 0.0 70

1745411447
0.0 0.0 0.0 68

1745411448
0.0 0.0 0.0 93

1745411449
0.0 0.0 0.0 212

1745411450
0.0 0.0 0.0 205

1745411452
0.0 0.0 0.0 474

1745411453
0.0 0.0 0.0 262

1745411454
0.0 0.0 0.0 186

1745411455
0.0 0.0 0.0 138

1745411456
0.0 0.0 0.0 66

1745411457
0.0 0.0 0.0 289

1745411458
0.0 0.0 0.0 137

1745411459
0.0 0.0 0.0 138

1745411460
0.0 0.0 0.0 135

1745411461
0.0 0.0 0.0 67

1745411462
0.0 0.0 0.0 129

1745411463
0.0 0.0 0.0 66

1745411464
0.0 0.0 0.0 69

1745411465
0.0 0.0 0.0 276

1745411466
0.0 0.0 0.0 64

1745411468
0.0 0.0 0.0 420

1745411469
0.0 0.0 0.0 269

1745411470
0.0 0.0 0.0 142

1745411471
0.0 0.0 0.0 205

1745411472
0.0 0.0 0.0 196

1745411473
0.0 0.0 0.0 218

1745411474
0.0 0.0 0.0 0

1745411475
0.0 0.0 0.0 0

1745411476
0.0 0.0 0.0 0

1745411477
0.0 0.0 0.0 294

1745411478
0.0 0.0 0.0 359

1745411479
0.0 0.0 0.0 110

1745411480
0.0 0.0 0.0 299

1745411481
0.0 0.0 0.0 190

1745411482
0.0 0.0 0.0 202

1745411483
0.0 0.0 0.0 270

1745411485
0.0 0.0 0.0 134

1745411486
0.0 0.0 0.0 91

1745411487
0.0 0.0 0.0 287

1745411488
0.0 0.0 0.0 197

1745411489
0.0 0.0 0.0 85

1745411490
0.0 0.0 0.0 131

1745411491
0.0 0.0 0.0 116

1745411492
0.0 0.0 0.0 193

1745411493
0.0 0.0 0.0 64

1745411494
0.0 0.0 0.0 64

1745411495
0.0 0.0 0.0 134

1745411497
0.0 0.0 0.0 437

1745411498
0.0 0.0 0.0 4

1745411499
0.0 0.0 0.0 1

1745411501
0.0 0.0 0.0 398

1745411502
0.0 0.0 0.0 345

1745411503
0.0 0.0 0.0 166

1745411504
0.0 0.0 0.0 195

1745411505
0.0 0.0 0.0 132

1745411506
0.0 0.0 0.0 68

1745411507
0.0 0.0 0.0 0

1745411508
0.0 0.0 0.0 0

1745411509
0.0 0.0 0.0 0

1745411510
0.0 0.0 0.0 0

1745411511
0.0 0.0 0.0 0

1745411512
0.0 0.0 0.0 237

1745411513
0.0 0.0 0.0 154

1745411514
0.0 0.0 0.0 160

1745411515
0.0 0.0 0.0 296

1745411516
0.0 0.0 0.0 221

1745411517
0.0 0.0 0.0 470

1745411518
0.0 0.0 0.0 199

1745411519
0.0 0.0 0.0 72

1745411520
0.0 0.0 0.0 269

1745411521
0.0 0.0 0.0 201

1745411522
0.0 0.0 0.0 269

1745411523
0.0 0.0 0.0 130

1745411524
0.0 0.0 0.0 199

1745411525
0.0 0.0 0.0 213

1745411527
0.0 0.0 0.0 417

1745411528
0.0 0.0 0.0 136

1745411529
0.0 0.0 0.0 67

1745411530
0.0 0.0 0.0 202

1745411531
0.0 0.0 0.0 66

1745411532
0.0 0.0 0.0 135

1745411533
0.0 0.0 0.0 196

1745411534
0.0 0.0 0.0 198

1745411535
0.0 0.0 0.0 133

1745411536
0.0 0.0 0.0 69

1745411537
0.0 0.0 0.0 194

1745411538
0.0 0.0 0.0 0

1745411539
0.0 0.0 0.0 38

1745411540
0.0 0.0 0.0 140

1745411541
0.0 0.0 0.0 0

1745411542
0.0 0.0 0.0 229

1745411543
0.0 0.0 0.0 74

1745411544
0.0 0.0 0.0 215

1745411545
0.0 0.0 0.0 76

1745411546
0.0 0.0 0.0 78

1745411547
0.0 0.0 0.0 244

1745411549
0.0 0.0 0.0 171

1745411550
0.0 0.0 0.0 146

1745411551
0.0 0.0 0.0 108

1745411552
0.0 0.0 0.0 95

1745411553
0.0 0.0 0.0 83

1745411554
0.0 0.0 0.0 113

1745411555
0.0 0.0 0.0 137

1745411556
0.0 0.0 0.0 118

1745411557
0.0 0.0 0.0 320

1745411558
0.0 0.0 0.0 71

1745411559
0.0 0.0 0.0 200

1745411560
0.0 0.0 0.0 264

1745411561
0.0 0.0 0.0 200

1745411562
0.0 0.0 0.0 196

1745411563
0.0 0.0 0.0 162

1745411564
0.0 0.0 0.0 33

1745411565
0.0 0.0 0.0 68

1745411566
0.0 0.0 0.0 142

1745411567
0.0 0.0 0.0 70

1745411569
0.0 0.0 0.0 479

1745411570
0.0 0.0 0.0 116

1745411571
0.0 0.0 0.0 260

1745411572
0.0 0.0 0.0 177

1745411573
0.0 0.0 0.0 133

1745411574
0.0 0.0 0.0 139

1745411575
0.0 0.0 0.0 70

1745411576
0.0 0.0 0.0 277

1745411577
0.0 0.0 0.0 66

1745411579
0.0 0.0 0.0 97

1745411580
0.0 0.0 0.0 177

1745411581
0.0 0.0 0.0 162

1745411582
0.0 0.0 0.0 614

1745411583
0.0 0.0 0.0 67

1745411584
0.0 0.0 0.0 282

1745411585
0.0 0.0 0.0 222

1745411586
0.0 0.0 0.0 0

1745411587
0.0 0.0 0.0 197

1745411589
0.0 0.0 0.0 267

1745411590
0.0 0.0 0.0 220

1745411591
0.0 0.0 0.0 70

1745411592
0.0 0.0 0.0 200

1745411593
0.0 0.0 0.0 68

1745411594
0.0 0.0 0.0 204

1745411595
0.0 0.0 0.0 135

1745411596
0.0 0.0 0.0 196

1745411597
0.0 0.0 0.0 135

1745411598
0.0 0.0 0.0 79

1745411599
0.0 0.0 0.0 131

1745411601
0.0 0.0 0.0 402

1745411602
0.0 0.0 0.0 199

1745411603
0.0 0.0 0.0 204

1745411604
0.0 0.0 0.0 276

1745411606
0.0 0.0 0.0 767

1745411607
0.0 0.0 0.0 0

1745411608
0.0 0.0 0.0 156

1745411609
0.0 0.0 0.0 150

1745411610
0.0 0.0 0.0 182

1745411611
0.0 0.0 0.0 0

1745411612
0.0 0.0 0.0 385

1745411613
0.0 0.0 0.0 310

1745411614
0.0 0.0 0.0 372

1745411615
0.0 0.0 0.0 318

1745411616
0.0 0.0 0.0 0

1745411618
0.0 0.0 0.0 197

1745411619
0.0 0.0 0.0 130

1745411620
0.0 0.0 0.0 188

1745411621
0.0 0.0 0.0 259

1745411622
0.0 0.0 0.0 266

1745411623
0.0 0.0 0.0 263

1745411624
0.0 0.0 0.0 137

1745411625
0.0 0.0 0.0 131

1745411626
0.0 0.0 0.0 198

1745411627
0.0 0.0 0.0 195

1745411628
0.0 0.0 0.0 77

1745411629
0.0 0.0 0.0 135

1745411630
0.0 0.0 0.0 197

1745411631
0.0 0.0 0.0 197

1745411632
0.0 0.0 0.0 201

1745411633
0.0 0.0 0.0 130

1745411634
0.0 0.0 0.0 262

1745411635
0.0 0.0 0.0 73

1745411636
0.0 0.0 0.0 246

1745411637
0.0 0.0 0.0 257

1745411638
0.0 0.0 0.0 264

1745411639
0.0 0.0 0.0 135

1745411640
0.0 0.0 0.0 195

1745411641
0.0 0.0 0.0 321

1745411642
0.0 0.0 0.0 256

1745411643
0.0 0.0 0.0 136

1745411644
0.0 0.0 0.0 195

1745411645
0.0 0.0 0.0 132

1745411646
0.0 0.0 0.0 217

1745411647
0.0 0.0 0.0 256

1745411648
0.0 0.0 0.0 207

1745411649
0.0 0.0 0.0 325

1745411650
0.0 0.0 0.0 196

1745411651
0.0 0.0 0.0 288

1745411652
0.0 0.0 0.0 1

1745411653
0.0 0.0 0.0 0

1745411654
0.0 0.0 0.0 65

1745411655
0.0 0.0 0.0 0

1745411656
0.0 0.0 0.0 0

1745411657
0.0 0.0 0.0 319

1745411658
0.0 0.0 0.0 210

1745411659
0.0 0.0 0.0 288

1745411660
0.0 0.0 0.0 332

1745411661
0.0 0.0 0.0 65

1745411662
0.0 0.0 0.0 65

1745411663
0.0 0.0 0.0 0

1745411664
0.0 0.0 0.0 65

1745411665
0.0 0.0 0.0 0

1745411666
0.0 0.0 0.0 64

1745411667
0.0 0.0 0.0 64

1745411668
0.0 0.0 0.0 362

1745411669
0.0 0.0 0.0 1451

1745411670
0.0 0.0 0.0 67

1745411671
0.0 0.0 0.0 142

1745411672
0.0 0.0 0.0 159

1745411673
0.0 0.0 0.0 125

1745411674
0.0 0.0 0.0 223

1745411675
0.0 0.0 0.0 221

1745411676
0.0 0.0 0.0 165

1745411677
0.0 0.0 0.0 324

1745411678
0.0 0.0 0.0 138

1745411679
0.0 0.0 0.0 219

1745411680
0.0 0.0 0.0 256

1745411681
0.0 0.0 0.0 275

1745411682
0.0 0.0 0.0 321

1745411683
0.0 0.0 0.0 217

1745411684
0.0 0.0 0.0 292

1745411685
0.0 0.0 0.0 164

1745411686
0.0 0.0 0.0 117

1745411687
0.0 0.0 0.0 134

1745411688
0.0 0.0 0.0 83

1745411689
0.0 0.0 0.0 30

1745411690
0.0 0.0 0.0 0

1745411691
0.0 0.0 0.0 325

1745411692
0.0 0.0 0.0 607

1745411693
0.0 0.0 0.0 432

1745411694
0.0 0.0 0.0 13

1745411695
0.0 0.0 0.0 226

1745411696
0.0 0.0 0.0 161

1745411697
0.0 0.0 0.0 283

1745411698
0.0 0.0 0.0 244

1745411699
0.0 0.0 0.0 279

1745411701
0.0 0.0 0.0 416

1745411702
0.0 0.0 0.0 23

1745411703
0.0 0.0 0.0 24

1745411704
0.0 0.0 0.0 91

1745411706
0.0 0.0 0.0 32

1745411707
0.0 0.0 0.0 12

1745411708
0.0 0.0 0.0 30

1745411709
0.0 0.0 0.0 16

1745411710
0.0 0.0 0.0 57

1745411712
0.0 0.0 0.0 373

1745411713
0.0 0.0 0.0 214

1745411715
0.0 0.0 0.0 461

1745411717
0.0 0.0 0.0 454

1745411718
0.0 0.0 0.0 218

1745411719
0.0 0.0 0.0 215

1745411720
0.0 0.0 0.0 291

1745411721
0.0 0.0 0.0 341

1745411722
0.0 0.0 0.0 285

1745411723
0.0 0.0 0.0 249

1745411724
0.0 0.0 0.0 240

1745411725
0.0 0.0 0.0 158

1745411726
0.0 0.0 0.0 222

1745411727
0.0 0.0 0.0 347

1745411728
0.0 0.0 0.0 211

1745411730
0.0 0.0 0.0 558

1745411731
0.0 0.0 0.0 275

1745411732
0.0 0.0 0.0 199

1745411733
0.0 0.0 0.0 398

1745411734
0.0 0.0 0.0 214

1745411735
0.0 0.0 0.0 85

1745411736
0.0 0.0 0.0 235

1745411737
0.0 0.0 0.0 135

1745411738
0.0 0.0 0.0 0

1745411739
0.0 0.0 0.0 80

1745411740
0.0 0.0 0.0 66

1745411741
0.0 0.0 0.0 275

1745411742
0.0 0.0 0.0 495

1745411743
0.0 0.0 0.0 402

1745411744
0.0 0.0 0.0 273

1745411745
0.0 0.0 0.0 626

1745411746
0.0 0.0 0.0 647

1745411747
0.0 0.0 0.0 509

1745411748
0.0 0.0 0.0 624

1745411749
0.0 0.0 0.0 636

1745411750
0.0 0.0 0.0 464

1745411751
0.0 0.0 0.0 303

1745411752
0.0 0.0 0.0 498

1745411754
0.0 0.0 0.0 1041

1745411755
0.0 0.0 0.0 301

1745411756
0.0 0.0 0.0 310

1745411757
0.0 0.0 0.0 497

1745411758
0.0 0.0 0.0 364

1745411759
0.0 0.0 0.0 481

1745411760
0.0 0.0 0.0 322

1745411761
0.0 0.0 0.0 341

1745411762
0.0 0.0 0.0 153

1745411763
0.0 0.0 0.0 3881

1745411764
0.0 0.0 0.0 1594

1745411765
0.0 0.0 0.0 1452

1745411766
0.0 0.0 0.0 1450

1745411767
0.0 0.0 0.0 347

1745411768
0.0 0.0 0.0 761

1745411769
0.0 0.0 0.0 100

1745411770
0.0 0.0 0.0 172

1745411771
0.0 0.0 0.0 132

1745411772
0.0 0.0 0.0 66

1745411773
0.0 0.0 0.0 0

1745411774
0.0 0.0 0.0 0

1745411775
0.0 0.0 0.0 0

1745411776
0.0 0.0 0.0 0

1745411777
0.0 0.0 0.0 0

1745411778
0.0 0.0 0.0 20

1745411779
0.0 0.0 0.0 19

1745411780
0.0 0.0 0.0 16

1745411781
0.0 0.0 0.0 18

1745411782
0.0 0.0 0.0 46

1745411783
0.0 0.0 0.0 19

1745411784
0.0 0.0 0.0 101

1745411786
0.0 0.0 0.0 545

1745411788
0.0 0.0 0.0 393

1745411789
0.0 0.0 0.0 39

1745411790
0.0 0.0 0.0 63

1745411791
0.0 0.0 0.0 18

1745411792
0.0 0.0 0.0 621

1745411793
0.0 0.0 0.0 213

1745411794
0.0 0.0 0.0 1

1745411795
0.0 0.0 0.0 0

1745411796
0.0 0.0 0.0 1

1745411797
0.0 0.0 0.0 1

1745411798
0.0 0.0 0.0 0

1745411799
0.0 0.0 0.0 7

1745411800
0.0 0.0 0.0 53

1745411801
0.0 0.0 0.0 54

1745411803
0.0 0.0 0.0 662

1745411804
0.0 0.0 0.0 3328

1745411806
0.0 0.0 0.0 440

1745411807
0.0 0.0 0.0 75

1745411808
0.0 0.0 0.0 32

1745411809
0.0 0.0 0.0 93

1745411810
0.0 0.0 0.0 97

1745411811
0.0 0.0 0.0 93

1745411812
0.0 0.0 0.0 101

1745411813
0.0 0.0 0.0 189

1745411814
0.0 0.0 0.0 27

1745411815
0.0 0.0 0.0 32

1745411816
0.0 0.0 0.0 77

1745411817
0.0 0.0 0.0 59

1745411818
0.0 0.0 0.0 42

1745411819
0.0 0.0 0.0 87

1745411820
0.0 0.0 0.0 58

1745411821
0.0 0.0 0.0 68

1745411822
0.0 0.0 0.0 22

1745411823
0.0 0.0 0.0 39

1745411824
0.0 0.0 0.0 76

1745411825
0.0 0.0 0.0 144

1745411826
0.0 0.0 0.0 157

1745411827
0.0 0.0 0.0 101

1745411828
0.0 0.0 0.0 23

1745411829
0.0 0.0 0.0 74

1745411830
0.0 0.0 0.0 2724

1745411831
0.0 0.0 0.0 0

1745411832
0.0 0.0 0.0 0

1745411833
0.0 0.0 0.0 0

1745411834
0.0 0.0 0.0 0

1745411835
0.0 0.0 0.0 10

1745411836
0.0 0.0 0.0 81

1745411837
0.0 0.0 0.0 75

1745411838
0.0 0.0 0.0 3

1745411839
0.0 0.0 0.0 1

1745411840
0.0 0.0 0.0 0

1745411841
0.0 0.0 0.0 0

1745411842
0.0 0.0 0.0 0

1745411843
0.0 0.0 0.0 0

1745411844
0.0 0.0 0.0 0

1745411845
0.0 0.0 0.0 0

1745411846
0.0 0.0 0.0 0

1745411847
0.0 0.0 0.0 0

1745411848
0.0 0.0 0.0 0

1745411849
0.0 0.0 0.0 0

1745411850
0.0 0.0 0.0 0

1745411851
0.0 0.0 0.0 0

1745411852
0.0 0.0 0.0 2

1745411853
0.0 0.0 0.0 0

1745411854
0.0 0.0 0.0 0

1745411855
0.0 0.0 0.0 0

1745411856
0.0 0.0 0.0 0

1745411857
0.0 0.0 0.0 0

1745411858
0.0 0.0 0.0 0

1745411859
0.0 0.0 0.0 0

1745411860
0.0 0.0 0.0 0

1745411861
0.0 0.0 0.0 221

1745411862
0.0 0.0 0.0 128

1745411863
0.0 0.0 0.0 0

1745411865
0.0 0.0 0.0 0

1745411866
0.0 0.0 0.0 6

1745411867
0.0 0.0 0.0 0

1745411868
0.0 0.0 0.0 0

1745411869
0.0 0.0 0.0 0

1745411870
0.0 0.0 0.0 68

1745411871
0.0 0.0 0.0 64

1745411872
0.0 0.0 0.0 0

1745411873
0.0 0.0 0.0 0

1745411874
0.0 0.0 0.0 0

1745411875
0.0 0.0 0.0 0

1745411876
0.0 0.0 0.0 5

1745411877
0.0 0.0 0.0 0

1745411878
0.0 0.0 0.0 0

1745411879
0.0 0.0 0.0 0

1745411880
0.0 0.0 0.0 0

1745411881
0.0 0.0 0.0 0

1745411882
0.0 0.0 0.0 2

1745411883
0.0 0.0 0.0 107

1745411884
0.0 0.0 0.0 384

1745411885
0.0 0.0 0.0 0

1745411886
0.0 0.0 0.0 75

1745411887
0.0 0.0 0.0 0

1745411888
0.0 0.0 0.0 1

1745411889
0.0 0.0 0.0 0

1745411890
0.0 0.0 0.0 72

1745411891
0.0 0.0 0.0 132

1745411892
0.0 0.0 0.0 55

1745411893
0.0 0.0 0.0 0

1745411894
0.0 0.0 0.0 0

1745411895
0.0 0.0 0.0 0

1745411896
0.0 0.0 0.0 29

1745411897
0.0 0.0 0.0 1

1745411898
0.0 0.0 0.0 26

1745411899
0.0 0.0 0.0 3

1745411900
0.0 0.0 0.0 5

1745411901
0.0 0.0 0.0 80

1745411903
0.0 0.0 0.0 0

1745411904
0.0 0.0 0.0 0

1745411905
0.0 0.0 0.0 67

1745411906
0.0 0.0 0.0 0

1745411907
0.0 0.0 0.0 0

1745411908
0.0 0.0 0.0 0

1745411909
0.0 0.0 0.0 0

1745411910
0.0 0.0 0.0 1

1745411911
0.0 0.0 0.0 0

1745411913
0.0 0.0 0.0 0

1745411914
0.0 0.0 0.0 1

1745411915
0.0 0.0 0.0 1

1745411916
0.0 0.0 0.0 0

1745411917
0.0 0.0 0.0 0

1745411918
0.0 0.0 0.0 1

1745411919
0.0 0.0 0.0 0

1745411920
0.0 0.0 0.0 0

1745411921
0.0 0.0 0.0 0

1745411922
0.0 0.0 0.0 5

1745411923
0.0 0.0 0.0 0

1745411924
0.0 0.0 0.0 0

1745411925
0.0 0.0 0.0 133

1745411926
0.0 0.0 0.0 65

1745411927
0.0 0.0 0.0 0

1745411928
0.0 0.0 0.0 128

1745411929
0.0 0.0 0.0 67

1745411930
0.0 0.0 0.0 0

1745411931
0.0 0.0 0.0 0

1745411932
0.0 0.0 0.0 0

1745411933
0.0 0.0 0.0 0

1745411934
0.0 0.0 0.0 0

1745411935
0.0 0.0 0.0 259

1745411936
0.0 0.0 0.0 66

1745411937
0.0 0.0 0.0 66

1745411938
0.0 0.0 0.0 0

1745411939
0.0 0.0 0.0 193

1745411940
0.0 0.0 0.0 0

1745411941
0.0 0.0 0.0 136

1745411942
0.0 0.0 0.0 123

1745411943
0.0 0.0 0.0 193

1745411944
0.0 0.0 0.0 64

1745411945
0.0 0.0 0.0 0

1745411946
0.0 0.0 0.0 134

1745411947
0.0 0.0 0.0 1

1745411948
0.0 0.0 0.0 71

1745411949
0.0 0.0 0.0 0

1745411950
0.0 0.0 0.0 784

1745411951
0.0 0.0 0.0 1481

1745411952
0.0 0.0 0.0 351

1745411953
0.0 0.0 0.0 491

1745411954
0.0 0.0 0.0 457

1745411955
0.0 0.0 0.0 0

1745411956
0.0 0.0 0.0 879

1745411957
0.0 0.0 0.0 322

1745411958
0.0 0.0 0.0 0

1745411959
0.0 0.0 0.0 0

1745411960
0.0 0.0 0.0 0

1745411961
0.0 0.0 0.0 0

1745411962
0.0 0.0 0.0 2

1745411963
0.0 0.0 0.0 185

1745411964
0.0 0.0 0.0 80

1745411965
0.0 0.0 0.0 1

1745411966
0.0 0.0 0.0 9

1745411967
0.0 0.0 0.0 68

1745411968
0.0 0.0 0.0 6

1745411969
0.0 0.0 0.0 129

1745411970
0.0 0.0 0.0 0

1745411971
0.0 0.0 0.0 65

1745411972
0.0 0.0 0.0 174

1745411973
0.0 0.0 0.0 66

1745411974
0.0 0.0 0.0 0

1745411975
0.0 0.0 0.0 1

1745411976
0.0 0.0 0.0 0

1745411977
0.0 0.0 0.0 0

1745411978
0.0 0.0 0.0 3

1745411979
0.0 0.0 0.0 65

1745411980
0.0 0.0 0.0 3

1745411981
0.0 0.0 0.0 128

1745411982
0.0 0.0 0.0 66

1745411983
0.0 0.0 0.0 64

1745411984
0.0 0.0 0.0 63

1745411985
0.0 0.0 0.0 1

1745411986
0.0 0.0 0.0 183

1745411987
0.0 0.0 0.0 85

1745411988
0.0 0.0 0.0 126

1745411989
0.0 0.0 0.0 65

1745411990
0.0 0.0 0.0 233

1745411991
0.0 0.0 0.0 220

1745411992
0.0 0.0 0.0 71

1745411993
0.0 0.0 0.0 0

1745411994
0.0 0.0 0.0 0

1745411995
0.0 0.0 0.0 1

1745411996
0.0 0.0 0.0 2

1745411997
0.0 0.0 0.0 73

1745411998
0.0 0.0 0.0 0

1745411999
0.0 0.0 0.0 0

1745412000
0.0 0.0 0.0 0

1745412001
0.0 0.0 0.0 0

1745412002
0.0 0.0 0.0 65

1745412003
0.0 0.0 0.0 0

1745412004
0.0 0.0 0.0 3

1745412005
0.0 0.0 0.0 0

1745412006
0.0 0.0 0.0 0

1745412007
0.0 0.0 0.0 0

1745412008
0.0 0.0 0.0 65

1745412009
0.0 0.0 0.0 686

1745412010
0.0 0.0 0.0 286

1745412011
0.0 0.0 0.0 134

1745412012
0.0 0.0 0.0 207

1745412013
0.0 0.0 0.0 0

1745412014
0.0 0.0 0.0 66

1745412015
0.0 0.0 0.0 65

1745412016
0.0 0.0 0.0 0

1745412017
0.0 0.0 0.0 0

1745412018
0.0 0.0 0.0 0

1745412019
0.0 0.0 0.0 71

1745412020
0.0 0.0 0.0 2

1745412021
0.0 0.0 0.0 12

1745412022
0.0 0.0 0.0 0

1745412023
0.0 0.0 0.0 0

1745412024
0.0 0.0 0.0 0

1745412025
0.0 0.0 0.0 0

1745412026
0.0 0.0 0.0 66

1745412027
0.0 0.0 0.0 0

1745412028
0.0 0.0 0.0 0

1745412029
0.0 0.0 0.0 0

1745412030
0.0 0.0 0.0 1

1745412031
0.0 0.0 0.0 0

1745412032
0.0 0.0 0.0 0

1745412033
0.0 0.0 0.0 0

1745412034
0.0 0.0 0.0 65

1745412035
0.0 0.0 0.0 0

1745412036
0.0 0.0 0.0 80

1745412037
0.0 0.0 0.0 123

1745412038
0.0 0.0 0.0 230

1745412039
0.0 0.0 0.0 192

1745412040
0.0 0.0 0.0 192

1745412041
0.0 0.0 0.0 193

1745412042
0.0 0.0 0.0 183

1745412043
0.0 0.0 0.0 128

1745412044
0.0 0.0 0.0 188

1745412045
0.0 0.0 0.0 83

1745412046
0.0 0.0 0.0 1

1745412047
0.0 0.0 0.0 2

1745412048
0.0 0.0 0.0 127

1745412049
0.0 0.0 0.0 190

1745412050
0.0 0.0 0.0 63

1745412051
0.0 0.0 0.0 196

1745412052
0.0 0.0 0.0 255

1745412053
0.0 0.0 0.0 193

1745412054
0.0 0.0 0.0 127

1745412055
0.0 0.0 0.0 264

1745412056
0.0 0.0 0.0 188

1745412057
0.0 0.0 0.0 128

1745412058
0.0 0.0 0.0 63

1745412059
0.0 0.0 0.0 128

1745412060
0.0 0.0 0.0 192

1745412061
0.0 0.0 0.0 191

1745412062
0.0 0.0 0.0 127

1745412063
0.0 0.0 0.0 152

1745412064
0.0 0.0 0.0 127

1745412065
0.0 0.0 0.0 129

1745412066
0.0 0.0 0.0 2

1745412067
0.0 0.0 0.0 2

1745412068
0.0 0.0 0.0 56

1745412069
0.0 0.0 0.0 256

1745412070
0.0 0.0 0.0 127

1745412071
0.0 0.0 0.0 186

1745412072
0.0 0.0 0.0 192

1745412073
0.0 0.0 0.0 128

1745412074
0.0 0.0 0.0 122

1745412075
0.0 0.0 0.0 128

1745412076
0.0 0.0 0.0 195

1745412077
0.0 0.0 0.0 128

1745412078
0.0 0.0 0.0 127

1745412080
0.0 0.0 0.0 328

1745412081
0.0 0.0 0.0 65

1745412082
0.0 0.0 0.0 258

1745412083
0.0 0.0 0.0 127

1745412084
0.0 0.0 0.0 195

1745412085
0.0 0.0 0.0 191

1745412086
0.0 0.0 0.0 127

1745412087
0.0 0.0 0.0 129

1745412088
0.0 0.0 0.0 191

1745412089
0.0 0.0 0.0 126

1745412090
0.0 0.0 0.0 189

1745412091
0.0 0.0 0.0 128

1745412092
0.0 0.0 0.0 128

1745412093
0.0 0.0 0.0 128

1745412094
0.0 0.0 0.0 192

1745412095
0.0 0.0 0.0 128

1745412096
0.0 0.0 0.0 263

1745412097
0.0 0.0 0.0 128

1745412098
0.0 0.0 0.0 191

1745412099
0.0 0.0 0.0 127

1745412100
0.0 0.0 0.0 175

1745412101
0.0 0.0 0.0 94

1745412102
0.0 0.0 0.0 198

1745412103
0.0 0.0 0.0 127

1745412104
0.0 0.0 0.0 129

1745412105
0.0 0.0 0.0 0

1745412106
0.0 0.0 0.0 0

1745412107
0.0 0.0 0.0 0

1745412108
0.0 0.0 0.0 0

1745412109
0.0 0.0 0.0 0

1745412110
0.0 0.0 0.0 0

1745412111
0.0 0.0 0.0 0

1745412112
0.0 0.0 0.0 0

1745412113
0.0 0.0 0.0 0

1745412114
0.0 0.0 0.0 0

1745412115
0.0 0.0 0.0 0

1745412116
0.0 0.0 0.0 0

1745412117
0.0 0.0 0.0 0

1745412118
0.0 0.0 0.0 0

1745412119
0.0 0.0 0.0 0

1745412120
0.0 0.0 0.0 0

1745412121
0.0 0.0 0.0 0

1745412122
0.0 0.0 0.0 0

1745412123
0.0 0.0 0.0 0

1745412124
0.0 0.0 0.0 132

1745412125
0.0 0.0 0.0 2

1745412126
0.0 0.0 0.0 6

1745412127
0.0 0.0 0.0 0

1745412128
0.0 0.0 0.0 78

1745412129
0.0 0.0 0.0 0

1745412130
0.0 0.0 0.0 0

1745412131
0.0 0.0 0.0 0

1745412132
0.0 0.0 0.0 0

1745412133
0.0 0.0 0.0 0

1745412134
0.0 0.0 0.0 1

1745412135
0.0 0.0 0.0 0

1745412136
0.0 0.0 0.0 0

1745412137
0.0 0.0 0.0 0

1745412138
0.0 0.0 0.0 0

1745412139
0.0 0.0 0.0 0

1745412140
0.0 0.0 0.0 0

1745412141
0.0 0.0 0.0 0

1745412142
0.0 0.0 0.0 67

1745412143
0.0 0.0 0.0 0

1745412144
0.0 0.0 0.0 0

1745412145
0.0 0.0 0.0 0

1745412146
0.0 0.0 0.0 91

1745412147
0.0 0.0 0.0 64

1745412148
0.0 0.0 0.0 0

1745412149
0.0 0.0 0.0 7

1745412150
0.0 0.0 0.0 0

1745412151
0.0 0.0 0.0 0

1745412152
0.0 0.0 0.0 54

1745412153
0.0 0.0 0.0 0

1745412154
0.0 0.0 0.0 82

1745412155
0.0 0.0 0.0 0

1745412156
0.0 0.0 0.0 0

1745412157
0.0 0.0 0.0 0

1745412158
0.0 0.0 0.0 0

1745412159
0.0 0.0 0.0 0

1745412160
0.0 0.0 0.0 0

1745412161
0.0 0.0 0.0 0

1745412162
0.0 0.0 0.0 0

1745412163
0.0 0.0 0.0 0

1745412164
0.0 0.0 0.0 0

1745412165
0.0 0.0 0.0 74

1745412166
0.0 0.0 0.0 0

1745412167
0.0 0.0 0.0 133

1745412168
0.0 0.0 0.0 0

1745412169
0.0 0.0 0.0 0

1745412170
0.0 0.0 0.0 0

1745412171
0.0 0.0 0.0 0

1745412172
0.0 0.0 0.0 0

1745412173
0.0 0.0 0.0 0

1745412174
0.0 0.0 0.0 0

1745412175
0.0 0.0 0.0 125

1745412176
0.0 0.0 0.0 75

1745412177
0.0 0.0 0.0 0

1745412178
0.0 0.0 0.0 0

1745412179
0.0 0.0 0.0 0

1745412180
0.0 0.0 0.0 0

1745412181
0.0 0.0 0.0 0

1745412182
0.0 0.0 0.0 0

1745412183
0.0 0.0 0.0 69

1745412185
0.0 0.0 0.0 0

1745412186
0.0 0.0 0.0 0

1745412187
0.0 0.0 0.0 0

1745412188
0.0 0.0 0.0 5

1745412189
0.0 0.0 0.0 0

1745412190
0.0 0.0 0.0 0

1745412191
0.0 0.0 0.0 0

1745412192
0.0 0.0 0.0 0

1745412193
0.0 0.0 0.0 0

1745412194
0.0 0.0 0.0 0

1745412195
0.0 0.0 0.0 0

1745412196
0.0 0.0 0.0 0

1745412197
0.0 0.0 0.0 0

1745412198
0.0 0.0 0.0 69

1745412199
0.0 0.0 0.0 0

1745412200
0.0 0.0 0.0 0

1745412201
0.0 0.0 0.0 0

1745412202
0.0 0.0 0.0 135

1745412203
0.0 0.0 0.0 4

1745412204
0.0 0.0 0.0 0

1745412205
0.0 0.0 0.0 0

1745412206
0.0 0.0 0.0 0

1745412207
0.0 0.0 0.0 0

1745412209
0.0 0.0 0.0 1

1745412210
0.0 0.0 0.0 0

1745412211
0.0 0.0 0.0 0

1745412212
0.0 0.0 0.0 1

1745412213
0.0 0.0 0.0 0

1745412214
0.0 0.0 0.0 66

1745412215
0.0 0.0 0.0 0

1745412216
0.0 0.0 0.0 0

1745412217
0.0 0.0 0.0 1

1745412218
0.0 0.0 0.0 0

1745412219
0.0 0.0 0.0 0

1745412220
0.0 0.0 0.0 1

1745412221
0.0 0.0 0.0 1

1745412222
0.0 0.0 0.0 0

1745412223
0.0 0.0 0.0 0

1745412224
0.0 0.0 0.0 9

1745412225
0.0 0.0 0.0 0

1745412226
0.0 0.0 0.0 0

1745412227
0.0 0.0 0.0 0

1745412228
0.0 0.0 0.0 0

1745412229
0.0 0.0 0.0 0

1745412230
0.0 0.0 0.0 0

1745412231
0.0 0.0 0.0 0

1745412232
0.0 0.0 0.0 65

1745412233
0.0 0.0 0.0 0

1745412234
0.0 0.0 0.0 6

1745412235
0.0 0.0 0.0 64

1745412236
0.0 0.0 0.0 0

1745412237
0.0 0.0 0.0 0

1745412238
0.0 0.0 0.0 0

1745412239
0.0 0.0 0.0 79

1745412240
0.0 0.0 0.0 0

1745412241
0.0 0.0 0.0 66

1745412242
0.0 0.0 0.0 0

1745412243
0.0 0.0 0.0 0

1745412244
0.0 0.0 0.0 149

1745412245
0.0 0.0 0.0 0

1745412246
0.0 0.0 0.0 0

1745412247
0.0 0.0 0.0 65

1745412248
0.0 0.0 0.0 0

1745412249
0.0 0.0 0.0 0

1745412250
0.0 0.0 0.0 60

1745412251
0.0 0.0 0.0 0

1745412252
0.0 0.0 0.0 0

1745412253
0.0 0.0 0.0 0

1745412254
0.0 0.0 0.0 0

1745412255
0.0 0.0 0.0 0

1745412256
0.0 0.0 0.0 0

1745412257
0.0 0.0 0.0 0

1745412258
0.0 0.0 0.0 0

1745412259
0.0 0.0 0.0 1

1745412260
0.0 0.0 0.0 12

1745412261
0.0 0.0 0.0 63

1745412262
0.0 0.0 0.0 8

1745412263
0.0 0.0 0.0 67

1745412264
0.0 0.0 0.0 52

1745412265
0.0 0.0 0.0 2

1745412266
0.0 0.0 0.0 0

1745412267
0.0 0.0 0.0 1

1745412268
0.0 0.0 0.0 2

1745412269
0.0 0.0 0.0 0

1745412270
0.0 0.0 0.0 0

1745412271
0.0 0.0 0.0 92

1745412272
0.0 0.0 0.0 0

1745412273
0.0 0.0 0.0 0

1745412274
0.0 0.0 0.0 0

1745412275
0.0 0.0 0.0 0

1745412276
0.0 0.0 0.0 0

1745412277
0.0 0.0 0.0 16

1745412278
0.0 0.0 0.0 0

1745412279
0.0 0.0 0.0 0

1745412280
0.0 0.0 0.0 269

1745412281
0.0 0.0 0.0 162

1745412282
0.0 0.0 0.0 0

1745412283
0.0 0.0 0.0 0

1745412284
0.0 0.0 0.0 196

1745412285
0.0 0.0 0.0 35

1745412286
0.0 0.0 0.0 0

1745412287
0.0 0.0 0.0 0

1745412288
0.0 0.0 0.0 121

1745412289
0.0 0.0 0.0 198

1745412290
0.0 0.0 0.0 194

1745412291
0.0 0.0 0.0 77

1745412292
0.0 0.0 0.0 52

1745412293
0.0 0.0 0.0 66

1745412294
0.0 0.0 0.0 202

1745412295
0.0 0.0 0.0 196

1745412296
0.0 0.0 0.0 9

1745412297
0.0 0.0 0.0 0

1745412298
0.0 0.0 0.0 130

1745412299
0.0 0.0 0.0 0

1745412300
0.0 0.0 0.0 0

1745412301
0.0 0.0 0.0 64

1745412302
0.0 0.0 0.0 0

1745412303
0.0 0.0 0.0 130

1745412304
0.0 0.0 0.0 69

1745412305
0.0 0.0 0.0 0

1745412306
0.0 0.0 0.0 93

1745412307
0.0 0.0 0.0 66

1745412308
0.0 0.0 0.0 68

1745412309
0.0 0.0 0.0 64

1745412310
0.0 0.0 0.0 200

1745412311
0.0 0.0 0.0 220

1745412312
0.0 0.0 0.0 130

1745412313
0.0 0.0 0.0 65

1745412314
0.0 0.0 0.0 0

1745412315
0.0 0.0 0.0 134

1745412316
0.0 0.0 0.0 128

1745412317
0.0 0.0 0.0 260

1745412318
0.0 0.0 0.0 130

1745412319
0.0 0.0 0.0 195

1745412320
0.0 0.0 0.0 262

1745412321
0.0 0.0 0.0 195

1745412322
0.0 0.0 0.0 194

1745412323
0.0 0.0 0.0 198

1745412324
0.0 0.0 0.0 0

1745412325
0.0 0.0 0.0 0

1745412326
0.0 0.0 0.0 64

1745412327
0.0 0.0 0.0 0

1745412328
0.0 0.0 0.0 0

1745412329
0.0 0.0 0.0 87

1745412330
0.0 0.0 0.0 330

1745412331
0.0 0.0 0.0 125

1745412332
0.0 0.0 0.0 31

1745412333
0.0 0.0 0.0 8

1745412334
0.0 0.0 0.0 0

1745412335
0.0 0.0 0.0 97

1745412336
0.0 0.0 0.0 133

1745412337
0.0 0.0 0.0 139

1745412338
0.0 0.0 0.0 141

1745412339
0.0 0.0 0.0 131

1745412340
0.0 0.0 0.0 208

1745412341
0.0 0.0 0.0 217

1745412342
0.0 0.0 0.0 146

1745412343
0.0 0.0 0.0 66

1745412344
0.0 0.0 0.0 330

1745412345
0.0 0.0 0.0 321

1745412346
0.0 0.0 0.0 136

1745412347
0.0 0.0 0.0 261

1745412348
0.0 0.0 0.0 131

1745412349
0.0 0.0 0.0 196

1745412350
0.0 0.0 0.0 331

1745412351
0.0 0.0 0.0 198

1745412352
0.0 0.0 0.0 246

1745412353
0.0 0.0 0.0 305

1745412354
0.0 0.0 0.0 155

1745412355
0.0 0.0 0.0 330

1745412356
0.0 0.0 0.0 225

1745412357
0.0 0.0 0.0 149

1745412358
0.0 0.0 0.0 195

1745412359
0.0 0.0 0.0 338

1745412360
0.0 0.0 0.0 338

1745412361
0.0 0.0 0.0 66

1745412362
0.0 0.0 0.0 69

1745412363
0.0 0.0 0.0 129

1745412364
0.0 0.0 0.0 134

1745412365
0.0 0.0 0.0 133

1745412366
0.0 0.0 0.0 323

1745412367
0.0 0.0 0.0 3

1745412368
0.0 0.0 0.0 0

1745412369
0.0 0.0 0.0 0

1745412370
0.0 0.0 0.0 0

1745412371
0.0 0.0 0.0 0

1745412372
0.0 0.0 0.0 760

1745412373
0.0 0.0 0.0 284

1745412374
0.0 0.0 0.0 213

1745412375
0.0 0.0 0.0 374

1745412376
0.0 0.0 0.0 217

1745412377
0.0 0.0 0.0 139

1745412378
0.0 0.0 0.0 270

1745412379
0.0 0.0 0.0 75

1745412380
0.0 0.0 0.0 65

1745412381
0.0 0.0 0.0 205

1745412382
0.0 0.0 0.0 133

1745412383
0.0 0.0 0.0 133

1745412384
0.0 0.0 0.0 186

1745412385
0.0 0.0 0.0 207

1745412386
0.0 0.0 0.0 203

1745412387
0.0 0.0 0.0 202

1745412388
0.0 0.0 0.0 75

1745412389
0.0 0.0 0.0 9

1745412390
0.0 0.0 0.0 6

1745412391
0.0 0.0 0.0 386

1745412392
0.0 0.0 0.0 72

1745412393
0.0 0.0 0.0 198

1745412394
0.0 0.0 0.0 264

1745412395
0.0 0.0 0.0 130

1745412396
0.0 0.0 0.0 323

1745412397
0.0 0.0 0.0 129

1745412398
0.0 0.0 0.0 71

1745412399
0.0 0.0 0.0 65

1745412400
0.0 0.0 0.0 203

1745412401
0.0 0.0 0.0 0

1745412403
0.0 0.0 0.0 65

1745412404
0.0 0.0 0.0 0

1745412405
0.0 0.0 0.0 0

1745412406
0.0 0.0 0.0 0

1745412407
0.0 0.0 0.0 242

1745412408
0.0 0.0 0.0 284

1745412409
0.0 0.0 0.0 198

1745412410
0.0 0.0 0.0 410

1745412411
0.0 0.0 0.0 131

1745412412
0.0 0.0 0.0 319

1745412413
0.0 0.0 0.0 493

1745412414
0.0 0.0 0.0 105

1745412415
0.0 0.0 0.0 115

1745412416
0.0 0.0 0.0 198

1745412417
0.0 0.0 0.0 131

1745412418
0.0 0.0 0.0 1

1745412420
0.0 0.0 0.0 261

1745412421
0.0 0.0 0.0 66

1745412422
0.0 0.0 0.0 0

1745412423
0.0 0.0 0.0 0

1745412424
0.0 0.0 0.0 79

1745412425
0.0 0.0 0.0 340

1745412426
0.0 0.0 0.0 351

1745412427
0.0 0.0 0.0 243

1745412428
0.0 0.0 0.0 145

1745412429
0.0 0.0 0.0 110

1745412430
0.0 0.0 0.0 62

1745412431
0.0 0.0 0.0 96

1745412432
0.0 0.0 0.0 11

1745412433
0.0 0.0 0.0 103

1745412434
0.0 0.0 0.0 75

1745412435
0.0 0.0 0.0 0

1745412436
0.0 0.0 0.0 166

1745412437
0.0 0.0 0.0 508

1745412438
0.0 0.0 0.0 852

1745412439
0.0 0.0 0.0 382

1745412440
0.0 0.0 0.0 79

1745412441
0.0 0.0 0.0 149

1745412442
0.0 0.0 0.0 357

1745412443
0.0 0.0 0.0 238

1745412444
0.0 0.0 0.0 340

1745412445
0.0 0.0 0.0 157

1745412446
0.0 0.0 0.0 194

1745412447
0.0 0.0 0.0 205

1745412448
0.0 0.0 0.0 276

1745412449
0.0 0.0 0.0 213

1745412450
0.0 0.0 0.0 226

1745412451
0.0 0.0 0.0 293

1745412452
0.0 0.0 0.0 212

1745412453
0.0 0.0 0.0 261

1745412454
0.0 0.0 0.0 269

1745412455
0.0 0.0 0.0 171

1745412456
0.0 0.0 0.0 284

1745412457
0.0 0.0 0.0 100

1745412458
0.0 0.0 0.0 10

1745412459
0.0 0.0 0.0 107

1745412460
0.0 0.0 0.0 232

1745412461
0.0 0.0 0.0 218

1745412462
0.0 0.0 0.0 360

1745412463
0.0 0.0 0.0 232

1745412464
0.0 0.0 0.0 234

1745412465
0.0 0.0 0.0 20

1745412466
0.0 0.0 0.0 268

1745412467
0.0 0.0 0.0 281

1745412468
0.0 0.0 0.0 131

1745412469
0.0 0.0 0.0 0

1745412470
0.0 0.0 0.0 2

1745412471
0.0 0.0 0.0 0

1745412472
0.0 0.0 0.0 66

1745412473
0.0 0.0 0.0 0

1745412474
0.0 0.0 0.0 0

1745412475
0.0 0.0 0.0 0

1745412476
0.0 0.0 0.0 0

1745412477
0.0 0.0 0.0 28

1745412478
0.0 0.0 0.0 0

1745412479
0.0 0.0 0.0 33

1745412480
0.0 0.0 0.0 50

1745412481
0.0 0.0 0.0 172

1745412482
0.0 0.0 0.0 238

1745412483
0.0 0.0 0.0 386

1745412484
0.0 0.0 0.0 273

1745412485
0.0 0.0 0.0 222

1745412486
0.0 0.0 0.0 420

1745412487
0.0 0.0 0.0 247

1745412488
0.0 0.0 0.0 290

1745412489
0.0 0.0 0.0 292

1745412490
0.0 0.0 0.0 285

1745412491
0.0 0.0 0.0 244

1745412492
0.0 0.0 0.0 204

1745412493
0.0 0.0 0.0 172

1745412494
0.0 0.0 0.0 249

1745412495
0.0 0.0 0.0 229

1745412496
0.0 0.0 0.0 145

1745412497
0.0 0.0 0.0 504

1745412498
0.0 0.0 0.0 64

1745412499
0.0 0.0 0.0 0

1745412500
0.0 0.0 0.0 132

1745412501
0.0 0.0 0.0 1

1745412502
0.0 0.0 0.0 0

1745412503
0.0 0.0 0.0 65

1745412504
0.0 0.0 0.0 65

1745412505
0.0 0.0 0.0 0

1745412506
0.0 0.0 0.0 41

1745412507
0.0 0.0 0.0 0

1745412508
0.0 0.0 0.0 8

1745412509
0.0 0.0 0.0 242

1745412510
0.0 0.0 0.0 0

1745412511
0.0 0.0 0.0 0

1745412512
0.0 0.0 0.0 65

1745412513
0.0 0.0 0.0 138

1745412514
0.0 0.0 0.0 172

1745412515
0.0 0.0 0.0 0

1745412516
0.0 0.0 0.0 0

1745412517
0.0 0.0 0.0 0

1745412518
0.0 0.0 0.0 0

1745412519
0.0 0.0 0.0 0

1745412520
0.0 0.0 0.0 0

1745412521
0.0 0.0 0.0 43

1745412522
0.0 0.0 0.0 0

1745412523
0.0 0.0 0.0 0

1745412524
0.0 0.0 0.0 0

1745412525
0.0 0.0 0.0 0

1745412526
0.0 0.0 0.0 0

1745412527
0.0 0.0 0.0 0

1745412528
0.0 0.0 0.0 0

1745412529
0.0 0.0 0.0 0

1745412530
0.0 0.0 0.0 0

1745412531
0.0 0.0 0.0 5

1745412532
0.0 0.0 0.0 59

1745412533
0.0 0.0 0.0 2

1745412534
0.0 0.0 0.0 324

1745412535
0.0 0.0 0.0 95

1745412536
0.0 0.0 0.0 101

1745412537
0.0 0.0 0.0 170

1745412538
0.0 0.0 0.0 208

1745412539
0.0 0.0 0.0 401

1745412540
0.0 0.0 0.0 205

1745412541
0.0 0.0 0.0 203

1745412542
0.0 0.0 0.0 194

1745412543
0.0 0.0 0.0 339

1745412544
0.0 0.0 0.0 203

1745412545
0.0 0.0 0.0 266

1745412546
0.0 0.0 0.0 238

1745412547
0.0 0.0 0.0 114

1745412548
0.0 0.0 0.0 272

1745412549
0.0 0.0 0.0 212

1745412550
0.0 0.0 0.0 284

1745412551
0.0 0.0 0.0 246

1745412552
0.0 0.0 0.0 92

1745412553
0.0 0.0 0.0 197

1745412554
0.0 0.0 0.0 149

1745412555
0.0 0.0 0.0 197

1745412556
0.0 0.0 0.0 73

1745412557
0.0 0.0 0.0 334

1745412558
0.0 0.0 0.0 275

1745412559
0.0 0.0 0.0 303

1745412560
0.0 0.0 0.0 102

1745412561
0.0 0.0 0.0 214

1745412562
0.0 0.0 0.0 170

1745412563
0.0 0.0 0.0 337

1745412564
0.0 0.0 0.0 223

1745412565
0.0 0.0 0.0 281

1745412566
0.0 0.0 0.0 227

1745412567
0.0 0.0 0.0 278

1745412568
0.0 0.0 0.0 287

1745412569
0.0 0.0 0.0 275

1745412570
0.0 0.0 0.0 152

1745412571
0.0 0.0 0.0 66

1745412572
0.0 0.0 0.0 208

1745412573
0.0 0.0 0.0 25

1745412574
0.0 0.0 0.0 261

1745412575
0.0 0.0 0.0 169

1745412576
0.0 0.0 0.0 159

1745412577
0.0 0.0 0.0 224

1745412578
0.0 0.0 0.0 162

1745412580
0.0 0.0 0.0 512

1745412581
0.0 0.0 0.0 294

1745412582
0.0 0.0 0.0 232

1745412583
0.0 0.0 0.0 208

1745412584
0.0 0.0 0.0 71

1745412585
0.0 0.0 0.0 382

1745412586
0.0 0.0 0.0 332

1745412587
0.0 0.0 0.0 338

1745412588
0.0 0.0 0.0 166

1745412589
0.0 0.0 0.0 168

1745412590
0.0 0.0 0.0 219

1745412591
0.0 0.0 0.0 385

1745412592
0.0 0.0 0.0 274

1745412593
0.0 0.0 0.0 274

1745412594
0.0 0.0 0.0 332

1745412595
0.0 0.0 0.0 228

1745412596
0.0 0.0 0.0 268

1745412597
0.0 0.0 0.0 279

1745412598
0.0 0.0 0.0 203

1745412599
0.0 0.0 0.0 82

1745412600
0.0 0.0 0.0 210

1745412601
0.0 0.0 0.0 362

1745412602
0.0 0.0 0.0 13

1745412603
0.0 0.0 0.0 82

1745412604
0.0 0.0 0.0 277

1745412605
0.0 0.0 0.0 150

1745412606
0.0 0.0 0.0 216

1745412607
0.0 0.0 0.0 274

1745412608
0.0 0.0 0.0 207

1745412609
0.0 0.0 0.0 136

1745412610
0.0 0.0 0.0 205

1745412611
0.0 0.0 0.0 204

1745412612
0.0 0.0 0.0 184

1745412613
0.0 0.0 0.0 472

1745412614
0.0 0.0 0.0 108

1745412615
0.0 0.0 0.0 327

1745412616
0.0 0.0 0.0 278

1745412617
0.0 0.0 0.0 216

1745412618
0.0 0.0 0.0 323

1745412619
0.0 0.0 0.0 139

1745412620
0.0 0.0 0.0 285

1745412621
0.0 0.0 0.0 154

1745412622
0.0 0.0 0.0 91

1745412623
0.0 0.0 0.0 354

1745412624
0.0 0.0 0.0 216

1745412625
0.0 0.0 0.0 157

1745412626
0.0 0.0 0.0 297

1745412627
0.0 0.0 0.0 310

1745412628
0.0 0.0 0.0 106

1745412630
0.0 0.0 0.0 196

1745412631
0.0 0.0 0.0 128

1745412633
0.0 0.0 0.0 71

1745412634
0.0 0.0 0.0 1

1745412635
0.0 0.0 0.0 0

1745412636
0.0 0.0 0.0 0

1745412637
0.0 0.0 0.0 6

1745412638
0.0 0.0 0.0 3

1745412639
0.0 0.0 0.0 155

1745412640
0.0 0.0 0.0 17

1745412641
0.0 0.0 0.0 4

1745412642
0.0 0.0 0.0 1

1745412643
0.0 0.0 0.0 0

1745412644
0.0 0.0 0.0 0

1745412645
0.0 0.0 0.0 0

1745412646
0.0 0.0 0.0 48

1745412647
0.0 0.0 0.0 0

1745412648
0.0 0.0 0.0 4

1745412649
0.0 0.0 0.0 0

1745412650
0.0 0.0 0.0 0

1745412651
0.0 0.0 0.0 0

1745412652
0.0 0.0 0.0 68

1745412653
0.0 0.0 0.0 0

1745412654
0.0 0.0 0.0 86

1745412655
0.0 0.0 0.0 64

1745412656
0.0 0.0 0.0 0

1745412657
0.0 0.0 0.0 140

1745412658
0.0 0.0 0.0 199

1745412659
0.0 0.0 0.0 28

1745412660
0.0 0.0 0.0 66

1745412661
0.0 0.0 0.0 40

1745412662
0.0 0.0 0.0 3

1745412663
0.0 0.0 0.0 0

1745412664
0.0 0.0 0.0 1

1745412665
0.0 0.0 0.0 2

1745412667
0.0 0.0 0.0 22

1745412668
0.0 0.0 0.0 30

1745412669
0.0 0.0 0.0 14

1745412670
0.0 0.0 0.0 2

1745412671
0.0 0.0 0.0 219

1745412672
0.0 0.0 0.0 277

1745412673
0.0 0.0 0.0 4

1745412674
0.0 0.0 0.0 188

1745412675
0.0 0.0 0.0 176

1745412676
0.0 0.0 0.0 0

1745412677
0.0 0.0 0.0 1206

1745412678
0.0 0.0 0.0 639

1745412679
0.0 0.0 0.0 640

1745412680
0.0 0.0 0.0 25

1745412681
0.0 0.0 0.0 583

1745412682
0.0 0.0 0.0 282

1745412683
0.0 0.0 0.0 233

1745412684
0.0 0.0 0.0 281

1745412685
0.0 0.0 0.0 171

1745412686
0.0 0.0 0.0 171

1745412687
0.0 0.0 0.0 337

1745412688
0.0 0.0 0.0 203

1745412689
0.0 0.0 0.0 182

1745412690
0.0 0.0 0.0 268

1745412691
0.0 0.0 0.0 345

1745412692
0.0 0.0 0.0 279

1745412693
0.0 0.0 0.0 292

1745412694
0.0 0.0 0.0 277

1745412695
0.0 0.0 0.0 325

1745412696
0.0 0.0 0.0 279

1745412697
0.0 0.0 0.0 289

1745412698
0.0 0.0 0.0 74

1745412699
0.0 0.0 0.0 295

1745412700
0.0 0.0 0.0 160

1745412701
0.0 0.0 0.0 288

1745412702
0.0 0.0 0.0 229

1745412703
0.0 0.0 0.0 300

1745412704
0.0 0.0 0.0 294

1745412705
0.0 0.0 0.0 197

1745412706
0.0 0.0 0.0 158

1745412707
0.0 0.0 0.0 343

1745412708
0.0 0.0 0.0 261

1745412709
0.0 0.0 0.0 216

1745412710
0.0 0.0 0.0 312

1745412711
0.0 0.0 0.0 223

1745412712
0.0 0.0 0.0 223

1745412713
0.0 0.0 0.0 324

1745412714
0.0 0.0 0.0 278

1745412715
0.0 0.0 0.0 336

1745412716
0.0 0.0 0.0 296

1745412717
0.0 0.0 0.0 289

1745412718
0.0 0.0 0.0 141

1745412719
0.0 0.0 0.0 216

1745412720
0.0 0.0 0.0 132

1745412721
0.0 0.0 0.0 0

1745412722
0.0 0.0 0.0 72

1745412723
0.0 0.0 0.0 64

1745412724
0.0 0.0 0.0 0

1745412725
0.0 0.0 0.0 0

1745412726
0.0 0.0 0.0 0

1745412727
0.0 0.0 0.0 0

1745412728
0.0 0.0 0.0 0

1745412729
0.0 0.0 0.0 64

1745412730
0.0 0.0 0.0 0

1745412731
0.0 0.0 0.0 0

1745412733
0.0 0.0 0.0 0

1745412734
0.0 0.0 0.0 0

1745412735
0.0 0.0 0.0 0

1745412736
0.0 0.0 0.0 0

1745412737
0.0 0.0 0.0 0

1745412738
0.0 0.0 0.0 1

1745412739
0.0 0.0 0.0 25

1745412740
0.0 0.0 0.0 18

1745412741
0.0 0.0 0.0 1

1745412742
0.0 0.0 0.0 5

1745412743
0.0 0.0 0.0 0

1745412744
0.0 0.0 0.0 0

1745412745
0.0 0.0 0.0 0

1745412746
0.0 0.0 0.0 0

1745412747
0.0 0.0 0.0 0

1745412748
0.0 0.0 0.0 0

1745412749
0.0 0.0 0.0 0

1745412750
0.0 0.0 0.0 0

1745412751
0.0 0.0 0.0 0

1745412752
0.0 0.0 0.0 0

1745412753
0.0 0.0 0.0 0

1745412754
0.0 0.0 0.0 0

1745412755
0.0 0.0 0.0 0

1745412756
0.0 0.0 0.0 0

1745412757
0.0 0.0 0.0 0

1745412758
0.0 0.0 0.0 0

1745412759
0.0 0.0 0.0 0

1745412760
0.0 0.0 0.0 0

1745412761
0.0 0.0 0.0 0

1745412762
0.0 0.0 0.0 0

1745412763
0.0 0.0 0.0 0

1745412764
0.0 0.0 0.0 0

1745412765
0.0 0.0 0.0 0

1745412766
0.0 0.0 0.0 169

1745412767
0.0 0.0 0.0 196

1745412768
0.0 0.0 0.0 0

1745412769
0.0 0.0 0.0 0

1745412770
0.0 0.0 0.0 0

1745412771
0.0 0.0 0.0 0

1745412772
0.0 0.0 0.0 145

1745412773
0.0 0.0 0.0 76

1745412774
0.0 0.0 0.0 279

1745412775
0.0 0.0 0.0 0

1745412776
0.0 0.0 0.0 69

1745412777
0.0 0.0 0.0 213

1745412778
0.0 0.0 0.0 332

1745412779
0.0 0.0 0.0 145

1745412780
0.0 0.0 0.0 220

1745412781
0.0 0.0 0.0 323

1745412782
0.0 0.0 0.0 284

1745412783
0.0 0.0 0.0 208

1745412784
0.0 0.0 0.0 131

1745412785
0.0 0.0 0.0 79

1745412786
0.0 0.0 0.0 353

1745412787
0.0 0.0 0.0 283

1745412788
0.0 0.0 0.0 238

1745412789
0.0 0.0 0.0 329

1745412790
0.0 0.0 0.0 331

1745412791
0.0 0.0 0.0 290

1745412792
0.0 0.0 0.0 204

1745412793
0.0 0.0 0.0 176

1745412794
0.0 0.0 0.0 151

1745412795
0.0 0.0 0.0 321

1745412796
0.0 0.0 0.0 347

1745412797
0.0 0.0 0.0 134

1745412798
0.0 0.0 0.0 242

1745412799
0.0 0.0 0.0 118

1745412800
0.0 0.0 0.0 0

1745412801
0.0 0.0 0.0 0

1745412802
0.0 0.0 0.0 216

1745412803
0.0 0.0 0.0 1158

1745412804
0.0 0.0 0.0 451

1745412805
0.0 0.0 0.0 171

1745412806
0.0 0.0 0.0 266

1745412807
0.0 0.0 0.0 315

1745412808
0.0 0.0 0.0 272

1745412809
0.0 0.0 0.0 151

1745412810
0.0 0.0 0.0 227

1745412811
0.0 0.0 0.0 160

1745412812
0.0 0.0 0.0 223

1745412813
0.0 0.0 0.0 284

1745412814
0.0 0.0 0.0 215

1745412815
0.0 0.0 0.0 131

1745412816
0.0 0.0 0.0 269

1745412817
0.0 0.0 0.0 332

1745412818
0.0 0.0 0.0 204

1745412819
0.0 0.0 0.0 98

1745412820
0.0 0.0 0.0 32

1745412821
0.0 0.0 0.0 23

1745412822
0.0 0.0 0.0 28

1745412823
0.0 0.0 0.0 29

1745412824
0.0 0.0 0.0 43

1745412825
0.0 0.0 0.0 19

1745412826
0.0 0.0 0.0 12

1745412827
0.0 0.0 0.0 8

1745412828
0.0 0.0 0.0 37

1745412829
0.0 0.0 0.0 40

1745412830
0.0 0.0 0.0 116

1745412831
0.0 0.0 0.0 23

1745412832
0.0 0.0 0.0 23

1745412833
0.0 0.0 0.0 16

1745412834
0.0 0.0 0.0 1576

1745412835
0.0 0.0 0.0 276

1745412836
0.0 0.0 0.0 32

1745412837
0.0 0.0 0.0 27

1745412838
0.0 0.0 0.0 19

1745412839
0.0 0.0 0.0 17

1745412840
0.0 0.0 0.0 28

1745412841
0.0 0.0 0.0 39

1745412842
0.0 0.0 0.0 34

1745412843
0.0 0.0 0.0 26

1745412844
0.0 0.0 0.0 30

1745412845
0.0 0.0 0.0 10

1745412846
0.0 0.0 0.0 32

1745412847
0.0 0.0 0.0 33

1745412848
0.0 0.0 0.0 19

1745412849
0.0 0.0 0.0 43

1745412850
0.0 0.0 0.0 12

1745412851
0.0 0.0 0.0 498

1745412852
0.0 0.0 0.0 507

1745412853
0.0 0.0 0.0 319

1745412854
0.0 0.0 0.0 131

1745412855
0.0 0.0 0.0 258

1745412856
0.0 0.0 0.0 147

1745412857
0.0 0.0 0.0 333

1745412858
0.0 0.0 0.0 149

1745412859
0.0 0.0 0.0 218

1745412860
0.0 0.0 0.0 263

1745412861
0.0 0.0 0.0 351

1745412862
0.0 0.0 0.0 273

1745412863
0.0 0.0 0.0 207

1745412864
0.0 0.0 0.0 223

1745412865
0.0 0.0 0.0 279

1745412866
0.0 0.0 0.0 152

1745412867
0.0 0.0 0.0 247

1745412868
0.0 0.0 0.0 279

1745412869
0.0 0.0 0.0 225

1745412870
0.0 0.0 0.0 172

1745412871
0.0 0.0 0.0 302

1745412872
0.0 0.0 0.0 152

1745412873
0.0 0.0 0.0 293

1745412874
0.0 0.0 0.0 351

1745412875
0.0 0.0 0.0 0

1745412876
0.0 0.0 0.0 0

1745412877
0.0 0.0 0.0 0

1745412878
0.0 0.0 0.0 1221

1745412879
0.0 0.0 0.0 0

1745412880
0.0 0.0 0.0 799

1745412881
0.0 0.0 0.0 50

1745412882
0.0 0.0 0.0 447

1745412883
0.0 0.0 0.0 11

1745412884
0.0 0.0 0.0 208

1745412885
0.0 0.0 0.0 299

1745412886
0.0 0.0 0.0 289

1745412887
0.0 0.0 0.0 265

1745412888
0.0 0.0 0.0 231

1745412889
0.0 0.0 0.0 166

1745412890
0.0 0.0 0.0 179

1745412891
0.0 0.0 0.0 145

1745412892
0.0 0.0 0.0 167

1745412893
0.0 0.0 0.0 167

1745412894
0.0 0.0 0.0 108

1745412895
0.0 0.0 0.0 265

1745412896
0.0 0.0 0.0 125

1745412897
0.0 0.0 0.0 261

1745412898
0.0 0.0 0.0 231

1745412899
0.0 0.0 0.0 292

1745412900
0.0 0.0 0.0 312

1745412901
0.0 0.0 0.0 293

1745412902
0.0 0.0 0.0 303

1745412903
0.0 0.0 0.0 231

1745412904
0.0 0.0 0.0 243

1745412905
0.0 0.0 0.0 154

1745412906
0.0 0.0 0.0 166

1745412907
0.0 0.0 0.0 23

1745412908
0.0 0.0 0.0 20

1745412909
0.0 0.0 0.0 28

1745412910
0.0 0.0 0.0 26

1745412911
0.0 0.0 0.0 267

1745412912
0.0 0.0 0.0 815

1745412913
0.0 0.0 0.0 233

1745412914
0.0 0.0 0.0 66

1745412915
0.0 0.0 0.0 337

1745412916
0.0 0.0 0.0 166

1745412917
0.0 0.0 0.0 228

1745412918
0.0 0.0 0.0 374

1745412919
0.0 0.0 0.0 156

1745412920
0.0 0.0 0.0 64

1745412921
0.0 0.0 0.0 227

1745412922
0.0 0.0 0.0 222

1745412923
0.0 0.0 0.0 276

1745412924
0.0 0.0 0.0 299

1745412925
0.0 0.0 0.0 70

1745412926
0.0 0.0 0.0 74

1745412927
0.0 0.0 0.0 312

1745412928
0.0 0.0 0.0 292

1745412930
0.0 0.0 0.0 452

1745412931
0.0 0.0 0.0 149

1745412932
0.0 0.0 0.0 227

1745412933
0.0 0.0 0.0 161

1745412934
0.0 0.0 0.0 312

1745412935
0.0 0.0 0.0 212

1745412936
0.0 0.0 0.0 271

1745412937
0.0 0.0 0.0 344

1745412938
0.0 0.0 0.0 333

1745412939
0.0 0.0 0.0 309

1745412940
0.0 0.0 0.0 270

1745412941
0.0 0.0 0.0 238

1745412942
0.0 0.0 0.0 178

1745412943
0.0 0.0 0.0 99

1745412944
0.0 0.0 0.0 318

1745412945
0.0 0.0 0.0 399

1745412946
0.0 0.0 0.0 280

1745412947
0.0 0.0 0.0 343

1745412948
0.0 0.0 0.0 371

1745412949
0.0 0.0 0.0 296

1745412950
0.0 0.0 0.0 204

1745412952
0.0 0.0 0.0 623

1745412953
0.0 0.0 0.0 325

1745412954
0.0 0.0 0.0 296

1745412955
0.0 0.0 0.0 197

1745412956
0.0 0.0 0.0 149

1745412958
0.0 0.0 0.0 419

1745412959
0.0 0.0 0.0 144

1745412960
0.0 0.0 0.0 221

1745412961
0.0 0.0 0.0 270

1745412962
0.0 0.0 0.0 216

1745412963
0.0 0.0 0.0 205

1745412964
0.0 0.0 0.0 140

1745412965
0.0 0.0 0.0 266

1745412966
0.0 0.0 0.0 136

1745412967
0.0 0.0 0.0 148

1745412968
0.0 0.0 0.0 266

1745412969
0.0 0.0 0.0 271

1745412970
0.0 0.0 0.0 268

1745412971
0.0 0.0 0.0 328

1745412972
0.0 0.0 0.0 332

1745412973
0.0 0.0 0.0 146

1745412975
0.0 0.0 0.0 487

1745412976
0.0 0.0 0.0 274

1745412977
0.0 0.0 0.0 293

1745412978
0.0 0.0 0.0 273

1745412979
0.0 0.0 0.0 210

1745412980
0.0 0.0 0.0 140

1745412981
0.0 0.0 0.0 325

1745412982
0.0 0.0 0.0 206

1745412983
0.0 0.0 0.0 144

1745412984
0.0 0.0 0.0 75

1745412985
0.0 0.0 0.0 0

1745412986
0.0 0.0 0.0 140

1745412987
0.0 0.0 0.0 680

1745412988
0.0 0.0 0.0 466

1745412989
0.0 0.0 0.0 117

1745412990
0.0 0.0 0.0 224

1745412991
0.0 0.0 0.0 191

1745412992
0.0 0.0 0.0 269

1745412993
0.0 0.0 0.0 152

1745412994
0.0 0.0 0.0 324

1745412995
0.0 0.0 0.0 137

1745412996
0.0 0.0 0.0 273

1745412997
0.0 0.0 0.0 141

1745412998
0.0 0.0 0.0 213

1745412999
0.0 0.0 0.0 136

1745413000
0.0 0.0 0.0 243

1745413001
0.0 0.0 0.0 258

1745413002
0.0 0.0 0.0 78

1745413003
0.0 0.0 0.0 280

1745413004
0.0 0.0 0.0 174

1745413005
0.0 0.0 0.0 204

1745413006
0.0 0.0 0.0 192

1745413007
0.0 0.0 0.0 74

1745413008
0.0 0.0 0.0 208

1745413009
0.0 0.0 0.0 161

1745413010
0.0 0.0 0.0 296

1745413011
0.0 0.0 0.0 202

1745413012
0.0 0.0 0.0 183

1745413013
0.0 0.0 0.0 286

1745413014
0.0 0.0 0.0 41

1745413015
0.0 0.0 0.0 40

1745413016
0.0 0.0 0.0 7

1745413017
0.0 0.0 0.0 32

1745413018
0.0 0.0 0.0 51

1745413019
0.0 0.0 0.0 24

1745413020
0.0 0.0 0.0 41

1745413021
0.0 0.0 0.0 29

1745413022
0.0 0.0 0.0 11

1745413024
0.0 0.0 0.0 64

1745413025
0.0 0.0 0.0 16

1745413026
0.0 0.0 0.0 62

1745413027
0.0 0.0 0.0 24

1745413028
0.0 0.0 0.0 19

1745413029
0.0 0.0 0.0 9

1745413030
0.0 0.0 0.0 20

1745413031
0.0 0.0 0.0 21

1745413032
0.0 0.0 0.0 20

1745413033
0.0 0.0 0.0 13

1745413034
0.0 0.0 0.0 914

1745413035
0.0 0.0 0.0 696

1745413036
0.0 0.0 0.0 210

1745413037
0.0 0.0 0.0 219

1745413038
0.0 0.0 0.0 311

1745413039
0.0 0.0 0.0 207

1745413040
0.0 0.0 0.0 215

1745413041
0.0 0.0 0.0 206

1745413042
0.0 0.0 0.0 281

1745413043
0.0 0.0 0.0 229

1745413044
0.0 0.0 0.0 249

1745413045
0.0 0.0 0.0 303

1745413046
0.0 0.0 0.0 311

1745413047
0.0 0.0 0.0 877

1745413048
0.0 0.0 0.0 426

1745413049
0.0 0.0 0.0 532

1745413050
0.0 0.0 0.0 474

1745413051
0.0 0.0 0.0 242

1745413052
0.0 0.0 0.0 271

1745413053
0.0 0.0 0.0 299

1745413054
0.0 0.0 0.0 152

1745413055
0.0 0.0 0.0 265

1745413056
0.0 0.0 0.0 331

1745413057
0.0 0.0 0.0 129

1745413058
0.0 0.0 0.0 325

1745413059
0.0 0.0 0.0 393

1745413060
0.0 0.0 0.0 255

1745413061
0.0 0.0 0.0 334

1745413062
0.0 0.0 0.0 265

1745413063
0.0 0.0 0.0 262

1745413064
0.0 0.0 0.0 365

1745413065
0.0 0.0 0.0 203

1745413066
0.0 0.0 0.0 267

1745413067
0.0 0.0 0.0 273

1745413068
0.0 0.0 0.0 134

1745413069
0.0 0.0 0.0 221

1745413070
0.0 0.0 0.0 67

1745413071
0.0 0.0 0.0 64

1745413072
0.0 0.0 0.0 225

1745413073
0.0 0.0 0.0 168

1745413074
0.0 0.0 0.0 157

1745413075
0.0 0.0 0.0 273

1745413076
0.0 0.0 0.0 219

1745413077
0.0 0.0 0.0 196

1745413078
0.0 0.0 0.0 334

1745413079
0.0 0.0 0.0 218

1745413080
0.0 0.0 0.0 268

1745413081
0.0 0.0 0.0 323

1745413082
0.0 0.0 0.0 357

1745413083
0.0 0.0 0.0 278

1745413084
0.0 0.0 0.0 342

1745413085
0.0 0.0 0.0 264

1745413086
0.0 0.0 0.0 259

1745413087
0.0 0.0 0.0 194

1745413088
0.0 0.0 0.0 36

1745413089
0.0 0.0 0.0 410

1745413090
0.0 0.0 0.0 208

1745413091
0.0 0.0 0.0 268

1745413092
0.0 0.0 0.0 215

1745413093
0.0 0.0 0.0 175

1745413094
0.0 0.0 0.0 216

1745413095
0.0 0.0 0.0 325

1745413096
0.0 0.0 0.0 206

1745413097
0.0 0.0 0.0 133

1745413098
0.0 0.0 0.0 191

1745413099
0.0 0.0 0.0 199

1745413100
0.0 0.0 0.0 495

1745413101
0.0 0.0 0.0 198

1745413102
0.0 0.0 0.0 1568

1745413103
0.0 0.0 0.0 247

1745413104
0.0 0.0 0.0 661

1745413105
0.0 0.0 0.0 698

1745413106
0.0 0.0 0.0 320

1745413107
0.0 0.0 0.0 152

1745413108
0.0 0.0 0.0 230

1745413109
0.0 0.0 0.0 305

1745413110
0.0 0.0 0.0 141

1745413111
0.0 0.0 0.0 275

1745413112
0.0 0.0 0.0 265

1745413113
0.0 0.0 0.0 398

1745413114
0.0 0.0 0.0 329

1745413115
0.0 0.0 0.0 371

1745413116
0.0 0.0 0.0 137

1745413117
0.0 0.0 0.0 261

1745413118
0.0 0.0 0.0 172

1745413119
0.0 0.0 0.0 232

1745413120
0.0 0.0 0.0 212

1745413121
0.0 0.0 0.0 221

1745413122
0.0 0.0 0.0 224

1745413123
0.0 0.0 0.0 220

1745413124
0.0 0.0 0.0 347

1745413125
0.0 0.0 0.0 283

1745413126
0.0 0.0 0.0 227

1745413127
0.0 0.0 0.0 276

1745413128
0.0 0.0 0.0 271

1745413129
0.0 0.0 0.0 326

1745413130
0.0 0.0 0.0 263

1745413131
0.0 0.0 0.0 78

1745413132
0.0 0.0 0.0 264

1745413133
0.0 0.0 0.0 203

1745413134
0.0 0.0 0.0 283

1745413135
0.0 0.0 0.0 213

1745413136
0.0 0.0 0.0 107

1745413137
0.0 0.0 0.0 212

1745413138
0.0 0.0 0.0 133

1745413139
0.0 0.0 0.0 400

1745413140
0.0 0.0 0.0 345

1745413141
0.0 0.0 0.0 90

1745413142
0.0 0.0 0.0 216

1745413143
0.0 0.0 0.0 224

1745413144
0.0 0.0 0.0 209

1745413145
0.0 0.0 0.0 268

1745413146
0.0 0.0 0.0 159

1745413147
0.0 0.0 0.0 207

1745413148
0.0 0.0 0.0 173

1745413149
0.0 0.0 0.0 264

1745413150
0.0 0.0 0.0 332

1745413151
0.0 0.0 0.0 306

1745413152
0.0 0.0 0.0 44

1745413153
0.0 0.0 0.0 219

1745413154
0.0 0.0 0.0 238

1745413155
0.0 0.0 0.0 182

1745413156
0.0 0.0 0.0 121

1745413157
0.0 0.0 0.0 673

1745413158
0.0 0.0 0.0 597

1745413159
0.0 0.0 0.0 291

1745413160
0.0 0.0 0.0 227

1745413161
0.0 0.0 0.0 342

1745413162
0.0 0.0 0.0 231

1745413163
0.0 0.0 0.0 205

1745413164
0.0 0.0 0.0 389

1745413165
0.0 0.0 0.0 137

1745413167
0.0 0.0 0.0 334

1745413168
0.0 0.0 0.0 274

1745413169
0.0 0.0 0.0 269

1745413170
0.0 0.0 0.0 157

1745413171
0.0 0.0 0.0 202

1745413172
0.0 0.0 0.0 227

1745413173
0.0 0.0 0.0 289

1745413174
0.0 0.0 0.0 207

1745413175
0.0 0.0 0.0 278

1745413176
0.0 0.0 0.0 171

1745413177
0.0 0.0 0.0 305

1745413178
0.0 0.0 0.0 233

1745413179
0.0 0.0 0.0 171

1745413180
0.0 0.0 0.0 292

1745413182
0.0 0.0 0.0 433

1745413183
0.0 0.0 0.0 177

1745413184
0.0 0.0 0.0 143

1745413185
0.0 0.0 0.0 217

1745413186
0.0 0.0 0.0 296

1745413187
0.0 0.0 0.0 223

1745413188
0.0 0.0 0.0 193

1745413189
0.0 0.0 0.0 252

1745413190
0.0 0.0 0.0 146

1745413191
0.0 0.0 0.0 215

1745413192
0.0 0.0 0.0 181

1745413193
0.0 0.0 0.0 137

1745413194
0.0 0.0 0.0 237

1745413195
0.0 0.0 0.0 235

1745413196
0.0 0.0 0.0 96

1745413197
0.0 0.0 0.0 178

1745413198
0.0 0.0 0.0 79

1745413199
0.0 0.0 0.0 72

1745413201
0.0 0.0 0.0 182

1745413202
0.0 0.0 0.0 266

1745413203
0.0 0.0 0.0 25

1745413204
0.0 0.0 0.0 0

1745413205
0.0 0.0 0.0 0

1745413206
0.0 0.0 0.0 0

1745413207
0.0 0.0 0.0 0

1745413208
0.0 0.0 0.0 2336

1745413209
0.0 0.0 0.0 1257

1745413210
0.0 0.0 0.0 984

1745413211
0.0 0.0 0.0 711

1745413212
0.0 0.0 0.0 289

1745413213
0.0 0.0 0.0 117

1745413214
0.0 0.0 0.0 75

1745413215
0.0 0.0 0.0 97

1745413216
0.0 0.0 0.0 193

1745413217
0.0 0.0 0.0 4148

1745413218
0.0 0.0 0.0 2911

1745413219
0.0 0.0 0.0 198

1745413220
0.0 0.0 0.0 186

1745413222
0.0 0.0 0.0 293

1745413223
0.0 0.0 0.0 73

1745413224
0.0 0.0 0.0 61

1745413225
0.0 0.0 0.0 219

1745413226
0.0 0.0 0.0 42

1745413227
0.0 0.0 0.0 222

1745413228
0.0 0.0 0.0 110

1745413229
0.0 0.0 0.0 127

1745413230
0.0 0.0 0.0 347

1745413231
0.0 0.0 0.0 143

1745413232
0.0 0.0 0.0 212

1745413233
0.0 0.0 0.0 105

1745413234
0.0 0.0 0.0 141

1745413235
0.0 0.0 0.0 299

1745413237
0.0 0.0 0.0 400

1745413238
0.0 0.0 0.0 329

1745413239
0.0 0.0 0.0 201

1745413240
0.0 0.0 0.0 324

1745413241
0.0 0.0 0.0 131

1745413242
0.0 0.0 0.0 288

1745413243
0.0 0.0 0.0 392

1745413244
0.0 0.0 0.0 264

1745413245
0.0 0.0 0.0 222

1745413246
0.0 0.0 0.0 209

1745413247
0.0 0.0 0.0 139

1745413248
0.0 0.0 0.0 213

1745413249
0.0 0.0 0.0 80

1745413250
0.0 0.0 0.0 289

1745413251
0.0 0.0 0.0 213

1745413252
0.0 0.0 0.0 277

1745413253
0.0 0.0 0.0 209

1745413254
0.0 0.0 0.0 285

1745413255
0.0 0.0 0.0 209

1745413256
0.0 0.0 0.0 271

1745413257
0.0 0.0 0.0 211

1745413258
0.0 0.0 0.0 138

1745413259
0.0 0.0 0.0 293

1745413260
0.0 0.0 0.0 193

1745413261
0.0 0.0 0.0 265

1745413262
0.0 0.0 0.0 325

1745413263
0.0 0.0 0.0 148

1745413264
0.0 0.0 0.0 217

1745413265
0.0 0.0 0.0 274

1745413266
0.0 0.0 0.0 255

1745413267
0.0 0.0 0.0 331

1745413268
0.0 0.0 0.0 275

1745413269
0.0 0.0 0.0 208

1745413270
0.0 0.0 0.0 134

1745413271
0.0 0.0 0.0 66

1745413272
0.0 0.0 0.0 260

1745413273
0.0 0.0 0.0 276

1745413274
0.0 0.0 0.0 74

1745413275
0.0 0.0 0.0 195

1745413276
0.0 0.0 0.0 272

1745413277
0.0 0.0 0.0 136

1745413278
0.0 0.0 0.0 0

1745413279
0.0 0.0 0.0 80

1745413280
0.0 0.0 0.0 301

1745413281
0.0 0.0 0.0 95

1745413282
0.0 0.0 0.0 75

1745413283
0.0 0.0 0.0 111

1745413284
0.0 0.0 0.0 3

1745413285
0.0 0.0 0.0 358

1745413286
0.0 0.0 0.0 255

1745413287
0.0 0.0 0.0 844

1745413288
0.0 0.0 0.0 584

1745413289
0.0 0.0 0.0 693

1745413290
0.0 0.0 0.0 0

1745413291
0.0 0.0 0.0 454

1745413292
0.0 0.0 0.0 0

1745413293
0.0 0.0 0.0 773

1745413294
0.0 0.0 0.0 1228

1745413295
0.0 0.0 0.0 288

1745413296
0.0 0.0 0.0 327

1745413297
0.0 0.0 0.0 205

1745413298
0.0 0.0 0.0 192

1745413299
0.0 0.0 0.0 345

1745413300
0.0 0.0 0.0 243

1745413301
0.0 0.0 0.0 301

1745413302
0.0 0.0 0.0 209

1745413303
0.0 0.0 0.0 154

1745413304
0.0 0.0 0.0 9

1745413305
0.0 0.0 0.0 126

1745413306
0.0 0.0 0.0 22

1745413307
0.0 0.0 0.0 27

1745413308
0.0 0.0 0.0 226

1745413309
0.0 0.0 0.0 404

1745413310
0.0 0.0 0.0 260

1745413311
0.0 0.0 0.0 14

1745413312
0.0 0.0 0.0 438

1745413313
0.0 0.0 0.0 141

1745413314
0.0 0.0 0.0 265

1745413316
0.0 0.0 0.0 202

1745413317
0.0 0.0 0.0 288

1745413318
0.0 0.0 0.0 142

1745413320
0.0 0.0 0.0 406

1745413321
0.0 0.0 0.0 341

1745413322
0.0 0.0 0.0 146

1745413323
0.0 0.0 0.0 332

1745413324
0.0 0.0 0.0 1

1745413325
0.0 0.0 0.0 2

1745413326
0.0 0.0 0.0 502

1745413327
0.0 0.0 0.0 354

1745413329
0.0 0.0 0.0 22

1745413330
0.0 0.0 0.0 11

1745413332
0.0 0.0 0.0 47

1745413333
0.0 0.0 0.0 25

1745413334
0.0 0.0 0.0 17

1745413335
0.0 0.0 0.0 25

1745413336
0.0 0.0 0.0 20

1745413337
0.0 0.0 0.0 23

1745413338
0.0 0.0 0.0 12

1745413339
0.0 0.0 0.0 11

1745413340
0.0 0.0 0.0 39

1745413341
0.0 0.0 0.0 18

1745413343
0.0 0.0 0.0 25

1745413344
0.0 0.0 0.0 22

1745413345
0.0 0.0 0.0 15

1745413346
0.0 0.0 0.0 9

1745413347
0.0 0.0 0.0 5

1745413348
0.0 0.0 0.0 19

1745413349
0.0 0.0 0.0 6

1745413350
0.0 0.0 0.0 180

1745413351
0.0 0.0 0.0 158

1745413352
0.0 0.0 0.0 203

1745413353
0.0 0.0 0.0 195

1745413354
0.0 0.0 0.0 217

1745413355
0.0 0.0 0.0 261

1745413356
0.0 0.0 0.0 140

1745413357
0.0 0.0 0.0 67

1745413358
0.0 0.0 0.0 0

1745413359
0.0 0.0 0.0 0

1745413360
0.0 0.0 0.0 0

1745413361
0.0 0.0 0.0 50

1745413362
0.0 0.0 0.0 125

1745413363
0.0 0.0 0.0 407

1745413364
0.0 0.0 0.0 66

1745413365
0.0 0.0 0.0 257

1745413366
0.0 0.0 0.0 171

1745413367
0.0 0.0 0.0 531

1745413368
0.0 0.0 0.0 226

1745413369
0.0 0.0 0.0 263

1745413370
0.0 0.0 0.0 69

1745413371
0.0 0.0 0.0 200

1745413372
0.0 0.0 0.0 267

1745413373
0.0 0.0 0.0 130

1745413374
0.0 0.0 0.0 206

1745413376
0.0 0.0 0.0 524

1745413377
0.0 0.0 0.0 199

1745413378
0.0 0.0 0.0 314

1745413379
0.0 0.0 0.0 133

1745413380
0.0 0.0 0.0 345

1745413381
0.0 0.0 0.0 144

1745413382
0.0 0.0 0.0 0

1745413383
0.0 0.0 0.0 131

1745413384
0.0 0.0 0.0 204

1745413385
0.0 0.0 0.0 194

1745413386
0.0 0.0 0.0 196

1745413387
0.0 0.0 0.0 133

1745413389
0.0 0.0 0.0 331

1745413390
0.0 0.0 0.0 267

1745413391
0.0 0.0 0.0 164

1745413392
0.0 0.0 0.0 184

1745413393
0.0 0.0 0.0 167

1745413395
0.0 0.0 0.0 397

1745413396
0.0 0.0 0.0 146

1745413397
0.0 0.0 0.0 133

1745413398
0.0 0.0 0.0 213

1745413400
0.0 0.0 0.0 275

1745413401
0.0 0.0 0.0 200

1745413402
0.0 0.0 0.0 136

1745413403
0.0 0.0 0.0 194

1745413404
0.0 0.0 0.0 145

1745413405
0.0 0.0 0.0 200

1745413406
0.0 0.0 0.0 268

1745413407
0.0 0.0 0.0 77

1745413408
0.0 0.0 0.0 68

1745413409
0.0 0.0 0.0 12

1745413410
0.0 0.0 0.0 191

1745413411
0.0 0.0 0.0 6

1745413412
0.0 0.0 0.0 17

1745413413
0.0 0.0 0.0 0

1745413414
0.0 0.0 0.0 0

1745413415
0.0 0.0 0.0 129

1745413416
0.0 0.0 0.0 23

1745413417
0.0 0.0 0.0 73

1745413418
0.0 0.0 0.0 170

1745413419
0.0 0.0 0.0 0

1745413421
0.0 0.0 0.0 211

1745413422
0.0 0.0 0.0 142

1745413423
0.0 0.0 0.0 508

1745413424
0.0 0.0 0.0 5

1745413425
0.0 0.0 0.0 0

1745413426
0.0 0.0 0.0 748

1745413427
0.0 0.0 0.0 114

1745413428
0.0 0.0 0.0 755

1745413429
0.0 0.0 0.0 388

1745413430
0.0 0.0 0.0 0

1745413431
0.0 0.0 0.0 214

1745413432
0.0 0.0 0.0 41

1745413433
0.0 0.0 0.0 391

1745413434
0.0 0.0 0.0 391

1745413435
0.0 0.0 0.0 387

1745413436
0.0 0.0 0.0 147

1745413437
0.0 0.0 0.0 197

1745413438
0.0 0.0 0.0 66

1745413439
0.0 0.0 0.0 141

1745413440
0.0 0.0 0.0 133

1745413441
0.0 0.0 0.0 68

1745413442
0.0 0.0 0.0 180

1745413443
0.0 0.0 0.0 129

1745413444
0.0 0.0 0.0 128

1745413445
0.0 0.0 0.0 196

1745413446
0.0 0.0 0.0 133

1745413447
0.0 0.0 0.0 132

1745413448
0.0 0.0 0.0 129

1745413449
0.0 0.0 0.0 199

1745413450
0.0 0.0 0.0 137

1745413451
0.0 0.0 0.0 144

1745413452
0.0 0.0 0.0 325

1745413453
0.0 0.0 0.0 271

1745413454
0.0 0.0 0.0 215

1745413455
0.0 0.0 0.0 197

1745413456
0.0 0.0 0.0 327

1745413457
0.0 0.0 0.0 69

1745413458
0.0 0.0 0.0 131

1745413459
0.0 0.0 0.0 66

1745413460
0.0 0.0 0.0 194

1745413461
0.0 0.0 0.0 208

1745413462
0.0 0.0 0.0 134

1745413463
0.0 0.0 0.0 132

1745413464
0.0 0.0 0.0 266

1745413466
0.0 0.0 0.0 328

1745413467
0.0 0.0 0.0 202

1745413468
0.0 0.0 0.0 267

1745413469
0.0 0.0 0.0 65

1745413470
0.0 0.0 0.0 338

1745413471
0.0 0.0 0.0 339

1745413472
0.0 0.0 0.0 134

1745413473
0.0 0.0 0.0 263

1745413474
0.0 0.0 0.0 0

1745413476
0.0 0.0 0.0 473

1745413477
0.0 0.0 0.0 134

1745413478
0.0 0.0 0.0 276

1745413479
0.0 0.0 0.0 86

1745413480
0.0 0.0 0.0 269

1745413481
0.0 0.0 0.0 268

1745413482
0.0 0.0 0.0 261

1745413483
0.0 0.0 0.0 66

1745413484
0.0 0.0 0.0 135

1745413486
0.0 0.0 0.0 391

1745413487
0.0 0.0 0.0 0

1745413488
0.0 0.0 0.0 8

1745413489
0.0 0.0 0.0 130

1745413490
0.0 0.0 0.0 68

1745413491
0.0 0.0 0.0 137

1745413492
0.0 0.0 0.0 130

1745413493
0.0 0.0 0.0 201

1745413494
0.0 0.0 0.0 66

1745413495
0.0 0.0 0.0 146

1745413496
0.0 0.0 0.0 20

1745413497
0.0 0.0 0.0 8

1745413498
0.0 0.0 0.0 16

1745413499
0.0 0.0 0.0 18

1745413500
0.0 0.0 0.0 51

1745413501
0.0 0.0 0.0 10

1745413502
0.0 0.0 0.0 12

1745413503
0.0 0.0 0.0 12

1745413504
0.0 0.0 0.0 18

1745413505
0.0 0.0 0.0 13

1745413506
0.0 0.0 0.0 27

1745413507
0.0 0.0 0.0 5

1745413508
0.0 0.0 0.0 169

1745413509
0.0 0.0 0.0 0

1745413510
0.0 0.0 0.0 92

1745413511
0.0 0.0 0.0 110

1745413512
0.0 0.0 0.0 111

1745413513
0.0 0.0 0.0 656

1745413514
0.0 0.0 0.0 327

1745413515
0.0 0.0 0.0 56

1745413516
0.0 0.0 0.0 131

1745413517
0.0 0.0 0.0 307

1745413518
0.0 0.0 0.0 368

1745413519
0.0 0.0 0.0 132

1745413520
0.0 0.0 0.0 313

1745413521
0.0 0.0 0.0 74

1745413522
0.0 0.0 0.0 133

1745413523
0.0 0.0 0.0 141

1745413524
0.0 0.0 0.0 141

1745413525
0.0 0.0 0.0 334

1745413526
0.0 0.0 0.0 131

1745413527
0.0 0.0 0.0 269

1745413528
0.0 0.0 0.0 325

1745413529
0.0 0.0 0.0 192

1745413530
0.0 0.0 0.0 142

1745413531
0.0 0.0 0.0 271

1745413532
0.0 0.0 0.0 258

1745413533
0.0 0.0 0.0 276

1745413534
0.0 0.0 0.0 76

1745413535
0.0 0.0 0.0 262

1745413536
0.0 0.0 0.0 141

1745413537
0.0 0.0 0.0 266

1745413538
0.0 0.0 0.0 140

1745413539
0.0 0.0 0.0 336

1745413540
0.0 0.0 0.0 171

1745413541
0.0 0.0 0.0 208

1745413542
0.0 0.0 0.0 178

1745413543
0.0 0.0 0.0 185

1745413544
0.0 0.0 0.0 302

1745413545
0.0 0.0 0.0 292

1745413546
0.0 0.0 0.0 204

1745413547
0.0 0.0 0.0 307

1745413548
0.0 0.0 0.0 151

1745413549
0.0 0.0 0.0 195

1745413550
0.0 0.0 0.0 274

1745413552
0.0 0.0 0.0 478

1745413553
0.0 0.0 0.0 265

1745413554
0.0 0.0 0.0 277

1745413555
0.0 0.0 0.0 162

1745413556
0.0 0.0 0.0 348

1745413557
0.0 0.0 0.0 208

1745413558
0.0 0.0 0.0 229

1745413559
0.0 0.0 0.0 166

1745413561
0.0 0.0 0.0 481

1745413562
0.0 0.0 0.0 70

1745413563
0.0 0.0 0.0 24

1745413564
0.0 0.0 0.0 99

1745413565
0.0 0.0 0.0 271

1745413566
0.0 0.0 0.0 425

1745413568
0.0 0.0 0.0 969

1745413569
0.0 0.0 0.0 223

1745413570
0.0 0.0 0.0 333

1745413571
0.0 0.0 0.0 231

1745413572
0.0 0.0 0.0 160

1745413573
0.0 0.0 0.0 217

1745413574
0.0 0.0 0.0 145

1745413575
0.0 0.0 0.0 207

1745413576
0.0 0.0 0.0 159

1745413577
0.0 0.0 0.0 141

1745413578
0.0 0.0 0.0 207

1745413579
0.0 0.0 0.0 204

1745413580
0.0 0.0 0.0 264

1745413581
0.0 0.0 0.0 265

1745413582
0.0 0.0 0.0 193

1745413583
0.0 0.0 0.0 268

1745413584
0.0 0.0 0.0 326

1745413585
0.0 0.0 0.0 207

1745413586
0.0 0.0 0.0 425

1745413587
0.0 0.0 0.0 158

1745413588
0.0 0.0 0.0 10

1745413589
0.0 0.0 0.0 695

1745413590
0.0 0.0 0.0 422

1745413591
0.0 0.0 0.0 92

1745413592
0.0 0.0 0.0 24

1745413593
0.0 0.0 0.0 336

1745413594
0.0 0.0 0.0 394

1745413596
0.0 0.0 0.0 359

1745413597
0.0 0.0 0.0 222

1745413598
0.0 0.0 0.0 217

1745413599
0.0 0.0 0.0 270

1745413600
0.0 0.0 0.0 275

1745413601
0.0 0.0 0.0 295

1745413602
0.0 0.0 0.0 215

1745413603
0.0 0.0 0.0 270

1745413604
0.0 0.0 0.0 335

1745413605
0.0 0.0 0.0 226

1745413606
0.0 0.0 0.0 207

1745413607
0.0 0.0 0.0 334

1745413608
0.0 0.0 0.0 331

1745413609
0.0 0.0 0.0 345

1745413610
0.0 0.0 0.0 401

1745413611
0.0 0.0 0.0 222

1745413612
0.0 0.0 0.0 201

1745413613
0.0 0.0 0.0 147

1745413614
0.0 0.0 0.0 155

1745413615
0.0 0.0 0.0 138

1745413616
0.0 0.0 0.0 263

1745413617
0.0 0.0 0.0 328

1745413618
0.0 0.0 0.0 213

1745413619
0.0 0.0 0.0 324

1745413620
0.0 0.0 0.0 201

1745413621
0.0 0.0 0.0 150

1745413622
0.0 0.0 0.0 72

1745413623
0.0 0.0 0.0 186

1745413624
0.0 0.0 0.0 146

1745413625
0.0 0.0 0.0 134

1745413626
0.0 0.0 0.0 196

1745413627
0.0 0.0 0.0 0

1745413628
0.0 0.0 0.0 138

1745413629
0.0 0.0 0.0 66

1745413630
0.0 0.0 0.0 139

1745413631
0.0 0.0 0.0 278

1745413633
0.0 0.0 0.0 475

1745413634
0.0 0.0 0.0 260

1745413635
0.0 0.0 0.0 132

1745413636
0.0 0.0 0.0 139

1745413637
0.0 0.0 0.0 0

1745413639
0.0 0.0 0.0 0

1745413640
0.0 0.0 0.0 68

1745413642
0.0 0.0 0.0 194

1745413643
0.0 0.0 0.0 0

1745413644
0.0 0.0 0.0 0

1745413645
0.0 0.0 0.0 194

1745413646
0.0 0.0 0.0 64

1745413647
0.0 0.0 0.0 2

1745413648
0.0 0.0 0.0 132

1745413649
0.0 0.0 0.0 0

1745413650
0.0 0.0 0.0 129

1745413651
0.0 0.0 0.0 198

1745413652
0.0 0.0 0.0 0

1745413653
0.0 0.0 0.0 0

1745413654
0.0 0.0 0.0 64

1745413655
0.0 0.0 0.0 138

1745413656
0.0 0.0 0.0 0

1745413657
0.0 0.0 0.0 69

1745413658
0.0 0.0 0.0 87

1745413660
0.0 0.0 0.0 10

1745413661
0.0 0.0 0.0 475

1745413662
0.0 0.0 0.0 84

1745413663
0.0 0.0 0.0 0

1745413664
0.0 0.0 0.0 45

1745413665
0.0 0.0 0.0 0

1745413666
0.0 0.0 0.0 0

1745413667
0.0 0.0 0.0 138

1745413668
0.0 0.0 0.0 0

1745413669
0.0 0.0 0.0 0

1745413670
0.0 0.0 0.0 594

1745413671
0.0 0.0 0.0 0

1745413672
0.0 0.0 0.0 0

1745413673
0.0 0.0 0.0 11

1745413674
0.0 0.0 0.0 0

1745413675
0.0 0.0 0.0 65

1745413676
0.0 0.0 0.0 1055

1745413678
0.0 0.0 0.0 570

1745413679
0.0 0.0 0.0 133

1745413680
0.0 0.0 0.0 17

1745413681
0.0 0.0 0.0 170

1745413682
0.0 0.0 0.0 11

1745413683
0.0 0.0 0.0 19

1745413684
0.0 0.0 0.0 18

1745413685
0.0 0.0 0.0 44

1745413687
0.0 0.0 0.0 7236

1745413688
0.0 0.0 0.0 2694

1745413689
0.0 0.0 0.0 8

1745413690
0.0 0.0 0.0 12

1745413691
0.0 0.0 0.0 205

1745413692
0.0 0.0 0.0 896

1745413693
0.0 0.0 0.0 1046

1745413694
0.0 0.0 0.0 31

1745413695
0.0 0.0 0.0 17

1745413696
0.0 0.0 0.0 24

1745413697
0.0 0.0 0.0 9

1745413698
0.0 0.0 0.0 25

1745413699
0.0 0.0 0.0 136

1745413700
0.0 0.0 0.0 6

1745413701
0.0 0.0 0.0 315

1745413702
0.0 0.0 0.0 243

1745413703
0.0 0.0 0.0 24

1745413704
0.0 0.0 0.0 53

1745413705
0.0 0.0 0.0 14

1745413706
0.0 0.0 0.0 38

1745413707
0.0 0.0 0.0 9

1745413708
0.0 0.0 0.0 25

1745413709
0.0 0.0 0.0 22

1745413710
0.0 0.0 0.0 26

1745413711
0.0 0.0 0.0 15

1745413712
0.0 0.0 0.0 19

1745413713
0.0 0.0 0.0 12

1745413715
0.0 0.0 0.0 25

1745413716
0.0 0.0 0.0 10

1745413717
0.0 0.0 0.0 10

1745413718
0.0 0.0 0.0 11

1745413719
0.0 0.0 0.0 23

1745413720
0.0 0.0 0.0 196

1745413721
0.0 0.0 0.0 11157

1745413722
0.0 0.0 0.0 14076

1745413723
0.18 0.03 0.0 8634

1745413724
0.18 0.03 0.0 1218

1745413725
0.14 0.03 0.0 440

1745413726
0.14 0.03 0.0 74

1745413727
0.12 0.02 0.0 12

1745413728
0.12 0.02 0.0 15

1745413729
0.09 0.02 0.0 19

1745413730
0.09 0.02 0.0 19

1745413731
0.08 0.02 0.0 11

1745413733
0.06 0.02 0.0 35

1745413734
0.06 0.02 0.0 86

1745413735
0.05 0.02 0.0 93

1745413736
0.05 0.02 0.0 24

1745413737
0.04 0.02 0.0 47

1745413738
0.04 0.02 0.0 54

1745413740
0.03 0.02 0.0 64

1745413741
0.02 0.02 0.0 196

1745413742
0.02 0.02 0.0 58

1745413744
0.02 0.02 0.0 38

1745413745
0.01 0.02 0.0 15

1745413746
0.01 0.02 0.0 15

1745413747
0.01 0.02 0.0 8

1745413748
0.01 0.02 0.0 1

1745413749
0.01 0.01 0.0 0

1745413750
0.01 0.01 0.0 85

1745413751
0.0 0.01 0.0 42

1745413752
0.0 0.01 0.0 172

1745413753
0.0 0.01 0.0 163

1745413754
0.0 0.01 0.0 200

1745413755
0.0 0.01 0.0 38

1745413757
0.0 0.01 0.0 250

1745413758
0.0 0.01 0.0 612

1745413759
0.0 0.01 0.0 21

1745413760
0.0 0.01 0.0 11

1745413761
0.0 0.01 0.0 62

1745413762
0.0 0.01 0.0 8

1745413763
0.0 0.01 0.0 18

1745413764
0.0 0.01 0.0 16

1745413765
0.0 0.01 0.0 44

1745413766
0.0 0.01 0.0 11

1745413767
0.0 0.01 0.0 9

1745413768
0.0 0.01 0.0 16

1745413769
0.0 0.01 0.0 24

1745413770
0.0 0.01 0.0 6

1745413771
0.0 0.01 0.0 8

1745413772
0.0 0.01 0.0 12

1745413773
0.0 0.01 0.0 21

1745413774
0.0 0.01 0.0 14

1745413775
0.0 0.01 0.0 11

1745413777
0.0 0.0 0.0 24

1745413778
0.0 0.0 0.0 22

1745413779
0.0 0.0 0.0 37

1745413780
0.0 0.0 0.0 21

1745413781
0.0 0.0 0.0 12

1745413782
0.0 0.0 0.0 8

1745413783
0.0 0.0 0.0 14

1745413784
0.0 0.0 0.0 16

1745413785
0.0 0.0 0.0 374

1745413786
0.0 0.0 0.0 14

1745413788
0.0 0.0 0.0 113

1745413789
0.0 0.0 0.0 253

1745413790
0.0 0.0 0.0 31

1745413791
0.0 0.0 0.0 10

1745413792
0.0 0.0 0.0 13

1745413793
0.0 0.0 0.0 6

1745413794
0.0 0.0 0.0 22

1745413795
0.0 0.0 0.0 25

1745413796
0.0 0.0 0.0 14

1745413797
0.0 0.0 0.0 8

1745413798
0.0 0.0 0.0 0

1745413799
0.0 0.0 0.0 3

1745413800
0.0 0.0 0.0 0

1745413801
0.0 0.0 0.0 0

1745413802
0.0 0.0 0.0 0

1745413803
0.0 0.0 0.0 247

1745413804
0.0 0.0 0.0 14

1745413805
0.0 0.0 0.0 0

1745413806
0.0 0.0 0.0 17

1745413807
0.0 0.0 0.0 0

1745413808
0.0 0.0 0.0 0

1745413809
0.0 0.0 0.0 22

1745413810
0.0 0.0 0.0 333

1745413811
0.0 0.0 0.0 33

1745413812
0.0 0.0 0.0 18

1745413813
0.0 0.0 0.0 103

1745413814
0.0 0.0 0.0 1056

1745413815
0.0 0.0 0.0 718

1745413816
0.0 0.0 0.0 135

1745413817
0.0 0.0 0.0 108

1745413818
0.0 0.0 0.0 25

1745413819
0.0 0.0 0.0 30

1745413820
0.0 0.0 0.0 37

1745413821
0.0 0.0 0.0 25

1745413822
0.0 0.0 0.0 530

1745413823
0.0 0.0 0.0 161

1745413824
0.0 0.0 0.0 239

1745413825
0.0 0.0 0.0 325

1745413826
0.0 0.0 0.0 311

1745413827
0.0 0.0 0.0 155

1745413828
0.0 0.0 0.0 224

1745413829
0.0 0.0 0.0 196

1745413830
0.0 0.0 0.0 74

1745413831
0.0 0.0 0.0 158

1745413832
0.0 0.0 0.0 281

1745413833
0.0 0.0 0.0 134

1745413834
0.0 0.0 0.0 198

1745413835
0.0 0.0 0.0 254

1745413836
0.0 0.0 0.0 152

1745413837
0.0 0.0 0.0 275

1745413838
0.0 0.0 0.0 209

1745413839
0.0 0.0 0.0 272

1745413840
0.0 0.0 0.0 220

1745413841
0.0 0.0 0.0 432

1745413842
0.0 0.0 0.0 138

1745413843
0.0 0.0 0.0 248

1745413844
0.0 0.0 0.0 266

1745413845
0.0 0.0 0.0 284

1745413846
0.0 0.0 0.0 361

1745413847
0.0 0.0 0.0 269

1745413848
0.0 0.0 0.0 263

1745413849
0.0 0.0 0.0 267

1745413850
0.0 0.0 0.0 212

1745413851
0.0 0.0 0.0 141

1745413852
0.0 0.0 0.0 21

1745413853
0.0 0.0 0.0 8

1745413854
0.0 0.0 0.0 8

1745413855
0.0 0.0 0.0 165

1745413856
0.0 0.0 0.0 411

1745413857
0.0 0.0 0.0 27

1745413858
0.0 0.0 0.0 15

1745413859
0.0 0.0 0.0 24

1745413860
0.0 0.0 0.0 24

1745413861
0.0 0.0 0.0 46

1745413862
0.0 0.0 0.0 226

1745413863
0.0 0.0 0.0 331

1745413864
0.0 0.0 0.0 138

1745413865
0.0 0.0 0.0 214

1745413866
0.0 0.0 0.0 207

1745413867
0.0 0.0 0.0 143

1745413868
0.0 0.0 0.0 343

1745413869
0.0 0.0 0.0 208

1745413870
0.0 0.0 0.0 203

1745413871
0.0 0.0 0.0 148

1745413872
0.0 0.0 0.0 162

1745413873
0.0 0.0 0.0 141

1745413874
0.0 0.0 0.0 138

1745413875
0.0 0.0 0.0 170

1745413876
0.0 0.0 0.0 307

1745413877
0.0 0.0 0.0 160

1745413878
0.0 0.0 0.0 267

1745413879
0.0 0.0 0.0 210

1745413880
0.0 0.0 0.0 104

1745413881
0.0 0.0 0.0 211

1745413882
0.0 0.0 0.0 136

1745413883
0.0 0.0 0.0 24

1745413884
0.0 0.0 0.0 156

1745413885
0.0 0.0 0.0 195

1745413886
0.0 0.0 0.0 140

1745413887
0.0 0.0 0.0 198

1745413888
0.0 0.0 0.0 132

1745413889
0.0 0.0 0.0 207

1745413890
0.0 0.0 0.0 86

1745413891
0.0 0.0 0.0 143

1745413892
0.0 0.0 0.0 278

1745413893
0.0 0.0 0.0 219

1745413894
0.0 0.0 0.0 220

1745413895
0.0 0.0 0.0 212

1745413896
0.0 0.0 0.0 173

1745413897
0.0 0.0 0.0 29

1745413898
0.0 0.0 0.0 123

1745413899
0.0 0.0 0.0 288

1745413900
0.0 0.0 0.0 0

1745413901
0.0 0.0 0.0 1

1745413902
0.0 0.0 0.0 454

1745413903
0.0 0.0 0.0 716

1745413904
0.0 0.0 0.0 0

1745413905
0.0 0.0 0.0 0

1745413906
0.0 0.0 0.0 0

1745413907
0.0 0.0 0.0 1990

1745413908
0.0 0.0 0.0 309

1745413909
0.0 0.0 0.0 645

1745413910
0.0 0.0 0.0 57

1745413911
0.0 0.0 0.0 0

1745413912
0.0 0.0 0.0 138

1745413913
0.0 0.0 0.0 199

1745413914
0.0 0.0 0.0 273

1745413915
0.0 0.0 0.0 0

1745413916
0.0 0.0 0.0 4

1745413918
0.0 0.0 0.0 1005

1745413919
0.0 0.0 0.0 1129

1745413920
0.0 0.0 0.0 0

1745413921
0.0 0.0 0.0 0

1745413922
0.0 0.0 0.0 11

1745413923
0.0 0.0 0.0 0

1745413924
0.0 0.0 0.0 5329

1745413925
0.0 0.0 0.0 906

1745413926
0.0 0.0 0.0 167

1745413927
0.0 0.0 0.0 0

1745413928
0.0 0.0 0.0 0

1745413929
0.0 0.0 0.0 0

1745413930
0.0 0.0 0.0 2041

1745413931
0.0 0.0 0.0 0

1745413932
0.0 0.0 0.0 0

1745413933
0.0 0.0 0.0 0

1745413934
0.0 0.0 0.0 202

1745413935
0.0 0.0 0.0 0

1745413936
0.0 0.0 0.0 0

1745413937
0.0 0.0 0.0 0

1745413938
0.0 0.0 0.0 0

1745413939
0.0 0.0 0.0 126

1745413940
0.0 0.0 0.0 4

1745413941
0.0 0.0 0.0 0

1745413942
0.0 0.0 0.0 0

1745413943
0.0 0.0 0.0 0

1745413944
0.0 0.0 0.0 1957

1745413945
0.0 0.0 0.0 0

1745413946
0.0 0.0 0.0 0

1745413947
0.0 0.0 0.0 2725

1745413948
0.0 0.0 0.0 1113

1745413949
0.0 0.0 0.0 111

1745413950
0.0 0.0 0.0 3232

1745413951
0.0 0.0 0.0 685

1745413952
0.0 0.0 0.0 18097

1745413953
0.54 0.09 0.02 53990

1745413954
0.54 0.09 0.02 13097

1745413955
0.44 0.09 0.02 29

1745413956
0.44 0.09 0.02 0

1745413957
0.36 0.09 0.01 0

1745413958
0.36 0.09 0.01 0

1745413959
0.29 0.08 0.01 0

1745413960
0.29 0.08 0.01 0

1745413961
0.24 0.08 0.01 5

1745413962
0.24 0.08 0.01 244

1745413963
0.19 0.08 0.01 469

1745413964
0.19 0.08 0.01 2

1745413965
0.16 0.07 0.01 599

1745413966
0.16 0.07 0.01 59

1745413967
0.13 0.07 0.01 11

1745413968
0.13 0.07 0.01 0

1745413969
0.1 0.07 0.01 0

1745413970
0.1 0.07 0.01 162

1745413971
0.08 0.07 0.01 0

1745413972
0.08 0.07 0.01 0

1745413973
0.07 0.06 0.01 0

1745413974
0.07 0.06 0.01 66

1745413975
0.05 0.06 0.01 0

1745413976
0.05 0.06 0.01 0

1745413977
0.04 0.06 0.01 274

1745413978
0.04 0.06 0.01 4

1745413979
0.03 0.06 0.01 0

1745413980
0.03 0.06 0.01 0

1745413981
0.03 0.05 0.01 0

1745413982
0.03 0.05 0.01 0

1745413983
0.02 0.05 0.01 0

1745413984
0.02 0.05 0.01 0

1745413985
0.02 0.05 0.01 1

1745413986
0.02 0.05 0.01 92

1745413987
0.01 0.05 0.01 0

1745413988
0.01 0.05 0.01 0

1745413989
0.01 0.05 0.01 0

1745413990
0.01 0.05 0.01 4

1745413991
0.01 0.04 0.01 0

1745413992
0.01 0.04 0.01 0

1745413993
0.0 0.04 0.01 0

1745413995
0.0 0.04 0.01 0

1745413996
0.0 0.04 0.01 0

1745413997
0.0 0.04 0.0 0

1745413998
0.0 0.04 0.0 0

1745413999
0.0 0.04 0.0 0

1745414000
0.0 0.04 0.0 0

1745414001
0.0 0.04 0.0 0

1745414002
0.0 0.04 0.0 2

1745414003
0.0 0.03 0.0 0

1745414004
0.0 0.03 0.0 0

1745414005
0.0 0.03 0.0 0

1745414006
0.0 0.03 0.0 0

1745414007
0.0 0.03 0.0 11

1745414008
0.0 0.03 0.0 0

1745414009
0.0 0.03 0.0 0

1745414010
0.0 0.03 0.0 0

1745414011
0.0 0.03 0.0 0

1745414012
0.0 0.03 0.0 0

1745414013
0.0 0.03 0.0 0

1745414014
0.0 0.03 0.0 0

1745414015
0.0 0.02 0.0 0

1745414016
0.0 0.02 0.0 0

1745414017
0.0 0.02 0.0 0

1745414018
0.0 0.02 0.0 0

1745414019
0.0 0.02 0.0 0

1745414020
0.0 0.02 0.0 0

1745414021
0.0 0.02 0.0 0

1745414022
0.0 0.02 0.0 0

1745414023
0.0 0.02 0.0 0

1745414024
0.0 0.02 0.0 0

1745414025
0.0 0.02 0.0 0

1745414026
0.0 0.02 0.0 0

1745414027
0.0 0.02 0.0 0

1745414028
0.0 0.02 0.0 0

1745414029
0.0 0.02 0.0 0

1745414030
0.0 0.02 0.0 0

1745414031
0.0 0.02 0.0 0

1745414033
0.0 0.02 0.0 3

1745414034
0.0 0.02 0.0 0

1745414035
0.0 0.02 0.0 0

1745414036
0.0 0.02 0.0 0

1745414037
0.0 0.01 0.0 0

1745414039
0.0 0.01 0.0 0

1745414040
0.0 0.01 0.0 0

1745414041
0.0 0.01 0.0 0

1745414042
0.0 0.01 0.0 0

1745414043
0.0 0.01 0.0 0

1745414044
0.0 0.01 0.0 0

1745414045
0.0 0.01 0.0 0

1745414046
0.0 0.01 0.0 0

1745414047
0.0 0.01 0.0 0

1745414048
0.0 0.01 0.0 0

1745414049
0.0 0.01 0.0 0

1745414050
0.0 0.01 0.0 0

1745414051
0.0 0.01 0.0 0

1745414052
0.0 0.01 0.0 0

1745414053
0.0 0.01 0.0 7

1745414054
0.0 0.01 0.0 0

1745414055
0.0 0.01 0.0 0

1745414056
0.0 0.01 0.0 0

1745414057
0.0 0.01 0.0 0

1745414058
0.0 0.01 0.0 0

1745414059
0.0 0.01 0.0 0

1745414060
0.0 0.01 0.0 0

1745414061
0.0 0.01 0.0 0

1745414062
0.0 0.01 0.0 0

1745414063
0.0 0.01 0.0 0

1745414064
0.0 0.01 0.0 65

1745414065
0.0 0.0 0.0 0

1745414066
0.0 0.0 0.0 0

1745414067
0.0 0.0 0.0 0

1745414068
0.0 0.0 0.0 0

1745414069
0.0 0.0 0.0 0

1745414070
0.0 0.0 0.0 0

1745414071
0.0 0.0 0.0 0

1745414072
0.0 0.0 0.0 0

1745414073
0.0 0.0 0.0 0

1745414074
0.0 0.0 0.0 8

1745414075
0.0 0.0 0.0 0

1745414076
0.0 0.0 0.0 0

1745414077
0.0 0.0 0.0 0

1745414078
0.0 0.0 0.0 0

1745414079
0.0 0.0 0.0 4

1745414080
0.0 0.0 0.0 0

1745414081
0.0 0.0 0.0 0

1745414082
0.0 0.0 0.0 0

1745414083
0.0 0.0 0.0 0

1745414084
0.0 0.0 0.0 4

1745414085
0.0 0.0 0.0 0

1745414086
0.0 0.0 0.0 0

1745414087
0.0 0.0 0.0 0

1745414088
0.0 0.0 0.0 0

1745414089
0.0 0.0 0.0 0

1745414090
0.0 0.0 0.0 0

1745414091
0.0 0.0 0.0 0

1745414092
0.0 0.0 0.0 0

1745414093
0.0 0.0 0.0 0

1745414094
0.0 0.0 0.0 1

1745414095
0.0 0.0 0.0 0

1745414096
0.0 0.0 0.0 0

1745414097
0.0 0.0 0.0 0

1745414098
0.0 0.0 0.0 0

1745414099
0.0 0.0 0.0 10

1745414100
0.0 0.0 0.0 0

1745414101
0.0 0.0 0.0 0

1745414102
0.0 0.0 0.0 0

1745414103
0.0 0.0 0.0 0

1745414104
0.0 0.0 0.0 69

1745414105
0.0 0.0 0.0 11

1745414106
0.0 0.0 0.0 0

1745414107
0.0 0.0 0.0 0

1745414108
0.0 0.0 0.0 0

1745414109
0.0 0.0 0.0 0

1745414110
0.0 0.0 0.0 59

1745414111
0.0 0.0 0.0 79

1745414112
0.0 0.0 0.0 0

1745414113
0.0 0.0 0.0 0

1745414115
0.0 0.0 0.0 4

1745414116
0.0 0.0 0.0 0

1745414118
0.0 0.0 0.0 0

1745414119
0.0 0.0 0.0 0

1745414120
0.0 0.0 0.0 5

1745414121
0.0 0.0 0.0 0

1745414122
0.0 0.0 0.0 0

1745414123
0.0 0.0 0.0 68

1745414124
0.0 0.0 0.0 0

1745414126
0.0 0.0 0.0 60

1745414127
0.0 0.0 0.0 0

1745414128
0.0 0.0 0.0 73

1745414129
0.0 0.0 0.0 0

1745414130
0.0 0.0 0.0 0

1745414131
0.0 0.0 0.0 11

1745414132
0.0 0.0 0.0 0

1745414133
0.0 0.0 0.0 0

1745414134
0.0 0.0 0.0 0

1745414135
0.0 0.0 0.0 0

1745414136
0.0 0.0 0.0 30

1745414137
0.0 0.0 0.0 0

1745414139
0.0 0.0 0.0 332

1745414140
0.0 0.0 0.0 4

1745414141
0.0 0.0 0.0 4

1745414142
0.0 0.0 0.0 32

1745414143
0.0 0.0 0.0 14

1745414145
0.0 0.0 0.0 131

1745414146
0.0 0.0 0.0 65

1745414147
0.0 0.0 0.0 65

1745414148
0.0 0.0 0.0 100

1745414149
0.0 0.0 0.0 0

1745414150
0.0 0.0 0.0 67

1745414151
0.0 0.0 0.0 0

1745414152
0.0 0.0 0.0 0

1745414153
0.0 0.0 0.0 64

1745414155
0.0 0.0 0.0 0

1745414156
0.0 0.0 0.0 403

1745414157
0.0 0.0 0.0 629

1745414158
0.0 0.0 0.0 0

1745414159
0.0 0.0 0.0 73

1745414160
0.0 0.0 0.0 0

1745414161
0.0 0.0 0.0 13

1745414162
0.0 0.0 0.0 0

1745414163
0.0 0.0 0.0 0

1745414165
0.0 0.0 0.0 94

1745414166
0.0 0.0 0.0 0

1745414167
0.0 0.0 0.0 0

1745414168
0.0 0.0 0.0 0

1745414169
0.0 0.0 0.0 0

1745414170
0.0 0.0 0.0 129

1745414171
0.0 0.0 0.0 0

1745414172
0.0 0.0 0.0 0

1745414173
0.0 0.0 0.0 0

1745414174
0.0 0.0 0.0 80

1745414175
0.0 0.0 0.0 61

1745414176
0.0 0.0 0.0 213

1745414177
0.0 0.0 0.0 142

1745414178
0.0 0.0 0.0 173

1745414179
0.0 0.0 0.0 163

1745414180
0.0 0.0 0.0 1324

1745414181
0.0 0.0 0.0 1569

1745414182
0.0 0.0 0.0 196

1745414183
0.0 0.0 0.0 824

1745414184
0.0 0.0 0.0 840

1745414185
0.0 0.0 0.0 574

1745414186
0.0 0.0 0.0 855

1745414187
0.0 0.0 0.0 386

1745414188
0.0 0.0 0.0 307

1745414189
0.0 0.0 0.0 57

1745414190
0.0 0.0 0.0 157

1745414191
0.0 0.0 0.0 974

1745414192
0.0 0.0 0.0 417

1745414193
0.0 0.0 0.0 772

1745414194
0.0 0.0 0.0 1231

1745414195
0.0 0.0 0.0 1663

1745414196
0.0 0.0 0.0 242

1745414197
0.0 0.0 0.0 94

1745414198
0.0 0.0 0.0 120

1745414199
0.0 0.0 0.0 284

1745414200
0.0 0.0 0.0 293

1745414201
0.0 0.0 0.0 776

1745414202
0.0 0.0 0.0 294

1745414203
0.0 0.0 0.0 194

1745414204
0.0 0.0 0.0 2027

1745414205
0.0 0.0 0.0 696

1745414206
0.0 0.0 0.0 334

1745414207
0.0 0.0 0.0 1761

1745414209
0.0 0.0 0.0 3155

1745414210
0.0 0.0 0.0 1698

1745414211
0.0 0.0 0.0 2669

1745414212
0.0 0.0 0.0 3270

1745414213
0.0 0.0 0.0 2793

1745414214
0.0 0.0 0.0 744

1745414215
0.0 0.0 0.0 1441

1745414216
0.0 0.0 0.0 536

1745414217
0.0 0.0 0.0 901

1745414218
0.0 0.0 0.0 773

1745414219
0.0 0.0 0.0 561

1745414220
0.0 0.0 0.0 709

1745414221
0.0 0.0 0.0 644

1745414222
0.0 0.0 0.0 648

1745414223
0.0 0.0 0.0 718

1745414224
0.0 0.0 0.0 629

1745414225
0.0 0.0 0.0 567

1745414226
0.0 0.0 0.0 573

1745414227
0.0 0.0 0.0 630

1745414228
0.0 0.0 0.0 445

1745414229
0.0 0.0 0.0 416

1745414230
0.0 0.0 0.0 576

1745414231
0.0 0.0 0.0 448

1745414232
0.0 0.0 0.0 404

1745414233
0.0 0.0 0.0 419

1745414234
0.0 0.0 0.0 272

1745414235
0.0 0.0 0.0 600

1745414236
0.0 0.0 0.0 298

1745414237
0.0 0.0 0.0 315

1745414238
0.0 0.0 0.0 395

1745414239
0.0 0.0 0.0 258

1745414240
0.0 0.0 0.0 277

1745414241
0.0 0.0 0.0 475

1745414242
0.0 0.0 0.0 651

1745414243
0.0 0.0 0.0 375

1745414244
0.0 0.0 0.0 276

1745414245
0.0 0.0 0.0 233

1745414246
0.0 0.0 0.0 377

1745414247
0.0 0.0 0.0 1428

1745414248
0.0 0.0 0.0 1117

1745414249
0.0 0.0 0.0 389

1745414250
0.0 0.0 0.0 529

1745414251
0.0 0.0 0.0 2411

1745414252
0.0 0.0 0.0 1801

1745414253
0.0 0.0 0.0 290

1745414254
0.0 0.0 0.0 1660

1745414255
0.0 0.0 0.0 507

1745414256
0.0 0.0 0.0 295

1745414257
0.0 0.0 0.0 696

1745414258
0.0 0.0 0.0 938

1745414259
0.0 0.0 0.0 376

1745414260
0.0 0.0 0.0 882

1745414261
0.0 0.0 0.0 340

1745414262
0.0 0.0 0.0 447

1745414263
0.0 0.0 0.0 240

1745414264
0.0 0.0 0.0 328

1745414265
0.0 0.0 0.0 5744

1745414266
0.0 0.0 0.0 2301

1745414267
0.0 0.0 0.0 2081

1745414268
0.0 0.0 0.0 379

1745414269
0.0 0.0 0.0 186

1745414270
0.0 0.0 0.0 3629

1745414271
0.0 0.0 0.0 247

1745414272
0.0 0.0 0.0 406

1745414273
0.0 0.0 0.0 430

1745414274
0.0 0.0 0.0 579

1745414275
0.0 0.0 0.0 383

1745414276
0.0 0.0 0.0 1514

1745414277
0.0 0.0 0.0 348

1745414278
0.0 0.0 0.0 334

1745414279
0.0 0.0 0.0 504

1745414280
0.0 0.0 0.0 338

1745414281
0.0 0.0 0.0 4540

1745414282
0.0 0.0 0.0 311

1745414283
0.0 0.0 0.0 388

1745414284
0.0 0.0 0.0 245

1745414285
0.0 0.0 0.0 220

1745414286
0.0 0.0 0.0 4337

1745414287
0.0 0.0 0.0 300

1745414288
0.0 0.0 0.0 262

1745414289
0.0 0.0 0.0 209

1745414290
0.0 0.0 0.0 500

1745414292
0.0 0.0 0.0 3178

1745414293
0.0 0.0 0.0 285

1745414294
0.0 0.0 0.0 901

1745414295
0.0 0.0 0.0 2590

1745414296
0.0 0.0 0.0 401

1745414297
0.0 0.0 0.0 3925

1745414298
0.0 0.0 0.0 227

1745414299
0.0 0.0 0.0 268

1745414300
0.0 0.0 0.0 251

1745414301
0.0 0.0 0.0 438

1745414303
0.0 0.0 0.0 3158

1745414304
0.0 0.0 0.0 389

1745414305
0.0 0.0 0.0 243

1745414306
0.0 0.0 0.0 302

1745414307
0.0 0.0 0.0 251

1745414308
0.0 0.0 0.0 6767

1745414309
0.0 0.0 0.0 239

1745414311
0.0 0.0 0.0 506

1745414312
0.0 0.0 0.0 94

1745414313
0.0 0.0 0.0 1173

1745414314
0.0 0.0 0.0 4494

1745414315
0.0 0.0 0.0 1158

1745414316
0.0 0.0 0.0 1143

1745414317
0.0 0.0 0.0 218

1745414318
0.0 0.0 0.0 232

1745414319
0.0 0.0 0.0 5852

1745414320
0.0 0.0 0.0 239

1745414321
0.0 0.0 0.0 204

1745414323
0.0 0.0 0.0 510

1745414324
0.0 0.0 0.0 367

1745414325
0.0 0.0 0.0 3557

1745414326
0.0 0.0 0.0 333

1745414327
0.0 0.0 0.0 183

1745414328
0.0 0.0 0.0 250

1745414329
0.0 0.0 0.0 219

1745414331
0.0 0.0 0.0 5770

1745414332
0.0 0.0 0.0 2745

1745414333
0.0 0.0 0.0 3171

1745414334
0.0 0.0 0.0 1703

1745414335
0.0 0.0 0.0 3753

1745414336
0.0 0.0 0.0 259

1745414337
0.0 0.0 0.0 244

1745414338
0.0 0.0 0.0 148

1745414339
0.0 0.0 0.0 376

1745414340
0.0 0.0 0.0 226

1745414341
0.0 0.0 0.0 4982

1745414342
0.0 0.0 0.0 344

1745414343
0.0 0.0 0.0 467

1745414344
0.0 0.0 0.0 265

1745414345
0.0 0.0 0.0 179

1745414346
0.0 0.0 0.0 3841

1745414347
0.0 0.0 0.0 306

1745414348
0.0 0.0 0.0 227

1745414349
0.0 0.0 0.0 255

1745414350
0.0 0.0 0.0 114

1745414351
0.0 0.0 0.0 212

1745414353
0.0 0.0 0.0 4296

1745414354
0.0 0.0 0.0 188

1745414355
0.0 0.0 0.0 261

1745414356
0.0 0.0 0.0 178

1745414357
0.0 0.0 0.0 1148

1745414358
0.0 0.0 0.0 6100

1745414359
0.0 0.0 0.0 1378

1745414360
0.0 0.0 0.0 1166

1745414361
0.0 0.0 0.0 232

1745414362
0.0 0.0 0.0 257

1745414363
0.0 0.0 0.0 3784

1745414364
0.0 0.0 0.0 284

1745414365
0.0 0.0 0.0 348

1745414366
0.0 0.0 0.0 173

1745414367
0.0 0.0 0.0 177

1745414368
0.0 0.0 0.0 208

1745414369
0.0 0.0 0.0 3067

1745414370
0.0 0.0 0.0 187

1745414371
0.0 0.0 0.0 214

1745414372
0.0 0.0 0.0 175

1745414373
0.0 0.0 0.0 193

1745414375
0.0 0.0 0.0 6580

1745414376
0.0 0.0 0.0 281

1745414377
0.0 0.0 0.0 172

1745414378
0.0 0.0 0.0 208

1745414379
0.0 0.0 0.0 227

1745414380
0.0 0.0 0.0 3762

1745414381
0.0 0.0 0.0 178

1745414382
0.0 0.0 0.0 207

1745414383
0.0 0.0 0.0 151

1745414384
0.0 0.0 0.0 115

1745414385
0.0 0.0 0.0 194

1745414386
0.0 0.0 0.0 3613

1745414387
0.0 0.0 0.0 140

1745414389
0.0 0.0 0.0 305

1745414390
0.0 0.0 0.0 210

1745414391
0.0 0.0 0.0 2255

1745414392
0.0 0.0 0.0 177

1745414393
0.0 0.0 0.0 132

1745414394
0.0 0.0 0.0 254

1745414395
0.0 0.0 0.0 147

1745414396
0.0 0.0 0.0 196

1745414397
0.0 0.0 0.0 2528

1745414398
0.0 0.0 0.0 149

1745414399
0.0 0.0 0.0 107

1745414400
0.0 0.0 0.0 163

1745414401
0.0 0.0 0.0 60

1745414402
0.0 0.0 0.0 196

1745414403
0.0 0.0 0.0 4310

1745414404
0.0 0.0 0.0 2066

1745414405
0.0 0.0 0.0 219

1745414406
0.0 0.0 0.0 109

1745414407
0.0 0.0 0.0 73

1745414408
0.0 0.0 0.0 3659

1745414409
0.0 0.0 0.0 3289

1745414410
0.0 0.0 0.0 1332

1745414411
0.0 0.0 0.0 129

1745414412
0.0 0.0 0.0 79

1745414413
0.0 0.0 0.0 115

1745414414
0.0 0.0 0.0 3133

1745414415
0.0 0.0 0.0 98

1745414416
0.0 0.0 0.0 107

1745414417
0.0 0.0 0.0 22

1745414418
0.0 0.0 0.0 26

1745414419
0.0 0.0 0.0 1752

1745414420
0.0 0.0 0.0 3406

1745414421
0.0 0.0 0.0 1321

1745414422
0.0 0.0 0.0 133

1745414423
0.0 0.0 0.0 107

1745414424
0.0 0.0 0.0 138

1745414425
0.0 0.0 0.0 3360

1745414426
0.0 0.0 0.0 134

1745414427
0.0 0.0 0.0 92

1745414428
0.0 0.0 0.0 90

1745414429
0.0 0.0 0.0 140

1745414430
0.0 0.0 0.0 307

1745414431
0.0 0.0 0.0 2408

1745414432
0.0 0.0 0.0 2859

1745414433
0.0 0.0 0.0 562

1745414434
0.0 0.0 0.0 924

1745414435
0.0 0.0 0.0 2129

1745414436
0.0 0.0 0.0 2531

1745414437
0.0 0.0 0.0 176

1745414438
0.0 0.0 0.0 109

1745414439
0.0 0.0 0.0 301

1745414440
0.0 0.0 0.0 184

1745414441
0.0 0.0 0.0 247

1745414442
0.0 0.0 0.0 100

1745414443
0.0 0.0 0.0 725

1745414444
0.0 0.0 0.0 459

1745414445
0.0 0.0 0.0 583

1745414446
0.0 0.0 0.0 532

1745414447
0.0 0.0 0.0 1080

1745414448
0.0 0.0 0.0 1062

1745414449
0.0 0.0 0.0 1411

1745414450
0.0 0.0 0.0 2038

1745414451
0.0 0.0 0.0 3074

1745414452
0.0 0.0 0.0 5131

1745414453
0.0 0.0 0.0 3506

1745414454
0.0 0.0 0.0 4591

1745414456
0.0 0.0 0.0 5159

1745414457
0.0 0.0 0.0 306

1745414458
0.0 0.0 0.0 250

1745414459
0.0 0.0 0.0 320

1745414460
0.0 0.0 0.0 299

1745414461
0.0 0.0 0.0 1833

1745414462
0.0 0.0 0.0 566

1745414463
0.0 0.0 0.0 1638

1745414464
0.0 0.0 0.0 2067

1745414465
0.0 0.0 0.0 1896

1745414466
0.0 0.0 0.0 2096

1745414467
0.0 0.0 0.0 2670

1745414468
0.0 0.0 0.0 2094

1745414469
0.0 0.0 0.0 1709

1745414470
0.0 0.0 0.0 517

1745414471
0.0 0.0 0.0 784

1745414472
0.0 0.0 0.0 9506

1745414473
0.0 0.0 0.0 9338

1745414474
0.0 0.0 0.0 3652

1745414475
0.0 0.0 0.0 669

1745414476
0.0 0.0 0.0 526

1745414477
0.0 0.0 0.0 4506

1745414478
0.0 0.0 0.0 439

1745414479
0.0 0.0 0.0 65

1745414480
0.0 0.0 0.0 104

1745414481
0.0 0.0 0.0 67

1745414482
0.0 0.0 0.0 3225

1745414483
0.0 0.0 0.0 92

1745414484
0.0 0.0 0.0 47

1745414485
0.0 0.0 0.0 185

1745414486
0.0 0.0 0.0 99

1745414487
0.0 0.0 0.0 133

1745414488
0.0 0.0 0.0 512

1745414489
0.0 0.0 0.0 190

1745414490
0.0 0.0 0.0 63

1745414491
0.0 0.0 0.0 45

1745414492
0.0 0.0 0.0 11

1745414493
0.0 0.0 0.0 2855

1745414494
0.0 0.0 0.0 95

1745414495
0.0 0.0 0.0 43

1745414496
0.0 0.0 0.0 22

1745414497
0.0 0.0 0.0 20

1745414498
0.0 0.0 0.0 1194

1745414499
0.0 0.0 0.0 10472

1745414500
0.0 0.0 0.0 895

1745414501
0.0 0.0 0.0 260

1745414502
0.0 0.0 0.0 129

1745414503
0.0 0.0 0.0 1725

1745414504
0.0 0.0 0.0 4031

1745414505
0.0 0.0 0.0 3769

1745414506
0.0 0.0 0.0 53

1745414507
0.0 0.0 0.0 36

1745414508
0.0 0.0 0.0 56

1745414509
0.0 0.0 0.0 23

1745414510
0.0 0.0 0.0 2084

1745414511
0.0 0.0 0.0 7

1745414512
0.0 0.0 0.0 0

1745414513
0.0 0.0 0.0 521

1745414514
0.0 0.0 0.0 12

1745414515
0.0 0.0 0.0 556

1745414516
0.0 0.0 0.0 75

1745414517
0.0 0.0 0.0 636

1745414518
0.0 0.0 0.0 22

1745414519
0.0 0.0 0.0 55

1745414520
0.0 0.0 0.0 386

1745414521
0.0 0.0 0.0 9

1745414522
0.0 0.0 0.0 14

1745414523
0.0 0.0 0.0 427

1745414524
0.0 0.0 0.0 306

1745414525
0.0 0.0 0.0 304

1745414526
0.0 0.0 0.0 332

1745414527
0.0 0.0 0.0 2

1745414528
0.0 0.0 0.0 178

1745414529
0.0 0.0 0.0 70

1745414530
0.0 0.0 0.0 59

1745414531
0.0 0.0 0.0 10

1745414532
0.0 0.0 0.0 35

1745414533
0.0 0.0 0.0 411

1745414534
0.0 0.0 0.0 885

1745414535
0.0 0.0 0.0 878

1745414536
0.0 0.0 0.0 807

1745414537
0.0 0.0 0.0 448

1745414538
0.0 0.0 0.0 678

1745414539
0.0 0.0 0.0 1595

1745414540
0.0 0.0 0.0 711

1745414541
0.0 0.0 0.0 7

1745414542
0.0 0.0 0.0 726

1745414543
0.0 0.0 0.0 279

1745414544
0.0 0.0 0.0 0

1745414545
0.0 0.0 0.0 178

1745414546
0.0 0.0 0.0 527

1745414547
0.0 0.0 0.0 5

1745414548
0.0 0.0 0.0 4

1745414549
0.0 0.0 0.0 6

1745414550
0.0 0.0 0.0 80

1745414551
0.0 0.0 0.0 0

1745414552
0.0 0.0 0.0 0

1745414553
0.0 0.0 0.0 0

1745414554
0.0 0.0 0.0 0

1745414555
0.0 0.0 0.0 0

1745414556
0.0 0.0 0.0 2030

1745414557
0.0 0.0 0.0 2735

1745414558
0.0 0.0 0.0 384

1745414559
0.0 0.0 0.0 0

1745414560
0.0 0.0 0.0 0

1745414561
0.0 0.0 0.0 3636

1745414562
0.0 0.0 0.0 0

1745414563
0.0 0.0 0.0 2053

1745414564
0.0 0.0 0.0 0

1745414565
0.0 0.0 0.0 1

1745414566
0.0 0.0 0.0 0

1745414567
0.0 0.0 0.0 0

1745414568
0.0 0.0 0.0 0

1745414569
0.0 0.0 0.0 156

1745414570
0.0 0.0 0.0 54

1745414571
0.0 0.0 0.0 47

1745414572
0.0 0.0 0.0 0

1745414573
0.0 0.0 0.0 1546

1745414574
0.0 0.0 0.0 89

1745414575
0.0 0.0 0.0 0

1745414576
0.0 0.0 0.0 0

1745414577
0.0 0.0 0.0 0

1745414578
0.0 0.0 0.0 7799

1745414579
0.18 0.03 0.0 24115

1745414580
0.18 0.03 0.0 4467

1745414582
0.14 0.03 0.0 0

1745414583
0.12 0.02 0.0 541

1745414584
0.12 0.02 0.0 3745

1745414585
0.28 0.06 0.01 17911

1745414586
0.28 0.06 0.01 71

1745414587
0.22 0.05 0.01 30177

1745414588
0.22 0.05 0.01 447173

1745414589
6.52 1.2 0.25 329399

1745414590
6.52 1.2 0.25 475768

1745414591
12.41 2.43 0.51 340600

1745414592
12.41 2.43 0.51 441075

1745414593
17.04 3.6 0.77 291748

1745414594
17.04 3.6 0.77 262757

1745414595
19.03 4.4 0.95 284799

1745414596
19.03 4.4 0.95 367186

1745414597
21.92 5.4 1.19 349653

1745414598
21.92 5.4 1.19 219137

1745414599
23.02 6.14 1.37 393010

1745414600
23.02 6.14 1.37 344937

1745414601
25.73 7.18 1.62 406855

1745414602
25.73 7.18 1.62 392204

1745414603
27.77 8.16 1.86 349783

1745414604
27.77 8.16 1.86 295907

1745414605
28.0 8.84 2.05 245168

1745414606
28.0 8.84 2.05 150754

1745414607
26.73 9.24 2.18 261621

1745414608
26.73 9.24 2.18 117868

1745414609
24.96 9.49 2.28 259875

1745414610
24.96 9.49 2.28 213708

1745414611
23.7 9.77 2.39 125379

1745414612
23.7 9.77 2.39 74849

1745414613
22.85 10.07 2.5 391242

1745414614
22.85 10.07 2.5 493735

1745414615
26.68 11.18 2.79 397463

1745414616
26.68 11.18 2.79 424448

1745414617
30.18 12.32 3.08 524311

1745414618
30.18 12.32 3.08 486973

1745414619
34.31 13.65 3.42 580272

1745414620
34.31 13.65 3.42 500068

1745414621
37.33 14.87 3.75 527175

1745414622
37.33 14.87 3.75 562174

1745414623
41.44 16.35 4.13 645019

1745414624
41.44 16.35 4.13 547058

1745414625
42.45 17.35 4.43 391607

1745414626
42.45 17.35 4.43 461737

1745414627
43.81 18.42 4.74 522942

1745414628
43.81 18.42 4.74 470144

1745414629
46.38 19.72 5.1 701046

1745414630
46.38 19.72 5.1 478003

1745414631
48.49 20.97 5.46 748446

1745414632
48.49 20.97 5.46 584354

1745414633
50.93 22.31 5.85 643812

1745414634
50.93 22.31 5.85 653988

1745414635
52.94 23.61 6.24 578360

1745414636
52.94 23.61 6.24 325719

1745414637
50.77 24.18 6.47 487272

1745414638
50.77 24.18 6.47 495484

1745414639
50.27 24.96 6.76 483527

1745414640
50.27 24.96 6.76 664411

1745414641
50.95 25.91 7.08 463736

1745414642
50.95 25.91 7.08 586708

1745414643
51.86 26.89 7.41 532943

1745414644
51.86 26.89 7.41 522125

1745414645
51.52 27.65 7.71 490660

1745414646
51.52 27.65 7.71 511791

1745414647
52.69 28.64 8.05 634679

1745414648
52.69 28.64 8.05 490953

1745414649
53.47 29.57 8.39 665703

1745414650
53.47 29.57 8.39 494631

1745414651
51.76 30.04 8.63 361840

1745414652
51.76 30.04 8.63 407516

1745414653
51.08 30.63 8.9 596370

1745414654
51.08 30.63 8.9 511972

1745414655
49.97 31.1 9.15 359017

1745414656
49.97 31.1 9.15 383450

1745414657
49.98 31.72 9.43 661972

1745414658
49.98 31.72 9.43 528616

1745414659
52.34 32.74 9.79 801072

1745414660
52.34 32.74 9.79 946433

1745414661
59.16 34.61 10.34 870303

1745414662
59.16 34.61 10.34 961943

1745414663
65.29 36.52 10.91 911580

1745414664
65.29 36.52 10.91 824498

1745414665
69.22 38.17 11.43 911798

1745414666
69.22 38.17 11.43 886417

1745414667
72.08 39.71 11.93 837749

1745414668
72.08 39.71 11.93 323885

1745414669
63.91 39.29 12.03 65641

1745414670
63.91 39.29 12.03 99693

1745414671
53.6 38.23 12.0 52642

1745414672
53.6 38.23 12.0 70510

1745414673
47.87 37.7 12.07 458319

1745414674
47.87 37.7 12.07 193502

1745414675
41.92 36.96 12.09 28005

1745414676
41.92 36.96 12.09 68394

1745414677
35.23 35.91 12.04 51558

1745414678
35.23 35.91 12.04 30006

1745414679
29.21 34.8 11.97 15663

1745414680
29.21 34.8 11.97 0

1745414681
24.1 33.7 11.89 30690

1745414682
24.1 33.7 11.89 0

1745414683
19.73 32.59 11.81 160

1745414684
19.73 32.59 11.81 2584

1745414685
16.16 31.53 11.73 0

1745414686
16.16 31.53 11.73 152

1745414687
13.23 30.5 11.65 1210

1745414688
13.23 30.5 11.65 31

1745414689
10.83 29.5 11.57 0

1745414690
10.83 29.5 11.57 0

1745414691
8.87 28.53 11.49 0

1745414692
8.87 28.53 11.49 0

1745414693
7.26 27.6 11.41 0

1745414694
7.26 27.6 11.41 0

1745414695
5.94 26.7 11.33 0

1745414696
5.94 26.7 11.33 0

1745414697
4.87 25.82 11.26 38299

1745414698
4.87 25.82 11.26 415732

1745414699
9.42 25.96 11.38 182998

1745414700
9.42 25.96 11.38 32500

1745414701
8.07 25.17 11.32 164

1745414702
8.07 25.17 11.32 0

1745414703
6.61 24.35 11.24 0

1745414704
6.61 24.35 11.24 0

1745414705
5.59 23.59 11.17 21275

1745414706
5.59 23.59 11.17 0

1745414707
7.66 23.37 11.21 480451

1745414708
7.66 23.37 11.21 396005

1745414709
14.78 24.14 11.46 565354

1745414710
14.78 24.14 11.46 814567

1745414711
26.24 25.91 11.91 775333

1745414712
26.24 25.91 11.91 578544

1745414713
35.43 27.58 12.36 980763

1745414714
35.43 27.58 12.36 574471

1745414715
43.14 29.23 12.81 992378

1745414716
43.14 29.23 12.81 994683

1745414717
50.0 30.92 13.27 619478

1745414718
50.0 30.92 13.27 957259

1745414719
58.15 33.02 13.83 953927

1745414720
58.15 33.02 13.83 962677

1745414721
62.47 34.62 14.3 690013

1745414722
62.47 34.62 14.3 735582

1745414723
62.2 35.48 14.62 451364

1745414724
62.2 35.48 14.62 457455

1745414725
59.09 35.79 14.82 434535

1745414726
59.09 35.79 14.82 135747

1745414727
50.19 34.95 14.79 0

1745414728
50.19 34.95 14.79 15457

1745414729
41.1 33.81 14.69 0

1745414730
41.1 33.81 14.69 0

1745414731
33.65 32.7 14.59 0

1745414732
33.65 32.7 14.59 2016

1745414733
27.56 31.63 14.49 0

1745414734
27.56 31.63 14.49 0

1745414735
22.56 30.59 14.39 0

1745414736
22.56 30.59 14.39 0

1745414737
18.84 29.66 14.31 73338

1745414738
18.84 29.66 14.31 282893

1745414739
19.77 29.47 14.37 215590

1745414740
19.77 29.47 14.37 213599

1745414741
21.99 29.56 14.49 458124

1745414742
21.99 29.56 14.49 498480

1745414743
25.25 29.9 14.67 321650

1745414744
25.25 29.9 14.67 339135

1745414745
27.74 30.2 14.83 424787

1745414746
27.74 30.2 14.83 354536

1745414747
31.59 30.81 15.07 664023

1745414748
31.59 30.81 15.07 264949

1745414749
33.47 31.18 15.25 580688

1745414750
33.47 31.18 15.25 664860

1745414751
38.82 32.22 15.58 600085

1745414752
38.82 32.22 15.58 567829

1745414753
42.48 33.09 15.87 623903

1745414754
42.48 33.09 15.87 642867

1745414755
43.84 33.65 16.11 372060

1745414756
43.84 33.65 16.11 408895

1745414757
42.96 33.82 16.27 341800

1745414758
42.96 33.82 16.27 249984

1745414759
39.89 33.57 16.33 303519

1745414760
39.89 33.57 16.33 252839

1745414761
39.36 33.68 16.47 508559

1745414762
39.36 33.68 16.47 178100

1745414763
34.41 32.97 16.44 20667

1745414764
34.41 32.97 16.44 2687

1745414765
28.71 31.99 16.35 66062

1745414766
28.71 31.99 16.35 299657

1745414767
29.13 31.96 16.45 394301

1745414768
29.13 31.96 16.45 679587

1745414769
36.71 33.23 16.82 782556

1745414770
36.71 33.23 16.82 786159

1745414771
44.73 34.8 17.26 840977

1745414772
44.73 34.8 17.26 380947

1745414773
41.7 34.57 17.34 158257

1745414774
41.7 34.57 17.34 0

1745414775
34.15 33.44 17.22 849

1745414776
34.15 33.44 17.22 32

1745414777
27.96 32.35 17.1 546

1745414778
27.96 32.35 17.1 65

1745414779
22.89 31.29 16.98 0

1745414780
22.89 31.29 16.98 1

1745414781
18.75 30.27 16.87 486

1745414782
18.75 30.27 16.87 643

1745414783
15.35 29.27 16.75 4

1745414784
15.35 29.27 16.75 8593

1745414785
12.57 28.32 16.64 26

1745414786
12.57 28.32 16.64 1

1745414787
10.29 27.39 16.52 0

1745414788
10.29 27.39 16.52 443

1745414789
8.42 26.49 16.41 0

1745414790
8.42 26.49 16.41 2516

1745414791
6.9 25.63 16.3 48

1745414792
6.9 25.63 16.3 5432

1745414793
6.01 24.85 16.2 70499

1745414794
6.01 24.85 16.2 476

1745414795
5.1 24.07 16.09 0

1745414796
5.1 24.07 16.09 0

1745414797
4.18 23.28 15.98 1

1745414798
4.18 23.28 15.98 29

1745414799
3.42 22.52 15.87 1

1745414801
2.8 21.78 15.77 4419

1745414802
2.8 21.78 15.77 0

1745414803
2.29 21.07 15.66 0

1745414804
2.29 21.07 15.66 0

1745414805
1.87 20.38 15.55 0

1745414806
1.87 20.38 15.55 0

1745414807
1.53 19.71 15.44 0

1745414808
1.53 19.71 15.44 0

1745414809
1.25 19.07 15.34 0

1745414810
1.25 19.07 15.34 0

1745414811
1.03 18.44 15.23 0

1745414812
1.03 18.44 15.23 0

1745414813
0.84 17.84 15.13 0

1745414814
0.84 17.84 15.13 0

1745414815
0.69 17.26 15.03 0

1745414816
0.69 17.26 15.03 0

1745414817
0.56 16.69 14.92 0

1745414818
0.56 16.69 14.92 0

1745414819
0.46 16.15 14.82 0

1745414820
0.46 16.15 14.82 0

1745414821
0.37 15.62 14.72 0

1745414822
0.37 15.62 14.72 0

1745414823
0.3 15.11 14.62 0

1745414824
0.3 15.11 14.62 0

1745414825
0.25 14.61 14.52 0

1745414826
0.25 14.61 14.52 0

1745414827
0.2 14.13 14.42 0

1745414828
0.2 14.13 14.42 26

1745414829
0.16 13.67 14.32 0

1745414830
0.16 13.67 14.32 9974

1745414831
0.13 13.22 14.22 946

1745414832
0.13 13.22 14.22 0

1745414833
0.11 12.79 14.12 314

1745414834
0.11 12.79 14.12 0

1745414835
0.09 12.37 14.03 2252

1745414836
0.09 12.37 14.03 0

1745414837
0.07 11.96 13.93 298

1745414838
0.07 11.96 13.93 7348

1745414839
0.6 11.67 13.86 61738

1745414840
0.6 11.67 13.86 6565

1745414841
0.85 11.35 13.77 95024

1745414842
0.85 11.35 13.77 105435

1745414843
2.15 11.24 13.73 28204

1745414844
2.15 11.24 13.73 35820

1745414845
2.3 10.97 13.66 28818

1745414846
2.3 10.97 13.66 28864

1745414847
2.06 10.65 13.57 9228

1745414848
2.06 10.65 13.57 19266

1745414849
1.87 10.33 13.49 18063

1745414850
1.87 10.33 13.49 22732

1745414851
1.89 10.06 13.41 16570

1745414852
1.89 10.06 13.41 21409

1745414853
1.73 9.76 13.32 15019

1745414854
1.73 9.76 13.32 1

1745414855
1.42 9.44 13.23 0

1745414856
1.42 9.44 13.23 693

1745414857
1.16 9.13 13.14 18

1745414858
1.16 9.13 13.14 12752

1745414859
0.95 8.83 13.05 135

1745414860
0.95 8.83 13.05 86

1745414861
0.77 8.54 12.96 23

1745414862
0.77 8.54 12.96 1

1745414863
0.63 8.26 12.87 45

1745414864
0.63 8.26 12.87 0

1745414865
0.52 7.99 12.78 0

1745414866
0.52 7.99 12.78 0

1745414867
0.42 7.73 12.7 176

1745414868
0.42 7.73 12.7 229

1745414869
0.34 7.48 12.61 0

1745414870
0.34 7.48 12.61 0

1745414871
0.28 7.23 12.52 1

1745414872
0.28 7.23 12.52 0

1745414873
0.23 7.0 12.44 55

1745414874
0.23 7.0 12.44 70

1745414876
0.19 6.77 12.35 4

1745414877
0.15 6.54 12.27 0

1745414879
0.12 6.33 12.18 95

1745414880
0.12 6.33 12.18 1

1745414881
0.1 6.12 12.1 6

1745414882
0.1 6.12 12.1 160

1745414883
0.08 5.92 12.02 16

1745414884
0.08 5.92 12.02 0

1745414885
0.06 5.73 11.93 1

1745414886
0.06 5.73 11.93 0

1745414888
0.05 5.54 11.85 0

1745414889
0.04 5.36 11.77 52

1745414890
0.04 5.36 11.77 1

1745414891
0.03 5.18 11.69 2

1745414893
0.03 5.01 11.61 345

1745414894
0.03 5.01 11.61 0

1745414895
0.02 4.85 11.53 61

1745414896
0.02 4.85 11.53 2

1745414897
0.02 4.69 11.45 1

1745414898
0.02 4.69 11.45 1

1745414900
0.01 4.54 11.37 18

1745414901
0.01 4.39 11.29 66

1745414902
0.01 4.39 11.29 1

1745414903
0.01 4.24 11.22 6

1745414904
0.01 4.24 11.22 1

1745414905
0.0 4.1 11.14 67

1745414906
0.0 4.1 11.14 0

1745414907
0.0 3.97 11.06 0

1745414908
0.0 3.97 11.06 0

1745414910
0.0 3.84 10.99 0

1745414911
0.0 3.71 10.91 0

1745414912
0.0 3.71 10.91 0

1745414913
0.0 3.59 10.84 65

1745414914
0.0 3.59 10.84 67

1745414915
0.0 3.47 10.76 77

1745414916
0.0 3.47 10.76 66

1745414917
0.0 3.36 10.69 0

1745414918
0.0 3.36 10.69 0

1745414919
0.0 3.25 10.62 65

1745414920
0.0 3.25 10.62 1

1745414921
0.0 3.14 10.54 0

1745414922
0.0 3.14 10.54 0

1745414923
0.0 3.04 10.47 0

1745414924
0.0 3.04 10.47 26

1745414925
0.0 2.94 10.4 0

1745414926
0.0 2.94 10.4 65

1745414927
0.0 2.84 10.33 0

1745414928
0.0 2.84 10.33 0

1745414930
0.0 2.75 10.26 65

1745414931
0.0 2.66 10.19 65

1745414932
0.0 2.66 10.19 0

1745414933
0.0 2.57 10.12 70

1745414934
0.0 2.57 10.12 0

1745414935
0.0 2.49 10.05 65

1745414936
0.0 2.49 10.05 1

1745414937
0.0 2.41 9.98 0

1745414938
0.0 2.41 9.98 0

1745414939
0.0 2.33 9.91 0

1745414940
0.0 2.33 9.91 0

1745414941
0.0 2.25 9.84 0

1745414942
0.0 2.25 9.84 0

1745414943
0.0 2.18 9.78 1

1745414944
0.0 2.18 9.78 0

1745414946
0.0 2.1 9.71 64

1745414947
0.0 2.03 9.64 0

1745414948
0.0 2.03 9.64 1

1745414949
0.0 1.97 9.58 65

1745414950
0.0 1.97 9.58 5

1745414951
0.0 1.9 9.51 338

1745414952
0.0 1.9 9.51 87

1745414954
0.0 1.84 9.44 151

1745414956
0.0 1.78 9.38 65

1745414957
0.0 1.72 9.32 143

1745414959
0.0 1.66 9.25 112

1745414961
0.0 1.66 9.25 120

1745414962
0.0 1.61 9.19 0

1745414963
0.0 1.56 9.12 1

1745414964
0.0 1.56 9.12 1

1745414965
0.0 1.5 9.06 64

1745414966
0.0 1.5 9.06 0

1745414968
0.0 1.45 9.0 0

1745414969
0.0 1.41 8.94 236

1745414970
0.0 1.41 8.94 0

1745414971
0.0 1.36 8.88 0

1745414972
0.0 1.36 8.88 73

1745414973
0.0 1.32 8.82 2

1745414974
0.0 1.32 8.82 29

1745414975
0.0 1.27 8.76 38

1745414977
0.0 1.23 8.7 85

1745414979
0.0 1.19 8.64 25

1745414980
0.0 1.19 8.64 0

1745414981
0.0 1.15 8.58 1

1745414982
0.0 1.15 8.58 0

1745414984
0.0 1.11 8.52 64

1745414985
0.0 1.08 8.46 1

1745414986
0.0 1.08 8.46 0

1745414987
0.0 1.04 8.4 1

1745414988
0.0 1.04 8.4 0

1745414989
0.0 1.01 8.34 0

1745414990
0.0 1.01 8.34 0

1745414991
0.0 0.97 8.29 0

1745414992
0.0 0.97 8.29 1280

1745414993
0.0 0.94 8.23 988

1745414994
0.0 0.94 8.23 64

1745414995
0.0 0.91 8.17 134

1745414996
0.0 0.91 8.17 0

1745414997
0.0 0.88 8.12 65

1745414999
0.0 0.85 8.06 0

1745415000
0.0 0.85 8.06 0

1745415001
0.0 0.82 8.01 0

1745415002
0.0 0.82 8.01 0

1745415003
0.0 0.79 7.95 65

1745415005
0.0 0.77 7.9 0

1745415006
0.0 0.77 7.9 65

1745415007
0.0 0.74 7.84 64

1745415009
0.0 0.72 7.79 0

1745415010
0.0 0.72 7.79 144

1745415011
0.0 0.69 7.73 0

1745415012
0.0 0.69 7.73 2

1745415013
0.0 0.67 7.68 0

1745415014
0.0 0.67 7.68 0

1745415015
0.0 0.65 7.63 0

1745415016
0.0 0.65 7.63 93

1745415017
0.0 0.63 7.58 0

1745415018
0.0 0.63 7.58 108

1745415019
0.0 0.6 7.52 6

1745415020
0.0 0.6 7.52 0

1745415021
0.0 0.58 7.47 223

1745415022
0.0 0.58 7.47 104

1745415023
0.0 0.57 7.42 1601

1745415024
0.0 0.57 7.42 1868

1745415025
0.0 0.55 7.37 0

1745415026
0.0 0.55 7.37 0

1745415027
0.0 0.53 7.32 0

1745415028
0.0 0.53 7.32 0

1745415029
0.0 0.51 7.27 0

1745415030
0.0 0.51 7.27 2

1745415031
0.0 0.49 7.22 17

1745415032
0.0 0.49 7.22 0

1745415033
0.0 0.48 7.17 1

1745415034
0.0 0.48 7.17 1

1745415036
0.0 0.46 7.12 0

1745415037
0.0 0.45 7.07 69

1745415039
0.0 0.43 7.02 0

1745415040
0.0 0.43 7.02 0

1745415041
0.0 0.42 6.97 0

1745415042
0.0 0.42 6.97 65

1745415043
0.0 0.4 6.93 1

1745415044
0.0 0.4 6.93 0

1745415045
0.0 0.39 6.88 65

1745415046
0.0 0.39 6.88 177

1745415048
0.0 0.37 6.83 0

1745415049
0.0 0.36 6.78 5

1745415051
0.0 0.36 6.78 408

1745415052
0.0 0.35 6.74 11

1745415053
0.0 0.34 6.69 0

1745415055
0.0 0.33 6.64 0

1745415056
0.0 0.33 6.64 1

1745415057
0.0 0.32 6.6 64

1745415058
0.0 0.32 6.6 0

1745415059
0.0 0.3 6.55 0

1745415060
0.0 0.3 6.55 185

1745415061
0.0 0.29 6.51 0

1745415062
0.0 0.29 6.51 0

1745415063
0.0 0.28 6.46 5

1745415064
0.0 0.28 6.46 70

1745415065
0.0 0.27 6.42 0

1745415066
0.0 0.27 6.42 0

1745415067
0.0 0.27 6.37 66

1745415068
0.0 0.27 6.37 0

1745415069
0.0 0.26 6.33 0

1745415070
0.0 0.26 6.33 0

1745415071
0.0 0.25 6.29 0

1745415072
0.0 0.25 6.29 1

1745415073
0.0 0.24 6.24 0

1745415074
0.0 0.24 6.24 0

1745415076
0.0 0.23 6.2 6

1745415077
0.0 0.22 6.16 18

1745415079
0.0 0.22 6.16 8

1745415080
0.0 0.21 6.12 1

1745415081
0.0 0.21 6.12 0

1745415082
0.0 0.21 6.07 0

1745415083
0.0 0.2 6.03 1

1745415084
0.0 0.2 6.03 0

1745415085
0.0 0.2 6.03 0

1745415086
0.0 0.19 5.99 0

1745415087
0.0 0.19 5.99 5

1745415088
0.0 0.19 5.95 0

1745415089
0.0 0.18 5.91 72

1745415091
0.0 0.18 5.91 133

1745415092
0.0 0.17 5.87 63

1745415093
0.0 0.17 5.87 0

1745415094
0.0 0.17 5.83 0

1745415095
0.0 0.16 5.79 1

1745415097
0.0 0.16 5.79 0

1745415098
0.0 0.16 5.75 77

1745415099
0.0 0.16 5.75 0

1745415100
0.0 0.15 5.71 0

1745415101
0.0 0.15 5.71 0

1745415102
0.0 0.15 5.67 0

1745415103
0.0 0.14 5.63 0

1745415105
0.0 0.14 5.63 0

1745415106
0.0 0.14 5.59 0

1745415107
0.0 0.14 5.59 0

1745415108
0.0 0.13 5.55 0

1745415109
0.0 0.13 5.51 0

1745415111
0.0 0.13 5.51 0

1745415112
0.0 0.12 5.48 129

1745415113
0.0 0.12 5.48 110

1745415114
0.0 0.12 5.44 1

1745415115
0.0 0.12 5.44 0

1745415116
0.0 0.11 5.4 65

1745415117
0.0 0.11 5.4 65

1745415118
0.0 0.11 5.36 129

1745415119
0.0 0.11 5.36 0

1745415120
0.0 0.1 5.33 107

1745415121
0.0 0.1 5.29 0

1745415122
0.0 0.1 5.29 62

1745415123
0.0 0.1 5.29 0

1745415124
0.0 0.1 5.25 1

1745415126
0.0 0.09 5.22 0

1745415127
0.0 0.09 5.22 0

1745415128
0.0 0.09 5.18 0

1745415129
0.0 0.09 5.18 9

1745415130
0.0 0.09 5.15 875

1745415131
0.0 0.09 5.15 0

1745415132
0.0 0.08 5.11 0

1745415133
0.0 0.08 5.11 0

1745415134
0.0 0.08 5.08 122

1745415135
0.0 0.08 5.08 1359

1745415136
0.0 0.08 5.04 0

1745415137
0.0 0.08 5.04 330

1745415138
0.0 0.07 5.01 16

1745415139
0.0 0.07 5.01 0

1745415140
0.0 0.07 4.97 0

1745415141
0.0 0.07 4.97 0

1745415142
0.0 0.07 4.94 0

1745415143
0.0 0.07 4.9 0

1745415145
0.0 0.06 4.87 67

1745415146
0.0 0.06 4.87 64

1745415148
0.0 0.06 4.83 130

1745415149
0.0 0.06 4.83 1

1745415150
0.0 0.06 4.8 1

1745415152
0.0 0.06 4.77 1

1745415153
0.0 0.05 4.74 1

1745415154
0.0 0.05 4.74 66

1745415156
0.0 0.05 4.7 0

1745415157
0.0 0.05 4.7 63

1745415158
0.0 0.05 4.67 5

1745415159
0.0 0.05 4.67 130

1745415160
0.0 0.05 4.64 223

1745415161
0.0 0.05 4.64 0

1745415162
0.0 0.05 4.61 738

1745415163
0.0 0.05 4.61 71

1745415164
0.0 0.04 4.57 4

1745415166
0.0 0.04 4.54 31

1745415167
0.0 0.04 4.54 0

1745415168
0.0 0.04 4.51 1

1745415169
0.0 0.04 4.51 36

1745415170
0.0 0.04 4.48 0

1745415171
0.0 0.04 4.48 0

1745415172
0.0 0.04 4.45 0

1745415173
0.0 0.04 4.45 0

1745415174
0.0 0.04 4.42 0

1745415175
0.0 0.04 4.42 20

1745415176
0.0 0.03 4.39 0

1745415177
0.0 0.03 4.39 0

1745415179
0.0 0.03 4.36 0

1745415180
0.0 0.03 4.33 119

1745415181
0.0 0.03 4.33 0

1745415182
0.0 0.03 4.3 0

1745415183
0.0 0.03 4.3 1

1745415184
0.0 0.03 4.27 0

1745415185
0.0 0.03 4.27 0

1745415186
0.0 0.03 4.24 0

1745415187
0.0 0.03 4.24 47

1745415188
0.0 0.02 4.21 0

1745415189
0.0 0.02 4.21 85

1745415190
0.0 0.02 4.18 0

1745415191
0.0 0.02 4.15 136

1745415193
0.0 0.02 4.15 1

1745415194
0.0 0.02 4.12 0

1745415195
0.0 0.02 4.12 0

1745415196
0.0 0.02 4.09 25

1745415198
0.0 0.02 4.07 129

1745415199
0.0 0.02 4.07 0

1745415200
0.0 0.02 4.04 0

1745415201
0.0 0.02 4.04 0

1745415202
0.0 0.02 4.01 0

1745415203
0.0 0.02 4.01 1

1745415204
0.0 0.02 3.98 68

1745415205
0.0 0.02 3.98 0

1745415206
0.0 0.02 3.96 0

1745415207
0.0 0.02 3.96 135

1745415209
0.0 0.02 3.93 0

1745415210
0.0 0.01 3.9 0

1745415211
0.0 0.01 3.9 2117

1745415212
0.0 0.01 3.87 3175

1745415213
0.0 0.01 3.87 0

1745415214
0.0 0.01 3.85 292

1745415215
0.0 0.01 3.85 590

1745415216
0.0 0.01 3.82 0

1745415217
0.0 0.01 3.82 0

1745415218
0.0 0.01 3.79 58

1745415219
0.0 0.01 3.79 0

1745415220
0.0 0.01 3.77 0

1745415221
0.0 0.01 3.77 0

1745415222
0.0 0.01 3.74 0

1745415223
0.0 0.01 3.74 0

1745415224
0.0 0.01 3.72 0

1745415225
0.0 0.01 3.72 156

1745415226
0.0 0.01 3.69 0

1745415227
0.0 0.01 3.69 0

1745415228
0.0 0.01 3.66 1

1745415229
0.0 0.01 3.66 0

1745415230
0.0 0.01 3.64 0

1745415232
0.0 0.01 3.61 0

1745415233
0.0 0.01 3.61 67

1745415234
0.0 0.01 3.59 246

1745415235
0.0 0.01 3.59 0

1745415236
0.0 0.01 3.56 0

1745415237
0.0 0.01 3.56 149

1745415238
0.0 0.0 3.54 0

1745415239
0.0 0.0 3.54 140

1745415240
0.0 0.0 3.52 0

1745415241
0.0 0.0 3.52 0

1745415242
0.0 0.0 3.49 0

1745415243
0.0 0.0 3.49 0

1745415244
0.0 0.0 3.47 0

1745415245
0.0 0.0 3.47 62

1745415246
0.0 0.0 3.44 0

1745415247
0.0 0.0 3.44 1547

1745415248
0.0 0.0 3.42 5507

1745415249
0.0 0.0 3.42 6548

1745415250
0.0 0.0 3.4 770

1745415251
0.0 0.0 3.4 1380

1745415252
0.0 0.0 3.37 154

1745415254
0.0 0.0 3.35 55

1745415255
0.0 0.0 3.35 779

1745415256
0.0 0.0 3.33 2839

1745415257
0.0 0.0 3.33 1706

1745415258
0.0 0.0 3.3 3206

1745415260
0.0 0.0 3.28 6950

1745415261
0.0 0.0 3.28 2702

1745415262
0.0 0.0 3.26 0

1745415263
0.0 0.0 3.26 121

1745415264
0.0 0.0 3.24 2641

1745415265
0.0 0.0 3.24 5376

1745415266
0.0 0.0 3.21 289

1745415267
0.0 0.0 3.21 0

1745415268
0.0 0.0 3.19 67

1745415269
0.0 0.0 3.19 67

1745415270
0.0 0.0 3.17 64

1745415271
0.0 0.0 3.17 134

1745415272
0.0 0.0 3.15 0

1745415273
0.0 0.0 3.15 0

1745415274
0.0 0.0 3.12 0

1745415275
0.0 0.0 3.12 1295

1745415276
0.0 0.0 3.1 2705

1745415277
0.0 0.0 3.1 2413

1745415278
0.0 0.0 3.08 2262

1745415279
0.0 0.0 3.08 168

1745415280
0.0 0.0 3.06 0

1745415281
0.0 0.0 3.06 0

1745415282
0.0 0.0 3.04 0

1745415283
0.0 0.0 3.04 0

1745415284
0.0 0.0 3.02 1

1745415285
0.0 0.0 3.02 0

1745415286
0.0 0.0 3.0 0

1745415287
0.0 0.0 3.0 0

1745415288
0.0 0.0 2.98 77

1745415289
0.0 0.0 2.98 0

1745415290
0.0 0.0 2.96 0

1745415291
0.0 0.0 2.96 0

1745415292
0.0 0.0 2.93 0

1745415293
0.0 0.0 2.93 0

1745415294
0.0 0.0 2.91 0

1745415295
0.0 0.0 2.91 0

1745415296
0.0 0.0 2.89 0

1745415297
0.0 0.0 2.89 1

1745415298
0.0 0.0 2.87 34

1745415299
0.0 0.0 2.87 0

1745415300
0.0 0.0 2.85 0

1745415301
0.0 0.0 2.85 39

1745415302
0.0 0.0 2.83 0

1745415303
0.0 0.0 2.83 19

1745415304
0.0 0.0 2.81 5

1745415305
0.0 0.0 2.81 53

1745415306
0.0 0.0 2.8 4

1745415307
0.0 0.0 2.8 7

1745415308
0.0 0.0 2.78 24

1745415309
0.0 0.0 2.78 30

1745415310
0.0 0.0 2.76 62

1745415311
0.0 0.0 2.76 180

1745415312
0.0 0.0 2.74 1104

1745415313
0.0 0.0 2.74 1136

1745415314
0.0 0.0 2.72 832

1745415315
0.0 0.0 2.72 788

1745415316
0.0 0.0 2.7 0

1745415317
0.0 0.0 2.7 772

1745415318
0.0 0.0 2.68 0

1745415319
0.0 0.0 2.68 824

1745415320
0.0 0.0 2.66 1

1745415321
0.0 0.0 2.66 0

1745415322
0.0 0.0 2.64 1981

1745415323
0.0 0.0 2.64 268

1745415324
0.0 0.0 2.63 1047

1745415325
0.0 0.0 2.63 2974

1745415326
0.0 0.0 2.61 757

1745415327
0.0 0.0 2.61 158

1745415328
0.0 0.0 2.59 0

1745415329
0.0 0.0 2.59 75

1745415330
0.0 0.0 2.57 0

1745415331
0.0 0.0 2.57 0

1745415332
0.0 0.0 2.55 0

1745415333
0.0 0.0 2.55 0

1745415334
0.0 0.0 2.54 0

1745415335
0.0 0.0 2.54 0

1745415336
0.0 0.0 2.52 0

1745415338
0.0 0.0 2.5 0

1745415339
0.0 0.0 2.5 0

1745415340
0.0 0.0 2.48 24

1745415341
0.0 0.0 2.48 0

1745415342
0.0 0.0 2.47 285

1745415343
0.0 0.0 2.47 0

1745415344
0.0 0.0 2.45 0

1745415345
0.0 0.0 2.45 0

1745415346
0.0 0.0 2.43 0

1745415347
0.0 0.0 2.43 0

1745415348
0.0 0.0 2.41 1675

1745415349
0.0 0.0 2.41 291

1745415350
0.0 0.0 2.4 2

1745415351
0.0 0.0 2.4 0

1745415352
0.0 0.0 2.38 474

1745415353
0.0 0.0 2.38 1002

1745415354
0.0 0.0 2.36 5

1745415355
0.0 0.0 2.36 2019

1745415356
0.0 0.0 2.35 343

1745415357
0.0 0.0 2.35 0

1745415358
0.0 0.0 2.33 900

1745415359
0.0 0.0 2.33 0

1745415360
0.0 0.0 2.32 0

1745415361
0.0 0.0 2.32 0

1745415362
0.0 0.0 2.3 150

1745415363
0.0 0.0 2.3 1

1745415364
0.0 0.0 2.28 21

1745415365
0.0 0.0 2.28 107

1745415366
0.0 0.0 2.27 0

1745415367
0.0 0.0 2.27 0

1745415368
0.0 0.0 2.25 0

1745415370
0.0 0.0 2.24 68

1745415371
0.0 0.0 2.24 0

1745415372
0.0 0.0 2.22 65

1745415373
0.0 0.0 2.22 0

1745415374
0.0 0.0 2.2 0

1745415375
0.0 0.0 2.2 153

1745415376
0.0 0.0 2.19 363

1745415377
0.0 0.0 2.19 63

1745415378
0.0 0.0 2.17 134

1745415379
0.0 0.0 2.17 240

1745415380
0.0 0.0 2.16 67

1745415381
0.0 0.0 2.16 0

1745415382
0.0 0.0 2.14 0

1745415383
0.0 0.0 2.14 0

1745415384
0.0 0.0 2.13 134

1745415385
0.0 0.0 2.13 74

1745415386
0.0 0.0 2.11 0

1745415387
0.0 0.0 2.11 0

1745415388
0.0 0.0 2.1 0

1745415389
0.0 0.0 2.1 151

1745415390
0.0 0.0 2.09 920

1745415392
0.0 0.0 2.07 4190

1745415393
0.0 0.0 2.07 165

1745415394
0.0 0.0 2.06 401

1745415396
0.0 0.0 2.04 1846

1745415397
0.0 0.0 2.04 4300

1745415398
0.0 0.0 2.03 2426

1745415399
0.0 0.0 2.01 423

1745415401
0.0 0.0 2.01 432

1745415402
0.0 0.0 2.0 1852

1745415404
0.0 0.0 1.99 1128

1745415405
0.0 0.0 1.99 1027

1745415406
0.0 0.0 1.97 635

1745415407
0.0 0.0 1.97 93

1745415408
0.0 0.0 1.96 117

1745415409
0.0 0.0 1.96 176

1745415410
0.0 0.0 1.94 122

1745415411
0.0 0.0 1.94 139

1745415412
0.0 0.0 1.93 575

1745415413
0.0 0.0 1.93 1283

1745415414
0.0 0.0 1.92 1045

1745415415
0.0 0.0 1.92 983

1745415416
0.0 0.0 1.9 349

1745415417
0.0 0.0 1.9 1981

1745415418
0.0 0.0 1.89 199

1745415419
0.0 0.0 1.89 246

1745415420
0.0 0.0 1.88 213

1745415422
0.0 0.0 1.86 331

1745415423
0.0 0.0 1.86 281

1745415424
0.0 0.0 1.85 202

1745415425
0.0 0.0 1.85 307

1745415426
0.0 0.0 1.84 297

1745415427
0.0 0.0 1.84 963

1745415428
0.0 0.0 1.83 2389

1745415429
0.0 0.0 1.83 1627

1745415430
0.0 0.0 1.81 2277

1745415431
0.0 0.0 1.81 786

1745415432
0.0 0.0 1.8 1788

1745415433
0.0 0.0 1.8 3584

1745415434
0.0 0.0 1.79 1446

1745415435
0.0 0.0 1.79 82

1745415437
0.0 0.0 1.77 128

1745415438
0.0 0.0 1.76 148

1745415439
0.0 0.0 1.76 210

1745415440
0.0 0.0 1.75 171

1745415441
0.0 0.0 1.75 285

1745415442
0.0 0.0 1.74 141

1745415443
0.0 0.0 1.74 85

1745415444
0.0 0.0 1.73 133

1745415445
0.0 0.0 1.73 106

1745415446
0.0 0.0 1.71 41

1745415447
0.0 0.0 1.71 36

1745415448
0.0 0.0 1.7 77

1745415449
0.0 0.0 1.7 193

1745415450
0.0 0.0 1.69 97

1745415451
0.0 0.0 1.69 216

1745415452
0.0 0.0 1.68 504

1745415453
0.0 0.0 1.68 92

1745415454
0.0 0.0 1.67 114

1745415455
0.0 0.0 1.67 258

1745415456
0.0 0.0 1.65 198

1745415457
0.0 0.0 1.65 27

1745415458
0.0 0.0 1.64 74

1745415459
0.0 0.0 1.64 122

1745415460
0.0 0.0 1.63 154

1745415461
0.0 0.0 1.63 156

1745415462
0.0 0.0 1.62 182

1745415463
0.0 0.0 1.62 143

1745415464
0.0 0.0 1.61 103

1745415465
0.0 0.0 1.61 36

1745415467
0.0 0.0 1.6 4403

1745415468
0.0 0.0 1.59 4767

1745415469
0.0 0.0 1.59 4927

1745415470
0.0 0.0 1.58 5683

1745415471
0.0 0.0 1.58 564

1745415472
0.0 0.0 1.56 73

1745415473
0.0 0.0 1.56 205

1745415474
0.0 0.0 1.55 213

1745415475
0.0 0.0 1.55 229

1745415476
0.0 0.0 1.54 149

1745415477
0.0 0.0 1.54 282

1745415478
0.0 0.0 1.53 265

1745415479
0.0 0.0 1.53 204

1745415480
0.0 0.0 1.52 709

1745415481
0.0 0.0 1.52 628

1745415482
0.0 0.0 1.51 373

1745415483
0.0 0.0 1.51 300

1745415484
0.0 0.0 1.5 449

1745415485
0.0 0.0 1.5 1155

1745415486
0.0 0.0 1.49 245

1745415487
0.0 0.0 1.49 933

1745415488
0.0 0.0 1.48 674

1745415489
0.0 0.0 1.48 1607

1745415490
0.0 0.0 1.47 1738

1745415491
0.0 0.0 1.47 1296

1745415492
0.0 0.0 1.46 1323

1745415493
0.0 0.0 1.46 1102

1745415494
0.0 0.0 1.45 1247

1745415495
0.0 0.0 1.45 1637

1745415496
0.0 0.0 1.44 1448

1745415497
0.0 0.0 1.44 3452

1745415498
0.0 0.0 1.43 6325

1745415499
0.0 0.0 1.43 3485

1745415500
0.0 0.0 1.42 3062

1745415501
0.0 0.0 1.42 2522

1745415502
0.0 0.0 1.41 3705

1745415503
0.0 0.0 1.41 4554

1745415504
0.0 0.0 1.4 4261

1745415505
0.0 0.0 1.4 5100

1745415506
0.0 0.0 1.39 2097

1745415507
0.0 0.0 1.39 276

1745415508
0.0 0.0 1.38 212

1745415509
0.0 0.0 1.38 228

1745415510
0.0 0.0 1.37 274

1745415511
0.0 0.0 1.36 337

1745415513
0.0 0.0 1.36 340

1745415514
0.0 0.0 1.35 114

1745415515
0.0 0.0 1.35 320

1745415517
0.0 0.0 1.34 533

1745415518
0.0 0.0 1.33 109

1745415519
0.0 0.0 1.33 258

1745415520
0.0 0.0 1.32 40

1745415521
0.0 0.0 1.32 99

1745415522
0.0 0.0 1.31 986

1745415524
0.0 0.0 1.3 1664

1745415525
0.0 0.0 1.3 2858

1745415526
0.0 0.0 1.29 3156

1745415527
0.0 0.0 1.29 3173

1745415528
0.0 0.0 1.28 3451

1745415529
0.0 0.0 1.28 4178

1745415530
0.0 0.0 1.27 3260

1745415531
0.0 0.0 1.27 2274

1745415532
0.0 0.0 1.27 418

1745415533
0.0 0.0 1.27 152

1745415534
0.0 0.0 1.26 303

1745415535
0.0 0.0 1.26 538

1745415536
0.0 0.0 1.25 271

1745415538
0.0 0.0 1.24 401

1745415539
0.0 0.0 1.24 90

1745415540
0.0 0.0 1.23 58

1745415541
0.0 0.0 1.23 162

1745415542
0.0 0.0 1.22 181

1745415543
0.0 0.0 1.22 105

1745415544
0.0 0.0 1.21 249

1745415545
0.0 0.0 1.21 373

1745415546
0.0 0.0 1.2 170

1745415547
0.0 0.0 1.2 228

1745415548
0.0 0.0 1.2 211

1745415549
0.0 0.0 1.2 239

1745415550
0.0 0.0 1.19 15

1745415551
0.0 0.0 1.19 177

1745415552
0.0 0.0 1.18 161

1745415553
0.0 0.0 1.18 56

1745415554
0.0 0.0 1.17 170

1745415555
0.0 0.0 1.17 1

1745415556
0.0 0.0 1.16 1

1745415557
0.0 0.0 1.16 0

1745415558
0.0 0.0 1.15 73

1745415559
0.0 0.0 1.15 58

1745415560
0.0 0.0 1.15 84

1745415561
0.0 0.0 1.15 177

1745415562
0.0 0.0 1.14 93

1745415563
0.0 0.0 1.14 177

1745415564
0.0 0.0 1.13 333

1745415565
0.0 0.0 1.13 220

1745415566
0.0 0.0 1.12 241

1745415567
0.0 0.0 1.12 252

1745415568
0.0 0.0 1.11 363

1745415569
0.0 0.0 1.11 176

1745415570
0.0 0.0 1.11 176

1745415571
0.0 0.0 1.11 165

1745415572
0.0 0.0 1.1 81

1745415573
0.0 0.0 1.1 286

1745415574
0.0 0.0 1.09 238

1745415575
0.0 0.0 1.09 215

1745415576
0.0 0.0 1.08 194

1745415577
0.0 0.0 1.08 300

1745415578
0.0 0.0 1.08 355

1745415579
0.0 0.0 1.08 251

1745415580
0.0 0.0 1.07 274

1745415581
0.0 0.0 1.07 257

1745415582
0.0 0.0 1.06 194

1745415583
0.0 0.0 1.06 160

1745415584
0.0 0.0 1.05 171

1745415585
0.0 0.0 1.05 225

1745415586
0.0 0.0 1.04 204

1745415587
0.0 0.0 1.04 197

1745415588
0.0 0.0 1.04 201

1745415589
0.0 0.0 1.04 133

1745415590
0.0 0.0 1.03 85

1745415591
0.0 0.0 1.03 24

1745415592
0.0 0.0 1.02 77

1745415593
0.0 0.0 1.02 66

1745415594
0.0 0.0 1.02 56

1745415595
0.0 0.0 1.02 49

1745415596
0.0 0.0 1.01 12

1745415597
0.0 0.0 1.01 42

1745415598
0.0 0.0 1.0 111

1745415599
0.0 0.0 1.0 56

1745415600
0.0 0.0 0.99 53

1745415601
0.0 0.0 0.99 50

1745415602
0.0 0.0 0.99 28

1745415603
0.0 0.0 0.99 27

1745415604
0.0 0.0 0.98 8

1745415605
0.0 0.0 0.98 8

1745415606
0.0 0.0 0.97 2

1745415607
0.0 0.0 0.97 16

1745415608
0.0 0.0 0.97 454

1745415609
0.0 0.0 0.97 295

1745415610
0.0 0.0 0.96 158

1745415611
0.0 0.0 0.96 257

1745415612
0.0 0.0 0.95 301

1745415613
0.0 0.0 0.95 167

1745415614
0.0 0.0 0.95 241

1745415615
0.0 0.0 0.95 172

1745415616
0.0 0.0 0.94 111

1745415617
0.0 0.0 0.94 274

1745415618
0.0 0.0 0.93 218

1745415620
0.0 0.0 0.93 302

1745415621
0.0 0.0 0.93 134

1745415622
0.0 0.0 0.92 179

1745415623
0.0 0.0 0.92 139

1745415624
0.0 0.0 0.91 752

1745415625
0.0 0.0 0.91 375

1745415626
0.0 0.0 0.91 315

1745415627
0.0 0.0 0.91 425

1745415628
0.0 0.0 0.9 886

1745415629
0.0 0.0 0.9 222

1745415630
0.0 0.0 0.89 396

1745415631
0.0 0.0 0.89 258

1745415632
0.0 0.0 0.89 3

1745415633
0.0 0.0 0.89 139

1745415634
0.0 0.0 0.88 237

1745415635
0.0 0.0 0.88 138

1745415636
0.0 0.0 0.87 356

1745415637
0.0 0.0 0.87 120

1745415638
0.0 0.0 0.87 155

1745415639
0.0 0.0 0.87 187

1745415640
0.0 0.0 0.86 174

1745415641
0.0 0.0 0.86 12

1745415642
0.0 0.0 0.85 118

1745415643
0.0 0.0 0.85 176

1745415644
0.0 0.0 0.85 283

1745415645
0.0 0.0 0.85 194

1745415647
0.0 0.0 0.84 550

1745415649
0.0 0.0 0.84 357

1745415650
0.0 0.0 0.83 196

1745415652
0.0 0.0 0.83 409

1745415653
0.0 0.0 0.83 231

1745415654
0.0 0.0 0.82 147

1745415655
0.0 0.0 0.81 258

1745415657
0.0 0.0 0.81 806

1745415659
0.0 0.0 0.81 492

1745415660
0.0 0.0 0.8 120

1745415661
0.0 0.0 0.8 172

1745415663
0.0 0.0 0.8 300

1745415664
0.0 0.0 0.79 789

1745415665
0.0 0.0 0.78 220

1745415667
0.0 0.0 0.78 207

1745415668
0.0 0.0 0.78 300

1745415669
0.0 0.0 0.78 421

1745415670
0.0 0.0 0.77 2796

1745415671
0.0 0.0 0.77 5713

1745415672
0.0 0.0 0.77 3422

1745415673
0.0 0.0 0.77 2028

1745415674
0.0 0.0 0.76 1669

1745415676
0.0 0.0 0.76 1158

1745415677
0.0 0.0 0.76 230

1745415678
0.0 0.0 0.75 192

1745415679
0.0 0.0 0.75 167

1745415680
0.0 0.0 0.75 178

1745415681
0.0 0.0 0.75 164

1745415683
0.0 0.0 0.74 268

1745415684
0.0 0.0 0.74 175

1745415685
0.0 0.0 0.74 468

1745415686
0.0 0.0 0.73 213

1745415687
0.0 0.0 0.73 263

1745415688
0.0 0.0 0.72 234

1745415689
0.0 0.0 0.72 51

1745415690
0.0 0.0 0.72 48

1745415691
0.0 0.0 0.72 20

1745415692
0.0 0.0 0.71 24

1745415693
0.0 0.0 0.71 29

1745415694
0.0 0.0 0.71 20

1745415695
0.0 0.0 0.71 13

1745415696
0.0 0.0 0.7 38

1745415697
0.0 0.0 0.7 107

1745415698
0.0 0.0 0.7 47

1745415699
0.0 0.0 0.7 103

1745415700
0.0 0.0 0.69 143

1745415701
0.0 0.0 0.69 15

1745415702
0.0 0.0 0.69 27

1745415703
0.0 0.0 0.69 49

1745415705
0.0 0.0 0.68 146

1745415706
0.0 0.0 0.68 46

1745415707
0.0 0.0 0.68 26

1745415708
0.0 0.0 0.67 75

1745415709
0.0 0.0 0.67 39

1745415711
0.0 0.0 0.67 119

1745415712
0.0 0.0 0.66 39

1745415713
0.0 0.0 0.66 14

1745415714
0.0 0.0 0.66 23

1745415715
0.0 0.0 0.66 22

1745415716
0.0 0.0 0.65 64

1745415717
0.0 0.0 0.65 30

1745415718
0.0 0.0 0.65 38

1745415719
0.0 0.0 0.65 55

1745415720
0.0 0.0 0.64 19

1745415721
0.0 0.0 0.64 24

1745415722
0.0 0.0 0.64 11

1745415723
0.0 0.0 0.64 9

1745415724
0.0 0.0 0.64 27

1745415725
0.0 0.0 0.64 10

1745415726
0.0 0.0 0.63 177

1745415727
0.0 0.0 0.63 256

1745415728
0.0 0.0 0.63 3

1745415729
0.0 0.0 0.63 1

1745415730
0.0 0.0 0.62 175

1745415731
0.0 0.0 0.62 35

1745415732
0.0 0.0 0.62 0

1745415733
0.0 0.0 0.62 1

1745415734
0.0 0.0 0.61 166

1745415735
0.0 0.0 0.61 312

1745415736
0.0 0.0 0.61 215

1745415737
0.0 0.0 0.61 326

1745415738
0.0 0.0 0.6 936

1745415739
0.0 0.0 0.6 1056

1745415740
0.0 0.0 0.6 188

1745415741
0.0 0.0 0.6 593

1745415742
0.0 0.0 0.6 210

1745415743
0.0 0.0 0.6 1961

1745415744
0.0 0.0 0.59 4837

1745415745
0.0 0.0 0.59 562

1745415746
0.0 0.0 0.59 311

1745415747
0.0 0.0 0.59 525

1745415748
0.0 0.0 0.58 332

1745415749
0.0 0.0 0.58 2035

1745415750
0.0 0.0 0.58 480

1745415751
0.0 0.0 0.58 466

1745415752
0.0 0.0 0.57 201

1745415753
0.0 0.0 0.57 239

1745415754
0.0 0.0 0.57 285

1745415755
0.0 0.0 0.57 49

1745415756
0.0 0.0 0.56 33

1745415757
0.0 0.0 0.56 37

1745415758
0.0 0.0 0.56 29

1745415759
0.0 0.0 0.56 33

1745415760
0.0 0.0 0.56 20

1745415761
0.0 0.0 0.56 22

1745415762
0.0 0.0 0.55 21

1745415763
0.0 0.0 0.55 31

1745415764
0.0 0.0 0.55 40

1745415765
0.0 0.0 0.55 24

1745415766
0.0 0.0 0.55 19

1745415767
0.0 0.0 0.55 10

1745415768
0.0 0.0 0.54 271

1745415769
0.0 0.0 0.54 39

1745415770
0.0 0.0 0.54 185

1745415771
0.0 0.0 0.54 108

1745415772
0.0 0.0 0.53 243

1745415773
0.0 0.0 0.53 120

1745415774
0.0 0.0 0.53 126

1745415775
0.0 0.0 0.53 262

1745415776
0.0 0.0 0.53 66

1745415777
0.0 0.0 0.53 186

1745415778
0.0 0.0 0.52 68

1745415779
0.0 0.0 0.52 265

1745415780
0.0 0.0 0.52 178

1745415781
0.0 0.0 0.52 207

1745415782
0.0 0.0 0.51 203

1745415783
0.0 0.0 0.51 118

1745415784
0.0 0.0 0.51 74

1745415785
0.0 0.0 0.51 95

1745415786
0.0 0.0 0.51 265

1745415787
0.0 0.0 0.51 168

1745415788
0.0 0.0 0.5 2924

1745415789
0.0 0.0 0.5 2597

1745415790
0.0 0.0 0.5 3656

1745415791
0.0 0.0 0.5 4111

1745415792
0.0 0.0 0.49 3905

1745415793
0.0 0.0 0.49 3277

1745415794
0.0 0.0 0.49 3060

1745415795
0.0 0.0 0.49 2576

1745415796
0.0 0.0 0.49 2588

1745415797
0.0 0.0 0.49 2210

1745415798
0.0 0.0 0.48 401

1745415799
0.0 0.0 0.48 256

1745415800
0.0 0.0 0.48 202

1745415801
0.0 0.0 0.48 171

1745415802
0.0 0.0 0.48 50

1745415803
0.0 0.0 0.48 186

1745415804
0.0 0.0 0.47 69

1745415805
0.0 0.0 0.47 200

1745415806
0.0 0.0 0.47 27

1745415807
0.0 0.0 0.47 262

1745415808
0.0 0.0 0.47 78

1745415809
0.0 0.0 0.47 79

1745415810
0.0 0.0 0.46 18

1745415811
0.0 0.0 0.46 104

1745415812
0.0 0.0 0.46 110

1745415813
0.0 0.0 0.46 263

1745415814
0.0 0.0 0.46 194

1745415815
0.0 0.0 0.46 200

1745415816
0.0 0.0 0.45 67

1745415817
0.0 0.0 0.45 246

1745415818
0.0 0.0 0.45 162

1745415819
0.0 0.0 0.45 201

1745415820
0.0 0.0 0.45 137

1745415821
0.0 0.0 0.45 119

1745415822
0.0 0.0 0.44 274

1745415823
0.0 0.0 0.44 191

1745415824
0.0 0.0 0.44 288

1745415825
0.0 0.0 0.44 218

1745415826
0.0 0.0 0.44 69

1745415827
0.0 0.0 0.44 203

1745415828
0.0 0.0 0.43 69

1745415829
0.0 0.0 0.43 262

1745415830
0.0 0.0 0.43 256

1745415831
0.0 0.0 0.43 102

1745415832
0.0 0.0 0.43 261

1745415833
0.0 0.0 0.43 184

1745415834
0.0 0.0 0.42 202

1745415835
0.0 0.0 0.42 245

1745415836
0.0 0.0 0.42 166

1745415837
0.0 0.0 0.42 169

1745415838
0.0 0.0 0.42 183

1745415839
0.0 0.0 0.42 147

1745415840
0.0 0.0 0.41 201

1745415841
0.0 0.0 0.41 273

1745415842
0.0 0.0 0.41 115

1745415843
0.0 0.0 0.41 133

1745415844
0.0 0.0 0.41 134

1745415845
0.0 0.0 0.41 315

1745415846
0.0 0.0 0.41 289

1745415847
0.0 0.0 0.41 156

1745415848
0.0 0.0 0.4 83

1745415849
0.0 0.0 0.4 213

1745415850
0.0 0.0 0.4 215

1745415851
0.0 0.0 0.4 133

1745415852
0.0 0.0 0.4 273

1745415853
0.0 0.0 0.4 135

1745415854
0.0 0.0 0.39 0

1745415855
0.0 0.0 0.39 318

1745415856
0.0 0.0 0.39 213

1745415857
0.0 0.0 0.39 406

1745415858
0.0 0.0 0.39 64

1745415859
0.0 0.0 0.39 0

1745415860
0.0 0.0 0.38 0

1745415861
0.0 0.0 0.38 0

1745415862
0.0 0.0 0.38 3

1745415863
0.0 0.0 0.38 589

1745415864
0.0 0.0 0.38 211

1745415865
0.0 0.0 0.38 292

1745415866
0.0 0.0 0.38 171

1745415867
0.0 0.0 0.38 301

1745415869
0.0 0.0 0.37 472

1745415870
0.0 0.0 0.37 247

1745415871
0.0 0.0 0.37 370

1745415872
0.0 0.0 0.37 742

1745415873
0.0 0.0 0.37 707

1745415874
0.0 0.0 0.36 1631

1745415875
0.0 0.0 0.36 4218

1745415876
0.0 0.0 0.36 3672

1745415877
0.0 0.0 0.36 3055

1745415878
0.0 0.0 0.36 3116

1745415879
0.0 0.0 0.36 3332

1745415880
0.0 0.0 0.36 2464

1745415881
0.0 0.0 0.36 2894

1745415882
0.0 0.0 0.35 1083

1745415883
0.0 0.0 0.35 207

1745415884
0.0 0.0 0.35 0

1745415885
0.0 0.0 0.35 0

1745415886
0.0 0.0 0.35 0

1745415887
0.0 0.0 0.35 2

1745415888
0.0 0.0 0.34 23

1745415889
0.0 0.0 0.34 1

1745415890
0.0 0.0 0.34 19

1745415891
0.0 0.0 0.34 2

1745415892
0.0 0.0 0.34 0

1745415893
0.0 0.0 0.34 0

1745415894
0.0 0.0 0.34 219

1745415895
0.0 0.0 0.34 0

1745415896
0.0 0.0 0.33 0

1745415897
0.0 0.0 0.33 0

1745415898
0.0 0.0 0.33 0

1745415899
0.0 0.0 0.33 0

1745415900
0.0 0.0 0.33 0

1745415901
0.0 0.0 0.33 0

1745415902
0.0 0.0 0.33 88

1745415903
0.0 0.0 0.33 0

1745415904
0.0 0.0 0.33 0

1745415905
0.0 0.0 0.33 0

1745415906
0.0 0.0 0.32 0

1745415907
0.0 0.0 0.32 169

1745415908
0.0 0.0 0.32 1198

1745415909
0.0 0.0 0.32 4287

1745415910
0.0 0.0 0.32 4066

1745415911
0.0 0.0 0.32 1271

1745415912
0.0 0.0 0.32 1106

1745415913
0.0 0.0 0.32 73460

1745415914
0.72 0.13 0.34 26053

1745415915
0.72 0.13 0.34 125

1745415916
0.59 0.12 0.34 2767

1745415917
0.59 0.12 0.34 1248

1745415918
0.48 0.12 0.34 4510

1745415919
0.48 0.12 0.34 3236

1745415920
0.39 0.11 0.33 1516

1745415921
0.39 0.11 0.33 90658

1745415922
1.41 0.31 0.37 56670

1745415923
1.41 0.31 0.37 269811

1745415924
4.77 0.95 0.51 214702

1745415925
4.77 0.95 0.51 169846

1745415926
7.17 1.51 0.63 186531

1745415927
7.17 1.51 0.63 214363

1745415928
8.95 2.02 0.74 76354

1745415929
8.95 2.02 0.74 64108

1745415930
8.41 2.15 0.77 108202

1745415931
8.41 2.15 0.77 52602

1745415932
8.16 2.3 0.82 68023

1745415933
8.16 2.3 0.82 80086

1745415934
8.31 2.52 0.87 110088

1745415935
8.31 2.52 0.87 157020

1745415936
9.16 2.87 0.96 132096

1745415937
9.16 2.87 0.96 122754

1745415938
9.31 3.1 1.02 61485

1745415939
9.31 3.1 1.02 253009

1745415940
10.7 3.55 1.13 95605

1745415941
10.7 3.55 1.13 87676

1745415942
10.21 3.7 1.18 79737

1745415943
10.21 3.7 1.18 81576

1745415944
9.63 3.81 1.22 85023

1745415945
9.63 3.81 1.22 62833

1745415946
9.15 3.91 1.26 71477

1745415947
9.15 3.91 1.26 33626

1745415948
8.04 3.88 1.27 3176

1745415949
8.04 3.88 1.27 18450

1745415950
6.76 3.79 1.27 95

1745415951
6.76 3.79 1.27 3163

1745415952
5.53 3.66 1.26 165

1745415953
5.53 3.66 1.26 10

1745415954
4.53 3.54 1.25 627

1745415955
4.53 3.54 1.25 463

1745415956
3.71 3.43 1.24 362

1745415957
3.71 3.43 1.24 2310

1745415958
3.04 3.31 1.23 1138

1745415959
3.04 3.31 1.23 244

1745415960
2.48 3.2 1.22 412

1745415961
2.48 3.2 1.22 291

1745415962
2.03 3.1 1.21 185

1745415964
1.66 3.0 1.2 221

1745415965
1.66 3.0 1.2 130

1745415966
1.36 2.9 1.2 160

1745415967
1.36 2.9 1.2 112

1745415969
1.11 2.8 1.19 37

1745415970
0.91 2.71 1.18 1881

1745415971
0.91 2.71 1.18 0

1745415972
0.74 2.62 1.17 0

1745415973
0.74 2.62 1.17 159

1745415974
0.61 2.54 1.16 183

1745415975
0.61 2.54 1.16 0

1745415976
0.5 2.45 1.15 37542

1745415977
0.5 2.45 1.15 1674

1745415978
0.59 2.4 1.15 113

1745415979
0.59 2.4 1.15 0

1745415980
0.48 2.33 1.14 419

1745415981
0.48 2.33 1.14 15698

1745415982
0.39 2.25 1.14 1646

1745415983
0.39 2.25 1.14 579

1745415984
0.32 2.17 1.13 1412

1745415985
0.32 2.17 1.13 7884

1745415986
0.26 2.1 1.12 389

1745415987
0.26 2.1 1.12 272

1745415988
0.21 2.03 1.11 0

1745415989
0.21 2.03 1.11 31

1745415990
0.17 1.97 1.1 1078

1745415991
0.17 1.97 1.1 8873

1745415992
0.14 1.9 1.1 2064

1745415993
0.14 1.9 1.1 88

1745415994
0.11 1.84 1.09 0

1745415996
0.09 1.78 1.08 2269

1745415997
0.09 1.78 1.08 7509

1745415998
0.07 1.72 1.07 66

1745415999
0.07 1.72 1.07 92566

1745416000
0.78 1.79 1.09 232

1745416001
0.78 1.79 1.09 0

1745416002
0.64 1.74 1.09 7024

1745416003
0.64 1.74 1.09 78

1745416004
0.52 1.68 1.08 69

1745416005
0.52 1.68 1.08 657

1745416006
0.43 1.62 1.07 17972

1745416007
0.43 1.62 1.07 3168

1745416008
0.35 1.57 1.06 0

1745416009
0.35 1.57 1.06 0

1745416010
0.29 1.52 1.06 0

1745416011
0.29 1.52 1.06 84029

1745416012
0.96 1.6 1.08 2518

1745416013
0.96 1.6 1.08 303

1745416015
0.96 1.58 1.07 38033

1745416016
0.79 1.53 1.07 0

1745416017
0.79 1.53 1.07 7854

1745416018
0.83 1.51 1.07 16975

1745416019
0.83 1.51 1.07 6636

1745416020
0.68 1.46 1.06 6

1745416021
0.68 1.46 1.06 4

1745416022
0.55 1.41 1.05 1

1745416023
0.55 1.41 1.05 4167

1745416024
0.45 1.36 1.04 0

1745416025
0.45 1.36 1.04 0

1745416026
0.37 1.32 1.04 1576

1745416027
0.37 1.32 1.04 224

1745416028
0.3 1.28 1.03 1952

1745416029
0.3 1.28 1.03 0

1745416030
0.24 1.23 1.02 72

1745416031
0.24 1.23 1.02 941

1745416032
0.2 1.19 1.01 4862

1745416033
0.2 1.19 1.01 0

1745416034
0.16 1.15 1.01 31

1745416035
0.16 1.15 1.01 1310

1745416036
0.13 1.12 1.0 5774

1745416037
0.13 1.12 1.0 2054

1745416038
0.11 1.08 0.99 4126

1745416039
0.11 1.08 0.99 965

1745416040
0.09 1.04 0.99 9303

1745416041
0.09 1.04 0.99 2271

1745416042
0.07 1.01 0.98 384

1745416043
0.07 1.01 0.98 205

1745416044
0.06 0.97 0.97 0

1745416045
0.06 0.97 0.97 0

1745416046
0.04 0.94 0.97 0

1745416047
0.04 0.94 0.97 7

1745416048
0.04 0.91 0.96 2593

1745416049
0.04 0.91 0.96 10087

1745416050
0.03 0.88 0.95 1732

1745416051
0.03 0.88 0.95 2283

1745416052
0.02 0.85 0.94 0

1745416053
0.02 0.85 0.94 1544

1745416054
0.02 0.82 0.94 17

1745416055
0.02 0.82 0.94 1192

1745416056
0.01 0.8 0.93 20

1745416057
0.01 0.8 0.93 663

1745416058
0.01 0.77 0.92 139

1745416059
0.01 0.77 0.92 33153

1745416060
0.19 0.78 0.92 0

1745416061
0.19 0.78 0.92 0

1745416062
0.15 0.75 0.92 0

1745416063
0.15 0.75 0.92 75

1745416064
0.12 0.73 0.91 1742

1745416065
0.12 0.73 0.91 0

1745416066
0.1 0.7 0.91 0

1745416067
0.1 0.7 0.91 2

1745416068
0.08 0.68 0.9 1

1745416070
0.07 0.66 0.89 99

1745416071
0.07 0.66 0.89 2497

1745416072
0.05 0.63 0.89 698

1745416073
0.05 0.63 0.89 7008

1745416074
0.04 0.61 0.88 769

1745416075
0.04 0.61 0.88 576

1745416076
0.03 0.59 0.87 8396

1745416077
0.03 0.59 0.87 1118

1745416078
0.03 0.57 0.87 657

1745416079
0.03 0.57 0.87 0

1745416080
0.02 0.55 0.86 5399

1745416081
0.02 0.55 0.86 214

1745416082
0.02 0.54 0.85 0

1745416083
0.02 0.54 0.85 1790

1745416084
0.01 0.52 0.85 1448

1745416085
0.01 0.52 0.85 2199

1745416086
0.01 0.5 0.84 581

1745416087
0.01 0.5 0.84 99

1745416088
0.01 0.48 0.84 487

1745416089
0.01 0.48 0.84 176

1745416090
0.0 0.47 0.83 1000

1745416091
0.0 0.47 0.83 1772

1745416093
0.0 0.45 0.82 7608

1745416094
0.0 0.44 0.82 2581

1745416095
0.0 0.44 0.82 1546

1745416096
0.0 0.42 0.81 148

1745416097
0.0 0.42 0.81 1625

1745416098
0.0 0.41 0.81 0

1745416099
0.0 0.41 0.81 2570

1745416100
0.0 0.39 0.8 0

1745416101
0.0 0.39 0.8 570

1745416102
0.0 0.38 0.8 1906

1745416103
0.0 0.38 0.8 131

1745416104
0.0 0.37 0.79 148

1745416105
0.0 0.37 0.79 537

1745416106
0.0 0.36 0.78 0

1745416107
0.0 0.36 0.78 0

1745416108
0.0 0.34 0.78 208

1745416109
0.0 0.34 0.78 0

1745416110
0.0 0.33 0.77 146

1745416111
0.0 0.33 0.77 1598

1745416112
0.0 0.32 0.77 1305

1745416113
0.0 0.32 0.77 7084

1745416114
0.0 0.31 0.76 11

1745416115
0.0 0.31 0.76 339

1745416116
0.0 0.3 0.76 65

1745416117
0.0 0.3 0.76 2791

1745416118
0.0 0.29 0.75 1877

1745416119
0.0 0.29 0.75 1340

1745416120
0.0 0.28 0.75 1595

1745416121
0.0 0.28 0.75 79

1745416122
0.0 0.27 0.74 16

1745416123
0.0 0.27 0.74 1174

1745416124
0.0 0.26 0.73 2036

1745416125
0.0 0.26 0.73 556

1745416126
0.0 0.25 0.73 1

1745416127
0.0 0.25 0.73 452

1745416128
0.0 0.24 0.72 72

1745416129
0.0 0.24 0.72 27

1745416130
0.0 0.23 0.72 0

1745416131
0.0 0.23 0.72 217

1745416132
0.0 0.23 0.71 450

1745416133
0.0 0.23 0.71 169

1745416134
0.0 0.22 0.71 3749

1745416135
0.0 0.22 0.71 37

1745416136
0.0 0.21 0.7 0

1745416137
0.0 0.21 0.7 33

1745416138
0.0 0.2 0.7 834

1745416139
0.0 0.2 0.7 1263

1745416140
0.0 0.2 0.69 1197

1745416142
0.0 0.19 0.69 1711

1745416143
0.0 0.19 0.69 0

1745416144
0.0 0.18 0.68 0

1745416145
0.0 0.18 0.68 0

1745416146
0.0 0.18 0.68 20

1745416147
0.0 0.18 0.68 210

1745416148
0.0 0.17 0.67 0

1745416149
0.0 0.17 0.67 654

1745416150
0.0 0.16 0.67 0

1745416151
0.0 0.16 0.67 0

1745416152
0.0 0.16 0.66 24

1745416153
0.0 0.16 0.66 1008

1745416154
0.0 0.15 0.66 926

1745416155
0.0 0.15 0.66 32

1745416156
0.0 0.15 0.65 2362

1745416157
0.0 0.15 0.65 184

1745416158
0.0 0.14 0.65 1509

1745416159
0.0 0.14 0.65 4780

1745416160
0.0 0.14 0.64 4522

1745416161
0.0 0.14 0.64 2744

1745416162
0.0 0.13 0.64 9672

1745416163
0.0 0.13 0.64 7202

1745416164
0.0 0.13 0.63 1048

1745416165
0.0 0.13 0.63 6098

1745416166
0.0 0.12 0.63 1212

1745416167
0.0 0.12 0.63 16660

1745416168
0.0 0.12 0.63 190

1745416169
0.0 0.12 0.63 1

1745416170
0.0 0.11 0.62 0

1745416171
0.0 0.11 0.62 1478

1745416172
0.0 0.11 0.62 3929

1745416173
0.0 0.11 0.62 0

1745416174
0.0 0.11 0.61 779

1745416175
0.0 0.11 0.61 3106

1745416176
0.0 0.1 0.61 14942

1745416177
0.0 0.1 0.61 5663

1745416178
0.18 0.13 0.61 5149

1745416179
0.18 0.13 0.61 1052

1745416180
0.14 0.13 0.61 5777

1745416181
0.14 0.13 0.61 59184

1745416182
0.66 0.22 0.62 277

1745416183
0.66 0.22 0.62 2579

1745416184
0.54 0.21 0.62 782

1745416185
0.54 0.21 0.62 476

1745416186
0.44 0.21 0.61 0

1745416187
0.44 0.21 0.61 0

1745416188
0.36 0.2 0.61 0

1745416189
0.36 0.2 0.61 0

1745416190
0.29 0.19 0.61 0

1745416191
0.29 0.19 0.61 0

1745416192
0.24 0.18 0.6 703

1745416193
0.24 0.18 0.6 136

1745416194
0.19 0.18 0.6 3886

1745416195
0.19 0.18 0.6 259

1745416196
0.16 0.17 0.59 103

1745416197
0.16 0.17 0.59 0

1745416198
0.13 0.17 0.59 209

1745416199
0.13 0.17 0.59 259

1745416200
0.1 0.16 0.58 1670

1745416202
0.08 0.15 0.58 501

1745416203
0.08 0.15 0.58 0

1745416204
0.07 0.15 0.58 0

1745416205
0.07 0.15 0.58 10

1745416206
0.05 0.14 0.57 1734

1745416207
0.05 0.14 0.57 2740

1745416208
0.04 0.14 0.57 2363

1745416209
0.04 0.14 0.57 2348

1745416210
0.03 0.13 0.56 1871

1745416211
0.03 0.13 0.56 1408

1745416212
0.03 0.13 0.56 3528

1745416213
0.03 0.13 0.56 445

1745416215
0.02 0.12 0.55 11569

1745416216
0.02 0.12 0.55 796

1745416217
0.02 0.12 0.55 0

1745416218
0.01 0.12 0.55 2827

1745416219
0.01 0.12 0.55 0

1745416220
0.01 0.11 0.54 1571

1745416221
0.01 0.11 0.54 0

1745416222
0.01 0.11 0.54 1

1745416223
0.01 0.11 0.54 74

1745416224
0.0 0.1 0.54 1892

1745416225
0.0 0.1 0.54 282

1745416226
0.0 0.1 0.53 1149

1745416227
0.0 0.1 0.53 133

1745416228
0.0 0.1 0.53 280

1745416229
0.0 0.1 0.53 155

1745416230
0.0 0.09 0.52 202

1745416231
0.0 0.09 0.52 237

1745416232
0.0 0.09 0.52 0

1745416233
0.0 0.09 0.52 245

1745416234
0.0 0.09 0.52 1362

1745416235
0.0 0.09 0.52 0

1745416236
0.0 0.08 0.51 2559

1745416237
0.0 0.08 0.51 77

1745416238
0.0 0.08 0.51 765

1745416239
0.0 0.08 0.51 855

1745416241
0.0 0.08 0.5 1378

1745416242
0.0 0.07 0.5 5301

1745416243
0.0 0.07 0.5 942

1745416244
0.0 0.07 0.5 505

1745416245
0.0 0.07 0.5 69

1745416246
0.0 0.07 0.49 0

1745416247
0.0 0.07 0.49 0

1745416248
0.0 0.07 0.49 203

1745416249
0.0 0.07 0.49 0

1745416251
0.0 0.06 0.49 1501

1745416252
0.0 0.06 0.48 0

1745416253
0.0 0.06 0.48 143

1745416255
0.0 0.06 0.48 1563

1745416256
0.0 0.06 0.47 101

1745416257
0.0 0.06 0.47 1948

1745416259
0.0 0.05 0.47 2196

1745416260
0.0 0.05 0.47 2061

1745416261
0.0 0.05 0.47 2367

1745416262
0.0 0.05 0.46 1369

1745416263
0.0 0.05 0.46 416

1745416264
0.0 0.05 0.46 422

1745416265
0.0 0.05 0.46 0

1745416266
0.0 0.05 0.46 3358

1745416267
0.0 0.05 0.46 864

1745416268
0.0 0.04 0.45 323

1745416269
0.0 0.04 0.45 90

1745416270
0.0 0.04 0.45 167

1745416271
0.0 0.04 0.45 541

1745416272
0.0 0.04 0.45 70

1745416273
0.0 0.04 0.45 0

1745416274
0.0 0.04 0.44 2486

1745416275
0.0 0.04 0.44 589

1745416276
0.0 0.04 0.44 3186

1745416277
0.0 0.04 0.44 0

1745416278
0.0 0.04 0.44 1929

1745416279
0.0 0.04 0.44 1752

1745416280
0.0 0.03 0.43 1938

1745416281
0.0 0.03 0.43 136

1745416282
0.0 0.03 0.43 0

1745416283
0.0 0.03 0.43 1307

1745416284
0.0 0.03 0.43 550

1745416285
0.0 0.03 0.43 9

1745416286
0.0 0.03 0.42 60

1745416287
0.0 0.03 0.42 0

1745416288
0.0 0.03 0.42 0

1745416289
0.0 0.03 0.42 5

1745416290
0.18 0.06 0.42 65446

1745416291
0.18 0.06 0.42 6598

1745416292
0.32 0.09 0.43 269

1745416293
0.32 0.09 0.43 111

1745416294
0.26 0.09 0.43 369

1745416295
0.26 0.09 0.43 76

1745416296
0.22 0.08 0.42 0

1745416297
0.22 0.08 0.42 3

1745416298
0.18 0.08 0.42 469

1745416299
0.18 0.08 0.42 3

1745416300
0.14 0.08 0.42 0

1745416301
0.14 0.08 0.42 327

1745416302
0.12 0.07 0.41 1206

1745416303
0.12 0.07 0.41 44

1745416304
0.09 0.07 0.41 74

1745416305
0.09 0.07 0.41 3

1745416306
0.08 0.07 0.41 28

1745416307
0.08 0.07 0.41 0

1745416308
0.06 0.07 0.4 0

1745416309
0.06 0.07 0.4 115

1745416310
0.05 0.06 0.4 0

1745416311
0.05 0.06 0.4 142

1745416312
0.04 0.06 0.4 0

1745416313
0.04 0.06 0.4 222

1745416314
0.03 0.06 0.4 2398

1745416315
0.03 0.06 0.4 872

1745416316
0.02 0.06 0.39 364

1745416317
0.02 0.06 0.39 0

1745416318
0.02 0.05 0.39 1556

1745416319
0.02 0.05 0.39 0

1745416320
0.01 0.05 0.39 39

1745416321
0.01 0.05 0.39 467

1745416322
0.01 0.05 0.38 1163

1745416323
0.01 0.05 0.38 502

1745416324
0.01 0.05 0.38 718

1745416325
0.01 0.05 0.38 1174

1745416326
0.0 0.05 0.38 390

1745416327
0.0 0.05 0.38 232

1745416328
0.0 0.04 0.37 0

1745416329
0.0 0.04 0.37 0

1745416330
0.0 0.04 0.37 0

1745416331
0.0 0.04 0.37 0

1745416332
0.0 0.04 0.37 0

1745416333
0.0 0.04 0.37 248

1745416334
0.0 0.04 0.37 1481

1745416335
0.0 0.04 0.37 1966

1745416336
0.0 0.04 0.36 549

1745416337
0.0 0.04 0.36 0

1745416338
0.0 0.04 0.36 25

1745416339
0.0 0.04 0.36 0

1745416340
0.0 0.03 0.36 216

1745416341
0.0 0.03 0.36 1622

1745416342
0.0 0.03 0.35 579

1745416343
0.0 0.03 0.35 1900

1745416344
0.0 0.03 0.35 77

1745416345
0.0 0.03 0.35 1184

1745416346
0.0 0.03 0.35 58

1745416347
0.0 0.03 0.35 1534

1745416349
0.0 0.03 0.35 97

1745416350
0.0 0.03 0.34 1

1745416351
0.0 0.03 0.34 117

1745416352
0.0 0.03 0.34 0

1745416353
0.0 0.03 0.34 76

1745416354
0.0 0.02 0.34 7

1745416355
0.0 0.02 0.34 0

1745416356
0.0 0.02 0.34 33

1745416357
0.0 0.02 0.34 0

1745416359
0.0 0.02 0.33 0

1745416360
0.0 0.02 0.33 1225

1745416361
0.0 0.02 0.33 316

1745416362
0.0 0.02 0.33 112

1745416363
0.0 0.02 0.33 108

1745416364
0.0 0.02 0.33 1497

1745416365
0.0 0.02 0.33 1499

1745416367
0.0 0.02 0.32 52

1745416368
0.0 0.02 0.32 0

1745416369
0.0 0.02 0.32 0

1745416370
0.0 0.02 0.32 126

1745416371
0.0 0.02 0.32 275

1745416372
0.0 0.02 0.32 3

1745416373
0.0 0.02 0.32 0

1745416375
0.0 0.01 0.31 126

1745416376
0.0 0.01 0.31 107

1745416377
0.0 0.01 0.31 73

1745416378
0.0 0.01 0.31 2098

1745416379
0.0 0.01 0.31 1044

1745416380
0.0 0.01 0.31 2004

1745416381
0.0 0.01 0.31 0

1745416383
0.0 0.01 0.31 2115

1745416384
0.0 0.01 0.3 1603

1745416385
0.0 0.01 0.3 1918

1745416386
0.0 0.01 0.3 701

1745416388
0.0 0.01 0.3 67

1745416389
0.0 0.01 0.3 182

1745416390
0.0 0.01 0.3 740

1745416391
0.0 0.01 0.3 161

1745416392
0.0 0.01 0.29 0

1745416393
0.0 0.01 0.29 0

1745416394
0.0 0.01 0.29 0

1745416395
0.0 0.01 0.29 0

1745416396
0.0 0.01 0.29 145

1745416397
0.0 0.01 0.29 20

1745416398
0.0 0.01 0.29 16

1745416399
0.0 0.01 0.29 140

1745416400
0.0 0.01 0.28 85

1745416401
0.0 0.01 0.28 74

1745416402
0.0 0.0 0.28 28

1745416403
0.0 0.0 0.28 16

1745416404
0.0 0.0 0.28 1081

1745416405
0.0 0.0 0.28 0

1745416406
0.0 0.0 0.28 1427

1745416408
0.0 0.0 0.27 1439

1745416409
0.0 0.0 0.27 2

1745416410
0.0 0.0 0.27 53

1745416411
0.0 0.0 0.27 0

1745416412
0.0 0.0 0.27 0

1745416413
0.0 0.0 0.27 104

1745416414
0.0 0.0 0.27 0

1745416415
0.0 0.0 0.27 1070

1745416416
0.0 0.0 0.27 0

1745416418
0.0 0.0 0.27 0

1745416419
0.0 0.0 0.27 0

1745416420
0.0 0.0 0.26 0

1745416421
0.0 0.0 0.26 0

1745416422
0.0 0.0 0.26 42

1745416423
0.0 0.0 0.26 178

1745416424
0.0 0.0 0.26 797

1745416425
0.0 0.0 0.26 0

1745416426
0.0 0.0 0.26 24

1745416427
0.0 0.0 0.26 0

1745416428
0.0 0.0 0.26 77

1745416429
0.0 0.0 0.26 0

1745416430
0.0 0.0 0.25 1169

1745416431
0.0 0.0 0.25 1664

1745416432
0.0 0.0 0.25 0

1745416433
0.0 0.0 0.25 757

1745416434
0.0 0.0 0.25 6153

1745416435
0.0 0.0 0.25 0

1745416436
0.0 0.0 0.25 1404

1745416437
0.0 0.0 0.25 2440

1745416438
0.0 0.0 0.25 3147

1745416439
0.0 0.0 0.25 91

1745416441
0.0 0.0 0.24 1292

1745416442
0.0 0.0 0.24 1062

1745416443
0.0 0.0 0.24 291

1745416444
0.0 0.0 0.24 423

1745416445
0.0 0.0 0.24 314

1745416446
0.0 0.0 0.24 905

1745416447
0.0 0.0 0.24 7

1745416448
0.0 0.0 0.24 62

1745416449
0.0 0.0 0.24 469

1745416450
0.0 0.0 0.23 70

1745416451
0.0 0.0 0.23 337

1745416452
0.0 0.0 0.23 76

1745416453
0.0 0.0 0.23 128

1745416454
0.0 0.0 0.23 121

1745416455
0.0 0.0 0.23 1567

1745416456
0.0 0.0 0.23 2370

1745416457
0.0 0.0 0.23 573

1745416458
0.0 0.0 0.23 0

1745416459
0.0 0.0 0.23 11

1745416460
0.0 0.0 0.22 0

1745416461
0.0 0.0 0.22 0

1745416462
0.0 0.0 0.22 0

1745416463
0.0 0.0 0.22 17

1745416464
0.0 0.0 0.22 134

1745416465
0.0 0.0 0.22 791

1745416466
0.0 0.0 0.22 0

1745416467
0.0 0.0 0.22 68

1745416468
0.0 0.0 0.22 380

1745416469
0.0 0.0 0.22 1488

1745416470
0.0 0.0 0.21 129

1745416471
0.0 0.0 0.21 84

1745416472
0.0 0.0 0.21 389

1745416473
0.0 0.0 0.21 534

1745416474
0.0 0.0 0.21 167

1745416475
0.0 0.0 0.21 2911

1745416476
0.0 0.0 0.21 657

1745416477
0.0 0.0 0.21 0

1745416478
0.0 0.0 0.21 0

1745416479
0.0 0.0 0.21 0

1745416480
0.0 0.0 0.21 0

1745416481
0.0 0.0 0.21 1933

1745416482
0.0 0.0 0.2 7864

1745416483
0.0 0.0 0.2 5405

1745416484
0.0 0.0 0.2 4760

1745416485
0.0 0.0 0.2 1496

1745416486
0.0 0.0 0.2 2174

1745416487
0.0 0.0 0.2 9652

1745416488
0.18 0.03 0.21 23260

1745416489
0.18 0.03 0.21 2095

1745416490
0.14 0.03 0.21 0

1745416491
0.14 0.03 0.21 604

1745416492
0.12 0.02 0.2 84

1745416493
0.12 0.02 0.2 2161

1745416494
0.09 0.02 0.2 0

1745416495
0.09 0.02 0.2 0

1745416496
0.08 0.02 0.2 3893

1745416497
0.08 0.02 0.2 2876

1745416498
0.06 0.02 0.2 674

1745416499
0.06 0.02 0.2 1690

1745416500
0.05 0.02 0.2 1525

1745416501
0.05 0.02 0.2 3313

1745416502
0.04 0.02 0.2 1426

1745416503
0.04 0.02 0.2 2860

1745416504
0.03 0.02 0.2 734

1745416505
0.03 0.02 0.2 9862

1745416506
0.02 0.02 0.19 1450

1745416507
0.02 0.02 0.19 0

1745416508
0.02 0.02 0.19 39

1745416509
0.02 0.02 0.19 912

1745416510
0.01 0.02 0.19 873

1745416511
0.01 0.02 0.19 1790

1745416512
0.01 0.02 0.19 0

1745416513
0.01 0.02 0.19 0

1745416514
0.01 0.01 0.19 648

1745416515
0.01 0.01 0.19 111

1745416516
0.0 0.01 0.19 10

1745416517
0.0 0.01 0.19 0

1745416518
0.0 0.01 0.18 0

1745416519
0.0 0.01 0.18 0

1745416520
0.0 0.01 0.18 1414

1745416521
0.0 0.01 0.18 86122

1745416522
0.91 0.17 0.22 15631

1745416523
0.91 0.17 0.22 1511

1745416524
0.74 0.17 0.21 356

1745416525
0.74 0.17 0.21 4156

1745416526
0.61 0.16 0.21 136

1745416527
0.61 0.16 0.21 1587

1745416528
0.49 0.16 0.21 0

1745416529
0.49 0.16 0.21 718

1745416530
0.4 0.15 0.21 0

1745416531
0.4 0.15 0.21 0

1745416532
0.33 0.15 0.21 4936

1745416533
0.33 0.15 0.21 1164

1745416534
0.27 0.14 0.21 0

1745416535
0.27 0.14 0.21 3386

1745416536
0.22 0.14 0.2 119

1745416537
0.22 0.14 0.2 1190

1745416538
0.18 0.13 0.2 0

1745416539
0.18 0.13 0.2 5853

1745416540
0.14 0.13 0.2 7705

1745416541
0.14 0.13 0.2 411

1745416542
0.12 0.12 0.2 1594

1745416543
0.12 0.12 0.2 1700

1745416544
0.1 0.12 0.2 137

1745416545
0.1 0.12 0.2 625

1745416546
0.08 0.11 0.2 0

1745416548
0.06 0.11 0.2 5513

1745416549
0.06 0.11 0.2 991

1745416550
0.05 0.1 0.19 55

1745416551
0.05 0.1 0.19 178

1745416552
0.04 0.1 0.19 0

1745416553
0.04 0.1 0.19 221

1745416554
0.03 0.1 0.19 9573

1745416555
0.03 0.1 0.19 29513

1745416556
0.39 0.16 0.2 16695

1745416557
0.39 0.16 0.2 550

1745416558
0.32 0.15 0.2 213

1745416559
0.32 0.15 0.2 3785

1745416560
0.26 0.15 0.2 9641

1745416561
0.26 0.15 0.2 318

1745416562
0.21 0.14 0.2 765

1745416563
0.21 0.14 0.2 3705

1745416564
0.17 0.14 0.2 5659

1745416565
0.17 0.14 0.2 1534

1745416567
0.14 0.13 0.2 433

1745416568
0.11 0.13 0.2 1915

1745416569
0.11 0.13 0.2 708

1745416570
0.09 0.12 0.19 9068

1745416571
0.09 0.12 0.19 6628

1745416572
0.07 0.12 0.19 198

1745416573
0.07 0.12 0.19 0

1745416574
0.06 0.12 0.19 0

1745416575
0.06 0.12 0.19 0

1745416576
0.05 0.11 0.19 0

1745416577
0.05 0.11 0.19 371

1745416578
0.04 0.11 0.19 1536

1745416579
0.04 0.11 0.19 1321

1745416580
0.03 0.1 0.19 0

1745416581
0.03 0.1 0.19 0

1745416582
0.02 0.1 0.18 94

1745416583
0.02 0.1 0.18 1521

1745416584
0.02 0.1 0.18 146

1745416585
0.02 0.1 0.18 0

1745416586
0.01 0.09 0.18 1

1745416587
0.01 0.09 0.18 5778

1745416588
0.01 0.09 0.18 5387

1745416589
0.01 0.09 0.18 0

1745416590
0.01 0.09 0.18 347

1745416591
0.01 0.09 0.18 0

1745416592
0.0 0.08 0.18 0

1745416593
0.0 0.08 0.18 6

1745416594
0.0 0.08 0.18 3171

1745416595
0.0 0.08 0.18 1208

1745416596
0.0 0.08 0.17 2260

1745416597
0.0 0.08 0.17 7358

1745416598
0.0 0.07 0.17 127

1745416599
0.0 0.07 0.17 43

1745416600
0.0 0.07 0.17 0

1745416601
0.0 0.07 0.17 0

1745416602
0.0 0.07 0.17 0

1745416603
0.0 0.07 0.17 186

1745416604
0.0 0.06 0.17 0

1745416605
0.0 0.06 0.17 0

1745416606
0.0 0.06 0.17 67

1745416607
0.0 0.06 0.17 139

1745416608
0.0 0.06 0.17 210

1745416609
0.0 0.06 0.17 1

1745416610
0.0 0.06 0.16 1

1745416611
0.0 0.06 0.16 0

1745416612
0.0 0.06 0.16 1

1745416613
0.0 0.06 0.16 1198

1745416614
0.0 0.05 0.16 700

1745416615
0.0 0.05 0.16 0

1745416616
0.0 0.05 0.16 11

1745416617
0.0 0.05 0.16 0

1745416618
0.0 0.05 0.16 0

1745416619
0.0 0.05 0.16 1592

1745416620
0.0 0.05 0.16 111

1745416621
0.0 0.05 0.16 0

1745416622
0.0 0.04 0.16 0

1745416623
0.0 0.04 0.16 4800

1745416624
0.0 0.04 0.15 2014

1745416625
0.0 0.04 0.15 2212

1745416626
0.0 0.04 0.15 2171

1745416627
0.0 0.04 0.15 14

1745416629
0.0 0.04 0.15 2301

1745416630
0.0 0.04 0.15 149

1745416631
0.0 0.04 0.15 2007

1745416632
0.0 0.04 0.15 445

1745416633
0.0 0.04 0.15 7357

1745416634
0.0 0.03 0.15 2488

1745416635
0.0 0.03 0.15 1649

1745416636
0.0 0.03 0.15 1535

1745416637
0.0 0.03 0.15 769

1745416638
0.0 0.03 0.14 2018

1745416639
0.0 0.03 0.14 6189

1745416640
0.0 0.03 0.14 5437

1745416641
0.0 0.03 0.14 5189

1745416642
0.0 0.03 0.14 5860

1745416643
0.0 0.03 0.14 24

1745416645
0.0 0.03 0.14 1771

1745416646
0.0 0.03 0.14 779

1745416647
0.0 0.03 0.14 639

1745416648
0.0 0.02 0.14 235

1745416649
0.0 0.02 0.14 8893

1745416650
0.0 0.02 0.14 0

1745416651
0.0 0.02 0.14 1900

1745416652
0.0 0.02 0.13 71

1745416653
0.0 0.02 0.13 979

1745416654
0.0 0.02 0.13 1196

1745416655
0.0 0.02 0.13 1769

1745416656
0.0 0.02 0.13 1516

1745416657
0.0 0.02 0.13 3536

1745416658
0.0 0.02 0.13 13233

1745416659
0.0 0.02 0.13 5707

1745416660
0.0 0.02 0.13 1824

1745416661
0.0 0.02 0.13 2598

1745416662
0.0 0.02 0.13 2694

1745416663
0.0 0.02 0.13 762

1745416664
0.0 0.02 0.13 2615

1745416665
0.0 0.02 0.13 0

1745416666
0.0 0.02 0.13 73

1745416667
0.0 0.02 0.13 1103

1745416668
0.0 0.01 0.13 296

1745416669
0.0 0.01 0.13 14656

1745416670
0.0 0.01 0.13 2145

1745416671
0.0 0.01 0.13 3978

1745416672
0.0 0.01 0.12 945

1745416673
0.0 0.01 0.12 951

1745416674
0.0 0.01 0.12 1125

1745416675
0.0 0.01 0.12 4608

1745416676
0.0 0.01 0.12 0

1745416677
0.0 0.01 0.12 0

1745416678
0.0 0.01 0.12 0

1745416679
0.0 0.01 0.12 0

1745416680
0.0 0.01 0.12 0

1745416681
0.0 0.01 0.12 0

1745416682
0.0 0.01 0.12 0

1745416683
0.0 0.01 0.12 40

1745416684
0.0 0.01 0.12 1034

1745416685
0.0 0.01 0.12 224

1745416686
0.0 0.01 0.12 132

1745416687
0.0 0.01 0.12 1

1745416688
0.0 0.01 0.12 35

1745416689
0.0 0.01 0.12 66

1745416690
0.0 0.01 0.12 58

1745416692
0.0 0.01 0.12 1572

1745416693
0.0 0.01 0.12 1323

1745416694
0.0 0.01 0.11 1625

1745416695
0.0 0.01 0.11 880

1745416696
0.0 0.01 0.11 1237

1745416697
0.0 0.01 0.11 152

1745416698
0.0 0.0 0.11 370

1745416699
0.0 0.0 0.11 281

1745416700
0.0 0.0 0.11 1777

1745416701
0.0 0.0 0.11 43

1745416702
0.0 0.0 0.11 5653

1745416704
0.0 0.0 0.11 1096

1745416705
0.0 0.0 0.11 301

1745416706
0.0 0.0 0.11 302

1745416707
0.0 0.0 0.11 676

1745416708
0.0 0.0 0.11 6

1745416709
0.0 0.0 0.11 573

1745416710
0.0 0.0 0.11 1

1745416711
0.0 0.0 0.11 56

1745416712
0.0 0.0 0.11 851

1745416713
0.0 0.0 0.11 932

1745416714
0.0 0.0 0.1 0

1745416715
0.0 0.0 0.1 156

1745416716
0.0 0.0 0.1 194

1745416717
0.0 0.0 0.1 22

1745416718
0.0 0.0 0.1 177

1745416719
0.0 0.0 0.1 991

1745416720
0.0 0.0 0.1 1308

1745416721
0.0 0.0 0.1 460

1745416722
0.0 0.0 0.1 779

1745416723
0.0 0.0 0.1 0

1745416724
0.0 0.0 0.1 0

1745416725
0.0 0.0 0.1 446

1745416726
0.0 0.0 0.1 249

1745416727
0.0 0.0 0.1 1

1745416728
0.0 0.0 0.1 111

1745416729
0.0 0.0 0.1 93

1745416730
0.0 0.0 0.1 817

1745416731
0.0 0.0 0.1 349

1745416732
0.0 0.0 0.1 1143

1745416733
0.0 0.0 0.1 1918

1745416734
0.0 0.0 0.09 5634

1745416735
0.0 0.0 0.09 119

1745416737
0.0 0.0 0.09 318

1745416738
0.0 0.0 0.09 567

1745416739
0.0 0.0 0.09 95

1745416740
0.0 0.0 0.09 0

1745416741
0.0 0.0 0.09 406

1745416742
0.0 0.0 0.09 0

1745416743
0.0 0.0 0.09 1941

1745416744
0.0 0.0 0.09 3681

1745416745
0.0 0.0 0.09 0

1745416746
0.0 0.0 0.09 16

1745416747
0.0 0.0 0.09 7

1745416748
0.0 0.0 0.09 103

1745416749
0.0 0.0 0.09 51

1745416750
0.0 0.0 0.09 629

1745416751
0.0 0.0 0.09 141

1745416752
0.0 0.0 0.09 13

1745416753
0.0 0.0 0.09 655

1745416754
0.0 0.0 0.08 2832

1745416755
0.0 0.0 0.08 351

1745416756
0.0 0.0 0.08 0

1745416757
0.0 0.0 0.08 7447

1745416758
0.18 0.03 0.09 14466

1745416759
0.18 0.03 0.09 3211

1745416760
0.14 0.03 0.09 1357

1745416761
0.14 0.03 0.09 1060

1745416762
0.12 0.02 0.09 1230

1745416763
0.12 0.02 0.09 119

1745416764
0.09 0.02 0.09 845

1745416765
0.09 0.02 0.09 254

1745416766
0.08 0.02 0.09 159

1745416767
0.08 0.02 0.09 417

1745416768
0.06 0.02 0.09 1780

1745416769
0.06 0.02 0.09 0

1745416770
0.05 0.02 0.08 7

1745416772
0.04 0.02 0.08 37

1745416773
0.04 0.02 0.08 0

1745416774
0.03 0.02 0.08 0

1745416775
0.03 0.02 0.08 5332

1745416776
0.02 0.02 0.08 1995

1745416777
0.02 0.02 0.08 483

1745416778
0.02 0.02 0.08 63

1745416779
0.02 0.02 0.08 1570

1745416780
0.01 0.02 0.08 59

1745416781
0.01 0.02 0.08 0

1745416782
0.01 0.02 0.08 0

1745416783
0.01 0.02 0.08 345

1745416784
0.01 0.01 0.08 402

1745416785
0.01 0.01 0.08 202

1745416786
0.0 0.01 0.08 0

1745416787
0.0 0.01 0.08 6240

1745416788
0.0 0.01 0.08 377

1745416789
0.0 0.01 0.08 1182

1745416790
0.0 0.01 0.07 393

1745416791
0.0 0.01 0.07 1242

1745416792
0.0 0.01 0.07 43

1745416793
0.0 0.01 0.07 3

1745416794
0.0 0.01 0.07 0

1745416795
0.0 0.01 0.07 22

1745416796
0.0 0.01 0.07 0

1745416797
0.0 0.01 0.07 27

1745416798
0.0 0.01 0.07 22

1745416799
0.0 0.01 0.07 10

1745416800
0.0 0.01 0.07 820

1745416801
0.0 0.01 0.07 140

1745416802
0.0 0.01 0.07 182

1745416803
0.0 0.01 0.07 0

1745416804
0.0 0.01 0.07 160

1745416805
0.0 0.01 0.07 0

1745416806
0.0 0.01 0.07 32

1745416807
0.0 0.01 0.07 136

1745416808
0.0 0.01 0.07 11

1745416809
0.0 0.01 0.07 0

1745416810
0.0 0.01 0.07 64

1745416811
0.0 0.01 0.07 0

1745416812
0.0 0.0 0.06 129

1745416813
0.0 0.0 0.06 0

1745416814
0.0 0.0 0.06 130

1745416815
0.0 0.0 0.06 0

1745416816
0.0 0.0 0.06 0

1745416817
0.0 0.0 0.06 1

1745416818
0.0 0.0 0.06 0

1745416819
0.0 0.0 0.06 61

1745416820
0.0 0.0 0.06 0

1745416821
0.0 0.0 0.06 79

1745416823
0.0 0.0 0.06 1

1745416824
0.0 0.0 0.06 125

1745416825
0.0 0.0 0.06 87

1745416826
0.0 0.0 0.06 0

1745416827
0.0 0.0 0.06 125

1745416828
0.0 0.0 0.06 67

1745416830
0.0 0.0 0.06 64

1745416831
0.0 0.0 0.06 1

1745416832
0.0 0.0 0.06 0

1745416834
0.0 0.0 0.06 0

1745416835
0.0 0.0 0.06 0

1745416836
0.0 0.0 0.06 0

1745416837
0.0 0.0 0.06 0

1745416838
0.0 0.0 0.06 0

1745416839
0.0 0.0 0.06 0

1745416840
0.0 0.0 0.06 0

1745416841
0.0 0.0 0.06 0

1745416842
0.0 0.0 0.06 0

1745416843
0.0 0.0 0.06 0

1745416844
0.0 0.0 0.06 23

1745416845
0.0 0.0 0.06 3

1745416846
0.0 0.0 0.06 0

1745416847
0.0 0.0 0.06 26

1745416848
0.0 0.0 0.06 0

1745416849
0.0 0.0 0.06 1

1745416850
0.0 0.0 0.06 0

1745416851
0.0 0.0 0.06 0

1745416852
0.0 0.0 0.06 0

1745416853
0.0 0.0 0.06 0

1745416854
0.0 0.0 0.05 0

1745416855
0.0 0.0 0.05 0

1745416856
0.0 0.0 0.05 0

1745416857
0.0 0.0 0.05 0

1745416858
0.0 0.0 0.05 0

1745416859
0.0 0.0 0.05 0

1745416860
0.0 0.0 0.05 0

1745416861
0.0 0.0 0.05 0

1745416862
0.0 0.0 0.05 0

1745416863
0.0 0.0 0.05 0

1745416864
0.0 0.0 0.05 0

1745416865
0.0 0.0 0.05 0

1745416866
0.0 0.0 0.05 0

1745416867
0.0 0.0 0.05 0

1745416868
0.0 0.0 0.05 0

1745416869
0.0 0.0 0.05 0

1745416870
0.0 0.0 0.05 0

1745416871
0.0 0.0 0.05 0

1745416872
0.0 0.0 0.05 0

1745416873
0.0 0.0 0.05 0

1745416874
0.0 0.0 0.05 0

1745416875
0.0 0.0 0.05 0

1745416876
0.0 0.0 0.05 79

1745416877
0.0 0.0 0.05 1

1745416878
0.0 0.0 0.05 0

1745416879
0.0 0.0 0.05 0

1745416880
0.0 0.0 0.05 3

1745416881
0.0 0.0 0.05 0

1745416882
0.0 0.0 0.05 65

1745416883
0.0 0.0 0.05 197

1745416884
0.0 0.0 0.05 62

1745416885
0.0 0.0 0.05 0

1745416886
0.0 0.0 0.05 48

1745416887
0.0 0.0 0.05 1

1745416888
0.0 0.0 0.05 0

1745416889
0.0 0.0 0.05 0

1745416890
0.0 0.0 0.05 1

1745416891
0.0 0.0 0.05 40

1745416892
0.0 0.0 0.05 0

1745416893
0.0 0.0 0.05 64

1745416894
0.0 0.0 0.04 71

1745416895
0.0 0.0 0.04 96

1745416896
0.0 0.0 0.04 0

1745416897
0.0 0.0 0.04 60

1745416898
0.0 0.0 0.04 0

1745416899
0.0 0.0 0.04 2

1745416900
0.0 0.0 0.04 1

1745416901
0.0 0.0 0.04 65

1745416902
0.0 0.0 0.04 0

1745416903
0.0 0.0 0.04 0

1745416904
0.0 0.0 0.04 0

1745416905
0.0 0.0 0.04 6

1745416906
0.0 0.0 0.04 130

1745416907
0.0 0.0 0.04 0

1745416908
0.0 0.0 0.04 0

1745416909
0.0 0.0 0.04 206

1745416910
0.0 0.0 0.04 146

1745416911
0.0 0.0 0.04 64

1745416912
0.0 0.0 0.04 321

1745416913
0.0 0.0 0.04 374

1745416914
0.0 0.0 0.04 130

1745416915
0.0 0.0 0.04 297

1745416916
0.0 0.0 0.04 0

1745416917
0.0 0.0 0.04 73

1745416918
0.0 0.0 0.04 234

1745416919
0.0 0.0 0.04 0

1745416920
0.0 0.0 0.04 133

1745416921
0.0 0.0 0.04 13

1745416922
0.0 0.0 0.04 0

1745416923
0.0 0.0 0.04 0

1745416924
0.0 0.0 0.04 0

1745416925
0.0 0.0 0.04 4

1745416926
0.0 0.0 0.04 0

1745416927
0.0 0.0 0.04 69

1745416928
0.0 0.0 0.04 5

1745416929
0.0 0.0 0.04 0

1745416930
0.0 0.0 0.04 49

1745416931
0.0 0.0 0.04 89

1745416932
0.0 0.0 0.04 0

1745416933
0.0 0.0 0.04 1

1745416934
0.0 0.0 0.04 41

1745416935
0.0 0.0 0.04 22

1745416936
0.0 0.0 0.03 0

1745416937
0.0 0.0 0.03 27

1745416938
0.0 0.0 0.03 56

1745416939
0.0 0.0 0.03 54

1745416940
0.0 0.0 0.03 6

1745416941
0.0 0.0 0.03 25

1745416942
0.0 0.0 0.03 76

1745416943
0.0 0.0 0.03 9

1745416944
0.0 0.0 0.03 3

1745416945
0.0 0.0 0.03 47

1745416946
0.0 0.0 0.03 0

1745416947
0.0 0.0 0.03 0

1745416948
0.0 0.0 0.03 0

1745416949
0.0 0.0 0.03 0

1745416950
0.0 0.0 0.03 0

1745416951
0.0 0.0 0.03 194

1745416952
0.0 0.0 0.03 323

1745416953
0.0 0.0 0.03 253

1745416954
0.0 0.0 0.03 131

1745416955
0.0 0.0 0.03 198

1745416956
0.0 0.0 0.03 65

1745416957
0.0 0.0 0.03 67

1745416958
0.0 0.0 0.03 64

1745416959
0.0 0.0 0.03 131

1745416960
0.0 0.0 0.03 65

1745416961
0.0 0.0 0.03 129

1745416962
0.0 0.0 0.03 193

1745416963
0.0 0.0 0.03 131

1745416964
0.0 0.0 0.03 65

1745416965
0.0 0.0 0.03 258

1745416966
0.0 0.0 0.03 65

1745416967
0.0 0.0 0.03 261

1745416968
0.0 0.0 0.03 71

1745416969
0.0 0.0 0.03 194

1745416970
0.0 0.0 0.03 132

1745416971
0.0 0.0 0.03 0

1745416972
0.0 0.0 0.03 130

1745416973
0.0 0.0 0.03 2

1745416974
0.0 0.0 0.03 132

1745416975
0.0 0.0 0.03 0

1745416976
0.0 0.0 0.02 0

1745416977
0.0 0.0 0.02 66

1745416978
0.0 0.0 0.02 261

1745416979
0.0 0.0 0.02 67

1745416980
0.0 0.0 0.02 14

1745416981
0.0 0.0 0.02 0

1745416982
0.0 0.0 0.02 58

1745416983
0.0 0.0 0.02 50

1745416984
0.0 0.0 0.02 24

1745416985
0.0 0.0 0.02 24

1745416986
0.0 0.0 0.02 6

1745416987
0.0 0.0 0.02 0

1745416988
0.0 0.0 0.02 11

1745416989
0.0 0.0 0.02 22

1745416990
0.0 0.0 0.02 0

1745416991
0.0 0.0 0.02 0

1745416992
0.0 0.0 0.02 44

1745416993
0.0 0.0 0.02 109

1745416994
0.0 0.0 0.02 0

1745416995
0.0 0.0 0.02 32

1745416996
0.0 0.0 0.02 148

1745416997
0.0 0.0 0.02 69

1745416998
0.0 0.0 0.02 0

1745416999
0.0 0.0 0.02 0

1745417000
0.0 0.0 0.02 0

1745417001
0.0 0.0 0.02 0

1745417002
0.0 0.0 0.02 1

1745417003
0.0 0.0 0.02 0

1745417004
0.0 0.0 0.02 130

1745417006
0.0 0.0 0.02 64

1745417007
0.0 0.0 0.02 44

1745417008
0.0 0.0 0.02 0

1745417009
0.0 0.0 0.02 0

1745417010
0.0 0.0 0.02 0

1745417011
0.0 0.0 0.02 0

1745417012
0.0 0.0 0.02 0

1745417013
0.0 0.0 0.02 1

1745417014
0.0 0.0 0.02 0

1745417015
0.0 0.0 0.02 8

1745417016
0.0 0.0 0.02 8

1745417017
0.0 0.0 0.02 42

1745417018
0.0 0.0 0.01 25

1745417019
0.0 0.0 0.01 0

1745417020
0.0 0.0 0.01 57

1745417021
0.0 0.0 0.01 400

1745417022
0.0 0.0 0.01 46

1745417023
0.0 0.0 0.01 7

1745417024
0.0 0.0 0.01 8

1745417025
0.0 0.0 0.01 109

1745417026
0.0 0.0 0.01 23

1745417027
0.0 0.0 0.01 0

1745417028
0.0 0.0 0.01 10

1745417029
0.0 0.0 0.01 0

1745417030
0.0 0.0 0.01 31

1745417031
0.0 0.0 0.01 16

1745417032
0.0 0.0 0.01 103

1745417033
0.0 0.0 0.01 429

1745417034
0.0 0.0 0.01 53

1745417035
0.0 0.0 0.01 161

1745417036
0.0 0.0 0.01 0

1745417037
0.0 0.0 0.01 599

1745417038
0.0 0.0 0.01 4490

1745417039
0.0 0.0 0.01 14

1745417040
0.0 0.0 0.01 110

1745417041
0.0 0.0 0.01 49

1745417042
0.0 0.0 0.01 26

1745417043
0.0 0.0 0.01 50

1745417044
0.0 0.0 0.01 206

1745417045
0.0 0.0 0.01 238

1745417046
0.0 0.0 0.01 6

1745417047
0.0 0.0 0.01 9

1745417048
0.0 0.0 0.01 0

1745417049
0.0 0.0 0.01 209

1745417050
0.0 0.0 0.01 111

1745417051
0.0 0.0 0.01 314

1745417052
0.0 0.0 0.01 99

1745417053
0.0 0.0 0.01 4683

1745417054
0.0 0.0 0.01 410

1745417055
0.0 0.0 0.01 1

1745417056
0.0 0.0 0.01 0

1745417057
0.0 0.0 0.01 1821

1745417058
0.0 0.0 0.0 246

1745417059
0.0 0.0 0.0 332

1745417060
0.0 0.0 0.0 317

1745417061
0.0 0.0 0.0 335

1745417062
0.0 0.0 0.0 235

1745417063
0.0 0.0 0.0 388

1745417064
0.0 0.0 0.0 165

1745417065
0.0 0.0 0.0 423

1745417066
0.0 0.0 0.0 349

1745417067
0.0 0.0 0.0 263

1745417068
0.0 0.0 0.0 297

1745417069
0.0 0.0 0.0 287

1745417070
0.0 0.0 0.0 362

1745417071
0.0 0.0 0.0 469

1745417072
0.0 0.0 0.0 342

1745417073
0.0 0.0 0.0 316

1745417074
0.0 0.0 0.0 153

1745417075
0.0 0.0 0.0 309

1745417076
0.0 0.0 0.0 369

1745417077
0.0 0.0 0.0 357

1745417078
0.0 0.0 0.0 223

1745417079
0.0 0.0 0.0 360

1745417080
0.0 0.0 0.0 244

1745417081
0.0 0.0 0.0 346

1745417082
0.0 0.0 0.0 316

1745417083
0.0 0.0 0.0 287

1745417084
0.0 0.0 0.0 373

1745417085
0.0 0.0 0.0 211

1745417086
0.0 0.0 0.0 506

1745417087
0.0 0.0 0.0 216

1745417088
0.0 0.0 0.0 208

1745417089
0.0 0.0 0.0 327

1745417090
0.0 0.0 0.0 205

1745417091
0.0 0.0 0.0 347

1745417092
0.0 0.0 0.0 297

1745417093
0.0 0.0 0.0 345

1745417094
0.0 0.0 0.0 276

1745417095
0.0 0.0 0.0 0

1745417096
0.0 0.0 0.0 0

1745417097
0.0 0.0 0.0 84

1745417098
0.0 0.0 0.0 0

1745417099
0.0 0.0 0.0 0

1745417100
0.0 0.0 0.0 0

1745417101
0.0 0.0 0.0 0

1745417102
0.0 0.0 0.0 0

1745417103
0.0 0.0 0.0 0

1745417104
0.0 0.0 0.0 0

1745417105
0.0 0.0 0.0 0

1745417106
0.0 0.0 0.0 0

1745417107
0.0 0.0 0.0 0

1745417108
0.0 0.0 0.0 0

1745417109
0.0 0.0 0.0 0

1745417110
0.0 0.0 0.0 0

1745417111
0.0 0.0 0.0 0

1745417112
0.0 0.0 0.0 0

1745417113
0.0 0.0 0.0 0

1745417114
0.0 0.0 0.0 0

1745417115
0.0 0.0 0.0 0

1745417116
0.0 0.0 0.0 0

1745417117
0.0 0.0 0.0 0

1745417118
0.0 0.0 0.0 0

1745417119
0.0 0.0 0.0 0

1745417120
0.0 0.0 0.0 0

1745417121
0.0 0.0 0.0 0

1745417122
0.0 0.0 0.0 11

1745417123
0.0 0.0 0.0 0

1745417124
0.0 0.0 0.0 0

1745417125
0.0 0.0 0.0 0

1745417126
0.0 0.0 0.0 0

1745417127
0.0 0.0 0.0 0

1745417128
0.0 0.0 0.0 0

1745417129
0.0 0.0 0.0 0

1745417130
0.0 0.0 0.0 0

1745417131
0.0 0.0 0.0 0

1745417132
0.0 0.0 0.0 0

1745417133
0.0 0.0 0.0 0

1745417134
0.0 0.0 0.0 0

1745417135
0.0 0.0 0.0 0

1745417136
0.0 0.0 0.0 0

1745417137
0.0 0.0 0.0 0

1745417138
0.0 0.0 0.0 0

1745417139
0.0 0.0 0.0 0

1745417140
0.0 0.0 0.0 0

1745417141
0.0 0.0 0.0 0

1745417142
0.0 0.0 0.0 0

1745417143
0.0 0.0 0.0 0

1745417144
0.0 0.0 0.0 6

1745417145
0.0 0.0 0.0 0

1745417146
0.0 0.0 0.0 0

1745417147
0.0 0.0 0.0 0

1745417148
0.0 0.0 0.0 0

1745417149
0.0 0.0 0.0 0

1745417150
0.0 0.0 0.0 0

1745417151
0.0 0.0 0.0 265

1745417152
0.0 0.0 0.0 116

1745417153
0.0 0.0 0.0 0

1745417154
0.0 0.0 0.0 59

1745417155
0.0 0.0 0.0 164

1745417156
0.0 0.0 0.0 0

1745417157
0.0 0.0 0.0 0

1745417158
0.0 0.0 0.0 0

1745417159
0.0 0.0 0.0 1518

1745417160
0.0 0.0 0.0 502

1745417161
0.0 0.0 0.0 804

1745417162
0.0 0.0 0.0 1965

1745417163
0.0 0.0 0.0 4131

1745417164
0.0 0.0 0.0 2294

1745417165
0.0 0.0 0.0 292

1745417166
0.0 0.0 0.0 53

1745417167
0.0 0.0 0.0 211

1745417168
0.0 0.0 0.0 182

1745417169
0.0 0.0 0.0 0

1745417170
0.0 0.0 0.0 130

1745417171
0.0 0.0 0.0 380

1745417172
0.0 0.0 0.0 143

1745417173
0.0 0.0 0.0 1672

1745417174
0.0 0.0 0.0 0

1745417175
0.0 0.0 0.0 77

1745417176
0.0 0.0 0.0 12

1745417177
0.0 0.0 0.0 0

1745417178
0.0 0.0 0.0 713

1745417179
0.0 0.0 0.0 161

1745417180
0.0 0.0 0.0 0

1745417181
0.0 0.0 0.0 0

1745417182
0.0 0.0 0.0 4123

1745417183
0.0 0.0 0.0 14520

1745417184
0.0 0.0 0.0 54

1745417185
0.0 0.0 0.0 0

1745417186
0.0 0.0 0.0 0

1745417187
0.0 0.0 0.0 0

1745417188
0.0 0.0 0.0 1683

1745417189
0.0 0.0 0.0 47

1745417190
0.0 0.0 0.0 4

1745417191
0.0 0.0 0.0 2913

1745417192
0.0 0.0 0.0 0

1745417193
0.0 0.0 0.0 3158

1745417194
0.0 0.0 0.0 349

1745417195
0.0 0.0 0.0 166

1745417196
0.0 0.0 0.0 68

1745417197
0.0 0.0 0.0 4794

1745417198
0.0 0.0 0.0 98

1745417199
0.0 0.0 0.0 0

1745417200
0.0 0.0 0.0 140

1745417201
0.0 0.0 0.0 0

1745417202
0.0 0.0 0.0 25579

1745417203
0.18 0.03 0.0 17082

1745417204
0.18 0.03 0.0 14701

1745417205
0.32 0.06 0.01 19500

1745417206
0.32 0.06 0.01 13540

1745417207
0.45 0.09 0.02 19679

1745417209
0.55 0.12 0.02 14526

1745417210
0.55 0.12 0.02 3565

1745417211
0.45 0.12 0.02 1833

1745417212
0.45 0.12 0.02 10807

1745417213
0.36 0.11 0.02 181

1745417214
0.36 0.11 0.02 11879

1745417215
0.3 0.11 0.02 19483

1745417216
0.3 0.11 0.02 31545

1745417217
0.6 0.17 0.03 2577

1745417218
0.6 0.17 0.03 174

1745417219
0.49 0.16 0.03 277

1745417220
0.49 0.16 0.03 83

1745417221
0.4 0.16 0.03 150

1745417222
0.4 0.16 0.03 9646

1745417223
0.33 0.15 0.03 468

1745417224
0.33 0.15 0.03 2672

1745417225
0.27 0.15 0.03 1618

1745417226
0.27 0.15 0.03 0

1745417227
0.22 0.14 0.03 924

1745417228
0.22 0.14 0.03 1434

1745417229
0.18 0.14 0.03 0

1745417230
0.18 0.14 0.03 1844

1745417231
0.14 0.13 0.03 101

1745417232
0.14 0.13 0.03 127

1745417233
0.12 0.13 0.03 21144

1745417234
0.12 0.13 0.03 5981

1745417235
0.28 0.16 0.04 9704

1745417236
0.28 0.16 0.04 4808

1745417237
0.23 0.15 0.04 134

1745417238
0.23 0.15 0.04 364

1745417239
0.18 0.14 0.04 7651

1745417240
0.18 0.14 0.04 78

1745417241
0.15 0.14 0.04 2938

1745417242
0.15 0.14 0.04 70

1745417243
0.12 0.13 0.04 148

1745417244
0.12 0.13 0.04 84

1745417245
0.1 0.13 0.04 98

1745417246
0.1 0.13 0.04 150

1745417247
0.08 0.12 0.03 0

1745417248
0.08 0.12 0.03 0

1745417249
0.06 0.12 0.03 0

1745417250
0.06 0.12 0.03 1573

1745417251
0.05 0.12 0.03 3577

1745417252
0.05 0.12 0.03 375

1745417253
0.04 0.11 0.03 0

1745417254
0.04 0.11 0.03 2872

1745417255
0.03 0.11 0.03 3481

1745417256
0.03 0.11 0.03 0

1745417257
0.03 0.1 0.03 252

1745417258
0.03 0.1 0.03 280

1745417259
0.02 0.1 0.03 214

1745417260
0.02 0.1 0.03 42

1745417261
0.01 0.1 0.03 1783

1745417262
0.01 0.1 0.03 1437

1745417263
0.01 0.09 0.03 1230

1745417264
0.01 0.09 0.03 0

1745417265
0.01 0.09 0.03 0

1745417266
0.01 0.09 0.03 2092

1745417267
0.01 0.09 0.03 1

1745417268
0.01 0.09 0.03 254

1745417269
0.0 0.08 0.03 4105

1745417270
0.0 0.08 0.03 350

1745417271
0.0 0.08 0.03 2330

1745417272
0.0 0.08 0.03 38

1745417273
0.0 0.08 0.03 1522

1745417274
0.0 0.08 0.03 4711

1745417275
0.0 0.07 0.03 7155

1745417276
0.0 0.07 0.03 9610

1745417277
0.0 0.07 0.03 8144

1745417278
0.0 0.07 0.03 11571

1745417279
0.0 0.07 0.03 1142

1745417280
0.0 0.07 0.03 8641

1745417281
0.0 0.07 0.03 10354

1745417282
0.0 0.07 0.03 5040

1745417283
0.0 0.06 0.03 4781

1745417284
0.0 0.06 0.03 4209

1745417285
0.0 0.06 0.03 35968

1745417286
0.0 0.06 0.03 39081

1745417287
0.72 0.19 0.05 40486

1745417288
0.72 0.19 0.05 85156

1745417289
1.68 0.38 0.09 45740

1745417290
1.68 0.38 0.09 51322

1745417291
2.1 0.5 0.12 8431

1745417292
2.1 0.5 0.12 158

1745417294
1.72 0.48 0.12 248

1745417295
1.4 0.47 0.12 77

1745417297
1.15 0.45 0.12 165

1745417298
1.15 0.45 0.12 98

1745417299
0.94 0.43 0.12 94

1745417300
0.94 0.43 0.12 97

1745417301
0.77 0.42 0.12 157

1745417302
0.77 0.42 0.12 6

1745417303
0.63 0.41 0.11 0

1745417304
0.63 0.41 0.11 1

1745417305
0.51 0.39 0.11 1

1745417306
0.51 0.39 0.11 1

1745417307
0.42 0.38 0.11 1

1745417308
0.42 0.38 0.11 0

1745417309
0.34 0.37 0.11 48

1745417310
0.34 0.37 0.11 0

1745417311
0.28 0.35 0.11 1

1745417312
0.28 0.35 0.11 124

1745417313
0.23 0.34 0.11 237

1745417314
0.18 0.33 0.11 65

1745417316
0.18 0.33 0.11 305

1745417317
0.15 0.32 0.11 1248

1745417318
0.15 0.32 0.11 91

1745417319
0.12 0.31 0.11 6

1745417320
0.12 0.31 0.11 0

1745417321
0.1 0.3 0.11 59

1745417322
0.1 0.3 0.11 99

1745417323
0.08 0.29 0.1 0

1745417324
0.08 0.29 0.1 255

1745417325
0.06 0.28 0.1 1601

1745417326
0.06 0.28 0.1 733

1745417327
0.05 0.27 0.1 1760

1745417328
0.05 0.27 0.1 421

1745417329
0.04 0.26 0.1 0

1745417330
0.04 0.26 0.1 222

1745417331
0.03 0.25 0.1 0

1745417332
0.03 0.25 0.1 0

1745417333
0.03 0.24 0.1 0

1745417334
0.03 0.24 0.1 0

1745417335
0.02 0.23 0.1 53

1745417336
0.02 0.23 0.1 0

1745417337
0.01 0.23 0.1 0

1745417338
0.01 0.23 0.1 978

1745417339
0.01 0.22 0.1 1952

1745417340
0.01 0.22 0.1 5

1745417341
0.01 0.21 0.1 3494

1745417342
0.01 0.21 0.1 1590

1745417343
0.01 0.2 0.1 559

1745417344
0.01 0.2 0.1 2748

1745417345
0.0 0.2 0.09 2875

1745417346
0.0 0.2 0.09 0

1745417347
0.0 0.19 0.09 10

1745417348
0.0 0.19 0.09 0

1745417349
0.0 0.18 0.09 0

1745417350
0.0 0.18 0.09 176

1745417351
0.0 0.18 0.09 1102

1745417352
0.0 0.18 0.09 1999

1745417353
0.0 0.17 0.09 2576

1745417354
0.0 0.17 0.09 2229

1745417355
0.0 0.16 0.09 721

1745417356
0.0 0.16 0.09 140

1745417357
0.0 0.16 0.09 536

1745417358
0.0 0.15 0.09 16

1745417360
0.0 0.15 0.09 0

1745417361
0.0 0.15 0.09 1479

1745417362
0.0 0.15 0.09 1206

1745417363
0.0 0.14 0.09 2692

1745417364
0.0 0.14 0.09 2032

1745417365
0.0 0.14 0.08 9913

1745417366
0.0 0.14 0.08 1741

1745417367
0.0 0.13 0.08 335

1745417368
0.0 0.13 0.08 36

1745417369
0.0 0.13 0.08 883

1745417370
0.0 0.13 0.08 144

1745417371
0.0 0.12 0.08 1366

1745417372
0.0 0.12 0.08 2116

1745417373
0.0 0.12 0.08 437

1745417374
0.0 0.12 0.08 129

1745417375
0.0 0.11 0.08 0

1745417376
0.0 0.11 0.08 1323

1745417377
0.0 0.11 0.08 956

1745417378
0.0 0.11 0.08 571

1745417379
0.0 0.11 0.08 1

1745417380
0.0 0.11 0.08 0

1745417381
0.0 0.1 0.08 0

1745417382
0.0 0.1 0.08 0

1745417383
0.0 0.1 0.08 0

1745417384
0.0 0.1 0.08 0

1745417385
0.0 0.1 0.07 0

1745417386
0.0 0.1 0.07 213

1745417387
0.0 0.09 0.07 884

1745417388
0.0 0.09 0.07 229

1745417389
0.0 0.09 0.07 1258

1745417390
0.0 0.08 0.07 1392

1745417392
0.0 0.08 0.07 1362

1745417393
0.0 0.08 0.07 907

1745417394
0.0 0.08 0.07 12

1745417395
0.0 0.08 0.07 0

1745417396
0.0 0.08 0.07 0

1745417397
0.0 0.08 0.07 0

1745417398
0.0 0.08 0.07 0

1745417399
0.0 0.07 0.07 0

1745417400
0.0 0.07 0.07 0

1745417401
0.0 0.07 0.07 1

1745417402
0.0 0.07 0.07 0

1745417403
0.0 0.07 0.07 0

1745417404
0.0 0.07 0.07 0

1745417405
0.0 0.06 0.07 0

1745417406
0.0 0.06 0.07 0

1745417407
0.0 0.06 0.06 200

1745417408
0.0 0.06 0.06 644

1745417409
0.0 0.06 0.06 41

1745417410
0.0 0.06 0.06 140

1745417411
0.0 0.06 0.06 2

1745417412
0.0 0.06 0.06 29

1745417413
0.0 0.05 0.06 120

1745417414
0.0 0.05 0.06 86

1745417415
0.0 0.05 0.06 22

1745417416
0.0 0.05 0.06 1001

1745417417
0.0 0.05 0.06 1488

1745417418
0.0 0.05 0.06 810

1745417419
0.0 0.05 0.06 479

1745417420
0.0 0.05 0.06 1

1745417421
0.0 0.05 0.06 78

1745417422
0.0 0.05 0.06 8

1745417423
0.0 0.04 0.06 842

1745417424
0.0 0.04 0.06 342

1745417425
0.0 0.04 0.06 174

1745417426
0.0 0.04 0.06 73

1745417427
0.0 0.04 0.06 82

1745417428
0.0 0.04 0.06 1753

1745417429
0.0 0.04 0.06 351

1745417430
0.0 0.04 0.06 691

1745417431
0.0 0.04 0.06 4291

1745417432
0.0 0.04 0.06 0

1745417433
0.0 0.04 0.06 0

1745417434
0.0 0.04 0.06 437

1745417435
0.0 0.03 0.06 1

1745417436
0.0 0.03 0.06 746

1745417437
0.0 0.03 0.06 59

1745417438
0.0 0.03 0.06 14

1745417439
0.0 0.03 0.06 10

1745417440
0.0 0.03 0.06 6

1745417441
0.0 0.03 0.06 1313

1745417442
0.0 0.03 0.06 272

1745417443
0.0 0.03 0.06 1075

1745417444
0.0 0.03 0.06 901

1745417445
0.0 0.03 0.06 1887

1745417446
0.0 0.03 0.06 232

1745417447
0.0 0.03 0.06 162

1745417448
0.0 0.03 0.06 631

1745417449
0.0 0.02 0.05 102

1745417450
0.0 0.02 0.05 2

1745417451
0.0 0.02 0.05 0

1745417452
0.0 0.02 0.05 200

1745417453
0.0 0.02 0.05 239

1745417454
0.0 0.02 0.05 1711

1745417455
0.0 0.02 0.05 0

1745417456
0.0 0.02 0.05 0

1745417457
0.0 0.02 0.05 1057

1745417458
0.0 0.02 0.05 2011

1745417459
0.0 0.02 0.05 1814

1745417460
0.0 0.02 0.05 162

1745417461
0.0 0.02 0.05 50

1745417462
0.0 0.02 0.05 166

1745417463
0.0 0.02 0.05 3437

1745417464
0.0 0.02 0.05 1324

1745417465
0.0 0.02 0.05 501

1745417466
0.0 0.02 0.05 48

1745417467
0.0 0.02 0.05 128

1745417468
0.0 0.02 0.05 771

1745417469
0.0 0.01 0.05 2236

1745417470
0.0 0.01 0.05 0

1745417471
0.0 0.01 0.05 53239

1745417472
0.0 0.01 0.05 25318

1745417473
0.54 0.11 0.07 1564

1745417474
0.54 0.11 0.07 2855

1745417475
0.44 0.11 0.07 4455

1745417476
0.44 0.11 0.07 6334

1745417477
0.36 0.1 0.07 6136

1745417478
0.36 0.1 0.07 2243

1745417479
0.29 0.1 0.07 2883

1745417480
0.29 0.1 0.07 2125

1745417481
0.24 0.1 0.07 2529

1745417482
0.24 0.1 0.07 2768

1745417483
0.19 0.09 0.07 5435

1745417484
0.19 0.09 0.07 4077

1745417485
0.16 0.09 0.06 3728

1745417486
0.16 0.09 0.06 3488

1745417487
0.13 0.09 0.06 4310

1745417488
0.13 0.09 0.06 3877

1745417489
0.1 0.08 0.06 4976

1745417490
0.1 0.08 0.06 225

1745417491
0.08 0.08 0.06 354

1745417492
0.08 0.08 0.06 2059

1745417493
0.07 0.08 0.06 4805

1745417494
0.07 0.08 0.06 2915

1745417495
0.05 0.07 0.06 2794

1745417496
0.05 0.07 0.06 1267

1745417497
0.04 0.07 0.06 2731

1745417498
0.04 0.07 0.06 583

1745417499
0.03 0.07 0.06 215

1745417500
0.03 0.07 0.06 582

1745417501
0.03 0.06 0.06 101

1745417502
0.03 0.06 0.06 9

1745417503
0.02 0.06 0.06 39

1745417504
0.02 0.06 0.06 2099

1745417505
0.02 0.06 0.06 575

1745417506
0.02 0.06 0.06 2669

1745417507
0.01 0.06 0.06 3

1745417509
0.01 0.06 0.06 233

1745417510
0.01 0.06 0.06 251

1745417511
0.01 0.05 0.06 48

1745417512
0.01 0.05 0.06 140

1745417514
0.0 0.05 0.06 1

1745417515
0.0 0.05 0.06 816

1745417516
0.0 0.05 0.06 136

1745417517
0.0 0.05 0.06 109

1745417518
0.0 0.05 0.06 0

1745417519
0.0 0.04 0.06 575

1745417520
0.0 0.04 0.06 1

1745417521
0.0 0.04 0.06 142

1745417522
0.0 0.04 0.06 621

1745417523
0.0 0.04 0.06 1

1745417524
0.0 0.04 0.06 25

1745417525
0.0 0.04 0.06 67

1745417526
0.0 0.04 0.05 860

1745417528
0.0 0.04 0.05 1

1745417529
0.0 0.04 0.05 68

1745417530
0.0 0.04 0.05 355

1745417531
0.0 0.03 0.05 1

1745417533
0.0 0.03 0.05 1

1745417534
0.0 0.03 0.05 678

1745417535
0.0 0.03 0.05 0

1745417536
0.0 0.03 0.05 1

1745417538
0.0 0.03 0.05 66

1745417539
0.0 0.03 0.05 3

1745417541
0.0 0.03 0.05 429

1745417542
0.0 0.03 0.05 1

1745417543
0.0 0.03 0.05 0

1745417544
0.0 0.03 0.05 1

1745417545
0.0 0.02 0.05 24

1745417546
0.0 0.02 0.05 53

1745417547
0.0 0.02 0.05 0

1745417548
0.0 0.02 0.05 124

1745417549
0.0 0.02 0.05 83

1745417550
0.0 0.02 0.05 30

1745417551
0.0 0.02 0.05 0

1745417552
0.0 0.02 0.05 0

1745417553
0.0 0.02 0.05 0

1745417554
0.0 0.02 0.05 0

1745417555
0.0 0.02 0.05 0

1745417556
0.0 0.02 0.05 0

1745417557
0.0 0.02 0.05 0

1745417558
0.0 0.02 0.05 1576

1745417559
0.0 0.02 0.05 393

1745417560
0.0 0.02 0.05 11361

1745417561
0.0 0.02 0.05 304

1745417562
0.0 0.02 0.05 6730

1745417563
0.0 0.02 0.05 88660

1745417564
0.0 0.02 0.05 65549

1745417565
1.44 0.28 0.1 102977

1745417566
1.44 0.28 0.1 82271

1745417567
2.99 0.6 0.17 81709

1745417568
2.99 0.6 0.17 69674

1745417569
3.36 0.74 0.2 5425

1745417570
3.36 0.74 0.2 995

1745417572
2.75 0.71 0.2 373

1745417573
2.25 0.69 0.2 46

1745417574
2.25 0.69 0.2 4053

1745417575
1.84 0.67 0.2 981

1745417576
1.84 0.67 0.2 0

1745417577
1.51 0.65 0.2 0

1745417578
1.51 0.65 0.2 0

1745417579
1.23 0.62 0.19 0

1745417580
1.23 0.62 0.19 2

1745417581
1.01 0.6 0.19 100

1745417582
1.01 0.6 0.19 48

1745417583
0.82 0.58 0.19 7

1745417584
0.82 0.58 0.19 1

1745417585
0.67 0.56 0.19 70

1745417586
0.67 0.56 0.19 159

1745417587
0.55 0.54 0.19 0

1745417588
0.55 0.54 0.19 594

1745417589
0.45 0.53 0.19 0

1745417590
0.45 0.53 0.19 0

1745417591
0.37 0.51 0.19 293

1745417592
0.37 0.51 0.19 8

1745417593
0.3 0.49 0.18 97

1745417594
0.3 0.49 0.18 4

1745417595
0.24 0.47 0.18 601

1745417596
0.24 0.47 0.18 687

1745417597
0.2 0.46 0.18 359

1745417598
0.2 0.46 0.18 44

1745417599
0.16 0.44 0.18 569

1745417600
0.16 0.44 0.18 0

1745417601
0.13 0.43 0.18 0

1745417602
0.13 0.43 0.18 611

1745417603
0.11 0.41 0.18 205

1745417604
0.11 0.41 0.18 2492

1745417605
0.09 0.4 0.18 264

1745417606
0.09 0.4 0.18 0

1745417607
0.07 0.39 0.17 0

1745417608
0.07 0.39 0.17 28

1745417609
0.06 0.37 0.17 4629

1745417610
0.06 0.37 0.17 1101

1745417611
0.04 0.36 0.17 100

1745417613
0.04 0.35 0.17 1017

1745417614
0.04 0.35 0.17 854

1745417615
0.03 0.34 0.17 3094

1745417616
0.03 0.34 0.17 40682

1745417617
0.38 0.39 0.18 12124

1745417618
0.38 0.39 0.18 5490

1745417619
0.31 0.38 0.18 1077

1745417620
0.31 0.38 0.18 1209

1745417621
0.26 0.36 0.18 3794

1745417622
0.26 0.36 0.18 4559

1745417623
0.21 0.35 0.18 6950

1745417624
0.21 0.35 0.18 3689

1745417625
0.17 0.34 0.17 88

1745417626
0.17 0.34 0.17 5027

1745417627
0.14 0.33 0.17 296

1745417628
0.14 0.33 0.17 2457

1745417629
0.11 0.32 0.17 69

1745417630
0.11 0.32 0.17 0

1745417631
0.09 0.31 0.17 0

1745417633
0.07 0.3 0.17 8

1745417634
0.06 0.29 0.17 4034

1745417636
0.06 0.29 0.17 4

1745417638
0.05 0.28 0.17 0

1745417639
0.04 0.27 0.16 0

1745417641
0.03 0.26 0.16 9

1745417642
0.03 0.26 0.16 0

1745417643
0.02 0.25 0.16 0

1745417644
0.02 0.25 0.16 0

1745417645
0.02 0.24 0.16 0

1745417646
0.02 0.24 0.16 0

1745417647
0.01 0.23 0.16 0

1745417648
0.01 0.23 0.16 0

1745417649
0.01 0.22 0.16 0

1745417650
0.01 0.22 0.16 0

1745417651
0.01 0.22 0.16 0

1745417652
0.01 0.22 0.16 858

1745417653
0.0 0.21 0.15 61

1745417654
0.0 0.21 0.15 0

1745417655
0.0 0.2 0.15 0

1745417656
0.0 0.2 0.15 76

1745417657
0.0 0.2 0.15 0

1745417659
0.0 0.19 0.15 0

1745417660
0.0 0.19 0.15 0

1745417661
0.0 0.18 0.15 0

1745417662
0.0 0.18 0.15 0

1745417663
0.0 0.18 0.15 0

1745417664
0.0 0.18 0.15 0

1745417665
0.0 0.17 0.15 43

1745417666
0.0 0.17 0.15 0

1745417667
0.0 0.16 0.14 0

1745417668
0.0 0.16 0.14 0

1745417669
0.0 0.16 0.14 0

1745417670
0.0 0.16 0.14 0

1745417671
0.0 0.15 0.14 0

1745417672
0.0 0.15 0.14 0

1745417673
0.0 0.15 0.14 9106

1745417674
0.0 0.15 0.14 0

1745417675
0.0 0.14 0.14 9301

1745417677
0.0 0.14 0.14 715

1745417678
0.0 0.14 0.14 0

1745417679
0.0 0.13 0.14 0

1745417680
0.0 0.13 0.14 0

1745417681
0.0 0.13 0.13 0

1745417682
0.0 0.13 0.13 8231

1745417683
0.0 0.12 0.13 7880

1745417684
0.0 0.12 0.13 3560

1745417685
0.0 0.12 0.13 8115

1745417686
0.0 0.12 0.13 9581

1745417687
0.0 0.11 0.13 5075

1745417688
0.0 0.11 0.13 5742

1745417689
0.0 0.11 0.13 4218

1745417690
0.0 0.11 0.13 5291

1745417691
0.0 0.11 0.13 6683

1745417692
0.0 0.11 0.13 9253

1745417693
0.0 0.1 0.13 4892

1745417694
0.0 0.1 0.13 1472

1745417695
0.0 0.1 0.13 5210

1745417696
0.0 0.1 0.13 970

1745417697
0.0 0.09 0.13 41945

1745417698
0.0 0.09 0.13 37806

1745417699
0.54 0.19 0.15 6608

1745417700
0.54 0.19 0.15 2916

1745417701
0.44 0.18 0.15 11138

1745417702
0.44 0.18 0.15 4627

1745417703
0.36 0.18 0.14 0

1745417704
0.36 0.18 0.14 0

1745417705
0.29 0.17 0.14 0

1745417706
0.29 0.17 0.14 0

1745417707
0.24 0.16 0.14 0

1745417708
0.24 0.16 0.14 0

1745417709
0.19 0.16 0.14 0

1745417710
0.19 0.16 0.14 0

1745417711
0.16 0.15 0.14 0

1745417712
0.16 0.15 0.14 0

1745417713
0.13 0.15 0.14 0

1745417714
0.13 0.15 0.14 0

1745417715
0.1 0.14 0.14 0

1745417716
0.1 0.14 0.14 0

1745417717
0.08 0.14 0.13 0

1745417718
0.08 0.14 0.13 0

1745417719
0.07 0.13 0.13 0

1745417720
0.07 0.13 0.13 0

1745417721
0.05 0.13 0.13 0

1745417722
0.05 0.13 0.13 0

1745417723
0.04 0.12 0.13 0

1745417724
0.04 0.12 0.13 0

1745417725
0.03 0.12 0.13 0

1745417726
0.03 0.12 0.13 0

1745417727
0.03 0.11 0.13 0

1745417728
0.03 0.11 0.13 0

1745417729
0.02 0.11 0.13 0

1745417730
0.02 0.11 0.13 0

1745417731
0.02 0.11 0.13 0

1745417733
0.01 0.1 0.13 3427

