1745384292
/dev/nvme3n1p1: 1419050160128
none: 4096

1745384293
/dev/nvme3n1p1: 1419052777472
none: 4096

1745384295
/dev/nvme3n1p1: 1419057053696
none: 4096

1745384296
/dev/nvme3n1p1: 1419058806784
none: 4096

1745384297
/dev/nvme3n1p1: 1419061338112
none: 4096

1745384298
/dev/nvme3n1p1: 1419064606720
none: 4096

1745384300
/dev/nvme3n1p1: 1419077394432
none: 4096

1745384301
/dev/nvme3n1p1: 1419255169024
none: 4096

1745384302
/dev/nvme3n1p1: 1419358949376
none: 4096

1745384303
/dev/nvme3n1p1: 1419459010560
none: 4096

1745384304
/dev/nvme3n1p1: 1419641032704
none: 4096

1745384306
/dev/nvme3n1p1: 1419813814272
none: 4096

1745384307
/dev/nvme3n1p1: 1419882610688
none: 4096

1745384308
/dev/nvme3n1p1: 1419912736768
none: 4096

1745384309
/dev/nvme3n1p1: 1420061388800
none: 4096

1745384311
/dev/nvme3n1p1: 1419998797824
none: 4096

1745384312
/dev/nvme3n1p1: 1420115992576
none: 4096

1745384314
/dev/nvme3n1p1: 1420422471680
none: 8192

1745384315
/dev/nvme3n1p1: 1420457476096
none: 8192

1745384316
/dev/nvme3n1p1: 1420523827200
none: 4096

1745384318
/dev/nvme3n1p1: 1420630478848
none: 4096

1745384319
/dev/nvme3n1p1: 1420705583104
none: 4096

1745384321
/dev/nvme3n1p1: 1420945371136
none: 4096

1745384322
/dev/nvme3n1p1: 1421022265344
none: 4096

1745384323
/dev/nvme3n1p1: 1421097451520
none: 4096

1745384325
/dev/nvme3n1p1: 1421134786560
none: 8192

1745384326
/dev/nvme3n1p1: 1421233061888
none: 4096

1745384328
/dev/nvme3n1p1: 1421298495488
none: 4096

1745384329
/dev/nvme3n1p1: 1421301731328
none: 4096

1745384330
/dev/nvme3n1p1: 1421343342592
none: 4096

1745384332
/dev/nvme3n1p1: 1421359616000
none: 4096

1745384333
/dev/nvme3n1p1: 1421370146816
none: 4096

1745384335
/dev/nvme3n1p1: 1421382348800
none: 139264

1745384336
/dev/nvme3n1p1: 1421392728064
none: 4096

1745384337
/dev/nvme3n1p1: 1421479669760
none: 4096

1745384339
/dev/nvme3n1p1: 1421538619392
none: 4096

1745384340
/dev/nvme3n1p1: 1421604990976
none: 4096

1745384341
/dev/nvme3n1p1: 1421619716096
none: 4096

1745384343
/dev/nvme3n1p1: 1421853257728
none: 4096

1745384344
/dev/nvme3n1p1: 1421962502144
none: 4096

1745384346
/dev/nvme3n1p1: 1422149283840
none: 4096

1745384347
/dev/nvme3n1p1: 1422262149120
none: 4096

1745384349
/dev/nvme3n1p1: 1422285086720
none: 4096

1745384350
/dev/nvme3n1p1: 1422359257088
none: 4096

1745384352
/dev/nvme3n1p1: 1422566748160
none: 4096

1745384353
/dev/nvme3n1p1: 1422682787840
none: 192512

1745384355
/dev/nvme3n1p1: 1423071424512
none: 139264

1745384356
/dev/nvme3n1p1: 1423202107392
none: 4096

1745384358
/dev/nvme3n1p1: 1423412219904
none: 4096

1745384359
/dev/nvme3n1p1: 1423477354496
none: 4096

1745384361
/dev/nvme3n1p1: 1423583776768
none: 4096

1745384362
/dev/nvme3n1p1: 1423634989056
none: 4096

1745384363
/dev/nvme3n1p1: 1423702024192
none: 4096

1745384364
/dev/nvme3n1p1: 1423792193536
none: 4096

1745384366
/dev/nvme3n1p1: 1423998365696
none: 4096

1745384367
/dev/nvme3n1p1: 1424098013184
none: 4096

1745384369
/dev/nvme3n1p1: 1424432988160
none: 4096

1745384370
/dev/nvme3n1p1: 1424519852032
none: 4096

1745384372
/dev/nvme3n1p1: 1424931397632
none: 872448

1745384373
/dev/nvme3n1p1: 1425291038720
none: 172032

1745384374
/dev/nvme3n1p1: 1425362690048
none: 2023424

1745384376
/dev/nvme3n1p1: 1425563009024
none: 28672

1745384378
/dev/nvme3n1p1: 1426062262272
none: 299008

1745384379
/dev/nvme3n1p1: 1426132631552
none: 8192

1745384380
/dev/nvme3n1p1: 1426266853376
none: 8192

1745384381
/dev/nvme3n1p1: 1426369437696
none: 4096

1745384382
/dev/nvme3n1p1: 1426478534656
none: 4096

1745384384
/dev/nvme3n1p1: 1426610835456
none: 4096

1745384385
/dev/nvme3n1p1: 1426703380480
none: 348160

1745384387
/dev/nvme3n1p1: 1426788233216
none: 966656

1745384389
/dev/nvme3n1p1: 1426989690880
none: 245760

1745384390
/dev/nvme3n1p1: 1427167682560
none: 4096

1745384392
/dev/nvme3n1p1: 1427380781056
none: 180224

1745384393
/dev/nvme3n1p1: 1427441504256
none: 2433024

1745384394
/dev/nvme3n1p1: 1427711242240
none: 90112

1745384395
/dev/nvme3n1p1: 1427979423744
none: 122880

1745384396
/dev/nvme3n1p1: 1428108836864
none: 4096

1745384397
/dev/nvme3n1p1: 1428259246080
none: 1298432

1745384398
/dev/nvme3n1p1: 1428490510336
none: 225280

1745384399
/dev/nvme3n1p1: 1429138092032
none: 1499136

1745384401
/dev/nvme3n1p1: 1429341732864
none: 3211264

1745384402
/dev/nvme3n1p1: 1429479563264
none: 2953216

1745384403
/dev/nvme3n1p1: 1429656129536
none: 1622016

1745384404
/dev/nvme3n1p1: 1430552834048
none: 1515520

1745384405
/dev/nvme3n1p1: 1431161090048
none: 86016

1745384406
/dev/nvme3n1p1: 1431250149376
none: 4096

1745384407
/dev/nvme3n1p1: 1431428255744
none: 4096

1745384408
/dev/nvme3n1p1: 1431487868928
none: 4096

1745384409
/dev/nvme3n1p1: 1431501062144
none: 4096

1745384410
/dev/nvme3n1p1: 1431520026624
none: 352256

1745384411
/dev/nvme3n1p1: 1431503962112
none: 73728

1745384413
/dev/nvme3n1p1: 1431527153664
none: 200704

1745384414
/dev/nvme3n1p1: 1431540391936
none: 24576

1745384415
/dev/nvme3n1p1: 1431551967232
none: 24576

1745384417
/dev/nvme3n1p1: 1431612530688
none: 278528

1745384418
/dev/nvme3n1p1: 1431723413504
none: 1060864

1745384419
/dev/nvme3n1p1: 1431762714624
none: 1740800

1745384420
/dev/nvme3n1p1: 1431781240832
none: 557056

1745384421
/dev/nvme3n1p1: 1431784013824
none: 888832

1745384422
/dev/nvme3n1p1: 1431795757056
none: 1859584

1745384423
/dev/nvme3n1p1: 1431803785216
none: 430080

1745384424
/dev/nvme3n1p1: 1431811895296
none: 942080

1745384425
/dev/nvme3n1p1: 1431822123008
none: 77824

1745384426
/dev/nvme3n1p1: 1431816847360
none: 12288

1745384427
/dev/nvme3n1p1: 1431838953472
none: 606208

1745384428
/dev/nvme3n1p1: 1431843352576
none: 1470464

1745384429
/dev/nvme3n1p1: 1431726391296
none: 4096

1745384430
/dev/nvme3n1p1: 1431728107520
none: 4096

1745384431
/dev/nvme3n1p1: 1431835140096
none: 294912

1745384432
/dev/nvme3n1p1: 1431835373568
none: 606208

1745384433
/dev/nvme3n1p1: 1431839576064
none: 4096

1745384434
/dev/nvme3n1p1: 1431842578432
none: 372736

1745384435
/dev/nvme3n1p1: 1431850631168
none: 4096

1745384436
/dev/nvme3n1p1: 1431858286592
none: 12288

1745384437
/dev/nvme3n1p1: 1431864209408
none: 684032

1745384438
/dev/nvme3n1p1: 1431873355776
none: 606208

1745384440
/dev/nvme3n1p1: 1431885037568
none: 65536

1745384441
/dev/nvme3n1p1: 1431886114816
none: 12288

1745384443
/dev/nvme3n1p1: 1431840030720
none: 339968

1745384444
/dev/nvme3n1p1: 1431847555072
none: 8192

1745384446
/dev/nvme3n1p1: 1431859367936
none: 8192

1745384447
/dev/nvme3n1p1: 1431857152000
none: 790528

1745384448
/dev/nvme3n1p1: 1431866552320
none: 917504

1745384449
/dev/nvme3n1p1: 1431877136384
none: 380928

1745384450
/dev/nvme3n1p1: 1431880634368
none: 12288

1745384451
/dev/nvme3n1p1: 1431788736512
none: 12288

1745384452
/dev/nvme3n1p1: 1431797579776
none: 12288

1745384453
/dev/nvme3n1p1: 1431804137472
none: 12288

1745384454
/dev/nvme3n1p1: 1431819038720
none: 4096

1745384455
/dev/nvme3n1p1: 1431830978560
none: 1748992

1745384457
/dev/nvme3n1p1: 1431845490688
none: 24576

1745384459
/dev/nvme3n1p1: 1431867506688
none: 20480

1745384460
/dev/nvme3n1p1: 1431869054976
none: 8192

1745384461
/dev/nvme3n1p1: 1431880949760
none: 16384

1745384462
/dev/nvme3n1p1: 1431847944192
none: 20480

1745384463
/dev/nvme3n1p1: 1431860162560
none: 12288

1745384464
/dev/nvme3n1p1: 1432024924160
none: 471040

1745384465
/dev/nvme3n1p1: 1432052264960
none: 684032

1745384466
/dev/nvme3n1p1: 1432155181056
none: 4096

1745384467
/dev/nvme3n1p1: 1432291921920
none: 2400256

1745384469
/dev/nvme3n1p1: 1432302276608
none: 8192

1745384470
/dev/nvme3n1p1: 1432465338368
none: 1941504

1745384471
/dev/nvme3n1p1: 1432563908608
none: 774144

1745384472
/dev/nvme3n1p1: 1432584253440
none: 765952

1745384473
/dev/nvme3n1p1: 1432656453632
none: 8192

1745384476
/dev/nvme3n1p1: 1432144855040
none: 8192

1745384477
/dev/nvme3n1p1: 1432166023168
none: 12288

1745384478
/dev/nvme3n1p1: 1432187940864
none: 4096

1745384479
/dev/nvme3n1p1: 1432223391744
none: 4096

1745384481
/dev/nvme3n1p1: 1432371228672
none: 8192

1745384482
/dev/nvme3n1p1: 1432464269312
none: 1978368

1745384483
/dev/nvme3n1p1: 1432696487936
none: 270336

1745384484
/dev/nvme3n1p1: 1432891187200
none: 913408

1745384485
/dev/nvme3n1p1: 1432936370176
none: 1568768

1745384486
/dev/nvme3n1p1: 1433102213120
none: 4096

1745384487
/dev/nvme3n1p1: 1433493528576
none: 4096

1745384488
/dev/nvme3n1p1: 1433675636736
none: 4096

1745384489
/dev/nvme3n1p1: 1433982414848
none: 4096

1745384491
/dev/nvme3n1p1: 1433827016704
none: 446464

1745384493
/dev/nvme3n1p1: 1434202492928
none: 8192

1745384494
/dev/nvme3n1p1: 1434426486784
none: 4096

1745384495
/dev/nvme3n1p1: 1434568433664
none: 4096

1745384496
/dev/nvme3n1p1: 1434860097536
none: 4096

1745384497
/dev/nvme3n1p1: 1435050151936
none: 1216512

1745384498
/dev/nvme3n1p1: 1435209666560
none: 2387968

1745384499
/dev/nvme3n1p1: 1435492823040
none: 12288

1745384501
/dev/nvme3n1p1: 1435985772544
none: 2007040

1745384502
/dev/nvme3n1p1: 1436620210176
none: 2011136

1745384503
/dev/nvme3n1p1: 1437104672768
none: 1761280

1745384504
/dev/nvme3n1p1: 1437499715584
none: 4096

1745384505
/dev/nvme3n1p1: 1437765148672
none: 593920

1745384506
/dev/nvme3n1p1: 1438064209920
none: 4096

1745384508
/dev/nvme3n1p1: 1438776606720
none: 4096

1745384509
/dev/nvme3n1p1: 1439021125632
none: 4096

1745384511
/dev/nvme3n1p1: 1439488520192
none: 8192

1745384513
/dev/nvme3n1p1: 1439571951616
none: 589824

1745384514
/dev/nvme3n1p1: 1439426670592
none: 4096

1745384515
/dev/nvme3n1p1: 1439791951872
none: 4096

1745384517
/dev/nvme3n1p1: 1440088338432
none: 4096

1745384519
/dev/nvme3n1p1: 1440287064064
none: 4096

1745384520
/dev/nvme3n1p1: 1440439844864
none: 4096

1745384521
/dev/nvme3n1p1: 1441304125440
none: 4096

1745384522
/dev/nvme3n1p1: 1442086715392
none: 4096

1745384524
/dev/nvme3n1p1: 1442776514560
none: 4096

1745384525
/dev/nvme3n1p1: 1443297386496
none: 110592

1745384527
/dev/nvme3n1p1: 1443813847040
none: 12288

1745384529
/dev/nvme3n1p1: 1444728946688
none: 8192

1745384530
/dev/nvme3n1p1: 1445132406784
none: 8192

1745384531
/dev/nvme3n1p1: 1445403734016
none: 4096

1745384532
/dev/nvme3n1p1: 1445675511808
none: 8192

1745384534
/dev/nvme3n1p1: 1446790672384
none: 12288

1745384535
/dev/nvme3n1p1: 1446996471808
none: 4096

1745384536
/dev/nvme3n1p1: 1447014711296
none: 4096

1745384538
/dev/nvme3n1p1: 1447473881088
none: 8192

1745384539
/dev/nvme3n1p1: 1447568224256
none: 4096

1745384541
/dev/nvme3n1p1: 1447737565184
none: 4096

1745384543
/dev/nvme3n1p1: 1447575252992
none: 4096

1745384544
/dev/nvme3n1p1: 1447233171456
none: 4096

1745384545
/dev/nvme3n1p1: 1447208656896
none: 4096

1745384546
/dev/nvme3n1p1: 1447380000768
none: 4096

1745384548
/dev/nvme3n1p1: 1447538176000
none: 4096

1745384550
/dev/nvme3n1p1: 1447907684352
none: 8192

1745384551
/dev/nvme3n1p1: 1448094285824
none: 110592

1745384553
/dev/nvme3n1p1: 1448402952192
none: 49152

1745384554
/dev/nvme3n1p1: 1448548823040
none: 4096

1745384555
/dev/nvme3n1p1: 1448979283968
none: 4096

1745384556
/dev/nvme3n1p1: 1449381740544
none: 4096

1745384558
/dev/nvme3n1p1: 1449717604352
none: 4096

1745384560
/dev/nvme3n1p1: 1450302910464
none: 8192

1745384561
/dev/nvme3n1p1: 1450480336896
none: 8192

1745384562
/dev/nvme3n1p1: 1450548498432
none: 4096

1745384563
/dev/nvme3n1p1: 1450839306240
none: 4096

1745384564
/dev/nvme3n1p1: 1451078426624
none: 4096

1745384565
/dev/nvme3n1p1: 1451157577728
none: 450560

1745384566
/dev/nvme3n1p1: 1451259805696
none: 4096

1745384567
/dev/nvme3n1p1: 1451323383808
none: 4096

1745384569
/dev/nvme3n1p1: 1451528716288
none: 4096

1745384570
/dev/nvme3n1p1: 1451648307200
none: 4096

1745384571
/dev/nvme3n1p1: 1451905945600
none: 4096

1745384572
/dev/nvme3n1p1: 1452160405504
none: 4096

1745384573
/dev/nvme3n1p1: 1452334735360
none: 4096

1745384574
/dev/nvme3n1p1: 1452602339328
none: 4096

1745384575
/dev/nvme3n1p1: 1452887433216
none: 4096

1745384577
/dev/nvme3n1p1: 1453358690304
none: 4096

1745384578
/dev/nvme3n1p1: 1453477269504
none: 4096

1745384579
/dev/nvme3n1p1: 1453685882880
none: 4096

1745384580
/dev/nvme3n1p1: 1453855051776
none: 16384

1745384581
/dev/nvme3n1p1: 1454037045248
none: 8192

1745384583
/dev/nvme3n1p1: 1454573621248
none: 4096

1745384585
/dev/nvme3n1p1: 1455384850432
none: 4096

1745384586
/dev/nvme3n1p1: 1455556345856
none: 4096

1745384588
/dev/nvme3n1p1: 1455743643648
none: 4096

1745384589
/dev/nvme3n1p1: 1455929671680
none: 4096

1745384590
/dev/nvme3n1p1: 1456025632768
none: 4096

1745384591
/dev/nvme3n1p1: 1456237916160
none: 4096

1745384592
/dev/nvme3n1p1: 1456662749184
none: 4096

1745384593
/dev/nvme3n1p1: 1457206247424
none: 765952

1745384594
/dev/nvme3n1p1: 1457279397888
none: 454656

1745384595
/dev/nvme3n1p1: 1457529688064
none: 675840

1745384596
/dev/nvme3n1p1: 1457731706880
none: 4096

1745384597
/dev/nvme3n1p1: 1458274238464
none: 4096

1745384598
/dev/nvme3n1p1: 1458915008512
none: 4096

1745384600
/dev/nvme3n1p1: 1459413176320
none: 4096

1745384602
/dev/nvme3n1p1: 1460551315456
none: 339968

1745384603
/dev/nvme3n1p1: 1461069901824
none: 12288

1745384604
/dev/nvme3n1p1: 1461465743360
none: 40960

1745384605
/dev/nvme3n1p1: 1461488885760
none: 1306624

1745384606
/dev/nvme3n1p1: 1461578207232
none: 4096

1745384607
/dev/nvme3n1p1: 1461801529344
none: 4096

1745384608
/dev/nvme3n1p1: 1461958201344
none: 4096

1745384610
/dev/nvme3n1p1: 1462822957056
none: 4096

1745384611
/dev/nvme3n1p1: 1463251750912
none: 4096

1745384612
/dev/nvme3n1p1: 1463663153152
none: 331776

1745384613
/dev/nvme3n1p1: 1464087269376
none: 868352

1745384614
/dev/nvme3n1p1: 1464393760768
none: 274432

1745384615
/dev/nvme3n1p1: 1464499060736
none: 4096

1745384616
/dev/nvme3n1p1: 1464514482176
none: 135168

1745384618
/dev/nvme3n1p1: 1464600375296
none: 4096

1745384619
/dev/nvme3n1p1: 1464911679488
none: 4096

1745384620
/dev/nvme3n1p1: 1465041371136
none: 4096

1745384621
/dev/nvme3n1p1: 1465222377472
none: 4096

1745384622
/dev/nvme3n1p1: 1465254240256
none: 4096

1745384623
/dev/nvme3n1p1: 1465313857536
none: 4096

1745384624
/dev/nvme3n1p1: 1465404567552
none: 4096

1745384625
/dev/nvme3n1p1: 1465434382336
none: 8192

1745384626
/dev/nvme3n1p1: 1465582632960
none: 8192

1745384627
/dev/nvme3n1p1: 1465805004800
none: 4096

1745384628
/dev/nvme3n1p1: 1465916678144
none: 4096

1745384629
/dev/nvme3n1p1: 1466388492288
none: 4096

1745384630
/dev/nvme3n1p1: 1466521247744
none: 815104

1745384631
/dev/nvme3n1p1: 1466636636160
none: 978944

1745384632
/dev/nvme3n1p1: 1467034640384
none: 4096

1745384633
/dev/nvme3n1p1: 1467652022272
none: 4096

1745384634
/dev/nvme3n1p1: 1468041367552
none: 90112

1745384635
/dev/nvme3n1p1: 1468168327168
none: 90112

1745384636
/dev/nvme3n1p1: 1468175212544
none: 90112

1745384637
/dev/nvme3n1p1: 1468177952768
none: 90112

1745384638
/dev/nvme3n1p1: 1468194394112
none: 8192

1745384639
/dev/nvme3n1p1: 1468252327936
none: 4096

1745384640
/dev/nvme3n1p1: 1468403171328
none: 8192

1745384641
/dev/nvme3n1p1: 1468474953728
none: 8192

1745384642
/dev/nvme3n1p1: 1468532862976
none: 8192

1745384643
/dev/nvme3n1p1: 1468620713984
none: 8192

1745384644
/dev/nvme3n1p1: 1468764323840
none: 4096

1745384645
/dev/nvme3n1p1: 1468965023744
none: 4096

1745384646
/dev/nvme3n1p1: 1469083324416
none: 4096

1745384647
/dev/nvme3n1p1: 1469614317568
none: 8192

1745384648
/dev/nvme3n1p1: 1470139060224
none: 4096

1745384649
/dev/nvme3n1p1: 1470196973568
none: 4096

1745384650
/dev/nvme3n1p1: 1470334812160
none: 4096

1745384651
/dev/nvme3n1p1: 1470477688832
none: 4096

1745384652
/dev/nvme3n1p1: 1470582702080
none: 4096

1745384653
/dev/nvme3n1p1: 1470781472768
none: 4096

1745384654
/dev/nvme3n1p1: 1471267516416
none: 4096

1745384655
/dev/nvme3n1p1: 1472707788800
none: 4096

1745384656
/dev/nvme3n1p1: 1472740413440
none: 4096

1745384657
/dev/nvme3n1p1: 1472870891520
none: 8192

1745384658
/dev/nvme3n1p1: 1473070264320
none: 8192

1745384659
/dev/nvme3n1p1: 1473616941056
none: 8192

1745384660
/dev/nvme3n1p1: 1473841750016
none: 4096

1745384661
/dev/nvme3n1p1: 1474062880768
none: 4096

1745384662
/dev/nvme3n1p1: 1474211119104
none: 4096

1745384663
/dev/nvme3n1p1: 1474665160704
none: 4096

1745384665
/dev/nvme3n1p1: 1474968977408
none: 4096

1745384666
/dev/nvme3n1p1: 1475272323072
none: 180224

1745384667
/dev/nvme3n1p1: 1475383685120
none: 4096

1745384669
/dev/nvme3n1p1: 1475534475264
none: 8192

1745384670
/dev/nvme3n1p1: 1475715538944
none: 8192

1745384671
/dev/nvme3n1p1: 1475806879744
none: 4096

1745384672
/dev/nvme3n1p1: 1476058017792
none: 4096

1745384673
/dev/nvme3n1p1: 1476172963840
none: 8192

1745384674
/dev/nvme3n1p1: 1476425076736
none: 8192

1745384675
/dev/nvme3n1p1: 1477140066304
none: 4096

1745384676
/dev/nvme3n1p1: 1478298234880
none: 4096

1745384677
/dev/nvme3n1p1: 1478550450176
none: 4096

1745384678
/dev/nvme3n1p1: 1479621943296
none: 4096

1745384679
/dev/nvme3n1p1: 1479789871104
none: 4096

1745384680
/dev/nvme3n1p1: 1479974604800
none: 4096

1745384681
/dev/nvme3n1p1: 1480264294400
none: 4096

1745384683
/dev/nvme3n1p1: 1480402419712
none: 4096

1745384684
/dev/nvme3n1p1: 1481104240640
none: 4096

1745384686
/dev/nvme3n1p1: 1482114822144
none: 4096

1745384687
/dev/nvme3n1p1: 1482350678016
none: 4096

1745384688
/dev/nvme3n1p1: 1482295390208
none: 4096

1745384690
/dev/nvme3n1p1: 1482416578560
none: 4096

1745384691
/dev/nvme3n1p1: 1482072403968
none: 4096

1745384692
/dev/nvme3n1p1: 1482139783168
none: 32768

1745384693
/dev/nvme3n1p1: 1482208464896
none: 4096

1745384694
/dev/nvme3n1p1: 1482870034432
none: 8192

1745384695
/dev/nvme3n1p1: 1483323252736
none: 4096

1745384696
/dev/nvme3n1p1: 1483463454720
none: 12288

1745384697
/dev/nvme3n1p1: 1484415922176
none: 8192

1745384698
/dev/nvme3n1p1: 1485022732288
none: 8192

1745384700
/dev/nvme3n1p1: 1485393559552
none: 4096

1745384701
/dev/nvme3n1p1: 1486133616640
none: 4096

1745384702
/dev/nvme3n1p1: 1486245404672
none: 8192

1745384703
/dev/nvme3n1p1: 1486761865216
none: 8192

1745384704
/dev/nvme3n1p1: 1487596437504
none: 12288

1745384705
/dev/nvme3n1p1: 1487668604928
none: 4096

1745384706
/dev/nvme3n1p1: 1487722160128
none: 4096

1745384707
/dev/nvme3n1p1: 1487791169536
none: 4096

1745384709
/dev/nvme3n1p1: 1489728671744
none: 4096

1745384710
/dev/nvme3n1p1: 1489623019520
none: 4096

1745384711
/dev/nvme3n1p1: 1489545650176
none: 4096

1745384712
/dev/nvme3n1p1: 1490281218048
none: 4096

1745384713
/dev/nvme3n1p1: 1490375487488
none: 4096

1745384714
/dev/nvme3n1p1: 1490382786560
none: 4096

1745384715
/dev/nvme3n1p1: 1490765271040
none: 12288

1745384716
/dev/nvme3n1p1: 1491428642816
none: 4096

1745384717
/dev/nvme3n1p1: 1491693043712
none: 4096

1745384718
/dev/nvme3n1p1: 1491702968320
none: 4096

1745384719
/dev/nvme3n1p1: 1491703918592
none: 4096

1745384720
/dev/nvme3n1p1: 1491709968384
none: 4096

1745384721
/dev/nvme3n1p1: 1491725000704
none: 12288

1745384722
/dev/nvme3n1p1: 1491930923008
none: 4096

1745384724
/dev/nvme3n1p1: 1492086628352
none: 36864

1745384725
/dev/nvme3n1p1: 1492252192768
none: 40960

1745384727
/dev/nvme3n1p1: 1492440084480
none: 159744

1745384728
/dev/nvme3n1p1: 1492472770560
none: 159744

1745384729
/dev/nvme3n1p1: 1492878557184
none: 4096

1745384730
/dev/nvme3n1p1: 1492988649472
none: 4096

1745384731
/dev/nvme3n1p1: 1493105905664
none: 4096

1745384732
/dev/nvme3n1p1: 1493320966144
none: 4096

1745384734
/dev/nvme3n1p1: 1494061486080
none: 4096

1745384736
/dev/nvme3n1p1: 1495279427584
none: 4096

1745384737
/dev/nvme3n1p1: 1495993122816
none: 4096

1745384738
/dev/nvme3n1p1: 1496486350848
none: 4096

1745384739
/dev/nvme3n1p1: 1497180884992
none: 4096

1745384741
/dev/nvme3n1p1: 1498519920640
none: 4096

1745384742
/dev/nvme3n1p1: 1498947276800
none: 106496

1745384743
/dev/nvme3n1p1: 1499302985728
none: 4096

1745384744
/dev/nvme3n1p1: 1500373880832
none: 4096

1745384745
/dev/nvme3n1p1: 1500950454272
none: 4096

1745384746
/dev/nvme3n1p1: 1501369798656
none: 4096

1745384748
/dev/nvme3n1p1: 1502053703680
none: 4096

1745384749
/dev/nvme3n1p1: 1502340362240
none: 4096

1745384751
/dev/nvme3n1p1: 1502842769408
none: 4096

1745384752
/dev/nvme3n1p1: 1503273918464
none: 4096

1745384753
/dev/nvme3n1p1: 1503639367680
none: 4096

1745384755
/dev/nvme3n1p1: 1504039628800
none: 4096

1745384757
/dev/nvme3n1p1: 1504302964736
none: 483328

1745384758
/dev/nvme3n1p1: 1504488132608
none: 1015808

1745384759
/dev/nvme3n1p1: 1504559837184
none: 110592

1745384760
/dev/nvme3n1p1: 1504637272064
none: 2158592

1745384761
/dev/nvme3n1p1: 1504696172544
none: 1601536

1745384762
/dev/nvme3n1p1: 1504739405824
none: 389120

1745384763
/dev/nvme3n1p1: 1504764399616
none: 606208

1745384764
/dev/nvme3n1p1: 1504808611840
none: 4096

1745384765
/dev/nvme3n1p1: 1504892637184
none: 4096

1745384766
/dev/nvme3n1p1: 1504923533312
none: 4096

1745384767
/dev/nvme3n1p1: 1505129230336
none: 4096

1745384768
/dev/nvme3n1p1: 1505190494208
none: 4096

1745384769
/dev/nvme3n1p1: 1505476448256
none: 4096

1745384770
/dev/nvme3n1p1: 1505681080320
none: 8192

1745384771
/dev/nvme3n1p1: 1505734139904
none: 4096

1745384772
/dev/nvme3n1p1: 1505985384448
none: 4096

1745384773
/dev/nvme3n1p1: 1506186260480
none: 8192

1745384775
/dev/nvme3n1p1: 1506307088384
none: 4096

1745384776
/dev/nvme3n1p1: 1506341851136
none: 98304

1745384777
/dev/nvme3n1p1: 1506424160256
none: 16384

1745384779
/dev/nvme3n1p1: 1506635554816
none: 4096

1745384780
/dev/nvme3n1p1: 1506691211264
none: 4096

1745384781
/dev/nvme3n1p1: 1507229372416
none: 4096

1745384783
/dev/nvme3n1p1: 1507498409984
none: 835584

1745384784
/dev/nvme3n1p1: 1507623821312
none: 8192

1745384785
/dev/nvme3n1p1: 1507789836288
none: 4096

1745384786
/dev/nvme3n1p1: 1507980533760
none: 4096

1745384787
/dev/nvme3n1p1: 1508018671616
none: 4096

1745384788
/dev/nvme3n1p1: 1508200615936
none: 4096

1745384789
/dev/nvme3n1p1: 1508362076160
none: 36864

1745384790
/dev/nvme3n1p1: 1508452478976
none: 970752

1745384791
/dev/nvme3n1p1: 1508570001408
none: 307200

1745384792
/dev/nvme3n1p1: 1508621340672
none: 2719744

1745384793
/dev/nvme3n1p1: 1508786020352
none: 1581056

1745384794
/dev/nvme3n1p1: 1509026406400
none: 528384

1745384795
/dev/nvme3n1p1: 1509135273984
none: 2060288

1745384797
/dev/nvme3n1p1: 1509410816000
none: 913408

1745384798
/dev/nvme3n1p1: 1509574021120
none: 4096

1745384799
/dev/nvme3n1p1: 1509615013888
none: 4096

1745384800
/dev/nvme3n1p1: 1510097293312
none: 8192

1745384801
/dev/nvme3n1p1: 1510538891264
none: 4096

1745384802
/dev/nvme3n1p1: 1511617327104
none: 4096

1745384803
/dev/nvme3n1p1: 1512061046784
none: 4096

1745384804
/dev/nvme3n1p1: 1512125677568
none: 4096

1745384805
/dev/nvme3n1p1: 1512159838208
none: 4096

1745384806
/dev/nvme3n1p1: 1512172617728
none: 8192

1745384807
/dev/nvme3n1p1: 1512259186688
none: 4096

1745384808
/dev/nvme3n1p1: 1512260485120
none: 4096

1745384809
/dev/nvme3n1p1: 1512316964864
none: 8192

1745384810
/dev/nvme3n1p1: 1512484847616
none: 4096

1745384811
/dev/nvme3n1p1: 1512560164864
none: 4096

1745384812
/dev/nvme3n1p1: 1512800264192
none: 4096

1745384813
/dev/nvme3n1p1: 1512944648192
none: 4096

1745384814
/dev/nvme3n1p1: 1513142620160
none: 8192

1745384815
/dev/nvme3n1p1: 1513261568000
none: 4096

1745384816
/dev/nvme3n1p1: 1513312423936
none: 4096

1745384817
/dev/nvme3n1p1: 1513478893568
none: 8192

1745384818
/dev/nvme3n1p1: 1513644085248
none: 4096

1745384819
/dev/nvme3n1p1: 1513759588352
none: 4096

1745384820
/dev/nvme3n1p1: 1513970688000
none: 8192

1745384821
/dev/nvme3n1p1: 1514098929664
none: 4096

1745384822
/dev/nvme3n1p1: 1514425896960
none: 8192

1745384823
/dev/nvme3n1p1: 1514567426048
none: 8192

1745384824
/dev/nvme3n1p1: 1515085176832
none: 8192

1745384825
/dev/nvme3n1p1: 1515129278464
none: 8192

1745384826
/dev/nvme3n1p1: 1515352915968
none: 4096

1745384827
/dev/nvme3n1p1: 1515411464192
none: 4096

1745384828
/dev/nvme3n1p1: 1515441033216
none: 8192

1745384829
/dev/nvme3n1p1: 1515529883648
none: 12288

1745384830
/dev/nvme3n1p1: 1515606908928
none: 8192

1745384831
/dev/nvme3n1p1: 1516509278208
none: 4096

1745384832
/dev/nvme3n1p1: 1516761608192
none: 4096

1745384833
/dev/nvme3n1p1: 1516918034432
none: 4096

1745384834
/dev/nvme3n1p1: 1517234782208
none: 8192

1745384835
/dev/nvme3n1p1: 1517487738880
none: 8192

1745384836
/dev/nvme3n1p1: 1517671006208
none: 8192

1745384837
/dev/nvme3n1p1: 1517770317824
none: 4096

1745384838
/dev/nvme3n1p1: 1517772763136
none: 4096

1745384839
/dev/nvme3n1p1: 1518019584000
none: 4096

1745384840
/dev/nvme3n1p1: 1518446813184
none: 4096

1745384841
/dev/nvme3n1p1: 1518751789056
none: 4096

1745384842
/dev/nvme3n1p1: 1519002411008
none: 4096

1745384843
/dev/nvme3n1p1: 1519214374912
none: 4096

1745384844
/dev/nvme3n1p1: 1519216812032
none: 4096

1745384845
/dev/nvme3n1p1: 1519217188864
none: 4096

1745384846
/dev/nvme3n1p1: 1519272112128
none: 4096

1745384847
/dev/nvme3n1p1: 1519335247872
none: 4096

1745384848
/dev/nvme3n1p1: 1519342166016
none: 4096

1745384849
/dev/nvme3n1p1: 1519343943680
none: 4096

1745384850
/dev/nvme3n1p1: 1519345156096
none: 4096

1745384851
/dev/nvme3n1p1: 1519346704384
none: 4096

1745384852
/dev/nvme3n1p1: 1519355109376
none: 4096

1745384853
/dev/nvme3n1p1: 1519358029824
none: 4096

1745384854
/dev/nvme3n1p1: 1519358947328
none: 4096

1745384855
/dev/nvme3n1p1: 1519386796032
none: 4096

1745384856
/dev/nvme3n1p1: 1519507939328
none: 4096

1745384857
/dev/nvme3n1p1: 1519559688192
none: 4096

1745384858
/dev/nvme3n1p1: 1519233306624
none: 4096

1745384860
/dev/nvme3n1p1: 1519033053184
none: 4096

1745384861
/dev/nvme3n1p1: 1519042203648
none: 4096

1745384863
/dev/nvme3n1p1: 1519054614528
none: 4096

1745384864
/dev/nvme3n1p1: 1519064530944
none: 4096

1745384866
/dev/nvme3n1p1: 1519076704256
none: 4096

1745384867
/dev/nvme3n1p1: 1519097544704
none: 4096

1745384868
/dev/nvme3n1p1: 1519116988416
none: 4096

1745384869
/dev/nvme3n1p1: 1519121690624
none: 4096

1745384870
/dev/nvme3n1p1: 1519136727040
none: 4096

1745384871
/dev/nvme3n1p1: 1519160541184
none: 4096

1745384872
/dev/nvme3n1p1: 1519168221184
none: 4096

1745384873
/dev/nvme3n1p1: 1519181819904
none: 4096

1745384875
/dev/nvme3n1p1: 1519193120768
none: 4096

1745384876
/dev/nvme3n1p1: 1519210872832
none: 4096

1745384877
/dev/nvme3n1p1: 1519240572928
none: 4096

1745384878
/dev/nvme3n1p1: 1519265878016
none: 4096

1745384879
/dev/nvme3n1p1: 1519310385152
none: 4096

1745384880
/dev/nvme3n1p1: 1519333728256
none: 4096

1745384881
/dev/nvme3n1p1: 1519338254336
none: 4096

1745384882
/dev/nvme3n1p1: 1519303794688
none: 4096

1745384883
/dev/nvme3n1p1: 1519329382400
none: 4096

1745384884
/dev/nvme3n1p1: 1519343489024
none: 4096

1745384885
/dev/nvme3n1p1: 1519409647616
none: 4096

1745384886
/dev/nvme3n1p1: 1519435689984
none: 4096

1745384887
/dev/nvme3n1p1: 1519472541696
none: 4096

1745384888
/dev/nvme3n1p1: 1519493066752
none: 4096

1745384889
/dev/nvme3n1p1: 1519526465536
none: 4096

1745384890
/dev/nvme3n1p1: 1519572410368
none: 4096

1745384892
/dev/nvme3n1p1: 1519637233664
none: 4096

1745384894
/dev/nvme3n1p1: 1519664988160
none: 4096

1745384895
/dev/nvme3n1p1: 1519554830336
none: 4096

1745384896
/dev/nvme3n1p1: 1519556169728
none: 4096

1745384897
/dev/nvme3n1p1: 1519606865920
none: 4096

1745384898
/dev/nvme3n1p1: 1519649665024
none: 4096

1745384899
/dev/nvme3n1p1: 1519708991488
none: 4096

1745384900
/dev/nvme3n1p1: 1519783350272
none: 4096

1745384902
/dev/nvme3n1p1: 1519877193728
none: 4096

1745384903
/dev/nvme3n1p1: 1520217296896
none: 4096

1745384904
/dev/nvme3n1p1: 1520520724480
none: 684032

1745384905
/dev/nvme3n1p1: 1520217387008
none: 479232

1745384906
/dev/nvme3n1p1: 1520221966336
none: 303104

1745384907
/dev/nvme3n1p1: 1520236027904
none: 438272

1745384909
/dev/nvme3n1p1: 1520232321024
none: 4096

1745384910
/dev/nvme3n1p1: 1519487938560
none: 4096

1745384911
/dev/nvme3n1p1: 1518936215552
none: 4096

1745384912
/dev/nvme3n1p1: 1518938443776
none: 4096

1745384913
/dev/nvme3n1p1: 1518941245440
none: 4096

1745384914
/dev/nvme3n1p1: 1518942076928
none: 4096

1745384915
/dev/nvme3n1p1: 1518943784960
none: 4096

1745384916
/dev/nvme3n1p1: 1518946111488
none: 4096

1745384917
/dev/nvme3n1p1: 1518949154816
none: 4096

1745384918
/dev/nvme3n1p1: 1518956003328
none: 4096

1745384919
/dev/nvme3n1p1: 1518958444544
none: 4096

1745384920
/dev/nvme3n1p1: 1518956298240
none: 4096

1745384922
/dev/nvme3n1p1: 1518953275392
none: 4096

1745384923
/dev/nvme3n1p1: 1518956290048
none: 4096

1745384924
/dev/nvme3n1p1: 1518960332800
none: 8192

1745384925
/dev/nvme3n1p1: 1518961299456
none: 8192

1745384926
/dev/nvme3n1p1: 1518962651136
none: 8192

1745384927
/dev/nvme3n1p1: 1518965334016
none: 4096

1745384929
/dev/nvme3n1p1: 1518967918592
none: 8192

1745384930
/dev/nvme3n1p1: 1518968557568
none: 4096

1745384931
/dev/nvme3n1p1: 1518964338688
none: 8192

1745384932
/dev/nvme3n1p1: 1518974156800
none: 8192

1745384933
/dev/nvme3n1p1: 1518975410176
none: 8192

1745384934
/dev/nvme3n1p1: 1518977683456
none: 4096

1745384935
/dev/nvme3n1p1: 1518980308992
none: 4096

1745384936
/dev/nvme3n1p1: 1518981074944
none: 4096

1745384937
/dev/nvme3n1p1: 1518983335936
none: 8192

1745384938
/dev/nvme3n1p1: 1518985617408
none: 4096

1745384939
/dev/nvme3n1p1: 1518987591680
none: 4096

1745384940
/dev/nvme3n1p1: 1518988750848
none: 8192

1745384941
/dev/nvme3n1p1: 1518990598144
none: 12288

1745384942
/dev/nvme3n1p1: 1519002431488
none: 4096

1745384943
/dev/nvme3n1p1: 1519006076928
none: 8192

1745384944
/dev/nvme3n1p1: 1519006769152
none: 4096

1745384945
/dev/nvme3n1p1: 1519007367168
none: 8192

1745384946
/dev/nvme3n1p1: 1519009189888
none: 4096

1745384947
/dev/nvme3n1p1: 1519010242560
none: 4096

1745384948
/dev/nvme3n1p1: 1519011123200
none: 8192

1745384949
/dev/nvme3n1p1: 1519011454976
none: 4096

1745384950
/dev/nvme3n1p1: 1519012167680
none: 8192

1745384951
/dev/nvme3n1p1: 1519012818944
none: 8192

1745384953
/dev/nvme3n1p1: 1519015366656
none: 8192

1745384954
/dev/nvme3n1p1: 1519017029632
none: 4096

1745384955
/dev/nvme3n1p1: 1519024766976
none: 4096

1745384956
/dev/nvme3n1p1: 1519025836032
none: 4096

1745384957
/dev/nvme3n1p1: 1519028662272
none: 8192

1745384958
/dev/nvme3n1p1: 1519029686272
none: 8192

1745384959
/dev/nvme3n1p1: 1519030771712
none: 4096

1745384960
/dev/nvme3n1p1: 1519031611392
none: 4096

1745384962
/dev/nvme3n1p1: 1519033991168
none: 8192

1745384963
/dev/nvme3n1p1: 1519047577600
none: 12288

1745384964
/dev/nvme3n1p1: 1519057874944
none: 4096

1745384965
/dev/nvme3n1p1: 1519059005440
none: 4096

1745384966
/dev/nvme3n1p1: 1519059877888
none: 4096

1745384967
/dev/nvme3n1p1: 1519060402176
none: 4096

1745384968
/dev/nvme3n1p1: 1519061495808
none: 4096

1745384969
/dev/nvme3n1p1: 1519062908928
none: 4096

1745384970
/dev/nvme3n1p1: 1519065415680
none: 4096

1745384972
/dev/nvme3n1p1: 1519076761600
none: 8192

1745384973
/dev/nvme3n1p1: 1519077376000
none: 4096

1745384974
/dev/nvme3n1p1: 1519078486016
none: 4096

1745384975
/dev/nvme3n1p1: 1519079415808
none: 4096

1745384976
/dev/nvme3n1p1: 1519080108032
none: 8192

1745384977
/dev/nvme3n1p1: 1519081046016
none: 4096

1745384978
/dev/nvme3n1p1: 1519082196992
none: 4096

1745384979
/dev/nvme3n1p1: 1519083192320
none: 4096

1745384980
/dev/nvme3n1p1: 1519083831296
none: 4096

1745384981
/dev/nvme3n1p1: 1519084908544
none: 4096

1745384982
/dev/nvme3n1p1: 1519087325184
none: 4096

1745384983
/dev/nvme3n1p1: 1519088414720
none: 4096

1745384984
/dev/nvme3n1p1: 1519089696768
none: 4096

1745384985
/dev/nvme3n1p1: 1519095599104
none: 4096

1745384986
/dev/nvme3n1p1: 1519096516608
none: 4096

1745384988
/dev/nvme3n1p1: 1519098654720
none: 4096

1745384989
/dev/nvme3n1p1: 1519099912192
none: 4096

1745384990
/dev/nvme3n1p1: 1519102992384
none: 4096

1745384991
/dev/nvme3n1p1: 1519109820416
none: 4096

1745384992
/dev/nvme3n1p1: 1519123623936
none: 4096

1745384993
/dev/nvme3n1p1: 1519148593152
none: 4096

1745384995
/dev/nvme3n1p1: 1519181934592
none: 4096

1745384996
/dev/nvme3n1p1: 1519186886656
none: 4096

1745384997
/dev/nvme3n1p1: 1519192203264
none: 4096

1745384998
/dev/nvme3n1p1: 1519212818432
none: 4096

1745384999
/dev/nvme3n1p1: 1519214010368
none: 4096

1745385000
/dev/nvme3n1p1: 1519217205248
none: 4096

1745385001
/dev/nvme3n1p1: 1519228080128
none: 4096

1745385003
/dev/nvme3n1p1: 1519230320640
none: 4096

1745385004
/dev/nvme3n1p1: 1519237574656
none: 4096

1745385005
/dev/nvme3n1p1: 1519254532096
none: 4096

1745385006
/dev/nvme3n1p1: 1519261437952
none: 4096

1745385007
/dev/nvme3n1p1: 1519270096896
none: 4096

1745385008
/dev/nvme3n1p1: 1519274815488
none: 4096

1745385010
/dev/nvme3n1p1: 1519295836160
none: 4096

1745385011
/dev/nvme3n1p1: 1519331516416
none: 4096

1745385012
/dev/nvme3n1p1: 1519333044224
none: 4096

1745385013
/dev/nvme3n1p1: 1519335104512
none: 4096

1745385014
/dev/nvme3n1p1: 1519337865216
none: 4096

1745385015
/dev/nvme3n1p1: 1519346442240
none: 4096

1745385016
/dev/nvme3n1p1: 1519348092928
none: 4096

1745385018
/dev/nvme3n1p1: 1519350956032
none: 4096

1745385019
/dev/nvme3n1p1: 1519352340480
none: 4096

1745385020
/dev/nvme3n1p1: 1519355637760
none: 4096

1745385021
/dev/nvme3n1p1: 1519356473344
none: 4096

1745385022
/dev/nvme3n1p1: 1519363915776
none: 4096

1745385023
/dev/nvme3n1p1: 1519366504448
none: 4096

1745385024
/dev/nvme3n1p1: 1519368990720
none: 4096

1745385025
/dev/nvme3n1p1: 1519389933568
none: 4096

1745385026
/dev/nvme3n1p1: 1519392071680
none: 4096

1745385027
/dev/nvme3n1p1: 1519395233792
none: 4096

1745385028
/dev/nvme3n1p1: 1519398789120
none: 4096

1745385029
/dev/nvme3n1p1: 1519400341504
none: 4096

1745385030
/dev/nvme3n1p1: 1519402237952
none: 4096

1745385031
/dev/nvme3n1p1: 1519404347392
none: 4096

1745385032
/dev/nvme3n1p1: 1519405154304
none: 4096

1745385033
/dev/nvme3n1p1: 1519407333376
none: 4096

1745385034
/dev/nvme3n1p1: 1519407972352
none: 4096

1745385035
/dev/nvme3n1p1: 1519408865280
none: 4096

1745385036
/dev/nvme3n1p1: 1519411150848
none: 4096

1745385037
/dev/nvme3n1p1: 1519412953088
none: 4096

1745385038
/dev/nvme3n1p1: 1519413522432
none: 4096

1745385039
/dev/nvme3n1p1: 1519415001088
none: 4096

1745385040
/dev/nvme3n1p1: 1519416688640
none: 4096

1745385041
/dev/nvme3n1p1: 1519417823232
none: 4096

1745385042
/dev/nvme3n1p1: 1519419764736
none: 4096

1745385043
/dev/nvme3n1p1: 1519420796928
none: 4096

1745385044
/dev/nvme3n1p1: 1519425323008
none: 4096

1745385045
/dev/nvme3n1p1: 1519436783616
none: 4096

1745385046
/dev/nvme3n1p1: 1519440773120
none: 4096

1745385047
/dev/nvme3n1p1: 1519441887232
none: 4096

1745385048
/dev/nvme3n1p1: 1519442669568
none: 4096

1745385049
/dev/nvme3n1p1: 1519444033536
none: 4096

1745385050
/dev/nvme3n1p1: 1519445741568
none: 4096

1745385051
/dev/nvme3n1p1: 1519446507520
none: 4096

1745385052
/dev/nvme3n1p1: 1519446900736
none: 4096

1745385053
/dev/nvme3n1p1: 1519449718784
none: 4096

1745385054
/dev/nvme3n1p1: 1519450882048
none: 4096

1745385055
/dev/nvme3n1p1: 1519451979776
none: 4096

1745385056
/dev/nvme3n1p1: 1519453728768
none: 4096

1745385057
/dev/nvme3n1p1: 1519456174080
none: 4096

1745385058
/dev/nvme3n1p1: 1519458869248
none: 4096

1745385059
/dev/nvme3n1p1: 1519460212736
none: 4096

1745385060
/dev/nvme3n1p1: 1519461814272
none: 4096

1745385061
/dev/nvme3n1p1: 1519462621184
none: 4096

1745385062
/dev/nvme3n1p1: 1519464910848
none: 4096

1745385063
/dev/nvme3n1p1: 1519465852928
none: 4096

1745385064
/dev/nvme3n1p1: 1519469764608
none: 4096

1745385065
/dev/nvme3n1p1: 1519472017408
none: 4096

1745385066
/dev/nvme3n1p1: 1519473217536
none: 4096

1745385067
/dev/nvme3n1p1: 1519474319360
none: 4096

1745385068
/dev/nvme3n1p1: 1519476117504
none: 4096

1745385069
/dev/nvme3n1p1: 1519477997568
none: 4096

1745385070
/dev/nvme3n1p1: 1519479111680
none: 4096

1745385071
/dev/nvme3n1p1: 1519480184832
none: 4096

1745385072
/dev/nvme3n1p1: 1519480848384
none: 4096

1745385073
/dev/nvme3n1p1: 1519481913344
none: 4096

1745385074
/dev/nvme3n1p1: 1519482875904
none: 4096

1745385075
/dev/nvme3n1p1: 1519483883520
none: 4096

1745385076
/dev/nvme3n1p1: 1519490097152
none: 4096

1745385077
/dev/nvme3n1p1: 1519490875392
none: 4096

1745385078
/dev/nvme3n1p1: 1519492317184
none: 4096

1745385079
/dev/nvme3n1p1: 1519494172672
none: 4096

1745385080
/dev/nvme3n1p1: 1519509098496
none: 4096

1745385081
/dev/nvme3n1p1: 1519514808320
none: 4096

1745385082
/dev/nvme3n1p1: 1519522074624
none: 4096

1745385083
/dev/nvme3n1p1: 1519523315712
none: 4096

1745385084
/dev/nvme3n1p1: 1519525023744
none: 4096

1745385085
/dev/nvme3n1p1: 1519527731200
none: 4096

1745385086
/dev/nvme3n1p1: 1519528992768
none: 4096

1745385087
/dev/nvme3n1p1: 1519541800960
none: 4096

1745385088
/dev/nvme3n1p1: 1519550369792
none: 4096

1745385089
/dev/nvme3n1p1: 1519562342400
none: 4096

1745385090
/dev/nvme3n1p1: 1519568289792
none: 4096

1745385091
/dev/nvme3n1p1: 1519585185792
none: 4096

1745385092
/dev/nvme3n1p1: 1519589220352
none: 4096

1745385093
/dev/nvme3n1p1: 1519689560064
none: 4096

1745385094
/dev/nvme3n1p1: 1519692668928
none: 4096

1745385095
/dev/nvme3n1p1: 1519693602816
none: 4096

1745385096
/dev/nvme3n1p1: 1519697293312
none: 4096

1745385097
/dev/nvme3n1p1: 1519698128896
none: 4096

1745385098
/dev/nvme3n1p1: 1519703674880
none: 4096

1745385099
/dev/nvme3n1p1: 1519800627200
none: 4096

1745385100
/dev/nvme3n1p1: 1519861956608
none: 4096

1745385101
/dev/nvme3n1p1: 1519871459328
none: 4096

1745385102
/dev/nvme3n1p1: 1519873232896
none: 4096

1745385103
/dev/nvme3n1p1: 1519891062784
none: 4096

1745385104
/dev/nvme3n1p1: 1519894364160
none: 4096

1745385105
/dev/nvme3n1p1: 1519922286592
none: 4096

1745385106
/dev/nvme3n1p1: 1520029319168
none: 4096

1745385107
/dev/nvme3n1p1: 1520043507712
none: 4096

1745385108
/dev/nvme3n1p1: 1520046039040
none: 4096

1745385110
/dev/nvme3n1p1: 1520049201152
none: 4096

1745385111
/dev/nvme3n1p1: 1520050421760
none: 4096

1745385112
/dev/nvme3n1p1: 1520051363840
none: 4096

1745385113
/dev/nvme3n1p1: 1520069967872
none: 4096

1745385114
/dev/nvme3n1p1: 1520197959680
none: 4096

1745385115
/dev/nvme3n1p1: 1520254550016
none: 4096

1745385116
/dev/nvme3n1p1: 1520366579712
none: 4096

1745385117
/dev/nvme3n1p1: 1520463872000
none: 4096

1745385118
/dev/nvme3n1p1: 1520502816768
none: 4096

1745385119
/dev/nvme3n1p1: 1520530022400
none: 4096

1745385120
/dev/nvme3n1p1: 1520589615104
none: 4096

1745385121
/dev/nvme3n1p1: 1520655601664
none: 4096

1745385122
/dev/nvme3n1p1: 1520699830272
none: 4096

1745385123
/dev/nvme3n1p1: 1520719605760
none: 4096

1745385124
/dev/nvme3n1p1: 1520810627072
none: 4096

1745385125
/dev/nvme3n1p1: 1520880250880
none: 4096

1745385126
/dev/nvme3n1p1: 1520884719616
none: 4096

1745385127
/dev/nvme3n1p1: 1520919588864
none: 4096

1745385128
/dev/nvme3n1p1: 1520928354304
none: 4096

1745385129
/dev/nvme3n1p1: 1520771706880
none: 4096

1745385130
/dev/nvme3n1p1: 1520803790848
none: 4096

1745385131
/dev/nvme3n1p1: 1520832471040
none: 4096

1745385132
/dev/nvme3n1p1: 1520834297856
none: 4096

1745385133
/dev/nvme3n1p1: 1520893218816
none: 4096

1745385134
/dev/nvme3n1p1: 1520922546176
none: 4096

1745385135
/dev/nvme3n1p1: 1520945717248
none: 4096

1745385136
/dev/nvme3n1p1: 1520954830848
none: 4096

1745385137
/dev/nvme3n1p1: 1520963047424
none: 4096

1745385138
/dev/nvme3n1p1: 1520971259904
none: 28672

1745385139
/dev/nvme3n1p1: 1520981708800
none: 81920

1745385140
/dev/nvme3n1p1: 1521020784640
none: 126976

1745385141
/dev/nvme3n1p1: 1521066774528
none: 143360

1745385142
/dev/nvme3n1p1: 1521740312576
none: 143360

1745385143
/dev/nvme3n1p1: 1522248847360
none: 4096

1745385144
/dev/nvme3n1p1: 1522265034752
none: 4096

1745385145
/dev/nvme3n1p1: 1522273124352
none: 4096

1745385146
/dev/nvme3n1p1: 1522436911104
none: 4096

1745385147
/dev/nvme3n1p1: 1522618753024
none: 4096

1745385148
/dev/nvme3n1p1: 1523854053376
none: 4096

1745385149
/dev/nvme3n1p1: 1524191920128
none: 4096

1745385150
/dev/nvme3n1p1: 1524723593216
none: 4096

1745385151
/dev/nvme3n1p1: 1525763784704
none: 4096

1745385152
/dev/nvme3n1p1: 1526315884544
none: 4096

1745385153
/dev/nvme3n1p1: 1526302240768
none: 4096

1745385154
/dev/nvme3n1p1: 1526170165248
none: 4096

1745385155
/dev/nvme3n1p1: 1525588860928
none: 4096

1745385156
/dev/nvme3n1p1: 1525606174720
none: 4096

1745385157
/dev/nvme3n1p1: 1525458440192
none: 4096

1745385158
/dev/nvme3n1p1: 1525595762688
none: 4096

1745385159
/dev/nvme3n1p1: 1526022979584
none: 4096

1745385160
/dev/nvme3n1p1: 1526030495744
none: 4096

1745385161
/dev/nvme3n1p1: 1526064594944
none: 4096

1745385162
/dev/nvme3n1p1: 1526105546752
none: 4096

1745385164
/dev/nvme3n1p1: 1521382137856
none: 188416

1745385165
/dev/nvme3n1p1: 1520248680448
none: 245760

1745385167
/dev/nvme3n1p1: 1519522623488
none: 1261568

1745385168
/dev/nvme3n1p1: 1518646095872
none: 139264

1745385170
/dev/nvme3n1p1: 1517858844672
none: 1085440

1745385172
/dev/nvme3n1p1: 1517888618496
none: 655360

1745385173
/dev/nvme3n1p1: 1517903224832
none: 569344

1745385175
/dev/nvme3n1p1: 1517917802496
none: 4096

1745385176
/dev/nvme3n1p1: 1517933834240
none: 4096

1745385177
/dev/nvme3n1p1: 1517943316480
none: 20480

1745385178
/dev/nvme3n1p1: 1517952491520
none: 8192

1745385179
/dev/nvme3n1p1: 1517949730816
none: 1064960

1745385180
/dev/nvme3n1p1: 1517977645056
none: 1728512

1745385182
/dev/nvme3n1p1: 1518030426112
none: 667648

1745385183
/dev/nvme3n1p1: 1518052724736
none: 667648

1745385184
/dev/nvme3n1p1: 1518069641216
none: 1052672

1745385185
/dev/nvme3n1p1: 1518078676992
none: 4096

1745385186
/dev/nvme3n1p1: 1518090964992
none: 8192

1745385187
/dev/nvme3n1p1: 1518087663616
none: 602112

1745385188
/dev/nvme3n1p1: 1518096814080
none: 8192

1745385189
/dev/nvme3n1p1: 1518115479552
none: 16384

1745385191
/dev/nvme3n1p1: 1518108446720
none: 57344

1745385192
/dev/nvme3n1p1: 1518116634624
none: 4096

1745385193
/dev/nvme3n1p1: 1518126927872
none: 790528

1745385195
/dev/nvme3n1p1: 1518154481664
none: 8192

1745385196
/dev/nvme3n1p1: 1518148116480
none: 4096

1745385197
/dev/nvme3n1p1: 1518068523008
none: 4096

1745385198
/dev/nvme3n1p1: 1518075850752
none: 4096

1745385199
/dev/nvme3n1p1: 1518088998912
none: 102400

1745385200
/dev/nvme3n1p1: 1518103973888
none: 8192

1745385201
/dev/nvme3n1p1: 1518116618240
none: 8192

1745385202
/dev/nvme3n1p1: 1518128222208
none: 12288

1745385203
/dev/nvme3n1p1: 1518148419584
none: 8192

1745385204
/dev/nvme3n1p1: 1518151651328
none: 4096

1745385205
/dev/nvme3n1p1: 1518162018304
none: 12288

1745385206
/dev/nvme3n1p1: 1518167937024
none: 4096

1745385207
/dev/nvme3n1p1: 1518185951232
none: 1069056

1745385208
/dev/nvme3n1p1: 1518195482624
none: 442368

1745385210
/dev/nvme3n1p1: 1518185963520
none: 4096

1745385211
/dev/nvme3n1p1: 1518199947264
none: 65536

1745385212
/dev/nvme3n1p1: 1518218235904
none: 729088

1745385213
/dev/nvme3n1p1: 1518233747456
none: 4096

1745385214
/dev/nvme3n1p1: 1518247550976
none: 8192

1745385216
/dev/nvme3n1p1: 1518158721024
none: 4096

1745385217
/dev/nvme3n1p1: 1518236782592
none: 4096

1745385219
/dev/nvme3n1p1: 1519068553216
none: 45056

1745385220
/dev/nvme3n1p1: 1519837601792
none: 4096

1745385222
/dev/nvme3n1p1: 1519680225280
none: 507904

1745385223
/dev/nvme3n1p1: 1519187230720
none: 131072

1745385225
/dev/nvme3n1p1: 1518978338816
none: 1024000

1745385226
/dev/nvme3n1p1: 1518995107840
none: 2154496

1745385227
/dev/nvme3n1p1: 1519016685568
none: 61440

1745385228
/dev/nvme3n1p1: 1519033466880
none: 405504

1745385229
/dev/nvme3n1p1: 1519049490432
none: 8192

1745385230
/dev/nvme3n1p1: 1519089975296
none: 4096

1745385231
/dev/nvme3n1p1: 1519098609664
none: 65536

1745385232
/dev/nvme3n1p1: 1519103045632
none: 69632

1745385233
/dev/nvme3n1p1: 1519112470528
none: 2547712

1745385234
/dev/nvme3n1p1: 1519086252032
none: 8192

1745385235
/dev/nvme3n1p1: 1519006593024
none: 12288

1745385237
/dev/nvme3n1p1: 1519030149120
none: 8192

1745385238
/dev/nvme3n1p1: 1519043248128
none: 196608

1745385239
/dev/nvme3n1p1: 1519049461760
none: 16384

1745385240
/dev/nvme3n1p1: 1519057907712
none: 1089536

1745385241
/dev/nvme3n1p1: 1519070453760
none: 2572288

1745385242
/dev/nvme3n1p1: 1519082217472
none: 753664

1745385243
/dev/nvme3n1p1: 1519349305344
none: 1232896

1745385244
/dev/nvme3n1p1: 1519635599360
none: 4096

1745385245
/dev/nvme3n1p1: 1519646486528
none: 8192

1745385246
/dev/nvme3n1p1: 1519676624896
none: 8192

1745385247
/dev/nvme3n1p1: 1519694200832
none: 4096

1745385248
/dev/nvme3n1p1: 1519714746368
none: 634880

1745385250
/dev/nvme3n1p1: 1519732686848
none: 8192

1745385251
/dev/nvme3n1p1: 1519721775104
none: 8192

1745385252
/dev/nvme3n1p1: 1519727120384
none: 454656

1745385253
/dev/nvme3n1p1: 1519741865984
none: 712704

1745385255
/dev/nvme3n1p1: 1519798841344
none: 2543616

1745385256
/dev/nvme3n1p1: 1519814742016
none: 1073152

1745385257
/dev/nvme3n1p1: 1519806382080
none: 270336

1745385258
/dev/nvme3n1p1: 1519691649024
none: 4096

1745385260
/dev/nvme3n1p1: 1519733948416
none: 176128

1745385261
/dev/nvme3n1p1: 1519731875840
none: 1794048

1745385262
/dev/nvme3n1p1: 1519754170368
none: 16384

1745385263
/dev/nvme3n1p1: 1519758675968
none: 1601536

1745385264
/dev/nvme3n1p1: 1519782916096
none: 1593344

1745385265
/dev/nvme3n1p1: 1519796883456
none: 1585152

1745385266
/dev/nvme3n1p1: 1519794282496
none: 569344

1745385267
/dev/nvme3n1p1: 1519796994048
none: 1908736

1745385268
/dev/nvme3n1p1: 1519807004672
none: 1060864

1745385269
/dev/nvme3n1p1: 1519810461696
none: 12288

1745385270
/dev/nvme3n1p1: 1519815213056
none: 16384

1745385271
/dev/nvme3n1p1: 1519763030016
none: 24576

1745385272
/dev/nvme3n1p1: 1519796613120
none: 12288

1745385273
/dev/nvme3n1p1: 1519802118144
none: 8192

1745385274
/dev/nvme3n1p1: 1519814156288
none: 24576

1745385275
/dev/nvme3n1p1: 1519816491008
none: 8192

1745385277
/dev/nvme3n1p1: 1519839092736
none: 98304

1745385279
/dev/nvme3n1p1: 1519845515264
none: 28672

1745385280
/dev/nvme3n1p1: 1519835181056
none: 20480

1745385281
/dev/nvme3n1p1: 1519844323328
none: 16384

1745385282
/dev/nvme3n1p1: 1519854706688
none: 16384

1745385283
/dev/nvme3n1p1: 1519859482624
none: 20480

1745385284
/dev/nvme3n1p1: 1519828647936
none: 16384

1745385286
/dev/nvme3n1p1: 1519860191232
none: 155648

1745385287
/dev/nvme3n1p1: 1519856693248
none: 176128

1745385288
/dev/nvme3n1p1: 1519863463936
none: 28672

1745385289
/dev/nvme3n1p1: 1519824449536
none: 4198400

1745385290
/dev/nvme3n1p1: 1519837573120
none: 69632

1745385291
/dev/nvme3n1p1: 1519841964032
none: 12288

1745385293
/dev/nvme3n1p1: 1519853961216
none: 483328

1745385294
/dev/nvme3n1p1: 1519829913600
none: 8192

1745385296
/dev/nvme3n1p1: 1519842738176
none: 8192

1745385298
/dev/nvme3n1p1: 1519835865088
none: 413696

1745385299
/dev/nvme3n1p1: 1519839436800
none: 262144

1745385300
/dev/nvme3n1p1: 1519844057088
none: 8638464

1745385301
/dev/nvme3n1p1: 1519852883968
none: 7376896

1745385302
/dev/nvme3n1p1: 1519865593856
none: 663552

1745385303
/dev/nvme3n1p1: 1519875510272
none: 4096

1745385304
/dev/nvme3n1p1: 1519881330688
none: 1036288

1745385306
/dev/nvme3n1p1: 1519893544960
none: 913408

1745385307
/dev/nvme3n1p1: 1519887679488
none: 8192

1745385308
/dev/nvme3n1p1: 1519896182784
none: 8192

1745385309
/dev/nvme3n1p1: 1519914135552
none: 438272

1745385310
/dev/nvme3n1p1: 1519936073728
none: 12288

1745385311
/dev/nvme3n1p1: 1519951118336
none: 8192

1745385312
/dev/nvme3n1p1: 1519971176448
none: 8192

1745385313
/dev/nvme3n1p1: 1519978246144
none: 4096

1745385314
/dev/nvme3n1p1: 1520019542016
none: 4096

1745385316
/dev/nvme3n1p1: 1520028160000
none: 4096

1745385317
/dev/nvme3n1p1: 1520038395904
none: 4096

1745385319
/dev/nvme3n1p1: 1520047329280
none: 12288

1745385320
/dev/nvme3n1p1: 1520068960256
none: 12288

1745385321
/dev/nvme3n1p1: 1520074584064
none: 4096

1745385322
/dev/nvme3n1p1: 1520086392832
none: 12288

1745385324
/dev/nvme3n1p1: 1520105844736
none: 12288

1745385326
/dev/nvme3n1p1: 1520062070784
none: 8192

1745385328
/dev/nvme3n1p1: 1520040337408
none: 4096

1745385329
/dev/nvme3n1p1: 1520054902784
none: 8192

1745385331
/dev/nvme3n1p1: 1520049160192
none: 8192

1745385332
/dev/nvme3n1p1: 1520052506624
none: 471040

1745385333
/dev/nvme3n1p1: 1520058089472
none: 12288

1745385334
/dev/nvme3n1p1: 1520054161408
none: 1802240

1745385335
/dev/nvme3n1p1: 1520070070272
none: 962560

1745385337
/dev/nvme3n1p1: 1520082096128
none: 380928

1745385338
/dev/nvme3n1p1: 1520092557312
none: 1052672

1745385339
/dev/nvme3n1p1: 1520093978624
none: 8192

1745385340
/dev/nvme3n1p1: 1520097218560
none: 212992

1745385341
/dev/nvme3n1p1: 1520103055360
none: 4096

1745385342
/dev/nvme3n1p1: 1520110993408
none: 4096

1745385343
/dev/nvme3n1p1: 1520122777600
none: 901120

1745385344
/dev/nvme3n1p1: 1520131584000
none: 4096

1745385345
/dev/nvme3n1p1: 1520139382784
none: 12288

1745385346
/dev/nvme3n1p1: 1520076931072
none: 4096

1745385347
/dev/nvme3n1p1: 1520083132416
none: 1617920

1745385348
/dev/nvme3n1p1: 1520073453568
none: 2723840

1745385349
/dev/nvme3n1p1: 1520080592896
none: 1208320

1745385350
/dev/nvme3n1p1: 1520087908352
none: 1773568

1745385351
/dev/nvme3n1p1: 1520091181056
none: 2220032

1745385353
/dev/nvme3n1p1: 1520104972288
none: 2695168

1745385354
/dev/nvme3n1p1: 1520106995712
none: 151552

1745385355
/dev/nvme3n1p1: 1520108503040
none: 4096

1745385356
/dev/nvme3n1p1: 1520114634752
none: 77824

1745385357
/dev/nvme3n1p1: 1520119480320
none: 4096

1745385358
/dev/nvme3n1p1: 1520122175488
none: 4096

1745385359
/dev/nvme3n1p1: 1520134946816
none: 4096

1745385360
/dev/nvme3n1p1: 1520139964416
none: 4096

1745385361
/dev/nvme3n1p1: 1520144125952
none: 4096

1745385362
/dev/nvme3n1p1: 1520146788352
none: 4096

1745385363
/dev/nvme3n1p1: 1520149385216
none: 8192

1745385364
/dev/nvme3n1p1: 1520109965312
none: 12288

1745385365
/dev/nvme3n1p1: 1520123568128
none: 4096

1745385366
/dev/nvme3n1p1: 1520127127552
none: 4096

1745385367
/dev/nvme3n1p1: 1520127672320
none: 8192

1745385368
/dev/nvme3n1p1: 1520132919296
none: 4096

1745385369
/dev/nvme3n1p1: 1520140193792
none: 8192

1745385370
/dev/nvme3n1p1: 1520144273408
none: 540672

1745385371
/dev/nvme3n1p1: 1520150822912
none: 8192

1745385372
/dev/nvme3n1p1: 1520156962816
none: 12288

1745385374
/dev/nvme3n1p1: 1520169943040
none: 339968

1745385375
/dev/nvme3n1p1: 1520173232128
none: 4096

1745385376
/dev/nvme3n1p1: 1520175849472
none: 4096

1745385377
/dev/nvme3n1p1: 1520135331840
none: 16384

1745385378
/dev/nvme3n1p1: 1520142843904
none: 4096

1745385379
/dev/nvme3n1p1: 1520144855040
none: 4096

1745385380
/dev/nvme3n1p1: 1520147972096
none: 4096

1745385381
/dev/nvme3n1p1: 1520154750976
none: 442368

1745385382
/dev/nvme3n1p1: 1520158744576
none: 4096

1745385383
/dev/nvme3n1p1: 1520163491840
none: 364544

1745385384
/dev/nvme3n1p1: 1520166232064
none: 4096

1745385385
/dev/nvme3n1p1: 1520169455616
none: 4096

1745385386
/dev/nvme3n1p1: 1520173027328
none: 4096

1745385387
/dev/nvme3n1p1: 1520180465664
none: 4096

1745385388
/dev/nvme3n1p1: 1520184168448
none: 8192

1745385389
/dev/nvme3n1p1: 1520187609088
none: 4096

1745385390
/dev/nvme3n1p1: 1520183103488
none: 4096

1745385391
/dev/nvme3n1p1: 1520182730752
none: 4096

1745385392
/dev/nvme3n1p1: 1520191135744
none: 4096

1745385393
/dev/nvme3n1p1: 1520193830912
none: 4096

1745385394
/dev/nvme3n1p1: 1520199438336
none: 4096

1745385395
/dev/nvme3n1p1: 1520205144064
none: 4096

1745385396
/dev/nvme3n1p1: 1520209461248
none: 1024000

1745385397
/dev/nvme3n1p1: 1520214310912
none: 4096

1745385398
/dev/nvme3n1p1: 1520218853376
none: 671744

1745385399
/dev/nvme3n1p1: 1520222519296
none: 270336

1745385400
/dev/nvme3n1p1: 1520229666816
none: 122880

1745385402
/dev/nvme3n1p1: 1520235978752
none: 4096

1745385403
/dev/nvme3n1p1: 1520243167232
none: 4096

1745385404
/dev/nvme3n1p1: 1520244158464
none: 4096

1745385405
/dev/nvme3n1p1: 1520254214144
none: 4096

1745385406
/dev/nvme3n1p1: 1520260034560
none: 4096

1745385407
/dev/nvme3n1p1: 1520266100736
none: 8192

1745385408
/dev/nvme3n1p1: 1520270041088
none: 12288

1745385409
/dev/nvme3n1p1: 1520274272256
none: 20480

1745385410
/dev/nvme3n1p1: 1520283004928
none: 4096

1745385411
/dev/nvme3n1p1: 1520286232576
none: 4096

1745385412
/dev/nvme3n1p1: 1520288874496
none: 16384

1745385413
/dev/nvme3n1p1: 1520293036032
none: 581632

1745385414
/dev/nvme3n1p1: 1520304103424
none: 8192

1745385415
/dev/nvme3n1p1: 1520308568064
none: 167936

1745385416
/dev/nvme3n1p1: 1520311734272
none: 4096

1745385417
/dev/nvme3n1p1: 1520316653568
none: 712704

1745385418
/dev/nvme3n1p1: 1520322400256
none: 110592

1745385419
/dev/nvme3n1p1: 1520327458816
none: 262144

1745385420
/dev/nvme3n1p1: 1520334745600
none: 442368

1745385421
/dev/nvme3n1p1: 1520340598784
none: 4096

1745385422
/dev/nvme3n1p1: 1520344985600
none: 4096

1745385423
/dev/nvme3n1p1: 1520350113792
none: 4096

1745385424
/dev/nvme3n1p1: 1520358326272
none: 8192

1745385425
/dev/nvme3n1p1: 1520368881664
none: 4096

1745385426
/dev/nvme3n1p1: 1520380932096
none: 8192

1745385427
/dev/nvme3n1p1: 1520381370368
none: 4096

1745385428
/dev/nvme3n1p1: 1520385515520
none: 4096

1745385429
/dev/nvme3n1p1: 1520392024064
none: 4096

1745385430
/dev/nvme3n1p1: 1520396046336
none: 4096

1745385431
/dev/nvme3n1p1: 1520398749696
none: 4096

1745385432
/dev/nvme3n1p1: 1520350199808
none: 4096

1745385433
/dev/nvme3n1p1: 1520355696640
none: 4096

1745385434
/dev/nvme3n1p1: 1520360513536
none: 4096

1745385435
/dev/nvme3n1p1: 1520372019200
none: 4096

1745385436
/dev/nvme3n1p1: 1520445554688
none: 4096

1745385437
/dev/nvme3n1p1: 1520516624384
none: 4096

1745385438
/dev/nvme3n1p1: 1520521052160
none: 4096

1745385439
/dev/nvme3n1p1: 1520527261696
none: 4096

1745385440
/dev/nvme3n1p1: 1520535162880
none: 507904

1745385441
/dev/nvme3n1p1: 1520541569024
none: 4096

1745385442
/dev/nvme3n1p1: 1520549953536
none: 151552

1745385443
/dev/nvme3n1p1: 1520567808000
none: 12288

1745385444
/dev/nvme3n1p1: 1520574943232
none: 8192

1745385445
/dev/nvme3n1p1: 1520640397312
none: 4096

1745385446
/dev/nvme3n1p1: 1520646402048
none: 4096

1745385447
/dev/nvme3n1p1: 1520657674240
none: 4096

1745385448
/dev/nvme3n1p1: 1520661151744
none: 8192

1745385449
/dev/nvme3n1p1: 1520667353088
none: 4096

1745385450
/dev/nvme3n1p1: 1520653004800
none: 4096

1745385451
/dev/nvme3n1p1: 1520706236416
none: 4096

1745385452
/dev/nvme3n1p1: 1520709058560
none: 4096

1745385453
/dev/nvme3n1p1: 1520718475264
none: 4096

1745385454
/dev/nvme3n1p1: 1520728485888
none: 4096

1745385455
/dev/nvme3n1p1: 1520733913088
none: 4096

1745385456
/dev/nvme3n1p1: 1520738750464
none: 8192

1745385457
/dev/nvme3n1p1: 1520745062400
none: 4096

1745385458
/dev/nvme3n1p1: 1520755306496
none: 401408

1745385459
/dev/nvme3n1p1: 1520762527744
none: 4096

1745385460
/dev/nvme3n1p1: 1520764391424
none: 8192

1745385461
/dev/nvme3n1p1: 1520766205952
none: 4096

1745385462
/dev/nvme3n1p1: 1520775188480
none: 4096

1745385463
/dev/nvme3n1p1: 1520792473600
none: 106496

1745385464
/dev/nvme3n1p1: 1520793731072
none: 4096

1745385465
/dev/nvme3n1p1: 1520803074048
none: 4096

1745385466
/dev/nvme3n1p1: 1520806338560
none: 4096

1745385467
/dev/nvme3n1p1: 1520813391872
none: 679936

1745385468
/dev/nvme3n1p1: 1520774066176
none: 4096

1745385469
/dev/nvme3n1p1: 1520778719232
none: 4096

1745385471
/dev/nvme3n1p1: 1520789217280
none: 8192

1745385472
/dev/nvme3n1p1: 1520792653824
none: 4096

1745385473
/dev/nvme3n1p1: 1520797470720
none: 4096

1745385474
/dev/nvme3n1p1: 1520803418112
none: 8192

1745385475
/dev/nvme3n1p1: 1520807399424
none: 4096

1745385476
/dev/nvme3n1p1: 1520809549824
none: 4096

1745385477
/dev/nvme3n1p1: 1520815538176
none: 4096

1745385478
/dev/nvme3n1p1: 1520820449280
none: 4096

1745385479
/dev/nvme3n1p1: 1520825860096
none: 4096

1745385480
/dev/nvme3n1p1: 1520830152704
none: 4096

1745385481
/dev/nvme3n1p1: 1520833921024
none: 98304

1745385482
/dev/nvme3n1p1: 1520838221824
none: 286720

1745385483
/dev/nvme3n1p1: 1520850419712
none: 4096

1745385484
/dev/nvme3n1p1: 1520853192704
none: 4096

1745385485
/dev/nvme3n1p1: 1520855789568
none: 4096

1745385486
/dev/nvme3n1p1: 1520836575232
none: 126976

1745385487
/dev/nvme3n1p1: 1520846221312
none: 647168

1745385488
/dev/nvme3n1p1: 1520850202624
none: 8192

1745385489
/dev/nvme3n1p1: 1520853139456
none: 4096

1745385490
/dev/nvme3n1p1: 1520856858624
none: 552960

1745385491
/dev/nvme3n1p1: 1520862363648
none: 4096

1745385492
/dev/nvme3n1p1: 1520869335040
none: 4096

1745385493
/dev/nvme3n1p1: 1520873943040
none: 4096

1745385494
/dev/nvme3n1p1: 1520878309376
none: 8192

1745385495
/dev/nvme3n1p1: 1520885227520
none: 90112

1745385496
/dev/nvme3n1p1: 1520887971840
none: 4096

1745385497
/dev/nvme3n1p1: 1520894345216
none: 8192

1745385498
/dev/nvme3n1p1: 1520906993664
none: 4096

1745385499
/dev/nvme3n1p1: 1520916697088
none: 8192

1745385500
/dev/nvme3n1p1: 1520931438592
none: 4096

1745385501
/dev/nvme3n1p1: 1520941596672
none: 8192

1745385502
/dev/nvme3n1p1: 1520962146304
none: 98304

1745385503
/dev/nvme3n1p1: 1520974532608
none: 4096

1745385504
/dev/nvme3n1p1: 1520980226048
none: 4096

1745385505
/dev/nvme3n1p1: 1520985391104
none: 8192

1745385506
/dev/nvme3n1p1: 1520947490816
none: 4096

1745385507
/dev/nvme3n1p1: 1520864317440
none: 4096

1745385508
/dev/nvme3n1p1: 1520874975232
none: 4096

1745385509
/dev/nvme3n1p1: 1520879120384
none: 180224

1745385510
/dev/nvme3n1p1: 1520882814976
none: 290816

1745385511
/dev/nvme3n1p1: 1520875696128
none: 4096

1745385512
/dev/nvme3n1p1: 1520878186496
none: 4096

1745385513
/dev/nvme3n1p1: 1520886190080
none: 4096

1745385514
/dev/nvme3n1p1: 1520888303616
none: 4096

1745385515
/dev/nvme3n1p1: 1520890732544
none: 4096

1745385516
/dev/nvme3n1p1: 1520894955520
none: 8192

1745385517
/dev/nvme3n1p1: 1520899096576
none: 73728

1745385518
/dev/nvme3n1p1: 1520904994816
none: 8192

1745385519
/dev/nvme3n1p1: 1520908918784
none: 4096

1745385520
/dev/nvme3n1p1: 1520913272832
none: 4096

1745385522
/dev/nvme3n1p1: 1520923488256
none: 8192

1745385523
/dev/nvme3n1p1: 1520928940032
none: 4096

1745385524
/dev/nvme3n1p1: 1520922845184
none: 4096

1745385525
/dev/nvme3n1p1: 1520934854656
none: 4096

1745385526
/dev/nvme3n1p1: 1520920399872
none: 4096

1745385527
/dev/nvme3n1p1: 1520927305728
none: 8192

1745385528
/dev/nvme3n1p1: 1520934236160
none: 8192

1745385530
/dev/nvme3n1p1: 1520910778368
none: 8192

1745385532
/dev/nvme3n1p1: 1520915877888
none: 4096

1745385533
/dev/nvme3n1p1: 1520918560768
none: 4096

1745385534
/dev/nvme3n1p1: 1520923570176
none: 4096

1745385535
/dev/nvme3n1p1: 1520934666240
none: 4096

1745385536
/dev/nvme3n1p1: 1520948072448
none: 163840

1745385537
/dev/nvme3n1p1: 1520959488000
none: 8192

1745385538
/dev/nvme3n1p1: 1520972820480
none: 417792

1745385539
/dev/nvme3n1p1: 1520983334912
none: 20480

1745385540
/dev/nvme3n1p1: 1520989532160
none: 8192

1745385541
/dev/nvme3n1p1: 1521001918464
none: 4096

1745385542
/dev/nvme3n1p1: 1521013968896
none: 4096

1745385543
/dev/nvme3n1p1: 1521020014592
none: 4096

1745385545
/dev/nvme3n1p1: 1520997294080
none: 4096

1745385546
/dev/nvme3n1p1: 1521001336832
none: 4096

1745385548
/dev/nvme3n1p1: 1521010364416
none: 8192

1745385549
/dev/nvme3n1p1: 1521015050240
none: 4096

1745385551
/dev/nvme3n1p1: 1521024524288
none: 376832

1745385552
/dev/nvme3n1p1: 1521031331840
none: 847872

1745385553
/dev/nvme3n1p1: 1521036111872
none: 389120

1745385554
/dev/nvme3n1p1: 1521040068608
none: 147456

1745385555
/dev/nvme3n1p1: 1521045639168
none: 4096

1745385556
/dev/nvme3n1p1: 1521052663808
none: 4096

1745385557
/dev/nvme3n1p1: 1521055322112
none: 4096

1745385558
/dev/nvme3n1p1: 1521060782080
none: 4096

1745385559
/dev/nvme3n1p1: 1521067130880
none: 4096

1745385561
/dev/nvme3n1p1: 1521083523072
none: 8192

1745385562
/dev/nvme3n1p1: 1521092734976
none: 245760

1745385563
/dev/nvme3n1p1: 1521108971520
none: 77824

1745385564
/dev/nvme3n1p1: 1521121943552
none: 4096

1745385565
/dev/nvme3n1p1: 1521133465600
none: 8192

1745385566
/dev/nvme3n1p1: 1521140776960
none: 65536

1745385567
/dev/nvme3n1p1: 1521144807424
none: 8192

1745385568
/dev/nvme3n1p1: 1521037410304
none: 4096

1745385569
/dev/nvme3n1p1: 1521006518272
none: 4096

1745385570
/dev/nvme3n1p1: 1521017421824
none: 4096

1745385571
/dev/nvme3n1p1: 1521028583424
none: 4096

1745385572
/dev/nvme3n1p1: 1521031745536
none: 4096

1745385573
/dev/nvme3n1p1: 1521038979072
none: 471040

1745385574
/dev/nvme3n1p1: 1521047220224
none: 1232896

1745385575
/dev/nvme3n1p1: 1521052692480
none: 4096

1745385576
/dev/nvme3n1p1: 1521061740544
none: 4096

1745385577
/dev/nvme3n1p1: 1521067671552
none: 774144

1745385578
/dev/nvme3n1p1: 1521113931776
none: 4096

1745385579
/dev/nvme3n1p1: 1521132285952
none: 401408

1745385580
/dev/nvme3n1p1: 1521165766656
none: 503808

1745385581
/dev/nvme3n1p1: 1521203339264
none: 1548288

1745385582
/dev/nvme3n1p1: 1521205518336
none: 4096

1745385583
/dev/nvme3n1p1: 1521207889920
none: 4096

1745385584
/dev/nvme3n1p1: 1521213050880
none: 1568768

1745385585
/dev/nvme3n1p1: 1521217146880
none: 237568

1745385586
/dev/nvme3n1p1: 1521225396224
none: 983040

1745385587
/dev/nvme3n1p1: 1521217736704
none: 1675264

1745385588
/dev/nvme3n1p1: 1521220849664
none: 634880

1745385589
/dev/nvme3n1p1: 1521224802304
none: 12288

1745385590
/dev/nvme3n1p1: 1521231441920
none: 307200

1745385591
/dev/nvme3n1p1: 1521240186880
none: 1798144

1745385592
/dev/nvme3n1p1: 1521248555008
none: 2945024

1745385593
/dev/nvme3n1p1: 1521254899712
none: 794624

1745385594
/dev/nvme3n1p1: 1521263534080
none: 2166784

1745385595
/dev/nvme3n1p1: 1521269690368
none: 1470464

1745385596
/dev/nvme3n1p1: 1521220775936
none: 2711552

1745385597
/dev/nvme3n1p1: 1521227116544
none: 1945600

1745385598
/dev/nvme3n1p1: 1521235292160
none: 2387968

1745385599
/dev/nvme3n1p1: 1521245929472
none: 1196032

1745385600
/dev/nvme3n1p1: 1521250168832
none: 2207744

1745385601
/dev/nvme3n1p1: 1521252171776
none: 266240

1745385603
/dev/nvme3n1p1: 1521262747648
none: 4096

1745385604
/dev/nvme3n1p1: 1521266454528
none: 335872

1745385605
/dev/nvme3n1p1: 1521271197696
none: 569344

1745385606
/dev/nvme3n1p1: 1521295716352
none: 266240

1745385607
/dev/nvme3n1p1: 1521325043712
none: 331776

1745385608
/dev/nvme3n1p1: 1521330450432
none: 528384

1745385609
/dev/nvme3n1p1: 1521334198272
none: 311296

1745385610
/dev/nvme3n1p1: 1521339740160
none: 12288

1745385611
/dev/nvme3n1p1: 1521343246336
none: 16384

1745385612
/dev/nvme3n1p1: 1521344675840
none: 16384

1745385613
/dev/nvme3n1p1: 1521348304896
none: 8192

1745385614
/dev/nvme3n1p1: 1521351217152
none: 8192

1745385615
/dev/nvme3n1p1: 1521355583488
none: 12288

1745385616
/dev/nvme3n1p1: 1521357606912
none: 12288

1745385617
/dev/nvme3n1p1: 1521371484160
none: 16384

1745385618
/dev/nvme3n1p1: 1521379328000
none: 4096

1745385619
/dev/nvme3n1p1: 1521381470208
none: 16384

1745385621
/dev/nvme3n1p1: 1521388314624
none: 12288

1745385622
/dev/nvme3n1p1: 1521391734784
none: 12288

1745385623
/dev/nvme3n1p1: 1521393750016
none: 4096

1745385624
/dev/nvme3n1p1: 1521397604352
none: 4096

1745385625
/dev/nvme3n1p1: 1521387741184
none: 4096

1745385626
/dev/nvme3n1p1: 1521396445184
none: 12288

1745385627
/dev/nvme3n1p1: 1521387409408
none: 12288

1745385629
/dev/nvme3n1p1: 1521406500864
none: 4096

1745385630
/dev/nvme3n1p1: 1521409294336
none: 12288

1745385631
/dev/nvme3n1p1: 1521406582784
none: 16384

1745385633
/dev/nvme3n1p1: 1521417666560
none: 16384

1745385634
/dev/nvme3n1p1: 1521419034624
none: 16384

1745385635
/dev/nvme3n1p1: 1521426300928
none: 4096

1745385636
/dev/nvme3n1p1: 1521435086848
none: 98304

1745385637
/dev/nvme3n1p1: 1521439162368
none: 4096

1745385638
/dev/nvme3n1p1: 1521442369536
none: 12288

1745385639
/dev/nvme3n1p1: 1521450930176
none: 819200

1745385640
/dev/nvme3n1p1: 1521455247360
none: 12288

1745385641
/dev/nvme3n1p1: 1521458495488
none: 12288

1745385642
/dev/nvme3n1p1: 1521468116992
none: 2232320

1745385643
/dev/nvme3n1p1: 1521477406720
none: 307200

1745385645
/dev/nvme3n1p1: 1521459449856
none: 233472

1745385647
/dev/nvme3n1p1: 1521477455872
none: 364544

1745385648
/dev/nvme3n1p1: 1521481338880
none: 966656

1745385649
/dev/nvme3n1p1: 1521489829888
none: 872448

1745385650
/dev/nvme3n1p1: 1521495363584
none: 147456

1745385651
/dev/nvme3n1p1: 1521500823552
none: 16384

1745385652
/dev/nvme3n1p1: 1521553092608
none: 12288

1745385653
/dev/nvme3n1p1: 1521555714048
none: 409600

1745385654
/dev/nvme3n1p1: 1521565831168
none: 8192

1745385655
/dev/nvme3n1p1: 1521606418432
none: 122880

1745385656
/dev/nvme3n1p1: 1521616101376
none: 708608

1745385658
/dev/nvme3n1p1: 1521643016192
none: 16384

1745385659
/dev/nvme3n1p1: 1521659179008
none: 1495040

1745385660
/dev/nvme3n1p1: 1521669554176
none: 8192

1745385661
/dev/nvme3n1p1: 1521691131904
none: 212992

1745385663
/dev/nvme3n1p1: 1521703337984
none: 4096

1745385664
/dev/nvme3n1p1: 1521709760512
none: 446464

1745385665
/dev/nvme3n1p1: 1521718001664
none: 1081344

1745385666
/dev/nvme3n1p1: 1521721991168
none: 8192

1745385668
/dev/nvme3n1p1: 1521741590528
none: 4096

1745385669
/dev/nvme3n1p1: 1521751461888
none: 4096

1745385671
/dev/nvme3n1p1: 1521769852928
none: 12288

1745385672
/dev/nvme3n1p1: 1521753579520
none: 897024

1745385674
/dev/nvme3n1p1: 1521752342528
none: 241664

1745385675
/dev/nvme3n1p1: 1521759051776
none: 4096

1745385676
/dev/nvme3n1p1: 1521761820672
none: 4096

1745385677
/dev/nvme3n1p1: 1521767518208
none: 274432

1745385678
/dev/nvme3n1p1: 1521777614848
none: 315392

1745385679
/dev/nvme3n1p1: 1521783173120
none: 1495040

1745385680
/dev/nvme3n1p1: 1521790222336
none: 2707456

1745385681
/dev/nvme3n1p1: 1521797001216
none: 331776

1745385682
/dev/nvme3n1p1: 1521803997184
none: 1544192

1745385683
/dev/nvme3n1p1: 1521816956928
none: 1589248

1745385684
/dev/nvme3n1p1: 1521825398784
none: 1589248

1745385685
/dev/nvme3n1p1: 1521832521728
none: 532480

1745385686
/dev/nvme3n1p1: 1521839947776
none: 1904640

1745385687
/dev/nvme3n1p1: 1521846218752
none: 516096

1745385688
/dev/nvme3n1p1: 1521851039744
none: 8192

1745385689
/dev/nvme3n1p1: 1521857253376
none: 4096

1745385690
/dev/nvme3n1p1: 1521865392128
none: 8192

1745385691
/dev/nvme3n1p1: 1521874051072
none: 4096

1745385693
/dev/nvme3n1p1: 1521887449088
none: 61440

1745385694
/dev/nvme3n1p1: 1521881088000
none: 8192

1745385696
/dev/nvme3n1p1: 1521893457920
none: 8192

1745385697
/dev/nvme3n1p1: 1521897000960
none: 4096

1745385698
/dev/nvme3n1p1: 1521890775040
none: 8192

1745385699
/dev/nvme3n1p1: 1521898311680
none: 4096

1745385700
/dev/nvme3n1p1: 1521910587392
none: 573440

1745385701
/dev/nvme3n1p1: 1521918443520
none: 172032

1745385702
/dev/nvme3n1p1: 1521928024064
none: 327680

1745385703
/dev/nvme3n1p1: 1521935314944
none: 249856

1745385704
/dev/nvme3n1p1: 1521944449024
none: 8192

1745385705
/dev/nvme3n1p1: 1521953345536
none: 90112

1745385706
/dev/nvme3n1p1: 1521962020864
none: 4096

1745385707
/dev/nvme3n1p1: 1521968119808
none: 8192

1745385708
/dev/nvme3n1p1: 1521976774656
none: 8192

1745385710
/dev/nvme3n1p1: 1521988853760
none: 8192

1745385711
/dev/nvme3n1p1: 1521993756672
none: 4096

1745385712
/dev/nvme3n1p1: 1521904214016
none: 4096

1745385714
/dev/nvme3n1p1: 1521921155072
none: 4096

1745385715
/dev/nvme3n1p1: 1521929904128
none: 4096

1745385716
/dev/nvme3n1p1: 1521936306176
none: 8192

1745385717
/dev/nvme3n1p1: 1521945911296
none: 8192

1745385719
/dev/nvme3n1p1: 1521851543552
none: 8192

1745385720
/dev/nvme3n1p1: 1521850744832
none: 8192

1745385721
/dev/nvme3n1p1: 1521843322880
none: 4096

1745385722
/dev/nvme3n1p1: 1521907507200
none: 4022272

1745385724
/dev/nvme3n1p1: 1521887174656
none: 430080

1745385725
/dev/nvme3n1p1: 1521898999808
none: 4096

1745385726
/dev/nvme3n1p1: 1521908314112
none: 720896

1745385727
/dev/nvme3n1p1: 1521914376192
none: 1433600

1745385728
/dev/nvme3n1p1: 1521916633088
none: 1036288

1745385729
/dev/nvme3n1p1: 1521922150400
none: 159744

1745385730
/dev/nvme3n1p1: 1521929535488
none: 262144

1745385731
/dev/nvme3n1p1: 1521933295616
none: 4096

1745385732
/dev/nvme3n1p1: 1521937362944
none: 28672

1745385733
/dev/nvme3n1p1: 1521943142400
none: 2265088

1745385734
/dev/nvme3n1p1: 1521941962752
none: 843776

1745385735
/dev/nvme3n1p1: 1521961639936
none: 8192

1745385736
/dev/nvme3n1p1: 1521959280640
none: 1216512

1745385737
/dev/nvme3n1p1: 1521971335168
none: 1163264

1745385738
/dev/nvme3n1p1: 1521983868928
none: 401408

1745385739
/dev/nvme3n1p1: 1521987088384
none: 675840

1745385740
/dev/nvme3n1p1: 1521995886592
none: 4096

1745385741
/dev/nvme3n1p1: 1522004725760
none: 36864

1745385742
/dev/nvme3n1p1: 1522012274688
none: 4096

1745385743
/dev/nvme3n1p1: 1522013073408
none: 4096

1745385744
/dev/nvme3n1p1: 1522015023104
none: 606208

1745385745
/dev/nvme3n1p1: 1522017132544
none: 8192

1745385746
/dev/nvme3n1p1: 1522022375424
none: 4096

1745385747
/dev/nvme3n1p1: 1522025299968
none: 4096

1745385748
/dev/nvme3n1p1: 1522028306432
none: 679936

1745385749
/dev/nvme3n1p1: 1522033999872
none: 319488

1745385750
/dev/nvme3n1p1: 1522040397824
none: 962560

1745385751
/dev/nvme3n1p1: 1522047135744
none: 2449408

1745385752
/dev/nvme3n1p1: 1522056507392
none: 217088

1745385753
/dev/nvme3n1p1: 1522060906496
none: 405504

1745385754
/dev/nvme3n1p1: 1522038083584
none: 368640

1745385755
/dev/nvme3n1p1: 1522043084800
none: 700416

1745385756
/dev/nvme3n1p1: 1522050056192
none: 90112

1745385757
/dev/nvme3n1p1: 1522059456512
none: 2129920

1745385758
/dev/nvme3n1p1: 1522063376384
none: 274432

1745385759
/dev/nvme3n1p1: 1522070241280
none: 1159168

1745385760
/dev/nvme3n1p1: 1522072690688
none: 811008

1745385761
/dev/nvme3n1p1: 1522079309824
none: 1257472

1745385762
/dev/nvme3n1p1: 1522084794368
none: 4096

1745385763
/dev/nvme3n1p1: 1522091708416
none: 1032192

1745385764
/dev/nvme3n1p1: 1522094919680
none: 4096

1745385765
/dev/nvme3n1p1: 1522101948416
none: 4096

1745385766
/dev/nvme3n1p1: 1522102956032
none: 8192

1745385767
/dev/nvme3n1p1: 1522104455168
none: 12288

1745385768
/dev/nvme3n1p1: 1522107789312
none: 4096

1745385769
/dev/nvme3n1p1: 1522110971904
none: 4096

1745385770
/dev/nvme3n1p1: 1522117095424
none: 8192

1745385771
/dev/nvme3n1p1: 1522119888896
none: 118784

1745385773
/dev/nvme3n1p1: 1522125950976
none: 8192

1745385774
/dev/nvme3n1p1: 1522128527360
none: 4096

1745385775
/dev/nvme3n1p1: 1522139521024
none: 4096

1745385777
/dev/nvme3n1p1: 1522160095232
none: 4096

1745385778
/dev/nvme3n1p1: 1522167218176
none: 4096

1745385779
/dev/nvme3n1p1: 1522175086592
none: 8192

1745385780
/dev/nvme3n1p1: 1522183610368
none: 4096

1745385781
/dev/nvme3n1p1: 1522193522688
none: 4096

1745385782
/dev/nvme3n1p1: 1522200436736
none: 4096

1745385783
/dev/nvme3n1p1: 1522202677248
none: 4096

1745385785
/dev/nvme3n1p1: 1522212130816
none: 12288

1745385786
/dev/nvme3n1p1: 1522213695488
none: 12288

1745385787
/dev/nvme3n1p1: 1522221912064
none: 8192

1745385788
/dev/nvme3n1p1: 1522235273216
none: 4096

1745385789
/dev/nvme3n1p1: 1522276282368
none: 4096

1745385791
/dev/nvme3n1p1: 1522289201152
none: 4096

1745385792
/dev/nvme3n1p1: 1522342019072
none: 4096

1745385793
/dev/nvme3n1p1: 1522343960576
none: 8192

1745385794
/dev/nvme3n1p1: 1522347847680
none: 4096

1745385795
/dev/nvme3n1p1: 1522357788672
none: 4096

1745385796
/dev/nvme3n1p1: 1522362961920
none: 8192

1745385797
/dev/nvme3n1p1: 1522366820352
none: 8192

1745385798
/dev/nvme3n1p1: 1522368741376
none: 4096

1745385799
/dev/nvme3n1p1: 1522375172096
none: 118784

1745385800
/dev/nvme3n1p1: 1522378817536
none: 405504

1745385801
/dev/nvme3n1p1: 1522381254656
none: 507904

1745385802
/dev/nvme3n1p1: 1522392313856
none: 659456

1745385803
/dev/nvme3n1p1: 1522398445568
none: 266240

1745385804
/dev/nvme3n1p1: 1522409443328
none: 4096

1745385805
/dev/nvme3n1p1: 1522419855360
none: 8192

1745385806
/dev/nvme3n1p1: 1522427088896
none: 4096

1745385807
/dev/nvme3n1p1: 1522435555328
none: 4096

1745385808
/dev/nvme3n1p1: 1522378579968
none: 8192

1745385809
/dev/nvme3n1p1: 1522393038848
none: 4096

1745385810
/dev/nvme3n1p1: 1522409197568
none: 4096

1745385811
/dev/nvme3n1p1: 1522426597376
none: 4096

1745385812
/dev/nvme3n1p1: 1522434473984
none: 4096

1745385813
/dev/nvme3n1p1: 1522437652480
none: 12288

1745385814
/dev/nvme3n1p1: 1522448908288
none: 4096

1745385815
/dev/nvme3n1p1: 1522458324992
none: 4096

1745385816
/dev/nvme3n1p1: 1522466947072
none: 4096

1745385818
/dev/nvme3n1p1: 1522475597824
none: 4096

1745385819
/dev/nvme3n1p1: 1522482671616
none: 4096

1745385820
/dev/nvme3n1p1: 1522485153792
none: 4096

1745385821
/dev/nvme3n1p1: 1522488766464
none: 4096

1745385823
/dev/nvme3n1p1: 1522497474560
none: 8192

1745385824
/dev/nvme3n1p1: 1522502062080
none: 12288

1745385825
/dev/nvme3n1p1: 1522505629696
none: 4096

1745385826
/dev/nvme3n1p1: 1522509807616
none: 8192

1745385828
/dev/nvme3n1p1: 1522519818240
none: 12288

1745385829
/dev/nvme3n1p1: 1522522636288
none: 4096

1745385830
/dev/nvme3n1p1: 1522527719424
none: 4096

1745385831
/dev/nvme3n1p1: 1522530562048
none: 12288

1745385832
/dev/nvme3n1p1: 1522534563840
none: 8192

1745385833
/dev/nvme3n1p1: 1522540621824
none: 8192

1745385834
/dev/nvme3n1p1: 1522541686784
none: 8192

1745385835
/dev/nvme3n1p1: 1522518704128
none: 8192

1745385836
/dev/nvme3n1p1: 1522521747456
none: 315392

1745385837
/dev/nvme3n1p1: 1522525650944
none: 1875968

1745385838
/dev/nvme3n1p1: 1522534891520
none: 851968

1745385839
/dev/nvme3n1p1: 1522549444608
none: 4096

1745385840
/dev/nvme3n1p1: 1522556211200
none: 987136

1745385841
/dev/nvme3n1p1: 1522562138112
none: 4096

1745385842
/dev/nvme3n1p1: 1522568347648
none: 1159168

1745385843
/dev/nvme3n1p1: 1522592092160
none: 921600

1745385844
/dev/nvme3n1p1: 1522599997440
none: 4096

1745385845
/dev/nvme3n1p1: 1522601304064
none: 4096

1745385846
/dev/nvme3n1p1: 1522605342720
none: 4096

1745385847
/dev/nvme3n1p1: 1522611920896
none: 4096

1745385848
/dev/nvme3n1p1: 1522635276288
none: 4096

1745385849
/dev/nvme3n1p1: 1522657628160
none: 4096

1745385850
/dev/nvme3n1p1: 1522673274880
none: 4096

1745385851
/dev/nvme3n1p1: 1522273226752
none: 4096

1745385852
/dev/nvme3n1p1: 1522294874112
none: 4096

1745385854
/dev/nvme3n1p1: 1520743604224
none: 4096

1745385855
/dev/nvme3n1p1: 1520662904832
none: 4096

1745385856
/dev/nvme3n1p1: 1520697487360
none: 8192

1745385857
/dev/nvme3n1p1: 1520706727936
none: 8192

1745385858
/dev/nvme3n1p1: 1520688660480
none: 8192

1745385859
/dev/nvme3n1p1: 1520694480896
none: 4096

1745385860
/dev/nvme3n1p1: 1520701886464
none: 4096

1745385862
/dev/nvme3n1p1: 1520693874688
none: 4096

1745385863
/dev/nvme3n1p1: 1520709926912
none: 4096

1745385865
/dev/nvme3n1p1: 1520728612864
none: 4096

1745385866
/dev/nvme3n1p1: 1520738078720
none: 4096

1745385867
/dev/nvme3n1p1: 1520743215104
none: 8192

1745385869
/dev/nvme3n1p1: 1520759480320
none: 4096

1745385870
/dev/nvme3n1p1: 1520758104064
none: 4096

1745385871
/dev/nvme3n1p1: 1520761987072
none: 4096

1745385873
/dev/nvme3n1p1: 1520772108288
none: 4096

1745385874
/dev/nvme3n1p1: 1520777658368
none: 4096

1745385876
/dev/nvme3n1p1: 1520810201088
none: 8192

1745385877
/dev/nvme3n1p1: 1520826875904
none: 4096

1745385878
/dev/nvme3n1p1: 1520840015872
none: 4096

1745385879
/dev/nvme3n1p1: 1520851226624
none: 4096

1745385880
/dev/nvme3n1p1: 1520858386432
none: 8192

1745385882
/dev/nvme3n1p1: 1520845033472
none: 4096

1745385883
/dev/nvme3n1p1: 1520677089280
none: 4096

1745385884
/dev/nvme3n1p1: 1520679759872
none: 4096

1745385885
/dev/nvme3n1p1: 1520755183616
none: 4096

1745385886
/dev/nvme3n1p1: 1520768577536
none: 4096

1745385887
/dev/nvme3n1p1: 1520786751488
none: 4096

1745385888
/dev/nvme3n1p1: 1520795422720
none: 4096

1745385890
/dev/nvme3n1p1: 1520802574336
none: 4096

1745385892
/dev/nvme3n1p1: 1520812810240
none: 4096

1745385893
/dev/nvme3n1p1: 1520824918016
none: 4096

1745385894
/dev/nvme3n1p1: 1520961101824
none: 4096

1745385896
/dev/nvme3n1p1: 1520869359616
none: 8192

1745385897
/dev/nvme3n1p1: 1520881700864
none: 4096

1745385898
/dev/nvme3n1p1: 1520887709696
none: 4096

1745385899
/dev/nvme3n1p1: 1520896839680
none: 4096

1745385900
/dev/nvme3n1p1: 1520910540800
none: 4096

1745385902
/dev/nvme3n1p1: 1520924938240
none: 4096

1745385904
/dev/nvme3n1p1: 1520954494976
none: 4096

1745385906
/dev/nvme3n1p1: 1519966986240
none: 4096

1745385907
/dev/nvme3n1p1: 1519971885056
none: 4096

1745385909
/dev/nvme3n1p1: 1519998083072
none: 4096

1745385910
/dev/nvme3n1p1: 1520043339776
none: 4096

1745385912
/dev/nvme3n1p1: 1520050143232
none: 4096

1745385913
/dev/nvme3n1p1: 1520031547392
none: 4096

1745385915
/dev/nvme3n1p1: 1519107727360
none: 4096

1745385917
/dev/nvme3n1p1: 1519115055104
none: 4096

1745385918
/dev/nvme3n1p1: 1519117135872
none: 4096

1745385920
/dev/nvme3n1p1: 1519133257728
none: 4096

1745385921
/dev/nvme3n1p1: 1519139483648
none: 1970176

1745385922
/dev/nvme3n1p1: 1519144546304
none: 417792

1745385923
/dev/nvme3n1p1: 1519146684416
none: 1028096

1745385925
/dev/nvme3n1p1: 1519155429376
none: 12288

1745385927
/dev/nvme3n1p1: 1519175729152
none: 4096

1745385928
/dev/nvme3n1p1: 1519179976704
none: 4096

1745385929
/dev/nvme3n1p1: 1519193157632
none: 839680

1745385930
/dev/nvme3n1p1: 1519262986240
none: 4096

1745385932
/dev/nvme3n1p1: 1519292944384
none: 4096

1745385934
/dev/nvme3n1p1: 1519296147456
none: 4096

1745385935
/dev/nvme3n1p1: 1519320326144
none: 4096

1745385937
/dev/nvme3n1p1: 1519337304064
none: 4096

1745385939
/dev/nvme3n1p1: 1519348494336
none: 4096

1745385940
/dev/nvme3n1p1: 1519351644160
none: 98304

1745385941
/dev/nvme3n1p1: 1519358230528
none: 53248

1745385942
/dev/nvme3n1p1: 1519348686848
none: 4096

1745385944
/dev/nvme3n1p1: 1519357034496
none: 4096

1745385945
/dev/nvme3n1p1: 1519361249280
none: 4096

1745385946
/dev/nvme3n1p1: 1519370293248
none: 90112

1745385948
/dev/nvme3n1p1: 1519356534784
none: 925696

1745385949
/dev/nvme3n1p1: 1519367213056
none: 4096

1745385950
/dev/nvme3n1p1: 1519267381248
none: 4096

1745385951
/dev/nvme3n1p1: 1519274422272
none: 16384

1745385952
/dev/nvme3n1p1: 1519353323520
none: 1179648

1745385953
/dev/nvme3n1p1: 1519607468032
none: 4096

1745385954
/dev/nvme3n1p1: 1519916228608
none: 4096

1745385955
/dev/nvme3n1p1: 1519927562240
none: 4096

1745385956
/dev/nvme3n1p1: 1519933640704
none: 4096

1745385958
/dev/nvme3n1p1: 1519967469568
none: 4096

1745385959
/dev/nvme3n1p1: 1519957889024
none: 4096

1745385960
/dev/nvme3n1p1: 1519968157696
none: 4096

1745385961
/dev/nvme3n1p1: 1519980384256
none: 4096

1745385962
/dev/nvme3n1p1: 1519984189440
none: 4096

1745385963
/dev/nvme3n1p1: 1519988469760
none: 4096

1745385964
/dev/nvme3n1p1: 1519993196544
none: 4096

1745385965
/dev/nvme3n1p1: 1520001613824
none: 4096

1745385966
/dev/nvme3n1p1: 1520027525120
none: 1617920

1745385967
/dev/nvme3n1p1: 1520035901440
none: 81920

1745385968
/dev/nvme3n1p1: 1519980593152
none: 4096

1745385969
/dev/nvme3n1p1: 1519988834304
none: 4096

1745385970
/dev/nvme3n1p1: 1519910383616
none: 4096

1745385971
/dev/nvme3n1p1: 1519919063040
none: 4096

1745385973
/dev/nvme3n1p1: 1519945375744
none: 4096

1745385974
/dev/nvme3n1p1: 1519945957376
none: 1380352

1745385975
/dev/nvme3n1p1: 1519957143552
none: 4096

1745385976
/dev/nvme3n1p1: 1519987998720
none: 4096

1745385977
/dev/nvme3n1p1: 1519988236288
none: 4096

1745385979
/dev/nvme3n1p1: 1520123838464
none: 4096

1745385980
/dev/nvme3n1p1: 1520266260480
none: 1052672

1745385981
/dev/nvme3n1p1: 1520243965952
none: 184320

1745385982
/dev/nvme3n1p1: 1520247590912
none: 4096

1745385984
/dev/nvme3n1p1: 1520270303232
none: 4096

1745385986
/dev/nvme3n1p1: 1520271757312
none: 1429504

1745385987
/dev/nvme3n1p1: 1520352821248
none: 4096

1745385988
/dev/nvme3n1p1: 1520427958272
none: 385024

1745385989
/dev/nvme3n1p1: 1520434216960
none: 4096

1745385991
/dev/nvme3n1p1: 1520481492992
none: 466944

1745385993
/dev/nvme3n1p1: 1520453361664
none: 2142208

1745385995
/dev/nvme3n1p1: 1520468254720
none: 1110016

1745385996
/dev/nvme3n1p1: 1520469712896
none: 7684096

1745385997
/dev/nvme3n1p1: 1520473845760
none: 569344

1745385999
/dev/nvme3n1p1: 1520414388224
none: 2134016

1745386001
/dev/nvme3n1p1: 1520421158912
none: 4096

1745386002
/dev/nvme3n1p1: 1520416751616
none: 86016

1745386003
/dev/nvme3n1p1: 1520413093888
none: 1114112

1745386004
/dev/nvme3n1p1: 1520445906944
none: 319488

1745386006
/dev/nvme3n1p1: 1520480763904
none: 638976

1745386007
/dev/nvme3n1p1: 1520471306240
none: 4947968

1745386009
/dev/nvme3n1p1: 1520469053440
none: 1146880

1745386010
/dev/nvme3n1p1: 1520499077120
none: 495616

1745386011
/dev/nvme3n1p1: 1520529850368
none: 1474560

1745386013
/dev/nvme3n1p1: 1520365690880
none: 2420736

1745386015
/dev/nvme3n1p1: 1520377311232
none: 28672

1745386016
/dev/nvme3n1p1: 1520395132928
none: 4096

1745386017
/dev/nvme3n1p1: 1520310403072
none: 114688

1745386019
/dev/nvme3n1p1: 1520363548672
none: 4096

1745386021
/dev/nvme3n1p1: 1520285601792
none: 2560000

1745386022
/dev/nvme3n1p1: 1520177950720
none: 5275648

1745386024
/dev/nvme3n1p1: 1520184528896
none: 241664

1745386025
/dev/nvme3n1p1: 1520201740288
none: 4096

1745386026
/dev/nvme3n1p1: 1520237817856
none: 4096

1745386027
/dev/nvme3n1p1: 1520261955584
none: 495616

1745386028
/dev/nvme3n1p1: 1520289296384
none: 4096

1745386030
/dev/nvme3n1p1: 1520302899200
none: 364544

1745386031
/dev/nvme3n1p1: 1520255115264
none: 3866624

1745386032
/dev/nvme3n1p1: 1520265261056
none: 507904

1745386033
/dev/nvme3n1p1: 1520287125504
none: 1110016

1745386035
/dev/nvme3n1p1: 1520307494912
none: 9273344

1745386036
/dev/nvme3n1p1: 1520316362752
none: 4096

1745386037
/dev/nvme3n1p1: 1520276971520
none: 4096

1745386038
/dev/nvme3n1p1: 1520199974912
none: 299008

1745386040
/dev/nvme3n1p1: 1520161968128
none: 1617920

1745386042
/dev/nvme3n1p1: 1520100302848
none: 2445312

1745386044
/dev/nvme3n1p1: 1520116490240
none: 1662976

1745386045
/dev/nvme3n1p1: 1520092901376
none: 53248

1745386047
/dev/nvme3n1p1: 1520164192256
none: 4096

1745386048
/dev/nvme3n1p1: 1520161308672
none: 4096

1745386049
/dev/nvme3n1p1: 1520161566720
none: 53248

1745386051
/dev/nvme3n1p1: 1520127934464
none: 122880

1745386052
/dev/nvme3n1p1: 1520142020608
none: 4096

1745386054
/dev/nvme3n1p1: 1520247312384
none: 4096

1745386055
/dev/nvme3n1p1: 1520303222784
none: 4096

1745386056
/dev/nvme3n1p1: 1520247750656
none: 4096

1745386058
/dev/nvme3n1p1: 1520219811840
none: 57344

1745386060
/dev/nvme3n1p1: 1520242208768
none: 4096

1745386062
/dev/nvme3n1p1: 1520253841408
none: 4096

1745386063
/dev/nvme3n1p1: 1520275447808
none: 131072

1745386065
/dev/nvme3n1p1: 1520300433408
none: 4096

1745386066
/dev/nvme3n1p1: 1520306704384
none: 4096

1745386068
/dev/nvme3n1p1: 1520213065728
none: 4096

1745386070
/dev/nvme3n1p1: 1520176398336
none: 2588672

1745386071
/dev/nvme3n1p1: 1520201474048
none: 802816

1745386072
/dev/nvme3n1p1: 1520225230848
none: 5246976

1745386073
/dev/nvme3n1p1: 1520242552832
none: 4096

1745386075
/dev/nvme3n1p1: 1520267931648
none: 4096

1745386077
/dev/nvme3n1p1: 1520275808256
none: 917504

1745386078
/dev/nvme3n1p1: 1520282771456
none: 4096

1745386080
/dev/nvme3n1p1: 1520289808384
none: 143360

1745386081
/dev/nvme3n1p1: 1520259223552
none: 4096

1745386082
/dev/nvme3n1p1: 1519784538112
none: 172032

1745386083
/dev/nvme3n1p1: 1519794405376
none: 4096

1745386084
/dev/nvme3n1p1: 1519804833792
none: 28672

1745386086
/dev/nvme3n1p1: 1519821090816
none: 110592

1745386087
/dev/nvme3n1p1: 1519852040192
none: 704512

1745386088
/dev/nvme3n1p1: 1519800528896
none: 4096

1745386090
/dev/nvme3n1p1: 1519812501504
none: 4096

1745386092
/dev/nvme3n1p1: 1519821774848
none: 4096

1745386093
/dev/nvme3n1p1: 1519830052864
none: 360448

1745386095
/dev/nvme3n1p1: 1519813046272
none: 4096

1745386096
/dev/nvme3n1p1: 1519849873408
none: 4096

1745386097
/dev/nvme3n1p1: 1519899820032
none: 4096

1745386099
/dev/nvme3n1p1: 1519939686400
none: 4096

1745386101
/dev/nvme3n1p1: 1519912878080
none: 4096

1745386103
/dev/nvme3n1p1: 1519936823296
none: 729088

1745386104
/dev/nvme3n1p1: 1519926140928
none: 5599232

1745386106
/dev/nvme3n1p1: 1519988604928
none: 86016

1745386107
/dev/nvme3n1p1: 1520017063936
none: 724992

1745386109
/dev/nvme3n1p1: 1520029224960
none: 4096

1745386111
/dev/nvme3n1p1: 1520021897216
none: 2371584

1745386112
/dev/nvme3n1p1: 1520028004352
none: 565248

1745386114
/dev/nvme3n1p1: 1520067551232
none: 4096

1745386116
/dev/nvme3n1p1: 1520119267328
none: 4096

1745386117
/dev/nvme3n1p1: 1520157507584
none: 49152

1745386119
/dev/nvme3n1p1: 1520172670976
none: 4096

1745386121
/dev/nvme3n1p1: 1520108957696
none: 4096

1745386122
/dev/nvme3n1p1: 1520117448704
none: 69632

1745386123
/dev/nvme3n1p1: 1520122388480
none: 483328

1745386124
/dev/nvme3n1p1: 1520118255616
none: 4096

1745386125
/dev/nvme3n1p1: 1520150085632
none: 4096

1745386126
/dev/nvme3n1p1: 1520158539776
none: 4096

1745386127
/dev/nvme3n1p1: 1520162959360
none: 4096

1745386128
/dev/nvme3n1p1: 1520170917888
none: 4096

1745386129
/dev/nvme3n1p1: 1520165109760
none: 4096

1745386130
/dev/nvme3n1p1: 1520173256704
none: 12288

1745386131
/dev/nvme3n1p1: 1520182489088
none: 4096

1745386133
/dev/nvme3n1p1: 1520196620288
none: 4096

1745386134
/dev/nvme3n1p1: 1520158744576
none: 3084288

1745386136
/dev/nvme3n1p1: 1520170184704
none: 4096

1745386137
/dev/nvme3n1p1: 1520184582144
none: 77824

1745386138
/dev/nvme3n1p1: 1520164229120
none: 4096

1745386139
/dev/nvme3n1p1: 1520228634624
none: 1945600

1745386140
/dev/nvme3n1p1: 1520289382400
none: 4096

1745386141
/dev/nvme3n1p1: 1520337145856
none: 589824

1745386143
/dev/nvme3n1p1: 1520446533632
none: 2473984

1745386144
/dev/nvme3n1p1: 1520435458048
none: 4096

1745386145
/dev/nvme3n1p1: 1520445476864
none: 4096

1745386146
/dev/nvme3n1p1: 1520461733888
none: 40960

1745386147
/dev/nvme3n1p1: 1520476078080
none: 385024

1745386148
/dev/nvme3n1p1: 1520499773440
none: 4096

1745386150
/dev/nvme3n1p1: 1520533237760
none: 4096

1745386151
/dev/nvme3n1p1: 1520613498880
none: 622592

1745386152
/dev/nvme3n1p1: 1520661155840
none: 8192

1745386154
/dev/nvme3n1p1: 1520704827392
none: 8192

1745386155
/dev/nvme3n1p1: 1520726667264
none: 4096

1745386156
/dev/nvme3n1p1: 1520624263168
none: 4096

1745386157
/dev/nvme3n1p1: 1520636018688
none: 8192

1745386158
/dev/nvme3n1p1: 1520694910976
none: 24576

1745386159
/dev/nvme3n1p1: 1520667975680
none: 4096

1745386160
/dev/nvme3n1p1: 1520645636096
none: 4096

1745386161
/dev/nvme3n1p1: 1520657141760
none: 180224

1745386163
/dev/nvme3n1p1: 1520800731136
none: 2043904

1745386164
/dev/nvme3n1p1: 1520885964800
none: 1527808

1745386165
/dev/nvme3n1p1: 1521024151552
none: 385024

1745386166
/dev/nvme3n1p1: 1521177698304
none: 1970176

1745386167
/dev/nvme3n1p1: 1521246777344
none: 3985408

1745386168
/dev/nvme3n1p1: 1521385332736
none: 1630208

1745386169
/dev/nvme3n1p1: 1521533640704
none: 4096

1745386170
/dev/nvme3n1p1: 1521614946304
none: 24576

1745386171
/dev/nvme3n1p1: 1521666023424
none: 3149824

1745386172
/dev/nvme3n1p1: 1521707442176
none: 3620864

1745386173
/dev/nvme3n1p1: 1521744961536
none: 126976

1745386174
/dev/nvme3n1p1: 1521783308288
none: 8192

1745386175
/dev/nvme3n1p1: 1521869115392
none: 1167360

1745386176
/dev/nvme3n1p1: 1521889669120
none: 4096

1745386177
/dev/nvme3n1p1: 1521976541184
none: 253952

1745386178
/dev/nvme3n1p1: 1522032566272
none: 1458176

1745386179
/dev/nvme3n1p1: 1522089005056
none: 1511424

1745386180
/dev/nvme3n1p1: 1522189873152
none: 3100672

1745386182
/dev/nvme3n1p1: 1522246205440
none: 5652480

1745386183
/dev/nvme3n1p1: 1522270662656
none: 8241152

1745386185
/dev/nvme3n1p1: 1522388185088
none: 8941568

1745386186
/dev/nvme3n1p1: 1522433388544
none: 9236480

1745386187
/dev/nvme3n1p1: 1522455609344
none: 13398016

1745386188
/dev/nvme3n1p1: 1522492989440
none: 8192

1745386189
/dev/nvme3n1p1: 1522521907200
none: 765952

1745386190
/dev/nvme3n1p1: 1522564792320
none: 4096

1745386191
/dev/nvme3n1p1: 1522597593088
none: 3137536

1745386192
/dev/nvme3n1p1: 1522691944448
none: 4624384

1745386193
/dev/nvme3n1p1: 1522741153792
none: 4526080

1745386194
/dev/nvme3n1p1: 1522768633856
none: 4030464

1745386195
/dev/nvme3n1p1: 1522750894080
none: 880640

1745386196
/dev/nvme3n1p1: 1522760503296
none: 7319552

1745386197
/dev/nvme3n1p1: 1522777149440
none: 1318912

1745386198
/dev/nvme3n1p1: 1522797494272
none: 2101248

1745386200
/dev/nvme3n1p1: 1522825224192
none: 3579904

1745386201
/dev/nvme3n1p1: 1522919964672
none: 6557696

1745386203
/dev/nvme3n1p1: 1523169964032
none: 2101248

1745386204
/dev/nvme3n1p1: 1523294232576
none: 1789952

1745386205
/dev/nvme3n1p1: 1523358691328
none: 602112

1745386206
/dev/nvme3n1p1: 1523429797888
none: 1265664

1745386207
/dev/nvme3n1p1: 1523445805056
none: 4096000

1745386208
/dev/nvme3n1p1: 1523464794112
none: 1843200

1745386209
/dev/nvme3n1p1: 1523476148224
none: 6963200

1745386210
/dev/nvme3n1p1: 1523233918976
none: 4526080

1745386211
/dev/nvme3n1p1: 1523083497472
none: 5189632

1745386212
/dev/nvme3n1p1: 1523128934400
none: 6234112

1745386213
/dev/nvme3n1p1: 1523117916160
none: 1355776

1745386214
/dev/nvme3n1p1: 1523134726144
none: 3416064

1745386215
/dev/nvme3n1p1: 1523167830016
none: 3940352

1745386217
/dev/nvme3n1p1: 1523372335104
none: 8441856

1745386218
/dev/nvme3n1p1: 1523624140800
none: 2985984

1745386219
/dev/nvme3n1p1: 1523684667392
none: 5169152

1745386220
/dev/nvme3n1p1: 1523719725056
none: 2539520

1745386221
/dev/nvme3n1p1: 1523742261248
none: 3993600

1745386223
/dev/nvme3n1p1: 1523796295680
none: 10227712

1745386224
/dev/nvme3n1p1: 1523823104000
none: 1236992

1745386226
/dev/nvme3n1p1: 1523865628672
none: 9998336

1745386228
/dev/nvme3n1p1: 1523685310464
none: 7454720

1745386229
/dev/nvme3n1p1: 1523710787584
none: 9084928

1745386230
/dev/nvme3n1p1: 1523317837824
none: 8626176

1745386232
/dev/nvme3n1p1: 1523416674304
none: 12730368

1745386233
/dev/nvme3n1p1: 1523496116224
none: 23977984

1745386235
/dev/nvme3n1p1: 1523490762752
none: 21557248

1745386236
/dev/nvme3n1p1: 1522537385984
none: 3653632

1745386238
/dev/nvme3n1p1: 1521332416512
none: 14614528

1745386239
/dev/nvme3n1p1: 1521027727360
none: 6594560

1745386241
/dev/nvme3n1p1: 1521110704128
none: 3932160

1745386242
/dev/nvme3n1p1: 1521143037952
none: 11210752

1745386243
/dev/nvme3n1p1: 1521155981312
none: 4792320

1745386244
/dev/nvme3n1p1: 1521189928960
none: 15142912

1745386246
/dev/nvme3n1p1: 1521264091136
none: 15302656

1745386247
/dev/nvme3n1p1: 1521280745472
none: 4141056

1745386249
/dev/nvme3n1p1: 1521307762688
none: 5443584

1745386250
/dev/nvme3n1p1: 1521328484352
none: 4071424

1745386251
/dev/nvme3n1p1: 1521382977536
none: 13348864

1745386252
/dev/nvme3n1p1: 1521428230144
none: 5521408

1745386254
/dev/nvme3n1p1: 1521530417152
none: 11567104

1745386255
/dev/nvme3n1p1: 1521506029568
none: 22081536

1745386256
/dev/nvme3n1p1: 1521473753088
none: 28041216

1745386257
/dev/nvme3n1p1: 1521524027392
none: 14905344

1745386258
/dev/nvme3n1p1: 1521750175744
none: 2547712

1745386260
/dev/nvme3n1p1: 1521760079872
none: 4096

1745386261
/dev/nvme3n1p1: 1521782312960
none: 4096

1745386262
/dev/nvme3n1p1: 1521896763392
none: 4096

1745386264
/dev/nvme3n1p1: 1521983021056
none: 4096

1745386265
/dev/nvme3n1p1: 1522102689792
none: 4096

1745386266
/dev/nvme3n1p1: 1522191626240
none: 229376

1745386267
/dev/nvme3n1p1: 1522617323520
none: 4096

1745386268
/dev/nvme3n1p1: 1522621120512
none: 4096

1745386269
/dev/nvme3n1p1: 1522624446464
none: 4096

1745386270
/dev/nvme3n1p1: 1522651410432
none: 4096

1745386272
/dev/nvme3n1p1: 1522673168384
none: 4096

1745386273
/dev/nvme3n1p1: 1522701287424
none: 507904

1745386274
/dev/nvme3n1p1: 1522732941312
none: 4096

1745386275
/dev/nvme3n1p1: 1522756632576
none: 8192

1745386277
/dev/nvme3n1p1: 1522939703296
none: 6279168

1745386279
/dev/nvme3n1p1: 1523116556288
none: 8192

1745386280
/dev/nvme3n1p1: 1523086725120
none: 7979008

1745386281
/dev/nvme3n1p1: 1523323428864
none: 4096

1745386282
/dev/nvme3n1p1: 1523939852288
none: 4096

1745386284
/dev/nvme3n1p1: 1524012310528
none: 4096

1745386285
/dev/nvme3n1p1: 1523994755072
none: 4096

1745386286
/dev/nvme3n1p1: 1524225851392
none: 4096

1745386288
/dev/nvme3n1p1: 1524163919872
none: 4096

1745386289
/dev/nvme3n1p1: 1524102692864
none: 4096

1745386290
/dev/nvme3n1p1: 1524200603648
none: 8192

1745386291
/dev/nvme3n1p1: 1524038168576
none: 4096

1745386293
/dev/nvme3n1p1: 1523787464704
none: 4096

1745386295
/dev/nvme3n1p1: 1523791663104
none: 4096

1745386297
/dev/nvme3n1p1: 1523956203520
none: 8192

1745386299
/dev/nvme3n1p1: 1523965919232
none: 4096

1745386300
/dev/nvme3n1p1: 1523974574080
none: 4096

1745386301
/dev/nvme3n1p1: 1523977396224
none: 4096

1745386303
/dev/nvme3n1p1: 1523995656192
none: 438272

1745386304
/dev/nvme3n1p1: 1523943882752
none: 4096

1745386305
/dev/nvme3n1p1: 1523947724800
none: 798720

1745386306
/dev/nvme3n1p1: 1523950440448
none: 364544

1745386308
/dev/nvme3n1p1: 1524081553408
none: 1105920

1745386309
/dev/nvme3n1p1: 1524182716416
none: 290816

1745386310
/dev/nvme3n1p1: 1524259184640
none: 589824

1745386311
/dev/nvme3n1p1: 1524275822592
none: 360448

1745386313
/dev/nvme3n1p1: 1524288536576
none: 4096

1745386315
/dev/nvme3n1p1: 1524296880128
none: 4096

1745386316
/dev/nvme3n1p1: 1524301385728
none: 4096

1745386318
/dev/nvme3n1p1: 1524309827584
none: 4096

1745386319
/dev/nvme3n1p1: 1524312313856
none: 4096

1745386320
/dev/nvme3n1p1: 1524318056448
none: 4096

1745386321
/dev/nvme3n1p1: 1524320071680
none: 4096

1745386322
/dev/nvme3n1p1: 1524321857536
none: 4096

1745386324
/dev/nvme3n1p1: 1524330762240
none: 204800

1745386325
/dev/nvme3n1p1: 1524333424640
none: 4096

1745386326
/dev/nvme3n1p1: 1524337274880
none: 8192

1745386327
/dev/nvme3n1p1: 1524338999296
none: 1036288

1745386328
/dev/nvme3n1p1: 1524340842496
none: 4096

1745386329
/dev/nvme3n1p1: 1524348059648
none: 4096

1745386330
/dev/nvme3n1p1: 1524368060416
none: 4096

1745386331
/dev/nvme3n1p1: 1524393070592
none: 270336

1745386332
/dev/nvme3n1p1: 1524419997696
none: 4096

1745386333
/dev/nvme3n1p1: 1524423536640
none: 106496

1745386334
/dev/nvme3n1p1: 1524426473472
none: 4096

1745386336
/dev/nvme3n1p1: 1524448423936
none: 172032

1745386337
/dev/nvme3n1p1: 1524450246656
none: 4096

1745386339
/dev/nvme3n1p1: 1524458905600
none: 4096

1745386341
/dev/nvme3n1p1: 1524481396736
none: 4096

1745386342
/dev/nvme3n1p1: 1524483129344
none: 4096

1745386343
/dev/nvme3n1p1: 1524484423680
none: 278528

1745386344
/dev/nvme3n1p1: 1524485083136
none: 929792

1745386345
/dev/nvme3n1p1: 1524487876608
none: 4096

1745386346
/dev/nvme3n1p1: 1524490182656
none: 4096

1745386347
/dev/nvme3n1p1: 1524491472896
none: 499712

1745386348
/dev/nvme3n1p1: 1524492681216
none: 3526656

1745386349
/dev/nvme3n1p1: 1524494757888
none: 4096

1745386350
/dev/nvme3n1p1: 1524496248832
none: 4096

1745386352
/dev/nvme3n1p1: 1524500840448
none: 4096

1745386353
/dev/nvme3n1p1: 1524502609920
none: 4096

1745386354
/dev/nvme3n1p1: 1524503977984
none: 249856

1745386355
/dev/nvme3n1p1: 1524507422720
none: 8192

1745386356
/dev/nvme3n1p1: 1524510232576
none: 8192

1745386357
/dev/nvme3n1p1: 1524511752192
none: 8192

1745386358
/dev/nvme3n1p1: 1524518592512
none: 4096

1745386359
/dev/nvme3n1p1: 1524522786816
none: 4096

1745386360
/dev/nvme3n1p1: 1524524544000
none: 4096

1745386361
/dev/nvme3n1p1: 1524526702592
none: 4096

1745386363
/dev/nvme3n1p1: 1524517072896
none: 4096

1745386364
/dev/nvme3n1p1: 1524518158336
none: 4096

1745386365
/dev/nvme3n1p1: 1524524027904
none: 4096

1745386366
/dev/nvme3n1p1: 1524528541696
none: 1892352

1745386367
/dev/nvme3n1p1: 1524532240384
none: 4096

1745386368
/dev/nvme3n1p1: 1524536995840
none: 4096

1745386369
/dev/nvme3n1p1: 1524580016128
none: 4096

1745386370
/dev/nvme3n1p1: 1524580622336
none: 4096

1745386371
/dev/nvme3n1p1: 1524583108608
none: 4096

1745386372
/dev/nvme3n1p1: 1524584685568
none: 4096

1745386373
/dev/nvme3n1p1: 1524591255552
none: 4096

1745386374
/dev/nvme3n1p1: 1524604989440
none: 4096

1745386376
/dev/nvme3n1p1: 1524610310144
none: 4096

1745386377
/dev/nvme3n1p1: 1524617277440
none: 4096

1745386378
/dev/nvme3n1p1: 1524619022336
none: 4096

1745386379
/dev/nvme3n1p1: 1524619722752
none: 4096

1745386380
/dev/nvme3n1p1: 1524624457728
none: 16384

1745386381
/dev/nvme3n1p1: 1524626620416
none: 655360

1745386382
/dev/nvme3n1p1: 1524628570112
none: 4096

1745386383
/dev/nvme3n1p1: 1524629880832
none: 4096

1745386384
/dev/nvme3n1p1: 1524631048192
none: 4096

1745386385
/dev/nvme3n1p1: 1524631621632
none: 4096

1745386386
/dev/nvme3n1p1: 1524632297472
none: 49152

1745386387
/dev/nvme3n1p1: 1524633317376
none: 278528

1745386388
/dev/nvme3n1p1: 1524634763264
none: 4096

1745386389
/dev/nvme3n1p1: 1524636499968
none: 4096

1745386390
/dev/nvme3n1p1: 1524640038912
none: 4096

1745386391
/dev/nvme3n1p1: 1524644503552
none: 4096

1745386392
/dev/nvme3n1p1: 1524647550976
none: 212992

1745386393
/dev/nvme3n1p1: 1524649074688
none: 622592

1745386394
/dev/nvme3n1p1: 1524652044288
none: 3088384

1745386395
/dev/nvme3n1p1: 1524654698496
none: 4096

1745386396
/dev/nvme3n1p1: 1524671488000
none: 4096

1745386397
/dev/nvme3n1p1: 1524676141056
none: 4096

1745386398
/dev/nvme3n1p1: 1524682289152
none: 4096

1745386399
/dev/nvme3n1p1: 1524684492800
none: 4096

1745386400
/dev/nvme3n1p1: 1524685922304
none: 348160

1745386401
/dev/nvme3n1p1: 1524686823424
none: 872448

1745386402
/dev/nvme3n1p1: 1524690075648
none: 4096

1745386403
/dev/nvme3n1p1: 1524691922944
none: 4096

1745386404
/dev/nvme3n1p1: 1524693692416
none: 4096

1745386405
/dev/nvme3n1p1: 1524701167616
none: 1605632

1745386406
/dev/nvme3n1p1: 1524702724096
none: 4096

1745386407
/dev/nvme3n1p1: 1524714594304
none: 73728

1745386408
/dev/nvme3n1p1: 1524781559808
none: 4096

1745386409
/dev/nvme3n1p1: 1524782837760
none: 4096

1745386410
/dev/nvme3n1p1: 1524786577408
none: 8192

1745386411
/dev/nvme3n1p1: 1524819369984
none: 8192

1745386412
/dev/nvme3n1p1: 1524821929984
none: 503808

1745386413
/dev/nvme3n1p1: 1524832284672
none: 1007616

1745386414
/dev/nvme3n1p1: 1524849639424
none: 1634304

1745386416
/dev/nvme3n1p1: 1525033705472
none: 9691136

1745386417
/dev/nvme3n1p1: 1525040680960
none: 4096

1745386418
/dev/nvme3n1p1: 1525049548800
none: 4096

1745386419
/dev/nvme3n1p1: 1525073006592
none: 28672

1745386420
/dev/nvme3n1p1: 1525086482432
none: 585728

1745386421
/dev/nvme3n1p1: 1525090459648
none: 1024000

1745386422
/dev/nvme3n1p1: 1525091741696
none: 5537792

1745386423
/dev/nvme3n1p1: 1525094449152
none: 4096

1745386424
/dev/nvme3n1p1: 1525106495488
none: 24576

1745386426
/dev/nvme3n1p1: 1525118038016
none: 4096

1745386427
/dev/nvme3n1p1: 1525120741376
none: 4096

1745386428
/dev/nvme3n1p1: 1525135880192
none: 4096

1745386429
/dev/nvme3n1p1: 1525146681344
none: 4096

1745386430
/dev/nvme3n1p1: 1525217849344
none: 4096

1745386431
/dev/nvme3n1p1: 1525219684352
none: 4096

1745386432
/dev/nvme3n1p1: 1525221060608
none: 36864

1745386433
/dev/nvme3n1p1: 1525256306688
none: 4096

1745386435
/dev/nvme3n1p1: 1525264932864
none: 4096

1745386436
/dev/nvme3n1p1: 1525267726336
none: 106496

1745386437
/dev/nvme3n1p1: 1525291732992
none: 4096

1745386438
/dev/nvme3n1p1: 1525292761088
none: 8192

1745386439
/dev/nvme3n1p1: 1525293940736
none: 8192

1745386440
/dev/nvme3n1p1: 1525299306496
none: 4096

1745386441
/dev/nvme3n1p1: 1525300998144
none: 4096

1745386442
/dev/nvme3n1p1: 1525302972416
none: 4096

1745386443
/dev/nvme3n1p1: 1525304999936
none: 4096

1745386444
/dev/nvme3n1p1: 1525306867712
none: 2629632

1745386445
/dev/nvme3n1p1: 1525309235200
none: 4096

1745386446
/dev/nvme3n1p1: 1525310996480
none: 53248

1745386447
/dev/nvme3n1p1: 1525313343488
none: 4096

1745386448
/dev/nvme3n1p1: 1525316186112
none: 8192

1745386449
/dev/nvme3n1p1: 1525342007296
none: 8192

1745386451
/dev/nvme3n1p1: 1525347721216
none: 4096

1745386452
/dev/nvme3n1p1: 1525354217472
none: 8192

1745386453
/dev/nvme3n1p1: 1525358350336
none: 24576

1745386454
/dev/nvme3n1p1: 1525360480256
none: 8192

1745386455
/dev/nvme3n1p1: 1525367336960
none: 77824

1745386457
/dev/nvme3n1p1: 1525369098240
none: 28672

1745386458
/dev/nvme3n1p1: 1525370089472
none: 8192

1745386459
/dev/nvme3n1p1: 1525370744832
none: 8192

1745386461
/dev/nvme3n1p1: 1525380210688
none: 4096

1745386462
/dev/nvme3n1p1: 1525386858496
none: 4096

1745386463
/dev/nvme3n1p1: 1525389135872
none: 8192

1745386464
/dev/nvme3n1p1: 1525390344192
none: 8192

1745386465
/dev/nvme3n1p1: 1525392990208
none: 4096

1745386466
/dev/nvme3n1p1: 1525395095552
none: 102400

1745386467
/dev/nvme3n1p1: 1525396856832
none: 774144

1745386468
/dev/nvme3n1p1: 1525398814720
none: 4096

1745386470
/dev/nvme3n1p1: 1525406412800
none: 2523136

1745386471
/dev/nvme3n1p1: 1525408665600
none: 4096

1745386472
/dev/nvme3n1p1: 1525410623488
none: 4096

1745386474
/dev/nvme3n1p1: 1525418360832
none: 4096

1745386475
/dev/nvme3n1p1: 1525453889536
none: 4096

1745386476
/dev/nvme3n1p1: 1525456363520
none: 4096

1745386477
/dev/nvme3n1p1: 1525474779136
none: 4096

1745386478
/dev/nvme3n1p1: 1525496909824
none: 4096

1745386479
/dev/nvme3n1p1: 1525529812992
none: 8192

1745386480
/dev/nvme3n1p1: 1525599420416
none: 12288

1745386481
/dev/nvme3n1p1: 1525662162944
none: 4096

1745386482
/dev/nvme3n1p1: 1525718675456
none: 4096

1745386484
/dev/nvme3n1p1: 1525734412288
none: 4096

1745386485
/dev/nvme3n1p1: 1525754355712
none: 4096

1745386486
/dev/nvme3n1p1: 1525755097088
none: 4096

1745386487
/dev/nvme3n1p1: 1525755039744
none: 4096

1745386489
/dev/nvme3n1p1: 1525758783488
none: 4096

1745386490
/dev/nvme3n1p1: 1525759078400
none: 1474560

1745386492
/dev/nvme3n1p1: 1525760946176
none: 4096

1745386493
/dev/nvme3n1p1: 1525761310720
none: 4096

1745386495
/dev/nvme3n1p1: 1525764075520
none: 4096

1745386496
/dev/nvme3n1p1: 1525768183808
none: 4096

1745386498
/dev/nvme3n1p1: 1525770809344
none: 4096

1745386500
/dev/nvme3n1p1: 1525772251136
none: 4096

1745386501
/dev/nvme3n1p1: 1525775024128
none: 4096

1745386502
/dev/nvme3n1p1: 1525775974400
none: 4096

1745386504
/dev/nvme3n1p1: 1525780312064
none: 4096

1745386505
/dev/nvme3n1p1: 1525792448512
none: 4096

1745386507
/dev/nvme3n1p1: 1525666164736
none: 548864

1745386508
/dev/nvme3n1p1: 1525661986816
none: 2961408

1745386510
/dev/nvme3n1p1: 1525674602496
none: 20480

1745386511
/dev/nvme3n1p1: 1525677813760
none: 4096

1745386512
/dev/nvme3n1p1: 1525682458624
none: 4096

1745386514
/dev/nvme3n1p1: 1525650014208
none: 4096

1745386515
/dev/nvme3n1p1: 1525653618688
none: 4096

1745386517
/dev/nvme3n1p1: 1525661732864
none: 4096

1745386519
/dev/nvme3n1p1: 1525665284096
none: 118784

1745386520
/dev/nvme3n1p1: 1525669208064
none: 4096

1745386521
/dev/nvme3n1p1: 1525670850560
none: 4096

1745386522
/dev/nvme3n1p1: 1525686755328
none: 4096

1745386523
/dev/nvme3n1p1: 1525702029312
none: 1630208

1745386524
/dev/nvme3n1p1: 1525738889216
none: 4096

1745386525
/dev/nvme3n1p1: 1525762965504
none: 4096

1745386527
/dev/nvme3n1p1: 1525790011392
none: 4096

1745386528
/dev/nvme3n1p1: 1525848387584
none: 192512

1745386529
/dev/nvme3n1p1: 1525902483456
none: 4096

1745386530
/dev/nvme3n1p1: 1525959401472
none: 1695744

1745386531
/dev/nvme3n1p1: 1526012121088
none: 4096

1745386533
/dev/nvme3n1p1: 1525596733440
none: 659456

1745386534
/dev/nvme3n1p1: 1525817442304
none: 4608000

1745386535
/dev/nvme3n1p1: 1525821775872
none: 4096

1745386536
/dev/nvme3n1p1: 1524368154624
none: 4096

1745386538
/dev/nvme3n1p1: 1523658682368
none: 245760

1745386539
/dev/nvme3n1p1: 1523682480128
none: 4096

1745386540
/dev/nvme3n1p1: 1523711602688
none: 4096

1745386541
/dev/nvme3n1p1: 1523713089536
none: 118784

1745386543
/dev/nvme3n1p1: 1523230404608
none: 4096

1745386544
/dev/nvme3n1p1: 1523231010816
none: 4096

1745386545
/dev/nvme3n1p1: 1523235102720
none: 4096

1745386546
/dev/nvme3n1p1: 1523236814848
none: 344064

1745386547
/dev/nvme3n1p1: 1523238985728
none: 4096

1745386548
/dev/nvme3n1p1: 1523239878656
none: 8192

1745386549
/dev/nvme3n1p1: 1523240919040
none: 4096

1745386550
/dev/nvme3n1p1: 1523240226816
none: 1310720

1745386551
/dev/nvme3n1p1: 1523242364928
none: 4096

1745386552
/dev/nvme3n1p1: 1523243765760
none: 4096

1745386553
/dev/nvme3n1p1: 1523244961792
none: 4096

1745386554
/dev/nvme3n1p1: 1523249860608
none: 135168

1745386555
/dev/nvme3n1p1: 1523250655232
none: 712704

1745386556
/dev/nvme3n1p1: 1523251933184
none: 1454080

1745386558
/dev/nvme3n1p1: 1523254591488
none: 2535424

1745386560
/dev/nvme3n1p1: 1523260719104
none: 3747840

1745386561
/dev/nvme3n1p1: 1523262500864
none: 13426688

1745386562
/dev/nvme3n1p1: 1523266842624
none: 4096

1745386563
/dev/nvme3n1p1: 1523267690496
none: 1314816

1745386565
/dev/nvme3n1p1: 1523275374592
none: 4096

1745386566
/dev/nvme3n1p1: 1523362570240
none: 4096

1745386567
/dev/nvme3n1p1: 1523387555840
none: 4096

1745386568
/dev/nvme3n1p1: 1523408056320
none: 4096

1745386569
/dev/nvme3n1p1: 1523410948096
none: 2191360

1745386571
/dev/nvme3n1p1: 1523415343104
none: 131072

1745386572
/dev/nvme3n1p1: 1523417198592
none: 4096

1745386573
/dev/nvme3n1p1: 1523419512832
none: 77824

1745386574
/dev/nvme3n1p1: 1523426910208
none: 4096

1745386575
/dev/nvme3n1p1: 1523430006784
none: 4096

1745386576
/dev/nvme3n1p1: 1523434713088
none: 4096

1745386578
/dev/nvme3n1p1: 1523441598464
none: 4096

1745386579
/dev/nvme3n1p1: 1523446603776
none: 98304

1745386580
/dev/nvme3n1p1: 1523450408960
none: 667648

1745386581
/dev/nvme3n1p1: 1523452964864
none: 1417216

1745386582
/dev/nvme3n1p1: 1523456892928
none: 2048000

1745386583
/dev/nvme3n1p1: 1523459117056
none: 2637824

1745386584
/dev/nvme3n1p1: 1523460206592
none: 3149824

1745386586
/dev/nvme3n1p1: 1523462275072
none: 4132864

1745386588
/dev/nvme3n1p1: 1523466256384
none: 15011840

1745386589
/dev/nvme3n1p1: 1523483680768
none: 4096

1745386590
/dev/nvme3n1p1: 1523484839936
none: 4096

1745386591
/dev/nvme3n1p1: 1523486023680
none: 417792

1745386592
/dev/nvme3n1p1: 1523487457280
none: 3317760

1745386593
/dev/nvme3n1p1: 1523489312768
none: 4096

1745386595
/dev/nvme3n1p1: 1523492052992
none: 425984

1745386596
/dev/nvme3n1p1: 1523494772736
none: 4096

1745386597
/dev/nvme3n1p1: 1523495399424
none: 4096

1745386598
/dev/nvme3n1p1: 1523497205760
none: 24576

1745386600
/dev/nvme3n1p1: 1523503878144
none: 4096

1745386602
/dev/nvme3n1p1: 1523506266112
none: 4096

1745386603
/dev/nvme3n1p1: 1523507265536
none: 4096

1745386604
/dev/nvme3n1p1: 1523509460992
none: 4096

1745386605
/dev/nvme3n1p1: 1523513036800
none: 2637824

1745386606
/dev/nvme3n1p1: 1523533213696
none: 4096

1745386607
/dev/nvme3n1p1: 1523535085568
none: 4096

1745386608
/dev/nvme3n1p1: 1523536674816
none: 4096

1745386610
/dev/nvme3n1p1: 1523542843392
none: 4096

1745386611
/dev/nvme3n1p1: 1523546701824
none: 4096

1745386612
/dev/nvme3n1p1: 1523549171712
none: 147456

1745386614
/dev/nvme3n1p1: 1523555307520
none: 20480

1745386615
/dev/nvme3n1p1: 1523556364288
none: 4096

1745386616
/dev/nvme3n1p1: 1523559378944
none: 4096

1745386617
/dev/nvme3n1p1: 1523563425792
none: 4096

1745386618
/dev/nvme3n1p1: 1523563896832
none: 4096

1745386619
/dev/nvme3n1p1: 1523566751744
none: 4096

1745386620
/dev/nvme3n1p1: 1523569627136
none: 4096

1745386621
/dev/nvme3n1p1: 1523571056640
none: 4096

1745386622
/dev/nvme3n1p1: 1523572666368
none: 4096

1745386624
/dev/nvme3n1p1: 1523574501376
none: 4096

1745386625
/dev/nvme3n1p1: 1523575947264
none: 180224

1745386626
/dev/nvme3n1p1: 1523579334656
none: 8192

1745386627
/dev/nvme3n1p1: 1523585912832
none: 143360

1745386628
/dev/nvme3n1p1: 1523589369856
none: 4096

1745386629
/dev/nvme3n1p1: 1523590565888
none: 57344

1745386630
/dev/nvme3n1p1: 1523591774208
none: 2437120

1745386631
/dev/nvme3n1p1: 1523593932800
none: 8192

1745386633
/dev/nvme3n1p1: 1523599917056
none: 4096

1745386634
/dev/nvme3n1p1: 1523603443712
none: 4096

1745386635
/dev/nvme3n1p1: 1523604086784
none: 4096

1745386636
/dev/nvme3n1p1: 1523606958080
none: 4096

1745386637
/dev/nvme3n1p1: 1523609743360
none: 4096

1745386639
/dev/nvme3n1p1: 1523614494720
none: 1032192

1745386640
/dev/nvme3n1p1: 1523616284672
none: 4096

1745386641
/dev/nvme3n1p1: 1523617001472
none: 4096

1745386642
/dev/nvme3n1p1: 1523622756352
none: 4096

1745386643
/dev/nvme3n1p1: 1523627888640
none: 4096

1745386644
/dev/nvme3n1p1: 1523630792704
none: 4096

1745386645
/dev/nvme3n1p1: 1523632623616
none: 1007616

1745386646
/dev/nvme3n1p1: 1523634003968
none: 4096

1745386647
/dev/nvme3n1p1: 1523637256192
none: 4096

1745386648
/dev/nvme3n1p1: 1523638349824
none: 4096

1745386649
/dev/nvme3n1p1: 1523643338752
none: 4096

1745386651
/dev/nvme3n1p1: 1523646631936
none: 4096

1745386652
/dev/nvme3n1p1: 1523647754240
none: 4096

1745386653
/dev/nvme3n1p1: 1523648417792
none: 4096

1745386654
/dev/nvme3n1p1: 1523650400256
none: 991232

1745386655
/dev/nvme3n1p1: 1523650048000
none: 4096

1745386656
/dev/nvme3n1p1: 1523652558848
none: 4096

1745386658
/dev/nvme3n1p1: 1523656265728
none: 4096

1745386659
/dev/nvme3n1p1: 1523658530816
none: 4096

1745386660
/dev/nvme3n1p1: 1523662422016
none: 4096

1745386662
/dev/nvme3n1p1: 1523665551360
none: 4096

1745386663
/dev/nvme3n1p1: 1523667357696
none: 1122304

1745386664
/dev/nvme3n1p1: 1523693170688
none: 4096

1745386665
/dev/nvme3n1p1: 1523687030784
none: 4096

1745386666
/dev/nvme3n1p1: 1523693015040
none: 4096

1745386667
/dev/nvme3n1p1: 1523696484352
none: 4096

1745386668
/dev/nvme3n1p1: 1523699245056
none: 4096

1745386669
/dev/nvme3n1p1: 1523703050240
none: 4096

1745386670
/dev/nvme3n1p1: 1523706884096
none: 4096

1745386671
/dev/nvme3n1p1: 1523708497920
none: 4096

1745386672
/dev/nvme3n1p1: 1523710091264
none: 4096

1745386673
/dev/nvme3n1p1: 1523712163840
none: 4096

1745386674
/dev/nvme3n1p1: 1523713818624
none: 8192

1745386675
/dev/nvme3n1p1: 1523714981888
none: 4096

1745386676
/dev/nvme3n1p1: 1523716653056
none: 1196032

1745386677
/dev/nvme3n1p1: 1523718774784
none: 4096

1745386678
/dev/nvme3n1p1: 1523723706368
none: 4096

1745386680
/dev/nvme3n1p1: 1523729199104
none: 4096

1745386682
/dev/nvme3n1p1: 1523732168704
none: 4096

1745386683
/dev/nvme3n1p1: 1523733528576
none: 323584

1745386684
/dev/nvme3n1p1: 1523735670784
none: 4096

1745386686
/dev/nvme3n1p1: 1523740913664
none: 4096

1745386687
/dev/nvme3n1p1: 1523741753344
none: 4096

1745386688
/dev/nvme3n1p1: 1523749498880
none: 4096

1745386689
/dev/nvme3n1p1: 1523759910912
none: 458752

1745386690
/dev/nvme3n1p1: 1523761844224
none: 4096

1745386692
/dev/nvme3n1p1: 1523774382080
none: 4096

1745386693
/dev/nvme3n1p1: 1523647533056
none: 4096

1745386695
/dev/nvme3n1p1: 1523547688960
none: 4096

1745386696
/dev/nvme3n1p1: 1523550117888
none: 4096

1745386697
/dev/nvme3n1p1: 1523556478976
none: 4096

1745386698
/dev/nvme3n1p1: 1523558563840
none: 20480

1745386700
/dev/nvme3n1p1: 1523564318720
none: 20480

1745386701
/dev/nvme3n1p1: 1523565993984
none: 4096

1745386702
/dev/nvme3n1p1: 1523575136256
none: 4096

1745386703
/dev/nvme3n1p1: 1523580686336
none: 4096

1745386704
/dev/nvme3n1p1: 1523581861888
none: 4096

1745386705
/dev/nvme3n1p1: 1523505860608
none: 4096

1745386706
/dev/nvme3n1p1: 1523500445696
none: 4096

1745386707
/dev/nvme3n1p1: 1523500191744
none: 1032192

1745386708
/dev/nvme3n1p1: 1523502219264
none: 4096

1745386709
/dev/nvme3n1p1: 1523504726016
none: 4096

1745386710
/dev/nvme3n1p1: 1523510677504
none: 4096

1745386711
/dev/nvme3n1p1: 1523513376768
none: 28672

1745386712
/dev/nvme3n1p1: 1523514540032
none: 4096

1745386713
/dev/nvme3n1p1: 1523497463808
none: 4096

1745386715
/dev/nvme3n1p1: 1523480666112
none: 4096

1745386717
/dev/nvme3n1p1: 1523487186944
none: 4096

1745386719
/dev/nvme3n1p1: 1523491540992
none: 4096

1745386720
/dev/nvme3n1p1: 1523492069376
none: 4096

1745386722
/dev/nvme3n1p1: 1523494789120
none: 4096

1745386723
/dev/nvme3n1p1: 1523509825536
none: 4096

1745386724
/dev/nvme3n1p1: 1523511013376
none: 4096

1745386726
/dev/nvme3n1p1: 1523405996032
none: 4096

1745386727
/dev/nvme3n1p1: 1523409076224
none: 4096

1745386729
/dev/nvme3n1p1: 1523410825216
none: 4096

1745386731
/dev/nvme3n1p1: 1523423694848
none: 2416640

1745386732
/dev/nvme3n1p1: 1523425841152
none: 4096

1745386734
/dev/nvme3n1p1: 1523431084032
none: 4096

1745386735
/dev/nvme3n1p1: 1523432046592
none: 8192

1745386736
/dev/nvme3n1p1: 1523433537536
none: 4096

1745386737
/dev/nvme3n1p1: 1523440340992
none: 4096

1745386738
/dev/nvme3n1p1: 1523449872384
none: 4096

1745386739
/dev/nvme3n1p1: 1523452649472
none: 4096

1745386740
/dev/nvme3n1p1: 1523453681664
none: 1081344

1745386741
/dev/nvme3n1p1: 1523455225856
none: 4096

1745386742
/dev/nvme3n1p1: 1523456913408
none: 4096

1745386743
/dev/nvme3n1p1: 1523460841472
none: 4096

1745386744
/dev/nvme3n1p1: 1523462340608
none: 4096

1745386746
/dev/nvme3n1p1: 1523465465856
none: 4096

1745386747
/dev/nvme3n1p1: 1523467513856
none: 4096

1745386748
/dev/nvme3n1p1: 1523469135872
none: 4096

1745386749
/dev/nvme3n1p1: 1523470843904
none: 16384

1745386750
/dev/nvme3n1p1: 1523474939904
none: 4096

1745386752
/dev/nvme3n1p1: 1523484758016
none: 4096

1745386753
/dev/nvme3n1p1: 1523487334400
none: 4096

1745386754
/dev/nvme3n1p1: 1523489247232
none: 4096

1745386755
/dev/nvme3n1p1: 1523490910208
none: 32768

1745386756
/dev/nvme3n1p1: 1523495075840
none: 4096

1745386757
/dev/nvme3n1p1: 1523512651776
none: 4096

1745386758
/dev/nvme3n1p1: 1523516166144
none: 4096

1745386759
/dev/nvme3n1p1: 1523529564160
none: 4096

1745386760
/dev/nvme3n1p1: 1523473940480
none: 4096

1745386761
/dev/nvme3n1p1: 1523370176512
none: 4096

1745386763
/dev/nvme3n1p1: 1523376119808
none: 4096

1745386764
/dev/nvme3n1p1: 1523376041984
none: 4096

1745386765
/dev/nvme3n1p1: 1523376726016
none: 4096

1745386766
/dev/nvme3n1p1: 1523377467392
none: 4096

1745386767
/dev/nvme3n1p1: 1523377643520
none: 1421312

1745386768
/dev/nvme3n1p1: 1523378065408
none: 4096

1745386769
/dev/nvme3n1p1: 1523379548160
none: 4096

1745386770
/dev/nvme3n1p1: 1523381379072
none: 4096

1745386771
/dev/nvme3n1p1: 1523386531840
none: 4096

1745386772
/dev/nvme3n1p1: 1523394809856
none: 4096

1745386773
/dev/nvme3n1p1: 1523401052160
none: 4096

1745386774
/dev/nvme3n1p1: 1523406827520
none: 4096

1745386775
/dev/nvme3n1p1: 1523417264128
none: 4096

1745386776
/dev/nvme3n1p1: 1523421638656
none: 4096

1745386778
/dev/nvme3n1p1: 1523437666304
none: 4096

1745386779
/dev/nvme3n1p1: 1523441451008
none: 4096

1745386780
/dev/nvme3n1p1: 1523446452224
none: 4096

1745386781
/dev/nvme3n1p1: 1523451109376
none: 4096

1745386782
/dev/nvme3n1p1: 1523452887040
none: 4096

1745386783
/dev/nvme3n1p1: 1523454980096
none: 4096

1745386784
/dev/nvme3n1p1: 1523457355776
none: 4096

1745386785
/dev/nvme3n1p1: 1523467681792
none: 4096

1745386787
/dev/nvme3n1p1: 1523475550208
none: 4096

1745386788
/dev/nvme3n1p1: 1523482554368
none: 4096

1745386789
/dev/nvme3n1p1: 1523498516480
none: 4096

1745386790
/dev/nvme3n1p1: 1523501232128
none: 4096

1745386791
/dev/nvme3n1p1: 1523507642368
none: 4096

1745386792
/dev/nvme3n1p1: 1523509780480
none: 4096

1745386793
/dev/nvme3n1p1: 1523518066688
none: 4096

1745386794
/dev/nvme3n1p1: 1523521675264
none: 4096

1745386795
/dev/nvme3n1p1: 1523524694016
none: 1134592

1745386796
/dev/nvme3n1p1: 1523525140480
none: 4096

1745386797
/dev/nvme3n1p1: 1523553533952
none: 4096

1745386798
/dev/nvme3n1p1: 1523585466368
none: 4096

1745386799
/dev/nvme3n1p1: 1523612712960
none: 4096

1745386800
/dev/nvme3n1p1: 1523641786368
none: 4096

1745386801
/dev/nvme3n1p1: 1523672342528
none: 4096

1745386802
/dev/nvme3n1p1: 1523697635328
none: 4096

1745386803
/dev/nvme3n1p1: 1523722715136
none: 4096

1745386804
/dev/nvme3n1p1: 1523747594240
none: 4096

1745386805
/dev/nvme3n1p1: 1523775041536
none: 4096

1745386806
/dev/nvme3n1p1: 1523799740416
none: 4096

1745386807
/dev/nvme3n1p1: 1523822948352
none: 4096

1745386808
/dev/nvme3n1p1: 1523853877248
none: 4096

1745386809
/dev/nvme3n1p1: 1523862503424
none: 4096

1745386810
/dev/nvme3n1p1: 1523868422144
none: 1175552

1745386811
/dev/nvme3n1p1: 1523881631744
none: 4096

1745386812
/dev/nvme3n1p1: 1523885240320
none: 1171456

1745386813
/dev/nvme3n1p1: 1523891175424
none: 4096

1745386814
/dev/nvme3n1p1: 1523896307712
none: 4096

1745386815
/dev/nvme3n1p1: 1523901222912
none: 4096

1745386816
/dev/nvme3n1p1: 1523906355200
none: 4096

1745386817
/dev/nvme3n1p1: 1523911442432
none: 4096

1745386818
/dev/nvme3n1p1: 1523916115968
none: 4096

1745386819
/dev/nvme3n1p1: 1524150542336
none: 4096

1745386820
/dev/nvme3n1p1: 1524156960768
none: 4096

1745386821
/dev/nvme3n1p1: 1524160364544
none: 4096

1745386822
/dev/nvme3n1p1: 1524164075520
none: 4096

1745386823
/dev/nvme3n1p1: 1524167684096
none: 4096

1745386824
/dev/nvme3n1p1: 1524173058048
none: 4096

1745386825
/dev/nvme3n1p1: 1524179849216
none: 4096

1745386827
/dev/nvme3n1p1: 1524188463104
none: 4096

1745386828
/dev/nvme3n1p1: 1524193046528
none: 4096

1745386829
/dev/nvme3n1p1: 1524198805504
none: 57344

1745386830
/dev/nvme3n1p1: 1524201648128
none: 4096

1745386831
/dev/nvme3n1p1: 1524207112192
none: 1105920

1745386832
/dev/nvme3n1p1: 1524214562816
none: 4096

1745386833
/dev/nvme3n1p1: 1524217094144
none: 4096

1745386834
/dev/nvme3n1p1: 1524217470976
none: 1261568

1745386835
/dev/nvme3n1p1: 1524219682816
none: 4096

1745386836
/dev/nvme3n1p1: 1523897393152
none: 4096

1745386837
/dev/nvme3n1p1: 1522774458368
none: 4096

1745386838
/dev/nvme3n1p1: 1522750902272
none: 4096

1745386840
/dev/nvme3n1p1: 1522765459456
none: 4096

1745386841
/dev/nvme3n1p1: 1522770243584
none: 1007616

1745386842
/dev/nvme3n1p1: 1522774405120
none: 4096

1745386843
/dev/nvme3n1p1: 1522776141824
none: 4096

1745386844
/dev/nvme3n1p1: 1522784673792
none: 4096

1745386846
/dev/nvme3n1p1: 1522798657536
none: 4096

1745386848
/dev/nvme3n1p1: 1522825732096
none: 4096

1745386849
/dev/nvme3n1p1: 1522885554176
none: 4096

1745386851
/dev/nvme3n1p1: 1522976161792
none: 4096

1745386852
/dev/nvme3n1p1: 1523055104000
none: 4096

1745386854
/dev/nvme3n1p1: 1523139301376
none: 4096

1745386855
/dev/nvme3n1p1: 1523158790144
none: 4096

1745386856
/dev/nvme3n1p1: 1523161661440
none: 4096

1745386857
/dev/nvme3n1p1: 1523168329728
none: 49152

1745386858
/dev/nvme3n1p1: 1523191758848
none: 4096

1745386859
/dev/nvme3n1p1: 1523240402944
none: 49152

1745386860
/dev/nvme3n1p1: 1523274375168
none: 4096

1745386861
/dev/nvme3n1p1: 1523296989184
none: 32768

1745386862
/dev/nvme3n1p1: 1523305127936
none: 4096

1745386863
/dev/nvme3n1p1: 1523310653440
none: 1114112

1745386864
/dev/nvme3n1p1: 1523316494336
none: 4096

1745386865
/dev/nvme3n1p1: 1523322331136
none: 1863680

1745386866
/dev/nvme3n1p1: 1523341811712
none: 4096

1745386867
/dev/nvme3n1p1: 1523355820032
none: 4096

1745386869
/dev/nvme3n1p1: 1523225153536
none: 4096

1745386870
/dev/nvme3n1p1: 1523230007296
none: 4096

1745386872
/dev/nvme3n1p1: 1523239849984
none: 4096

1745386873
/dev/nvme3n1p1: 1523215872000
none: 4096

1745386874
/dev/nvme3n1p1: 1523205939200
none: 4096

1745386875
/dev/nvme3n1p1: 1523208474624
none: 1880064

1745386876
/dev/nvme3n1p1: 1523213795328
none: 4096

1745386877
/dev/nvme3n1p1: 1523220369408
none: 4096

1745386878
/dev/nvme3n1p1: 1523222159360
none: 20480

1745386879
/dev/nvme3n1p1: 1523225124864
none: 4096

1745386880
/dev/nvme3n1p1: 1523298066432
none: 311296

1745386881
/dev/nvme3n1p1: 1523287457792
none: 4096

1745386883
/dev/nvme3n1p1: 1523290046464
none: 4096

1745386884
/dev/nvme3n1p1: 1523311374336
none: 4096

1745386885
/dev/nvme3n1p1: 1523318542336
none: 1261568

1745386887
/dev/nvme3n1p1: 1523322081280
none: 4096

1745386888
/dev/nvme3n1p1: 1523322531840
none: 1323008

1745386889
/dev/nvme3n1p1: 1523324854272
none: 4096

1745386890
/dev/nvme3n1p1: 1523335282688
none: 4096

1745386891
/dev/nvme3n1p1: 1523338977280
none: 4096

1745386892
/dev/nvme3n1p1: 1522379968512
none: 4096

1745386893
/dev/nvme3n1p1: 1522000293888
none: 4096

1745386894
/dev/nvme3n1p1: 1522001166336
none: 4096

1745386895
/dev/nvme3n1p1: 1522002083840
none: 4096

1745386897
/dev/nvme3n1p1: 1522014523392
none: 4096

1745386898
/dev/nvme3n1p1: 1522018254848
none: 4096

1745386899
/dev/nvme3n1p1: 1522006933504
none: 4096

1745386900
/dev/nvme3n1p1: 1522014752768
none: 4096

1745386901
/dev/nvme3n1p1: 1522018107392
none: 4096

1745386903
/dev/nvme3n1p1: 1522024284160
none: 4096

1745386904
/dev/nvme3n1p1: 1522027061248
none: 4096

1745386906
/dev/nvme3n1p1: 1522033803264
none: 4096

1745386907
/dev/nvme3n1p1: 1522040352768
none: 114688

1745386908
/dev/nvme3n1p1: 1522044784640
none: 2887680

1745386909
/dev/nvme3n1p1: 1522056187904
none: 4096

1745386910
/dev/nvme3n1p1: 1522068938752
none: 4096

1745386911
/dev/nvme3n1p1: 1522070761472
none: 4096

1745386913
/dev/nvme3n1p1: 1522089078784
none: 4096

1745386914
/dev/nvme3n1p1: 1522094309376
none: 4096

1745386916
/dev/nvme3n1p1: 1522095767552
none: 299008

1745386917
/dev/nvme3n1p1: 1522097287168
none: 3796992

1745386918
/dev/nvme3n1p1: 1522078113792
none: 4096

1745386919
/dev/nvme3n1p1: 1522086535168
none: 4096

1745386921
/dev/nvme3n1p1: 1522108104704
none: 4096

1745386922
/dev/nvme3n1p1: 1522109321216
none: 12288

1745386923
/dev/nvme3n1p1: 1522115858432
none: 4096

1745386925
/dev/nvme3n1p1: 1521462382592
none: 4096

1745386926
/dev/nvme3n1p1: 1521463672832
none: 4096

1745386927
/dev/nvme3n1p1: 1521472389120
none: 1130496

1745386928
/dev/nvme3n1p1: 1521474523136
none: 4096

1745386929
/dev/nvme3n1p1: 1521476988928
none: 4096

1745386930
/dev/nvme3n1p1: 1521478975488
none: 8192

1745386931
/dev/nvme3n1p1: 1521480482816
none: 4096

1745386932
/dev/nvme3n1p1: 1521488977920
none: 4096

1745386933
/dev/nvme3n1p1: 1521541693440
none: 4096

1745386934
/dev/nvme3n1p1: 1521885261824
none: 4096

1745386935
/dev/nvme3n1p1: 1521792249856
none: 1503232

1745386936
/dev/nvme3n1p1: 1521803857920
none: 4096

1745386937
/dev/nvme3n1p1: 1521813274624
none: 4096

1745386938
/dev/nvme3n1p1: 1521826136064
none: 4096

1745386939
/dev/nvme3n1p1: 1521829416960
none: 4096

1745386940
/dev/nvme3n1p1: 1521830862848
none: 4096

1745386941
/dev/nvme3n1p1: 1521834524672
none: 4096

1745386942
/dev/nvme3n1p1: 1521837117440
none: 4096

1745386943
/dev/nvme3n1p1: 1521839951872
none: 212992

1745386944
/dev/nvme3n1p1: 1521875169280
none: 4096

1745386946
/dev/nvme3n1p1: 1521878114304
none: 4096

1745386947
/dev/nvme3n1p1: 1521878867968
none: 4096

1745386948
/dev/nvme3n1p1: 1521889615872
none: 4096

1745386949
/dev/nvme3n1p1: 1521902469120
none: 4096

1745386950
/dev/nvme3n1p1: 1521908719616
none: 643072

1745386952
/dev/nvme3n1p1: 1522037166080
none: 49152

1745386953
/dev/nvme3n1p1: 1522066558976
none: 548864

1745386954
/dev/nvme3n1p1: 1522087067648
none: 4096

1745386955
/dev/nvme3n1p1: 1522105643008
none: 528384

1745386956
/dev/nvme3n1p1: 1522116452352
none: 544768

1745386957
/dev/nvme3n1p1: 1522119409664
none: 4096

1745386958
/dev/nvme3n1p1: 1522121875456
none: 4096

1745386959
/dev/nvme3n1p1: 1522126307328
none: 4096

1745386960
/dev/nvme3n1p1: 1522130436096
none: 36864

1745386961
/dev/nvme3n1p1: 1522209878016
none: 4096

1745386962
/dev/nvme3n1p1: 1522215440384
none: 4096

1745386963
/dev/nvme3n1p1: 1521867173888
none: 4096

1745386964
/dev/nvme3n1p1: 1521225568256
none: 4096

1745386966
/dev/nvme3n1p1: 1521111515136
none: 4096

1745386967
/dev/nvme3n1p1: 1521121222656
none: 4096

1745386968
/dev/nvme3n1p1: 1521124253696
none: 184320

1745386969
/dev/nvme3n1p1: 1521125990400
none: 4096

1745386970
/dev/nvme3n1p1: 1521130512384
none: 4096

1745386971
/dev/nvme3n1p1: 1521135898624
none: 4096

1745386973
/dev/nvme3n1p1: 1521152970752
none: 24576

1745386974
/dev/nvme3n1p1: 1521155710976
none: 4096

1745386975
/dev/nvme3n1p1: 1521157079040
none: 4096

1745386976
/dev/nvme3n1p1: 1521163083776
none: 4096

1745386978
/dev/nvme3n1p1: 1521177649152
none: 4096

1745386980
/dev/nvme3n1p1: 1521173336064
none: 4096

1745386981
/dev/nvme3n1p1: 1521174036480
none: 4096

1745386983
/dev/nvme3n1p1: 1521179365376
none: 4096

1745386984
/dev/nvme3n1p1: 1521184620544
none: 4096

1745386985
/dev/nvme3n1p1: 1521186201600
none: 196608

1745386986
/dev/nvme3n1p1: 1521188859904
none: 8192

1745386987
/dev/nvme3n1p1: 1521214017536
none: 4096

1745386988
/dev/nvme3n1p1: 1521216106496
none: 4096

1745386989
/dev/nvme3n1p1: 1521216819200
none: 339968

1745386990
/dev/nvme3n1p1: 1521219964928
none: 1191936

1745386991
/dev/nvme3n1p1: 1521227993088
none: 73728

1745386992
/dev/nvme3n1p1: 1521232732160
none: 73728

1745386993
/dev/nvme3n1p1: 1521233940480
none: 1675264

1745386994
/dev/nvme3n1p1: 1521237274624
none: 4096

1745386995
/dev/nvme3n1p1: 1521239719936
none: 4096

1745386996
/dev/nvme3n1p1: 1521248153600
none: 4096

1745386997
/dev/nvme3n1p1: 1521254793216
none: 1171456

1745386999
/dev/nvme3n1p1: 1521268588544
none: 36864

1745387001
/dev/nvme3n1p1: 1521309020160
none: 45056

1745387002
/dev/nvme3n1p1: 1521330733056
none: 4096

1745387003
/dev/nvme3n1p1: 1521368317952
none: 4096

1745387004
/dev/nvme3n1p1: 1521408774144
none: 4096

1745387005
/dev/nvme3n1p1: 1521427030016
none: 4096

1745387006
/dev/nvme3n1p1: 1521480175616
none: 4096

1745387007
/dev/nvme3n1p1: 1521532989440
none: 4096

1745387008
/dev/nvme3n1p1: 1521537925120
none: 4096

1745387009
/dev/nvme3n1p1: 1521539280896
none: 81920

1745387011
/dev/nvme3n1p1: 1521548673024
none: 4096

1745387012
/dev/nvme3n1p1: 1521552048128
none: 221184

1745387013
/dev/nvme3n1p1: 1521631973376
none: 2318336

1745387014
/dev/nvme3n1p1: 1521668898816
none: 4096

1745387016
/dev/nvme3n1p1: 1521677168640
none: 720896

1745387017
/dev/nvme3n1p1: 1521678565376
none: 53248

1745387018
/dev/nvme3n1p1: 1521686241280
none: 4096

1745387019
/dev/nvme3n1p1: 1521717235712
none: 4096

1745387020
/dev/nvme3n1p1: 1521727406080
none: 544768

1745387021
/dev/nvme3n1p1: 1521702739968
none: 4096

1745387022
/dev/nvme3n1p1: 1521706455040
none: 4096

1745387023
/dev/nvme3n1p1: 1521707954176
none: 4096

1745387025
/dev/nvme3n1p1: 1521710841856
none: 4096

1745387026
/dev/nvme3n1p1: 1521712054272
none: 73728

1745387027
/dev/nvme3n1p1: 1521713971200
none: 4096

1745387028
/dev/nvme3n1p1: 1521717477376
none: 634880

1745387029
/dev/nvme3n1p1: 1521726083072
none: 8192

1745387030
/dev/nvme3n1p1: 1521728839680
none: 4096

1745387032
/dev/nvme3n1p1: 1521734225920
none: 4096

1745387033
/dev/nvme3n1p1: 1521735327744
none: 4096

1745387034
/dev/nvme3n1p1: 1521739780096
none: 4096

1745387035
/dev/nvme3n1p1: 1521741168640
none: 4096

1745387036
/dev/nvme3n1p1: 1521744023552
none: 4096

1745387037
/dev/nvme3n1p1: 1521745350656
none: 61440

1745387038
/dev/nvme3n1p1: 1521747345408
none: 606208

1745387039
/dev/nvme3n1p1: 1521754972160
none: 40960

1745387040
/dev/nvme3n1p1: 1521784516608
none: 4096

1745387042
/dev/nvme3n1p1: 1521807994880
none: 155648

1745387043
/dev/nvme3n1p1: 1521828208640
none: 4096

1745387044
/dev/nvme3n1p1: 1521833848832
none: 4096

1745387046
/dev/nvme3n1p1: 1521847083008
none: 1515520

1745387047
/dev/nvme3n1p1: 1521867268096
none: 4096

1745387048
/dev/nvme3n1p1: 1521908887552
none: 946176

1745387050
/dev/nvme3n1p1: 1521945718784
none: 344064

1745387052
/dev/nvme3n1p1: 1521993388032
none: 1126400

1745387053
/dev/nvme3n1p1: 1521968779264
none: 675840

1745387054
/dev/nvme3n1p1: 1522006974464
none: 2691072

1745387055
/dev/nvme3n1p1: 1522071404544
none: 573440

1745387057
/dev/nvme3n1p1: 1522132791296
none: 32768

1745387059
/dev/nvme3n1p1: 1522161790976
none: 86016

1745387060
/dev/nvme3n1p1: 1522177073152
none: 4096

1745387061
/dev/nvme3n1p1: 1522191331328
none: 290816

1745387062
/dev/nvme3n1p1: 1522200600576
none: 69632

1745387064
/dev/nvme3n1p1: 1522232696832
none: 4096

1745387065
/dev/nvme3n1p1: 1522250407936
none: 77824

1745387067
/dev/nvme3n1p1: 1522302189568
none: 4096

1745387069
/dev/nvme3n1p1: 1522347487232
none: 1134592

1745387070
/dev/nvme3n1p1: 1522395451392
none: 4096

1745387071
/dev/nvme3n1p1: 1522454605824
none: 393216

1745387072
/dev/nvme3n1p1: 1522526560256
none: 679936

1745387073
/dev/nvme3n1p1: 1522561675264
none: 3108864

1745387074
/dev/nvme3n1p1: 1522624307200
none: 4096

1745387075
/dev/nvme3n1p1: 1523066032128
none: 4096

1745387077
/dev/nvme3n1p1: 1524101910528
none: 8192

1745387078
/dev/nvme3n1p1: 1524534337536
none: 4096

1745387079
/dev/nvme3n1p1: 1524629471232
none: 8192

1745387080
/dev/nvme3n1p1: 1524679675904
none: 602112

1745387082
/dev/nvme3n1p1: 1524702228480
none: 4096

1745387084
/dev/nvme3n1p1: 1524733685760
none: 4096

1745387085
/dev/nvme3n1p1: 1525086212096
none: 4096

1745387087
/dev/nvme3n1p1: 1525325414400
none: 4096

1745387089
/dev/nvme3n1p1: 1525437050880
none: 8192

1745387090
/dev/nvme3n1p1: 1525457371136
none: 811008

1745387091
/dev/nvme3n1p1: 1525483483136
none: 8192

1745387092
/dev/nvme3n1p1: 1525497864192
none: 8192

1745387094
/dev/nvme3n1p1: 1523931918336
none: 4096

1745387096
/dev/nvme3n1p1: 1523837284352
none: 36864

1745387098
/dev/nvme3n1p1: 1523023376384
none: 4096

1745387099
/dev/nvme3n1p1: 1520399532032
none: 4096

1745387100
/dev/nvme3n1p1: 1519826530304
none: 712704

1745387101
/dev/nvme3n1p1: 1519843352576
none: 4096

1745387103
/dev/nvme3n1p1: 1519862132736
none: 1921024

1745387104
/dev/nvme3n1p1: 1519882448896
none: 4096

1745387105
/dev/nvme3n1p1: 1519935094784
none: 8192

1745387107
/dev/nvme3n1p1: 1519966281728
none: 28672

1745387109
/dev/nvme3n1p1: 1519970988032
none: 188416

1745387110
/dev/nvme3n1p1: 1520038445056
none: 962560

1745387111
/dev/nvme3n1p1: 1520077271040
none: 2424832

1745387112
/dev/nvme3n1p1: 1520112893952
none: 8515584

1745387114
/dev/nvme3n1p1: 1520131137536
none: 1458176

1745387115
/dev/nvme3n1p1: 1520150867968
none: 4415488

1745387116
/dev/nvme3n1p1: 1520179806208
none: 7319552

1745387117
/dev/nvme3n1p1: 1520214478848
none: 12255232

1745387119
/dev/nvme3n1p1: 1520238829568
none: 3129344

1745387120
/dev/nvme3n1p1: 1520283369472
none: 11001856

1745387122
/dev/nvme3n1p1: 1520336138240
none: 7426048

1745387124
/dev/nvme3n1p1: 1520321159168
none: 14450688

1745387125
/dev/nvme3n1p1: 1520379854848
none: 21061632

1745387126
/dev/nvme3n1p1: 1520393232384
none: 14045184

1745387127
/dev/nvme3n1p1: 1520430309376
none: 32878592

1745387129
/dev/nvme3n1p1: 1520504709120
none: 11526144

1745387130
/dev/nvme3n1p1: 1520536637440
none: 8134656

1745387132
/dev/nvme3n1p1: 1520631779328
none: 16416768

1745387133
/dev/nvme3n1p1: 1520660717568
none: 6443008

1745387134
/dev/nvme3n1p1: 1520691687424
none: 8978432

1745387135
/dev/nvme3n1p1: 1520762826752
none: 11075584

1745387136
/dev/nvme3n1p1: 1520739307520
none: 4096

1745387137
/dev/nvme3n1p1: 1520921661440
none: 4096

1745387139
/dev/nvme3n1p1: 1520957886464
none: 3661824

1745387140
/dev/nvme3n1p1: 1520959881216
none: 3518464

1745387141
/dev/nvme3n1p1: 1520981155840
none: 3174400

1745387142
/dev/nvme3n1p1: 1520998199296
none: 1560576

1745387143
/dev/nvme3n1p1: 1521011290112
none: 7770112

1745387145
/dev/nvme3n1p1: 1521057505280
none: 4096

1745387147
/dev/nvme3n1p1: 1521081487360
none: 700416

1745387148
/dev/nvme3n1p1: 1521097179136
none: 4096

1745387150
/dev/nvme3n1p1: 1521129394176
none: 1527808

1745387151
/dev/nvme3n1p1: 1521168588800
none: 1867776

1745387153
/dev/nvme3n1p1: 1521184337920
none: 2555904

1745387155
/dev/nvme3n1p1: 1521975685120
none: 4096

1745387156
/dev/nvme3n1p1: 1521976451072
none: 544768

1745387158
/dev/nvme3n1p1: 1522015420416
none: 331776

1745387159
/dev/nvme3n1p1: 1522598133760
none: 86016

1745387160
/dev/nvme3n1p1: 1523161436160
none: 86016

1745387161
/dev/nvme3n1p1: 1523188531200
none: 8192

1745387163
/dev/nvme3n1p1: 1524375883776
none: 8192

1745387164
/dev/nvme3n1p1: 1524402229248
none: 4096

1745387165
/dev/nvme3n1p1: 1524611805184
none: 4096

1745387166
/dev/nvme3n1p1: 1524882722816
none: 4096

1745387168
/dev/nvme3n1p1: 1525029203968
none: 4096

1745387169
/dev/nvme3n1p1: 1525343076352
none: 4096

1745387171
/dev/nvme3n1p1: 1526375026688
none: 4096

1745387173
/dev/nvme3n1p1: 1526733594624
none: 4096

1745387174
/dev/nvme3n1p1: 1526508498944
none: 4096

1745387176
/dev/nvme3n1p1: 1525934407680
none: 4096

1745387177
/dev/nvme3n1p1: 1525980123136
none: 4096

1745387179
/dev/nvme3n1p1: 1526057086976
none: 4096

1745387180
/dev/nvme3n1p1: 1526078537728
none: 4096

1745387181
/dev/nvme3n1p1: 1526041034752
none: 4096

1745387183
/dev/nvme3n1p1: 1527548497920
none: 4096

1745387184
/dev/nvme3n1p1: 1527540580352
none: 4096

1745387185
/dev/nvme3n1p1: 1527552774144
none: 4096

1745387187
/dev/nvme3n1p1: 1527522021376
none: 630784

1745387189
/dev/nvme3n1p1: 1527808610304
none: 749568

1745387191
/dev/nvme3n1p1: 1527829630976
none: 4169728

1745387192
/dev/nvme3n1p1: 1528252928000
none: 12288

1745387194
/dev/nvme3n1p1: 1530579185664
none: 4096

1745387195
/dev/nvme3n1p1: 1531892424704
none: 8192

1745387196
/dev/nvme3n1p1: 1531525791744
none: 8192

1745387197
/dev/nvme3n1p1: 1530957139968
none: 4096

1745387199
/dev/nvme3n1p1: 1528461217792
none: 8192

1745387200
/dev/nvme3n1p1: 1528461291520
none: 4096

1745387202
/dev/nvme3n1p1: 1528466452480
none: 4096

1745387203
/dev/nvme3n1p1: 1528473235456
none: 8192

1745387204
/dev/nvme3n1p1: 1528491937792
none: 4096

1745387206
/dev/nvme3n1p1: 1528528363520
none: 4096

1745387211
/dev/nvme3n1p1: 1528600842240
none: 4096

1745387212
/dev/nvme3n1p1: 1528623243264
none: 4096

1745387214
/dev/nvme3n1p1: 1528674123776
none: 4096

1745387215
/dev/nvme3n1p1: 1528709873664
none: 4096

1745387217
/dev/nvme3n1p1: 1528831447040
none: 4096

1745387218
/dev/nvme3n1p1: 1528931868672
none: 4096

1745387219
/dev/nvme3n1p1: 1529017561088
none: 4096

1745387220
/dev/nvme3n1p1: 1529139281920
none: 4096

1745387221
/dev/nvme3n1p1: 1529211838464
none: 4096

1745387222
/dev/nvme3n1p1: 1529312239616
none: 4096

1745387223
/dev/nvme3n1p1: 1529441873920
none: 4096

1745387224
/dev/nvme3n1p1: 1529521086464
none: 4096

1745387225
/dev/nvme3n1p1: 1529531252736
none: 4096

1745387227
/dev/nvme3n1p1: 1529205583872
none: 4096

1745387228
/dev/nvme3n1p1: 1529209925632
none: 4096

1745387230
/dev/nvme3n1p1: 1529219112960
none: 4096

1745387231
/dev/nvme3n1p1: 1529223151616
none: 4096

1745387232
/dev/nvme3n1p1: 1529223962624
none: 4096

1745387234
/dev/nvme3n1p1: 1529228034048
none: 4096

1745387236
/dev/nvme3n1p1: 1529234935808
none: 4096

1745387238
/dev/nvme3n1p1: 1529238487040
none: 4096

1745387239
/dev/nvme3n1p1: 1529249239040
none: 4096

1745387240
/dev/nvme3n1p1: 1529249947648
none: 4096

1745387241
/dev/nvme3n1p1: 1529252700160
none: 4096

1745387242
/dev/nvme3n1p1: 1529254514688
none: 4096

1745387243
/dev/nvme3n1p1: 1529258049536
none: 4096

1745387244
/dev/nvme3n1p1: 1529260097536
none: 4096

1745387245
/dev/nvme3n1p1: 1529262018560
none: 4096

1745387247
/dev/nvme3n1p1: 1529267900416
none: 4096

1745387248
/dev/nvme3n1p1: 1529278480384
none: 4096

1745387249
/dev/nvme3n1p1: 1529281642496
none: 4096

1745387250
/dev/nvme3n1p1: 1529285332992
none: 4096

1745387251
/dev/nvme3n1p1: 1529288802304
none: 4096

1745387252
/dev/nvme3n1p1: 1529290035200
none: 4096

1745387253
/dev/nvme3n1p1: 1529291927552
none: 4096

1745387254
/dev/nvme3n1p1: 1529293447168
none: 4096

1745387255
/dev/nvme3n1p1: 1529294647296
none: 4096

1745387256
/dev/nvme3n1p1: 1529297231872
none: 4096

1745387257
/dev/nvme3n1p1: 1529298534400
none: 4096

1745387258
/dev/nvme3n1p1: 1529305300992
none: 4096

1745387260
/dev/nvme3n1p1: 1529308258304
none: 4096

1745387261
/dev/nvme3n1p1: 1529309659136
none: 4096

1745387262
/dev/nvme3n1p1: 1529311252480
none: 4096

1745387264
/dev/nvme3n1p1: 1529314541568
none: 4096

1745387265
/dev/nvme3n1p1: 1529316651008
none: 4096

1745387266
/dev/nvme3n1p1: 1529318211584
none: 4096

1745387267
/dev/nvme3n1p1: 1529319407616
none: 4096

1745387268
/dev/nvme3n1p1: 1529334382592
none: 4096

1745387270
/dev/nvme3n1p1: 1529338449920
none: 4096

1745387271
/dev/nvme3n1p1: 1529341157376
none: 4096

1745387272
/dev/nvme3n1p1: 1529353269248
none: 4096

1745387274
/dev/nvme3n1p1: 1529344393216
none: 4096

1745387275
/dev/nvme3n1p1: 1529349292032
none: 4096

1745387276
/dev/nvme3n1p1: 1529350656000
none: 4096

1745387278
/dev/nvme3n1p1: 1529356644352
none: 4096

1745387279
/dev/nvme3n1p1: 1529322213376
none: 4096

1745387280
/dev/nvme3n1p1: 1529323380736
none: 4096

1745387281
/dev/nvme3n1p1: 1529324978176
none: 4096

1745387282
/dev/nvme3n1p1: 1529335484416
none: 4096

1745387283
/dev/nvme3n1p1: 1529295278080
none: 4096

1745387284
/dev/nvme3n1p1: 1529296650240
none: 4096

1745387285
/dev/nvme3n1p1: 1529298550784
none: 4096

1745387287
/dev/nvme3n1p1: 1529288232960
none: 4096

1745387288
/dev/nvme3n1p1: 1529289035776
none: 4096

1745387289
/dev/nvme3n1p1: 1529291169792
none: 4096

1745387290
/dev/nvme3n1p1: 1529292247040
none: 4096

1745387291
/dev/nvme3n1p1: 1529293004800
none: 4096

1745387292
/dev/nvme3n1p1: 1529283198976
none: 4096

1745387293
/dev/nvme3n1p1: 1529282428928
none: 4096

1745387294
/dev/nvme3n1p1: 1529282744320
none: 4096

1745387295
/dev/nvme3n1p1: 1529283448832
none: 4096

1745387297
/dev/nvme3n1p1: 1529286176768
none: 4096

1745387298
/dev/nvme3n1p1: 1529307041792
none: 4096

1745387299
/dev/nvme3n1p1: 1529309278208
none: 4096

1745387301
/dev/nvme3n1p1: 1529311924224
none: 4096

1745387302
/dev/nvme3n1p1: 1529313275904
none: 4096

1745387303
/dev/nvme3n1p1: 1529320034304
none: 4096

1745387304
/dev/nvme3n1p1: 1529321865216
none: 4096

1745387306
/dev/nvme3n1p1: 1529327869952
none: 4096

1745387307
/dev/nvme3n1p1: 1529331716096
none: 4096

1745387308
/dev/nvme3n1p1: 1529333415936
none: 4096

1745387310
/dev/nvme3n1p1: 1529356955648
none: 4096

1745387311
/dev/nvme3n1p1: 1529359167488
none: 4096

1745387312
/dev/nvme3n1p1: 1529362874368
none: 4096

1745387313
/dev/nvme3n1p1: 1529364860928
none: 4096

1745387314
/dev/nvme3n1p1: 1529369747456
none: 4096

1745387316
/dev/nvme3n1p1: 1529374420992
none: 4096

1745387317
/dev/nvme3n1p1: 1529388498944
none: 4096

1745387318
/dev/nvme3n1p1: 1529393475584
none: 4096

1745387319
/dev/nvme3n1p1: 1529429835776
none: 4096

1745387320
/dev/nvme3n1p1: 1529518161920
none: 4096

1745387321
/dev/nvme3n1p1: 1529567686656
none: 4096

1745387322
/dev/nvme3n1p1: 1529611919360
none: 4096

1745387323
/dev/nvme3n1p1: 1529684750336
none: 4096

1745387324
/dev/nvme3n1p1: 1529751076864
none: 4096

1745387325
/dev/nvme3n1p1: 1529843752960
none: 4096

1745387326
/dev/nvme3n1p1: 1529901674496
none: 4096

1745387327
/dev/nvme3n1p1: 1529965084672
none: 4096

1745387329
/dev/nvme3n1p1: 1529659047936
none: 4096

1745387331
/dev/nvme3n1p1: 1529666007040
none: 4096

1745387332
/dev/nvme3n1p1: 1529680216064
none: 4096

1745387334
/dev/nvme3n1p1: 1530113462272
none: 4096

1745387335
/dev/nvme3n1p1: 1530214916096
none: 4096

1745387336
/dev/nvme3n1p1: 1530224996352
none: 4096

1745387337
/dev/nvme3n1p1: 1530225541120
none: 4096

1745387339
/dev/nvme3n1p1: 1527340437504
none: 4096

1745387340
/dev/nvme3n1p1: 1525139714048
none: 4096

1745387341
/dev/nvme3n1p1: 1525142097920
none: 4096

1745387343
/dev/nvme3n1p1: 1525079965696
none: 4096

1745387345
/dev/nvme3n1p1: 1525128065024
none: 4096

1745387346
/dev/nvme3n1p1: 1525134733312
none: 4096

1745387347
/dev/nvme3n1p1: 1525137854464
none: 4096

1745387348
/dev/nvme3n1p1: 1525140062208
none: 4096

1745387350
/dev/nvme3n1p1: 1525173063680
none: 4096

1745387351
/dev/nvme3n1p1: 1525173866496
none: 4096

1745387353
/dev/nvme3n1p1: 1525155069952
none: 4096

1745387354
/dev/nvme3n1p1: 1525156016128
none: 4096

1745387355
/dev/nvme3n1p1: 1525157486592
none: 4096

1745387356
/dev/nvme3n1p1: 1525160722432
none: 4096

1745387357
/dev/nvme3n1p1: 1525164638208
none: 4096

1745387358
/dev/nvme3n1p1: 1525167026176
none: 4096

1745387360
/dev/nvme3n1p1: 1525195522048
none: 4096

1745387361
/dev/nvme3n1p1: 1525197979648
none: 4096

1745387362
/dev/nvme3n1p1: 1525201817600
none: 8192

1745387364
/dev/nvme3n1p1: 1525218615296
none: 4096

1745387366
/dev/nvme3n1p1: 1525221048320
none: 8192

1745387368
/dev/nvme3n1p1: 1525223223296
none: 8192

1745387369
/dev/nvme3n1p1: 1525225717760
none: 8192

1745387370
/dev/nvme3n1p1: 1525228392448
none: 4096

1745387371
/dev/nvme3n1p1: 1525241475072
none: 8192

1745387372
/dev/nvme3n1p1: 1525244530688
none: 12288

1745387374
/dev/nvme3n1p1: 1525200535552
none: 4096

1745387375
/dev/nvme3n1p1: 1525202026496
none: 4096

1745387376
/dev/nvme3n1p1: 1525072736256
none: 4096

1745387377
/dev/nvme3n1p1: 1525070262272
none: 4096

1745387378
/dev/nvme3n1p1: 1524974825472
none: 8192

1745387379
/dev/nvme3n1p1: 1524980154368
none: 4096

1745387380
/dev/nvme3n1p1: 1524987457536
none: 4096

1745387382
/dev/nvme3n1p1: 1524990287872
none: 4096

1745387383
/dev/nvme3n1p1: 1524991528960
none: 4096

1745387384
/dev/nvme3n1p1: 1524994097152
none: 4096

1745387386
/dev/nvme3n1p1: 1525006594048
none: 4096

1745387387
/dev/nvme3n1p1: 1525007724544
none: 233472

1745387388
/dev/nvme3n1p1: 1525010919424
none: 4096

1745387389
/dev/nvme3n1p1: 1525013868544
none: 81920

1745387391
/dev/nvme3n1p1: 1525016342528
none: 36864

1745387392
/dev/nvme3n1p1: 1525018361856
none: 94208

1745387394
/dev/nvme3n1p1: 1525020434432
none: 4096

1745387395
/dev/nvme3n1p1: 1525021982720
none: 8192

1745387397
/dev/nvme3n1p1: 1525024694272
none: 8192

1745387398
/dev/nvme3n1p1: 1525027196928
none: 4096

1745387400
/dev/nvme3n1p1: 1525061025792
none: 4096

1745387401
/dev/nvme3n1p1: 1525063589888
none: 8192

1745387403
/dev/nvme3n1p1: 1525049442304
none: 8192

1745387404
/dev/nvme3n1p1: 1525050941440
none: 4096

1745387405
/dev/nvme3n1p1: 1525057953792
none: 4096

1745387406
/dev/nvme3n1p1: 1525063098368
none: 4096

1745387407
/dev/nvme3n1p1: 1525074739200
none: 4096

1745387408
/dev/nvme3n1p1: 1525076414464
none: 4096

1745387409
/dev/nvme3n1p1: 1525078151168
none: 4096

1745387411
/dev/nvme3n1p1: 1525080829952
none: 4096

1745387412
/dev/nvme3n1p1: 1525083320320
none: 4096

1745387413
/dev/nvme3n1p1: 1525087305728
none: 4096

1745387415
/dev/nvme3n1p1: 1525097582592
none: 4096

1745387417
/dev/nvme3n1p1: 1525102116864
none: 4096

1745387418
/dev/nvme3n1p1: 1525087342592
none: 4096

1745387419
/dev/nvme3n1p1: 1525089783808
none: 4096

1745387421
/dev/nvme3n1p1: 1525096034304
none: 4096

1745387422
/dev/nvme3n1p1: 1525104562176
none: 167936

1745387424
/dev/nvme3n1p1: 1525094920192
none: 4096

1745387425
/dev/nvme3n1p1: 1525095358464
none: 4096

1745387426
/dev/nvme3n1p1: 1525099507712
none: 4096

1745387427
/dev/nvme3n1p1: 1525103738880
none: 4096

1745387428
/dev/nvme3n1p1: 1525109923840
none: 4096

1745387430
/dev/nvme3n1p1: 1525117153280
none: 40960

1745387431
/dev/nvme3n1p1: 1525118205952
none: 4096

1745387432
/dev/nvme3n1p1: 1525121585152
none: 4096

1745387433
/dev/nvme3n1p1: 1525124100096
none: 4096

1745387434
/dev/nvme3n1p1: 1525124698112
none: 4096

1745387436
/dev/nvme3n1p1: 1525128749056
none: 135168

1745387437
/dev/nvme3n1p1: 1525132611584
none: 90112

1745387438
/dev/nvme3n1p1: 1525133361152
none: 4096

1745387439
/dev/nvme3n1p1: 1525133877248
none: 4096

1745387440
/dev/nvme3n1p1: 1525137432576
none: 4096

1745387441
/dev/nvme3n1p1: 1525139906560
none: 4096

1745387443
/dev/nvme3n1p1: 1525152579584
none: 4096

1745387444
/dev/nvme3n1p1: 1525153468416
none: 8192

1745387445
/dev/nvme3n1p1: 1525154406400
none: 12288

1745387446
/dev/nvme3n1p1: 1525164122112
none: 8192

1745387447
/dev/nvme3n1p1: 1525165617152
none: 8192

1745387448
/dev/nvme3n1p1: 1525166264320
none: 8192

1745387450
/dev/nvme3n1p1: 1525168836608
none: 8192

1745387451
/dev/nvme3n1p1: 1525170376704
none: 4096

1745387452
/dev/nvme3n1p1: 1525172088832
none: 4096

1745387454
/dev/nvme3n1p1: 1525174484992
none: 4096

1745387455
/dev/nvme3n1p1: 1525176328192
none: 4096

1745387456
/dev/nvme3n1p1: 1525176791040
none: 4096

1745387458
/dev/nvme3n1p1: 1525159706624
none: 4096

1745387459
/dev/nvme3n1p1: 1525161123840
none: 4096

1745387460
/dev/nvme3n1p1: 1525162487808
none: 4096

1745387462
/dev/nvme3n1p1: 1525165367296
none: 4096

1745387463
/dev/nvme3n1p1: 1525169344512
none: 4096

1745387464
/dev/nvme3n1p1: 1525172092928
none: 4096

1745387466
/dev/nvme3n1p1: 1525198168064
none: 4096

1745387467
/dev/nvme3n1p1: 1525201494016
none: 4096

1745387468
/dev/nvme3n1p1: 1525204062208
none: 4096

1745387469
/dev/nvme3n1p1: 1525205004288
none: 4096

1745387471
/dev/nvme3n1p1: 1525206654976
none: 4096

1745387473
/dev/nvme3n1p1: 1525208776704
none: 4096

1745387474
/dev/nvme3n1p1: 1525210992640
none: 4096

1745387475
/dev/nvme3n1p1: 1525214756864
none: 4096

1745387476
/dev/nvme3n1p1: 1525218557952
none: 4096

1745387477
/dev/nvme3n1p1: 1525221359616
none: 4096

1745387478
/dev/nvme3n1p1: 1525225402368
none: 4096

1745387479
/dev/nvme3n1p1: 1525236830208
none: 4096

1745387480
/dev/nvme3n1p1: 1525239275520
none: 4096

1745387481
/dev/nvme3n1p1: 1525253853184
none: 4096

1745387483
/dev/nvme3n1p1: 1525296705536
none: 4096

1745387485
/dev/nvme3n1p1: 1525266698240
none: 4096

1745387487
/dev/nvme3n1p1: 1525254762496
none: 4096

1745387489
/dev/nvme3n1p1: 1525274279936
none: 4096

1745387491
/dev/nvme3n1p1: 1525283606528
none: 4096

1745387493
/dev/nvme3n1p1: 1525288656896
none: 258048

1745387494
/dev/nvme3n1p1: 1525293539328
none: 4096

1745387496
/dev/nvme3n1p1: 1525298200576
none: 155648

1745387497
/dev/nvme3n1p1: 1525299179520
none: 4096

1745387499
/dev/nvme3n1p1: 1525302992896
none: 4096

1745387500
/dev/nvme3n1p1: 1525313736704
none: 73728

1745387501
/dev/nvme3n1p1: 1525315514368
none: 4096

1745387502
/dev/nvme3n1p1: 1525316775936
none: 516096

1745387503
/dev/nvme3n1p1: 1525318750208
none: 69632

1745387504
/dev/nvme3n1p1: 1525320421376
none: 561152

1745387505
/dev/nvme3n1p1: 1525322645504
none: 28672

1745387506
/dev/nvme3n1p1: 1525325086720
none: 4096

1745387507
/dev/nvme3n1p1: 1525325959168
none: 12288

1745387508
/dev/nvme3n1p1: 1525327040512
none: 4096

1745387509
/dev/nvme3n1p1: 1525328719872
none: 8192

1745387510
/dev/nvme3n1p1: 1525346185216
none: 8192

1745387512
/dev/nvme3n1p1: 1525377552384
none: 8192

1745387514
/dev/nvme3n1p1: 1525436751872
none: 4096

1745387515
/dev/nvme3n1p1: 1525508648960
none: 327680

1745387516
/dev/nvme3n1p1: 1525663088640
none: 241664

1745387517
/dev/nvme3n1p1: 1525683347456
none: 729088

1745387518
/dev/nvme3n1p1: 1525741854720
none: 1429504

1745387519
/dev/nvme3n1p1: 1525817270272
none: 12288

1745387521
/dev/nvme3n1p1: 1525940957184
none: 8192

1745387522
/dev/nvme3n1p1: 1525980372992
none: 8192

1745387524
/dev/nvme3n1p1: 1526013132800
none: 4096

1745387526
/dev/nvme3n1p1: 1526048915456
none: 499712

1745387528
/dev/nvme3n1p1: 1526034739200
none: 327680

1745387529
/dev/nvme3n1p1: 1526048473088
none: 327680

1745387531
/dev/nvme3n1p1: 1526063681536
none: 552960

1745387534
/dev/nvme3n1p1: 1526087000064
none: 4096

1745387535
/dev/nvme3n1p1: 1526067531776
none: 4096

1745387536
/dev/nvme3n1p1: 1526091894784
none: 4096

1745387538
/dev/nvme3n1p1: 1526105862144
none: 331776

1745387539
/dev/nvme3n1p1: 1526108000256
none: 4096

1745387540
/dev/nvme3n1p1: 1526109089792
none: 4096

1745387541
/dev/nvme3n1p1: 1526110638080
none: 4096

1745387542
/dev/nvme3n1p1: 1526112456704
none: 4096

1745387544
/dev/nvme3n1p1: 1526138785792
none: 4096

1745387545
/dev/nvme3n1p1: 1526142111744
none: 8192

1745387547
/dev/nvme3n1p1: 1526165389312
none: 4096

1745387549
/dev/nvme3n1p1: 1526190006272
none: 4096

1745387551
/dev/nvme3n1p1: 1526226534400
none: 8192

1745387552
/dev/nvme3n1p1: 1526257332224
none: 12288

1745387553
/dev/nvme3n1p1: 1527181545472
none: 397312

1745387554
/dev/nvme3n1p1: 1526251089920
none: 24576

1745387555
/dev/nvme3n1p1: 1524851347456
none: 8192

1745387556
/dev/nvme3n1p1: 1524063252480
none: 4096

1745387557
/dev/nvme3n1p1: 1523158806528
none: 4096

1745387558
/dev/nvme3n1p1: 1522664046592
none: 4096

1745387559
/dev/nvme3n1p1: 1522110382080
none: 4096

1745387561
/dev/nvme3n1p1: 1518309302272
none: 4096

1745387562
/dev/nvme3n1p1: 1515862470656
none: 122880

1745387564
/dev/nvme3n1p1: 1514123870208
none: 4096

1745387565
/dev/nvme3n1p1: 1511852187648
none: 4096

1745387567
/dev/nvme3n1p1: 1506894831616
none: 4096

1745387569
/dev/nvme3n1p1: 1503567507456
none: 659456

1745387571
/dev/nvme3n1p1: 1501869527040
none: 487424

1745387572
/dev/nvme3n1p1: 1501077258240
none: 696320

1745387573
/dev/nvme3n1p1: 1501084471296
none: 958464

1745387574
/dev/nvme3n1p1: 1501112041472
none: 159744

1745387576
/dev/nvme3n1p1: 1501156147200
none: 77824

1745387577
/dev/nvme3n1p1: 1501181865984
none: 4096

1745387578
/dev/nvme3n1p1: 1501194649600
none: 598016

1745387579
/dev/nvme3n1p1: 1501206396928
none: 380928

1745387580
/dev/nvme3n1p1: 1501230723072
none: 696320

1745387582
/dev/nvme3n1p1: 1501255135232
none: 4096

1745387583
/dev/nvme3n1p1: 1501120253952
none: 4096

1745387584
/dev/nvme3n1p1: 1501123235840
none: 581632

1745387585
/dev/nvme3n1p1: 1501139599360
none: 1888256

1745387587
/dev/nvme3n1p1: 1501183254528
none: 4096

1745387588
/dev/nvme3n1p1: 1501202948096
none: 4096

1745387590
/dev/nvme3n1p1: 1501217832960
none: 4096

1745387591
/dev/nvme3n1p1: 1501245550592
none: 8192

1745387592
/dev/nvme3n1p1: 1501259792384
none: 4096

1745387593
/dev/nvme3n1p1: 1501270806528
none: 4096

1745387594
/dev/nvme3n1p1: 1501286445056
none: 4096

1745387595
/dev/nvme3n1p1: 1501303554048
none: 8192

1745387596
/dev/nvme3n1p1: 1501327286272
none: 4096

1745387598
/dev/nvme3n1p1: 1501345951744
none: 8192

1745387600
/dev/nvme3n1p1: 1501316964352
none: 12288

1745387602
/dev/nvme3n1p1: 1501381804032
none: 4096

1745387603
/dev/nvme3n1p1: 1501419139072
none: 8192

1745387604
/dev/nvme3n1p1: 1501448982528
none: 4096

1745387607
/dev/nvme3n1p1: 1501522313216
none: 8192

1745387608
/dev/nvme3n1p1: 1501544407040
none: 8192

1745387609
/dev/nvme3n1p1: 1501555675136
none: 4096

1745387611
/dev/nvme3n1p1: 1501649207296
none: 4096

1745387612
/dev/nvme3n1p1: 1501456109568
none: 4096

1745387613
/dev/nvme3n1p1: 1501491843072
none: 4096

1745387615
/dev/nvme3n1p1: 1501491978240
none: 4096

1745387616
/dev/nvme3n1p1: 1501501452288
none: 4096

1745387617
/dev/nvme3n1p1: 1501562355712
none: 4096

1745387619
/dev/nvme3n1p1: 1501612797952
none: 4096

1745387620
/dev/nvme3n1p1: 1501653270528
none: 4096

1745387621
/dev/nvme3n1p1: 1501676998656
none: 4096

1745387623
/dev/nvme3n1p1: 1501629820928
none: 4096

1745387625
/dev/nvme3n1p1: 1501654745088
none: 4096

1745387627
/dev/nvme3n1p1: 1501507981312
none: 4096

1745387628
/dev/nvme3n1p1: 1501653155840
none: 4096

1745387630
/dev/nvme3n1p1: 1501764050944
none: 8192

1745387631
/dev/nvme3n1p1: 1501791232000
none: 4096

1745387633
/dev/nvme3n1p1: 1501810077696
none: 4096

1745387635
/dev/nvme3n1p1: 1502006489088
none: 4096

1745387636
/dev/nvme3n1p1: 1501829664768
none: 4096

1745387638
/dev/nvme3n1p1: 1501746638848
none: 8192

1745387639
/dev/nvme3n1p1: 1501723664384
none: 4096

1745387641
/dev/nvme3n1p1: 1501760176128
none: 4096

1745387642
/dev/nvme3n1p1: 1501819060224
none: 4096

1745387643
/dev/nvme3n1p1: 1501898067968
none: 4096

1745387645
/dev/nvme3n1p1: 1501301911552
none: 4096

1745387646
/dev/nvme3n1p1: 1501627006976
none: 4096

1745387647
/dev/nvme3n1p1: 1501648371712
none: 4096

1745387649
/dev/nvme3n1p1: 1502060597248
none: 4096

1745387652
/dev/nvme3n1p1: 1501911015424
none: 4096

1745387653
/dev/nvme3n1p1: 1501935484928
none: 4096

1745387656
/dev/nvme3n1p1: 1501836951552
none: 4096

1745387657
/dev/nvme3n1p1: 1501841862656
none: 4096

1745387659
/dev/nvme3n1p1: 1501864710144
none: 8192

1745387660
/dev/nvme3n1p1: 1501897297920
none: 4096

1745387661
/dev/nvme3n1p1: 1501945454592
none: 4096

1745387662
/dev/nvme3n1p1: 1501948702720
none: 4096

1745387664
/dev/nvme3n1p1: 1502095687680
none: 4096

1745387666
/dev/nvme3n1p1: 1502205231104
none: 724992

1745387667
/dev/nvme3n1p1: 1502222065664
none: 483328

1745387668
/dev/nvme3n1p1: 1502232600576
none: 4096

1745387670
/dev/nvme3n1p1: 1502243102720
none: 274432

1745387671
/dev/nvme3n1p1: 1502303571968
none: 200704

1745387673
/dev/nvme3n1p1: 1502489735168
none: 4096

1745387675
/dev/nvme3n1p1: 1502656417792
none: 4096

1745387676
/dev/nvme3n1p1: 1502687895552
none: 4096

1745387678
/dev/nvme3n1p1: 1500879523840
none: 4096

1745387679
/dev/nvme3n1p1: 1500878163968
none: 4096

1745387681
/dev/nvme3n1p1: 1500927549440
none: 8192

1745387682
/dev/nvme3n1p1: 1500946190336
none: 4096

1745387684
/dev/nvme3n1p1: 1500728905728
none: 4096

1745387686
/dev/nvme3n1p1: 1500673257472
none: 4096

1745387687
/dev/nvme3n1p1: 1500686786560
none: 4096

1745387688
/dev/nvme3n1p1: 1500685459456
none: 4096

1745387689
/dev/nvme3n1p1: 1500734443520
none: 638976

1745387690
/dev/nvme3n1p1: 1500748869632
none: 4096

1745387691
/dev/nvme3n1p1: 1500771930112
none: 4096

1745387692
/dev/nvme3n1p1: 1500790980608
none: 4096

1745387693
/dev/nvme3n1p1: 1500805177344
none: 835584

1745387694
/dev/nvme3n1p1: 1500869795840
none: 86016

1745387695
/dev/nvme3n1p1: 1500881829888
none: 327680

1745387697
/dev/nvme3n1p1: 1500915851264
none: 4096

1745387698
/dev/nvme3n1p1: 1500937003008
none: 12288

1745387699
/dev/nvme3n1p1: 1500994019328
none: 94208

1745387700
/dev/nvme3n1p1: 1501007384576
none: 380928

1745387701
/dev/nvme3n1p1: 1501038723072
none: 4096

1745387703
/dev/nvme3n1p1: 1501059403776
none: 4096

1745387705
/dev/nvme3n1p1: 1501081915392
none: 8192

1745387706
/dev/nvme3n1p1: 1501110231040
none: 8192

1745387708
/dev/nvme3n1p1: 1501145247744
none: 8192

1745387709
/dev/nvme3n1p1: 1501221556224
none: 8192

1745387711
/dev/nvme3n1p1: 1501233930240
none: 8192

1745387712
/dev/nvme3n1p1: 1501250342912
none: 8192

1745387713
/dev/nvme3n1p1: 1501264109568
none: 4096

1745387714
/dev/nvme3n1p1: 1501291790336
none: 4096

1745387715
/dev/nvme3n1p1: 1501307068416
none: 4096

1745387718
/dev/nvme3n1p1: 1501302476800
none: 4096

1745387719
/dev/nvme3n1p1: 1501371502592
none: 4096

1745387721
/dev/nvme3n1p1: 1501445394432
none: 4096

1745387723
/dev/nvme3n1p1: 1501482549248
none: 4096

1745387724
/dev/nvme3n1p1: 1501523730432
none: 4096

1745387726
/dev/nvme3n1p1: 1501457043456
none: 4096

1745387727
/dev/nvme3n1p1: 1501436375040
none: 4096

1745387729
/dev/nvme3n1p1: 1501489139712
none: 4096

1745387730
/dev/nvme3n1p1: 1501341347840
none: 4096

1745387732
/dev/nvme3n1p1: 1501354856448
none: 4096

1745387733
/dev/nvme3n1p1: 1501236572160
none: 4096

1745387735
/dev/nvme3n1p1: 1501304795136
none: 4096

1745387736
/dev/nvme3n1p1: 1501246103552
none: 4096

1745387737
/dev/nvme3n1p1: 1501291548672
none: 4096

1745387739
/dev/nvme3n1p1: 1500970356736
none: 90112

1745387741
/dev/nvme3n1p1: 1501010817024
none: 413696

1745387743
/dev/nvme3n1p1: 1501020651520
none: 61440

1745387745
/dev/nvme3n1p1: 1501051351040
none: 4096

1745387746
/dev/nvme3n1p1: 1501083570176
none: 69632

1745387747
/dev/nvme3n1p1: 1501105541120
none: 4096

1745387750
/dev/nvme3n1p1: 1501132075008
none: 8192

1745387751
/dev/nvme3n1p1: 1501163831296
none: 4096

1745387753
/dev/nvme3n1p1: 1501182390272
none: 4096

1745387754
/dev/nvme3n1p1: 1501276704768
none: 4096

1745387755
/dev/nvme3n1p1: 1501197918208
none: 4096

1745387756
/dev/nvme3n1p1: 1501208944640
none: 4096

1745387757
/dev/nvme3n1p1: 1501224726528
none: 4096

1745387759
/dev/nvme3n1p1: 1501253173248
none: 4096

1745387760
/dev/nvme3n1p1: 1501292572672
none: 4096

1745387762
/dev/nvme3n1p1: 1501336596480
none: 4096

1745387764
/dev/nvme3n1p1: 1501416443904
none: 8192

1745387766
/dev/nvme3n1p1: 1501490855936
none: 4096

1745387768
/dev/nvme3n1p1: 1501515464704
none: 626688

1745387769
/dev/nvme3n1p1: 1501453164544
none: 4096

1745387771
/dev/nvme3n1p1: 1501414551552
none: 4096

1745387772
/dev/nvme3n1p1: 1501424992256
none: 4096

1745387774
/dev/nvme3n1p1: 1501459845120
none: 4096

1745387775
/dev/nvme3n1p1: 1501064286208
none: 4096

1745387776
/dev/nvme3n1p1: 1500977270784
none: 4096

1745387778
/dev/nvme3n1p1: 1500993495040
none: 4096

1745387779
/dev/nvme3n1p1: 1501013159936
none: 4096

1745387781
/dev/nvme3n1p1: 1501038125056
none: 4096

1745387782
/dev/nvme3n1p1: 1501047480320
none: 532480

1745387785
/dev/nvme3n1p1: 1501050318848
none: 8192

1745387786
/dev/nvme3n1p1: 1500979507200
none: 4096

1745387788
/dev/nvme3n1p1: 1500991373312
none: 4096

1745387789
/dev/nvme3n1p1: 1500968390656
none: 4096

1745387791
/dev/nvme3n1p1: 1500979499008
none: 4096

1745387793
/dev/nvme3n1p1: 1501050482688
none: 8192

1745387794
/dev/nvme3n1p1: 1501080907776
none: 274432

1745387796
/dev/nvme3n1p1: 1501160960000
none: 4096

1745387797
/dev/nvme3n1p1: 1501213982720
none: 4096

1745387798
/dev/nvme3n1p1: 1501472305152
none: 8192

1745387800
/dev/nvme3n1p1: 1501478023168
none: 4096

1745387802
/dev/nvme3n1p1: 1501486755840
none: 4096

1745387803
/dev/nvme3n1p1: 1501491212288
none: 4096

1745387805
/dev/nvme3n1p1: 1501496102912
none: 4096

1745387806
/dev/nvme3n1p1: 1501499293696
none: 4096

1745387808
/dev/nvme3n1p1: 1501603639296
none: 4096

1745387809
/dev/nvme3n1p1: 1501610401792
none: 4096

1745387810
/dev/nvme3n1p1: 1501620625408
none: 4096

1745387811
/dev/nvme3n1p1: 1501599326208
none: 4096

1745387813
/dev/nvme3n1p1: 1501603610624
none: 8192

1745387814
/dev/nvme3n1p1: 1501628420096
none: 4096

1745387816
/dev/nvme3n1p1: 1501689458688
none: 4096

1745387817
/dev/nvme3n1p1: 1501709393920
none: 4096

1745387819
/dev/nvme3n1p1: 1501731037184
none: 12288

1745387820
/dev/nvme3n1p1: 1501749743616
none: 4096

1745387821
/dev/nvme3n1p1: 1501759344640
none: 12288

1745387822
/dev/nvme3n1p1: 1501767999488
none: 4096

1745387824
/dev/nvme3n1p1: 1501774934016
none: 4096

1745387825
/dev/nvme3n1p1: 1501778415616
none: 4096

1745387826
/dev/nvme3n1p1: 1501780881408
none: 4096

1745387827
/dev/nvme3n1p1: 1501783465984
none: 4096

1745387829
/dev/nvme3n1p1: 1501798268928
none: 4096

1745387830
/dev/nvme3n1p1: 1501875552256
none: 4096

1745387831
/dev/nvme3n1p1: 1501927862272
none: 4096

1745387833
/dev/nvme3n1p1: 1502057000960
none: 4096

1745387834
/dev/nvme3n1p1: 1502119534592
none: 4096

1745387835
/dev/nvme3n1p1: 1502168748032
none: 4096

1745387836
/dev/nvme3n1p1: 1502232883200
none: 4096

1745387837
/dev/nvme3n1p1: 1502259154944
none: 4096

1745387839
/dev/nvme3n1p1: 1502242217984
none: 4096

1745387840
/dev/nvme3n1p1: 1502610776064
none: 4096

1745387841
/dev/nvme3n1p1: 1502642401280
none: 4096

1745387843
/dev/nvme3n1p1: 1502782095360
none: 8192

1745387844
/dev/nvme3n1p1: 1502812577792
none: 8192

1745387845
/dev/nvme3n1p1: 1502820450304
none: 8192

1745387846
/dev/nvme3n1p1: 1502873776128
none: 8192

1745387848
/dev/nvme3n1p1: 1502878179328
none: 4096

1745387849
/dev/nvme3n1p1: 1502893137920
none: 4096

1745387851
/dev/nvme3n1p1: 1502932979712
none: 4096

1745387852
/dev/nvme3n1p1: 1502953385984
none: 4096

1745387853
/dev/nvme3n1p1: 1502966788096
none: 4096

1745387854
/dev/nvme3n1p1: 1502982889472
none: 4096

1745387855
/dev/nvme3n1p1: 1502991904768
none: 4096

1745387856
/dev/nvme3n1p1: 1502999236608
none: 4096

1745387857
/dev/nvme3n1p1: 1503018749952
none: 4096

1745387859
/dev/nvme3n1p1: 1503037472768
none: 4096

1745387860
/dev/nvme3n1p1: 1503076028416
none: 4096

1745387861
/dev/nvme3n1p1: 1503094366208
none: 4096

1745387862
/dev/nvme3n1p1: 1503195303936
none: 4096

1745387863
/dev/nvme3n1p1: 1503205613568
none: 4096

1745387864
/dev/nvme3n1p1: 1503341228032
none: 4096

1745387865
/dev/nvme3n1p1: 1503409258496
none: 4096

1745387866
/dev/nvme3n1p1: 1503427637248
none: 4096

1745387867
/dev/nvme3n1p1: 1503449038848
none: 4096

1745387868
/dev/nvme3n1p1: 1503465754624
none: 4096

1745387869
/dev/nvme3n1p1: 1503475392512
none: 4096

1745387870
/dev/nvme3n1p1: 1503487442944
none: 4096

1745387871
/dev/nvme3n1p1: 1503496876032
none: 4096

1745387872
/dev/nvme3n1p1: 1503506612224
none: 4096

1745387873
/dev/nvme3n1p1: 1503520780288
none: 4096

1745387874
/dev/nvme3n1p1: 1503524679680
none: 4096

1745387875
/dev/nvme3n1p1: 1503531225088
none: 4096

1745387876
/dev/nvme3n1p1: 1503538466816
none: 4096

1745387877
/dev/nvme3n1p1: 1503548252160
none: 4096

1745387878
/dev/nvme3n1p1: 1503555571712
none: 4096

1745387879
/dev/nvme3n1p1: 1503561138176
none: 4096

1745387881
/dev/nvme3n1p1: 1503708712960
none: 4096

1745387882
/dev/nvme3n1p1: 1503789113344
none: 4096

1745387883
/dev/nvme3n1p1: 1503846703104
none: 4096

1745387884
/dev/nvme3n1p1: 1503883735040
none: 4096

1745387885
/dev/nvme3n1p1: 1503916142592
none: 4096

1745387886
/dev/nvme3n1p1: 1503972298752
none: 4096

1745387887
/dev/nvme3n1p1: 1504108523520
none: 4096

1745387888
/dev/nvme3n1p1: 1504168046592
none: 61440

1745387890
/dev/nvme3n1p1: 1504284905472
none: 20480

1745387891
/dev/nvme3n1p1: 1504320176128
none: 12288

1745387892
/dev/nvme3n1p1: 1504352354304
none: 4096

1745387893
/dev/nvme3n1p1: 1504437440512
none: 4096

1745387895
/dev/nvme3n1p1: 1504479940608
none: 4096

1745387896
/dev/nvme3n1p1: 1504497516544
none: 4096

1745387897
/dev/nvme3n1p1: 1504527446016
none: 4096

1745387898
/dev/nvme3n1p1: 1504556896256
none: 4096

1745387899
/dev/nvme3n1p1: 1504634044416
none: 4096

1745387900
/dev/nvme3n1p1: 1504656138240
none: 4096

1745387901
/dev/nvme3n1p1: 1504704225280
none: 4096

1745387902
/dev/nvme3n1p1: 1504776892416
none: 4096

1745387903
/dev/nvme3n1p1: 1504989777920
none: 4096

1745387904
/dev/nvme3n1p1: 1504936177664
none: 4096

1745387905
/dev/nvme3n1p1: 1504948838400
none: 4096

1745387906
/dev/nvme3n1p1: 1504963026944
none: 360448

1745387907
/dev/nvme3n1p1: 1504970313728
none: 24576

1745387908
/dev/nvme3n1p1: 1505013501952
none: 4096

1745387909
/dev/nvme3n1p1: 1505023434752
none: 4096

1745387910
/dev/nvme3n1p1: 1505091825664
none: 4096

1745387911
/dev/nvme3n1p1: 1505156698112
none: 4096

1745387912
/dev/nvme3n1p1: 1505432887296
none: 4096

1745387914
/dev/nvme3n1p1: 1505455878144
none: 4096

1745387915
/dev/nvme3n1p1: 1505462599680
none: 4096

1745387917
/dev/nvme3n1p1: 1505481531392
none: 4096

1745387918
/dev/nvme3n1p1: 1505485107200
none: 4096

1745387919
/dev/nvme3n1p1: 1505494790144
none: 4096

1745387921
/dev/nvme3n1p1: 1504770465792
none: 4096

1745387922
/dev/nvme3n1p1: 1504783138816
none: 4096

1745387923
/dev/nvme3n1p1: 1504801542144
none: 4096

1745387924
/dev/nvme3n1p1: 1504820858880
none: 4096

1745387925
/dev/nvme3n1p1: 1504837963776
none: 4096

1745387926
/dev/nvme3n1p1: 1504853180416
none: 4096

1745387927
/dev/nvme3n1p1: 1504881569792
none: 4096

1745387928
/dev/nvme3n1p1: 1504896749568
none: 4096

1745387929
/dev/nvme3n1p1: 1504922517504
none: 4096

1745387930
/dev/nvme3n1p1: 1504962887680
none: 4096

1745387931
/dev/nvme3n1p1: 1504929476608
none: 4096

1745387933
/dev/nvme3n1p1: 1504960679936
none: 4096

1745387934
/dev/nvme3n1p1: 1504918958080
none: 4096

1745387935
/dev/nvme3n1p1: 1504917925888
none: 4096

1745387936
/dev/nvme3n1p1: 1504928284672
none: 8192

1745387938
/dev/nvme3n1p1: 1504965734400
none: 4096

1745387939
/dev/nvme3n1p1: 1504974962688
none: 4096

1745387940
/dev/nvme3n1p1: 1504990007296
none: 4096

1745387941
/dev/nvme3n1p1: 1505054289920
none: 4096

1745387942
/dev/nvme3n1p1: 1505074155520
none: 4096

1745387943
/dev/nvme3n1p1: 1505090744320
none: 4096

1745387944
/dev/nvme3n1p1: 1505114013696
none: 4096

1745387945
/dev/nvme3n1p1: 1505157521408
none: 4096

1745387946
/dev/nvme3n1p1: 1505184288768
none: 4096

1745387947
/dev/nvme3n1p1: 1505216237568
none: 4096

1745387948
/dev/nvme3n1p1: 1505223970816
none: 4096

1745387949
/dev/nvme3n1p1: 1505236725760
none: 4096

1745387950
/dev/nvme3n1p1: 1505244647424
none: 4096

1745387951
/dev/nvme3n1p1: 1505261834240
none: 4096

1745387952
/dev/nvme3n1p1: 1505292890112
none: 4096

1745387953
/dev/nvme3n1p1: 1505294737408
none: 4096

1745387954
/dev/nvme3n1p1: 1505295855616
none: 4096

1745387955
/dev/nvme3n1p1: 1505299488768
none: 4096

1745387956
/dev/nvme3n1p1: 1505311739904
none: 4096

1745387957
/dev/nvme3n1p1: 1505325023232
none: 4096

1745387958
/dev/nvme3n1p1: 1505345286144
none: 4096

1745387959
/dev/nvme3n1p1: 1505364283392
none: 4096

1745387960
/dev/nvme3n1p1: 1505381609472
none: 4096

1745387961
/dev/nvme3n1p1: 1505391611904
none: 4096

1745387962
/dev/nvme3n1p1: 1505415249920
none: 4096

1745387963
/dev/nvme3n1p1: 1505425530880
none: 4096

1745387964
/dev/nvme3n1p1: 1505435709440
none: 4096

1745387965
/dev/nvme3n1p1: 1505451057152
none: 4096

1745387966
/dev/nvme3n1p1: 1505472630784
none: 4096

1745387967
/dev/nvme3n1p1: 1505492041728
none: 1675264

1745387968
/dev/nvme3n1p1: 1505509339136
none: 4096

1745387970
/dev/nvme3n1p1: 1505536864256
none: 4096

1745387971
/dev/nvme3n1p1: 1505559633920
none: 4096

1745387972
/dev/nvme3n1p1: 1505567264768
none: 4096

1745387973
/dev/nvme3n1p1: 1505599397888
none: 4096

1745387974
/dev/nvme3n1p1: 1505613959168
none: 4096

1745387975
/dev/nvme3n1p1: 1505624158208
none: 4096

1745387976
/dev/nvme3n1p1: 1505630093312
none: 4096

1745387977
/dev/nvme3n1p1: 1505645453312
none: 4096

1745387978
/dev/nvme3n1p1: 1505673138176
none: 4096

1745387979
/dev/nvme3n1p1: 1505695006720
none: 4096

1745387980
/dev/nvme3n1p1: 1505748721664
none: 4096

1745387981
/dev/nvme3n1p1: 1505758478336
none: 4096

1745387982
/dev/nvme3n1p1: 1505776562176
none: 4096

1745387983
/dev/nvme3n1p1: 1505789599744
none: 4096

1745387984
/dev/nvme3n1p1: 1505801760768
none: 4096

1745387985
/dev/nvme3n1p1: 1505828020224
none: 4096

1745387986
/dev/nvme3n1p1: 1505839554560
none: 4096

1745387987
/dev/nvme3n1p1: 1505855221760
none: 4096

1745387988
/dev/nvme3n1p1: 1505877106688
none: 4096

1745387989
/dev/nvme3n1p1: 1505909186560
none: 4096

1745387990
/dev/nvme3n1p1: 1505913196544
none: 4096

1745387991
/dev/nvme3n1p1: 1505926037504
none: 4096

1745387992
/dev/nvme3n1p1: 1505944264704
none: 4096

1745387993
/dev/nvme3n1p1: 1505967771648
none: 4096

1745387994
/dev/nvme3n1p1: 1505991413760
none: 4096

1745387995
/dev/nvme3n1p1: 1506011672576
none: 4096

1745387996
/dev/nvme3n1p1: 1506021818368
none: 4096

1745387997
/dev/nvme3n1p1: 1506049011712
none: 4096

1745387998
/dev/nvme3n1p1: 1506059280384
none: 4096

1745387999
/dev/nvme3n1p1: 1506070654976
none: 4096

1745388000
/dev/nvme3n1p1: 1506101403648
none: 4096

1745388001
/dev/nvme3n1p1: 1506147762176
none: 4096

1745388002
/dev/nvme3n1p1: 1506247913472
none: 3465216

1745388003
/dev/nvme3n1p1: 1506316947456
none: 3465216

1745388004
/dev/nvme3n1p1: 1506334699520
none: 3465216

1745388005
/dev/nvme3n1p1: 1506347601920
none: 3465216

1745388006
/dev/nvme3n1p1: 1506366824448
none: 3465216

1745388007
/dev/nvme3n1p1: 1506387881984
none: 3465216

1745388008
/dev/nvme3n1p1: 1506404220928
none: 3465216

1745388010
/dev/nvme3n1p1: 1506449895424
none: 3465216

1745388012
/dev/nvme3n1p1: 1506508230656
none: 3465216

1745388013
/dev/nvme3n1p1: 1506573856768
none: 3465216

1745388014
/dev/nvme3n1p1: 1506646380544
none: 3465216

1745388015
/dev/nvme3n1p1: 1506703925248
none: 3465216

1745388016
/dev/nvme3n1p1: 1506737324032
none: 3465216

1745388017
/dev/nvme3n1p1: 1506755559424
none: 3465216

1745388018
/dev/nvme3n1p1: 1506841780224
none: 3465216

1745388019
/dev/nvme3n1p1: 1506855202816
none: 4096

1745388020
/dev/nvme3n1p1: 1506885644288
none: 4096

1745388021
/dev/nvme3n1p1: 1507076927488
none: 4096

1745388022
/dev/nvme3n1p1: 1506918047744
none: 12288

1745388023
/dev/nvme3n1p1: 1506967773184
none: 4096

1745388024
/dev/nvme3n1p1: 1506985693184
none: 4096

1745388025
/dev/nvme3n1p1: 1507010396160
none: 4096

1745388026
/dev/nvme3n1p1: 1507030523904
none: 4096

1745388027
/dev/nvme3n1p1: 1506986270720
none: 4096

1745388028
/dev/nvme3n1p1: 1507019804672
none: 4096

1745388029
/dev/nvme3n1p1: 1507045052416
none: 4096

1745388030
/dev/nvme3n1p1: 1507063193600
none: 4096

1745388031
/dev/nvme3n1p1: 1507113390080
none: 4096

1745388032
/dev/nvme3n1p1: 1507141836800
none: 4096

1745388033
/dev/nvme3n1p1: 1507174580224
none: 4096

1745388034
/dev/nvme3n1p1: 1507206819840
none: 4096

1745388035
/dev/nvme3n1p1: 1507227869184
none: 4096

1745388037
/dev/nvme3n1p1: 1507318681600
none: 4096

1745388039
/dev/nvme3n1p1: 1507379757056
none: 4096

1745388040
/dev/nvme3n1p1: 1507397361664
none: 4096

1745388041
/dev/nvme3n1p1: 1507422142464
none: 4096

1745388042
/dev/nvme3n1p1: 1507453014016
none: 4096

1745388043
/dev/nvme3n1p1: 1507433377792
none: 8192

1745388044
/dev/nvme3n1p1: 1507479134208
none: 4096

1745388045
/dev/nvme3n1p1: 1507554054144
none: 51318784

1745388046
/dev/nvme3n1p1: 1507605864448
none: 4096

1745388047
/dev/nvme3n1p1: 1507642101760
none: 4096

1745388049
/dev/nvme3n1p1: 1507651420160
none: 4096

1745388050
/dev/nvme3n1p1: 1507694784512
none: 4096

1745388052
/dev/nvme3n1p1: 1507490414592
none: 4096

1745388053
/dev/nvme3n1p1: 1507516121088
none: 4096

1745388055
/dev/nvme3n1p1: 1507621826560
none: 4096

1745388056
/dev/nvme3n1p1: 1507630510080
none: 4096

1745388058
/dev/nvme3n1p1: 1507635888128
none: 4096

1745388059
/dev/nvme3n1p1: 1507638013952
none: 4096

1745388060
/dev/nvme3n1p1: 1507650203648
none: 4096

1745388061
/dev/nvme3n1p1: 1507658686464
none: 4096

1745388062
/dev/nvme3n1p1: 1507667349504
none: 4096

1745388063
/dev/nvme3n1p1: 1507668021248
none: 4096

1745388064
/dev/nvme3n1p1: 1507669082112
none: 4096

1745388065
/dev/nvme3n1p1: 1507671957504
none: 4096

1745388067
/dev/nvme3n1p1: 1507682058240
none: 4096

1745388068
/dev/nvme3n1p1: 1507683229696
none: 4096

1745388069
/dev/nvme3n1p1: 1507705307136
none: 4096

1745388071
/dev/nvme3n1p1: 1507710418944
none: 4096

1745388073
/dev/nvme3n1p1: 1507739017216
none: 8192

1745388074
/dev/nvme3n1p1: 1507768111104
none: 4096

1745388075
/dev/nvme3n1p1: 1507861331968
none: 12288

1745388077
/dev/nvme3n1p1: 1507918929920
none: 4096

1745388078
/dev/nvme3n1p1: 1507976052736
none: 12288

1745388079
/dev/nvme3n1p1: 1508185083904
none: 151552

1745388080
/dev/nvme3n1p1: 1508129832960
none: 4096

1745388081
/dev/nvme3n1p1: 1508082495488
none: 4096

1745388082
/dev/nvme3n1p1: 1508099411968
none: 8192

1745388083
/dev/nvme3n1p1: 1508160172032
none: 8192

1745388084
/dev/nvme3n1p1: 1508197343232
none: 40960

1745388085
/dev/nvme3n1p1: 1508254801920
none: 12288

1745388086
/dev/nvme3n1p1: 1508372402176
none: 12288

1745388087
/dev/nvme3n1p1: 1508420136960
none: 4096

1745388088
/dev/nvme3n1p1: 1508425256960
none: 4096

1745388089
/dev/nvme3n1p1: 1508439216128
none: 4096

1745388090
/dev/nvme3n1p1: 1508454535168
none: 4096

1745388091
/dev/nvme3n1p1: 1508464906240
none: 4096

1745388093
/dev/nvme3n1p1: 1508498149376
none: 4096

1745388094
/dev/nvme3n1p1: 1507875221504
none: 4096

1745388095
/dev/nvme3n1p1: 1507878723584
none: 4096

1745388096
/dev/nvme3n1p1: 1507903860736
none: 4096

1745388097
/dev/nvme3n1p1: 1507935715328
none: 4096

1745388098
/dev/nvme3n1p1: 1507967262720
none: 4096

1745388099
/dev/nvme3n1p1: 1508001341440
none: 4096

1745388101
/dev/nvme3n1p1: 1508064587776
none: 4096

1745388102
/dev/nvme3n1p1: 1508080533504
none: 4096

1745388103
/dev/nvme3n1p1: 1508101083136
none: 438272

1745388104
/dev/nvme3n1p1: 1508113518592
none: 4096

1745388105
/dev/nvme3n1p1: 1508142899200
none: 4096

1745388107
/dev/nvme3n1p1: 1508140109824
none: 4096

1745388108
/dev/nvme3n1p1: 1508182683648
none: 4096

1745388109
/dev/nvme3n1p1: 1508203442176
none: 4096

1745388110
/dev/nvme3n1p1: 1508228661248
none: 4096

1745388111
/dev/nvme3n1p1: 1508265381888
none: 4096

1745388112
/dev/nvme3n1p1: 1508285857792
none: 4096

1745388113
/dev/nvme3n1p1: 1508532940800
none: 4096

1745388114
/dev/nvme3n1p1: 1508555800576
none: 4096

1745388115
/dev/nvme3n1p1: 1508570554368
none: 4096

1745388117
/dev/nvme3n1p1: 1508598710272
none: 4096

1745388118
/dev/nvme3n1p1: 1508608311296
none: 4096

1745388119
/dev/nvme3n1p1: 1508621074432
none: 4096

1745388120
/dev/nvme3n1p1: 1508635402240
none: 4096

1745388121
/dev/nvme3n1p1: 1508663541760
none: 4096

1745388122
/dev/nvme3n1p1: 1508692762624
none: 409600

1745388123
/dev/nvme3n1p1: 1508703363072
none: 4096

1745388124
/dev/nvme3n1p1: 1508721860608
none: 569344

1745388126
/dev/nvme3n1p1: 1508764475392
none: 4096

1745388128
/dev/nvme3n1p1: 1508820119552
none: 4096

1745388129
/dev/nvme3n1p1: 1508837916672
none: 4096

1745388130
/dev/nvme3n1p1: 1508904083456
none: 4096

1745388131
/dev/nvme3n1p1: 1508917723136
none: 4096

1745388132
/dev/nvme3n1p1: 1508927717376
none: 4096

1745388133
/dev/nvme3n1p1: 1508948701184
none: 8192

1745388134
/dev/nvme3n1p1: 1508967776256
none: 4096

1745388135
/dev/nvme3n1p1: 1509005316096
none: 4096

1745388137
/dev/nvme3n1p1: 1509040984064
none: 4096

1745388138
/dev/nvme3n1p1: 1509069021184
none: 4096

1745388139
/dev/nvme3n1p1: 1509018611712
none: 4096

1745388140
/dev/nvme3n1p1: 1509030457344
none: 4096

1745388141
/dev/nvme3n1p1: 1509060685824
none: 4096

1745388142
/dev/nvme3n1p1: 1509069287424
none: 4096

1745388144
/dev/nvme3n1p1: 1509082591232
none: 8192

1745388145
/dev/nvme3n1p1: 1509073620992
none: 8192

1745388146
/dev/nvme3n1p1: 1509071966208
none: 8192

1745388148
/dev/nvme3n1p1: 1509042728960
none: 196608

1745388149
/dev/nvme3n1p1: 1509069844480
none: 4096

1745388151
/dev/nvme3n1p1: 1509085519872
none: 4096

1745388152
/dev/nvme3n1p1: 1509095239680
none: 4096

1745388153
/dev/nvme3n1p1: 1509099175936
none: 4096

1745388155
/dev/nvme3n1p1: 1509126307840
none: 4096

1745388157
/dev/nvme3n1p1: 1509141045248
none: 4096

1745388158
/dev/nvme3n1p1: 1509144383488
none: 4096

1745388159
/dev/nvme3n1p1: 1509147394048
none: 4096

1745388160
/dev/nvme3n1p1: 1509152260096
none: 4096

1745388161
/dev/nvme3n1p1: 1509153759232
none: 4096

1745388162
/dev/nvme3n1p1: 1509154164736
none: 4096

1745388165
/dev/nvme3n1p1: 1509166063616
none: 4096

1745388166
/dev/nvme3n1p1: 1509037457408
none: 4096

1745388168
/dev/nvme3n1p1: 1509024743424
none: 4096

1745388169
/dev/nvme3n1p1: 1509030592512
none: 4096

1745388170
/dev/nvme3n1p1: 1509035450368
none: 4096

1745388171
/dev/nvme3n1p1: 1509066743808
none: 4096

1745388172
/dev/nvme3n1p1: 1509083545600
none: 4096

1745388173
/dev/nvme3n1p1: 1509089628160
none: 4096

1745388174
/dev/nvme3n1p1: 1509094518784
none: 4096

1745388175
/dev/nvme3n1p1: 1509100605440
none: 4096

1745388176
/dev/nvme3n1p1: 1509104394240
none: 4096

1745388177
/dev/nvme3n1p1: 1509133139968
none: 4096

1745388178
/dev/nvme3n1p1: 1509137199104
none: 4096

1745388179
/dev/nvme3n1p1: 1509190422528
none: 4096

1745388180
/dev/nvme3n1p1: 1509231886336
none: 4096

1745388181
/dev/nvme3n1p1: 1509246554112
none: 4096

1745388182
/dev/nvme3n1p1: 1509252263936
none: 4096

1745388183
/dev/nvme3n1p1: 1509378191360
none: 4096

1745388184
/dev/nvme3n1p1: 1509405155328
none: 12288

1745388186
/dev/nvme3n1p1: 1509445017600
none: 4096

1745388187
/dev/nvme3n1p1: 1509469204480
none: 4096

1745388188
/dev/nvme3n1p1: 1509479641088
none: 4096

1745388189
/dev/nvme3n1p1: 1509499170816
none: 4096

1745388191
/dev/nvme3n1p1: 1509510348800
none: 4096

1745388192
/dev/nvme3n1p1: 1509518540800
none: 4096

1745388193
/dev/nvme3n1p1: 1509523386368
none: 4096

1745388194
/dev/nvme3n1p1: 1509526794240
none: 4096

1745388195
/dev/nvme3n1p1: 1509529579520
none: 4096

1745388196
/dev/nvme3n1p1: 1509545959424
none: 4096

1745388197
/dev/nvme3n1p1: 1509554110464
none: 4096

1745388199
/dev/nvme3n1p1: 1509576163328
none: 4096

1745388200
/dev/nvme3n1p1: 1509591138304
none: 4096

1745388201
/dev/nvme3n1p1: 1509603835904
none: 4096

1745388202
/dev/nvme3n1p1: 1509618745344
none: 4096

1745388203
/dev/nvme3n1p1: 1509624680448
none: 4096

1745388204
/dev/nvme3n1p1: 1509642960896
none: 4096

1745388205
/dev/nvme3n1p1: 1509653164032
none: 4096

1745388206
/dev/nvme3n1p1: 1509657079808
none: 4096

1745388207
/dev/nvme3n1p1: 1509683830784
none: 4096

1745388208
/dev/nvme3n1p1: 1509704187904
none: 4096

1745388209
/dev/nvme3n1p1: 1509711888384
none: 4096

1745388210
/dev/nvme3n1p1: 1509720084480
none: 4096

1745388211
/dev/nvme3n1p1: 1509730971648
none: 4096

1745388212
/dev/nvme3n1p1: 1509732560896
none: 4096

1745388213
/dev/nvme3n1p1: 1509751177216
none: 4096

1745388214
/dev/nvme3n1p1: 1509771501568
none: 4096

1745388215
/dev/nvme3n1p1: 1509776138240
none: 4096

1745388216
/dev/nvme3n1p1: 1509794111488
none: 4096

1745388217
/dev/nvme3n1p1: 1509821763584
none: 4096

1745388218
/dev/nvme3n1p1: 1509971144704
none: 4096

1745388219
/dev/nvme3n1p1: 1510195761152
none: 4096

1745388220
/dev/nvme3n1p1: 1510459305984
none: 4096

1745388221
/dev/nvme3n1p1: 1510632595456
none: 4096

1745388222
/dev/nvme3n1p1: 1510742630400
none: 4096

1745388223
/dev/nvme3n1p1: 1510748033024
none: 4096

1745388225
/dev/nvme3n1p1: 1510831665152
none: 4096

1745388226
/dev/nvme3n1p1: 1510865580032
none: 4096

1745388228
/dev/nvme3n1p1: 1511043780608
none: 4096

1745388229
/dev/nvme3n1p1: 1511157669888
none: 4096

1745388230
/dev/nvme3n1p1: 1511285661696
none: 4096

1745388231
/dev/nvme3n1p1: 1511432003584
none: 4096

1745388232
/dev/nvme3n1p1: 1511544131584
none: 4096

1745388233
/dev/nvme3n1p1: 1511621337088
none: 4096

1745388234
/dev/nvme3n1p1: 1511636963328
none: 3465216

1745388235
/dev/nvme3n1p1: 1511671099392
none: 3465216

1745388236
/dev/nvme3n1p1: 1512211787776
none: 3465216

1745388237
/dev/nvme3n1p1: 1513229107200
none: 3465216

1745388238
/dev/nvme3n1p1: 1513431941120
none: 3465216

1745388239
/dev/nvme3n1p1: 1513450131456
none: 3465216

1745388241
/dev/nvme3n1p1: 1513494736896
none: 3465216

1745388242
/dev/nvme3n1p1: 1513505800192
none: 3465216

1745388244
/dev/nvme3n1p1: 1513755090944
none: 3465216

1745388245
/dev/nvme3n1p1: 1514179371008
none: 3465216

1745388246
/dev/nvme3n1p1: 1515339153408
none: 3465216

1745388247
/dev/nvme3n1p1: 1515209871360
none: 3465216

1745388248
/dev/nvme3n1p1: 1515285004288
none: 73728

1745388250
/dev/nvme3n1p1: 1515456794624
none: 4096

1745388251
/dev/nvme3n1p1: 1515345039360
none: 4096

1745388252
/dev/nvme3n1p1: 1515155410944
none: 20480

1745388253
/dev/nvme3n1p1: 1515036086272
none: 4096

1745388254
/dev/nvme3n1p1: 1514819596288
none: 1847296

1745388255
/dev/nvme3n1p1: 1514003292160
none: 4096

1745388256
/dev/nvme3n1p1: 1514048393216
none: 4096

1745388258
/dev/nvme3n1p1: 1514120151040
none: 4096

1745388259
/dev/nvme3n1p1: 1514175066112
none: 4096

1745388260
/dev/nvme3n1p1: 1514197450752
none: 4096

1745388261
/dev/nvme3n1p1: 1514224525312
none: 4096

1745388263
/dev/nvme3n1p1: 1514252201984
none: 4096

1745388264
/dev/nvme3n1p1: 1514268491776
none: 4096

1745388265
/dev/nvme3n1p1: 1514281906176
none: 8192

1745388266
/dev/nvme3n1p1: 1514362228736
none: 8192

1745388267
/dev/nvme3n1p1: 1514414903296
none: 4096

1745388268
/dev/nvme3n1p1: 1514417475584
none: 4096

1745388269
/dev/nvme3n1p1: 1514661961728
none: 4096

1745388270
/dev/nvme3n1p1: 1514701529088
none: 12288

1745388271
/dev/nvme3n1p1: 1514764877824
none: 4096

1745388273
/dev/nvme3n1p1: 1514815782912
none: 4096

1745388276
/dev/nvme3n1p1: 1514949844992
none: 4096

1745388278
/dev/nvme3n1p1: 1514969755648
none: 4096

1745388280
/dev/nvme3n1p1: 1515027718144
none: 4096

1745388281
/dev/nvme3n1p1: 1515094228992
none: 12288

1745388282
/dev/nvme3n1p1: 1515130769408
none: 4096

1745388283
/dev/nvme3n1p1: 1515148197888
none: 4096

1745388285
/dev/nvme3n1p1: 1515234930688
none: 4096

1745388286
/dev/nvme3n1p1: 1515287703552
none: 4096

1745388287
/dev/nvme3n1p1: 1515364786176
none: 4096

1745388289
/dev/nvme3n1p1: 1515393384448
none: 4096

1745388290
/dev/nvme3n1p1: 1515252768768
none: 4096

1745388291
/dev/nvme3n1p1: 1515301302272
none: 4096

1745388292
/dev/nvme3n1p1: 1515320098816
none: 12288

1745388293
/dev/nvme3n1p1: 1515331612672
none: 606208

1745388294
/dev/nvme3n1p1: 1515357089792
none: 4096

1745388297
/dev/nvme3n1p1: 1515425427456
none: 4096

1745388300
/dev/nvme3n1p1: 1515494531072
none: 4096

1745388301
/dev/nvme3n1p1: 1515508219904
none: 4096

1745388303
/dev/nvme3n1p1: 1515566481408
none: 4096

1745388304
/dev/nvme3n1p1: 1515600777216
none: 4096

1745388306
/dev/nvme3n1p1: 1515609837568
none: 4096

1745388307
/dev/nvme3n1p1: 1515639865344
none: 4096

1745388308
/dev/nvme3n1p1: 1515676585984
none: 4096

1745388309
/dev/nvme3n1p1: 1515735232512
none: 4096

1745388310
/dev/nvme3n1p1: 1515723980800
none: 4096

1745388311
/dev/nvme3n1p1: 1515732897792
none: 4096

1745388313
/dev/nvme3n1p1: 1515761319936
none: 4096

1745388315
/dev/nvme3n1p1: 1515871260672
none: 4096

1745388317
/dev/nvme3n1p1: 1515988516864
none: 4096

1745388318
/dev/nvme3n1p1: 1516110336000
none: 4096

1745388320
/dev/nvme3n1p1: 1516375044096
none: 4096

1745388322
/dev/nvme3n1p1: 1516409667584
none: 4096

1745388323
/dev/nvme3n1p1: 1516417146880
none: 4096

1745388324
/dev/nvme3n1p1: 1516425723904
none: 4096

1745388326
/dev/nvme3n1p1: 1516408614912
none: 4096

1745388328
/dev/nvme3n1p1: 1516188114944
none: 4096

1745388329
/dev/nvme3n1p1: 1516194365440
none: 4096

1745388330
/dev/nvme3n1p1: 1516210384896
none: 4096

1745388331
/dev/nvme3n1p1: 1516210147328
none: 4096

1745388333
/dev/nvme3n1p1: 1516223750144
none: 4096

1745388335
/dev/nvme3n1p1: 1516095037440
none: 4096

1745388336
/dev/nvme3n1p1: 1516102172672
none: 8192

1745388337
/dev/nvme3n1p1: 1516130250752
none: 4096

1745388338
/dev/nvme3n1p1: 1516413947904
none: 4096

1745388339
/dev/nvme3n1p1: 1516691050496
none: 4096

1745388340
/dev/nvme3n1p1: 1516864163840
none: 4096

1745388341
/dev/nvme3n1p1: 1516911013888
none: 4096

1745388342
/dev/nvme3n1p1: 1517000540160
none: 4096

1745388343
/dev/nvme3n1p1: 1517029249024
none: 401408

1745388344
/dev/nvme3n1p1: 1517012963328
none: 4096

1745388346
/dev/nvme3n1p1: 1515193786368
none: 8192

1745388347
/dev/nvme3n1p1: 1514728271872
none: 4096

1745388348
/dev/nvme3n1p1: 1513684410368
none: 4096

1745388349
/dev/nvme3n1p1: 1513075339264
none: 12288

1745388351
/dev/nvme3n1p1: 1508452532224
none: 4096

1745388353
/dev/nvme3n1p1: 1507602915328
none: 4096

1745388354
/dev/nvme3n1p1: 1507713966080
none: 4096

1745388355
/dev/nvme3n1p1: 1507819352064
none: 4096

1745388356
/dev/nvme3n1p1: 1507896070144
none: 8192

1745388357
/dev/nvme3n1p1: 1508021444608
none: 4096

1745388359
/dev/nvme3n1p1: 1508110426112
none: 20480

1745388360
/dev/nvme3n1p1: 1508163317760
none: 4096

1745388361
/dev/nvme3n1p1: 1508294868992
none: 12288

1745388362
/dev/nvme3n1p1: 1508699435008
none: 4096

1745388363
/dev/nvme3n1p1: 1508930850816
none: 4096

1745388365
/dev/nvme3n1p1: 1508655566848
none: 4096

1745388367
/dev/nvme3n1p1: 1504349310976
none: 4096

1745388368
/dev/nvme3n1p1: 1501291761664
none: 4096

1745388370
/dev/nvme3n1p1: 1500786823168
none: 4096

1745388372
/dev/nvme3n1p1: 1500731887616
none: 4096

1745388373
/dev/nvme3n1p1: 1500745199616
none: 4096

1745388374
/dev/nvme3n1p1: 1500746752000
none: 4096

1745388375
/dev/nvme3n1p1: 1500747022336
none: 4096

1745388376
/dev/nvme3n1p1: 1500747763712
none: 4096

1745388377
/dev/nvme3n1p1: 1500752052224
none: 4096

1745388378
/dev/nvme3n1p1: 1500754112512
none: 4096

1745388380
/dev/nvme3n1p1: 1500757467136
none: 4096

1745388381
/dev/nvme3n1p1: 1500765388800
none: 4096

1745388382
/dev/nvme3n1p1: 1500786835456
none: 4096

1745388383
/dev/nvme3n1p1: 1500792827904
none: 4096

1745388384
/dev/nvme3n1p1: 1500795170816
none: 4096

1745388385
/dev/nvme3n1p1: 1500798726144
none: 4096

1745388387
/dev/nvme3n1p1: 1500812951552
none: 4096

1745388388
/dev/nvme3n1p1: 1500821790720
none: 4096

1745388389
/dev/nvme3n1p1: 1500834267136
none: 4096

1745388390
/dev/nvme3n1p1: 1500846964736
none: 4096

1745388391
/dev/nvme3n1p1: 1500779405312
none: 4096

1745388392
/dev/nvme3n1p1: 1500785258496
none: 4096

1745388393
/dev/nvme3n1p1: 1500802768896
none: 4096

1745388394
/dev/nvme3n1p1: 1500807675904
none: 4096

1745388395
/dev/nvme3n1p1: 1500812378112
none: 4096

1745388396
/dev/nvme3n1p1: 1500817059840
none: 4096

1745388397
/dev/nvme3n1p1: 1500823961600
none: 4096

1745388398
/dev/nvme3n1p1: 1500868341760
none: 4096

1745388399
/dev/nvme3n1p1: 1500865871872
none: 4096

1745388400
/dev/nvme3n1p1: 1500866105344
none: 4096

1745388401
/dev/nvme3n1p1: 1500866338816
none: 4096

1745388402
/dev/nvme3n1p1: 1500870934528
none: 4096

1745388403
/dev/nvme3n1p1: 1500871507968
none: 4096

1745388404
/dev/nvme3n1p1: 1500872667136
none: 4096

1745388405
/dev/nvme3n1p1: 1500873379840
none: 4096

1745388406
/dev/nvme3n1p1: 1500879204352
none: 4096

1745388407
/dev/nvme3n1p1: 1500883451904
none: 4096

1745388408
/dev/nvme3n1p1: 1500885622784
none: 4096

1745388409
/dev/nvme3n1p1: 1500891783168
none: 4096

1745388410
/dev/nvme3n1p1: 1500895813632
none: 4096

1745388411
/dev/nvme3n1p1: 1500898037760
none: 4096

1745388412
/dev/nvme3n1p1: 1500899131392
none: 4096

1745388413
/dev/nvme3n1p1: 1500900990976
none: 4096

1745388414
/dev/nvme3n1p1: 1500902363136
none: 4096

1745388415
/dev/nvme3n1p1: 1500904976384
none: 4096

1745388416
/dev/nvme3n1p1: 1500906098688
none: 4096

1745388417
/dev/nvme3n1p1: 1500910022656
none: 4096

1745388418
/dev/nvme3n1p1: 1500914868224
none: 4096

1745388419
/dev/nvme3n1p1: 1500916023296
none: 4096

1745388420
/dev/nvme3n1p1: 1500921528320
none: 4096

1745388421
/dev/nvme3n1p1: 1500923359232
none: 4096

1745388422
/dev/nvme3n1p1: 1500924403712
none: 4096

1745388423
/dev/nvme3n1p1: 1500925628416
none: 4096

1745388424
/dev/nvme3n1p1: 1500926865408
none: 4096

1745388425
/dev/nvme3n1p1: 1500928638976
none: 4096

1745388426
/dev/nvme3n1p1: 1500930277376
none: 4096

1745388427
/dev/nvme3n1p1: 1500930854912
none: 4096

1745388428
/dev/nvme3n1p1: 1500933046272
none: 4096

1745388429
/dev/nvme3n1p1: 1500935020544
none: 4096

1745388430
/dev/nvme3n1p1: 1500935512064
none: 4096

1745388431
/dev/nvme3n1p1: 1500936343552
none: 4096

1745388432
/dev/nvme3n1p1: 1500937596928
none: 4096

1745388433
/dev/nvme3n1p1: 1500960239616
none: 4096

1745388434
/dev/nvme3n1p1: 1500960325632
none: 4096

1745388435
/dev/nvme3n1p1: 1500969439232
none: 4096

1745388436
/dev/nvme3n1p1: 1500971716608
none: 4096

1745388437
/dev/nvme3n1p1: 1500972146688
none: 4096

1745388439
/dev/nvme3n1p1: 1500982607872
none: 4096

1745388440
/dev/nvme3n1p1: 1500986544128
none: 4096

1745388441
/dev/nvme3n1p1: 1500991279104
none: 4096

1745388442
/dev/nvme3n1p1: 1501003583488
none: 4096

1745388443
/dev/nvme3n1p1: 1501006798848
none: 4096

1745388444
/dev/nvme3n1p1: 1501006958592
none: 4096

1745388445
/dev/nvme3n1p1: 1501008879616
none: 4096

1745388446
/dev/nvme3n1p1: 1501011419136
none: 4096

1745388447
/dev/nvme3n1p1: 1501012443136
none: 4096

1745388448
/dev/nvme3n1p1: 1501014122496
none: 4096

1745388449
/dev/nvme3n1p1: 1501014548480
none: 4096

1745388450
/dev/nvme3n1p1: 1501015142400
none: 4096

1745388451
/dev/nvme3n1p1: 1501015199744
none: 4096

1745388452
/dev/nvme3n1p1: 1501016453120
none: 4096

1745388454
/dev/nvme3n1p1: 1501019222016
none: 4096

1745388455
/dev/nvme3n1p1: 1501020102656
none: 4096

1745388456
/dev/nvme3n1p1: 1501021478912
none: 4096

1745388457
/dev/nvme3n1p1: 1501022449664
none: 4096

1745388458
/dev/nvme3n1p1: 1501023997952
none: 4096

1745388459
/dev/nvme3n1p1: 1501024833536
none: 4096

1745388460
/dev/nvme3n1p1: 1501029806080
none: 4096

1745388461
/dev/nvme3n1p1: 1501030125568
none: 4096

1745388462
/dev/nvme3n1p1: 1501043703808
none: 4096

1745388463
/dev/nvme3n1p1: 1501044916224
none: 4096

1745388465
/dev/nvme3n1p1: 1501053644800
none: 4096

1745388466
/dev/nvme3n1p1: 1501072785408
none: 4096

1745388467
/dev/nvme3n1p1: 1501079691264
none: 4096

1745388468
/dev/nvme3n1p1: 1501090947072
none: 4096

1745388469
/dev/nvme3n1p1: 1501094019072
none: 4096

1745388470
/dev/nvme3n1p1: 1501096304640
none: 4096

1745388471
/dev/nvme3n1p1: 1501113085952
none: 4096

1745388472
/dev/nvme3n1p1: 1501116583936
none: 4096

1745388473
/dev/nvme3n1p1: 1501117251584
none: 4096

1745388474
/dev/nvme3n1p1: 1501121658880
none: 4096

1745388475
/dev/nvme3n1p1: 1501126029312
none: 4096

1745388476
/dev/nvme3n1p1: 1501139259392
none: 4096

1745388477
/dev/nvme3n1p1: 1501188452352
none: 4096

1745388478
/dev/nvme3n1p1: 1501174255616
none: 4096

1745388479
/dev/nvme3n1p1: 1501177556992
none: 4096

1745388480
/dev/nvme3n1p1: 1501179973632
none: 4096

1745388481
/dev/nvme3n1p1: 1501181341696
none: 4096

1745388482
/dev/nvme3n1p1: 1501186756608
none: 4096

1745388483
/dev/nvme3n1p1: 1501189378048
none: 4096

1745388484
/dev/nvme3n1p1: 1501199204352
none: 4096

1745388485
/dev/nvme3n1p1: 1501204373504
none: 4096

1745388486
/dev/nvme3n1p1: 1501205901312
none: 4096

1745388487
/dev/nvme3n1p1: 1501210152960
none: 4096

1745388488
/dev/nvme3n1p1: 1501214638080
none: 4096

1745388489
/dev/nvme3n1p1: 1501227323392
none: 4096

1745388490
/dev/nvme3n1p1: 1501242978304
none: 4096

1745388491
/dev/nvme3n1p1: 1501263011840
none: 4096

1745388492
/dev/nvme3n1p1: 1501273239552
none: 4096

1745388493
/dev/nvme3n1p1: 1501278507008
none: 4096

1745388494
/dev/nvme3n1p1: 1501281947648
none: 4096

1745388495
/dev/nvme3n1p1: 1501285437440
none: 4096

1745388496
/dev/nvme3n1p1: 1501285818368
none: 4096

1745388497
/dev/nvme3n1p1: 1501289193472
none: 4096

1745388498
/dev/nvme3n1p1: 1501291925504
none: 4096

1745388499
/dev/nvme3n1p1: 1501297573888
none: 4096

1745388500
/dev/nvme3n1p1: 1501303590912
none: 4096

1745388501
/dev/nvme3n1p1: 1501307449344
none: 4096

1745388502
/dev/nvme3n1p1: 1501308551168
none: 4096

1745388503
/dev/nvme3n1p1: 1501308620800
none: 4096

1745388504
/dev/nvme3n1p1: 1501313675264
none: 4096

1745388505
/dev/nvme3n1p1: 1501316444160
none: 4096

1745388506
/dev/nvme3n1p1: 1501337440256
none: 4096

1745388507
/dev/nvme3n1p1: 1501342871552
none: 4096

1745388508
/dev/nvme3n1p1: 1501344468992
none: 4096

1745388509
/dev/nvme3n1p1: 1501346054144
none: 4096

1745388510
/dev/nvme3n1p1: 1501351800832
none: 4096

1745388511
/dev/nvme3n1p1: 1501386326016
none: 4096

1745388512
/dev/nvme3n1p1: 1501387743232
none: 4096

1745388513
/dev/nvme3n1p1: 1501396320256
none: 4096

1745388514
/dev/nvme3n1p1: 1501432602624
none: 4096

1745388515
/dev/nvme3n1p1: 1501515923456
none: 4096

1745388516
/dev/nvme3n1p1: 1501553594368
none: 4096

1745388517
/dev/nvme3n1p1: 1501556609024
none: 8192

1745388518
/dev/nvme3n1p1: 1501571174400
none: 8192

1745388519
/dev/nvme3n1p1: 1501604511744
none: 4096

1745388520
/dev/nvme3n1p1: 1501639626752
none: 4096

1745388521
/dev/nvme3n1p1: 1501640171520
none: 4096

1745388522
/dev/nvme3n1p1: 1501680513024
none: 4096

1745388523
/dev/nvme3n1p1: 1501700677632
none: 4096

1745388524
/dev/nvme3n1p1: 1501729832960
none: 4096

1745388525
/dev/nvme3n1p1: 1501755224064
none: 4096

1745388527
/dev/nvme3n1p1: 1500487327744
none: 4096

1745388529
/dev/nvme3n1p1: 1499201699840
none: 12288

1745388531
/dev/nvme3n1p1: 1498011570176
none: 4096

1745388532
/dev/nvme3n1p1: 1497315647488
none: 4096

1745388533
/dev/nvme3n1p1: 1496616923136
none: 4096

1745388534
/dev/nvme3n1p1: 1496634257408
none: 4096

1745388535
/dev/nvme3n1p1: 1496657575936
none: 102400

1745388536
/dev/nvme3n1p1: 1496701280256
none: 24576

1745388537
/dev/nvme3n1p1: 1496731308032
none: 4096

1745388538
/dev/nvme3n1p1: 1496778952704
none: 4096

1745388539
/dev/nvme3n1p1: 1496811503616
none: 4096

1745388541
/dev/nvme3n1p1: 1496890486784
none: 28672

1745388542
/dev/nvme3n1p1: 1496931393536
none: 4096

1745388543
/dev/nvme3n1p1: 1496943591424
none: 4096

1745388544
/dev/nvme3n1p1: 1496982573056
none: 4096

1745388545
/dev/nvme3n1p1: 1497063084032
none: 4096

1745388546
/dev/nvme3n1p1: 1497078210560
none: 4096

1745388547
/dev/nvme3n1p1: 1497115930624
none: 4096

1745388549
/dev/nvme3n1p1: 1497200644096
none: 4096

1745388550
/dev/nvme3n1p1: 1497261723648
none: 4096

1745388552
/dev/nvme3n1p1: 1497352708096
none: 4096

1745388553
/dev/nvme3n1p1: 1497372409856
none: 4096

1745388554
/dev/nvme3n1p1: 1497386352640
none: 4096

1745388555
/dev/nvme3n1p1: 1497420173312
none: 4096

1745388556
/dev/nvme3n1p1: 1497458597888
none: 4096

1745388557
/dev/nvme3n1p1: 1497556840448
none: 4096

1745388558
/dev/nvme3n1p1: 1497568681984
none: 4096

1745388559
/dev/nvme3n1p1: 1497584308224
none: 4096

1745388560
/dev/nvme3n1p1: 1497604841472
none: 4096

1745388561
/dev/nvme3n1p1: 1497637158912
none: 4096

1745388562
/dev/nvme3n1p1: 1497652342784
none: 4096

1745388563
/dev/nvme3n1p1: 1497819131904
none: 4096

1745388564
/dev/nvme3n1p1: 1497986015232
none: 4096

1745388565
/dev/nvme3n1p1: 1498019606528
none: 4096

1745388566
/dev/nvme3n1p1: 1498250993664
none: 4096

1745388567
/dev/nvme3n1p1: 1498266505216
none: 4096

1745388568
/dev/nvme3n1p1: 1498369499136
none: 4096

1745388569
/dev/nvme3n1p1: 1498416250880
none: 4096

1745388570
/dev/nvme3n1p1: 1498428399616
none: 4096

1745388571
/dev/nvme3n1p1: 1498493833216
none: 4096

1745388572
/dev/nvme3n1p1: 1498477867008
none: 4096

1745388574
/dev/nvme3n1p1: 1499606085632
none: 4096

1745388575
/dev/nvme3n1p1: 1500101046272
none: 4096

1745388576
/dev/nvme3n1p1: 1500206845952
none: 4096

1745388578
/dev/nvme3n1p1: 1499519684608
none: 4096

1745388579
/dev/nvme3n1p1: 1499534680064
none: 4096

1745388581
/dev/nvme3n1p1: 1499562151936
none: 4096

1745388583
/dev/nvme3n1p1: 1499660439552
none: 4096

1745388584
/dev/nvme3n1p1: 1499741966336
none: 4096

1745388585
/dev/nvme3n1p1: 1499350822912
none: 4096

1745388586
/dev/nvme3n1p1: 1498861166592
none: 4096

1745388587
/dev/nvme3n1p1: 1498269958144
none: 4096

1745388588
/dev/nvme3n1p1: 1497495740416
none: 4096

1745388590
/dev/nvme3n1p1: 1496237449216
none: 4096

1745388591
/dev/nvme3n1p1: 1495497125888
none: 4096

1745388592
/dev/nvme3n1p1: 1495462776832
none: 4096

1745388593
/dev/nvme3n1p1: 1495493390336
none: 4096

1745388594
/dev/nvme3n1p1: 1495519690752
none: 4096

1745388595
/dev/nvme3n1p1: 1495530225664
none: 8192

1745388596
/dev/nvme3n1p1: 1495557423104
none: 8192

1745388597
/dev/nvme3n1p1: 1495569940480
none: 8192

1745388598
/dev/nvme3n1p1: 1495591419904
none: 8192

1745388599
/dev/nvme3n1p1: 1495705305088
none: 8192

1745388601
/dev/nvme3n1p1: 1495879675904
none: 8192

1745388602
/dev/nvme3n1p1: 1495898288128
none: 8192

1745388603
/dev/nvme3n1p1: 1495908995072
none: 8192

1745388604
/dev/nvme3n1p1: 1495923003392
none: 4096

1745388605
/dev/nvme3n1p1: 1495933145088
none: 8192

1745388606
/dev/nvme3n1p1: 1495955681280
none: 8192

1745388607
/dev/nvme3n1p1: 1496039751680
none: 8192

1745388608
/dev/nvme3n1p1: 1496024387584
none: 8192

1745388609
/dev/nvme3n1p1: 1496040443904
none: 8192

1745388611
/dev/nvme3n1p1: 1496090587136
none: 8192

1745388612
/dev/nvme3n1p1: 1496096710656
none: 8192

1745388613
/dev/nvme3n1p1: 1496113377280
none: 8192

1745388614
/dev/nvme3n1p1: 1496129318912
none: 8192

1745388616
/dev/nvme3n1p1: 1496264564736
none: 8192

1745388617
/dev/nvme3n1p1: 1496344784896
none: 8192

1745388618
/dev/nvme3n1p1: 1496482856960
none: 8192

1745388620
/dev/nvme3n1p1: 1496590688256
none: 8192

1745388621
/dev/nvme3n1p1: 1496697626624
none: 8192

1745388622
/dev/nvme3n1p1: 1496708009984
none: 8192

1745388623
/dev/nvme3n1p1: 1493551407104
none: 4096

1745388624
/dev/nvme3n1p1: 1493568028672
none: 8192

1745388626
/dev/nvme3n1p1: 1493574483968
none: 8192

1745388628
/dev/nvme3n1p1: 1493402038272
none: 8192

1745388630
/dev/nvme3n1p1: 1493418426368
none: 8192

1745388632
/dev/nvme3n1p1: 1493427314688
none: 4096

1745388633
/dev/nvme3n1p1: 1493436952576
none: 4096

1745388634
/dev/nvme3n1p1: 1493467533312
none: 4096

1745388635
/dev/nvme3n1p1: 1493492064256
none: 4096

1745388636
/dev/nvme3n1p1: 1493513244672
none: 8192

1745388637
/dev/nvme3n1p1: 1493525897216
none: 8192

1745388638
/dev/nvme3n1p1: 1493540409344
none: 8192

1745388639
/dev/nvme3n1p1: 1493557211136
none: 8192

1745388640
/dev/nvme3n1p1: 1493571731456
none: 8192

1745388641
/dev/nvme3n1p1: 1493596647424
none: 8192

1745388642
/dev/nvme3n1p1: 1493621796864
none: 8192

1745388643
/dev/nvme3n1p1: 1493748912128
none: 8192

1745388644
/dev/nvme3n1p1: 1493767405568
none: 8192

1745388645
/dev/nvme3n1p1: 1493794869248
none: 8192

1745388646
/dev/nvme3n1p1: 1493811224576
none: 4096

1745388647
/dev/nvme3n1p1: 1493880229888
none: 8192

1745388648
/dev/nvme3n1p1: 1494114758656
none: 8192

1745388649
/dev/nvme3n1p1: 1494279499776
none: 8192

1745388650
/dev/nvme3n1p1: 1494140465152
none: 4096

1745388651
/dev/nvme3n1p1: 1494144819200
none: 4096

1745388652
/dev/nvme3n1p1: 1494284759040
none: 4096

1745388653
/dev/nvme3n1p1: 1494289719296
none: 4096

1745388654
/dev/nvme3n1p1: 1494351224832
none: 4096

1745388656
/dev/nvme3n1p1: 1494360948736
none: 4096

1745388657
/dev/nvme3n1p1: 1494374617088
none: 4096

1745388658
/dev/nvme3n1p1: 1494419070976
none: 4096

1745388659
/dev/nvme3n1p1: 1494477201408
none: 4096

1745388660
/dev/nvme3n1p1: 1494549536768
none: 4096

1745388661
/dev/nvme3n1p1: 1494355988480
none: 4096

1745388662
/dev/nvme3n1p1: 1493795438592
none: 4096

1745388663
/dev/nvme3n1p1: 1493870039040
none: 10977280

1745388664
/dev/nvme3n1p1: 1493888917504
none: 4096

1745388665
/dev/nvme3n1p1: 1493528297472
none: 4096

1745388666
/dev/nvme3n1p1: 1493233496064
none: 20480

1745388667
/dev/nvme3n1p1: 1493239103488
none: 20480

1745388668
/dev/nvme3n1p1: 1493251870720
none: 20480

1745388669
/dev/nvme3n1p1: 1493357244416
none: 16384

1745388670
/dev/nvme3n1p1: 1493386137600
none: 4096

1745388671
/dev/nvme3n1p1: 1493398073344
none: 4096

1745388672
/dev/nvme3n1p1: 1493417406464
none: 4096

1745388673
/dev/nvme3n1p1: 1493555666944
none: 4096

1745388674
/dev/nvme3n1p1: 1493572083712
none: 4096

1745388675
/dev/nvme3n1p1: 1493720276992
none: 4096

1745388676
/dev/nvme3n1p1: 1493749239808
none: 4096

1745388678
/dev/nvme3n1p1: 1493877456896
none: 4096

1745388679
/dev/nvme3n1p1: 1493974142976
none: 4096

1745388681
/dev/nvme3n1p1: 1494021709824
none: 4096

1745388682
/dev/nvme3n1p1: 1494054318080
none: 4096

1745388683
/dev/nvme3n1p1: 1493729513472
none: 4096

1745388684
/dev/nvme3n1p1: 1492550889472
none: 4096

1745388686
/dev/nvme3n1p1: 1493033549824
none: 12288

1745388687
/dev/nvme3n1p1: 1493111996416
none: 20480

1745388689
/dev/nvme3n1p1: 1493291794432
none: 4096

1745388690
/dev/nvme3n1p1: 1493421776896
none: 4096

1745388692
/dev/nvme3n1p1: 1493821349888
none: 4096

1745388693
/dev/nvme3n1p1: 1493894975488
none: 36864

1745388694
/dev/nvme3n1p1: 1493968973824
none: 16384

1745388695
/dev/nvme3n1p1: 1494126415872
none: 4096

1745388697
/dev/nvme3n1p1: 1494251241472
none: 12288

1745388698
/dev/nvme3n1p1: 1493088849920
none: 4096

1745388699
/dev/nvme3n1p1: 1492538642432
none: 4096

1745388700
/dev/nvme3n1p1: 1491686039552
none: 4096

1745388701
/dev/nvme3n1p1: 1491085557760
none: 4096

1745388702
/dev/nvme3n1p1: 1491096780800
none: 4096

1745388703
/dev/nvme3n1p1: 1491148881920
none: 4096

1745388705
/dev/nvme3n1p1: 1491217084416
none: 4096

1745388706
/dev/nvme3n1p1: 1491230175232
none: 4096

1745388707
/dev/nvme3n1p1: 1491240853504
none: 4096

1745388709
/dev/nvme3n1p1: 1491250651136
none: 4096

1745388710
/dev/nvme3n1p1: 1491295682560
none: 4096

1745388712
/dev/nvme3n1p1: 1491401416704
none: 4096

1745388713
/dev/nvme3n1p1: 1490853670912
none: 4096

1745388714
/dev/nvme3n1p1: 1490882224128
none: 4096

1745388715
/dev/nvme3n1p1: 1490941673472
none: 4096

1745388716
/dev/nvme3n1p1: 1491021479936
none: 4096

1745388717
/dev/nvme3n1p1: 1491062845440
none: 4096

1745388718
/dev/nvme3n1p1: 1491099340800
none: 4096

1745388719
/dev/nvme3n1p1: 1491178131456
none: 4096

1745388720
/dev/nvme3n1p1: 1491251044352
none: 4096

1745388721
/dev/nvme3n1p1: 1491253116928
none: 4096

1745388722
/dev/nvme3n1p1: 1491255521280
none: 4096

1745388723
/dev/nvme3n1p1: 1491260276736
none: 4096

1745388724
/dev/nvme3n1p1: 1491265875968
none: 4096

1745388725
/dev/nvme3n1p1: 1491272585216
none: 4096

1745388727
/dev/nvme3n1p1: 1491280945152
none: 4096

1745388728
/dev/nvme3n1p1: 1491291525120
none: 4096

1745388729
/dev/nvme3n1p1: 1491321036800
none: 4096

1745388730
/dev/nvme3n1p1: 1491349680128
none: 4096

1745388731
/dev/nvme3n1p1: 1491356286976
none: 4096

1745388732
/dev/nvme3n1p1: 1491427274752
none: 4096

1745388733
/dev/nvme3n1p1: 1491439587328
none: 4096

1745388734
/dev/nvme3n1p1: 1491447902208
none: 4096

1745388735
/dev/nvme3n1p1: 1491451764736
none: 4096

1745388736
/dev/nvme3n1p1: 1491458666496
none: 4096

1745388737
/dev/nvme3n1p1: 1491464237056
none: 4096

1745388738
/dev/nvme3n1p1: 1491477069824
none: 8192

1745388739
/dev/nvme3n1p1: 1491496783872
none: 8192

1745388740
/dev/nvme3n1p1: 1491517378560
none: 8192

1745388741
/dev/nvme3n1p1: 1491529170944
none: 8192

1745388742
/dev/nvme3n1p1: 1491543224320
none: 4096

1745388743
/dev/nvme3n1p1: 1491553443840
none: 4096

1745388744
/dev/nvme3n1p1: 1491566800896
none: 4096

1745388745
/dev/nvme3n1p1: 1491581259776
none: 4096

1745388746
/dev/nvme3n1p1: 1491597320192
none: 8192

1745388747
/dev/nvme3n1p1: 1491616157696
none: 978944

1745388748
/dev/nvme3n1p1: 1491636838400
none: 4096

1745388749
/dev/nvme3n1p1: 1491739697152
none: 4096

1745388750
/dev/nvme3n1p1: 1491810947072
none: 12288

1745388751
/dev/nvme3n1p1: 1491885158400
none: 4096

1745388752
/dev/nvme3n1p1: 1491900719104
none: 4096

1745388753
/dev/nvme3n1p1: 1491914493952
none: 8192

1745388754
/dev/nvme3n1p1: 1491863412736
none: 36864

1745388755
/dev/nvme3n1p1: 1491838697472
none: 8192

1745388756
/dev/nvme3n1p1: 1491870343168
none: 2793472

1745388757
/dev/nvme3n1p1: 1491856203776
none: 16384

1745388758
/dev/nvme3n1p1: 1491841806336
none: 8192

1745388759
/dev/nvme3n1p1: 1491816259584
none: 4096

1745388761
/dev/nvme3n1p1: 1491856560128
none: 4096

1745388762
/dev/nvme3n1p1: 1491869245440
none: 4096

1745388763
/dev/nvme3n1p1: 1491893506048
none: 32768

1745388764
/dev/nvme3n1p1: 1491918200832
none: 12288

1745388765
/dev/nvme3n1p1: 1491929829376
none: 45056

1745388766
/dev/nvme3n1p1: 1491961458688
none: 8192

1745388767
/dev/nvme3n1p1: 1491977617408
none: 36864

1745388768
/dev/nvme3n1p1: 1492000104448
none: 12288

1745388769
/dev/nvme3n1p1: 1492028493824
none: 16384

1745388770
/dev/nvme3n1p1: 1492005797888
none: 4096

1745388771
/dev/nvme3n1p1: 1492028428288
none: 12288

1745388772
/dev/nvme3n1p1: 1492050460672
none: 12288

1745388773
/dev/nvme3n1p1: 1492041940992
none: 4096

1745388774
/dev/nvme3n1p1: 1492061921280
none: 12288

1745388775
/dev/nvme3n1p1: 1492070789120
none: 4096

1745388776
/dev/nvme3n1p1: 1492082581504
none: 4096

1745388777
/dev/nvme3n1p1: 1492092108800
none: 4096

1745388778
/dev/nvme3n1p1: 1492098899968
none: 4096

1745388779
/dev/nvme3n1p1: 1492111466496
none: 12288

1745388780
/dev/nvme3n1p1: 1492137205760
none: 4096

1745388781
/dev/nvme3n1p1: 1492154003456
none: 4096

1745388782
/dev/nvme3n1p1: 1492129140736
none: 4096

1745388783
/dev/nvme3n1p1: 1492138655744
none: 4096

1745388784
/dev/nvme3n1p1: 1492156350464
none: 4096

1745388785
/dev/nvme3n1p1: 1492136022016
none: 4096

1745388786
/dev/nvme3n1p1: 1492155875328
none: 12288

1745388787
/dev/nvme3n1p1: 1492167610368
none: 12288

1745388788
/dev/nvme3n1p1: 1492188831744
none: 4096

1745388789
/dev/nvme3n1p1: 1492206878720
none: 20480

1745388790
/dev/nvme3n1p1: 1492213719040
none: 8192

1745388791
/dev/nvme3n1p1: 1492228624384
none: 8192

1745388792
/dev/nvme3n1p1: 1492243841024
none: 4096

1745388793
/dev/nvme3n1p1: 1492248440832
none: 12288

1745388794
/dev/nvme3n1p1: 1492263817216
none: 4096

1745388795
/dev/nvme3n1p1: 1492272263168
none: 20480

1745388796
/dev/nvme3n1p1: 1492283174912
none: 20480

1745388797
/dev/nvme3n1p1: 1492292972544
none: 12288

1745388798
/dev/nvme3n1p1: 1492362469376
none: 20480

1745388799
/dev/nvme3n1p1: 1492373929984
none: 12288

1745388800
/dev/nvme3n1p1: 1492380766208
none: 12288

1745388801
/dev/nvme3n1p1: 1492392198144
none: 4096

1745388802
/dev/nvme3n1p1: 1492401926144
none: 12288

1745388803
/dev/nvme3n1p1: 1492422336512
none: 4096

1745388804
/dev/nvme3n1p1: 1492509913088
none: 8192

1745388805
/dev/nvme3n1p1: 1492527566848
none: 12288

1745388806
/dev/nvme3n1p1: 1492541231104
none: 4096

1745388807
/dev/nvme3n1p1: 1492559958016
none: 4096

1745388808
/dev/nvme3n1p1: 1492603404288
none: 12288

1745388809
/dev/nvme3n1p1: 1492620468224
none: 16384

1745388810
/dev/nvme3n1p1: 1492654936064
none: 20480

1745388811
/dev/nvme3n1p1: 1492670464000
none: 4096

1745388812
/dev/nvme3n1p1: 1492706713600
none: 12288

1745388813
/dev/nvme3n1p1: 1492728254464
none: 4096

1745388814
/dev/nvme3n1p1: 1492742381568
none: 4096

1745388815
/dev/nvme3n1p1: 1492757463040
none: 12288

1745388816
/dev/nvme3n1p1: 1492768784384
none: 4096

1745388817
/dev/nvme3n1p1: 1492789403648
none: 3125248

1745388818
/dev/nvme3n1p1: 1492802641920
none: 4096

1745388819
/dev/nvme3n1p1: 1492813631488
none: 4096

1745388820
/dev/nvme3n1p1: 1492827348992
none: 4096

1745388821
/dev/nvme3n1p1: 1492837601280
none: 4096

1745388822
/dev/nvme3n1p1: 1492850167808
none: 4096

1745388823
/dev/nvme3n1p1: 1492865007616
none: 8192

1745388824
/dev/nvme3n1p1: 1492894134272
none: 8192

1745388825
/dev/nvme3n1p1: 1492903469056
none: 8192

1745388826
/dev/nvme3n1p1: 1492925456384
none: 8192

1745388827
/dev/nvme3n1p1: 1492935471104
none: 12288

1745388828
/dev/nvme3n1p1: 1492972646400
none: 4096

1745388829
/dev/nvme3n1p1: 1492989181952
none: 12288

1745388830
/dev/nvme3n1p1: 1493021593600
none: 4096

1745388831
/dev/nvme3n1p1: 1493048254464
none: 4096

1745388832
/dev/nvme3n1p1: 1493066014720
none: 4096

1745388833
/dev/nvme3n1p1: 1493094195200
none: 4096

1745388834
/dev/nvme3n1p1: 1493142151168
none: 12288

1745388835
/dev/nvme3n1p1: 1493185970176
none: 4096

1745388836
/dev/nvme3n1p1: 1493201051648
none: 20480

1745388837
/dev/nvme3n1p1: 1493219254272
none: 4096

1745388838
/dev/nvme3n1p1: 1493240389632
none: 12288

1745388839
/dev/nvme3n1p1: 1493255950336
none: 12288

1745388840
/dev/nvme3n1p1: 1493269233664
none: 12288

1745388841
/dev/nvme3n1p1: 1493290229760
none: 4096

1745388842
/dev/nvme3n1p1: 1493301248000
none: 4096

1745388843
/dev/nvme3n1p1: 1493310427136
none: 4096

1745388844
/dev/nvme3n1p1: 1493316444160
none: 4096

1745388845
/dev/nvme3n1p1: 1493317337088
none: 4096

1745388846
/dev/nvme3n1p1: 1493323243520
none: 4096

1745388847
/dev/nvme3n1p1: 1493326356480
none: 4096

1745388848
/dev/nvme3n1p1: 1493335363584
none: 4096

1745388849
/dev/nvme3n1p1: 1493337325568
none: 4096

1745388850
/dev/nvme3n1p1: 1493353320448
none: 4096

1745388851
/dev/nvme3n1p1: 1493365768192
none: 4096

1745388852
/dev/nvme3n1p1: 1493376339968
none: 4096

1745388853
/dev/nvme3n1p1: 1493389225984
none: 4096

1745388854
/dev/nvme3n1p1: 1493403095040
none: 4096

1745388855
/dev/nvme3n1p1: 1493418262528
none: 4096

1745388856
/dev/nvme3n1p1: 1493427470336
none: 4096

1745388857
/dev/nvme3n1p1: 1493455642624
none: 4096

1745388858
/dev/nvme3n1p1: 1493464178688
none: 4096

1745388859
/dev/nvme3n1p1: 1493471469568
none: 4096

1745388860
/dev/nvme3n1p1: 1493482991616
none: 4096

1745388861
/dev/nvme3n1p1: 1493484167168
none: 4096

1745388862
/dev/nvme3n1p1: 1493488177152
none: 4096

1745388863
/dev/nvme3n1p1: 1493493215232
none: 4096

1745388864
/dev/nvme3n1p1: 1493498990592
none: 4096

1745388865
/dev/nvme3n1p1: 1493508292608
none: 4096

1745388866
/dev/nvme3n1p1: 1493512171520
none: 4096

1745388867
/dev/nvme3n1p1: 1493515403264
none: 4096

1745388868
/dev/nvme3n1p1: 1493518000128
none: 4096

1745388869
/dev/nvme3n1p1: 1493521960960
none: 4096

1745388870
/dev/nvme3n1p1: 1493523939328
none: 4096

1745388871
/dev/nvme3n1p1: 1493532459008
none: 4096

1745388872
/dev/nvme3n1p1: 1493540741120
none: 4096

1745388873
/dev/nvme3n1p1: 1493557276672
none: 4096

1745388874
/dev/nvme3n1p1: 1493575663616
none: 4096

1745388875
/dev/nvme3n1p1: 1493588574208
none: 12288

1745388876
/dev/nvme3n1p1: 1493608357888
none: 8192

1745388877
/dev/nvme3n1p1: 1493640237056
none: 12288

1745388878
/dev/nvme3n1p1: 1493649883136
none: 4096

1745388879
/dev/nvme3n1p1: 1493657067520
none: 4096

1745388880
/dev/nvme3n1p1: 1493684830208
none: 4096

1745388881
/dev/nvme3n1p1: 1493686177792
none: 4096

1745388883
/dev/nvme3n1p1: 1493710315520
none: 4096

1745388884
/dev/nvme3n1p1: 1493728743424
none: 4096

1745388885
/dev/nvme3n1p1: 1493746790400
none: 4096

1745388887
/dev/nvme3n1p1: 1493769437184
none: 4096

1745388889
/dev/nvme3n1p1: 1493819510784
none: 4096

1745388890
/dev/nvme3n1p1: 1493825880064
none: 4096

1745388891
/dev/nvme3n1p1: 1493846646784
none: 4096

1745388894
/dev/nvme3n1p1: 1493853036544
none: 4096

1745388895
/dev/nvme3n1p1: 1493785931776
none: 4096

1745388896
/dev/nvme3n1p1: 1493629616128
none: 4096

1745388897
/dev/nvme3n1p1: 1492700581888
none: 4096

1745388898
/dev/nvme3n1p1: 1492472090624
none: 4096

1745388900
/dev/nvme3n1p1: 1492474650624
none: 4096

1745388901
/dev/nvme3n1p1: 1492481015808
none: 4096

1745388902
/dev/nvme3n1p1: 1492486746112
none: 4096

1745388904
/dev/nvme3n1p1: 1492498305024
none: 4096

1745388906
/dev/nvme3n1p1: 1492511113216
none: 4096

1745388907
/dev/nvme3n1p1: 1492535361536
none: 4096

1745388908
/dev/nvme3n1p1: 1492542537728
none: 4096

1745388909
/dev/nvme3n1p1: 1492557451264
none: 4096

1745388910
/dev/nvme3n1p1: 1491630587904
none: 4096

1745388911
/dev/nvme3n1p1: 1491358711808
none: 4096

1745388913
/dev/nvme3n1p1: 1491373211648
none: 4096

1745388914
/dev/nvme3n1p1: 1491388526592
none: 4096

1745388916
/dev/nvme3n1p1: 1491411456000
none: 4096

1745388918
/dev/nvme3n1p1: 1491431489536
none: 4096

1745388919
/dev/nvme3n1p1: 1491442876416
none: 4096

1745388920
/dev/nvme3n1p1: 1491468668928
none: 4096

1745388921
/dev/nvme3n1p1: 1491500576768
none: 442368

1745388922
/dev/nvme3n1p1: 1491609194496
none: 4096

1745388923
/dev/nvme3n1p1: 1492101545984
none: 4096

1745388924
/dev/nvme3n1p1: 1492181544960
none: 4096

1745388925
/dev/nvme3n1p1: 1492478943232
none: 4096

1745388926
/dev/nvme3n1p1: 1492576681984
none: 90112

1745388928
/dev/nvme3n1p1: 1492617682944
none: 4096

1745388930
/dev/nvme3n1p1: 1492630994944
none: 4096

1745388931
/dev/nvme3n1p1: 1492669325312
none: 4096

1745388933
/dev/nvme3n1p1: 1492672831488
none: 4096

1745388934
/dev/nvme3n1p1: 1492678660096
none: 8192

1745388935
/dev/nvme3n1p1: 1492688154624
none: 4096

1745388937
/dev/nvme3n1p1: 1492694315008
none: 4096

1745388938
/dev/nvme3n1p1: 1492709793792
none: 4096

1745388940
/dev/nvme3n1p1: 1492726591488
none: 4096

1745388941
/dev/nvme3n1p1: 1492731899904
none: 4096

1745388943
/dev/nvme3n1p1: 1492740382720
none: 4096

1745388944
/dev/nvme3n1p1: 1492746625024
none: 4096

1745388945
/dev/nvme3n1p1: 1492748247040
none: 4096

1745388947
/dev/nvme3n1p1: 1492759064576
none: 4096

1745388948
/dev/nvme3n1p1: 1492765609984
none: 4096

1745388949
/dev/nvme3n1p1: 1492769157120
none: 4096

1745388950
/dev/nvme3n1p1: 1492773773312
none: 4096

1745388951
/dev/nvme3n1p1: 1492778512384
none: 4096

1745388952
/dev/nvme3n1p1: 1492784009216
none: 4096

1745388953
/dev/nvme3n1p1: 1492786622464
none: 4096

1745388954
/dev/nvme3n1p1: 1492789944320
none: 4096

1745388955
/dev/nvme3n1p1: 1492796882944
none: 4096

1745388956
/dev/nvme3n1p1: 1492799741952
none: 4096

1745388957
/dev/nvme3n1p1: 1492808855552
none: 4096

1745388958
/dev/nvme3n1p1: 1492812165120
none: 4096

1745388959
/dev/nvme3n1p1: 1492805218304
none: 4096

1745388961
/dev/nvme3n1p1: 1492711038976
none: 4096

1745388962
/dev/nvme3n1p1: 1492717797376
none: 4096

1745388963
/dev/nvme3n1p1: 1492720173056
none: 4096

1745388964
/dev/nvme3n1p1: 1492725932032
none: 4096

1745388965
/dev/nvme3n1p1: 1492735070208
none: 4096

1745388966
/dev/nvme3n1p1: 1492744691712
none: 4096

1745388967
/dev/nvme3n1p1: 1492752228352
none: 4096

1745388968
/dev/nvme3n1p1: 1492754563072
none: 4096

1745388969
/dev/nvme3n1p1: 1492757311488
none: 4096

1745388970
/dev/nvme3n1p1: 1492761247744
none: 4096

1745388971
/dev/nvme3n1p1: 1492801105920
none: 4096

1745388972
/dev/nvme3n1p1: 1492846309376
none: 4096

1745388973
/dev/nvme3n1p1: 1492851904512
none: 4096

1745388975
/dev/nvme3n1p1: 1492349341696
none: 4096

1745388976
/dev/nvme3n1p1: 1492352278528
none: 4096

1745388977
/dev/nvme3n1p1: 1492355850240
none: 4096

1745388978
/dev/nvme3n1p1: 1492360634368
none: 4096

1745388980
/dev/nvme3n1p1: 1492369338368
none: 4096

1745388982
/dev/nvme3n1p1: 1492346376192
none: 4096

1745388984
/dev/nvme3n1p1: 1492544266240
none: 4096

1745388985
/dev/nvme3n1p1: 1492553076736
none: 4096

1745388986
/dev/nvme3n1p1: 1492561080320
none: 4096

1745388987
/dev/nvme3n1p1: 1492566880256
none: 4096

1745388988
/dev/nvme3n1p1: 1492583354368
none: 4096

1745388990
/dev/nvme3n1p1: 1492597641216
none: 4096

1745388992
/dev/nvme3n1p1: 1492606590976
none: 4096

1745388993
/dev/nvme3n1p1: 1492607225856
none: 4096

1745388994
/dev/nvme3n1p1: 1492610609152
none: 4096

1745388995
/dev/nvme3n1p1: 1492612448256
none: 4096

1745388996
/dev/nvme3n1p1: 1492620541952
none: 4096

1745388997
/dev/nvme3n1p1: 1492625608704
none: 4096

1745388998
/dev/nvme3n1p1: 1492616777728
none: 4096

1745388999
/dev/nvme3n1p1: 1492609183744
none: 4096

1745389000
/dev/nvme3n1p1: 1492612640768
none: 4096

1745389001
/dev/nvme3n1p1: 1492619481088
none: 4096

1745389002
/dev/nvme3n1p1: 1492625461248
none: 4096

1745389003
/dev/nvme3n1p1: 1492629630976
none: 4096

1745389004
/dev/nvme3n1p1: 1492634300416
none: 4096

1745389005
/dev/nvme3n1p1: 1492640382976
none: 4096

1745389006
/dev/nvme3n1p1: 1492651266048
none: 4096

1745389007
/dev/nvme3n1p1: 1492665221120
none: 4096

1745389008
/dev/nvme3n1p1: 1492670746624
none: 4096

1745389009
/dev/nvme3n1p1: 1492681818112
none: 4096

1745389010
/dev/nvme3n1p1: 1492689989632
none: 4096

1745389011
/dev/nvme3n1p1: 1492715712512
none: 4096

1745389012
/dev/nvme3n1p1: 1492721639424
none: 4096

1745389013
/dev/nvme3n1p1: 1492727521280
none: 4096

1745389014
/dev/nvme3n1p1: 1492735234048
none: 4096

1745389015
/dev/nvme3n1p1: 1492742897664
none: 4096

1745389017
/dev/nvme3n1p1: 1492757979136
none: 4096

1745389018
/dev/nvme3n1p1: 1492761137152
none: 4096

1745389019
/dev/nvme3n1p1: 1492766568448
none: 4096

1745389020
/dev/nvme3n1p1: 1492774662144
none: 4096

1745389021
/dev/nvme3n1p1: 1492781326336
none: 4096

1745389022
/dev/nvme3n1p1: 1492787884032
none: 4096

1745389023
/dev/nvme3n1p1: 1492793950208
none: 4096

1745389024
/dev/nvme3n1p1: 1492800409600
none: 4096

1745389025
/dev/nvme3n1p1: 1492807311360
none: 20480

1745389026
/dev/nvme3n1p1: 1492811898880
none: 4096

1745389027
/dev/nvme3n1p1: 1492814987264
none: 4096

1745389028
/dev/nvme3n1p1: 1492818554880
none: 4096

1745389029
/dev/nvme3n1p1: 1492826902528
none: 4096

1745389030
/dev/nvme3n1p1: 1492850348032
none: 4096

1745389031
/dev/nvme3n1p1: 1492855230464
none: 4096

1745389032
/dev/nvme3n1p1: 1492863111168
none: 4096

1745389033
/dev/nvme3n1p1: 1492867002368
none: 4096

1745389034
/dev/nvme3n1p1: 1492869005312
none: 4096

1745389035
/dev/nvme3n1p1: 1492871536640
none: 4096

1745389036
/dev/nvme3n1p1: 1492879544320
none: 4096

1745389037
/dev/nvme3n1p1: 1492881612800
none: 4096

1745389038
/dev/nvme3n1p1: 1492887535616
none: 4096

1745389039
/dev/nvme3n1p1: 1492890251264
none: 4096

1745389040
/dev/nvme3n1p1: 1492894466048
none: 4096

1745389041
/dev/nvme3n1p1: 1492896530432
none: 4096

1745389042
/dev/nvme3n1p1: 1492898050048
none: 4096

1745389043
/dev/nvme3n1p1: 1492900106240
none: 4096

1745389044
/dev/nvme3n1p1: 1492903014400
none: 4096

1745389045
/dev/nvme3n1p1: 1492907945984
none: 4096

1745389046
/dev/nvme3n1p1: 1492911403008
none: 4096

1745389047
/dev/nvme3n1p1: 1492914466816
none: 4096

1745389048
/dev/nvme3n1p1: 1492919087104
none: 4096

1745389049
/dev/nvme3n1p1: 1492922605568
none: 4096

1745389050
/dev/nvme3n1p1: 1492925648896
none: 4096

1745389051
/dev/nvme3n1p1: 1492943777792
none: 4096

1745389052
/dev/nvme3n1p1: 1492949790720
none: 4096

1745389053
/dev/nvme3n1p1: 1492952645632
none: 4096

1745389054
/dev/nvme3n1p1: 1492957605888
none: 4096

1745389055
/dev/nvme3n1p1: 1492966539264
none: 4096

1745389056
/dev/nvme3n1p1: 1492967739392
none: 4096

1745389057
/dev/nvme3n1p1: 1492972675072
none: 4096

1745389058
/dev/nvme3n1p1: 1492970221568
none: 4096

1745389059
/dev/nvme3n1p1: 1492974567424
none: 4096

1745389060
/dev/nvme3n1p1: 1492981923840
none: 4096

1745389061
/dev/nvme3n1p1: 1492987244544
none: 4096

1745389062
/dev/nvme3n1p1: 1492991209472
none: 4096

1745389063
/dev/nvme3n1p1: 1492998389760
none: 4096

1745389064
/dev/nvme3n1p1: 1493001478144
none: 4096

1745389065
/dev/nvme3n1p1: 1493005197312
none: 4096

1745389066
/dev/nvme3n1p1: 1493016387584
none: 4096

1745389067
/dev/nvme3n1p1: 1493023821824
none: 4096

1745389068
/dev/nvme3n1p1: 1493099208704
none: 4096

1745389069
/dev/nvme3n1p1: 1493101207552
none: 4096

1745389070
/dev/nvme3n1p1: 1493105315840
none: 4096

1745389071
/dev/nvme3n1p1: 1493107990528
none: 4096

1745389072
/dev/nvme3n1p1: 1493111439360
none: 4096

1745389073
/dev/nvme3n1p1: 1493114851328
none: 4096

1745389074
/dev/nvme3n1p1: 1493119660032
none: 4096

1745389075
/dev/nvme3n1p1: 1493122424832
none: 4096

1745389076
/dev/nvme3n1p1: 1493123817472
none: 4096

1745389077
/dev/nvme3n1p1: 1493134020608
none: 4096

1745389078
/dev/nvme3n1p1: 1493139030016
none: 4096

1745389079
/dev/nvme3n1p1: 1493145309184
none: 4096

1745389080
/dev/nvme3n1p1: 1493150523392
none: 4096

1745389081
/dev/nvme3n1p1: 1493164347392
none: 4096

1745389082
/dev/nvme3n1p1: 1493170454528
none: 4096

1745389083
/dev/nvme3n1p1: 1493174157312
none: 4096

1745389084
/dev/nvme3n1p1: 1493182279680
none: 4096

1745389085
/dev/nvme3n1p1: 1493175992320
none: 4096

1745389086
/dev/nvme3n1p1: 1493202030592
none: 4096

1745389087
/dev/nvme3n1p1: 1493206138880
none: 4096

1745389088
/dev/nvme3n1p1: 1493209669632
none: 4096

1745389089
/dev/nvme3n1p1: 1493211062272
none: 4096

1745389090
/dev/nvme3n1p1: 1493215268864
none: 4096

1745389091
/dev/nvme3n1p1: 1493228707840
none: 4096

1745389092
/dev/nvme3n1p1: 1493233446912
none: 4096

1745389093
/dev/nvme3n1p1: 1493234798592
none: 4096

1745389094
/dev/nvme3n1p1: 1493238886400
none: 4096

1745389096
/dev/nvme3n1p1: 1493246042112
none: 4096

1745389098
/dev/nvme3n1p1: 1493252972544
none: 4096

1745389103
/dev/nvme3n1p1: 1493270884352
none: 4096

1745389105
/dev/nvme3n1p1: 1493280976896
none: 4096

1745389106
/dev/nvme3n1p1: 1493277732864
none: 4096

1745389107
/dev/nvme3n1p1: 1493284044800
none: 4096

1745389108
/dev/nvme3n1p1: 1493286551552
none: 4096

1745389109
/dev/nvme3n1p1: 1492920893440
none: 4096

1745389110
/dev/nvme3n1p1: 1492940910592
none: 4096

1745389111
/dev/nvme3n1p1: 1493013835776
none: 4096

1745389112
/dev/nvme3n1p1: 1493014581248
none: 4096

1745389113
/dev/nvme3n1p1: 1493015027712
none: 4096

1745389114
/dev/nvme3n1p1: 1493017014272
none: 4096

1745389115
/dev/nvme3n1p1: 1493020381184
none: 4096

1745389116
/dev/nvme3n1p1: 1493026734080
none: 4096

1745389117
/dev/nvme3n1p1: 1493027229696
none: 4096

1745389118
/dev/nvme3n1p1: 1493029036032
none: 4096

1745389119
/dev/nvme3n1p1: 1493035094016
none: 4096

1745389120
/dev/nvme3n1p1: 1493145513984
none: 4096

1745389122
/dev/nvme3n1p1: 1493185101824
none: 4096

1745389124
/dev/nvme3n1p1: 1493188685824
none: 4096

1745389125
/dev/nvme3n1p1: 1493190852608
none: 4096

1745389126
/dev/nvme3n1p1: 1493191147520
none: 4096

1745389127
/dev/nvme3n1p1: 1493191782400
none: 4096

1745389128
/dev/nvme3n1p1: 1493203619840
none: 4096

1745389130
/dev/nvme3n1p1: 1493205123072
none: 4096

1745389131
/dev/nvme3n1p1: 1493248811008
none: 4096

1745389133
/dev/nvme3n1p1: 1493254537216
none: 4096

1745389135
/dev/nvme3n1p1: 1493278011392
none: 4096

1745389136
/dev/nvme3n1p1: 1493273563136
none: 4096

1745389137
/dev/nvme3n1p1: 1493319589888
none: 4096

1745389138
/dev/nvme3n1p1: 1493369212928
none: 4096

1745389139
/dev/nvme3n1p1: 1493379702784
none: 4096

1745389141
/dev/nvme3n1p1: 1493361135616
none: 4096

1745389142
/dev/nvme3n1p1: 1493362823168
none: 4096

1745389143
/dev/nvme3n1p1: 1493367029760
none: 4096

1745389145
/dev/nvme3n1p1: 1493383467008
none: 4096

1745389146
/dev/nvme3n1p1: 1493386870784
none: 8192

1745389147
/dev/nvme3n1p1: 1493388767232
none: 4096

1745389148
/dev/nvme3n1p1: 1493390450688
none: 4096

1745389149
/dev/nvme3n1p1: 1493395402752
none: 4096

1745389150
/dev/nvme3n1p1: 1493397852160
none: 4096

1745389151
/dev/nvme3n1p1: 1493420847104
none: 4096

1745389152
/dev/nvme3n1p1: 1493433286656
none: 4096

1745389154
/dev/nvme3n1p1: 1493461852160
none: 4096

1745389155
/dev/nvme3n1p1: 1493486682112
none: 4096

1745389156
/dev/nvme3n1p1: 1493522702336
none: 4096

1745389157
/dev/nvme3n1p1: 1493526237184
none: 4096

1745389158
/dev/nvme3n1p1: 1493672599552
none: 4096

1745389160
/dev/nvme3n1p1: 1493753196544
none: 4096

1745389161
/dev/nvme3n1p1: 1493784829952
none: 8192

1745389163
/dev/nvme3n1p1: 1493827895296
none: 4096

1745389165
/dev/nvme3n1p1: 1493883736064
none: 4096

1745389166
/dev/nvme3n1p1: 1493911764992
none: 4096

1745389167
/dev/nvme3n1p1: 1493917941760
none: 4096

1745389169
/dev/nvme3n1p1: 1493983420416
none: 4096

1745389170
/dev/nvme3n1p1: 1494012764160
none: 4096

1745389171
/dev/nvme3n1p1: 1494047371264
none: 4096

1745389173
/dev/nvme3n1p1: 1494101659648
none: 4096

1745389174
/dev/nvme3n1p1: 1494150868992
none: 4096

1745389176
/dev/nvme3n1p1: 1494184894464
none: 4096

1745389178
/dev/nvme3n1p1: 1494258712576
none: 4096

1745389179
/dev/nvme3n1p1: 1493728157696
none: 4096

1745389181
/dev/nvme3n1p1: 1493754011648
none: 4096

1745389182
/dev/nvme3n1p1: 1493727686656
none: 4096

1745389183
/dev/nvme3n1p1: 1493824778240
none: 4096

1745389184
/dev/nvme3n1p1: 1493827383296
none: 4096

1745389185
/dev/nvme3n1p1: 1493527379968
none: 4096

1745389186
/dev/nvme3n1p1: 1493514280960
none: 4096

1745389187
/dev/nvme3n1p1: 1493517914112
none: 4096

1745389188
/dev/nvme3n1p1: 1493733355520
none: 4096

1745389189
/dev/nvme3n1p1: 1493670072320
none: 4096

1745389190
/dev/nvme3n1p1: 1493670535168
none: 4096

1745389191
/dev/nvme3n1p1: 1493671759872
none: 4096

1745389192
/dev/nvme3n1p1: 1493705711616
none: 4096

1745389193
/dev/nvme3n1p1: 1493711245312
none: 4096

1745389195
/dev/nvme3n1p1: 1493724024832
none: 4096

1745389196
/dev/nvme3n1p1: 1493727342592
none: 4096

1745389197
/dev/nvme3n1p1: 1493729742848
none: 4096

1745389198
/dev/nvme3n1p1: 1493733367808
none: 4096

1745389199
/dev/nvme3n1p1: 1493742415872
none: 4096

1745389201
/dev/nvme3n1p1: 1493756108800
none: 4096

1745389202
/dev/nvme3n1p1: 1493759582208
none: 4096

1745389204
/dev/nvme3n1p1: 1493772038144
none: 4096

1745389206
/dev/nvme3n1p1: 1493842718720
none: 4808704

1745389208
/dev/nvme3n1p1: 1493370953728
none: 4096

1745389209
/dev/nvme3n1p1: 1493495050240
none: 4096

1745389210
/dev/nvme3n1p1: 1493422739456
none: 4096

1745389211
/dev/nvme3n1p1: 1493425295360
none: 4096

1745389212
/dev/nvme3n1p1: 1493432918016
none: 4096

1745389214
/dev/nvme3n1p1: 1493460320256
none: 4096

1745389215
/dev/nvme3n1p1: 1493477613568
none: 4096

1745389216
/dev/nvme3n1p1: 1493481078784
none: 4096

1745389217
/dev/nvme3n1p1: 1493486415872
none: 4096

1745389218
/dev/nvme3n1p1: 1493494267904
none: 4096

1745389219
/dev/nvme3n1p1: 1493502812160
none: 4096

1745389220
/dev/nvme3n1p1: 1493511364608
none: 4096

1745389221
/dev/nvme3n1p1: 1493519114240
none: 4096

1745389222
/dev/nvme3n1p1: 1493522157568
none: 4096

1745389224
/dev/nvme3n1p1: 1493527613440
none: 4096

1745389225
/dev/nvme3n1p1: 1493537755136
none: 4096

1745389226
/dev/nvme3n1p1: 1493543010304
none: 4096

1745389227
/dev/nvme3n1p1: 1493550186496
none: 4096

1745389228
/dev/nvme3n1p1: 1493569462272
none: 4096

1745389229
/dev/nvme3n1p1: 1493577158656
none: 4096

1745389230
/dev/nvme3n1p1: 1493554806784
none: 4096

1745389231
/dev/nvme3n1p1: 1493559128064
none: 4096

1745389232
/dev/nvme3n1p1: 1493560119296
none: 4096

1745389233
/dev/nvme3n1p1: 1493560770560
none: 4096

1745389234
/dev/nvme3n1p1: 1493565714432
none: 4096

1745389235
/dev/nvme3n1p1: 1493569130496
none: 4096

1745389236
/dev/nvme3n1p1: 1493570629632
none: 4096

1745389237
/dev/nvme3n1p1: 1493571588096
none: 8192

1745389238
/dev/nvme3n1p1: 1493575933952
none: 4096

1745389239
/dev/nvme3n1p1: 1493579649024
none: 4096

1745389241
/dev/nvme3n1p1: 1493684781056
none: 8192

1745389242
/dev/nvme3n1p1: 1493699866624
none: 4096

1745389243
/dev/nvme3n1p1: 1493729554432
none: 4096

1745389244
/dev/nvme3n1p1: 1493734907904
none: 4096

1745389245
/dev/nvme3n1p1: 1493739749376
none: 4096

1745389246
/dev/nvme3n1p1: 1493763088384
none: 4096

1745389247
/dev/nvme3n1p1: 1493784985600
none: 4096

1745389248
/dev/nvme3n1p1: 1493820825600
none: 4096

1745389249
/dev/nvme3n1p1: 1493858955264
none: 12288

1745389250
/dev/nvme3n1p1: 1493883928576
none: 4096

1745389251
/dev/nvme3n1p1: 1493898268672
none: 4096

1745389252
/dev/nvme3n1p1: 1493916082176
none: 4096

1745389253
/dev/nvme3n1p1: 1493933744128
none: 4096

1745389254
/dev/nvme3n1p1: 1493943193600
none: 4096

1745389255
/dev/nvme3n1p1: 1493965373440
none: 4096

1745389256
/dev/nvme3n1p1: 1494007431168
none: 4096

1745389257
/dev/nvme3n1p1: 1494052245504
none: 4096

1745389258
/dev/nvme3n1p1: 1494077374464
none: 4096

1745389259
/dev/nvme3n1p1: 1494106992640
none: 4096

1745389260
/dev/nvme3n1p1: 1494124150784
none: 4096

1745389262
/dev/nvme3n1p1: 1494156361728
none: 4096

1745389263
/dev/nvme3n1p1: 1494196191232
none: 4096

1745389264
/dev/nvme3n1p1: 1494224248832
none: 4096

1745389265
/dev/nvme3n1p1: 1494247985152
none: 4096

1745389266
/dev/nvme3n1p1: 1494275964928
none: 4096

1745389267
/dev/nvme3n1p1: 1494354911232
none: 4096

1745389268
/dev/nvme3n1p1: 1494403760128
none: 4096

1745389269
/dev/nvme3n1p1: 1494454566912
none: 4096

1745389270
/dev/nvme3n1p1: 1494473314304
none: 4096

1745389271
/dev/nvme3n1p1: 1494509080576
none: 4096

1745389272
/dev/nvme3n1p1: 1494535696384
none: 4096

1745389273
/dev/nvme3n1p1: 1494566416384
none: 4096

1745389274
/dev/nvme3n1p1: 1494582398976
none: 4096

1745389275
/dev/nvme3n1p1: 1494633578496
none: 4096

1745389277
/dev/nvme3n1p1: 1494684819456
none: 4096

1745389278
/dev/nvme3n1p1: 1494710538240
none: 4096

1745389279
/dev/nvme3n1p1: 1494748708864
none: 4096

1745389280
/dev/nvme3n1p1: 1494773342208
none: 4096

1745389281
/dev/nvme3n1p1: 1494798872576
none: 4096

1745389282
/dev/nvme3n1p1: 1494818562048
none: 4096

1745389283
/dev/nvme3n1p1: 1494838497280
none: 4096

1745389284
/dev/nvme3n1p1: 1494849191936
none: 4096

1745389285
/dev/nvme3n1p1: 1494890680320
none: 4096

1745389286
/dev/nvme3n1p1: 1494914023424
none: 4096

1745389287
/dev/nvme3n1p1: 1494947766272
none: 4096

1745389289
/dev/nvme3n1p1: 1495002300416
none: 4096

1745389290
/dev/nvme3n1p1: 1495034535936
none: 4096

1745389291
/dev/nvme3n1p1: 1495050739712
none: 4096

1745389292
/dev/nvme3n1p1: 1495079538688
none: 4096

1745389293
/dev/nvme3n1p1: 1495119384576
none: 4096

1745389294
/dev/nvme3n1p1: 1495144943616
none: 4096

1745389295
/dev/nvme3n1p1: 1495167176704
none: 4096

1745389296
/dev/nvme3n1p1: 1495195521024
none: 4096

1745389297
/dev/nvme3n1p1: 1495213854720
none: 4096

1745389298
/dev/nvme3n1p1: 1495249629184
none: 4096

1745389299
/dev/nvme3n1p1: 1495291850752
none: 4096

1745389300
/dev/nvme3n1p1: 1495327678464
none: 4096

1745389301
/dev/nvme3n1p1: 1495348486144
none: 4096

1745389302
/dev/nvme3n1p1: 1495364096000
none: 4096

1745389303
/dev/nvme3n1p1: 1495376769024
none: 4096

1745389304
/dev/nvme3n1p1: 1495412035584
none: 4096

1745389305
/dev/nvme3n1p1: 1495443816448
none: 4096

1745389306
/dev/nvme3n1p1: 1495464615936
none: 4096

1745389307
/dev/nvme3n1p1: 1495482224640
none: 4096

1745389308
/dev/nvme3n1p1: 1495502950400
none: 4096

1745389309
/dev/nvme3n1p1: 1495515467776
none: 4096

1745389310
/dev/nvme3n1p1: 1495547080704
none: 4096

1745389311
/dev/nvme3n1p1: 1495570075648
none: 4096

1745389312
/dev/nvme3n1p1: 1495609532416
none: 4096

1745389313
/dev/nvme3n1p1: 1495633973248
none: 4096

1745389314
/dev/nvme3n1p1: 1495672504320
none: 4096

1745389315
/dev/nvme3n1p1: 1495713988608
none: 4096

1745389316
/dev/nvme3n1p1: 1495741206528
none: 4096

1745389317
/dev/nvme3n1p1: 1495748689920
none: 4096

1745389318
/dev/nvme3n1p1: 1495758516224
none: 4096

1745389319
/dev/nvme3n1p1: 1495786536960
none: 4096

1745389320
/dev/nvme3n1p1: 1495797383168
none: 4096

1745389321
/dev/nvme3n1p1: 1495804243968
none: 4096

1745389322
/dev/nvme3n1p1: 1495810076672
none: 4096

1745389323
/dev/nvme3n1p1: 1495810904064
none: 4096

1745389324
/dev/nvme3n1p1: 1495811993600
none: 4096

1745389325
/dev/nvme3n1p1: 1495812739072
none: 4096

1745389326
/dev/nvme3n1p1: 1495814090752
none: 4096

1745389327
/dev/nvme3n1p1: 1495814914048
none: 4096

1745389328
/dev/nvme3n1p1: 1495840198656
none: 4096

1745389329
/dev/nvme3n1p1: 1495848243200
none: 4096

1745389330
/dev/nvme3n1p1: 1495858442240
none: 4096

1745389331
/dev/nvme3n1p1: 1495861256192
none: 4096

1745389332
/dev/nvme3n1p1: 1495862484992
none: 4096

1745389333
/dev/nvme3n1p1: 1495868002304
none: 4096

1745389334
/dev/nvme3n1p1: 1495870586880
none: 4096

1745389335
/dev/nvme3n1p1: 1495870914560
none: 4096

1745389336
/dev/nvme3n1p1: 1495883190272
none: 4096

1745389337
/dev/nvme3n1p1: 1495902199808
none: 4096

1745389339
/dev/nvme3n1p1: 1495931006976
none: 4096

1745389340
/dev/nvme3n1p1: 1495980417024
none: 4096

1745389341
/dev/nvme3n1p1: 1496193433600
none: 4096

1745389342
/dev/nvme3n1p1: 1496401424384
none: 4096

1745389344
/dev/nvme3n1p1: 1496810385408
none: 4096

1745389346
/dev/nvme3n1p1: 1497167884288
none: 4096

1745389347
/dev/nvme3n1p1: 1497348468736
none: 4096

1745389348
/dev/nvme3n1p1: 1497527607296
none: 4096

1745389349
/dev/nvme3n1p1: 1497720209408
none: 4096

1745389350
/dev/nvme3n1p1: 1497922797568
none: 4096

1745389351
/dev/nvme3n1p1: 1498005782528
none: 4096

1745389352
/dev/nvme3n1p1: 1498029101056
none: 4096

1745389353
/dev/nvme3n1p1: 1498039222272
none: 4096

1745389354
/dev/nvme3n1p1: 1498049257472
none: 4096

1745389355
/dev/nvme3n1p1: 1498063396864
none: 4096

1745389356
/dev/nvme3n1p1: 1498073608192
none: 4096

1745389357
/dev/nvme3n1p1: 1498091229184
none: 4096

1745389358
/dev/nvme3n1p1: 1498105847808
none: 4096

1745389359
/dev/nvme3n1p1: 1498116874240
none: 4096

1745389360
/dev/nvme3n1p1: 1498129555456
none: 4096

1745389361
/dev/nvme3n1p1: 1498135785472
none: 4096

1745389362
/dev/nvme3n1p1: 1498154700800
none: 4096

1745389363
/dev/nvme3n1p1: 1498161786880
none: 4096

1745389364
/dev/nvme3n1p1: 1498179858432
none: 4096

1745389365
/dev/nvme3n1p1: 1498197045248
none: 4096

1745389366
/dev/nvme3n1p1: 1498209415168
none: 4096

1745389367
/dev/nvme3n1p1: 1498243837952
none: 4096

1745389368
/dev/nvme3n1p1: 1498257186816
none: 4096

1745389369
/dev/nvme3n1p1: 1498261487616
none: 4096

1745389370
/dev/nvme3n1p1: 1498269667328
none: 4096

1745389371
/dev/nvme3n1p1: 1498277085184
none: 4096

1745389372
/dev/nvme3n1p1: 1498281689088
none: 4096

1745389373
/dev/nvme3n1p1: 1498289504256
none: 4096

1745389374
/dev/nvme3n1p1: 1498299449344
none: 4096

1745389375
/dev/nvme3n1p1: 1498315997184
none: 4096

1745389376
/dev/nvme3n1p1: 1498337067008
none: 4096

1745389377
/dev/nvme3n1p1: 1498351632384
none: 4096

1745389378
/dev/nvme3n1p1: 1498364055552
none: 4096

1745389379
/dev/nvme3n1p1: 1498374168576
none: 4096

1745389380
/dev/nvme3n1p1: 1498383544320
none: 4096

1745389381
/dev/nvme3n1p1: 1498393702400
none: 4096

1745389382
/dev/nvme3n1p1: 1498403872768
none: 4096

1745389383
/dev/nvme3n1p1: 1498414366720
none: 4096

1745389384
/dev/nvme3n1p1: 1498431938560
none: 4096

1745389385
/dev/nvme3n1p1: 1498441367552
none: 4096

1745389386
/dev/nvme3n1p1: 1498459566080
none: 4096

1745389387
/dev/nvme3n1p1: 1498471829504
none: 4096

1745389388
/dev/nvme3n1p1: 1498483687424
none: 4096

1745389389
/dev/nvme3n1p1: 1498492043264
none: 4096

1745389391
/dev/nvme3n1p1: 1498517884928
none: 4096

1745389393
/dev/nvme3n1p1: 1498571268096
none: 4096

1745389394
/dev/nvme3n1p1: 1498607603712
none: 4096

1745389396
/dev/nvme3n1p1: 1498636623872
none: 4096

1745389397
/dev/nvme3n1p1: 1498653728768
none: 4096

1745389398
/dev/nvme3n1p1: 1498666201088
none: 4096

1745389399
/dev/nvme3n1p1: 1498738057216
none: 4096

1745389401
/dev/nvme3n1p1: 1498794770432
none: 4096

1745389402
/dev/nvme3n1p1: 1498828787712
none: 4096

1745389403
/dev/nvme3n1p1: 1498840428544
none: 4096

1745389404
/dev/nvme3n1p1: 1498851155968
none: 4096

1745389405
/dev/nvme3n1p1: 1498856423424
none: 4096

1745389406
/dev/nvme3n1p1: 1498858786816
none: 4096

1745389407
/dev/nvme3n1p1: 1498865975296
none: 4096

1745389408
/dev/nvme3n1p1: 1498900205568
none: 4096

1745389409
/dev/nvme3n1p1: 1498912763904
none: 4096

1745389410
/dev/nvme3n1p1: 1498948198400
none: 4096

1745389411
/dev/nvme3n1p1: 1498968363008
none: 4096

1745389413
/dev/nvme3n1p1: 1498992844800
none: 4096

1745389414
/dev/nvme3n1p1: 1499001884672
none: 4096

1745389415
/dev/nvme3n1p1: 1499019554816
none: 4096

1745389416
/dev/nvme3n1p1: 1499038072832
none: 4096

1745389417
/dev/nvme3n1p1: 1499081900032
none: 4096

1745389418
/dev/nvme3n1p1: 1499097899008
none: 4096

1745389419
/dev/nvme3n1p1: 1499115696128
none: 4096

1745389420
/dev/nvme3n1p1: 1499137486848
none: 4096

1745389422
/dev/nvme3n1p1: 1499167227904
none: 4096

1745389423
/dev/nvme3n1p1: 1499182764032
none: 4096

1745389424
/dev/nvme3n1p1: 1499193196544
none: 4096

1745389425
/dev/nvme3n1p1: 1499197710336
none: 4096

1745389426
/dev/nvme3n1p1: 1499204427776
none: 4096

1745389427
/dev/nvme3n1p1: 1499219304448
none: 4096

1745389428
/dev/nvme3n1p1: 1499219767296
none: 4096

1745389429
/dev/nvme3n1p1: 1499227676672
none: 4096

1745389430
/dev/nvme3n1p1: 1499245916160
none: 4096

1745389431
/dev/nvme3n1p1: 1499248513024
none: 4096

1745389432
/dev/nvme3n1p1: 1499257176064
none: 4096

1745389433
/dev/nvme3n1p1: 1499319398400
none: 4096

1745389434
/dev/nvme3n1p1: 1499348467712
none: 4096

1745389435
/dev/nvme3n1p1: 1499386855424
none: 4096

1745389436
/dev/nvme3n1p1: 1499393699840
none: 4096

1745389437
/dev/nvme3n1p1: 1499402268672
none: 4096

1745389438
/dev/nvme3n1p1: 1499431759872
none: 4096

1745389439
/dev/nvme3n1p1: 1499435446272
none: 4096

1745389440
/dev/nvme3n1p1: 1499486904320
none: 4096

1745389441
/dev/nvme3n1p1: 1499495469056
none: 4096

1745389442
/dev/nvme3n1p1: 1499501576192
none: 4096

1745389443
/dev/nvme3n1p1: 1499521835008
none: 4096

1745389444
/dev/nvme3n1p1: 1499561537536
none: 4096

1745389445
/dev/nvme3n1p1: 1499580264448
none: 4096

1745389446
/dev/nvme3n1p1: 1499594784768
none: 4096

1745389447
/dev/nvme3n1p1: 1499603165184
none: 4096

1745389448
/dev/nvme3n1p1: 1499628560384
none: 4096

1745389449
/dev/nvme3n1p1: 1499645792256
none: 4096

1745389450
/dev/nvme3n1p1: 1499664056320
none: 4096

1745389451
/dev/nvme3n1p1: 1499677736960
none: 4096

1745389452
/dev/nvme3n1p1: 1499690967040
none: 4096

1745389454
/dev/nvme3n1p1: 1499738406912
none: 4096

1745389455
/dev/nvme3n1p1: 1499747913728
none: 4096

1745389456
/dev/nvme3n1p1: 1499776290816
none: 4096

1745389457
/dev/nvme3n1p1: 1499795664896
none: 4096

1745389458
/dev/nvme3n1p1: 1499823681536
none: 4096

1745389459
/dev/nvme3n1p1: 1499844915200
none: 4096

1745389460
/dev/nvme3n1p1: 1499856752640
none: 4096

1745389461
/dev/nvme3n1p1: 1499875033088
none: 4096

1745389462
/dev/nvme3n1p1: 1499881660416
none: 4096

1745389463
/dev/nvme3n1p1: 1499889188864
none: 4096

1745389464
/dev/nvme3n1p1: 1499930509312
none: 4096

1745389465
/dev/nvme3n1p1: 1499943829504
none: 4096

1745389466
/dev/nvme3n1p1: 1499963691008
none: 4096

1745389467
/dev/nvme3n1p1: 1499986980864
none: 4096

1745389468
/dev/nvme3n1p1: 1500011278336
none: 4096

1745389469
/dev/nvme3n1p1: 1500026159104
none: 4096

1745389470
/dev/nvme3n1p1: 1500034813952
none: 4096

1745389471
/dev/nvme3n1p1: 1500044169216
none: 4096

1745389472
/dev/nvme3n1p1: 1500055969792
none: 4096

1745389473
/dev/nvme3n1p1: 1500073000960
none: 4096

1745389474
/dev/nvme3n1p1: 1500087373824
none: 4096

1745389475
/dev/nvme3n1p1: 1500113727488
none: 4096

1745389476
/dev/nvme3n1p1: 1500152893440
none: 4096

1745389477
/dev/nvme3n1p1: 1500163088384
none: 4096

1745389478
/dev/nvme3n1p1: 1500195057664
none: 4096

1745389479
/dev/nvme3n1p1: 1500206526464
none: 4096

1745389480
/dev/nvme3n1p1: 1500215549952
none: 4096

1745389481
/dev/nvme3n1p1: 1500224462848
none: 4096

1745389482
/dev/nvme3n1p1: 1500233981952
none: 4096

1745389483
/dev/nvme3n1p1: 1500256067584
none: 4096

1745389484
/dev/nvme3n1p1: 1500273303552
none: 4096

1745389486
/dev/nvme3n1p1: 1500322865152
none: 4096

1745389487
/dev/nvme3n1p1: 1500342943744
none: 4096

1745389488
/dev/nvme3n1p1: 1500360491008
none: 4096

1745389489
/dev/nvme3n1p1: 1500381704192
none: 4096

1745389490
/dev/nvme3n1p1: 1500393836544
none: 4096

1745389491
/dev/nvme3n1p1: 1500403376128
none: 4096

1745389492
/dev/nvme3n1p1: 1500412858368
none: 4096

1745389494
/dev/nvme3n1p1: 1500426506240
none: 4096

1745389495
/dev/nvme3n1p1: 1500433002496
none: 4096

1745389496
/dev/nvme3n1p1: 1500456652800
none: 4096

1745389497
/dev/nvme3n1p1: 1500483596288
none: 4096

1745389498
/dev/nvme3n1p1: 1500512325632
none: 4096

1745389499
/dev/nvme3n1p1: 1500552855552
none: 4096

1745389500
/dev/nvme3n1p1: 1500604358656
none: 4096

1745389501
/dev/nvme3n1p1: 1500613464064
none: 4096

1745389502
/dev/nvme3n1p1: 1500624666624
none: 4096

1745389503
/dev/nvme3n1p1: 1500634345472
none: 4096

1745389504
/dev/nvme3n1p1: 1500646191104
none: 4096

1745389505
/dev/nvme3n1p1: 1500652728320
none: 4096

1745389506
/dev/nvme3n1p1: 1500677619712
none: 4096

1745389507
/dev/nvme3n1p1: 1500709076992
none: 4096

1745389508
/dev/nvme3n1p1: 1500754710528
none: 4096

1745389509
/dev/nvme3n1p1: 1500786880512
none: 4096

1745389510
/dev/nvme3n1p1: 1500790837248
none: 4096

1745389511
/dev/nvme3n1p1: 1500798521344
none: 4096

1745389512
/dev/nvme3n1p1: 1500799258624
none: 4096

1745389513
/dev/nvme3n1p1: 1500857085952
none: 4096

1745389514
/dev/nvme3n1p1: 1501014224896
none: 4096

1745389515
/dev/nvme3n1p1: 1501163003904
none: 4096

1745389516
/dev/nvme3n1p1: 1501365846016
none: 4096

1745389517
/dev/nvme3n1p1: 1501498318848
none: 4096

1745389518
/dev/nvme3n1p1: 1501606244352
none: 4096

1745389519
/dev/nvme3n1p1: 1501690888192
none: 4096

1745389520
/dev/nvme3n1p1: 1501789745152
none: 4096

1745389521
/dev/nvme3n1p1: 1501875007488
none: 4096

1745389522
/dev/nvme3n1p1: 1501884301312
none: 4096

1745389524
/dev/nvme3n1p1: 1501916372992
none: 4096

1745389525
/dev/nvme3n1p1: 1501933821952
none: 4096

1745389526
/dev/nvme3n1p1: 1501941690368
none: 4096

1745389527
/dev/nvme3n1p1: 1501954240512
none: 4096

1745389528
/dev/nvme3n1p1: 1501960105984
none: 4096

1745389529
/dev/nvme3n1p1: 1501962579968
none: 4096

1745389530
/dev/nvme3n1p1: 1501967163392
none: 4096

1745389532
/dev/nvme3n1p1: 1501985382400
none: 4096

1745389533
/dev/nvme3n1p1: 1501993918464
none: 4096

1745389534
/dev/nvme3n1p1: 1502004183040
none: 4096

1745389535
/dev/nvme3n1p1: 1502030295040
none: 4096

1745389537
/dev/nvme3n1p1: 1502102974464
none: 4096

1745389538
/dev/nvme3n1p1: 1502116098048
none: 4096

1745389539
/dev/nvme3n1p1: 1502121246720
none: 4096

1745389540
/dev/nvme3n1p1: 1502130806784
none: 4096

1745389541
/dev/nvme3n1p1: 1502131531776
none: 4096

1745389542
/dev/nvme3n1p1: 1502137028608
none: 4096

1745389543
/dev/nvme3n1p1: 1502148034560
none: 4096

1745389545
/dev/nvme3n1p1: 1502196215808
none: 4096

1745389546
/dev/nvme3n1p1: 1502208221184
none: 4096

1745389547
/dev/nvme3n1p1: 1502225915904
none: 4096

1745389548
/dev/nvme3n1p1: 1502244958208
none: 4096

1745389549
/dev/nvme3n1p1: 1502259773440
none: 4096

1745389550
/dev/nvme3n1p1: 1502268801024
none: 4096

1745389551
/dev/nvme3n1p1: 1502285291520
none: 4096

1745389552
/dev/nvme3n1p1: 1502300782592
none: 4096

1745389553
/dev/nvme3n1p1: 1502314127360
none: 4096

1745389554
/dev/nvme3n1p1: 1502327398400
none: 4096

1745389555
/dev/nvme3n1p1: 1502338240512
none: 4096

1745389556
/dev/nvme3n1p1: 1502360317952
none: 4096

1745389557
/dev/nvme3n1p1: 1502394015744
none: 4096

1745389558
/dev/nvme3n1p1: 1502415847424
none: 4096

1745389559
/dev/nvme3n1p1: 1502435717120
none: 4096

1745389560
/dev/nvme3n1p1: 1502454693888
none: 4096

1745389561
/dev/nvme3n1p1: 1502464380928
none: 4096

1745389562
/dev/nvme3n1p1: 1502474633216
none: 4096

1745389563
/dev/nvme3n1p1: 1502489894912
none: 4096

1745389564
/dev/nvme3n1p1: 1502494633984
none: 4096

1745389566
/dev/nvme3n1p1: 1502522462208
none: 4096

1745389567
/dev/nvme3n1p1: 1502540754944
none: 4096

1745389568
/dev/nvme3n1p1: 1502575890432
none: 4096

1745389569
/dev/nvme3n1p1: 1502606483456
none: 4096

1745389570
/dev/nvme3n1p1: 1502625931264
none: 4096

1745389571
/dev/nvme3n1p1: 1502642388992
none: 4096

1745389572
/dev/nvme3n1p1: 1502660399104
none: 4096

1745389573
/dev/nvme3n1p1: 1502665056256
none: 4096

1745389574
/dev/nvme3n1p1: 1502665867264
none: 4096

1745389575
/dev/nvme3n1p1: 1502680313856
none: 4096

1745389576
/dev/nvme3n1p1: 1502681489408
none: 4096

1745389577
/dev/nvme3n1p1: 1502682951680
none: 4096

1745389578
/dev/nvme3n1p1: 1502694572032
none: 4096

1745389579
/dev/nvme3n1p1: 1502703857664
none: 4096

1745389580
/dev/nvme3n1p1: 1502719651840
none: 4096

1745389582
/dev/nvme3n1p1: 1502749392896
none: 4096

1745389584
/dev/nvme3n1p1: 1502763220992
none: 4096

1745389585
/dev/nvme3n1p1: 1502771200000
none: 4096

1745389586
/dev/nvme3n1p1: 1502780829696
none: 4096

1745389587
/dev/nvme3n1p1: 1502786834432
none: 4096

1745389588
/dev/nvme3n1p1: 1502813626368
none: 4096

1745389589
/dev/nvme3n1p1: 1502859767808
none: 4096

1745389590
/dev/nvme3n1p1: 1502873010176
none: 4096

1745389591
/dev/nvme3n1p1: 1502894628864
none: 4096

1745389592
/dev/nvme3n1p1: 1502898630656
none: 4096

1745389593
/dev/nvme3n1p1: 1502916136960
none: 4096

1745389594
/dev/nvme3n1p1: 1502931578880
none: 4096

1745389595
/dev/nvme3n1p1: 1502939561984
none: 4096

1745389596
/dev/nvme3n1p1: 1502940262400
none: 4096

1745389597
/dev/nvme3n1p1: 1502947880960
none: 4096

1745389598
/dev/nvme3n1p1: 1502948691968
none: 4096

1745389599
/dev/nvme3n1p1: 1502948421632
none: 4096

1745389600
/dev/nvme3n1p1: 1502948962304
none: 4096

1745389601
/dev/nvme3n1p1: 1502957375488
none: 4096

1745389602
/dev/nvme3n1p1: 1502959321088
none: 4096

1745389603
/dev/nvme3n1p1: 1502968098816
none: 4096

1745389604
/dev/nvme3n1p1: 1502980673536
none: 4096

1745389606
/dev/nvme3n1p1: 1503047757824
none: 4096

1745389607
/dev/nvme3n1p1: 1503088881664
none: 4096

1745389609
/dev/nvme3n1p1: 1503109787648
none: 4096

1745389610
/dev/nvme3n1p1: 1503110057984
none: 4096

1745389611
/dev/nvme3n1p1: 1503112871936
none: 4096

1745389612
/dev/nvme3n1p1: 1503113875456
none: 4096

1745389613
/dev/nvme3n1p1: 1503121645568
none: 4096

1745389614
/dev/nvme3n1p1: 1503132389376
none: 4096

1745389615
/dev/nvme3n1p1: 1503141310464
none: 4096

1745389617
/dev/nvme3n1p1: 1503154438144
none: 4096

1745389618
/dev/nvme3n1p1: 1503165403136
none: 4096

1745389619
/dev/nvme3n1p1: 1503291166720
none: 4096

1745389621
/dev/nvme3n1p1: 1503312465920
none: 4096

1745389622
/dev/nvme3n1p1: 1503313694720
none: 4096

1745389623
/dev/nvme3n1p1: 1503367094272
none: 4096

1745389624
/dev/nvme3n1p1: 1503565414400
none: 4096

1745389626
/dev/nvme3n1p1: 1503516835840
none: 8192

1745389627
/dev/nvme3n1p1: 1503526805504
none: 4096

1745389628
/dev/nvme3n1p1: 1503534944256
none: 4096

1745389629
/dev/nvme3n1p1: 1503551574016
none: 4096

1745389630
/dev/nvme3n1p1: 1503565746176
none: 8192

1745389632
/dev/nvme3n1p1: 1503586619392
none: 4096

1745389633
/dev/nvme3n1p1: 1503599599616
none: 81920

1745389635
/dev/nvme3n1p1: 1503617118208
none: 4096

1745389636
/dev/nvme3n1p1: 1503627051008
none: 4096

1745389638
/dev/nvme3n1p1: 1503650242560
none: 4096

1745389640
/dev/nvme3n1p1: 1503840124928
none: 4096

1745389641
/dev/nvme3n1p1: 1504031760384
none: 4096

1745389642
/dev/nvme3n1p1: 1504188538880
none: 4096

1745389644
/dev/nvme3n1p1: 1504456937472
none: 4096

1745389645
/dev/nvme3n1p1: 1504596328448
none: 4096

1745389646
/dev/nvme3n1p1: 1504741212160
none: 4096

1745389648
/dev/nvme3n1p1: 1504968351744
none: 4096

1745389649
/dev/nvme3n1p1: 1505009397760
none: 4096

1745389650
/dev/nvme3n1p1: 1505080311808
none: 4096

1745389652
/dev/nvme3n1p1: 1505136132096
none: 4096

1745389653
/dev/nvme3n1p1: 1505158807552
none: 4096

1745389655
/dev/nvme3n1p1: 1505275555840
none: 4096

1745389656
/dev/nvme3n1p1: 1505390882816
none: 4096

1745389657
/dev/nvme3n1p1: 1505529008128
none: 4096

1745389659
/dev/nvme3n1p1: 1505784950784
none: 4096

1745389660
/dev/nvme3n1p1: 1505926049792
none: 4096

1745389661
/dev/nvme3n1p1: 1506058096640
none: 4096

1745389662
/dev/nvme3n1p1: 1506193199104
none: 4096

1745389663
/dev/nvme3n1p1: 1506330742784
none: 4096

1745389664
/dev/nvme3n1p1: 1506476924928
none: 4096

1745389665
/dev/nvme3n1p1: 1505957113856
none: 4096

1745389666
/dev/nvme3n1p1: 1506088407040
none: 4096

1745389667
/dev/nvme3n1p1: 1506172669952
none: 4096

1745389668
/dev/nvme3n1p1: 1506177114112
none: 4096

1745389670
/dev/nvme3n1p1: 1506231214080
none: 4096

1745389671
/dev/nvme3n1p1: 1506256666624
none: 4096

1745389673
/dev/nvme3n1p1: 1506268930048
none: 4096

1745389675
/dev/nvme3n1p1: 1506274615296
none: 4096

1745389676
/dev/nvme3n1p1: 1506277625856
none: 4096

1745389677
/dev/nvme3n1p1: 1506286608384
none: 4096

1745389678
/dev/nvme3n1p1: 1506291687424
none: 4096

1745389679
/dev/nvme3n1p1: 1506293161984
none: 4096

1745389680
/dev/nvme3n1p1: 1506305245184
none: 4096

1745389681
/dev/nvme3n1p1: 1506307510272
none: 4096

1745389682
/dev/nvme3n1p1: 1506308743168
none: 4096

1745389683
/dev/nvme3n1p1: 1506313506816
none: 4096

1745389684
/dev/nvme3n1p1: 1506319433728
none: 4096

1745389685
/dev/nvme3n1p1: 1506325577728
none: 4096

1745389686
/dev/nvme3n1p1: 1506334941184
none: 4096

1745389688
/dev/nvme3n1p1: 1506356985856
none: 4096

1745389689
/dev/nvme3n1p1: 1506363224064
none: 4096

1745389690
/dev/nvme3n1p1: 1506364870656
none: 4096

1745389691
/dev/nvme3n1p1: 1506370035712
none: 4096

1745389692
/dev/nvme3n1p1: 1506371756032
none: 4096

1745389693
/dev/nvme3n1p1: 1506373312512
none: 4096

1745389694
/dev/nvme3n1p1: 1506375172096
none: 4096

1745389695
/dev/nvme3n1p1: 1506383052800
none: 4096

1745389696
/dev/nvme3n1p1: 1506390700032
none: 4096

1745389697
/dev/nvme3n1p1: 1506392690688
none: 4096

1745389698
/dev/nvme3n1p1: 1506394218496
none: 4096

1745389699
/dev/nvme3n1p1: 1506395959296
none: 4096

1745389700
/dev/nvme3n1p1: 1506396880896
none: 4096

1745389701
/dev/nvme3n1p1: 1506399543296
none: 4096

1745389702
/dev/nvme3n1p1: 1506401595392
none: 4096

1745389703
/dev/nvme3n1p1: 1506403196928
none: 4096

1745389704
/dev/nvme3n1p1: 1506403889152
none: 4096

1745389705
/dev/nvme3n1p1: 1506405634048
none: 4096

1745389706
/dev/nvme3n1p1: 1506407927808
none: 4096

1745389707
/dev/nvme3n1p1: 1506410504192
none: 4096

1745389708
/dev/nvme3n1p1: 1506414157824
none: 4096

1745389709
/dev/nvme3n1p1: 1506416279552
none: 4096

1745389710
/dev/nvme3n1p1: 1506418851840
none: 4096

1745389711
/dev/nvme3n1p1: 1506423291904
none: 4096

1745389712
/dev/nvme3n1p1: 1506428162048
none: 4096

1745389714
/dev/nvme3n1p1: 1506437431296
none: 4096

1745389715
/dev/nvme3n1p1: 1506442596352
none: 4096

1745389716
/dev/nvme3n1p1: 1506444705792
none: 4096

1745389717
/dev/nvme3n1p1: 1506448162816
none: 4096

1745389718
/dev/nvme3n1p1: 1506452254720
none: 4096

1745389719
/dev/nvme3n1p1: 1506458370048
none: 4096

1745389720
/dev/nvme3n1p1: 1506461175808
none: 4096

1745389722
/dev/nvme3n1p1: 1506464669696
none: 4096

1745389723
/dev/nvme3n1p1: 1506467471360
none: 4096

1745389724
/dev/nvme3n1p1: 1506471174144
none: 4096

1745389725
/dev/nvme3n1p1: 1506474881024
none: 4096

1745389727
/dev/nvme3n1p1: 1506481000448
none: 4096

1745389728
/dev/nvme3n1p1: 1506487218176
none: 4096

1745389730
/dev/nvme3n1p1: 1506491969536
none: 4096

1745389731
/dev/nvme3n1p1: 1506494812160
none: 4096

1745389732
/dev/nvme3n1p1: 1506497953792
none: 4096

1745389733
/dev/nvme3n1p1: 1506502529024
none: 4096

1745389734
/dev/nvme3n1p1: 1506505506816
none: 4096

1745389735
/dev/nvme3n1p1: 1506508697600
none: 4096

1745389736
/dev/nvme3n1p1: 1506512560128
none: 4096

1745389738
/dev/nvme3n1p1: 1506520539136
none: 4096

1745389739
/dev/nvme3n1p1: 1506523987968
none: 4096

1745389740
/dev/nvme3n1p1: 1506527334400
none: 4096

1745389741
/dev/nvme3n1p1: 1506530283520
none: 4096

1745389742
/dev/nvme3n1p1: 1506533416960
none: 4096

1745389743
/dev/nvme3n1p1: 1506536710144
none: 4096

1745389744
/dev/nvme3n1p1: 1506542325760
none: 4096

1745389745
/dev/nvme3n1p1: 1506544803840
none: 4096

1745389746
/dev/nvme3n1p1: 1506547785728
none: 4096

1745389747
/dev/nvme3n1p1: 1506554941440
none: 4096

1745389749
/dev/nvme3n1p1: 1506570981376
none: 4096

1745389750
/dev/nvme3n1p1: 1506587107328
none: 4096

1745389752
/dev/nvme3n1p1: 1507644448768
none: 4096

1745389753
/dev/nvme3n1p1: 1508926402560
none: 4096

1745389754
/dev/nvme3n1p1: 1509481402368
none: 4096

1745389756
/dev/nvme3n1p1: 1509737025536
none: 4096

1745389757
/dev/nvme3n1p1: 1511487963136
none: 4096

1745389758
/dev/nvme3n1p1: 1512296878080
none: 4096

1745389759
/dev/nvme3n1p1: 1513342058496
none: 4096

1745389760
/dev/nvme3n1p1: 1511836389376
none: 4096

1745389761
/dev/nvme3n1p1: 1512386748416
none: 4096

1745389762
/dev/nvme3n1p1: 1512386830336
none: 4096

1745389763
/dev/nvme3n1p1: 1512412184576
none: 4096

1745389764
/dev/nvme3n1p1: 1512425754624
none: 4096

1745389766
/dev/nvme3n1p1: 1512664412160
none: 4096

1745389767
/dev/nvme3n1p1: 1512864452608
none: 4096

1745389769
/dev/nvme3n1p1: 1514760728576
none: 4096

1745389770
/dev/nvme3n1p1: 1515722129408
none: 4096

1745389771
/dev/nvme3n1p1: 1515734171648
none: 4096

1745389772
/dev/nvme3n1p1: 1517805506560
none: 4096

1745389773
/dev/nvme3n1p1: 1518524624896
none: 4096

1745389774
/dev/nvme3n1p1: 1518531485696
none: 4096

1745389775
/dev/nvme3n1p1: 1518545870848
none: 4096

1745389777
/dev/nvme3n1p1: 1518573830144
none: 4096

1745389778
/dev/nvme3n1p1: 1518579097600
none: 4096

1745389780
/dev/nvme3n1p1: 1518590726144
none: 4096

1745389781
/dev/nvme3n1p1: 1518599426048
none: 4096

1745389782
/dev/nvme3n1p1: 1518605770752
none: 4096

1745389784
/dev/nvme3n1p1: 1517365276672
none: 4096

1745389785
/dev/nvme3n1p1: 1518636281856
none: 4096

1745389786
/dev/nvme3n1p1: 1518641012736
none: 4096

1745389787
/dev/nvme3n1p1: 1518690648064
none: 4096

1745389788
/dev/nvme3n1p1: 1515849342976
none: 4096

1745389789
/dev/nvme3n1p1: 1515894386688
none: 4096

1745389790
/dev/nvme3n1p1: 1513054707712
none: 4096

1745389791
/dev/nvme3n1p1: 1513071161344
none: 4096

1745389792
/dev/nvme3n1p1: 1513078145024
none: 4096

1745389793
/dev/nvme3n1p1: 1513106481152
none: 4096

1745389795
/dev/nvme3n1p1: 1513117036544
none: 4096

1745389796
/dev/nvme3n1p1: 1513125400576
none: 4096

1745389797
/dev/nvme3n1p1: 1513131118592
none: 4096

1745389799
/dev/nvme3n1p1: 1513146847232
none: 36864

1745389800
/dev/nvme3n1p1: 1513170272256
none: 4096

1745389801
/dev/nvme3n1p1: 1513175883776
none: 4096

1745389803
/dev/nvme3n1p1: 1512633524224
none: 4096

1745389804
/dev/nvme3n1p1: 1512635015168
none: 4096

1745389805
/dev/nvme3n1p1: 1512644087808
none: 4096

1745389806
/dev/nvme3n1p1: 1512647397376
none: 8192

1745389807
/dev/nvme3n1p1: 1512667213824
none: 4096

1745389808
/dev/nvme3n1p1: 1512679878656
none: 4096

1745389809
/dev/nvme3n1p1: 1512681492480
none: 4096

1745389811
/dev/nvme3n1p1: 1512516509696
none: 4096

1745389812
/dev/nvme3n1p1: 1512516816896
none: 241664

1745389813
/dev/nvme3n1p1: 1512519680000
none: 4096

1745389814
/dev/nvme3n1p1: 1512528281600
none: 4096

1745389815
/dev/nvme3n1p1: 1512541622272
none: 4096

1745389817
/dev/nvme3n1p1: 1512555954176
none: 4096

1745389818
/dev/nvme3n1p1: 1512573050880
none: 4096

1745389819
/dev/nvme3n1p1: 1512562479104
none: 4096

1745389821
/dev/nvme3n1p1: 1512559738880
none: 4096

1745389822
/dev/nvme3n1p1: 1512560979968
none: 4096

1745389823
/dev/nvme3n1p1: 1512563351552
none: 4096

1745389824
/dev/nvme3n1p1: 1512569053184
none: 4096

1745389825
/dev/nvme3n1p1: 1512579375104
none: 4096

1745389826
/dev/nvme3n1p1: 1512592560128
none: 4096

1745389827
/dev/nvme3n1p1: 1512605954048
none: 4096

1745389828
/dev/nvme3n1p1: 1512618303488
none: 4096

1745389829
/dev/nvme3n1p1: 1512625938432
none: 4096

1745389830
/dev/nvme3n1p1: 1512627150848
none: 4096

1745389831
/dev/nvme3n1p1: 1512636248064
none: 4096

1745389832
/dev/nvme3n1p1: 1512872796160
none: 4096

1745389833
/dev/nvme3n1p1: 1513225113600
none: 4096

1745389834
/dev/nvme3n1p1: 1513570263040
none: 4096

1745389835
/dev/nvme3n1p1: 1513749667840
none: 4096

1745389836
/dev/nvme3n1p1: 1513760825344
none: 4096

1745389837
/dev/nvme3n1p1: 1513762971648
none: 4096

1745389838
/dev/nvme3n1p1: 1513766232064
none: 4096

1745389839
/dev/nvme3n1p1: 1513771704320
none: 4096

1745389840
/dev/nvme3n1p1: 1513775349760
none: 4096

1745389841
/dev/nvme3n1p1: 1513788940288
none: 4096

1745389842
/dev/nvme3n1p1: 1513793802240
none: 4096

1745389844
/dev/nvme3n1p1: 1513809580032
none: 4096

1745389845
/dev/nvme3n1p1: 1513818406912
none: 4096

1745389846
/dev/nvme3n1p1: 1513821364224
none: 4096

1745389847
/dev/nvme3n1p1: 1513828913152
none: 4096

1745389848
/dev/nvme3n1p1: 1513829040128
none: 4096

1745389849
/dev/nvme3n1p1: 1513829433344
none: 4096

1745389850
/dev/nvme3n1p1: 1513834766336
none: 4096

1745389851
/dev/nvme3n1p1: 1513839079424
none: 4096

1745389852
/dev/nvme3n1p1: 1513843814400
none: 4096

1745389853
/dev/nvme3n1p1: 1513846149120
none: 4096

1745389854
/dev/nvme3n1p1: 1513848332288
none: 4096

1745389855
/dev/nvme3n1p1: 1513854230528
none: 4096

1745389856
/dev/nvme3n1p1: 1513856442368
none: 4096

1745389857
/dev/nvme3n1p1: 1513857466368
none: 4096

1745389858
/dev/nvme3n1p1: 1513859874816
none: 4096

1745389859
/dev/nvme3n1p1: 1513863057408
none: 4096

1745389860
/dev/nvme3n1p1: 1513873395712
none: 4096

1745389861
/dev/nvme3n1p1: 1513878626304
none: 4096

1745389862
/dev/nvme3n1p1: 1513883979776
none: 4096

1745389863
/dev/nvme3n1p1: 1513999314944
none: 4096

1745389864
/dev/nvme3n1p1: 1514112704512
none: 4096

1745389865
/dev/nvme3n1p1: 1514208473088
none: 4096

1745389866
/dev/nvme3n1p1: 1514239836160
none: 4096

1745389867
/dev/nvme3n1p1: 1514272673792
none: 4096

1745389868
/dev/nvme3n1p1: 1514311839744
none: 4096

1745389870
/dev/nvme3n1p1: 1514498478080
none: 4096

1745389871
/dev/nvme3n1p1: 1514620067840
none: 4096

1745389872
/dev/nvme3n1p1: 1514733445120
none: 4096

1745389873
/dev/nvme3n1p1: 1514845720576
none: 4096

1745389874
/dev/nvme3n1p1: 1514968309760
none: 4096

1745389875
/dev/nvme3n1p1: 1515047088128
none: 4096

1745389876
/dev/nvme3n1p1: 1515099414528
none: 4096

1745389877
/dev/nvme3n1p1: 1515101614080
none: 4096

1745389878
/dev/nvme3n1p1: 1515110551552
none: 4096

1745389879
/dev/nvme3n1p1: 1515119247360
none: 4096

1745389880
/dev/nvme3n1p1: 1515127283712
none: 4096

1745389882
/dev/nvme3n1p1: 1515140321280
none: 4096

1745389884
/dev/nvme3n1p1: 1515158892544
none: 4096

1745389885
/dev/nvme3n1p1: 1515163668480
none: 4096

1745389886
/dev/nvme3n1p1: 1515164049408
none: 4096

1745389887
/dev/nvme3n1p1: 1515164094464
none: 4096

1745389889
/dev/nvme3n1p1: 1516051038208
none: 4096

1745389890
/dev/nvme3n1p1: 1516362313728
none: 4096

1745389891
/dev/nvme3n1p1: 1516367691776
none: 4096

1745389893
/dev/nvme3n1p1: 1515402043392
none: 4096

1745389894
/dev/nvme3n1p1: 1511589122048
none: 4096

1745389895
/dev/nvme3n1p1: 1508357775360
none: 4096

1745389897
/dev/nvme3n1p1: 1504302338048
none: 4096

1745389898
/dev/nvme3n1p1: 1501405290496
none: 4096

1745389899
/dev/nvme3n1p1: 1498473517056
none: 4096

1745389901
/dev/nvme3n1p1: 1498443374592
none: 4096

1745389902
/dev/nvme3n1p1: 1498443640832
none: 4096

1745389903
/dev/nvme3n1p1: 1498444201984
none: 4096

1745389904
/dev/nvme3n1p1: 1498445291520
none: 4096

1745389905
/dev/nvme3n1p1: 1498446688256
none: 4096

1745389906
/dev/nvme3n1p1: 1498448588800
none: 4096

1745389907
/dev/nvme3n1p1: 1498450051072
none: 4096

1745389908
/dev/nvme3n1p1: 1498451513344
none: 4096

1745389909
/dev/nvme3n1p1: 1498452504576
none: 4096

1745389910
/dev/nvme3n1p1: 1498455216128
none: 4096

1745389911
/dev/nvme3n1p1: 1498455216128
none: 4096

1745389913
/dev/nvme3n1p1: 1498459369472
none: 4096

1745389914
/dev/nvme3n1p1: 1498460258304
none: 4096

1745389915
/dev/nvme3n1p1: 1498462593024
none: 4096

1745389916
/dev/nvme3n1p1: 1498464456704
none: 4096

1745389917
/dev/nvme3n1p1: 1498466541568
none: 4096

1745389918
/dev/nvme3n1p1: 1498466643968
none: 4096

1745389919
/dev/nvme3n1p1: 1498466729984
none: 4096

1745389921
/dev/nvme3n1p1: 1498467491840
none: 4096

1745389922
/dev/nvme3n1p1: 1498468536320
none: 4096

1745389924
/dev/nvme3n1p1: 1498473775104
none: 4096

1745389925
/dev/nvme3n1p1: 1498476777472
none: 4096

1745389926
/dev/nvme3n1p1: 1498477195264
none: 4096

1745389928
/dev/nvme3n1p1: 1498478366720
none: 4096

1745389930
/dev/nvme3n1p1: 1498482151424
none: 4096

1745389931
/dev/nvme3n1p1: 1498485137408
none: 4096

1745389932
/dev/nvme3n1p1: 1498485121024
none: 4096

1745389933
/dev/nvme3n1p1: 1498488905728
none: 4096

1745389934
/dev/nvme3n1p1: 1498492039168
none: 4096

1745389935
/dev/nvme3n1p1: 1498493726720
none: 4096

1745389936
/dev/nvme3n1p1: 1498497626112
none: 4096

1745389937
/dev/nvme3n1p1: 1498501689344
none: 4096

1745389938
/dev/nvme3n1p1: 1498502475776
none: 4096

1745389939
/dev/nvme3n1p1: 1498505334784
none: 4096

1745389940
/dev/nvme3n1p1: 1498506985472
none: 4096

1745389941
/dev/nvme3n1p1: 1498510622720
none: 4096

1745389942
/dev/nvme3n1p1: 1498516729856
none: 4096

1745389943
/dev/nvme3n1p1: 1498518233088
none: 4096

1745389944
/dev/nvme3n1p1: 1498518552576
none: 4096

1745389945
/dev/nvme3n1p1: 1498523070464
none: 4096

1745389946
/dev/nvme3n1p1: 1498524033024
none: 4096

1745389948
/dev/nvme3n1p1: 1498528428032
none: 4096

1745389949
/dev/nvme3n1p1: 1498533945344
none: 4096

1745389950
/dev/nvme3n1p1: 1498544373760
none: 4096

1745389951
/dev/nvme3n1p1: 1498547150848
none: 4096

1745389952
/dev/nvme3n1p1: 1498550071296
none: 4096

1745389953
/dev/nvme3n1p1: 1498550296576
none: 4096

1745389955
/dev/nvme3n1p1: 1498558107648
none: 4096

1745389956
/dev/nvme3n1p1: 1498558943232
none: 4096

1745389957
/dev/nvme3n1p1: 1498562494464
none: 4096

1745389958
/dev/nvme3n1p1: 1498564575232
none: 4096

1745389959
/dev/nvme3n1p1: 1498567483392
none: 4096

1745389960
/dev/nvme3n1p1: 1498571546624
none: 4096

1745389961
/dev/nvme3n1p1: 1498573901824
none: 4096

1745389962
/dev/nvme3n1p1: 1498577285120
none: 4096

1745389963
/dev/nvme3n1p1: 1498582020096
none: 4096

1745389964
/dev/nvme3n1p1: 1498583052288
none: 4096

1745389965
/dev/nvme3n1p1: 1498591109120
none: 4096

1745389966
/dev/nvme3n1p1: 1498594689024
none: 4096

1745389967
/dev/nvme3n1p1: 1498595774464
none: 4096

1745389968
/dev/nvme3n1p1: 1498598383616
none: 4096

1745389969
/dev/nvme3n1p1: 1498599354368
none: 4096

1745389970
/dev/nvme3n1p1: 1498601816064
none: 4096

1745389971
/dev/nvme3n1p1: 1498605178880
none: 4096

1745389972
/dev/nvme3n1p1: 1498608336896
none: 4096

1745389973
/dev/nvme3n1p1: 1498609819648
none: 4096

1745389974
/dev/nvme3n1p1: 1498613710848
none: 4096

1745389975
/dev/nvme3n1p1: 1498615672832
none: 4096

1745389976
/dev/nvme3n1p1: 1498618523648
none: 4096

1745389977
/dev/nvme3n1p1: 1498629685248
none: 4096

1745389978
/dev/nvme3n1p1: 1498643656704
none: 4096

1745389979
/dev/nvme3n1p1: 1498653814784
none: 4096

1745389980
/dev/nvme3n1p1: 1498664673280
none: 4096

1745389982
/dev/nvme3n1p1: 1498740047872
none: 1208320

1745389983
/dev/nvme3n1p1: 1499252527104
none: 1122304

1745389984
/dev/nvme3n1p1: 1499879940096
none: 1122304

1745389985
/dev/nvme3n1p1: 1500652277760
none: 819200

1745389986
/dev/nvme3n1p1: 1500894760960
none: 114688

1745389987
/dev/nvme3n1p1: 1500905709568
none: 4096

1745389988
/dev/nvme3n1p1: 1500906897408
none: 4096

1745389989
/dev/nvme3n1p1: 1500907552768
none: 4096

1745389990
/dev/nvme3n1p1: 1500908154880
none: 4096

1745389991
/dev/nvme3n1p1: 1500908703744
none: 4096

1745389992
/dev/nvme3n1p1: 1500914388992
none: 94208

1745389993
/dev/nvme3n1p1: 1500925743104
none: 94208

1745389994
/dev/nvme3n1p1: 1500975575040
none: 94208

1745389995
/dev/nvme3n1p1: 1501016686592
none: 4096

1745389996
/dev/nvme3n1p1: 1501022760960
none: 4096

1745389997
/dev/nvme3n1p1: 1501024096256
none: 4096

1745389998
/dev/nvme3n1p1: 1502135910400
none: 4096

1745389999
/dev/nvme3n1p1: 1502437093376
none: 4096

1745390000
/dev/nvme3n1p1: 1503468355584
none: 4096

1745390001
/dev/nvme3n1p1: 1502719012864
none: 4096

1745390002
/dev/nvme3n1p1: 1502810734592
none: 4096

1745390003
/dev/nvme3n1p1: 1502811451392
none: 4096

1745390004
/dev/nvme3n1p1: 1502816722944
none: 4096

1745390005
/dev/nvme3n1p1: 1502821167104
none: 4096

1745390006
/dev/nvme3n1p1: 1502822367232
none: 4096

1745390007
/dev/nvme3n1p1: 1502822699008
none: 4096

1745390008
/dev/nvme3n1p1: 1502823063552
none: 4096

1745390010
/dev/nvme3n1p1: 1502824701952
none: 4096

1745390011
/dev/nvme3n1p1: 1502826819584
none: 4096

1745390012
/dev/nvme3n1p1: 1500605153280
none: 4096

1745390013
/dev/nvme3n1p1: 1498232893440
none: 4096

1745390015
/dev/nvme3n1p1: 1497769267200
none: 4096

1745390016
/dev/nvme3n1p1: 1497769582592
none: 4096

1745390017
/dev/nvme3n1p1: 1497770147840
none: 4096

1745390018
/dev/nvme3n1p1: 1497777537024
none: 4096

1745390019
/dev/nvme3n1p1: 1497778331648
none: 4096

1745390021
/dev/nvme3n1p1: 1497849544704
none: 4096

1745390022
/dev/nvme3n1p1: 1497791709184
none: 4096

1745390023
/dev/nvme3n1p1: 1497791909888
none: 4096

1745390024
/dev/nvme3n1p1: 1497792159744
none: 4096

1745390025
/dev/nvme3n1p1: 1497993977856
none: 4096

1745390026
/dev/nvme3n1p1: 1498000408576
none: 4096

1745390027
/dev/nvme3n1p1: 1498009665536
none: 4096

1745390028
/dev/nvme3n1p1: 1498022158336
none: 4096

1745390029
/dev/nvme3n1p1: 1498022969344
none: 4096

1745390030
/dev/nvme3n1p1: 1498028032000
none: 4096

1745390032
/dev/nvme3n1p1: 1498028507136
none: 4096

1745390033
/dev/nvme3n1p1: 1498029146112
none: 4096

1745390034
/dev/nvme3n1p1: 1498029797376
none: 4096

1745390035
/dev/nvme3n1p1: 1498029924352
none: 4096

1745390036
/dev/nvme3n1p1: 1498030178304
none: 4096

1745390037
/dev/nvme3n1p1: 1498037243904
none: 4096

1745390038
/dev/nvme3n1p1: 1498037542912
none: 4096

1745390039
/dev/nvme3n1p1: 1498037809152
none: 4096

1745390040
/dev/nvme3n1p1: 1498133377024
none: 4096

1745390041
/dev/nvme3n1p1: 1498200444928
none: 4096

1745390042
/dev/nvme3n1p1: 1498270560256
none: 4096

1745390043
/dev/nvme3n1p1: 1498279530496
none: 4096

1745390044
/dev/nvme3n1p1: 1498296467456
none: 4096

1745390046
/dev/nvme3n1p1: 1498564661248
none: 4096

1745390047
/dev/nvme3n1p1: 1498870804480
none: 4096

1745390048
/dev/nvme3n1p1: 1498872238080
none: 4096

1745390049
/dev/nvme3n1p1: 1498874245120
none: 4096

1745390051
/dev/nvme3n1p1: 1498878894080
none: 4096

1745390052
/dev/nvme3n1p1: 1499044454400
none: 4096

1745390053
/dev/nvme3n1p1: 1499074846720
none: 4096

1745390055
/dev/nvme3n1p1: 1499132817408
none: 4096

1745390056
/dev/nvme3n1p1: 1499138777088
none: 4096

1745390057
/dev/nvme3n1p1: 1499144241152
none: 4096

1745390058
/dev/nvme3n1p1: 1499292966912
none: 4096

1745390059
/dev/nvme3n1p1: 1499458736128
none: 4096

1745390060
/dev/nvme3n1p1: 1499468967936
none: 4096

1745390061
/dev/nvme3n1p1: 1499528380416
none: 4096

1745390063
/dev/nvme3n1p1: 1499533553664
none: 4096

1745390064
/dev/nvme3n1p1: 1499681140736
none: 4096

1745390065
/dev/nvme3n1p1: 1499483213824
none: 4096

1745390066
/dev/nvme3n1p1: 1499492761600
none: 4096

1745390067
/dev/nvme3n1p1: 1499586265088
none: 4096

1745390069
/dev/nvme3n1p1: 1499588014080
none: 4096

1745390070
/dev/nvme3n1p1: 1499589808128
none: 4096

1745390074
/dev/nvme3n1p1: 1499596599296
none: 4096

1745390075
/dev/nvme3n1p1: 1499600166912
none: 4096

1745390077
/dev/nvme3n1p1: 1499604684800
none: 4096

1745390078
/dev/nvme3n1p1: 1499607871488
none: 4096

1745390079
/dev/nvme3n1p1: 1499632922624
none: 4096

1745390080
/dev/nvme3n1p1: 1499699228672
none: 4096

1745390081
/dev/nvme3n1p1: 1499719507968
none: 4096

1745390082
/dev/nvme3n1p1: 1499826397184
none: 4096

1745390083
/dev/nvme3n1p1: 1499838164992
none: 4096

1745390085
/dev/nvme3n1p1: 1499306979328
none: 4096

1745390086
/dev/nvme3n1p1: 1499063717888
none: 4096

1745390087
/dev/nvme3n1p1: 1498234834944
none: 4096

1745390088
/dev/nvme3n1p1: 1496280784896
none: 4096

1745390089
/dev/nvme3n1p1: 1494763233280
none: 4096

1745390090
/dev/nvme3n1p1: 1494093484032
none: 4096

1745390091
/dev/nvme3n1p1: 1493849264128
none: 4096

1745390093
/dev/nvme3n1p1: 1493127897088
none: 4096

1745390094
/dev/nvme3n1p1: 1492584374272
none: 4096

1745390095
/dev/nvme3n1p1: 1491975585792
none: 4096

1745390096
/dev/nvme3n1p1: 1491673182208
none: 4096

1745390097
/dev/nvme3n1p1: 1490461917184
none: 4096

1745390098
/dev/nvme3n1p1: 1490062356480
none: 4096

1745390099
/dev/nvme3n1p1: 1490066767872
none: 4096

1745390100
/dev/nvme3n1p1: 1490072625152
none: 4096

1745390101
/dev/nvme3n1p1: 1490078306304
none: 4096

1745390102
/dev/nvme3n1p1: 1490079821824
none: 4096

1745390103
/dev/nvme3n1p1: 1490085965824
none: 4096

1745390104
/dev/nvme3n1p1: 1490087510016
none: 4096

1745390105
/dev/nvme3n1p1: 1490091626496
none: 4096

1745390106
/dev/nvme3n1p1: 1490095661056
none: 4096

1745390107
/dev/nvme3n1p1: 1490104770560
none: 4096

1745390108
/dev/nvme3n1p1: 1490112376832
none: 4096

1745390109
/dev/nvme3n1p1: 1490137198592
none: 4096

1745390110
/dev/nvme3n1p1: 1490144833536
none: 4096

1745390111
/dev/nvme3n1p1: 1490150268928
none: 4096

1745390112
/dev/nvme3n1p1: 1490152484864
none: 4096

1745390113
/dev/nvme3n1p1: 1490155249664
none: 4096

1745390114
/dev/nvme3n1p1: 1490155253760
none: 4096

1745390116
/dev/nvme3n1p1: 1490155393024
none: 4096

1745390117
/dev/nvme3n1p1: 1490156023808
none: 4096

1745390118
/dev/nvme3n1p1: 1490156748800
none: 4096

1745390119
/dev/nvme3n1p1: 1490158415872
none: 4096

1745390120
/dev/nvme3n1p1: 1490160340992
none: 4096

1745390122
/dev/nvme3n1p1: 1490172329984
none: 4096

1745390124
/dev/nvme3n1p1: 1490173284352
none: 4096

1745390125
/dev/nvme3n1p1: 1490173767680
none: 4096

1745390126
/dev/nvme3n1p1: 1490173779968
none: 4096

1745390128
/dev/nvme3n1p1: 1490177015808
none: 4096

1745390129
/dev/nvme3n1p1: 1490178195456
none: 4096

1745390130
/dev/nvme3n1p1: 1490179117056
none: 4096

1745390131
/dev/nvme3n1p1: 1490179989504
none: 4096

1745390132
/dev/nvme3n1p1: 1490180300800
none: 4096

1745390133
/dev/nvme3n1p1: 1490181455872
none: 4096

1745390134
/dev/nvme3n1p1: 1490181537792
none: 4096

1745390135
/dev/nvme3n1p1: 1490181754880
none: 4096

1745390136
/dev/nvme3n1p1: 1490182328320
none: 4096

1745390137
/dev/nvme3n1p1: 1490182901760
none: 4096

1745390138
/dev/nvme3n1p1: 1490182987776
none: 4096

1745390139
/dev/nvme3n1p1: 1490183122944
none: 4096

1745390140
/dev/nvme3n1p1: 1490183262208
none: 4096

1745390141
/dev/nvme3n1p1: 1490183290880
none: 4096

1745390142
/dev/nvme3n1p1: 1490183307264
none: 4096

1745390143
/dev/nvme3n1p1: 1490183757824
none: 4096

1745390144
/dev/nvme3n1p1: 1490183770112
none: 4096

1745390145
/dev/nvme3n1p1: 1490183782400
none: 4096

1745390147
/dev/nvme3n1p1: 1490185207808
none: 4096

1745390148
/dev/nvme3n1p1: 1490185273344
none: 4096

1745390149
/dev/nvme3n1p1: 1490185289728
none: 4096

1745390150
/dev/nvme3n1p1: 1490185629696
none: 4096

1745390151
/dev/nvme3n1p1: 1490186166272
none: 4096

1745390153
/dev/nvme3n1p1: 1490188599296
none: 4096

1745390154
/dev/nvme3n1p1: 1490191056896
none: 4096

1745390155
/dev/nvme3n1p1: 1490191118336
none: 4096

1745390156
/dev/nvme3n1p1: 1490191134720
none: 4096

1745390157
/dev/nvme3n1p1: 1490191151104
none: 4096

1745390158
/dev/nvme3n1p1: 1490192936960
none: 4096

1745390159
/dev/nvme3n1p1: 1490193784832
none: 4096

1745390160
/dev/nvme3n1p1: 1490193678336
none: 4096

1745390162
/dev/nvme3n1p1: 1490193711104
none: 4096

1745390163
/dev/nvme3n1p1: 1490193711104
none: 4096

1745390164
/dev/nvme3n1p1: 1490195062784
none: 4096

1745390165
/dev/nvme3n1p1: 1490195132416
none: 4096

1745390167
/dev/nvme3n1p1: 1490197852160
none: 4096

1745390168
/dev/nvme3n1p1: 1490200489984
none: 4096

1745390169
/dev/nvme3n1p1: 1490200264704
none: 4096

1745390170
/dev/nvme3n1p1: 1490200276992
none: 4096

1745390171
/dev/nvme3n1p1: 1490200276992
none: 4096

1745390173
/dev/nvme3n1p1: 1490203561984
none: 4096

1745390174
/dev/nvme3n1p1: 1490204520448
none: 4096

1745390175
/dev/nvme3n1p1: 1490204573696
none: 4096

1745390176
/dev/nvme3n1p1: 1490204590080
none: 4096

1745390178
/dev/nvme3n1p1: 1490205728768
none: 4096

1745390179
/dev/nvme3n1p1: 1490205728768
none: 4096

1745390181
/dev/nvme3n1p1: 1490212814848
none: 4096

1745390182
/dev/nvme3n1p1: 1490215841792
none: 4096

1745390183
/dev/nvme3n1p1: 1490227048448
none: 4096

1745390184
/dev/nvme3n1p1: 1490229899264
none: 4096

1745390185
/dev/nvme3n1p1: 1490229248000
none: 4096

1745390186
/dev/nvme3n1p1: 1490234748928
none: 4096

1745390187
/dev/nvme3n1p1: 1490245738496
none: 4096

1745390188
/dev/nvme3n1p1: 1490251247616
none: 4096

1745390189
/dev/nvme3n1p1: 1490257674240
none: 4096

1745390190
/dev/nvme3n1p1: 1490257473536
none: 4096

1745390192
/dev/nvme3n1p1: 1490264494080
none: 4096

1745390193
/dev/nvme3n1p1: 1490271576064
none: 4096

1745390194
/dev/nvme3n1p1: 1490272993280
none: 4096

1745390195
/dev/nvme3n1p1: 1490273480704
none: 4096

1745390196
/dev/nvme3n1p1: 1490279047168
none: 4096

1745390197
/dev/nvme3n1p1: 1490280509440
none: 4096

1745390198
/dev/nvme3n1p1: 1490281029632
none: 4096

1745390199
/dev/nvme3n1p1: 1490286235648
none: 4096

1745390200
/dev/nvme3n1p1: 1490289352704
none: 4096

1745390201
/dev/nvme3n1p1: 1490290606080
none: 4096

1745390202
/dev/nvme3n1p1: 1490292076544
none: 4096

1745390203
/dev/nvme3n1p1: 1490293432320
none: 4096

1745390205
/dev/nvme3n1p1: 1490298290176
none: 4096

1745390206
/dev/nvme3n1p1: 1490298806272
none: 4096

1745390207
/dev/nvme3n1p1: 1490301636608
none: 4096

1745390208
/dev/nvme3n1p1: 1490301771776
none: 4096

1745390209
/dev/nvme3n1p1: 1490303262720
none: 4096

1745390210
/dev/nvme3n1p1: 1490303623168
none: 4096

1745390211
/dev/nvme3n1p1: 1490303664128
none: 4096

1745390212
/dev/nvme3n1p1: 1490304577536
none: 4096

1745390213
/dev/nvme3n1p1: 1490304675840
none: 4096

1745390214
/dev/nvme3n1p1: 1490304679936
none: 4096

1745390216
/dev/nvme3n1p1: 1490304958464
none: 4096

1745390217
/dev/nvme3n1p1: 1490306371584
none: 4096

1745390218
/dev/nvme3n1p1: 1490306277376
none: 4096

1745390219
/dev/nvme3n1p1: 1490306281472
none: 4096

1745390221
/dev/nvme3n1p1: 1490306351104
none: 4096

1745390222
/dev/nvme3n1p1: 1490307915776
none: 4096

1745390223
/dev/nvme3n1p1: 1490309128192
none: 4096

1745390224
/dev/nvme3n1p1: 1490309128192
none: 4096

1745390226
/dev/nvme3n1p1: 1490312941568
none: 4096

1745390227
/dev/nvme3n1p1: 1490312941568
none: 4096

1745390229
/dev/nvme3n1p1: 1490313084928
none: 4096

1745390230
/dev/nvme3n1p1: 1490313084928
none: 4096

1745390232
/dev/nvme3n1p1: 1490319642624
none: 4096

1745390233
/dev/nvme3n1p1: 1490321321984
none: 4096

1745390235
/dev/nvme3n1p1: 1490326675456
none: 4096

1745390236
/dev/nvme3n1p1: 1490329362432
none: 4096

1745390237
/dev/nvme3n1p1: 1490332033024
none: 4096

1745390238
/dev/nvme3n1p1: 1490332082176
none: 4096

1745390239
/dev/nvme3n1p1: 1490336788480
none: 4096

1745390240
/dev/nvme3n1p1: 1490345000960
none: 4096

1745390241
/dev/nvme3n1p1: 1490350612480
none: 4096

1745390242
/dev/nvme3n1p1: 1490357518336
none: 4096

1745390243
/dev/nvme3n1p1: 1490360594432
none: 4096

1745390244
/dev/nvme3n1p1: 1490368196608
none: 4096

1745390245
/dev/nvme3n1p1: 1490375634944
none: 4096

1745390246
/dev/nvme3n1p1: 1490383642624
none: 4096

1745390247
/dev/nvme3n1p1: 1490383351808
none: 4096

1745390248
/dev/nvme3n1p1: 1490385326080
none: 4096

1745390249
/dev/nvme3n1p1: 1490388402176
none: 4096

1745390250
/dev/nvme3n1p1: 1490392281088
none: 4096

1745390251
/dev/nvme3n1p1: 1490394050560
none: 4096

1745390252
/dev/nvme3n1p1: 1490395418624
none: 4096

1745390253
/dev/nvme3n1p1: 1490396643328
none: 4096

1745390254
/dev/nvme3n1p1: 1490398457856
none: 4096

1745390255
/dev/nvme3n1p1: 1490399490048
none: 4096

1745390256
/dev/nvme3n1p1: 1490400985088
none: 4096

1745390257
/dev/nvme3n1p1: 1490404519936
none: 4096

1745390258
/dev/nvme3n1p1: 1490407354368
none: 4096

1745390259
/dev/nvme3n1p1: 1490407591936
none: 4096

1745390260
/dev/nvme3n1p1: 1490409492480
none: 4096

1745390261
/dev/nvme3n1p1: 1490411085824
none: 4096

1745390262
/dev/nvme3n1p1: 1490414108672
none: 4096

1745390263
/dev/nvme3n1p1: 1490414198784
none: 4096

1745390264
/dev/nvme3n1p1: 1490415681536
none: 4096

1745390265
/dev/nvme3n1p1: 1490418212864
none: 4096

1745390266
/dev/nvme3n1p1: 1490418601984
none: 4096

1745390267
/dev/nvme3n1p1: 1490420199424
none: 4096

1745390268
/dev/nvme3n1p1: 1490420461568
none: 4096

1745390269
/dev/nvme3n1p1: 1490422022144
none: 4096

1745390270
/dev/nvme3n1p1: 1490423930880
none: 4096

1745390271
/dev/nvme3n1p1: 1490423881728
none: 4096

1745390272
/dev/nvme3n1p1: 1490423967744
none: 4096

1745390273
/dev/nvme3n1p1: 1490424115200
none: 4096

1745390274
/dev/nvme3n1p1: 1490426224640
none: 4096

1745390275
/dev/nvme3n1p1: 1490427846656
none: 4096

1745390276
/dev/nvme3n1p1: 1490429505536
none: 4096

1745390277
/dev/nvme3n1p1: 1490430054400
none: 4096

1745390278
/dev/nvme3n1p1: 1490435051520
none: 4096

1745390279
/dev/nvme3n1p1: 1490436657152
none: 4096

1745390280
/dev/nvme3n1p1: 1490438905856
none: 4096

1745390281
/dev/nvme3n1p1: 1490438807552
none: 4096

1745390282
/dev/nvme3n1p1: 1490440810496
none: 4096

1745390283
/dev/nvme3n1p1: 1490442186752
none: 4096

1745390284
/dev/nvme3n1p1: 1490444361728
none: 4096

1745390285
/dev/nvme3n1p1: 1490451193856
none: 4096

1745390286
/dev/nvme3n1p1: 1490453864448
none: 4096

1745390287
/dev/nvme3n1p1: 1490459258880
none: 4096

1745390288
/dev/nvme3n1p1: 1490460680192
none: 4096

1745390289
/dev/nvme3n1p1: 1490469412864
none: 4096

1745390290
/dev/nvme3n1p1: 1490469576704
none: 4096

1745390291
/dev/nvme3n1p1: 1490472394752
none: 4096

1745390292
/dev/nvme3n1p1: 1490480410624
none: 4096

1745390293
/dev/nvme3n1p1: 1490481729536
none: 4096

1745390294
/dev/nvme3n1p1: 1490485387264
none: 4096

1745390295
/dev/nvme3n1p1: 1490486300672
none: 4096

1745390296
/dev/nvme3n1p1: 1490488295424
none: 4096

1745390297
/dev/nvme3n1p1: 1490490408960
none: 4096

1745390298
/dev/nvme3n1p1: 1490491060224
none: 4096

1745390299
/dev/nvme3n1p1: 1490491195392
none: 4096

1745390300
/dev/nvme3n1p1: 1490493997056
none: 4096

1745390301
/dev/nvme3n1p1: 1490494689280
none: 4096

1745390302
/dev/nvme3n1p1: 1490503954432
none: 4096

1745390303
/dev/nvme3n1p1: 1490507186176
none: 4096

1745390304
/dev/nvme3n1p1: 1490509430784
none: 4096

1745390305
/dev/nvme3n1p1: 1490512461824
none: 4096

1745390306
/dev/nvme3n1p1: 1490514505728
none: 4096

1745390307
/dev/nvme3n1p1: 1490514579456
none: 4096

1745390308
/dev/nvme3n1p1: 1490515906560
none: 4096

1745390309
/dev/nvme3n1p1: 1490515963904
none: 4096

1745390310
/dev/nvme3n1p1: 1490516668416
none: 4096

1745390311
/dev/nvme3n1p1: 1490518519808
none: 4096

1745390312
/dev/nvme3n1p1: 1490521538560
none: 4096

1745390313
/dev/nvme3n1p1: 1490523324416
none: 4096

1745390314
/dev/nvme3n1p1: 1490524938240
none: 4096

1745390316
/dev/nvme3n1p1: 1490532233216
none: 4096

1745390317
/dev/nvme3n1p1: 1490534866944
none: 4096

1745390318
/dev/nvme3n1p1: 1490535088128
none: 4096

1745390319
/dev/nvme3n1p1: 1490536853504
none: 4096

1745390320
/dev/nvme3n1p1: 1490543820800
none: 4096

1745390321
/dev/nvme3n1p1: 1490546216960
none: 4096

1745390322
/dev/nvme3n1p1: 1490546696192
none: 4096

1745390324
/dev/nvme3n1p1: 1490550644736
none: 4096

1745390325
/dev/nvme3n1p1: 1490550505472
none: 4096

1745390326
/dev/nvme3n1p1: 1490550665216
none: 4096

1745390327
/dev/nvme3n1p1: 1490552430592
none: 4096

1745390328
/dev/nvme3n1p1: 1490554085376
none: 4096

1745390329
/dev/nvme3n1p1: 1490553769984
none: 4096

1745390330
/dev/nvme3n1p1: 1490558169088
none: 4096

1745390331
/dev/nvme3n1p1: 1490560245760
none: 4096

1745390332
/dev/nvme3n1p1: 1490561982464
none: 4096

1745390333
/dev/nvme3n1p1: 1490562867200
none: 4096

1745390334
/dev/nvme3n1p1: 1490564694016
none: 4096

1745390335
/dev/nvme3n1p1: 1490574548992
none: 4096

1745390336
/dev/nvme3n1p1: 1490576015360
none: 4096

1745390337
/dev/nvme3n1p1: 1490576285696
none: 4096

1745390338
/dev/nvme3n1p1: 1490578808832
none: 4096

1745390339
/dev/nvme3n1p1: 1490580107264
none: 4096

1745390340
/dev/nvme3n1p1: 1490583539712
none: 4096

1745390341
/dev/nvme3n1p1: 1490587459584
none: 4096

1745390342
/dev/nvme3n1p1: 1490587131904
none: 4096

1745390343
/dev/nvme3n1p1: 1490588708864
none: 4096

1745390344
/dev/nvme3n1p1: 1490591092736
none: 4096

1745390345
/dev/nvme3n1p1: 1490591531008
none: 4096

1745390346
/dev/nvme3n1p1: 1490591563776
none: 4096

1745390347
/dev/nvme3n1p1: 1490596499456
none: 4096

1745390348
/dev/nvme3n1p1: 1490600062976
none: 4096

1745390349
/dev/nvme3n1p1: 1490601787392
none: 4096

1745390350
/dev/nvme3n1p1: 1490602815488
none: 4096

1745390351
/dev/nvme3n1p1: 1490607091712
none: 4096

1745390352
/dev/nvme3n1p1: 1490609090560
none: 4096

1745390353
/dev/nvme3n1p1: 1490611736576
none: 4096

1745390354
/dev/nvme3n1p1: 1490613477376
none: 4096

1745390355
/dev/nvme3n1p1: 1490616344576
none: 4096

1745390356
/dev/nvme3n1p1: 1490620080128
none: 4096

1745390357
/dev/nvme3n1p1: 1490625024000
none: 4096

1745390358
/dev/nvme3n1p1: 1490627891200
none: 4096

1745390359
/dev/nvme3n1p1: 1490630258688
none: 4096

1745390360
/dev/nvme3n1p1: 1490634473472
none: 4096

1745390361
/dev/nvme3n1p1: 1490635702272
none: 4096

1745390362
/dev/nvme3n1p1: 1490635747328
none: 4096

1745390363
/dev/nvme3n1p1: 1490636652544
none: 4096

1745390364
/dev/nvme3n1p1: 1490636963840
none: 4096

1745390365
/dev/nvme3n1p1: 1490636795904
none: 4096

1745390366
/dev/nvme3n1p1: 1490636972032
none: 4096

1745390367
/dev/nvme3n1p1: 1490637070336
none: 4096

1745390368
/dev/nvme3n1p1: 1490640703488
none: 4096

1745390369
/dev/nvme3n1p1: 1490641969152
none: 4096

1745390370
/dev/nvme3n1p1: 1490642538496
none: 4096

1745390371
/dev/nvme3n1p1: 1490646507520
none: 4096

1745390372
/dev/nvme3n1p1: 1490647351296
none: 4096

1745390373
/dev/nvme3n1p1: 1490647826432
none: 4096

1745390374
/dev/nvme3n1p1: 1490649374720
none: 4096

1745390375
/dev/nvme3n1p1: 1490653700096
none: 4096

1745390376
/dev/nvme3n1p1: 1490653646848
none: 4096

1745390377
/dev/nvme3n1p1: 1490657296384
none: 4096

1745390378
/dev/nvme3n1p1: 1490658394112
none: 4096

1745390380
/dev/nvme3n1p1: 1490662395904
none: 4096

1745390381
/dev/nvme3n1p1: 1490663870464
none: 4096

1745390383
/dev/nvme3n1p1: 1490670362624
none: 4096

1745390384
/dev/nvme3n1p1: 1490679017472
none: 4096

1745390385
/dev/nvme3n1p1: 1490679967744
none: 4096

1745390386
/dev/nvme3n1p1: 1490679562240
none: 4096

1745390387
/dev/nvme3n1p1: 1490681118720
none: 4096

1745390388
/dev/nvme3n1p1: 1490681352192
none: 4096

1745390389
/dev/nvme3n1p1: 1490682093568
none: 4096

1745390390
/dev/nvme3n1p1: 1490683674624
none: 4096

1745390391
/dev/nvme3n1p1: 1490687967232
none: 4096

1745390392
/dev/nvme3n1p1: 1490689683456
none: 4096

1745390393
/dev/nvme3n1p1: 1490689306624
none: 4096

1745390394
/dev/nvme3n1p1: 1490690060288
none: 4096

1745390395
/dev/nvme3n1p1: 1490690547712
none: 4096

1745390396
/dev/nvme3n1p1: 1490695032832
none: 4096

1745390397
/dev/nvme3n1p1: 1490695024640
none: 4096

1745390398
/dev/nvme3n1p1: 1490695024640
none: 4096

1745390400
/dev/nvme3n1p1: 1490709622784
none: 4096

1745390401
/dev/nvme3n1p1: 1490724122624
none: 4096

1745390402
/dev/nvme3n1p1: 1490724237312
none: 4096

1745390403
/dev/nvme3n1p1: 1490726703104
none: 4096

1745390404
/dev/nvme3n1p1: 1490729459712
none: 4096

1745390405
/dev/nvme3n1p1: 1490729054208
none: 4096

1745390406
/dev/nvme3n1p1: 1490734346240
none: 4096

1745390407
/dev/nvme3n1p1: 1490736553984
none: 4096

1745390408
/dev/nvme3n1p1: 1490738626560
none: 4096

1745390409
/dev/nvme3n1p1: 1490738909184
none: 4096

1745390410
/dev/nvme3n1p1: 1490740486144
none: 4096

1745390411
/dev/nvme3n1p1: 1490742022144
none: 4096

1745390412
/dev/nvme3n1p1: 1490742501376
none: 4096

1745390413
/dev/nvme3n1p1: 1490742874112
none: 4096

1745390414
/dev/nvme3n1p1: 1490745282560
none: 4096

1745390415
/dev/nvme3n1p1: 1490745487360
none: 4096

1745390416
/dev/nvme3n1p1: 1490746208256
none: 4096

1745390417
/dev/nvme3n1p1: 1490747858944
none: 4096

1745390418
/dev/nvme3n1p1: 1490748960768
none: 4096

1745390419
/dev/nvme3n1p1: 1490748993536
none: 4096

1745390420
/dev/nvme3n1p1: 1490750930944
none: 4096

1745390421
/dev/nvme3n1p1: 1490751217664
none: 4096

1745390422
/dev/nvme3n1p1: 1490754830336
none: 4096

1745390423
/dev/nvme3n1p1: 1490754981888
none: 4096

1745390424
/dev/nvme3n1p1: 1490756407296
none: 4096

1745390425
/dev/nvme3n1p1: 1490756407296
none: 4096

1745390427
/dev/nvme3n1p1: 1490760957952
none: 4096

1745390428
/dev/nvme3n1p1: 1490763776000
none: 4096

1745390429
/dev/nvme3n1p1: 1490767540224
none: 4096

1745390430
/dev/nvme3n1p1: 1490767712256
none: 4096

1745390431
/dev/nvme3n1p1: 1490770751488
none: 4096

1745390432
/dev/nvme3n1p1: 1490774597632
none: 4096

1745390433
/dev/nvme3n1p1: 1490775326720
none: 4096

1745390434
/dev/nvme3n1p1: 1490775343104
none: 4096

1745390435
/dev/nvme3n1p1: 1490777116672
none: 4096

1745390436
/dev/nvme3n1p1: 1490780131328
none: 4096

1745390437
/dev/nvme3n1p1: 1490780135424
none: 4096

1745390438
/dev/nvme3n1p1: 1490784141312
none: 4096

1745390439
/dev/nvme3n1p1: 1490786791424
none: 4096

1745390440
/dev/nvme3n1p1: 1490788716544
none: 4096

1745390441
/dev/nvme3n1p1: 1490789568512
none: 4096

1745390442
/dev/nvme3n1p1: 1490792603648
none: 4096

1745390443
/dev/nvme3n1p1: 1490793398272
none: 4096

1745390444
/dev/nvme3n1p1: 1490797625344
none: 4096

1745390445
/dev/nvme3n1p1: 1490798014464
none: 4096

1745390446
/dev/nvme3n1p1: 1490799345664
none: 4096

1745390447
/dev/nvme3n1p1: 1490800922624
none: 4096

1745390448
/dev/nvme3n1p1: 1490801180672
none: 4096

1745390449
/dev/nvme3n1p1: 1490806067200
none: 4096

1745390450
/dev/nvme3n1p1: 1490809257984
none: 4096

1745390451
/dev/nvme3n1p1: 1490808893440
none: 4096

1745390452
/dev/nvme3n1p1: 1490811351040
none: 4096

1745390453
/dev/nvme3n1p1: 1490813534208
none: 4096

1745390454
/dev/nvme3n1p1: 1490813661184
none: 4096

1745390456
/dev/nvme3n1p1: 1490815586304
none: 4096

1745390457
/dev/nvme3n1p1: 1490816757760
none: 4096

1745390458
/dev/nvme3n1p1: 1490817060864
none: 4096

1745390459
/dev/nvme3n1p1: 1490817634304
none: 4096

1745390460
/dev/nvme3n1p1: 1490819817472
none: 4096

1745390461
/dev/nvme3n1p1: 1490823704576
none: 4096

1745390462
/dev/nvme3n1p1: 1490824159232
none: 4096

1745390463
/dev/nvme3n1p1: 1490829438976
none: 4096

1745390464
/dev/nvme3n1p1: 1490829840384
none: 4096

1745390465
/dev/nvme3n1p1: 1490835136512
none: 4096

1745390466
/dev/nvme3n1p1: 1490841616384
none: 4096

1745390467
/dev/nvme3n1p1: 1490842038272
none: 4096

1745390468
/dev/nvme3n1p1: 1490845249536
none: 4096

1745390469
/dev/nvme3n1p1: 1490846142464
none: 4096

1745390470
/dev/nvme3n1p1: 1490847887360
none: 4096

1745390471
/dev/nvme3n1p1: 1490849685504
none: 4096

1745390472
/dev/nvme3n1p1: 1490853150720
none: 4096

1745390473
/dev/nvme3n1p1: 1490858627072
none: 4096

1745390474
/dev/nvme3n1p1: 1490863849472
none: 4096

1745390475
/dev/nvme3n1p1: 1490871123968
none: 4096

1745390476
/dev/nvme3n1p1: 1490871902208
none: 4096

1745390477
/dev/nvme3n1p1: 1490872975360
none: 4096

1745390478
/dev/nvme3n1p1: 1490875932672
none: 4096

1745390479
/dev/nvme3n1p1: 1490876235776
none: 4096

1745390480
/dev/nvme3n1p1: 1490878373888
none: 4096

1745390481
/dev/nvme3n1p1: 1490882404352
none: 4096

1745390482
/dev/nvme3n1p1: 1490883559424
none: 4096

1745390483
/dev/nvme3n1p1: 1490884292608
none: 4096

1745390484
/dev/nvme3n1p1: 1490885283840
none: 4096

1745390485
/dev/nvme3n1p1: 1490886287360
none: 4096

1745390486
/dev/nvme3n1p1: 1490888556544
none: 4096

1745390487
/dev/nvme3n1p1: 1490891210752
none: 4096

1745390488
/dev/nvme3n1p1: 1490892365824
none: 4096

1745390489
/dev/nvme3n1p1: 1490894942208
none: 4096

1745390490
/dev/nvme3n1p1: 1490895622144
none: 4096

1745390491
/dev/nvme3n1p1: 1490896904192
none: 4096

1745390492
/dev/nvme3n1p1: 1490897149952
none: 4096

1745390493
/dev/nvme3n1p1: 1490898628608
none: 4096

1745390494
/dev/nvme3n1p1: 1490898735104
none: 4096

1745390495
/dev/nvme3n1p1: 1490901749760
none: 4096

1745390496
/dev/nvme3n1p1: 1490909700096
none: 4096

1745390497
/dev/nvme3n1p1: 1490921394176
none: 4096

1745390498
/dev/nvme3n1p1: 1490922180608
none: 4096

1745390499
/dev/nvme3n1p1: 1490922655744
none: 4096

1745390500
/dev/nvme3n1p1: 1490923044864
none: 4096

1745390501
/dev/nvme3n1p1: 1490923671552
none: 4096

1745390503
/dev/nvme3n1p1: 1490929205248
none: 4096

1745390504
/dev/nvme3n1p1: 1490930049024
none: 4096

1745390505
/dev/nvme3n1p1: 1490936434688
none: 4096

1745390506
/dev/nvme3n1p1: 1490939564032
none: 4096

1745390507
/dev/nvme3n1p1: 1490944368640
none: 4096

1745390508
/dev/nvme3n1p1: 1490952101888
none: 4096

1745390509
/dev/nvme3n1p1: 1490955198464
none: 4096

1745390510
/dev/nvme3n1p1: 1490963558400
none: 4096

1745390511
/dev/nvme3n1p1: 1490965176320
none: 4096

1745390512
/dev/nvme3n1p1: 1490966253568
none: 4096

1745390513
/dev/nvme3n1p1: 1490969882624
none: 4096

1745390514
/dev/nvme3n1p1: 1490969907200
none: 4096

1745390515
/dev/nvme3n1p1: 1490974162944
none: 4096

1745390516
/dev/nvme3n1p1: 1490974195712
none: 4096

1745390517
/dev/nvme3n1p1: 1490974195712
none: 4096

1745390519
/dev/nvme3n1p1: 1490974949376
none: 4096

1745390521
/dev/nvme3n1p1: 1490977488896
none: 4096

1745390522
/dev/nvme3n1p1: 1490979364864
none: 4096

1745390523
/dev/nvme3n1p1: 1490983911424
none: 4096

1745390524
/dev/nvme3n1p1: 1490984132608
none: 4096

1745390525
/dev/nvme3n1p1: 1490984136704
none: 4096

1745390527
/dev/nvme3n1p1: 1490985549824
none: 4096

1745390528
/dev/nvme3n1p1: 1490985553920
none: 4096

1745390529
/dev/nvme3n1p1: 1490985553920
none: 4096

1745390531
/dev/nvme3n1p1: 1490987384832
none: 4096

1745390532
/dev/nvme3n1p1: 1490987384832
none: 4096

1745390533
/dev/nvme3n1p1: 1490989510656
none: 4096

1745390534
/dev/nvme3n1p1: 1490989510656
none: 4096

1745390536
/dev/nvme3n1p1: 1490992816128
none: 4096

1745390537
/dev/nvme3n1p1: 1490993627136
none: 4096

1745390538
/dev/nvme3n1p1: 1490995978240
none: 4096

1745390539
/dev/nvme3n1p1: 1490996203520
none: 4096

1745390540
/dev/nvme3n1p1: 1490997268480
none: 4096

1745390541
/dev/nvme3n1p1: 1490998300672
none: 4096

1745390542
/dev/nvme3n1p1: 1491001262080
none: 4096

1745390543
/dev/nvme3n1p1: 1491003985920
none: 4096

1745390544
/dev/nvme3n1p1: 1491006386176
none: 4096

1745390545
/dev/nvme3n1p1: 1491006119936
none: 4096

1745390546
/dev/nvme3n1p1: 1491009695744
none: 4096

1745390547
/dev/nvme3n1p1: 1491013693440
none: 4096

1745390548
/dev/nvme3n1p1: 1491016404992
none: 4096

1745390549
/dev/nvme3n1p1: 1491016421376
none: 4096

1745390550
/dev/nvme3n1p1: 1491020607488
none: 4096

1745390551
/dev/nvme3n1p1: 1491024609280
none: 4096

1745390552
/dev/nvme3n1p1: 1491028508672
none: 4096

1745390553
/dev/nvme3n1p1: 1491031769088
none: 4096

1745390554
/dev/nvme3n1p1: 1491033956352
none: 4096

1745390555
/dev/nvme3n1p1: 1491035209728
none: 4096

1745390556
/dev/nvme3n1p1: 1491036958720
none: 4096

1745390557
/dev/nvme3n1p1: 1491038969856
none: 4096

1745390558
/dev/nvme3n1p1: 1491038982144
none: 4096

1745390559
/dev/nvme3n1p1: 1491049218048
none: 4096

1745390560
/dev/nvme3n1p1: 1491048218624
none: 4096

1745390561
/dev/nvme3n1p1: 1491050172416
none: 4096

1745390562
/dev/nvme3n1p1: 1491050586112
none: 4096

1745390563
/dev/nvme3n1p1: 1491055284224
none: 4096

1745390564
/dev/nvme3n1p1: 1491059802112
none: 4096

1745390565
/dev/nvme3n1p1: 1491060043776
none: 4096

1745390566
/dev/nvme3n1p1: 1491060682752
none: 4096

1745390567
/dev/nvme3n1p1: 1491064606720
none: 4096

1745390568
/dev/nvme3n1p1: 1491071291392
none: 4096

1745390569
/dev/nvme3n1p1: 1491083010048
none: 4096

1745390570
/dev/nvme3n1p1: 1491084685312
none: 4096

1745390571
/dev/nvme3n1p1: 1491086516224
none: 4096

1745390572
/dev/nvme3n1p1: 1491087650816
none: 4096

1745390573
/dev/nvme3n1p1: 1491089793024
none: 4096

1745390574
/dev/nvme3n1p1: 1491091734528
none: 4096

1745390575
/dev/nvme3n1p1: 1491097808896
none: 4096

1745390576
/dev/nvme3n1p1: 1491104137216
none: 4096

1745390577
/dev/nvme3n1p1: 1491113594880
none: 4096

1745390578
/dev/nvme3n1p1: 1491115429888
none: 4096

1745390579
/dev/nvme3n1p1: 1491120365568
none: 4096

1745390580
/dev/nvme3n1p1: 1491124297728
none: 4096

1745390582
/dev/nvme3n1p1: 1491141218304
none: 4096

1745390584
/dev/nvme3n1p1: 1491154804736
none: 4096

1745390585
/dev/nvme3n1p1: 1491156467712
none: 4096

1745390586
/dev/nvme3n1p1: 1491159515136
none: 4096

1745390587
/dev/nvme3n1p1: 1491161481216
none: 4096

1745390588
/dev/nvme3n1p1: 1491162865664
none: 4096

1745390589
/dev/nvme3n1p1: 1491169107968
none: 4096

1745390591
/dev/nvme3n1p1: 1491180859392
none: 4096

1745390593
/dev/nvme3n1p1: 1491187134464
none: 4096

1745390594
/dev/nvme3n1p1: 1491189678080
none: 4096

1745390595
/dev/nvme3n1p1: 1491203158016
none: 4096

1745390596
/dev/nvme3n1p1: 1491212234752
none: 4096

1745390597
/dev/nvme3n1p1: 1491219681280
none: 4096

1745390598
/dev/nvme3n1p1: 1491226316800
none: 4096

1745390599
/dev/nvme3n1p1: 1491229642752
none: 4096

1745390600
/dev/nvme3n1p1: 1491232763904
none: 4096

1745390601
/dev/nvme3n1p1: 1491233714176
none: 4096

1745390602
/dev/nvme3n1p1: 1491245359104
none: 4096

1745390603
/dev/nvme3n1p1: 1491269885952
none: 4096

1745390605
/dev/nvme3n1p1: 1491304431616
none: 4096

1745390606
/dev/nvme3n1p1: 1491316645888
none: 4096

1745390607
/dev/nvme3n1p1: 1491318910976
none: 4096

1745390608
/dev/nvme3n1p1: 1491319762944
none: 4096

1745390610
/dev/nvme3n1p1: 1491325308928
none: 4096

1745390611
/dev/nvme3n1p1: 1491326726144
none: 4096

1745390613
/dev/nvme3n1p1: 1491327418368
none: 4096

1745390614
/dev/nvme3n1p1: 1491327610880
none: 4096

1745390616
/dev/nvme3n1p1: 1491330068480
none: 4096

1745390617
/dev/nvme3n1p1: 1491330228224
none: 4096

1745390619
/dev/nvme3n1p1: 1491335356416
none: 4096

1745390620
/dev/nvme3n1p1: 1491338756096
none: 4096

1745390621
/dev/nvme3n1p1: 1491338727424
none: 4096

1745390622
/dev/nvme3n1p1: 1491339481088
none: 4096

1745390623
/dev/nvme3n1p1: 1491339370496
none: 4096

1745390624
/dev/nvme3n1p1: 1491340005376
none: 4096

1745390625
/dev/nvme3n1p1: 1491340857344
none: 4096

1745390626
/dev/nvme3n1p1: 1491342503936
none: 4096

1745390627
/dev/nvme3n1p1: 1491344392192
none: 4096

1745390628
/dev/nvme3n1p1: 1491344785408
none: 4096

1745390629
/dev/nvme3n1p1: 1491346296832
none: 4096

1745390630
/dev/nvme3n1p1: 1491348623360
none: 4096

1745390631
/dev/nvme3n1p1: 1491348717568
none: 4096

1745390632
/dev/nvme3n1p1: 1491351482368
none: 4096

1745390633
/dev/nvme3n1p1: 1491352502272
none: 4096

1745390634
/dev/nvme3n1p1: 1491359145984
none: 4096

1745390636
/dev/nvme3n1p1: 1491361116160
none: 4096

1745390637
/dev/nvme3n1p1: 1491363467264
none: 4096

1745390638
/dev/nvme3n1p1: 1491363540992
none: 4096

1745390639
/dev/nvme3n1p1: 1491367813120
none: 4096

1745390640
/dev/nvme3n1p1: 1491367936000
none: 4096

1745390641
/dev/nvme3n1p1: 1491373674496
none: 4096

1745390642
/dev/nvme3n1p1: 1491374026752
none: 4096

1745390643
/dev/nvme3n1p1: 1491374288896
none: 4096

1745390644
/dev/nvme3n1p1: 1491376242688
none: 4096

1745390645
/dev/nvme3n1p1: 1491377274880
none: 4096

1745390646
/dev/nvme3n1p1: 1491377709056
none: 4096

1745390647
/dev/nvme3n1p1: 1491383042048
none: 4096

1745390648
/dev/nvme3n1p1: 1491385069568
none: 4096

1745390649
/dev/nvme3n1p1: 1491385016320
none: 4096

1745390650
/dev/nvme3n1p1: 1491386785792
none: 4096

1745390651
/dev/nvme3n1p1: 1491387588608
none: 4096

1745390652
/dev/nvme3n1p1: 1491388112896
none: 4096

1745390653
/dev/nvme3n1p1: 1491389394944
none: 4096

1745390654
/dev/nvme3n1p1: 1491390955520
none: 4096

1745390655
/dev/nvme3n1p1: 1491392204800
none: 4096

1745390656
/dev/nvme3n1p1: 1491393040384
none: 4096

1745390657
/dev/nvme3n1p1: 1491394068480
none: 4096

1745390658
/dev/nvme3n1p1: 1491394592768
none: 4096

1745390659
/dev/nvme3n1p1: 1491398721536
none: 4096

1745390660
/dev/nvme3n1p1: 1491398713344
none: 4096

1745390661
/dev/nvme3n1p1: 1491400474624
none: 4096

1745390662
/dev/nvme3n1p1: 1491404230656
none: 4096

1745390663
/dev/nvme3n1p1: 1491404599296
none: 4096

1745390664
/dev/nvme3n1p1: 1491408883712
none: 4096

1745390665
/dev/nvme3n1p1: 1491410575360
none: 4096

1745390666
/dev/nvme3n1p1: 1491414020096
none: 4096

1745390667
/dev/nvme3n1p1: 1491413733376
none: 4096

1745390668
/dev/nvme3n1p1: 1491414052864
none: 4096

1745390669
/dev/nvme3n1p1: 1491414732800
none: 4096

1745390670
/dev/nvme3n1p1: 1491417100288
none: 4096

1745390671
/dev/nvme3n1p1: 1491423584256
none: 4096

1745390672
/dev/nvme3n1p1: 1491423064064
none: 4096

1745390673
/dev/nvme3n1p1: 1491425501184
none: 4096

1745390674
/dev/nvme3n1p1: 1491428814848
none: 4096

1745390675
/dev/nvme3n1p1: 1491432423424
none: 4096

1745390676
/dev/nvme3n1p1: 1491435950080
none: 4096

1745390677
/dev/nvme3n1p1: 1491436351488
none: 4096

1745390678
/dev/nvme3n1p1: 1491437580288
none: 4096

1745390679
/dev/nvme3n1p1: 1491440386048
none: 4096

1745390680
/dev/nvme3n1p1: 1491442372608
none: 4096

1745390681
/dev/nvme3n1p1: 1491446747136
none: 4096

1745390682
/dev/nvme3n1p1: 1491448782848
none: 4096

1745390683
/dev/nvme3n1p1: 1491453059072
none: 4096

1745390684
/dev/nvme3n1p1: 1491453591552
none: 4096

1745390685
/dev/nvme3n1p1: 1491453714432
none: 4096

1745390686
/dev/nvme3n1p1: 1491459256320
none: 4096

1745390687
/dev/nvme3n1p1: 1491462336512
none: 4096

1745390688
/dev/nvme3n1p1: 1491463016448
none: 4096

1745390689
/dev/nvme3n1p1: 1491471253504
none: 4096

1745390690
/dev/nvme3n1p1: 1491473633280
none: 4096

1745390691
/dev/nvme3n1p1: 1491473760256
none: 4096

1745390692
/dev/nvme3n1p1: 1491475787776
none: 4096

1745390693
/dev/nvme3n1p1: 1491477360640
none: 4096

1745390694
/dev/nvme3n1p1: 1491479977984
none: 4096

1745390695
/dev/nvme3n1p1: 1491480788992
none: 4096

1745390696
/dev/nvme3n1p1: 1491481018368
none: 4096

1745390697
/dev/nvme3n1p1: 1491481235456
none: 4096

1745390698
/dev/nvme3n1p1: 1491481997312
none: 4096

1745390699
/dev/nvme3n1p1: 1491482386432
none: 4096

1745390700
/dev/nvme3n1p1: 1491484209152
none: 4096

1745390702
/dev/nvme3n1p1: 1491486085120
none: 4096

1745390703
/dev/nvme3n1p1: 1491488497664
none: 4096

1745390704
/dev/nvme3n1p1: 1491489480704
none: 4096

1745390705
/dev/nvme3n1p1: 1491489222656
none: 4096

1745390706
/dev/nvme3n1p1: 1491490541568
none: 4096

1745390707
/dev/nvme3n1p1: 1491491418112
none: 4096

1745390708
/dev/nvme3n1p1: 1491492098048
none: 4096

1745390709
/dev/nvme3n1p1: 1491492196352
none: 4096

1745390710
/dev/nvme3n1p1: 1491492765696
none: 4096

1745390712
/dev/nvme3n1p1: 1491493515264
none: 4096

1745390714
/dev/nvme3n1p1: 1491495092224
none: 4096

1745390715
/dev/nvme3n1p1: 1491495211008
none: 4096

1745390716
/dev/nvme3n1p1: 1491496140800
none: 4096

1745390717
/dev/nvme3n1p1: 1491496755200
none: 4096

1745390718
/dev/nvme3n1p1: 1491497259008
none: 4096

1745390719
/dev/nvme3n1p1: 1491497754624
none: 4096

1745390720
/dev/nvme3n1p1: 1491500322816
none: 4096

1745390721
/dev/nvme3n1p1: 1491503378432
none: 4096

1745390722
/dev/nvme3n1p1: 1491503738880
none: 4096

1745390723
/dev/nvme3n1p1: 1491503955968
none: 4096

1745390724
/dev/nvme3n1p1: 1491505119232
none: 4096

1745390725
/dev/nvme3n1p1: 1491505471488
none: 4096

1745390726
/dev/nvme3n1p1: 1491508260864
none: 4096

1745390727
/dev/nvme3n1p1: 1491515179008
none: 4096

1745390728
/dev/nvme3n1p1: 1491517435904
none: 4096

1745390729
/dev/nvme3n1p1: 1491517706240
none: 4096

1745390730
/dev/nvme3n1p1: 1491519504384
none: 4096

1745390731
/dev/nvme3n1p1: 1491520868352
none: 4096

1745390732
/dev/nvme3n1p1: 1491521105920
none: 4096

1745390733
/dev/nvme3n1p1: 1491524276224
none: 4096

1745390734
/dev/nvme3n1p1: 1491526111232
none: 4096

1745390735
/dev/nvme3n1p1: 1491529617408
none: 4096

1745390736
/dev/nvme3n1p1: 1491537018880
none: 4096

1745390737
/dev/nvme3n1p1: 1491538726912
none: 4096

1745390739
/dev/nvme3n1p1: 1491558129664
none: 4096

1745390740
/dev/nvme3n1p1: 1491560783872
none: 4096

1745390741
/dev/nvme3n1p1: 1491563368448
none: 4096

1745390742
/dev/nvme3n1p1: 1491565654016
none: 4096

1745390743
/dev/nvme3n1p1: 1491567640576
none: 4096

1745390744
/dev/nvme3n1p1: 1491569537024
none: 4096

1745390745
/dev/nvme3n1p1: 1491576610816
none: 4096

1745390746
/dev/nvme3n1p1: 1491581591552
none: 4096

1745390747
/dev/nvme3n1p1: 1491583127552
none: 4096

1745390749
/dev/nvme3n1p1: 1491587301376
none: 4096

1745390750
/dev/nvme3n1p1: 1491588194304
none: 4096

1745390751
/dev/nvme3n1p1: 1491590115328
none: 4096

1745390752
/dev/nvme3n1p1: 1491593850880
none: 4096

1745390753
/dev/nvme3n1p1: 1491594809344
none: 4096

1745390754
/dev/nvme3n1p1: 1491595669504
none: 4096

1745390756
/dev/nvme3n1p1: 1491597889536
none: 4096

1745390757
/dev/nvme3n1p1: 1491598667776
none: 4096

1745390758
/dev/nvme3n1p1: 1491600883712
none: 4096

1745390759
/dev/nvme3n1p1: 1491605483520
none: 4096

1745390760
/dev/nvme3n1p1: 1491607040000
none: 4096

1745390761
/dev/nvme3n1p1: 1491608608768
none: 4096

1745390762
/dev/nvme3n1p1: 1491612090368
none: 4096

1745390763
/dev/nvme3n1p1: 1491614343168
none: 4096

1745390764
/dev/nvme3n1p1: 1491619336192
none: 4096

1745390765
/dev/nvme3n1p1: 1491622576128
none: 4096

1745390766
/dev/nvme3n1p1: 1491634814976
none: 4096

1745390767
/dev/nvme3n1p1: 1491647082496
none: 4096

1745390768
/dev/nvme3n1p1: 1491647168512
none: 4096

1745390769
/dev/nvme3n1p1: 1491651366912
none: 4096

1745390770
/dev/nvme3n1p1: 1491652784128
none: 4096

1745390772
/dev/nvme3n1p1: 1491657637888
none: 4096

1745390773
/dev/nvme3n1p1: 1491660136448
none: 4096

1745390774
/dev/nvme3n1p1: 1491664125952
none: 4096

1745390775
/dev/nvme3n1p1: 1491667152896
none: 4096

1745390776
/dev/nvme3n1p1: 1491670134784
none: 4096

1745390777
/dev/nvme3n1p1: 1491672072192
none: 4096

1745390778
/dev/nvme3n1p1: 1491674083328
none: 4096

1745390779
/dev/nvme3n1p1: 1491677470720
none: 4096

1745390780
/dev/nvme3n1p1: 1491679182848
none: 4096

1745390781
/dev/nvme3n1p1: 1491698688000
none: 4096

1745390782
/dev/nvme3n1p1: 1491701936128
none: 4096

1745390783
/dev/nvme3n1p1: 1491706200064
none: 4096

1745390784
/dev/nvme3n1p1: 1491708686336
none: 4096

1745390785
/dev/nvme3n1p1: 1491711086592
none: 4096

1745390786
/dev/nvme3n1p1: 1491715452928
none: 4096

1745390787
/dev/nvme3n1p1: 1491717939200
none: 4096

1745390788
/dev/nvme3n1p1: 1491718811648
none: 4096

1745390789
/dev/nvme3n1p1: 1491718938624
none: 4096

1745390790
/dev/nvme3n1p1: 1491720839168
none: 4096

1745390791
/dev/nvme3n1p1: 1491721302016
none: 4096

1745390792
/dev/nvme3n1p1: 1491722608640
none: 4096

1745390793
/dev/nvme3n1p1: 1491724648448
none: 4096

1745390794
/dev/nvme3n1p1: 1491726430208
none: 4096

1745390795
/dev/nvme3n1p1: 1491730239488
none: 4096

1745390796
/dev/nvme3n1p1: 1491731689472
none: 4096

1745390797
/dev/nvme3n1p1: 1491733934080
none: 4096

1745390799
/dev/nvme3n1p1: 1491739897856
none: 4096

1745390800
/dev/nvme3n1p1: 1491741790208
none: 4096

1745390801
/dev/nvme3n1p1: 1491750588416
none: 4096

1745390802
/dev/nvme3n1p1: 1491753832448
none: 315392

1745390803
/dev/nvme3n1p1: 1491753857024
none: 315392

1745390804
/dev/nvme3n1p1: 1491754557440
none: 315392

1745390805
/dev/nvme3n1p1: 1491756261376
none: 315392

1745390807
/dev/nvme3n1p1: 1491760152576
none: 315392

1745390808
/dev/nvme3n1p1: 1491763539968
none: 315392

1745390809
/dev/nvme3n1p1: 1491772760064
none: 315392

1745390811
/dev/nvme3n1p1: 1491780964352
none: 315392

1745390812
/dev/nvme3n1p1: 1491786752000
none: 315392

1745390813
/dev/nvme3n1p1: 1491791859712
none: 315392

1745390814
/dev/nvme3n1p1: 1491793514496
none: 315392

1745390815
/dev/nvme3n1p1: 1491798437888
none: 315392

1745390816
/dev/nvme3n1p1: 1491804606464
none: 315392

1745390818
/dev/nvme3n1p1: 1491817660416
none: 315392

1745390819
/dev/nvme3n1p1: 1491820863488
none: 315392

1745390820
/dev/nvme3n1p1: 1491824427008
none: 315392

1745390821
/dev/nvme3n1p1: 1491828121600
none: 315392

1745390822
/dev/nvme3n1p1: 1491828527104
none: 315392

1745390823
/dev/nvme3n1p1: 1491889225728
none: 315392

1745390824
/dev/nvme3n1p1: 1492375285760
none: 315392

1745390825
/dev/nvme3n1p1: 1492538679296
none: 315392

1745390826
/dev/nvme3n1p1: 1492630577152
none: 315392

1745390827
/dev/nvme3n1p1: 1492686499840
none: 315392

1745390829
/dev/nvme3n1p1: 1492781146112
none: 315392

1745390830
/dev/nvme3n1p1: 1492808077312
none: 315392

1745390832
/dev/nvme3n1p1: 1492864077824
none: 315392

1745390833
/dev/nvme3n1p1: 1492875948032
none: 315392

1745390834
/dev/nvme3n1p1: 1492883378176
none: 4096

1745390835
/dev/nvme3n1p1: 1492893016064
none: 4096

1745390836
/dev/nvme3n1p1: 1492894089216
none: 4096

1745390837
/dev/nvme3n1p1: 1492902043648
none: 4096

1745390838
/dev/nvme3n1p1: 1492904611840
none: 4096

1745390839
/dev/nvme3n1p1: 1492906553344
none: 4096

1745390840
/dev/nvme3n1p1: 1492909080576
none: 4096

1745390841
/dev/nvme3n1p1: 1492911947776
none: 4096

1745390842
/dev/nvme3n1p1: 1492915425280
none: 4096

1745390843
/dev/nvme3n1p1: 1492918218752
none: 4096

1745390844
/dev/nvme3n1p1: 1492925513728
none: 4096

1745390845
/dev/nvme3n1p1: 1492931207168
none: 4096

1745390846
/dev/nvme3n1p1: 1492935737344
none: 4096

1745390847
/dev/nvme3n1p1: 1492938993664
none: 4096

1745390848
/dev/nvme3n1p1: 1492973531136
none: 4096

1745390849
/dev/nvme3n1p1: 1493758709760
none: 4096

1745390850
/dev/nvme3n1p1: 1494191403008
none: 4096

1745390851
/dev/nvme3n1p1: 1494195318784
none: 4096

1745390852
/dev/nvme3n1p1: 1495075033088
none: 4096

1745390853
/dev/nvme3n1p1: 1495347585024
none: 4096

1745390854
/dev/nvme3n1p1: 1494327578624
none: 4096

1745390855
/dev/nvme3n1p1: 1494372904960
none: 4096

1745390857
/dev/nvme3n1p1: 1495021559808
none: 4096

1745390858
/dev/nvme3n1p1: 1495410663424
none: 4096

1745390860
/dev/nvme3n1p1: 1495628005376
none: 4096

1745390861
/dev/nvme3n1p1: 1495634337792
none: 4096

1745390862
/dev/nvme3n1p1: 1495651921920
none: 4096

1745390864
/dev/nvme3n1p1: 1496038563840
none: 4096

1745390865
/dev/nvme3n1p1: 1496709832704
none: 4096

1745390866
/dev/nvme3n1p1: 1497291907072
none: 4096

1745390867
/dev/nvme3n1p1: 1497807015936
none: 4096

1745390868
/dev/nvme3n1p1: 1497809776640
none: 4096

1745390869
/dev/nvme3n1p1: 1497383100416
none: 4096

1745390870
/dev/nvme3n1p1: 1497820794880
none: 4096

1745390871
/dev/nvme3n1p1: 1496802869248
none: 4096

1745390872
/dev/nvme3n1p1: 1496804036608
none: 4096

1745390873
/dev/nvme3n1p1: 1496810262528
none: 4096

1745390874
/dev/nvme3n1p1: 1496815271936
none: 4096

1745390876
/dev/nvme3n1p1: 1496739168256
none: 4096

1745390877
/dev/nvme3n1p1: 1495724560384
none: 4096

1745390879
/dev/nvme3n1p1: 1495733907456
none: 4096

1745390880
/dev/nvme3n1p1: 1495737245696
none: 4096

1745390881
/dev/nvme3n1p1: 1495740444672
none: 4096

1745390882
/dev/nvme3n1p1: 1495744991232
none: 4096

1745390884
/dev/nvme3n1p1: 1495749767168
none: 4096

1745390885
/dev/nvme3n1p1: 1495754416128
none: 4096

1745390886
/dev/nvme3n1p1: 1495758168064
none: 4096

1745390887
/dev/nvme3n1p1: 1495760658432
none: 4096

1745390889
/dev/nvme3n1p1: 1495767728128
none: 4096

1745390891
/dev/nvme3n1p1: 1495773282304
none: 4096

1745390893
/dev/nvme3n1p1: 1495795023872
none: 4096

1745390894
/dev/nvme3n1p1: 1495800504320
none: 4096

1745390896
/dev/nvme3n1p1: 1495805304832
none: 4096

1745390897
/dev/nvme3n1p1: 1495808446464
none: 4096

1745390899
/dev/nvme3n1p1: 1495821221888
none: 4096

1745390900
/dev/nvme3n1p1: 1495839346688
none: 4096

1745390901
/dev/nvme3n1p1: 1495852052480
none: 4096

1745390902
/dev/nvme3n1p1: 1495855267840
none: 4096

1745390903
/dev/nvme3n1p1: 1495856201728
none: 4096

1745390904
/dev/nvme3n1p1: 1495856857088
none: 4096

1745390905
/dev/nvme3n1p1: 1495857098752
none: 4096

1745390906
/dev/nvme3n1p1: 1495858663424
none: 4096

1745390907
/dev/nvme3n1p1: 1495860670464
none: 4096

1745390908
/dev/nvme3n1p1: 1495861989376
none: 4096

1745390909
/dev/nvme3n1p1: 1495863140352
none: 4096

1745390910
/dev/nvme3n1p1: 1495864934400
none: 4096

1745390911
/dev/nvme3n1p1: 1495866535936
none: 4096

1745390913
/dev/nvme3n1p1: 1495880806400
none: 4096

1745390914
/dev/nvme3n1p1: 1495884132352
none: 4096

1745390915
/dev/nvme3n1p1: 1495908540416
none: 4096

1745390916
/dev/nvme3n1p1: 1495927283712
none: 4096

1745390917
/dev/nvme3n1p1: 1495942701056
none: 4096

1745390918
/dev/nvme3n1p1: 1495944568832
none: 4096

1745390919
/dev/nvme3n1p1: 1495949578240
none: 4096

1745390920
/dev/nvme3n1p1: 1495950774272
none: 4096

1745390921
/dev/nvme3n1p1: 1495955644416
none: 4096

1745390923
/dev/nvme3n1p1: 1495960748032
none: 4096

1745390924
/dev/nvme3n1p1: 1495962988544
none: 4096

1745390925
/dev/nvme3n1p1: 1495966519296
none: 4096

1745390926
/dev/nvme3n1p1: 1495969861632
none: 4096

1745390927
/dev/nvme3n1p1: 1495976689664
none: 4096

1745390929
/dev/nvme3n1p1: 1495982129152
none: 4096

1745390930
/dev/nvme3n1p1: 1495988588544
none: 4096

1745390931
/dev/nvme3n1p1: 1495995441152
none: 4096

1745390932
/dev/nvme3n1p1: 1496003735552
none: 4096

1745390933
/dev/nvme3n1p1: 1496006991872
none: 4096

1745390934
/dev/nvme3n1p1: 1496010186752
none: 4096

1745390935
/dev/nvme3n1p1: 1496014876672
none: 4096

1745390936
/dev/nvme3n1p1: 1496016470016
none: 4096

1745390937
/dev/nvme3n1p1: 1496023142400
none: 4096

1745390938
/dev/nvme3n1p1: 1496026075136
none: 4096

1745390939
/dev/nvme3n1p1: 1496028692480
none: 4096

1745390940
/dev/nvme3n1p1: 1496032862208
none: 4096

1745390941
/dev/nvme3n1p1: 1496038121472
none: 4096

1745390942
/dev/nvme3n1p1: 1496040591360
none: 4096

1745390943
/dev/nvme3n1p1: 1496042049536
none: 4096

1745390944
/dev/nvme3n1p1: 1496045297664
none: 4096

1745390945
/dev/nvme3n1p1: 1496046440448
none: 4096

1745390947
/dev/nvme3n1p1: 1496050749440
none: 4096

1745390949
/dev/nvme3n1p1: 1496054013952
none: 4096

1745390951
/dev/nvme3n1p1: 1496057307136
none: 4096

1745390953
/dev/nvme3n1p1: 1496063602688
none: 4096

1745390954
/dev/nvme3n1p1: 1496067112960
none: 4096

1745390955
/dev/nvme3n1p1: 1496068780032
none: 4096

1745390956
/dev/nvme3n1p1: 1496070656000
none: 4096

1745390957
/dev/nvme3n1p1: 1496072491008
none: 4096

1745390958
/dev/nvme3n1p1: 1496075153408
none: 4096

1745390959
/dev/nvme3n1p1: 1496082718720
none: 4096

1745390961
/dev/nvme3n1p1: 1496085377024
none: 4096

1745390962
/dev/nvme3n1p1: 1496088227840
none: 4096

1745390963
/dev/nvme3n1p1: 1496090009600
none: 4096

1745390964
/dev/nvme3n1p1: 1496092499968
none: 4096

1745390965
/dev/nvme3n1p1: 1496096665600
none: 4096

1745390966
/dev/nvme3n1p1: 1496100511744
none: 4096

1745390967
/dev/nvme3n1p1: 1496104267776
none: 4096

1745390968
/dev/nvme3n1p1: 1496106131456
none: 4096

1745390969
/dev/nvme3n1p1: 1496106459136
none: 4096

1745390970
/dev/nvme3n1p1: 1496108363776
none: 4096

1745390971
/dev/nvme3n1p1: 1496108527616
none: 4096

1745390972
/dev/nvme3n1p1: 1496113205248
none: 4096

1745390973
/dev/nvme3n1p1: 1496118161408
none: 4096

1745390974
/dev/nvme3n1p1: 1496119001088
none: 4096

1745390975
/dev/nvme3n1p1: 1496120958976
none: 4096

1745390976
/dev/nvme3n1p1: 1496121663488
none: 4096

1745390977
/dev/nvme3n1p1: 1496122671104
none: 4096

1745390978
/dev/nvme3n1p1: 1496126296064
none: 4096

1745390979
/dev/nvme3n1p1: 1496129789952
none: 4096

1745390980
/dev/nvme3n1p1: 1496132616192
none: 4096

1745390981
/dev/nvme3n1p1: 1496135094272
none: 4096

1745390982
/dev/nvme3n1p1: 1496139280384
none: 4096

1745390983
/dev/nvme3n1p1: 1496143978496
none: 4096

1745390984
/dev/nvme3n1p1: 1496148054016
none: 4096

1745390985
/dev/nvme3n1p1: 1496151871488
none: 4096

1745390986
/dev/nvme3n1p1: 1496157274112
none: 4096

1745390987
/dev/nvme3n1p1: 1496166699008
none: 4096

1745390988
/dev/nvme3n1p1: 1496173379584
none: 4096

1745390989
/dev/nvme3n1p1: 1496177602560
none: 4096

1745390990
/dev/nvme3n1p1: 1496186163200
none: 4096

1745390991
/dev/nvme3n1p1: 1496192380928
none: 4096

1745390992
/dev/nvme3n1p1: 1496196562944
none: 4096

1745390993
/dev/nvme3n1p1: 1496199495680
none: 4096

1745390994
/dev/nvme3n1p1: 1496204095488
none: 4096

1745390995
/dev/nvme3n1p1: 1496210161664
none: 4096

1745390996
/dev/nvme3n1p1: 1496213770240
none: 4096

1745390997
/dev/nvme3n1p1: 1496219779072
none: 4096

1745390998
/dev/nvme3n1p1: 1496226189312
none: 4096

1745390999
/dev/nvme3n1p1: 1496230445056
none: 4096

1745391001
/dev/nvme3n1p1: 1496236924928
none: 4096

1745391002
/dev/nvme3n1p1: 1496242372608
none: 4096

1745391003
/dev/nvme3n1p1: 1496245907456
none: 4096

1745391004
/dev/nvme3n1p1: 1496250826752
none: 4096

1745391006
/dev/nvme3n1p1: 1496281894912
none: 4096

1745391007
/dev/nvme3n1p1: 1496300941312
none: 4096

1745391008
/dev/nvme3n1p1: 1496448299008
none: 4096

1745391009
/dev/nvme3n1p1: 1496542478336
none: 4096

1745391010
/dev/nvme3n1p1: 1496552554496
none: 4096

1745391011
/dev/nvme3n1p1: 1496556253184
none: 4096

1745391012
/dev/nvme3n1p1: 1496581431296
none: 4096

1745391014
/dev/nvme3n1p1: 1496590393344
none: 4096

1745391015
/dev/nvme3n1p1: 1496597401600
none: 4096

1745391017
/dev/nvme3n1p1: 1496604127232
none: 4096

1745391018
/dev/nvme3n1p1: 1496605294592
none: 4096

1745391019
/dev/nvme3n1p1: 1496605454336
none: 4096

1745391020
/dev/nvme3n1p1: 1496608788480
none: 4096

1745391021
/dev/nvme3n1p1: 1496611901440
none: 4096

1745391022
/dev/nvme3n1p1: 1496630349824
none: 4096

1745391023
/dev/nvme3n1p1: 1496633552896
none: 4096

1745391024
/dev/nvme3n1p1: 1496634462208
none: 4096

1745391025
/dev/nvme3n1p1: 1496636055552
none: 4096

1745391026
/dev/nvme3n1p1: 1496637210624
none: 4096

1745391027
/dev/nvme3n1p1: 1496639197184
none: 4096

1745391028
/dev/nvme3n1p1: 1496640798720
none: 4096

1745391029
/dev/nvme3n1p1: 1496643072000
none: 4096

1745391030
/dev/nvme3n1p1: 1496644771840
none: 4096

1745391031
/dev/nvme3n1p1: 1496647118848
none: 4096

1745391032
/dev/nvme3n1p1: 1496654086144
none: 4096

1745391033
/dev/nvme3n1p1: 1496661757952
none: 4096

1745391035
/dev/nvme3n1p1: 1496670629888
none: 4096

1745391036
/dev/nvme3n1p1: 1496674762752
none: 4096

1745391037
/dev/nvme3n1p1: 1496678408192
none: 4096

1745391039
/dev/nvme3n1p1: 1496685813760
none: 4096

1745391040
/dev/nvme3n1p1: 1496691265536
none: 4096

1745391042
/dev/nvme3n1p1: 1496706568192
none: 4096

1745391043
/dev/nvme3n1p1: 1496707710976
none: 4096

1745391044
/dev/nvme3n1p1: 1496708202496
none: 4096

1745391045
/dev/nvme3n1p1: 1496708653056
none: 4096

1745391046
/dev/nvme3n1p1: 1496724865024
none: 4096

1745391047
/dev/nvme3n1p1: 1496794656768
none: 4096

1745391048
/dev/nvme3n1p1: 1496898555904
none: 4096

1745391049
/dev/nvme3n1p1: 1496986247168
none: 4096

1745391050
/dev/nvme3n1p1: 1497011613696
none: 4096

1745391051
/dev/nvme3n1p1: 1497024565248
none: 4096

1745391052
/dev/nvme3n1p1: 1497048150016
none: 4096

1745391053
/dev/nvme3n1p1: 1497055014912
none: 4096

1745391055
/dev/nvme3n1p1: 1497083715584
none: 4096

1745391056
/dev/nvme3n1p1: 1497380126720
none: 4096

1745391057
/dev/nvme3n1p1: 1497387106304
none: 20480

1745391059
/dev/nvme3n1p1: 1497406570496
none: 4096

1745391060
/dev/nvme3n1p1: 1497412276224
none: 4096

1745391061
/dev/nvme3n1p1: 1497420701696
none: 4096

1745391063
/dev/nvme3n1p1: 1497433776128
none: 4096

1745391064
/dev/nvme3n1p1: 1497436786688
none: 4096

1745391065
/dev/nvme3n1p1: 1497437515776
none: 4096

1745391066
/dev/nvme3n1p1: 1497446268928
none: 4096

1745391067
/dev/nvme3n1p1: 1497453916160
none: 4096

1745391068
/dev/nvme3n1p1: 1497461088256
none: 4096

1745391070
/dev/nvme3n1p1: 1497465233408
none: 4096

1745391071
/dev/nvme3n1p1: 1497470017536
none: 4096

1745391072
/dev/nvme3n1p1: 1497472847872
none: 4096

1745391074
/dev/nvme3n1p1: 1497479708672
none: 4096

1745391076
/dev/nvme3n1p1: 1497486393344
none: 4096

1745391077
/dev/nvme3n1p1: 1497491103744
none: 4096

1745391079
/dev/nvme3n1p1: 1497390387200
none: 4096

1745391080
/dev/nvme3n1p1: 1497394151424
none: 4096

1745391081
/dev/nvme3n1p1: 1497411899392
none: 4096

1745391083
/dev/nvme3n1p1: 1497416732672
none: 4096

1745391084
/dev/nvme3n1p1: 1497419382784
none: 4096

1745391085
/dev/nvme3n1p1: 1497420775424
none: 4096

1745391086
/dev/nvme3n1p1: 1497422462976
none: 4096

1745391087
/dev/nvme3n1p1: 1497424080896
none: 4096

1745391088
/dev/nvme3n1p1: 1497426821120
none: 4096

1745391089
/dev/nvme3n1p1: 1497428533248
none: 4096

1745391090
/dev/nvme3n1p1: 1497428889600
none: 4096

1745391091
/dev/nvme3n1p1: 1497429401600
none: 4096

1745391092
/dev/nvme3n1p1: 1497433448448
none: 4096

1745391093
/dev/nvme3n1p1: 1497439379456
none: 4096

1745391094
/dev/nvme3n1p1: 1497443446784
none: 4096

1745391095
/dev/nvme3n1p1: 1497448574976
none: 4096

1745391096
/dev/nvme3n1p1: 1497452195840
none: 4096

1745391097
/dev/nvme3n1p1: 1497456926720
none: 4096

1745391098
/dev/nvme3n1p1: 1497466458112
none: 4096

1745391099
/dev/nvme3n1p1: 1497472212992
none: 4096

1745391100
/dev/nvme3n1p1: 1497476505600
none: 4096

1745391101
/dev/nvme3n1p1: 1497482092544
none: 4096

1745391102
/dev/nvme3n1p1: 1497483665408
none: 4096

1745391103
/dev/nvme3n1p1: 1497490665472
none: 4096

1745391104
/dev/nvme3n1p1: 1497493594112
none: 4096

1745391105
/dev/nvme3n1p1: 1497500262400
none: 4096

1745391106
/dev/nvme3n1p1: 1497507196928
none: 4096

1745391108
/dev/nvme3n1p1: 1495600308224
none: 4096

1745391109
/dev/nvme3n1p1: 1493301334016
none: 4096

1745391110
/dev/nvme3n1p1: 1491940315136
none: 4096

1745391111
/dev/nvme3n1p1: 1491783159808
none: 4096

1745391112
/dev/nvme3n1p1: 1491702910976
none: 4096

1745391113
/dev/nvme3n1p1: 1491452739584
none: 4096

1745391114
/dev/nvme3n1p1: 1491455447040
none: 4096

1745391115
/dev/nvme3n1p1: 1491460190208
none: 4096

1745391116
/dev/nvme3n1p1: 1491465474048
none: 4096

1745391117
/dev/nvme3n1p1: 1491470057472
none: 4096

1745391118
/dev/nvme3n1p1: 1491475271680
none: 4096

1745391119
/dev/nvme3n1p1: 1491476819968
none: 4096

1745391120
/dev/nvme3n1p1: 1491478568960
none: 4096

1745391121
/dev/nvme3n1p1: 1491481432064
none: 4096

1745391122
/dev/nvme3n1p1: 1491489054720
none: 4096

1745391123
/dev/nvme3n1p1: 1491491667968
none: 4096

1745391124
/dev/nvme3n1p1: 1491493150720
none: 4096

1745391125
/dev/nvme3n1p1: 1491495620608
none: 4096

1745391126
/dev/nvme3n1p1: 1491499712512
none: 4096

1745391127
/dev/nvme3n1p1: 1491502133248
none: 4096

1745391128
/dev/nvme3n1p1: 1491507044352
none: 4096

1745391129
/dev/nvme3n1p1: 1491512389632
none: 4096

1745391130
/dev/nvme3n1p1: 1491523723264
none: 4096

1745391131
/dev/nvme3n1p1: 1491527491584
none: 4096

1745391132
/dev/nvme3n1p1: 1491528040448
none: 4096

1745391133
/dev/nvme3n1p1: 1491529183232
none: 4096

1745391134
/dev/nvme3n1p1: 1491532541952
none: 4096

1745391135
/dev/nvme3n1p1: 1491533369344
none: 4096

1745391136
/dev/nvme3n1p1: 1491534684160
none: 4096

1745391137
/dev/nvme3n1p1: 1491536777216
none: 4096

1745391138
/dev/nvme3n1p1: 1491540221952
none: 4096

1745391140
/dev/nvme3n1p1: 1491545800704
none: 4096

1745391141
/dev/nvme3n1p1: 1491547545600
none: 4096

1745391142
/dev/nvme3n1p1: 1491550773248
none: 28672

1745391143
/dev/nvme3n1p1: 1491552210944
none: 28672

1745391144
/dev/nvme3n1p1: 1491555516416
none: 28672

1745391145
/dev/nvme3n1p1: 1491559743488
none: 28672

1745391146
/dev/nvme3n1p1: 1491579969536
none: 28672

1745391147
/dev/nvme3n1p1: 1491639185408
none: 28672

1745391148
/dev/nvme3n1p1: 1491640209408
none: 4096

1745391149
/dev/nvme3n1p1: 1491640426496
none: 4096

1745391150
/dev/nvme3n1p1: 1491641040896
none: 4096

1745391151
/dev/nvme3n1p1: 1491641950208
none: 4096

1745391152
/dev/nvme3n1p1: 1491642892288
none: 4096

1745391153
/dev/nvme3n1p1: 1491643932672
none: 4096

1745391154
/dev/nvme3n1p1: 1491647078400
none: 4096

1745391155
/dev/nvme3n1p1: 1491651137536
none: 4096

1745391156
/dev/nvme3n1p1: 1491653013504
none: 4096

1745391157
/dev/nvme3n1p1: 1491654553600
none: 4096

1745391158
/dev/nvme3n1p1: 1491655880704
none: 4096

1745391159
/dev/nvme3n1p1: 1491660296192
none: 4096

1745391160
/dev/nvme3n1p1: 1491660955648
none: 4096

1745391161
/dev/nvme3n1p1: 1491662680064
none: 4096

1745391162
/dev/nvme3n1p1: 1491663065088
none: 4096

1745391163
/dev/nvme3n1p1: 1491665547264
none: 4096

1745391164
/dev/nvme3n1p1: 1491668365312
none: 4096

1745391165
/dev/nvme3n1p1: 1491673149440
none: 4096

1745391166
/dev/nvme3n1p1: 1491681595392
none: 4096

1745391167
/dev/nvme3n1p1: 1491685068800
none: 4096

1745391168
/dev/nvme3n1p1: 1491686793216
none: 4096

1745391169
/dev/nvme3n1p1: 1491687862272
none: 4096

1745391170
/dev/nvme3n1p1: 1491690778624
none: 4096

1745391171
/dev/nvme3n1p1: 1491691851776
none: 4096

1745391173
/dev/nvme3n1p1: 1491698307072
none: 4096

1745391174
/dev/nvme3n1p1: 1491699937280
none: 4096

1745391175
/dev/nvme3n1p1: 1491702095872
none: 4096

1745391176
/dev/nvme3n1p1: 1491703832576
none: 4096

1745391177
/dev/nvme3n1p1: 1491705241600
none: 4096

1745391178
/dev/nvme3n1p1: 1491708637184
none: 4096

1745391179
/dev/nvme3n1p1: 1491714101248
none: 4096

1745391180
/dev/nvme3n1p1: 1491716628480
none: 4096

1745391181
/dev/nvme3n1p1: 1491719458816
none: 4096

1745391182
/dev/nvme3n1p1: 1491721310208
none: 4096

1745391184
/dev/nvme3n1p1: 1491732058112
none: 4096

1745391185
/dev/nvme3n1p1: 1491736694784
none: 4096

1745391186
/dev/nvme3n1p1: 1491741782016
none: 4096

1745391187
/dev/nvme3n1p1: 1491748196352
none: 4096

1745391188
/dev/nvme3n1p1: 1491749543936
none: 4096

1745391189
/dev/nvme3n1p1: 1491751186432
none: 4096

1745391190
/dev/nvme3n1p1: 1491751460864
none: 4096

1745391191
/dev/nvme3n1p1: 1491755511808
none: 4096

1745391192
/dev/nvme3n1p1: 1491763036160
none: 4096

1745391193
/dev/nvme3n1p1: 1491775385600
none: 4096

1745391194
/dev/nvme3n1p1: 1491778760704
none: 4096

1745391195
/dev/nvme3n1p1: 1491790630912
none: 53248

1745391196
/dev/nvme3n1p1: 1491792318464
none: 53248

1745391197
/dev/nvme3n1p1: 1491815100416
none: 53248

1745391199
/dev/nvme3n1p1: 1491834507264
none: 4096

1745391200
/dev/nvme3n1p1: 1491841183744
none: 4096

1745391201
/dev/nvme3n1p1: 1491847675904
none: 4096

1745391202
/dev/nvme3n1p1: 1491850797056
none: 4096

1745391203
/dev/nvme3n1p1: 1491851694080
none: 4096

1745391204
/dev/nvme3n1p1: 1491852099584
none: 4096

1745391205
/dev/nvme3n1p1: 1491852312576
none: 4096

1745391206
/dev/nvme3n1p1: 1491852283904
none: 4096

1745391207
/dev/nvme3n1p1: 1491852705792
none: 4096

1745391208
/dev/nvme3n1p1: 1491853910016
none: 4096

1745391209
/dev/nvme3n1p1: 1491856941056
none: 4096

1745391211
/dev/nvme3n1p1: 1491860488192
none: 4096

1745391212
/dev/nvme3n1p1: 1491865530368
none: 4096

1745391213
/dev/nvme3n1p1: 1491872411648
none: 4096

1745391215
/dev/nvme3n1p1: 1491884740608
none: 4096

1745391216
/dev/nvme3n1p1: 1491888943104
none: 4096

1745391217
/dev/nvme3n1p1: 1491892060160
none: 4096

1745391219
/dev/nvme3n1p1: 1491902586880
none: 4096

1745391220
/dev/nvme3n1p1: 1491911823360
none: 4096

1745391221
/dev/nvme3n1p1: 1491914772480
none: 4096

1745391222
/dev/nvme3n1p1: 1491915329536
none: 4096

1745391223
/dev/nvme3n1p1: 1491916578816
none: 4096

1745391224
/dev/nvme3n1p1: 1491919110144
none: 4096

1745391225
/dev/nvme3n1p1: 1491919835136
none: 4096

1745391226
/dev/nvme3n1p1: 1491920633856
none: 4096

1745391227
/dev/nvme3n1p1: 1491920691200
none: 4096

1745391228
/dev/nvme3n1p1: 1491921391616
none: 4096

1745391229
/dev/nvme3n1p1: 1491922653184
none: 4096

1745391230
/dev/nvme3n1p1: 1491923116032
none: 4096

1745391231
/dev/nvme3n1p1: 1491924000768
none: 4096

1745391232
/dev/nvme3n1p1: 1491925647360
none: 4096

1745391233
/dev/nvme3n1p1: 1491927719936
none: 4096

1745391234
/dev/nvme3n1p1: 1491931160576
none: 4096

1745391235
/dev/nvme3n1p1: 1491936272384
none: 4096

1745391236
/dev/nvme3n1p1: 1491939426304
none: 4096

1745391237
/dev/nvme3n1p1: 1491940216832
none: 4096

1745391238
/dev/nvme3n1p1: 1491941392384
none: 4096

1745391240
/dev/nvme3n1p1: 1491945979904
none: 4096

1745391241
/dev/nvme3n1p1: 1491947839488
none: 4096

1745391242
/dev/nvme3n1p1: 1491951071232
none: 4096

1745391243
/dev/nvme3n1p1: 1491955097600
none: 4096

1745391245
/dev/nvme3n1p1: 1491964080128
none: 4096

1745391246
/dev/nvme3n1p1: 1491964338176
none: 4096

1745391247
/dev/nvme3n1p1: 1491965263872
none: 4096

1745391248
/dev/nvme3n1p1: 1491968270336
none: 4096

1745391249
/dev/nvme3n1p1: 1491969134592
none: 4096

1745391250
/dev/nvme3n1p1: 1491970990080
none: 4096

1745391251
/dev/nvme3n1p1: 1491971952640
none: 4096

1745391252
/dev/nvme3n1p1: 1491982356480
none: 4096

1745391253
/dev/nvme3n1p1: 1491983974400
none: 4096

1745391254
/dev/nvme3n1p1: 1491986960384
none: 4096

1745391255
/dev/nvme3n1p1: 1491987972096
none: 4096

1745391256
/dev/nvme3n1p1: 1491988410368
none: 4096

1745391257
/dev/nvme3n1p1: 1491989778432
none: 4096

1745391259
/dev/nvme3n1p1: 1491992514560
none: 4096

1745391260
/dev/nvme3n1p1: 1491995885568
none: 4096

1745391261
/dev/nvme3n1p1: 1492000481280
none: 4096

1745391262
/dev/nvme3n1p1: 1492003360768
none: 4096

1745391263
/dev/nvme3n1p1: 1492005355520
none: 4096

1745391264
/dev/nvme3n1p1: 1492007919616
none: 4096

1745391265
/dev/nvme3n1p1: 1492010754048
none: 4096

1745391266
/dev/nvme3n1p1: 1492012797952
none: 4096

1745391267
/dev/nvme3n1p1: 1492015403008
none: 4096

1745391268
/dev/nvme3n1p1: 1492017328128
none: 4096

1745391270
/dev/nvme3n1p1: 1492021944320
none: 4096

1745391271
/dev/nvme3n1p1: 1492023193600
none: 4096

1745391272
/dev/nvme3n1p1: 1492024336384
none: 4096

1745391273
/dev/nvme3n1p1: 1492024991744
none: 4096

1745391274
/dev/nvme3n1p1: 1492025090048
none: 4096

1745391275
/dev/nvme3n1p1: 1492025180160
none: 4096

1745391276
/dev/nvme3n1p1: 1492026195968
none: 4096

1745391277
/dev/nvme3n1p1: 1492026511360
none: 4096

1745391278
/dev/nvme3n1p1: 1492026732544
none: 4096

1745391279
/dev/nvme3n1p1: 1492027867136
none: 4096

1745391280
/dev/nvme3n1p1: 1492029509632
none: 4096

1745391281
/dev/nvme3n1p1: 1492031922176
none: 4096

1745391282
/dev/nvme3n1p1: 1492038193152
none: 4096

1745391283
/dev/nvme3n1p1: 1492043284480
none: 4096

1745391285
/dev/nvme3n1p1: 1492059815936
none: 4096

1745391286
/dev/nvme3n1p1: 1492067418112
none: 4096

1745391287
/dev/nvme3n1p1: 1492075900928
none: 4096

1745391289
/dev/nvme3n1p1: 1492087095296
none: 4096

1745391290
/dev/nvme3n1p1: 1492090728448
none: 4096

1745391291
/dev/nvme3n1p1: 1492095422464
none: 4096

1745391292
/dev/nvme3n1p1: 1492100960256
none: 4096

1745391293
/dev/nvme3n1p1: 1492108283904
none: 4096

1745391294
/dev/nvme3n1p1: 1492116348928
none: 4096

1745391295
/dev/nvme3n1p1: 1492126150656
none: 4096

1745391296
/dev/nvme3n1p1: 1492132495360
none: 4096

1745391297
/dev/nvme3n1p1: 1492137795584
none: 4096

1745391298
/dev/nvme3n1p1: 1492142219264
none: 4096

1745391299
/dev/nvme3n1p1: 1492145225728
none: 4096

1745391300
/dev/nvme3n1p1: 1492148576256
none: 4096

1745391301
/dev/nvme3n1p1: 1492152606720
none: 4096

1745391302
/dev/nvme3n1p1: 1492158251008
none: 4096

1745391303
/dev/nvme3n1p1: 1492166000640
none: 4096

1745391304
/dev/nvme3n1p1: 1492175761408
none: 4096

1745391305
/dev/nvme3n1p1: 1492179476480
none: 4096

1745391306
/dev/nvme3n1p1: 1492182253568
none: 4096

1745391307
/dev/nvme3n1p1: 1492182446080
none: 4096

1745391308
/dev/nvme3n1p1: 1492182867968
none: 4096

1745391309
/dev/nvme3n1p1: 1492183400448
none: 4096

1745391310
/dev/nvme3n1p1: 1492187430912
none: 4096

1745391311
/dev/nvme3n1p1: 1492189364224
none: 4096

1745391312
/dev/nvme3n1p1: 1492195651584
none: 4096

1745391313
/dev/nvme3n1p1: 1492198580224
none: 4096

1745391315
/dev/nvme3n1p1: 1492203585536
none: 4096

1745391316
/dev/nvme3n1p1: 1492205785088
none: 4096

1745391317
/dev/nvme3n1p1: 1492207591424
none: 4096

1745391319
/dev/nvme3n1p1: 1492215918592
none: 4096

1745391320
/dev/nvme3n1p1: 1492219408384
none: 4096

1745391321
/dev/nvme3n1p1: 1492219445248
none: 4096

1745391322
/dev/nvme3n1p1: 1492219478016
none: 4096

1745391323
/dev/nvme3n1p1: 1492220628992
none: 4096

1745391324
/dev/nvme3n1p1: 1492223049728
none: 4096

1745391325
/dev/nvme3n1p1: 1492227317760
none: 4096

1745391326
/dev/nvme3n1p1: 1492231905280
none: 4096

1745391327
/dev/nvme3n1p1: 1492240744448
none: 4096

1745391329
/dev/nvme3n1p1: 1492251910144
none: 4096

1745391330
/dev/nvme3n1p1: 1492256587776
none: 4096

1745391331
/dev/nvme3n1p1: 1492258172928
none: 4096

1745391332
/dev/nvme3n1p1: 1492259069952
none: 4096

1745391333
/dev/nvme3n1p1: 1492259074048
none: 4096

1745391334
/dev/nvme3n1p1: 1492259233792
none: 4096

1745391335
/dev/nvme3n1p1: 1492259233792
none: 4096

1745391336
/dev/nvme3n1p1: 1492260175872
none: 4096

1745391337
/dev/nvme3n1p1: 1492260978688
none: 4096

1745391338
/dev/nvme3n1p1: 1492264583168
none: 4096

1745391339
/dev/nvme3n1p1: 1492265947136
none: 4096

1745391340
/dev/nvme3n1p1: 1492266684416
none: 4096

1745391341
/dev/nvme3n1p1: 1492267560960
none: 4096

1745391342
/dev/nvme3n1p1: 1492268384256
none: 4096

1745391343
/dev/nvme3n1p1: 1492269641728
none: 4096

1745391344
/dev/nvme3n1p1: 1492270407680
none: 4096

1745391345
/dev/nvme3n1p1: 1492271374336
none: 4096

1745391346
/dev/nvme3n1p1: 1492271927296
none: 4096

1745391347
/dev/nvme3n1p1: 1492272521216
none: 4096

1745391348
/dev/nvme3n1p1: 1492273332224
none: 4096

1745391349
/dev/nvme3n1p1: 1492273926144
none: 4096

1745391350
/dev/nvme3n1p1: 1492274061312
none: 4096

1745391351
/dev/nvme3n1p1: 1492274204672
none: 4096

1745391352
/dev/nvme3n1p1: 1492274810880
none: 4096

1745391353
/dev/nvme3n1p1: 1492276641792
none: 4096

1745391354
/dev/nvme3n1p1: 1492276756480
none: 4096

1745391355
/dev/nvme3n1p1: 1492277026816
none: 4096

1745391356
/dev/nvme3n1p1: 1492276899840
none: 4096

1745391357
/dev/nvme3n1p1: 1492277870592
none: 4096

1745391358
/dev/nvme3n1p1: 1492278145024
none: 4096

1745391359
/dev/nvme3n1p1: 1492278333440
none: 4096

1745391360
/dev/nvme3n1p1: 1492279058432
none: 4096

1745391361
/dev/nvme3n1p1: 1492279848960
none: 4096

1745391362
/dev/nvme3n1p1: 1492280090624
none: 4096

1745391363
/dev/nvme3n1p1: 1492280549376
none: 4096

1745391364
/dev/nvme3n1p1: 1492282265600
none: 4096

1745391365
/dev/nvme3n1p1: 1492283699200
none: 4096

1745391367
/dev/nvme3n1p1: 1492286296064
none: 4096

1745391368
/dev/nvme3n1p1: 1492285956096
none: 4096

1745391369
/dev/nvme3n1p1: 1492286009344
none: 4096

1745391370
/dev/nvme3n1p1: 1492286623744
none: 4096

1745391371
/dev/nvme3n1p1: 1492287139840
none: 4096

1745391372
/dev/nvme3n1p1: 1492287139840
none: 4096

1745391373
/dev/nvme3n1p1: 1492287381504
none: 4096

1745391374
/dev/nvme3n1p1: 1492287381504
none: 4096

1745391375
/dev/nvme3n1p1: 1492287385600
none: 4096

1745391377
/dev/nvme3n1p1: 1492289548288
none: 4096

1745391378
/dev/nvme3n1p1: 1492289396736
none: 4096

1745391379
/dev/nvme3n1p1: 1492289617920
none: 4096

1745391380
/dev/nvme3n1p1: 1492289675264
none: 4096

1745391381
/dev/nvme3n1p1: 1492289941504
none: 4096

1745391382
/dev/nvme3n1p1: 1492291203072
none: 4096

1745391383
/dev/nvme3n1p1: 1492293443584
none: 4096

1745391384
/dev/nvme3n1p1: 1492294815744
none: 4096

1745391385
/dev/nvme3n1p1: 1492295581696
none: 4096

1745391386
/dev/nvme3n1p1: 1492295884800
none: 4096

1745391387
/dev/nvme3n1p1: 1492297146368
none: 4096

1745391388
/dev/nvme3n1p1: 1492301676544
none: 4096

1745391389
/dev/nvme3n1p1: 1492302254080
none: 4096

1745391390
/dev/nvme3n1p1: 1492302757888
none: 4096

1745391391
/dev/nvme3n1p1: 1492303896576
none: 4096

1745391392
/dev/nvme3n1p1: 1492304396288
none: 4096

1745391393
/dev/nvme3n1p1: 1492304797696
none: 4096

1745391394
/dev/nvme3n1p1: 1492306464768
none: 4096

1745391395
/dev/nvme3n1p1: 1492306919424
none: 4096

1745391396
/dev/nvme3n1p1: 1492308271104
none: 4096

1745391397
/dev/nvme3n1p1: 1492308066304
none: 4096

1745391398
/dev/nvme3n1p1: 1492310212608
none: 4096

1745391399
/dev/nvme3n1p1: 1492313100288
none: 4096

1745391400
/dev/nvme3n1p1: 1492314578944
none: 4096

1745391401
/dev/nvme3n1p1: 1492314578944
none: 4096

1745391403
/dev/nvme3n1p1: 1492316004352
none: 4096

1745391404
/dev/nvme3n1p1: 1492316692480
none: 4096

1745391405
/dev/nvme3n1p1: 1492317089792
none: 4096

1745391406
/dev/nvme3n1p1: 1492318654464
none: 4096

1745391407
/dev/nvme3n1p1: 1492318806016
none: 4096

1745391408
/dev/nvme3n1p1: 1492319404032
none: 4096

1745391409
/dev/nvme3n1p1: 1492320256000
none: 4096

1745391410
/dev/nvme3n1p1: 1492320952320
none: 4096

1745391411
/dev/nvme3n1p1: 1492321443840
none: 4096

1745391412
/dev/nvme3n1p1: 1492325429248
none: 4096

1745391413
/dev/nvme3n1p1: 1492330786816
none: 4096

1745391414
/dev/nvme3n1p1: 1492331651072
none: 4096

1745391415
/dev/nvme3n1p1: 1492334481408
none: 4096

1745391416
/dev/nvme3n1p1: 1492336041984
none: 4096

1745391417
/dev/nvme3n1p1: 1492336193536
none: 4096

1745391418
/dev/nvme3n1p1: 1492338065408
none: 4096

1745391419
/dev/nvme3n1p1: 1492338536448
none: 4096

1745391420
/dev/nvme3n1p1: 1492339789824
none: 4096

1745391421
/dev/nvme3n1p1: 1492340428800
none: 4096

1745391422
/dev/nvme3n1p1: 1492341157888
none: 4096

1745391423
/dev/nvme3n1p1: 1492342349824
none: 4096

1745391424
/dev/nvme3n1p1: 1492343603200
none: 4096

1745391425
/dev/nvme3n1p1: 1492345282560
none: 4096

1745391426
/dev/nvme3n1p1: 1492346884096
none: 4096

1745391427
/dev/nvme3n1p1: 1492350017536
none: 4096

1745391428
/dev/nvme3n1p1: 1492351279104
none: 4096

1745391429
/dev/nvme3n1p1: 1492353650688
none: 4096

1745391430
/dev/nvme3n1p1: 1492356612096
none: 4096

1745391431
/dev/nvme3n1p1: 1492356612096
none: 4096

1745391433
/dev/nvme3n1p1: 1492358979584
none: 4096

1745391434
/dev/nvme3n1p1: 1492359639040
none: 4096

1745391435
/dev/nvme3n1p1: 1492360724480
none: 4096

1745391436
/dev/nvme3n1p1: 1492361814016
none: 4096

1745391437
/dev/nvme3n1p1: 1492363640832
none: 4096

1745391438
/dev/nvme3n1p1: 1492364206080
none: 4096

1745391439
/dev/nvme3n1p1: 1492364886016
none: 4096

1745391440
/dev/nvme3n1p1: 1492365303808
none: 4096

1745391441
/dev/nvme3n1p1: 1492365373440
none: 4096

1745391442
/dev/nvme3n1p1: 1492367007744
none: 4096

1745391443
/dev/nvme3n1p1: 1492372148224
none: 4096

1745391444
/dev/nvme3n1p1: 1492372803584
none: 4096

1745391445
/dev/nvme3n1p1: 1492372643840
none: 4096

1745391446
/dev/nvme3n1p1: 1492374962176
none: 4096

1745391447
/dev/nvme3n1p1: 1492376358912
none: 4096

1745391448
/dev/nvme3n1p1: 1492380651520
none: 4096

1745391449
/dev/nvme3n1p1: 1492383088640
none: 4096

1745391450
/dev/nvme3n1p1: 1492385718272
none: 4096

1745391451
/dev/nvme3n1p1: 1492386951168
none: 4096

1745391452
/dev/nvme3n1p1: 1492387516416
none: 4096

1745391453
/dev/nvme3n1p1: 1492388667392
none: 4096

1745391454
/dev/nvme3n1p1: 1492388724736
none: 4096

1745391455
/dev/nvme3n1p1: 1492388724736
none: 4096

1745391456
/dev/nvme3n1p1: 1492389904384
none: 4096

1745391457
/dev/nvme3n1p1: 1492390051840
none: 4096

1745391458
/dev/nvme3n1p1: 1492390055936
none: 4096

1745391459
/dev/nvme3n1p1: 1492390621184
none: 4096

1745391460
/dev/nvme3n1p1: 1492391002112
none: 4096

1745391461
/dev/nvme3n1p1: 1492391960576
none: 4096

1745391462
/dev/nvme3n1p1: 1492392103936
none: 4096

1745391463
/dev/nvme3n1p1: 1492395364352
none: 4096

1745391464
/dev/nvme3n1p1: 1492395479040
none: 4096

1745391465
/dev/nvme3n1p1: 1492397404160
none: 4096

1745391466
/dev/nvme3n1p1: 1492398608384
none: 4096

1745391467
/dev/nvme3n1p1: 1492401733632
none: 4096

1745391469
/dev/nvme3n1p1: 1492407398400
none: 4096

1745391470
/dev/nvme3n1p1: 1492410163200
none: 4096

1745391471
/dev/nvme3n1p1: 1492412928000
none: 4096

1745391473
/dev/nvme3n1p1: 1492414517248
none: 4096

1745391474
/dev/nvme3n1p1: 1492417343488
none: 4096

1745391475
/dev/nvme3n1p1: 1492419960832
none: 4096

1745391476
/dev/nvme3n1p1: 1492420276224
none: 4096

1745391477
/dev/nvme3n1p1: 1492420280320
none: 4096

1745391478
/dev/nvme3n1p1: 1492420562944
none: 4096

1745391479
/dev/nvme3n1p1: 1492421996544
none: 4096

1745391480
/dev/nvme3n1p1: 1492421996544
none: 4096

1745391481
/dev/nvme3n1p1: 1492422533120
none: 4096

1745391482
/dev/nvme3n1p1: 1492423467008
none: 4096

1745391483
/dev/nvme3n1p1: 1492424339456
none: 4096

1745391484
/dev/nvme3n1p1: 1492424830976
none: 4096

1745391485
/dev/nvme3n1p1: 1492425535488
none: 4096

1745391486
/dev/nvme3n1p1: 1492426874880
none: 4096

1745391487
/dev/nvme3n1p1: 1492427739136
none: 4096

1745391488
/dev/nvme3n1p1: 1492427776000
none: 4096

1745391489
/dev/nvme3n1p1: 1492428632064
none: 4096

1745391490
/dev/nvme3n1p1: 1492429975552
none: 4096

1745391491
/dev/nvme3n1p1: 1492430635008
none: 4096

1745391492
/dev/nvme3n1p1: 1492431429632
none: 4096

1745391494
/dev/nvme3n1p1: 1492434288640
none: 4096

1745391495
/dev/nvme3n1p1: 1492435562496
none: 4096

1745391496
/dev/nvme3n1p1: 1492437082112
none: 4096

1745391497
/dev/nvme3n1p1: 1492445507584
none: 4096

1745391499
/dev/nvme3n1p1: 1492451418112
none: 4096

1745391500
/dev/nvme3n1p1: 1492454219776
none: 4096

1745391502
/dev/nvme3n1p1: 1492470018048
none: 4096

1745391503
/dev/nvme3n1p1: 1492471885824
none: 4096

1745391504
/dev/nvme3n1p1: 1492473704448
none: 4096

1745391505
/dev/nvme3n1p1: 1492473880576
none: 4096

1745391506
/dev/nvme3n1p1: 1492474777600
none: 4096

1745391507
/dev/nvme3n1p1: 1492474904576
none: 4096

1745391508
/dev/nvme3n1p1: 1492476485632
none: 4096

1745391509
/dev/nvme3n1p1: 1492483444736
none: 4096

1745391511
/dev/nvme3n1p1: 1492487086080
none: 4096

1745391512
/dev/nvme3n1p1: 1492492460032
none: 4096

1745391514
/dev/nvme3n1p1: 1492500389888
none: 4096

1745391515
/dev/nvme3n1p1: 1492501708800
none: 4096

1745391516
/dev/nvme3n1p1: 1492503949312
none: 4096

1745391517
/dev/nvme3n1p1: 1492508762112
none: 4096

1745391518
/dev/nvme3n1p1: 1492510740480
none: 4096

1745391519
/dev/nvme3n1p1: 1492512813056
none: 4096

1745391520
/dev/nvme3n1p1: 1492515631104
none: 4096

1745391521
/dev/nvme3n1p1: 1492535681024
none: 4096

1745391522
/dev/nvme3n1p1: 1492540424192
none: 4096

1745391523
/dev/nvme3n1p1: 1492559605760
none: 4096

1745391524
/dev/nvme3n1p1: 1492574380032
none: 4096

1745391525
/dev/nvme3n1p1: 1492584558592
none: 4096

1745391526
/dev/nvme3n1p1: 1492588339200
none: 4096

1745391527
/dev/nvme3n1p1: 1492590379008
none: 4096

1745391528
/dev/nvme3n1p1: 1492591509504
none: 4096

1745391529
/dev/nvme3n1p1: 1492593577984
none: 4096

1745391530
/dev/nvme3n1p1: 1492594712576
none: 4096

1745391531
/dev/nvme3n1p1: 1492596936704
none: 4096

1745391532
/dev/nvme3n1p1: 1492598689792
none: 4096

1745391533
/dev/nvme3n1p1: 1492602007552
none: 4096

1745391534
/dev/nvme3n1p1: 1492603691008
none: 4096

1745391535
/dev/nvme3n1p1: 1492605304832
none: 4096

1745391536
/dev/nvme3n1p1: 1492607012864
none: 4096

1745391537
/dev/nvme3n1p1: 1492612546560
none: 4096

1745391538
/dev/nvme3n1p1: 1492613304320
none: 4096

1745391539
/dev/nvme3n1p1: 1492613996544
none: 4096

1745391540
/dev/nvme3n1p1: 1492615622656
none: 4096

1745391542
/dev/nvme3n1p1: 1492617170944
none: 4096

1745391543
/dev/nvme3n1p1: 1492618629120
none: 4096

1745391544
/dev/nvme3n1p1: 1492619317248
none: 4096

1745391545
/dev/nvme3n1p1: 1492620869632
none: 4096

1745391546
/dev/nvme3n1p1: 1492622479360
none: 4096

1745391548
/dev/nvme3n1p1: 1492624453632
none: 4096

1745391549
/dev/nvme3n1p1: 1492627054592
none: 4096

1745391550
/dev/nvme3n1p1: 1492627648512
none: 4096

1745391551
/dev/nvme3n1p1: 1492628688896
none: 4096

1745391552
/dev/nvme3n1p1: 1492635934720
none: 4096

1745391553
/dev/nvme3n1p1: 1492638629888
none: 4096

1745391554
/dev/nvme3n1p1: 1492639223808
none: 4096

1745391555
/dev/nvme3n1p1: 1492640243712
none: 4096

1745391556
/dev/nvme3n1p1: 1492646965248
none: 4096

1745391557
/dev/nvme3n1p1: 1492651884544
none: 4096

1745391558
/dev/nvme3n1p1: 1492653060096
none: 4096

1745391559
/dev/nvme3n1p1: 1492654456832
none: 4096

1745391560
/dev/nvme3n1p1: 1492656001024
none: 4096

1745391561
/dev/nvme3n1p1: 1492659449856
none: 4096

1745391562
/dev/nvme3n1p1: 1492662349824
none: 4096

1745391564
/dev/nvme3n1p1: 1492666073088
none: 4096

1745391565
/dev/nvme3n1p1: 1492669317120
none: 4096

1745391566
/dev/nvme3n1p1: 1492670664704
none: 4096

1745391567
/dev/nvme3n1p1: 1492672548864
none: 4096

1745391568
/dev/nvme3n1p1: 1492674584576
none: 4096

1745391570
/dev/nvme3n1p1: 1492677033984
none: 4096

1745391571
/dev/nvme3n1p1: 1492679335936
none: 4096

1745391572
/dev/nvme3n1p1: 1492679716864
none: 4096

1745391573
/dev/nvme3n1p1: 1492680617984
none: 4096

1745391574
/dev/nvme3n1p1: 1492681986048
none: 4096

1745391575
/dev/nvme3n1p1: 1492684959744
none: 4096

1745391576
/dev/nvme3n1p1: 1492685889536
none: 4096

1745391578
/dev/nvme3n1p1: 1492686708736
none: 4096

1745391579
/dev/nvme3n1p1: 1492686766080
none: 4096

1745391580
/dev/nvme3n1p1: 1492687941632
none: 4096

1745391581
/dev/nvme3n1p1: 1492688556032
none: 4096

1745391582
/dev/nvme3n1p1: 1492690386944
none: 4096

1745391583
/dev/nvme3n1p1: 1492691181568
none: 4096

1745391584
/dev/nvme3n1p1: 1492691447808
none: 4096

1745391585
/dev/nvme3n1p1: 1492692074496
none: 4096

1745391586
/dev/nvme3n1p1: 1492692426752
none: 4096

1745391587
/dev/nvme3n1p1: 1492692545536
none: 4096

1745391588
/dev/nvme3n1p1: 1492692930560
none: 4096

1745391589
/dev/nvme3n1p1: 1492694188032
none: 4096

1745391590
/dev/nvme3n1p1: 1492694110208
none: 4096

1745391591
/dev/nvme3n1p1: 1492695474176
none: 4096

1745391592
/dev/nvme3n1p1: 1492696698880
none: 4096

1745391593
/dev/nvme3n1p1: 1492696698880
none: 4096

1745391594
/dev/nvme3n1p1: 1492697870336
none: 4096

1745391595
/dev/nvme3n1p1: 1492698193920
none: 4096

1745391596
/dev/nvme3n1p1: 1492699308032
none: 4096

1745391597
/dev/nvme3n1p1: 1492700200960
none: 4096

1745391598
/dev/nvme3n1p1: 1492701425664
none: 4096

1745391600
/dev/nvme3n1p1: 1492703739904
none: 4096

1745391601
/dev/nvme3n1p1: 1492704112640
none: 4096

1745391602
/dev/nvme3n1p1: 1492706263040
none: 4096

1745391603
/dev/nvme3n1p1: 1492706922496
none: 4096

1745391604
/dev/nvme3n1p1: 1492707598336
none: 4096

1745391605
/dev/nvme3n1p1: 1492708929536
none: 4096

1745391606
/dev/nvme3n1p1: 1492710084608
none: 4096

1745391608
/dev/nvme3n1p1: 1492711297024
none: 4096

1745391609
/dev/nvme3n1p1: 1492712005632
none: 4096

1745391610
/dev/nvme3n1p1: 1492713156608
none: 4096

1745391611
/dev/nvme3n1p1: 1492714962944
none: 4096

1745391612
/dev/nvme3n1p1: 1492715728896
none: 4096

1745391613
/dev/nvme3n1p1: 1492716257280
none: 4096

1745391614
/dev/nvme3n1p1: 1492717891584
none: 4096

1745391616
/dev/nvme3n1p1: 1492721328128
none: 4096

1745391617
/dev/nvme3n1p1: 1492724109312
none: 4096

1745391619
/dev/nvme3n1p1: 1492734181376
none: 4096

1745391621
/dev/nvme3n1p1: 1492743933952
none: 4096

1745391622
/dev/nvme3n1p1: 1492747386880
none: 4096

1745391623
/dev/nvme3n1p1: 1492749832192
none: 4096

1745391624
/dev/nvme3n1p1: 1492751077376
none: 4096

1745391625
/dev/nvme3n1p1: 1492752850944
none: 4096

1745391626
/dev/nvme3n1p1: 1492754747392
none: 4096

1745391627
/dev/nvme3n1p1: 1492755783680
none: 4096

1745391628
/dev/nvme3n1p1: 1492756000768
none: 4096

1745391629
/dev/nvme3n1p1: 1492757512192
none: 4096

1745391630
/dev/nvme3n1p1: 1492758499328
none: 4096

1745391631
/dev/nvme3n1p1: 1492761505792
none: 4096

1745391633
/dev/nvme3n1p1: 1492772814848
none: 4096

1745391634
/dev/nvme3n1p1: 1492775071744
none: 4096

1745391635
/dev/nvme3n1p1: 1492779139072
none: 4096

1745391636
/dev/nvme3n1p1: 1492784484352
none: 4096

1745391637
/dev/nvme3n1p1: 1492792573952
none: 4096

1745391638
/dev/nvme3n1p1: 1492798771200
none: 4096

1745391639
/dev/nvme3n1p1: 1492799819776
none: 4096

1745391641
/dev/nvme3n1p1: 1492804124672
none: 4096

1745391642
/dev/nvme3n1p1: 1492806582272
none: 4096

1745391644
/dev/nvme3n1p1: 1492812152832
none: 4096

1745391645
/dev/nvme3n1p1: 1492816855040
none: 4096

1745391646
/dev/nvme3n1p1: 1492820459520
none: 4096

1745391647
/dev/nvme3n1p1: 1492826468352
none: 4096

1745391648
/dev/nvme3n1p1: 1492830244864
none: 4096

1745391649
/dev/nvme3n1p1: 1492832686080
none: 4096

1745391650
/dev/nvme3n1p1: 1492837232640
none: 4096

1745391651
/dev/nvme3n1p1: 1492840759296
none: 4096

1745391652
/dev/nvme3n1p1: 1492841934848
none: 4096

1745391653
/dev/nvme3n1p1: 1492846559232
none: 4096

1745391654
/dev/nvme3n1p1: 1492848508928
none: 4096

1745391655
/dev/nvme3n1p1: 1492853014528
none: 4096

1745391656
/dev/nvme3n1p1: 1492854587392
none: 4096

1745391657
/dev/nvme3n1p1: 1492857675776
none: 4096

1745391658
/dev/nvme3n1p1: 1492859830272
none: 4096

1745391659
/dev/nvme3n1p1: 1492862562304
none: 4096

1745391660
/dev/nvme3n1p1: 1492868526080
none: 4096

1745391661
/dev/nvme3n1p1: 1492871290880
none: 4096

1745391662
/dev/nvme3n1p1: 1492874014720
none: 4096

1745391663
/dev/nvme3n1p1: 1492881842176
none: 4096

1745391664
/dev/nvme3n1p1: 1492887314432
none: 4096

1745391665
/dev/nvme3n1p1: 1492890832896
none: 4096

1745391666
/dev/nvme3n1p1: 1492896759808
none: 4096

1745391667
/dev/nvme3n1p1: 1492900421632
none: 4096

1745391668
/dev/nvme3n1p1: 1492902653952
none: 4096

1745391669
/dev/nvme3n1p1: 1492907565056
none: 4096

1745391670
/dev/nvme3n1p1: 1492909236224
none: 4096

1745391672
/dev/nvme3n1p1: 1492914200576
none: 4096

1745391673
/dev/nvme3n1p1: 1492917833728
none: 4096

1745391674
/dev/nvme3n1p1: 1492921597952
none: 4096

1745391675
/dev/nvme3n1p1: 1492924116992
none: 4096

1745391677
/dev/nvme3n1p1: 1492929847296
none: 4096

1745391678
/dev/nvme3n1p1: 1492930871296
none: 4096

1745391679
/dev/nvme3n1p1: 1492932304896
none: 4096

1745391680
/dev/nvme3n1p1: 1492935704576
none: 4096

1745391681
/dev/nvme3n1p1: 1492942901248
none: 4096

1745391682
/dev/nvme3n1p1: 1492948684800
none: 4096

1745391683
/dev/nvme3n1p1: 1492957036544
none: 4096

1745391684
/dev/nvme3n1p1: 1492957691904
none: 4096

1745391685
/dev/nvme3n1p1: 1492959363072
none: 4096

1745391686
/dev/nvme3n1p1: 1492962701312
none: 4096

1745391688
/dev/nvme3n1p1: 1492970450944
none: 4096

1745391690
/dev/nvme3n1p1: 1492980137984
none: 4096

1745391691
/dev/nvme3n1p1: 1492985495552
none: 4096

1745391692
/dev/nvme3n1p1: 1492990791680
none: 4096

1745391693
/dev/nvme3n1p1: 1492992229376
none: 4096

1745391694
/dev/nvme3n1p1: 1492992425984
none: 4096

1745391696
/dev/nvme3n1p1: 1492999794688
none: 4096

1745391697
/dev/nvme3n1p1: 1493002686464
none: 4096

1745391698
/dev/nvme3n1p1: 1493006344192
none: 4096

1745391699
/dev/nvme3n1p1: 1493009735680
none: 4096

1745391700
/dev/nvme3n1p1: 1493017214976
none: 4096

1745391701
/dev/nvme3n1p1: 1493030903808
none: 4096

1745391702
/dev/nvme3n1p1: 1493042843648
none: 4096

1745391703
/dev/nvme3n1p1: 1493054251008
none: 4096

1745391704
/dev/nvme3n1p1: 1493062672384
none: 4096

1745391705
/dev/nvme3n1p1: 1493072494592
none: 4096

1745391706
/dev/nvme3n1p1: 1493074358272
none: 4096

1745391707
/dev/nvme3n1p1: 1493087891456
none: 4096

1745391709
/dev/nvme3n1p1: 1493107703808
none: 4096

1745391710
/dev/nvme3n1p1: 1493133897728
none: 4096

1745391711
/dev/nvme3n1p1: 1493163724800
none: 4096

1745391712
/dev/nvme3n1p1: 1493169541120
none: 4096

1745391713
/dev/nvme3n1p1: 1493171830784
none: 4096

1745391714
/dev/nvme3n1p1: 1493172895744
none: 4096

1745391715
/dev/nvme3n1p1: 1493174632448
none: 4096

1745391716
/dev/nvme3n1p1: 1493181177856
none: 4096

1745391717
/dev/nvme3n1p1: 1493186281472
none: 4096

1745391718
/dev/nvme3n1p1: 1493190860800
none: 4096

1745391719
/dev/nvme3n1p1: 1493193736192
none: 4096

1745391720
/dev/nvme3n1p1: 1493196169216
none: 4096

1745391721
/dev/nvme3n1p1: 1493198094336
none: 4096

1745391723
/dev/nvme3n1p1: 1493204553728
none: 4096

1745391724
/dev/nvme3n1p1: 1493208190976
none: 4096

1745391725
/dev/nvme3n1p1: 1493212647424
none: 4096

1745391726
/dev/nvme3n1p1: 1493214396416
none: 4096

1745391727
/dev/nvme3n1p1: 1493217595392
none: 4096

1745391728
/dev/nvme3n1p1: 1493222449152
none: 4096

1745391729
/dev/nvme3n1p1: 1493226803200
none: 4096

1745391730
/dev/nvme3n1p1: 1493232304128
none: 4096

1745391731
/dev/nvme3n1p1: 1493235322880
none: 4096

1745391732
/dev/nvme3n1p1: 1493244006400
none: 4096

1745391733
/dev/nvme3n1p1: 1493249175552
none: 4096

1745391734
/dev/nvme3n1p1: 1493254098944
none: 4096

1745391735
/dev/nvme3n1p1: 1493258825728
none: 4096

1745391736
/dev/nvme3n1p1: 1493258907648
none: 4096

1745391738
/dev/nvme3n1p1: 1493261131776
none: 4096

1745391740
/dev/nvme3n1p1: 1493266735104
none: 4096

1745391741
/dev/nvme3n1p1: 1493271666688
none: 4096

1745391742
/dev/nvme3n1p1: 1493275086848
none: 4096

1745391743
/dev/nvme3n1p1: 1493275475968
none: 4096

1745391744
/dev/nvme3n1p1: 1493275488256
none: 4096

1745391745
/dev/nvme3n1p1: 1493276274688
none: 4096

1745391746
/dev/nvme3n1p1: 1493276274688
none: 4096

1745391747
/dev/nvme3n1p1: 1493277290496
none: 4096

1745391748
/dev/nvme3n1p1: 1493278695424
none: 4096

1745391749
/dev/nvme3n1p1: 1493278900224
none: 4096

1745391750
/dev/nvme3n1p1: 1493280608256
none: 4096

1745391751
/dev/nvme3n1p1: 1493281800192
none: 4096

1745391752
/dev/nvme3n1p1: 1493282492416
none: 4096

1745391753
/dev/nvme3n1p1: 1493283164160
none: 4096

1745391755
/dev/nvme3n1p1: 1493284888576
none: 4096

1745391756
/dev/nvme3n1p1: 1493286465536
none: 4096

1745391757
/dev/nvme3n1p1: 1493287821312
none: 4096

1745391758
/dev/nvme3n1p1: 1493290717184
none: 4096

1745391759
/dev/nvme3n1p1: 1493290778624
none: 4096

1745391760
/dev/nvme3n1p1: 1493293989888
none: 4096

1745391761
/dev/nvme3n1p1: 1493295935488
none: 4096

1745391762
/dev/nvme3n1p1: 1493297385472
none: 4096

1745391763
/dev/nvme3n1p1: 1493305688064
none: 4096

1745391764
/dev/nvme3n1p1: 1493312057344
none: 4096

1745391765
/dev/nvme3n1p1: 1493318074368
none: 4096

1745391766
/dev/nvme3n1p1: 1493323304960
none: 4096

1745391767
/dev/nvme3n1p1: 1493328257024
none: 4096

1745391768
/dev/nvme3n1p1: 1493333385216
none: 4096

1745391769
/dev/nvme3n1p1: 1493337686016
none: 4096

1745391770
/dev/nvme3n1p1: 1493343019008
none: 4096

1745391771
/dev/nvme3n1p1: 1493343186944
none: 4096

1745391772
/dev/nvme3n1p1: 1493343866880
none: 4096

1745391773
/dev/nvme3n1p1: 1493344088064
none: 4096

1745391774
/dev/nvme3n1p1: 1493345288192
none: 4096

1745391775
/dev/nvme3n1p1: 1493346607104
none: 4096

1745391777
/dev/nvme3n1p1: 1493349060608
none: 4096

1745391778
/dev/nvme3n1p1: 1493351043072
none: 4096

1745391780
/dev/nvme3n1p1: 1493360422912
none: 4096

1745391781
/dev/nvme3n1p1: 1493363752960
none: 4096

1745391782
/dev/nvme3n1p1: 1493368246272
none: 4096

1745391783
/dev/nvme3n1p1: 1493374427136
none: 4096

1745391784
/dev/nvme3n1p1: 1493377503232
none: 4096

1745391785
/dev/nvme3n1p1: 1493377806336
none: 4096

1745391786
/dev/nvme3n1p1: 1493379559424
none: 4096

1745391787
/dev/nvme3n1p1: 1493382045696
none: 4096

1745391788
/dev/nvme3n1p1: 1493383491584
none: 4096

1745391789
/dev/nvme3n1p1: 1493383634944
none: 4096

1745391790
/dev/nvme3n1p1: 1493386043392
none: 4096

1745391791
/dev/nvme3n1p1: 1493387653120
none: 4096

1745391792
/dev/nvme3n1p1: 1493393956864
none: 4096

1745391793
/dev/nvme3n1p1: 1493395410944
none: 4096

1745391794
/dev/nvme3n1p1: 1493398683648
none: 4096

1745391796
/dev/nvme3n1p1: 1493406150656
none: 4096

1745391797
/dev/nvme3n1p1: 1493409251328
none: 4096

1745391798
/dev/nvme3n1p1: 1493411409920
none: 4096

1745391799
/dev/nvme3n1p1: 1493417009152
none: 4096

1745391800
/dev/nvme3n1p1: 1493417418752
none: 4096

1745391801
/dev/nvme3n1p1: 1493417668608
none: 4096

1745391802
/dev/nvme3n1p1: 1493420081152
none: 4096

1745391803
/dev/nvme3n1p1: 1493420695552
none: 4096

1745391804
/dev/nvme3n1p1: 1493424525312
none: 4096

1745391805
/dev/nvme3n1p1: 1493426675712
none: 4096

1745391806
/dev/nvme3n1p1: 1493428793344
none: 4096

1745391808
/dev/nvme3n1p1: 1493431513088
none: 4096

1745391809
/dev/nvme3n1p1: 1493433798656
none: 4096

1745391810
/dev/nvme3n1p1: 1493437165568
none: 4096

1745391811
/dev/nvme3n1p1: 1493438771200
none: 4096

1745391812
/dev/nvme3n1p1: 1493447036928
none: 4096

1745391814
/dev/nvme3n1p1: 1493452505088
none: 4096

1745391815
/dev/nvme3n1p1: 1493455712256
none: 4096

1745391816
/dev/nvme3n1p1: 1493456023552
none: 4096

1745391817
/dev/nvme3n1p1: 1493456412672
none: 4096

1745391818
/dev/nvme3n1p1: 1493458763776
none: 4096

1745391819
/dev/nvme3n1p1: 1493459701760
none: 4096

1745391820
/dev/nvme3n1p1: 1493460951040
none: 4096

1745391822
/dev/nvme3n1p1: 1493464600576
none: 4096

1745391823
/dev/nvme3n1p1: 1493466603520
none: 4096

1745391824
/dev/nvme3n1p1: 1493468119040
none: 4096

1745391826
/dev/nvme3n1p1: 1493477425152
none: 4096

1745391827
/dev/nvme3n1p1: 1493479559168
none: 4096

1745391828
/dev/nvme3n1p1: 1493481447424
none: 4096

1745391829
/dev/nvme3n1p1: 1493482684416
none: 4096

1745391830
/dev/nvme3n1p1: 1493485670400
none: 4096

1745391831
/dev/nvme3n1p1: 1493487362048
none: 4096

1745391833
/dev/nvme3n1p1: 1493491097600
none: 4096

1745391834
/dev/nvme3n1p1: 1493493420032
none: 4096

1745391835
/dev/nvme3n1p1: 1493498245120
none: 4096

1745391836
/dev/nvme3n1p1: 1493502169088
none: 4096

1745391837
/dev/nvme3n1p1: 1493504602112
none: 4096

1745391838
/dev/nvme3n1p1: 1493511311360
none: 4096

1745391839
/dev/nvme3n1p1: 1493517864960
none: 4096

1745391840
/dev/nvme3n1p1: 1493520187392
none: 4096

1745391841
/dev/nvme3n1p1: 1493520113664
none: 4096

1745391842
/dev/nvme3n1p1: 1493520613376
none: 4096

1745391843
/dev/nvme3n1p1: 1493520949248
none: 4096

1745391844
/dev/nvme3n1p1: 1493522006016
none: 4096

1745391845
/dev/nvme3n1p1: 1493522702336
none: 4096

1745391846
/dev/nvme3n1p1: 1493522718720
none: 4096

1745391847
/dev/nvme3n1p1: 1493523525632
none: 4096

1745391848
/dev/nvme3n1p1: 1493523550208
none: 4096

1745391849
/dev/nvme3n1p1: 1493524774912
none: 4096

1745391850
/dev/nvme3n1p1: 1493524987904
none: 4096

1745391851
/dev/nvme3n1p1: 1493525188608
none: 4096

1745391852
/dev/nvme3n1p1: 1493527810048
none: 4096

1745391853
/dev/nvme3n1p1: 1493531787264
none: 4096

1745391854
/dev/nvme3n1p1: 1493533802496
none: 4096

1745391855
/dev/nvme3n1p1: 1493551677440
none: 4096

1745391856
/dev/nvme3n1p1: 1493592068096
none: 4096

1745391857
/dev/nvme3n1p1: 1493648375808
none: 4096

1745391858
/dev/nvme3n1p1: 1493717024768
none: 4096

1745391859
/dev/nvme3n1p1: 1493739065344
none: 4096

1745391860
/dev/nvme3n1p1: 1493739483136
none: 4096

1745391861
/dev/nvme3n1p1: 1493834096640
none: 4096

1745391862
/dev/nvme3n1p1: 1493837893632
none: 4096

1745391863
/dev/nvme3n1p1: 1493837893632
none: 4096

1745391864
/dev/nvme3n1p1: 1493838602240
none: 4096

1745391865
/dev/nvme3n1p1: 1493839540224
none: 4096

1745391866
/dev/nvme3n1p1: 1493840277504
none: 4096

1745391867
/dev/nvme3n1p1: 1493840494592
none: 4096

1745391868
/dev/nvme3n1p1: 1493841551360
none: 4096

1745391869
/dev/nvme3n1p1: 1493841883136
none: 4096

1745391870
/dev/nvme3n1p1: 1493841670144
none: 4096

1745391871
/dev/nvme3n1p1: 1493841891328
none: 4096

1745391872
/dev/nvme3n1p1: 1493842350080
none: 4096

1745391873
/dev/nvme3n1p1: 1493842616320
none: 4096

1745391874
/dev/nvme3n1p1: 1493844156416
none: 4096

1745391875
/dev/nvme3n1p1: 1493846740992
none: 4096

1745391876
/dev/nvme3n1p1: 1493847441408
none: 4096

1745391877
/dev/nvme3n1p1: 1493851045888
none: 4096

1745391879
/dev/nvme3n1p1: 1493852020736
none: 4096

1745391880
/dev/nvme3n1p1: 1493852585984
none: 4096

1745391881
/dev/nvme3n1p1: 1493855514624
none: 4096

1745391882
/dev/nvme3n1p1: 1493858152448
none: 4096

1745391883
/dev/nvme3n1p1: 1493862899712
none: 4096

1745391884
/dev/nvme3n1p1: 1493865000960
none: 4096

1745391885
/dev/nvme3n1p1: 1493868269568
none: 4096

1745391886
/dev/nvme3n1p1: 1493869355008
none: 4096

1745391887
/dev/nvme3n1p1: 1493870329856
none: 4096

1745391888
/dev/nvme3n1p1: 1493870567424
none: 4096

1745391889
/dev/nvme3n1p1: 1493871058944
none: 4096

1745391890
/dev/nvme3n1p1: 1493871718400
none: 4096

1745391891
/dev/nvme3n1p1: 1493871644672
none: 4096

1745391892
/dev/nvme3n1p1: 1493872738304
none: 4096

1745391893
/dev/nvme3n1p1: 1493873336320
none: 4096

1745391894
/dev/nvme3n1p1: 1493874601984
none: 4096

1745391895
/dev/nvme3n1p1: 1493875195904
none: 4096

1745391896
/dev/nvme3n1p1: 1493877407744
none: 4096

1745391897
/dev/nvme3n1p1: 1493878509568
none: 4096

1745391898
/dev/nvme3n1p1: 1493881376768
none: 4096

1745391899
/dev/nvme3n1p1: 1493882560512
none: 4096

1745391900
/dev/nvme3n1p1: 1493887668224
none: 4096

1745391901
/dev/nvme3n1p1: 1493892231168
none: 4096

1745391902
/dev/nvme3n1p1: 1493895573504
none: 4096

1745391903
/dev/nvme3n1p1: 1493896724480
none: 4096

1745391904
/dev/nvme3n1p1: 1493900939264
none: 4096

1745391905
/dev/nvme3n1p1: 1493901074432
none: 4096

1745391906
/dev/nvme3n1p1: 1493902643200
none: 4096

1745391907
/dev/nvme3n1p1: 1493902598144
none: 4096

1745391908
/dev/nvme3n1p1: 1493902598144
none: 4096

1745391909
/dev/nvme3n1p1: 1493903384576
none: 4096

1745391910
/dev/nvme3n1p1: 1493903462400
none: 4096

1745391911
/dev/nvme3n1p1: 1493904711680
none: 4096

1745391912
/dev/nvme3n1p1: 1493905559552
none: 4096

1745391913
/dev/nvme3n1p1: 1493906055168
none: 4096

1745391914
/dev/nvme3n1p1: 1493906305024
none: 4096

1745391915
/dev/nvme3n1p1: 1493906493440
none: 4096

1745391916
/dev/nvme3n1p1: 1493907554304
none: 4096

1745391917
/dev/nvme3n1p1: 1493908176896
none: 4096

1745391918
/dev/nvme3n1p1: 1493909221376
none: 4096

1745391919
/dev/nvme3n1p1: 1493910351872
none: 4096

1745391920
/dev/nvme3n1p1: 1493910953984
none: 4096

1745391921
/dev/nvme3n1p1: 1493912723456
none: 4096

1745391922
/dev/nvme3n1p1: 1493914189824
none: 4096

1745391924
/dev/nvme3n1p1: 1493927436288
none: 4096

1745391925
/dev/nvme3n1p1: 1493930782720
none: 4096

1745391926
/dev/nvme3n1p1: 1493936009216
none: 4096

1745391927
/dev/nvme3n1p1: 1493938307072
none: 4096

1745391928
/dev/nvme3n1p1: 1493942374400
none: 4096

1745391929
/dev/nvme3n1p1: 1493946290176
none: 4096

1745391930
/dev/nvme3n1p1: 1493953863680
none: 4096

1745391931
/dev/nvme3n1p1: 1493956911104
none: 4096

1745391932
/dev/nvme3n1p1: 1493960740864
none: 4096

1745391933
/dev/nvme3n1p1: 1493962395648
none: 4096

1745391934
/dev/nvme3n1p1: 1493964111872
none: 4096

1745391935
/dev/nvme3n1p1: 1493964144640
none: 4096

1745391936
/dev/nvme3n1p1: 1493965152256
none: 4096

1745391937
/dev/nvme3n1p1: 1493965180928
none: 4096

1745391938
/dev/nvme3n1p1: 1493968551936
none: 4096

1745391939
/dev/nvme3n1p1: 1493968830464
none: 4096

1745391940
/dev/nvme3n1p1: 1493969051648
none: 4096

1745391941
/dev/nvme3n1p1: 1493969375232
none: 4096

1745391942
/dev/nvme3n1p1: 1493970309120
none: 4096

1745391943
/dev/nvme3n1p1: 1493971169280
none: 4096

1745391944
/dev/nvme3n1p1: 1493972062208
none: 4096

1745391945
/dev/nvme3n1p1: 1493973958656
none: 4096

1745391946
/dev/nvme3n1p1: 1493974794240
none: 4096

1745391947
/dev/nvme3n1p1: 1493976350720
none: 4096

1745391948
/dev/nvme3n1p1: 1493980622848
none: 4096

1745391949
/dev/nvme3n1p1: 1493980844032
none: 4096

1745391950
/dev/nvme3n1p1: 1493981749248
none: 4096

1745391952
/dev/nvme3n1p1: 1493983326208
none: 4096

1745391953
/dev/nvme3n1p1: 1493984133120
none: 4096

1745391954
/dev/nvme3n1p1: 1493986336768
none: 4096

1745391956
/dev/nvme3n1p1: 1493987364864
none: 4096

1745391957
/dev/nvme3n1p1: 1493987512320
none: 4096

1745391958
/dev/nvme3n1p1: 1493987516416
none: 4096

1745391960
/dev/nvme3n1p1: 1493988495360
none: 4096

1745391961
/dev/nvme3n1p1: 1493990858752
none: 4096

1745391962
/dev/nvme3n1p1: 1493994209280
none: 4096

1745391963
/dev/nvme3n1p1: 1493997953024
none: 4096

1745391964
/dev/nvme3n1p1: 1494002049024
none: 4096

1745391965
/dev/nvme3n1p1: 1494003372032
none: 4096

1745391966
/dev/nvme3n1p1: 1494004920320
none: 4096

1745391967
/dev/nvme3n1p1: 1494006255616
none: 4096

1745391968
/dev/nvme3n1p1: 1494011236352
none: 4096

1745391969
/dev/nvme3n1p1: 1494014246912
none: 4096

1745391970
/dev/nvme3n1p1: 1494015598592
none: 4096

1745391971
/dev/nvme3n1p1: 1494015963136
none: 4096

1745391972
/dev/nvme3n1p1: 1494016339968
none: 4096

1745391973
/dev/nvme3n1p1: 1494017536000
none: 4096

1745391974
/dev/nvme3n1p1: 1494018052096
none: 4096

1745391975
/dev/nvme3n1p1: 1494019391488
none: 4096

1745391976
/dev/nvme3n1p1: 1494020419584
none: 4096

1745391977
/dev/nvme3n1p1: 1494023622656
none: 4096

1745391978
/dev/nvme3n1p1: 1494053634048
none: 4096

1745391979
/dev/nvme3n1p1: 1494084509696
none: 4096

1745391980
/dev/nvme3n1p1: 1494085500928
none: 4096

1745391981
/dev/nvme3n1p1: 1494086336512
none: 4096

1745391982
/dev/nvme3n1p1: 1494088593408
none: 4096

1745391984
/dev/nvme3n1p1: 1494091714560
none: 4096

1745391985
/dev/nvme3n1p1: 1494093385728
none: 4096

1745391986
/dev/nvme3n1p1: 1494094680064
none: 4096

1745391988
/dev/nvme3n1p1: 1494101676032
none: 4096

1745391989
/dev/nvme3n1p1: 1494102106112
none: 4096

1745391990
/dev/nvme3n1p1: 1494103257088
none: 4096

1745391991
/dev/nvme3n1p1: 1494108286976
none: 4096

1745391992
/dev/nvme3n1p1: 1494110982144
none: 4096

1745391993
/dev/nvme3n1p1: 1494112772096
none: 4096

1745391994
/dev/nvme3n1p1: 1494117396480
none: 4096

1745391995
/dev/nvme3n1p1: 1494121840640
none: 4096

1745391996
/dev/nvme3n1p1: 1494128541696
none: 4096

1745391997
/dev/nvme3n1p1: 1494136115200
none: 4096

1745391998
/dev/nvme3n1p1: 1494147584000
none: 4096

1745391999
/dev/nvme3n1p1: 1494155161600
none: 4096

1745392000
/dev/nvme3n1p1: 1494161522688
none: 4096

1745392001
/dev/nvme3n1p1: 1494165295104
none: 4096

1745392002
/dev/nvme3n1p1: 1494164975616
none: 4096

1745392003
/dev/nvme3n1p1: 1494170095616
none: 4096

1745392004
/dev/nvme3n1p1: 1494175215616
none: 4096

1745392005
/dev/nvme3n1p1: 1494176141312
none: 4096

1745392006
/dev/nvme3n1p1: 1494180892672
none: 4096

1745392007
/dev/nvme3n1p1: 1494182334464
none: 4096

1745392008
/dev/nvme3n1p1: 1494186397696
none: 4096

1745392009
/dev/nvme3n1p1: 1494188613632
none: 4096

1745392010
/dev/nvme3n1p1: 1494195048448
none: 4096

1745392011
/dev/nvme3n1p1: 1494197567488
none: 4096

1745392012
/dev/nvme3n1p1: 1494201044992
none: 4096

1745392013
/dev/nvme3n1p1: 1494208667648
none: 4096

1745392014
/dev/nvme3n1p1: 1494213906432
none: 4096

1745392015
/dev/nvme3n1p1: 1494218395648
none: 4096

1745392016
/dev/nvme3n1p1: 1494224359424
none: 4096

1745392017
/dev/nvme3n1p1: 1494227378176
none: 4096

1745392018
/dev/nvme3n1p1: 1494231298048
none: 4096

1745392019
/dev/nvme3n1p1: 1494231441408
none: 4096

1745392020
/dev/nvme3n1p1: 1494234898432
none: 4096

1745392021
/dev/nvme3n1p1: 1494240706560
none: 4096

1745392022
/dev/nvme3n1p1: 1494244499456
none: 4096

1745392023
/dev/nvme3n1p1: 1494247976960
none: 4096

1745392024
/dev/nvme3n1p1: 1494264639488
none: 4096

1745392025
/dev/nvme3n1p1: 1494269911040
none: 4096

1745392026
/dev/nvme3n1p1: 1494271508480
none: 4096

1745392027
/dev/nvme3n1p1: 1494271815680
none: 4096

1745392028
/dev/nvme3n1p1: 1494274342912
none: 4096

1745392029
/dev/nvme3n1p1: 1494280114176
none: 4096

1745392030
/dev/nvme3n1p1: 1494285352960
none: 4096

1745392031
/dev/nvme3n1p1: 1494285430784
none: 4096

1745392032
/dev/nvme3n1p1: 1494285430784
none: 4096

1745392033
/dev/nvme3n1p1: 1494285455360
none: 4096

1745392034
/dev/nvme3n1p1: 1494289342464
none: 4096

1745392035
/dev/nvme3n1p1: 1494307401728
none: 4096

1745392036
/dev/nvme3n1p1: 1494312095744
none: 4096

1745392037
/dev/nvme3n1p1: 1494312300544
none: 4096

1745392038
/dev/nvme3n1p1: 1494317731840
none: 4096

1745392039
/dev/nvme3n1p1: 1494322733056
none: 4096

1745392040
/dev/nvme3n1p1: 1494329520128
none: 4096

1745392041
/dev/nvme3n1p1: 1494335279104
none: 4096

1745392042
/dev/nvme3n1p1: 1494345543680
none: 4096

1745392043
/dev/nvme3n1p1: 1494357626880
none: 4096

1745392044
/dev/nvme3n1p1: 1494371356672
none: 4096

1745392045
/dev/nvme3n1p1: 1494377799680
none: 4096

1745392046
/dev/nvme3n1p1: 1494388862976
none: 4096

1745392047
/dev/nvme3n1p1: 1494401650688
none: 4096

1745392048
/dev/nvme3n1p1: 1494409400320
none: 4096

1745392049
/dev/nvme3n1p1: 1494416769024
none: 4096

1745392050
/dev/nvme3n1p1: 1494427389952
none: 4096

1745392051
/dev/nvme3n1p1: 1494435672064
none: 4096

1745392052
/dev/nvme3n1p1: 1494442606592
none: 4096

1745392054
/dev/nvme3n1p1: 1494458908672
none: 4096

1745392055
/dev/nvme3n1p1: 1494468046848
none: 4096

1745392056
/dev/nvme3n1p1: 1494484639744
none: 4096

1745392057
/dev/nvme3n1p1: 1494490578944
none: 4096

1745392058
/dev/nvme3n1p1: 1494500339712
none: 4096

1745392059
/dev/nvme3n1p1: 1494504599552
none: 4096

1745392060
/dev/nvme3n1p1: 1494509318144
none: 4096

1745392061
/dev/nvme3n1p1: 1494529490944
none: 4096

1745392062
/dev/nvme3n1p1: 1494569218048
none: 4096

1745392063
/dev/nvme3n1p1: 1494647234560
none: 4096

1745392064
/dev/nvme3n1p1: 1494690496512
none: 4096

1745392065
/dev/nvme3n1p1: 1494702505984
none: 4096

1745392066
/dev/nvme3n1p1: 1494713184256
none: 4096

1745392067
/dev/nvme3n1p1: 1494810226688
none: 4096

1745392068
/dev/nvme3n1p1: 1494825807872
none: 4096

1745392069
/dev/nvme3n1p1: 1494829367296
none: 4096

1745392070
/dev/nvme3n1p1: 1494829948928
none: 4096

1745392071
/dev/nvme3n1p1: 1494830645248
none: 4096

1745392072
/dev/nvme3n1p1: 1494831403008
none: 4096

1745392073
/dev/nvme3n1p1: 1494840627200
none: 4096

1745392074
/dev/nvme3n1p1: 1494848847872
none: 2191360

1745392075
/dev/nvme3n1p1: 1494850101248
none: 2191360

1745392077
/dev/nvme3n1p1: 1494857261056
none: 2191360

1745392078
/dev/nvme3n1p1: 1494864048128
none: 2191360

1745392079
/dev/nvme3n1p1: 1494865334272
none: 2191360

1745392080
/dev/nvme3n1p1: 1494874128384
none: 2191360

1745392081
/dev/nvme3n1p1: 1494876733440
none: 2191360

1745392082
/dev/nvme3n1p1: 1494883766272
none: 2191360

1745392083
/dev/nvme3n1p1: 1494887600128
none: 2191360

1745392084
/dev/nvme3n1p1: 1494895939584
none: 2191360

1745392085
/dev/nvme3n1p1: 1494901641216
none: 2191360

1745392086
/dev/nvme3n1p1: 1494906310656
none: 2191360

1745392087
/dev/nvme3n1p1: 1494912618496
none: 2191360

1745392088
/dev/nvme3n1p1: 1494927757312
none: 2191360

1745392089
/dev/nvme3n1p1: 1494932246528
none: 2191360

1745392090
/dev/nvme3n1p1: 1494939099136
none: 2191360

1745392091
/dev/nvme3n1p1: 1494945841152
none: 2191360

1745392092
/dev/nvme3n1p1: 1494950350848
none: 2191360

1745392093
/dev/nvme3n1p1: 1494954635264
none: 2191360

1745392094
/dev/nvme3n1p1: 1494961242112
none: 2191360

1745392095
/dev/nvme3n1p1: 1494966190080
none: 2191360

1745392096
/dev/nvme3n1p1: 1494968041472
none: 2191360

1745392097
/dev/nvme3n1p1: 1494978994176
none: 2191360

1745392098
/dev/nvme3n1p1: 1494987837440
none: 2191360

1745392099
/dev/nvme3n1p1: 1494989340672
none: 2191360

1745392100
/dev/nvme3n1p1: 1494991572992
none: 2191360

1745392101
/dev/nvme3n1p1: 1494997344256
none: 2191360

1745392102
/dev/nvme3n1p1: 1495001456640
none: 2191360

1745392103
/dev/nvme3n1p1: 1495003684864
none: 2191360

1745392104
/dev/nvme3n1p1: 1495005925376
none: 2191360

1745392105
/dev/nvme3n1p1: 1495008595968
none: 2191360

1745392106
/dev/nvme3n1p1: 1495011094528
none: 2191360

1745392108
/dev/nvme3n1p1: 1495015063552
none: 2191360

1745392110
/dev/nvme3n1p1: 1495048413184
none: 2191360

1745392111
/dev/nvme3n1p1: 1495392837632
none: 2191360

1745392112
/dev/nvme3n1p1: 1495476068352
none: 2191360

1745392113
/dev/nvme3n1p1: 1495560814592
none: 2191360

1745392114
/dev/nvme3n1p1: 1495637950464
none: 2191360

1745392115
/dev/nvme3n1p1: 1495706951680
none: 2191360

1745392117
/dev/nvme3n1p1: 1495827783680
none: 2191360

1745392118
/dev/nvme3n1p1: 1495876231168
none: 2191360

1745392119
/dev/nvme3n1p1: 1495901954048
none: 2191360

1745392120
/dev/nvme3n1p1: 1495955570688
none: 2191360

1745392122
/dev/nvme3n1p1: 1495975436288
none: 4096

1745392123
/dev/nvme3n1p1: 1495978987520
none: 4096

1745392124
/dev/nvme3n1p1: 1495982948352
none: 4096

1745392125
/dev/nvme3n1p1: 1496017870848
none: 4096

1745392126
/dev/nvme3n1p1: 1496108134400
none: 4096

1745392127
/dev/nvme3n1p1: 1496164732928
none: 4096

1745392128
/dev/nvme3n1p1: 1496245620736
none: 4096

1745392129
/dev/nvme3n1p1: 1496366657536
none: 4096

1745392130
/dev/nvme3n1p1: 1496369700864
none: 4096

1745392131
/dev/nvme3n1p1: 1496372895744
none: 4096

1745392132
/dev/nvme3n1p1: 1496388382720
none: 4096

1745392133
/dev/nvme3n1p1: 1496391127040
none: 4096

1745392134
/dev/nvme3n1p1: 1496393330688
none: 4096

1745392135
/dev/nvme3n1p1: 1496395309056
none: 4096

1745392136
/dev/nvme3n1p1: 1496398381056
none: 4096

1745392137
/dev/nvme3n1p1: 1496399654912
none: 4096

1745392138
/dev/nvme3n1p1: 1496401768448
none: 4096

1745392140
/dev/nvme3n1p1: 1496404615168
none: 4096

1745392141
/dev/nvme3n1p1: 1496406425600
none: 4096

1745392142
/dev/nvme3n1p1: 1496417955840
none: 4096

1745392143
/dev/nvme3n1p1: 1496425439232
none: 4096

1745392144
/dev/nvme3n1p1: 1496434675712
none: 4096

1745392145
/dev/nvme3n1p1: 1496442339328
none: 4096

1745392146
/dev/nvme3n1p1: 1496445554688
none: 4096

1745392147
/dev/nvme3n1p1: 1496448942080
none: 4096

1745392148
/dev/nvme3n1p1: 1496458018816
none: 4096

1745392149
/dev/nvme3n1p1: 1496460472320
none: 4096

1745392150
/dev/nvme3n1p1: 1496462364672
none: 4096

1745392151
/dev/nvme3n1p1: 1496464699392
none: 4096

1745392152
/dev/nvme3n1p1: 1496466427904
none: 4096

1745392153
/dev/nvme3n1p1: 1496468967424
none: 4096

1745392154
/dev/nvme3n1p1: 1496471273472
none: 4096

1745392155
/dev/nvme3n1p1: 1496474099712
none: 4096

1745392157
/dev/nvme3n1p1: 1496483897344
none: 4096

1745392158
/dev/nvme3n1p1: 1496486789120
none: 4096

1745392159
/dev/nvme3n1p1: 1496487612416
none: 4096

1745392160
/dev/nvme3n1p1: 1496491892736
none: 4096

1745392161
/dev/nvme3n1p1: 1496497803264
none: 4096

1745392162
/dev/nvme3n1p1: 1496502833152
none: 4096

1745392163
/dev/nvme3n1p1: 1496507269120
none: 4096

1745392164
/dev/nvme3n1p1: 1496510238720
none: 4096

1745392165
/dev/nvme3n1p1: 1496516382720
none: 4096

1745392166
/dev/nvme3n1p1: 1496530440192
none: 4096

1745392167
/dev/nvme3n1p1: 1496537714688
none: 4096

1745392168
/dev/nvme3n1p1: 1496540659712
none: 4096

1745392169
/dev/nvme3n1p1: 1496547352576
none: 4096

1745392170
/dev/nvme3n1p1: 1496552218624
none: 4096

1745392171
/dev/nvme3n1p1: 1496556580864
none: 4096

1745392172
/dev/nvme3n1p1: 1496559124480
none: 4096

1745392173
/dev/nvme3n1p1: 1496563982336
none: 4096

1745392174
/dev/nvme3n1p1: 1496569929728
none: 4096

1745392175
/dev/nvme3n1p1: 1496577490944
none: 4096

1745392176
/dev/nvme3n1p1: 1496591314944
none: 4096

1745392177
/dev/nvme3n1p1: 1496598511616
none: 4096

1745392178
/dev/nvme3n1p1: 1496601706496
none: 4096

1745392179
/dev/nvme3n1p1: 1496606789632
none: 4096

1745392180
/dev/nvme3n1p1: 1496611414016
none: 4096

1745392181
/dev/nvme3n1p1: 1496619110400
none: 4096

1745392182
/dev/nvme3n1p1: 1496624672768
none: 4096

1745392183
/dev/nvme3n1p1: 1496629055488
none: 4096

1745392184
/dev/nvme3n1p1: 1496629989376
none: 4096

1745392185
/dev/nvme3n1p1: 1496631869440
none: 4096

1745392186
/dev/nvme3n1p1: 1496635662336
none: 4096

1745392187
/dev/nvme3n1p1: 1496643051520
none: 4096

1745392188
/dev/nvme3n1p1: 1496643989504
none: 4096

1745392189
/dev/nvme3n1p1: 1496667570176
none: 4096

1745392190
/dev/nvme3n1p1: 1496685236224
none: 4096

1745392191
/dev/nvme3n1p1: 1496700461056
none: 4096

1745392192
/dev/nvme3n1p1: 1496728641536
none: 184320

1745392193
/dev/nvme3n1p1: 1496761536512
none: 4096

1745392194
/dev/nvme3n1p1: 1496791117824
none: 4096

1745392195
/dev/nvme3n1p1: 1496798863360
none: 4096

1745392196
/dev/nvme3n1p1: 1496807477248
none: 4096

1745392197
/dev/nvme3n1p1: 1496816185344
none: 4096

1745392198
/dev/nvme3n1p1: 1496843808768
none: 4096

1745392199
/dev/nvme3n1p1: 1496869167104
none: 4096

1745392200
/dev/nvme3n1p1: 1496887123968
none: 4096

1745392201
/dev/nvme3n1p1: 1496894742528
none: 4096

1745392202
/dev/nvme3n1p1: 1496908959744
none: 4096

1745392204
/dev/nvme3n1p1: 1496943419392
none: 4096

1745392205
/dev/nvme3n1p1: 1496946208768
none: 4096

1745392206
/dev/nvme3n1p1: 1496960860160
none: 4096

1745392207
/dev/nvme3n1p1: 1496978087936
none: 4096

1745392208
/dev/nvme3n1p1: 1496982163456
none: 4096

1745392210
/dev/nvme3n1p1: 1496998875136
none: 4096

1745392211
/dev/nvme3n1p1: 1497011179520
none: 4096

1745392212
/dev/nvme3n1p1: 1497018089472
none: 4096

1745392214
/dev/nvme3n1p1: 1497051394048
none: 4096

1745392215
/dev/nvme3n1p1: 1497054228480
none: 4096

1745392216
/dev/nvme3n1p1: 1497064349696
none: 4096

1745392217
/dev/nvme3n1p1: 1497070534656
none: 4096

1745392218
/dev/nvme3n1p1: 1497079607296
none: 4096

1745392219
/dev/nvme3n1p1: 1497085931520
none: 4096

1745392220
/dev/nvme3n1p1: 1497089708032
none: 4096

1745392221
/dev/nvme3n1p1: 1497110077440
none: 4096

1745392222
/dev/nvme3n1p1: 1497114861568
none: 4096

1745392223
/dev/nvme3n1p1: 1497121882112
none: 4096

1745392224
/dev/nvme3n1p1: 1497124020224
none: 4096

1745392225
/dev/nvme3n1p1: 1497129136128
none: 4096

1745392226
/dev/nvme3n1p1: 1497139281920
none: 4096

1745392227
/dev/nvme3n1p1: 1497145688064
none: 4096

1745392228
/dev/nvme3n1p1: 1497159929856
none: 4096

1745392229
/dev/nvme3n1p1: 1497173151744
none: 4096

1745392230
/dev/nvme3n1p1: 1497179340800
none: 4096

1745392231
/dev/nvme3n1p1: 1497185869824
none: 4096

1745392232
/dev/nvme3n1p1: 1497196158976
none: 4096

1745392233
/dev/nvme3n1p1: 1497205702656
none: 4096

1745392234
/dev/nvme3n1p1: 1497215188992
none: 4096

1745392235
/dev/nvme3n1p1: 1497229701120
none: 4096

1745392236
/dev/nvme3n1p1: 1497262612480
none: 4096

1745392237
/dev/nvme3n1p1: 1497270992896
none: 4096

1745392238
/dev/nvme3n1p1: 1497279098880
none: 4096

1745392240
/dev/nvme3n1p1: 1497283276800
none: 4096

1745392241
/dev/nvme3n1p1: 1497463382016
none: 4096

1745392242
/dev/nvme3n1p1: 1498171686912
none: 4096

1745392243
/dev/nvme3n1p1: 1498177757184
none: 4096

1745392244
/dev/nvme3n1p1: 1498188103680
none: 4096

1745392246
/dev/nvme3n1p1: 1498199121920
none: 4096

1745392248
/dev/nvme3n1p1: 1498985459712
none: 4096

1745392249
/dev/nvme3n1p1: 1499082457088
none: 4096

1745392250
/dev/nvme3n1p1: 1498349608960
none: 4096

1745392251
/dev/nvme3n1p1: 1498415824896
none: 4096

1745392252
/dev/nvme3n1p1: 1498663636992
none: 4096

1745392253
/dev/nvme3n1p1: 1499112660992
none: 4096

1745392254
/dev/nvme3n1p1: 1499337891840
none: 4096

1745392256
/dev/nvme3n1p1: 1499400237056
none: 4096

1745392257
/dev/nvme3n1p1: 1499408326656
none: 4096

1745392259
/dev/nvme3n1p1: 1500108484608
none: 4096

1745392260
/dev/nvme3n1p1: 1500592439296
none: 4096

1745392261
/dev/nvme3n1p1: 1500912623616
none: 4096

1745392262
/dev/nvme3n1p1: 1500919238656
none: 4096

1745392263
/dev/nvme3n1p1: 1500437921792
none: 4096

1745392264
/dev/nvme3n1p1: 1500974850048
none: 4096

1745392265
/dev/nvme3n1p1: 1500228993024
none: 4096

1745392266
/dev/nvme3n1p1: 1500311605248
none: 4096

1745392267
/dev/nvme3n1p1: 1500392996864
none: 4096

1745392269
/dev/nvme3n1p1: 1499804344320
none: 4096

1745392270
/dev/nvme3n1p1: 1499823710208
none: 4096

1745392271
/dev/nvme3n1p1: 1499831549952
none: 4096

1745392272
/dev/nvme3n1p1: 1499831570432
none: 4096

1745392273
/dev/nvme3n1p1: 1499831578624
none: 4096

1745392274
/dev/nvme3n1p1: 1499840794624
none: 4096

1745392275
/dev/nvme3n1p1: 1499841167360
none: 4096

1745392276
/dev/nvme3n1p1: 1499841708032
none: 4096

1745392277
/dev/nvme3n1p1: 1499858587648
none: 4096

1745392278
/dev/nvme3n1p1: 1500047839232
none: 4096

1745392279
/dev/nvme3n1p1: 1500072804352
none: 4096

1745392280
/dev/nvme3n1p1: 1500131590144
none: 4096

1745392281
/dev/nvme3n1p1: 1500217380864
none: 4096

1745392282
/dev/nvme3n1p1: 1500292014080
none: 4096

1745392283
/dev/nvme3n1p1: 1500298571776
none: 4096

1745392284
/dev/nvme3n1p1: 1500301627392
none: 4096

1745392286
/dev/nvme3n1p1: 1500308885504
none: 4096

1745392287
/dev/nvme3n1p1: 1500326805504
none: 4096

1745392288
/dev/nvme3n1p1: 1500333449216
none: 4096

1745392289
/dev/nvme3n1p1: 1500336685056
none: 4096

1745392291
/dev/nvme3n1p1: 1500341125120
none: 4096

1745392292
/dev/nvme3n1p1: 1500349448192
none: 4096

1745392293
/dev/nvme3n1p1: 1500351811584
none: 4096

1745392294
/dev/nvme3n1p1: 1500357750784
none: 4096

1745392295
/dev/nvme3n1p1: 1500366557184
none: 4096

1745392296
/dev/nvme3n1p1: 1500377321472
none: 4096

1745392297
/dev/nvme3n1p1: 1500382797824
none: 4096

1745392298
/dev/nvme3n1p1: 1500429656064
none: 4096

1745392299
/dev/nvme3n1p1: 1500596559872
none: 4096

1745392300
/dev/nvme3n1p1: 1500651274240
none: 4096

1745392301
/dev/nvme3n1p1: 1500695572480
none: 4096

1745392302
/dev/nvme3n1p1: 1500703854592
none: 4096

1745392303
/dev/nvme3n1p1: 1500965122048
none: 4096

1745392304
/dev/nvme3n1p1: 1500245524480
none: 4096

1745392305
/dev/nvme3n1p1: 1498956111872
none: 4096

1745392306
/dev/nvme3n1p1: 1497624080384
none: 4096

1745392307
/dev/nvme3n1p1: 1496483532800
none: 4096

1745392308
/dev/nvme3n1p1: 1496108462080
none: 4096

1745392309
/dev/nvme3n1p1: 1495626506240
none: 4096

1745392310
/dev/nvme3n1p1: 1495147352064
none: 4096

1745392312
/dev/nvme3n1p1: 1493320597504
none: 4096

1745392313
/dev/nvme3n1p1: 1492647403520
none: 4096

1745392314
/dev/nvme3n1p1: 1492661211136
none: 4096

1745392315
/dev/nvme3n1p1: 1492664614912
none: 4096

1745392316
/dev/nvme3n1p1: 1492669612032
none: 4096

1745392318
/dev/nvme3n1p1: 1492677861376
none: 4096

1745392319
/dev/nvme3n1p1: 1492680437760
none: 4096

1745392320
/dev/nvme3n1p1: 1492686159872
none: 4096

1745392321
/dev/nvme3n1p1: 1492691853312
none: 4096

1745392322
/dev/nvme3n1p1: 1492697812992
none: 4096

1745392323
/dev/nvme3n1p1: 1492705046528
none: 4096

1745392324
/dev/nvme3n1p1: 1492710621184
none: 4096

1745392325
/dev/nvme3n1p1: 1492724088832
none: 4096

1745392326
/dev/nvme3n1p1: 1492732317696
none: 4096

1745392327
/dev/nvme3n1p1: 1492736585728
none: 4096

1745392328
/dev/nvme3n1p1: 1492740018176
none: 4096

1745392329
/dev/nvme3n1p1: 1492744073216
none: 4096

1745392330
/dev/nvme3n1p1: 1492748222464
none: 4096

1745392331
/dev/nvme3n1p1: 1492754702336
none: 4096

1745392332
/dev/nvme3n1p1: 1492758196224
none: 4096

1745392333
/dev/nvme3n1p1: 1492767965184
none: 4096

1745392334
/dev/nvme3n1p1: 1492774207488
none: 4096

1745392335
/dev/nvme3n1p1: 1492779700224
none: 4096

1745392336
/dev/nvme3n1p1: 1492787646464
none: 4096

1745392337
/dev/nvme3n1p1: 1492791918592
none: 4096

1745392338
/dev/nvme3n1p1: 1492800032768
none: 4096

1745392339
/dev/nvme3n1p1: 1492808798208
none: 4096

1745392340
/dev/nvme3n1p1: 1492816216064
none: 4096

1745392341
/dev/nvme3n1p1: 1492826869760
none: 4096

1745392342
/dev/nvme3n1p1: 1492837707776
none: 4096

1745392343
/dev/nvme3n1p1: 1492850098176
none: 4096

1745392344
/dev/nvme3n1p1: 1492851666944
none: 4096

1745392345
/dev/nvme3n1p1: 1492860063744
none: 4096

1745392346
/dev/nvme3n1p1: 1492874342400
none: 4096

1745392347
/dev/nvme3n1p1: 1492899590144
none: 4096

1745392348
/dev/nvme3n1p1: 1492901453824
none: 4096

1745392349
/dev/nvme3n1p1: 1492903944192
none: 4096

1745392350
/dev/nvme3n1p1: 1492905787392
none: 4096

1745392351
/dev/nvme3n1p1: 1492907307008
none: 4096

1745392352
/dev/nvme3n1p1: 1492909363200
none: 4096

1745392353
/dev/nvme3n1p1: 1492909772800
none: 4096

1745392354
/dev/nvme3n1p1: 1492910669824
none: 4096

1745392355
/dev/nvme3n1p1: 1492911325184
none: 4096

1745392356
/dev/nvme3n1p1: 1492912984064
none: 4096

1745392357
/dev/nvme3n1p1: 1492915060736
none: 4096

1745392358
/dev/nvme3n1p1: 1492920737792
none: 4096

1745392359
/dev/nvme3n1p1: 1492927819776
none: 4096

1745392360
/dev/nvme3n1p1: 1492933091328
none: 4096

1745392361
/dev/nvme3n1p1: 1492945235968
none: 4096

1745392362
/dev/nvme3n1p1: 1492950417408
none: 4096

1745392363
/dev/nvme3n1p1: 1492953612288
none: 4096

1745392364
/dev/nvme3n1p1: 1492957118464
none: 4096

1745392366
/dev/nvme3n1p1: 1492967194624
none: 4096

1745392367
/dev/nvme3n1p1: 1492971356160
none: 4096

1745392369
/dev/nvme3n1p1: 1492979638272
none: 4096

1745392370
/dev/nvme3n1p1: 1492984274944
none: 4096

1745392371
/dev/nvme3n1p1: 1492989038592
none: 4096

1745392372
/dev/nvme3n1p1: 1492991012864
none: 4096

1745392373
/dev/nvme3n1p1: 1492999168000
none: 4096

1745392374
/dev/nvme3n1p1: 1493005115392
none: 4096

1745392375
/dev/nvme3n1p1: 1493016952832
none: 4096

1745392376
/dev/nvme3n1p1: 1493019754496
none: 4096

1745392377
/dev/nvme3n1p1: 1493029212160
none: 4096

1745392378
/dev/nvme3n1p1: 1493034336256
none: 4096

1745392379
/dev/nvme3n1p1: 1493037703168
none: 4096

1745392380
/dev/nvme3n1p1: 1493038936064
none: 4096

1745392381
/dev/nvme3n1p1: 1493039685632
none: 4096

1745392382
/dev/nvme3n1p1: 1493049860096
none: 4096

1745392383
/dev/nvme3n1p1: 1493052166144
none: 4096

1745392384
/dev/nvme3n1p1: 1493054476288
none: 4096

1745392385
/dev/nvme3n1p1: 1493059829760
none: 4096

1745392386
/dev/nvme3n1p1: 1493063782400
none: 4096

1745392387
/dev/nvme3n1p1: 1493067399168
none: 4096

1745392388
/dev/nvme3n1p1: 1493070561280
none: 4096

1745392390
/dev/nvme3n1p1: 1493080072192
none: 4096

1745392391
/dev/nvme3n1p1: 1493081591808
none: 4096

1745392392
/dev/nvme3n1p1: 1493087723520
none: 4096

1745392393
/dev/nvme3n1p1: 1493092847616
none: 4096

1745392394
/dev/nvme3n1p1: 1493097693184
none: 4096

1745392395
/dev/nvme3n1p1: 1493107978240
none: 4096

1745392396
/dev/nvme3n1p1: 1493117886464
none: 4096

1745392397
/dev/nvme3n1p1: 1493125386240
none: 4096

1745392398
/dev/nvme3n1p1: 1493128925184
none: 4096

1745392399
/dev/nvme3n1p1: 1493132566528
none: 4096

1745392400
/dev/nvme3n1p1: 1493140787200
none: 4096

1745392401
/dev/nvme3n1p1: 1493144973312
none: 4096

1745392402
/dev/nvme3n1p1: 1493150941184
none: 4096

1745392403
/dev/nvme3n1p1: 1493157801984
none: 4096

1745392404
/dev/nvme3n1p1: 1493169459200
none: 4096

1745392405
/dev/nvme3n1p1: 1493176041472
none: 4096

1745392406
/dev/nvme3n1p1: 1493181833216
none: 4096

1745392407
/dev/nvme3n1p1: 1493190209536
none: 4096

1745392408
/dev/nvme3n1p1: 1493191135232
none: 4096

1745392409
/dev/nvme3n1p1: 1493193969664
none: 4096

1745392410
/dev/nvme3n1p1: 1493201121280
none: 4096

1745392411
/dev/nvme3n1p1: 1493204164608
none: 4096

1745392412
/dev/nvme3n1p1: 1493208227840
none: 4096

1745392413
/dev/nvme3n1p1: 1493211144192
none: 4096

1745392414
/dev/nvme3n1p1: 1493225824256
none: 4096

1745392415
/dev/nvme3n1p1: 1493233672192
none: 4096

1745392416
/dev/nvme3n1p1: 1493244940288
none: 4096

1745392417
/dev/nvme3n1p1: 1493248094208
none: 4096

1745392418
/dev/nvme3n1p1: 1493257281536
none: 4096

1745392419
/dev/nvme3n1p1: 1493263417344
none: 4096

1745392420
/dev/nvme3n1p1: 1493268426752
none: 4096

1745392421
/dev/nvme3n1p1: 1493271924736
none: 4096

1745392422
/dev/nvme3n1p1: 1493280698368
none: 4096

1745392423
/dev/nvme3n1p1: 1493284499456
none: 4096

1745392424
/dev/nvme3n1p1: 1493287333888
none: 4096

1745392425
/dev/nvme3n1p1: 1493290803200
none: 4096

1745392426
/dev/nvme3n1p1: 1493297852416
none: 4096

1745392427
/dev/nvme3n1p1: 1493298835456
none: 4096

1745392428
/dev/nvme3n1p1: 1493304795136
none: 4096

1745392429
/dev/nvme3n1p1: 1493319315456
none: 4096

1745392430
/dev/nvme3n1p1: 1493321531392
none: 4096

1745392431
/dev/nvme3n1p1: 1493322379264
none: 4096

1745392432
/dev/nvme3n1p1: 1493325996032
none: 4096

1745392433
/dev/nvme3n1p1: 1493331587072
none: 4096

1745392434
/dev/nvme3n1p1: 1493340278784
none: 4096

1745392435
/dev/nvme3n1p1: 1493347528704
none: 4096

1745392436
/dev/nvme3n1p1: 1493352800256
none: 4096

1745392437
/dev/nvme3n1p1: 1493360197632
none: 4096

1745392439
/dev/nvme3n1p1: 1493391007744
none: 4096

1745392440
/dev/nvme3n1p1: 1493393006592
none: 4096

1745392441
/dev/nvme3n1p1: 1493399339008
none: 4096

1745392442
/dev/nvme3n1p1: 1493404880896
none: 4096

1745392443
/dev/nvme3n1p1: 1493410615296
none: 4096

1745392444
/dev/nvme3n1p1: 1493413109760
none: 4096

1745392445
/dev/nvme3n1p1: 1493415694336
none: 4096

1745392446
/dev/nvme3n1p1: 1493418532864
none: 4096

1745392447
/dev/nvme3n1p1: 1493420965888
none: 4096

1745392448
/dev/nvme3n1p1: 1493424099328
none: 4096

1745392449
/dev/nvme3n1p1: 1493428912128
none: 4096

1745392450
/dev/nvme3n1p1: 1493435387904
none: 4096

1745392451
/dev/nvme3n1p1: 1493440000000
none: 4096

1745392452
/dev/nvme3n1p1: 1493443915776
none: 4096

1745392453
/dev/nvme3n1p1: 1493445890048
none: 4096

1745392454
/dev/nvme3n1p1: 1493458235392
none: 4096

1745392455
/dev/nvme3n1p1: 1493578018816
none: 4096

1745392456
/dev/nvme3n1p1: 1493700837376
none: 4096

1745392457
/dev/nvme3n1p1: 1493706207232
none: 4096

1745392458
/dev/nvme3n1p1: 1493708599296
none: 4096

1745392459
/dev/nvme3n1p1: 1493715513344
none: 4096

1745392460
/dev/nvme3n1p1: 1493718433792
none: 4096

1745392462
/dev/nvme3n1p1: 1493727371264
none: 4096

1745392463
/dev/nvme3n1p1: 1493729824768
none: 4096

1745392464
/dev/nvme3n1p1: 1493738590208
none: 4096

1745392465
/dev/nvme3n1p1: 1493797617664
none: 4096

1745392466
/dev/nvme3n1p1: 1493802954752
none: 4096

1745392467
/dev/nvme3n1p1: 1493813424128
none: 4096

1745392468
/dev/nvme3n1p1: 1493817475072
none: 4096

1745392469
/dev/nvme3n1p1: 1493820674048
none: 4096

1745392470
/dev/nvme3n1p1: 1493825069056
none: 4096

1745392471
/dev/nvme3n1p1: 1493830922240
none: 4096

1745392472
/dev/nvme3n1p1: 1493836132352
none: 4096

1745392473
/dev/nvme3n1p1: 1493839970304
none: 4096

1745392474
/dev/nvme3n1p1: 1493844766720
none: 4096

1745392475
/dev/nvme3n1p1: 1493848588288
none: 4096

1745392476
/dev/nvme3n1p1: 1493856989184
none: 4096

1745392477
/dev/nvme3n1p1: 1493861294080
none: 4096

1745392478
/dev/nvme3n1p1: 1493867847680
none: 4096

1745392479
/dev/nvme3n1p1: 1493875220480
none: 4096

1745392480
/dev/nvme3n1p1: 1493879754752
none: 4096

1745392481
/dev/nvme3n1p1: 1493886152704
none: 4096

1745392482
/dev/nvme3n1p1: 1493889552384
none: 4096

1745392483
/dev/nvme3n1p1: 1493892030464
none: 4096

1745392484
/dev/nvme3n1p1: 1493894811648
none: 4096

1745392485
/dev/nvme3n1p1: 1493897555968
none: 4096

1745392487
/dev/nvme3n1p1: 1493903663104
none: 4096

1745392489
/dev/nvme3n1p1: 1493909204992
none: 4096

1745392490
/dev/nvme3n1p1: 1493911293952
none: 4096

1745392491
/dev/nvme3n1p1: 1493914234880
none: 4096

1745392492
/dev/nvme3n1p1: 1493920423936
none: 4096

1745392493
/dev/nvme3n1p1: 1493922934784
none: 4096

1745392494
/dev/nvme3n1p1: 1493926064128
none: 4096

1745392495
/dev/nvme3n1p1: 1493930582016
none: 4096

1745392496
/dev/nvme3n1p1: 1493933338624
none: 4096

1745392497
/dev/nvme3n1p1: 1493933584384
none: 4096

1745392498
/dev/nvme3n1p1: 1493933584384
none: 4096

1745392499
/dev/nvme3n1p1: 1493933604864
none: 4096

1745392500
/dev/nvme3n1p1: 1493933604864
none: 4096

1745392501
/dev/nvme3n1p1: 1493933604864
none: 4096

1745392502
/dev/nvme3n1p1: 1493933752320
none: 4096

1745392503
/dev/nvme3n1p1: 1493933752320
none: 4096

1745392504
/dev/nvme3n1p1: 1493933764608
none: 4096

1745392505
/dev/nvme3n1p1: 1493933764608
none: 4096

1745392506
/dev/nvme3n1p1: 1493934096384
none: 4096

1745392507
/dev/nvme3n1p1: 1493956165632
none: 4096

1745392508
/dev/nvme3n1p1: 1493956173824
none: 4096

1745392509
/dev/nvme3n1p1: 1493957615616
none: 4096

1745392510
/dev/nvme3n1p1: 1493959012352
none: 4096

1745392511
/dev/nvme3n1p1: 1493960986624
none: 4096

1745392512
/dev/nvme3n1p1: 1493965529088
none: 4096

1745392513
/dev/nvme3n1p1: 1493967523840
none: 4096

1745392514
/dev/nvme3n1p1: 1493969530880
none: 4096

1745392515
/dev/nvme3n1p1: 1493971320832
none: 4096

1745392516
/dev/nvme3n1p1: 1493978005504
none: 4096

1745392517
/dev/nvme3n1p1: 1493981306880
none: 4096

1745392518
/dev/nvme3n1p1: 1493985071104
none: 4096

1745392519
/dev/nvme3n1p1: 1493996052480
none: 4096

1745392520
/dev/nvme3n1p1: 1493999476736
none: 4096

1745392522
/dev/nvme3n1p1: 1494006779904
none: 4096

1745392523
/dev/nvme3n1p1: 1494008111104
none: 4096

1745392524
/dev/nvme3n1p1: 1494010294272
none: 4096

1745392525
/dev/nvme3n1p1: 1494013902848
none: 4096

1745392526
/dev/nvme3n1p1: 1494016643072
none: 4096

1745392527
/dev/nvme3n1p1: 1494019256320
none: 4096

1745392528
/dev/nvme3n1p1: 1494019969024
none: 4096

1745392529
/dev/nvme3n1p1: 1494020509696
none: 4096

1745392530
/dev/nvme3n1p1: 1494022942720
none: 4096

1745392532
/dev/nvme3n1p1: 1494032011264
none: 4096

1745392533
/dev/nvme3n1p1: 1494034456576
none: 4096

1745392534
/dev/nvme3n1p1: 1494035402752
none: 4096

1745392535
/dev/nvme3n1p1: 1494037692416
none: 4096

1745392536
/dev/nvme3n1p1: 1494043906048
none: 4096

1745392537
/dev/nvme3n1p1: 1494052114432
none: 4096

1745392538
/dev/nvme3n1p1: 1494060777472
none: 4096

1745392539
/dev/nvme3n1p1: 1494074040320
none: 4096

1745392540
/dev/nvme3n1p1: 1494082985984
none: 4096

1745392541
/dev/nvme3n1p1: 1494085812224
none: 4096

1745392542
/dev/nvme3n1p1: 1494097850368
none: 4096

1745392543
/dev/nvme3n1p1: 1494102339584
none: 4096

1745392545
/dev/nvme3n1p1: 1494119149568
none: 4096

1745392546
/dev/nvme3n1p1: 1494120230912
none: 4096

1745392547
/dev/nvme3n1p1: 1494124826624
none: 4096

1745392548
/dev/nvme3n1p1: 1494126002176
none: 4096

1745392549
/dev/nvme3n1p1: 1494128115712
none: 4096

1745392550
/dev/nvme3n1p1: 1494133428224
none: 4096

1745392551
/dev/nvme3n1p1: 1494138777600
none: 4096

1745392552
/dev/nvme3n1p1: 1494157066240
none: 4096

1745392553
/dev/nvme3n1p1: 1494163968000
none: 4096

1745392554
/dev/nvme3n1p1: 1494164475904
none: 4096

1745392555
/dev/nvme3n1p1: 1494168539136
none: 4096

1745392556
/dev/nvme3n1p1: 1494181322752
none: 4096

1745392557
/dev/nvme3n1p1: 1494183964672
none: 4096

1745392558
/dev/nvme3n1p1: 1494186090496
none: 4096

1745392559
/dev/nvme3n1p1: 1494190694400
none: 4096

1745392560
/dev/nvme3n1p1: 1494196936704
none: 4096

1745392561
/dev/nvme3n1p1: 1494201524224
none: 4096

1745392562
/dev/nvme3n1p1: 1494206185472
none: 4096

1745392563
/dev/nvme3n1p1: 1494208774144
none: 4096

1745392564
/dev/nvme3n1p1: 1494211956736
none: 4096

1745392565
/dev/nvme3n1p1: 1494213570560
none: 4096

1745392566
/dev/nvme3n1p1: 1494217777152
none: 4096

1745392568
/dev/nvme3n1p1: 1494222049280
none: 4096

1745392569
/dev/nvme3n1p1: 1494224240640
none: 4096

1745392570
/dev/nvme3n1p1: 1494225059840
none: 4096

1745392571
/dev/nvme3n1p1: 1494227492864
none: 4096

1745392572
/dev/nvme3n1p1: 1494227668992
none: 4096

1745392573
/dev/nvme3n1p1: 1494228287488
none: 4096

1745392574
/dev/nvme3n1p1: 1494229106688
none: 4096

1745392575
/dev/nvme3n1p1: 1494229364736
none: 4096

1745392576
/dev/nvme3n1p1: 1494230777856
none: 4096

1745392577
/dev/nvme3n1p1: 1494230777856
none: 4096

1745392579
/dev/nvme3n1p1: 1494232240128
none: 4096

1745392580
/dev/nvme3n1p1: 1494233792512
none: 4096

1745392581
/dev/nvme3n1p1: 1494235201536
none: 4096

1745392582
/dev/nvme3n1p1: 1494235201536
none: 4096

1745392584
/dev/nvme3n1p1: 1494237495296
none: 4096

1745392585
/dev/nvme3n1p1: 1494237495296
none: 4096

1745392586
/dev/nvme3n1p1: 1494237528064
none: 4096

1745392588
/dev/nvme3n1p1: 1494282375168
none: 4096

1745392589
/dev/nvme3n1p1: 1494298914816
none: 4096

1745392590
/dev/nvme3n1p1: 1494313291776
none: 4096

1745392591
/dev/nvme3n1p1: 1494318657536
none: 4096

1745392592
/dev/nvme3n1p1: 1494331957248
none: 4096

1745392593
/dev/nvme3n1p1: 1494331957248
none: 4096

1745392595
/dev/nvme3n1p1: 1494343380992
none: 4096

1745392596
/dev/nvme3n1p1: 1494346936320
none: 4096

1745392597
/dev/nvme3n1p1: 1494347513856
none: 4096

1745392598
/dev/nvme3n1p1: 1494348636160
none: 4096

1745392599
/dev/nvme3n1p1: 1494352355328
none: 4096

1745392600
/dev/nvme3n1p1: 1494354219008
none: 4096

1745392601
/dev/nvme3n1p1: 1494357942272
none: 4096

1745392602
/dev/nvme3n1p1: 1494357942272
none: 4096

1745392603
/dev/nvme3n1p1: 1494357946368
none: 4096

1745392605
/dev/nvme3n1p1: 1494361673728
none: 4096

1745392606
/dev/nvme3n1p1: 1494361677824
none: 4096

1745392608
/dev/nvme3n1p1: 1494377041920
none: 4096

1745392609
/dev/nvme3n1p1: 1494376833024
none: 4096

1745392610
/dev/nvme3n1p1: 1494376833024
none: 4096

1745392611
/dev/nvme3n1p1: 1494376837120
none: 4096

1745392613
/dev/nvme3n1p1: 1494379298816
none: 4096

1745392614
/dev/nvme3n1p1: 1494389501952
none: 4096

1745392615
/dev/nvme3n1p1: 1494422040576
none: 4096

1745392616
/dev/nvme3n1p1: 1494446473216
none: 4096

1745392617
/dev/nvme3n1p1: 1494479331328
none: 4096

1745392618
/dev/nvme3n1p1: 1494479331328
none: 4096

1745392620
/dev/nvme3n1p1: 1494503174144
none: 4096

1745392621
/dev/nvme3n1p1: 1494522617856
none: 4096

1745392622
/dev/nvme3n1p1: 1494525652992
none: 4096

1745392623
/dev/nvme3n1p1: 1494535229440
none: 4096

1745392624
/dev/nvme3n1p1: 1494543855616
none: 4096

1745392626
/dev/nvme3n1p1: 1494551367680
none: 4096

1745392627
/dev/nvme3n1p1: 1494554648576
none: 4096

1745392628
/dev/nvme3n1p1: 1494557179904
none: 4096

1745392629
/dev/nvme3n1p1: 1494559805440
none: 4096

1745392630
/dev/nvme3n1p1: 1494559805440
none: 4096

1745392631
/dev/nvme3n1p1: 1494559805440
none: 4096

1745392633
/dev/nvme3n1p1: 1494574718976
none: 4096

1745392634
/dev/nvme3n1p1: 1494577872896
none: 4096

1745392635
/dev/nvme3n1p1: 1494588698624
none: 4096

1745392636
/dev/nvme3n1p1: 1494588698624
none: 4096

1745392637
/dev/nvme3n1p1: 1494592434176
none: 4096

1745392639
/dev/nvme3n1p1: 1494602051584
none: 4096

1745392640
/dev/nvme3n1p1: 1494638051328
none: 4096

1745392641
/dev/nvme3n1p1: 1494672994304
none: 4096

1745392642
/dev/nvme3n1p1: 1494687457280
none: 4096

1745392643
/dev/nvme3n1p1: 1494699909120
none: 4096

1745392644
/dev/nvme3n1p1: 1494720294912
none: 4096

1745392645
/dev/nvme3n1p1: 1494722396160
none: 4096

1745392646
/dev/nvme3n1p1: 1494731517952
none: 4096

1745392647
/dev/nvme3n1p1: 1494733897728
none: 4096

1745392648
/dev/nvme3n1p1: 1494739304448
none: 4096

1745392649
/dev/nvme3n1p1: 1494741962752
none: 4096

1745392650
/dev/nvme3n1p1: 1494741962752
none: 4096

1745392652
/dev/nvme3n1p1: 1494747242496
none: 4096

1745392653
/dev/nvme3n1p1: 1494747246592
none: 4096

1745392654
/dev/nvme3n1p1: 1494752202752
none: 4096

1745392655
/dev/nvme3n1p1: 1494759727104
none: 4096

1745392656
/dev/nvme3n1p1: 1494762184704
none: 4096

1745392658
/dev/nvme3n1p1: 1494765584384
none: 4096

1745392660
/dev/nvme3n1p1: 1494771683328
none: 4096

1745392661
/dev/nvme3n1p1: 1494771683328
none: 4096

1745392662
/dev/nvme3n1p1: 1494771683328
none: 4096

1745392663
/dev/nvme3n1p1: 1494771699712
none: 4096

1745392664
/dev/nvme3n1p1: 1494771699712
none: 4096

1745392665
/dev/nvme3n1p1: 1494774571008
none: 4096

1745392667
/dev/nvme3n1p1: 1494787698688
none: 4096

1745392668
/dev/nvme3n1p1: 1494810607616
none: 4096

1745392669
/dev/nvme3n1p1: 1494847528960
none: 4096

1745392670
/dev/nvme3n1p1: 1494854938624
none: 4096

1745392671
/dev/nvme3n1p1: 1494883991552
none: 4096

1745392672
/dev/nvme3n1p1: 1494889992192
none: 4096

1745392673
/dev/nvme3n1p1: 1494896443392
none: 4096

1745392674
/dev/nvme3n1p1: 1494923354112
none: 4096

1745392675
/dev/nvme3n1p1: 1494926139392
none: 4096

1745392676
/dev/nvme3n1p1: 1494929338368
none: 4096

1745392677
/dev/nvme3n1p1: 1494929342464
none: 4096

1745392678
/dev/nvme3n1p1: 1494929395712
none: 4096

1745392680
/dev/nvme3n1p1: 1494944182272
none: 4096

1745392681
/dev/nvme3n1p1: 1494950084608
none: 4096

1745392682
/dev/nvme3n1p1: 1494952583168
none: 4096

1745392683
/dev/nvme3n1p1: 1494952599552
none: 4096

1745392685
/dev/nvme3n1p1: 1494955180032
none: 4096

1745392686
/dev/nvme3n1p1: 1494959091712
none: 4096

1745392687
/dev/nvme3n1p1: 1494959091712
none: 4096

1745392688
/dev/nvme3n1p1: 1494959120384
none: 4096

1745392689
/dev/nvme3n1p1: 1494959120384
none: 4096

1745392691
/dev/nvme3n1p1: 1494962335744
none: 4096

1745392692
/dev/nvme3n1p1: 1494973759488
none: 4096

1745392693
/dev/nvme3n1p1: 1494989885440
none: 4096

1745392694
/dev/nvme3n1p1: 1495027412992
none: 4096

1745392695
/dev/nvme3n1p1: 1495042150400
none: 4096

1745392696
/dev/nvme3n1p1: 1495065509888
none: 4096

1745392697
/dev/nvme3n1p1: 1495071985664
none: 4096

1745392698
/dev/nvme3n1p1: 1495087267840
none: 4096

1745392699
/dev/nvme3n1p1: 1495098413056
none: 4096

1745392700
/dev/nvme3n1p1: 1495104630784
none: 4096

1745392701
/dev/nvme3n1p1: 1495110995968
none: 4096

1745392702
/dev/nvme3n1p1: 1495131070464
none: 4096

1745392703
/dev/nvme3n1p1: 1495137030144
none: 4096

1745392704
/dev/nvme3n1p1: 1495137247232
none: 4096

1745392705
/dev/nvme3n1p1: 1495153475584
none: 4096

1745392706
/dev/nvme3n1p1: 1495153475584
none: 4096

1745392708
/dev/nvme3n1p1: 1495169167360
none: 4096

1745392709
/dev/nvme3n1p1: 1495173984256
none: 4096

1745392710
/dev/nvme3n1p1: 1495174508544
none: 4096

1745392711
/dev/nvme3n1p1: 1495174561792
none: 4096

1745392712
/dev/nvme3n1p1: 1495178887168
none: 4096

1745392713
/dev/nvme3n1p1: 1495184343040
none: 4096

1745392714
/dev/nvme3n1p1: 1495200489472
none: 4096

1745392715
/dev/nvme3n1p1: 1495242309632
none: 4096

1745392716
/dev/nvme3n1p1: 1495260286976
none: 4096

1745392717
/dev/nvme3n1p1: 1495271337984
none: 4096

1745392718
/dev/nvme3n1p1: 1495290167296
none: 4096

1745392719
/dev/nvme3n1p1: 1495291195392
none: 4096

1745392720
/dev/nvme3n1p1: 1495302709248
none: 4096

1745392721
/dev/nvme3n1p1: 1495307264000
none: 4096

1745392722
/dev/nvme3n1p1: 1495311949824
none: 4096

1745392723
/dev/nvme3n1p1: 1495315058688
none: 4096

1745392724
/dev/nvme3n1p1: 1495319470080
none: 4096

1745392725
/dev/nvme3n1p1: 1495323873280
none: 4096

1745392726
/dev/nvme3n1p1: 1495334563840
none: 4096

1745392727
/dev/nvme3n1p1: 1495338516480
none: 4096

1745392728
/dev/nvme3n1p1: 1495339761664
none: 4096

1745392729
/dev/nvme3n1p1: 1495339806720
none: 4096

1745392730
/dev/nvme3n1p1: 1495345098752
none: 4096

1745392731
/dev/nvme3n1p1: 1495345876992
none: 4096

1745392732
/dev/nvme3n1p1: 1495351287808
none: 4096

1745392733
/dev/nvme3n1p1: 1495360430080
none: 4096

1745392735
/dev/nvme3n1p1: 1495370174464
none: 4096

1745392736
/dev/nvme3n1p1: 1495380631552
none: 4096

1745392737
/dev/nvme3n1p1: 1495394144256
none: 4096

1745392738
/dev/nvme3n1p1: 1495411998720
none: 4096

1745392739
/dev/nvme3n1p1: 1495422795776
none: 4096

1745392740
/dev/nvme3n1p1: 1495432859648
none: 4096

1745392741
/dev/nvme3n1p1: 1495432859648
none: 4096

1745392742
/dev/nvme3n1p1: 1495432859648
none: 4096

1745392744
/dev/nvme3n1p1: 1495439011840
none: 4096

1745392745
/dev/nvme3n1p1: 1495448002560
none: 4096

1745392746
/dev/nvme3n1p1: 1495455674368
none: 4096

1745392747
/dev/nvme3n1p1: 1495465603072
none: 4096

1745392748
/dev/nvme3n1p1: 1495467991040
none: 4096

1745392749
/dev/nvme3n1p1: 1495476506624
none: 4096

1745392750
/dev/nvme3n1p1: 1495485493248
none: 4096

1745392751
/dev/nvme3n1p1: 1495489675264
none: 4096

1745392752
/dev/nvme3n1p1: 1495492005888
none: 4096

1745392753
/dev/nvme3n1p1: 1495494492160
none: 4096

1745392754
/dev/nvme3n1p1: 1495502143488
none: 4096

1745392755
/dev/nvme3n1p1: 1495504740352
none: 4096

1745392756
/dev/nvme3n1p1: 1495509372928
none: 4096

1745392757
/dev/nvme3n1p1: 1495523069952
none: 4096

1745392758
/dev/nvme3n1p1: 1495535529984
none: 4096

1745392759
/dev/nvme3n1p1: 1495541358592
none: 4096

1745392760
/dev/nvme3n1p1: 1495547768832
none: 4096

1745392761
/dev/nvme3n1p1: 1495559061504
none: 4096

1745392762
/dev/nvme3n1p1: 1495559389184
none: 4096

1745392763
/dev/nvme3n1p1: 1495564967936
none: 4096

1745392764
/dev/nvme3n1p1: 1495572062208
none: 4096

1745392765
/dev/nvme3n1p1: 1495578710016
none: 4096

1745392766
/dev/nvme3n1p1: 1495582982144
none: 4096

1745392767
/dev/nvme3n1p1: 1495596634112
none: 4096

1745392768
/dev/nvme3n1p1: 1495604961280
none: 4096

1745392769
/dev/nvme3n1p1: 1495607369728
none: 4096

1745392770
/dev/nvme3n1p1: 1495612284928
none: 4096

1745392771
/dev/nvme3n1p1: 1495621783552
none: 4096

1745392772
/dev/nvme3n1p1: 1495621783552
none: 4096

1745392773
/dev/nvme3n1p1: 1495636533248
none: 4096

1745392774
/dev/nvme3n1p1: 1495636652032
none: 4096

1745392775
/dev/nvme3n1p1: 1495636668416
none: 4096

1745392777
/dev/nvme3n1p1: 1495674195968
none: 4096

1745392778
/dev/nvme3n1p1: 1495679172608
none: 4096

1745392779
/dev/nvme3n1p1: 1495694290944
none: 4096

1745392780
/dev/nvme3n1p1: 1495711891456
none: 4096

1745392781
/dev/nvme3n1p1: 1495732494336
none: 4096

1745392782
/dev/nvme3n1p1: 1495739232256
none: 4096

1745392783
/dev/nvme3n1p1: 1495739232256
none: 4096

1745392784
/dev/nvme3n1p1: 1495747932160
none: 4096

1745392785
/dev/nvme3n1p1: 1495753924608
none: 4096

1745392786
/dev/nvme3n1p1: 1495774666752
none: 4096

1745392787
/dev/nvme3n1p1: 1495780249600
none: 4096

1745392788
/dev/nvme3n1p1: 1495796727808
none: 4096

1745392789
/dev/nvme3n1p1: 1495802900480
none: 4096

1745392790
/dev/nvme3n1p1: 1495813431296
none: 4096

1745392791
/dev/nvme3n1p1: 1495823679488
none: 4096

1745392792
/dev/nvme3n1p1: 1495840047104
none: 4096

1745392793
/dev/nvme3n1p1: 1495845236736
none: 4096

1745392794
/dev/nvme3n1p1: 1495848710144
none: 4096

1745392795
/dev/nvme3n1p1: 1495852568576
none: 4096

1745392796
/dev/nvme3n1p1: 1495854084096
none: 4096

1745392797
/dev/nvme3n1p1: 1495855943680
none: 4096

1745392798
/dev/nvme3n1p1: 1495869624320
none: 4096

1745392799
/dev/nvme3n1p1: 1495869624320
none: 4096

1745392800
/dev/nvme3n1p1: 1495869624320
none: 4096

1745392801
/dev/nvme3n1p1: 1495869657088
none: 4096

1745392803
/dev/nvme3n1p1: 1495873146880
none: 4096

1745392804
/dev/nvme3n1p1: 1495875022848
none: 4096

1745392805
/dev/nvme3n1p1: 1495882186752
none: 4096

1745392806
/dev/nvme3n1p1: 1495892615168
none: 4096

1745392807
/dev/nvme3n1p1: 1495908651008
none: 4096

1745392808
/dev/nvme3n1p1: 1495923646464
none: 4096

1745392809
/dev/nvme3n1p1: 1495944019968
none: 4096

1745392810
/dev/nvme3n1p1: 1495963623424
none: 4096

1745392811
/dev/nvme3n1p1: 1495971930112
none: 4096

1745392812
/dev/nvme3n1p1: 1496000954368
none: 4096

1745392813
/dev/nvme3n1p1: 1496005505024
none: 4096

1745392814
/dev/nvme3n1p1: 1496016809984
none: 4096

1745392815
/dev/nvme3n1p1: 1496021671936
none: 4096

1745392816
/dev/nvme3n1p1: 1496039129088
none: 4096

1745392817
/dev/nvme3n1p1: 1496043266048
none: 4096

1745392818
/dev/nvme3n1p1: 1496054218752
none: 4096

1745392819
/dev/nvme3n1p1: 1496062631936
none: 4096

1745392820
/dev/nvme3n1p1: 1496067530752
none: 4096

1745392821
/dev/nvme3n1p1: 1496068444160
none: 4096

1745392822
/dev/nvme3n1p1: 1496071581696
none: 4096

1745392823
/dev/nvme3n1p1: 1496073670656
none: 4096

1745392824
/dev/nvme3n1p1: 1496078200832
none: 4096

1745392825
/dev/nvme3n1p1: 1496086597632
none: 4096

1745392826
/dev/nvme3n1p1: 1496091480064
none: 4096

1745392827
/dev/nvme3n1p1: 1496105787392
none: 4096

1745392828
/dev/nvme3n1p1: 1496114581504
none: 4096

1745392829
/dev/nvme3n1p1: 1496123310080
none: 4096

1745392830
/dev/nvme3n1p1: 1496129724416
none: 4096

1745392831
/dev/nvme3n1p1: 1496136728576
none: 4096

1745392832
/dev/nvme3n1p1: 1496157569024
none: 4096

1745392833
/dev/nvme3n1p1: 1496164970496
none: 4096

1745392834
/dev/nvme3n1p1: 1496165326848
none: 4096

1745392835
/dev/nvme3n1p1: 1496176328704
none: 4096

1745392836
/dev/nvme3n1p1: 1496183013376
none: 4096

1745392837
/dev/nvme3n1p1: 1496190193664
none: 4096

1745392838
/dev/nvme3n1p1: 1496193126400
none: 4096

1745392839
/dev/nvme3n1p1: 1496195739648
none: 4096

1745392840
/dev/nvme3n1p1: 1496198250496
none: 4096

1745392841
/dev/nvme3n1p1: 1496206835712
none: 4096

1745392842
/dev/nvme3n1p1: 1496211890176
none: 4096

1745392844
/dev/nvme3n1p1: 1496219504640
none: 4096

1745392845
/dev/nvme3n1p1: 1496219680768
none: 4096

1745392846
/dev/nvme3n1p1: 1496236351488
none: 4096

1745392847
/dev/nvme3n1p1: 1496246108160
none: 4096

1745392848
/dev/nvme3n1p1: 1496251858944
none: 4096

1745392849
/dev/nvme3n1p1: 1496261971968
none: 4096

1745392850
/dev/nvme3n1p1: 1496272863232
none: 4096

1745392851
/dev/nvme3n1p1: 1496283852800
none: 4096

1745392852
/dev/nvme3n1p1: 1496283885568
none: 4096

1745392853
/dev/nvme3n1p1: 1496288124928
none: 4096

1745392854
/dev/nvme3n1p1: 1496292003840
none: 4096

1745392855
/dev/nvme3n1p1: 1496301764608
none: 4096

1745392856
/dev/nvme3n1p1: 1496314613760
none: 4096

1745392857
/dev/nvme3n1p1: 1496327315456
none: 4096

1745392858
/dev/nvme3n1p1: 1496338595840
none: 4096

1745392859
/dev/nvme3n1p1: 1496353017856
none: 4096

1745392860
/dev/nvme3n1p1: 1496358793216
none: 4096

1745392861
/dev/nvme3n1p1: 1496381112320
none: 4096

1745392862
/dev/nvme3n1p1: 1496390414336
none: 4096

1745392863
/dev/nvme3n1p1: 1496393646080
none: 4096

1745392864
/dev/nvme3n1p1: 1496409735168
none: 4096

1745392865
/dev/nvme3n1p1: 1496411258880
none: 4096

1745392866
/dev/nvme3n1p1: 1496429051904
none: 4096

1745392867
/dev/nvme3n1p1: 1496439177216
none: 4096

1745392868
/dev/nvme3n1p1: 1496444055552
none: 4096

1745392869
/dev/nvme3n1p1: 1496446042112
none: 4096

1745392871
/dev/nvme3n1p1: 1496474976256
none: 4096

1745392872
/dev/nvme3n1p1: 1496485330944
none: 4096

1745392873
/dev/nvme3n1p1: 1496500838400
none: 4096

1745392874
/dev/nvme3n1p1: 1496503042048
none: 4096

1745392875
/dev/nvme3n1p1: 1496512630784
none: 4096

1745392876
/dev/nvme3n1p1: 1496517029888
none: 4096

1745392877
/dev/nvme3n1p1: 1496523984896
none: 4096

1745392878
/dev/nvme3n1p1: 1496533655552
none: 4096

1745392879
/dev/nvme3n1p1: 1496533446656
none: 4096

1745392880
/dev/nvme3n1p1: 1496535179264
none: 4096

1745392881
/dev/nvme3n1p1: 1496547815424
none: 4096

1745392882
/dev/nvme3n1p1: 1496554938368
none: 4096

1745392883
/dev/nvme3n1p1: 1496565821440
none: 4096

1745392884
/dev/nvme3n1p1: 1496585318400
none: 4096

1745392885
/dev/nvme3n1p1: 1496595443712
none: 4096

1745392886
/dev/nvme3n1p1: 1496597340160
none: 4096

1745392887
/dev/nvme3n1p1: 1496597590016
none: 4096

1745392888
/dev/nvme3n1p1: 1496597745664
none: 4096

1745392889
/dev/nvme3n1p1: 1496606728192
none: 4096

1745392890
/dev/nvme3n1p1: 1496615157760
none: 4096

1745392891
/dev/nvme3n1p1: 1496620204032
none: 4096

1745392892
/dev/nvme3n1p1: 1496620662784
none: 4096

1745392893
/dev/nvme3n1p1: 1496631595008
none: 4096

1745392894
/dev/nvme3n1p1: 1496632733696
none: 4096

1745392895
/dev/nvme3n1p1: 1496639352832
none: 4096

1745392896
/dev/nvme3n1p1: 1496644808704
none: 4096

1745392897
/dev/nvme3n1p1: 1496650207232
none: 4096

1745392898
/dev/nvme3n1p1: 1496650522624
none: 4096

1745392899
/dev/nvme3n1p1: 1496655056896
none: 4096

1745392900
/dev/nvme3n1p1: 1496655384576
none: 4096

1745392901
/dev/nvme3n1p1: 1496655384576
none: 4096

1745392903
/dev/nvme3n1p1: 1496661131264
none: 4096

1745392904
/dev/nvme3n1p1: 1496663830528
none: 4096

1745392905
/dev/nvme3n1p1: 1496670187520
none: 4096

1745392906
/dev/nvme3n1p1: 1496672247808
none: 4096

1745392907
/dev/nvme3n1p1: 1496678379520
none: 4096

1745392908
/dev/nvme3n1p1: 1496688873472
none: 4096

1745392909
/dev/nvme3n1p1: 1496699518976
none: 4096

1745392910
/dev/nvme3n1p1: 1496715857920
none: 4096

1745392911
/dev/nvme3n1p1: 1496726294528
none: 4096

1745392912
/dev/nvme3n1p1: 1496729997312
none: 4096

1745392913
/dev/nvme3n1p1: 1496731422720
none: 4096

1745392914
/dev/nvme3n1p1: 1496734547968
none: 4096

1745392915
/dev/nvme3n1p1: 1496734547968
none: 4096

1745392917
/dev/nvme3n1p1: 1496750153728
none: 4096

1745392918
/dev/nvme3n1p1: 1496784228352
none: 4096

1745392919
/dev/nvme3n1p1: 1496800555008
none: 4096

1745392920
/dev/nvme3n1p1: 1496821829632
none: 4096

1745392921
/dev/nvme3n1p1: 1496827248640
none: 4096

1745392922
/dev/nvme3n1p1: 1496837304320
none: 4096

1745392923
/dev/nvme3n1p1: 1496859607040
none: 4096

1745392924
/dev/nvme3n1p1: 1496898162688
none: 4096

1745392925
/dev/nvme3n1p1: 1496935100416
none: 4096

1745392926
/dev/nvme3n1p1: 1496945389568
none: 4096

1745392927
/dev/nvme3n1p1: 1496957161472
none: 4096

1745392928
/dev/nvme3n1p1: 1496977993728
none: 4096

1745392929
/dev/nvme3n1p1: 1496994250752
none: 4096

1745392930
/dev/nvme3n1p1: 1497008734208
none: 4096

1745392931
/dev/nvme3n1p1: 1497026953216
none: 4096

1745392932
/dev/nvme3n1p1: 1497032847360
none: 4096

1745392933
/dev/nvme3n1p1: 1497039286272
none: 4096

1745392934
/dev/nvme3n1p1: 1497052368896
none: 4096

1745392935
/dev/nvme3n1p1: 1497074417664
none: 4096

1745392936
/dev/nvme3n1p1: 1497097797632
none: 4096

1745392937
/dev/nvme3n1p1: 1497099223040
none: 4096

1745392938
/dev/nvme3n1p1: 1497118789632
none: 4096

1745392939
/dev/nvme3n1p1: 1497122328576
none: 4096

1745392940
/dev/nvme3n1p1: 1497125048320
none: 4096

1745392941
/dev/nvme3n1p1: 1497133514752
none: 4096

1745392942
/dev/nvme3n1p1: 1497141805056
none: 4096

1745392943
/dev/nvme3n1p1: 1497152675840
none: 4096

1745392944
/dev/nvme3n1p1: 1497169661952
none: 4096

1745392945
/dev/nvme3n1p1: 1497177174016
none: 4096

1745392946
/dev/nvme3n1p1: 1497180381184
none: 4096

1745392947
/dev/nvme3n1p1: 1497185648640
none: 4096

1745392948
/dev/nvme3n1p1: 1497193828352
none: 4096

1745392949
/dev/nvme3n1p1: 1497199726592
none: 4096

1745392950
/dev/nvme3n1p1: 1497216565248
none: 4096

1745392951
/dev/nvme3n1p1: 1497218613248
none: 4096

1745392952
/dev/nvme3n1p1: 1497226993664
none: 4096

1745392953
/dev/nvme3n1p1: 1497231556608
none: 4096

1745392954
/dev/nvme3n1p1: 1497235922944
none: 4096

1745392955
/dev/nvme3n1p1: 1497237229568
none: 4096

1745392956
/dev/nvme3n1p1: 1497238482944
none: 4096

1745392957
/dev/nvme3n1p1: 1497240657920
none: 4096

1745392958
/dev/nvme3n1p1: 1497287098368
none: 4096

1745392959
/dev/nvme3n1p1: 1497295388672
none: 114688

1745392960
/dev/nvme3n1p1: 1497311854592
none: 114688

1745392961
/dev/nvme3n1p1: 1497321365504
none: 114688

1745392962
/dev/nvme3n1p1: 1497327788032
none: 114688

1745392963
/dev/nvme3n1p1: 1497333972992
none: 114688

1745392964
/dev/nvme3n1p1: 1497336659968
none: 114688

1745392965
/dev/nvme3n1p1: 1497345486848
none: 114688

1745392966
/dev/nvme3n1p1: 1497353228288
none: 114688

1745392967
/dev/nvme3n1p1: 1497355808768
none: 114688

1745392968
/dev/nvme3n1p1: 1497355968512
none: 114688

1745392969
/dev/nvme3n1p1: 1497363795968
none: 114688

1745392970
/dev/nvme3n1p1: 1497369755648
none: 114688

1745392971
/dev/nvme3n1p1: 1497400516608
none: 114688

1745392972
/dev/nvme3n1p1: 1497442828288
none: 114688

1745392973
/dev/nvme3n1p1: 1497516949504
none: 114688

1745392974
/dev/nvme3n1p1: 1497591738368
none: 114688

1745392975
/dev/nvme3n1p1: 1497749786624
none: 114688

1745392976
/dev/nvme3n1p1: 1497914048512
none: 114688

1745392977
/dev/nvme3n1p1: 1498089377792
none: 114688

1745392978
/dev/nvme3n1p1: 1498275811328
none: 114688

1745392980
/dev/nvme3n1p1: 1498825986048
none: 114688

1745392981
/dev/nvme3n1p1: 1499244498944
none: 114688

1745392982
/dev/nvme3n1p1: 1499659370496
none: 114688

1745392983
/dev/nvme3n1p1: 1500036599808
none: 114688

1745392985
/dev/nvme3n1p1: 1500129198080
none: 114688

1745392986
/dev/nvme3n1p1: 1500129198080
none: 114688

1745392987
/dev/nvme3n1p1: 1500129198080
none: 114688

1745392988
/dev/nvme3n1p1: 1500152193024
none: 114688

1745392989
/dev/nvme3n1p1: 1500181524480
none: 114688

1745392990
/dev/nvme3n1p1: 1500473495552
none: 114688

1745392991
/dev/nvme3n1p1: 1501148278784
none: 114688

1745392992
/dev/nvme3n1p1: 1501148176384
none: 4096

1745392993
/dev/nvme3n1p1: 1501148176384
none: 4096

1745392994
/dev/nvme3n1p1: 1501149114368
none: 4096

1745392995
/dev/nvme3n1p1: 1501149478912
none: 4096

1745392996
/dev/nvme3n1p1: 1501151367168
none: 4096

1745392997
/dev/nvme3n1p1: 1501164535808
none: 4096

1745392999
/dev/nvme3n1p1: 1501178986496
none: 4096

1745393000
/dev/nvme3n1p1: 1501179813888
none: 4096

1745393001
/dev/nvme3n1p1: 1501187710976
none: 4096

1745393003
/dev/nvme3n1p1: 1501202595840
none: 4096

1745393004
/dev/nvme3n1p1: 1501214375936
none: 4096

1745393005
/dev/nvme3n1p1: 1501224865792
none: 4096

1745393006
/dev/nvme3n1p1: 1501227843584
none: 4096

1745393007
/dev/nvme3n1p1: 1501231288320
none: 4096

1745393008
/dev/nvme3n1p1: 1501234991104
none: 4096

1745393009
/dev/nvme3n1p1: 1501238177792
none: 4096

1745393010
/dev/nvme3n1p1: 1501243301888
none: 4096

1745393011
/dev/nvme3n1p1: 1501246976000
none: 4096

1745393013
/dev/nvme3n1p1: 1501256884224
none: 4096

1745393014
/dev/nvme3n1p1: 1501264293888
none: 4096

1745393015
/dev/nvme3n1p1: 1501269823488
none: 4096

1745393016
/dev/nvme3n1p1: 1501275529216
none: 4096

1745393017
/dev/nvme3n1p1: 1501279150080
none: 4096

1745393018
/dev/nvme3n1p1: 1501284106240
none: 4096

1745393019
/dev/nvme3n1p1: 1501288460288
none: 4096

1745393020
/dev/nvme3n1p1: 1501295595520
none: 4096

1745393021
/dev/nvme3n1p1: 1501308166144
none: 4096

1745393022
/dev/nvme3n1p1: 1501320617984
none: 4096

1745393023
/dev/nvme3n1p1: 1501322067968
none: 4096

1745393024
/dev/nvme3n1p1: 1501327425536
none: 4096

1745393026
/dev/nvme3n1p1: 1501342326784
none: 4096

1745393027
/dev/nvme3n1p1: 1501346897920
none: 4096

1745393028
/dev/nvme3n1p1: 1501348732928
none: 4096

1745393029
/dev/nvme3n1p1: 1501354446848
none: 4096

1745393030
/dev/nvme3n1p1: 1501360029696
none: 4096

1745393031
/dev/nvme3n1p1: 1501366501376
none: 4096

1745393032
/dev/nvme3n1p1: 1501368602624
none: 4096

1745393033
/dev/nvme3n1p1: 1501371731968
none: 4096

1745393034
/dev/nvme3n1p1: 1501380993024
none: 4096

1745393035
/dev/nvme3n1p1: 1501385408512
none: 4096

1745393036
/dev/nvme3n1p1: 1501391892480
none: 4096

1745393037
/dev/nvme3n1p1: 1501391892480
none: 4096

1745393038
/dev/nvme3n1p1: 1501393444864
none: 4096

1745393039
/dev/nvme3n1p1: 1501400047616
none: 4096

1745393040
/dev/nvme3n1p1: 1501402624000
none: 4096

1745393041
/dev/nvme3n1p1: 1501402992640
none: 4096

1745393042
/dev/nvme3n1p1: 1501408800768
none: 4096

1745393043
/dev/nvme3n1p1: 1501409607680
none: 4096

1745393044
/dev/nvme3n1p1: 1501412589568
none: 4096

1745393045
/dev/nvme3n1p1: 1501422948352
none: 4096

1745393046
/dev/nvme3n1p1: 1501433270272
none: 4096

1745393047
/dev/nvme3n1p1: 1501438709760
none: 4096

1745393048
/dev/nvme3n1p1: 1501442306048
none: 4096

1745393049
/dev/nvme3n1p1: 1501445484544
none: 4096

1745393051
/dev/nvme3n1p1: 1501454618624
none: 4096

1745393052
/dev/nvme3n1p1: 1501463498752
none: 4096

1745393053
/dev/nvme3n1p1: 1501473316864
none: 4096

1745393054
/dev/nvme3n1p1: 1501480988672
none: 4096

1745393055
/dev/nvme3n1p1: 1501483175936
none: 4096

1745393056
/dev/nvme3n1p1: 1501486485504
none: 4096

1745393057
/dev/nvme3n1p1: 1501487329280
none: 4096

1745393058
/dev/nvme3n1p1: 1501489090560
none: 4096

1745393059
/dev/nvme3n1p1: 1501493116928
none: 4096

1745393060
/dev/nvme3n1p1: 1501499387904
none: 4096

1745393061
/dev/nvme3n1p1: 1501503713280
none: 4096

1745393062
/dev/nvme3n1p1: 1501505228800
none: 4096

1745393063
/dev/nvme3n1p1: 1501508022272
none: 4096

1745393064
/dev/nvme3n1p1: 1501509230592
none: 4096

1745393065
/dev/nvme3n1p1: 1501511438336
none: 4096

1745393066
/dev/nvme3n1p1: 1501519765504
none: 4096

1745393067
/dev/nvme3n1p1: 1501522014208
none: 4096

1745393068
/dev/nvme3n1p1: 1501527896064
none: 4096

1745393069
/dev/nvme3n1p1: 1501536763904
none: 4096

1745393070
/dev/nvme3n1p1: 1501546024960
none: 4096

1745393071
/dev/nvme3n1p1: 1501549461504
none: 4096

1745393072
/dev/nvme3n1p1: 1501553786880
none: 4096

1745393073
/dev/nvme3n1p1: 1501557563392
none: 4096

1745393074
/dev/nvme3n1p1: 1501571821568
none: 4096

1745393075
/dev/nvme3n1p1: 1501577482240
none: 4096

1745393076
/dev/nvme3n1p1: 1501584244736
none: 4096

1745393077
/dev/nvme3n1p1: 1501590208512
none: 4096

1745393078
/dev/nvme3n1p1: 1501597356032
none: 4096

1745393079
/dev/nvme3n1p1: 1501603491840
none: 4096

1745393080
/dev/nvme3n1p1: 1501611003904
none: 4096

1745393081
/dev/nvme3n1p1: 1501618274304
none: 4096

1745393082
/dev/nvme3n1p1: 1501622509568
none: 4096

1745393083
/dev/nvme3n1p1: 1501626843136
none: 4096

1745393084
/dev/nvme3n1p1: 1501633085440
none: 4096

1745393086
/dev/nvme3n1p1: 1501645008896
none: 4096

1745393087
/dev/nvme3n1p1: 1501648048128
none: 4096

1745393088
/dev/nvme3n1p1: 1501649227776
none: 4096

1745393089
/dev/nvme3n1p1: 1501649711104
none: 4096

1745393090
/dev/nvme3n1p1: 1501650575360
none: 4096

1745393091
/dev/nvme3n1p1: 1501651193856
none: 4096

1745393092
/dev/nvme3n1p1: 1501652885504
none: 4096

1745393093
/dev/nvme3n1p1: 1501653905408
none: 4096

1745393094
/dev/nvme3n1p1: 1501654192128
none: 4096

1745393095
/dev/nvme3n1p1: 1501654700032
none: 4096

1745393096
/dev/nvme3n1p1: 1501655228416
none: 4096

1745393097
/dev/nvme3n1p1: 1501655900160
none: 4096

1745393098
/dev/nvme3n1p1: 1501656231936
none: 4096

1745393099
/dev/nvme3n1p1: 1501657030656
none: 4096

1745393100
/dev/nvme3n1p1: 1501657038848
none: 4096

1745393101
/dev/nvme3n1p1: 1501657038848
none: 4096

1745393102
/dev/nvme3n1p1: 1501657231360
none: 4096

1745393103
/dev/nvme3n1p1: 1501659381760
none: 4096

1745393104
/dev/nvme3n1p1: 1501663580160
none: 4096

1745393105
/dev/nvme3n1p1: 1501665677312
none: 4096

1745393106
/dev/nvme3n1p1: 1501667414016
none: 4096

1745393107
/dev/nvme3n1p1: 1501669064704
none: 4096

1745393108
/dev/nvme3n1p1: 1501673828352
none: 4096

1745393109
/dev/nvme3n1p1: 1501675331584
none: 4096

1745393110
/dev/nvme3n1p1: 1501681774592
none: 4096

1745393111
/dev/nvme3n1p1: 1501684363264
none: 4096

1745393112
/dev/nvme3n1p1: 1501686177792
none: 4096

1745393113
/dev/nvme3n1p1: 1501690683392
none: 4096

1745393114
/dev/nvme3n1p1: 1501700161536
none: 4096

1745393115
/dev/nvme3n1p1: 1501709828096
none: 4096

1745393116
/dev/nvme3n1p1: 1501717315584
none: 4096

1745393117
/dev/nvme3n1p1: 1501722312704
none: 4096

1745393118
/dev/nvme3n1p1: 1501725106176
none: 4096

1745393119
/dev/nvme3n1p1: 1501730406400
none: 4096

1745393120
/dev/nvme3n1p1: 1501733830656
none: 4096

1745393121
/dev/nvme3n1p1: 1501740060672
none: 4096

1745393122
/dev/nvme3n1p1: 1501744013312
none: 4096

1745393123
/dev/nvme3n1p1: 1501750816768
none: 4096

1745393124
/dev/nvme3n1p1: 1501755019264
none: 4096

1745393125
/dev/nvme3n1p1: 1501758083072
none: 4096

1745393126
/dev/nvme3n1p1: 1501759430656
none: 4096

1745393127
/dev/nvme3n1p1: 1501762998272
none: 4096

1745393128
/dev/nvme3n1p1: 1501763956736
none: 4096

1745393129
/dev/nvme3n1p1: 1501772709888
none: 4096

1745393130
/dev/nvme3n1p1: 1501778976768
none: 4096

1745393131
/dev/nvme3n1p1: 1501783347200
none: 4096

1745393132
/dev/nvme3n1p1: 1501787750400
none: 4096

1745393133
/dev/nvme3n1p1: 1501790928896
none: 4096

1745393134
/dev/nvme3n1p1: 1501795745792
none: 4096

1745393135
/dev/nvme3n1p1: 1501801099264
none: 4096

1745393136
/dev/nvme3n1p1: 1501805346816
none: 4096

1745393137
/dev/nvme3n1p1: 1501811052544
none: 4096

1745393138
/dev/nvme3n1p1: 1501813166080
none: 4096

1745393139
/dev/nvme3n1p1: 1501823172608
none: 4096

1745393140
/dev/nvme3n1p1: 1501825949696
none: 4096

1745393141
/dev/nvme3n1p1: 1501836640256
none: 4096

1745393142
/dev/nvme3n1p1: 1501842391040
none: 4096

1745393143
/dev/nvme3n1p1: 1501846134784
none: 4096

1745393144
/dev/nvme3n1p1: 1501849108480
none: 4096

1745393145
/dev/nvme3n1p1: 1501850144768
none: 4096

1745393146
/dev/nvme3n1p1: 1501866774528
none: 4096

1745393147
/dev/nvme3n1p1: 1501874483200
none: 4096

1745393148
/dev/nvme3n1p1: 1501877714944
none: 4096

1745393149
/dev/nvme3n1p1: 1501881151488
none: 4096

1745393150
/dev/nvme3n1p1: 1501884145664
none: 4096

1745393151
/dev/nvme3n1p1: 1501894336512
none: 4096

1745393152
/dev/nvme3n1p1: 1501900996608
none: 4096

1745393153
/dev/nvme3n1p1: 1501905989632
none: 4096

1745393154
/dev/nvme3n1p1: 1501908291584
none: 4096

1745393155
/dev/nvme3n1p1: 1501912936448
none: 4096

1745393156
/dev/nvme3n1p1: 1501915234304
none: 4096

1745393157
/dev/nvme3n1p1: 1501919027200
none: 4096

1745393158
/dev/nvme3n1p1: 1501928546304
none: 4096

1745393159
/dev/nvme3n1p1: 1501934514176
none: 4096

1745393160
/dev/nvme3n1p1: 1501947555840
none: 4096

1745393161
/dev/nvme3n1p1: 1501954203648
none: 4096

1745393162
/dev/nvme3n1p1: 1501958762496
none: 4096

1745393163
/dev/nvme3n1p1: 1501962067968
none: 4096

1745393164
/dev/nvme3n1p1: 1501965225984
none: 4096

1745393165
/dev/nvme3n1p1: 1501968752640
none: 4096

1745393166
/dev/nvme3n1p1: 1501971030016
none: 4096

1745393167
/dev/nvme3n1p1: 1501977042944
none: 4096

1745393168
/dev/nvme3n1p1: 1501982732288
none: 4096

1745393169
/dev/nvme3n1p1: 1501987315712
none: 4096

1745393170
/dev/nvme3n1p1: 1501991702528
none: 4096

1745393171
/dev/nvme3n1p1: 1501997445120
none: 4096

1745393172
/dev/nvme3n1p1: 1502004776960
none: 4096

1745393173
/dev/nvme3n1p1: 1502013882368
none: 4096

1745393174
/dev/nvme3n1p1: 1502017925120
none: 4096

1745393175
/dev/nvme3n1p1: 1502021128192
none: 4096

1745393176
/dev/nvme3n1p1: 1502027636736
none: 4096

1745393177
/dev/nvme3n1p1: 1502030745600
none: 4096

1745393178
/dev/nvme3n1p1: 1502036152320
none: 4096

1745393179
/dev/nvme3n1p1: 1502038929408
none: 4096

1745393180
/dev/nvme3n1p1: 1502044188672
none: 4096

1745393181
/dev/nvme3n1p1: 1502049681408
none: 4096

1745393182
/dev/nvme3n1p1: 1502052913152
none: 4096

1745393183
/dev/nvme3n1p1: 1502057803776
none: 4096

1745393184
/dev/nvme3n1p1: 1502064390144
none: 4096

1745393185
/dev/nvme3n1p1: 1502071730176
none: 4096

1745393186
/dev/nvme3n1p1: 1502075547648
none: 4096

1745393187
/dev/nvme3n1p1: 1502079987712
none: 4096

1745393188
/dev/nvme3n1p1: 1502081794048
none: 4096

1745393189
/dev/nvme3n1p1: 1502086377472
none: 4096

1745393190
/dev/nvme3n1p1: 1502093074432
none: 4096

1745393191
/dev/nvme3n1p1: 1502097035264
none: 4096

1745393192
/dev/nvme3n1p1: 1502098845696
none: 4096

1745393193
/dev/nvme3n1p1: 1502103900160
none: 4096

1745393194
/dev/nvme3n1p1: 1502106243072
none: 4096

1745393195
/dev/nvme3n1p1: 1502113861632
none: 4096

1745393196
/dev/nvme3n1p1: 1502122438656
none: 4096

1745393197
/dev/nvme3n1p1: 1502127190016
none: 4096

1745393198
/dev/nvme3n1p1: 1502133903360
none: 4096

1745393199
/dev/nvme3n1p1: 1502141771776
none: 4096

1745393200
/dev/nvme3n1p1: 1502147121152
none: 4096

1745393201
/dev/nvme3n1p1: 1502149029888
none: 4096

1745393202
/dev/nvme3n1p1: 1502154362880
none: 4096

1745393203
/dev/nvme3n1p1: 1502160986112
none: 4096

1745393204
/dev/nvme3n1p1: 1502166085632
none: 4096

1745393205
/dev/nvme3n1p1: 1502172585984
none: 4096

1745393206
/dev/nvme3n1p1: 1502176481280
none: 4096

1745393207
/dev/nvme3n1p1: 1502180716544
none: 4096

1745393208
/dev/nvme3n1p1: 1502186668032
none: 4096

1745393209
/dev/nvme3n1p1: 1502191063040
none: 4096

1745393210
/dev/nvme3n1p1: 1502196645888
none: 4096

1745393211
/dev/nvme3n1p1: 1502201933824
none: 4096

1745393212
/dev/nvme3n1p1: 1502204878848
none: 4096

1745393213
/dev/nvme3n1p1: 1502207131648
none: 4096

1745393214
/dev/nvme3n1p1: 1502210740224
none: 4096

1745393215
/dev/nvme3n1p1: 1502214131712
none: 4096

1745393216
/dev/nvme3n1p1: 1502221041664
none: 4096

1745393217
/dev/nvme3n1p1: 1502224035840
none: 4096

1745393218
/dev/nvme3n1p1: 1502228529152
none: 4096

1745393219
/dev/nvme3n1p1: 1502234857472
none: 4096

1745393220
/dev/nvme3n1p1: 1502241349632
none: 4096

1745393221
/dev/nvme3n1p1: 1502245138432
none: 4096

1745393222
/dev/nvme3n1p1: 1502250143744
none: 4096

1745393223
/dev/nvme3n1p1: 1502251294720
none: 4096

1745393224
/dev/nvme3n1p1: 1502254817280
none: 4096

1745393225
/dev/nvme3n1p1: 1502257909760
none: 4096

1745393226
/dev/nvme3n1p1: 1502262063104
none: 4096

1745393227
/dev/nvme3n1p1: 1502269419520
none: 4096

1745393228
/dev/nvme3n1p1: 1502274220032
none: 4096

1745393229
/dev/nvme3n1p1: 1502279827456
none: 4096

1745393230
/dev/nvme3n1p1: 1502286217216
none: 4096

1745393231
/dev/nvme3n1p1: 1502301712384
none: 4096

1745393232
/dev/nvme3n1p1: 1502304989184
none: 4096

1745393233
/dev/nvme3n1p1: 1502309801984
none: 4096

1745393234
/dev/nvme3n1p1: 1502314029056
none: 4096

1745393235
/dev/nvme3n1p1: 1502319792128
none: 4096

1745393236
/dev/nvme3n1p1: 1502319992832
none: 4096

1745393237
/dev/nvme3n1p1: 1502320902144
none: 4096

1745393238
/dev/nvme3n1p1: 1502321627136
none: 4096

1745393239
/dev/nvme3n1p1: 1502322728960
none: 4096

1745393240
/dev/nvme3n1p1: 1502324396032
none: 4096

1745393241
/dev/nvme3n1p1: 1502334111744
none: 4096

1745393242
/dev/nvme3n1p1: 1502344470528
none: 4096

1745393243
/dev/nvme3n1p1: 1502351765504
none: 4096

1745393244
/dev/nvme3n1p1: 1502357553152
none: 4096

1745393245
/dev/nvme3n1p1: 1502366384128
none: 4096

1745393246
/dev/nvme3n1p1: 1502368440320
none: 4096

1745393247
/dev/nvme3n1p1: 1502371221504
none: 4096

1745393248
/dev/nvme3n1p1: 1502376173568
none: 4096

1745393249
/dev/nvme3n1p1: 1502379454464
none: 4096

1745393250
/dev/nvme3n1p1: 1502387425280
none: 4096

1745393252
/dev/nvme3n1p1: 1502391693312
none: 4096

1745393253
/dev/nvme3n1p1: 1502398881792
none: 4096

1745393254
/dev/nvme3n1p1: 1502409699328
none: 4096

1745393255
/dev/nvme3n1p1: 1502412206080
none: 4096

1745393256
/dev/nvme3n1p1: 1502415560704
none: 4096

1745393257
/dev/nvme3n1p1: 1502417137664
none: 4096

1745393258
/dev/nvme3n1p1: 1502420783104
none: 4096

1745393259
/dev/nvme3n1p1: 1502427328512
none: 4096

1745393260
/dev/nvme3n1p1: 1502428909568
none: 4096

1745393261
/dev/nvme3n1p1: 1502434013184
none: 4096

1745393262
/dev/nvme3n1p1: 1502434693120
none: 4096

1745393263
/dev/nvme3n1p1: 1502439632896
none: 4096

1745393264
/dev/nvme3n1p1: 1502448136192
none: 4096

1745393265
/dev/nvme3n1p1: 1502459891712
none: 4096

1745393266
/dev/nvme3n1p1: 1502460719104
none: 4096

1745393267
/dev/nvme3n1p1: 1502463586304
none: 4096

1745393268
/dev/nvme3n1p1: 1502464544768
none: 4096

1745393269
/dev/nvme3n1p1: 1502476398592
none: 4096

1745393270
/dev/nvme3n1p1: 1502479687680
none: 4096

1745393271
/dev/nvme3n1p1: 1502481047552
none: 4096

1745393272
/dev/nvme3n1p1: 1502481051648
none: 4096

1745393273
/dev/nvme3n1p1: 1502481051648
none: 4096

1745393275
/dev/nvme3n1p1: 1502486609920
none: 4096

1745393276
/dev/nvme3n1p1: 1502487556096
none: 4096

1745393277
/dev/nvme3n1p1: 1502487556096
none: 4096

1745393278
/dev/nvme3n1p1: 1502487556096
none: 4096

1745393279
/dev/nvme3n1p1: 1502487556096
none: 4096

1745393280
/dev/nvme3n1p1: 1502487556096
none: 4096

1745393282
/dev/nvme3n1p1: 1502499192832
none: 4096

1745393283
/dev/nvme3n1p1: 1502502141952
none: 4096

1745393284
/dev/nvme3n1p1: 1502511910912
none: 4096

1745393285
/dev/nvme3n1p1: 1502516080640
none: 4096

1745393286
/dev/nvme3n1p1: 1502532947968
none: 4096

1745393287
/dev/nvme3n1p1: 1502540812288
none: 4096

1745393288
/dev/nvme3n1p1: 1502542692352
none: 4096

1745393289
/dev/nvme3n1p1: 1502549032960
none: 4096

1745393290
/dev/nvme3n1p1: 1502560436224
none: 4096

1745393291
/dev/nvme3n1p1: 1502562897920
none: 4096

1745393292
/dev/nvme3n1p1: 1502570061824
none: 4096

1745393293
/dev/nvme3n1p1: 1502573289472
none: 4096

1745393294
/dev/nvme3n1p1: 1502575087616
none: 4096

1745393295
/dev/nvme3n1p1: 1502583238656
none: 4096

1745393296
/dev/nvme3n1p1: 1502587146240
none: 4096

1745393297
/dev/nvme3n1p1: 1502588563456
none: 4096

1745393298
/dev/nvme3n1p1: 1502589054976
none: 4096

1745393299
/dev/nvme3n1p1: 1502593712128
none: 4096

1745393300
/dev/nvme3n1p1: 1502596435968
none: 4096

1745393301
/dev/nvme3n1p1: 1502599716864
none: 4096

1745393302
/dev/nvme3n1p1: 1502601199616
none: 4096

1745393303
/dev/nvme3n1p1: 1502602702848
none: 4096

1745393304
/dev/nvme3n1p1: 1502606835712
none: 4096

1745393305
/dev/nvme3n1p1: 1502618091520
none: 4096

1745393306
/dev/nvme3n1p1: 1502620536832
none: 4096

1745393307
/dev/nvme3n1p1: 1502621917184
none: 4096

1745393308
/dev/nvme3n1p1: 1502624104448
none: 4096

1745393309
/dev/nvme3n1p1: 1502627938304
none: 4096

1745393310
/dev/nvme3n1p1: 1502630920192
none: 4096

1745393311
/dev/nvme3n1p1: 1502634283008
none: 4096

1745393312
/dev/nvme3n1p1: 1502637518848
none: 4096

1745393313
/dev/nvme3n1p1: 1502639443968
none: 4096

1745393314
/dev/nvme3n1p1: 1502647361536
none: 4096

1745393315
/dev/nvme3n1p1: 1502654943232
none: 4096

1745393316
/dev/nvme3n1p1: 1502657155072
none: 4096

1745393317
/dev/nvme3n1p1: 1502657982464
none: 4096

1745393318
/dev/nvme3n1p1: 1502660526080
none: 4096

1745393319
/dev/nvme3n1p1: 1502661672960
none: 4096

1745393320
/dev/nvme3n1p1: 1502667980800
none: 4096

1745393321
/dev/nvme3n1p1: 1502670053376
none: 4096

1745393322
/dev/nvme3n1p1: 1502672134144
none: 4096

1745393323
/dev/nvme3n1p1: 1502674567168
none: 4096

1745393324
/dev/nvme3n1p1: 1502677893120
none: 4096

1745393325
/dev/nvme3n1p1: 1502679801856
none: 4096

1745393326
/dev/nvme3n1p1: 1502680281088
none: 4096

1745393327
/dev/nvme3n1p1: 1502685413376
none: 4096

1745393328
/dev/nvme3n1p1: 1502686490624
none: 4096

1745393329
/dev/nvme3n1p1: 1502691446784
none: 4096

1745393330
/dev/nvme3n1p1: 1502696824832
none: 4096

1745393331
/dev/nvme3n1p1: 1502698520576
none: 4096

1745393332
/dev/nvme3n1p1: 1502703886336
none: 4096

1745393333
/dev/nvme3n1p1: 1502708350976
none: 4096

1745393334
/dev/nvme3n1p1: 1502712311808
none: 4096

1745393335
/dev/nvme3n1p1: 1502729953280
none: 4096

1745393336
/dev/nvme3n1p1: 1502734180352
none: 4096

1745393337
/dev/nvme3n1p1: 1502738898944
none: 4096

1745393338
/dev/nvme3n1p1: 1502742609920
none: 4096

1745393339
/dev/nvme3n1p1: 1502748217344
none: 4096

1745393340
/dev/nvme3n1p1: 1502751805440
none: 4096

1745393342
/dev/nvme3n1p1: 1502761881600
none: 4096

1745393343
/dev/nvme3n1p1: 1502763597824
none: 4096

1745393344
/dev/nvme3n1p1: 1502769213440
none: 4096

1745393345
/dev/nvme3n1p1: 1502771757056
none: 4096

1745393346
/dev/nvme3n1p1: 1502777008128
none: 4096

1745393347
/dev/nvme3n1p1: 1502779895808
none: 4096

1745393348
/dev/nvme3n1p1: 1502787584000
none: 4096

1745393349
/dev/nvme3n1p1: 1502795866112
none: 4096

1745393350
/dev/nvme3n1p1: 1502803312640
none: 4096

1745393351
/dev/nvme3n1p1: 1502806564864
none: 4096

1745393352
/dev/nvme3n1p1: 1502811205632
none: 4096

1745393353
/dev/nvme3n1p1: 1502816120832
none: 4096

1745393354
/dev/nvme3n1p1: 1502822191104
none: 4096

1745393355
/dev/nvme3n1p1: 1502830530560
none: 4096

1745393356
/dev/nvme3n1p1: 1502833557504
none: 4096

1745393357
/dev/nvme3n1p1: 1502838554624
none: 4096

1745393358
/dev/nvme3n1p1: 1502845628416
none: 4096

1745393359
/dev/nvme3n1p1: 1502853861376
none: 4096

1745393360
/dev/nvme3n1p1: 1502856990720
none: 4096

1745393361
/dev/nvme3n1p1: 1502864404480
none: 4096

1745393362
/dev/nvme3n1p1: 1502867865600
none: 4096

1745393364
/dev/nvme3n1p1: 1502876352512
none: 4096

1745393365
/dev/nvme3n1p1: 1502876778496
none: 4096

1745393366
/dev/nvme3n1p1: 1502880038912
none: 4096

1745393367
/dev/nvme3n1p1: 1502885789696
none: 4096

1745393368
/dev/nvme3n1p1: 1502896189440
none: 4096

1745393369
/dev/nvme3n1p1: 1502903685120
none: 4096

1745393370
/dev/nvme3n1p1: 1502904143872
none: 4096

1745393371
/dev/nvme3n1p1: 1502904143872
none: 4096

1745393372
/dev/nvme3n1p1: 1502905221120
none: 4096

1745393373
/dev/nvme3n1p1: 1502907719680
none: 4096

1745393374
/dev/nvme3n1p1: 1502909517824
none: 4096

1745393375
/dev/nvme3n1p1: 1502918254592
none: 4096

1745393376
/dev/nvme3n1p1: 1502931316736
none: 4096

1745393377
/dev/nvme3n1p1: 1502933405696
none: 4096

1745393378
/dev/nvme3n1p1: 1502935744512
none: 4096

1745393379
/dev/nvme3n1p1: 1502937722880
none: 4096

1745393380
/dev/nvme3n1p1: 1502939860992
none: 4096

1745393381
/dev/nvme3n1p1: 1502945296384
none: 4096

1745393382
/dev/nvme3n1p1: 1502955573248
none: 4096

1745393383
/dev/nvme3n1p1: 1502963937280
none: 4096

1745393384
/dev/nvme3n1p1: 1502969581568
none: 4096

1745393385
/dev/nvme3n1p1: 1502970580992
none: 4096

1745393386
/dev/nvme3n1p1: 1502973624320
none: 4096

1745393387
/dev/nvme3n1p1: 1502974644224
none: 4096

1745393388
/dev/nvme3n1p1: 1502978383872
none: 4096

1745393389
/dev/nvme3n1p1: 1502982569984
none: 4096

1745393390
/dev/nvme3n1p1: 1502986080256
none: 4096

1745393391
/dev/nvme3n1p1: 1502990401536
none: 4096

1745393392
/dev/nvme3n1p1: 1502994960384
none: 4096

1745393393
/dev/nvme3n1p1: 1502997348352
none: 4096

1745393394
/dev/nvme3n1p1: 1502999552000
none: 4096

1745393395
/dev/nvme3n1p1: 1503002435584
none: 4096

1745393396
/dev/nvme3n1p1: 1503010914304
none: 4096

1745393397
/dev/nvme3n1p1: 1503018426368
none: 4096

1745393398
/dev/nvme3n1p1: 1503021719552
none: 4096

1745393399
/dev/nvme3n1p1: 1503026049024
none: 4096

1745393400
/dev/nvme3n1p1: 1503028785152
none: 4096

1745393401
/dev/nvme3n1p1: 1503036715008
none: 4096

1745393402
/dev/nvme3n1p1: 1503039705088
none: 4096

1745393403
/dev/nvme3n1p1: 1503048855552
none: 4096

1745393404
/dev/nvme3n1p1: 1503053213696
none: 4096

1745393405
/dev/nvme3n1p1: 1503062937600
none: 4096

1745393406
/dev/nvme3n1p1: 1503066079232
none: 4096

1745393407
/dev/nvme3n1p1: 1503070298112
none: 4096

1745393408
/dev/nvme3n1p1: 1503073525760
none: 4096

1745393409
/dev/nvme3n1p1: 1503082442752
none: 4096

1745393410
/dev/nvme3n1p1: 1503088545792
none: 4096

1745393411
/dev/nvme3n1p1: 1503094190080
none: 4096

1745393412
/dev/nvme3n1p1: 1503096676352
none: 4096

1745393413
/dev/nvme3n1p1: 1503101263872
none: 4096

1745393414
/dev/nvme3n1p1: 1503105261568
none: 4096

1745393415
/dev/nvme3n1p1: 1503115825152
none: 4096

1745393416
/dev/nvme3n1p1: 1503119962112
none: 4096

1745393417
/dev/nvme3n1p1: 1503126323200
none: 4096

1745393418
/dev/nvme3n1p1: 1503131828224
none: 4096

1745393419
/dev/nvme3n1p1: 1503135313920
none: 4096

1745393420
/dev/nvme3n1p1: 1503138996224
none: 4096

1745393421
/dev/nvme3n1p1: 1503141433344
none: 4096

1745393422
/dev/nvme3n1p1: 1503144460288
none: 4096

1745393423
/dev/nvme3n1p1: 1503154814976
none: 4096

1745393424
/dev/nvme3n1p1: 1503163088896
none: 4096

1745393425
/dev/nvme3n1p1: 1503167361024
none: 4096

1745393426
/dev/nvme3n1p1: 1503168765952
none: 4096

1745393427
/dev/nvme3n1p1: 1503176867840
none: 4096

1745393428
/dev/nvme3n1p1: 1503180632064
none: 4096

1745393430
/dev/nvme3n1p1: 1503191986176
none: 4096

1745393431
/dev/nvme3n1p1: 1503199748096
none: 4096

1745393432
/dev/nvme3n1p1: 1503205228544
none: 4096

1745393433
/dev/nvme3n1p1: 1503209381888
none: 4096

1745393435
/dev/nvme3n1p1: 1503217270784
none: 4096

1745393436
/dev/nvme3n1p1: 1503222439936
none: 4096

1745393437
/dev/nvme3n1p1: 1503224549376
none: 4096

1745393438
/dev/nvme3n1p1: 1503230513152
none: 4096

1745393439
/dev/nvme3n1p1: 1503236997120
none: 4096

1745393440
/dev/nvme3n1p1: 1503242854400
none: 4096

1745393441
/dev/nvme3n1p1: 1503248887808
none: 4096

1745393442
/dev/nvme3n1p1: 1503250165760
none: 4096

1745393443
/dev/nvme3n1p1: 1503256145920
none: 4096

1745393444
/dev/nvme3n1p1: 1503260700672
none: 4096

1745393445
/dev/nvme3n1p1: 1503266287616
none: 4096

1745393446
/dev/nvme3n1p1: 1503269838848
none: 4096

1745393447
/dev/nvme3n1p1: 1503272472576
none: 4096

1745393449
/dev/nvme3n1p1: 1503274557440
none: 4096

1745393450
/dev/nvme3n1p1: 1503276515328
none: 4096

1745393451
/dev/nvme3n1p1: 1503280795648
none: 4096

1745393452
/dev/nvme3n1p1: 1503282757632
none: 4096

1745393453
/dev/nvme3n1p1: 1503288713216
none: 4096

1745393454
/dev/nvme3n1p1: 1503304830976
none: 4096

1745393455
/dev/nvme3n1p1: 1503309660160
none: 4096

1745393456
/dev/nvme3n1p1: 1503310487552
none: 4096

1745393457
/dev/nvme3n1p1: 1503312175104
none: 4096

1745393458
/dev/nvme3n1p1: 1503314518016
none: 4096

1745393459
/dev/nvme3n1p1: 1503316307968
none: 4096

1745393460
/dev/nvme3n1p1: 1503318097920
none: 4096

1745393461
/dev/nvme3n1p1: 1503322226688
none: 4096

1745393462
/dev/nvme3n1p1: 1503325061120
none: 4096

1745393463
/dev/nvme3n1p1: 1503333691392
none: 4096

1745393464
/dev/nvme3n1p1: 1503336263680
none: 4096

1745393465
/dev/nvme3n1p1: 1503337959424
none: 4096

1745393466
/dev/nvme3n1p1: 1503339536384
none: 4096

1745393467
/dev/nvme3n1p1: 1503345680384
none: 4096

1745393468
/dev/nvme3n1p1: 1503355559936
none: 4096

1745393469
/dev/nvme3n1p1: 1503362232320
none: 4096

1745393470
/dev/nvme3n1p1: 1503364100096
none: 4096

1745393471
/dev/nvme3n1p1: 1503367987200
none: 4096

1745393472
/dev/nvme3n1p1: 1503373893632
none: 4096

1745393473
/dev/nvme3n1p1: 1503376277504
none: 4096

1745393474
/dev/nvme3n1p1: 1503385010176
none: 4096

1745393475
/dev/nvme3n1p1: 1503387660288
none: 4096

1745393476
/dev/nvme3n1p1: 1503395815424
none: 4096

1745393477
/dev/nvme3n1p1: 1503398998016
none: 4096

1745393478
/dev/nvme3n1p1: 1503399743488
none: 4096

1745393479
/dev/nvme3n1p1: 1503402721280
none: 4096

1745393480
/dev/nvme3n1p1: 1503407988736
none: 4096

1745393481
/dev/nvme3n1p1: 1503409119232
none: 4096

1745393482
/dev/nvme3n1p1: 1503414558720
none: 4096

1745393483
/dev/nvme3n1p1: 1503421120512
none: 4096

1745393484
/dev/nvme3n1p1: 1503423680512
none: 4096

1745393485
/dev/nvme3n1p1: 1503431864320
none: 4096

1745393486
/dev/nvme3n1p1: 1503440605184
none: 4096

1745393487
/dev/nvme3n1p1: 1503441686528
none: 4096

1745393488
/dev/nvme3n1p1: 1503445282816
none: 4096

1745393489
/dev/nvme3n1p1: 1503446003712
none: 4096

1745393490
/dev/nvme3n1p1: 1503447756800
none: 4096

1745393491
/dev/nvme3n1p1: 1503450034176
none: 4096

1745393492
/dev/nvme3n1p1: 1503458017280
none: 4096

1745393493
/dev/nvme3n1p1: 1503463612416
none: 4096

1745393494
/dev/nvme3n1p1: 1503464325120
none: 4096

1745393495
/dev/nvme3n1p1: 1503465082880
none: 4096

1745393496
/dev/nvme3n1p1: 1503475589120
none: 4096

1745393497
/dev/nvme3n1p1: 1503481344000
none: 4096

1745393498
/dev/nvme3n1p1: 1503485870080
none: 4096

1745393499
/dev/nvme3n1p1: 1503488495616
none: 4096

1745393500
/dev/nvme3n1p1: 1503494119424
none: 4096

1745393501
/dev/nvme3n1p1: 1503497572352
none: 4096

1745393502
/dev/nvme3n1p1: 1503505854464
none: 4096

1745393503
/dev/nvme3n1p1: 1503507705856
none: 4096

1745393504
/dev/nvme3n1p1: 1503524388864
none: 4096

1745393505
/dev/nvme3n1p1: 1503528570880
none: 4096

1745393506
/dev/nvme3n1p1: 1503531606016
none: 4096

1745393507
/dev/nvme3n1p1: 1503536619520
none: 4096

1745393508
/dev/nvme3n1p1: 1503538663424
none: 4096

1745393509
/dev/nvme3n1p1: 1503546732544
none: 4096

1745393510
/dev/nvme3n1p1: 1503550038016
none: 4096

1745393511
/dev/nvme3n1p1: 1503552135168
none: 4096

1745393512
/dev/nvme3n1p1: 1503553187840
none: 4096

1745393513
/dev/nvme3n1p1: 1503554347008
none: 4096

1745393514
/dev/nvme3n1p1: 1503560929280
none: 4096

1745393515
/dev/nvme3n1p1: 1503562899456
none: 4096

1745393516
/dev/nvme3n1p1: 1503563829248
none: 4096

1745393518
/dev/nvme3n1p1: 1503570677760
none: 4096

1745393519
/dev/nvme3n1p1: 1503576068096
none: 4096

1745393521
/dev/nvme3n1p1: 1503586803712
none: 4096

1745393522
/dev/nvme3n1p1: 1503588143104
none: 4096

1745393523
/dev/nvme3n1p1: 1503591944192
none: 4096

1745393524
/dev/nvme3n1p1: 1503592980480
none: 4096

1745393525
/dev/nvme3n1p1: 1503595360256
none: 4096

1745393526
/dev/nvme3n1p1: 1503599824896
none: 4096

1745393527
/dev/nvme3n1p1: 1503603593216
none: 4096

1745393528
/dev/nvme3n1p1: 1503603601408
none: 4096

1745393530
/dev/nvme3n1p1: 1503607033856
none: 4096

1745393531
/dev/nvme3n1p1: 1503608070144
none: 4096

1745393532
/dev/nvme3n1p1: 1503614763008
none: 4096

1745393533
/dev/nvme3n1p1: 1503616073728
none: 4096

1745393534
/dev/nvme3n1p1: 1503618232320
none: 4096

1745393535
/dev/nvme3n1p1: 1503619428352
none: 4096

1745393536
/dev/nvme3n1p1: 1503623151616
none: 4096

1745393537
/dev/nvme3n1p1: 1503626285056
none: 4096

1745393538
/dev/nvme3n1p1: 1503628455936
none: 4096

1745393539
/dev/nvme3n1p1: 1503631593472
none: 4096

1745393540
/dev/nvme3n1p1: 1503632818176
none: 4096

1745393541
/dev/nvme3n1p1: 1503635345408
none: 4096

1745393542
/dev/nvme3n1p1: 1503638450176
none: 4096

1745393543
/dev/nvme3n1p1: 1503641227264
none: 4096

1745393544
/dev/nvme3n1p1: 1503644139520
none: 4096

1745393545
/dev/nvme3n1p1: 1503647731712
none: 4096

1745393546
/dev/nvme3n1p1: 1503647985664
none: 4096

1745393547
/dev/nvme3n1p1: 1503650177024
none: 4096

1745393548
/dev/nvme3n1p1: 1503651733504
none: 4096

1745393549
/dev/nvme3n1p1: 1503654498304
none: 4096

1745393550
/dev/nvme3n1p1: 1503659278336
none: 4096

1745393551
/dev/nvme3n1p1: 1503661133824
none: 4096

1745393552
/dev/nvme3n1p1: 1503666364416
none: 4096

1745393553
/dev/nvme3n1p1: 1503678377984
none: 4096

1745393554
/dev/nvme3n1p1: 1503680434176
none: 4096

1745393555
/dev/nvme3n1p1: 1503684894720
none: 4096

1745393556
/dev/nvme3n1p1: 1503689801728
none: 4096

1745393557
/dev/nvme3n1p1: 1503692087296
none: 4096

1745393558
/dev/nvme3n1p1: 1503696035840
none: 4096

1745393559
/dev/nvme3n1p1: 1503710412800
none: 4096

1745393560
/dev/nvme3n1p1: 1503719837696
none: 4096

1745393561
/dev/nvme3n1p1: 1503723667456
none: 4096

1745393562
/dev/nvme3n1p1: 1503731965952
none: 4096

1745393563
/dev/nvme3n1p1: 1503735599104
none: 4096

1745393564
/dev/nvme3n1p1: 1503741218816
none: 4096

1745393565
/dev/nvme3n1p1: 1503744081920
none: 4096

1745393566
/dev/nvme3n1p1: 1503745101824
none: 4096

1745393567
/dev/nvme3n1p1: 1503745101824
none: 4096

1745393569
/dev/nvme3n1p1: 1503750598656
none: 4096

1745393570
/dev/nvme3n1p1: 1503754891264
none: 4096

1745393571
/dev/nvme3n1p1: 1503758860288
none: 4096

1745393572
/dev/nvme3n1p1: 1503761891328
none: 4096

1745393573
/dev/nvme3n1p1: 1503765413888
none: 4096

1745393574
/dev/nvme3n1p1: 1503771828224
none: 4096

1745393575
/dev/nvme3n1p1: 1503774183424
none: 4096

1745393576
/dev/nvme3n1p1: 1503777103872
none: 4096

1745393577
/dev/nvme3n1p1: 1503780102144
none: 4096

1745393578
/dev/nvme3n1p1: 1503784095744
none: 4096

1745393579
/dev/nvme3n1p1: 1503788048384
none: 4096

1745393580
/dev/nvme3n1p1: 1503790338048
none: 4096

1745393581
/dev/nvme3n1p1: 1503792373760
none: 4096

1745393582
/dev/nvme3n1p1: 1503794028544
none: 4096

1745393583
/dev/nvme3n1p1: 1503795564544
none: 4096

1745393584
/dev/nvme3n1p1: 1503810916352
none: 4096

1745393585
/dev/nvme3n1p1: 1503810916352
none: 4096

1745393586
/dev/nvme3n1p1: 1503812083712
none: 4096

1745393588
/dev/nvme3n1p1: 1503819276288
none: 4096

1745393589
/dev/nvme3n1p1: 1503824257024
none: 4096

1745393590
/dev/nvme3n1p1: 1503826247680
none: 4096

1745393591
/dev/nvme3n1p1: 1503826247680
none: 4096

1745393593
/dev/nvme3n1p1: 1503836119040
none: 4096

1745393594
/dev/nvme3n1p1: 1503839952896
none: 4096

1745393595
/dev/nvme3n1p1: 1503843151872
none: 4096

1745393596
/dev/nvme3n1p1: 1503849095168
none: 4096

1745393597
/dev/nvme3n1p1: 1503850758144
none: 4096

1745393598
/dev/nvme3n1p1: 1503853375488
none: 4096

1745393599
/dev/nvme3n1p1: 1503853412352
none: 4096

1745393600
/dev/nvme3n1p1: 1503855665152
none: 4096

1745393601
/dev/nvme3n1p1: 1503859937280
none: 4096

1745393602
/dev/nvme3n1p1: 1503862325248
none: 4096

1745393603
/dev/nvme3n1p1: 1503863201792
none: 4096

1745393604
/dev/nvme3n1p1: 1503864975360
none: 4096

1745393605
/dev/nvme3n1p1: 1503870582784
none: 4096

1745393606
/dev/nvme3n1p1: 1503871168512
none: 4096

1745393607
/dev/nvme3n1p1: 1503873404928
none: 4096

1745393608
/dev/nvme3n1p1: 1503876063232
none: 4096

1745393609
/dev/nvme3n1p1: 1503880937472
none: 4096

1745393610
/dev/nvme3n1p1: 1503884292096
none: 4096

1745393611
/dev/nvme3n1p1: 1503889412096
none: 4096

1745393612
/dev/nvme3n1p1: 1503890874368
none: 4096

1745393613
/dev/nvme3n1p1: 1503893663744
none: 4096

1745393614
/dev/nvme3n1p1: 1503895302144
none: 4096

1745393615
/dev/nvme3n1p1: 1503896395776
none: 4096

1745393616
/dev/nvme3n1p1: 1503900864512
none: 4096

1745393617
/dev/nvme3n1p1: 1503901851648
none: 4096

1745393618
/dev/nvme3n1p1: 1503905673216
none: 4096

1745393619
/dev/nvme3n1p1: 1503906791424
none: 4096

1745393620
/dev/nvme3n1p1: 1503912103936
none: 4096

1745393621
/dev/nvme3n1p1: 1503917576192
none: 4096

1745393622
/dev/nvme3n1p1: 1503920361472
none: 4096

1745393623
/dev/nvme3n1p1: 1503924244480
none: 4096

1745393624
/dev/nvme3n1p1: 1503932051456
none: 4096

1745393625
/dev/nvme3n1p1: 1503937015808
none: 4096

1745393626
/dev/nvme3n1p1: 1503939964928
none: 4096

1745393627
/dev/nvme3n1p1: 1503941050368
none: 4096

1745393628
/dev/nvme3n1p1: 1503943647232
none: 4096

1745393629
/dev/nvme3n1p1: 1503949230080
none: 4096

1745393630
/dev/nvme3n1p1: 1503952953344
none: 4096

1745393631
/dev/nvme3n1p1: 1503955189760
none: 4096

1745393632
/dev/nvme3n1p1: 1503959052288
none: 4096

1745393633
/dev/nvme3n1p1: 1503963353088
none: 4096

1745393634
/dev/nvme3n1p1: 1503963402240
none: 4096

1745393635
/dev/nvme3n1p1: 1503969714176
none: 4096

1745393637
/dev/nvme3n1p1: 1503973498880
none: 4096

1745393638
/dev/nvme3n1p1: 1503977742336
none: 4096

1745393639
/dev/nvme3n1p1: 1503983230976
none: 4096

1745393640
/dev/nvme3n1p1: 1503988383744
none: 4096

1745393641
/dev/nvme3n1p1: 1503993729024
none: 4096

1745393642
/dev/nvme3n1p1: 1503996104704
none: 4096

1745393643
/dev/nvme3n1p1: 1503997149184
none: 4096

1745393644
/dev/nvme3n1p1: 1503999713280
none: 4096

1745393645
/dev/nvme3n1p1: 1504001478656
none: 4096

1745393646
/dev/nvme3n1p1: 1504003424256
none: 4096

1745393647
/dev/nvme3n1p1: 1504010199040
none: 4096

1745393648
/dev/nvme3n1p1: 1504011481088
none: 4096

1745393649
/dev/nvme3n1p1: 1504012554240
none: 4096

1745393650
/dev/nvme3n1p1: 1504014594048
none: 4096

1745393651
/dev/nvme3n1p1: 1504016637952
none: 4096

1745393652
/dev/nvme3n1p1: 1504018202624
none: 4096

1745393654
/dev/nvme3n1p1: 1504023187456
none: 4096

1745393655
/dev/nvme3n1p1: 1504027140096
none: 4096

1745393656
/dev/nvme3n1p1: 1504030953472
none: 4096

1745393657
/dev/nvme3n1p1: 1504031797248
none: 4096

1745393658
/dev/nvme3n1p1: 1504032251904
none: 4096

1745393659
/dev/nvme3n1p1: 1504035340288
none: 4096

1745393660
/dev/nvme3n1p1: 1504036708352
none: 4096

1745393661
/dev/nvme3n1p1: 1504041578496
none: 4096

1745393662
/dev/nvme3n1p1: 1504043470848
none: 4096

1745393663
/dev/nvme3n1p1: 1504047226880
none: 4096

1745393664
/dev/nvme3n1p1: 1504050159616
none: 4096

1745393665
/dev/nvme3n1p1: 1504053690368
none: 4096

1745393667
/dev/nvme3n1p1: 1504060026880
none: 4096

1745393668
/dev/nvme3n1p1: 1504060502016
none: 4096

1745393669
/dev/nvme3n1p1: 1504063209472
none: 4096

1745393670
/dev/nvme3n1p1: 1504065024000
none: 4096

1745393671
/dev/nvme3n1p1: 1504065921024
none: 4096

1745393672
/dev/nvme3n1p1: 1504070184960
none: 4096

1745393673
/dev/nvme3n1p1: 1504071045120
none: 4096

1745393674
/dev/nvme3n1p1: 1504075935744
none: 4096

1745393675
/dev/nvme3n1p1: 1504077418496
none: 4096

1745393676
/dev/nvme3n1p1: 1504078843904
none: 4096

1745393677
/dev/nvme3n1p1: 1504081862656
none: 4096

1745393678
/dev/nvme3n1p1: 1504084377600
none: 4096

1745393679
/dev/nvme3n1p1: 1504085622784
none: 4096

1745393680
/dev/nvme3n1p1: 1504089939968
none: 4096

1745393681
/dev/nvme3n1p1: 1504093474816
none: 4096

1745393682
/dev/nvme3n1p1: 1504097767424
none: 4096

1745393683
/dev/nvme3n1p1: 1504100352000
none: 4096

1745393684
/dev/nvme3n1p1: 1504102285312
none: 4096

1745393685
/dev/nvme3n1p1: 1504103235584
none: 4096

1745393687
/dev/nvme3n1p1: 1504111136768
none: 4096

1745393688
/dev/nvme3n1p1: 1504111665152
none: 4096

1745393689
/dev/nvme3n1p1: 1504113065984
none: 4096

1745393690
/dev/nvme3n1p1: 1504115048448
none: 4096

1745393691
/dev/nvme3n1p1: 1504120508416
none: 4096

1745393692
/dev/nvme3n1p1: 1504127221760
none: 4096

1745393693
/dev/nvme3n1p1: 1504134516736
none: 4096

1745393694
/dev/nvme3n1p1: 1504141418496
none: 4096

1745393695
/dev/nvme3n1p1: 1504150245376
none: 4096

1745393696
/dev/nvme3n1p1: 1504152506368
none: 4096

1745393697
/dev/nvme3n1p1: 1504155394048
none: 4096

1745393698
/dev/nvme3n1p1: 1504156422144
none: 4096

1745393699
/dev/nvme3n1p1: 1504160821248
none: 4096

1745393700
/dev/nvme3n1p1: 1504162062336
none: 4096

1745393701
/dev/nvme3n1p1: 1504172400640
none: 4096

1745393702
/dev/nvme3n1p1: 1504172609536
none: 4096

1745393703
/dev/nvme3n1p1: 1504173834240
none: 4096

1745393704
/dev/nvme3n1p1: 1504177221632
none: 4096

1745393705
/dev/nvme3n1p1: 1504187547648
none: 4096

1745393706
/dev/nvme3n1p1: 1504188493824
none: 4096

1745393707
/dev/nvme3n1p1: 1504190775296
none: 4096

1745393708
/dev/nvme3n1p1: 1504200351744
none: 4096

1745393709
/dev/nvme3n1p1: 1504209395712
none: 4096

1745393710
/dev/nvme3n1p1: 1504211279872
none: 4096

1745393711
/dev/nvme3n1p1: 1504216473600
none: 4096

1745393712
/dev/nvme3n1p1: 1504219758592
none: 4096

1745393713
/dev/nvme3n1p1: 1504227373056
none: 4096

1745393714
/dev/nvme3n1p1: 1504229404672
none: 4096

1745393715
/dev/nvme3n1p1: 1504233660416
none: 4096

1745393716
/dev/nvme3n1p1: 1504241254400
none: 4096

1745393717
/dev/nvme3n1p1: 1504247689216
none: 4096

1745393718
/dev/nvme3n1p1: 1504247934976
none: 4096

1745393719
/dev/nvme3n1p1: 1504252428288
none: 4096

1745393720
/dev/nvme3n1p1: 1504252882944
none: 4096

1745393721
/dev/nvme3n1p1: 1504260956160
none: 4096

1745393722
/dev/nvme3n1p1: 1504262909952
none: 4096

1745393723
/dev/nvme3n1p1: 1504264310784
none: 4096

1745393724
/dev/nvme3n1p1: 1504266338304
none: 4096

1745393725
/dev/nvme3n1p1: 1504270172160
none: 4096

1745393726
/dev/nvme3n1p1: 1504271380480
none: 4096

1745393727
/dev/nvme3n1p1: 1504271380480
none: 4096

1745393729
/dev/nvme3n1p1: 1504291024896
none: 4096

1745393730
/dev/nvme3n1p1: 1504291561472
none: 4096

1745393731
/dev/nvme3n1p1: 1504295542784
none: 4096

1745393732
/dev/nvme3n1p1: 1504303300608
none: 4096

1745393733
/dev/nvme3n1p1: 1504307703808
none: 4096

1745393734
/dev/nvme3n1p1: 1504308211712
none: 4096

1745393735
/dev/nvme3n1p1: 1504311259136
none: 4096

1745393736
/dev/nvme3n1p1: 1504312893440
none: 4096

1745393737
/dev/nvme3n1p1: 1504312897536
none: 4096

1745393739
/dev/nvme3n1p1: 1504316801024
none: 4096

1745393740
/dev/nvme3n1p1: 1504320618496
none: 4096

1745393741
/dev/nvme3n1p1: 1504323551232
none: 4096

1745393742
/dev/nvme3n1p1: 1504324624384
none: 4096

1745393743
/dev/nvme3n1p1: 1504329359360
none: 4096

1745393744
/dev/nvme3n1p1: 1504338702336
none: 4096

1745393745
/dev/nvme3n1p1: 1504345989120
none: 4096

1745393746
/dev/nvme3n1p1: 1504346857472
none: 4096

1745393747
/dev/nvme3n1p1: 1504349106176
none: 4096

1745393748
/dev/nvme3n1p1: 1504350478336
none: 4096

1745393749
/dev/nvme3n1p1: 1504354537472
none: 4096

1745393750
/dev/nvme3n1p1: 1504358170624
none: 4096

1745393751
/dev/nvme3n1p1: 1504365355008
none: 4096

1745393752
/dev/nvme3n1p1: 1504367505408
none: 4096

1745393754
/dev/nvme3n1p1: 1504369803264
none: 4096

1745393755
/dev/nvme3n1p1: 1504374472704
none: 4096

1745393756
/dev/nvme3n1p1: 1504377008128
none: 4096

1745393757
/dev/nvme3n1p1: 1504379846656
none: 4096

1745393758
/dev/nvme3n1p1: 1504380784640
none: 4096

1745393759
/dev/nvme3n1p1: 1504394571776
none: 4096

1745393760
/dev/nvme3n1p1: 1504394301440
none: 4096

1745393761
/dev/nvme3n1p1: 1504396537856
none: 4096

1745393762
/dev/nvme3n1p1: 1504397836288
none: 4096

1745393763
/dev/nvme3n1p1: 1504400359424
none: 4096

1745393764
/dev/nvme3n1p1: 1504404013056
none: 4096

1745393765
/dev/nvme3n1p1: 1504408088576
none: 4096

1745393766
/dev/nvme3n1p1: 1504411684864
none: 4096

1745393767
/dev/nvme3n1p1: 1504415170560
none: 4096

1745393768
/dev/nvme3n1p1: 1504419246080
none: 4096

1745393769
/dev/nvme3n1p1: 1504424460288
none: 4096

1745393770
/dev/nvme3n1p1: 1504425922560
none: 4096

1745393771
/dev/nvme3n1p1: 1504426184704
none: 4096

1745393772
/dev/nvme3n1p1: 1504432832512
none: 4096

1745393773
/dev/nvme3n1p1: 1504433139712
none: 4096

1745393774
/dev/nvme3n1p1: 1504437334016
none: 4096

1745393775
/dev/nvme3n1p1: 1504438702080
none: 4096

1745393776
/dev/nvme3n1p1: 1504442380288
none: 4096

1745393777
/dev/nvme3n1p1: 1504442380288
none: 4096

1745393779
/dev/nvme3n1p1: 1504452784128
none: 4096

1745393780
/dev/nvme3n1p1: 1504453165056
none: 4096

1745393781
/dev/nvme3n1p1: 1504455696384
none: 4096

1745393783
/dev/nvme3n1p1: 1504461545472
none: 4096

1745393784
/dev/nvme3n1p1: 1504469807104
none: 4096

1745393785
/dev/nvme3n1p1: 1504472449024
none: 4096

1745393786
/dev/nvme3n1p1: 1504476196864
none: 4096

1745393787
/dev/nvme3n1p1: 1504476196864
none: 4096

1745393788
/dev/nvme3n1p1: 1504476196864
none: 4096

1745393790
/dev/nvme3n1p1: 1504479109120
none: 4096

1745393791
/dev/nvme3n1p1: 1504480747520
none: 4096

1745393792
/dev/nvme3n1p1: 1504484192256
none: 4096

1745393793
/dev/nvme3n1p1: 1504490508288
none: 4096

1745393794
/dev/nvme3n1p1: 1504495017984
none: 4096

1745393795
/dev/nvme3n1p1: 1504514830336
none: 4096

1745393796
/dev/nvme3n1p1: 1504524681216
none: 4096

1745393797
/dev/nvme3n1p1: 1504527052800
none: 4096

1745393798
/dev/nvme3n1p1: 1504529707008
none: 4096

1745393799
/dev/nvme3n1p1: 1504533741568
none: 4096

1745393800
/dev/nvme3n1p1: 1504538869760
none: 4096

1745393801
/dev/nvme3n1p1: 1504548126720
none: 4096

1745393802
/dev/nvme3n1p1: 1504548372480
none: 4096

1745393803
/dev/nvme3n1p1: 1504551301120
none: 4096

1745393804
/dev/nvme3n1p1: 1504561094656
none: 4096

1745393805
/dev/nvme3n1p1: 1504564490240
none: 4096

1745393806
/dev/nvme3n1p1: 1504566382592
none: 4096

1745393807
/dev/nvme3n1p1: 1504566353920
none: 4096

1745393808
/dev/nvme3n1p1: 1504575700992
none: 4096

1745393809
/dev/nvme3n1p1: 1504576335872
none: 4096

1745393810
/dev/nvme3n1p1: 1504577208320
none: 4096

1745393811
/dev/nvme3n1p1: 1504580153344
none: 4096

1745393812
/dev/nvme3n1p1: 1504583012352
none: 4096

1745393814
/dev/nvme3n1p1: 1504583053312
none: 4096

1745393815
/dev/nvme3n1p1: 1504584380416
none: 4096

1745393816
/dev/nvme3n1p1: 1504584671232
none: 4096

1745393817
/dev/nvme3n1p1: 1504585842688
none: 4096

1745393818
/dev/nvme3n1p1: 1504589561856
none: 4096

1745393819
/dev/nvme3n1p1: 1504592904192
none: 4096

1745393820
/dev/nvme3n1p1: 1504596340736
none: 4096

1745393821
/dev/nvme3n1p1: 1504601866240
none: 4096

1745393822
/dev/nvme3n1p1: 1504604528640
none: 4096

1745393823
/dev/nvme3n1p1: 1504605331456
none: 4096

1745393824
/dev/nvme3n1p1: 1504609374208
none: 4096

1745393825
/dev/nvme3n1p1: 1504619216896
none: 4096

1745393826
/dev/nvme3n1p1: 1504621711360
none: 4096

1745393827
/dev/nvme3n1p1: 1504621768704
none: 4096

1745393829
/dev/nvme3n1p1: 1504631947264
none: 4096

1745393830
/dev/nvme3n1p1: 1504637140992
none: 4096

1745393831
/dev/nvme3n1p1: 1504637140992
none: 4096

1745393832
/dev/nvme3n1p1: 1504641736704
none: 4096

1745393833
/dev/nvme3n1p1: 1504642138112
none: 4096

1745393834
/dev/nvme3n1p1: 1504642965504
none: 4096

1745393835
/dev/nvme3n1p1: 1504644403200
none: 4096

1745393836
/dev/nvme3n1p1: 1504648290304
none: 4096

1745393837
/dev/nvme3n1p1: 1504649924608
none: 4096

1745393838
/dev/nvme3n1p1: 1504651534336
none: 4096

1745393839
/dev/nvme3n1p1: 1504655421440
none: 4096

1745393840
/dev/nvme3n1p1: 1504660475904
none: 4096

1745393841
/dev/nvme3n1p1: 1504661659648
none: 4096

1745393842
/dev/nvme3n1p1: 1504663625728
none: 4096

1745393843
/dev/nvme3n1p1: 1504670466048
none: 4096

1745393844
/dev/nvme3n1p1: 1504672555008
none: 4096

1745393845
/dev/nvme3n1p1: 1504674213888
none: 4096

1745393846
/dev/nvme3n1p1: 1504677101568
none: 4096

1745393847
/dev/nvme3n1p1: 1504678576128
none: 4096

1745393848
/dev/nvme3n1p1: 1504682070016
none: 4096

1745393849
/dev/nvme3n1p1: 1504686919680
none: 4096

1745393850
/dev/nvme3n1p1: 1504691023872
none: 4096

1745393851
/dev/nvme3n1p1: 1504694456320
none: 4096

1745393852
/dev/nvme3n1p1: 1504699457536
none: 4096

1745393853
/dev/nvme3n1p1: 1504699465728
none: 4096

1745393854
/dev/nvme3n1p1: 1504699469824
none: 4096

1745393856
/dev/nvme3n1p1: 1504706932736
none: 4096

1745393857
/dev/nvme3n1p1: 1504707534848
none: 4096

1745393858
/dev/nvme3n1p1: 1504708579328
none: 4096

1745393859
/dev/nvme3n1p1: 1504712212480
none: 4096

1745393860
/dev/nvme3n1p1: 1504718200832
none: 4096

1745393862
/dev/nvme3n1p1: 1504723415040
none: 4096

1745393863
/dev/nvme3n1p1: 1504725204992
none: 4096

1745393864
/dev/nvme3n1p1: 1504729640960
none: 4096

1745393865
/dev/nvme3n1p1: 1504732094464
none: 4096

1745393866
/dev/nvme3n1p1: 1504735019008
none: 4096

1745393867
/dev/nvme3n1p1: 1504740528128
none: 4096

1745393868
/dev/nvme3n1p1: 1504749903872
none: 4096

1745393869
/dev/nvme3n1p1: 1504752349184
none: 4096

1745393870
/dev/nvme3n1p1: 1504760111104
none: 4096

1745393871
/dev/nvme3n1p1: 1504762740736
none: 4096

1745393872
/dev/nvme3n1p1: 1504767049728
none: 4096

1745393873
/dev/nvme3n1p1: 1504769208320
none: 4096

1745393874
/dev/nvme3n1p1: 1504769216512
none: 4096

1745393876
/dev/nvme3n1p1: 1504778117120
none: 4096

1745393877
/dev/nvme3n1p1: 1504780017664
none: 4096

1745393878
/dev/nvme3n1p1: 1504780185600
none: 4096

1745393879
/dev/nvme3n1p1: 1504781176832
none: 4096

1745393880
/dev/nvme3n1p1: 1504782872576
none: 4096

1745393881
/dev/nvme3n1p1: 1504785059840
none: 4096

1745393882
/dev/nvme3n1p1: 1504787623936
none: 4096

1745393883
/dev/nvme3n1p1: 1504792080384
none: 4096

1745393884
/dev/nvme3n1p1: 1504794869760
none: 4096

1745393885
/dev/nvme3n1p1: 1504797773824
none: 4096

1745393886
/dev/nvme3n1p1: 1504800813056
none: 4096

1745393887
/dev/nvme3n1p1: 1504804286464
none: 4096

1745393888
/dev/nvme3n1p1: 1504805920768
none: 4096

1745393889
/dev/nvme3n1p1: 1504808542208
none: 4096

1745393890
/dev/nvme3n1p1: 1504812105728
none: 4096

1745393891
/dev/nvme3n1p1: 1504814317568
none: 4096

1745393892
/dev/nvme3n1p1: 1504819810304
none: 4096

1745393893
/dev/nvme3n1p1: 1504823984128
none: 4096

1745393894
/dev/nvme3n1p1: 1504830013440
none: 4096

1745393895
/dev/nvme3n1p1: 1504834490368
none: 4096

1745393896
/dev/nvme3n1p1: 1504839356416
none: 4096

1745393897
/dev/nvme3n1p1: 1504841965568
none: 4096

1745393898
/dev/nvme3n1p1: 1504845508608
none: 4096

1745393899
/dev/nvme3n1p1: 1504849190912
none: 4096

1745393900
/dev/nvme3n1p1: 1504850677760
none: 4096

1745393901
/dev/nvme3n1p1: 1504852213760
none: 4096

1745393902
/dev/nvme3n1p1: 1504852217856
none: 4096

1745393903
/dev/nvme3n1p1: 1504855646208
none: 4096

1745393904
/dev/nvme3n1p1: 1504861646848
none: 4096

1745393905
/dev/nvme3n1p1: 1504864428032
none: 4096

1745393906
/dev/nvme3n1p1: 1504866967552
none: 4096

1745393907
/dev/nvme3n1p1: 1504868110336
none: 4096

1745393908
/dev/nvme3n1p1: 1504870858752
none: 4096

1745393909
/dev/nvme3n1p1: 1504877158400
none: 4096

1745393910
/dev/nvme3n1p1: 1504879407104
none: 4096

1745393911
/dev/nvme3n1p1: 1504883519488
none: 4096

1745393912
/dev/nvme3n1p1: 1504885243904
none: 4096

1745393914
/dev/nvme3n1p1: 1504889896960
none: 4096

1745393915
/dev/nvme3n1p1: 1504891314176
none: 4096

1745393916
/dev/nvme3n1p1: 1504892727296
none: 4096

1745393917
/dev/nvme3n1p1: 1504900599808
none: 4096

1745393918
/dev/nvme3n1p1: 1504900530176
none: 4096

1745393919
/dev/nvme3n1p1: 1504900743168
none: 4096

1745393920
/dev/nvme3n1p1: 1504901754880
none: 4096

1745393921
/dev/nvme3n1p1: 1504902766592
none: 4096

1745393922
/dev/nvme3n1p1: 1504907735040
none: 4096

1745393923
/dev/nvme3n1p1: 1504909500416
none: 4096

1745393924
/dev/nvme3n1p1: 1504909504512
none: 4096

1745393925
/dev/nvme3n1p1: 1504910114816
none: 4096

1745393927
/dev/nvme3n1p1: 1504912576512
none: 4096

1745393928
/dev/nvme3n1p1: 1504913190912
none: 4096

1745393929
/dev/nvme3n1p1: 1504914468864
none: 4096

1745393930
/dev/nvme3n1p1: 1504915845120
none: 4096

1745393931
/dev/nvme3n1p1: 1504921243648
none: 4096

1745393932
/dev/nvme3n1p1: 1504922669056
none: 4096

1745393933
/dev/nvme3n1p1: 1504923619328
none: 4096

1745393934
/dev/nvme3n1p1: 1504926470144
none: 4096

1745393935
/dev/nvme3n1p1: 1504930074624
none: 4096

1745393936
/dev/nvme3n1p1: 1504935260160
none: 4096

1745393937
/dev/nvme3n1p1: 1504937803776
none: 4096

1745393938
/dev/nvme3n1p1: 1504940548096
none: 4096

1745393939
/dev/nvme3n1p1: 1504940548096
none: 4096

1745393940
/dev/nvme3n1p1: 1504941334528
none: 4096

1745393941
/dev/nvme3n1p1: 1504947027968
none: 4096

1745393942
/dev/nvme3n1p1: 1504950312960
none: 4096

1745393943
/dev/nvme3n1p1: 1504952139776
none: 4096

1745393944
/dev/nvme3n1p1: 1504955351040
none: 4096

1745393945
/dev/nvme3n1p1: 1504958095360
none: 4096

1745393946
/dev/nvme3n1p1: 1504960442368
none: 4096

1745393947
/dev/nvme3n1p1: 1504961306624
none: 4096

1745393948
/dev/nvme3n1p1: 1504962039808
none: 4096

1745393949
/dev/nvme3n1p1: 1504973795328
none: 4096

1745393950
/dev/nvme3n1p1: 1504976007168
none: 4096

1745393951
/dev/nvme3n1p1: 1504978214912
none: 4096

1745393952
/dev/nvme3n1p1: 1504978583552
none: 4096

1745393953
/dev/nvme3n1p1: 1504979808256
none: 4096

1745393954
/dev/nvme3n1p1: 1504981966848
none: 4096

1745393955
/dev/nvme3n1p1: 1504985837568
none: 4096

1745393956
/dev/nvme3n1p1: 1504987656192
none: 4096

1745393957
/dev/nvme3n1p1: 1504990130176
none: 4096

1745393958
/dev/nvme3n1p1: 1504992776192
none: 4096

1745393959
/dev/nvme3n1p1: 1504993095680
none: 4096

1745393960
/dev/nvme3n1p1: 1504994463744
none: 4096

1745393961
/dev/nvme3n1p1: 1504994467840
none: 4096

1745393963
/dev/nvme3n1p1: 1504997142528
none: 4096

1745393964
/dev/nvme3n1p1: 1505001017344
none: 4096

1745393965
/dev/nvme3n1p1: 1505003388928
none: 4096

1745393966
/dev/nvme3n1p1: 1505007382528
none: 4096

1745393967
/dev/nvme3n1p1: 1505010438144
none: 4096

1745393968
/dev/nvme3n1p1: 1505013985280
none: 4096

1745393969
/dev/nvme3n1p1: 1505018286080
none: 4096

1745393970
/dev/nvme3n1p1: 1505019281408
none: 4096

1745393971
/dev/nvme3n1p1: 1505023086592
none: 4096

1745393972
/dev/nvme3n1p1: 1505026396160
none: 4096

1745393973
/dev/nvme3n1p1: 1505029398528
none: 4096

1745393974
/dev/nvme3n1p1: 1505032548352
none: 4096

1745393975
/dev/nvme3n1p1: 1505037164544
none: 4096

1745393976
/dev/nvme3n1p1: 1505038454784
none: 4096

1745393977
/dev/nvme3n1p1: 1505043439616
none: 4096

1745393978
/dev/nvme3n1p1: 1505054523392
none: 4096

1745393979
/dev/nvme3n1p1: 1505062797312
none: 4096

1745393980
/dev/nvme3n1p1: 1505069010944
none: 4096

1745393981
/dev/nvme3n1p1: 1505073209344
none: 4096

1745393982
/dev/nvme3n1p1: 1505079119872
none: 4096

1745393983
/dev/nvme3n1p1: 1505084518400
none: 4096

1745393984
/dev/nvme3n1p1: 1505086922752
none: 4096

1745393985
/dev/nvme3n1p1: 1505089028096
none: 4096

1745393986
/dev/nvme3n1p1: 1505092214784
none: 4096

1745393987
/dev/nvme3n1p1: 1505096286208
none: 4096

1745393988
/dev/nvme3n1p1: 1505107771392
none: 4096

1745393989
/dev/nvme3n1p1: 1505116348416
none: 4096

1745393990
/dev/nvme3n1p1: 1505119830016
none: 4096

1745393991
/dev/nvme3n1p1: 1505122078720
none: 4096

1745393992
/dev/nvme3n1p1: 1505125969920
none: 4096

1745393993
/dev/nvme3n1p1: 1505130115072
none: 4096

1745393994
/dev/nvme3n1p1: 1505131814912
none: 4096

1745393995
/dev/nvme3n1p1: 1505133031424
none: 4096

1745393996
/dev/nvme3n1p1: 1505134084096
none: 4096

1745393997
/dev/nvme3n1p1: 1505134489600
none: 4096

1745393998
/dev/nvme3n1p1: 1505138876416
none: 4096

1745393999
/dev/nvme3n1p1: 1505140871168
none: 4096

1745394000
/dev/nvme3n1p1: 1505143869440
none: 4096

1745394001
/dev/nvme3n1p1: 1505148772352
none: 4096

1745394002
/dev/nvme3n1p1: 1505152983040
none: 4096

1745394003
/dev/nvme3n1p1: 1505157242880
none: 4096

1745394004
/dev/nvme3n1p1: 1505159372800
none: 4096

1745394005
/dev/nvme3n1p1: 1505161711616
none: 4096

1745394006
/dev/nvme3n1p1: 1505163386880
none: 4096

1745394007
/dev/nvme3n1p1: 1505166159872
none: 4096

1745394008
/dev/nvme3n1p1: 1505168605184
none: 4096

1745394009
/dev/nvme3n1p1: 1505171492864
none: 4096

1745394010
/dev/nvme3n1p1: 1505173368832
none: 4096

1745394011
/dev/nvme3n1p1: 1505178255360
none: 4096

1745394012
/dev/nvme3n1p1: 1505182904320
none: 4096

1745394013
/dev/nvme3n1p1: 1505185185792
none: 4096

1745394014
/dev/nvme3n1p1: 1505185529856
none: 4096

1745394015
/dev/nvme3n1p1: 1505186557952
none: 4096

1745394016
/dev/nvme3n1p1: 1505191493632
none: 4096

1745394017
/dev/nvme3n1p1: 1505191682048
none: 4096

1745394018
/dev/nvme3n1p1: 1505196552192
none: 4096

1745394019
/dev/nvme3n1p1: 1505204203520
none: 4096

1745394020
/dev/nvme3n1p1: 1505206710272
none: 4096

1745394021
/dev/nvme3n1p1: 1505214205952
none: 4096

1745394022
/dev/nvme3n1p1: 1505219297280
none: 4096

1745394023
/dev/nvme3n1p1: 1505228111872
none: 4096

1745394024
/dev/nvme3n1p1: 1505230397440
none: 4096

1745394025
/dev/nvme3n1p1: 1505230774272
none: 4096

1745394026
/dev/nvme3n1p1: 1505232457728
none: 4096

1745394027
/dev/nvme3n1p1: 1505236742144
none: 4096

1745394028
/dev/nvme3n1p1: 1505238839296
none: 4096

1745394029
/dev/nvme3n1p1: 1505242361856
none: 4096

1745394030
/dev/nvme3n1p1: 1505243701248
none: 4096

1745394031
/dev/nvme3n1p1: 1505246224384
none: 4096

1745394032
/dev/nvme3n1p1: 1505247973376
none: 4096

1745394033
/dev/nvme3n1p1: 1505255321600
none: 4096

1745394034
/dev/nvme3n1p1: 1505257930752
none: 4096

1745394035
/dev/nvme3n1p1: 1505259786240
none: 4096

1745394036
/dev/nvme3n1p1: 1505261965312
none: 4096

1745394037
/dev/nvme3n1p1: 1505266671616
none: 4096

1745394038
/dev/nvme3n1p1: 1505272672256
none: 4096

1745394039
/dev/nvme3n1p1: 1505274056704
none: 4096

1745394040
/dev/nvme3n1p1: 1505277382656
none: 4096

1745394041
/dev/nvme3n1p1: 1505280917504
none: 4096

1745394042
/dev/nvme3n1p1: 1505283874816
none: 4096

1745394043
/dev/nvme3n1p1: 1505285476352
none: 4096

1745394044
/dev/nvme3n1p1: 1505285586944
none: 4096

1745394045
/dev/nvme3n1p1: 1505288065024
none: 4096

1745394046
/dev/nvme3n1p1: 1505289043968
none: 4096

1745394048
/dev/nvme3n1p1: 1505292451840
none: 4096

1745394049
/dev/nvme3n1p1: 1505294929920
none: 4096

1745394050
/dev/nvme3n1p1: 1505309982720
none: 4096

1745394051
/dev/nvme3n1p1: 1505319366656
none: 4096

1745394052
/dev/nvme3n1p1: 1505324883968
none: 4096

1745394053
/dev/nvme3n1p1: 1505330282496
none: 4096

1745394054
/dev/nvme3n1p1: 1505336606720
none: 4096

1745394055
/dev/nvme3n1p1: 1505341632512
none: 4096

1745394056
/dev/nvme3n1p1: 1505346195456
none: 4096

1745394057
/dev/nvme3n1p1: 1505350496256
none: 4096

1745394058
/dev/nvme3n1p1: 1505360039936
none: 4096

1745394059
/dev/nvme3n1p1: 1505365061632
none: 4096

1745394060
/dev/nvme3n1p1: 1505371111424
none: 4096

1745394061
/dev/nvme3n1p1: 1505391988736
none: 4096

1745394062
/dev/nvme3n1p1: 1505414152192
none: 4096

1745394063
/dev/nvme3n1p1: 1505434783744
none: 4096

1745394064
/dev/nvme3n1p1: 1505445912576
none: 4096

1745394065
/dev/nvme3n1p1: 1505449279488
none: 4096

1745394066
/dev/nvme3n1p1: 1505457078272
none: 4096

1745394068
/dev/nvme3n1p1: 1505462312960
none: 4096

1745394069
/dev/nvme3n1p1: 1505481437184
none: 4096

1745394070
/dev/nvme3n1p1: 1505486544896
none: 4096

1745394071
/dev/nvme3n1p1: 1505488285696
none: 4096

1745394072
/dev/nvme3n1p1: 1505494065152
none: 4096

1745394073
/dev/nvme3n1p1: 1505499131904
none: 4096

1745394074
/dev/nvme3n1p1: 1505502859264
none: 4096

1745394075
/dev/nvme3n1p1: 1505505062912
none: 4096

1745394076
/dev/nvme3n1p1: 1505506766848
none: 4096

1745394077
/dev/nvme3n1p1: 1505509163008
none: 4096

1745394078
/dev/nvme3n1p1: 1505514090496
none: 4096

1745394079
/dev/nvme3n1p1: 1505515237376
none: 4096

1745394080
/dev/nvme3n1p1: 1505516802048
none: 4096

1745394081
/dev/nvme3n1p1: 1505520148480
none: 4096

1745394082
/dev/nvme3n1p1: 1505528324096
none: 4096

1745394083
/dev/nvme3n1p1: 1505536253952
none: 4096

1745394084
/dev/nvme3n1p1: 1505539563520
none: 4096

1745394085
/dev/nvme3n1p1: 1505546440704
none: 4096

1745394086
/dev/nvme3n1p1: 1505550589952
none: 4096

1745394087
/dev/nvme3n1p1: 1505560809472
none: 4096

1745394088
/dev/nvme3n1p1: 1505678446592
none: 4096

1745394089
/dev/nvme3n1p1: 1505683025920
none: 4096

1745394090
/dev/nvme3n1p1: 1505688301568
none: 4096

1745394091
/dev/nvme3n1p1: 1505690599424
none: 4096

1745394092
/dev/nvme3n1p1: 1505694343168
none: 4096

1745394093
/dev/nvme3n1p1: 1505700909056
none: 4096

1745394094
/dev/nvme3n1p1: 1505708642304
none: 4096

1745394095
/dev/nvme3n1p1: 1505712283648
none: 4096

1745394096
/dev/nvme3n1p1: 1505714741248
none: 4096

1745394097
/dev/nvme3n1p1: 1505721036800
none: 4096

1745394098
/dev/nvme3n1p1: 1505727332352
none: 4096

1745394099
/dev/nvme3n1p1: 1505733529600
none: 4096

1745394100
/dev/nvme3n1p1: 1505736478720
none: 4096

1745394101
/dev/nvme3n1p1: 1505752952832
none: 4096

1745394102
/dev/nvme3n1p1: 1505789038592
none: 4096

1745394104
/dev/nvme3n1p1: 1505810751488
none: 4096

1745394105
/dev/nvme3n1p1: 1505813999616
none: 4096

1745394107
/dev/nvme3n1p1: 1505826127872
none: 4096

1745394108
/dev/nvme3n1p1: 1505829679104
none: 4096

1745394109
/dev/nvme3n1p1: 1505829703680
none: 4096

1745394110
/dev/nvme3n1p1: 1505830572032
none: 4096

1745394111
/dev/nvme3n1p1: 1505830973440
none: 4096

1745394112
/dev/nvme3n1p1: 1505833107456
none: 4096

1745394113
/dev/nvme3n1p1: 1505833107456
none: 4096

1745394114
/dev/nvme3n1p1: 1505837088768
none: 4096

1745394115
/dev/nvme3n1p1: 1505837625344
none: 4096

1745394116
/dev/nvme3n1p1: 1505838235648
none: 4096

1745394117
/dev/nvme3n1p1: 1505839280128
none: 4096

1745394118
/dev/nvme3n1p1: 1505840422912
none: 4096

1745394120
/dev/nvme3n1p1: 1505848872960
none: 4096

1745394121
/dev/nvme3n1p1: 1505849712640
none: 4096

1745394122
/dev/nvme3n1p1: 1505849786368
none: 4096

1745394123
/dev/nvme3n1p1: 1505849823232
none: 4096

1745394124
/dev/nvme3n1p1: 1505849909248
none: 4096

1745394125
/dev/nvme3n1p1: 1505850204160
none: 4096

1745394126
/dev/nvme3n1p1: 1505850798080
none: 4096

1745394127
/dev/nvme3n1p1: 1505851039744
none: 4096

1745394128
/dev/nvme3n1p1: 1505852624896
none: 4096

1745394129
/dev/nvme3n1p1: 1505855217664
none: 4096

1745394130
/dev/nvme3n1p1: 1505856233472
none: 4096

1745394131
/dev/nvme3n1p1: 1505860669440
none: 4096

1745394133
/dev/nvme3n1p1: 1505872388096
none: 4096

1745394134
/dev/nvme3n1p1: 1505877254144
none: 4096

1745394135
/dev/nvme3n1p1: 1505894514688
none: 4096

1745394136
/dev/nvme3n1p1: 1505903054848
none: 4096

1745394137
/dev/nvme3n1p1: 1505906311168
none: 4096

1745394138
/dev/nvme3n1p1: 1505909174272
none: 4096

1745394139
/dev/nvme3n1p1: 1505909612544
none: 4096

1745394140
/dev/nvme3n1p1: 1505912938496
none: 4096

1745394141
/dev/nvme3n1p1: 1505916637184
none: 4096

1745394142
/dev/nvme3n1p1: 1505920188416
none: 4096

1745394143
/dev/nvme3n1p1: 1505921789952
none: 4096

1745394144
/dev/nvme3n1p1: 1505925398528
none: 4096

1745394145
/dev/nvme3n1p1: 1505927725056
none: 4096

1745394146
/dev/nvme3n1p1: 1505932161024
none: 4096

1745394147
/dev/nvme3n1p1: 1505932488704
none: 4096

1745394148
/dev/nvme3n1p1: 1505934327808
none: 4096

1745394149
/dev/nvme3n1p1: 1505938087936
none: 4096

1745394150
/dev/nvme3n1p1: 1505940938752
none: 4096

1745394151
/dev/nvme3n1p1: 1505942585344
none: 4096

1745394153
/dev/nvme3n1p1: 1505947811840
none: 4096

1745394154
/dev/nvme3n1p1: 1505949798400
none: 4096

1745394155
/dev/nvme3n1p1: 1505950986240
none: 4096

1745394156
/dev/nvme3n1p1: 1505955250176
none: 4096

1745394157
/dev/nvme3n1p1: 1505958367232
none: 4096

1745394158
/dev/nvme3n1p1: 1505960628224
none: 4096

1745394159
/dev/nvme3n1p1: 1505964326912
none: 4096

1745394160
/dev/nvme3n1p1: 1505969582080
none: 4096

1745394161
/dev/nvme3n1p1: 1505977331712
none: 4096

1745394162
/dev/nvme3n1p1: 1505981554688
none: 4096

1745394163
/dev/nvme3n1p1: 1505985544192
none: 4096

1745394164
/dev/nvme3n1p1: 1505989042176
none: 4096

1745394165
/dev/nvme3n1p1: 1505992335360
none: 4096

1745394166
/dev/nvme3n1p1: 1505994117120
none: 4096

1745394168
/dev/nvme3n1p1: 1505999826944
none: 4096

1745394169
/dev/nvme3n1p1: 1506003111936
none: 4096

1745394170
/dev/nvme3n1p1: 1506011045888
none: 4096

1745394171
/dev/nvme3n1p1: 1506016948224
none: 4096

1745394172
/dev/nvme3n1p1: 1506029826048
none: 4096

1745394173
/dev/nvme3n1p1: 1506037751808
none: 4096

1745394174
/dev/nvme3n1p1: 1506040250368
none: 4096

1745394175
/dev/nvme3n1p1: 1506046177280
none: 4096

1745394176
/dev/nvme3n1p1: 1506048909312
none: 4096

1745394177
/dev/nvme3n1p1: 1506054012928
none: 4096

1745394178
/dev/nvme3n1p1: 1506054017024
none: 4096

1745394179
/dev/nvme3n1p1: 1506057764864
none: 4096

1745394180
/dev/nvme3n1p1: 1506057793536
none: 4096

1745394181
/dev/nvme3n1p1: 1506059960320
none: 4096

1745394182
/dev/nvme3n1p1: 1506062516224
none: 4096

1745394183
/dev/nvme3n1p1: 1506065850368
none: 4096

1745394184
/dev/nvme3n1p1: 1506067931136
none: 4096

1745394185
/dev/nvme3n1p1: 1506070712320
none: 4096

1745394186
/dev/nvme3n1p1: 1506076016640
none: 4096

1745394187
/dev/nvme3n1p1: 1506078609408
none: 4096

1745394188
/dev/nvme3n1p1: 1506081562624
none: 4096

1745394189
/dev/nvme3n1p1: 1506082062336
none: 4096

1745394190
/dev/nvme3n1p1: 1506088222720
none: 4096

1745394191
/dev/nvme3n1p1: 1506092896256
none: 4096

1745394192
/dev/nvme3n1p1: 1506099011584
none: 4096

1745394193
/dev/nvme3n1p1: 1506101911552
none: 4096

1745394194
/dev/nvme3n1p1: 1506106138624
none: 4096

1745394195
/dev/nvme3n1p1: 1506110201856
none: 4096

1745394196
/dev/nvme3n1p1: 1506119680000
none: 4096

1745394197
/dev/nvme3n1p1: 1506124570624
none: 4096

1745394198
/dev/nvme3n1p1: 1506128470016
none: 4096

1745394199
/dev/nvme3n1p1: 1506134999040
none: 4096

1745394201
/dev/nvme3n1p1: 1506150744064
none: 4096

1745394202
/dev/nvme3n1p1: 1506153123840
none: 4096

1745394203
/dev/nvme3n1p1: 1506169171968
none: 4096

1745394205
/dev/nvme3n1p1: 1506184880128
none: 4096

1745394206
/dev/nvme3n1p1: 1506190266368
none: 4096

1745394207
/dev/nvme3n1p1: 1506192568320
none: 4096

1745394208
/dev/nvme3n1p1: 1506238332928
none: 4096

1745394209
/dev/nvme3n1p1: 1506284720128
none: 4096

1745394210
/dev/nvme3n1p1: 1506343399424
none: 4096

1745394211
/dev/nvme3n1p1: 1506379841536
none: 4096

1745394212
/dev/nvme3n1p1: 1506412482560
none: 4096

1745394213
/dev/nvme3n1p1: 1506427125760
none: 4096

1745394214
/dev/nvme3n1p1: 1506428477440
none: 4096

1745394215
/dev/nvme3n1p1: 1506429149184
none: 4096

1745394216
/dev/nvme3n1p1: 1506432815104
none: 4096

1745394217
/dev/nvme3n1p1: 1506433957888
none: 4096

1745394218
/dev/nvme3n1p1: 1506440749056
none: 4096

1745394219
/dev/nvme3n1p1: 1506447020032
none: 4096

1745394220
/dev/nvme3n1p1: 1506456121344
none: 4096

1745394221
/dev/nvme3n1p1: 1506459594752
none: 4096

1745394222
/dev/nvme3n1p1: 1506466971648
none: 4096

1745394223
/dev/nvme3n1p1: 1506477264896
none: 4096

1745394224
/dev/nvme3n1p1: 1506479484928
none: 4096

1745394225
/dev/nvme3n1p1: 1506483613696
none: 4096

1745394226
/dev/nvme3n1p1: 1506489958400
none: 4096

1745394227
/dev/nvme3n1p1: 1506495643648
none: 4096

1745394228
/dev/nvme3n1p1: 1506500251648
none: 4096

1745394229
/dev/nvme3n1p1: 1506502516736
none: 4096

1745394230
/dev/nvme3n1p1: 1506509361152
none: 4096

1745394231
/dev/nvme3n1p1: 1506517450752
none: 4096

1745394232
/dev/nvme3n1p1: 1506522124288
none: 4096

1745394233
/dev/nvme3n1p1: 1506532134912
none: 4096

1745394234
/dev/nvme3n1p1: 1506539769856
none: 4096

1745394236
/dev/nvme3n1p1: 1506560172032
none: 4096

1745394237
/dev/nvme3n1p1: 1506564378624
none: 4096

1745394238
/dev/nvme3n1p1: 1506567086080
none: 4096

1745394239
/dev/nvme3n1p1: 1506572505088
none: 4096

1745394240
/dev/nvme3n1p1: 1506576064512
none: 4096

1745394241
/dev/nvme3n1p1: 1506578632704
none: 4096

1745394242
/dev/nvme3n1p1: 1506583138304
none: 4096

1745394243
/dev/nvme3n1p1: 1506587287552
none: 4096

1745394244
/dev/nvme3n1p1: 1506591195136
none: 4096

1745394245
/dev/nvme3n1p1: 1506596265984
none: 4096

1745394246
/dev/nvme3n1p1: 1506605301760
none: 4096

1745394248
/dev/nvme3n1p1: 1506624557056
none: 4096

1745394249
/dev/nvme3n1p1: 1506627760128
none: 4096

1745394250
/dev/nvme3n1p1: 1506629574656
none: 4096

1745394251
/dev/nvme3n1p1: 1506633048064
none: 4096

1745394253
/dev/nvme3n1p1: 1506643013632
none: 4096

1745394254
/dev/nvme3n1p1: 1506645663744
none: 4096

1745394255
/dev/nvme3n1p1: 1506649595904
none: 4096

1745394256
/dev/nvme3n1p1: 1506653016064
none: 4096

1745394257
/dev/nvme3n1p1: 1506656636928
none: 4096

1745394258
/dev/nvme3n1p1: 1506659467264
none: 4096

1745394259
/dev/nvme3n1p1: 1506662264832
none: 4096

1745394260
/dev/nvme3n1p1: 1506668679168
none: 4096

1745394261
/dev/nvme3n1p1: 1506672852992
none: 4096

1745394262
/dev/nvme3n1p1: 1506677710848
none: 4096

1745394263
/dev/nvme3n1p1: 1506681167872
none: 4096

1745394264
/dev/nvme3n1p1: 1506684272640
none: 4096

1745394265
/dev/nvme3n1p1: 1506685624320
none: 4096

1745394266
/dev/nvme3n1p1: 1506688200704
none: 4096

1745394267
/dev/nvme3n1p1: 1506697723904
none: 4096

1745394268
/dev/nvme3n1p1: 1506702561280
none: 4096

1745394269
/dev/nvme3n1p1: 1506702966784
none: 4096

1745394270
/dev/nvme3n1p1: 1506707595264
none: 4096

1745394271
/dev/nvme3n1p1: 1506714468352
none: 4096

1745394272
/dev/nvme3n1p1: 1506716647424
none: 4096

1745394273
/dev/nvme3n1p1: 1506717663232
none: 4096

1745394275
/dev/nvme3n1p1: 1506726133760
none: 4096

1745394276
/dev/nvme3n1p1: 1506734567424
none: 4096

1745394277
/dev/nvme3n1p1: 1506741006336
none: 4096

1745394278
/dev/nvme3n1p1: 1506751459328
none: 4096

1745394279
/dev/nvme3n1p1: 1506760044544
none: 4096

1745394280
/dev/nvme3n1p1: 1506768281600
none: 4096

1745394281
/dev/nvme3n1p1: 1506778304512
none: 4096

1745394282
/dev/nvme3n1p1: 1506782883840
none: 4096

1745394283
/dev/nvme3n1p1: 1506790715392
none: 4096

1745394284
/dev/nvme3n1p1: 1506795450368
none: 4096

1745394285
/dev/nvme3n1p1: 1506797637632
none: 4096

1745394286
/dev/nvme3n1p1: 1506799587328
none: 4096

1745394287
/dev/nvme3n1p1: 1506800480256
none: 4096

1745394288
/dev/nvme3n1p1: 1506801143808
none: 4096

1745394289
/dev/nvme3n1p1: 1506804322304
none: 4096

1745394290
/dev/nvme3n1p1: 1506806972416
none: 4096

1745394291
/dev/nvme3n1p1: 1506810810368
none: 4096

1745394292
/dev/nvme3n1p1: 1506816569344
none: 4096

1745394293
/dev/nvme3n1p1: 1506822574080
none: 4096

1745394294
/dev/nvme3n1p1: 1506827030528
none: 4096

1745394295
/dev/nvme3n1p1: 1506830249984
none: 4096

1745394296
/dev/nvme3n1p1: 1506831912960
none: 4096

1745394297
/dev/nvme3n1p1: 1506834997248
none: 4096

1745394298
/dev/nvme3n1p1: 1506837180416
none: 4096

1745394299
/dev/nvme3n1p1: 1506839474176
none: 4096

1745394300
/dev/nvme3n1p1: 1506841169920
none: 4096

1745394301
/dev/nvme3n1p1: 1506846371840
none: 4096

1745394302
/dev/nvme3n1p1: 1506850127872
none: 4096

1745394303
/dev/nvme3n1p1: 1506866208768
none: 4096

1745394304
/dev/nvme3n1p1: 1506869829632
none: 4096

1745394305
/dev/nvme3n1p1: 1506876170240
none: 4096

1745394306
/dev/nvme3n1p1: 1506879930368
none: 4096

1745394307
/dev/nvme3n1p1: 1506881957888
none: 4096

1745394308
/dev/nvme3n1p1: 1506888724480
none: 4096

1745394309
/dev/nvme3n1p1: 1506893471744
none: 4096

1745394310
/dev/nvme3n1p1: 1506897485824
none: 4096

1745394311
/dev/nvme3n1p1: 1506899943424
none: 4096

1745394312
/dev/nvme3n1p1: 1506905300992
none: 4096

1745394313
/dev/nvme3n1p1: 1506911363072
none: 4096

1745394314
/dev/nvme3n1p1: 1506913349632
none: 4096

1745394315
/dev/nvme3n1p1: 1506917789696
none: 4096

1745394316
/dev/nvme3n1p1: 1506922131456
none: 4096

1745394317
/dev/nvme3n1p1: 1506925498368
none: 4096

1745394318
/dev/nvme3n1p1: 1506926292992
none: 4096

1745394319
/dev/nvme3n1p1: 1506926997504
none: 4096

1745394320
/dev/nvme3n1p1: 1506931867648
none: 4096

1745394321
/dev/nvme3n1p1: 1506939191296
none: 4096

1745394322
/dev/nvme3n1p1: 1506940628992
none: 4096

1745394323
/dev/nvme3n1p1: 1506942107648
none: 4096

1745394324
/dev/nvme3n1p1: 1506946506752
none: 4096

1745394325
/dev/nvme3n1p1: 1506950164480
none: 4096

1745394326
/dev/nvme3n1p1: 1506953297920
none: 4096

1745394327
/dev/nvme3n1p1: 1506957570048
none: 4096

1745394328
/dev/nvme3n1p1: 1506960072704
none: 4096

1745394329
/dev/nvme3n1p1: 1506963173376
none: 4096

1745394330
/dev/nvme3n1p1: 1506965213184
none: 4096

1745394331
/dev/nvme3n1p1: 1506967248896
none: 4096

1745394332
/dev/nvme3n1p1: 1506975268864
none: 4096

1745394333
/dev/nvme3n1p1: 1506978332672
none: 4096

1745394334
/dev/nvme3n1p1: 1506982998016
none: 4096

1745394335
/dev/nvme3n1p1: 1506992193536
none: 4096

1745394336
/dev/nvme3n1p1: 1506997493760
none: 4096

1745394337
/dev/nvme3n1p1: 1507002904576
none: 4096

1745394338
/dev/nvme3n1p1: 1507006328832
none: 4096

1745394339
/dev/nvme3n1p1: 1507010023424
none: 4096

1745394340
/dev/nvme3n1p1: 1507017854976
none: 4096

1745394342
/dev/nvme3n1p1: 1507027111936
none: 4096

1745394343
/dev/nvme3n1p1: 1507030634496
none: 4096

1745394344
/dev/nvme3n1p1: 1507038294016
none: 4096

1745394345
/dev/nvme3n1p1: 1507043303424
none: 4096

1745394346
/dev/nvme3n1p1: 1507051233280
none: 4096

1745394347
/dev/nvme3n1p1: 1507064786944
none: 4096

1745394349
/dev/nvme3n1p1: 1507083612160
none: 4096

1745394350
/dev/nvme3n1p1: 1507090124800
none: 4096

1745394351
/dev/nvme3n1p1: 1507098779648
none: 4096

1745394352
/dev/nvme3n1p1: 1507100450816
none: 4096

1745394353
/dev/nvme3n1p1: 1507103776768
none: 4096

1745394354
/dev/nvme3n1p1: 1507105599488
none: 4096

1745394355
/dev/nvme3n1p1: 1507105558528
none: 4096

1745394356
/dev/nvme3n1p1: 1507106136064
none: 4096

1745394357
/dev/nvme3n1p1: 1507106430976
none: 4096

1745394358
/dev/nvme3n1p1: 1507107983360
none: 4096

1745394359
/dev/nvme3n1p1: 1507109175296
none: 4096

1745394360
/dev/nvme3n1p1: 1507113316352
none: 4096

1745394361
/dev/nvme3n1p1: 1507115290624
none: 4096

1745394362
/dev/nvme3n1p1: 1507116638208
none: 4096

1745394363
/dev/nvme3n1p1: 1507119071232
none: 4096

1745394364
/dev/nvme3n1p1: 1507124260864
none: 4096

1745394365
/dev/nvme3n1p1: 1507132571648
none: 4096

1745394366
/dev/nvme3n1p1: 1507140313088
none: 4096

1745394368
/dev/nvme3n1p1: 1507146567680
none: 4096

1745394369
/dev/nvme3n1p1: 1507149611008
none: 4096

1745394370
/dev/nvme3n1p1: 1507149615104
none: 4096

1745394372
/dev/nvme3n1p1: 1507156910080
none: 4096

1745394373
/dev/nvme3n1p1: 1507159556096
none: 4096

1745394374
/dev/nvme3n1p1: 1507160961024
none: 4096

1745394375
/dev/nvme3n1p1: 1507162247168
none: 4096

1745394376
/dev/nvme3n1p1: 1507164868608
none: 4096

1745394377
/dev/nvme3n1p1: 1507169792000
none: 4096

1745394378
/dev/nvme3n1p1: 1507176189952
none: 4096

1745394379
/dev/nvme3n1p1: 1507185250304
none: 4096

1745394380
/dev/nvme3n1p1: 1507193905152
none: 4096

1745394381
/dev/nvme3n1p1: 1507198255104
none: 4096

1745394382
/dev/nvme3n1p1: 1507204628480
none: 4096

1745394383
/dev/nvme3n1p1: 1507212578816
none: 4096

1745394384
/dev/nvme3n1p1: 1507219501056
none: 4096

1745394385
/dev/nvme3n1p1: 1507229896704
none: 4096

1745394386
/dev/nvme3n1p1: 1507235086336
none: 4096

1745394387
/dev/nvme3n1p1: 1507239411712
none: 4096

1745394388
/dev/nvme3n1p1: 1507243900928
none: 4096

1745394389
/dev/nvme3n1p1: 1507250675712
none: 4096

1745394390
/dev/nvme3n1p1: 1507257688064
none: 4096

1745394391
/dev/nvme3n1p1: 1507262443520
none: 4096

1745394392
/dev/nvme3n1p1: 1507268808704
none: 4096

1745394393
/dev/nvme3n1p1: 1507273568256
none: 4096

1745394394
/dev/nvme3n1p1: 1507281563648
none: 4096

1745394395
/dev/nvme3n1p1: 1507287248896
none: 4096

1745394396
/dev/nvme3n1p1: 1507291660288
none: 4096

1745394397
/dev/nvme3n1p1: 1507296088064
none: 4096

1745394398
/dev/nvme3n1p1: 1507302404096
none: 4096

1745394399
/dev/nvme3n1p1: 1507309334528
none: 4096

1745394400
/dev/nvme3n1p1: 1507312910336
none: 4096

1745394401
/dev/nvme3n1p1: 1507319775232
none: 4096

1745394402
/dev/nvme3n1p1: 1507324444672
none: 4096

1745394403
/dev/nvme3n1p1: 1507325890560
none: 4096

1745394404
/dev/nvme3n1p1: 1507334111232
none: 4096

1745394405
/dev/nvme3n1p1: 1507337805824
none: 4096

1745394406
/dev/nvme3n1p1: 1507338924032
none: 4096

1745394407
/dev/nvme3n1p1: 1507341844480
none: 4096

1745394408
/dev/nvme3n1p1: 1507350949888
none: 4096

1745394409
/dev/nvme3n1p1: 1507355508736
none: 4096

1745394410
/dev/nvme3n1p1: 1507359723520
none: 4096

1745394411
/dev/nvme3n1p1: 1507361697792
none: 4096

1745394412
/dev/nvme3n1p1: 1507363913728
none: 4096

1745394413
/dev/nvme3n1p1: 1507370618880
none: 4096

1745394414
/dev/nvme3n1p1: 1507381600256
none: 4096

1745394415
/dev/nvme3n1p1: 1507386445824
none: 4096

1745394416
/dev/nvme3n1p1: 1507391500288
none: 4096

1745394417
/dev/nvme3n1p1: 1507395555328
none: 4096

1745394418
/dev/nvme3n1p1: 1507399577600
none: 4096

1745394419
/dev/nvme3n1p1: 1507406708736
none: 4096

1745394420
/dev/nvme3n1p1: 1507409399808
none: 4096

1745394421
/dev/nvme3n1p1: 1507410051072
none: 4096

1745394422
/dev/nvme3n1p1: 1507414102016
none: 4096

1745394424
/dev/nvme3n1p1: 1507427581952
none: 4096

1745394425
/dev/nvme3n1p1: 1507434311680
none: 4096

1745394426
/dev/nvme3n1p1: 1507441999872
none: 4096

1745394427
/dev/nvme3n1p1: 1507446521856
none: 4096

1745394428
/dev/nvme3n1p1: 1507452297216
none: 4096

1745394429
/dev/nvme3n1p1: 1507455356928
none: 4096

1745394430
/dev/nvme3n1p1: 1507465027584
none: 4096

1745394431
/dev/nvme3n1p1: 1507472916480
none: 4096

1745394432
/dev/nvme3n1p1: 1507479855104
none: 4096

1745394433
/dev/nvme3n1p1: 1507488530432
none: 4096

1745394434
/dev/nvme3n1p1: 1507490422784
none: 4096

1745394435
/dev/nvme3n1p1: 1507492720640
none: 4096

1745394436
/dev/nvme3n1p1: 1507499741184
none: 4096

1745394437
/dev/nvme3n1p1: 1507506716672
none: 4096

1745394438
/dev/nvme3n1p1: 1507509895168
none: 4096

1745394439
/dev/nvme3n1p1: 1507510853632
none: 4096

1745394440
/dev/nvme3n1p1: 1507512696832
none: 4096

1745394441
/dev/nvme3n1p1: 1507515822080
none: 4096

1745394442
/dev/nvme3n1p1: 1507518935040
none: 4096

1745394443
/dev/nvme3n1p1: 1507522244608
none: 4096

1745394444
/dev/nvme3n1p1: 1507542482944
none: 4096

1745394445
/dev/nvme3n1p1: 1507545088000
none: 4096

1745394446
/dev/nvme3n1p1: 1507545088000
none: 4096

1745394447
/dev/nvme3n1p1: 1507547611136
none: 4096

1745394448
/dev/nvme3n1p1: 1507555692544
none: 4096

1745394449
/dev/nvme3n1p1: 1507556012032
none: 4096

1745394450
/dev/nvme3n1p1: 1507560071168
none: 4096

1745394451
/dev/nvme3n1p1: 1507560071168
none: 4096

1745394452
/dev/nvme3n1p1: 1507560071168
none: 4096

1745394453
/dev/nvme3n1p1: 1507561304064
none: 4096

1745394454
/dev/nvme3n1p1: 1507562328064
none: 4096

1745394455
/dev/nvme3n1p1: 1507563106304
none: 4096

1745394456
/dev/nvme3n1p1: 1507563548672
none: 4096

1745394457
/dev/nvme3n1p1: 1507564466176
none: 4096

1745394458
/dev/nvme3n1p1: 1507566309376
none: 4096

1745394459
/dev/nvme3n1p1: 1507572269056
none: 4096

1745394460
/dev/nvme3n1p1: 1507578331136
none: 4096

1745394461
/dev/nvme3n1p1: 1507580416000
none: 4096

1745394462
/dev/nvme3n1p1: 1507587821568
none: 4096

1745394463
/dev/nvme3n1p1: 1507597836288
none: 4096

1745394465
/dev/nvme3n1p1: 1507603533824
none: 4096

1745394466
/dev/nvme3n1p1: 1507604799488
none: 4096

1745394467
/dev/nvme3n1p1: 1507606667264
none: 4096

1745394468
/dev/nvme3n1p1: 1507615379456
none: 4096

1745394469
/dev/nvme3n1p1: 1507628113920
none: 4096

1745394470
/dev/nvme3n1p1: 1507636453376
none: 4096

1745394471
/dev/nvme3n1p1: 1507637272576
none: 4096

1745394472
/dev/nvme3n1p1: 1507640180736
none: 4096

1745394473
/dev/nvme3n1p1: 1507644690432
none: 4096

1745394474
/dev/nvme3n1p1: 1507649974272
none: 4096

1745394475
/dev/nvme3n1p1: 1507658768384
none: 4096

1745394476
/dev/nvme3n1p1: 1507663646720
none: 4096

1745394477
/dev/nvme3n1p1: 1507669020672
none: 4096

1745394478
/dev/nvme3n1p1: 1507677392896
none: 4096

1745394479
/dev/nvme3n1p1: 1507689902080
none: 4096

1745394480
/dev/nvme3n1p1: 1507693858816
none: 4096

1745394481
/dev/nvme3n1p1: 1507703513088
none: 4096

1745394482
/dev/nvme3n1p1: 1507709280256
none: 4096

1745394483
/dev/nvme3n1p1: 1507718844416
none: 4096

1745394484
/dev/nvme3n1p1: 1507724185600
none: 4096

1745394485
/dev/nvme3n1p1: 1507726893056
none: 4096

1745394486
/dev/nvme3n1p1: 1507735543808
none: 4096

1745394487
/dev/nvme3n1p1: 1507737112576
none: 4096

1745394488
/dev/nvme3n1p1: 1507737317376
none: 4096

1745394489
/dev/nvme3n1p1: 1507742007296
none: 4096

1745394490
/dev/nvme3n1p1: 1507742470144
none: 4096

1745394491
/dev/nvme3n1p1: 1507743940608
none: 4096

1745394492
/dev/nvme3n1p1: 1507745062912
none: 4096

1745394493
/dev/nvme3n1p1: 1507747446784
none: 4096

1745394494
/dev/nvme3n1p1: 1507747823616
none: 4096

1745394495
/dev/nvme3n1p1: 1507749556224
none: 4096

1745394496
/dev/nvme3n1p1: 1507750453248
none: 4096

1745394497
/dev/nvme3n1p1: 1507752488960
none: 4096

1745394498
/dev/nvme3n1p1: 1507753775104
none: 4096

1745394499
/dev/nvme3n1p1: 1507757666304
none: 4096

1745394500
/dev/nvme3n1p1: 1507762888704
none: 4096

1745394501
/dev/nvme3n1p1: 1507764994048
none: 4096

1745394502
/dev/nvme3n1p1: 1507771740160
none: 4096

1745394503
/dev/nvme3n1p1: 1507774283776
none: 4096

1745394504
/dev/nvme3n1p1: 1507775320064
none: 4096

1745394505
/dev/nvme3n1p1: 1507777421312
none: 4096

1745394506
/dev/nvme3n1p1: 1507779133440
none: 4096

1745394507
/dev/nvme3n1p1: 1507780382720
none: 4096

1745394508
/dev/nvme3n1p1: 1507784822784
none: 4096

1745394509
/dev/nvme3n1p1: 1507787264000
none: 4096

1745394510
/dev/nvme3n1p1: 1507787821056
none: 4096

1745394511
/dev/nvme3n1p1: 1507790229504
none: 4096

1745394512
/dev/nvme3n1p1: 1507794694144
none: 4096

1745394513
/dev/nvme3n1p1: 1507795787776
none: 4096

1745394514
/dev/nvme3n1p1: 1507798134784
none: 4096

1745394515
/dev/nvme3n1p1: 1507799330816
none: 4096

1745394516
/dev/nvme3n1p1: 1507804803072
none: 4096

1745394517
/dev/nvme3n1p1: 1507805843456
none: 4096

1745394518
/dev/nvme3n1p1: 1507812335616
none: 4096

1745394519
/dev/nvme3n1p1: 1507818614784
none: 4096

1745394520
/dev/nvme3n1p1: 1507817820160
none: 4096

1745394521
/dev/nvme3n1p1: 1507824652288
none: 4096

1745394522
/dev/nvme3n1p1: 1507825160192
none: 4096

1745394523
/dev/nvme3n1p1: 1507826700288
none: 4096

1745394524
/dev/nvme3n1p1: 1507828498432
none: 4096

1745394525
/dev/nvme3n1p1: 1507831103488
none: 4096

1745394526
/dev/nvme3n1p1: 1507832918016
none: 4096

1745394527
/dev/nvme3n1p1: 1507832918016
none: 4096

1745394528
/dev/nvme3n1p1: 1507836092416
none: 4096

1745394529
/dev/nvme3n1p1: 1507837853696
none: 4096

1745394530
/dev/nvme3n1p1: 1507838259200
none: 4096

1745394531
/dev/nvme3n1p1: 1507839352832
none: 4096

1745394532
/dev/nvme3n1p1: 1507842994176
none: 4096

1745394533
/dev/nvme3n1p1: 1507843121152
none: 4096

1745394534
/dev/nvme3n1p1: 1507843129344
none: 4096

1745394535
/dev/nvme3n1p1: 1507848654848
none: 4096

1745394537
/dev/nvme3n1p1: 1507853402112
none: 4096

1745394538
/dev/nvme3n1p1: 1507853733888
none: 4096

1745394539
/dev/nvme3n1p1: 1507858255872
none: 4096

1745394540
/dev/nvme3n1p1: 1507858255872
none: 4096

1745394541
/dev/nvme3n1p1: 1507860631552
none: 4096

1745394542
/dev/nvme3n1p1: 1507861962752
none: 4096

1745394543
/dev/nvme3n1p1: 1507864141824
none: 4096

1745394544
/dev/nvme3n1p1: 1507864215552
none: 4096

1745394545
/dev/nvme3n1p1: 1507866271744
none: 4096

1745394546
/dev/nvme3n1p1: 1507867463680
none: 4096

1745394547
/dev/nvme3n1p1: 1507867594752
none: 4096

1745394548
/dev/nvme3n1p1: 1507869143040
none: 4096

1745394549
/dev/nvme3n1p1: 1507869679616
none: 4096

1745394550
/dev/nvme3n1p1: 1507871490048
none: 4096

1745394551
/dev/nvme3n1p1: 1507871842304
none: 4096

1745394552
/dev/nvme3n1p1: 1507873918976
none: 4096

1745394553
/dev/nvme3n1p1: 1507875184640
none: 4096

1745394554
/dev/nvme3n1p1: 1507875454976
none: 4096

1745394555
/dev/nvme3n1p1: 1507876249600
none: 4096

1745394557
/dev/nvme3n1p1: 1507880845312
none: 4096

1745394558
/dev/nvme3n1p1: 1507883429888
none: 4096

1745394559
/dev/nvme3n1p1: 1507889586176
none: 4096

1745394560
/dev/nvme3n1p1: 1507891355648
none: 4096

1745394561
/dev/nvme3n1p1: 1507894902784
none: 4096

1745394562
/dev/nvme3n1p1: 1507896590336
none: 4096

1745394563
/dev/nvme3n1p1: 1507907391488
none: 4096

1745394564
/dev/nvme3n1p1: 1507914010624
none: 4096

1745394565
/dev/nvme3n1p1: 1507919380480
none: 4096

1745394566
/dev/nvme3n1p1: 1507921121280
none: 4096

1745394567
/dev/nvme3n1p1: 1507926585344
none: 4096

1745394568
/dev/nvme3n1p1: 1507936133120
none: 4096

1745394569
/dev/nvme3n1p1: 1507945676800
none: 4096

1745394570
/dev/nvme3n1p1: 1507954405376
none: 4096

1745394571
/dev/nvme3n1p1: 1507959345152
none: 4096

1745394572
/dev/nvme3n1p1: 1507959345152
none: 4096

1745394573
/dev/nvme3n1p1: 1507959349248
none: 4096

1745394575
/dev/nvme3n1p1: 1507965526016
none: 4096

1745394576
/dev/nvme3n1p1: 1507969212416
none: 4096

1745394577
/dev/nvme3n1p1: 1507972853760
none: 4096

1745394578
/dev/nvme3n1p1: 1507980115968
none: 4096

1745394579
/dev/nvme3n1p1: 1507981848576
none: 4096

1745394580
/dev/nvme3n1p1: 1507984146432
none: 4096

1745394581
/dev/nvme3n1p1: 1507987632128
none: 4096

1745394582
/dev/nvme3n1p1: 1507988566016
none: 4096

1745394583
/dev/nvme3n1p1: 1507989262336
none: 4096

1745394584
/dev/nvme3n1p1: 1507990056960
none: 4096

1745394585
/dev/nvme3n1p1: 1507990732800
none: 4096

1745394586
/dev/nvme3n1p1: 1507991252992
none: 4096

1745394587
/dev/nvme3n1p1: 1507999694848
none: 4096

1745394588
/dev/nvme3n1p1: 1508004409344
none: 4096

1745394589
/dev/nvme3n1p1: 1508005167104
none: 4096

1745394590
/dev/nvme3n1p1: 1508005388288
none: 4096

1745394591
/dev/nvme3n1p1: 1508011507712
none: 4096

1745394592
/dev/nvme3n1p1: 1508016115712
none: 4096

1745394593
/dev/nvme3n1p1: 1508016861184
none: 4096

1745394594
/dev/nvme3n1p1: 1508017307648
none: 4096

1745394596
/dev/nvme3n1p1: 1508020264960
none: 4096

1745394597
/dev/nvme3n1p1: 1508023054336
none: 4096

1745394598
/dev/nvme3n1p1: 1508023357440
none: 4096

1745394599
/dev/nvme3n1p1: 1508026138624
none: 4096

1745394600
/dev/nvme3n1p1: 1508028346368
none: 4096

1745394601
/dev/nvme3n1p1: 1508028854272
none: 4096

1745394602
/dev/nvme3n1p1: 1508029992960
none: 4096

1745394603
/dev/nvme3n1p1: 1508033093632
none: 4096

1745394604
/dev/nvme3n1p1: 1508035047424
none: 4096

1745394605
/dev/nvme3n1p1: 1508038053888
none: 4096

1745394606
/dev/nvme3n1p1: 1508039569408
none: 4096

1745394607
/dev/nvme3n1p1: 1508040650752
none: 4096

1745394608
/dev/nvme3n1p1: 1508044914688
none: 4096

1745394609
/dev/nvme3n1p1: 1508051075072
none: 4096

1745394610
/dev/nvme3n1p1: 1508050841600
none: 4096

1745394611
/dev/nvme3n1p1: 1508052983808
none: 4096

1745394612
/dev/nvme3n1p1: 1508054564864
none: 4096

1745394613
/dev/nvme3n1p1: 1508058316800
none: 4096

1745394614
/dev/nvme3n1p1: 1508062539776
none: 4096

1745394615
/dev/nvme3n1p1: 1508064530432
none: 4096

1745394616
/dev/nvme3n1p1: 1508065980416
none: 4096

1745394617
/dev/nvme3n1p1: 1508067217408
none: 4096

1745394618
/dev/nvme3n1p1: 1508069220352
none: 4096

1745394619
/dev/nvme3n1p1: 1508069601280
none: 4096

1745394620
/dev/nvme3n1p1: 1508070649856
none: 4096

1745394621
/dev/nvme3n1p1: 1508073529344
none: 4096

1745394622
/dev/nvme3n1p1: 1508083806208
none: 4096

1745394623
/dev/nvme3n1p1: 1508086358016
none: 4096

1745394624
/dev/nvme3n1p1: 1508086075392
none: 4096

1745394625
/dev/nvme3n1p1: 1508091142144
none: 4096

1745394626
/dev/nvme3n1p1: 1508093566976
none: 4096

1745394627
/dev/nvme3n1p1: 1508094910464
none: 4096

1745394628
/dev/nvme3n1p1: 1508099571712
none: 4096

1745394629
/dev/nvme3n1p1: 1508104355840
none: 4096

1745394630
/dev/nvme3n1p1: 1508104658944
none: 4096

1745394631
/dev/nvme3n1p1: 1508107427840
none: 4096

1745394632
/dev/nvme3n1p1: 1508108664832
none: 4096

1745394633
/dev/nvme3n1p1: 1508109877248
none: 4096

1745394634
/dev/nvme3n1p1: 1508112556032
none: 4096

1745394635
/dev/nvme3n1p1: 1508113928192
none: 4096

1745394636
/dev/nvme3n1p1: 1508115202048
none: 4096

1745394637
/dev/nvme3n1p1: 1508117786624
none: 4096

1745394638
/dev/nvme3n1p1: 1508117856256
none: 4096

1745394639
/dev/nvme3n1p1: 1508120854528
none: 4096

1745394640
/dev/nvme3n1p1: 1508121161728
none: 4096

1745394641
/dev/nvme3n1p1: 1508121546752
none: 4096

1745394642
/dev/nvme3n1p1: 1508124798976
none: 4096

1745394644
/dev/nvme3n1p1: 1508124884992
none: 4096

1745394645
/dev/nvme3n1p1: 1508124884992
none: 4096

1745394646
/dev/nvme3n1p1: 1508125372416
none: 4096

1745394648
/dev/nvme3n1p1: 1508125966336
none: 4096

1745394649
/dev/nvme3n1p1: 1508129206272
none: 4096

1745394650
/dev/nvme3n1p1: 1508129005568
none: 4096

1745394651
/dev/nvme3n1p1: 1508130361344
none: 4096

1745394652
/dev/nvme3n1p1: 1508131360768
none: 4096

1745394653
/dev/nvme3n1p1: 1508133789696
none: 4096

1745394654
/dev/nvme3n1p1: 1508134404096
none: 4096

1745394655
/dev/nvme3n1p1: 1508135432192
none: 4096

1745394656
/dev/nvme3n1p1: 1508138364928
none: 4096

1745394657
/dev/nvme3n1p1: 1508138594304
none: 4096

1745394658
/dev/nvme3n1p1: 1508140146688
none: 4096

1745394660
/dev/nvme3n1p1: 1508141137920
none: 4096

1745394661
/dev/nvme3n1p1: 1508144193536
none: 4096

1745394662
/dev/nvme3n1p1: 1508144197632
none: 4096

1745394663
/dev/nvme3n1p1: 1508145324032
none: 4096

1745394664
/dev/nvme3n1p1: 1508146872320
none: 4096

1745394665
/dev/nvme3n1p1: 1508148613120
none: 4096

1745394666
/dev/nvme3n1p1: 1508154187776
none: 4096

1745394667
/dev/nvme3n1p1: 1508157870080
none: 4096

1745394668
/dev/nvme3n1p1: 1508161540096
none: 4096

1745394669
/dev/nvme3n1p1: 1508164149248
none: 4096

1745394670
/dev/nvme3n1p1: 1508167012352
none: 4096

1745394671
/dev/nvme3n1p1: 1508167184384
none: 4096

1745394672
/dev/nvme3n1p1: 1508172075008
none: 4096

1745394673
/dev/nvme3n1p1: 1508175929344
none: 4096

1745394674
/dev/nvme3n1p1: 1508178243584
none: 4096

1745394676
/dev/nvme3n1p1: 1508183715840
none: 4096

1745394677
/dev/nvme3n1p1: 1508184563712
none: 4096

1745394678
/dev/nvme3n1p1: 1508186460160
none: 4096

1745394679
/dev/nvme3n1p1: 1508188467200
none: 4096

1745394680
/dev/nvme3n1p1: 1508189917184
none: 4096

1745394681
/dev/nvme3n1p1: 1508190355456
none: 4096

1745394682
/dev/nvme3n1p1: 1508192481280
none: 4096

1745394683
/dev/nvme3n1p1: 1508192882688
none: 4096

1745394684
/dev/nvme3n1p1: 1508198088704
none: 4096

1745394685
/dev/nvme3n1p1: 1508198731776
none: 4096

1745394686
/dev/nvme3n1p1: 1508198502400
none: 4096

1745394687
/dev/nvme3n1p1: 1508203462656
none: 4096

1745394689
/dev/nvme3n1p1: 1508204085248
none: 4096

1745394690
/dev/nvme3n1p1: 1508204154880
none: 4096

1745394691
/dev/nvme3n1p1: 1508204154880
none: 4096

1745394693
/dev/nvme3n1p1: 1508207804416
none: 4096

1745394694
/dev/nvme3n1p1: 1508208930816
none: 4096

1745394695
/dev/nvme3n1p1: 1508209827840
none: 4096

1745394696
/dev/nvme3n1p1: 1508210114560
none: 4096

1745394697
/dev/nvme3n1p1: 1508210323456
none: 4096

1745394698
/dev/nvme3n1p1: 1508210692096
none: 4096

1745394699
/dev/nvme3n1p1: 1508211662848
none: 4096

1745394700
/dev/nvme3n1p1: 1508211662848
none: 4096

1745394702
/dev/nvme3n1p1: 1508213084160
none: 4096

1745394703
/dev/nvme3n1p1: 1508212887552
none: 4096

1745394704
/dev/nvme3n1p1: 1508217548800
none: 4096

1745394705
/dev/nvme3n1p1: 1508220624896
none: 4096

1745394706
/dev/nvme3n1p1: 1508220788736
none: 4096

1745394707
/dev/nvme3n1p1: 1508227309568
none: 4096

1745394708
/dev/nvme3n1p1: 1508228718592
none: 4096

1745394709
/dev/nvme3n1p1: 1508229406720
none: 4096

1745394710
/dev/nvme3n1p1: 1508229599232
none: 4096

1745394711
/dev/nvme3n1p1: 1508232208384
none: 4096

1745394712
/dev/nvme3n1p1: 1508234563584
none: 4096

1745394713
/dev/nvme3n1p1: 1508245811200
none: 4096

1745394714
/dev/nvme3n1p1: 1508246437888
none: 4096

1745394715
/dev/nvme3n1p1: 1508246953984
none: 4096

1745394716
/dev/nvme3n1p1: 1508247109632
none: 4096

1745394717
/dev/nvme3n1p1: 1508253384704
none: 4096

1745394718
/dev/nvme3n1p1: 1508257128448
none: 4096

1745394719
/dev/nvme3n1p1: 1508263002112
none: 4096

1745394720
/dev/nvme3n1p1: 1508265402368
none: 4096

1745394721
/dev/nvme3n1p1: 1508266405888
none: 4096

1745394722
/dev/nvme3n1p1: 1508267720704
none: 4096

1745394723
/dev/nvme3n1p1: 1508269326336
none: 4096

1745394724
/dev/nvme3n1p1: 1508269834240
none: 4096

1745394725
/dev/nvme3n1p1: 1508274700288
none: 4096

1745394726
/dev/nvme3n1p1: 1508276629504
none: 4096

1745394727
/dev/nvme3n1p1: 1508278595584
none: 4096

1745394728
/dev/nvme3n1p1: 1508279033856
none: 4096

1745394729
/dev/nvme3n1p1: 1508279709696
none: 4096

1745394730
/dev/nvme3n1p1: 1508280844288
none: 4096

1745394731
/dev/nvme3n1p1: 1508287549440
none: 4096

1745394732
/dev/nvme3n1p1: 1508299603968
none: 4096

1745394733
/dev/nvme3n1p1: 1508300812288
none: 4096

1745394734
/dev/nvme3n1p1: 1508302004224
none: 4096

1745394735
/dev/nvme3n1p1: 1508310904832
none: 4096

1745394736
/dev/nvme3n1p1: 1508312317952
none: 4096

1745394737
/dev/nvme3n1p1: 1508316274688
none: 4096

1745394738
/dev/nvme3n1p1: 1508321779712
none: 4096

1745394739
/dev/nvme3n1p1: 1508322758656
none: 4096

1745394740
/dev/nvme3n1p1: 1508324282368
none: 4096

1745394741
/dev/nvme3n1p1: 1508327600128
none: 4096

1745394742
/dev/nvme3n1p1: 1508331991040
none: 4096

1745394743
/dev/nvme3n1p1: 1508335603712
none: 4096

1745394744
/dev/nvme3n1p1: 1508349763584
none: 4096

1745394745
/dev/nvme3n1p1: 1508349509632
none: 4096

1745394746
/dev/nvme3n1p1: 1508352860160
none: 4096

1745394747
/dev/nvme3n1p1: 1508357685248
none: 4096

1745394748
/dev/nvme3n1p1: 1508359049216
none: 4096

1745394749
/dev/nvme3n1p1: 1508378509312
none: 4096

1745394750
/dev/nvme3n1p1: 1508385468416
none: 4096

1745394751
/dev/nvme3n1p1: 1508388290560
none: 4096

1745394752
/dev/nvme3n1p1: 1508389879808
none: 4096

1745394753
/dev/nvme3n1p1: 1508390330368
none: 4096

1745394754
/dev/nvme3n1p1: 1508392157184
none: 4096

1745394755
/dev/nvme3n1p1: 1508396359680
none: 4096

1745394756
/dev/nvme3n1p1: 1508402024448
none: 4096

1745394757
/dev/nvme3n1p1: 1508405211136
none: 4096

1745394758
/dev/nvme3n1p1: 1508406202368
none: 4096

1745394759
/dev/nvme3n1p1: 1508407087104
none: 4096

1745394760
/dev/nvme3n1p1: 1508409073664
none: 4096

1745394761
/dev/nvme3n1p1: 1508409241600
none: 4096

1745394762
/dev/nvme3n1p1: 1508409753600
none: 4096

1745394763
/dev/nvme3n1p1: 1508411551744
none: 4096

1745394764
/dev/nvme3n1p1: 1508415746048
none: 4096

1745394765
/dev/nvme3n1p1: 1508422512640
none: 4096

1745394766
/dev/nvme3n1p1: 1508425703424
none: 4096

1745394767
/dev/nvme3n1p1: 1508425510912
none: 4096

1745394768
/dev/nvme3n1p1: 1508432199680
none: 4096

1745394769
/dev/nvme3n1p1: 1508433022976
none: 4096

1745394770
/dev/nvme3n1p1: 1508434563072
none: 4096

1745394771
/dev/nvme3n1p1: 1508436697088
none: 4096

1745394772
/dev/nvme3n1p1: 1508437696512
none: 4096

1745394773
/dev/nvme3n1p1: 1508438867968
none: 4096

1745394774
/dev/nvme3n1p1: 1508440236032
none: 4096

1745394775
/dev/nvme3n1p1: 1508443783168
none: 4096

1745394776
/dev/nvme3n1p1: 1508444573696
none: 4096

1745394777
/dev/nvme3n1p1: 1508446646272
none: 4096

1745394778
/dev/nvme3n1p1: 1508447272960
none: 4096

1745394779
/dev/nvme3n1p1: 1508450578432
none: 4096

1745394780
/dev/nvme3n1p1: 1508455632896
none: 4096

1745394781
/dev/nvme3n1p1: 1508456271872
none: 4096

1745394782
/dev/nvme3n1p1: 1508456275968
none: 4096

1745394783
/dev/nvme3n1p1: 1508459790336
none: 4096

1745394784
/dev/nvme3n1p1: 1508463370240
none: 4096

1745394785
/dev/nvme3n1p1: 1508463910912
none: 4096

1745394786
/dev/nvme3n1p1: 1508467560448
none: 4096

1745394787
/dev/nvme3n1p1: 1508472070144
none: 4096

1745394788
/dev/nvme3n1p1: 1508472516608
none: 4096

1745394789
/dev/nvme3n1p1: 1508479778816
none: 4096

1745394790
/dev/nvme3n1p1: 1508480106496
none: 4096

1745394791
/dev/nvme3n1p1: 1508483710976
none: 4096

1745394792
/dev/nvme3n1p1: 1508487319552
none: 4096

1745394793
/dev/nvme3n1p1: 1508489080832
none: 4096

1745394794
/dev/nvme3n1p1: 1508491554816
none: 4096

1745394795
/dev/nvme3n1p1: 1508496052224
none: 4096

1745394796
/dev/nvme3n1p1: 1508503834624
none: 4096

1745394797
/dev/nvme3n1p1: 1508508712960
none: 4096

1745394798
/dev/nvme3n1p1: 1508511379456
none: 4096

1745394799
/dev/nvme3n1p1: 1508512186368
none: 4096

1745394800
/dev/nvme3n1p1: 1508514308096
none: 4096

1745394801
/dev/nvme3n1p1: 1508515278848
none: 4096

1745394802
/dev/nvme3n1p1: 1508518469632
none: 4096

1745394803
/dev/nvme3n1p1: 1508520001536
none: 4096

1745394804
/dev/nvme3n1p1: 1508522954752
none: 4096

1745394805
/dev/nvme3n1p1: 1508525846528
none: 4096

1745394806
/dev/nvme3n1p1: 1508527992832
none: 4096

1745394807
/dev/nvme3n1p1: 1508530536448
none: 4096

1745394808
/dev/nvme3n1p1: 1508531462144
none: 4096

1745394809
/dev/nvme3n1p1: 1508533211136
none: 4096

1745394810
/dev/nvme3n1p1: 1508534054912
none: 4096

1745394811
/dev/nvme3n1p1: 1508534239232
none: 4096

1745394812
/dev/nvme3n1p1: 1508535754752
none: 4096

1745394813
/dev/nvme3n1p1: 1508538040320
none: 4096

1745394814
/dev/nvme3n1p1: 1508550254592
none: 4096

1745394815
/dev/nvme3n1p1: 1508554219520
none: 4096

1745394816
/dev/nvme3n1p1: 1508567801856
none: 4096

1745394817
/dev/nvme3n1p1: 1508571082752
none: 4096

1745394818
/dev/nvme3n1p1: 1508577583104
none: 4096

1745394819
/dev/nvme3n1p1: 1508584493056
none: 4096

1745394820
/dev/nvme3n1p1: 1508586008576
none: 4096

1745394821
/dev/nvme3n1p1: 1508588310528
none: 4096

1745394822
/dev/nvme3n1p1: 1508590473216
none: 4096

1745394823
/dev/nvme3n1p1: 1508591415296
none: 4096

1745394824
/dev/nvme3n1p1: 1508596195328
none: 4096

1745394825
/dev/nvme3n1p1: 1508596989952
none: 4096

1745394826
/dev/nvme3n1p1: 1508600950784
none: 4096

1745394827
/dev/nvme3n1p1: 1508602368000
none: 4096

1745394828
/dev/nvme3n1p1: 1508604096512
none: 4096

1745394829
/dev/nvme3n1p1: 1508606259200
none: 4096

1745394831
/dev/nvme3n1p1: 1508608348160
none: 4096

1745394832
/dev/nvme3n1p1: 1508608348160
none: 4096

1745394834
/dev/nvme3n1p1: 1508612083712
none: 4096

1745394835
/dev/nvme3n1p1: 1508617687040
none: 4096

1745394836
/dev/nvme3n1p1: 1508624584704
none: 4096

1745394837
/dev/nvme3n1p1: 1508627771392
none: 4096

1745394838
/dev/nvme3n1p1: 1508631764992
none: 4096

1745394839
/dev/nvme3n1p1: 1508636057600
none: 4096

1745394840
/dev/nvme3n1p1: 1508643639296
none: 4096

1745394841
/dev/nvme3n1p1: 1508649320448
none: 4096

1745394842
/dev/nvme3n1p1: 1508660076544
none: 4096

1745394843
/dev/nvme3n1p1: 1508674998272
none: 4096

1745394844
/dev/nvme3n1p1: 1508688064512
none: 4096

1745394845
/dev/nvme3n1p1: 1508697509888
none: 4096

1745394846
/dev/nvme3n1p1: 1508708417536
none: 4096

1745394847
/dev/nvme3n1p1: 1508715171840
none: 4096

1745394848
/dev/nvme3n1p1: 1508718411776
none: 4096

1745394849
/dev/nvme3n1p1: 1508724727808
none: 4096

1745394850
/dev/nvme3n1p1: 1508729028608
none: 4096

1745394851
/dev/nvme3n1p1: 1508731559936
none: 4096

1745394852
/dev/nvme3n1p1: 1508738490368
none: 4096

1745394853
/dev/nvme3n1p1: 1508743409664
none: 4096

1745394854
/dev/nvme3n1p1: 1508748808192
none: 4096

1745394855
/dev/nvme3n1p1: 1508755562496
none: 4096

1745394856
/dev/nvme3n1p1: 1508759027712
none: 4096

1745394857
/dev/nvme3n1p1: 1508760416256
none: 4096

1745394858
/dev/nvme3n1p1: 1508765868032
none: 4096

1745394859
/dev/nvme3n1p1: 1508774338560
none: 4096

1745394860
/dev/nvme3n1p1: 1508777283584
none: 4096

1745394861
/dev/nvme3n1p1: 1508778676224
none: 4096

1745394862
/dev/nvme3n1p1: 1508784513024
none: 4096

1745394863
/dev/nvme3n1p1: 1508787437568
none: 4096

1745394864
/dev/nvme3n1p1: 1508789669888
none: 4096

1745394865
/dev/nvme3n1p1: 1508789809152
none: 4096

1745394867
/dev/nvme3n1p1: 1508800040960
none: 4096

1745394869
/dev/nvme3n1p1: 1508816482304
none: 4096

1745394870
/dev/nvme3n1p1: 1508818890752
none: 4096

1745394871
/dev/nvme3n1p1: 1508823130112
none: 4096

1745394873
/dev/nvme3n1p1: 1508826312704
none: 4096

1745394874
/dev/nvme3n1p1: 1508831625216
none: 4096

1745394875
/dev/nvme3n1p1: 1508835102720
none: 4096

1745394876
/dev/nvme3n1p1: 1508842356736
none: 4096

1745394877
/dev/nvme3n1p1: 1508847251456
none: 4096

1745394878
/dev/nvme3n1p1: 1508849680384
none: 4096

1745394879
/dev/nvme3n1p1: 1508854558720
none: 4096

1745394880
/dev/nvme3n1p1: 1508857057280
none: 4096

1745394881
/dev/nvme3n1p1: 1508862976000
none: 4096

1745394882
/dev/nvme3n1p1: 1508869582848
none: 4096

1745394883
/dev/nvme3n1p1: 1508871221248
none: 4096

1745394884
/dev/nvme3n1p1: 1508878360576
none: 4096

1745394885
/dev/nvme3n1p1: 1508883517440
none: 4096

1745394886
/dev/nvme3n1p1: 1508883914752
none: 4096

1745394887
/dev/nvme3n1p1: 1508889804800
none: 4096

1745394888
/dev/nvme3n1p1: 1508893376512
none: 4096

1745394889
/dev/nvme3n1p1: 1508902010880
none: 4096

1745394890
/dev/nvme3n1p1: 1508909690880
none: 4096

1745394891
/dev/nvme3n1p1: 1508911095808
none: 4096

1745394892
/dev/nvme3n1p1: 1508917170176
none: 4096

1745394893
/dev/nvme3n1p1: 1508923613184
none: 4096

1745394894
/dev/nvme3n1p1: 1508927188992
none: 4096

1745394895
/dev/nvme3n1p1: 1508932833280
none: 4096

1745394896
/dev/nvme3n1p1: 1508935852032
none: 4096

1745394897
/dev/nvme3n1p1: 1508939227136
none: 4096

1745394898
/dev/nvme3n1p1: 1508942192640
none: 4096

1745394899
/dev/nvme3n1p1: 1508947070976
none: 4096

1745394900
/dev/nvme3n1p1: 1508952567808
none: 4096

1745394901
/dev/nvme3n1p1: 1508958818304
none: 4096

1745394902
/dev/nvme3n1p1: 1508961648640
none: 4096

1745394903
/dev/nvme3n1p1: 1508967030784
none: 4096

1745394904
/dev/nvme3n1p1: 1508972503040
none: 4096

1745394905
/dev/nvme3n1p1: 1508980146176
none: 4096

1745394906
/dev/nvme3n1p1: 1508988923904
none: 4096

1745394907
/dev/nvme3n1p1: 1508993130496
none: 4096

1745394908
/dev/nvme3n1p1: 1508999094272
none: 4096

1745394909
/dev/nvme3n1p1: 1509000155136
none: 4096

1745394910
/dev/nvme3n1p1: 1509001580544
none: 4096

1745394911
/dev/nvme3n1p1: 1509004283904
none: 4096

1745394912
/dev/nvme3n1p1: 1509004738560
none: 4096

1745394913
/dev/nvme3n1p1: 1509005516800
none: 4096

1745394914
/dev/nvme3n1p1: 1509008093184
none: 4096

1745394916
/dev/nvme3n1p1: 1509013299200
none: 4096

1745394917
/dev/nvme3n1p1: 1509013819392
none: 4096

1745394918
/dev/nvme3n1p1: 1509014573056
none: 4096

1745394919
/dev/nvme3n1p1: 1509015375872
none: 4096

1745394920
/dev/nvme3n1p1: 1509016096768
none: 4096

1745394921
/dev/nvme3n1p1: 1509016772608
none: 4096

1745394922
/dev/nvme3n1p1: 1509017743360
none: 4096

1745394923
/dev/nvme3n1p1: 1509024616448
none: 4096

1745394924
/dev/nvme3n1p1: 1509025386496
none: 4096

1745394925
/dev/nvme3n1p1: 1509026570240
none: 4096

1745394926
/dev/nvme3n1p1: 1509027766272
none: 4096

1745394927
/dev/nvme3n1p1: 1509028405248
none: 4096

1745394928
/dev/nvme3n1p1: 1509029150720
none: 4096

1745394929
/dev/nvme3n1p1: 1509030051840
none: 4096

1745394930
/dev/nvme3n1p1: 1509031305216
none: 4096

1745394931
/dev/nvme3n1p1: 1509032271872
none: 4096

1745394932
/dev/nvme3n1p1: 1509033406464
none: 4096

1745394933
/dev/nvme3n1p1: 1509038313472
none: 4096

1745394935
/dev/nvme3n1p1: 1509040197632
none: 4096

1745394936
/dev/nvme3n1p1: 1509041209344
none: 4096

1745394937
/dev/nvme3n1p1: 1509042221056
none: 4096

1745394938
/dev/nvme3n1p1: 1509043830784
none: 4096

1745394939
/dev/nvme3n1p1: 1509044932608
none: 4096

1745394941
/dev/nvme3n1p1: 1509046898688
none: 4096

1745394942
/dev/nvme3n1p1: 1509047480320
none: 4096

1745394943
/dev/nvme3n1p1: 1509047873536
none: 4096

1745394944
/dev/nvme3n1p1: 1509048741888
none: 4096

1745394946
/dev/nvme3n1p1: 1509050916864
none: 4096

1745394947
/dev/nvme3n1p1: 1509054734336
none: 4096

1745394948
/dev/nvme3n1p1: 1509059997696
none: 4096

1745394949
/dev/nvme3n1p1: 1509061378048
none: 4096

1745394950
/dev/nvme3n1p1: 1509064478720
none: 4096

1745394951
/dev/nvme3n1p1: 1509065216000
none: 4096

1745394952
/dev/nvme3n1p1: 1509065220096
none: 4096

1745394953
/dev/nvme3n1p1: 1509065220096
none: 4096

1745394954
/dev/nvme3n1p1: 1509065224192
none: 4096

1745394955
/dev/nvme3n1p1: 1509065224192
none: 4096

1745394956
/dev/nvme3n1p1: 1509065224192
none: 4096

1745394957
/dev/nvme3n1p1: 1509065224192
none: 4096

1745394958
/dev/nvme3n1p1: 1509065224192
none: 4096

1745394959
/dev/nvme3n1p1: 1509065224192
none: 4096

1745394960
/dev/nvme3n1p1: 1509065228288
none: 4096

1745394961
/dev/nvme3n1p1: 1509065228288
none: 4096

1745394962
/dev/nvme3n1p1: 1509065228288
none: 4096

1745394963
/dev/nvme3n1p1: 1509065228288
none: 4096

1745394964
/dev/nvme3n1p1: 1509076176896
none: 4096

1745394965
/dev/nvme3n1p1: 1509090312192
none: 4096

1745394966
/dev/nvme3n1p1: 1509104377856
none: 4096

1745394967
/dev/nvme3n1p1: 1509120466944
none: 4096

1745394968
/dev/nvme3n1p1: 1509135679488
none: 4096

1745394969
/dev/nvme3n1p1: 1509150617600
none: 4096

1745394970
/dev/nvme3n1p1: 1509158715392
none: 4096

1745394971
/dev/nvme3n1p1: 1509159989248
none: 4096

1745394972
/dev/nvme3n1p1: 1509160001536
none: 4096

1745394973
/dev/nvme3n1p1: 1509160824832
none: 4096

1745394974
/dev/nvme3n1p1: 1509160878080
none: 4096

1745394975
/dev/nvme3n1p1: 1509160976384
none: 4096

1745394976
/dev/nvme3n1p1: 1509164396544
none: 4096

1745394977
/dev/nvme3n1p1: 1509168373760
none: 4096

1745394978
/dev/nvme3n1p1: 1509171568640
none: 4096

1745394979
/dev/nvme3n1p1: 1509174538240
none: 4096

1745394980
/dev/nvme3n1p1: 1509177290752
none: 4096

1745394981
/dev/nvme3n1p1: 1509180260352
none: 4096

1745394982
/dev/nvme3n1p1: 1509186351104
none: 4096

1745394983
/dev/nvme3n1p1: 1509191688192
none: 4096

1745394984
/dev/nvme3n1p1: 1509195902976
none: 4096

1745394985
/dev/nvme3n1p1: 1509202034688
none: 4096

1745394986
/dev/nvme3n1p1: 1509205037056
none: 4096

1745394987
/dev/nvme3n1p1: 1509206970368
none: 4096

1745394988
/dev/nvme3n1p1: 1509213184000
none: 4096

1745394989
/dev/nvme3n1p1: 1509226844160
none: 4096

1745394990
/dev/nvme3n1p1: 1509237096448
none: 4096

1745394991
/dev/nvme3n1p1: 1509245829120
none: 4096

1745394992
/dev/nvme3n1p1: 1509255004160
none: 4096

1745394994
/dev/nvme3n1p1: 1509267296256
none: 4096

1745394995
/dev/nvme3n1p1: 1509274841088
none: 4096

1745394996
/dev/nvme3n1p1: 1509276737536
none: 4096

1745394997
/dev/nvme3n1p1: 1509283401728
none: 4096

1745394998
/dev/nvme3n1p1: 1509291732992
none: 4096

1745394999
/dev/nvme3n1p1: 1509295501312
none: 4096

1745395000
/dev/nvme3n1p1: 1509298565120
none: 4096

1745395001
/dev/nvme3n1p1: 1509307236352
none: 4096

1745395002
/dev/nvme3n1p1: 1509313253376
none: 4096

1745395003
/dev/nvme3n1p1: 1509324697600
none: 4096

1745395004
/dev/nvme3n1p1: 1509327626240
none: 4096

1745395005
/dev/nvme3n1p1: 1509332267008
none: 4096

1745395006
/dev/nvme3n1p1: 1509344296960
none: 4096

1745395007
/dev/nvme3n1p1: 1509347147776
none: 4096

1745395008
/dev/nvme3n1p1: 1509354307584
none: 4096

1745395009
/dev/nvme3n1p1: 1509364596736
none: 4096

1745395010
/dev/nvme3n1p1: 1509369888768
none: 4096

1745395011
/dev/nvme3n1p1: 1509374218240
none: 4096

1745395012
/dev/nvme3n1p1: 1509376987136
none: 4096

1745395013
/dev/nvme3n1p1: 1509381218304
none: 4096

1745395014
/dev/nvme3n1p1: 1509391249408
none: 4096

1745395015
/dev/nvme3n1p1: 1509399224320
none: 4096

1745395016
/dev/nvme3n1p1: 1509400825856
none: 4096

1745395017
/dev/nvme3n1p1: 1509405122560
none: 4096

1745395018
/dev/nvme3n1p1: 1509408436224
none: 4096

1745395019
/dev/nvme3n1p1: 1509414256640
none: 4096

1745395020
/dev/nvme3n1p1: 1509420052480
none: 4096

1745395021
/dev/nvme3n1p1: 1509429161984
none: 4096

1745395022
/dev/nvme3n1p1: 1509432332288
none: 4096

1745395023
/dev/nvme3n1p1: 1509437112320
none: 4096

1745395024
/dev/nvme3n1p1: 1509441925120
none: 4096

1745395026
/dev/nvme3n1p1: 1509455093760
none: 4096

1745395027
/dev/nvme3n1p1: 1509464264704
none: 4096

1745395028
/dev/nvme3n1p1: 1509467525120
none: 4096

1745395029
/dev/nvme3n1p1: 1509472014336
none: 4096

1745395030
/dev/nvme3n1p1: 1509473972224
none: 4096

1745395032
/dev/nvme3n1p1: 1509491228672
none: 4096

1745395033
/dev/nvme3n1p1: 1509495996416
none: 4096

1745395034
/dev/nvme3n1p1: 1509497880576
none: 4096

1745395035
/dev/nvme3n1p1: 1509499330560
none: 4096

1745395036
/dev/nvme3n1p1: 1509505687552
none: 4096

1745395037
/dev/nvme3n1p1: 1509514383360
none: 4096

1745395038
/dev/nvme3n1p1: 1509523439616
none: 4096

1745395039
/dev/nvme3n1p1: 1509530144768
none: 4096

1745395040
/dev/nvme3n1p1: 1509531811840
none: 4096

1745395041
/dev/nvme3n1p1: 1509535092736
none: 4096

1745395042
/dev/nvme3n1p1: 1509542813696
none: 4096

1745395043
/dev/nvme3n1p1: 1509552410624
none: 4096

1745395044
/dev/nvme3n1p1: 1509560442880
none: 4096

1745395045
/dev/nvme3n1p1: 1509563895808
none: 4096

1745395046
/dev/nvme3n1p1: 1509567483904
none: 4096

1745395047
/dev/nvme3n1p1: 1509572603904
none: 4096

1745395048
/dev/nvme3n1p1: 1509580455936
none: 4096

1745395049
/dev/nvme3n1p1: 1509590495232
none: 4096

1745395050
/dev/nvme3n1p1: 1509594447872
none: 4096

1745395051
/dev/nvme3n1p1: 1509598883840
none: 4096

1745395052
/dev/nvme3n1p1: 1509601460224
none: 4096

1745395053
/dev/nvme3n1p1: 1509607735296
none: 4096

1745395054
/dev/nvme3n1p1: 1509615759360
none: 4096

1745395055
/dev/nvme3n1p1: 1509624729600
none: 4096

1745395056
/dev/nvme3n1p1: 1509627801600
none: 4096

1745395057
/dev/nvme3n1p1: 1509629468672
none: 4096

1745395058
/dev/nvme3n1p1: 1509632544768
none: 4096

1745395059
/dev/nvme3n1p1: 1509642649600
none: 4096

1745395060
/dev/nvme3n1p1: 1509652357120
none: 4096

1745395061
/dev/nvme3n1p1: 1509658497024
none: 4096

1745395062
/dev/nvme3n1p1: 1509660336128
none: 4096

1745395063
/dev/nvme3n1p1: 1509664997376
none: 4096

1745395064
/dev/nvme3n1p1: 1509670895616
none: 4096

1745395065
/dev/nvme3n1p1: 1509674389504
none: 4096

1745395066
/dev/nvme3n1p1: 1509676244992
none: 4096

1745395067
/dev/nvme3n1p1: 1509679595520
none: 4096

1745395068
/dev/nvme3n1p1: 1509685596160
none: 4096

1745395069
/dev/nvme3n1p1: 1509692010496
none: 4096

1745395070
/dev/nvme3n1p1: 1509693329408
none: 4096

1745395071
/dev/nvme3n1p1: 1509696249856
none: 4096

1745395072
/dev/nvme3n1p1: 1509701812224
none: 4096

1745395073
/dev/nvme3n1p1: 1509708320768
none: 4096

1745395074
/dev/nvme3n1p1: 1509710450688
none: 4096

1745395075
/dev/nvme3n1p1: 1509712121856
none: 4096

1745395076
/dev/nvme3n1p1: 1509717696512
none: 4096

1745395077
/dev/nvme3n1p1: 1509724246016
none: 4096

1745395078
/dev/nvme3n1p1: 1509726998528
none: 4096

1745395079
/dev/nvme3n1p1: 1509728858112
none: 4096

1745395080
/dev/nvme3n1p1: 1509729918976
none: 4096

1745395081
/dev/nvme3n1p1: 1509730189312
none: 4096

1745395082
/dev/nvme3n1p1: 1509732331520
none: 4096

1745395084
/dev/nvme3n1p1: 1509757382656
none: 4096

1745395085
/dev/nvme3n1p1: 1509758443520
none: 4096

1745395086
/dev/nvme3n1p1: 1509764263936
none: 4096

1745395087
/dev/nvme3n1p1: 1509768790016
none: 4096

1745395088
/dev/nvme3n1p1: 1509771231232
none: 4096

1745395089
/dev/nvme3n1p1: 1509779329024
none: 4096

1745395090
/dev/nvme3n1p1: 1509784903680
none: 4096

1745395091
/dev/nvme3n1p1: 1509797429248
none: 4096

1745395092
/dev/nvme3n1p1: 1509805387776
none: 4096

1745395093
/dev/nvme3n1p1: 1509810110464
none: 4096

1745395094
/dev/nvme3n1p1: 1509814222848
none: 4096

1745395095
/dev/nvme3n1p1: 1509819162624
none: 4096

1745395096
/dev/nvme3n1p1: 1509829820416
none: 4096

1745395097
/dev/nvme3n1p1: 1509834964992
none: 4096

1745395098
/dev/nvme3n1p1: 1509837811712
none: 4096

1745395099
/dev/nvme3n1p1: 1509840531456
none: 4096

1745395100
/dev/nvme3n1p1: 1509841891328
none: 4096

1745395101
/dev/nvme3n1p1: 1509847937024
none: 4096

1745395102
/dev/nvme3n1p1: 1509857935360
none: 4096

1745395103
/dev/nvme3n1p1: 1509868789760
none: 4096

1745395104
/dev/nvme3n1p1: 1509872758784
none: 4096

1745395105
/dev/nvme3n1p1: 1509878988800
none: 4096

1745395106
/dev/nvme3n1p1: 1509884837888
none: 4096

1745395107
/dev/nvme3n1p1: 1509884559360
none: 4096

1745395108
/dev/nvme3n1p1: 1509890949120
none: 4096

1745395109
/dev/nvme3n1p1: 1509894561792
none: 4096

1745395110
/dev/nvme3n1p1: 1509904707584
none: 4096

1745395111
/dev/nvme3n1p1: 1509910290432
none: 4096

1745395112
/dev/nvme3n1p1: 1509916581888
none: 4096

1745395113
/dev/nvme3n1p1: 1509921288192
none: 4096

1745395114
/dev/nvme3n1p1: 1509925978112
none: 4096

1745395115
/dev/nvme3n1p1: 1509928964096
none: 4096

1745395116
/dev/nvme3n1p1: 1509932322816
none: 4096

1745395117
/dev/nvme3n1p1: 1509941035008
none: 4096

1745395118
/dev/nvme3n1p1: 1509947396096
none: 4096

1745395119
/dev/nvme3n1p1: 1509956730880
none: 4096

1745395120
/dev/nvme3n1p1: 1509962641408
none: 4096

1745395122
/dev/nvme3n1p1: 1509977128960
none: 4096

1745395123
/dev/nvme3n1p1: 1509978972160
none: 4096

1745395124
/dev/nvme3n1p1: 1509986349056
none: 4096

1745395125
/dev/nvme3n1p1: 1509994631168
none: 4096

1745395126
/dev/nvme3n1p1: 1510014152704
none: 4096

1745395127
/dev/nvme3n1p1: 1510022914048
none: 4096

1745395128
/dev/nvme3n1p1: 1510025027584
none: 4096

1745395129
/dev/nvme3n1p1: 1510026866688
none: 4096

1745395130
/dev/nvme3n1p1: 1510028587008
none: 4096

1745395131
/dev/nvme3n1p1: 1510030462976
none: 4096

1745395132
/dev/nvme3n1p1: 1510033760256
none: 4096

1745395133
/dev/nvme3n1p1: 1510034677760
none: 4096

1745395134
/dev/nvme3n1p1: 1510035685376
none: 4096

1745395135
/dev/nvme3n1p1: 1510041067520
none: 4096

1745395136
/dev/nvme3n1p1: 1510041067520
none: 4096

1745395138
/dev/nvme3n1p1: 1510051024896
none: 4096

1745395139
/dev/nvme3n1p1: 1510063603712
none: 4096

1745395140
/dev/nvme3n1p1: 1510065881088
none: 4096

1745395141
/dev/nvme3n1p1: 1510076325888
none: 4096

1745395142
/dev/nvme3n1p1: 1510082146304
none: 4096

1745395143
/dev/nvme3n1p1: 1510089687040
none: 4096

1745395144
/dev/nvme3n1p1: 1510094598144
none: 4096

1745395145
/dev/nvme3n1p1: 1510105952256
none: 4096

1745395146
/dev/nvme3n1p1: 1510111817728
none: 4096

1745395147
/dev/nvme3n1p1: 1510120718336
none: 4096

1745395148
/dev/nvme3n1p1: 1510128861184
none: 4096

1745395149
/dev/nvme3n1p1: 1510134652928
none: 4096

1745395150
/dev/nvme3n1p1: 1510137561088
none: 4096

1745395151
/dev/nvme3n1p1: 1510141726720
none: 4096

1745395152
/dev/nvme3n1p1: 1510143340544
none: 4096

1745395153
/dev/nvme3n1p1: 1510145544192
none: 4096

1745395154
/dev/nvme3n1p1: 1510153011200
none: 4096

1745395155
/dev/nvme3n1p1: 1510157246464
none: 4096

1745395156
/dev/nvme3n1p1: 1510161817600
none: 4096

1745395157
/dev/nvme3n1p1: 1510168748032
none: 4096

1745395158
/dev/nvme3n1p1: 1510178254848
none: 4096

1745395159
/dev/nvme3n1p1: 1510183497728
none: 4096

1745395160
/dev/nvme3n1p1: 1510186250240
none: 4096

1745395161
/dev/nvme3n1p1: 1510194962432
none: 4096

1745395162
/dev/nvme3n1p1: 1510207602688
none: 4096

1745395163
/dev/nvme3n1p1: 1510215577600
none: 4096

1745395164
/dev/nvme3n1p1: 1510222708736
none: 4096

1745395165
/dev/nvme3n1p1: 1510223413248
none: 4096

1745395166
/dev/nvme3n1p1: 1510226829312
none: 4096

1745395167
/dev/nvme3n1p1: 1510230474752
none: 4096

1745395169
/dev/nvme3n1p1: 1510238855168
none: 4096

1745395170
/dev/nvme3n1p1: 1510242050048
none: 4096

1745395171
/dev/nvme3n1p1: 1510248673280
none: 4096

1745395172
/dev/nvme3n1p1: 1510254936064
none: 4096

1745395173
/dev/nvme3n1p1: 1510256173056
none: 4096

1745395174
/dev/nvme3n1p1: 1510257647616
none: 4096

1745395175
/dev/nvme3n1p1: 1510258405376
none: 4096

1745395176
/dev/nvme3n1p1: 1510258409472
none: 4096

1745395178
/dev/nvme3n1p1: 1510269947904
none: 4096

1745395179
/dev/nvme3n1p1: 1510271201280
none: 4096

1745395180
/dev/nvme3n1p1: 1510279127040
none: 4096

1745395181
/dev/nvme3n1p1: 1510285352960
none: 4096

1745395182
/dev/nvme3n1p1: 1510285737984
none: 4096

1745395183
/dev/nvme3n1p1: 1510295375872
none: 4096

1745395184
/dev/nvme3n1p1: 1510298062848
none: 4096

1745395185
/dev/nvme3n1p1: 1510302138368
none: 4096

1745395186
/dev/nvme3n1p1: 1510312964096
none: 4096

1745395187
/dev/nvme3n1p1: 1510318202880
none: 4096

1745395188
/dev/nvme3n1p1: 1510322331648
none: 4096

1745395189
/dev/nvme3n1p1: 1510324576256
none: 4096

1745395190
/dev/nvme3n1p1: 1510324772864
none: 4096

1745395191
/dev/nvme3n1p1: 1510327508992
none: 4096

1745395192
/dev/nvme3n1p1: 1510330806272
none: 4096

1745395193
/dev/nvme3n1p1: 1510333198336
none: 4096

1745395194
/dev/nvme3n1p1: 1510337994752
none: 4096

1745395195
/dev/nvme3n1p1: 1510343446528
none: 4096

1745395196
/dev/nvme3n1p1: 1510346809344
none: 4096

1745395197
/dev/nvme3n1p1: 1510351912960
none: 4096

1745395198
/dev/nvme3n1p1: 1510357463040
none: 4096

1745395199
/dev/nvme3n1p1: 1510370050048
none: 4096

1745395200
/dev/nvme3n1p1: 1510375174144
none: 4096

1745395201
/dev/nvme3n1p1: 1510377959424
none: 4096

1745395202
/dev/nvme3n1p1: 1510386712576
none: 4096

1745395203
/dev/nvme3n1p1: 1510388711424
none: 4096

1745395204
/dev/nvme3n1p1: 1510389805056
none: 4096

1745395205
/dev/nvme3n1p1: 1510391042048
none: 4096

1745395206
/dev/nvme3n1p1: 1510410207232
none: 4096

1745395207
/dev/nvme3n1p1: 1510412238848
none: 4096

1745395208
/dev/nvme3n1p1: 1510414630912
none: 4096

1745395209
/dev/nvme3n1p1: 1510420905984
none: 4096

1745395210
/dev/nvme3n1p1: 1510424133632
none: 4096

1745395211
/dev/nvme3n1p1: 1510430494720
none: 4096

1745395212
/dev/nvme3n1p1: 1510434066432
none: 4096

1745395213
/dev/nvme3n1p1: 1510441050112
none: 4096

1745395214
/dev/nvme3n1p1: 1510444621824
none: 4096

1745395215
/dev/nvme3n1p1: 1510445359104
none: 4096

1745395216
/dev/nvme3n1p1: 1510448521216
none: 4096

1745395217
/dev/nvme3n1p1: 1510452203520
none: 4096

1745395219
/dev/nvme3n1p1: 1510462947328
none: 4096

1745395220
/dev/nvme3n1p1: 1510465744896
none: 4096

1745395221
/dev/nvme3n1p1: 1510468874240
none: 4096

1745395222
/dev/nvme3n1p1: 1510470668288
none: 4096

1745395223
/dev/nvme3n1p1: 1510470668288
none: 4096

1745395225
/dev/nvme3n1p1: 1510476906496
none: 4096

1745395226
/dev/nvme3n1p1: 1510483169280
none: 4096

1745395227
/dev/nvme3n1p1: 1510483992576
none: 4096

1745395228
/dev/nvme3n1p1: 1510484598784
none: 4096

1745395229
/dev/nvme3n1p1: 1510487506944
none: 4096

1745395230
/dev/nvme3n1p1: 1510493519872
none: 4096

1745395231
/dev/nvme3n1p1: 1510494466048
none: 4096

1745395232
/dev/nvme3n1p1: 1510497787904
none: 4096

1745395233
/dev/nvme3n1p1: 1510501269504
none: 4096

1745395234
/dev/nvme3n1p1: 1510506135552
none: 4096

1745395235
/dev/nvme3n1p1: 1510508838912
none: 4096

1745395236
/dev/nvme3n1p1: 1510509465600
none: 4096

1745395237
/dev/nvme3n1p1: 1510520696832
none: 4096

1745395238
/dev/nvme3n1p1: 1510520696832
none: 4096

1745395240
/dev/nvme3n1p1: 1510524215296
none: 4096

1745395241
/dev/nvme3n1p1: 1510525210624
none: 4096

1745395242
/dev/nvme3n1p1: 1510528884736
none: 4096

1745395243
/dev/nvme3n1p1: 1510529990656
none: 4096

1745395244
/dev/nvme3n1p1: 1510533193728
none: 4096

1745395245
/dev/nvme3n1p1: 1510535426048
none: 4096

1745395246
/dev/nvme3n1p1: 1510535426048
none: 4096

1745395248
/dev/nvme3n1p1: 1510539374592
none: 4096

1745395249
/dev/nvme3n1p1: 1510541156352
none: 4096

1745395250
/dev/nvme3n1p1: 1510552141824
none: 4096

1745395251
/dev/nvme3n1p1: 1510566526976
none: 4096

1745395252
/dev/nvme3n1p1: 1510571954176
none: 4096

1745395253
/dev/nvme3n1p1: 1510584266752
none: 4096

1745395255
/dev/nvme3n1p1: 1510589366272
none: 4096

1745395256
/dev/nvme3n1p1: 1510600519680
none: 4096

1745395257
/dev/nvme3n1p1: 1510602670080
none: 4096

1745395258
/dev/nvme3n1p1: 1510605094912
none: 4096

1745395259
/dev/nvme3n1p1: 1510608297984
none: 4096

1745395260
/dev/nvme3n1p1: 1510618411008
none: 4096

1745395261
/dev/nvme3n1p1: 1510619029504
none: 4096

1745395262
/dev/nvme3n1p1: 1510619643904
none: 4096

1745395263
/dev/nvme3n1p1: 1510624464896
none: 4096

1745395264
/dev/nvme3n1p1: 1510632701952
none: 4096

1745395265
/dev/nvme3n1p1: 1510636552192
none: 4096

1745395266
/dev/nvme3n1p1: 1510639710208
none: 4096

1745395267
/dev/nvme3n1p1: 1510644731904
none: 4096

1745395268
/dev/nvme3n1p1: 1510646964224
none: 4096

1745395269
/dev/nvme3n1p1: 1510651727872
none: 4096

1745395270
/dev/nvme3n1p1: 1510654042112
none: 4096

1745395271
/dev/nvme3n1p1: 1510654873600
none: 4096

1745395272
/dev/nvme3n1p1: 1510657507328
none: 4096

1745395273
/dev/nvme3n1p1: 1510661668864
none: 4096

1745395274
/dev/nvme3n1p1: 1510666616832
none: 4096

1745395275
/dev/nvme3n1p1: 1510672437248
none: 4096

1745395276
/dev/nvme3n1p1: 1510674173952
none: 4096

1745395277
/dev/nvme3n1p1: 1510677319680
none: 4096

1745395278
/dev/nvme3n1p1: 1510677778432
none: 4096

1745395279
/dev/nvme3n1p1: 1510685650944
none: 4096

1745395280
/dev/nvme3n1p1: 1510705385472
none: 4096

1745395281
/dev/nvme3n1p1: 1510719209472
none: 4096

1745395282
/dev/nvme3n1p1: 1510727933952
none: 4096

1745395283
/dev/nvme3n1p1: 1510743400448
none: 4096

1745395285
/dev/nvme3n1p1: 1510772740096
none: 4096

1745395286
/dev/nvme3n1p1: 1510787256320
none: 4096

1745395287
/dev/nvme3n1p1: 1510799142912
none: 4096

1745395288
/dev/nvme3n1p1: 1510810296320
none: 4096

1745395289
/dev/nvme3n1p1: 1510823796736
none: 4096

1745395290
/dev/nvme3n1p1: 1510834315264
none: 4096

1745395291
/dev/nvme3n1p1: 1510839472128
none: 4096

1745395292
/dev/nvme3n1p1: 1510846799872
none: 4096

1745395293
/dev/nvme3n1p1: 1510853951488
none: 4096

1745395294
/dev/nvme3n1p1: 1510856830976
none: 4096

1745395295
/dev/nvme3n1p1: 1510860111872
none: 4096

1745395296
/dev/nvme3n1p1: 1510868377600
none: 4096

1745395297
/dev/nvme3n1p1: 1510880739328
none: 4096

1745395298
/dev/nvme3n1p1: 1510892072960
none: 4096

1745395300
/dev/nvme3n1p1: 1510898946048
none: 4096

1745395301
/dev/nvme3n1p1: 1510910803968
none: 4096

1745395302
/dev/nvme3n1p1: 1510913601536
none: 4096

1745395303
/dev/nvme3n1p1: 1510916317184
none: 4096

1745395304
/dev/nvme3n1p1: 1510919294976
none: 4096

1745395305
/dev/nvme3n1p1: 1510926749696
none: 4096

1745395306
/dev/nvme3n1p1: 1510931898368
none: 4096

1745395307
/dev/nvme3n1p1: 1510936166400
none: 4096

1745395308
/dev/nvme3n1p1: 1510943211520
none: 4096

1745395309
/dev/nvme3n1p1: 1510946451456
none: 4096

1745395310
/dev/nvme3n1p1: 1510956617728
none: 4096

1745395311
/dev/nvme3n1p1: 1510964609024
none: 4096

1745395312
/dev/nvme3n1p1: 1510970556416
none: 4096

1745395313
/dev/nvme3n1p1: 1510973480960
none: 4096

1745395314
/dev/nvme3n1p1: 1510982688768
none: 4096

1745395315
/dev/nvme3n1p1: 1510985740288
none: 4096

1745395316
/dev/nvme3n1p1: 1510985740288
none: 4096

1745395317
/dev/nvme3n1p1: 1510986510336
none: 4096

1745395318
/dev/nvme3n1p1: 1510988152832
none: 4096

1745395319
/dev/nvme3n1p1: 1510989815808
none: 4096

1745395320
/dev/nvme3n1p1: 1510990270464
none: 4096

1745395321
/dev/nvme3n1p1: 1510995488768
none: 4096

1745395322
/dev/nvme3n1p1: 1510997893120
none: 4096

1745395323
/dev/nvme3n1p1: 1511003713536
none: 4096

1745395324
/dev/nvme3n1p1: 1511012696064
none: 4096

1745395325
/dev/nvme3n1p1: 1511018635264
none: 4096

1745395326
/dev/nvme3n1p1: 1511026425856
none: 4096

1745395327
/dev/nvme3n1p1: 1511027539968
none: 4096

1745395328
/dev/nvme3n1p1: 1511028834304
none: 4096

1745395329
/dev/nvme3n1p1: 1511031451648
none: 4096

1745395330
/dev/nvme3n1p1: 1511037140992
none: 4096

1745395331
/dev/nvme3n1p1: 1511044366336
none: 4096

1745395332
/dev/nvme3n1p1: 1511045169152
none: 4096

1745395334
/dev/nvme3n1p1: 1511116451840
none: 4096

1745395335
/dev/nvme3n1p1: 1511208505344
none: 4096

1745395336
/dev/nvme3n1p1: 1511283793920
none: 4096

1745395337
/dev/nvme3n1p1: 1511291793408
none: 4096

1745395338
/dev/nvme3n1p1: 1511297384448
none: 4096

1745395339
/dev/nvme3n1p1: 1511300464640
none: 4096

1745395340
/dev/nvme3n1p1: 1511306424320
none: 4096

1745395341
/dev/nvme3n1p1: 1511309926400
none: 4096

1745395342
/dev/nvme3n1p1: 1511311187968
none: 4096

1745395343
/dev/nvme3n1p1: 1511312625664
none: 4096

1745395344
/dev/nvme3n1p1: 1511313502208
none: 4096

1745395345
/dev/nvme3n1p1: 1511314497536
none: 4096

1745395346
/dev/nvme3n1p1: 1511315746816
none: 4096

1745395347
/dev/nvme3n1p1: 1511317508096
none: 4096

1745395348
/dev/nvme3n1p1: 1511319302144
none: 4096

1745395349
/dev/nvme3n1p1: 1511324647424
none: 4096

1745395350
/dev/nvme3n1p1: 1511330410496
none: 4096

1745395351
/dev/nvme3n1p1: 1511336128512
none: 4096

1745395352
/dev/nvme3n1p1: 1511340810240
none: 4096

1745395353
/dev/nvme3n1p1: 1511348711424
none: 4096

1745395354
/dev/nvme3n1p1: 1511353851904
none: 4096

1745395355
/dev/nvme3n1p1: 1511355965440
none: 4096

1745395356
/dev/nvme3n1p1: 1511360032768
none: 4096

1745395357
/dev/nvme3n1p1: 1511365332992
none: 4096

1745395358
/dev/nvme3n1p1: 1511369904128
none: 4096

1745395359
/dev/nvme3n1p1: 1511371751424
none: 4096

1745395360
/dev/nvme3n1p1: 1511377211392
none: 4096

1745395361
/dev/nvme3n1p1: 1511382446080
none: 4096

1745395362
/dev/nvme3n1p1: 1511388553216
none: 4096

1745395363
/dev/nvme3n1p1: 1511397851136
none: 4096

1745395364
/dev/nvme3n1p1: 1511402766336
none: 4096

1745395365
/dev/nvme3n1p1: 1511403290624
none: 4096

1745395366
/dev/nvme3n1p1: 1511404740608
none: 4096

1745395367
/dev/nvme3n1p1: 1511405895680
none: 4096

1745395368
/dev/nvme3n1p1: 1511407788032
none: 4096

1745395369
/dev/nvme3n1p1: 1511409160192
none: 4096

1745395370
/dev/nvme3n1p1: 1511415648256
none: 4096

1745395371
/dev/nvme3n1p1: 1511419805696
none: 4096

1745395372
/dev/nvme3n1p1: 1511425052672
none: 4096

1745395373
/dev/nvme3n1p1: 1511429152768
none: 4096

1745395374
/dev/nvme3n1p1: 1511434190848
none: 4096

1745395375
/dev/nvme3n1p1: 1511435972608
none: 4096

1745395376
/dev/nvme3n1p1: 1511441641472
none: 4096

1745395377
/dev/nvme3n1p1: 1511445561344
none: 4096

1745395378
/dev/nvme3n1p1: 1511446691840
none: 4096

1745395379
/dev/nvme3n1p1: 1511449653248
none: 4096

1745395380
/dev/nvme3n1p1: 1511454040064
none: 4096

1745395381
/dev/nvme3n1p1: 1511456051200
none: 4096

1745395382
/dev/nvme3n1p1: 1511462903808
none: 4096

1745395383
/dev/nvme3n1p1: 1511469473792
none: 4096

1745395384
/dev/nvme3n1p1: 1511473885184
none: 4096

1745395386
/dev/nvme3n1p1: 1511486328832
none: 4096

1745395387
/dev/nvme3n1p1: 1511489564672
none: 4096

1745395388
/dev/nvme3n1p1: 1511494672384
none: 4096

1745395389
/dev/nvme3n1p1: 1511495790592
none: 4096

1745395390
/dev/nvme3n1p1: 1511497789440
none: 4096

1745395391
/dev/nvme3n1p1: 1511498424320
none: 4096

1745395392
/dev/nvme3n1p1: 1511500779520
none: 4096

1745395393
/dev/nvme3n1p1: 1511506694144
none: 4096

1745395394
/dev/nvme3n1p1: 1511512842240
none: 4096

1745395395
/dev/nvme3n1p1: 1511518474240
none: 4096

1745395396
/dev/nvme3n1p1: 1511523635200
none: 4096

1745395397
/dev/nvme3n1p1: 1511533105152
none: 4096

1745395398
/dev/nvme3n1p1: 1511539191808
none: 4096

1745395399
/dev/nvme3n1p1: 1511540494336
none: 4096

1745395400
/dev/nvme3n1p1: 1511544033280
none: 4096

1745395401
/dev/nvme3n1p1: 1511548870656
none: 4096

1745395402
/dev/nvme3n1p1: 1511549161472
none: 4096

1745395403
/dev/nvme3n1p1: 1511561912320
none: 4096

1745395404
/dev/nvme3n1p1: 1511567638528
none: 4096

1745395405
/dev/nvme3n1p1: 1511573565440
none: 4096

1745395406
/dev/nvme3n1p1: 1511574536192
none: 4096

1745395407
/dev/nvme3n1p1: 1511575756800
none: 4096

1745395408
/dev/nvme3n1p1: 1511579602944
none: 4096

1745395409
/dev/nvme3n1p1: 1511588204544
none: 4096

1745395410
/dev/nvme3n1p1: 1511597584384
none: 4096

1745395411
/dev/nvme3n1p1: 1511601590272
none: 4096

1745395412
/dev/nvme3n1p1: 1511603728384
none: 4096

1745395413
/dev/nvme3n1p1: 1511604649984
none: 4096

1745395414
/dev/nvme3n1p1: 1511605829632
none: 4096

1745395415
/dev/nvme3n1p1: 1511608168448
none: 4096

1745395416
/dev/nvme3n1p1: 1511614263296
none: 4096

1745395417
/dev/nvme3n1p1: 1511619575808
none: 4096

1745395418
/dev/nvme3n1p1: 1511630983168
none: 4096

1745395419
/dev/nvme3n1p1: 1511634509824
none: 4096

1745395420
/dev/nvme3n1p1: 1511637803008
none: 4096

1745395421
/dev/nvme3n1p1: 1511642603520
none: 4096

1745395422
/dev/nvme3n1p1: 1511645876224
none: 4096

1745395423
/dev/nvme3n1p1: 1511653621760
none: 4096

1745395424
/dev/nvme3n1p1: 1511661445120
none: 4096

1745395425
/dev/nvme3n1p1: 1511662833664
none: 4096

1745395426
/dev/nvme3n1p1: 1511666040832
none: 4096

1745395427
/dev/nvme3n1p1: 1511670751232
none: 4096

1745395428
/dev/nvme3n1p1: 1511683891200
none: 4096

1745395429
/dev/nvme3n1p1: 1511685689344
none: 4096

1745395430
/dev/nvme3n1p1: 1511691935744
none: 4096

1745395431
/dev/nvme3n1p1: 1511696482304
none: 4096

1745395432
/dev/nvme3n1p1: 1511706193920
none: 4096

1745395433
/dev/nvme3n1p1: 1511720333312
none: 4096

1745395434
/dev/nvme3n1p1: 1511727984640
none: 4096

1745395435
/dev/nvme3n1p1: 1511734947840
none: 4096

1745395436
/dev/nvme3n1p1: 1511743746048
none: 4096

1745395437
/dev/nvme3n1p1: 1511744909312
none: 4096

1745395438
/dev/nvme3n1p1: 1511745019904
none: 4096

1745395439
/dev/nvme3n1p1: 1511745839104
none: 4096

1745395440
/dev/nvme3n1p1: 1511747014656
none: 4096

1745395441
/dev/nvme3n1p1: 1511748710400
none: 4096

1745395442
/dev/nvme3n1p1: 1511750119424
none: 4096

1745395443
/dev/nvme3n1p1: 1511750119424
none: 4096

1745395444
/dev/nvme3n1p1: 1511753818112
none: 4096

1745395445
/dev/nvme3n1p1: 1511753932800
none: 4096

1745395446
/dev/nvme3n1p1: 1511755096064
none: 4096

1745395447
/dev/nvme3n1p1: 1511755321344
none: 4096

1745395448
/dev/nvme3n1p1: 1511757467648
none: 4096

1745395449
/dev/nvme3n1p1: 1511757664256
none: 4096

1745395450
/dev/nvme3n1p1: 1511757934592
none: 4096

1745395451
/dev/nvme3n1p1: 1511759163392
none: 4096

1745395452
/dev/nvme3n1p1: 1511759474688
none: 4096

1745395453
/dev/nvme3n1p1: 1511759802368
none: 4096

1745395454
/dev/nvme3n1p1: 1511760293888
none: 4096

1745395455
/dev/nvme3n1p1: 1511761653760
none: 4096

1745395456
/dev/nvme3n1p1: 1511761993728
none: 4096

1745395457
/dev/nvme3n1p1: 1511762771968
none: 4096

1745395458
/dev/nvme3n1p1: 1511763652608
none: 4096

1745395459
/dev/nvme3n1p1: 1511764803584
none: 4096

1745395460
/dev/nvme3n1p1: 1511765061632
none: 4096

1745395461
/dev/nvme3n1p1: 1511765716992
none: 4096

1745395462
/dev/nvme3n1p1: 1511768199168
none: 4096

1745395463
/dev/nvme3n1p1: 1511773118464
none: 4096

1745395464
/dev/nvme3n1p1: 1511781175296
none: 4096

1745395465
/dev/nvme3n1p1: 1511783862272
none: 4096

1745395466
/dev/nvme3n1p1: 1511788838912
none: 4096

1745395467
/dev/nvme3n1p1: 1511790624768
none: 4096

1745395468
/dev/nvme3n1p1: 1511792652288
none: 4096

1745395469
/dev/nvme3n1p1: 1511795879936
none: 4096

1745395470
/dev/nvme3n1p1: 1511797596160
none: 4096

1745395471
/dev/nvme3n1p1: 1511800643584
none: 4096

1745395472
/dev/nvme3n1p1: 1511805841408
none: 4096

1745395473
/dev/nvme3n1p1: 1511812681728
none: 81920

1745395474
/dev/nvme3n1p1: 1511819128832
none: 81920

1745395475
/dev/nvme3n1p1: 1511855845376
none: 81920

1745395476
/dev/nvme3n1p1: 1511995633664
none: 81920

1745395477
/dev/nvme3n1p1: 1512050855936
none: 81920

1745395478
/dev/nvme3n1p1: 1512177438720
none: 4096

1745395479
/dev/nvme3n1p1: 1512181067776
none: 4096

1745395480
/dev/nvme3n1p1: 1512184569856
none: 4096

1745395481
/dev/nvme3n1p1: 1512190914560
none: 4096

1745395482
/dev/nvme3n1p1: 1512204914688
none: 4096

1745395483
/dev/nvme3n1p1: 1512210649088
none: 4096

1745395484
/dev/nvme3n1p1: 1512213598208
none: 4096

1745395485
/dev/nvme3n1p1: 1512216846336
none: 4096

1745395486
/dev/nvme3n1p1: 1512220680192
none: 4096

1745395487
/dev/nvme3n1p1: 1512226406400
none: 4096

1745395488
/dev/nvme3n1p1: 1512229289984
none: 4096

1745395489
/dev/nvme3n1p1: 1512229826560
none: 4096

1745395490
/dev/nvme3n1p1: 1512234094592
none: 4096

1745395491
/dev/nvme3n1p1: 1512238694400
none: 4096

1745395492
/dev/nvme3n1p1: 1512240111616
none: 4096

1745395493
/dev/nvme3n1p1: 1512246927360
none: 4096

1745395494
/dev/nvme3n1p1: 1512256102400
none: 4096

1745395495
/dev/nvme3n1p1: 1512266563584
none: 4096

1745395496
/dev/nvme3n1p1: 1512273879040
none: 4096

1745395497
/dev/nvme3n1p1: 1512281690112
none: 4096

1745395499
/dev/nvme3n1p1: 1512291885056
none: 4096

1745395500
/dev/nvme3n1p1: 1512294109184
none: 4096

1745395501
/dev/nvme3n1p1: 1512296206336
none: 4096

1745395502
/dev/nvme3n1p1: 1512297095168
none: 4096

1745395503
/dev/nvme3n1p1: 1512300146688
none: 4096

1745395504
/dev/nvme3n1p1: 1512304128000
none: 4096

1745395505
/dev/nvme3n1p1: 1512308445184
none: 4096

1745395506
/dev/nvme3n1p1: 1512317300736
none: 4096

1745395507
/dev/nvme3n1p1: 1512326238208
none: 4096

1745395508
/dev/nvme3n1p1: 1512329424896
none: 4096

1745395509
/dev/nvme3n1p1: 1512329424896
none: 4096

1745395510
/dev/nvme3n1p1: 1512335052800
none: 4096

1745395511
/dev/nvme3n1p1: 1512336773120
none: 4096

1745395512
/dev/nvme3n1p1: 1512340336640
none: 4096

1745395513
/dev/nvme3n1p1: 1512346882048
none: 4096

1745395514
/dev/nvme3n1p1: 1512351182848
none: 4096

1745395515
/dev/nvme3n1p1: 1512354660352
none: 4096

1745395517
/dev/nvme3n1p1: 1512366206976
none: 4096

1745395518
/dev/nvme3n1p1: 1512374394880
none: 4096

1745395519
/dev/nvme3n1p1: 1512376795136
none: 4096

1745395520
/dev/nvme3n1p1: 1512380096512
none: 4096

1745395521
/dev/nvme3n1p1: 1512386621440
none: 4096

1745395522
/dev/nvme3n1p1: 1512390991872
none: 4096

1745395523
/dev/nvme3n1p1: 1512395943936
none: 4096

1745395524
/dev/nvme3n1p1: 1512397139968
none: 4096

1745395525
/dev/nvme3n1p1: 1512399478784
none: 4096

1745395526
/dev/nvme3n1p1: 1512402079744
none: 4096

1745395527
/dev/nvme3n1p1: 1512406142976
none: 4096

1745395528
/dev/nvme3n1p1: 1512408940544
none: 4096

1745395529
/dev/nvme3n1p1: 1512412254208
none: 4096

1745395530
/dev/nvme3n1p1: 1512412798976
none: 4096

1745395531
/dev/nvme3n1p1: 1512413708288
none: 4096

1745395532
/dev/nvme3n1p1: 1512414195712
none: 4096

1745395533
/dev/nvme3n1p1: 1512414875648
none: 4096

1745395534
/dev/nvme3n1p1: 1512415784960
none: 4096

1745395535
/dev/nvme3n1p1: 1512416239616
none: 4096

1745395536
/dev/nvme3n1p1: 1512416575488
none: 4096

1745395537
/dev/nvme3n1p1: 1512417193984
none: 4096

1745395538
/dev/nvme3n1p1: 1512417275904
none: 4096

1745395539
/dev/nvme3n1p1: 1512417632256
none: 4096

1745395540
/dev/nvme3n1p1: 1512418037760
none: 4096

1745395541
/dev/nvme3n1p1: 1512419655680
none: 4096

1745395542
/dev/nvme3n1p1: 1512419778560
none: 4096

1745395543
/dev/nvme3n1p1: 1512423612416
none: 4096

1745395545
/dev/nvme3n1p1: 1512424644608
none: 4096

1745395546
/dev/nvme3n1p1: 1512425402368
none: 4096

1745395547
/dev/nvme3n1p1: 1512425631744
none: 4096

1745395548
/dev/nvme3n1p1: 1512426037248
none: 4096

1745395549
/dev/nvme3n1p1: 1512426491904
none: 4096

1745395550
/dev/nvme3n1p1: 1512426737664
none: 4096

1745395551
/dev/nvme3n1p1: 1512427065344
none: 4096

1745395552
/dev/nvme3n1p1: 1512427634688
none: 4096

1745395553
/dev/nvme3n1p1: 1512428011520
none: 4096

1745395554
/dev/nvme3n1p1: 1512428351488
none: 4096

1745395555
/dev/nvme3n1p1: 1512428847104
none: 4096

1745395556
/dev/nvme3n1p1: 1512429146112
none: 4096

1745395557
/dev/nvme3n1p1: 1512429907968
none: 4096

1745395558
/dev/nvme3n1p1: 1512430546944
none: 4096

1745395559
/dev/nvme3n1p1: 1512431300608
none: 4096

1745395560
/dev/nvme3n1p1: 1512432132096
none: 4096

1745395561
/dev/nvme3n1p1: 1512432246784
none: 4096

1745395562
/dev/nvme3n1p1: 1512433397760
none: 4096

1745395563
/dev/nvme3n1p1: 1512434024448
none: 4096

1745395564
/dev/nvme3n1p1: 1512434438144
none: 4096

1745395565
/dev/nvme3n1p1: 1512434978816
none: 4096

1745395566
/dev/nvme3n1p1: 1512436760576
none: 4096

1745395567
/dev/nvme3n1p1: 1512438067200
none: 4096

1745395569
/dev/nvme3n1p1: 1512441683968
none: 4096

1745395570
/dev/nvme3n1p1: 1512442441728
none: 4096

1745395571
/dev/nvme3n1p1: 1512443953152
none: 4096

1745395572
/dev/nvme3n1p1: 1512445599744
none: 4096

1745395573
/dev/nvme3n1p1: 1512446816256
none: 4096

1745395575
/dev/nvme3n1p1: 1512454012928
none: 4096

1745395576
/dev/nvme3n1p1: 1512456114176
none: 4096

1745395577
/dev/nvme3n1p1: 1512463953920
none: 4096

1745395578
/dev/nvme3n1p1: 1512469684224
none: 4096

1745395579
/dev/nvme3n1p1: 1512475156480
none: 4096

1745395580
/dev/nvme3n1p1: 1512478318592
none: 4096

1745395581
/dev/nvme3n1p1: 1512483307520
none: 4096

1745395582
/dev/nvme3n1p1: 1512484507648
none: 4096

1745395583
/dev/nvme3n1p1: 1512488181760
none: 4096

1745395584
/dev/nvme3n1p1: 1512491454464
none: 4096

1745395585
/dev/nvme3n1p1: 1512497389568
none: 4096

1745395586
/dev/nvme3n1p1: 1512508178432
none: 4096

1745395588
/dev/nvme3n1p1: 1512518516736
none: 4096

1745395589
/dev/nvme3n1p1: 1512519663616
none: 4096

1745395590
/dev/nvme3n1p1: 1512523972608
none: 4096

1745395591
/dev/nvme3n1p1: 1512526352384
none: 4096

1745395592
/dev/nvme3n1p1: 1512529674240
none: 4096

1745395593
/dev/nvme3n1p1: 1512535212032
none: 4096

1745395594
/dev/nvme3n1p1: 1512537722880
none: 4096

1745395595
/dev/nvme3n1p1: 1512541970432
none: 4096

1745395596
/dev/nvme3n1p1: 1512549400576
none: 4096

1745395597
/dev/nvme3n1p1: 1512551444480
none: 4096

1745395598
/dev/nvme3n1p1: 1512558870528
none: 4096

1745395599
/dev/nvme3n1p1: 1512559816704
none: 4096

1745395600
/dev/nvme3n1p1: 1512563589120
none: 4096

1745395601
/dev/nvme3n1p1: 1512567840768
none: 4096

1745395602
/dev/nvme3n1p1: 1512575176704
none: 4096

1745395603
/dev/nvme3n1p1: 1512583462912
none: 4096

1745395604
/dev/nvme3n1p1: 1512585121792
none: 4096

1745395605
/dev/nvme3n1p1: 1512590696448
none: 4096

1745395607
/dev/nvme3n1p1: 1512600260608
none: 4096

1745395608
/dev/nvme3n1p1: 1512601513984
none: 4096

1745395609
/dev/nvme3n1p1: 1512603000832
none: 4096

1745395610
/dev/nvme3n1p1: 1512605818880
none: 4096

1745395611
/dev/nvme3n1p1: 1512608530432
none: 4096

1745395612
/dev/nvme3n1p1: 1512609505280
none: 4096

1745395613
/dev/nvme3n1p1: 1512614092800
none: 4096

1745395614
/dev/nvme3n1p1: 1512618119168
none: 4096

1745395615
/dev/nvme3n1p1: 1512622714880
none: 4096

1745395616
/dev/nvme3n1p1: 1512627253248
none: 4096

1745395617
/dev/nvme3n1p1: 1512634007552
none: 4096

1745395618
/dev/nvme3n1p1: 1512635752448
none: 4096

1745395619
/dev/nvme3n1p1: 1512638369792
none: 4096

1745395620
/dev/nvme3n1p1: 1512642539520
none: 4096

1745395621
/dev/nvme3n1p1: 1512644866048
none: 4096

1745395622
/dev/nvme3n1p1: 1512647675904
none: 4096

1745395623
/dev/nvme3n1p1: 1512651104256
none: 4096

1745395624
/dev/nvme3n1p1: 1512654749696
none: 4096

1745395625
/dev/nvme3n1p1: 1512661200896
none: 4096

1745395626
/dev/nvme3n1p1: 1512666570752
none: 4096

1745395627
/dev/nvme3n1p1: 1512676003840
none: 4096

1745395628
/dev/nvme3n1p1: 1512680542208
none: 4096

1745395629
/dev/nvme3n1p1: 1512685035520
none: 4096

1745395630
/dev/nvme3n1p1: 1512687947776
none: 4096

1745395631
/dev/nvme3n1p1: 1512690003968
none: 4096

1745395632
/dev/nvme3n1p1: 1512694259712
none: 4096

1745395633
/dev/nvme3n1p1: 1512698376192
none: 4096

1745395634
/dev/nvme3n1p1: 1512700309504
none: 4096

1745395635
/dev/nvme3n1p1: 1512705544192
none: 4096

1745395636
/dev/nvme3n1p1: 1512707485696
none: 4096

1745395637
/dev/nvme3n1p1: 1512709357568
none: 4096

1745395638
/dev/nvme3n1p1: 1512713252864
none: 4096

1745395639
/dev/nvme3n1p1: 1512719044608
none: 4096

1745395640
/dev/nvme3n1p1: 1512726171648
none: 4096

1745395641
/dev/nvme3n1p1: 1512731852800
none: 4096

1745395642
/dev/nvme3n1p1: 1512738590720
none: 4096

1745395643
/dev/nvme3n1p1: 1512750489600
none: 4096

1745395644
/dev/nvme3n1p1: 1512754032640
none: 4096

1745395645
/dev/nvme3n1p1: 1512756068352
none: 4096

1745395646
/dev/nvme3n1p1: 1512757174272
none: 4096

1745395647
/dev/nvme3n1p1: 1512768524288
none: 4096

1745395648
/dev/nvme3n1p1: 1512771137536
none: 4096

1745395649
/dev/nvme3n1p1: 1512774303744
none: 4096

1745395650
/dev/nvme3n1p1: 1512776040448
none: 4096

1745395651
/dev/nvme3n1p1: 1512779571200
none: 4096

1745395652
/dev/nvme3n1p1: 1512783196160
none: 4096

1745395653
/dev/nvme3n1p1: 1512787714048
none: 4096

1745395654
/dev/nvme3n1p1: 1512791371776
none: 4096

1745395655
/dev/nvme3n1p1: 1512792522752
none: 4096

1745395656
/dev/nvme3n1p1: 1512797622272
none: 4096

1745395657
/dev/nvme3n1p1: 1512804966400
none: 4096

1745395658
/dev/nvme3n1p1: 1512806723584
none: 4096

1745395659
/dev/nvme3n1p1: 1512815374336
none: 4096

1745395660
/dev/nvme3n1p1: 1512821841920
none: 4096

1745395661
/dev/nvme3n1p1: 1512830877696
none: 4096

1745395663
/dev/nvme3n1p1: 1512837640192
none: 4096

1745395664
/dev/nvme3n1p1: 1512842383360
none: 4096

1745395665
/dev/nvme3n1p1: 1512846962688
none: 4096

1745395666
/dev/nvme3n1p1: 1512851001344
none: 4096

1745395667
/dev/nvme3n1p1: 1512860946432
none: 4096

1745395668
/dev/nvme3n1p1: 1512866099200
none: 4096

1745395669
/dev/nvme3n1p1: 1512869392384
none: 4096

1745395670
/dev/nvme3n1p1: 1512873209856
none: 4096

1745395671
/dev/nvme3n1p1: 1512879075328
none: 4096

1745395673
/dev/nvme3n1p1: 1512882417664
none: 4096

1745395674
/dev/nvme3n1p1: 1512883929088
none: 4096

1745395675
/dev/nvme3n1p1: 1512888393728
none: 4096

1745395676
/dev/nvme3n1p1: 1512890912768
none: 4096

1745395677
/dev/nvme3n1p1: 1512896962560
none: 4096

1745395678
/dev/nvme3n1p1: 1512903643136
none: 4096

1745395679
/dev/nvme3n1p1: 1512906100736
none: 4096

1745395680
/dev/nvme3n1p1: 1512909807616
none: 4096

1745395681
/dev/nvme3n1p1: 1512915771392
none: 4096

1745395682
/dev/nvme3n1p1: 1512918351872
none: 4096

1745395683
/dev/nvme3n1p1: 1512921604096
none: 4096

1745395684
/dev/nvme3n1p1: 1512925343744
none: 4096

1745395686
/dev/nvme3n1p1: 1512936534016
none: 4096

1745395687
/dev/nvme3n1p1: 1512939765760
none: 4096

1745395688
/dev/nvme3n1p1: 1512940892160
none: 4096

1745395689
/dev/nvme3n1p1: 1512945905664
none: 4096

1745395691
/dev/nvme3n1p1: 1512957366272
none: 4096

1745395692
/dev/nvme3n1p1: 1512959578112
none: 4096

1745395693
/dev/nvme3n1p1: 1512961703936
none: 4096

1745395694
/dev/nvme3n1p1: 1512963366912
none: 4096

1745395695
/dev/nvme3n1p1: 1512967532544
none: 4096

1745395696
/dev/nvme3n1p1: 1512975904768
none: 4096

1745395697
/dev/nvme3n1p1: 1512978415616
none: 4096

1745395698
/dev/nvme3n1p1: 1512982364160
none: 4096

1745395699
/dev/nvme3n1p1: 1512988913664
none: 4096

1745395700
/dev/nvme3n1p1: 1512995270656
none: 4096

1745395701
/dev/nvme3n1p1: 1512997781504
none: 4096

1745395702
/dev/nvme3n1p1: 1513000620032
none: 4096

1745395703
/dev/nvme3n1p1: 1513003831296
none: 4096

1745395704
/dev/nvme3n1p1: 1513009786880
none: 4096

1745395705
/dev/nvme3n1p1: 1513014919168
none: 4096

1745395706
/dev/nvme3n1p1: 1513019514880
none: 4096

1745395707
/dev/nvme3n1p1: 1513023766528
none: 4096

1745395708
/dev/nvme3n1p1: 1513027768320
none: 4096

1745395709
/dev/nvme3n1p1: 1513034485760
none: 4096

1745395710
/dev/nvme3n1p1: 1513044815872
none: 4096

1745395711
/dev/nvme3n1p1: 1513048199168
none: 4096

1745395712
/dev/nvme3n1p1: 1513048965120
none: 4096

1745395713
/dev/nvme3n1p1: 1513051119616
none: 4096

1745395714
/dev/nvme3n1p1: 1513053204480
none: 4096

1745395715
/dev/nvme3n1p1: 1513057189888
none: 4096

1745395716
/dev/nvme3n1p1: 1513060519936
none: 4096

1745395717
/dev/nvme3n1p1: 1513062719488
none: 4096

1745395718
/dev/nvme3n1p1: 1513063784448
none: 4096

1745395719
/dev/nvme3n1p1: 1513064640512
none: 4096

1745395720
/dev/nvme3n1p1: 1513065906176
none: 4096

1745395721
/dev/nvme3n1p1: 1513066684416
none: 4096

1745395722
/dev/nvme3n1p1: 1513069375488
none: 4096

1745395723
/dev/nvme3n1p1: 1513073082368
none: 4096

1745395724
/dev/nvme3n1p1: 1513077866496
none: 4096

1745395725
/dev/nvme3n1p1: 1513080524800
none: 4096

1745395726
/dev/nvme3n1p1: 1513081749504
none: 4096

1745395727
/dev/nvme3n1p1: 1513087057920
none: 4096

1745395728
/dev/nvme3n1p1: 1513088684032
none: 4096

1745395729
/dev/nvme3n1p1: 1513092202496
none: 4096

1745395730
/dev/nvme3n1p1: 1513094930432
none: 4096

1745395731
/dev/nvme3n1p1: 1513097519104
none: 4096

1745395732
/dev/nvme3n1p1: 1513099210752
none: 4096

1745395733
/dev/nvme3n1p1: 1513100382208
none: 4096

1745395734
/dev/nvme3n1p1: 1513102483456
none: 4096

1745395735
/dev/nvme3n1p1: 1513105965056
none: 4096

1745395736
/dev/nvme3n1p1: 1513106870272
none: 4096

1745395737
/dev/nvme3n1p1: 1513109753856
none: 4096

1745395738
/dev/nvme3n1p1: 1513110847488
none: 4096

1745395739
/dev/nvme3n1p1: 1513112305664
none: 4096

1745395740
/dev/nvme3n1p1: 1513113251840
none: 4096

1745395741
/dev/nvme3n1p1: 1513115746304
none: 4096

1745395742
/dev/nvme3n1p1: 1513116618752
none: 4096

1745395743
/dev/nvme3n1p1: 1513121443840
none: 4096

1745395744
/dev/nvme3n1p1: 1513126223872
none: 4096

1745395745
/dev/nvme3n1p1: 1513130602496
none: 4096

1745395746
/dev/nvme3n1p1: 1513138102272
none: 4096

1745395747
/dev/nvme3n1p1: 1513143017472
none: 4096

1745395748
/dev/nvme3n1p1: 1513147748352
none: 4096

1745395749
/dev/nvme3n1p1: 1513150713856
none: 4096

1745395750
/dev/nvme3n1p1: 1513155186688
none: 4096

1745395751
/dev/nvme3n1p1: 1513160208384
none: 4096

1745395752
/dev/nvme3n1p1: 1513162072064
none: 4096

1745395753
/dev/nvme3n1p1: 1513164111872
none: 4096

1745395754
/dev/nvme3n1p1: 1513168289792
none: 4096

1745395755
/dev/nvme3n1p1: 1513174044672
none: 4096

1745395756
/dev/nvme3n1p1: 1513177223168
none: 4096

1745395757
/dev/nvme3n1p1: 1513183551488
none: 4096

1745395759
/dev/nvme3n1p1: 1513191620608
none: 4096

1745395760
/dev/nvme3n1p1: 1513195638784
none: 4096

1745395761
/dev/nvme3n1p1: 1513197957120
none: 4096

1745395762
/dev/nvme3n1p1: 1513199976448
none: 4096

1745395763
/dev/nvme3n1p1: 1513211469824
none: 4096

1745395764
/dev/nvme3n1p1: 1513214251008
none: 4096

1745395765
/dev/nvme3n1p1: 1513219493888
none: 4096

1745395766
/dev/nvme3n1p1: 1513221267456
none: 4096

1745395767
/dev/nvme3n1p1: 1513223974912
none: 4096

1745395768
/dev/nvme3n1p1: 1513238560768
none: 4096

1745395769
/dev/nvme3n1p1: 1513246162944
none: 4096

1745395770
/dev/nvme3n1p1: 1513253257216
none: 4096

1745395771
/dev/nvme3n1p1: 1513253826560
none: 4096

1745395772
/dev/nvme3n1p1: 1513255174144
none: 4096

1745395773
/dev/nvme3n1p1: 1513260601344
none: 4096

1745395774
/dev/nvme3n1p1: 1513265557504
none: 4096

1745395776
/dev/nvme3n1p1: 1513270501376
none: 4096

1745395777
/dev/nvme3n1p1: 1513273004032
none: 4096

1745395778
/dev/nvme3n1p1: 1513275101184
none: 4096

1745395779
/dev/nvme3n1p1: 1513275916288
none: 4096

1745395780
/dev/nvme3n1p1: 1513276583936
none: 4096

1745395781
/dev/nvme3n1p1: 1513279041536
none: 4096

1745395782
/dev/nvme3n1p1: 1513281044480
none: 4096

1745395783
/dev/nvme3n1p1: 1513283887104
none: 4096

1745395784
/dev/nvme3n1p1: 1513287880704
none: 4096

1745395785
/dev/nvme3n1p1: 1513290354688
none: 4096

1745395786
/dev/nvme3n1p1: 1513292386304
none: 4096

1745395787
/dev/nvme3n1p1: 1513292910592
none: 4096

1745395788
/dev/nvme3n1p1: 1513295339520
none: 4096

1745395790
/dev/nvme3n1p1: 1513303941120
none: 4096

1745395791
/dev/nvme3n1p1: 1513305214976
none: 4096

1745395792
/dev/nvme3n1p1: 1513306525696
none: 4096

1745395793
/dev/nvme3n1p1: 1513310588928
none: 4096

1745395794
/dev/nvme3n1p1: 1513313288192
none: 4096

1745395795
/dev/nvme3n1p1: 1513317060608
none: 4096

1745395797
/dev/nvme3n1p1: 1513320792064
none: 4096

1745395798
/dev/nvme3n1p1: 1513324838912
none: 4096

1745395799
/dev/nvme3n1p1: 1513330241536
none: 4096

1745395800
/dev/nvme3n1p1: 1513341501440
none: 4096

1745395801
/dev/nvme3n1p1: 1513349025792
none: 4096

1745395802
/dev/nvme3n1p1: 1513351684096
none: 4096

1745395803
/dev/nvme3n1p1: 1513357254656
none: 4096

1745395804
/dev/nvme3n1p1: 1513361940480
none: 4096

1745395805
/dev/nvme3n1p1: 1513369452544
none: 4096

1745395806
/dev/nvme3n1p1: 1513373216768
none: 4096

1745395807
/dev/nvme3n1p1: 1513375141888
none: 4096

1745395808
/dev/nvme3n1p1: 1513381068800
none: 4096

1745395809
/dev/nvme3n1p1: 1513386934272
none: 4096

1745395810
/dev/nvme3n1p1: 1513392652288
none: 4096

1745395811
/dev/nvme3n1p1: 1513400066048
none: 4096

1745395812
/dev/nvme3n1p1: 1513406312448
none: 4096

1745395814
/dev/nvme3n1p1: 1513409380352
none: 4096

1745395815
/dev/nvme3n1p1: 1513410969600
none: 4096

1745395816
/dev/nvme3n1p1: 1513415782400
none: 4096

1745395817
/dev/nvme3n1p1: 1513422843904
none: 4096

1745395818
/dev/nvme3n1p1: 1513424019456
none: 4096

1745395819
/dev/nvme3n1p1: 1513426194432
none: 4096

1745395820
/dev/nvme3n1p1: 1513433382912
none: 4096

1745395821
/dev/nvme3n1p1: 1513434435584
none: 4096

1745395822
/dev/nvme3n1p1: 1513438531584
none: 4096

1745395823
/dev/nvme3n1p1: 1513441386496
none: 4096

1745395825
/dev/nvme3n1p1: 1513451515904
none: 4096

1745395826
/dev/nvme3n1p1: 1513452601344
none: 4096

1745395827
/dev/nvme3n1p1: 1513453924352
none: 4096

1745395828
/dev/nvme3n1p1: 1513459757056
none: 4096

1745395829
/dev/nvme3n1p1: 1513464745984
none: 4096

1745395830
/dev/nvme3n1p1: 1513469321216
none: 4096

1745395831
/dev/nvme3n1p1: 1513472868352
none: 4096

1745395832
/dev/nvme3n1p1: 1513474695168
none: 4096

1745395833
/dev/nvme3n1p1: 1513475403776
none: 4096

1745395834
/dev/nvme3n1p1: 1513479876608
none: 4096

1745395835
/dev/nvme3n1p1: 1513481256960
none: 4096

1745395836
/dev/nvme3n1p1: 1513482330112
none: 4096

1745395837
/dev/nvme3n1p1: 1513486503936
none: 4096

1745395838
/dev/nvme3n1p1: 1513490931712
none: 4096

1745395839
/dev/nvme3n1p1: 1513493622784
none: 4096

1745395840
/dev/nvme3n1p1: 1513494585344
none: 4096

1745395841
/dev/nvme3n1p1: 1513497567232
none: 4096

1745395842
/dev/nvme3n1p1: 1513505280000
none: 4096

1745395843
/dev/nvme3n1p1: 1513506406400
none: 4096

1745395844
/dev/nvme3n1p1: 1513509351424
none: 4096

1745395846
/dev/nvme3n1p1: 1513518473216
none: 4096

1745395847
/dev/nvme3n1p1: 1513520926720
none: 4096

1745395848
/dev/nvme3n1p1: 1513526972416
none: 4096

1745395849
/dev/nvme3n1p1: 1513531056128
none: 4096

1745395850
/dev/nvme3n1p1: 1513536372736
none: 4096

1745395851
/dev/nvme3n1p1: 1513538772992
none: 4096

1745395852
/dev/nvme3n1p1: 1513540616192
none: 4096

1745395853
/dev/nvme3n1p1: 1513544691712
none: 4096

1745395854
/dev/nvme3n1p1: 1513549225984
none: 4096

1745395855
/dev/nvme3n1p1: 1513556639744
none: 4096

1745395856
/dev/nvme3n1p1: 1513558188032
none: 4096

1745395857
/dev/nvme3n1p1: 1513560829952
none: 4096

1745395858
/dev/nvme3n1p1: 1513570643968
none: 4096

1745395859
/dev/nvme3n1p1: 1513573613568
none: 4096

1745395860
/dev/nvme3n1p1: 1513575215104
none: 4096

1745395861
/dev/nvme3n1p1: 1513576722432
none: 4096

1745395862
/dev/nvme3n1p1: 1513578491904
none: 4096

1745395863
/dev/nvme3n1p1: 1513582477312
none: 4096

1745395864
/dev/nvme3n1p1: 1513583443968
none: 4096

1745395865
/dev/nvme3n1p1: 1513586122752
none: 4096

1745395866
/dev/nvme3n1p1: 1513588793344
none: 4096

1745395867
/dev/nvme3n1p1: 1513591943168
none: 4096

1745395868
/dev/nvme3n1p1: 1513595265024
none: 4096

1745395869
/dev/nvme3n1p1: 1513597898752
none: 4096

1745395870
/dev/nvme3n1p1: 1513600765952
none: 4096

1745395871
/dev/nvme3n1p1: 1513604726784
none: 4096

1745395872
/dev/nvme3n1p1: 1513609486336
none: 4096

1745395873
/dev/nvme3n1p1: 1513615282176
none: 4096

1745395874
/dev/nvme3n1p1: 1513619836928
none: 4096

1745395875
/dev/nvme3n1p1: 1513624522752
none: 4096

1745395876
/dev/nvme3n1p1: 1513625653248
none: 4096

1745395877
/dev/nvme3n1p1: 1513627320320
none: 4096

1745395878
/dev/nvme3n1p1: 1513630892032
none: 4096

1745395879
/dev/nvme3n1p1: 1513632911360
none: 4096

1745395880
/dev/nvme3n1p1: 1513633349632
none: 4096

1745395881
/dev/nvme3n1p1: 1513636024320
none: 4096

1745395882
/dev/nvme3n1p1: 1513637507072
none: 4096

1745395883
/dev/nvme3n1p1: 1513641197568
none: 4096

1745395884
/dev/nvme3n1p1: 1513644564480
none: 4096

1745395885
/dev/nvme3n1p1: 1513647816704
none: 4096

1745395886
/dev/nvme3n1p1: 1513651474432
none: 4096

1745395887
/dev/nvme3n1p1: 1513654378496
none: 4096

1745395888
/dev/nvme3n1p1: 1513660235776
none: 4096

1745395889
/dev/nvme3n1p1: 1513661988864
none: 4096

1745395890
/dev/nvme3n1p1: 1513662984192
none: 4096

1745395891
/dev/nvme3n1p1: 1513664942080
none: 4096

1745395892
/dev/nvme3n1p1: 1513667006464
none: 4096

1745395893
/dev/nvme3n1p1: 1513668780032
none: 4096

1745395894
/dev/nvme3n1p1: 1513669951488
none: 4096

1745395895
/dev/nvme3n1p1: 1513671065600
none: 4096

1745395896
/dev/nvme3n1p1: 1513673265152
none: 4096

1745395897
/dev/nvme3n1p1: 1513673285632
none: 4096

1745395898
/dev/nvme3n1p1: 1513675681792
none: 4096

1745395899
/dev/nvme3n1p1: 1513679261696
none: 4096

1745395900
/dev/nvme3n1p1: 1513681219584
none: 4096

1745395901
/dev/nvme3n1p1: 1513683591168
none: 4096

1745395902
/dev/nvme3n1p1: 1513690292224
none: 4096

1745395903
/dev/nvme3n1p1: 1513691189248
none: 4096

1745395904
/dev/nvme3n1p1: 1513692667904
none: 4096

1745395905
/dev/nvme3n1p1: 1513695383552
none: 4096

1745395906
/dev/nvme3n1p1: 1513697136640
none: 4096

1745395907
/dev/nvme3n1p1: 1513700024320
none: 4096

1745395908
/dev/nvme3n1p1: 1513701093376
none: 4096

1745395909
/dev/nvme3n1p1: 1513705189376
none: 4096

1745395910
/dev/nvme3n1p1: 1513707630592
none: 4096

1745395911
/dev/nvme3n1p1: 1513710342144
none: 4096

1745395912
/dev/nvme3n1p1: 1513710149632
none: 4096

1745395913
/dev/nvme3n1p1: 1513712513024
none: 4096

1745395914
/dev/nvme3n1p1: 1513714311168
none: 4096

1745395915
/dev/nvme3n1p1: 1513714311168
none: 4096

1745395917
/dev/nvme3n1p1: 1513721229312
none: 4096

1745395918
/dev/nvme3n1p1: 1513724239872
none: 4096

1745395919
/dev/nvme3n1p1: 1513726173184
none: 4096

1745395920
/dev/nvme3n1p1: 1513728765952
none: 4096

1745395921
/dev/nvme3n1p1: 1513729396736
none: 4096

1745395922
/dev/nvme3n1p1: 1513734295552
none: 4096

1745395923
/dev/nvme3n1p1: 1513737220096
none: 4096

1745395924
/dev/nvme3n1p1: 1513740554240
none: 4096

1745395925
/dev/nvme3n1p1: 1513742663680
none: 4096

1745395926
/dev/nvme3n1p1: 1513744879616
none: 4096

1745395927
/dev/nvme3n1p1: 1513745915904
none: 4096

1745395928
/dev/nvme3n1p1: 1513748623360
none: 4096

1745395929
/dev/nvme3n1p1: 1513755234304
none: 4096

1745395930
/dev/nvme3n1p1: 1513762582528
none: 4096

1745395931
/dev/nvme3n1p1: 1513767989248
none: 4096

1745395932
/dev/nvme3n1p1: 1513769799680
none: 4096

1745395933
/dev/nvme3n1p1: 1513774010368
none: 4096

1745395935
/dev/nvme3n1p1: 1513781952512
none: 4096

1745395936
/dev/nvme3n1p1: 1513788383232
none: 4096

1745395937
/dev/nvme3n1p1: 1513792958464
none: 4096

1745395938
/dev/nvme3n1p1: 1513797439488
none: 4096

1745395939
/dev/nvme3n1p1: 1513810710528
none: 4096

1745395940
/dev/nvme3n1p1: 1513811623936
none: 4096

1745395941
/dev/nvme3n1p1: 1513812955136
none: 4096

1745395942
/dev/nvme3n1p1: 1513821859840
none: 4096

1745395943
/dev/nvme3n1p1: 1513831133184
none: 4096

1745395944
/dev/nvme3n1p1: 1513833730048
none: 4096

1745395945
/dev/nvme3n1p1: 1513835974656
none: 4096

1745395946
/dev/nvme3n1p1: 1513837117440
none: 4096

1745395947
/dev/nvme3n1p1: 1513838104576
none: 4096

1745395948
/dev/nvme3n1p1: 1513839874048
none: 4096

1745395949
/dev/nvme3n1p1: 1513840742400
none: 4096

1745395950
/dev/nvme3n1p1: 1513842884608
none: 4096

1745395951
/dev/nvme3n1p1: 1513850212352
none: 4096

1745395952
/dev/nvme3n1p1: 1513852129280
none: 4096

1745395953
/dev/nvme3n1p1: 1513852878848
none: 4096

1745395954
/dev/nvme3n1p1: 1513857019904
none: 4096

1745395955
/dev/nvme3n1p1: 1513861808128
none: 4096

1745395956
/dev/nvme3n1p1: 1513867972608
none: 4096

1745395957
/dev/nvme3n1p1: 1513874317312
none: 4096

1745395958
/dev/nvme3n1p1: 1513881464832
none: 4096

1745395959
/dev/nvme3n1p1: 1513884774400
none: 4096

1745395960
/dev/nvme3n1p1: 1513889198080
none: 4096

1745395962
/dev/nvme3n1p1: 1513906888704
none: 4096

1745395963
/dev/nvme3n1p1: 1513986060288
none: 4096

1745395964
/dev/nvme3n1p1: 1514019733504
none: 4096

1745395965
/dev/nvme3n1p1: 1514029563904
none: 4096

1745395966
/dev/nvme3n1p1: 1514035916800
none: 4096

1745395967
/dev/nvme3n1p1: 1514040258560
none: 4096

1745395968
/dev/nvme3n1p1: 1514046132224
none: 4096

1745395969
/dev/nvme3n1p1: 1514054631424
none: 4096

1745395970
/dev/nvme3n1p1: 1514060976128
none: 4096

1745395971
/dev/nvme3n1p1: 1514063355904
none: 4096

1745395972
/dev/nvme3n1p1: 1514071543808
none: 4096

1745395973
/dev/nvme3n1p1: 1514086084608
none: 4096

1745395974
/dev/nvme3n1p1: 1514089418752
none: 4096

1745395975
/dev/nvme3n1p1: 1514097078272
none: 4096

1745395976
/dev/nvme3n1p1: 1514107699200
none: 4096

1745395977
/dev/nvme3n1p1: 1514114400256
none: 4096

1745395978
/dev/nvme3n1p1: 1514122764288
none: 4096

1745395979
/dev/nvme3n1p1: 1514129154048
none: 4096

1745395980
/dev/nvme3n1p1: 1514136707072
none: 4096

1745395981
/dev/nvme3n1p1: 1514147106816
none: 4096

1745395982
/dev/nvme3n1p1: 1514155696128
none: 4096

1745395983
/dev/nvme3n1p1: 1514159976448
none: 4096

1745395984
/dev/nvme3n1p1: 1514165272576
none: 4096

1745395986
/dev/nvme3n1p1: 1514172502016
none: 4096

1745395987
/dev/nvme3n1p1: 1514178564096
none: 4096

1745395988
/dev/nvme3n1p1: 1514187341824
none: 4096

1745395989
/dev/nvme3n1p1: 1514195980288
none: 4096

1745395990
/dev/nvme3n1p1: 1514200666112
none: 4096

1745395991
/dev/nvme3n1p1: 1514201972736
none: 4096

1745395992
/dev/nvme3n1p1: 1514210189312
none: 4096

1745395994
/dev/nvme3n1p1: 1514228752384
none: 4096

1745395995
/dev/nvme3n1p1: 1514238054400
none: 4096

1745395996
/dev/nvme3n1p1: 1514242052096
none: 4096

1745395997
/dev/nvme3n1p1: 1514242179072
none: 4096

1745395998
/dev/nvme3n1p1: 1514242514944
none: 4096

1745395999
/dev/nvme3n1p1: 1514242514944
none: 4096

1745396000
/dev/nvme3n1p1: 1514243072000
none: 4096

1745396001
/dev/nvme3n1p1: 1514243420160
none: 4096

1745396002
/dev/nvme3n1p1: 1514244894720
none: 4096

1745396003
/dev/nvme3n1p1: 1514247708672
none: 4096

1745396004
/dev/nvme3n1p1: 1514250448896
none: 4096

1745396005
/dev/nvme3n1p1: 1514261454848
none: 4096

1745396006
/dev/nvme3n1p1: 1514264735744
none: 4096

1745396007
/dev/nvme3n1p1: 1514271272960
none: 4096

1745396008
/dev/nvme3n1p1: 1514272448512
none: 4096

1745396009
/dev/nvme3n1p1: 1514276773888
none: 4096

1745396011
/dev/nvme3n1p1: 1514283180032
none: 4096

1745396012
/dev/nvme3n1p1: 1514287927296
none: 4096

1745396013
/dev/nvme3n1p1: 1514289643520
none: 4096

1745396014
/dev/nvme3n1p1: 1514294415360
none: 4096

1745396015
/dev/nvme3n1p1: 1514295582720
none: 4096

1745396016
/dev/nvme3n1p1: 1514299375616
none: 4096

1745396017
/dev/nvme3n1p1: 1514302783488
none: 4096

1745396018
/dev/nvme3n1p1: 1514306834432
none: 4096

1745396019
/dev/nvme3n1p1: 1514309058560
none: 4096

1745396020
/dev/nvme3n1p1: 1514310098944
none: 4096

1745396021
/dev/nvme3n1p1: 1514310508544
none: 4096

1745396022
/dev/nvme3n1p1: 1514310868992
none: 4096

1745396023
/dev/nvme3n1p1: 1514312568832
none: 4096

1745396024
/dev/nvme3n1p1: 1514316320768
none: 4096

1745396025
/dev/nvme3n1p1: 1514317598720
none: 4096

1745396026
/dev/nvme3n1p1: 1514321113088
none: 4096

1745396027
/dev/nvme3n1p1: 1514323124224
none: 4096

1745396028
/dev/nvme3n1p1: 1514326786048
none: 4096

1745396029
/dev/nvme3n1p1: 1514328924160
none: 4096

1745396030
/dev/nvme3n1p1: 1514330189824
none: 4096

1745396031
/dev/nvme3n1p1: 1514332004352
none: 4096

1745396032
/dev/nvme3n1p1: 1514333540352
none: 4096

1745396034
/dev/nvme3n1p1: 1514335469568
none: 4096

1745396035
/dev/nvme3n1p1: 1514338115584
none: 4096

1745396036
/dev/nvme3n1p1: 1514340540416
none: 4096

1745396037
/dev/nvme3n1p1: 1514342920192
none: 4096

1745396038
/dev/nvme3n1p1: 1514345574400
none: 4096

1745396039
/dev/nvme3n1p1: 1514346606592
none: 4096

1745396040
/dev/nvme3n1p1: 1514347769856
none: 4096

1745396041
/dev/nvme3n1p1: 1514348343296
none: 4096

1745396042
/dev/nvme3n1p1: 1514349293568
none: 4096

1745396043
/dev/nvme3n1p1: 1514351263744
none: 4096

1745396044
/dev/nvme3n1p1: 1514355220480
none: 4096

1745396045
/dev/nvme3n1p1: 1514358190080
none: 4096

1745396046
/dev/nvme3n1p1: 1514361446400
none: 4096

1745396047
/dev/nvme3n1p1: 1514362589184
none: 4096

1745396048
/dev/nvme3n1p1: 1514363645952
none: 4096

1745396049
/dev/nvme3n1p1: 1514366390272
none: 4096

1745396050
/dev/nvme3n1p1: 1514368483328
none: 4096

1745396051
/dev/nvme3n1p1: 1514369138688
none: 4096

1745396052
/dev/nvme3n1p1: 1514370318336
none: 4096

1745396054
/dev/nvme3n1p1: 1514375835648
none: 4096

1745396055
/dev/nvme3n1p1: 1514377056256
none: 4096

1745396056
/dev/nvme3n1p1: 1514378940416
none: 4096

1745396057
/dev/nvme3n1p1: 1514380034048
none: 4096

1745396058
/dev/nvme3n1p1: 1514381152256
none: 4096

1745396059
/dev/nvme3n1p1: 1514387300352
none: 4096

1745396060
/dev/nvme3n1p1: 1514389147648
none: 4096

1745396061
/dev/nvme3n1p1: 1514393624576
none: 4096

1745396062
/dev/nvme3n1p1: 1514395025408
none: 4096

1745396063
/dev/nvme3n1p1: 1514396856320
none: 4096

1745396065
/dev/nvme3n1p1: 1514399989760
none: 4096

1745396066
/dev/nvme3n1p1: 1514403393536
none: 4096

1745396067
/dev/nvme3n1p1: 1514404040704
none: 4096

1745396068
/dev/nvme3n1p1: 1514406883328
none: 4096

1745396069
/dev/nvme3n1p1: 1514411171840
none: 4096

1745396070
/dev/nvme3n1p1: 1514416459776
none: 4096

1745396071
/dev/nvme3n1p1: 1514418831360
none: 4096

1745396072
/dev/nvme3n1p1: 1514424070144
none: 4096

1745396073
/dev/nvme3n1p1: 1514426683392
none: 4096

1745396074
/dev/nvme3n1p1: 1514428952576
none: 4096

1745396075
/dev/nvme3n1p1: 1514430341120
none: 4096

1745396076
/dev/nvme3n1p1: 1514433519616
none: 4096

1745396077
/dev/nvme3n1p1: 1514435919872
none: 4096

1745396078
/dev/nvme3n1p1: 1514440536064
none: 4096

1745396079
/dev/nvme3n1p1: 1514441076736
none: 4096

1745396080
/dev/nvme3n1p1: 1514443870208
none: 4096

1745396081
/dev/nvme3n1p1: 1514446401536
none: 4096

1745396082
/dev/nvme3n1p1: 1514452942848
none: 4096

1745396083
/dev/nvme3n1p1: 1514455334912
none: 4096

1745396084
/dev/nvme3n1p1: 1514456375296
none: 4096

1745396085
/dev/nvme3n1p1: 1514458042368
none: 4096

1745396086
/dev/nvme3n1p1: 1514460573696
none: 4096

1745396087
/dev/nvme3n1p1: 1514463027200
none: 4096

1745396088
/dev/nvme3n1p1: 1514467065856
none: 4096

1745396089
/dev/nvme3n1p1: 1514468495360
none: 4096

1745396090
/dev/nvme3n1p1: 1514470666240
none: 4096

1745396091
/dev/nvme3n1p1: 1514473066496
none: 4096

1745396092
/dev/nvme3n1p1: 1514479411200
none: 4096

1745396093
/dev/nvme3n1p1: 1514483658752
none: 4096

1745396094
/dev/nvme3n1p1: 1514487607296
none: 4096

1745396095
/dev/nvme3n1p1: 1514493435904
none: 4096

1745396096
/dev/nvme3n1p1: 1514501214208
none: 4096

1745396097
/dev/nvme3n1p1: 1514503327744
none: 4096

1745396098
/dev/nvme3n1p1: 1514505109504
none: 4096

1745396099
/dev/nvme3n1p1: 1514512072704
none: 4096

1745396100
/dev/nvme3n1p1: 1514520567808
none: 4096

1745396101
/dev/nvme3n1p1: 1514522497024
none: 4096

1745396102
/dev/nvme3n1p1: 1514524471296
none: 4096

1745396103
/dev/nvme3n1p1: 1514529050624
none: 4096

1745396104
/dev/nvme3n1p1: 1514532495360
none: 4096

1745396105
/dev/nvme3n1p1: 1514533347328
none: 4096

1745396106
/dev/nvme3n1p1: 1514533748736
none: 4096

1745396107
/dev/nvme3n1p1: 1514534940672
none: 4096

1745396108
/dev/nvme3n1p1: 1514536570880
none: 4096

1745396109
/dev/nvme3n1p1: 1514538663936
none: 4096

1745396110
/dev/nvme3n1p1: 1514540314624
none: 4096

1745396111
/dev/nvme3n1p1: 1514543800320
none: 4096

1745396112
/dev/nvme3n1p1: 1514547601408
none: 4096

1745396113
/dev/nvme3n1p1: 1514551443456
none: 4096

1745396114
/dev/nvme3n1p1: 1514554679296
none: 4096

1745396115
/dev/nvme3n1p1: 1514559492096
none: 4096

1745396116
/dev/nvme3n1p1: 1514560413696
none: 4096

1745396117
/dev/nvme3n1p1: 1514564067328
none: 4096

1745396118
/dev/nvme3n1p1: 1514568073216
none: 4096

1745396119
/dev/nvme3n1p1: 1514568605696
none: 4096

1745396120
/dev/nvme3n1p1: 1514569805824
none: 4096

1745396121
/dev/nvme3n1p1: 1514571415552
none: 4096

1745396122
/dev/nvme3n1p1: 1514574245888
none: 4096

1745396123
/dev/nvme3n1p1: 1514575912960
none: 4096

1745396124
/dev/nvme3n1p1: 1514579558400
none: 4096

1745396125
/dev/nvme3n1p1: 1514582102016
none: 4096

1745396126
/dev/nvme3n1p1: 1514588225536
none: 4096

1745396127
/dev/nvme3n1p1: 1514593357824
none: 4096

1745396128
/dev/nvme3n1p1: 1514598326272
none: 4096

1745396129
/dev/nvme3n1p1: 1514604785664
none: 4096

1745396130
/dev/nvme3n1p1: 1514610843648
none: 4096

1745396131
/dev/nvme3n1p1: 1514618322944
none: 4096

1745396132
/dev/nvme3n1p1: 1514621792256
none: 4096

1745396133
/dev/nvme3n1p1: 1514624311296
none: 4096

1745396134
/dev/nvme3n1p1: 1514626560000
none: 4096

1745396135
/dev/nvme3n1p1: 1514630275072
none: 4096

1745396136
/dev/nvme3n1p1: 1514630049792
none: 4096

1745396137
/dev/nvme3n1p1: 1514631356416
none: 4096

1745396138
/dev/nvme3n1p1: 1514634063872
none: 4096

1745396139
/dev/nvme3n1p1: 1514634678272
none: 4096

1745396140
/dev/nvme3n1p1: 1514639802368
none: 4096

1745396141
/dev/nvme3n1p1: 1514642608128
none: 4096

1745396142
/dev/nvme3n1p1: 1514647019520
none: 4096

1745396143
/dev/nvme3n1p1: 1514650251264
none: 4096

1745396144
/dev/nvme3n1p1: 1514650587136
none: 4096

1745396145
/dev/nvme3n1p1: 1514658582528
none: 4096

1745396146
/dev/nvme3n1p1: 1514662580224
none: 4096

1745396147
/dev/nvme3n1p1: 1514665897984
none: 4096

1745396148
/dev/nvme3n1p1: 1514669441024
none: 4096

1745396149
/dev/nvme3n1p1: 1514673397760
none: 4096

1745396150
/dev/nvme3n1p1: 1514677407744
none: 4096

1745396151
/dev/nvme3n1p1: 1514680066048
none: 4096

1745396152
/dev/nvme3n1p1: 1514685693952
none: 4096

1745396153
/dev/nvme3n1p1: 1514687176704
none: 4096

1745396154
/dev/nvme3n1p1: 1514692894720
none: 4096

1745396155
/dev/nvme3n1p1: 1514693799936
none: 4096

1745396156
/dev/nvme3n1p1: 1514696196096
none: 4096

1745396157
/dev/nvme3n1p1: 1514697154560
none: 4096

1745396158
/dev/nvme3n1p1: 1514701893632
none: 4096

1745396159
/dev/nvme3n1p1: 1514703781888
none: 4096

1745396160
/dev/nvme3n1p1: 1514709798912
none: 4096

1745396161
/dev/nvme3n1p1: 1514713612288
none: 4096

1745396162
/dev/nvme3n1p1: 1514713935872
none: 4096

1745396163
/dev/nvme3n1p1: 1514716098560
none: 4096

1745396164
/dev/nvme3n1p1: 1514717233152
none: 4096

1745396165
/dev/nvme3n1p1: 1514717671424
none: 4096

1745396166
/dev/nvme3n1p1: 1514719801344
none: 4096

1745396167
/dev/nvme3n1p1: 1514721447936
none: 4096

1745396168
/dev/nvme3n1p1: 1514723233792
none: 4096

1745396169
/dev/nvme3n1p1: 1514729766912
none: 4096

1745396170
/dev/nvme3n1p1: 1514735960064
none: 4096

1745396171
/dev/nvme3n1p1: 1514739142656
none: 4096

1745396172
/dev/nvme3n1p1: 1514746494976
none: 4096

1745396173
/dev/nvme3n1p1: 1514750439424
none: 4096

1745396174
/dev/nvme3n1p1: 1514754703360
none: 4096

1745396176
/dev/nvme3n1p1: 1514759192576
none: 4096

1745396177
/dev/nvme3n1p1: 1514764169216
none: 4096

1745396178
/dev/nvme3n1p1: 1514764513280
none: 4096

1745396179
/dev/nvme3n1p1: 1514768211968
none: 4096

1745396180
/dev/nvme3n1p1: 1514770251776
none: 4096

1745396181
/dev/nvme3n1p1: 1514774269952
none: 4096

1745396182
/dev/nvme3n1p1: 1514775937024
none: 4096

1745396183
/dev/nvme3n1p1: 1514779664384
none: 4096

1745396184
/dev/nvme3n1p1: 1514782699520
none: 4096

1745396185
/dev/nvme3n1p1: 1514784227328
none: 4096

1745396186
/dev/nvme3n1p1: 1514787753984
none: 4096

1745396187
/dev/nvme3n1p1: 1514790928384
none: 4096

1745396188
/dev/nvme3n1p1: 1514798526464
none: 4096

1745396189
/dev/nvme3n1p1: 1514801164288
none: 4096

1745396190
/dev/nvme3n1p1: 1514806337536
none: 4096

1745396191
/dev/nvme3n1p1: 1514808590336
none: 4096

1745396192
/dev/nvme3n1p1: 1514812424192
none: 4096

1745396193
/dev/nvme3n1p1: 1514814824448
none: 4096

1745396194
/dev/nvme3n1p1: 1514814844928
none: 4096

1745396195
/dev/nvme3n1p1: 1514822148096
none: 4096

1745396196
/dev/nvme3n1p1: 1514823290880
none: 4096

1745396197
/dev/nvme3n1p1: 1514824581120
none: 4096

1745396198
/dev/nvme3n1p1: 1514829168640
none: 4096

1745396199
/dev/nvme3n1p1: 1514830331904
none: 4096

1745396200
/dev/nvme3n1p1: 1514830356480
none: 4096

1745396202
/dev/nvme3n1p1: 1514832244736
none: 4096

1745396203
/dev/nvme3n1p1: 1514834030592
none: 4096

1745396204
/dev/nvme3n1p1: 1514837413888
none: 4096

1745396205
/dev/nvme3n1p1: 1514838544384
none: 4096

1745396206
/dev/nvme3n1p1: 1514843164672
none: 4096

1745396207
/dev/nvme3n1p1: 1514843725824
none: 4096

1745396208
/dev/nvme3n1p1: 1514849943552
none: 4096

1745396209
/dev/nvme3n1p1: 1514850873344
none: 4096

1745396210
/dev/nvme3n1p1: 1514857877504
none: 4096

1745396211
/dev/nvme3n1p1: 1514858737664
none: 4096

1745396212
/dev/nvme3n1p1: 1514865000448
none: 4096

1745396213
/dev/nvme3n1p1: 1514881040384
none: 4096

1745396214
/dev/nvme3n1p1: 1514887680000
none: 4096

1745396215
/dev/nvme3n1p1: 1514889564160
none: 4096

1745396216
/dev/nvme3n1p1: 1514896965632
none: 4096

1745396217
/dev/nvme3n1p1: 1514902134784
none: 4096

1745396218
/dev/nvme3n1p1: 1514902622208
none: 4096

1745396219
/dev/nvme3n1p1: 1514908155904
none: 4096

1745396220
/dev/nvme3n1p1: 1514907844608
none: 4096

1745396221
/dev/nvme3n1p1: 1514911068160
none: 4096

1745396222
/dev/nvme3n1p1: 1514912632832
none: 4096

1745396223
/dev/nvme3n1p1: 1514916155392
none: 4096

1745396224
/dev/nvme3n1p1: 1514919698432
none: 4096

1745396225
/dev/nvme3n1p1: 1514921549824
none: 4096

1745396226
/dev/nvme3n1p1: 1514926071808
none: 4096

1745396227
/dev/nvme3n1p1: 1514928414720
none: 4096

1745396228
/dev/nvme3n1p1: 1514933166080
none: 4096

1745396229
/dev/nvme3n1p1: 1514935975936
none: 4096

1745396230
/dev/nvme3n1p1: 1514938822656
none: 4096

1745396231
/dev/nvme3n1p1: 1514944122880
none: 4096

1745396232
/dev/nvme3n1p1: 1514951581696
none: 4096

1745396233
/dev/nvme3n1p1: 1514951573504
none: 4096

1745396234
/dev/nvme3n1p1: 1514953244672
none: 4096

1745396235
/dev/nvme3n1p1: 1514955448320
none: 4096

1745396236
/dev/nvme3n1p1: 1514962395136
none: 4096

1745396237
/dev/nvme3n1p1: 1514963304448
none: 4096

1745396238
/dev/nvme3n1p1: 1514967330816
none: 4096

1745396239
/dev/nvme3n1p1: 1514972422144
none: 4096

1745396240
/dev/nvme3n1p1: 1514976272384
none: 4096

1745396241
/dev/nvme3n1p1: 1514980560896
none: 4096

1745396242
/dev/nvme3n1p1: 1514986708992
none: 4096

1745396243
/dev/nvme3n1p1: 1514986917888
none: 4096

1745396244
/dev/nvme3n1p1: 1514989010944
none: 4096

1745396245
/dev/nvme3n1p1: 1514989993984
none: 4096

1745396246
/dev/nvme3n1p1: 1514991661056
none: 4096

1745396247
/dev/nvme3n1p1: 1514992988160
none: 4096

1745396248
/dev/nvme3n1p1: 1514994868224
none: 4096

1745396249
/dev/nvme3n1p1: 1514997436416
none: 4096

1745396250
/dev/nvme3n1p1: 1514998497280
none: 4096

1745396251
/dev/nvme3n1p1: 1515001135104
none: 4096

1745396252
/dev/nvme3n1p1: 1515003412480
none: 4096

1745396253
/dev/nvme3n1p1: 1515006271488
none: 4096

1745396254
/dev/nvme3n1p1: 1515009105920
none: 4096

1745396255
/dev/nvme3n1p1: 1515012747264
none: 4096

1745396256
/dev/nvme3n1p1: 1515020734464
none: 4096

1745396257
/dev/nvme3n1p1: 1515024138240
none: 4096

1745396258
/dev/nvme3n1p1: 1515027128320
none: 4096

1745396259
/dev/nvme3n1p1: 1515030188032
none: 4096

1745396260
/dev/nvme3n1p1: 1515035480064
none: 4096

1745396261
/dev/nvme3n1p1: 1515039305728
none: 4096

1745396262
/dev/nvme3n1p1: 1515043397632
none: 4096

1745396263
/dev/nvme3n1p1: 1515048402944
none: 4096

1745396264
/dev/nvme3n1p1: 1515052007424
none: 4096

1745396265
/dev/nvme3n1p1: 1515060875264
none: 4096

1745396266
/dev/nvme3n1p1: 1515065761792
none: 4096

1745396267
/dev/nvme3n1p1: 1515070717952
none: 4096

1745396268
/dev/nvme3n1p1: 1515072942080
none: 4096

1745396269
/dev/nvme3n1p1: 1515074854912
none: 4096

1745396270
/dev/nvme3n1p1: 1515077865472
none: 4096

1745396271
/dev/nvme3n1p1: 1515080630272
none: 4096

1745396272
/dev/nvme3n1p1: 1515084013568
none: 4096

1745396273
/dev/nvme3n1p1: 1515084955648
none: 4096

1745396274
/dev/nvme3n1p1: 1515090227200
none: 4096

1745396275
/dev/nvme3n1p1: 1515093016576
none: 4096

1745396276
/dev/nvme3n1p1: 1515093184512
none: 4096

1745396277
/dev/nvme3n1p1: 1515096264704
none: 4096

1745396278
/dev/nvme3n1p1: 1515098873856
none: 4096

1745396279
/dev/nvme3n1p1: 1515100348416
none: 4096

1745396280
/dev/nvme3n1p1: 1515104120832
none: 4096

1745396281
/dev/nvme3n1p1: 1515106775040
none: 4096

1745396282
/dev/nvme3n1p1: 1515110572032
none: 4096

1745396283
/dev/nvme3n1p1: 1515113631744
none: 4096

1745396284
/dev/nvme3n1p1: 1515115339776
none: 4096

1745396285
/dev/nvme3n1p1: 1515117080576
none: 4096

1745396286
/dev/nvme3n1p1: 1515121033216
none: 4096

1745396287
/dev/nvme3n1p1: 1515123703808
none: 4096

1745396288
/dev/nvme3n1p1: 1515125166080
none: 4096

1745396289
/dev/nvme3n1p1: 1515131678720
none: 4096

1745396290
/dev/nvme3n1p1: 1515133366272
none: 4096

1745396291
/dev/nvme3n1p1: 1515136978944
none: 4096

1745396292
/dev/nvme3n1p1: 1515137552384
none: 4096

1745396293
/dev/nvme3n1p1: 1515143954432
none: 4096

1745396294
/dev/nvme3n1p1: 1515148017664
none: 4096

1745396295
/dev/nvme3n1p1: 1515152371712
none: 4096

1745396296
/dev/nvme3n1p1: 1515153330176
none: 4096

1745396297
/dev/nvme3n1p1: 1515157053440
none: 4096

1745396298
/dev/nvme3n1p1: 1515164028928
none: 4096

1745396299
/dev/nvme3n1p1: 1515170340864
none: 4096

1745396300
/dev/nvme3n1p1: 1515172052992
none: 4096

1745396301
/dev/nvme3n1p1: 1515172962304
none: 4096

1745396302
/dev/nvme3n1p1: 1515175817216
none: 4096

1745396303
/dev/nvme3n1p1: 1515182419968
none: 4096

1745396304
/dev/nvme3n1p1: 1515187519488
none: 4096

1745396305
/dev/nvme3n1p1: 1515192147968
none: 4096

1745396306
/dev/nvme3n1p1: 1515192946688
none: 4096

1745396307
/dev/nvme3n1p1: 1515194863616
none: 4096

1745396308
/dev/nvme3n1p1: 1515198349312
none: 4096

1745396309
/dev/nvme3n1p1: 1515206823936
none: 4096

1745396310
/dev/nvme3n1p1: 1515210821632
none: 4096

1745396311
/dev/nvme3n1p1: 1515213893632
none: 4096

1745396312
/dev/nvme3n1p1: 1515215138816
none: 4096

1745396313
/dev/nvme3n1p1: 1515216302080
none: 4096

1745396314
/dev/nvme3n1p1: 1515220566016
none: 4096

1745396316
/dev/nvme3n1p1: 1515228323840
none: 4096

1745396317
/dev/nvme3n1p1: 1515234037760
none: 4096

1745396318
/dev/nvme3n1p1: 1515238727680
none: 4096

1745396319
/dev/nvme3n1p1: 1515241095168
none: 4096

1745396320
/dev/nvme3n1p1: 1515243192320
none: 4096

1745396321
/dev/nvme3n1p1: 1515251515392
none: 4096

1745396322
/dev/nvme3n1p1: 1515258142720
none: 4096

1745396323
/dev/nvme3n1p1: 1515267485696
none: 4096

1745396324
/dev/nvme3n1p1: 1515269099520
none: 4096

1745396326
/dev/nvme3n1p1: 1515277578240
none: 4096

1745396328
/dev/nvme3n1p1: 1515295408128
none: 643072

1745396329
/dev/nvme3n1p1: 1515298201600
none: 643072

1745396330
/dev/nvme3n1p1: 1515301117952
none: 643072

1745396331
/dev/nvme3n1p1: 1515306860544
none: 643072

1745396332
/dev/nvme3n1p1: 1515311210496
none: 643072

1745396333
/dev/nvme3n1p1: 1515315519488
none: 643072

1745396334
/dev/nvme3n1p1: 1515320619008
none: 643072

1745396335
/dev/nvme3n1p1: 1515326275584
none: 643072

1745396336
/dev/nvme3n1p1: 1515330019328
none: 643072

1745396337
/dev/nvme3n1p1: 1515332939776
none: 643072

1745396338
/dev/nvme3n1p1: 1515334660096
none: 643072

1745396339
/dev/nvme3n1p1: 1515335413760
none: 643072

1745396340
/dev/nvme3n1p1: 1515337670656
none: 643072

1745396341
/dev/nvme3n1p1: 1515341766656
none: 643072

1745396342
/dev/nvme3n1p1: 1515344211968
none: 643072

1745396343
/dev/nvme3n1p1: 1515344642048
none: 643072

1745396344
/dev/nvme3n1p1: 1515350323200
none: 643072

1745396345
/dev/nvme3n1p1: 1515352358912
none: 643072

1745396346
/dev/nvme3n1p1: 1515354005504
none: 643072

1745396347
/dev/nvme3n1p1: 1515358322688
none: 643072

1745396348
/dev/nvme3n1p1: 1515361280000
none: 643072

1745396349
/dev/nvme3n1p1: 1515364466688
none: 643072

1745396350
/dev/nvme3n1p1: 1515369873408
none: 643072

1745396351
/dev/nvme3n1p1: 1515371237376
none: 643072

1745396352
/dev/nvme3n1p1: 1515375534080
none: 643072

1745396353
/dev/nvme3n1p1: 1515380801536
none: 643072

1745396354
/dev/nvme3n1p1: 1515382493184
none: 643072

1745396355
/dev/nvme3n1p1: 1515390529536
none: 643072

1745396356
/dev/nvme3n1p1: 1515397263360
none: 643072

1745396357
/dev/nvme3n1p1: 1515398623232
none: 643072

1745396358
/dev/nvme3n1p1: 1515401355264
none: 643072

1745396359
/dev/nvme3n1p1: 1515404517376
none: 643072

1745396360
/dev/nvme3n1p1: 1515406626816
none: 643072

1745396361
/dev/nvme3n1p1: 1515407843328
none: 643072

1745396362
/dev/nvme3n1p1: 1515409940480
none: 643072

1745396363
/dev/nvme3n1p1: 1515412987904
none: 643072

1745396365
/dev/nvme3n1p1: 1515417759744
none: 643072

1745396366
/dev/nvme3n1p1: 1515419566080
none: 643072

1745396367
/dev/nvme3n1p1: 1515423072256
none: 643072

1745396368
/dev/nvme3n1p1: 1515424223232
none: 643072

1745396369
/dev/nvme3n1p1: 1515426238464
none: 643072

1745396370
/dev/nvme3n1p1: 1515429294080
none: 643072

1745396371
/dev/nvme3n1p1: 1515430825984
none: 643072

1745396372
/dev/nvme3n1p1: 1515432226816
none: 643072

1745396373
/dev/nvme3n1p1: 1515432992768
none: 643072

1745396374
/dev/nvme3n1p1: 1515433541632
none: 643072

1745396375
/dev/nvme3n1p1: 1515433656320
none: 643072

1745396376
/dev/nvme3n1p1: 1515434852352
none: 643072

1745396377
/dev/nvme3n1p1: 1515435573248
none: 643072

1745396378
/dev/nvme3n1p1: 1515437867008
none: 643072

1745396379
/dev/nvme3n1p1: 1515439898624
none: 643072

1745396380
/dev/nvme3n1p1: 1515451883520
none: 643072

1745396381
/dev/nvme3n1p1: 1515463987200
none: 643072

1745396382
/dev/nvme3n1p1: 1515475402752
none: 643072

1745396383
/dev/nvme3n1p1: 1515513352192
none: 643072

1745396384
/dev/nvme3n1p1: 1515537547264
none: 643072

1745396385
/dev/nvme3n1p1: 1515597479936
none: 643072

1745396386
/dev/nvme3n1p1: 1515654983680
none: 643072

1745396387
/dev/nvme3n1p1: 1515778842624
none: 643072

1745396388
/dev/nvme3n1p1: 1515844411392
none: 643072

1745396389
/dev/nvme3n1p1: 1516020736000
none: 643072

1745396390
/dev/nvme3n1p1: 1516132335616
none: 643072

1745396391
/dev/nvme3n1p1: 1516263657472
none: 643072

1745396392
/dev/nvme3n1p1: 1516457295872
none: 643072

1745396394
/dev/nvme3n1p1: 1516883484672
none: 643072

1745396395
/dev/nvme3n1p1: 1517078855680
none: 643072

1745396396
/dev/nvme3n1p1: 1517312430080
none: 643072

1745396397
/dev/nvme3n1p1: 1517521874944
none: 643072

1745396398
/dev/nvme3n1p1: 1517746614272
none: 643072

1745396399
/dev/nvme3n1p1: 1517950554112
none: 643072

1745396400
/dev/nvme3n1p1: 1518152491008
none: 643072

1745396401
/dev/nvme3n1p1: 1518373085184
none: 643072

1745396402
/dev/nvme3n1p1: 1518585925632
none: 643072

1745396404
/dev/nvme3n1p1: 1519096115200
none: 643072

1745396405
/dev/nvme3n1p1: 1519368552448
none: 643072

1745396406
/dev/nvme3n1p1: 1519642337280
none: 643072

1745396407
/dev/nvme3n1p1: 1519913652224
none: 643072

1745396408
/dev/nvme3n1p1: 1520192864256
none: 643072

1745396409
/dev/nvme3n1p1: 1520492474368
none: 643072

1745396411
/dev/nvme3n1p1: 1521024241664
none: 643072

1745396412
/dev/nvme3n1p1: 1521297321984
none: 643072

1745396413
/dev/nvme3n1p1: 1521565347840
none: 643072

1745396414
/dev/nvme3n1p1: 1521842585600
none: 643072

1745396415
/dev/nvme3n1p1: 1522110316544
none: 643072

1745396416
/dev/nvme3n1p1: 1522345619456
none: 643072

1745396417
/dev/nvme3n1p1: 1522560745472
none: 643072

1745396418
/dev/nvme3n1p1: 1522736803840
none: 643072

1745396419
/dev/nvme3n1p1: 1522895581184
none: 643072

1745396420
/dev/nvme3n1p1: 1523054268416
none: 643072

1745396421
/dev/nvme3n1p1: 1523176828928
none: 643072

1745396422
/dev/nvme3n1p1: 1523282411520
none: 643072

1745396423
/dev/nvme3n1p1: 1523381202944
none: 643072

1745396424
/dev/nvme3n1p1: 1523479085056
none: 643072

1745396425
/dev/nvme3n1p1: 1523553878016
none: 643072

1745396426
/dev/nvme3n1p1: 1523619737600
none: 643072

1745396427
/dev/nvme3n1p1: 1523677581312
none: 643072

1745396428
/dev/nvme3n1p1: 1523728314368
none: 643072

1745396429
/dev/nvme3n1p1: 1523768262656
none: 643072

1745396430
/dev/nvme3n1p1: 1523800850432
none: 643072

1745396431
/dev/nvme3n1p1: 1523829207040
none: 643072

1745396432
/dev/nvme3n1p1: 1523847749632
none: 643072

1745396433
/dev/nvme3n1p1: 1523860226048
none: 643072

1745396435
/dev/nvme3n1p1: 1523880755200
none: 643072

1745396436
/dev/nvme3n1p1: 1523890761728
none: 643072

1745396437
/dev/nvme3n1p1: 1523897208832
none: 643072

1745396438
/dev/nvme3n1p1: 1523903737856
none: 643072

1745396439
/dev/nvme3n1p1: 1523908632576
none: 643072

1745396440
/dev/nvme3n1p1: 1523911409664
none: 643072

1745396441
/dev/nvme3n1p1: 1523915280384
none: 643072

1745396442
/dev/nvme3n1p1: 1523918954496
none: 643072

1745396444
/dev/nvme3n1p1: 1523926532096
none: 643072

1745396445
/dev/nvme3n1p1: 1523930615808
none: 643072

1745396446
/dev/nvme3n1p1: 1523933257728
none: 643072

1745396447
/dev/nvme3n1p1: 1523933880320
none: 643072

1745396448
/dev/nvme3n1p1: 1523934613504
none: 643072

1745396449
/dev/nvme3n1p1: 1523937710080
none: 643072

1745396450
/dev/nvme3n1p1: 1523941097472
none: 643072

1745396451
/dev/nvme3n1p1: 1524281008128
none: 643072

1745396452
/dev/nvme3n1p1: 1526056394752
none: 643072

1745396453
/dev/nvme3n1p1: 1527042637824
none: 643072

1745396454
/dev/nvme3n1p1: 1527221370880
none: 643072

1745396455
/dev/nvme3n1p1: 1527223709696
none: 643072

1745396456
/dev/nvme3n1p1: 1527225196544
none: 643072

1745396457
/dev/nvme3n1p1: 1527227428864
none: 643072

1745396458
/dev/nvme3n1p1: 1527229808640
none: 4096

1745396459
/dev/nvme3n1p1: 1527233122304
none: 4096

1745396460
/dev/nvme3n1p1: 1527239368704
none: 4096

1745396461
/dev/nvme3n1p1: 1527239970816
none: 4096

1745396462
/dev/nvme3n1p1: 1527244042240
none: 4096

1745396463
/dev/nvme3n1p1: 1527246090240
none: 4096

1745396464
/dev/nvme3n1p1: 1527249764352
none: 4096

1745396465
/dev/nvme3n1p1: 1527252541440
none: 4096

1745396466
/dev/nvme3n1p1: 1527253475328
none: 4096

1745396467
/dev/nvme3n1p1: 1527256260608
none: 4096

1745396468
/dev/nvme3n1p1: 1527260409856
none: 4096

1745396469
/dev/nvme3n1p1: 1527262187520
none: 4096

1745396470
/dev/nvme3n1p1: 1527265972224
none: 4096

1745396471
/dev/nvme3n1p1: 1527268864000
none: 4096

1745396472
/dev/nvme3n1p1: 1527271542784
none: 4096

1745396473
/dev/nvme3n1p1: 1527271608320
none: 4096

1745396474
/dev/nvme3n1p1: 1527278600192
none: 4096

1745396476
/dev/nvme3n1p1: 1527287144448
none: 4096

1745396477
/dev/nvme3n1p1: 1527288791040
none: 4096

1745396478
/dev/nvme3n1p1: 1527291138048
none: 4096

1745396479
/dev/nvme3n1p1: 1527296630784
none: 4096

1745396480
/dev/nvme3n1p1: 1527297785856
none: 4096

1745396481
/dev/nvme3n1p1: 1527300128768
none: 4096

1745396482
/dev/nvme3n1p1: 1527303680000
none: 4096

1745396483
/dev/nvme3n1p1: 1527311192064
none: 4096

1745396484
/dev/nvme3n1p1: 1527314833408
none: 4096

1745396485
/dev/nvme3n1p1: 1527320244224
none: 4096

1745396486
/dev/nvme3n1p1: 1527320928256
none: 4096

1745396487
/dev/nvme3n1p1: 1527321346048
none: 4096

1745396488
/dev/nvme3n1p1: 1527321546752
none: 4096

1745396489
/dev/nvme3n1p1: 1527325212672
none: 4096

1745396490
/dev/nvme3n1p1: 1527327281152
none: 4096

1745396491
/dev/nvme3n1p1: 1527327744000
none: 4096

1745396492
/dev/nvme3n1p1: 1527328448512
none: 4096

1745396493
/dev/nvme3n1p1: 1527330553856
none: 4096

1745396494
/dev/nvme3n1p1: 1527333687296
none: 4096

1745396495
/dev/nvme3n1p1: 1527335780352
none: 4096

1745396496
/dev/nvme3n1p1: 1527336534016
none: 4096

1745396497
/dev/nvme3n1p1: 1527338598400
none: 4096

1745396498
/dev/nvme3n1p1: 1527339954176
none: 4096

1745396499
/dev/nvme3n1p1: 1527342874624
none: 4096

1745396500
/dev/nvme3n1p1: 1527345373184
none: 4096

1745396501
/dev/nvme3n1p1: 1527348682752
none: 4096

1745396502
/dev/nvme3n1p1: 1527352967168
none: 4096

1745396503
/dev/nvme3n1p1: 1527355011072
none: 4096

1745396504
/dev/nvme3n1p1: 1527357116416
none: 4096

1745396505
/dev/nvme3n1p1: 1527359332352
none: 4096

1745396506
/dev/nvme3n1p1: 1527363485696
none: 4096

1745396507
/dev/nvme3n1p1: 1527366369280
none: 4096

1745396508
/dev/nvme3n1p1: 1527369605120
none: 4096

1745396509
/dev/nvme3n1p1: 1527372648448
none: 4096

1745396510
/dev/nvme3n1p1: 1527377264640
none: 4096

1745396511
/dev/nvme3n1p1: 1527381475328
none: 4096

1745396512
/dev/nvme3n1p1: 1527384580096
none: 4096

1745396513
/dev/nvme3n1p1: 1527386431488
none: 4096

1745396514
/dev/nvme3n1p1: 1527388618752
none: 4096

1745396515
/dev/nvme3n1p1: 1527390285824
none: 4096

1745396516
/dev/nvme3n1p1: 1527392464896
none: 4096

1745396517
/dev/nvme3n1p1: 1527393636352
none: 4096

1745396518
/dev/nvme3n1p1: 1527396491264
none: 4096

1745396519
/dev/nvme3n1p1: 1527399624704
none: 4096

1745396520
/dev/nvme3n1p1: 1527401123840
none: 4096

1745396521
/dev/nvme3n1p1: 1527403282432
none: 4096

1745396522
/dev/nvme3n1p1: 1527408447488
none: 4096

1745396524
/dev/nvme3n1p1: 1527413682176
none: 4096

1745396525
/dev/nvme3n1p1: 1527419416576
none: 4096

1745396526
/dev/nvme3n1p1: 1527422955520
none: 4096

1745396527
/dev/nvme3n1p1: 1527424622592
none: 4096

1745396528
/dev/nvme3n1p1: 1527427645440
none: 4096

1745396529
/dev/nvme3n1p1: 1527430078464
none: 4096

1745396530
/dev/nvme3n1p1: 1527432937472
none: 4096

1745396531
/dev/nvme3n1p1: 1527435776000
none: 4096

1745396532
/dev/nvme3n1p1: 1527437742080
none: 4096

1745396533
/dev/nvme3n1p1: 1527441969152
none: 4096

1745396534
/dev/nvme3n1p1: 1527443668992
none: 4096

1745396535
/dev/nvme3n1p1: 1527445233664
none: 4096

1745396536
/dev/nvme3n1p1: 1527446573056
none: 4096

1745396537
/dev/nvme3n1p1: 1527451512832
none: 4096

1745396538
/dev/nvme3n1p1: 1527457058816
none: 4096

1745396539
/dev/nvme3n1p1: 1527460233216
none: 4096

1745396540
/dev/nvme3n1p1: 1527463129088
none: 4096

1745396541
/dev/nvme3n1p1: 1527465832448
none: 4096

1745396542
/dev/nvme3n1p1: 1527468527616
none: 4096

1745396543
/dev/nvme3n1p1: 1527473623040
none: 4096

1745396544
/dev/nvme3n1p1: 1527475806208
none: 4096

1745396545
/dev/nvme3n1p1: 1527477334016
none: 4096

1745396546
/dev/nvme3n1p1: 1527480070144
none: 4096

1745396547
/dev/nvme3n1p1: 1527482249216
none: 4096

1745396548
/dev/nvme3n1p1: 1527486111744
none: 4096

1745396549
/dev/nvme3n1p1: 1527487860736
none: 4096

1745396550
/dev/nvme3n1p1: 1527493636096
none: 4096

1745396551
/dev/nvme3n1p1: 1527496601600
none: 4096

1745396552
/dev/nvme3n1p1: 1527497674752
none: 4096

1745396553
/dev/nvme3n1p1: 1527501795328
none: 4096

1745396554
/dev/nvme3n1p1: 1527504101376
none: 4096

1745396555
/dev/nvme3n1p1: 1527505309696
none: 4096

1745396556
/dev/nvme3n1p1: 1527506239488
none: 4096

1745396557
/dev/nvme3n1p1: 1527507619840
none: 4096

1745396558
/dev/nvme3n1p1: 1527508447232
none: 4096

1745396559
/dev/nvme3n1p1: 1527510605824
none: 4096

1745396560
/dev/nvme3n1p1: 1527513120768
none: 4096

1745396561
/dev/nvme3n1p1: 1527515717632
none: 4096

1745396562
/dev/nvme3n1p1: 1527517700096
none: 4096

1745396563
/dev/nvme3n1p1: 1527524495360
none: 4096

1745396564
/dev/nvme3n1p1: 1527526989824
none: 4096

1745396565
/dev/nvme3n1p1: 1527530741760
none: 4096

1745396566
/dev/nvme3n1p1: 1527535656960
none: 4096

1745396567
/dev/nvme3n1p1: 1527538065408
none: 4096

1745396568
/dev/nvme3n1p1: 1527540809728
none: 4096

1745396569
/dev/nvme3n1p1: 1527544602624
none: 4096

1745396570
/dev/nvme3n1p1: 1527546253312
none: 4096

1745396571
/dev/nvme3n1p1: 1527547850752
none: 4096

1745396572
/dev/nvme3n1p1: 1527548821504
none: 4096

1745396573
/dev/nvme3n1p1: 1527553044480
none: 4096

1745396574
/dev/nvme3n1p1: 1527555833856
none: 4096

1745396575
/dev/nvme3n1p1: 1527559233536
none: 4096

1745396577
/dev/nvme3n1p1: 1527563444224
none: 4096

1745396578
/dev/nvme3n1p1: 1527565717504
none: 4096

1745396579
/dev/nvme3n1p1: 1527569113088
none: 4096

1745396580
/dev/nvme3n1p1: 1527571738624
none: 4096

1745396581
/dev/nvme3n1p1: 1527575900160
none: 4096

1745396582
/dev/nvme3n1p1: 1527577403392
none: 4096

1745396583
/dev/nvme3n1p1: 1527578927104
none: 4096

1745396584
/dev/nvme3n1p1: 1527586725888
none: 4096

1745396585
/dev/nvme3n1p1: 1527588585472
none: 4096

1745396586
/dev/nvme3n1p1: 1527589445632
none: 4096

1745396587
/dev/nvme3n1p1: 1527590850560
none: 4096

1745396588
/dev/nvme3n1p1: 1527602470912
none: 4096

1745396589
/dev/nvme3n1p1: 1527606935552
none: 4096

1745396590
/dev/nvme3n1p1: 1527612088320
none: 4096

1745396591
/dev/nvme3n1p1: 1527617798144
none: 4096

1745396592
/dev/nvme3n1p1: 1527620222976
none: 4096

1745396593
/dev/nvme3n1p1: 1527623802880
none: 4096

1745396594
/dev/nvme3n1p1: 1527627075584
none: 4096

1745396596
/dev/nvme3n1p1: 1527634366464
none: 4096

1745396597
/dev/nvme3n1p1: 1527638515712
none: 4096

1745396598
/dev/nvme3n1p1: 1527642046464
none: 4096

1745396599
/dev/nvme3n1p1: 1527643250688
none: 4096

1745396600
/dev/nvme3n1p1: 1527646093312
none: 4096

1745396601
/dev/nvme3n1p1: 1527651090432
none: 4096

1745396602
/dev/nvme3n1p1: 1527653203968
none: 4096

1745396603
/dev/nvme3n1p1: 1527656218624
none: 4096

1745396604
/dev/nvme3n1p1: 1527659384832
none: 4096

1745396605
/dev/nvme3n1p1: 1527662575616
none: 4096

1745396606
/dev/nvme3n1p1: 1527664058368
none: 4096

1745396607
/dev/nvme3n1p1: 1527666094080
none: 4096

1745396608
/dev/nvme3n1p1: 1527671017472
none: 4096

1745396609
/dev/nvme3n1p1: 1527676620800
none: 4096

1745396610
/dev/nvme3n1p1: 1527680524288
none: 4096

1745396611
/dev/nvme3n1p1: 1527682506752
none: 4096

1745396612
/dev/nvme3n1p1: 1527686709248
none: 4096

1745396613
/dev/nvme3n1p1: 1527690027008
none: 4096

1745396614
/dev/nvme3n1p1: 1527692034048
none: 4096

1745396615
/dev/nvme3n1p1: 1527693553664
none: 4096

1745396616
/dev/nvme3n1p1: 1527698264064
none: 4096

1745396617
/dev/nvme3n1p1: 1527699206144
none: 4096

1745396618
/dev/nvme3n1p1: 1527702900736
none: 4096

1745396619
/dev/nvme3n1p1: 1527710498816
none: 4096

1745396620
/dev/nvme3n1p1: 1527715155968
none: 4096

1745396621
/dev/nvme3n1p1: 1527721746432
none: 4096

1745396622
/dev/nvme3n1p1: 1527725314048
none: 4096

1745396623
/dev/nvme3n1p1: 1527730081792
none: 4096

1745396624
/dev/nvme3n1p1: 1527734067200
none: 4096

1745396625
/dev/nvme3n1p1: 1527739523072
none: 4096

1745396626
/dev/nvme3n1p1: 1527743434752
none: 4096

1745396627
/dev/nvme3n1p1: 1527750914048
none: 4096

1745396628
/dev/nvme3n1p1: 1527753691136
none: 4096

1745396629
/dev/nvme3n1p1: 1527756320768
none: 4096

1745396630
/dev/nvme3n1p1: 1527758516224
none: 4096

1745396631
/dev/nvme3n1p1: 1527761068032
none: 4096

1745396632
/dev/nvme3n1p1: 1527764787200
none: 4096

1745396633
/dev/nvme3n1p1: 1527766908928
none: 4096

1745396634
/dev/nvme3n1p1: 1527774609408
none: 4096

1745396635
/dev/nvme3n1p1: 1527777665024
none: 4096

1745396636
/dev/nvme3n1p1: 1527778983936
none: 4096

1745396637
/dev/nvme3n1p1: 1527781879808
none: 4096

1745396638
/dev/nvme3n1p1: 1527787098112
none: 4096

1745396639
/dev/nvme3n1p1: 1527793852416
none: 4096

1745396640
/dev/nvme3n1p1: 1527800332288
none: 4096

1745396641
/dev/nvme3n1p1: 1527806525440
none: 4096

1745396642
/dev/nvme3n1p1: 1527816249344
none: 4096

1745396643
/dev/nvme3n1p1: 1527826935808
none: 4096

1745396644
/dev/nvme3n1p1: 1527836409856
none: 4096

1745396645
/dev/nvme3n1p1: 1527840890880
none: 4096

1745396646
/dev/nvme3n1p1: 1527842693120
none: 4096

1745396647
/dev/nvme3n1p1: 1527842697216
none: 4096

1745396648
/dev/nvme3n1p1: 1527842910208
none: 4096

1745396649
/dev/nvme3n1p1: 1527842910208
none: 4096

1745396650
/dev/nvme3n1p1: 1527846019072
none: 192512

1745396651
/dev/nvme3n1p1: 1527846023168
none: 192512

1745396652
/dev/nvme3n1p1: 1527846023168
none: 192512

1745396653
/dev/nvme3n1p1: 1527846023168
none: 192512

1745396654
/dev/nvme3n1p1: 1527946293248
none: 1380352

1745396655
/dev/nvme3n1p1: 1528143368192
none: 1380352

1745396656
/dev/nvme3n1p1: 1528353845248
none: 1380352

1745396657
/dev/nvme3n1p1: 1528617730048
none: 1380352

1745396659
/dev/nvme3n1p1: 1528633241600
none: 1380352

1745396660
/dev/nvme3n1p1: 1528633241600
none: 1380352

1745396661
/dev/nvme3n1p1: 1528633241600
none: 1380352

1745396662
/dev/nvme3n1p1: 1528633241600
none: 1380352

1745396663
/dev/nvme3n1p1: 1528633253888
none: 1380352

1745396664
/dev/nvme3n1p1: 1528633253888
none: 1380352

1745396665
/dev/nvme3n1p1: 1529109950464
none: 1380352

1745396666
/dev/nvme3n1p1: 1529109778432
none: 1191936

1745396667
/dev/nvme3n1p1: 1529109778432
none: 1191936

1745396668
/dev/nvme3n1p1: 1529109778432
none: 1191936

1745396669
/dev/nvme3n1p1: 1529109778432
none: 1191936

1745396670
/dev/nvme3n1p1: 1529109782528
none: 1191936

1745396671
/dev/nvme3n1p1: 1529109782528
none: 1191936

1745396672
/dev/nvme3n1p1: 1529109782528
none: 1191936

1745396673
/dev/nvme3n1p1: 1529109782528
none: 1191936

1745396674
/dev/nvme3n1p1: 1529109782528
none: 1191936

1745396675
/dev/nvme3n1p1: 1529109782528
none: 1191936

1745396676
/dev/nvme3n1p1: 1529109782528
none: 1191936

1745396677
/dev/nvme3n1p1: 1529109782528
none: 1191936

1745396678
/dev/nvme3n1p1: 1529109786624
none: 1191936

1745396679
/dev/nvme3n1p1: 1529109786624
none: 1191936

1745396680
/dev/nvme3n1p1: 1529109786624
none: 1191936

1745396681
/dev/nvme3n1p1: 1529109786624
none: 1191936

1745396682
/dev/nvme3n1p1: 1529109786624
none: 1191936

1745396683
/dev/nvme3n1p1: 1529109786624
none: 1191936

1745396684
/dev/nvme3n1p1: 1529109790720
none: 1191936

1745396685
/dev/nvme3n1p1: 1529109794816
none: 1191936

1745396686
/dev/nvme3n1p1: 1529109958656
none: 1191936

1745396687
/dev/nvme3n1p1: 1529110073344
none: 1191936

1745396688
/dev/nvme3n1p1: 1529110073344
none: 1191936

1745396689
/dev/nvme3n1p1: 1529110073344
none: 1191936

1745396690
/dev/nvme3n1p1: 1529110073344
none: 1191936

1745396691
/dev/nvme3n1p1: 1529110073344
none: 1191936

1745396692
/dev/nvme3n1p1: 1529110081536
none: 1191936

1745396693
/dev/nvme3n1p1: 1529110085632
none: 1191936

1745396694
/dev/nvme3n1p1: 1529110085632
none: 1191936

1745396695
/dev/nvme3n1p1: 1529110085632
none: 1191936

1745396696
/dev/nvme3n1p1: 1529110085632
none: 1191936

1745396697
/dev/nvme3n1p1: 1529110097920
none: 1191936

1745396698
/dev/nvme3n1p1: 1529110102016
none: 1191936

1745396699
/dev/nvme3n1p1: 1529110102016
none: 1191936

1745396700
/dev/nvme3n1p1: 1529110102016
none: 1191936

1745396701
/dev/nvme3n1p1: 1529110106112
none: 1191936

1745396702
/dev/nvme3n1p1: 1529110106112
none: 1191936

1745396703
/dev/nvme3n1p1: 1529110106112
none: 1191936

1745396704
/dev/nvme3n1p1: 1529110106112
none: 1191936

1745396705
/dev/nvme3n1p1: 1529110106112
none: 1191936

1745396706
/dev/nvme3n1p1: 1529110106112
none: 1191936

1745396707
/dev/nvme3n1p1: 1529110106112
none: 1191936

1745396708
/dev/nvme3n1p1: 1529110106112
none: 1191936

1745396709
/dev/nvme3n1p1: 1529110110208
none: 1191936

1745396710
/dev/nvme3n1p1: 1529110114304
none: 1191936

1745396711
/dev/nvme3n1p1: 1529110114304
none: 1191936

1745396712
/dev/nvme3n1p1: 1529110114304
none: 1191936

1745396713
/dev/nvme3n1p1: 1529110114304
none: 1191936

1745396714
/dev/nvme3n1p1: 1529110114304
none: 1191936

1745396715
/dev/nvme3n1p1: 1529110122496
none: 1191936

1745396716
/dev/nvme3n1p1: 1529110126592
none: 1191936

1745396717
/dev/nvme3n1p1: 1529110126592
none: 1191936

1745396718
/dev/nvme3n1p1: 1529110126592
none: 1191936

1745396719
/dev/nvme3n1p1: 1529110126592
none: 1191936

1745396720
/dev/nvme3n1p1: 1529110126592
none: 1191936

1745396721
/dev/nvme3n1p1: 1529110126592
none: 1191936

1745396722
/dev/nvme3n1p1: 1529110126592
none: 1191936

1745396723
/dev/nvme3n1p1: 1529110126592
none: 1191936

1745396724
/dev/nvme3n1p1: 1529110130688
none: 1191936

1745396725
/dev/nvme3n1p1: 1529110130688
none: 1191936

1745396726
/dev/nvme3n1p1: 1529110130688
none: 1191936

1745396727
/dev/nvme3n1p1: 1529110130688
none: 1191936

1745396728
/dev/nvme3n1p1: 1529110130688
none: 1191936

1745396729
/dev/nvme3n1p1: 1529110130688
none: 1191936

1745396730
/dev/nvme3n1p1: 1529110130688
none: 1191936

1745396731
/dev/nvme3n1p1: 1529110130688
none: 1191936

1745396732
/dev/nvme3n1p1: 1529110134784
none: 1191936

1745396733
/dev/nvme3n1p1: 1529110134784
none: 1191936

1745396734
/dev/nvme3n1p1: 1529110134784
none: 1191936

1745396735
/dev/nvme3n1p1: 1529110134784
none: 1191936

1745396736
/dev/nvme3n1p1: 1529110138880
none: 1191936

1745396737
/dev/nvme3n1p1: 1529110138880
none: 1191936

1745396738
/dev/nvme3n1p1: 1529110142976
none: 1191936

1745396739
/dev/nvme3n1p1: 1529110142976
none: 1191936

1745396740
/dev/nvme3n1p1: 1529110147072
none: 1191936

1745396741
/dev/nvme3n1p1: 1529110147072
none: 1191936

1745396742
/dev/nvme3n1p1: 1529118875648
none: 1191936

1745396743
/dev/nvme3n1p1: 1529118875648
none: 1191936

1745396744
/dev/nvme3n1p1: 1529133551616
none: 1191936

1745396745
/dev/nvme3n1p1: 1529145585664
none: 1191936

1745396746
/dev/nvme3n1p1: 1529189507072
none: 1191936

1745396747
/dev/nvme3n1p1: 1529252270080
none: 1191936

1745396748
/dev/nvme3n1p1: 1529315098624
none: 1191936

1745396749
/dev/nvme3n1p1: 1529374097408
none: 1191936

1745396750
/dev/nvme3n1p1: 1529437802496
none: 1191936

1745396751
/dev/nvme3n1p1: 1529508507648
none: 1191936

1745396752
/dev/nvme3n1p1: 1529572007936
none: 1191936

1745396753
/dev/nvme3n1p1: 1529647132672
none: 1191936

1745396754
/dev/nvme3n1p1: 1529704222720
none: 1191936

1745396755
/dev/nvme3n1p1: 1529795473408
none: 1191936

1745396756
/dev/nvme3n1p1: 1529854418944
none: 1191936

1745396757
/dev/nvme3n1p1: 1529934311424
none: 1191936

1745396758
/dev/nvme3n1p1: 1530000285696
none: 1191936

1745396759
/dev/nvme3n1p1: 1530070925312
none: 1191936

1745396760
/dev/nvme3n1p1: 1530149650432
none: 1191936

1745396761
/dev/nvme3n1p1: 1530276245504
none: 1191936

1745396762
/dev/nvme3n1p1: 1530336268288
none: 1191936

1745396763
/dev/nvme3n1p1: 1530410467328
none: 1191936

1745396764
/dev/nvme3n1p1: 1530497470464
none: 1191936

1745396765
/dev/nvme3n1p1: 1530575314944
none: 1191936

1745396766
/dev/nvme3n1p1: 1530652012544
none: 1191936

1745396767
/dev/nvme3n1p1: 1530771300352
none: 1191936

1745396768
/dev/nvme3n1p1: 1530858557440
none: 1191936

1745396769
/dev/nvme3n1p1: 1530956394496
none: 1191936

1745396770
/dev/nvme3n1p1: 1531026288640
none: 1191936

1745396771
/dev/nvme3n1p1: 1531129954304
none: 1191936

1745396772
/dev/nvme3n1p1: 1531229356032
none: 1191936

1745396773
/dev/nvme3n1p1: 1531342200832
none: 1191936

1745396774
/dev/nvme3n1p1: 1531445784576
none: 1191936

1745396775
/dev/nvme3n1p1: 1531557163008
none: 1191936

1745396776
/dev/nvme3n1p1: 1531684970496
none: 1191936

1745396777
/dev/nvme3n1p1: 1531780980736
none: 1191936

1745396778
/dev/nvme3n1p1: 1531890831360
none: 1191936

1745396779
/dev/nvme3n1p1: 1531977728000
none: 1191936

1745396780
/dev/nvme3n1p1: 1532060246016
none: 1191936

1745396781
/dev/nvme3n1p1: 1532142370816
none: 1191936

1745396782
/dev/nvme3n1p1: 1532244017152
none: 1191936

1745396783
/dev/nvme3n1p1: 1532346400768
none: 1191936

1745396784
/dev/nvme3n1p1: 1532456599552
none: 1191936

1745396785
/dev/nvme3n1p1: 1532530536448
none: 1191936

1745396786
/dev/nvme3n1p1: 1532635754496
none: 1191936

1745396787
/dev/nvme3n1p1: 1532754923520
none: 1191936

1745396788
/dev/nvme3n1p1: 1532831936512
none: 1191936

1745396789
/dev/nvme3n1p1: 1532933562368
none: 1191936

1745396790
/dev/nvme3n1p1: 1533036994560
none: 1191936

1745396791
/dev/nvme3n1p1: 1533166407680
none: 1191936

1745396792
/dev/nvme3n1p1: 1533361446912
none: 1191936

1745396793
/dev/nvme3n1p1: 1533427187712
none: 1191936

1745396794
/dev/nvme3n1p1: 1533510946816
none: 1191936

1745396795
/dev/nvme3n1p1: 1533594394624
none: 1191936

1745396796
/dev/nvme3n1p1: 1533678882816
none: 1191936

1745396797
/dev/nvme3n1p1: 1533763211264
none: 1191936

1745396798
/dev/nvme3n1p1: 1533849026560
none: 1191936

1745396799
/dev/nvme3n1p1: 1533936041984
none: 1191936

1745396800
/dev/nvme3n1p1: 1534017822720
none: 1191936

1745396801
/dev/nvme3n1p1: 1534107643904
none: 1191936

1745396802
/dev/nvme3n1p1: 1534197669888
none: 1191936

1745396803
/dev/nvme3n1p1: 1534276243456
none: 1191936

1745396804
/dev/nvme3n1p1: 1534369935360
none: 1191936

1745396805
/dev/nvme3n1p1: 1534447845376
none: 1191936

1745396806
/dev/nvme3n1p1: 1534531317760
none: 1191936

1745396807
/dev/nvme3n1p1: 1534615212032
none: 1191936

1745396808
/dev/nvme3n1p1: 1534705508352
none: 1191936

1745396809
/dev/nvme3n1p1: 1534787080192
none: 1191936

1745396810
/dev/nvme3n1p1: 1534870941696
none: 1191936

1745396811
/dev/nvme3n1p1: 1534967771136
none: 1191936

1745396812
/dev/nvme3n1p1: 1535049723904
none: 1191936

1745396813
/dev/nvme3n1p1: 1535126790144
none: 1191936

1745396814
/dev/nvme3n1p1: 1535221100544
none: 1191936

1745396815
/dev/nvme3n1p1: 1535300902912
none: 1191936

1745396816
/dev/nvme3n1p1: 1535401938944
none: 1191936

1745396817
/dev/nvme3n1p1: 1535494090752
none: 1191936

1745396818
/dev/nvme3n1p1: 1535593611264
none: 1191936

1745396819
/dev/nvme3n1p1: 1535692468224
none: 1191936

1745396820
/dev/nvme3n1p1: 1535789776896
none: 1191936

1745396821
/dev/nvme3n1p1: 1535876055040
none: 1191936

1745396822
/dev/nvme3n1p1: 1535972806656
none: 1191936

1745396823
/dev/nvme3n1p1: 1536065171456
none: 1191936

1745396824
/dev/nvme3n1p1: 1536156090368
none: 1191936

1745396825
/dev/nvme3n1p1: 1536251453440
none: 1191936

1745396826
/dev/nvme3n1p1: 1536345645056
none: 1191936

1745396827
/dev/nvme3n1p1: 1536456843264
none: 1191936

1745396828
/dev/nvme3n1p1: 1536536608768
none: 1191936

1745396829
/dev/nvme3n1p1: 1536630550528
none: 1191936

1745396830
/dev/nvme3n1p1: 1536714039296
none: 1191936

1745396831
/dev/nvme3n1p1: 1536824262656
none: 1191936

1745396832
/dev/nvme3n1p1: 1536914485248
none: 1191936

1745396833
/dev/nvme3n1p1: 1537010724864
none: 1191936

1745396834
/dev/nvme3n1p1: 1537111154688
none: 1191936

1745396835
/dev/nvme3n1p1: 1537205166080
none: 1191936

1745396836
/dev/nvme3n1p1: 1537294147584
none: 1191936

1745396837
/dev/nvme3n1p1: 1537385771008
none: 1191936

1745396838
/dev/nvme3n1p1: 1537475555328
none: 1191936

1745396839
/dev/nvme3n1p1: 1537566023680
none: 1191936

1745396840
/dev/nvme3n1p1: 1537663721472
none: 1191936

1745396841
/dev/nvme3n1p1: 1537757958144
none: 1191936

1745396842
/dev/nvme3n1p1: 1537853001728
none: 1191936

1745396843
/dev/nvme3n1p1: 1537950027776
none: 1191936

1745396844
/dev/nvme3n1p1: 1538046984192
none: 1191936

1745396845
/dev/nvme3n1p1: 1538148937728
none: 1191936

1745396846
/dev/nvme3n1p1: 1538240811008
none: 1191936

1745396847
/dev/nvme3n1p1: 1538331029504
none: 1191936

1745396848
/dev/nvme3n1p1: 1538429956096
none: 1191936

1745396849
/dev/nvme3n1p1: 1538524155904
none: 1191936

1745396850
/dev/nvme3n1p1: 1538618851328
none: 1191936

1745396851
/dev/nvme3n1p1: 1538712817664
none: 1191936

1745396852
/dev/nvme3n1p1: 1538810998784
none: 1191936

1745396853
/dev/nvme3n1p1: 1538905870336
none: 1191936

1745396854
/dev/nvme3n1p1: 1539001520128
none: 1191936

1745396855
/dev/nvme3n1p1: 1539104980992
none: 1191936

1745396856
/dev/nvme3n1p1: 1539196559360
none: 1191936

1745396857
/dev/nvme3n1p1: 1539300794368
none: 1191936

1745396858
/dev/nvme3n1p1: 1539392991232
none: 1191936

1745396859
/dev/nvme3n1p1: 1539493281792
none: 1191936

1745396860
/dev/nvme3n1p1: 1539598221312
none: 1191936

1745396861
/dev/nvme3n1p1: 1539687100416
none: 1191936

1745396862
/dev/nvme3n1p1: 1539786768384
none: 1191936

1745396863
/dev/nvme3n1p1: 1539876818944
none: 1191936

1745396864
/dev/nvme3n1p1: 1539975651328
none: 1191936

1745396865
/dev/nvme3n1p1: 1540077862912
none: 1191936

1745396866
/dev/nvme3n1p1: 1540169363456
none: 1191936

1745396867
/dev/nvme3n1p1: 1540265275392
none: 1191936

1745396868
/dev/nvme3n1p1: 1540364500992
none: 1191936

1745396869
/dev/nvme3n1p1: 1540451315712
none: 1191936

1745396870
/dev/nvme3n1p1: 1540546093056
none: 1191936

1745396871
/dev/nvme3n1p1: 1540638556160
none: 1191936

1745396872
/dev/nvme3n1p1: 1540738760704
none: 1191936

1745396873
/dev/nvme3n1p1: 1540835516416
none: 1191936

1745396874
/dev/nvme3n1p1: 1540933980160
none: 1191936

1745396875
/dev/nvme3n1p1: 1541027794944
none: 1191936

1745396876
/dev/nvme3n1p1: 1541120077824
none: 1191936

1745396877
/dev/nvme3n1p1: 1541229432832
none: 1191936

1745396878
/dev/nvme3n1p1: 1541329768448
none: 1191936

1745396879
/dev/nvme3n1p1: 1541427830784
none: 1191936

1745396880
/dev/nvme3n1p1: 1541524500480
none: 1191936

1745396881
/dev/nvme3n1p1: 1541623455744
none: 1191936

1745396882
/dev/nvme3n1p1: 1541720399872
none: 1191936

1745396883
/dev/nvme3n1p1: 1541815488512
none: 1191936

1745396884
/dev/nvme3n1p1: 1541913370624
none: 1191936

1745396885
/dev/nvme3n1p1: 1542020448256
none: 1191936

1745396886
/dev/nvme3n1p1: 1542122221568
none: 1191936

1745396887
/dev/nvme3n1p1: 1542224269312
none: 1191936

1745396888
/dev/nvme3n1p1: 1542328729600
none: 1191936

1745396889
/dev/nvme3n1p1: 1542428495872
none: 1191936

1745396890
/dev/nvme3n1p1: 1542527406080
none: 1191936

1745396891
/dev/nvme3n1p1: 1542624096256
none: 1191936

1745396892
/dev/nvme3n1p1: 1542728257536
none: 1191936

1745396893
/dev/nvme3n1p1: 1542831452160
none: 1191936

1745396894
/dev/nvme3n1p1: 1542932856832
none: 1191936

1745396895
/dev/nvme3n1p1: 1543040393216
none: 1191936

1745396896
/dev/nvme3n1p1: 1543145955328
none: 1191936

1745396897
/dev/nvme3n1p1: 1543257100288
none: 1191936

1745396898
/dev/nvme3n1p1: 1543363997696
none: 1191936

1745396899
/dev/nvme3n1p1: 1543465377792
none: 1191936

1745396900
/dev/nvme3n1p1: 1543565451264
none: 1191936

1745396901
/dev/nvme3n1p1: 1543670927360
none: 1191936

1745396902
/dev/nvme3n1p1: 1543781883904
none: 1191936

1745396903
/dev/nvme3n1p1: 1543881969664
none: 1191936

1745396904
/dev/nvme3n1p1: 1543982436352
none: 1191936

1745396905
/dev/nvme3n1p1: 1544095645696
none: 1191936

1745396906
/dev/nvme3n1p1: 1544192868352
none: 1191936

1745396907
/dev/nvme3n1p1: 1544299495424
none: 1191936

1745396908
/dev/nvme3n1p1: 1544410968064
none: 1191936

1745396909
/dev/nvme3n1p1: 1544510005248
none: 1191936

1745396910
/dev/nvme3n1p1: 1544610713600
none: 1191936

1745396911
/dev/nvme3n1p1: 1544704823296
none: 1191936

1745396912
/dev/nvme3n1p1: 1544801751040
none: 1191936

1745396913
/dev/nvme3n1p1: 1544890224640
none: 1191936

1745396914
/dev/nvme3n1p1: 1544984215552
none: 1191936

1745396915
/dev/nvme3n1p1: 1545073315840
none: 1191936

1745396916
/dev/nvme3n1p1: 1545163284480
none: 1191936

1745396917
/dev/nvme3n1p1: 1545253412864
none: 1191936

1745396918
/dev/nvme3n1p1: 1545349627904
none: 1191936

1745396919
/dev/nvme3n1p1: 1545423699968
none: 1191936

1745396920
/dev/nvme3n1p1: 1545505472512
none: 1191936

1745396921
/dev/nvme3n1p1: 1545584066560
none: 1191936

1745396922
/dev/nvme3n1p1: 1545657733120
none: 1191936

1745396923
/dev/nvme3n1p1: 1545727381504
none: 1191936

1745396924
/dev/nvme3n1p1: 1545802285056
none: 1191936

1745396925
/dev/nvme3n1p1: 1545870528512
none: 1191936

1745396926
/dev/nvme3n1p1: 1545936265216
none: 1191936

1745396927
/dev/nvme3n1p1: 1545999159296
none: 1191936

1745396928
/dev/nvme3n1p1: 1546062356480
none: 1191936

1745396929
/dev/nvme3n1p1: 1546127122432
none: 1191936

1745396930
/dev/nvme3n1p1: 1546185162752
none: 1191936

1745396931
/dev/nvme3n1p1: 1546242723840
none: 1191936

1745396932
/dev/nvme3n1p1: 1546299297792
none: 1191936

1745396933
/dev/nvme3n1p1: 1546354147328
none: 1191936

1745396934
/dev/nvme3n1p1: 1546408054784
none: 1191936

1745396935
/dev/nvme3n1p1: 1546461196288
none: 1191936

1745396936
/dev/nvme3n1p1: 1546510872576
none: 1191936

1745396937
/dev/nvme3n1p1: 1546559455232
none: 1191936

1745396938
/dev/nvme3n1p1: 1546609946624
none: 1191936

1745396939
/dev/nvme3n1p1: 1546662174720
none: 1191936

1745396940
/dev/nvme3n1p1: 1546706698240
none: 1191936

1745396941
/dev/nvme3n1p1: 1546748760064
none: 1191936

1745396942
/dev/nvme3n1p1: 1546794201088
none: 1191936

1745396943
/dev/nvme3n1p1: 1546837012480
none: 1191936

1745396944
/dev/nvme3n1p1: 1546879172608
none: 1191936

1745396945
/dev/nvme3n1p1: 1546917986304
none: 1191936

1745396946
/dev/nvme3n1p1: 1546957938688
none: 1191936

1745396947
/dev/nvme3n1p1: 1546999545856
none: 1191936

1745396948
/dev/nvme3n1p1: 1547037405184
none: 1191936

1745396949
/dev/nvme3n1p1: 1547076472832
none: 1191936

1745396950
/dev/nvme3n1p1: 1547114328064
none: 1191936

1745396951
/dev/nvme3n1p1: 1547152576512
none: 1191936

1745396952
/dev/nvme3n1p1: 1547188486144
none: 1191936

1745396953
/dev/nvme3n1p1: 1547221778432
none: 1191936

1745396954
/dev/nvme3n1p1: 1547255705600
none: 1191936

1745396955
/dev/nvme3n1p1: 1547287019520
none: 1191936

1745396956
/dev/nvme3n1p1: 1547319951360
none: 1191936

1745396957
/dev/nvme3n1p1: 1547351715840
none: 1191936

1745396958
/dev/nvme3n1p1: 1547380846592
none: 1191936

1745396959
/dev/nvme3n1p1: 1547409666048
none: 1191936

1745396960
/dev/nvme3n1p1: 1547438903296
none: 1191936

1745396961
/dev/nvme3n1p1: 1547468742656
none: 1191936

1745396962
/dev/nvme3n1p1: 1547499991040
none: 1191936

1745396963
/dev/nvme3n1p1: 1547524091904
none: 1191936

1745396964
/dev/nvme3n1p1: 1547547189248
none: 1191936

1745396965
/dev/nvme3n1p1: 1547570913280
none: 1191936

1745396966
/dev/nvme3n1p1: 1547594440704
none: 1191936

1745396967
/dev/nvme3n1p1: 1547616284672
none: 1191936

1745396968
/dev/nvme3n1p1: 1547636449280
none: 1191936

1745396969
/dev/nvme3n1p1: 1547656155136
none: 1191936

1745396970
/dev/nvme3n1p1: 1547677794304
none: 1191936

1745396971
/dev/nvme3n1p1: 1547696893952
none: 1191936

1745396972
/dev/nvme3n1p1: 1547713609728
none: 1191936

1745396973
/dev/nvme3n1p1: 1547731152896
none: 1191936

1745396974
/dev/nvme3n1p1: 1547748151296
none: 1191936

1745396975
/dev/nvme3n1p1: 1547764264960
none: 1191936

1745396976
/dev/nvme3n1p1: 1547778879488
none: 1191936

1745396977
/dev/nvme3n1p1: 1547792646144
none: 1191936

1745396978
/dev/nvme3n1p1: 1547805962240
none: 1191936

1745396979
/dev/nvme3n1p1: 1547818893312
none: 1191936

1745396980
/dev/nvme3n1p1: 1547829866496
none: 1191936

1745396981
/dev/nvme3n1p1: 1547838713856
none: 1191936

1745396982
/dev/nvme3n1p1: 1547844317184
none: 1191936

1745396983
/dev/nvme3n1p1: 1547848806400
none: 1191936

1745396984
/dev/nvme3n1p1: 1547852517376
none: 1191936

1745396985
/dev/nvme3n1p1: 1547855667200
none: 1191936

1745396986
/dev/nvme3n1p1: 1547858300928
none: 1191936

1745396987
/dev/nvme3n1p1: 1547860901888
none: 1191936

1745396988
/dev/nvme3n1p1: 1547863416832
none: 1191936

1745396989
/dev/nvme3n1p1: 1547865055232
none: 1191936

1745396990
/dev/nvme3n1p1: 1547865059328
none: 1191936

1745396991
/dev/nvme3n1p1: 1547865059328
none: 1191936

1745396992
/dev/nvme3n1p1: 1547865059328
none: 1191936

1745396993
/dev/nvme3n1p1: 1547865059328
none: 1191936

1745396994
/dev/nvme3n1p1: 1547902390272
none: 1191936

1745396995
/dev/nvme3n1p1: 1549988921344
none: 1191936

1745396996
/dev/nvme3n1p1: 1553000095744
none: 1191936

1745396997
/dev/nvme3n1p1: 1554565083136
none: 1191936

1745396998
/dev/nvme3n1p1: 1555061575680
none: 1191936

1745396999
/dev/nvme3n1p1: 1555061579776
none: 1191936

1745397000
/dev/nvme3n1p1: 1555061579776
none: 1191936

1745397001
/dev/nvme3n1p1: 1555061579776
none: 1191936

1745397002
/dev/nvme3n1p1: 1555060568064
none: 4096

1745397003
/dev/nvme3n1p1: 1555060604928
none: 4096

1745397004
/dev/nvme3n1p1: 1555744411648
none: 4096

1745397005
/dev/nvme3n1p1: 1557720260608
none: 4096

1745397006
/dev/nvme3n1p1: 1559755812864
none: 4096

1745397007
/dev/nvme3n1p1: 1561727696896
none: 4096

1745397008
/dev/nvme3n1p1: 1563049566208
none: 4096

1745397010
/dev/nvme3n1p1: 1563050434560
none: 4096

1745397011
/dev/nvme3n1p1: 1564464214016
none: 4096

1745397012
/dev/nvme3n1p1: 1566431039488
none: 4096

1745397013
/dev/nvme3n1p1: 1568502886400
none: 4096

1745397014
/dev/nvme3n1p1: 1571868811264
none: 4096

1745397015
/dev/nvme3n1p1: 1574426107904
none: 4096

1745397016
/dev/nvme3n1p1: 1575746392064
none: 4096

1745397017
/dev/nvme3n1p1: 1577128722432
none: 4096

1745397018
/dev/nvme3n1p1: 1578318692352
none: 4096

1745397019
/dev/nvme3n1p1: 1579320827904
none: 4096

1745397020
/dev/nvme3n1p1: 1579465986048
none: 4096

1745397021
/dev/nvme3n1p1: 1579657035776
none: 4096

1745397022
/dev/nvme3n1p1: 1579657048064
none: 4096

1745397023
/dev/nvme3n1p1: 1579657068544
none: 4096

1745397024
/dev/nvme3n1p1: 1579186069504
none: 4096

1745397025
/dev/nvme3n1p1: 1580538122240
none: 4096

1745397026
/dev/nvme3n1p1: 1581854244864
none: 4096

1745397027
/dev/nvme3n1p1: 1583029493760
none: 4096

1745397028
/dev/nvme3n1p1: 1584068009984
none: 4096

1745397029
/dev/nvme3n1p1: 1585041547264
none: 4096

1745397030
/dev/nvme3n1p1: 1585641578496
none: 4096

1745397031
/dev/nvme3n1p1: 1585862397952
none: 4096

1745397032
/dev/nvme3n1p1: 1586119901184
none: 4096

1745397033
/dev/nvme3n1p1: 1586119909376
none: 4096

1745397034
/dev/nvme3n1p1: 1586141609984
none: 4096

1745397035
/dev/nvme3n1p1: 1586141618176
none: 4096

1745397036
/dev/nvme3n1p1: 1586141618176
none: 4096

1745397037
/dev/nvme3n1p1: 1578945097728
none: 4096

1745397038
/dev/nvme3n1p1: 1579067412480
none: 4096

1745397039
/dev/nvme3n1p1: 1579067416576
none: 4096

1745397040
/dev/nvme3n1p1: 1579067437056
none: 4096

1745397041
/dev/nvme3n1p1: 1579067568128
none: 4096

1745397042
/dev/nvme3n1p1: 1581270978560
none: 4096

1745397043
/dev/nvme3n1p1: 1583210377216
none: 4096

1745397044
/dev/nvme3n1p1: 1584224092160
none: 4096

1745397045
/dev/nvme3n1p1: 1584984829952
none: 4096

1745397046
/dev/nvme3n1p1: 1585521782784
none: 4096

1745397047
/dev/nvme3n1p1: 1585528909824
none: 4096

1745397048
/dev/nvme3n1p1: 1585957122048
none: 4096

1745397049
/dev/nvme3n1p1: 1586263781376
none: 4096

1745397050
/dev/nvme3n1p1: 1586263789568
none: 4096

1745397051
/dev/nvme3n1p1: 1586263793664
none: 4096

1745397052
/dev/nvme3n1p1: 1586263793664
none: 4096

1745397053
/dev/nvme3n1p1: 1586263797760
none: 4096

1745397054
/dev/nvme3n1p1: 1586263801856
none: 4096

1745397055
/dev/nvme3n1p1: 1586263810048
none: 4096

1745397056
/dev/nvme3n1p1: 1586263814144
none: 4096

1745397057
/dev/nvme3n1p1: 1586263826432
none: 4096

1745397058
/dev/nvme3n1p1: 1586263830528
none: 4096

1745397059
/dev/nvme3n1p1: 1586263834624
none: 4096

1745397060
/dev/nvme3n1p1: 1586263838720
none: 4096

1745397061
/dev/nvme3n1p1: 1586263842816
none: 4096

1745397062
/dev/nvme3n1p1: 1586263846912
none: 4096

1745397063
/dev/nvme3n1p1: 1586263855104
none: 4096

1745397064
/dev/nvme3n1p1: 1586263859200
none: 4096

1745397065
/dev/nvme3n1p1: 1586263863296
none: 4096

1745397066
/dev/nvme3n1p1: 1586263867392
none: 4096

1745397067
/dev/nvme3n1p1: 1586263875584
none: 4096

1745397068
/dev/nvme3n1p1: 1586263879680
none: 4096

1745397069
/dev/nvme3n1p1: 1586263883776
none: 4096

1745397070
/dev/nvme3n1p1: 1586263883776
none: 4096

1745397071
/dev/nvme3n1p1: 1586263891968
none: 4096

1745397072
/dev/nvme3n1p1: 1586263896064
none: 4096

1745397073
/dev/nvme3n1p1: 1586263904256
none: 4096

1745397074
/dev/nvme3n1p1: 1586263908352
none: 4096

1745397075
/dev/nvme3n1p1: 1586263912448
none: 4096

1745397076
/dev/nvme3n1p1: 1586263916544
none: 4096

1745397077
/dev/nvme3n1p1: 1586263920640
none: 4096

1745397078
/dev/nvme3n1p1: 1586263924736
none: 4096

1745397079
/dev/nvme3n1p1: 1586263937024
none: 4096

1745397080
/dev/nvme3n1p1: 1586263937024
none: 4096

1745397081
/dev/nvme3n1p1: 1586263945216
none: 4096

1745397082
/dev/nvme3n1p1: 1586263945216
none: 4096

1745397083
/dev/nvme3n1p1: 1586263953408
none: 4096

1745397084
/dev/nvme3n1p1: 1586263957504
none: 4096

1745397085
/dev/nvme3n1p1: 1586263961600
none: 4096

1745397086
/dev/nvme3n1p1: 1586263965696
none: 4096

1745397087
/dev/nvme3n1p1: 1579058970624
none: 4096

1745397088
/dev/nvme3n1p1: 1578638249984
none: 4096

1745397089
/dev/nvme3n1p1: 1578638258176
none: 4096

1745397090
/dev/nvme3n1p1: 1578638262272
none: 4096

1745397091
/dev/nvme3n1p1: 1571442192384
none: 4096

1745397092
/dev/nvme3n1p1: 1571442192384
none: 4096

1745397093
/dev/nvme3n1p1: 1571442204672
none: 4096

1745397094
/dev/nvme3n1p1: 1571442397184
none: 4096

1745397095
/dev/nvme3n1p1: 1571442405376
none: 4096

1745397096
/dev/nvme3n1p1: 1571442413568
none: 4096

1745397097
/dev/nvme3n1p1: 1571442413568
none: 4096

1745397098
/dev/nvme3n1p1: 1571442417664
none: 4096

1745397099
/dev/nvme3n1p1: 1571442421760
none: 4096

1745397100
/dev/nvme3n1p1: 1571442421760
none: 4096

1745397101
/dev/nvme3n1p1: 1571442425856
none: 4096

1745397102
/dev/nvme3n1p1: 1571442429952
none: 4096

1745397103
/dev/nvme3n1p1: 1571442438144
none: 4096

1745397104
/dev/nvme3n1p1: 1571442466816
none: 4096

1745397105
/dev/nvme3n1p1: 1571442483200
none: 4096

1745397106
/dev/nvme3n1p1: 1571442487296
none: 4096

1745397107
/dev/nvme3n1p1: 1571442487296
none: 4096

1745397108
/dev/nvme3n1p1: 1571442491392
none: 4096

1745397109
/dev/nvme3n1p1: 1571442495488
none: 4096

1745397110
/dev/nvme3n1p1: 1571442495488
none: 4096

1745397111
/dev/nvme3n1p1: 1571442499584
none: 4096

1745397112
/dev/nvme3n1p1: 1571442499584
none: 4096

1745397113
/dev/nvme3n1p1: 1571442499584
none: 4096

1745397114
/dev/nvme3n1p1: 1571590373376
none: 4096

1745397115
/dev/nvme3n1p1: 1572007505920
none: 4096

1745397116
/dev/nvme3n1p1: 1572448137216
none: 4096

1745397117
/dev/nvme3n1p1: 1572869017600
none: 4096

1745397118
/dev/nvme3n1p1: 1573323046912
none: 4096

1745397119
/dev/nvme3n1p1: 1573655523328
none: 4096

1745397120
/dev/nvme3n1p1: 1573946998784
none: 4096

1745397121
/dev/nvme3n1p1: 1574065860608
none: 4096

1745397122
/dev/nvme3n1p1: 1574065864704
none: 4096

1745397123
/dev/nvme3n1p1: 1574065868800
none: 4096

1745397124
/dev/nvme3n1p1: 1574065876992
none: 4096

1745397125
/dev/nvme3n1p1: 1574065881088
none: 4096

1745397126
/dev/nvme3n1p1: 1574065885184
none: 4096

1745397127
/dev/nvme3n1p1: 1574065889280
none: 4096

1745397128
/dev/nvme3n1p1: 1574066110464
none: 4096

1745397129
/dev/nvme3n1p1: 1574066397184
none: 4096

1745397131
/dev/nvme3n1p1: 1574066745344
none: 4096

1745397132
/dev/nvme3n1p1: 1574066860032
none: 4096

1745397133
/dev/nvme3n1p1: 1574066868224
none: 4096

1745397134
/dev/nvme3n1p1: 1574066868224
none: 4096

1745397135
/dev/nvme3n1p1: 1574066868224
none: 4096

1745397136
/dev/nvme3n1p1: 1574066999296
none: 4096

1745397137
/dev/nvme3n1p1: 1574067253248
none: 4096

1745397139
/dev/nvme3n1p1: 1574067650560
none: 4096

1745397140
/dev/nvme3n1p1: 1574067650560
none: 4096

1745397141
/dev/nvme3n1p1: 1574067654656
none: 4096

1745397142
/dev/nvme3n1p1: 1574067662848
none: 4096

1745397143
/dev/nvme3n1p1: 1574067662848
none: 4096

1745397144
/dev/nvme3n1p1: 1574067662848
none: 4096

1745397145
/dev/nvme3n1p1: 1574067666944
none: 4096

1745397146
/dev/nvme3n1p1: 1574067666944
none: 4096

1745397147
/dev/nvme3n1p1: 1574067671040
none: 4096

1745397148
/dev/nvme3n1p1: 1574067671040
none: 4096

1745397149
/dev/nvme3n1p1: 1574067675136
none: 4096

1745397150
/dev/nvme3n1p1: 1574067675136
none: 4096

1745397151
/dev/nvme3n1p1: 1574067675136
none: 4096

1745397152
/dev/nvme3n1p1: 1574067675136
none: 4096

1745397153
/dev/nvme3n1p1: 1574067675136
none: 4096

1745397154
/dev/nvme3n1p1: 1574067675136
none: 4096

1745397155
/dev/nvme3n1p1: 1574067675136
none: 4096

1745397156
/dev/nvme3n1p1: 1574067675136
none: 4096

1745397157
/dev/nvme3n1p1: 1574079844352
none: 4096

1745397158
/dev/nvme3n1p1: 1574293155840
none: 4096

1745397159
/dev/nvme3n1p1: 1574385819648
none: 4096

1745397160
/dev/nvme3n1p1: 1574504071168
none: 4096

1745397161
/dev/nvme3n1p1: 1574615310336
none: 4096

1745397162
/dev/nvme3n1p1: 1574729998336
none: 4096

1745397163
/dev/nvme3n1p1: 1574859448320
none: 4096

1745397164
/dev/nvme3n1p1: 1574988165120
none: 4096

1745397165
/dev/nvme3n1p1: 1575118610432
none: 4096

1745397166
/dev/nvme3n1p1: 1575252602880
none: 4096

1745397167
/dev/nvme3n1p1: 1575381794816
none: 4096

1745397168
/dev/nvme3n1p1: 1575511244800
none: 4096

1745397169
/dev/nvme3n1p1: 1575641456640
none: 4096

1745397170
/dev/nvme3n1p1: 1575771987968
none: 4096

1745397171
/dev/nvme3n1p1: 1575894986752
none: 4096

1745397172
/dev/nvme3n1p1: 1576023080960
none: 4096

1745397173
/dev/nvme3n1p1: 1576154963968
none: 4096

1745397174
/dev/nvme3n1p1: 1576239218688
none: 4096

1745397175
/dev/nvme3n1p1: 1576313139200
none: 4096

1745397176
/dev/nvme3n1p1: 1576353943552
none: 4096

1745397177
/dev/nvme3n1p1: 1576394825728
none: 4096

1745397178
/dev/nvme3n1p1: 1576435855360
none: 4096

1745397179
/dev/nvme3n1p1: 1576476278784
none: 4096

1745397180
/dev/nvme3n1p1: 1576587681792
none: 4096

1745397181
/dev/nvme3n1p1: 1576662466560
none: 4096

1745397182
/dev/nvme3n1p1: 1576719708160
none: 4096

1745397183
/dev/nvme3n1p1: 1576771780608
none: 4096

1745397184
/dev/nvme3n1p1: 1576835063808
none: 4096

1745397185
/dev/nvme3n1p1: 1576835063808
none: 4096

1745397186
/dev/nvme3n1p1: 1576835063808
none: 4096

1745397187
/dev/nvme3n1p1: 1576835063808
none: 4096

1745397188
/dev/nvme3n1p1: 1576835072000
none: 4096

1745397189
/dev/nvme3n1p1: 1576835072000
none: 4096

1745397190
/dev/nvme3n1p1: 1576835072000
none: 4096

1745397191
/dev/nvme3n1p1: 1576835072000
none: 4096

1745397192
/dev/nvme3n1p1: 1576835072000
none: 4096

1745397193
/dev/nvme3n1p1: 1576835072000
none: 4096

1745397194
/dev/nvme3n1p1: 1576835072000
none: 4096

1745397195
/dev/nvme3n1p1: 1576835072000
none: 4096

1745397196
/dev/nvme3n1p1: 1576835104768
none: 4096

1745397197
/dev/nvme3n1p1: 1576835104768
none: 4096

1745397198
/dev/nvme3n1p1: 1576835108864
none: 4096

1745397199
/dev/nvme3n1p1: 1576835108864
none: 4096

1745397200
/dev/nvme3n1p1: 1577896173568
none: 4096

1745397201
/dev/nvme3n1p1: 1579596316672
none: 4096

1745397202
/dev/nvme3n1p1: 1579596406784
none: 4096

1745397204
/dev/nvme3n1p1: 1578018508800
none: 4096

1745397205
/dev/nvme3n1p1: 1575731384320
none: 4096

1745397206
/dev/nvme3n1p1: 1570502975488
none: 4096

1745397207
/dev/nvme3n1p1: 1565587468288
none: 4096

1745397208
/dev/nvme3n1p1: 1560628596736
none: 4096

1745397209
/dev/nvme3n1p1: 1555916341248
none: 4096

1745397210
/dev/nvme3n1p1: 1550347649024
none: 4096

1745397211
/dev/nvme3n1p1: 1542461976576
none: 4096

1745397212
/dev/nvme3n1p1: 1536706134016
none: 4096

1745397213
/dev/nvme3n1p1: 1531163353088
none: 4096

1745397214
/dev/nvme3n1p1: 1525521235968
none: 4096

1745397215
/dev/nvme3n1p1: 1518707785728
none: 4096

1745397216
/dev/nvme3n1p1: 1512480862208
none: 4096

1745397217
/dev/nvme3n1p1: 1510228664320
none: 4096

1745397218
/dev/nvme3n1p1: 1509657522176
none: 4096

1745397219
/dev/nvme3n1p1: 1508231876608
none: 4096

1745397220
/dev/nvme3n1p1: 1507113144320
none: 4096

1745397221
/dev/nvme3n1p1: 1506923511808
none: 4096

1745397222
/dev/nvme3n1p1: 1505894785024
none: 4096

1745397223
/dev/nvme3n1p1: 1505178476544
none: 4096

1745397224
/dev/nvme3n1p1: 1503541231616
none: 4096

1745397225
/dev/nvme3n1p1: 1499937972224
none: 4096

1745397226
/dev/nvme3n1p1: 1498294059008
none: 4096

1745397227
/dev/nvme3n1p1: 1497783357440
none: 4096

1745397228
/dev/nvme3n1p1: 1496575438848
none: 4096

1745397229
/dev/nvme3n1p1: 1494928097280
none: 4096

1745397230
/dev/nvme3n1p1: 1494137114624
none: 4096

1745397231
/dev/nvme3n1p1: 1493585268736
none: 4096

1745397232
/dev/nvme3n1p1: 1492175769600
none: 4096

1745397233
/dev/nvme3n1p1: 1490194190336
none: 4096

1745397234
/dev/nvme3n1p1: 1489214844928
none: 4096

1745397235
/dev/nvme3n1p1: 1488637849600
none: 8192

1745397236
/dev/nvme3n1p1: 1487281659904
none: 16384

1745397237
/dev/nvme3n1p1: 1487281795072
none: 24576

1745397238
/dev/nvme3n1p1: 1479036612608
none: 32768

1745397239
/dev/nvme3n1p1: 1471621447680
none: 40960

1745397240
/dev/nvme3n1p1: 1471618547712
none: 49152

1745397241
/dev/nvme3n1p1: 1471646842880
none: 61440

1745397242
/dev/nvme3n1p1: 1471687483392
none: 86016

1745397243
/dev/nvme3n1p1: 1471778680832
none: 98304

1745397244
/dev/nvme3n1p1: 1471840624640
none: 114688

1745397245
/dev/nvme3n1p1: 1471874859008
none: 118784

1745397246
/dev/nvme3n1p1: 1471912394752
none: 131072

1745397247
/dev/nvme3n1p1: 1471984144384
none: 147456

1745397248
/dev/nvme3n1p1: 1472016838656
none: 159744

1745397249
/dev/nvme3n1p1: 1472030777344
none: 180224

1745397250
/dev/nvme3n1p1: 1472035414016
none: 200704

1745397251
/dev/nvme3n1p1: 1472035909632
none: 212992

1745397252
/dev/nvme3n1p1: 1472134815744
none: 188416

1745397253
/dev/nvme3n1p1: 1472314175488
none: 192512

1745397254
/dev/nvme3n1p1: 1472514600960
none: 192512

1745397255
/dev/nvme3n1p1: 1472698560512
none: 192512

1745397256
/dev/nvme3n1p1: 1472870883328
none: 196608

1745397257
/dev/nvme3n1p1: 1473009639424
none: 208896

1745397258
/dev/nvme3n1p1: 1473054392320
none: 217088

1745397259
/dev/nvme3n1p1: 1473013862400
none: 32768

1745397260
/dev/nvme3n1p1: 1473012371456
none: 4096

1745397261
/dev/nvme3n1p1: 1473012383744
none: 4096

1745397262
/dev/nvme3n1p1: 1473012383744
none: 4096

1745397263
/dev/nvme3n1p1: 1473012482048
none: 4096

1745397264
/dev/nvme3n1p1: 1473012596736
none: 4096

1745397265
/dev/nvme3n1p1: 1473012998144
none: 4096

1745397266
/dev/nvme3n1p1: 1473013063680
none: 4096

1745397268
/dev/nvme3n1p1: 1473015287808
none: 4096

1745397269
/dev/nvme3n1p1: 1473015353344
none: 4096

1745397271
/dev/nvme3n1p1: 1473015410688
none: 4096

1745397272
/dev/nvme3n1p1: 1473014915072
none: 4096

1745397273
/dev/nvme3n1p1: 1473014915072
none: 4096

1745397274
/dev/nvme3n1p1: 1473014947840
none: 4096

1745397275
/dev/nvme3n1p1: 1473014947840
none: 4096

1745397276
/dev/nvme3n1p1: 1473014951936
none: 4096

1745397277
/dev/nvme3n1p1: 1473014956032
none: 4096

1745397278
/dev/nvme3n1p1: 1473014956032
none: 4096

1745397279
/dev/nvme3n1p1: 1473015017472
none: 4096

1745397280
/dev/nvme3n1p1: 1473015017472
none: 4096

1745397281
/dev/nvme3n1p1: 1473015017472
none: 4096

1745397282
/dev/nvme3n1p1: 1473015017472
none: 4096

1745397283
/dev/nvme3n1p1: 1473015017472
none: 4096

1745397284
/dev/nvme3n1p1: 1473015017472
none: 4096

1745397285
/dev/nvme3n1p1: 1473015078912
none: 4096

1745397286
/dev/nvme3n1p1: 1473016729600
none: 4096

1745397287
/dev/nvme3n1p1: 1473017147392
none: 4096

1745397288
/dev/nvme3n1p1: 1473017221120
none: 4096

1745397290
/dev/nvme3n1p1: 1473017286656
none: 4096

1745397291
/dev/nvme3n1p1: 1473017327616
none: 4096

1745397292
/dev/nvme3n1p1: 1473017331712
none: 4096

1745397293
/dev/nvme3n1p1: 1473017331712
none: 4096

1745397294
/dev/nvme3n1p1: 1473017331712
none: 4096

1745397295
/dev/nvme3n1p1: 1473017331712
none: 4096

1745397296
/dev/nvme3n1p1: 1473017331712
none: 4096

1745397297
/dev/nvme3n1p1: 1473017331712
none: 4096

1745397298
/dev/nvme3n1p1: 1473017331712
none: 4096

1745397299
/dev/nvme3n1p1: 1473017335808
none: 4096

1745397300
/dev/nvme3n1p1: 1473017335808
none: 4096

1745397301
/dev/nvme3n1p1: 1473017339904
none: 4096

1745397302
/dev/nvme3n1p1: 1473017339904
none: 4096

1745397303
/dev/nvme3n1p1: 1473017380864
none: 4096

1745397304
/dev/nvme3n1p1: 1473946869760
none: 4096

1745397305
/dev/nvme3n1p1: 1474627239936
none: 4096

1745397306
/dev/nvme3n1p1: 1475040215040
none: 4096

1745397307
/dev/nvme3n1p1: 1475617456128
none: 4096

1745397310
/dev/nvme3n1p1: 1474936958976
none: 4096

1745397311
/dev/nvme3n1p1: 1474937004032
none: 4096

1745397312
/dev/nvme3n1p1: 1474937004032
none: 4096

1745397313
/dev/nvme3n1p1: 1474937004032
none: 4096

1745397314
/dev/nvme3n1p1: 1474937004032
none: 4096

1745397315
/dev/nvme3n1p1: 1474937004032
none: 4096

1745397316
/dev/nvme3n1p1: 1474937004032
none: 4096

1745397317
/dev/nvme3n1p1: 1474937004032
none: 4096

1745397318
/dev/nvme3n1p1: 1474937004032
none: 4096

1745397319
/dev/nvme3n1p1: 1474937008128
none: 4096

1745397320
/dev/nvme3n1p1: 1474937008128
none: 4096

1745397321
/dev/nvme3n1p1: 1474937008128
none: 4096

1745397322
/dev/nvme3n1p1: 1474937016320
none: 4096

1745397323
/dev/nvme3n1p1: 1474938101760
none: 4096

1745397324
/dev/nvme3n1p1: 1473587011584
none: 4096

1745397325
/dev/nvme3n1p1: 1473532850176
none: 4096

1745397327
/dev/nvme3n1p1: 1473532981248
none: 4096

1745397328
/dev/nvme3n1p1: 1473532981248
none: 4096

1745397329
/dev/nvme3n1p1: 1473533050880
none: 4096

1745397331
/dev/nvme3n1p1: 1473533083648
none: 4096

1745397332
/dev/nvme3n1p1: 1473533083648
none: 4096

1745397333
/dev/nvme3n1p1: 1473533087744
none: 4096

1745397334
/dev/nvme3n1p1: 1473533087744
none: 4096

1745397335
/dev/nvme3n1p1: 1473533100032
none: 4096

1745397336
/dev/nvme3n1p1: 1473533116416
none: 4096

1745397337
/dev/nvme3n1p1: 1473533132800
none: 4096

1745397338
/dev/nvme3n1p1: 1473533161472
none: 4096

1745397339
/dev/nvme3n1p1: 1473533181952
none: 4096

1745397340
/dev/nvme3n1p1: 1473533210624
none: 4096

1745397341
/dev/nvme3n1p1: 1473533222912
none: 4096

1745397342
/dev/nvme3n1p1: 1473533235200
none: 4096

1745397343
/dev/nvme3n1p1: 1473533247488
none: 4096

1745397344
/dev/nvme3n1p1: 1473533267968
none: 4096

1745397345
/dev/nvme3n1p1: 1473533292544
none: 4096

1745397346
/dev/nvme3n1p1: 1473533321216
none: 4096

1745397347
/dev/nvme3n1p1: 1473533345792
none: 4096

1745397348
/dev/nvme3n1p1: 1473533370368
none: 4096

1745397349
/dev/nvme3n1p1: 1473533378560
none: 4096

1745397350
/dev/nvme3n1p1: 1473533403136
none: 4096

1745397351
/dev/nvme3n1p1: 1473533423616
none: 4096

1745397352
/dev/nvme3n1p1: 1473533440000
none: 4096

1745397353
/dev/nvme3n1p1: 1473533440000
none: 4096

1745397354
/dev/nvme3n1p1: 1473533444096
none: 4096

1745397355
/dev/nvme3n1p1: 1473533444096
none: 4096

1745397356
/dev/nvme3n1p1: 1473533444096
none: 4096

1745397357
/dev/nvme3n1p1: 1473533444096
none: 4096

1745397358
/dev/nvme3n1p1: 1473533444096
none: 4096

1745397359
/dev/nvme3n1p1: 1473533444096
none: 4096

1745397360
/dev/nvme3n1p1: 1473533444096
none: 4096

1745397361
/dev/nvme3n1p1: 1473533444096
none: 4096

1745397362
/dev/nvme3n1p1: 1473533448192
none: 4096

1745397363
/dev/nvme3n1p1: 1473533620224
none: 4096

1745397364
/dev/nvme3n1p1: 1473533620224
none: 4096

1745397365
/dev/nvme3n1p1: 1473533620224
none: 4096

1745397366
/dev/nvme3n1p1: 1473533620224
none: 4096

1745397367
/dev/nvme3n1p1: 1473533620224
none: 4096

1745397368
/dev/nvme3n1p1: 1473533620224
none: 4096

1745397369
/dev/nvme3n1p1: 1473533624320
none: 4096

1745397370
/dev/nvme3n1p1: 1473533624320
none: 4096

1745397371
/dev/nvme3n1p1: 1473533624320
none: 4096

1745397372
/dev/nvme3n1p1: 1473533624320
none: 4096

1745397373
/dev/nvme3n1p1: 1473533624320
none: 4096

1745397374
/dev/nvme3n1p1: 1473534701568
none: 4096

1745397375
/dev/nvme3n1p1: 1473538412544
none: 4096

1745397376
/dev/nvme3n1p1: 1473540988928
none: 4096

1745397377
/dev/nvme3n1p1: 1473543712768
none: 4096

1745397378
/dev/nvme3n1p1: 1473546297344
none: 4096

1745397379
/dev/nvme3n1p1: 1473550389248
none: 4096

1745397380
/dev/nvme3n1p1: 1473552359424
none: 4096

