1745531783
0.0 0.04 0.02 3529

1745531784
0.0 0.04 0.02 1911

1745531785
0.0 0.04 0.02 2115

1745531786
0.0 0.04 0.02 2673

1745531787
0.0 0.04 0.02 2276

1745531788
0.0 0.04 0.02 2743

1745531789
0.0 0.03 0.01 3468

1745531790
0.0 0.03 0.01 2539

1745531791
0.0 0.03 0.01 2594

1745531792
0.0 0.03 0.01 2462

1745531793
0.0 0.03 0.01 2483

1745531794
0.0 0.03 0.01 3774

1745531795
0.0 0.03 0.01 2463

1745531796
0.0 0.03 0.01 3241

1745531797
0.0 0.03 0.01 2222

1745531798
0.0 0.03 0.01 3023

1745531799
0.0 0.03 0.01 3033

1745531800
0.0 0.03 0.01 11163

1745531801
0.0 0.03 0.01 15816

1745531802
0.0 0.03 0.01 3582

1745531803
0.0 0.02 0.01 2514

1745531804
0.0 0.02 0.01 2988

1745531805
0.0 0.02 0.01 2180

1745531806
0.0 0.02 0.01 2715

1745531807
0.0 0.02 0.01 2792

1745531808
0.0 0.02 0.01 3099

1745531809
0.0 0.02 0.01 2361

1745531810
0.0 0.02 0.01 3200

1745531811
0.0 0.02 0.01 1862

1745531812
0.0 0.02 0.01 3869

1745531813
0.0 0.02 0.01 1911

1745531814
0.0 0.02 0.01 2973

1745531815
0.0 0.02 0.01 4400

1745531816
0.0 0.02 0.01 3548

1745531817
0.0 0.02 0.01 2408

1745531819
0.0 0.02 0.01 2238

1745531820
0.0 0.02 0.01 2965

1745531821
0.0 0.02 0.01 2912

1745531822
0.0 0.02 0.01 2729

1745531823
0.0 0.01 0.01 2559

1745531824
0.0 0.01 0.01 7208

1745531825
0.0 0.01 0.01 2928

1745531826
0.0 0.01 0.01 3657

1745531827
0.0 0.01 0.01 3168

1745531828
0.0 0.01 0.01 3031

1745531829
0.0 0.01 0.0 2706

1745531830
0.0 0.01 0.0 2694

1745531831
0.0 0.01 0.0 3019

1745531832
0.0 0.01 0.0 2584

1745531833
0.0 0.01 0.0 3523

1745531834
0.0 0.01 0.0 3582

1745531835
0.0 0.01 0.0 2041

1745531836
0.0 0.01 0.0 2878

1745531837
0.0 0.01 0.0 3668

1745531838
0.0 0.01 0.0 2817

1745531839
0.0 0.01 0.0 2891

1745531840
0.0 0.01 0.0 2295

1745531841
0.0 0.01 0.0 2861

1745531842
0.0 0.01 0.0 2754

1745531843
0.0 0.01 0.0 3383

1745531844
0.0 0.01 0.0 2174

1745531845
0.0 0.01 0.0 2205

1745531846
0.0 0.01 0.0 1380

1745531847
0.0 0.01 0.0 2747

1745531848
0.0 0.01 0.0 1338

1745531850
0.0 0.01 0.0 2603

1745531851
0.0 0.01 0.0 2946

1745531852
0.0 0.01 0.0 3630

1745531853
0.0 0.0 0.0 3667

1745531854
0.0 0.0 0.0 4086

1745531855
0.0 0.0 0.0 3781

1745531856
0.0 0.0 0.0 1569

1745531857
0.0 0.0 0.0 2888

1745531858
0.0 0.0 0.0 2170

1745531859
0.0 0.0 0.0 1969

1745531860
0.0 0.0 0.0 2682

1745531861
0.0 0.0 0.0 1558

1745531862
0.0 0.0 0.0 2494

1745531863
0.0 0.0 0.0 2267

1745531864
0.0 0.0 0.0 1537

1745531865
0.0 0.0 0.0 5344

1745531866
0.0 0.0 0.0 2637

1745531867
0.0 0.0 0.0 4048

1745531868
0.0 0.0 0.0 3659

1745531869
0.0 0.0 0.0 6952

1745531870
0.0 0.0 0.0 7794

1745531871
0.0 0.0 0.0 9514

1745531872
0.0 0.0 0.0 7022

1745531873
0.18 0.03 0.0 44541

1745531874
0.18 0.03 0.0 7248

1745531875
0.51 0.1 0.02 9629

1745531876
0.51 0.1 0.02 4877

1745531877
0.41 0.09 0.02 4127

1745531878
0.41 0.09 0.02 20870

1745531879
0.52 0.12 0.02 4647

1745531880
0.52 0.12 0.02 4575

1745531881
0.42 0.12 0.02 4608

1745531882
0.42 0.12 0.02 4246

1745531883
0.35 0.12 0.02 17772

1745531885
0.83 0.21 0.04 50587

1745531886
0.83 0.21 0.04 31866

1745531887
1.04 0.27 0.06 15868

1745531888
1.04 0.27 0.06 16560

1745531889
1.03 0.29 0.06 6292

1745531890
1.03 0.29 0.06 4365

1745531891
0.84 0.28 0.06 7988

1745531892
0.84 0.28 0.06 3878

1745531893
0.69 0.27 0.06 18167

1745531894
0.69 0.27 0.06 8509

1745531895
0.56 0.26 0.06 3216

1745531896
0.56 0.26 0.06 3881

1745531897
0.46 0.25 0.06 5743

1745531898
0.46 0.25 0.06 4486

1745531899
0.37 0.25 0.06 5598

1745531900
0.37 0.25 0.06 5692

1745531901
0.31 0.24 0.06 5489

1745531902
0.31 0.24 0.06 60428

1745531903
0.79 0.33 0.08 9665

1745531904
0.79 0.33 0.08 3458

1745531905
0.65 0.32 0.08 4433

1745531906
0.65 0.32 0.08 4979

1745531907
0.53 0.31 0.08 6809

1745531908
0.53 0.31 0.08 12582

1745531909
0.61 0.33 0.08 19640

1745531910
0.61 0.33 0.08 34085

1745531911
1.05 0.42 0.1 36667

1745531912
1.05 0.42 0.1 40125

1745531913
1.4 0.5 0.12 43750

1745531914
1.4 0.5 0.12 37962

1745531915
1.69 0.58 0.14 33333

1745531916
1.69 0.58 0.14 37299

1745531918
1.93 0.66 0.16 29151

1745531919
1.94 0.71 0.18 16299

1745531920
1.94 0.71 0.18 51507

1745531921
2.49 0.85 0.21 53996

1745531922
2.49 0.85 0.21 49284

1745531923
2.77 0.95 0.24 54790

1745531924
2.77 0.95 0.24 46323

1745531925
2.99 1.05 0.26 56600

1745531926
2.99 1.05 0.26 54865

1745531927
2.99 1.11 0.28 9455

1745531928
2.99 1.11 0.28 7405

1745531929
2.45 1.08 0.28 6078

1745531930
2.45 1.08 0.28 7032

1745531931
2.0 1.04 0.28 5635

1745531932
2.0 1.04 0.28 5298

1745531933
1.64 1.01 0.27 23662

1745531934
1.64 1.01 0.27 6825

1745531935
1.7 1.04 0.29 35775

1745531936
1.7 1.04 0.29 6059

1745531937
1.39 1.0 0.28 14097

1745531938
1.39 1.0 0.28 17375

1745531939
1.32 1.0 0.29 6288

1745531940
1.32 1.0 0.29 5054

1745531941
1.26 1.0 0.29 20107

1745531942
1.26 1.0 0.29 4673

1745531943
1.03 0.97 0.29 12343

1745531944
1.03 0.97 0.29 11574

1745531945
1.03 0.97 0.3 11644

1745531946
1.03 0.97 0.3 17694

1745531947
1.02 0.97 0.3 9370

1745531948
1.02 0.97 0.3 6755

1745531949
0.83 0.94 0.3 9892

1745531950
0.83 0.94 0.3 11891

1745531951
0.86 0.94 0.3 7238

1745531953
0.71 0.91 0.3 11531

1745531954
0.71 0.91 0.3 4262

1745531955
0.58 0.88 0.3 8800

1745531956
0.58 0.88 0.3 6750

1745531957
0.47 0.85 0.3 7093

1745531958
0.47 0.85 0.3 8467

1745531959
0.57 0.86 0.3 23265

1745531960
0.57 0.86 0.3 37929

1745531961
1.01 0.93 0.32 39643

1745531963
1.0 0.93 0.32 16025

1745531964
1.0 0.93 0.32 29307

1745531965
1.18 0.96 0.34 60006

1745531966
1.18 0.96 0.34 14618

1745531967
1.51 1.03 0.35 26893

1745531968
1.51 1.03 0.35 20614

1745531969
1.6 1.06 0.37 8100

1745531970
1.6 1.06 0.37 5474

1745531971
1.31 1.03 0.36 15669

1745531972
1.31 1.03 0.36 34535

1745531973
1.43 1.06 0.37 40555

1745531974
1.43 1.06 0.37 27114

1745531975
1.72 1.12 0.39 8962

1745531976
1.72 1.12 0.39 24307

1745531978
1.59 1.12 0.4 7524

1745531979
1.3 1.08 0.39 10331

1745531980
1.3 1.08 0.39 19957

1745531981
1.24 1.08 0.4 13170

1745531982
1.24 1.08 0.4 44451

1745531983
1.74 1.17 0.42 64017

1745531984
1.74 1.17 0.42 31327

1745531985
1.79 1.2 0.43 3079

1745531986
1.79 1.2 0.43 3896

1745531987
1.46 1.16 0.43 4631

1745531988
1.46 1.16 0.43 4536

1745531989
1.2 1.12 0.43 11498

1745531990
1.2 1.12 0.43 27325

1745531991
1.34 1.15 0.44 32835

1745531992
1.34 1.15 0.44 5402

1745531993
1.1 1.11 0.43 2805

1745531994
1.1 1.11 0.43 1561

1745531995
0.9 1.08 0.43 6685

1745531996
0.9 1.08 0.43 2085

1745531997
0.73 1.04 0.43 1385

1745531998
0.73 1.04 0.43 1704

1745531999
0.6 1.01 0.42 638

1745532000
0.6 1.01 0.42 14271

1745532001
0.49 0.97 0.42 9410

1745532002
0.49 0.97 0.42 5487

1745532003
0.4 0.94 0.42 3532

1745532004
0.4 0.94 0.42 5557

1745532005
0.33 0.91 0.42 7368

1745532006
0.33 0.91 0.42 4527

1745532007
0.27 0.88 0.41 5794

1745532008
0.27 0.88 0.41 6654

1745532009
0.22 0.85 0.41 2357

1745532011
0.22 0.85 0.41 5910

1745532012
0.18 0.82 0.41 4468

1745532013
0.18 0.82 0.41 3476

1745532014
0.14 0.79 0.4 2620

1745532015
0.12 0.77 0.4 2974

1745532016
0.12 0.77 0.4 3772

1745532017
0.09 0.74 0.4 3256

1745532018
0.09 0.74 0.4 2913

1745532019
0.08 0.72 0.39 3727

1745532020
0.08 0.72 0.39 3106

1745532021
0.06 0.69 0.39 3618

1745532022
0.06 0.69 0.39 3345

1745532023
0.05 0.67 0.39 13251

1745532024
0.05 0.67 0.39 3513

1745532025
0.04 0.65 0.39 5085

1745532026
0.04 0.65 0.39 5079

1745532027
0.03 0.63 0.38 9377

1745532028
0.03 0.63 0.38 6528

1745532029
0.02 0.61 0.38 2617

1745532030
0.02 0.61 0.38 6951

1745532031
0.02 0.59 0.38 15202

1745532032
0.02 0.59 0.38 3910

1745532033
0.01 0.57 0.37 4505

1745532034
0.01 0.57 0.37 5444

1745532035
0.01 0.55 0.37 5778

1745532036
0.01 0.55 0.37 5635

1745532037
0.01 0.53 0.37 6972

1745532038
0.01 0.53 0.37 7345

1745532039
0.0 0.51 0.37 4729

1745532040
0.0 0.51 0.37 3288

1745532041
0.0 0.49 0.36 3592

1745532042
0.0 0.49 0.36 4061

1745532043
0.0 0.48 0.36 3842

1745532044
0.0 0.48 0.36 2464

1745532046
0.0 0.46 0.36 7688

1745532047
0.0 0.45 0.35 784

1745532048
0.0 0.45 0.35 34269

1745532049
0.72 0.56 0.38 73172

1745532050
0.72 0.56 0.38 55835

1745532051
1.5 0.71 0.41 51458

1745532052
1.5 0.71 0.41 53060

1745532053
2.13 0.85 0.44 56740

1745532054
2.13 0.85 0.44 60955

1745532055
2.65 0.98 0.47 52190

1745532056
2.65 0.98 0.47 46323

1745532058
2.89 1.08 0.5 60248

1745532059
2.89 1.08 0.5 67977

1745532060
3.46 1.24 0.54 30778

1745532061
3.37 1.3 0.55 48745

1745532062
3.37 1.3 0.55 65882

1745532063
3.3 1.36 0.57 3155

1745532064
3.3 1.36 0.57 3765

1745532065
2.7 1.31 0.57 4566

1745532066
2.7 1.31 0.57 5584

1745532067
2.21 1.27 0.56 2615

1745532068
2.21 1.27 0.56 20074

1745532069
1.99 1.26 0.56 5907

1745532070
1.99 1.26 0.56 4269

1745532071
1.63 1.22 0.56 3312

1745532072
1.63 1.22 0.56 2863

1745532073
1.33 1.18 0.56 4273

1745532074
1.33 1.18 0.56 3422

1745532075
1.09 1.14 0.55 5125

1745532076
1.09 1.14 0.55 5739

1745532077
2.52 1.4 0.61 339773

1745532079
5.69 2.0 0.74 341696

1745532080
5.69 2.0 0.74 171202

1745532081
7.56 2.46 0.85 182880

1745532082
7.56 2.46 0.85 157421

1745532083
9.08 2.91 0.95 166593

1745532084
9.08 2.91 0.95 187752

1745532085
10.52 3.37 1.06 142498

1745532086
10.52 3.37 1.06 30285

1745532087
9.52 3.42 1.09 22697

1745532088
9.52 3.42 1.09 11002

1745532089
7.97 3.34 1.09 9884

1745532090
7.97 3.34 1.09 2867

1745532091
6.53 3.23 1.08 4617

1745532092
6.53 3.23 1.08 24691

1745532093
5.53 3.16 1.08 5118

1745532094
5.53 3.16 1.08 11349

1745532095
4.52 3.05 1.07 3283

1745532096
4.52 3.05 1.07 5490

1745532097
3.7 2.95 1.06 7008

1745532098
3.7 2.95 1.06 3176

1745532099
3.03 2.86 1.06 16767

1745532100
3.03 2.86 1.06 11417

1745532101
2.66 2.8 1.06 3638

1745532103
2.18 2.7 1.05 1859

1745532104
2.18 2.7 1.05 15834

1745532105
1.96 2.65 1.05 18878

1745532106
1.96 2.65 1.05 63328

1745532107
2.33 2.69 1.07 76809

1745532109
2.81 2.77 1.1 93927

1745532111
2.81 2.77 1.1 54582

1745532112
3.03 2.81 1.12 92371

1745532113
3.75 2.95 1.16 103465

1745532114
3.75 2.95 1.16 46472

1745532116
3.79 2.98 1.18 74204

1745532117
4.01 3.05 1.2 72417

1745532118
4.01 3.05 1.2 41441

1745532119
4.19 3.11 1.23 50458

1745532120
4.19 3.11 1.23 75485

1745532121
4.34 3.17 1.25 33541

1745532122
4.34 3.17 1.25 42998

1745532123
4.27 3.2 1.27 47944

1745532124
4.27 3.2 1.27 50984

1745532125
4.4 3.26 1.3 77656

1745532126
4.4 3.26 1.3 58083

1745532127
4.51 3.32 1.33 35405

1745532128
4.51 3.32 1.33 13774

1745532129
3.87 3.24 1.32 3170

1745532130
3.87 3.24 1.32 1567

1745532131
3.17 3.13 1.31 1854

1745532132
3.17 3.13 1.31 20974

1745532133
2.78 3.06 1.31 13426

1745532134
2.78 3.06 1.31 1174

1745532135
2.27 2.96 1.3 1182

1745532136
2.27 2.96 1.3 1164

1745532137
2.04 2.9 1.3 41690

1745532138
2.04 2.9 1.3 2051

1745532139
1.67 2.8 1.29 1629

1745532140
1.67 2.8 1.29 34871

1745532141
1.73 2.78 1.29 3009

1745532142
1.73 2.78 1.29 10740

1745532143
1.41 2.68 1.29 1195

1745532144
1.41 2.68 1.29 7541

1745532145
1.16 2.6 1.28 1599

1745532146
1.16 2.6 1.28 1927

1745532147
0.95 2.51 1.27 3681

1745532148
0.95 2.51 1.27 2411

1745532149
0.77 2.43 1.26 2902

1745532150
0.77 2.43 1.26 2228

1745532151
0.63 2.35 1.25 3232

1745532152
0.63 2.35 1.25 4391

1745532153
0.52 2.27 1.24 3727

1745532154
0.52 2.27 1.24 18412

1745532155
0.79 2.26 1.25 35154

1745532156
0.79 2.26 1.25 6549

1745532157
0.64 2.19 1.24 1500

1745532158
0.64 2.19 1.24 1509

1745532159
0.52 2.12 1.23 1430

1745532160
0.52 2.12 1.23 1562

1745532161
0.43 2.05 1.22 1477

1745532162
0.43 2.05 1.22 7000

1745532163
0.35 1.98 1.21 10760

1745532164
0.35 1.98 1.21 2149

1745532165
0.29 1.91 1.2 2650

1745532166
0.29 1.91 1.2 1425

1745532167
0.23 1.85 1.19 1909

1745532168
0.23 1.85 1.19 18946

1745532169
0.55 1.86 1.2 34926

1745532170
0.55 1.86 1.2 15779

1745532171
0.63 1.83 1.2 2646

1745532172
0.63 1.83 1.2 1729

1745532174
0.52 1.77 1.19 2378

1745532175
0.42 1.71 1.18 8817

1745532176
0.42 1.71 1.18 34638

1745532177
0.71 1.72 1.19 8437

1745532178
0.71 1.72 1.19 30394

1745532179
0.94 1.73 1.19 11813

1745532180
0.94 1.73 1.19 899

1745532181
0.77 1.67 1.19 1488

1745532182
0.77 1.67 1.19 1199

1745532183
0.63 1.62 1.18 16477

1745532184
0.63 1.62 1.18 23422

1745532185
0.88 1.63 1.18 27205

1745532186
0.88 1.63 1.18 31531

1745532187
1.08 1.64 1.19 29363

1745532188
1.08 1.64 1.19 33176

1745532189
1.25 1.65 1.19 22823

1745532191
1.38 1.66 1.2 51237

1745532192
1.38 1.66 1.2 21330

1745532193
1.49 1.67 1.21 21101

1745532194
1.49 1.67 1.21 24438

1745532195
1.58 1.69 1.21 24396

1745532196
1.58 1.69 1.21 23772

1745532197
1.66 1.7 1.22 28277

1745532198
1.66 1.7 1.22 14455

1745532199
1.54 1.67 1.22 11862

1745532200
1.54 1.67 1.22 25942

1745532201
1.44 1.65 1.21 1153

1745532202
1.44 1.65 1.21 1391

1745532203
1.18 1.6 1.2 1252

1745532204
1.18 1.6 1.2 2223

1745532205
0.96 1.54 1.2 1582

1745532206
0.96 1.54 1.2 1086

1745532207
0.79 1.49 1.19 854

1745532208
0.79 1.49 1.19 984

1745532209
0.64 1.44 1.18 8970

1745532210
0.64 1.44 1.18 15981

1745532211
0.71 1.43 1.18 3712

1745532212
0.71 1.43 1.18 1434

1745532213
0.58 1.38 1.17 1076

1745532214
0.58 1.38 1.17 970

1745532215
0.47 1.34 1.16 594

1745532216
0.47 1.34 1.16 1430

1745532217
0.39 1.29 1.15 1157

1745532218
0.39 1.29 1.15 1817

1745532219
0.31 1.25 1.15 1154

1745532220
0.31 1.25 1.15 1007

1745532221
0.26 1.21 1.14 1276

1745532222
0.26 1.21 1.14 516

1745532223
0.21 1.17 1.13 1535

1745532224
0.21 1.17 1.13 4565

1745532225
0.17 1.13 1.12 8391

1745532226
0.17 1.13 1.12 1531

1745532227
0.14 1.09 1.11 1849

1745532228
0.14 1.09 1.11 2393

1745532229
0.11 1.06 1.11 2795

1745532230
0.11 1.06 1.11 2713

1745532231
0.45 1.09 1.11 216185

1745532233
0.45 1.09 1.11 36163

1745532234
2.0 1.35 1.17 2526

1745532235
2.18 1.4 1.18 123862

1745532236
2.18 1.4 1.18 183614

1745532237
4.86 1.91 1.29 207626

1745532239
6.7 2.34 1.38 270426

1745532240
6.7 2.34 1.38 152502

1745532241
8.02 2.72 1.47 123161

1745532242
8.02 2.72 1.47 123215

1745532243
8.74 3.02 1.54 124385

1745532244
8.74 3.02 1.54 130675

1745532245
9.33 3.32 1.61 122060

1745532246
9.33 3.32 1.61 159643

1745532247
10.18 3.67 1.7 125183

1745532248
10.18 3.67 1.7 131929

1745532249
10.51 3.94 1.77 113117

1745532250
10.51 3.94 1.77 121983

1745532251
10.78 4.2 1.84 121035

1745532252
10.78 4.2 1.84 115108

1745532253
10.82 4.43 1.9 105427

1745532254
10.82 4.43 1.9 122783

1745532255
10.85 4.64 1.96 103655

1745532256
10.85 4.64 1.96 121585

1745532257
10.88 4.85 2.03 96494

1745532258
10.88 4.85 2.03 209247

1745532260
15.61 5.9 2.26 1096068

1745532261
24.19 7.77 2.68 825500

1745532262
24.19 7.77 2.68 414874

1745532263
27.24 8.86 2.94 363589

1745532264
27.24 8.86 2.94 326863

1745532265
28.1 9.61 3.14 305209

1745532266
28.1 9.61 3.14 158408

1745532267
25.54 9.76 3.22 3351

1745532268
25.54 9.76 3.22 1208

1745532269
20.91 9.44 3.19 789

1745532270
20.91 9.44 3.19 47456

1745532271
18.03 9.29 3.21 104922

1745532272
18.03 9.29 3.21 113861

1745532273
16.76 9.35 3.26 103042

1745532275
16.76 9.35 3.26 19983

1745532276
14.26 9.14 3.26 109359

1745532277
13.67 9.2 3.31 170470

1745532278
13.67 9.2 3.31 109247

1745532279
13.19 9.26 3.36 119008

1745532280
13.19 9.26 3.36 118229

1745532281
12.79 9.32 3.42 107326

1745532282
12.79 9.32 3.42 132560

1745532283
12.64 9.41 3.47 97214

1745532284
12.64 9.41 3.47 116962

1745532285
12.35 9.46 3.53 126372

1745532286
12.35 9.46 3.53 97966

1745532288
11.92 9.48 3.57 213015

1745532289
11.75 9.53 3.62 116696

1745532290
11.75 9.53 3.62 101471

1745532291
11.43 9.54 3.67 100651

1745532292
11.43 9.54 3.67 99236

1745532293
10.99 9.52 3.7 93436

1745532294
10.99 9.52 3.7 92975

1745532295
10.63 9.51 3.74 102321

1745532296
10.63 9.51 3.74 102807

1745532297
10.51 9.52 3.78 105383

1745532298
10.51 9.52 3.78 109568

1745532300
10.42 9.54 3.82 166571

1745532301
10.52 9.58 3.87 170186

1745532302
10.52 9.58 3.87 102912

1745532303
10.43 9.6 3.92 103244

1745532304
10.43 9.6 3.92 85666

1745532305
9.99 9.55 3.94 91744

1745532306
9.99 9.55 3.94 97000

1745532307
9.81 9.53 3.98 90500

1745532308
9.81 9.53 3.98 98555

1745532309
9.66 9.51 4.01 98830

1745532310
9.66 9.51 4.01 85503

1745532311
9.36 9.46 4.04 82167

1745532312
9.36 9.46 4.04 84133

1745532313
9.11 9.41 4.07 83373

1745532314
9.11 9.41 4.07 97676

1745532315
9.09 9.4 4.1 93978

1745532316
9.09 9.4 4.1 95959

1745532317
9.07 9.38 4.14 94459

1745532318
9.07 9.38 4.14 92144

1745532319
9.06 9.37 4.17 99599

1745532320
9.06 9.37 4.17 93811

1745532321
9.05 9.36 4.2 90289

1745532322
9.05 9.36 4.2 90863

1745532323
9.04 9.35 4.24 94779

1745532324
9.04 9.35 4.24 84612

1745532325
9.03 9.33 4.27 99047

1745532326
9.03 9.33 4.27 99309

1745532327
9.02 9.32 4.3 89557

1745532328
9.02 9.32 4.3 99240

1745532329
9.02 9.31 4.33 99035

1745532330
9.02 9.31 4.33 86179

1745532331
8.83 9.27 4.36 80850

1745532332
8.83 9.27 4.36 84722

1745532333
8.68 9.23 4.38 84883

1745532334
8.68 9.23 4.38 99382

1745532335
8.74 9.22 4.41 95662

1745532336
8.74 9.22 4.41 88559

1745532337
8.78 9.21 4.45 105269

1745532338
8.78 9.21 4.45 108025

1745532339
9.0 9.24 4.48 102326

1745532340
9.0 9.24 4.48 99807

1745532341
9.0 9.23 4.52 91174

1745532342
9.0 9.23 4.52 89882

1745532343
9.0 9.22 4.55 91473

1745532344
9.0 9.22 4.55 89694

1745532345
9.0 9.21 4.58 101339

1745532346
9.0 9.21 4.58 88620

1745532347
9.0 9.21 4.61 87581

1745532348
9.0 9.21 4.61 89037

1745532349
8.82 9.17 4.63 86064

1745532350
8.82 9.17 4.63 82994

1745532351
8.67 9.13 4.65 98346

1745532352
8.67 9.13 4.65 89480

1745532353
8.73 9.12 4.68 84172

1745532354
8.73 9.12 4.68 93768

1745532355
8.59 9.09 4.71 91642

1745532356
8.59 9.09 4.71 92646

1745532357
8.67 9.08 4.74 99987

1745532358
8.67 9.08 4.74 82029

1745532359
8.54 9.05 4.76 88036

1745532360
8.54 9.05 4.76 92287

1745532361
8.63 9.04 4.79 98463

1745532362
8.63 9.04 4.79 95943

1745532363
8.69 9.04 4.82 94181

1745532364
8.69 9.04 4.82 88830

1745532365
8.75 9.04 4.85 99471

1745532366
8.75 9.04 4.85 93982

1745532367
8.79 9.04 4.88 100278

1745532368
8.79 9.04 4.88 119424

1745532369
9.19 9.1 4.92 112548

1745532370
9.19 9.1 4.92 110847

1745532371
9.34 9.13 4.95 107896

1745532372
9.34 9.13 4.95 111852

1745532373
9.64 9.19 4.99 113669

1745532374
9.64 9.19 4.99 112885

1745532375
9.88 9.25 5.04 112319

1745532376
9.88 9.25 5.04 114638

1745532377
10.09 9.31 5.08 115405

1745532378
10.09 9.31 5.08 109309

1745532379
10.25 9.37 5.12 117598

1745532380
10.25 9.37 5.12 115370

1745532381
10.39 9.42 5.16 104973

1745532382
10.39 9.42 5.16 112048

1745532383
10.31 9.44 5.19 103527

1745532384
10.31 9.44 5.19 106951

1745532385
10.26 9.46 5.22 105246

1745532386
10.26 9.46 5.22 102381

1745532387
10.21 9.47 5.26 110005

1745532388
10.21 9.47 5.26 115344

1745532389
10.35 9.52 5.3 120786

1745532391
10.65 9.61 5.34 234849

1745532392
10.65 9.61 5.34 125216

1745532394
10.71 9.65 5.38 246778

1745532395
10.94 9.73 5.43 107080

1745532396
10.94 9.73 5.43 111767

1745532397
10.59 9.7 5.45 80255

1745532398
10.59 9.7 5.45 85988

1745532399
10.12 9.65 5.47 90739

1745532400
10.12 9.65 5.47 94268

1745532401
9.74 9.59 5.49 83587

1745532402
9.74 9.59 5.49 89573

1745532403
9.42 9.54 5.5 82365

1745532404
9.42 9.54 5.5 86111

1745532406
9.16 9.49 5.52 181125

1745532407
9.13 9.47 5.54 102059

1745532408
9.13 9.47 5.54 85972

1745532409
8.93 9.42 5.56 78928

1745532410
8.93 9.42 5.56 84443

1745532411
8.76 9.38 5.58 80232

1745532412
8.76 9.38 5.58 88434

1745532413
8.62 9.33 5.6 91812

1745532414
8.62 9.33 5.6 80236

1745532415
8.5 9.29 5.61 81969

1745532416
8.5 9.29 5.61 82319

1745532417
8.41 9.25 5.63 79290

1745532418
8.41 9.25 5.63 89242

1745532419
8.34 9.2 5.65 89952

1745532420
8.34 9.2 5.65 78823

1745532421
8.27 9.16 5.66 80573

1745532422
8.27 9.16 5.66 86978

1745532423
8.22 9.13 5.68 89521

1745532424
8.22 9.13 5.68 87826

1745532425
8.36 9.12 5.7 90671

1745532426
8.36 9.12 5.7 77531

1745532427
8.12 9.05 5.71 80311

1745532428
8.12 9.05 5.71 77686

1745532429
7.91 8.98 5.72 83599

1745532430
7.91 8.98 5.72 90218

1745532431
7.93 8.95 5.73 89361

1745532432
7.93 8.95 5.73 85760

1745532433
7.94 8.92 5.75 87455

1745532434
7.94 8.92 5.75 88791

1745532435
7.95 8.89 5.77 95803

1745532436
7.95 8.89 5.77 99999

1745532437
8.14 8.89 5.79 97857

1745532438
8.14 8.89 5.79 94340

1745532439
8.29 8.9 5.81 94967

1745532440
8.29 8.9 5.81 87836

1745532441
8.24 8.87 5.83 83012

1745532442
8.24 8.87 5.83 101178

1745532443
8.38 8.87 5.85 83235

1745532444
8.38 8.87 5.85 80195

1745532446
8.31 8.84 5.86 156866

1745532447
8.25 8.82 5.88 92328

1745532448
8.25 8.82 5.88 99970

1745532449
8.39 8.82 5.9 89552

1745532450
8.39 8.82 5.9 98553

1745532451
8.5 8.83 5.92 94663

1745532452
8.5 8.83 5.92 95497

1745532453
8.59 8.83 5.94 86391

1745532454
8.59 8.83 5.94 87432

1745532455
8.48 8.81 5.96 86487

1745532456
8.48 8.81 5.96 84379

1745532457
8.39 8.78 5.97 84891

1745532458
8.39 8.78 5.97 84775

1745532459
8.32 8.75 5.98 78737

1745532460
8.32 8.75 5.98 87986

1745532461
8.44 8.76 6.0 100640

1745532462
8.44 8.76 6.0 99508

1745532463
8.54 8.77 6.03 94289

1745532465
8.44 8.74 6.04 174893

1745532466
8.44 8.74 6.04 101161

1745532467
8.54 8.75 6.06 95157

1745532468
8.54 8.75 6.06 90668

1745532469
8.44 8.73 6.07 91762

1745532470
8.44 8.73 6.07 94490

1745532471
8.54 8.74 6.09 87476

1745532472
8.54 8.74 6.09 85407

1745532473
8.44 8.71 6.11 92639

1745532474
8.44 8.71 6.11 95493

1745532475
8.72 8.75 6.13 100137

1745532476
8.72 8.75 6.13 86255

1745532477
8.59 8.73 6.15 92085

1745532478
8.59 8.73 6.15 93367

1745532479
8.48 8.7 6.16 83542

1745532480
8.48 8.7 6.16 87672

1745532481
8.58 8.71 6.18 99180

1745532482
8.58 8.71 6.18 96241

1745532483
8.65 8.72 6.2 96795

1745532484
8.65 8.72 6.2 87998

1745532485
8.17 8.63 6.2 32102

1745532486
8.17 8.63 6.2 24235

1745532487
7.05 8.42 6.17 16893

1745532488
7.05 8.42 6.17 33825

1745532489
6.32 8.24 6.15 34070

1745532490
6.32 8.24 6.15 39150

1745532491
5.71 8.07 6.12 35158

1745532492
5.71 8.07 6.12 10584

1745532493
4.86 7.84 6.09 9073

1745532494
4.86 7.84 6.09 17215

1745532495
4.34 7.64 6.06 22249

1745532496
4.34 7.64 6.06 4902

1745532497
3.55 7.39 6.02 3902

1745532498
3.55 7.39 6.02 1768

1745532499
2.91 7.15 5.98 9661

1745532500
2.91 7.15 5.98 16212

1745532501
2.56 6.95 5.94 2625

1745532502
2.56 6.95 5.94 6375

1745532503
2.1 6.72 5.9 10297

1745532504
2.1 6.72 5.9 22001

1745532505
1.9 6.54 5.87 6578

1745532506
1.9 6.54 5.87 4032

1745532507
1.55 6.32 5.83 10802

1745532508
1.55 6.32 5.83 15104

1745532509
1.45 6.15 5.79 14590

1745532510
1.45 6.15 5.79 1415

1745532511
1.19 5.94 5.75 1488

1745532512
1.19 5.94 5.75 1167

1745532513
0.97 5.75 5.72 7340

1745532514
0.97 5.75 5.72 31520

1745532515
1.16 5.63 5.69 21618

1745532516
1.16 5.63 5.69 1116

1745532517
0.95 5.44 5.65 952

1745532518
0.95 5.44 5.65 2669

1745532519
0.77 5.26 5.61 3681

1745532520
0.77 5.26 5.61 4644

1745532521
0.63 5.09 5.57 3557

1745532522
0.63 5.09 5.57 4043

1745532523
0.52 4.92 5.53 2231

1745532524
0.52 4.92 5.53 5170

1745532525
0.42 4.76 5.5 7784

1745532526
0.42 4.76 5.5 58130

1745532527
1.07 4.74 5.49 26815

1745532528
1.07 4.74 5.49 3328

1745532529
0.87 4.58 5.45 2286

1745532530
0.87 4.58 5.45 1512

1745532531
0.71 4.43 5.41 4859

1745532532
0.71 4.43 5.41 10774

1745532533
0.77 4.32 5.38 14125

1745532534
0.77 4.32 5.38 3677

1745532535
0.63 4.18 5.34 5055

1745532536
0.63 4.18 5.34 6778

1745532537
0.51 4.04 5.31 4100

1745532538
0.51 4.04 5.31 51327

1745532539
0.96 4.01 5.29 17086

1745532540
0.96 4.01 5.29 5902

1745532541
0.97 3.91 5.26 25735

1745532542
0.97 3.91 5.26 1745

1745532543
0.79 3.78 5.22 2260

1745532544
0.79 3.78 5.22 4810

1745532545
0.65 3.65 5.19 2402

1745532546
0.65 3.65 5.19 2581

1745532547
0.53 3.53 5.15 5643

1745532548
0.53 3.53 5.15 11215

1745532549
0.43 3.42 5.12 4034

1745532550
0.43 3.42 5.12 14634

1745532551
0.35 3.31 5.08 1684

1745532552
0.35 3.31 5.08 24989

1745532553
0.65 3.26 5.06 40131

1745532554
0.65 3.26 5.06 42426

1745532555
1.26 3.29 5.05 35122

1745532556
1.26 3.29 5.05 11921

1745532557
1.21 3.21 5.02 33325

1745532558
1.21 3.21 5.02 90726

1745532559
2.08 3.3 5.03 34775

1745532560
2.08 3.3 5.03 37776

1745532561
2.06 3.26 5.01 10443

1745532562
2.06 3.26 5.01 1286

1745532563
1.69 3.15 4.98 4379

1745532564
1.69 3.15 4.98 2131

1745532565
1.38 3.05 4.94 2581

1745532566
1.38 3.05 4.94 7006

1745532567
1.31 2.98 4.91 47745

1745532569
4.7 3.54 5.02 397992

1745532570
4.7 3.54 5.02 59134

1745532571
4.93 3.62 5.02 72226

1745532572
4.93 3.62 5.02 50685

1745532573
4.94 3.66 5.02 42862

1745532574
4.94 3.66 5.02 39255

1745532575
4.59 3.64 5.01 37384

1745532577
4.59 3.64 5.01 116027

1745532578
5.03 3.75 5.02 97631

1745532579
5.03 3.75 5.02 64740

1745532580
5.38 3.86 5.04 73138

1745532581
5.13 3.86 5.03 39216

1745532582
5.13 3.86 5.03 31348

1745532583
4.74 3.84 5.02 34803

1745532584
4.74 3.84 5.02 94250

1745532585
4.97 3.91 5.02 36350

1745532586
4.97 3.91 5.02 473377

1745532588
13.13 5.41 5.33 1008900

1745532589
13.13 5.41 5.33 35664

1745532590
15.82 6.15 5.49 117047

1745532591
14.04 6.15 5.49 68036

1745532592
14.04 6.15 5.49 3246

1745532593
11.5 5.95 5.45 4537

1745532594
11.5 5.95 5.45 2092

1745532595
9.41 5.75 5.41 8541

1745532596
9.41 5.75 5.41 43307

1745532597
8.25 5.66 5.4 113152

1745532598
8.25 5.66 5.4 474697

1745532599
11.28 6.29 5.53 8902

1745532600
11.28 6.29 5.53 155060

1745532601
12.68 6.71 5.62 233038

1745532602
12.68 6.71 5.62 36025

1745532603
11.65 6.72 5.63 264720

1745532604
11.65 6.72 5.63 827431

1745532605
24.03 9.12 6.14 855255

1745532607
33.26 11.27 6.61 1377407

1745532608
33.26 11.27 6.61 262968

1745532609
31.22 11.62 6.72 120678

1745532610
31.22 11.62 6.72 258154

1745532611
28.64 11.8 6.79 62330

1745532612
28.64 11.8 6.79 33640

1745532613
25.45 11.77 6.82 244508

1745532614
25.45 11.77 6.82 94337

1745532615
22.47 11.68 6.83 30330

1745532616
22.47 11.68 6.83 51863

1745532618
19.12 11.43 6.81 141620

1745532619
17.29 11.35 6.83 96160

1745532620
17.29 11.35 6.83 90358

1745532621
15.24 11.17 6.82 17259

1745532622
15.24 11.17 6.82 80898

1745532623
14.11 11.1 6.84 126969

1745532624
14.11 11.1 6.84 93183

1745532625
14.81 11.33 6.91 274074

1745532626
14.81 11.33 6.91 30003

1745532627
12.49 11.02 6.88 28584

1745532628
12.49 11.02 6.88 47356

1745532629
10.77 10.76 6.85 28710

1745532630
10.77 10.76 6.85 28683

1745532631
10.27 10.67 6.86 139413

1745532633
9.31 10.48 6.85 89828

1745532634
9.31 10.48 6.85 57493

1745532635
9.07 10.4 6.86 143586

1745532636
9.07 10.4 6.86 194784

1745532637
9.6 10.45 6.89 64286

1745532638
9.6 10.45 6.89 138051

1745532639
9.49 10.41 6.91 33352

1745532640
9.49 10.41 6.91 30100

1745532641
8.86 10.26 6.9 146496

1745532642
8.86 10.26 6.9 116687

1745532643
8.88 10.22 6.92 19390

1745532644
8.88 10.22 6.92 26218

1745532645
7.64 9.95 6.88 21323

1745532646
7.64 9.95 6.88 20438

1745532647
6.61 9.69 6.85 20441

1745532648
6.61 9.69 6.85 21568

1745532649
5.78 9.44 6.81 26848

1745532650
5.78 9.44 6.81 23260

1745532651
5.09 9.19 6.78 29998

1745532652
5.09 9.19 6.78 24627

1745532653
4.53 8.96 6.75 30069

1745532654
4.53 8.96 6.75 44877

1745532655
4.25 8.76 6.72 24661

1745532656
4.25 8.76 6.72 35450

1745532657
4.02 8.57 6.7 64578

1745532658
4.02 8.57 6.7 102444

1745532659
5.65 8.72 6.74 191864

1745532660
5.65 8.72 6.74 391933

1745532661
11.69 9.71 6.96 435777

1745532662
11.69 9.71 6.96 112077

1745532663
11.56 9.75 6.99 94285

1745532664
11.56 9.75 6.99 156522

1745532665
13.09 10.09 7.08 240258

1745532666
13.09 10.09 7.08 137227

1745532667
12.35 10.05 7.09 23103

1745532668
12.35 10.05 7.09 28947

1745532669
10.47 9.79 7.06 8651

1745532670
10.47 9.79 7.06 18834

1745532671
8.76 9.5 7.01 27209

1745532672
8.76 9.5 7.01 36276

1745532674
8.07 9.35 7.0 234450

1745532675
8.24 9.34 7.01 27870

1745532676
8.24 9.34 7.01 22812

1745532677
8.2 9.3 7.02 187039

1745532678
8.2 9.3 7.02 183677

1745532679
9.61 9.52 7.08 141715

1745532680
9.61 9.52 7.08 87938

1745532681
8.95 9.4 7.07 25976

1745532682
8.95 9.4 7.07 22640

1745532683
7.69 9.16 7.04 19293

1745532684
7.69 9.16 7.04 14252

1745532685
6.66 8.92 7.0 50980

1745532686
6.66 8.92 7.0 133526

1745532687
7.08 8.93 7.02 58624

1745532688
7.08 8.93 7.02 146830

1745532689
9.6 9.32 7.11 304053

1745532690
9.6 9.32 7.11 87219

1745532691
8.95 9.21 7.11 85366

1745532692
8.95 9.21 7.11 257840

1745532693
11.86 9.73 7.23 239513

1745532694
11.86 9.73 7.23 350440

1745532695
16.23 10.59 7.43 408046

1745532696
16.23 10.59 7.43 68152

1745532697
15.64 10.67 7.46 215766

1745532698
15.64 10.67 7.46 451410

1745532699
20.78 11.76 7.71 426942

1745532700
20.78 11.76 7.71 196427

1745532701
20.64 12.03 7.8 167261

1745532702
20.64 12.03 7.8 400082

1745532703
22.88 12.71 7.97 259752

1745532704
22.88 12.71 7.97 34144

1745532705
19.64 12.46 7.95 51947

1745532706
19.64 12.46 7.95 41748

1745532707
16.44 12.12 7.91 7218

1745532708
16.44 12.12 7.91 15603

1745532709
14.55 11.92 7.9 144119

1745532710
14.55 11.92 7.9 117221

1745532711
13.36 11.79 7.9 34120

1745532712
13.36 11.79 7.9 20692

1745532713
11.3 11.47 7.86 82743

1745532714
11.3 11.47 7.86 174414

1745532715
11.79 11.55 7.9 93181

1745532716
11.79 11.55 7.9 38080

1745532717
10.56 11.34 7.88 60272

1745532718
10.56 11.34 7.88 39579

1745532719
11.36 11.46 7.93 356131

1745532720
11.36 11.46 7.93 356525

1745532721
14.19 11.96 8.06 103292

1745532723
11.8 11.61 8.01 36157

1745532724
11.8 11.61 8.01 21494

1745532725
10.03 11.29 7.97 19116

1745532726
10.03 11.29 7.97 176528

1745532727
11.11 11.45 8.02 182553

1745532728
11.11 11.45 8.02 169633

1745532729
11.27 11.46 8.05 27902

1745532730
11.27 11.46 8.05 112349

1745532731
10.31 11.28 8.04 27007

1745532732
10.31 11.28 8.04 16021

1745532733
8.62 10.95 7.99 20697

1745532734
8.62 10.95 7.99 24752

1745532735
7.42 10.65 7.95 26289

1745532736
7.42 10.65 7.95 31718

1745532737
6.44 10.37 7.91 34649

1745532738
6.44 10.37 7.91 133594

1745532739
7.27 10.39 7.93 92496

1745532740
7.27 10.39 7.93 81092

1745532741
6.85 10.21 7.91 25065

1745532742
6.85 10.21 7.91 30132

1745532743
5.97 9.95 7.87 30311

1745532744
5.97 9.95 7.87 22150

1745532745
5.25 9.68 7.83 20674

1745532746
5.25 9.68 7.83 18187

1745532747
4.48 9.4 7.78 10192

1745532748
4.48 9.4 7.78 20632

1745532749
4.21 9.19 7.75 48830

1745532750
4.21 9.19 7.75 29874

1745532751
3.81 8.95 7.71 18830

1745532752
3.81 8.95 7.71 17597

1745532754
3.48 8.73 7.67 34846

1745532755
3.03 8.47 7.62 26328

1745532756
3.03 8.47 7.62 20974

1745532757
2.66 8.23 7.58 16815

1745532758
2.66 8.23 7.58 11570

1745532759
2.36 7.99 7.53 27668

1745532760
2.36 7.99 7.53 40716

1745532761
2.47 7.83 7.5 28613

1745532762
2.47 7.83 7.5 23583

1745532763
2.39 7.64 7.46 18841

1745532764
2.39 7.64 7.46 14524

1745532765
2.14 7.42 7.42 16576

1745532766
2.14 7.42 7.42 17887

1745532767
1.93 7.21 7.37 16346

1745532768
1.93 7.21 7.37 15481

1745532769
1.76 7.01 7.33 18440

1745532770
1.76 7.01 7.33 17834

1745532771
1.62 6.81 7.29 20744

1745532772
1.62 6.81 7.29 24078

1745532773
1.69 6.65 7.25 17960

1745532774
1.69 6.65 7.25 22728

1745532775
1.74 6.5 7.21 32278

1745532776
1.74 6.5 7.21 21836

1745532777
1.79 6.35 7.18 19770

1745532778
1.79 6.35 7.18 40370

1745532779
2.01 6.24 7.15 23564

1745532780
2.01 6.24 7.15 21600

1745532781
2.01 6.1 7.11 20066

1745532782
2.01 6.1 7.11 19070

1745532783
1.82 5.93 7.07 19206

1745532784
1.82 5.93 7.07 26408

1745532785
1.85 5.81 7.03 32539

1745532786
1.85 5.81 7.03 64246

1745532787
3.15 5.91 7.05 134242

1745532788
3.15 5.91 7.05 24700

1745532789
2.94 5.78 7.01 28010

1745532790
2.94 5.78 7.01 19510

1745532791
2.77 5.66 6.98 22253

1745532792
2.77 5.66 6.98 53698

1745532793
2.81 5.57 6.95 17265

1745532794
2.81 5.57 6.95 20353

1745532795
2.48 5.42 6.91 16517

1745532796
2.48 5.42 6.91 34391

1745532797
2.39 5.31 6.88 18991

1745532798
2.39 5.31 6.88 30113

1745532799
2.32 5.2 6.84 19470

1745532800
2.32 5.2 6.84 17821

1745532801
2.08 5.06 6.8 11824

1745532802
2.08 5.06 6.8 13030

1745532803
1.88 4.93 6.76 11055

1745532804
1.88 4.93 6.76 11580

1745532805
1.72 4.8 6.72 12717

1745532806
1.72 4.8 6.72 124512

1745532807
3.04 4.94 6.74 80856

1745532808
3.04 4.94 6.74 128252

1745532809
3.94 5.04 6.75 25535

1745532810
3.94 5.04 6.75 40152

1745532811
3.95 5.0 6.73 54895

1745532812
3.95 5.0 6.73 145533

1745532813
5.04 5.17 6.75 67730

1745532814
5.04 5.17 6.75 15536

1745532815
4.31 5.03 6.71 11292

1745532816
4.31 5.03 6.71 11887

1745532817
3.71 4.9 6.67 29297

1745532818
3.71 4.9 6.67 497883

1745532819
12.28 6.41 6.98 560990

1745532820
12.28 6.41 6.98 557789

1745532821
17.84 7.6 7.22 269353

1745532822
17.84 7.6 7.22 104382

1745532823
18.05 7.98 7.3 343118

1745532824
18.05 7.98 7.3 403939

1745532825
20.58 8.76 7.47 158625

1745532826
20.58 8.76 7.47 29109

1745532827
17.21 8.54 7.43 14282

1745532828
17.21 8.54 7.43 175972

1745532829
17.53 8.88 7.51 255733

1745532830
17.53 8.88 7.51 382382

1745532831
19.79 9.57 7.67 191816

1745532832
19.79 9.57 7.67 25088

1745532833
16.75 9.36 7.63 59351

1745532834
16.75 9.36 7.63 75232

1745532835
15.89 9.45 7.66 216229

1745532836
15.89 9.45 7.66 278583

1745532837
16.63 9.79 7.75 100320

1745532838
16.63 9.79 7.75 37856

1745532839
14.16 9.57 7.72 27897

1745532840
14.16 9.57 7.72 145594

1745532841
14.13 9.71 7.76 141358

1745532842
14.13 9.71 7.76 57176

1745532843
12.29 9.53 7.73 28934

1745532844
12.29 9.53 7.73 51195

1745532845
11.52 9.47 7.74 124364

1745532846
11.52 9.47 7.74 209713

1745532847
11.6 9.56 7.77 34356

1745532848
11.6 9.56 7.77 25464

1745532849
9.86 9.31 7.73 28897

1745532850
9.86 9.31 7.73 26201

1745532851
8.44 9.07 7.69 26164

1745532852
8.44 9.07 7.69 100437

1745532853
9.08 9.17 7.72 171213

1745532854
9.08 9.17 7.72 49506

1745532855
8.34 9.03 7.7 48907

1745532856
8.34 9.03 7.7 155382

1745532857
8.82 9.09 7.72 81598

1745532858
8.82 9.09 7.72 13650

1745532859
7.4 8.83 7.67 25993

1745532860
7.4 8.83 7.67 53525

1745532861
6.79 8.67 7.65 28166

1745532862
6.79 8.67 7.65 109293

1745532863
6.64 8.58 7.64 38007

1745532864
6.64 8.58 7.64 90323

1745532865
7.07 8.6 7.65 113053

1745532866
7.07 8.6 7.65 32369

1745532867
6.33 8.41 7.61 15491

1745532868
6.33 8.41 7.61 14346

1745532869
5.36 8.17 7.57 14150

1745532870
5.36 8.17 7.57 15838

1745532871
4.57 7.93 7.52 16751

1745532872
4.57 7.93 7.52 24873

1745532873
4.1 7.74 7.48 30654

1745532874
4.1 7.74 7.48 34360

1745532875
4.81 7.75 7.49 154438

1745532876
4.81 7.75 7.49 182324

1745532877
6.29 7.92 7.53 55215

1745532879
6.29 7.92 7.53 41765

1745532880
5.7 7.76 7.5 85717

1745532881
5.93 7.73 7.49 84897

1745532883
6.12 7.71 7.49 149362

1745532884
6.12 7.71 7.49 67072

1745532885
5.92 7.62 7.47 41059

1745532886
5.92 7.62 7.47 12959

1745532887
5.03 7.4 7.43 21754

1745532888
5.03 7.4 7.43 28130

1745532889
4.66 7.26 7.4 43795

1745532890
4.66 7.26 7.4 19952

1745532891
4.18 7.09 7.36 20524

1745532892
4.18 7.09 7.36 14203

1745532893
3.6 6.89 7.31 16461

1745532894
3.6 6.89 7.31 19724

1745532895
3.13 6.69 7.27 19401

1745532896
3.13 6.69 7.27 9553

1745532897
2.74 6.51 7.23 21556

1745532898
2.74 6.51 7.23 26477

1745532899
2.61 6.36 7.19 14052

1745532900
2.61 6.36 7.19 16409

1745532901
2.31 6.18 7.15 13204

1745532902
2.31 6.18 7.15 22218

1745532903
2.26 6.05 7.11 22232

1745532904
2.26 6.05 7.11 18811

1745532905
2.03 5.88 7.07 10072

1745532906
2.03 5.88 7.07 11423

1745532907
1.84 5.72 7.03 19817

1745532908
1.84 5.72 7.03 24578

1745532909
1.87 5.6 7.0 27626

1745532910
1.87 5.6 7.0 13594

1745532911
1.71 5.45 6.95 13219

1745532912
1.71 5.45 6.95 14086

1745532913
2.12 5.4 6.93 84077

1745532914
2.12 5.4 6.93 78675

1745532915
3.73 5.58 6.96 161459

1745532916
3.73 5.58 6.96 475121

1745532917
11.57 6.94 7.24 470522

1745532918
11.57 6.94 7.24 449025

1745532919
14.73 7.66 7.38 148888

1745532920
14.73 7.66 7.38 100783

1745532921
13.33 7.64 7.38 46045

1745532922
13.33 7.64 7.38 205243

1745532923
13.45 7.85 7.43 93755

1745532924
13.45 7.85 7.43 31561

1745532925
12.28 7.82 7.42 106169

1745532926
12.28 7.82 7.42 2213

1745532927
10.05 7.56 7.37 6071

1745532928
10.05 7.56 7.37 3603

1745532929
8.23 7.31 7.32 402

1745532930
8.23 7.31 7.32 301

1745532931
6.74 7.07 7.27 7598

1745532932
6.74 7.07 7.27 464480

1745532934
9.86 7.63 7.39 13617

1745532935
8.08 7.38 7.34 10333

1745532936
8.08 7.38 7.34 14934

1745532937
7.34 7.27 7.31 103587

1745532938
7.34 7.27 7.31 247003

1745532939
10.54 7.85 7.43 264130

1745532940
10.54 7.85 7.43 196786

1745532941
11.71 8.15 7.5 134986

1745532942
11.71 8.15 7.5 99856

1745532944
11.4 8.21 7.52 202117

1745532945
11.32 8.3 7.54 142884

1745532947
11.32 8.3 7.54 140710

1745532948
10.54 8.26 7.54 228793

1745532949
10.8 8.38 7.57 20075

1745532950
10.8 8.38 7.57 55520

1745532951
9.75 8.27 7.55 64512

1745532952
9.75 8.27 7.55 32660

1745532953
8.71 8.13 7.52 73910

1745532954
8.71 8.13 7.52 119031

1745532955
9.12 8.22 7.55 127697

1745532957
11.27 8.64 7.64 423993

1745532958
11.27 8.64 7.64 292057

1745532959
13.94 9.21 7.77 239477

1745532960
13.94 9.21 7.77 293700

1745532961
16.67 9.85 7.91 320450

1745532962
16.67 9.85 7.91 385078

1745532963
21.08 10.87 8.14 440387

1745532964
21.08 10.87 8.14 271420

1745532965
21.79 11.34 8.25 235897

1745532966
21.79 11.34 8.25 217367

1745532967
20.92 11.52 8.31 119141

1745532968
20.92 11.52 8.31 217210

1745532969
20.57 11.77 8.39 175541

1745532970
20.57 11.77 8.39 110178

1745532971
18.83 11.74 8.4 140524

1745532972
18.83 11.74 8.4 238497

1745532973
18.86 11.98 8.48 163037

1745532975
29.76 14.17 8.96 1605698

1745532976
29.76 14.17 8.96 579582

1745532977
32.34 15.15 9.2 319999

1745532978
32.34 15.15 9.2 136468

1745532980
28.65 15.04 9.22 282692

1745532981
26.72 15.14 9.28 220894

1745532982
26.72 15.14 9.28 102048

1745532983
24.05 15.04 9.3 128985

1745532984
24.05 15.04 9.3 72428

1745532985
21.51 14.87 9.3 137999

1745532986
21.51 14.87 9.3 243144

1745532988
22.68 15.3 9.43 348807

1745532989
22.68 15.3 9.43 65756

1745532990
19.84 15.03 9.41 86037

1745532991
19.84 15.03 9.41 106588

1745532992
17.51 14.77 9.4 95094

1745532993
18.14 14.97 9.48 356638

1745532994
18.14 14.97 9.48 137069

1745532995
17.21 14.91 9.5 131504

1745532996
17.21 14.91 9.5 100038

1745532998
16.27 14.81 9.52 207451

1745532999
16.27 14.81 9.52 109220

1745533000
15.13 14.65 9.52 426912

1745533002
21.81 15.87 9.81 1437578

1745533004
28.73 17.32 10.16 535587

1745533005
25.88 17.18 10.18 172142

1745533006
25.88 17.18 10.18 74960

1745533008
23.0 16.94 10.17 165639

1745533009
21.19 16.81 10.19 250681

1745533010
21.19 16.81 10.19 104465

1745533011
19.34 16.62 10.2 114852

1745533012
19.34 16.62 10.2 67319

1745533013
17.65 16.4 10.2 134123

1745533014
17.65 16.4 10.2 51801

1745533016
15.9 16.13 10.18 387321

1745533017
16.46 16.22 10.24 107395

1745533018
16.46 16.22 10.24 162812

1745533019
16.01 16.15 10.27 127080

1745533021
15.65 16.08 10.29 292906

1745533022
15.65 16.08 10.29 100145

1745533023
14.44 15.85 10.29 90889

1745533024
14.44 15.85 10.29 68565

1745533025
12.91 15.52 10.26 58866

1745533026
12.91 15.52 10.26 64227

1745533027
11.66 15.21 10.23 69869

1745533028
11.66 15.21 10.23 59624

1745533029
10.45 14.88 10.19 59319

1745533030
10.45 14.88 10.19 61695

1745533031
9.64 14.59 10.16 74342

1745533032
9.64 14.59 10.16 64831

1745533034
8.8 14.27 10.13 69456

1745533035
8.8 14.27 10.13 58319

1745533036
8.11 13.97 10.09 65422

1745533037
8.11 13.97 10.09 62214

1745533038
7.55 13.68 10.06 72198

1745533039
7.08 13.39 10.02 52153

1745533040
7.08 13.39 10.02 56947

1745533041
6.71 13.12 9.99 52578

1745533042
6.71 13.12 9.99 59415

1745533043
6.4 12.85 9.95 55320

1745533045
6.4 12.85 9.95 82749

1745533046
6.14 12.59 9.92 60811

1745533047
6.14 12.59 9.92 62402

1745533048
5.93 12.34 9.88 61108

1745533049
5.93 12.34 9.88 63624

1745533050
5.76 12.1 9.85 70509

1745533052
5.81 11.9 9.82 92316

1745533053
5.81 11.9 9.82 84005

1745533054
5.84 11.71 9.8 73303

1745533055
6.23 11.59 9.79 116595

1745533056
6.23 11.59 9.79 100258

1745533058
6.37 11.44 9.77 74641

1745533059
6.37 11.44 9.77 132974

1745533060
6.85 11.36 9.76 59744

1745533061
6.85 11.36 9.76 69048

1745533062
6.51 11.15 9.73 66614

1745533063
6.24 10.95 9.69 52381

1745533064
6.24 10.95 9.69 48850

1745533065
5.83 10.72 9.66 42664

1745533066
5.83 10.72 9.66 51888

1745533067
5.5 10.5 9.62 45198

1745533068
5.5 10.5 9.62 83142

1745533069
5.95 10.42 9.61 83281

1745533070
5.95 10.42 9.61 54501

1745533071
5.78 10.24 9.57 51789

1745533072
5.78 10.24 9.57 46785

1745533073
5.45 10.04 9.54 49906

1745533074
5.45 10.04 9.54 218063

1745533075
8.27 10.39 9.61 202734

1745533076
8.27 10.39 9.61 105198

1745533077
8.76 10.41 9.62 115492

1745533078
8.76 10.41 9.62 187529

1745533079
9.35 10.47 9.64 69488

1745533080
9.35 10.47 9.64 46204

1745533081
8.38 10.25 9.6 69336

1745533083
8.38 10.25 9.6 124075

1745533084
8.31 10.18 9.59 72801

1745533085
7.35 9.94 9.54 42572

1745533086
7.35 9.94 9.54 51086

1745533088
7.1 9.82 9.52 128236

1745533089
7.1 9.82 9.52 43585

1745533090
6.54 9.62 9.48 41370

1745533091
5.9 9.41 9.44 38723

1745533092
5.9 9.41 9.44 39519

1745533093
5.55 9.23 9.4 53673

1745533094
5.55 9.23 9.4 44133

1745533095
5.27 9.06 9.36 39390

1745533096
5.27 9.06 9.36 46782

1745533097
5.04 8.89 9.33 42474

1745533098
5.04 8.89 9.33 35789

1745533099
4.67 8.7 9.28 37765

1745533100
4.67 8.7 9.28 38629

1745533101
4.36 8.51 9.24 35810

1745533102
4.36 8.51 9.24 31570

1745533103
4.12 8.33 9.2 40348

1745533104
4.12 8.33 9.2 36438

1745533105
3.91 8.16 9.15 37166

1745533106
3.91 8.16 9.15 31798

1745533107
3.57 7.96 9.1 25693

1745533108
3.57 7.96 9.1 33506

1745533109
3.46 7.79 9.06 44645

1745533111
3.46 7.79 9.06 57070

1745533112
3.56 7.67 9.03 63367

1745533113
3.46 7.52 8.99 33240

1745533114
3.46 7.52 8.99 33834

1745533115
3.37 7.37 8.94 26993

1745533116
3.37 7.37 8.94 26763

1745533117
3.12 7.19 8.9 29539

1745533118
3.12 7.19 8.9 31587

1745533119
3.1 7.05 8.86 43759

1745533120
3.1 7.05 8.86 40218

1745533121
3.26 6.95 8.82 45456

1745533122
3.26 6.95 8.82 31567

1745533123
3.21 6.82 8.78 36757

1745533124
3.21 6.82 8.78 38362

1745533125
3.17 6.7 8.74 39308

1745533126
3.17 6.7 8.74 39592

1745533127
3.32 6.61 8.71 40866

1745533128
3.32 6.61 8.71 52593

1745533129
3.63 6.56 8.68 50973

1745533130
3.63 6.56 8.68 54729

1745533131
3.87 6.5 8.66 64190

1745533132
3.87 6.5 8.66 99064

1745533133
4.62 6.55 8.65 73578

1745533134
4.62 6.55 8.65 62614

1745533135
4.87 6.54 8.64 57539

1745533136
4.87 6.54 8.64 40262

1745533137
4.53 6.42 8.6 36526

1745533138
4.53 6.42 8.6 36775

1745533139
4.43 6.34 8.56 46783

1745533140
4.43 6.34 8.56 37143

1745533141
4.17 6.23 8.53 34637

1745533142
4.17 6.23 8.53 36288

1745533143
3.96 6.12 8.49 30810

1745533144
3.96 6.12 8.49 34429

1745533145
3.78 6.02 8.45 38870

1745533146
3.78 6.02 8.45 34337

1745533147
3.64 5.92 8.41 38750

1745533148
3.64 5.92 8.41 46659

1745533149
3.7 5.86 8.38 35389

1745533150
3.7 5.86 8.38 38557

1745533151
3.94 5.83 8.36 66340

1745533152
3.94 5.83 8.36 45468

1745533153
5.4 6.03 8.38 201174

1745533154
5.4 6.03 8.38 44502

1745533155
5.33 6.0 8.36 56246

1745533156
5.33 6.0 8.36 45862

1745533157
4.9 5.9 8.32 32952

1745533158
4.9 5.9 8.32 42501

1745533159
4.56 5.8 8.29 31636

1745533160
4.56 5.8 8.29 40063

1745533161
4.27 5.71 8.25 38912

1745533162
4.27 5.71 8.25 45444

1745533163
6.58 6.08 8.31 300567

1745533164
6.58 6.08 8.31 407476

1745533166
13.72 7.39 8.57 1047624

1745533167
19.93 8.72 8.84 447620

1745533168
19.93 8.72 8.84 527557

1745533169
26.64 10.3 9.17 632281

1745533170
26.64 10.3 9.17 631763

1745533171
32.69 11.92 9.52 580013

1745533172
32.69 11.92 9.52 653710

1745533173
38.0 13.56 9.87 598277

1745533174
38.0 13.56 9.87 522001

1745533175
39.81 14.69 10.14 432757

1745533176
39.81 14.69 10.14 68441

1745533177
33.68 14.4 10.11 59624

1745533178
33.68 14.4 10.11 249744

1745533180
33.01 14.91 10.24 397367

1745533181
29.57 14.88 10.27 259275

1745533182
29.57 14.88 10.27 38934

1745533183
24.93 14.53 10.23 42307

1745533184
24.93 14.53 10.23 114619

1745533185
23.32 14.57 10.27 216368

1745533186
23.32 14.57 10.27 196900

1745533187
23.44 14.88 10.36 300247

1745533188
23.44 14.88 10.36 352134

1745533189
25.53 15.54 10.53 356692

1745533190
25.53 15.54 10.53 429140

1745533191
29.78 16.64 10.79 564493

1745533192
29.78 16.64 10.79 559381

1745533193
34.71 17.96 11.11 595865

1745533194
34.71 17.96 11.11 572968

1745533195
35.49 18.64 11.3 220512

1745533196
35.49 18.64 11.3 279930

1745533197
32.14 18.59 11.34 60958

1745533198
32.14 18.59 11.34 41424

1745533199
27.04 18.11 11.29 44606

1745533200
27.04 18.11 11.29 40892

1745533201
22.86 17.65 11.24 54486

1745533203
19.99 17.3 11.21 134275

1745533204
19.99 17.3 11.21 78990

1745533205
17.82 17.0 11.19 91814

1745533206
17.82 17.0 11.19 81431

1745533207
15.49 16.6 11.14 31493

1745533208
15.49 16.6 11.14 34812

1745533209
13.23 16.16 11.09 44630

1745533211
13.23 16.16 11.09 43258

1745533212
12.1 15.86 11.06 193722

1745533214
12.99 15.9 11.1 300084

1745533215
12.99 15.9 11.1 171634

1745533216
12.44 15.7 11.09 118502

1745533217
11.64 15.45 11.07 40148

1745533218
11.64 15.45 11.07 37217

1745533219
10.07 15.04 11.01 28961

1745533220
10.07 15.04 11.01 49786

1745533221
8.79 14.65 10.96 28585

1745533222
8.79 14.65 10.96 614684

1745533224
15.35 15.64 11.19 568494

1745533225
15.47 15.65 11.23 72279

1745533227
17.01 15.93 11.31 492961

1745533228
17.01 15.93 11.31 264101

1745533230
16.46 15.86 11.33 39179

1745533231
16.46 15.86 11.33 78347

1745533232
17.47 16.06 11.4 612200

1745533233
17.2 16.06 11.44 79291

1745533235
17.2 16.06 11.44 223146

1745533236
16.26 15.93 11.44 48440

1745533237
16.26 15.93 11.44 106579

1745533238
14.58 15.64 11.41 76923

1745533239
14.58 15.64 11.41 55915

1745533240
13.2 15.35 11.38 212476

1745533241
12.99 15.24 11.38 78010

1745533242
12.99 15.24 11.38 384244

1745533244
14.26 15.4 11.44 105032

1745533245
14.26 15.4 11.44 41144

1745533246
12.58 15.06 11.4 61533

1745533247
11.02 14.7 11.35 52763

1745533249
11.02 14.7 11.35 157019

1745533250
10.65 14.51 11.33 101482

1745533251
10.65 14.51 11.33 96049

1745533252
10.54 14.36 11.32 54421

1745533253
10.54 14.36 11.32 39941

1745533254
9.17 13.99 11.27 512541

1745533255
12.76 14.48 11.39 34852

1745533256
12.76 14.48 11.39 72138

1745533257
11.53 14.2 11.35 52285

1745533258
11.53 14.2 11.35 63392

1745533260
10.17 13.87 11.3 59251

1745533261
10.17 13.87 11.3 35607

1745533262
9.59 13.64 11.27 785579

1745533263
9.59 13.64 11.27 436231

1745533265
18.72 15.16 11.6 89032

1745533266
16.06 14.79 11.55 35658

1745533267
16.06 14.79 11.55 61347

1745533268
13.87 14.44 11.5 33914

1745533269
11.9 14.07 11.44 40397

1745533271
11.9 14.07 11.44 103560

1745533272
10.65 13.77 11.4 56334

1745533273
10.65 13.77 11.4 44624

1745533274
9.44 13.45 11.35 44412

1745533276
12.08 13.79 11.43 866092

1745533277
22.57 15.63 11.83 768216

1745533279
22.57 15.63 11.83 935108

1745533280
25.55 16.4 12.02 54631

1745533281
25.55 16.4 12.02 38151

1745533282
23.82 16.38 12.05 377621

1745533283
23.82 16.38 12.05 58198

1745533284
21.13 16.14 12.02 38235

1745533285
21.13 16.14 12.02 48260

1745533286
18.21 15.78 11.98 59000

1745533287
18.21 15.78 11.98 38175

1745533288
15.45 15.36 11.91 53182

1745533289
14.1 15.12 11.89 114619

1745533291
14.1 15.12 11.89 268159

1745533292
15.89 15.41 11.97 425142

1745533293
15.89 15.41 11.97 162352

1745533294
16.09 15.46 12.01 175616

1745533295
16.09 15.46 12.01 42507

1745533296
14.81 15.25 11.98 45157

1745533298
12.85 14.88 11.93 65211

1745533299
12.85 14.88 11.93 43871

1745533300
11.06 14.49 11.87 35112

1745533301
11.06 14.49 11.87 85882

1745533302
10.51 14.28 11.84 400922

1745533303
10.51 14.28 11.84 279766

1745533305
14.58 14.89 11.99 312510

1745533306
15.56 15.06 12.04 159152

1745533307
15.56 15.06 12.04 44505

1745533308
13.65 14.73 11.99 40801

1745533309
13.65 14.73 11.99 38696

1745533310
11.72 14.34 11.93 31852

1745533311
11.72 14.34 11.93 37134

1745533312
10.14 13.97 11.87 34918

1745533313
10.14 13.97 11.87 602928

1745533314
14.46 14.63 12.02 330633

1745533316
14.37 14.61 12.04 40735

1745533317
14.37 14.61 12.04 40675

1745533318
12.31 14.23 11.97 30970

1745533319
12.31 14.23 11.97 26173

1745533320
10.44 13.83 11.91 29760

1745533321
10.44 13.83 11.91 33119

1745533322
9.09 13.47 11.84 34250

1745533323
9.09 13.47 11.84 29975

1745533324
7.81 13.1 11.78 32481

1745533325
7.81 13.1 11.78 39285

1745533326
6.94 12.77 11.72 36237

1745533327
6.22 12.45 11.66 33165

1745533328
6.22 12.45 11.66 31227

1745533329
5.46 12.1 11.59 28640

1745533330
5.46 12.1 11.59 38836

1745533332
5.01 11.81 11.53 29660

1745533333
5.01 11.81 11.53 18637

1745533335
5.91 11.75 11.52 583701

1745533336
9.73 12.25 11.63 235963

1745533337
9.73 12.25 11.63 71635

1745533338
9.6 12.14 11.61 126986

1745533339
9.49 12.04 11.59 68983

1745533340
9.49 12.04 11.59 24839

1745533341
8.31 11.74 11.53 38209

1745533342
8.31 11.74 11.53 45975

1745533344
7.35 11.45 11.47 22125

1745533345
7.35 11.45 11.47 14013

1745533346
6.2 11.11 11.4 8697

1745533347
6.2 11.11 11.4 17227

1745533348
5.25 10.78 11.33 23772

1745533349
5.25 10.78 11.33 55467

1745533350
4.85 10.53 11.27 8329

1745533351
4.85 10.53 11.27 23713

1745533352
4.15 10.21 11.2 44333

1745533353
4.15 10.21 11.2 15249

1745533355
3.76 9.94 11.14 65764

1745533356
5.43 10.04 11.15 579864

1745533358
8.98 10.53 11.25 248988

1745533359
8.98 10.53 11.25 14707

1745533360
8.98 10.48 11.23 56149

1745533361
8.44 10.34 11.19 143674

1745533362
8.44 10.34 11.19 41940

1745533364
7.63 10.13 11.15 56758

1745533365
7.63 10.13 11.15 53130

1745533366
7.16 9.96 11.1 57066

1745533367
7.16 9.96 11.1 65486

1745533368
6.94 9.83 11.07 62350

1745533369
6.94 9.83 11.07 66441

1745533370
6.77 9.7 11.03 71051

1745533371
6.77 9.7 11.03 73767

1745533372
7.72 9.78 11.04 338829

1745533373
11.03 10.31 11.14 303832

1745533375
11.03 10.31 11.14 219542

1745533376
11.57 10.43 11.16 288547

1745533378
12.37 10.61 11.19 100392

1745533379
12.37 10.61 11.19 47245

1745533380
10.67 10.36 11.14 33315

1745533381
10.67 10.36 11.14 40515

1745533382
9.28 10.12 11.08 31653

1745533383
9.28 10.12 11.08 26587

1745533384
7.96 9.86 11.02 35782

1745533385
6.7 9.57 10.95 11574

1745533387
6.7 9.57 10.95 29972

1745533388
5.85 9.32 10.89 36616

1745533389
5.85 9.32 10.89 20059

1745533390
5.15 9.08 10.83 17408

1745533391
5.15 9.08 10.83 23241

1745533392
4.4 8.81 10.76 18599

1745533393
4.4 8.81 10.76 37355

1745533394
3.96 8.59 10.7 202964

1745533397
7.05 9.0 10.77 606108

1745533399
11.93 9.82 10.93 1256858

1745533400
25.53 12.34 11.45 670677

1745533401
25.53 12.34 11.45 39947

1745533402
21.81 12.1 11.41 29607

1745533403
21.81 12.1 11.41 29800

1745533404
18.4 11.8 11.35 55847

1745533405
18.4 11.8 11.35 27661

1745533406
15.61 11.51 11.29 43974

1745533407
13.32 11.23 11.23 42540

1745533409
13.32 11.23 11.23 26486

1745533410
11.27 10.93 11.17 29705

1745533411
11.27 10.93 11.17 31122

1745533412
9.59 10.64 11.11 53849

1745533414
8.4 10.39 11.05 39573

1745533415
8.4 10.39 11.05 27191

1745533416
7.24 10.11 10.99 28577

1745533417
7.24 10.11 10.99 22264

1745533418
6.29 9.85 10.93 17487

1745533419
6.29 9.85 10.93 15777

1745533420
5.69 9.62 10.87 180078

1745533422
7.92 9.9 10.92 250338

1745533423
7.92 9.9 10.92 12853

1745533424
6.66 9.61 10.86 2988

1745533425
6.66 9.61 10.86 1802

1745533426
5.46 9.29 10.78 67583

1745533427
5.92 9.25 10.76 109325

1745533428
5.92 9.25 10.76 4146

1745533430
4.84 8.95 10.69 2376

1745533431
4.84 8.95 10.69 2098

1745533432
3.97 8.65 10.61 694

1745533434
3.25 8.37 10.54 3607

1745533435
3.25 8.37 10.54 602

1745533436
2.66 8.09 10.47 1308

1745533437
2.66 8.09 10.47 2476

1745533438
2.17 7.83 10.4 4672

1745533439
1.78 7.57 10.33 3310

1745533440
1.78 7.57 10.33 3824

1745533442
1.46 7.33 10.26 6007

1745533443
1.46 7.33 10.26 4991

1745533444
1.19 7.08 10.19 924

1745533445
1.19 7.08 10.19 8200

1745533446
0.97 6.85 10.12 7345

1745533447
0.97 6.85 10.12 3239

1745533448
0.8 6.63 10.05 2951

1745533449
0.8 6.63 10.05 2922

1745533450
0.65 6.41 9.98 3272

1745533451
0.65 6.41 9.98 2137

1745533452
0.53 6.2 9.91 3455

1745533453
0.43 6.0 9.84 7994

1745533454
0.43 6.0 9.84 9381

1745533456
0.35 5.8 9.77 7863

1745533457
0.35 5.8 9.77 3771

1745533458
0.29 5.61 9.71 10435

1745533459
0.29 5.61 9.71 5194

1745533460
0.24 5.43 9.64 5089

1745533461
0.24 5.43 9.64 1988

1745533462
0.19 5.25 9.57 1392

1745533463
0.19 5.25 9.57 1013

1745533464
1.42 5.31 9.56 400404

1745533466
12.58 7.19 9.92 1096552

1745533467
12.58 7.19 9.92 1219960

1745533469
23.7 9.38 10.36 988043

1745533470
30.1 11.0 10.69 784419

1745533472
31.89 11.95 10.89 564001

1745533473
31.89 11.95 10.89 92534

1745533474
27.92 11.89 10.89 2668

1745533475
27.92 11.89 10.89 1557

1745533476
22.86 11.5 10.81 1200

1745533477
18.72 11.12 10.74 2383

1745533478
18.72 11.12 10.74 2214

1745533479
15.33 10.76 10.66 2524

1745533480
15.33 10.76 10.66 2156

1745533481
12.55 10.4 10.59 3817

1745533483
12.55 10.4 10.59 7657

1745533484
10.28 10.06 10.52 2688

1745533485
10.28 10.06 10.52 5741

1745533486
8.59 9.77 10.45 20298

1745533487
8.59 9.77 10.45 17267

1745533488
7.22 9.48 10.39 125833

1745533489
7.22 9.48 10.39 25046

1745533490
7.18 9.4 10.36 41401

1745533491
7.18 9.4 10.36 33908

1745533492
6.24 9.16 10.31 83285

1745533493
7.64 9.31 10.33 213566

1745533494
7.64 9.31 10.33 50545

1745533495
6.98 9.14 10.29 33315

1745533497
6.98 9.14 10.29 129284

1745533498
6.98 9.07 10.27 49892

1745533499
6.98 9.07 10.27 30263

1745533500
6.26 8.87 10.22 105883

1745533502
10.92 9.63 10.37 701202

1745533504
10.94 9.67 10.37 111519

1745533505
10.94 9.67 10.37 82913

1745533507
10.77 9.68 10.37 358540

1745533508
11.17 9.79 10.38 195993

1745533510
10.59 9.73 10.37 60037

1745533511
10.59 9.73 10.37 769763

1745533512
19.91 11.44 10.72 719953

1745533513
19.91 11.44 10.72 470619

1745533515
25.54 12.74 11.0 706194

1745533516
30.15 13.99 11.27 506389

1745533517
36.46 15.66 11.64 1330768

1745533519
36.46 15.66 11.64 1263342

1745533521
44.53 17.8 12.11 1099578

1745533523
44.25 18.62 12.32 868700

1745533524
46.56 19.88 12.63 704707

1745533526
46.28 20.7 12.85 642788

1745533527
46.28 20.7 12.85 384569

1745533529
43.69 21.07 12.98 664876

1745533530
42.48 21.59 13.15 229408

1745533531
42.48 21.59 13.15 150242

1745533532
36.41 21.18 13.12 48825

1745533534
31.44 20.78 13.09 190260

1745533535
31.44 20.78 13.09 129610

1745533536
27.2 20.36 13.05 70143

1745533537
24.26 20.05 13.04 150168

1745533539
24.26 20.05 13.04 216418

1745533540
24.03 20.15 13.11 303988

1745533541
24.03 20.15 13.11 166769

1745533542
21.85 19.88 13.1 49606

1745533543
21.85 19.88 13.1 74390

1745533544
19.16 19.46 13.06 62391

1745533545
19.16 19.46 13.06 45201

1745533546
16.41 18.95 13.0 42839

1745533547
16.41 18.95 13.0 59038

1745533549
14.71 18.56 12.96 432081

1745533551
16.03 18.67 13.02 448403

1745533553
16.56 18.69 13.06 493790

1745533554
18.09 18.89 13.14 553052

1745533556
23.15 19.78 13.37 418577

1745533557
23.15 19.78 13.37 37519

1745533558
19.68 19.26 13.3 64611

1745533559
19.68 19.26 13.3 108408

1745533561
17.56 18.89 13.26 96341

1745533562
15.65 18.5 13.22 123704

1745533563
14.08 18.13 13.18 97681

1745533565
14.08 18.13 13.18 34436

1745533566
11.89 17.6 13.1 19356

1745533567
11.89 17.6 13.1 25151

1745533568
10.64 17.19 13.05 90399

1745533570
13.06 17.41 13.12 603665

1745533572
19.21 18.38 13.35 859849

1745533573
19.21 18.38 13.35 407963

1745533575
20.26 18.59 13.43 89300

1745533577
20.93 18.77 13.5 813382

1745533578
24.57 19.5 13.69 449326

1745533580
26.1 19.94 13.83 577898

1745533582
22.45 19.48 13.77 66706

1745533584
19.65 19.08 13.72 169092

1745533586
22.98 19.69 13.89 945421

1745533588
24.97 20.16 14.03 587692

1745533589
24.97 20.16 14.03 536481

1745533591
26.24 20.55 14.15 504301

1745533593
27.11 20.89 14.27 564376

1745533594
27.81 21.22 14.38 384041

1745533596
28.39 21.54 14.5 522224

1745533597
28.39 21.54 14.5 415008

1745533599
28.86 21.85 14.61 640067

1745533601
29.25 22.15 14.72 592762

1745533602
29.38 22.41 14.83 291397

1745533604
29.13 22.59 14.92 656646

1745533606
29.29 22.83 15.02 453953

1745533607
29.29 22.83 15.02 363437

1745533609
29.05 23.0 15.11 513709

1745533610
28.68 23.13 15.19 288606

1745533611
28.68 23.13 15.19 329572

1745533613
28.37 23.26 15.27 478707

1745533614
27.94 23.35 15.34 308866

1745533616
27.59 23.44 15.42 471036

1745533618
27.3 23.52 15.49 545655

1745533620
27.06 23.6 15.56 540458

1745533622
26.87 23.68 15.63 608097

1745533624
26.71 23.76 15.71 510800

1745533626
36.91 25.69 16.17 1672541

1745533627
36.91 25.69 16.17 1509839

1745533629
46.71 27.83 16.68 1173991

1745533630
53.46 29.67 17.14 1159121

1745533631
53.46 29.67 17.14 946303

1745533633
59.72 31.58 17.62 1934784

1745533634
64.84 33.42 18.1 895756

1745533636
68.85 35.18 18.58 1772842

1745533637
68.85 35.18 18.58 939348

1745533639
72.5 36.94 19.06 1308987

1745533640
71.14 37.85 19.37 369749

1745533641
71.14 37.85 19.37 301359

1745533642
64.05 37.66 19.46 312604

1745533643
64.05 37.66 19.46 398839

1745533644
58.97 37.61 19.57 497594

1745533645
58.97 37.61 19.57 444539

1745533646
56.62 37.88 19.75 367071

1745533647
56.62 37.88 19.75 495842

1745533648
54.15 38.05 19.91 491761

1745533649
54.15 38.05 19.91 478256

1745533650
52.85 38.34 20.1 421830

1745533652
50.34 38.36 20.23 754263

1745533654
48.29 38.39 20.35 785393

1745533655
48.29 38.39 20.35 394061

1745533656
46.6 38.41 20.48 403233

1745533657
46.6 38.41 20.48 426700

1745533659
45.59 38.49 20.62 767029

1745533660
44.21 38.47 20.74 349931

1745533662
42.54 38.36 20.84 690983

1745533663
42.54 38.36 20.84 387540

1745533664
41.36 38.28 20.94 378214

1745533665
41.36 38.28 20.94 366515

1745533666
40.57 38.24 21.05 358048

1745533667
40.57 38.24 21.05 346196

1745533669
39.38 38.1 21.14 681936

1745533670
38.4 37.97 21.23 345630

1745533671
38.4 37.97 21.23 317592

1745533672
37.42 37.8 21.31 332690

1745533673
37.42 37.8 21.31 317400

1745533674
36.44 37.61 21.38 319072

1745533675
36.44 37.61 21.38 304475

1745533676
35.27 37.36 21.44 284138

1745533677
35.27 37.36 21.44 269756

1745533678
33.77 37.02 21.48 250835

1745533679
33.77 37.02 21.48 238910

1745533680
32.0 36.6 21.5 248316

1745533681
32.0 36.6 21.5 239484

1745533682
30.55 36.18 21.52 237807

1745533683
30.55 36.18 21.52 210770

1745533684
29.0 35.72 21.52 198907

1745533685
29.0 35.72 21.52 206646

1745533686
27.37 35.2 21.51 199542

1745533687
27.37 35.2 21.51 194495

1745533688
25.85 34.67 21.49 199146

1745533689
25.85 34.67 21.49 201136

1745533690
24.79 34.19 21.48 199746

1745533691
24.79 34.19 21.48 202657

1745533692
23.92 33.73 21.47 306572

1745533693
23.92 33.73 21.47 417578

1745533694
26.29 33.84 21.58 429214

1745533696
29.14 34.1 21.72 833955

1745533697
29.14 34.1 21.72 421378

1745533698
31.47 34.36 21.85 417138

1745533699
31.47 34.36 21.85 412935

1745533700
33.19 34.58 21.99 400629

1745533701
33.19 34.58 21.99 406780

1745533702
34.42 34.76 22.11 412834

1745533703
34.42 34.76 22.11 404022

1745533704
35.43 34.93 22.23 404262

1745533705
35.43 34.93 22.23 403336

1745533706
36.26 35.09 22.35 384777

1745533707
36.26 35.09 22.35 390297

1745533708
36.57 35.19 22.46 398692

1745533709
36.57 35.19 22.46 375870

1745533710
36.83 35.28 22.57 358627

1745533711
36.83 35.28 22.57 326568

1745533712
36.14 35.21 22.64 320776

1745533713
36.14 35.21 22.64 303807

1745533714
35.02 35.04 22.69 279479

1745533715
35.02 35.04 22.69 274123

1745533716
33.57 34.77 22.72 245444

1745533717
33.57 34.77 22.72 219523

1745533718
31.47 34.35 22.71 210064

1745533719
31.47 34.35 22.71 332091

1745533720
30.84 34.14 22.75 326829

1745533721
30.84 34.14 22.75 365083

1745533722
31.41 34.14 22.83 355638

1745533723
31.41 34.14 22.83 193486

1745533724
30.43 33.87 22.85 188787

1745533725
30.43 33.87 22.85 188702

1745533726
28.18 33.35 22.81 211403

1745533728
26.88 32.95 22.8 434751

1745533729
26.88 32.95 22.8 223467

1745533730
25.81 32.56 22.79 171236

1745533731
25.81 32.56 22.79 181868

1745533732
24.21 32.05 22.75 175184

1745533733
24.21 32.05 22.75 157023

1745533734
22.72 31.52 22.7 147787

1745533735
22.72 31.52 22.7 144757

1745533736
21.14 30.95 22.64 146726

1745533737
21.14 30.95 22.64 144975

1745533738
19.85 30.39 22.58 153442

1745533740
19.15 29.92 22.54 481659

1745533741
19.15 29.92 22.54 358070

1745533742
21.84 30.06 22.62 225553

1745533743
21.84 30.06 22.62 191198

1745533744
21.5 29.73 22.6 191961

1745533745
21.5 29.73 22.6 196038

1745533746
21.05 29.38 22.57 197965

1745533747
21.05 29.38 22.57 183853

1745533748
20.5 29.0 22.54 144521

1745533749
20.5 29.0 22.54 131770

1745533750
19.14 28.48 22.48 129561

1745533751
19.14 28.48 22.48 125681

1745533752
17.84 27.94 22.41 133556

1745533753
17.84 27.94 22.41 132314

1745533754
16.96 27.45 22.34 130144

1745533755
16.96 27.45 22.34 125125

1745533756
16.06 26.94 22.27 125264

1745533757
16.06 26.94 22.27 125878

1745533758
15.33 26.45 22.2 122715

1745533759
15.33 26.45 22.2 132676

1745533760
14.72 25.98 22.13 121992

1745533761
14.72 25.98 22.13 127140

1745533762
14.23 25.52 22.06 137124

1745533764
14.0 25.11 22.0 258663

1745533765
14.0 25.11 22.0 131947

1745533766
13.82 24.72 21.94 131347

1745533767
13.82 24.72 21.94 135027

1745533768
13.67 24.33 21.87 134191

1745533769
13.67 24.33 21.87 118129

1745533770
13.37 23.93 21.81 122783

1745533771
13.37 23.93 21.81 123416

1745533772
13.12 23.54 21.74 122273

1745533773
13.12 23.54 21.74 120438

1745533774
12.91 23.16 21.67 122006

1745533775
12.91 23.16 21.67 129193

1745533776
12.75 22.8 21.61 132182

1745533777
12.75 22.8 21.61 123087

1745533778
12.61 22.44 21.54 127319

1745533779
12.61 22.44 21.54 127460

1745533780
12.5 22.1 21.47 123105

1745533781
12.5 22.1 21.47 119615

1745533782
12.41 21.77 21.41 124334

1745533783
12.41 21.77 21.41 127641

1745533784
12.33 21.45 21.35 122646

1745533785
12.33 21.45 21.35 124948

1745533786
12.27 21.14 21.28 126473

1745533787
12.27 21.14 21.28 132618

1745533788
12.4 20.87 21.22 133875

1745533789
12.4 20.87 21.22 130194

1745533790
12.33 20.58 21.16 110095

1745533791
12.33 20.58 21.16 111227

1745533792
12.09 20.27 21.09 105652

1745533793
12.09 20.27 21.09 104965

1745533794
11.71 19.93 21.02 118515

1745533795
11.71 19.93 21.02 124322

1745533796
11.58 19.64 20.95 102698

1745533797
11.58 19.64 20.95 122533

1745533798
11.47 19.36 20.88 123033

1745533799
11.47 19.36 20.88 108490

1745533800
11.39 19.08 20.81 106341

1745533801
11.39 19.08 20.81 119780

1745533802
11.31 18.82 20.74 125179

1745533803
11.31 18.82 20.74 118317

1745533804
11.44 18.59 20.68 114030

1745533805
11.44 18.59 20.68 112015

1745533806
11.36 18.35 20.62 108808

1745533807
11.36 18.35 20.62 107790

1745533808
11.11 18.07 20.54 109220

1745533809
11.11 18.07 20.54 112522

1745533810
11.09 17.84 20.48 121500

1745533811
11.09 17.84 20.48 121201

1745533812
11.25 17.65 20.42 113317

1745533813
11.25 17.65 20.42 110305

1745533814
11.21 17.43 20.36 108838

1745533815
11.21 17.43 20.36 113199

1745533816
11.17 17.22 20.29 111968

1745533818
11.32 17.05 20.23 240959

1745533819
11.32 17.05 20.23 109105

1745533820
11.26 16.85 20.17 115634

1745533821
11.26 16.85 20.17 115859

1745533822
11.21 16.66 20.11 114569

1745533823
11.21 16.66 20.11 118312

1745533824
11.17 16.47 20.04 109185

1745533825
11.17 16.47 20.04 117131

1745533826
11.14 16.29 19.98 120155

1745533827
11.14 16.29 19.98 132684

1745533828
11.29 16.15 19.93 135684

1745533829
11.29 16.15 19.93 125258

1745533830
11.42 16.02 19.87 114986

1745533831
11.42 16.02 19.87 112935

1745533832
11.34 15.85 19.81 110669

1745533833
11.34 15.85 19.81 112186

1745533834
11.28 15.69 19.75 114379

1745533835
11.28 15.69 19.75 106308

1745533836
11.05 15.51 19.68 119491

1745533837
11.05 15.51 19.68 107040

1745533838
11.04 15.36 19.63 112067

1745533839
11.04 15.36 19.63 118962

1745533840
11.03 15.22 19.57 117574

1745533841
11.03 15.22 19.57 129170

1745533842
11.2 15.11 19.51 129062

1745533843
11.2 15.11 19.51 124003

1745533844
11.35 15.01 19.46 120710

1745533845
11.35 15.01 19.46 122694

1745533846
11.47 14.91 19.41 118313

1745533847
11.47 14.91 19.41 112102

1745533848
11.38 14.78 19.35 128482

1745533850
11.49 14.69 19.3 252385

1745533851
11.49 14.69 19.3 133252

1745533852
11.76 14.63 19.26 135092

1745533853
11.76 14.63 19.26 123255

1745533854
11.81 14.55 19.21 115824

1745533855
11.81 14.55 19.21 109758

1745533856
11.66 14.43 19.15 110574

1745533857
11.66 14.43 19.15 111903

1745533858
11.36 14.29 19.09 105354

1745533859
11.36 14.29 19.09 111512

1745533860
11.11 14.14 19.03 118645

1745533862
10.91 14.01 18.97 207983

1745533863
10.91 14.01 18.97 114617

1745533864
10.92 13.91 18.91 116105

1745533865
10.92 13.91 18.91 113506

1745533866
10.94 13.81 18.86 114266

1745533867
10.94 13.81 18.86 109892

1745533868
10.95 13.72 18.8 108512

1745533869
10.95 13.72 18.8 113770

1745533870
10.96 13.63 18.75 106808

1745533871
10.96 13.63 18.75 118833

1745533872
10.96 13.55 18.7 102489

1745533873
10.96 13.55 18.7 114666

1745533874
10.79 13.43 18.64 116239

1745533875
10.79 13.43 18.64 120235

1745533876
10.83 13.35 18.58 138843

1745533878
11.4 13.37 18.55 278799

1745533879
11.4 13.37 18.55 126203

1745533880
11.51 13.33 18.51 104841

1745533882
11.41 13.25 18.46 239109

1745533883
11.41 13.25 18.46 110891

1745533884
11.34 13.17 18.4 117926

1745533885
11.34 13.17 18.4 99609

1745533886
11.1 13.07 18.35 117832

1745533887
11.1 13.07 18.35 110769

1745533888
11.08 13.0 18.3 123581

1745533889
11.08 13.0 18.3 126606

1745533890
11.24 12.97 18.25 117374

1745533891
11.24 12.97 18.25 121259

1745533892
11.2 12.9 18.2 117006

1745533893
11.2 12.9 18.2 118910

1745533894
11.16 12.84 18.15 113891

1745533895
11.16 12.84 18.15 109345

1745533896
11.13 12.78 18.1 105145

1745533897
11.13 12.78 18.1 113041

1745533898
10.92 12.69 18.05 111798

1745533899
10.92 12.69 18.05 105549

1745533900
10.94 12.63 18.0 127712

1745533901
10.94 12.63 18.0 112763

1745533902
10.95 12.58 17.95 118664

1745533903
10.95 12.58 17.95 102256

1745533904
10.96 12.53 17.9 122267

1745533905
10.96 12.53 17.9 114206

1745533906
10.96 12.48 17.86 117364

1745533907
10.96 12.48 17.86 132419

1745533908
11.15 12.46 17.82 113993

1745533909
11.15 12.46 17.82 106726

1745533910
11.12 12.41 17.77 112906

1745533911
11.12 12.41 17.77 114053

1745533912
11.1 12.37 17.72 120174

1745533913
11.1 12.37 17.72 120084

1745533914
11.08 12.32 17.68 126315

1745533915
11.08 12.32 17.68 129519

1745533916
11.43 12.34 17.64 133338

1745533917
11.43 12.34 17.64 132873

1745533919
11.53 12.33 17.61 242394

1745533920
11.62 12.32 17.57 113257

1745533921
11.62 12.32 17.57 121832

1745533922
11.5 12.28 17.52 127918

1745533923
11.5 12.28 17.52 133732

1745533925
11.59 12.27 17.48 249177

1745533926
11.66 12.26 17.45 128042

1745533927
11.66 12.26 17.45 137793

1745533929
11.72 12.25 17.41 246669

1745533930
11.77 12.24 17.37 143558

1745533932
12.0 12.27 17.34 253188

1745533933
12.0 12.27 17.34 139265

1745533934
12.18 12.29 17.31 144801

1745533935
12.18 12.29 17.31 146529

1745533937
12.51 12.35 17.29 284912

1745533938
12.78 12.4 17.27 141465

1745533939
12.78 12.4 17.27 135464

1745533940
12.82 12.42 17.24 138329

1745533941
12.82 12.42 17.24 142795

1745533942
13.03 12.47 17.21 144854

1745533943
13.03 12.47 17.21 136106

1745533944
13.02 12.49 17.18 139833

1745533946
13.2 12.54 17.16 180145

1745533947
13.2 12.54 17.16 233810

1745533948
13.16 12.55 17.13 144457

1745533950
13.13 12.57 17.1 253765

1745533951
13.13 12.57 17.1 135308

1745533952
13.11 12.58 17.08 158988

1745533954
13.09 12.6 17.05 256498

1745533956
13.07 12.61 17.02 265520

1745533957
13.07 12.61 17.02 128594

1745533958
13.06 12.62 16.99 129514

1745533959
13.06 12.62 16.99 134300

1745533960
12.86 12.6 16.96 135859

1745533961
12.86 12.6 16.96 139740

1745533963
12.89 12.61 16.93 237550

1745533964
12.73 12.59 16.9 127935

1745533966
12.59 12.57 16.86 247052

1745533967
12.59 12.57 16.86 128143

1745533968
12.48 12.55 16.83 128650

1745533970
12.58 12.57 16.8 269047

1745533972
12.47 12.55 16.77 240756

1745533973
12.47 12.55 16.77 125316

1745533974
12.39 12.53 16.74 127847

1745533975
12.39 12.53 16.74 135171

1745533977
12.31 12.51 16.7 319207

1745533978
12.98 12.63 16.7 133181

1745533979
12.98 12.63 16.7 137018

1745533980
12.98 12.64 16.67 136519

1745533982
12.99 12.65 16.65 261934

1745533983
12.99 12.65 16.65 129831

1745533984
12.99 12.66 16.62 126325

1745533985
12.99 12.66 16.62 122216

1745533986
12.81 12.64 16.59 125027

1745533987
12.81 12.64 16.59 127950

1745533988
12.66 12.62 16.56 134677

1745533989
12.66 12.62 16.56 131972

1745533990
12.72 12.63 16.54 134605

1745533991
12.72 12.63 16.54 123255

1745533993
12.59 12.61 16.5 144581

1745533994
12.66 12.62 16.48 228940

1745533995
12.66 12.62 16.48 134080

1745533997
12.54 12.6 16.45 243501

1745533999
12.44 12.58 16.42 243371

1745534000
12.36 12.56 16.39 110812

1745534001
12.36 12.56 16.39 107312

1745534002
11.93 12.48 16.34 109696

1745534003
11.93 12.48 16.34 121825

1745534004
11.76 12.43 16.31 139056

1745534006
11.81 12.42 16.28 229341

1745534009
11.66 12.37 16.24 274673

1745534010
11.9 12.39 16.22 203368

1745534011
11.9 12.39 16.22 144791

1745534012
11.92 12.38 16.19 143056

1745534014
12.11 12.4 16.17 189213

1745534015
12.11 12.4 16.17 179000

1745534016
11.91 12.35 16.13 115800

1745534017
11.91 12.35 16.13 124251

1745534019
11.74 12.31 16.1 225125

1745534021
11.61 12.26 16.06 214739

1745534022
11.32 12.19 16.02 103713

1745534023
11.32 12.19 16.02 107154

1745534024
11.08 12.12 15.98 110575

1745534026
11.24 12.11 15.95 253712

1745534027
11.24 12.11 15.95 109834

1745534028
11.2 12.08 15.92 114746

1745534029
11.2 12.08 15.92 132804

1745534030
11.34 12.07 15.89 135887

1745534031
11.34 12.07 15.89 149205

1745534032
11.82 12.14 15.88 147898

1745534034
12.22 12.2 15.86 298469

1745534036
12.54 12.26 15.85 267451

1745534038
12.8 12.31 15.84 357916

1745534040
13.2 12.4 15.83 247339

1745534041
13.2 12.4 15.83 136155

1745534042
13.16 12.42 15.81 124271

1745534043
13.16 12.42 15.81 125504

1745534045
12.95 12.41 15.79 277678

1745534047
12.96 12.43 15.77 269823

1745534048
13.15 12.48 15.75 160855

1745534050
14.21 12.69 15.78 296322

1745534051
14.21 12.69 15.78 238864

1745534052
14.17 12.73 15.77 140560

1745534053
14.17 12.73 15.77 151860

1745534054
14.14 12.78 15.75 165794

1745534056
14.11 12.82 15.74 158588

1745534057
14.11 12.82 15.74 145220

1745534058
14.09 12.85 15.73 241196

1745534060
13.89 12.86 15.71 280810

1745534062
13.73 12.86 15.69 151301

1745534063
13.73 12.86 15.69 219268

1745534065
13.6 12.87 15.67 172611

1745534066
13.49 12.87 15.65 166225

1745534067
13.49 12.87 15.65 215694

1745534069
13.4 12.88 15.63 283958

1745534071
13.32 12.88 15.62 215717

1745534073
12.9 12.82 15.58 233161

1745534074
12.56 12.76 15.55 115428

1745534075
12.56 12.76 15.55 134221

1745534077
12.27 12.7 15.52 212399

1745534079
12.04 12.65 15.49 233414

1745534080
11.85 12.59 15.46 113903

1745534081
11.85 12.59 15.46 43061

1745534083
10.97 12.41 15.4 133515

1745534084
10.43 12.26 15.35 75552

1745534085
10.43 12.26 15.35 90016

1745534087
9.45 12.03 15.28 392037

1745534089
13.53 12.68 15.39 782185

1745534091
16.7 13.28 15.5 412156

1745534092
18.38 13.69 15.57 389475

1745534094
20.12 14.16 15.66 554023

1745534096
20.12 14.16 15.66 378862

1745534097
21.01 14.52 15.72 201069

1745534098
20.46 14.63 15.74 244992

1745534099
20.46 14.63 15.74 104363

1745534100
18.2 14.41 15.68 34733

1745534101
18.2 14.41 15.68 228278

1745534103
19.07 14.69 15.74 481847

1745534104
22.32 15.42 15.88 617727

1745534106
24.8 16.1 16.02 599455

1745534108
26.1 16.62 16.13 646014

1745534109
26.1 16.62 16.13 313920

1745534111
25.9 16.89 16.19 401498

1745534113
25.37 17.09 16.24 418383

1745534114
24.4 17.19 16.26 266464

1745534116
23.78 17.31 16.29 364543

1745534117
23.78 17.31 16.29 244352

1745534119
23.64 17.5 16.34 461850

1745534120
23.34 17.65 16.38 216388

1745534122
23.34 17.65 16.38 342286

1745534123
22.55 17.69 16.4 285580

1745534125
22.27 17.8 16.43 404356

1745534126
22.22 17.94 16.47 278204

1745534128
22.54 18.14 16.52 556486

1745534129
22.54 18.14 16.52 433299

1745534130
24.44 18.62 16.63 253689

1745534132
23.99 18.73 16.67 329852

1745534133
23.99 18.73 16.67 215542

1745534135
23.45 18.81 16.7 442180

1745534137
23.01 18.88 16.73 427990

1745534139
22.46 18.91 16.75 398506

1745534141
22.38 19.02 16.79 425609

1745534143
22.31 19.11 16.82 521553

1745534145
21.71 19.11 16.84 367346

1745534147
21.03 19.07 16.85 283378

1745534148
20.48 19.04 16.85 199319

1745534149
20.48 19.04 16.85 194927

1745534151
20.03 19.0 16.86 398764

1745534152
19.84 19.0 16.88 208841

1745534154
19.69 19.0 16.89 341221

1745534156
19.38 18.97 16.9 373253

1745534158
19.13 18.94 16.91 357056

1745534160
19.13 18.94 16.91 328615

1745534161
18.74 18.87 16.91 240168

1745534162
19.15 18.94 16.94 271533

1745534164
20.75 19.24 17.01 569642

1745534166
22.25 19.56 17.09 548036

1745534168
23.47 19.87 17.18 667398

1745534170
23.47 19.87 17.18 243273

1745534171
22.3 19.77 17.17 159866

1745534173
20.79 19.58 17.15 315249

1745534175
19.38 19.37 17.12 269256

1745534177
18.04 19.13 17.09 201005

1745534178
16.95 18.89 17.05 141527

1745534180
16.23 18.7 17.03 270040

1745534181
16.23 18.7 17.03 165166

1745534183
16.01 18.58 17.01 307250

1745534184
15.64 18.43 16.99 157673

1745534186
15.64 18.43 16.99 245154

1745534187
15.34 18.28 16.97 199936

1745534189
14.92 18.11 16.94 217769

1745534190
14.75 17.97 16.92 184343

1745534191
14.75 17.97 16.92 146936

1745534192
14.61 17.84 16.9 146282

1745534194
14.61 17.84 16.9 225338

1745534195
14.32 17.69 16.87 137731

1745534196
14.32 17.69 16.87 129938

1745534197
14.08 17.53 16.85 139774

1745534198
14.08 17.53 16.85 146549

1745534199
14.06 17.42 16.83 142615

1745534200
14.06 17.42 16.83 142210

1745534201
14.05 17.3 16.81 143124

1745534202
14.05 17.3 16.81 120682

1745534203
13.86 17.16 16.78 114293

1745534204
13.86 17.16 16.78 130838

1745534205
13.52 16.99 16.75 126339

1745534206
13.52 16.99 16.75 123044

1745534207
13.24 16.83 16.72 118449

1745534209
12.84 16.64 16.68 230711

1745534210
12.84 16.64 16.68 110837

1745534211
12.5 16.45 16.64 118476

1745534212
12.5 16.45 16.64 110916

1745534213
12.23 16.27 16.6 111674

1745534214
12.23 16.27 16.6 109387

1745534215
12.01 16.1 16.56 111641

1745534216
12.01 16.1 16.56 116524

1745534217
11.82 15.93 16.52 112480

1745534218
11.82 15.93 16.52 118615

1745534219
11.67 15.77 16.48 111786

1745534220
11.67 15.77 16.48 141789

1745534222
11.73 15.65 16.45 195369

1745534223
11.42 15.46 16.41 121737

1745534224
11.42 15.46 16.41 108204

1745534225
11.34 15.32 16.37 105799

1745534226
11.34 15.32 16.37 111126

1745534227
11.1 15.14 16.33 125106

1745534228
11.1 15.14 16.33 118464

1745534229
11.26 15.04 16.3 113830

1745534230
11.26 15.04 16.3 104263

1745534231
11.03 14.87 16.25 110578

1745534232
11.03 14.87 16.25 106051

1745534233
10.84 14.71 16.21 110291

1745534234
10.84 14.71 16.21 109675

1745534235
10.87 14.59 16.18 127697

1745534236
10.87 14.59 16.18 136788

1745534237
11.26 14.54 16.15 117006

1745534238
11.26 14.54 16.15 115401

1745534239
11.21 14.42 16.12 110764

1745534240
11.21 14.42 16.12 113393

1745534241
11.17 14.31 16.08 163462

1745534242
11.17 14.31 16.08 175400

1745534243
12.22 14.4 16.09 201344

1745534244
12.22 14.4 16.09 196799

1745534245
13.45 14.55 16.11 204497

1745534246
13.45 14.55 16.11 226359

1745534247
15.0 14.79 16.15 229052

1745534248
15.0 14.79 16.15 224530

1745534249
16.27 15.03 16.19 227043

1745534250
16.27 15.03 16.19 220740

1745534251
17.31 15.26 16.23 236092

1745534252
17.31 15.26 16.23 247169

1745534254
18.52 15.54 16.28 482596

1745534255
19.51 15.82 16.34 239514

1745534256
19.51 15.82 16.34 226265

1745534257
20.14 16.06 16.38 244309

1745534258
20.14 16.06 16.38 245923

1745534259
20.84 16.31 16.43 238070

1745534260
20.84 16.31 16.43 149990

1745534261
20.32 16.37 16.44 109020

1745534262
20.32 16.37 16.44 140782

1745534263
19.0 16.26 16.42 193490

1745534264
19.0 16.26 16.42 90839

1745534266
17.91 16.15 16.4 243284

1745534267
16.84 16.02 16.37 115657

1745534268
16.84 16.02 16.37 114834

1745534269
15.78 15.85 16.33 131618

1745534270
15.78 15.85 16.33 122378

1745534271
15.09 15.72 16.3 177479

1745534272
15.09 15.72 16.3 196086

1745534273
15.62 15.8 16.31 132678

1745534274
15.62 15.8 16.31 126294

1745534275
14.96 15.68 16.28 121055

1745534276
14.96 15.68 16.28 139663

1745534277
14.61 15.59 16.26 136020

1745534278
14.61 15.59 16.26 133325

1745534279
14.31 15.5 16.24 137644

1745534280
14.31 15.5 16.24 117667

1745534281
13.89 15.39 16.21 120102

1745534282
13.89 15.39 16.21 120803

1745534283
13.55 15.28 16.18 119906

1745534284
13.55 15.28 16.18 131771

1745534285
13.27 15.17 16.15 174834

1745534286
13.04 15.06 16.12 121255

1745534287
13.04 15.06 16.12 121056

1745534288
12.67 14.93 16.09 129115

1745534290
12.67 14.93 16.09 164677

1745534291
12.36 14.8 16.05 118492

1745534292
12.12 14.68 16.02 181728

1745534294
12.12 14.68 16.02 162615

1745534295
11.91 14.56 15.98 85428

1745534297
12.11 14.51 15.96 383116

1745534298
12.11 14.51 15.96 212966

1745534299
13.72 14.72 16.0 241691

1745534301
14.31 14.79 16.0 232939

1745534302
14.31 14.79 16.0 131662

1745534303
13.89 14.7 15.97 73224

1745534304
13.89 14.7 15.97 20826

1745534305
11.92 14.32 15.89 23868

1745534306
10.3 13.95 15.8 42826

1745534307
10.3 13.95 15.8 38822

1745534308
9.16 13.62 15.72 50132

1745534309
9.16 13.62 15.72 50838

1745534310
8.59 13.37 15.65 78897

1745534312
8.59 13.37 15.65 74908

1745534313
7.75 13.06 15.57 57553

1745534314
7.43 12.83 15.5 80191

1745534315
7.43 12.83 15.5 79662

1745534316
8.08 12.77 15.47 158251

1745534317
8.08 12.77 15.47 96777

1745534318
7.88 12.58 15.41 71708

1745534320
7.88 12.58 15.41 69599

1745534321
7.18 12.3 15.34 49999

1745534322
7.18 12.3 15.34 295729

1745534323
10.22 12.68 15.4 564042

1745534324
10.22 12.68 15.4 223752

1745534325
13.81 13.25 15.5 67408

1745534326
13.81 13.25 15.5 130766

1745534328
13.12 13.14 15.46 760897

1745534329
18.53 14.12 15.65 479599

1745534330
18.53 14.12 15.65 115216

1745534331
19.16 14.38 15.69 138743

1745534332
19.16 14.38 15.69 64716

1745534333
17.32 14.2 15.64 60909

1745534334
17.32 14.2 15.64 57873

1745534335
15.26 13.93 15.58 127340

1745534336
15.76 14.07 15.59 347440

1745534337
15.76 14.07 15.59 67781

1745534338
13.99 13.8 15.53 37768

1745534340
13.99 13.8 15.53 47561

1745534341
12.18 13.48 15.45 51321

1745534342
12.18 13.48 15.45 41937

1745534343
10.7 13.17 15.37 37897

1745534344
10.7 13.17 15.37 37485

1745534345
9.3 12.84 15.29 30066

1745534346
9.3 12.84 15.29 29968

1745534347
8.16 12.52 15.2 35483

1745534348
8.16 12.52 15.2 35768

1745534349
7.22 12.2 15.12 33325

1745534350
7.22 12.2 15.12 30670

1745534351
6.46 11.9 15.03 27676

1745534352
6.46 11.9 15.03 34913

1745534353
5.83 11.61 14.95 47398

1745534354
5.83 11.61 14.95 121631

1745534355
6.22 11.49 14.9 100631

1745534356
6.22 11.49 14.9 54852

1745534357
6.36 11.35 14.85 33849

1745534358
6.36 11.35 14.85 30325

1745534359
5.75 11.07 14.77 38574

1745534360
5.75 11.07 14.77 46016

1745534361
5.43 10.84 14.69 64727

1745534362
5.54 10.68 14.64 85662

1745534363
5.54 10.68 14.64 58697

1745534364
5.26 10.46 14.56 42369

1745534366
5.26 10.46 14.56 44498

1745534367
5.03 10.25 14.49 25199

1745534368
5.03 10.25 14.49 31978

1745534369
4.66 10.01 14.41 33435

1745534370
4.66 10.01 14.41 34028

1745534371
4.36 9.78 14.33 101012

1745534372
4.36 9.78 14.33 60650

1745534373
4.84 9.69 14.28 153828

1745534375
7.04 9.93 14.3 221991

1745534376
7.04 9.93 14.3 12153

1745534377
5.94 9.64 14.21 3036

1745534378
5.94 9.64 14.21 22298

1745534379
5.05 9.35 14.12 11000

1745534380
5.05 9.35 14.12 56626

1745534381
4.67 9.15 14.04 10530

1745534382
4.01 8.88 13.95 24218

1745534384
4.01 8.88 13.95 7872

1745534385
3.28 8.59 13.86 6963

1745534386
3.28 8.59 13.86 14226

1745534388
2.87 8.34 13.77 8836

1745534389
2.35 8.07 13.68 8262

1745534390
2.35 8.07 13.68 7666

1745534391
1.92 7.8 13.58 201583

1745534392
1.92 7.8 13.58 47472

1745534393
3.93 7.97 13.58 48742

1745534394
3.93 7.97 13.58 49897

1745534395
3.76 7.81 13.5 116300

1745534397
4.89 7.88 13.48 380925

1745534398
12.7 9.19 13.72 769452

1745534400
20.72 10.76 14.01 1197932

1745534402
26.39 12.11 14.27 835245

1745534403
26.39 12.11 14.27 73284

1745534405
22.15 11.81 14.2 37572

1745534406
24.3 12.53 14.33 550492

1745534408
24.3 12.53 14.33 517227

1745534409
24.42 12.94 14.4 766657

1745534411
30.87 14.48 14.72 1100614

1745534413
34.88 15.74 14.98 826344

1745534414
35.62 16.5 15.14 507539

1745534415
35.62 16.5 15.14 398205

1745534417
35.15 17.04 15.26 814400

1745534418
41.82 18.84 15.65 731823

1745534419
41.82 18.84 15.65 874321

1745534421
43.3 19.86 15.89 438652

1745534422
37.99 19.67 15.87 16474

1745534423
37.99 19.67 15.87 7556

1745534424
31.11 19.02 15.77 4796

1745534426
25.65 18.43 15.66 37627

1745534427
25.65 18.43 15.66 2089

1745534429
21.01 17.83 15.56 19362

1745534431
21.37 18.0 15.61 688893

1745534432
23.65 18.52 15.73 590120

1745534434
24.26 18.8 15.81 516129

1745534435
24.26 18.8 15.81 288785

1745534436
25.12 19.13 15.9 255902

1745534437
25.12 19.13 15.9 253615

1745534438
25.1 19.33 15.96 270219

1745534440
25.08 19.51 16.03 488868

1745534441
25.08 19.51 16.03 251225

1745534442
25.06 19.69 16.09 250933

1745534443
25.06 19.69 16.09 236389

1745534444
24.69 19.8 16.14 234621

1745534445
24.69 19.8 16.14 269180

1745534447
25.47 20.1 16.22 721043

1745534449
27.56 20.65 16.37 750613

1745534450
28.18 20.99 16.47 251359

1745534451
28.18 20.99 16.47 313647

1745534453
27.96 21.19 16.54 400474

1745534454
26.52 21.15 16.56 207082

1745534455
26.52 21.15 16.56 217363

1745534456
25.34 21.11 16.59 208816

1745534458
24.37 21.08 16.61 400110

1745534459
24.37 21.08 16.61 229109

1745534460
24.12 21.14 16.65 318175

1745534461
24.12 21.14 16.65 367335

1745534462
26.09 21.59 16.78 329517

1745534464
26.44 21.8 16.86 523557

1745534465
26.44 21.8 16.86 314826

1745534466
27.44 22.14 16.96 407030

1745534467
27.44 22.14 16.96 347432

1745534468
28.27 22.46 17.06 216577

1745534469
28.27 22.46 17.06 183552

1745534471
26.77 22.38 17.08 461828

1745534472
25.54 22.3 17.1 194261

1745534474
23.99 22.12 17.1 341633

1745534475
23.99 22.12 17.1 196628

1745534476
23.09 22.02 17.12 195748

1745534478
22.16 21.89 17.12 360058

1745534480
21.77 21.83 17.14 416443

1745534481
21.77 21.83 17.14 212437

1745534482
21.81 21.83 17.17 221805

1745534483
21.81 21.83 17.17 179739

1745534484
21.12 21.71 17.18 176532

1745534486
20.92 21.65 17.2 414017

1745534487
20.92 21.65 17.2 197704

1745534488
20.39 21.53 17.21 163137

1745534489
20.39 21.53 17.21 158983

1745534490
19.59 21.35 17.2 163863

1745534492
18.94 21.18 17.19 321399

1745534493
18.94 21.18 17.19 167746

1745534495
18.41 21.01 17.18 317793

1745534496
17.97 20.84 17.17 162442

1745534497
17.97 20.84 17.17 160958

1745534498
17.61 20.68 17.16 165372

1745534500
17.32 20.53 17.16 320006

1745534501
17.32 20.53 17.16 181445

1745534502
17.26 20.41 17.15 257993

1745534504
19.57 20.73 17.24 579921

1745534506
19.64 20.7 17.26 362370

1745534508
18.98 20.55 17.25 331573

1745534510
18.44 20.4 17.24 322525

1745534511
18.44 20.4 17.24 171104

1745534513
18.0 20.25 17.24 331293

1745534514
17.64 20.11 17.23 168098

1745534515
17.64 20.11 17.23 169384

1745534516
17.34 19.98 17.22 160860

1745534517
17.34 19.98 17.22 163300

1745534519
17.09 19.85 17.21 323114

1745534520
16.89 19.72 17.2 160739

1745534521
16.89 19.72 17.2 161778

1745534522
16.73 19.6 17.19 164693

1745534523
16.73 19.6 17.19 162970

1745534524
16.6 19.48 17.18 165943

1745534526
16.49 19.37 17.18 315953

1745534527
16.49 19.37 17.18 167683

1745534528
16.4 19.26 17.17 163137

1745534530
17.78 19.41 17.21 549650

1745534532
20.53 19.86 17.32 649003

1745534533
20.53 19.86 17.32 185801

1745534535
20.25 19.83 17.33 304241

1745534536
19.12 19.64 17.31 145228

1745534537
19.12 19.64 17.31 148614

1745534538
18.19 19.45 17.29 146559

1745534539
18.19 19.45 17.29 146765

1745534540
17.43 19.27 17.27 146762

1745534541
17.43 19.27 17.27 148154

1745534542
16.81 19.1 17.24 150500

1745534543
16.81 19.1 17.24 151823

1745534544
16.3 18.93 17.22 148037

1745534545
16.3 18.93 17.22 149323

1745534546
15.88 18.77 17.2 147462

1745534548
15.54 18.62 17.18 295121

1745534549
15.54 18.62 17.18 150521

1745534551
15.26 18.46 17.15 294248

1745534552
15.03 18.32 17.13 149009

1745534553
15.03 18.32 17.13 149053

1745534555
14.84 18.18 17.11 303722

1745534557
14.87 18.07 17.1 301707

1745534559
14.89 17.97 17.08 296024

1745534560
14.73 17.84 17.06 147747

1745534561
14.73 17.84 17.06 147239

1745534562
14.6 17.71 17.04 153359

1745534564
14.67 17.62 17.02 324619

1745534566
14.55 17.51 17.0 268796

1745534567
14.55 17.51 17.0 149917

1745534568
14.45 17.39 16.98 158729

1745534570
14.36 17.28 16.96 282591

1745534571
14.36 17.28 16.96 148630

1745534573
14.3 17.17 16.94 302085

1745534575
14.24 17.07 16.92 295749

1745534576
14.38 17.0 16.91 150973

1745534577
14.38 17.0 16.91 163947

1745534579
14.31 16.9 16.89 279367

1745534580
14.25 16.81 16.87 154980

1745534581
14.25 16.81 16.87 149889

1745534582
14.39 16.75 16.85 147143

1745534583
14.39 16.75 16.85 147634

1745534584
14.32 16.66 16.83 156338

1745534586
14.26 16.57 16.81 310728

1745534588
14.39 16.52 16.8 276548

1745534589
14.39 16.52 16.8 151879

1745534590
14.32 16.43 16.78 144376

1745534591
14.32 16.43 16.78 130564

1745534592
14.08 16.32 16.76 133419

1745534593
14.08 16.32 16.76 141560

1745534595
13.88 16.21 16.73 258771

1745534596
13.72 16.11 16.7 133421

1745534597
13.72 16.11 16.7 129719

1745534598
13.59 16.0 16.68 130645

1745534599
13.59 16.0 16.68 134672

1745534601
13.3 15.87 16.65 258682

1745534602
13.24 15.78 16.62 131037

1745534603
13.24 15.78 16.62 134033

1745534605
13.2 15.69 16.6 269137

1745534606
13.16 15.6 16.57 132233

1745534608
13.13 15.51 16.55 257497

1745534609
13.13 15.51 16.55 133038

1745534610
13.11 15.43 16.52 137822

1745534612
13.09 15.35 16.5 257573

1745534613
13.09 15.35 16.5 131057

1745534614
13.07 15.27 16.47 131822

1745534615
13.07 15.27 16.47 134845

1745534617
13.06 15.2 16.45 264188

1745534619
13.04 15.13 16.43 258834

1745534620
13.04 15.06 16.4 130754

1745534622
13.03 14.99 16.38 263978

1745534623
13.03 14.99 16.38 141658

1745534625
13.02 14.92 16.35 252603

1745534626
13.02 14.86 16.33 132539

1745534627
13.02 14.86 16.33 134117

1745534629
13.01 14.8 16.31 260733

1745534630
13.01 14.74 16.29 130961

1745534631
13.01 14.74 16.29 130518

1745534632
13.01 14.68 16.26 129482

1745534633
13.01 14.68 16.26 130348

1745534634
13.0 14.63 16.24 135762

1745534636
13.0 14.57 16.22 263274

1745534637
13.0 14.57 16.22 142423

1745534639
13.0 14.52 16.2 249520

1745534640
13.0 14.47 16.17 129152

1745534641
13.0 14.47 16.17 132510

1745534642
13.0 14.42 16.15 135283

1745534644
12.82 14.34 16.12 254165

1745534645
12.82 14.34 16.12 131581

1745534646
12.85 14.3 16.1 130733

1745534647
12.85 14.3 16.1 143393

1745534649
12.88 14.26 16.08 254282

1745534650
12.9 14.21 16.06 133670

1745534652
12.92 14.17 16.04 263759

1745534653
12.92 14.17 16.04 129663

1745534654
12.93 14.14 16.02 133745

1745534655
12.93 14.14 16.02 131287

1745534657
12.94 14.1 16.0 261525

1745534658
12.95 14.06 15.97 135816

1745534660
12.96 14.03 15.95 260194

1745534661
12.96 14.03 15.95 134309

1745534662
12.97 13.99 15.93 132334

1745534663
12.97 13.99 15.93 135079

1745534664
12.97 13.96 15.91 130905

1745534665
12.97 13.96 15.91 136228

1745534667
12.98 13.93 15.89 254742

1745534668
12.98 13.9 15.87 136037

1745534670
12.98 13.87 15.85 259188

1745534671
12.98 13.87 15.85 134078

1745534672
12.99 13.84 15.83 131863

1745534673
12.99 13.84 15.83 130214

1745534674
12.99 13.81 15.81 143152

1745534676
12.99 13.78 15.79 262355

1745534678
12.99 13.76 15.77 251079

1745534679
12.99 13.76 15.77 132852

1745534681
12.99 13.73 15.76 264060

1745534682
12.99 13.71 15.74 132830

1745534683
12.99 13.71 15.74 135126

1745534684
12.99 13.68 15.72 134201

1745534685
12.99 13.68 15.72 138415

1745534687
12.99 13.66 15.7 259886

1745534688
12.99 13.64 15.68 131755

1745534689
12.99 13.64 15.68 138059

1745534691
12.99 13.62 15.66 255499

1745534692
13.0 13.6 15.64 134321

1745534693
13.0 13.6 15.64 130656

1745534694
13.0 13.58 15.62 136739

1745534696
13.0 13.56 15.61 263248

1745534698
13.0 13.54 15.59 256093

1745534699
13.0 13.54 15.59 131629

1745534700
13.0 13.52 15.57 132110

1745534701
13.0 13.52 15.57 130233

1745534702
13.0 13.5 15.55 134787

1745534703
13.0 13.5 15.55 132096

1745534704
13.0 13.49 15.53 132935

1745534705
13.0 13.49 15.53 135244

1745534707
13.0 13.47 15.52 273521

1745534709
13.0 13.46 15.5 251559

1745534710
13.0 13.44 15.48 131677

1745534711
13.0 13.44 15.48 135089

1745534712
12.81 13.39 15.46 120066

1745534713
12.81 13.39 15.46 116324

1745534715
12.48 13.31 15.43 232137

1745534716
12.21 13.24 15.4 116050

1745534717
12.21 13.24 15.4 116807

1745534718
11.99 13.16 15.37 118281

1745534720
11.81 13.09 15.34 231768

1745534721
11.81 13.09 15.34 119536

1745534722
11.66 13.02 15.31 118679

1745534724
11.54 12.96 15.28 225997

1745534725
11.54 12.96 15.28 98328

1745534726
10.54 12.73 15.21 31388

1745534727
10.54 12.73 15.21 22508

1745534728
9.17 12.41 15.13 141158

1745534730
13.31 13.05 15.24 523098

1745534732
13.31 13.05 15.24 62179

1745534733
11.62 12.76 15.17 61639

1745534734
9.87 12.4 15.08 13228

1745534735
9.87 12.4 15.08 7230

1745534736
8.08 12.0 14.97 7015

1745534737
8.08 12.0 14.97 9809

1745534738
6.8 11.64 14.88 29944

1745534740
6.8 11.64 14.88 38593

1745534741
5.93 11.32 14.79 7163

1745534742
5.93 11.32 14.79 19992

1745534743
5.04 10.98 14.69 4850

1745534745
6.3 11.02 14.68 975120

1745534746
18.2 13.01 15.07 755633

1745534747
18.2 13.01 15.07 83450

1745534748
16.35 12.85 15.02 17897

1745534750
16.35 12.85 15.02 360459

1745534751
19.0 13.44 15.13 596909

1745534753
20.27 13.85 15.2 491109

1745534755
21.85 14.35 15.3 496361

1745534756
20.25 14.3 15.28 1335

1745534758
20.25 14.3 15.28 241922

1745534759
19.29 14.33 15.28 162720

1745534760
18.15 14.28 15.26 198470

1745534761
18.15 14.28 15.26 215356

1745534762
18.31 14.44 15.29 175347

1745534763
18.31 14.44 15.29 216583

1745534764
17.71 14.45 15.29 118773

1745534765
17.71 14.45 15.29 259456

1745534767
17.21 14.47 15.28 3395

1745534770
18.99 14.88 15.36 1563532

1745534771
27.32 16.52 15.7 969073

1745534773
29.8 17.32 15.88 340287

1745534774
28.38 17.48 15.92 355508

1745534776
28.38 17.48 15.92 174946

1745534777
25.6 17.33 15.9 112080

1745534778
25.6 17.33 15.9 42372

1745534779
22.05 16.96 15.83 41706

1745534780
18.59 16.5 15.74 41663

1745534782
18.59 16.5 15.74 49994

1745534783
16.31 16.16 15.68 249375

1745534785
16.07 16.12 15.67 236956

1745534787
15.88 16.08 15.67 355001

1745534788
15.88 16.08 15.67 46957

1745534789
14.45 15.82 15.61 7616

1745534790
14.45 15.82 15.61 19221

1745534791
12.01 15.33 15.51 106072

1745534792
10.92 15.03 15.45 27069

1745534793
10.92 15.03 15.45 6086

1745534794
9.12 14.57 15.35 29930

1745534795
9.12 14.57 15.35 2036

1745534797
7.47 14.09 15.24 59671

1745534799
9.01 14.15 15.25 419894

1745534800
9.01 14.15 15.25 314344

1745534802
12.45 14.61 15.34 435218

1745534804
14.0 14.82 15.38 383663

1745534805
15.09 14.99 15.41 206752

1745534806
15.79 15.12 15.43 249655

1745534808
15.79 15.12 15.43 272196

1745534810
15.65 15.11 15.43 282430

1745534812
15.17 15.04 15.41 297877

1745534813
15.14 15.04 15.41 33511

1745534814
15.14 15.04 15.41 10580

1745534815
12.58 14.58 15.31 6221

1745534816
12.58 14.58 15.31 1295

1745534817
10.3 14.1 15.21 967

1745534819
9.7 13.87 15.15 209596

1745534820
9.75 13.74 15.11 156198

1745534821
9.75 13.74 15.11 90883

1745534823
9.43 13.56 15.07 163724

1745534824
9.43 13.56 15.07 102630

1745534826
9.54 13.44 15.03 654094

1745534827
13.6 14.05 15.15 236401

1745534829
14.58 14.21 15.17 247810

1745534830
14.58 14.21 15.17 130025

1745534831
13.93 14.1 15.14 143154

1745534832
13.04 13.93 15.1 75357

1745534833
13.04 13.93 15.1 6199

1745534834
10.67 13.48 15.0 1242

1745534835
10.67 13.48 15.0 7069

1745534837
9.46 13.17 14.92 466795

1745534839
12.28 13.56 14.99 135036

1745534840
10.05 13.11 14.89 1288

1745534841
10.05 13.11 14.89 15089

1745534844
17.79 14.32 15.12 1333599

1745534845
17.79 14.32 15.12 418632

1745534847
21.09 15.03 15.26 418467

1745534848
19.62 14.96 15.24 100295

1745534849
19.62 14.96 15.24 134346

1745534851
18.24 14.86 15.22 235404

1745534852
16.75 14.7 15.19 103500

1745534853
16.75 14.7 15.19 45779

1745534854
14.26 14.32 15.1 5421

1745534855
14.26 14.32 15.1 6128

1745534856
11.67 13.85 15.0 2086

1745534858
12.27 13.89 15.0 342936

1745534859
12.27 13.89 15.0 124296

1745534860
12.22 13.83 14.98 112059

1745534862
12.22 13.83 14.98 210222

1745534863
12.36 13.8 14.96 97578

1745534864
12.36 13.8 14.96 126314

1745534865
11.93 13.67 14.93 144430

1745534866
11.58 13.55 14.89 96417

1745534867
11.58 13.55 14.89 121306

1745534868
11.29 13.44 14.86 93506

1745534870
11.42 13.39 14.84 240828

1745534871
11.42 13.39 14.84 96123

1745534873
11.34 13.31 14.81 184504

1745534874
11.28 13.23 14.79 176172

1745534875
11.28 13.23 14.79 112568

1745534876
11.77 13.26 14.78 285055

1745534877
11.77 13.26 14.78 122276

1745534878
12.36 13.32 14.78 107961

1745534879
12.36 13.32 14.78 102188

1745534881
11.75 13.18 14.74 115789

1745534882
11.75 13.18 14.74 37715

1745534883
10.7 12.94 14.68 15254

1745534884
10.7 12.94 14.68 25173

1745534885
8.95 12.55 14.59 78572

1745534886
8.95 12.55 14.59 34085

1745534887
8.23 12.3 14.52 106040

1745534888
8.23 12.3 14.52 57080

1745534889
8.19 12.16 14.48 3925

1745534890
8.19 12.16 14.48 3605

1745534891
6.7 11.76 14.38 5960

1745534892
5.49 11.38 14.28 6007

1745534893
5.49 11.38 14.28 31898

1745534894
4.85 11.07 14.2 18056

1745534895
4.85 11.07 14.2 12248

1745534896
3.97 10.71 14.1 4030

1745534897
3.97 10.71 14.1 5685

1745534898
3.25 10.36 14.0 2892

1745534899
3.25 10.36 14.0 7718

1745534900
2.66 10.02 13.91 5532

1745534901
2.66 10.02 13.91 20681

1745534902
2.54 9.75 13.83 24741

1745534903
2.54 9.75 13.83 823547

1745534907
27.14 14.03 14.67 2782916

1745534908
27.14 14.03 14.67 501425

1745534909
32.73 15.47 14.97 281748

1745534910
32.73 15.47 14.97 199068

1745534911
30.6 15.65 15.01 160387

1745534912
30.6 15.65 15.01 126257

1745534914
27.23 15.53 14.99 213726

1745534915
24.29 15.38 14.96 103091

1745534916
24.29 15.38 14.96 13521

1745534917
20.43 14.98 14.88 4450

1745534918
20.43 14.98 14.88 30739

1745534919
17.27 14.59 14.8 47093

1745534921
19.4 15.06 14.9 1096357

1745534922
19.4 15.06 14.9 209831

1745534923
22.4 15.74 15.04 5907

1745534924
22.4 15.74 15.04 8284

1745534925
18.34 15.23 14.94 4061

1745534926
18.34 15.23 14.94 4352

1745534927
15.02 14.73 14.84 15427

1745534928
15.02 14.73 14.84 24550

1745534929
12.66 14.31 14.75 15303

1745534930
10.73 13.91 14.66 29252

1745534931
10.73 13.91 14.66 35347

1745534932
9.69 13.62 14.59 72784

1745534933
9.69 13.62 14.59 5989

1745534935
7.93 13.17 14.49 7670

1745534936
7.93 13.17 14.49 25738

1745534937
6.68 12.77 14.4 144335

1745534938
6.68 12.77 14.4 358991

1745534939
10.72 13.3 14.5 624142

1745534941
14.94 13.98 14.64 246047

1745534942
15.67 14.14 14.67 244034

1745534943
15.67 14.14 14.67 134751

1745534944
14.46 13.98 14.63 67813

1745534945
14.46 13.98 14.63 21879

1745534946
12.2 13.58 14.54 15673

1745534947
12.2 13.58 14.54 22940

1745534949
10.35 13.2 14.45 39808

1745534950
10.35 13.2 14.45 109987

1745534951
10.83 13.2 14.44 167096

1745534952
9.96 12.96 14.39 128237

1745534953
9.96 12.96 14.39 43596

1745534954
8.69 12.63 14.31 36028

1745534956
8.69 12.63 14.31 61896

1745534957
7.84 12.35 14.24 17295

1745534958
7.84 12.35 14.24 35426

1745534960
6.78 12.01 14.15 286869

1745534962
8.45 12.14 14.17 269911

1745534963
9.82 12.27 14.18 193950

1745534964
11.48 12.49 14.21 451317

1745534966
11.48 12.49 14.21 438832

1745534967
15.02 13.1 14.33 116042

1745534968
15.02 13.1 14.33 105622

1745534969
14.11 12.99 14.3 109517

1745534970
14.11 12.99 14.3 103226

1745534972
13.54 12.93 14.27 390867

1745534973
14.71 13.16 14.31 203990

1745534974
14.71 13.16 14.31 175506

1745534975
14.94 13.25 14.32 104021

1745534976
14.94 13.25 14.32 151643

1745534977
14.59 13.24 14.32 116439

1745534978
14.59 13.24 14.32 22593

1745534979
12.85 12.97 14.25 38280

1745534980
12.85 12.97 14.25 16125

1745534981
10.89 12.61 14.17 3666

1745534983
9.82 12.37 14.1 232032

1745534984
9.82 12.37 14.1 259650

1745534986
12.02 12.68 14.16 328668

1745534987
12.56 12.76 14.16 115966

1745534988
12.56 12.76 14.16 102965

1745534989
12.1 12.67 14.14 115939

1745534990
12.1 12.67 14.14 107837

1745534991
11.9 12.61 14.11 109575

1745534992
11.9 12.61 14.11 113343

1745534993
11.73 12.56 14.09 107769

1745534994
11.73 12.56 14.09 114627

1745534995
11.42 12.47 14.06 109628

1745534996
11.42 12.47 14.06 104065

1745534997
11.16 12.39 14.04 109823

1745534998
11.16 12.39 14.04 42781

1745534999
10.04 12.15 13.97 13851

1745535001
8.4 11.79 13.89 20262

1745535002
8.4 11.79 13.89 27229

1745535003
7.6 11.53 13.82 244008

1745535005
8.4 11.55 13.81 106662

1745535006
8.4 11.55 13.81 1573

1745535007
7.06 11.2 13.72 16577

1745535008
7.06 11.2 13.72 1090

1745535010
5.78 10.83 13.62 23330

1745535011
4.91 10.51 13.54 2753

1745535012
4.91 10.51 13.54 8669

1745535013
4.02 10.17 13.44 6454

1745535014
3.29 9.83 13.35 53155

1745535015
3.29 9.83 13.35 48805

1745535016
3.6 9.68 13.29 5611

1745535017
3.6 9.68 13.29 3749

1745535018
2.95 9.36 13.2 20420

1745535019
2.95 9.36 13.2 9135

1745535021
2.77 9.12 13.13 32666

1745535022
2.77 9.12 13.13 4517

1745535023
2.27 8.82 13.04 291241

1745535024
2.27 8.82 13.04 143076

1745535025
5.66 9.22 13.09 11119

1745535026
5.66 9.22 13.09 343121

1745535027
8.26 9.57 13.14 91404

1745535028
6.94 9.29 13.06 11797

1745535029
6.94 9.29 13.06 2586

1745535031
8.22 9.44 13.06 334761

1745535032
8.22 9.44 13.06 18599

1745535033
7.27 9.23 12.99 61779

1745535034
7.22 9.16 12.95 83930

1745535035
7.22 9.16 12.95 104993

1745535036
6.82 9.02 12.9 10220

1745535037
6.82 9.02 12.9 17762

1745535038
5.76 8.76 12.82 4902

1745535039
5.76 8.76 12.82 25944

1745535041
7.26 8.93 12.82 508068

1745535042
10.47 9.46 12.91 270208

1745535043
10.47 9.46 12.91 39728

1745535045
9.3 9.28 12.85 48240

1745535046
9.3 9.28 12.85 18610

1745535047
7.97 9.04 12.77 9573

1745535048
7.97 9.04 12.77 8454

1745535049
6.53 8.74 12.68 8036

1745535050
6.53 8.74 12.68 11067

1745535051
5.53 8.49 12.6 7038

1745535052
4.7 8.24 12.53 21577

1745535053
4.7 8.24 12.53 3494

1745535055
4.03 8.01 12.45 48001

1745535056
4.03 8.01 12.45 13842

1745535057
3.66 7.81 12.37 136137

1745535058
4.27 7.78 12.34 9593

1745535060
4.27 7.78 12.34 105755

1745535061
4.22 7.66 12.28 3109

1745535062
4.22 7.66 12.28 6671

1745535063
3.45 7.41 12.2 11870

1745535064
3.45 7.41 12.2 11696

1745535065
3.01 7.2 12.12 6640

1745535066
2.82 7.03 12.05 54479

1745535068
5.93 7.45 12.1 387917

1745535070
5.93 7.45 12.1 259287

1745535071
7.03 7.6 12.1 32271

1745535072
7.03 7.6 12.1 13776

1745535073
5.94 7.38 12.03 24047

1745535074
5.94 7.38 12.03 15756

1745535075
5.22 7.21 11.96 17079

1745535076
4.28 6.97 11.88 1682

1745535078
4.28 6.97 11.88 2883

1745535079
3.68 6.78 11.8 25582

1745535080
3.68 6.78 11.8 7294

1745535081
3.2 6.59 11.73 14004

1745535082
3.2 6.59 11.73 4538

1745535083
2.62 6.37 11.65 6622

1745535084
2.14 6.16 11.57 14572

1745535085
2.14 6.16 11.57 6086

1745535086
1.75 5.96 11.49 5156

1745535087
1.75 5.96 11.49 6786

1745535089
1.61 5.8 11.42 21360

1745535090
1.61 5.8 11.42 2617

1745535091
1.32 5.61 11.34 14708

1745535092
1.32 5.61 11.34 16512

1745535093
1.26 5.46 11.27 29562

1745535095
1.39 5.34 11.2 46515

1745535096
1.39 5.34 11.2 15143

1745535097
1.32 5.2 11.13 79601

1745535098
1.32 5.2 11.13 3212

1745535099
1.81 5.16 11.08 6513

1745535100
1.81 5.16 11.08 6333

1745535102
2.93 5.25 11.06 882146

1745535103
11.27 6.68 11.32 296820

1745535104
11.27 6.68 11.32 83483

1745535105
10.68 6.73 11.3 265920

1745535106
10.68 6.73 11.3 74700

1745535107
11.64 7.03 11.33 6323

1745535109
12.43 7.32 11.36 434106

1745535110
12.43 7.32 11.36 40067

1745535111
11.63 7.35 11.34 10103

1745535112
11.63 7.35 11.34 1693

1745535113
9.52 7.11 11.26 4070

1745535114
9.52 7.11 11.26 15315

1745535115
7.79 6.87 11.19 37104

1745535116
6.92 6.75 11.13 25868

1745535117
6.92 6.75 11.13 28539

1745535118
6.03 6.59 11.07 23311

1745535119
6.03 6.59 11.07 13153

1745535120
5.12 6.41 11.0 4723

1745535122
5.12 6.41 11.0 3141

1745535123
4.19 6.2 10.92 6864

1745535124
4.19 6.2 10.92 19695

1745535125
3.61 6.03 10.85 16317

1745535126
3.61 6.03 10.85 1851

1745535127
2.96 5.83 10.78 9859

1745535128
2.96 5.83 10.78 14517

1745535129
2.6 5.67 10.71 104540

1745535130
3.22 5.68 10.68 22721

1745535131
3.22 5.68 10.68 5908

1745535132
2.63 5.5 10.61 4177

1745535134
2.63 5.5 10.61 238219

1745535135
5.96 6.0 10.68 577227

1745535136
13.03 7.28 10.91 592360

1745535138
13.03 7.28 10.91 9571

1745535139
10.67 7.04 10.84 20217

1745535140
10.67 7.04 10.84 547993

1745535142
14.89 7.92 11.0 452886

1745535143
15.28 8.22 11.04 54935

1745535144
15.28 8.22 11.04 72787

1745535145
13.41 8.11 11.0 16597

1745535146
10.98 7.85 10.92 8071

1745535148
10.98 7.85 10.92 69139

1745535149
9.53 7.69 10.87 9187

1745535150
7.99 7.47 10.8 28783

1745535151
7.99 7.47 10.8 13151

1745535152
6.54 7.22 10.72 5856

1745535153
6.54 7.22 10.72 2049

1745535154
5.35 6.99 10.65 3800

1745535156
5.35 6.99 10.65 4671

1745535157
4.56 6.79 10.58 46378

1745535158
4.56 6.79 10.58 10471

1745535159
4.28 6.67 10.53 43778

1745535160
4.28 6.67 10.53 2527

1745535161
3.5 6.45 10.46 4648

1745535162
3.5 6.45 10.46 4082

1745535163
2.87 6.24 10.39 4397

1745535164
2.87 6.24 10.39 2765

1745535165
2.35 6.03 10.32 3264

1745535166
1.92 5.83 10.25 13229

1745535167
1.92 5.83 10.25 3694

1745535168
1.75 5.68 10.18 26597

1745535169
1.75 5.68 10.18 75286

1745535170
2.34 5.65 10.15 43343

1745535171
2.34 5.65 10.15 21458

1745535173
2.46 5.57 10.1 44728

1745535174
2.46 5.57 10.1 14521

1745535175
2.19 5.42 10.04 2839

1745535176
2.19 5.42 10.04 5907

1745535177
1.79 5.24 9.97 6456

1745535178
1.79 5.24 9.97 11994

1745535179
1.47 5.07 9.9 11552

1745535180
1.47 5.07 9.9 3715

1745535181
1.2 4.9 9.83 3379

1745535182
1.2 4.9 9.83 4207

1745535184
1.35 4.81 9.78 325839

1745535185
4.18 5.2 9.83 155906

1745535187
6.5 5.59 9.88 351762

1745535188
6.5 5.59 9.88 178345

1745535189
7.68 5.83 9.9 6924

1745535190
7.68 5.83 9.9 118634

1745535191
10.45 6.39 9.99 1110996

1745535193
20.15 8.28 10.36 962106

1745535195
23.75 9.32 10.56 596749

1745535196
26.15 10.22 10.74 615554

1745535198
28.47 11.16 10.93 736607

1745535199
28.47 11.16 10.93 275773

1745535201
27.84 11.62 11.03 415841

1745535202
26.24 11.86 11.08 182067

1745535203
26.24 11.86 11.08 196924

1745535204
24.93 12.09 11.14 186585

1745535206
22.95 12.15 11.16 280260

1745535207
22.95 12.15 11.16 126217

1745535208
20.96 12.15 11.16 133590

1745535210
19.34 12.14 11.17 257217

1745535211
19.34 12.14 11.17 123840

1745535212
18.01 12.14 11.18 127330

1745535213
18.01 12.14 11.18 356700

1745535214
18.73 12.46 11.25 107215

1745535216
18.05 12.54 11.28 300424

1745535217
18.05 12.54 11.28 130501

1745535218
17.14 12.56 11.29 136204

1745535219
17.14 12.56 11.29 73472

1745535220
15.3 12.38 11.26 83288

1745535221
15.3 12.38 11.26 78819

1745535222
13.25 12.1 11.21 13286

1745535223
13.25 12.1 11.21 10153

1745535224
11.03 11.74 11.14 20600

1745535226
11.03 11.74 11.14 15223

1745535227
9.76 11.49 11.09 79415

1745535228
9.76 11.49 11.09 18766

1745535229
8.17 11.14 11.02 12188

1745535230
8.17 11.14 11.02 5580

1745535231
6.69 10.78 10.94 4651

1745535232
6.69 10.78 10.94 14713

1745535233
5.47 10.42 10.87 14317

1745535234
5.47 10.42 10.87 9248

1745535235
4.66 10.12 10.8 12579

1745535236
4.18 9.85 10.74 39919

1745535237
4.18 9.85 10.74 55535

1745535238
3.96 9.63 10.69 18858

1745535240
3.96 9.63 10.69 3184

1745535241
3.25 9.31 10.61 4340

1745535242
3.25 9.31 10.61 2344

1745535243
2.84 9.04 10.55 43291

1745535244
2.84 9.04 10.55 3908

1745535245
2.5 8.77 10.48 4869

1745535246
2.5 8.77 10.48 6285

1745535247
2.05 8.49 10.41 103299

1745535249
2.4 8.34 10.37 4214

1745535250
2.4 8.34 10.37 9841

1745535251
1.97 8.07 10.3 5290

1745535252
1.79 7.83 10.23 16607

1745535253
1.79 7.83 10.23 4474

1745535254
1.46 7.58 10.16 6293

1745535255
1.46 7.58 10.16 2654

1745535256
1.2 7.33 10.09 5289

1745535257
1.2 7.33 10.09 2269

1745535258
0.98 7.09 10.02 1752

1745535259
0.98 7.09 10.02 2478

1745535261
0.8 6.86 9.95 47530

1745535262
0.8 6.86 9.95 6143

1745535263
2.47 6.96 9.95 314278

1745535264
5.46 7.35 10.02 217349

1745535265
5.46 7.35 10.02 137517

1745535267
7.19 7.6 10.05 268630

1745535268
7.88 7.72 10.06 112216

1745535269
7.88 7.72 10.06 104028

1745535270
7.88 7.72 10.06 103828

1745535271
8.26 7.79 10.06 471280

1745535272
8.26 7.79 10.06 139145

1745535273
12.2 8.52 10.19 120996

1745535274
11.98 8.6 10.2 119419

1745535275
11.98 8.6 10.2 121294

1745535277
11.62 8.64 10.2 220137

1745535278
12.23 8.85 10.23 164367

1745535279
12.23 8.85 10.23 146242

1745535281
12.91 9.09 10.27 214658

1745535282
12.91 9.09 10.27 386260

1745535283
14.56 9.51 10.35 16307

1745535284
14.56 9.51 10.35 1975

1745535285
11.92 9.2 10.28 10729

1745535286
9.94 8.93 10.22 13332

1745535287
9.94 8.93 10.22 12063

1745535288
9.04 8.8 10.18 115090

1745535290
10.49 9.07 10.23 318551

1745535292
10.58 9.13 10.23 244516

1745535293
10.58 9.13 10.23 7828

1745535294
8.66 8.83 10.16 2272

1745535295
8.66 8.83 10.16 1838

1745535297
7.09 8.54 10.09 1247

1745535298
7.09 8.54 10.09 3455

1745535299
5.81 8.26 10.02 1263

1745535300
4.75 7.99 9.95 1237

1745535301
4.75 7.99 9.95 3729

1745535302
3.89 7.73 9.89 9368

1745535303
3.89 7.73 9.89 399368

1745535305
10.25 8.75 10.09 664982

1745535306
10.25 8.75 10.09 732166

1745535307
17.81 10.17 10.37 30947

1745535308
17.81 10.17 10.37 57513

1745535309
15.31 9.97 10.33 356751

1745535310
15.31 9.97 10.33 30652

1745535311
15.98 10.26 10.39 5978

1745535313
13.08 9.93 10.32 8866

1745535314
13.08 9.93 10.32 58627

1745535315
11.25 9.7 10.27 8637

1745535316
11.25 9.7 10.27 6948

1745535317
9.21 9.38 10.2 3632

1745535318
17.14 10.81 10.49 1092376

1745535319
17.14 10.81 10.49 413556

1745535320
18.02 11.17 10.57 2482

1745535322
18.02 11.17 10.57 2949

1745535323
14.76 10.81 10.5 118883

1745535324
14.76 10.81 10.5 8431

1745535325
13.17 10.65 10.46 2703

1745535326
13.17 10.65 10.46 8343

1745535327
10.78 10.3 10.39 36545

1745535328
9.01 10.0 10.33 4708

1745535329
9.01 10.0 10.33 1979

1745535331
7.92 9.77 10.28 430124

1745535333
12.1 10.46 10.42 362281

1745535334
12.1 10.46 10.42 389654

1745535335
14.44 10.94 10.52 33848

1745535336
14.44 10.94 10.52 16957

1745535337
11.82 10.58 10.45 2359

1745535338
11.82 10.58 10.45 9408

1745535339
9.68 10.23 10.38 9142

1745535342
10.28 10.32 10.39 1049689

1745535344
21.82 12.41 10.83 1797467

1745535345
33.63 14.85 11.35 1219716

1745535346
43.66 17.27 11.88 1114271

1745535348
43.66 17.27 11.88 756247

1745535349
42.81 17.98 12.07 45437

1745535350
42.81 17.98 12.07 1897

1745535351
35.06 17.39 11.98 4523

1745535352
35.06 17.39 11.98 3078

1745535353
30.33 17.12 11.96 330449

1745535354
30.33 17.12 11.96 376241

1745535355
31.54 17.77 12.13 250510

1745535356
31.54 17.77 12.13 128901

1745535357
28.91 17.75 12.17 363031

1745535358
28.91 17.75 12.17 3903

1745535359
26.75 17.72 12.2 10668

1745535360
22.44 17.24 12.14 58908

1745535362
20.73 17.1 12.14 256932

1745535363
20.73 17.1 12.14 4980

1745535364
16.98 16.54 12.06 4181

1745535365
16.98 16.54 12.06 6743

1745535366
13.9 16.0 11.98 8819

1745535367
13.9 16.0 11.98 14381

1745535369
11.56 15.51 11.9 15915

1745535370
9.47 15.0 11.82 1904

1745535371
9.47 15.0 11.82 1134

1745535373
7.75 14.51 11.74 1758

1745535374
7.75 14.51 11.74 1517

1745535375
6.35 14.03 11.66 9934

1745535376
6.35 14.03 11.66 21233

1745535378
5.38 13.61 11.59 64787

1745535379
5.31 13.32 11.54 107554

1745535380
5.31 13.32 11.54 48115

1745535381
5.43 13.08 11.5 65779

1745535382
5.43 13.08 11.5 43533

1745535384
5.35 12.82 11.46 150669

1745535385
5.83 12.66 11.43 90677

1745535386
5.83 12.66 11.43 52705

1745535387
5.86 12.44 11.4 60213

1745535388
5.7 12.2 11.35 65401

1745535390
5.7 12.2 11.35 42184

1745535391
5.21 11.9 11.3 40874

1745535392
5.21 11.9 11.3 65761

1745535393
4.99 11.64 11.25 6848

1745535394
4.99 11.64 11.25 1670

1745535395
4.09 11.26 11.17 373

1745535396
4.09 11.26 11.17 4927

1745535397
3.35 10.89 11.09 26339

1745535398
3.35 10.89 11.09 32337

1745535399
3.28 10.63 11.04 25521

1745535400
3.28 10.63 11.04 27422

1745535401
3.05 10.35 10.97 32409

1745535402
3.05 10.35 10.97 29114

1745535403
2.86 10.07 10.91 25577

1745535404
2.86 10.07 10.91 23848

1745535405
2.7 9.81 10.85 86004

1745535406
2.7 9.81 10.85 611928

1745535407
10.0 10.9 11.07 437465

1745535408
10.0 10.9 11.07 232652

1745535409
12.72 11.36 11.17 83038

1745535410
12.72 11.36 11.17 33316

1745535411
11.32 11.15 11.12 61407

1745535412
11.32 11.15 11.12 4214

1745535413
9.27 10.78 11.05 10686

1745535414
9.27 10.78 11.05 5166

1745535415
7.59 10.43 10.97 2398

1745535416
7.59 10.43 10.97 1345

1745535417
6.21 10.09 10.9 2181

1745535418
6.21 10.09 10.9 14262

1745535419
5.09 9.76 10.82 705

1745535420
5.09 9.76 10.82 811

1745535421
4.16 9.44 10.75 1283

1745535422
4.16 9.44 10.75 8200

1745535423
3.41 9.13 10.67 25271

1745535424
3.41 9.13 10.67 521

1745535425
2.79 8.83 10.6 2257

1745535426
2.79 8.83 10.6 811

1745535427
2.28 8.54 10.53 665

1745535428
2.28 8.54 10.53 889

1745535429
1.87 8.26 10.46 1204

1745535430
1.87 8.26 10.46 1297

1745535431
1.53 7.99 10.38 1018

1745535432
1.53 7.99 10.38 858

1745535433
1.25 7.73 10.31 1226

1745535434
1.25 7.73 10.31 534

1745535435
1.02 7.48 10.24 1216

1745535436
1.02 7.48 10.24 4798

1745535437
0.84 7.23 10.17 370975

1745535438
13.0 9.22 10.57 938061

1745535440
13.0 9.22 10.57 1650488

1745535442
26.23 11.73 11.08 1424874

1745535443
33.25 13.47 11.45 276220

1745535444
29.4 13.42 11.46 1974

1745535446
29.4 13.42 11.46 5273

1745535447
24.07 12.99 11.38 2016

1745535448
24.07 12.99 11.38 7284

1745535449
19.71 12.56 11.3 4251

1745535450
19.71 12.56 11.3 974

1745535451
16.32 12.18 11.23 503644

1745535453
22.24 13.39 11.49 969407

1745535454
22.24 13.39 11.49 807339

1745535455
32.7 15.57 11.95 812202

1745535456
41.45 17.71 12.43 925256

1745535457
41.45 17.71 12.43 473434

1745535459
37.38 17.75 12.47 5708

1745535460
37.38 17.75 12.47 3479

1745535461
30.61 17.17 12.39 28523

1745535463
25.43 16.67 12.32 30829

1745535464
25.43 16.67 12.32 73418

1745535465
21.54 16.26 12.26 33846

1745535466
21.54 16.26 12.26 65466

1745535467
18.55 15.89 12.21 40703

1745535468
18.55 15.89 12.21 39894

1745535470
15.91 15.5 12.15 113132

1745535471
13.93 15.15 12.1 35791

1745535472
11.95 14.76 12.04 32042

1745535474
11.95 14.76 12.04 44776

1745535475
10.15 14.34 11.97 25182

1745535476
10.15 14.34 11.97 28338

1745535477
8.67 13.93 11.9 13697

1745535478
8.67 13.93 11.9 3204

1745535479
7.1 13.48 11.82 926

1745535480
7.1 13.48 11.82 1251

1745535481
5.81 13.04 11.74 1075

1745535482
5.81 13.04 11.74 304181

1745535483
8.74 13.33 11.81 327341

1745535484
8.74 13.33 11.81 160931

1745535485
11.51 13.68 11.89 782601

1745535487
23.73 15.82 12.35 1271678

1745535488
23.73 15.82 12.35 1143

1745535489
22.87 15.92 12.4 1280

1745535490
22.87 15.92 12.4 653

1745535491
18.73 15.4 12.31 748

1745535492
18.73 15.4 12.31 3283

1745535493
15.33 14.89 12.23 8229

1745535494
13.28 14.54 12.17 77333

1745535495
13.28 14.54 12.17 94097

1745535496
11.96 14.26 12.13 32664

1745535498
11.96 14.26 12.13 48732

1745535499
10.15 13.86 12.06 24724

1745535500
8.68 13.47 11.99 23626

1745535501
8.68 13.47 11.99 311773

1745535503
16.16 14.66 12.25 1210909

1745535504
16.16 14.66 12.25 899575

1745535506
31.02 17.73 12.94 1118472

1745535508
31.02 17.73 12.94 103510

1745535509
27.03 17.44 12.91 190095

1745535511
24.85 17.36 12.92 318578

1745535512
24.85 17.36 12.92 158609

1745535513
23.24 17.32 12.95 351702

1745535514
23.24 17.32 12.95 212866

1745535515
23.74 17.6 13.03 33521

1745535516
23.74 17.6 13.03 70462

1745535517
20.35 17.19 12.98 40008

1745535518
17.2 16.72 12.91 33290

1745535520
17.2 16.72 12.91 16294

1745535521
14.09 16.18 12.82 2687

1745535522
14.09 16.18 12.82 1907

1745535523
11.53 15.65 12.73 1614

1745535524
11.53 15.65 12.73 26587

1745535525
9.62 15.17 12.65 10001

1745535527
9.15 14.9 12.62 152236

1745535528
9.15 14.9 12.62 6337

1745535529
7.49 14.41 12.53 14569

1745535530
6.49 14.01 12.46 29814

1745535531
6.49 14.01 12.46 8926

1745535533
5.32 13.55 12.37 3318

1745535534
5.32 13.55 12.37 3032

1745535535
4.35 13.1 12.29 3293

1745535536
4.35 13.1 12.29 3560

1745535537
3.56 12.67 12.2 13780

1745535538
3.1 12.29 12.12 21274

1745535539
3.1 12.29 12.12 24457

1745535540
3.08 11.99 12.06 63221

1745535542
3.08 11.99 12.06 24793

1745535543
2.7 11.63 11.99 5330

1745535544
2.7 11.63 11.99 1208

1745535545
2.21 11.25 11.9 2975

1745535546
2.21 11.25 11.9 9608

1745535548
1.81 10.88 11.82 715830

1745535553
40.29 17.9 13.3 4799241

1745535554
40.29 17.9 13.3 663937

1745535555
42.41 19.02 13.57 9783

1745535556
42.41 19.02 13.57 2499

1745535558
34.73 18.39 13.47 54394

1745535559
29.34 17.96 13.42 56269

1745535560
29.34 17.96 13.42 1582

1745535561
24.03 17.37 13.32 661

1745535562
24.03 17.37 13.32 2548

1745535563
19.67 16.8 13.23 72083

1745535564
19.67 16.8 13.23 76100

1745535565
17.56 16.51 13.2 51236

1745535567
14.92 16.07 13.13 63339

1745535568
14.92 16.07 13.13 62695

1745535569
13.12 15.71 13.07 44832

1745535570
13.12 15.71 13.07 30739

1745535572
11.1 15.26 13.0 46168

1745535573
9.45 14.82 12.92 37439

1745535574
9.19 14.6 12.89 127841

1745535576
9.19 14.6 12.89 51891

1745535577
8.07 14.22 12.82 29898

1745535578
8.07 14.22 12.82 45044

1745535579
7.15 13.85 12.75 22862

1745535581
6.21 13.46 12.68 43178

1745535582
6.21 13.46 12.68 13935

1745535583
5.45 13.09 12.6 40129

1745535584
5.45 13.09 12.6 22699

1745535586
4.82 12.73 12.53 58706

1745535587
4.49 12.41 12.47 30637

1745535588
4.49 12.41 12.47 15140

1745535590
4.04 12.07 12.39 53728

1745535591
3.67 11.74 12.32 32964

1745535592
3.67 11.74 12.32 18774

1745535593
3.55 11.45 12.26 73179

1745535594
3.55 11.45 12.26 18729

1745535595
3.27 11.14 12.19 26448

1745535597
2.85 10.81 12.11 27402

1745535598
2.85 10.81 12.11 80885

1745535599
3.6 10.68 12.08 49154

1745535600
3.6 10.68 12.08 23316

1745535602
3.31 10.4 12.01 26074

1745535603
3.07 10.12 11.94 25581

1745535604
3.07 10.12 11.94 16446

1745535605
2.88 9.86 11.87 34189

1745535606
2.88 9.86 11.87 26748

1745535607
2.72 9.6 11.8 27318

1745535608
2.72 9.6 11.8 32415

1745535609
2.77 9.38 11.74 44880

1745535610
2.77 9.38 11.74 38313

1745535611
2.81 9.18 11.68 21484

1745535612
2.81 9.18 11.68 17879

1745535613
2.48 8.91 11.61 21472

1745535614
2.48 8.91 11.61 668382

1745535615
13.62 10.71 11.97 738803

1745535616
13.62 10.71 11.97 30389

1745535617
12.42 10.59 11.93 21001

1745535618
12.42 10.59 11.93 16191

1745535620
10.35 10.27 11.86 37756

1745535621
8.84 10.0 11.79 30187

1745535622
8.84 10.0 11.79 28323

1745535623
7.6 9.74 11.72 15561

1745535624
7.6 9.74 11.72 19520

1745535625
6.58 9.49 11.66 21165

1745535626
6.58 9.49 11.66 22018

1745535628
5.57 9.21 11.58 32298

1745535629
4.92 8.97 11.52 21191

1745535630
4.92 8.97 11.52 16109

1745535632
4.21 8.71 11.44 48454

1745535634
3.81 8.49 11.38 49422

1745535635
3.84 8.34 11.33 60159

1745535636
3.84 8.34 11.33 26840

1745535637
3.69 8.17 11.27 33013

1745535639
3.2 7.93 11.2 39549

1745535640
3.2 7.93 11.2 21661

1745535641
2.98 7.74 11.14 20698

1745535642
2.98 7.74 11.14 20042

1745535643
2.8 7.55 11.08 22752

1745535644
2.8 7.55 11.08 17727

1745535645
2.66 7.37 11.01 26753

1745535646
2.66 7.37 11.01 17366

1745535647
2.36 7.16 10.94 21481

1745535648
2.36 7.16 10.94 16555

1745535649
2.11 6.96 10.88 14858

1745535650
2.11 6.96 10.88 170391

1745535651
5.53 7.42 10.94 302107

1745535652
5.53 7.42 10.94 359057

1745535653
10.69 8.29 11.1 303438

1745535654
10.69 8.29 11.1 326157

1745535655
14.37 9.03 11.24 216413

1745535656
14.37 9.03 11.24 15480

1745535657
12.31 8.83 11.18 25772

1745535658
12.31 8.83 11.18 25089

1745535659
10.44 8.61 11.12 22390

1745535660
10.44 8.61 11.12 73091

1745535661
9.45 8.49 11.08 55690

1745535663
8.83 8.41 11.04 124773

1745535664
8.83 8.41 11.04 61428

1745535665
7.95 8.26 10.99 29844

1745535666
7.95 8.26 10.99 26416

1745535667
6.87 8.06 10.93 11111

1745535668
6.87 8.06 10.93 11159

1745535669
5.63 7.79 10.86 5563

1745535670
5.63 7.79 10.86 3278

1745535671
6.24 7.83 10.84 237854

1745535672
6.24 7.83 10.84 372028

1745535674
11.08 8.66 11.0 597965

1745535675
14.15 9.29 11.11 250613

1745535676
14.15 9.29 11.11 236217

1745535677
15.57 9.71 11.19 188902

1745535678
15.57 9.71 11.19 187244

1745535679
16.01 9.98 11.23 175771

1745535680
16.01 9.98 11.23 164222

1745535681
16.01 10.17 11.27 156514

1745535682
16.01 10.17 11.27 140950

1745535683
15.64 10.3 11.29 143749

1745535685
15.16 10.39 11.3 284711

1745535686
15.16 10.39 11.3 142634

1745535687
14.77 10.47 11.31 108151

1745535688
14.77 10.47 11.31 111638

1745535689
14.09 10.49 11.31 132706

1745535691
13.53 10.51 11.3 214259

1745535692
13.53 10.51 11.3 125211

1745535693
13.25 10.56 11.31 115908

1745535694
13.25 10.56 11.31 102178

1745535695
12.66 10.54 11.3 122249

1745535697
12.54 10.59 11.3 243024

1745535698
12.54 10.59 11.3 136511

1745535699
12.62 10.66 11.32 139558

1745535700
12.62 10.66 11.32 144702

1745535701
12.87 10.77 11.33 167383

1745535702
12.87 10.77 11.33 185354

1745535703
13.44 10.94 11.37 108670

1745535705
12.99 10.95 11.36 233237

1745535706
12.99 10.95 11.36 164522

1745535707
13.9 11.18 11.41 205415

1745535708
13.9 11.18 11.41 135260

1745535709
13.37 11.17 11.41 98202

1745535710
13.37 11.17 11.41 101235

1745535712
12.58 11.1 11.39 190451

1745535713
12.11 11.06 11.38 103158

1745535714
12.11 11.06 11.38 101127

1745535715
11.55 11.0 11.36 87107

1745535716
11.55 11.0 11.36 90500

1745535717
10.9 10.9 11.34 74161

1745535718
10.9 10.9 11.34 72430

1745535719
10.2 10.77 11.31 73986

1745535720
10.2 10.77 11.31 73646

1745535721
9.62 10.65 11.28 73409

1745535722
9.62 10.65 11.28 77416

1745535723
9.14 10.53 11.25 72431

1745535724
9.14 10.53 11.25 82091

1745535725
8.75 10.41 11.22 71438

1745535726
8.75 10.41 11.22 74246

1745535727
8.43 10.3 11.19 69490

1745535728
8.43 10.3 11.19 70620

1745535729
8.17 10.19 11.16 75600

1745535730
8.17 10.19 11.16 73905

1745535731
7.96 10.08 11.13 67718

1745535732
7.96 10.08 11.13 77641

1745535733
7.78 9.98 11.11 72974

1745535734
7.78 9.98 11.11 72209

1745535735
7.64 9.89 11.08 75412

1745535736
7.64 9.89 11.08 74342

1745535737
7.52 9.79 11.05 72409

1745535738
7.52 9.79 11.05 73123

1745535739
7.43 9.7 11.02 73063

1745535740
7.43 9.7 11.02 77359

1745535741
7.35 9.61 10.99 75948

1745535742
7.35 9.61 10.99 75284

1745535743
7.28 9.52 10.97 70766

1745535744
7.28 9.52 10.97 73853

1745535745
7.23 9.44 10.94 76226

1745535746
7.23 9.44 10.94 77331

1745535747
7.19 9.36 10.91 75523

1745535748
7.19 9.36 10.91 70527

1745535749
7.15 9.28 10.89 73754

1745535750
7.15 9.28 10.89 71271

1745535751
7.12 9.21 10.86 68235

1745535752
7.12 9.21 10.86 62463

1745535753
6.92 9.1 10.82 70413

1745535754
6.92 9.1 10.82 66745

1745535755
6.75 9.0 10.79 68855

1745535756
6.75 9.0 10.79 68833

1745535757
6.8 8.93 10.77 75701

1745535758
6.8 8.93 10.77 70880

1745535759
6.83 8.87 10.74 73983

1745535760
6.83 8.87 10.74 75741

1745535761
6.86 8.81 10.71 74888

1745535762
6.86 8.81 10.71 70612

1745535763
6.89 8.75 10.69 82616

1745535764
6.89 8.75 10.69 73926

1745535765
6.91 8.69 10.66 69042

1745535766
6.91 8.69 10.66 72418

1745535767
6.92 8.64 10.64 72060

1745535768
6.92 8.64 10.64 74676

1745535769
6.94 8.58 10.61 78263

1745535770
6.94 8.58 10.61 70894

1745535771
6.95 8.53 10.59 74105

1745535772
6.95 8.53 10.59 67072

1745535773
6.96 8.48 10.56 71988

1745535774
6.96 8.48 10.56 68458

1745535775
6.78 8.4 10.53 66680

1745535776
6.78 8.4 10.53 80729

1745535777
6.82 8.35 10.51 68599

1745535778
6.82 8.35 10.51 68390

1745535779
6.67 8.28 10.47 67374

1745535780
6.67 8.28 10.47 66815

1745535781
6.55 8.2 10.44 63190

1745535782
6.55 8.2 10.44 64152

1745535783
6.45 8.13 10.41 67993

1745535784
6.45 8.13 10.41 57963

1745535785
6.18 8.03 10.38 56260

1745535786
6.18 8.03 10.38 58600

1745535787
6.15 7.96 10.35 65396

1745535788
6.15 7.96 10.35 70343

1745535789
6.12 7.89 10.32 66368

1745535790
6.12 7.89 10.32 66477

1745535791
6.1 7.83 10.29 62166

1745535792
6.1 7.83 10.29 69984

1745535793
6.08 7.77 10.26 61722

1745535794
6.08 7.77 10.26 57774

1745535795
6.06 7.71 10.23 67068

1745535796
6.06 7.71 10.23 66473

1745535797
6.05 7.66 10.2 68031

1745535798
6.05 7.66 10.2 67726

1745535799
6.04 7.6 10.17 60456

1745535800
6.04 7.6 10.17 66723

1745535801
6.03 7.55 10.14 63391

1745535802
6.03 7.55 10.14 68209

1745535803
6.03 7.5 10.11 67116

1745535804
6.03 7.5 10.11 59267

1745535805
6.02 7.45 10.08 68841

1745535806
6.02 7.45 10.08 64259

1745535807
6.01 7.4 10.06 68936

1745535808
6.01 7.4 10.06 62365

1745535809
6.01 7.35 10.03 68457

1745535810
6.01 7.35 10.03 64311

1745535811
6.01 7.31 10.0 65868

1745535812
6.01 7.31 10.0 64781

1745535813
6.01 7.27 9.97 69922

1745535814
6.01 7.27 9.97 59285

1745535815
6.0 7.22 9.94 63920

1745535816
6.0 7.22 9.94 67530

1745535817
6.0 7.18 9.92 65610

1745535818
6.0 7.18 9.92 65563

1745535819
6.0 7.14 9.89 67351

1745535820
6.0 7.14 9.89 61773

1745535821
6.0 7.11 9.86 62956

1745535822
6.0 7.11 9.86 69526

1745535823
6.0 7.07 9.84 64222

1745535824
6.0 7.07 9.84 63489

1745535825
6.0 7.03 9.81 64242

1745535826
6.0 7.03 9.81 64702

1745535827
6.0 7.0 9.78 65602

1745535828
6.0 7.0 9.78 66450

1745535829
6.0 6.97 9.76 66255

1745535830
6.0 6.97 9.76 64087

1745535831
6.0 6.93 9.73 64338

1745535832
6.0 6.93 9.73 67655

1745535833
6.0 6.9 9.71 63428

1745535834
6.0 6.9 9.71 65021

1745535835
6.0 6.87 9.68 65968

1745535836
6.0 6.87 9.68 64279

1745535837
6.0 6.85 9.65 63914

1745535838
6.0 6.85 9.65 65174

1745535839
6.0 6.82 9.63 66085

1745535840
6.0 6.82 9.63 68200

1745535841
6.0 6.79 9.6 65563

1745535842
6.0 6.79 9.6 65487

1745535843
6.0 6.76 9.58 66332

1745535844
6.0 6.76 9.58 64042

1745535845
6.0 6.74 9.55 67426

1745535846
6.0 6.74 9.55 65940

1745535847
6.0 6.71 9.53 67449

1745535848
6.0 6.71 9.53 68038

1745535849
6.0 6.69 9.51 63945

1745535850
6.0 6.69 9.51 70858

1745535851
6.18 6.7 9.49 69393

1745535852
6.18 6.7 9.49 70146

1745535853
6.14 6.68 9.46 68675

1745535854
6.14 6.68 9.46 70783

1745535855
6.3 6.69 9.45 72475

1745535856
6.3 6.69 9.45 70591

1745535857
6.42 6.7 9.43 75257

1745535858
6.42 6.7 9.43 98906

1745535860
6.89 6.77 9.43 157595

1745535861
6.91 6.78 9.41 67517

1745535862
6.91 6.78 9.41 68437

1745535863
6.74 6.75 9.39 68282

1745535864
6.74 6.75 9.39 70550

1745535865
6.79 6.76 9.37 70564

1745535866
6.79 6.76 9.37 53810

1745535867
6.64 6.74 9.35 72526

1745535868
6.64 6.74 9.35 72847

1745535869
6.71 6.75 9.33 71808

1745535870
6.71 6.75 9.33 72748

1745535871
6.76 6.75 9.31 72419

1745535872
6.76 6.75 9.31 71233

1745535873
6.8 6.76 9.3 69289

1745535874
6.8 6.76 9.3 70627

1745535875
6.84 6.77 9.28 69611

1745535876
6.84 6.77 9.28 69049

1745535877
6.69 6.75 9.26 69974

1745535878
6.69 6.75 9.26 86207

1745535879
6.92 6.79 9.25 86477

1745535880
6.92 6.79 9.25 98217

1745535881
7.3 6.86 9.25 96816

1745535882
7.3 6.86 9.25 95502

1745535883
8.15 7.03 9.27 158446

1745535884
8.15 7.03 9.27 92514

1745535885
8.3 7.09 9.27 88648

1745535886
8.3 7.09 9.27 100582

1745535888
8.61 7.19 9.27 293899

1745535889
10.13 7.51 9.32 169837

1745535890
10.13 7.51 9.32 156477

1745535891
11.55 7.85 9.38 258533

1745535892
11.55 7.85 9.38 270995

1745535893
14.35 8.48 9.5 256268

1745535894
14.35 8.48 9.5 264528

1745535895
15.56 8.89 9.58 130361

1745535897
14.19 8.86 9.57 156971

1745535898
14.19 8.86 9.57 86195

1745535899
13.06 8.83 9.56 84934

1745535900
13.06 8.83 9.56 134513

1745535901
13.41 9.03 9.6 192306

1745535902
13.41 9.03 9.6 181411

1745535903
14.24 9.33 9.66 178656

1745535904
14.24 9.33 9.66 88611

1745535905
13.47 9.35 9.66 91250

1745535906
13.47 9.35 9.66 85642

1745535907
12.48 9.3 9.65 85484

1745535908
12.48 9.3 9.65 85064

1745535909
11.67 9.26 9.63 83416

1745535910
11.67 9.26 9.63 95982

1745535911
11.0 9.22 9.62 83830

1745535912
11.0 9.22 9.62 101230

1745535913
11.18 9.31 9.64 150055

1745535914
11.18 9.31 9.64 110502

1745535915
11.15 9.37 9.65 109225

1745535916
11.15 9.37 9.65 112863

1745535917
11.3 9.45 9.66 162214

1745535918
11.3 9.45 9.66 244023

1745535919
12.7 9.76 9.73 158917

1745535920
12.7 9.76 9.73 134293

1745535921
12.75 9.87 9.75 115459

1745535922
12.75 9.87 9.75 115413

1745535923
12.43 9.91 9.76 119214

1745535924
12.43 9.91 9.76 116481

1745535925
12.17 9.94 9.77 321429

1745535926
12.17 9.94 9.77 882946

1745535928
24.82 12.3 10.26 1103404

1745535929
24.49 12.65 10.35 12792

1745535930
24.49 12.65 10.35 187687

1745535931
23.67 12.89 10.42 228230

1745535932
23.67 12.89 10.42 200654

1745535933
22.65 13.06 10.47 180533

1745535935
21.08 13.09 10.49 438869

1745535936
21.08 13.09 10.49 709025

1745535937
27.4 14.49 10.81 297696

1745535938
27.4 14.49 10.81 158359

1745535939
25.34 14.54 10.84 160091

1745535940
25.34 14.54 10.84 158047

1745535941
23.28 14.52 10.86 110991

1745535942
23.28 14.52 10.86 147305

1745535943
21.6 14.51 10.88 153835

1745535944
21.6 14.51 10.88 149500

1745535945
20.4 14.52 10.91 150598

1745535946
20.4 14.52 10.91 165052

1745535947
19.42 14.54 10.94 137462

1745535948
19.42 14.54 10.94 136864

1745535949
18.08 14.45 10.95 104058

1745535950
18.08 14.45 10.95 124341

1745535951
16.61 14.31 10.94 145389

1745535953
15.41 14.17 10.93 160177

1745535954
15.41 14.17 10.93 130981

1745535956
14.43 14.03 10.93 205571

1745535957
13.99 13.96 10.93 127139

1745535958
13.99 13.96 10.93 131607

1745535959
13.81 13.93 10.95 161041

1745535961
14.02 13.97 10.98 307762

1745535963
13.66 13.9 10.98 229679

1745535964
13.66 13.9 10.98 145428

1745535965
13.72 13.91 11.01 196689

1745535966
13.72 13.91 11.01 232999

1745535967
14.86 14.1 11.07 128729

1745535968
14.86 14.1 11.07 144247

1745535969
14.52 14.07 11.08 152965

1745535971
13.88 13.97 11.08 195017

1745535972
13.88 13.97 11.08 113317

1745535974
14.26 14.03 11.11 537148

1745535975
16.93 14.52 11.24 354297

1745535976
16.93 14.52 11.24 284198

1745535977
18.21 14.83 11.32 119278

1745535978
18.21 14.83 11.32 136024

1745535979
17.08 14.74 11.33 112640

1745535980
17.08 14.74 11.33 123597

1745535982
15.8 14.59 11.32 201073

1745535983
15.11 14.5 11.32 124074

1745535984
15.11 14.5 11.32 250212

1745535986
16.18 14.71 11.39 441441

1745535988
16.14 14.76 11.42 194757

1745535989
15.03 14.6 11.41 117277

1745535990
15.03 14.6 11.41 110514

1745535991
14.3 14.48 11.41 85020

1745535992
14.3 14.48 11.41 15195

1745535993
11.89 14.04 11.34 16969

1745535994
11.89 14.04 11.34 11111

1745535995
9.91 13.61 11.27 14351

1745535997
8.3 13.2 11.2 29225

1745535998
8.3 13.2 11.2 26807

1745535999
7.16 12.83 11.13 25573

1745536000
7.16 12.83 11.13 22830

1745536001
6.22 12.48 11.07 19458

1745536002
6.22 12.48 11.07 42146

1745536003
6.0 12.23 11.03 90879

1745536004
6.0 12.23 11.03 46635

1745536005
5.82 12.0 10.99 54936

1745536007
5.12 11.67 10.93 32223

1745536009
4.92 11.42 10.88 81903

1745536010
4.92 11.42 10.88 36545

1745536011
4.57 11.14 10.82 31727

1745536012
4.57 11.14 10.82 32383

1745536013
4.1 10.84 10.76 10914

1745536014
4.1 10.84 10.76 3294

1745536015
3.36 10.49 10.69 4722

1745536016
3.36 10.49 10.69 3587

1745536017
2.75 10.14 10.62 702

1745536018
2.75 10.14 10.62 284

1745536019
2.25 9.81 10.54 268

1745536020
2.25 9.81 10.54 708

1745536021
1.84 9.49 10.47 473

1745536022
1.84 9.49 10.47 529

1745536023
1.51 9.18 10.4 548

1745536024
1.51 9.18 10.4 157

1745536025
1.23 8.88 10.33 483

1745536026
1.23 8.88 10.33 261

1745536027
1.01 8.59 10.26 299

1745536028
1.01 8.59 10.26 200

1745536029
0.82 8.31 10.19 981

1745536030
0.82 8.31 10.19 651

1745536031
0.67 8.03 10.12 283

1745536032
0.67 8.03 10.12 815

1745536033
0.55 7.77 10.05 708

1745536034
0.55 7.77 10.05 868

1745536035
0.45 7.52 9.98 1051

1745536036
0.45 7.52 9.98 4943

1745536037
0.37 7.27 9.91 7834

1745536038
0.37 7.27 9.91 20942

1745536039
0.48 7.06 9.85 13304

1745536040
0.48 7.06 9.85 22553

1745536041
0.76 6.9 9.8 32073

1745536042
0.76 6.9 9.8 26517

1745536044
0.8 6.71 9.74 30544

1745536045
1.02 6.55 9.68 16638

1745536046
1.02 6.55 9.68 12018

1745536047
1.01 6.37 9.62 17039

1745536048
1.01 6.37 9.62 21658

1745536049
1.19 6.23 9.57 26117

1745536050
1.19 6.23 9.57 33518

1745536051
1.52 6.12 9.52 27383

1745536052
1.52 6.12 9.52 19734

1745536053
1.6 5.98 9.47 25069

1745536054
1.6 5.98 9.47 35481

1745536055
1.86 5.89 9.43 24775

1745536056
1.86 5.89 9.43 8525

1745536057
1.52 5.69 9.36 5884

1745536059
1.24 5.51 9.3 2350

1745536060
1.24 5.51 9.3 722

1745536061
1.02 5.33 9.24 564

1745536062
1.02 5.33 9.24 654

1745536063
0.83 5.15 9.17 349

1745536064
0.83 5.15 9.17 972

1745536065
0.68 4.98 9.11 470

1745536066
0.68 4.98 9.11 715

1745536067
0.56 4.82 9.05 1360

1745536068
0.56 4.82 9.05 1036197

1745536070
10.96 6.56 9.38 1125652

1745536072
26.18 9.45 9.97 1786832

1745536073
37.02 11.96 10.49 1116785

1745536075
31.94 11.86 10.48 30220

1745536076
31.94 11.86 10.48 505

1745536077
26.15 11.47 10.4 467

1745536078
26.15 11.47 10.4 446

1745536079
21.42 11.1 10.33 994

1745536080
21.42 11.1 10.33 416

1745536081
17.54 10.73 10.26 285

1745536082
17.54 10.73 10.26 38152

1745536083
16.71 10.81 10.28 447188

1745536085
30.53 13.5 10.85 1912317

1745536086
30.53 13.5 10.85 1066897

1745536088
42.39 16.19 11.43 1673476

1745536089
48.48 18.15 11.87 537079

1745536091
40.6 17.72 11.82 26826

1745536092
40.6 17.72 11.82 627

1745536093
33.25 17.14 11.74 757

1745536094
33.25 17.14 11.74 614

1745536095
27.22 16.58 11.66 964

1745536096
27.22 16.58 11.66 298

1745536097
22.29 16.04 11.58 824

1745536098
22.29 16.04 11.58 773

1745536099
18.25 15.51 11.5 647

1745536100
18.25 15.51 11.5 353

1745536101
14.94 15.0 11.42 291

1745536102
14.94 15.0 11.42 308

1745536103
14.23 14.87 11.42 395937

1745536104
14.23 14.87 11.42 819374

1745536105
26.32 17.04 11.9 828367

1745536106
26.32 17.04 11.9 1154310

1745536108
36.59 19.19 12.38 687904

1745536109
32.31 18.99 12.39 692

1745536110
32.31 18.99 12.39 1033

1745536111
26.46 18.37 12.3 1085

1745536112
26.46 18.37 12.3 783

1745536113
24.75 18.32 12.33 614172

1745536115
34.39 20.28 12.78 1533647

1745536117
42.65 22.23 13.24 1555524

1745536118
42.65 22.23 13.24 155750

1745536119
36.92 21.86 13.23 941

1745536120
36.92 21.86 13.23 920

1745536121
30.23 21.15 13.14 1817

1745536122
30.23 21.15 13.14 664

1745536123
24.75 20.45 13.05 578

1745536124
24.75 20.45 13.05 391

1745536125
20.27 19.79 12.96 701

1745536126
20.27 19.79 12.96 1108

1745536127
16.59 19.14 12.87 4413

1745536128
16.59 19.14 12.87 5065

1745536129
13.59 18.51 12.78 14072

1745536131
11.12 17.91 12.69 2334

1745536132
11.12 17.91 12.69 5946

1745536133
13.46 18.1 12.77 549313

1745536134
13.46 18.1 12.77 785388

1745536135
25.87 20.2 13.24 882639

1745536136
25.87 20.2 13.24 859140

1745536137
36.58 22.32 13.73 832142

1745536139
39.74 23.35 14.01 1009721

1745536140
39.74 23.35 14.01 176757

1745536141
34.71 22.98 14.0 43389

1745536142
34.71 22.98 14.0 11188

1745536143
28.42 22.23 13.9 1690

1745536144
28.42 22.23 13.9 995

1745536145
23.27 21.5 13.8 524

1745536146
23.27 21.5 13.8 451

1745536147
19.06 20.8 13.71 801

1745536148
19.06 20.8 13.71 123182

1745536150
17.41 20.44 13.68 249202

1745536152
16.43 20.17 13.67 215526

1745536153
14.54 19.7 13.62 930

1745536154
14.54 19.7 13.62 270

1745536155
11.91 19.06 13.53 788

1745536156
11.91 19.06 13.53 815

1745536158
9.75 18.43 13.43 529846

1745536159
15.59 19.2 13.63 407498

1745536161
18.02 19.52 13.73 571677

1745536163
18.92 19.64 13.8 442737

1745536164
18.92 19.64 13.8 177920

1745536165
18.57 19.55 13.82 194450

1745536167
18.47 19.5 13.85 330476

1745536168
18.47 19.5 13.85 1958

1745536169
15.3 18.89 13.76 430

1745536170
15.3 18.89 13.76 722

1745536171
12.53 18.28 13.67 981

1745536173
10.98 17.81 13.6 123079

1745536174
10.98 17.81 13.6 210731

1745536175
12.62 17.88 13.64 195804

1745536176
12.62 17.88 13.64 179479

1745536177
12.5 17.69 13.63 79116

1745536179
14.95 17.96 13.72 513416

1745536180
14.95 17.96 13.72 225920

1745536182
16.04 18.06 13.77 982045

1745536183
26.0 19.79 14.16 790167

1745536184
26.0 19.79 14.16 782934

1745536186
35.42 21.7 14.6 1588854

1745536187
43.67 23.64 15.05 852366

1745536188
43.67 23.64 15.05 732763

1745536189
48.62 25.19 15.43 757698

1745536191
48.33 25.9 15.65 771288

1745536192
48.33 25.9 15.65 232079

1745536193
43.38 25.74 15.68 136428

1745536194
43.38 25.74 15.68 104889

1745536195
37.51 25.26 15.65 121120

1745536196
37.51 25.26 15.65 65924

1745536197
31.44 24.56 15.57 1538

1745536198
31.44 24.56 15.57 1686

1745536199
25.74 23.76 15.47 2170

1745536200
25.74 23.76 15.47 1841

1745536201
21.08 22.98 15.36 8183

1745536202
21.08 22.98 15.36 20869

1745536203
18.89 22.52 15.32 266330

1745536205
18.89 22.52 15.32 20820

1745536206
16.55 21.98 15.25 17360

1745536207
13.73 21.29 15.15 24975

1745536208
13.73 21.29 15.15 17827

1745536210
11.43 20.63 15.06 49388

1745536212
9.72 20.02 14.97 40222

1745536213
8.14 19.4 14.87 16394

1745536214
8.14 19.4 14.87 6058

1745536215
6.66 18.76 14.77 989

1745536216
6.66 18.76 14.77 588

1745536218
5.45 18.15 14.67 1181

1745536219
4.46 17.55 14.57 610

1745536220
4.46 17.55 14.57 945

1745536221
3.65 16.98 14.47 2020

1745536222
3.65 16.98 14.47 242

1745536223
2.99 16.42 14.37 1964

1745536224
2.99 16.42 14.37 490

1745536225
2.45 15.89 14.27 349

1745536226
2.45 15.89 14.27 751

1745536227
2.0 15.37 14.17 796

1745536228
2.0 15.37 14.17 289707

1745536229
9.43 16.27 14.37 765202

1745536231
22.94 18.49 14.85 1677957

1745536233
35.27 20.86 15.37 1743695

1745536234
35.27 20.86 15.37 531856

1745536235
36.12 21.48 15.54 165309

1745536237
30.48 20.95 15.46 253011

1745536238
30.48 20.95 15.46 579144

1745536239
34.74 22.03 15.73 658992

1745536241
36.24 22.71 15.91 637386

1745536242
36.24 22.71 15.91 299473

1745536243
34.93 22.92 16.0 269150

1745536244
34.93 22.92 16.0 221801

1745536245
32.4 22.86 16.04 195319

1745536246
32.4 22.86 16.04 173900

1745536248
29.25 22.6 16.03 241698

1745536249
25.94 22.22 16.0 110092

1745536250
25.94 22.22 16.0 111239

1745536251
23.05 21.82 15.95 110688

1745536253
20.87 21.46 15.92 215867

1745536254
20.87 21.46 15.92 110047

1745536256
18.9 21.09 15.88 205598

1745536258
17.47 20.76 15.85 250050

1745536259
16.47 20.47 15.82 119288

1745536260
16.47 20.47 15.82 119367

1745536262
15.48 20.16 15.79 186689

1745536263
14.49 19.83 15.75 138709

1745536264
14.49 19.83 15.75 112708

1745536265
13.85 19.54 15.71 142144

1745536267
15.15 19.59 15.75 471921

1745536269
18.56 20.06 15.87 647383

1745536270
18.56 20.06 15.87 37457

1745536272
15.74 19.5 15.79 3959

1745536273
12.89 18.86 15.68 1389

1745536274
12.89 18.86 15.68 281

1745536275
10.55 18.24 15.57 1295

1745536276
10.55 18.24 15.57 2331

1745536277
8.64 17.65 15.46 7695

1745536278
8.64 17.65 15.46 9064

1745536279
7.07 17.07 15.36 5308

1745536280
7.07 17.07 15.36 8919

1745536281
5.79 16.51 15.25 3860

1745536282
5.79 16.51 15.25 1978

1745536284
4.74 15.97 15.15 31550

1745536285
4.24 15.51 15.06 31169

1745536286
4.24 15.51 15.06 63471

1745536287
4.2 15.14 14.98 37175

1745536288
4.2 15.14 14.98 24283

1745536290
3.8 14.7 14.89 25906

1745536291
3.29 14.26 14.8 20176

1745536292
3.29 14.26 14.8 17429

1745536293
4.69 14.15 14.77 284025

1745536294
4.69 14.15 14.77 721952

1745536295
15.79 15.85 15.12 591269

1745536296
15.79 15.85 15.12 403822

1745536297
19.81 16.57 15.28 392967

1745536298
19.81 16.57 15.28 116614

1745536300
18.22 16.39 15.25 34519

1745536301
15.28 15.92 15.16 31906

1745536302
15.28 15.92 15.16 18868

1745536303
12.87 15.46 15.07 25180

1745536304
12.87 15.46 15.07 28746

1745536305
10.9 15.02 14.98 29184

1745536307
10.9 15.02 14.98 34325

1745536308
9.29 14.59 14.89 98087

1745536309
8.87 14.35 14.83 68701

1745536310
8.87 14.35 14.83 23991

1745536311
7.63 13.94 14.75 28896

1745536312
7.63 13.94 14.75 43884

1745536313
7.15 13.65 14.68 98496

1745536314
7.15 13.65 14.68 53197

1745536316
6.94 13.4 14.62 107145

1745536317
6.77 13.16 14.56 62076

1745536318
6.77 13.16 14.56 95209

1745536319
7.17 13.02 14.52 129128

1745536320
7.17 13.02 14.52 44679

1745536321
6.6 12.72 14.45 12391

1745536323
5.58 12.34 14.36 33467

1745536324
5.58 12.34 14.36 49384

1745536325
5.11 12.03 14.28 48559

1745536326
5.11 12.03 14.28 63019

1745536328
4.91 11.77 14.21 44858

1745536329
6.01 11.75 14.19 193533

1745536330
6.01 11.75 14.19 39999

1745536332
5.47 11.46 14.11 87450

1745536334
5.02 11.18 14.04 42203

1745536335
4.29 10.85 13.95 2823

1745536337
3.51 10.49 13.85 3769

1745536339
2.87 10.15 13.76 17888

1745536341
2.35 9.82 13.66 2323

1745536343
1.92 9.49 13.57 3303

1745536344
1.92 9.49 13.57 14807

1745536346
1.76 9.22 13.48 29237

1745536347
1.62 8.95 13.4 22493

1745536348
1.62 8.95 13.4 28989

1745536349
2.41 8.85 13.34 112351

1745536350
2.41 8.85 13.34 23040

1745536352
2.15 8.59 13.26 19526

1745536353
1.94 8.34 13.18 21492

1745536355
1.59 8.07 13.09 5537

1745536356
1.59 8.07 13.09 632

1745536357
1.3 7.81 13.0 1069

1745536358
1.3 7.81 13.0 610

1745536359
1.06 7.55 12.91 2722

1745536360
1.06 7.55 12.91 450950

1745536362
8.66 8.71 13.11 1008073

1745536363
15.61 9.96 13.34 423025

1745536364
15.61 9.96 13.34 173011

1745536365
14.77 10.0 13.33 4201

1745536366
14.77 10.0 13.33 1344

1745536368
12.09 9.67 13.24 3717

1745536369
11.17 9.58 13.19 167281

1745536370
11.17 9.58 13.19 170210

1745536372
11.68 9.73 13.2 262823

1745536373
11.56 9.77 13.18 110164

1745536375
11.45 9.81 13.17 183403

1745536376
11.45 9.81 13.17 84470

1745536377
12.64 10.08 13.2 312531

1745536379
10.71 9.81 13.13 1769

1745536380
10.71 9.81 13.13 2529

1745536381
8.77 9.49 13.04 2941

1745536382
8.77 9.49 13.04 2076

1745536384
7.18 9.18 12.95 76287

1745536385
6.42 8.98 12.88 3263

1745536387
6.42 8.98 12.88 4487

1745536388
5.44 8.72 12.8 256221

1745536389
8.44 9.15 12.86 239533

1745536391
13.79 10.09 13.03 802470

1745536392
13.79 10.09 13.03 581394

1745536393
17.27 10.84 13.17 50663

1745536395
14.14 10.49 13.08 6726

1745536396
14.14 10.49 13.08 3881

1745536398
11.58 10.14 12.99 162857

1745536400
11.65 10.21 12.98 271135

1745536401
12.26 10.36 13.0 157469

1745536402
12.26 10.36 13.0 147766

1745536403
12.57 10.48 13.0 168483

1745536404
12.57 10.48 13.0 113490

1745536406
12.47 10.53 13.0 213522

1745536407
12.02 10.51 12.97 135803

1745536409
11.65 10.5 12.95 185886

1745536410
11.65 10.5 12.95 115164

1745536412
11.9 10.58 12.95 1065502

1745536413
21.33 12.33 13.3 381383

1745536414
21.33 12.33 13.3 3095

1745536415
17.47 11.92 13.21 6216

1745536417
14.3 11.53 13.12 1363

1745536418
14.3 11.53 13.12 102

1745536419
11.71 11.15 13.03 649

1745536420
11.71 11.15 13.03 299

1745536421
9.59 10.79 12.94 4865

1745536422
9.59 10.79 12.94 27521

1745536423
8.21 10.5 12.87 19886

1745536424
8.21 10.5 12.87 23150

1745536425
7.09 10.22 12.79 24924

1745536426
7.09 10.22 12.79 18298

1745536427
6.16 9.95 12.72 35704

1745536428
6.16 9.95 12.72 16208

1745536429
10.12 10.54 12.82 587775

1745536430
10.12 10.54 12.82 403807

1745536431
14.63 11.34 12.97 291941

1745536432
14.63 11.34 12.97 214557

1745536433
15.42 11.59 13.02 170249

1745536434
15.42 11.59 13.02 95107

1745536435
14.07 11.48 12.98 62885

1745536436
14.07 11.48 12.98 62885

1745536437
12.43 11.26 12.93 53472

1745536438
12.43 11.26 12.93 71090

1745536439
11.26 11.09 12.88 57689

1745536440
11.26 11.09 12.88 61806

1745536441
10.49 10.96 12.84 83908

1745536442
10.49 10.96 12.84 88871

1745536443
10.04 10.86 12.81 81848

1745536444
10.04 10.86 12.81 82864

1745536445
9.49 10.73 12.77 71485

1745536446
9.49 10.73 12.77 86901

1745536447
9.22 10.64 12.73 75417

1745536448
9.22 10.64 12.73 92738

1745536449
8.99 10.56 12.7 87558

1745536450
8.99 10.56 12.7 96884

1745536451
8.99 10.51 12.67 90668

1745536452
8.99 10.51 12.67 74813

1745536453
8.45 10.36 12.63 64522

1745536454
8.45 10.36 12.63 85609

1745536455
8.37 10.28 12.6 83466

1745536456
8.37 10.28 12.6 74180

1745536457
8.3 10.2 12.56 88770

1745536458
8.3 10.2 12.56 78941

1745536459
8.24 10.13 12.53 94934

1745536460
8.24 10.13 12.53 71722

1745536461
8.02 10.03 12.5 85814

1745536462
8.02 10.03 12.5 73503

1745536463
7.83 9.93 12.46 83071

1745536464
7.83 9.93 12.46 89713

1745536465
7.68 9.83 12.42 67118

1745536466
7.68 9.83 12.42 69650

1745536467
7.56 9.74 12.38 85039

1745536468
7.56 9.74 12.38 87253

1745536469
7.82 9.72 12.36 101269

1745536470
7.82 9.72 12.36 79567

1745536471
7.85 9.66 12.33 81020

1745536472
7.85 9.66 12.33 80306

1745536473
7.88 9.6 12.3 84935

1745536474
7.88 9.6 12.3 83145

1745536475
7.9 9.55 12.27 87235

1745536476
7.9 9.55 12.27 97307

1745536477
7.92 9.5 12.24 68527

1745536478
7.92 9.5 12.24 96114

1745536479
7.39 9.35 12.19 20876

1745536480
7.39 9.35 12.19 37442

1745536481
6.41 9.11 12.12 18430

1745536482
6.41 9.11 12.12 10753

1745536483
5.43 8.85 12.04 10672

1745536484
5.43 8.85 12.04 11904

1745536485
4.63 8.59 11.97 21167

1745536486
4.63 8.59 11.97 12902

1745536487
3.97 8.34 11.89 6788

1745536488
3.97 8.34 11.89 2976

1745536489
3.25 8.07 11.81 1123

1745536490
3.25 8.07 11.81 940

1745536491
2.66 7.8 11.73 3551

1745536492
2.66 7.8 11.73 3305

1745536493
2.18 7.55 11.65 1368

1745536494
2.18 7.55 11.65 603

1745536495
1.78 7.3 11.57 335

1745536496
1.78 7.3 11.57 1030

1745536497
1.46 7.06 11.49 1700

1745536498
1.46 7.06 11.49 49722

1745536500
4.81 7.48 11.55 748947

1745536501
10.28 8.38 11.71 317536

1745536502
10.28 8.38 11.71 320921

1745536503
13.49 9.03 11.82 232769

1745536505
11.77 8.86 11.77 85975

1745536506
11.77 8.86 11.77 46458

1745536507
10.72 8.77 11.73 95312

1745536508
10.72 8.77 11.73 335131

1745536509
14.58 9.53 11.87 331791

1745536511
17.73 10.26 12.0 639950

1745536512
17.73 10.26 12.0 270492

1745536513
19.41 10.81 12.11 289650

1745536515
20.79 11.34 12.21 541927

1745536516
20.79 11.34 12.21 238915

1745536518
21.37 11.75 12.29 366700

1745536519
18.58 11.57 12.25 2840

1745536521
15.21 11.19 12.16 2166

1745536522
15.21 11.19 12.16 1481

1745536523
13.73 11.05 12.13 157407

1745536525
15.59 11.47 12.21 553835

1745536526
15.59 11.47 12.21 882982

1745536527
28.34 13.91 12.71 852244

1745536529
37.52 16.04 13.17 1553858

1745536530
37.52 16.04 13.17 489030

1745536531
35.43 16.37 13.25 28361

1745536533
31.91 16.35 13.27 315410

1745536534
31.91 16.35 13.27 426064

1745536535
32.47 16.96 13.42 286046

1745536536
32.47 16.96 13.42 278094

1745536537
30.93 17.19 13.5 213862

1745536538
30.93 17.19 13.5 59155

1745536539
25.87 16.73 13.42 3829

1745536540
25.87 16.73 13.42 531

1745536541
21.18 16.18 13.33 603

1745536542
21.18 16.18 13.33 361

1745536543
19.16 15.98 13.31 212595

1745536544
19.16 15.98 13.31 784266

1745536545
30.0 18.04 13.76 808768

1745536546
30.0 18.04 13.76 812566

1745536547
39.6 20.17 14.23 906532

1745536549
44.56 21.7 14.59 1303925

1745536551
37.57 21.18 14.53 117399

1745536552
37.57 21.18 14.53 359

1745536553
30.77 20.49 14.43 859

1745536554
30.77 20.49 14.43 513

1745536555
25.19 19.82 14.33 805

1745536556
25.19 19.82 14.33 248

1745536557
20.63 19.17 14.24 4746

1745536559
24.5 19.92 14.43 839275

1745536560
24.5 19.92 14.43 855864

1745536561
34.91 21.95 14.89 862962

1745536563
41.81 23.62 15.29 1400067

1745536564
41.81 23.62 15.29 267979

1745536565
36.77 23.3 15.28 2307

1745536566
36.77 23.3 15.28 554

1745536567
31.02 22.71 15.21 104385

1745536568
31.02 22.71 15.21 96212

1745536569
26.85 22.22 15.16 68193

1745536570
26.85 22.22 15.16 69243

1745536571
23.25 21.73 15.1 75552

1745536572
23.25 21.73 15.1 123243

1745536573
21.75 21.51 15.1 184466

1745536575
19.81 21.16 15.07 219725

1745536576
19.81 21.16 15.07 92363

1745536577
17.67 20.73 15.02 85615

1745536578
17.67 20.73 15.02 104675

1745536579
16.46 20.41 14.99 131472

1745536580
16.46 20.41 14.99 136767

1745536581
15.65 20.14 14.97 114462

1745536582
15.65 20.14 14.97 109632

1745536583
14.62 19.8 14.94 90063

1745536584
14.62 19.8 14.94 103212

1745536585
13.79 19.48 14.91 98141

1745536586
13.79 19.48 14.91 116703

1745536587
13.46 19.24 14.89 140755

1745536588
13.46 19.24 14.89 126334

1745536589
13.01 18.97 14.86 108042

1745536590
13.01 18.97 14.86 110839

1745536591
12.65 18.71 14.83 112512

1745536592
12.65 18.71 14.83 100554

1745536593
12.17 18.42 14.8 114485

1745536594
12.17 18.42 14.8 134487

1745536595
12.14 18.21 14.78 115426

1745536596
12.14 18.21 14.78 107707

1745536597
11.75 17.94 14.75 104671

1745536598
11.75 17.94 14.75 123632

1745536599
11.79 17.75 14.73 118505

1745536600
11.79 17.75 14.73 108535

1745536601
11.83 17.56 14.71 139720

1745536602
11.83 17.56 14.71 115794

1745536603
11.68 17.34 14.68 110831

1745536604
11.68 17.34 14.68 107304

1745536605
11.55 17.14 14.66 126440

1745536606
11.55 17.14 14.66 126693

1745536607
11.63 16.97 14.64 124428

1745536608
11.63 16.97 14.64 139400

1745536609
11.88 16.84 14.63 125647

1745536610
11.88 16.84 14.63 98046

1745536611
11.54 16.61 14.6 112417

1745536612
11.54 16.61 14.6 110682

1745536613
11.26 16.4 14.56 99708

1745536614
11.26 16.4 14.56 119899

1745536615
11.39 16.25 14.55 122013

1745536616
11.39 16.25 14.55 124649

1745536617
11.32 16.08 14.52 107060

1745536618
11.32 16.08 14.52 119094

1745536619
11.44 15.95 14.5 122470

1745536620
11.44 15.95 14.5 93641

1745536621
11.18 15.75 14.47 111199

1745536622
11.18 15.75 14.47 150931

1745536623
11.51 15.66 14.46 119524

1745536624
11.51 15.66 14.46 106488

1745536625
11.23 15.47 14.43 106203

1745536626
11.23 15.47 14.43 109199

1745536627
11.37 15.36 14.41 132235

1745536628
11.37 15.36 14.41 125302

1745536629
11.49 15.25 14.4 125995

1745536630
11.49 15.25 14.4 99822

1745536631
11.03 15.04 14.36 98847

1745536632
11.03 15.04 14.36 109176

1745536633
11.03 14.91 14.34 124253

1745536634
11.03 14.91 14.34 120704

1745536635
11.02 14.78 14.31 103850

1745536636
11.02 14.78 14.31 109388

1745536637
11.02 14.66 14.29 117107

1745536638
11.02 14.66 14.29 123668

1745536639
11.02 14.66 14.29 125317

1745536640
11.19 14.57 14.28 113451

1745536641
11.19 14.57 14.28 24137

1745536642
10.25 14.29 14.22 74881

1745536644
9.12 13.95 14.15 25834

1745536645
9.12 13.95 14.15 817

1745536646
7.47 13.5 14.05 678

1745536647
7.47 13.5 14.05 442

1745536648
6.11 13.06 13.96 435

1745536649
6.11 13.06 13.96 238

1745536650
5.0 12.63 13.86 90

1745536651
5.0 12.63 13.86 527

1745536652
4.1 12.21 13.76 298

1745536653
4.1 12.21 13.76 116

1745536654
3.35 11.81 13.67 528

1745536655
3.35 11.81 13.67 73657

1745536656
3.47 11.56 13.6 506739

1745536657
15.16 13.41 13.98 840225

1745536659
28.17 15.81 14.48 1899270

1745536660
28.17 15.81 14.48 959734

1745536661
39.01 18.17 14.98 966005

1745536663
46.43 20.2 15.42 1313814

1745536665
46.43 20.2 15.42 1164145

1745536666
48.71 21.47 15.72 595359

1745536667
48.71 21.47 15.72 516456

1745536668
49.85 22.56 15.99 453448

1745536669
49.85 22.56 15.99 348594

1745536670
47.88 23.1 16.15 234290

1745536671
47.88 23.1 16.15 137762

1745536672
42.47 22.93 16.16 129743

1745536673
42.47 22.93 16.16 105328

1745536674
36.77 22.54 16.12 110787

1745536675
36.77 22.54 16.12 123474

1745536676
32.1 22.17 16.09 130147

1745536677
32.1 22.17 16.09 106688

1745536678
28.27 21.8 16.05 101569

1745536679
28.27 21.8 16.05 101455

1745536680
24.96 21.41 16.01 84504

1745536681
24.96 21.41 16.01 81833

1745536682
21.89 20.97 15.96 91410

1745536683
21.89 20.97 15.96 84198

1745536684
19.37 20.55 15.9 110555

1745536686
17.85 20.24 15.87 235550

1745536687
17.85 20.24 15.87 77734

1745536688
16.25 19.87 15.82 94808

1745536689
16.25 19.87 15.82 96784

1745536690
14.93 19.51 15.78 104031

1745536691
14.93 19.51 15.78 96524

1745536692
13.86 19.17 15.73 97719

1745536693
13.86 19.17 15.73 88004

1745536694
12.98 18.83 15.68 95987

1745536695
12.98 18.83 15.68 99845

1745536696
12.26 18.51 15.64 85680

1745536697
12.26 18.51 15.64 99681

1745536698
11.66 18.2 15.59 284298

1745536699
11.66 18.2 15.59 112022

1745536700
12.99 18.23 15.61 112494

1745536701
12.99 18.23 15.61 365471

1745536702
15.35 18.48 15.69 784321

1745536703
15.35 18.48 15.69 820281

1745536704
27.06 20.49 16.13 846768

1745536705
27.06 20.49 16.13 860884

1745536706
37.56 22.6 16.6 847318

1745536707
37.56 22.6 16.6 806872

1745536709
45.61 24.55 17.04 1569719

1745536710
51.47 26.3 17.46 788800

1745536711
51.47 26.3 17.46 761717

1745536712
56.1 27.96 17.87 772344

1745536713
56.1 27.96 17.87 736215

1745536714
59.52 29.49 18.26 749181

1745536715
59.52 29.49 18.26 752304

1745536716
62.32 30.98 18.65 774110

1745536717
62.32 30.98 18.65 789947

1745536718
65.16 32.52 19.05 819753

1745536719
65.16 32.52 19.05 836744

1745536720
68.21 34.14 19.48 790100

1745536721
68.21 34.14 19.48 753713

1745536722
69.8 35.54 19.88 768498

1745536723
69.8 35.54 19.88 792019

1745536724
71.11 36.9 20.27 825396

1745536725
71.11 36.9 20.27 730709

1745536726
72.35 38.24 20.66 805996

1745536727
72.35 38.24 20.66 824018

1745536728
73.92 39.64 21.08 790357

1745536729
73.92 39.64 21.08 839070

1745536730
75.2 41.0 21.49 791509

1745536731
75.2 41.0 21.49 812891

1745536732
76.07 42.27 21.89 801935

1745536733
76.07 42.27 21.89 814129

1745536734
76.78 43.51 22.28 814886

1745536735
76.78 43.51 22.28 819903

1745536736
77.55 44.73 22.68 829953

1745536737
77.55 44.73 22.68 748447

1745536739
77.63 45.82 23.06 1550099

1745536740
77.51 46.84 23.43 751645

1745536741
77.51 46.84 23.43 772127

1745536742
77.24 47.79 23.79 794545

1745536743
77.24 47.79 23.79 817359

1745536744
77.74 48.85 24.18 798104

1745536745
77.74 48.85 24.18 794423

1745536746
77.97 49.83 24.55 802597

1745536748
77.79 50.72 24.91 1533033

1745536749
77.79 50.72 24.91 774780

1745536750
77.65 51.58 25.27 798721

1745536751
77.65 51.58 25.27 790641

1745536752
77.71 52.45 25.63 782922

1745536753
77.71 52.45 25.63 817442

1745536754
78.12 53.35 26.0 812242

1745536755
78.12 53.35 26.0 810661

1745536757
78.46 54.22 26.37 1633376

1745536758
79.1 55.13 26.75 832933

1745536759
79.1 55.13 26.75 845338

1745536760
79.81 56.04 27.13 828414

1745536761
79.84 56.83 27.5 873710

1745536762
79.84 56.83 27.5 803672

1745536764
78.96 57.42 27.82 1407504

1745536765
78.96 57.42 27.82 788440

1745536766
78.97 58.13 28.17 780562

1745536767
78.97 58.13 28.17 818498

1745536768
79.16 58.84 28.52 846382

1745536769
79.16 58.84 28.52 828681

1745536770
79.85 59.63 28.9 840341

1745536771
79.85 59.63 28.9 839059

1745536772
80.42 60.4 29.27 831527

1745536773
80.42 60.4 29.27 821326

1745536774
80.71 61.1 29.63 816883

1745536775
80.71 61.1 29.63 789399

1745536776
80.58 61.72 29.97 783153

1745536777
80.58 61.72 29.97 789729

1745536778
80.11 62.25 30.3 786618

1745536779
80.11 62.25 30.3 801307

1745536780
79.91 62.8 30.63 855053

1745536782
80.1 63.4 30.98 1593446

1745536783
80.1 63.4 30.98 823482

1745536784
80.27 63.97 31.32 831297

1745536785
80.27 63.97 31.32 839128

1745536786
80.76 64.6 31.67 806287

1745536787
80.76 64.6 31.67 809856

1745536788
80.62 65.1 32.01 785187

1745536789
80.62 65.1 32.01 791517

1745536790
80.15 65.52 32.32 830546

1745536791
80.15 65.52 32.32 842485

1745536792
80.66 66.09 32.67 825988

1745536793
80.66 66.09 32.67 819928

1745536794
80.9 66.61 33.0 806779

1745536795
80.9 66.61 33.0 861427

1745536796
81.28 67.15 33.35 840578

1745536797
81.28 67.15 33.35 839506

1745536798
81.59 67.67 33.69 840624

1745536799
81.59 67.67 33.69 859771

1745536800
82.03 68.2 34.03 846322

1745536801
82.03 68.2 34.03 832734

1745536802
82.39 68.72 34.37 839837

1745536803
82.39 68.72 34.37 841209

1745536804
82.5 69.19 34.7 825114

1745536805
82.5 69.19 34.7 850092

1745536806
82.77 69.67 35.04 854132

1745536807
82.77 69.67 35.04 865699

1745536808
83.17 70.17 35.38 808893

1745536809
83.17 70.17 35.38 854332

1745536810
83.14 70.59 35.71 846995

1745536811
83.14 70.59 35.71 813516

1745536812
82.93 70.97 36.03 832211

1745536813
82.93 70.97 36.03 830939

1745536814
82.94 71.36 36.35 834392

1745536815
82.94 71.36 36.35 831490

1745536816
82.95 71.74 36.67 856940

1745536817
82.95 71.74 36.67 832937

1745536818
83.14 72.14 36.99 846210

1745536819
83.14 72.14 36.99 794078

1745536820
82.75 72.43 37.29 833096

1745536821
82.75 72.43 37.29 842903

1745536822
82.8 72.78 37.6 810329

1745536823
82.8 72.78 37.6 802390

1745536824
82.29 73.01 37.89 787956

1745536825
82.29 73.01 37.89 813773

1745536827
81.87 73.24 38.18 1584109

1745536828
81.35 73.43 38.46 784325

1745536830
80.56 73.55 38.72 1575187

1745536831
80.56 73.55 38.72 826834

1745536833
80.64 73.79 39.01 1584356

1745536834
80.34 73.96 39.29 831157

1745536835
80.34 73.96 39.29 830192

1745536836
80.64 74.23 39.58 864942

1745536837
80.64 74.23 39.58 848537

1745536838
81.43 74.58 39.89 846622

1745536839
81.43 74.58 39.89 882749

1745536840
82.44 74.98 40.21 881772

1745536841
82.44 74.98 40.21 878646

1745536842
83.27 75.38 40.53 849046

1745536843
83.27 75.38 40.53 839270

1745536844
83.4 75.66 40.83 842843

1745536845
83.4 75.66 40.83 853045

1745536846
83.51 75.93 41.12 868106

1745536847
83.51 75.93 41.12 860323

1745536848
84.14 76.29 41.44 858308

1745536849
84.14 76.29 41.44 873932

1745536850
84.47 76.61 41.74 850816

1745536851
84.47 76.61 41.74 828736

1745536852
84.03 76.79 42.02 839531

1745536853
84.03 76.79 42.02 846616

1745536854
84.02 77.02 42.31 832881

1745536855
84.02 77.02 42.31 812729

1745536856
83.65 77.19 42.58 816334

1745536858
82.81 77.25 42.83 1575971

1745536859
82.81 77.25 42.83 844204

1745536860
82.66 77.4 43.09 841883

1745536861
82.66 77.4 43.09 811603

1745536862
82.54 77.55 43.36 814166

1745536863
82.54 77.55 43.36 801257

1745536864
82.08 77.63 43.61 803785

1745536865
82.08 77.63 43.61 799729

1745536866
81.52 77.68 43.85 774349

1745536867
81.52 77.68 43.85 794258

1745536868
80.88 77.69 44.09 794905

1745536869
80.88 77.69 44.09 802077

1745536870
80.72 77.76 44.33 823354

1745536871
80.72 77.76 44.33 817943

1745536872
80.95 77.9 44.59 848613

1745536873
80.95 77.9 44.59 850604

1745536874
81.5 78.1 44.86 815196

1745536875
81.5 78.1 44.86 836472

1745536876
81.59 78.23 45.11 812191

1745536877
81.59 78.23 45.11 854979

1745536878
81.85 78.39 45.37 854533

1745536879
81.85 78.39 45.37 842174

1745536880
82.24 78.57 45.64 826962

1745536881
82.24 78.57 45.64 830450

1745536882
82.37 78.72 45.89 846807

1745536883
82.37 78.72 45.89 826210

1745536884
82.49 78.86 46.15 828183

1745536885
82.49 78.86 46.15 852653

1745536887
82.58 78.99 46.4 1658225

1745536888
82.65 79.12 46.65 849081

1745536889
82.65 79.12 46.65 861600

1745536890
83.08 79.31 46.91 844116

1745536891
83.08 79.31 46.91 822305

1745536892
83.06 79.44 47.16 860636

1745536893
83.06 79.44 47.16 851231

1745536894
83.41 79.62 47.42 839937

1745536895
83.41 79.62 47.42 831477

1745536896
83.34 79.73 47.66 832582

1745536897
83.34 79.73 47.66 802747

1745536898
82.91 79.77 47.89 791613

1745536899
82.91 79.77 47.89 793853

1745536900
82.2 79.74 48.1 801184

1745536901
82.2 79.74 48.1 800253

1745536902
81.8 79.75 48.32 797046

1745536903
81.8 79.75 48.32 814744

1745536904
81.47 79.76 48.54 824568

1745536905
81.47 79.76 48.54 832330

1745536906
81.57 79.83 48.77 850030

1745536907
81.57 79.83 48.77 861116

1745536908
82.19 80.0 49.01 846891

1745536909
82.19 80.0 49.01 822671

1745536910
82.34 80.1 49.25 855223

1745536911
82.34 80.1 49.25 866483

1745536912
83.0 80.29 49.5 903644

1745536914
82.82 80.35 49.72 1588110

1745536915
82.82 80.35 49.72 863961

1745536916
83.21 80.5 49.96 854431

1745536917
83.21 80.5 49.96 823843

1745536918
83.17 80.58 50.19 858141

1745536919
83.17 80.58 50.19 833793

1745536921
83.32 80.7 50.42 1621310

1745536922
82.9 80.71 50.63 859107

1745536924
83.1 80.81 50.86 1663829

1745536925
83.1 80.81 50.86 861310

1745536926
83.26 80.92 51.08 840112

1745536927
83.26 80.92 51.08 844128

1745536928
83.39 81.02 51.31 844778

1745536929
83.39 81.02 51.31 873246

1745536930
83.68 81.15 51.54 852198

1745536932
83.56 81.21 51.75 1656922

1745536933
83.56 81.21 51.75 826400

1745536934
83.28 81.24 51.96 816321

1745536935
83.28 81.24 51.96 837139

1745536936
83.22 81.29 52.17 840404

1745536937
83.22 81.29 52.17 858553

1745536939
83.36 81.38 52.39 1654429

1745536940
83.12 81.4 52.59 831829

1745536941
83.12 81.4 52.59 855572

1745536942
83.28 81.49 52.81 840551

1745536943
83.28 81.49 52.81 843480

1745536944
83.41 81.57 53.02 819249

1745536945
83.41 81.57 53.02 847810

1745536946
83.33 81.62 53.23 843521

1745536947
83.33 81.62 53.23 856094

1745536949
83.27 81.66 53.43 1635444

1745536950
83.04 81.67 53.63 854815

1745536952
83.21 81.75 53.83 1680350

1745536953
83.21 81.75 53.83 840796

1745536955
83.17 81.79 54.03 1670955

1745536956
83.32 81.86 54.24 844611

1745536957
83.32 81.86 54.24 881158

1745536958
83.63 81.97 54.45 836376

1745536959
83.63 81.97 54.45 810188

1745536960
83.51 82.0 54.64 849958

1745536961
83.51 82.0 54.64 811398

1745536962
83.42 82.03 54.84 825453

1745536963
83.42 82.03 54.84 802617

1745536964
82.8 81.97 55.01 792710

1745536965
82.8 81.97 55.01 806468

1745536967
82.29 81.9 55.18 1603560

1745536968
81.87 81.84 55.35 823542

1745536970
81.71 81.81 55.53 1636533

1745536971
81.71 81.81 55.53 823396

1745536972
81.77 81.82 55.71 781509

1745536973
81.77 81.82 55.71 757962

1745536974
80.72 81.63 55.85 778630

1745536975
80.72 81.63 55.85 713480

1745536976
79.32 81.34 55.97 640731

1745536977
79.32 81.34 55.97 633919

1745536978
76.36 80.74 56.01 597969

1745536979
76.36 80.74 56.01 559982

1745536980
72.85 79.96 56.02 538029

1745536981
72.85 79.96 56.02 427266

1745536982
68.17 78.89 55.96 380918

1745536983
68.17 78.89 55.96 296493

1745536984
61.43 77.32 55.79 220703

1745536985
61.43 77.32 55.79 168220

1745536987
53.57 75.38 55.53 283219

1745536988
46.22 73.34 55.24 116054

1745536989
46.22 73.34 55.24 133817

1745536990
40.02 71.33 54.94 129379

1745536991
40.02 71.33 54.94 133189

1745536992
34.94 69.39 54.65 114287

1745536994
30.24 67.41 54.34 148787

1745536995
30.24 67.41 54.34 81052

1745536996
26.75 65.57 54.04 477308

1745536997
26.75 65.57 54.04 550458

1745536999
32.23 65.29 54.06 1591620

1745537000
41.43 65.87 54.26 876299

1745537001
41.43 65.87 54.26 827849

1745537002
49.14 66.46 54.46 851063

1745537003
49.14 66.46 54.46 833197

1745537004
55.27 67.0 54.66 825315

1745537005
55.27 67.0 54.66 862368

1745537006
60.66 67.59 54.86 843893

1745537007
60.66 67.59 54.86 853276

1745537008
64.89 68.13 55.06 850144

1745537009
64.89 68.13 55.06 831972

1745537010
68.17 68.61 55.26 823510

1745537011
68.17 68.61 55.26 828041

1745537012
70.85 69.08 55.45 841423

1745537013
70.85 69.08 55.45 834970

1745537014
73.23 69.57 55.64 830254

1745537015
73.23 69.57 55.64 836004

1745537016
74.82 69.98 55.82 841972

1745537017
74.82 69.98 55.82 841877

1745537018
76.48 70.44 56.01 863504

1745537019
76.48 70.44 56.01 881935

1745537021
78.39 70.98 56.23 1704189

1745537022
79.58 71.44 56.42 835667

1745537023
79.58 71.44 56.42 834927

1745537024
80.2 71.82 56.6 837510

1745537025
80.2 71.82 56.6 856315

1745537026
80.71 72.18 56.79 833265

1745537027
80.71 72.18 56.79 874084

1745537028
81.49 72.6 56.98 846450

1745537030
81.76 72.94 57.16 1674137

1745537031
81.76 72.94 57.16 847475

1745537032
82.35 73.34 57.35 850075

1745537033
82.35 73.34 57.35 827460

1745537034
82.46 73.65 57.52 841089

1745537035
82.46 73.65 57.52 835458

1745537036
82.56 73.96 57.7 833066

1745537038
82.64 74.25 57.87 1671653

1745537039
82.64 74.25 57.87 829588

1745537040
82.7 74.54 58.04 820793

1745537041
82.7 74.54 58.04 858373

1745537042
82.94 74.85 58.22 850640

1745537043
82.94 74.85 58.22 852494

1745537044
83.13 75.15 58.4 845084

1745537045
83.13 75.15 58.4 839246

1745537046
83.11 75.41 58.56 833570

1745537047
83.11 75.41 58.56 847379

1745537048
83.27 75.69 58.74 848649

1745537049
83.27 75.69 58.74 824628

1745537050
83.22 75.93 58.9 838067

1745537051
83.22 75.93 58.9 860372

1745537052
83.36 76.19 59.08 838085

1745537053
83.36 76.19 59.08 865822

1745537054
83.66 76.48 59.25 824382

1745537055
83.66 76.48 59.25 833235

1745537056
83.54 76.69 59.42 848281

1745537057
83.54 76.69 59.42 830825

1745537058
83.44 76.9 59.58 847676

1745537059
83.44 76.9 59.58 833088

1745537061
83.54 77.13 59.75 1636297

1745537062
83.08 77.26 59.89 792783

1745537063
83.08 77.26 59.89 824532

1745537065
82.52 77.35 60.03 1569169

1745537066
81.7 77.37 60.15 807854

1745537067
81.7 77.37 60.15 847438

1745537068
81.93 77.55 60.31 804797

1745537069
81.93 77.55 60.31 804780

1745537070
81.58 77.63 60.44 784155

1745537071
81.58 77.63 60.44 780919

1745537072
80.75 77.61 60.56 760589

1745537073
80.75 77.61 60.56 792295

1745537074
80.25 77.63 60.68 820236

1745537075
80.25 77.63 60.68 842246

1745537077
80.57 77.77 60.82 1649394

1745537078
80.83 77.91 60.97 810787

1745537079
80.83 77.91 60.97 791243

1745537080
80.49 77.94 61.09 810323

1745537081
80.49 77.94 61.09 823867

1745537082
80.77 78.08 61.23 836920

1745537083
80.77 78.08 61.23 842044

1745537084
81.35 78.27 61.39 835735

1745537085
81.35 78.27 61.39 830635

1745537086
81.65 78.42 61.54 838838

1745537087
81.65 78.42 61.54 859338

1745537088
82.26 78.64 61.7 856215

1745537089
82.26 78.64 61.7 844708

1745537090
82.57 78.81 61.85 830189

1745537091
82.57 78.81 61.85 800691

1745537092
82.29 78.89 61.98 838396

1745537093
82.29 78.89 61.98 816065

1745537094
82.23 78.99 62.12 728725

1745537095
82.23 78.99 62.12 633761

1745537096
79.11 78.53 62.14 540384

1745537097
79.11 78.53 62.14 450535

1745537099
72.93 77.43 62.02 681918

1745537100
65.51 75.95 61.82 229657

1745537101
65.51 75.95 61.82 203968

1745537102
57.45 74.15 61.54 203854

1745537103
57.45 74.15 61.54 178928

1745537104
50.12 72.28 61.23 110811

1745537105
50.12 72.28 61.23 110970

1745537106
43.03 70.27 60.89 123931

1745537107
43.03 70.27 60.89 121259

1745537108
37.41 68.37 60.55 111429

1745537109
37.41 68.37 60.55 80084

1745537110
32.26 66.42 60.2 69123

1745537111
32.26 66.42 60.2 75301

1745537112
27.68 64.48 59.84 94577

1745537113
27.68 64.48 59.84 62557

1745537114
23.94 62.6 59.48 156220

1745537115
23.94 62.6 59.48 71417

1745537116
21.59 60.91 59.14 514995

1745537117
21.59 60.91 59.14 833267

1745537118
31.81 61.47 59.27 837548

1745537119
31.81 61.47 59.27 838103

1745537120
40.9 62.14 59.43 735861

1745537121
40.9 62.14 59.43 668569

1745537122
45.63 62.3 59.48 623450

1745537123
45.63 62.3 59.48 605195

1745537124
48.41 62.26 59.49 560744

1745537125
48.41 62.26 59.49 497057

1745537126
48.7 61.86 59.43 504945

1745537127
48.7 61.86 59.43 437492

1745537128
48.03 61.3 59.33 415986

1745537130
45.3 60.38 59.15 617913

1745537131
45.3 60.38 59.15 266284

1745537132
41.81 59.25 58.92 210864

1745537133
41.81 59.25 58.92 180591

1745537134
37.49 57.9 58.64 182620

1745537135
37.49 57.9 58.64 168512

1745537136
33.78 56.56 58.35 162030

1745537137
33.78 56.56 58.35 157682

1745537138
30.38 55.2 58.06 129315

1745537139
30.38 55.2 58.06 116415

1745537140
26.87 53.76 57.74 105307

1745537141
26.87 53.76 57.74 103220

1745537142
23.63 52.29 57.4 76981

1745537143
23.63 52.29 57.4 82782

1745537144
20.61 50.81 57.06 66448

1745537145
20.61 50.81 57.06 65329

1745537146
17.97 49.34 56.71 71352

1745537147
17.97 49.34 56.71 64172

1745537148
15.8 47.93 56.36 75120

1745537149
15.8 47.93 56.36 81552

1745537150
14.38 46.62 56.03 75515

1745537151
14.38 46.62 56.03 78195

1745537152
13.04 45.32 55.7 73376

1745537153
13.04 45.32 55.7 76069

1745537154
11.95 44.07 55.36 82775

1745537155
11.95 44.07 55.36 77508

1745537156
11.05 42.86 55.03 68849

1745537157
11.05 42.86 55.03 78839

1745537158
10.32 41.68 54.7 77386

1745537159
10.32 41.68 54.7 78045

1745537160
9.71 40.55 54.38 77735

1745537161
9.71 40.55 54.38 83210

1745537162
9.4 39.48 54.06 99002

1745537163
9.4 39.48 54.06 76299

1745537164
9.15 38.45 53.74 76621

1745537165
9.15 38.45 53.74 87145

1745537166
8.94 37.46 53.43 79484

1745537167
8.94 37.46 53.43 82042

1745537168
8.77 36.49 53.12 84480

1745537169
8.77 36.49 53.12 78935

1745537170
8.45 35.53 52.81 81748

1745537171
8.45 35.53 52.81 82752

1745537172
8.36 34.63 52.5 80133

1745537173
8.36 34.63 52.5 72144

1745537174
8.12 33.72 52.19 74626

1745537175
8.12 33.72 52.19 80636

1745537176
7.91 32.85 51.88 70207

1745537177
7.91 32.85 51.88 70736

1745537178
7.57 31.97 51.56 74220

1745537179
7.57 31.97 51.56 90506

1745537180
7.64 31.18 51.27 91472

1745537181
7.64 31.18 51.27 80302

1745537182
7.71 30.42 50.97 77013

1745537183
7.71 30.42 50.97 70042

1745537184
7.58 29.66 50.67 79788

1745537185
7.58 29.66 50.67 72247

1745537186
7.47 28.92 50.37 64222

1745537187
7.47 28.92 50.37 64848

1745537188
7.2 28.17 50.07 68627

1745537189
7.2 28.17 50.07 79830

1745537190
7.17 27.47 49.77 76015

1745537191
7.17 27.47 49.77 79594

1745537192
7.14 26.8 49.48 71136

1745537193
7.14 26.8 49.48 70055

1745537194
6.93 26.12 49.18 76554

1745537195
6.93 26.12 49.18 78126

1745537196
6.94 25.5 48.89 76938

1745537197
6.94 25.5 48.89 70639

1745537198
6.95 24.89 48.61 67629

1745537199
6.95 24.89 48.61 67897

1745537200
6.78 24.27 48.32 67796

1745537201
6.78 24.27 48.32 72136

1745537202
6.82 23.71 48.03 84460

1745537203
6.82 23.71 48.03 74440

1745537204
6.85 23.16 47.75 74168

1745537205
6.85 23.16 47.75 68320

1745537206
6.88 22.63 47.47 72339

1745537207
6.88 22.63 47.47 72455

1745537208
6.9 22.12 47.2 81431

1745537209
6.9 22.12 47.2 80982

1745537210
6.92 21.62 46.92 77071

1745537211
6.92 21.62 46.92 77374

1745537212
6.75 21.11 46.64 9090

1745537213
6.75 21.11 46.64 6611

1745537214
5.53 20.42 46.32 7223

1745537215
5.53 20.42 46.32 4357

1745537216
4.52 19.75 46.01 1950

1745537217
4.52 19.75 46.01 2377

1745537218
3.7 19.11 45.69 2088

1745537219
3.7 19.11 45.69 700

1745537220
3.03 18.48 45.38 478

1745537221
3.03 18.48 45.38 353

1745537222
2.48 17.88 45.07 740

1745537223
2.48 17.88 45.07 150

1745537224
2.03 17.29 44.76 260

1745537225
2.03 17.29 44.76 344

1745537226
1.66 16.72 44.45 504

1745537227
1.66 16.72 44.45 439

1745537228
1.36 16.18 44.15 179

1745537229
1.36 16.18 44.15 376

1745537230
1.11 15.65 43.85 449

1745537231
1.11 15.65 43.85 302

1745537232
0.91 15.14 43.55 593

1745537234
0.92 14.67 43.26 26670

1745537235
0.92 14.67 43.26 65796

1745537236
1.48 14.32 42.99 66686

1745537237
1.48 14.32 42.99 75527

1745537238
2.48 14.08 42.74 66321

1745537239
2.48 14.08 42.74 73757

1745537240
3.3 13.85 42.5 70017

1745537241
3.3 13.85 42.5 70205

1745537242
3.97 13.63 42.25 67815

1745537243
3.97 13.63 42.25 67646

1745537244
4.34 13.38 42.0 71538

1745537245
4.34 13.38 42.0 78309

1745537246
4.82 13.17 41.77 73831

1745537247
4.82 13.17 41.77 70520

1745537248
5.21 12.97 41.53 69416

1745537249
5.21 12.97 41.53 76246

1745537250
5.54 12.77 41.29 69831

1745537251
5.54 12.77 41.29 71277

1745537252
5.8 12.58 41.06 71317

1745537253
5.8 12.58 41.06 70398

1745537254
6.02 12.4 40.82 72728

1745537255
6.02 12.4 40.82 87714

1745537256
6.38 12.25 40.6 91788

1745537257
6.38 12.25 40.6 70891

1745537258
6.49 12.08 40.37 78798

1745537259
6.49 12.08 40.37 80124

1745537260
6.76 11.95 40.15 76140

1745537261
6.76 11.95 40.15 74728

1745537262
6.8 11.79 39.92 73228

1745537263
6.8 11.79 39.92 74143

1745537264
6.84 11.63 39.69 67741

1745537265
6.84 11.63 39.69 69792

1745537266
6.69 11.44 39.46 65329

1745537267
6.69 11.44 39.46 68681

1745537268
6.56 11.27 39.24 69972

1745537269
6.56 11.27 39.24 71024

1745537270
6.64 11.12 39.01 85141

1745537271
6.64 11.12 39.01 68655

1745537272
6.7 10.99 38.8 68627

1745537273
6.7 10.99 38.8 70651

1745537274
6.76 10.86 38.58 74815

1745537275
6.76 10.86 38.58 72445

1745537276
6.8 10.73 38.36 71475

1745537277
6.8 10.73 38.36 69493

1745537278
6.84 10.61 38.15 89239

1745537279
6.84 10.61 38.15 325938

1745537280
10.31 11.11 38.06 470954

1745537281
10.31 11.11 38.06 480803

1745537282
16.95 12.29 38.12 423155

1745537283
16.95 12.29 38.12 352138

1745537284
20.22 13.03 38.1 196517

1745537285
20.22 13.03 38.1 84265

1745537286
18.55 12.96 37.92 74192

1745537287
18.55 12.96 37.92 82136

1745537288
16.64 12.8 37.71 210710

1745537289
16.64 12.8 37.71 273180

1745537290
18.33 13.23 37.63 253954

1745537291
18.33 13.23 37.63 252474

1745537292
19.36 13.59 37.54 231724

1745537293
19.36 13.59 37.54 235421

1745537294
19.66 13.83 37.43 176001

1745537295
19.66 13.83 37.43 142865

1745537296
18.63 13.83 37.27 113171

1745537297
18.63 13.83 37.27 109057

1745537298
17.07 13.71 37.08 83963

1745537299
17.07 13.71 37.08 47850

1745537300
14.88 13.42 36.86 15447

1745537301
14.88 13.42 36.86 1616

1745537302
12.18 12.98 36.61 6496

1745537303
12.18 12.98 36.61 1484

1745537305
9.97 12.56 36.36 2111

1745537306
8.17 12.15 36.11 1176

1745537307
8.17 12.15 36.11 192

1745537308
6.69 11.75 35.86 870

1745537309
6.69 11.75 35.86 929

1745537310
5.47 11.36 35.61 907

1745537311
5.47 11.36 35.61 539

1745537312
4.48 10.99 35.37 663

1745537313
4.48 10.99 35.37 209

1745537314
3.67 10.63 35.13 205

1745537315
3.67 10.63 35.13 383

1745537316
3.0 10.28 34.89 216

1745537317
3.0 10.28 34.89 501

1745537318
2.46 9.95 34.65 229133

1745537320
9.44 10.96 34.69 887666

1745537321
9.44 10.96 34.69 454474

1745537322
15.88 12.08 34.76 669475

1745537324
25.14 13.87 34.98 1201824

1745537326
29.82 15.09 35.09 911713

1745537327
29.82 15.09 35.09 328484

1745537328
30.4 15.67 35.08 258218

1745537329
30.4 15.67 35.08 155254

1745537330
27.61 15.65 34.94 26182

1745537331
27.61 15.65 34.94 1571

1745537332
22.61 15.14 34.7 159

1745537333
22.61 15.14 34.7 249

1745537334
18.51 14.64 34.47 562

1745537335
18.51 14.64 34.47 192

1745537336
15.16 14.16 34.23 1066

1745537337
15.16 14.16 34.23 656

1745537338
12.95 13.8 34.02 420853

1745537340
23.83 15.74 34.28 1671012

1745537342
34.37 17.9 34.61 1663606

1745537344
41.73 19.77 34.88 1294559

1745537345
41.73 19.77 34.88 227315

1745537346
39.42 20.07 34.84 37640

1745537347
39.42 20.07 34.84 1806

1745537348
32.28 19.42 34.61 771

1745537349
32.28 19.42 34.61 448

1745537350
26.43 18.78 34.37 454

1745537351
26.43 18.78 34.37 4146

1745537352
21.64 18.17 34.13 3008

1745537353
21.64 18.17 34.13 516

1745537354
17.72 17.57 33.9 1121

1745537355
17.72 17.57 33.9 1957

1745537356
14.51 17.0 33.67 2623

1745537357
14.51 17.0 33.67 3223

1745537358
12.06 16.47 33.44 124514

1745537359
12.06 16.47 33.44 145672

1745537360
12.41 16.39 33.31 136687

1745537361
12.41 16.39 33.31 153759

1745537362
12.7 16.31 33.18 139743

1745537363
12.7 16.31 33.18 119114

1745537364
12.75 16.2 33.04 133217

1745537365
12.75 16.2 33.04 121908

1745537366
12.8 16.1 32.9 145180

1745537367
12.8 16.1 32.9 187178

1745537369
13.19 16.06 32.78 251217

1745537371
13.16 15.96 32.65 296067

1745537372
13.31 15.9 32.52 149356

1745537373
13.31 15.9 32.52 66283

1745537374
13.25 15.8 32.38 276172

1745537375
13.25 15.8 32.38 237200

1745537376
14.66 15.97 32.31 28732

1745537377
14.66 15.97 32.31 1148

1745537378
12.36 15.51 32.1 141869

1745537379
12.36 15.51 32.1 283248

1745537380
15.19 15.92 32.07 436651

1745537381
15.19 15.92 32.07 335731

1745537382
19.69 16.71 32.12 676921

1745537384
24.82 17.73 32.23 497133

1745537385
24.82 17.73 32.23 1126

1745537386
20.32 17.15 32.01 735

1745537387
20.32 17.15 32.01 373

1745537388
16.64 16.59 31.79 27945

1745537389
16.64 16.59 31.79 242078

1745537390
16.88 16.64 31.7 255883

1745537392
17.45 16.75 31.62 377838

1745537393
17.45 16.75 31.62 104841

1745537394
16.46 16.59 31.48 3024

1745537395
16.46 16.59 31.48 3120

1745537396
13.48 16.05 31.27 2201

1745537397
13.48 16.05 31.27 986

1745537398
11.21 15.56 31.06 80010

1745537399
11.21 15.56 31.06 108832

1745537400
10.99 15.37 30.92 103760

1745537401
10.99 15.37 30.92 121726

1745537402
10.99 15.23 30.78 105148

1745537403
10.99 15.23 30.78 107141

1745537404
10.81 15.06 30.64 92806

1745537405
10.81 15.06 30.64 98778

1745537406
10.66 14.89 30.5 144680

1745537407
10.66 14.89 30.5 183738

1745537408
12.54 15.09 30.43 420408

1745537409
12.54 15.09 30.43 495803

1745537411
19.14 16.2 30.56 1157370

1745537412
26.18 17.57 30.75 511171

1745537413
26.18 17.57 30.75 569444

1745537414
29.95 18.53 30.86 111859

1745537415
29.95 18.53 30.86 907

1745537416
24.7 17.96 30.65 353

1745537418
20.23 17.37 30.44 692

1745537419
20.23 17.37 30.44 3259

1745537420
16.56 16.8 30.23 4155

1745537421
16.56 16.8 30.23 5117

1745537422
13.56 16.25 30.03 5009

1745537423
13.56 16.25 30.03 156188

1745537424
15.63 16.54 29.99 767486

1745537425
15.63 16.54 29.99 878762

1745537426
28.38 18.81 30.38 912224

1745537427
28.38 18.81 30.38 939180

1745537428
40.08 21.24 30.8 879628

1745537430
42.97 22.37 30.98 778843

1745537431
42.97 22.37 30.98 78810

1745537432
37.72 22.1 30.86 118392

1745537433
37.72 22.1 30.86 2227

1745537434
30.88 21.38 30.65 2100

1745537435
30.88 21.38 30.65 3972

1745537436
25.29 20.68 30.44 1462

1745537438
20.71 20.0 30.23 2758

1745537440
16.95 19.35 30.02 6585

1745537442
13.88 18.71 29.82 7403

1745537443
13.88 18.71 29.82 956727

1745537445
34.38 22.29 30.42 2202985

1745537447
34.38 22.29 30.42 1324201

1745537449
44.82 24.57 30.84 1334415

1745537450
47.57 25.73 31.04 267495

1745537451
47.57 25.73 31.04 5346

1745537453
38.95 24.89 30.83 1350

1745537454
31.89 24.08 30.62 634

1745537455
26.11 23.29 30.41 1538

1745537457
26.11 23.29 30.41 2132

1745537458
21.38 22.53 30.2 1519

1745537459
21.38 22.53 30.2 1698

1745537460
17.51 21.79 30.0 2680

1745537461
17.51 21.79 30.0 2155

1745537462
14.33 21.08 29.79 4311

1745537463
14.33 21.08 29.79 629629

1745537464
20.25 21.92 29.91 657608

1745537466
22.02 22.19 29.91 464513

1745537467
22.02 22.19 29.91 153828

1745537469
21.47 22.08 29.83 924633

1745537470
28.63 23.36 30.05 975384

1745537472
40.83 25.73 30.5 1855872

1745537474
50.28 27.93 30.93 1758873

1745537475
50.28 27.93 30.93 673677

1745537476
53.67 29.28 31.19 548430

1745537477
53.67 29.28 31.19 463288

1745537478
52.46 29.86 31.29 478526

1745537479
52.46 29.86 31.29 388130

1745537480
50.57 30.25 31.37 371676

1745537481
50.57 30.25 31.37 331563

1745537482
47.38 30.34 31.38 304145

1745537483
47.38 30.34 31.38 272778

1745537484
43.69 30.23 31.35 240299

1745537485
43.69 30.23 31.35 214576

1745537486
39.58 29.93 31.28 219667

1745537487
39.58 29.93 31.28 13007

1745537488
33.49 29.15 31.1 946

1745537489
33.49 29.15 31.1 587

1745537490
27.43 28.19 30.89 680

1745537491
27.43 28.19 30.89 433

1745537492
22.46 27.27 30.68 324

1745537493
22.46 27.27 30.68 227

1745537494
18.39 26.38 30.47 85

1745537495
18.39 26.38 30.47 75

1745537496
15.05 25.52 30.26 2795

1745537497
15.05 25.52 30.26 2345

1745537498
12.33 24.68 30.06 138867

1745537499
12.33 24.68 30.06 277464

1745537500
15.53 24.86 30.05 575000

1745537502
25.76 26.4 30.34 1253734

1745537503
25.76 26.4 30.34 124390

1745537504
24.53 26.16 30.26 243794

1745537505
24.53 26.16 30.26 218605

1745537506
22.98 25.82 30.17 185

1745537507
22.98 25.82 30.17 147

1745537508
18.82 24.98 29.96 9373

1745537509
18.82 24.98 29.96 1588

1745537510
15.41 24.16 29.75 2265

1745537511
15.41 24.16 29.75 110332

1745537512
14.25 23.66 29.61 170839

1745537513
14.25 23.66 29.61 150516

1745537514
14.56 23.41 29.52 163166

1745537515
14.56 23.41 29.52 174801

1745537517
15.0 23.2 29.43 407080

1745537518
15.37 23.0 29.35 101988

1745537519
15.37 23.0 29.35 935957

1745537521
34.63 26.2 29.94 1975139

1745537523
34.63 26.2 29.94 984320

1745537524
41.22 27.67 30.22 514764

1745537525
34.48 26.89 30.04 553

1745537526
34.48 26.89 30.04 1043

1745537527
28.23 26.01 29.83 1156

1745537528
28.23 26.01 29.83 2314

1745537529
23.11 25.16 29.63 431

1745537530
23.11 25.16 29.63 4489

1745537531
18.93 24.34 29.43 3814

1745537532
18.93 24.34 29.43 2940

1745537533
15.5 23.54 29.22 3184

1745537534
15.5 23.54 29.22 2962

1745537535
12.69 22.77 29.02 8374

1745537536
12.69 22.77 29.02 2079

1745537537
10.39 22.02 28.83 9096

1745537538
10.39 22.02 28.83 257850

1745537539
14.85 22.45 28.87 457343

1745537540
14.85 22.45 28.87 401239

1745537541
19.58 23.06 28.95 418907

1745537542
19.58 23.06 28.95 278298

1745537543
18.75 22.79 28.86 26762

1745537544
18.75 22.79 28.86 667

1745537546
15.35 22.05 28.66 1859

1745537547
12.57 21.32 28.46 3696

1745537548
12.57 21.32 28.46 2892

1745537549
10.29 20.63 28.27 3173

1745537550
10.29 20.63 28.27 4254

1745537551
8.43 19.95 28.07 3353

1745537552
8.43 19.95 28.07 5727

1745537553
6.9 19.3 27.88 4249

1745537554
6.9 19.3 27.88 6850

1745537555
5.65 18.67 27.69 6017

1745537556
5.65 18.67 27.69 3813

1745537558
4.62 18.05 27.5 2744

1745537559
3.79 17.46 27.31 8088

1745537561
3.79 17.46 27.31 3394

1745537563
5.82 17.38 27.23 1179815

1745537565
15.99 18.84 27.47 980993

1745537566
23.78 20.16 27.68 693491

1745537568
27.26 20.9 27.79 819771

1745537569
22.32 20.22 27.6 1736

1745537571
18.28 19.56 27.41 1229

1745537572
18.28 19.56 27.41 495

1745537573
14.97 18.92 27.22 740

1745537574
14.97 18.92 27.22 105

1745537575
12.25 18.3 27.03 223

1745537576
12.25 18.3 27.03 109

1745537577
10.03 17.7 26.85 611

1745537578
10.03 17.7 26.85 20408

1745537580
11.66 17.74 26.79 405493

1745537581
11.66 17.74 26.79 489661

1745537583
18.24 18.73 26.94 813950

1745537584
15.84 18.28 26.79 20594

1745537585
12.97 17.68 26.6 608

1745537586
12.97 17.68 26.6 512

1745537587
10.62 17.1 26.42 9783

1745537588
10.62 17.1 26.42 369936

1745537589
16.85 18.02 26.55 534728

1745537591
15.79 17.79 26.44 227779

1745537592
15.79 17.79 26.44 129356

1745537593
15.64 17.7 26.37 181005

1745537595
15.34 17.57 26.28 297549

1745537596
15.34 17.57 26.28 554940

1745537598
24.52 19.16 26.55 1018276

1745537599
32.03 20.69 26.82 1109957

1745537600
32.03 20.69 26.82 611649

1745537601
35.29 21.65 26.98 404842

1745537602
35.29 21.65 26.98 381611

1745537604
32.34 21.56 26.93 43871

1745537605
26.48 20.86 26.74 1718

1745537606
26.48 20.86 26.74 636

1745537607
21.68 20.17 26.56 4050

1745537608
21.68 20.17 26.56 1306

1745537609
17.75 19.51 26.38 917

1745537610
17.75 19.51 26.38 598

1745537611
14.53 18.88 26.2 582

1745537612
14.53 18.88 26.2 221

1745537613
11.9 18.26 26.02 529

1745537614
11.9 18.26 26.02 1129

1745537615
9.74 17.66 25.84 208

1745537616
9.74 17.66 25.84 1435

1745537617
8.16 17.11 25.67 40854

1745537619
20.63 19.07 26.02 1573679

1745537621
20.63 19.07 26.02 958874

1745537622
32.29 21.23 26.42 1630470

1745537624
39.84 22.96 26.75 846881

1745537625
34.07 22.47 26.62 12456

1745537626
34.07 22.47 26.62 673

1745537627
27.9 21.73 26.44 306

1745537628
27.9 21.73 26.44 268

1745537629
22.85 21.02 26.26 276

1745537630
22.85 21.02 26.26 179

1745537631
18.71 20.33 26.08 143

1745537632
18.71 20.33 26.08 9586

1745537633
15.86 19.77 25.92 52724

1745537635
16.25 19.71 25.87 362642

1745537636
16.25 19.71 25.87 150713

1745537637
16.56 19.65 25.81 216058

1745537638
16.56 19.65 25.81 266719

1745537639
20.27 20.22 25.89 491204

1745537640
20.27 20.22 25.89 477036

1745537642
26.74 21.39 26.09 741663

1745537643
35.84 23.21 26.44 1432864

1745537644
35.84 23.21 26.44 527898

1745537645
36.78 23.79 26.54 308976

1745537646
36.78 23.79 26.54 38353

1745537647
30.47 23.08 26.37 17055

1745537648
30.47 23.08 26.37 1185

1745537649
24.95 22.32 26.19 1126

1745537650
24.95 22.32 26.19 270

1745537651
20.43 21.59 26.01 194

1745537652
20.43 21.59 26.01 269

1745537653
16.73 20.89 25.84 850

1745537654
16.73 20.89 25.84 326

1745537655
13.7 20.2 25.66 951

1745537656
13.7 20.2 25.66 335

1745537657
11.22 19.54 25.48 510

1745537658
11.22 19.54 25.48 487455

1745537660
17.7 20.44 25.63 814028

1745537661
20.29 20.82 25.67 309128

1745537662
20.29 20.82 25.67 226688

1745537663
21.14 20.95 25.67 285528

1745537664
21.14 20.95 25.67 232479

1745537665
21.66 21.05 25.66 268420

1745537667
22.26 21.18 25.65 511646

1745537668
22.26 21.18 25.65 235913

1745537669
22.4 21.24 25.63 240834

1745537670
22.4 21.24 25.63 231605

1745537671
22.5 21.3 25.62 246071

1745537672
22.5 21.3 25.62 286152

1745537673
21.14 21.09 25.54 30391

1745537674
21.14 21.09 25.54 1592

1745537675
17.31 20.4 25.37 1615

1745537676
17.31 20.4 25.37 451

1745537677
14.18 19.74 25.19 13017

1745537678
14.18 19.74 25.19 227746

1745537679
15.77 19.84 25.18 248393

1745537680
15.77 19.84 25.18 242201

1745537681
16.54 19.85 25.14 169061

1745537682
16.54 19.85 25.14 142629

1745537683
16.62 19.75 25.09 200284

1745537684
16.62 19.75 25.09 193281

1745537686
17.05 19.73 25.05 439828

1745537687
17.58 19.74 25.01 184230

1745537689
14.4 19.09 24.84 4666

1745537690
14.4 19.09 24.84 694

1745537691
11.79 18.47 24.67 192

1745537692
11.79 18.47 24.67 626

1745537693
10.74 18.06 24.54 131543

1745537694
10.74 18.06 24.54 199334

1745537695
12.23 18.09 24.5 183139

1745537696
12.23 18.09 24.5 244470

1745537698
17.63 18.87 24.62 893302

1745537699
16.97 18.71 24.55 17946

1745537700
16.97 18.71 24.55 416

1745537701
13.89 18.1 24.38 169

1745537702
13.89 18.1 24.38 104

1745537703
12.1 17.64 24.24 98643

1745537704
12.1 17.64 24.24 193167

1745537705
14.25 17.85 24.24 299026

1745537706
14.25 17.85 24.24 514722

1745537707
19.82 18.73 24.38 423241

1745537709
19.31 18.68 24.33 336313

1745537711
19.31 18.68 24.33 717512

1745537712
28.31 20.32 24.64 1446425

1745537713
35.5 21.88 24.93 602829

1745537715
35.5 21.88 24.93 133902

1745537716
29.97 21.33 24.8 763

1745537717
29.97 21.33 24.8 123

1745537718
24.54 20.63 24.63 86

1745537719
24.54 20.63 24.63 513

1745537720
20.1 19.96 24.46 84

1745537721
20.1 19.96 24.46 161

1745537722
16.45 19.3 24.29 41442

1745537723
16.45 19.3 24.29 193876

1745537724
15.65 19.06 24.21 163015

1745537725
15.65 19.06 24.21 150341

1745537726
15.53 18.93 24.14 241838

1745537727
21.41 19.88 24.31 726152

1745537728
21.41 19.88 24.31 712137

1745537730
25.68 20.7 24.45 255635

1745537731
25.68 20.7 24.45 90

1745537732
21.03 20.03 24.28 19455

1745537733
19.57 19.8 24.2 222577

1745537734
19.57 19.8 24.2 804451

1745537736
30.52 21.77 24.59 1624742

1745537737
30.52 21.77 24.59 823017

1745537738
40.03 23.77 24.99 621124

1745537739
40.03 23.77 24.99 315982

1745537740
40.74 24.43 25.12 32535

1745537741
40.74 24.43 25.12 517

1745537742
33.54 23.66 24.95 95

1745537743
29.46 23.25 24.85 237164

1745537745
29.46 23.25 24.85 1460106

1745537747
37.53 24.91 25.19 1070481

1745537748
43.95 26.48 25.52 1053752

1745537749
43.95 26.48 25.52 313993

1745537750
43.42 26.96 25.62 13075

1745537751
43.42 26.96 25.62 1037

1745537752
35.55 26.08 25.45 2812

1745537753
35.55 26.08 25.45 685

1745537754
29.11 25.22 25.27 467

1745537755
29.11 25.22 25.27 160

1745537756
23.83 24.4 25.1 311

1745537757
23.83 24.4 25.1 493

1745537758
19.52 23.6 24.93 160

1745537759
19.52 23.6 24.93 184

1745537760
15.98 22.83 24.76 161

1745537761
15.98 22.83 24.76 479

1745537762
13.08 22.08 24.59 221

1745537763
13.08 22.08 24.59 105

1745537764
10.71 21.36 24.42 26153

1745537765
10.71 21.36 24.42 356954

1745537766
12.39 21.31 24.39 385514

1745537767
12.39 21.31 24.39 454980

1745537769
17.76 21.99 24.51 1457371

1745537771
27.76 23.66 24.84 556010

1745537772
30.52 24.29 24.97 1019971

1745537774
36.22 25.52 25.22 918773

1745537775
36.22 25.52 25.22 60603

1745537776
32.2 25.15 25.14 589

1745537777
32.2 25.15 25.14 38705

1745537778
28.72 24.75 25.06 777743

1745537779
28.72 24.75 25.06 804515

1745537780
38.19 26.59 25.44 845340

1745537781
38.19 26.59 25.44 820178

1745537782
46.12 28.4 25.83 845695

1745537783
46.12 28.4 25.83 763742

1745537784
52.26 30.09 26.2 627393

1745537786
50.4 30.48 26.31 257630

1745537787
50.4 30.48 26.31 535

1745537788
41.27 29.48 26.13 322

1745537789
41.27 29.48 26.13 743

1745537790
33.79 28.52 25.95 435

1745537791
33.79 28.52 25.95 596

1745537792
27.67 27.58 25.77 16670

1745537793
27.67 27.58 25.77 304336

1745537794
25.55 27.2 25.7 324709

1745537795
25.55 27.2 25.7 210562

1745537796
25.63 27.16 25.71 127918

1745537798
22.44 26.54 25.59 105101

1745537799
22.44 26.54 25.59 48513

1745537800
19.1 25.8 25.44 38379

1745537801
19.1 25.8 25.44 43546

1745537803
16.36 25.09 25.29 103796

1745537804
14.3 24.43 25.15 50663

1745537805
14.3 24.43 25.15 63281

1745537806
12.62 23.79 25.01 39116

1745537807
12.62 23.79 25.01 49329

1745537808
11.05 23.14 24.87 39683

1745537809
11.05 23.14 24.87 47867

1745537810
9.78 22.52 24.73 48381

1745537811
9.78 22.52 24.73 49468

1745537812
8.73 21.91 24.58 46139

1745537813
8.73 21.91 24.58 33862

1745537814
7.69 21.29 24.44 39738

1745537815
7.69 21.29 24.44 31606

1745537816
6.84 20.69 24.29 35874

1745537817
6.84 20.69 24.29 33799

1745537818
6.14 20.11 24.14 36139

1745537819
6.14 20.11 24.14 34272

1745537820
5.57 19.55 24.0 303270

1745537822
16.88 21.14 24.3 1579013

1745537823
16.88 21.14 24.3 785680

1745537824
28.13 23.03 24.67 678611

1745537826
31.73 23.85 24.83 384396

1745537827
31.73 23.85 24.83 396

1745537828
25.98 23.07 24.66 228

1745537829
25.98 23.07 24.66 487

1745537830
21.27 22.31 24.49 475

1745537831
21.27 22.31 24.49 1340

1745537832
17.42 21.58 24.33 3084

1745537833
17.42 21.58 24.33 23449

1745537834
14.44 20.91 24.17 18065

1745537835
14.44 20.91 24.17 31204

1745537836
12.19 20.29 24.02 271881

1745537837
12.19 20.29 24.02 759950

1745537839
19.94 21.43 24.23 1163376

1745537840
25.93 22.46 24.42 1178

1745537841
25.93 22.46 24.42 541

1745537842
21.23 21.72 24.26 164

1745537843
21.23 21.72 24.26 16804

1745537844
17.57 21.05 24.1 163960

1745537845
17.57 21.05 24.1 756490

1745537846
23.26 21.96 24.27 771549

1745537847
23.26 21.96 24.27 789764

1745537848
32.99 23.76 24.63 703646

1745537849
32.99 23.76 24.63 538022

1745537850
37.34 24.85 24.85 111164

1745537851
37.34 24.85 24.85 429

1745537852
30.94 24.1 24.69 11327

1745537853
30.94 24.1 24.69 470693

1745537854
31.67 24.46 24.77 770128

1745537855
31.67 24.46 24.77 795269

1745537856
40.07 26.21 25.13 786417

1745537857
40.07 26.21 25.13 801475

1745537858
47.12 27.94 25.5 696202

1745537860
45.83 28.33 25.6 318287

1745537861
45.83 28.33 25.6 574

1745537862
37.52 27.4 25.42 967

1745537863
37.52 27.4 25.42 17754

1745537864
30.91 26.54 25.25 645508

1745537865
30.91 26.54 25.25 813382

1745537866
39.07 28.16 25.6 770084

1745537867
39.07 28.16 25.6 815976

1745537868
46.31 29.82 25.97 601851

1745537870
42.63 29.69 25.97 79837

1745537871
42.63 29.69 25.97 487

1745537872
34.9 28.72 25.79 14848

1745537873
34.9 28.72 25.79 53684

1745537874
29.12 27.88 25.63 57319

1745537876
25.11 27.2 25.51 213229

1745537877
25.11 27.2 25.51 150634

1745537878
23.1 26.77 25.43 359679

1745537879
23.1 26.77 25.43 809657

1745537880
30.51 27.98 25.69 785380

1745537881
30.51 27.98 25.69 784692

1745537882
39.11 29.62 26.05 782511

1745537884
40.36 30.16 26.19 382249

1745537885
40.36 30.16 26.19 318

1745537886
33.05 29.17 26.01 111

1745537887
33.05 29.17 26.01 525

1745537888
27.06 28.21 25.83 66012

1745537889
27.06 28.21 25.83 108751

1745537890
23.79 27.59 25.71 92743

1745537892
20.93 26.94 25.59 385363

1745537893
20.93 26.94 25.59 813332

1745537894
28.55 28.12 25.85 819724

1745537896
38.05 29.85 26.22 1612057

1745537897
38.05 29.85 26.22 783389

1745537898
45.1 31.4 26.57 643859

1745537899
45.1 31.4 26.57 397816

1745537900
44.9 31.81 26.69 201085

1745537901
44.9 31.81 26.69 35314

1745537902
37.85 30.96 26.55 1922

1745537903
37.85 30.96 26.55 418

1745537904
31.0 29.95 26.37 649

1745537905
31.0 29.95 26.37 655

1745537906
25.38 28.97 26.19 376

1745537907
25.38 28.97 26.19 127641

1745537909
22.77 28.38 26.08 1499243

1745537910
32.6 29.97 26.43 763749

1745537911
32.6 29.97 26.43 786452

1745537912
40.64 31.51 26.78 779389

1745537913
40.64 31.51 26.78 705625

1745537914
46.14 32.8 27.08 544901

1745537915
46.14 32.8 27.08 311534

1745537916
44.66 32.97 27.15 98872

1745537917
44.66 32.97 27.15 1255

1745537918
37.11 31.99 26.99 422

1745537919
37.11 31.99 26.99 244

1745537920
30.39 30.95 26.8 391

1745537921
30.39 30.95 26.8 181

1745537922
24.88 29.93 26.62 14298

1745537923
24.88 29.93 26.62 71710

1745537924
21.1 29.08 26.47 57478

1745537925
21.1 29.08 26.47 33816

1745537927
18.0 28.26 26.31 1039471

1745537928
25.79 29.33 26.55 763845

1745537929
25.79 29.33 26.55 748020

1745537930
34.34 30.76 26.87 628987

1745537931
34.34 30.76 26.87 346760

1745537932
35.18 31.03 26.95 84198

1745537933
35.18 31.03 26.95 1262

1745537934
28.99 30.05 26.77 418

1745537935
28.99 30.05 26.77 278

1745537936
23.74 29.07 26.59 115

1745537937
23.74 29.07 26.59 10421

1745537938
19.62 28.15 26.41 33227

1745537939
19.62 28.15 26.41 44135

1745537940
16.79 27.36 26.26 454609

1745537941
16.79 27.36 26.26 873434

1745537942
26.79 28.82 26.57 921322

1745537943
26.79 28.82 26.57 878376

1745537945
38.06 30.79 27.0 1374967

1745537947
42.39 31.81 27.24 161131

1745537948
35.26 30.87 27.07 1156

1745537949
35.26 30.87 27.07 138

1745537950
28.87 29.85 26.89 134

1745537951
28.87 29.85 26.89 505

1745537952
23.64 28.88 26.7 753

1745537953
23.64 28.88 26.7 135

1745537954
19.35 27.93 26.52 286

1745537955
19.35 27.93 26.52 173

1745537956
15.85 27.02 26.34 247

1745537957
15.85 27.02 26.34 573

1745537958
12.97 26.13 26.16 361199

1745537960
22.76 27.47 26.44 1766180

1745537961
22.76 27.47 26.44 906665

1745537962
35.3 29.58 26.89 906366

1745537963
35.3 29.58 26.89 772007

1745537964
42.86 31.13 27.23 281668

1745537965
42.86 31.13 27.23 2662

1745537966
36.0 30.28 27.08 535

1745537967
36.0 30.28 27.08 992

1745537968
29.47 29.29 26.89 281

1745537969
29.47 29.29 26.89 1932

1745537970
24.13 28.33 26.71 508

1745537971
24.13 28.33 26.71 958

1745537972
19.76 27.4 26.53 637

1745537973
19.76 27.4 26.53 27711

1745537974
16.54 26.57 26.36 72433

1745537976
16.54 26.57 26.36 511536

1745537977
19.52 26.78 26.4 1715335

1745537978
32.11 28.82 26.83 854299

1745537979
32.11 28.82 26.83 720456

1745537980
39.33 30.23 27.14 178815

1745537981
39.33 30.23 27.14 610

1745537982
32.39 29.27 26.96 696

1745537983
32.39 29.27 26.96 880

1745537984
26.52 28.31 26.78 547

1745537985
26.52 28.31 26.78 681

1745537986
21.71 27.39 26.59 366

1745537987
21.71 27.39 26.59 6294

1745537989
17.78 26.49 26.41 735923

1745537990
25.97 27.69 26.66 1195352

1745537991
25.97 27.69 26.66 817535

1745537992
36.12 29.46 27.04 838319

1745537993
36.12 29.46 27.04 725770

1745537994
42.8 30.89 27.35 406503

1745537995
42.8 30.89 27.35 31178

1745537996
37.04 30.24 27.24 563

1745537997
37.04 30.24 27.24 335

1745537998
30.33 29.25 27.06 774

1745537999
30.33 29.25 27.06 1211

1745538000
24.83 28.29 26.87 1108

1745538001
24.83 28.29 26.87 569

1745538002
20.33 27.36 26.69 176

1745538003
20.33 27.36 26.69 128

1745538004
16.65 26.47 26.5 11832

1745538005
16.65 26.47 26.5 29992

1745538007
13.99 25.67 26.34 64293

1745538008
12.0 24.92 26.18 35482

1745538009
12.0 24.92 26.18 39410

1745538010
10.37 24.21 26.02 39651

1745538011
10.37 24.21 26.02 41200

1745538012
9.03 23.51 25.86 38785

1745538014
8.12 22.87 25.71 92912

1745538015
8.12 22.87 25.71 42888

1745538016
7.37 22.26 25.56 30988

1745538017
7.37 22.26 25.56 42331

1745538018
6.58 21.63 25.41 35710

1745538019
6.58 21.63 25.41 33602

1745538020
5.93 21.02 25.25 48540

1745538021
5.93 21.02 25.25 49492

1745538022
5.58 20.46 25.11 52695

1745538024
5.29 19.92 24.96 71593

1745538025
5.29 19.92 24.96 39421

1745538026
4.88 19.37 24.81 32505

1745538027
4.88 19.37 24.81 47166

1745538028
4.72 18.86 24.67 40292

1745538029
4.72 18.86 24.67 38627

1745538030
4.4 18.34 24.52 39081

1745538032
7.41 18.43 24.5 530067

1745538033
7.41 18.43 24.5 1173314

1745538034
18.93 20.15 24.82 380138

1745538036
18.4 20.01 24.75 68521

1745538037
18.4 20.01 24.75 200

1745538038
15.06 19.36 24.59 65

1745538039
15.06 19.36 24.59 186

1745538040
12.33 18.72 24.42 205

1745538041
12.33 18.72 24.42 242

1745538042
10.1 18.11 24.25 168

1745538043
10.1 18.11 24.25 41

1745538044
8.27 17.52 24.08 26

1745538045
8.27 17.52 24.08 20

1745538046
6.77 16.95 23.92 791

1745538047
6.77 16.95 23.92 7127

1745538048
5.54 16.39 23.76 322222

1745538049
5.54 16.39 23.76 782636

1745538050
16.67 18.05 24.05 786666

1745538051
16.67 18.05 24.05 786966

1745538052
27.78 20.01 24.42 808222

1745538053
27.78 20.01 24.42 628380

1745538054
34.71 21.51 24.7 320444

1745538055
34.71 21.51 24.7 56571

1745538056
30.59 21.2 24.62 286

1745538057
30.59 21.2 24.62 207

1745538058
25.05 20.51 24.45 30

1745538059
25.05 20.51 24.45 86

1745538060
20.51 19.84 24.28 193

1745538061
20.51 19.84 24.28 131

1745538062
16.79 19.19 24.12 38

1745538063
16.79 19.19 24.12 19

1745538064
13.75 18.56 23.95 71

1745538065
13.75 18.56 23.95 251

1745538066
11.26 17.95 23.79 31

1745538067
11.26 17.95 23.79 4320

1745538068
9.22 17.36 23.62 21482

1745538069
9.22 17.36 23.62 20669

1745538070
7.91 16.86 23.48 19054

1745538071
7.91 16.86 23.48 654163

1745538072
14.27 17.72 23.61 838597

1745538073
14.27 17.72 23.61 756880

1745538074
25.63 19.66 23.97 683852

1745538075
25.63 19.66 23.97 529152

1745538077
31.31 20.88 24.2 601158

1745538078
30.35 21.04 24.21 138279

1745538079
30.35 21.04 24.21 37946

1745538080
26.12 20.58 24.1 9610

1745538081
26.12 20.58 24.1 3709

1745538082
21.38 19.91 23.93 2671

1745538083
21.38 19.91 23.93 793

1745538084
17.51 19.26 23.77 223

1745538085
17.51 19.26 23.77 58

1745538086
14.34 18.63 23.6 72

1745538087
14.34 18.63 23.6 87

1745538088
11.74 18.02 23.44 132

1745538089
11.74 18.02 23.44 93

1745538090
9.61 17.43 23.28 41

1745538091
9.61 17.43 23.28 144

1745538092
7.87 16.86 23.12 174

1745538093
7.87 16.86 23.12 161

1745538094
6.44 16.31 22.96 159

1745538095
6.44 16.31 22.96 584

1745538096
5.27 15.77 22.81 538

1745538097
5.27 15.77 22.81 1146

1745538098
4.32 15.26 22.65 176

1745538099
4.32 15.26 22.65 604

1745538100
3.53 14.76 22.49 195

1745538101
3.53 14.76 22.49 104

1745538102
2.89 14.27 22.34 193

1745538103
2.89 14.27 22.34 98

1745538104
2.37 13.81 22.19 171

1745538105
2.37 13.81 22.19 117

1745538106
1.94 13.35 22.04 683

1745538107
1.94 13.35 22.04 24678

1745538108
1.77 12.95 21.89 27219

1745538109
1.77 12.95 21.89 44546

1745538110
1.99 12.62 21.76 28327

1745538111
1.99 12.62 21.76 41221

1745538112
2.17 12.31 21.63 43071

1745538113
2.17 12.31 21.63 533095

1745538114
9.02 13.21 21.76 793369

1745538115
9.02 13.21 21.76 809748

1745538116
21.7 15.37 22.15 794614

1745538117
21.7 15.37 22.15 812662

1745538118
32.26 17.48 22.55 824965

1745538119
32.26 17.48 22.55 827669

1745538120
41.27 19.59 22.95 798171

1745538121
41.27 19.59 22.95 815356

1745538122
48.29 21.57 23.34 799777

1745538124
52.22 23.15 23.66 1199107

1745538125
52.22 23.15 23.66 365422

1745538126
50.0 23.7 23.78 238161

1745538127
50.0 23.7 23.78 159048

1745538128
43.84 23.45 23.72 96467

1745538129
43.84 23.45 23.72 77851

1745538130
37.35 22.95 23.61 61416

1745538131
37.35 22.95 23.61 48356

1745538132
31.31 22.33 23.48 17925

1745538133
31.31 22.33 23.48 17902

1745538134
25.82 21.63 23.33 17827

1745538135
25.82 21.63 23.33 17594

1745538136
21.32 20.95 23.17 17695

1745538137
21.32 20.95 23.17 17830

1745538138
17.64 20.3 23.02 21877

1745538139
17.64 20.3 23.02 17372

1745538140
14.62 19.67 22.87 17032

1745538141
14.62 19.67 22.87 4405

1745538142
11.97 19.02 22.71 479

1745538143
11.97 19.02 22.71 1199

1745538144
9.8 18.4 22.56 1827

1745538145
9.8 18.4 22.56 542

1745538146
8.02 17.8 22.4 679

1745538147
8.02 17.8 22.4 6616

1745538148
6.57 17.22 22.25 18124

1745538150
5.74 16.72 22.11 75003

1745538151
5.74 16.72 22.11 34624

1745538152
5.24 16.27 21.98 30706

1745538153
5.24 16.27 21.98 29368

1745538154
4.65 15.8 21.84 39220

1745538155
4.65 15.8 21.84 45960

1745538156
4.53 15.41 21.72 32860

1745538157
4.53 15.41 21.72 41728

1745538158
4.44 15.04 21.6 29999

1745538159
4.44 15.04 21.6 40364

1745538160
4.18 14.65 21.47 37562

1745538161
4.18 14.65 21.47 46738

1745538162
4.14 14.3 21.35 45638

1745538163
4.14 14.3 21.35 47995

1745538164
4.12 13.96 21.23 30403

1745538165
4.12 13.96 21.23 29312

1745538166
3.91 13.6 21.11 39963

1745538167
3.91 13.6 21.11 533191

1745538168
10.45 14.46 21.24 757691

1745538169
10.45 14.46 21.24 722217

1745538170
21.42 16.31 21.58 593236

1745538171
21.42 16.31 21.58 444990

1745538173
25.15 17.15 21.72 220556

1745538174
21.68 16.79 21.61 24287

1745538175
21.68 16.79 21.61 17312

1745538176
17.93 16.27 21.47 17269

1745538177
17.93 16.27 21.47 18202

1745538178
14.86 15.77 21.33 17004

1745538179
14.86 15.77 21.33 17217

1745538180
12.35 15.29 21.19 18694

1745538181
12.35 15.29 21.19 17096

1745538182
10.29 14.82 21.05 17083

1745538183
10.29 14.82 21.05 17697

1745538184
8.61 14.37 20.91 17217

1745538185
8.61 14.37 20.91 17261

1745538186
7.23 13.93 20.78 17542

1745538187
7.23 13.93 20.78 16952

1745538188
6.1 13.51 20.64 17103

1745538189
6.1 13.51 20.64 17493

1745538190
5.17 13.1 20.51 17328

1745538191
5.17 13.1 20.51 17042

1745538192
4.42 12.7 20.37 10949

1745538193
4.42 12.7 20.37 1133

1745538194
3.62 12.29 20.24 1312

1745538195
3.62 12.29 20.24 579

1745538196
2.96 11.88 20.1 724

1745538197
2.96 11.88 20.1 94

1745538198
2.42 11.49 19.96 12189

1745538199
2.42 11.49 19.96 20379

1745538200
2.16 11.15 19.83 19114

1745538201
2.16 11.15 19.83 45581

1745538202
2.31 10.88 19.71 38403

1745538203
2.31 10.88 19.71 27340

1745538204
2.44 10.62 19.6 34051

1745538205
2.44 10.62 19.6 36515

1745538206
2.54 10.37 19.49 34075

1745538207
2.54 10.37 19.49 31104

1745538208
2.62 10.13 19.37 37880

1745538209
2.62 10.13 19.37 49830

1745538210
2.87 9.93 19.27 52442

1745538211
2.87 9.93 19.27 40742

1745538212
3.08 9.74 19.16 28851

1745538213
3.08 9.74 19.16 32915

1745538214
2.88 9.48 19.04 28863

1745538215
2.88 9.48 19.04 39670

1745538216
2.9 9.27 18.93 45615

1745538217
2.9 9.27 18.93 37721

1745538218
2.92 9.07 18.83 35229

1745538219
2.92 9.07 18.83 592336

1745538220
10.18 10.18 18.99 802622

1745538221
10.18 10.18 18.99 784228

1745538222
22.64 12.43 19.4 826876

1745538224
31.58 14.38 19.76 1274463

1745538225
31.58 14.38 19.76 457945

1745538226
34.38 15.44 19.95 359232

1745538227
34.38 15.44 19.95 283321

1745538228
33.22 15.85 20.0 214500

1745538230
30.28 15.89 19.98 276800

1745538231
30.28 15.89 19.98 91231

1745538232
26.42 15.67 19.91 78931

1745538233
26.42 15.67 19.91 67333

1745538234
22.72 15.35 19.81 39172

1745538235
22.72 15.35 19.81 11335

1745538236
18.79 14.88 19.68 2846

1745538237
18.79 14.88 19.68 1696

1745538238
15.38 14.39 19.55 409

1745538239
15.38 14.39 19.55 589

1745538240
12.6 13.92 19.41 470

1745538241
12.6 13.92 19.41 1052

1745538242
10.31 13.47 19.28 232

1745538243
10.31 13.47 19.28 281

1745538244
8.44 13.02 19.15 156

1745538245
8.44 13.02 19.15 173

1745538246
6.91 12.6 19.02 470

1745538247
6.91 12.6 19.02 537

1745538248
5.66 12.19 18.89 147811

1745538250
15.5 13.75 19.17 1557612

1745538251
15.5 13.75 19.17 782625

1745538253
26.82 15.85 19.57 1418470

1745538254
34.1 17.53 19.9 535328

1745538255
34.1 17.53 19.9 389799

1745538256
35.17 18.26 20.03 222957

1745538257
35.17 18.26 20.03 139034

1745538258
31.15 18.09 19.98 16378

1745538259
31.15 18.09 19.98 1092

1745538260
25.51 17.5 19.85 273

1745538261
25.51 17.5 19.85 598

1745538262
20.89 16.92 19.71 337

1745538263
20.89 16.92 19.71 35

1745538264
17.1 16.37 19.58 40

1745538265
17.1 16.37 19.58 63

1745538266
14.0 15.83 19.44 40

1745538267
14.0 15.83 19.44 483

1745538268
11.46 15.31 19.31 466

1745538269
11.46 15.31 19.31 207

1745538270
9.39 14.81 19.18 472

1745538271
9.39 14.81 19.18 305

1745538272
7.68 14.33 19.05 526

1745538273
7.68 14.33 19.05 139

1745538274
6.29 13.86 18.92 17254

1745538275
6.29 13.86 18.92 50521

1745538276
7.69 13.86 18.88 741812

1745538277
7.69 13.86 18.88 777413

1745538278
20.24 15.93 19.28 746813

1745538279
20.24 15.93 19.28 614556

1745538280
27.99 17.47 19.58 344441

1745538281
27.99 17.47 19.58 97262

1745538282
25.63 17.39 19.55 3611

1745538283
25.63 17.39 19.55 1123

1745538284
20.99 16.82 19.41 344

1745538285
20.99 16.82 19.41 260

1745538286
17.19 16.27 19.28 205

1745538287
17.19 16.27 19.28 75

1745538288
14.07 15.74 19.15 283

1745538289
14.07 15.74 19.15 93

1745538290
11.52 15.22 19.02 75

1745538291
11.52 15.22 19.02 92

1745538292
9.43 14.72 18.89 104486

1745538294
16.78 15.88 19.1 1406492

1745538295
16.78 15.88 19.1 795108

1745538296
27.87 17.91 19.5 778680

1745538297
27.87 17.91 19.5 789681

1745538298
36.77 19.84 19.9 717764

1745538299
36.77 19.84 19.9 617355

1745538300
41.34 21.22 20.18 388512

1745538301
41.34 21.22 20.18 85569

1745538302
36.57 21.02 20.15 1024

1745538303
36.57 21.02 20.15 301

1745538304
29.94 20.33 20.01 641

1745538305
29.94 20.33 20.01 41

1745538306
24.52 19.66 19.87 44

1745538307
24.52 19.66 19.87 43

1745538308
20.07 19.02 19.74 127

1745538309
20.07 19.02 19.74 24

1745538310
16.44 18.4 19.6 172

1745538311
16.44 18.4 19.6 173

1745538312
13.46 17.8 19.47 7850

1745538313
13.46 17.8 19.47 275889

1745538314
15.91 18.1 19.52 739171

1745538315
15.91 18.1 19.52 765780

1745538316
26.8 19.99 19.9 766306

1745538317
26.8 19.99 19.9 763160

1745538318
35.35 21.76 20.27 632305

1745538319
35.35 21.76 20.27 472673

1745538320
37.82 22.65 20.47 387828

1745538321
37.82 22.65 20.47 330354

1745538322
36.76 22.96 20.55 218837

1745538323
36.76 22.96 20.55 150448

1745538324
32.82 22.69 20.51 35033

1745538325
32.82 22.69 20.51 759

1745538326
26.87 21.95 20.37 2351

1745538327
26.87 21.95 20.37 702

1745538328
22.0 21.23 20.23 126

1745538329
22.0 21.23 20.23 363

1745538330
18.02 20.54 20.09 57

1745538331
18.02 20.54 20.09 64

1745538332
14.75 19.87 19.96 279

1745538333
14.75 19.87 19.96 613

1745538334
12.08 19.22 19.82 444

1745538335
12.08 19.22 19.82 184

1745538336
9.89 18.59 19.68 479

1745538337
9.89 18.59 19.68 7876

1745538338
8.1 17.98 19.55 17810

1745538339
8.1 17.98 19.55 18412

1745538340
6.81 17.42 19.42 431431

1745538341
6.81 17.42 19.42 781881

1745538342
18.62 19.21 19.78 796661

1745538343
18.62 19.21 19.78 775745

1745538344
29.38 21.13 20.18 675626

1745538345
29.38 21.13 20.18 437750

1745538346
32.57 21.98 20.36 233145

1745538347
32.57 21.98 20.36 89910

1745538348
28.66 21.62 20.3 43474

1745538349
28.66 21.62 20.3 10708

1745538350
23.65 20.94 20.17 2743

1745538351
23.65 20.94 20.17 148

1745538352
19.36 20.26 20.03 593

1745538353
19.36 20.26 20.03 106

1745538354
15.85 19.6 19.89 186

1745538355
15.85 19.6 19.89 626

1745538356
12.98 18.95 19.75 1054

1745538357
12.98 18.95 19.75 221

1745538358
10.63 18.33 19.62 447

1745538359
10.63 18.33 19.62 240

1745538360
8.7 17.73 19.49 474

1745538361
8.7 17.73 19.49 286

1745538362
7.12 17.15 19.35 609

1745538363
7.12 17.15 19.35 595876

1745538364
13.44 17.97 19.51 744672

1745538365
13.44 17.97 19.51 787561

1745538366
25.14 19.93 19.91 764957

1745538367
25.14 19.93 19.91 821565

1745538369
34.35 21.76 20.29 980548

1745538370
35.55 22.39 20.43 122774

1745538371
35.55 22.39 20.43 3932

1745538372
29.65 21.76 20.31 613

1745538373
29.65 21.76 20.31 262

1745538374
24.28 21.05 20.17 235

1745538375
24.28 21.05 20.17 390

1745538376
19.88 20.36 20.04 392

1745538377
19.88 20.36 20.04 157

1745538378
16.28 19.69 19.9 77

1745538379
16.28 19.69 19.9 299

1745538380
13.33 19.05 19.76 253

1745538381
13.33 19.05 19.76 89

1745538382
10.91 18.42 19.63 1646

1745538383
10.91 18.42 19.63 260285

1745538384
13.65 18.67 19.67 773101

1745538385
13.65 18.67 19.67 801242

1745538386
25.48 20.64 20.08 794918

1745538387
25.48 20.64 20.08 780655

1745538388
35.0 22.52 20.47 666474

1745538389
35.0 22.52 20.47 334098

1745538390
35.36 22.99 20.59 30297

1745538391
35.36 22.99 20.59 264

1745538392
28.95 22.24 20.44 113

1745538393
28.95 22.24 20.44 108

1745538394
23.71 21.51 20.3 62

1745538395
23.71 21.51 20.3 62

1745538396
19.41 20.81 20.17 80

1745538397
19.41 20.81 20.17 55

1745538398
15.89 20.13 20.03 25

1745538399
15.89 20.13 20.03 37

1745538400
13.01 19.47 19.89 144

1745538401
13.01 19.47 19.89 124

1745538402
10.65 18.83 19.75 5576

1745538403
10.65 18.83 19.75 18348

1745538404
9.09 18.28 19.63 468997

1745538405
9.09 18.28 19.63 781152

1745538406
21.21 20.17 20.02 791801

1745538407
21.21 20.17 20.02 777673

1745538408
31.31 22.03 20.41 623253

1745538409
31.31 22.03 20.41 240257

1745538410
30.89 22.26 20.47 56744

1745538411
30.89 22.26 20.47 768

1745538412
25.3 21.53 20.33 153

1745538413
25.3 21.53 20.33 256

1745538414
20.71 20.82 20.19 151

1745538415
20.71 20.82 20.19 84

1745538416
16.96 20.14 20.05 74

1745538417
16.96 20.14 20.05 461

1745538418
14.97 19.68 19.95 527779

1745538419
14.97 19.68 19.95 730251

1745538420
24.94 21.33 20.3 731636

1745538422
33.65 23.02 20.66 1544610

1745538423
33.65 23.02 20.66 621023

1745538425
39.87 24.49 20.98 470837

1745538426
34.64 24.05 20.91 169

1745538427
34.64 24.05 20.91 22213

1745538428
28.54 23.29 20.77 564

1745538429
28.54 23.29 20.77 342

1745538430
23.37 22.53 20.63 14698

1745538431
23.37 22.53 20.63 434

1745538432
19.14 21.79 20.49 256

1745538433
19.14 21.79 20.49 476

1745538434
15.67 21.08 20.35 916

1745538435
15.67 21.08 20.35 12398

1745538436
12.83 20.39 20.21 522

1745538437
12.83 20.39 20.21 313

1745538438
10.5 19.72 20.07 14839

1745538439
10.5 19.72 20.07 695

1745538440
8.6 19.08 19.94 488

1745538441
8.6 19.08 19.94 833

1745538442
7.04 18.45 19.8 315

1745538443
7.04 18.45 19.8 30651

1745538444
6.13 17.91 19.68 234945

1745538446
16.25 19.35 19.97 1527068

1745538448
26.71 21.14 20.34 1313020

1745538449
26.71 21.14 20.34 370359

1745538450
28.93 21.73 20.46 221299

1745538451
28.93 21.73 20.46 10169

1745538452
24.05 21.08 20.34 440

1745538453
24.05 21.08 20.34 79

1745538454
19.7 20.39 20.2 646

1745538455
19.7 20.39 20.2 2009

1745538456
16.13 19.72 20.06 1337

1745538457
16.13 19.72 20.06 40155

1745538458
13.57 19.14 19.94 210

1745538459
13.57 19.14 19.94 32738

1745538460
11.29 18.55 19.81 196

1745538461
11.29 18.55 19.81 310

1745538462
9.24 17.94 19.67 26886

1745538464
8.29 17.49 19.56 87882

1745538465
8.29 17.49 19.56 42187

1745538466
7.51 17.04 19.46 109414

1745538467
7.51 17.04 19.46 768701

1745538468
16.66 18.38 19.72 684028

1745538469
16.66 18.38 19.72 421066

1745538470
21.43 19.19 19.88 238826

1745538471
21.43 19.19 19.88 99901

1745538472
19.72 18.95 19.83 19947

1745538473
19.72 18.95 19.83 5413

1745538474
16.15 18.33 19.69 655

1745538475
16.15 18.33 19.69 782

1745538476
13.22 17.73 19.56 85

1745538477
13.22 17.73 19.56 256

1745538478
10.82 17.15 19.42 10042

1745538479
10.82 17.15 19.42 9208

1745538480
8.86 16.59 19.29 126

1745538481
8.86 16.59 19.29 15380

1745538482
7.26 16.05 19.16 3961

1745538483
7.26 16.05 19.16 48577

1745538484
6.48 15.62 19.05 227023

1745538485
6.48 15.62 19.05 784317

1745538486
17.45 17.3 19.37 822127

1745538488
28.23 19.25 19.77 1398320

1745538490
29.46 19.77 19.87 539163

1745538491
29.46 19.77 19.87 123184

1745538492
26.84 19.61 19.84 103508

1745538493
26.84 19.61 19.84 55459

1745538494
23.06 19.17 19.74 36795

1745538495
23.06 19.17 19.74 2297

1745538496
18.88 18.54 19.61 257

1745538497
18.88 18.54 19.61 539

1745538498
15.46 17.93 19.47 538

1745538499
15.46 17.93 19.47 40228

1745538500
13.02 17.41 19.35 34083

1745538501
13.02 17.41 19.35 245

1745538502
10.84 16.87 19.23 118523

1745538504
19.75 18.29 19.51 1534725

1745538505
19.75 18.29 19.51 826842

1745538507
30.84 20.34 19.93 1615966

1745538508
39.38 22.22 20.33 678145

1745538509
39.38 22.22 20.33 442517

1745538511
39.13 22.74 20.45 286311

1745538512
34.04 22.36 20.38 3285

1745538513
34.04 22.36 20.38 60308

1745538514
28.41 21.72 20.26 3848

1745538515
28.41 21.72 20.26 1235

1745538516
23.63 21.08 20.14 55606

1745538517
23.63 21.08 20.14 225

1745538518
19.35 20.39 20.0 196

1745538519
19.35 20.39 20.0 231

1745538520
15.84 19.72 19.86 610

1745538521
15.84 19.72 19.86 21119

1745538522
13.15 19.11 19.73 232

1745538523
13.15 19.11 19.73 37522

1745538524
11.31 18.58 19.62 48900

1745538525
11.31 18.58 19.62 37854

1745538526
9.8 18.07 19.5 33383

1745538527
9.8 18.07 19.5 430786

1745538528
14.91 18.72 19.63 735592

1745538529
14.91 18.72 19.63 465382

1745538530
20.54 19.61 19.81 131533

1745538531
20.54 19.61 19.81 45131

1745538532
17.73 19.14 19.71 20573

1745538533
17.73 19.14 19.71 1004

1745538534
14.51 18.51 19.57 655

1745538535
14.51 18.51 19.57 464

1745538536
11.88 17.9 19.44 1051

1745538537
11.88 17.9 19.44 499

1745538538
9.73 17.32 19.31 644

1745538539
9.73 17.32 19.31 36275

1745538540
8.15 16.78 19.18 139

1745538541
8.15 16.78 19.18 224

1745538542
6.67 16.23 19.05 40480

1745538543
6.67 16.23 19.05 731979

1745538544
15.97 17.6 19.32 785426

1745538546
27.57 19.64 19.73 1594250

1745538547
27.57 19.64 19.73 809358

1745538549
36.52 21.52 20.12 1119465

1745538550
38.6 22.38 20.31 248729

1745538551
38.6 22.38 20.31 52745

1745538552
32.87 21.88 20.22 1042

1745538553
32.87 21.88 20.22 257

1745538554
26.92 21.16 20.08 140

1745538555
26.92 21.16 20.08 573

1745538556
22.04 20.47 19.95 328

1745538557
22.04 20.47 19.95 10028

1745538559
18.77 19.93 19.84 434116

1745538560
19.54 20.03 19.86 232188

1745538562
21.07 20.29 19.91 601601

1745538563
21.07 20.29 19.91 4516

1745538564
18.7 19.89 19.83 607

1745538565
18.7 19.89 19.83 445

1745538566
15.31 19.24 19.7 244

1745538567
15.31 19.24 19.7 327

1745538568
12.54 18.61 19.56 823

1745538569
12.54 18.61 19.56 39074

1745538570
13.34 18.56 19.55 742379

1745538572
25.24 20.53 19.95 1583278

1745538573
25.24 20.53 19.95 690385

1745538574
33.16 22.12 20.29 493238

1745538575
33.16 22.12 20.29 262264

1745538576
32.05 22.28 20.33 53118

1745538577
32.05 22.28 20.33 1507

1745538578
26.24 21.55 20.19 620

1745538579
26.24 21.55 20.19 286

1745538580
21.49 20.84 20.06 731

1745538581
21.49 20.84 20.06 437

1745538582
17.59 20.16 19.92 771

1745538583
17.59 20.16 19.92 14541

1745538584
16.76 19.93 19.87 668987

1745538585
16.76 19.93 19.87 708878

1745538586
26.4 21.57 20.21 642490

1745538588
32.49 22.82 20.49 969400

1745538589
32.49 22.82 20.49 72173

1745538590
28.23 22.37 20.41 732

1745538591
28.23 22.37 20.41 10069

1745538592
23.48 21.7 20.28 62840

1745538593
23.48 21.7 20.28 48799

1745538594
19.95 21.12 20.17 49363

1745538595
19.95 21.12 20.17 49362

1745538596
17.06 20.56 20.06 49354

1745538597
17.06 20.56 20.06 43151

1745538598
14.51 19.99 19.94 761

1745538599
14.51 19.99 19.94 258

1745538600
11.88 19.33 19.81 168

1745538601
11.88 19.33 19.81 152

1745538602
9.73 18.7 19.67 1295

1745538603
9.73 18.7 19.67 11134

1745538604
8.15 18.12 19.54 18268

1745538605
8.15 18.12 19.54 24957

1745538606
7.03 17.59 19.42 41504

1745538607
7.03 17.59 19.42 262074

1745538609
9.92 17.77 19.45 570091

1745538610
11.93 17.88 19.46 82835

1745538611
11.93 17.88 19.46 54578

1745538612
10.67 17.45 19.36 28195

1745538614
9.1 16.95 19.24 46078

1745538615
9.1 16.95 19.24 29216

1745538616
10.53 16.95 19.22 734449

1745538617
10.53 16.95 19.22 815920

1745538618
23.12 19.01 19.64 739710

1745538619
23.12 19.01 19.64 422187

1745538620
26.35 19.73 19.79 16925

1745538621
26.35 19.73 19.79 444

1745538622
21.58 19.09 19.65 56859

1745538623
21.58 19.09 19.65 655171

1745538624
27.27 20.2 19.88 734363

1745538625
27.27 20.2 19.88 786388

1745538626
36.28 22.05 20.27 784030

1745538628
43.11 23.75 20.64 1296384

1745538629
43.11 23.75 20.64 63337

1745538630
37.66 23.4 20.58 522

1745538631
37.66 23.4 20.58 321

1745538632
30.83 22.64 20.44 247

1745538633
30.83 22.64 20.44 35553

1745538634
25.79 21.99 20.32 37133

1745538635
25.79 21.99 20.32 985

1745538636
21.12 21.27 20.18 882

1745538637
21.12 21.27 20.18 22709

1745538638
20.55 21.17 20.17 721128

1745538639
20.55 21.17 20.17 763144

1745538640
30.78 22.99 20.56 798505

1745538641
30.78 22.99 20.56 770781

1745538642
39.33 24.79 20.95 798769

1745538643
39.33 24.79 20.95 601511

1745538644
42.35 25.81 21.19 167513

1745538645
42.35 25.81 21.19 739

1745538646
34.68 24.97 21.04 470

1745538647
34.68 24.97 21.04 1069

1745538648
28.39 24.15 20.9 297

1745538649
28.39 24.15 20.9 216116

1745538650
25.97 23.85 20.86 139812

1745538651
25.97 23.85 20.86 88071

1745538652
22.89 23.37 20.78 86383

1745538653
22.89 23.37 20.78 1086

1745538654
18.92 22.63 20.64 489

1745538655
18.92 22.63 20.64 408

1745538656
15.5 21.89 20.5 196

1745538657
15.5 21.89 20.5 4079

1745538658
12.69 21.18 20.36 213031

1745538659
12.69 21.18 20.36 763667

1745538660
22.71 22.71 20.69 774178

1745538661
22.71 22.71 20.69 788115

1745538662
32.72 24.52 21.08 804810

1745538663
32.72 24.52 21.08 734536

1745538664
38.93 25.91 21.39 411879

1745538665
38.93 25.91 21.39 12694

1745538666
32.78 25.22 21.28 500

1745538667
32.78 25.22 21.28 4382

1745538668
26.84 24.4 21.14 311601

1745538669
26.84 24.4 21.14 754697

1745538670
35.02 25.95 21.48 799414

1745538672
43.17 27.72 21.88 1584099

1745538673
43.17 27.72 21.88 709700

1745538674
47.67 29.04 22.2 469081

1745538675
47.67 29.04 22.2 182744

1745538676
42.29 28.68 22.17 4586

1745538677
42.29 28.68 22.17 277

1745538678
34.63 27.74 22.02 189

1745538679
34.63 27.74 22.02 63

1745538680
28.35 26.83 21.87 98

1745538681
28.35 26.83 21.87 29

1745538682
23.22 25.95 21.72 30

1745538683
23.22 25.95 21.72 3480

1745538684
19.01 25.1 21.57 25908

1745538685
19.01 25.1 21.57 483463

1745538686
23.54 25.72 21.72 780050

1745538687
23.54 25.72 21.72 794911

1745538688
33.58 27.47 22.11 806705

1745538689
33.58 27.47 22.11 766966

1745538690
40.9 28.99 22.47 598648

1745538691
40.9 28.99 22.47 212583

1745538692
37.66 28.79 22.47 1000

1745538693
37.66 28.79 22.47 107

1745538694
30.84 27.85 22.32 128

1745538695
30.84 27.85 22.32 227

1745538696
25.25 26.94 22.17 32

1745538697
25.25 26.94 22.17 72

1745538698
20.67 26.06 22.01 354

1745538699
20.67 26.06 22.01 126

1745538700
16.93 25.2 21.86 378

1745538701
16.93 25.2 21.86 111

1745538702
13.86 24.38 21.71 44

1745538703
13.86 24.38 21.71 122494

1745538704
13.34 23.94 21.64 189271

1745538705
13.34 23.94 21.64 189685

1745538706
14.37 23.78 21.62 196417

1745538707
14.37 23.78 21.62 190210

1745538708
15.2 23.62 21.6 192184

1745538709
15.2 23.62 21.6 191186

1745538710
15.89 23.47 21.58 195016

1745538711
15.89 23.47 21.58 750436

1745538712
24.61 24.8 21.87 823942

1745538714
33.01 26.31 22.21 1310711

1745538715
33.01 26.31 22.21 436824

1745538716
34.27 26.76 22.33 100862

1745538717
34.27 26.76 22.33 485

1745538718
28.06 25.88 22.18 156

1745538719
28.06 25.88 22.18 79

1745538720
22.98 25.03 22.03 107

1745538721
22.98 25.03 22.03 36

1745538722
18.82 24.21 21.88 199

1745538723
18.82 24.21 21.88 8711

1745538724
15.41 23.42 21.73 25216

1745538725
15.41 23.42 21.73 739374

1745538726
23.12 24.55 21.97 802140

1745538727
23.12 24.55 21.97 805428

1745538728
33.42 26.37 22.37 788865

1745538729
33.42 26.37 22.37 745246

1745538730
40.77 27.93 22.72 628877

1745538731
40.77 27.93 22.72 357456

1745538732
38.82 27.99 22.77 59602

1745538733
38.82 27.99 22.77 1381

1745538734
31.79 27.08 22.62 891

1745538735
31.79 27.08 22.62 341

1745538736
26.03 26.19 22.46 286

1745538737
26.03 26.19 22.46 153

1745538738
21.31 25.33 22.31 209

1745538739
21.31 25.33 22.31 179

1745538740
17.45 24.5 22.16 122

1745538741
17.45 24.5 22.16 173

1745538742
14.29 23.7 22.01 55

1745538743
14.29 23.7 22.01 218361

1745538744
16.77 23.84 22.05 686116

1745538745
16.77 23.84 22.05 797945

1745538746
28.04 25.65 22.44 785001

1745538747
28.04 25.65 22.44 806094

1745538748
36.91 27.33 22.81 692916

1745538749
36.91 27.33 22.81 464636

1745538750
38.01 27.84 22.95 216193

1745538751
38.01 27.84 22.95 5620

1745538752
31.67 27.03 22.81 972

1745538753
31.67 27.03 22.81 108

1745538754
25.93 26.14 22.65 238

1745538755
25.93 26.14 22.65 296

1745538756
21.23 25.29 22.5 230

1745538757
21.23 25.29 22.5 324

1745538758
17.39 24.46 22.35 343

1745538759
17.39 24.46 22.35 106

1745538760
14.23 23.66 22.19 298

1745538761
14.23 23.66 22.19 120

1745538762
11.66 22.88 22.04 262

1745538763
11.66 22.88 22.04 17398

1745538764
9.72 22.17 21.9 19514

1745538765
9.72 22.17 21.9 451469

1745538767
15.93 22.88 22.05 1544520

1745538768
26.99 24.65 22.42 802230

1745538769
26.99 24.65 22.42 763964

1745538770
35.69 26.3 22.78 695430

1745538771
35.69 26.3 22.78 606085

1745538772
39.91 27.37 23.03 447778

1745538773
39.91 27.37 23.03 274207

1745538774
37.03 27.26 23.04 71928

1745538775
37.03 27.26 23.04 3123

1745538776
30.32 26.37 22.88 526

1745538777
30.32 26.37 22.88 378

1745538778
24.83 25.5 22.72 182

1745538779
24.83 25.5 22.72 285

1745538780
20.33 24.67 22.57 272

1745538781
20.33 24.67 22.57 498

1745538782
16.64 23.86 22.41 826

1745538783
16.64 23.86 22.41 16388

1745538784
13.81 23.11 22.27 18203

1745538786
11.67 22.42 22.13 49420

1745538787
11.67 22.42 22.13 22856

1745538788
9.92 21.75 21.99 22751

1745538789
9.92 21.75 21.99 25370

1745538790
8.48 21.11 21.85 20000

1745538791
8.48 21.11 21.85 22814

1745538793
7.31 20.48 21.72 706888

1745538794
15.95 21.61 21.94 747723

1745538795
15.95 21.61 21.94 809318

1745538796
27.19 23.46 22.33 800176

1745538798
36.39 25.24 22.71 1491249

1745538799
36.39 25.24 22.71 565750

1745538800
39.58 26.18 22.92 419769

1745538801
39.58 26.18 22.92 205953

1745538802
35.85 25.95 22.9 22983

1745538803
35.85 25.95 22.9 749

1745538804
29.35 25.1 22.74 503

1745538805
29.35 25.1 22.74 31

1745538806
24.04 24.28 22.58 194

1745538807
24.04 24.28 22.58 19

1745538808
20.95 23.71 22.48 340780

1745538809
20.95 23.71 22.48 757946

1745538810
29.83 25.22 22.8 778040

1745538811
29.83 25.22 22.8 794126

1745538812
38.92 27.02 23.19 814913

1745538813
38.92 27.02 23.19 779214

1745538814
45.64 28.62 23.55 687396

1745538815
45.64 28.62 23.55 548851

1745538816
47.15 29.45 23.76 448920

1745538817
47.15 29.45 23.76 352371

1745538818
44.41 29.53 23.82 208521

1745538819
44.41 29.53 23.82 81756

1745538820
37.81 28.83 23.71 842

1745538821
37.81 28.83 23.71 370

1745538822
30.96 27.88 23.55 172

1745538823
30.96 27.88 23.55 183

1745538824
25.35 26.97 23.39 45

1745538825
25.35 26.97 23.39 97

1745538826
20.76 26.09 23.23 461

1745538827
20.76 26.09 23.23 212

1745538828
17.0 25.24 23.07 126

1745538829
17.0 25.24 23.07 199

1745538830
13.92 24.41 22.91 204

1745538831
13.92 24.41 22.91 33

1745538832
11.39 23.61 22.75 167

1745538833
11.39 23.61 22.75 70

1745538834
9.33 22.84 22.6 149478

1745538835
9.33 22.84 22.6 768821

1745538836
20.5 24.41 22.93 772331

1745538838
31.1 26.2 23.31 1555938

1745538839
31.1 26.2 23.31 554218

1745538840
33.98 26.88 23.47 99201

1745538841
33.98 26.88 23.47 1955

1745538842
27.82 26.0 23.31 28665

1745538843
27.82 26.0 23.31 447590

1745538844
31.11 26.65 23.47 787568

1745538845
31.11 26.65 23.47 796083

1745538846
39.79 28.37 23.85 791236

1745538847
39.79 28.37 23.85 799722

1745538848
46.89 30.02 24.23 733340

1745538849
46.89 30.02 24.23 418379

1745538850
45.28 30.28 24.32 141360

1745538851
45.28 30.28 24.32 5783

1745538852
37.26 29.33 24.16 411

1745538853
37.26 29.33 24.16 138

1745538854
30.51 28.37 23.99 314

1745538855
30.51 28.37 23.99 358

1745538856
24.98 27.44 23.83 162

1745538857
24.98 27.44 23.83 66

1745538858
20.45 26.54 23.67 24

1745538859
20.45 26.54 23.67 20

1745538860
16.75 25.67 23.51 63

1745538861
16.75 25.67 23.51 27

1745538862
13.71 24.83 23.34 86

1745538863
13.71 24.83 23.34 264609

1745538864
18.11 25.26 23.44 765612

1745538865
18.11 25.26 23.44 772339

1745538866
28.6 26.92 23.8 765686

1745538867
28.6 26.92 23.8 825725

1745538869
36.1 28.33 24.12 493966

1745538870
31.19 27.7 24.02 425

1745538871
31.19 27.7 24.02 1201

1745538872
25.54 26.79 23.85 843

1745538873
25.54 26.79 23.85 1100

1745538874
20.91 25.91 23.69 1163

1745538875
20.91 25.91 23.69 304

1745538876
17.12 25.07 23.53 320

1745538877
17.12 25.07 23.53 198

1745538878
16.73 24.74 23.47 593536

1745538879
16.73 24.74 23.47 729803

1745538880
27.11 26.35 23.81 763251

1745538881
27.11 26.35 23.81 804401

1745538882
36.51 28.07 24.19 799430

1745538883
36.51 28.07 24.19 738839

1745538884
42.03 29.34 24.48 484856

1745538885
42.03 29.34 24.48 268471

1745538886
38.4 29.1 24.47 54400

1745538887
38.4 29.1 24.47 320

1745538888
31.44 28.15 24.3 119

1745538889
31.44 28.15 24.3 66

1745538890
25.75 27.23 24.13 22

1745538891
25.75 27.23 24.13 204

1745538892
21.08 26.34 23.97 64

1745538893
21.08 26.34 23.97 116

1745538894
17.26 25.48 23.8 99

1745538895
17.26 25.48 23.8 145

1745538896
14.13 24.64 23.64 155

1745538897
14.13 24.64 23.64 175

1745538898
13.56 24.2 23.55 503563

1745538899
13.56 24.2 23.55 734134

1745538900
24.33 25.79 23.89 762574

1745538901
24.33 25.79 23.89 796457

1745538902
34.23 27.53 24.27 817217

1745538903
34.23 27.53 24.27 699589

1745538904
39.44 28.69 24.53 343684

1745538905
39.44 28.69 24.53 52456

1745538906
33.38 27.95 24.41 2127

1745538907
33.38 27.95 24.41 2577

1745538908
27.34 27.04 24.24 25697

1745538909
27.34 27.04 24.24 336708

1745538910
29.99 27.53 24.36 790038

1745538911
29.99 27.53 24.36 817633

1745538912
39.05 29.24 24.74 795032

1745538913
39.05 29.24 24.74 782470

1745538914
45.92 30.8 25.1 743552

1745538915
45.92 30.8 25.1 599323

1745538916
47.2 31.53 25.29 223392

1745538917
47.2 31.53 25.29 1214

1745538918
38.65 30.5 25.12 186

1745538919
38.65 30.5 25.12 83

1745538920
31.65 29.5 24.95 455

1745538921
31.65 29.5 24.95 95

1745538922
25.91 28.54 24.77 95

1745538923
25.91 28.54 24.77 18

1745538924
21.22 27.6 24.61 37

1745538925
21.22 27.6 24.61 20

1745538926
17.37 26.7 24.44 114

1745538927
17.37 26.7 24.44 71

1745538928
15.67 26.09 24.32 356428

1745538929
15.67 26.09 24.32 729762

1745538930
26.06 27.62 24.66 764266

1745538931
26.06 27.62 24.66 789853

1745538932
35.65 29.3 25.03 804359

1745538933
35.65 29.3 25.03 729682

1745538934
40.42 30.37 25.28 459587

1745538935
40.42 30.37 25.28 130315

1745538936
34.55 29.64 25.16 494

1745538937
34.55 29.64 25.16 1776

1745538938
28.47 28.7 25.0 37586

1745538939
28.47 28.7 25.0 55748

1745538940
28.38 28.68 25.02 777711

1745538941
28.38 28.68 25.02 850933

1745538943
38.1 30.42 25.41 1587539

1745538944
44.78 31.88 25.75 610516

1745538946
38.84 31.23 25.65 54785

1745538947
38.84 31.23 25.65 131

1745538948
31.8 30.21 25.48 81

1745538949
31.8 30.21 25.48 40

1745538950
26.04 29.22 25.3 176

1745538951
26.04 29.22 25.3 301

1745538952
21.32 28.26 25.13 44

1745538953
21.32 28.26 25.13 17072

1745538954
19.27 27.67 25.03 433917

1745538956
29.37 29.21 25.37 1510754

1745538958
32.92 29.86 25.53 714924

1745538959
32.92 29.86 25.53 277

1745538960
26.96 28.88 25.35 520

1745538961
26.96 28.88 25.35 191

1745538962
22.07 27.94 25.18 4435

1745538963
22.07 27.94 25.18 31560

1745538964
18.43 27.09 25.02 197456

1745538965
18.43 27.09 25.02 782279

1745538966
28.5 28.62 25.36 820061

1745538967
28.5 28.62 25.36 821883

1745538969
37.29 30.21 25.71 960588

1745538971
35.24 30.07 25.71 47196

1745538972
28.85 29.08 25.54 873

1745538973
28.85 29.08 25.54 901

1745538974
23.63 28.13 25.36 317

1745538975
23.63 28.13 25.36 627

1745538976
19.35 27.21 25.19 1592

1745538977
19.35 27.21 25.19 768

1745538978
16.2 26.39 25.03 64716

1745538979
16.2 26.39 25.03 60062

1745538980
18.52 26.47 25.06 789449

1745538981
18.52 26.47 25.06 788783

1745538982
29.66 28.22 25.43 814950

1745538983
29.66 28.22 25.43 713962

1745538985
34.79 29.2 25.65 264080

1745538986
28.67 28.27 25.49 450

1745538987
28.67 28.27 25.49 436

1745538988
23.47 27.35 25.31 180

1745538989
23.47 27.35 25.31 291

1745538990
19.22 26.45 25.14 133

1745538991
19.22 26.45 25.14 399

1745538992
15.74 25.59 24.97 239

1745538993
15.74 25.59 24.97 464865

1745538994
22.12 26.42 25.14 765759

1745538995
22.12 26.42 25.14 792797

1745538996
32.43 28.14 25.51 784272

1745538997
32.43 28.14 25.51 800698

1745538998
40.32 29.71 25.86 675665

1745538999
40.32 29.71 25.86 431781

1745539001
40.26 30.04 25.95 291256

1745539002
33.87 29.22 25.81 1596

1745539003
33.87 29.22 25.81 489

1745539004
27.73 28.27 25.63 224

1745539005
27.73 28.27 25.63 230

1745539006
22.71 27.34 25.46 287

1745539007
22.71 27.34 25.46 272

1745539008
18.59 26.45 25.28 161844

1745539009
18.59 26.45 25.28 766176

1745539010
28.45 27.97 25.61 795950

1745539011
28.45 27.97 25.61 787238

1745539012
37.61 29.64 25.98 821109

1745539013
37.61 29.64 25.98 674626

1745539015
41.12 30.53 26.19 253755

1745539016
33.85 29.57 26.02 189

1745539017
33.85 29.57 26.02 361

1745539018
30.8 29.16 25.95 563249

1745539019
30.8 29.16 25.95 760909

1745539020
39.17 30.72 26.3 787327

1745539021
39.17 30.72 26.3 817077

1745539022
46.56 32.33 26.67 807759

1745539023
46.56 32.33 26.67 742409

1745539024
51.17 33.63 26.98 652248

1745539025
51.17 33.63 26.98 571905

1745539026
51.5 34.27 27.16 406282

1745539027
51.5 34.27 27.16 119337

1745539028
44.16 33.5 27.05 2063

1745539029
44.16 33.5 27.05 404

1745539030
36.16 32.41 26.86 247

1745539031
36.16 32.41 26.86 274

1745539032
29.61 31.35 26.68 208

1745539033
29.61 31.35 26.68 19269

1745539034
24.43 30.35 26.5 20632

1745539035
24.43 30.35 26.5 491411

1745539036
29.6 31.09 26.68 793888

1745539037
29.6 31.09 26.68 816585

1745539038
38.73 32.69 27.05 744915

1745539039
38.73 32.69 27.05 597414

1745539040
41.68 33.42 27.24 401787

1745539041
41.68 33.42 27.24 126827

1745539042
36.12 32.69 27.13 828

1745539043
36.12 32.69 27.13 120

1745539044
29.57 31.62 26.94 316

1745539045
29.57 31.62 26.94 129

1745539046
24.22 30.59 26.76 109

1745539047
24.22 30.59 26.76 2038

1745539048
23.63 30.27 26.72 676311

1745539049
23.63 30.27 26.72 759382

1745539050
33.12 31.77 27.06 790389

1745539052
41.25 33.28 27.4 1554191

1745539053
41.25 33.28 27.4 607275

1745539054
43.38 33.93 27.58 314584

1745539055
43.38 33.93 27.58 75796

1745539056
36.6 33.01 27.43 955

1745539057
36.6 33.01 27.43 2592

1745539058
29.97 31.93 27.24 22318

1745539059
29.97 31.93 27.24 19236

1745539060
24.9 30.95 27.07 261968

1745539061
24.9 30.95 27.07 786623

1745539062
34.88 32.56 27.43 822546

1745539063
34.88 32.56 27.43 805703

1745539064
42.51 34.01 27.77 714045

1745539065
42.51 34.01 27.77 471540

1745539066
41.33 34.08 27.83 110465

1745539067
41.33 34.08 27.83 1093

1745539068
33.84 32.96 27.64 732

1745539069
33.84 32.96 27.64 119

1745539070
27.71 31.88 27.45 125

1745539071
27.71 31.88 27.45 40

1745539072
22.69 30.84 27.26 200

1745539073
22.69 30.84 27.26 126

1745539074
18.58 29.83 27.07 177

1745539075
18.58 29.83 27.07 115

1745539076
15.21 28.85 26.89 259

1745539077
15.21 28.85 26.89 3812

1745539078
12.64 27.94 26.71 156658

1745539079
12.64 27.94 26.71 767684

1745539080
24.66 29.61 27.07 824264

1745539081
24.66 29.61 27.07 829942

1745539082
34.86 31.29 27.44 813604

1745539083
34.86 31.29 27.44 740980

1745539084
39.24 32.2 27.65 419866

1745539085
39.24 32.2 27.65 130216

1745539086
33.76 31.44 27.53 52012

1745539087
33.76 31.44 27.53 1286

1745539088
27.64 30.41 27.34 721

1745539089
27.64 30.41 27.34 284

1745539090
22.63 29.42 27.15 556

1745539091
22.63 29.42 27.15 258

1745539092
18.53 28.45 26.96 240

1745539093
18.53 28.45 26.96 162

1745539094
15.17 27.52 26.78 67

1745539095
15.17 27.52 26.78 27

1745539096
12.42 26.62 26.6 27

1745539097
12.42 26.62 26.6 103

1745539098
10.17 25.75 26.41 11471

1745539099
10.17 25.75 26.41 122869

1745539100
14.31 25.99 26.46 756608

1745539101
14.31 25.99 26.46 792080

1745539102
26.03 27.72 26.82 786902

1745539103
26.03 27.72 26.82 784829

1745539104
34.53 29.2 27.13 608701

1745539105
34.53 29.2 27.13 241740

1745539107
31.72 28.87 27.08 10384

1745539108
25.97 27.92 26.89 627

1745539109
25.97 27.92 26.89 544

1745539110
21.27 27.01 26.71 165

1745539111
21.27 27.01 26.71 58

1745539112
17.41 26.13 26.53 87

1745539113
17.41 26.13 26.53 237

1745539114
14.26 25.27 26.34 178

1745539115
14.26 25.27 26.34 74

1745539116
11.67 24.44 26.16 99

1745539117
11.67 24.44 26.16 198

1745539118
9.56 23.64 25.99 18911

1745539119
9.56 23.64 25.99 20048

1745539120
8.73 23.03 25.84 296179

1745539121
8.73 23.03 25.84 808861

1745539122
21.82 24.93 26.22 831646

1745539124
30.19 26.34 26.5 1272784

1745539125
30.19 26.34 26.5 105089

1745539126
26.17 25.74 26.38 3779

1745539127
26.17 25.74 26.38 3541

1745539128
21.43 24.9 26.2 2195

1745539129
21.43 24.9 26.2 1164

1745539130
17.54 24.08 26.02 380

1745539131
17.54 24.08 26.02 408

1745539132
14.36 23.29 25.84 129

1745539133
14.36 23.29 25.84 97

1745539134
11.76 22.53 25.66 192

1745539135
11.76 22.53 25.66 39

1745539136
9.63 21.79 25.49 213

1745539137
9.63 21.79 25.49 70

1745539138
10.06 21.47 25.39 463696

1745539139
10.06 21.47 25.39 783294

1745539140
22.18 23.29 25.75 775901

1745539141
22.18 23.29 25.75 803654

1745539142
32.66 25.14 26.12 807057

1745539143
32.66 25.14 26.12 699943

1745539144
38.52 26.45 26.39 530291

1745539145
38.52 26.45 26.39 259869

1745539146
34.62 26.14 26.32 15641

1745539147
34.62 26.14 26.32 1103

1745539148
28.34 25.28 26.14 1383

1745539149
28.34 25.28 26.14 1645

1745539150
23.21 24.46 25.96 288

1745539151
23.21 24.46 25.96 224

1745539152
19.0 23.66 25.78 587

1745539153
19.0 23.66 25.78 777

1745539154
15.56 22.88 25.61 345

1745539155
15.56 22.88 25.61 195

1745539156
12.74 22.13 25.43 98

1745539157
12.74 22.13 25.43 249

1745539158
10.43 21.41 25.26 3033

1745539159
10.43 21.41 25.26 24392

1745539160
13.61 21.62 25.28 745276

1745539161
13.61 21.62 25.28 799059

1745539162
25.46 23.5 25.64 798016

1745539163
25.46 23.5 25.64 753149

1745539164
33.16 24.96 25.93 559604

1745539166
30.23 24.7 25.87 244838

1745539167
30.23 24.7 25.87 1948

1745539168
24.76 23.89 25.69 1053

1745539169
24.76 23.89 25.69 239

1745539170
20.27 23.11 25.52 178

1745539171
20.27 23.11 25.52 189

1745539172
16.6 22.35 25.34 176

1745539173
16.6 22.35 25.34 96

1745539174
13.59 21.62 25.17 221

1745539175
13.59 21.62 25.17 107

1745539176
11.13 20.91 25.0 79

1745539177
11.13 20.91 25.0 57

1745539178
9.11 20.23 24.83 276

1745539179
9.11 20.23 24.83 502913

1745539180
17.78 21.43 25.05 811789

1745539181
17.78 21.43 25.05 801484

1745539182
29.05 23.35 25.42 786862

1745539183
29.05 23.35 25.42 701711

1745539184
34.66 24.54 25.66 389936

1745539186
29.83 24.0 25.54 121577

1745539187
29.83 24.0 25.54 2447

1745539188
24.42 23.22 25.36 1748

1745539189
24.42 23.22 25.36 1251

1745539190
20.0 22.46 25.19 643

1745539191
20.0 22.46 25.19 319

1745539192
16.37 21.72 25.02 170

1745539193
16.37 21.72 25.02 351

1745539194
13.41 21.01 24.85 204

1745539195
13.41 21.01 24.85 74

1745539196
10.98 20.32 24.68 74

1745539197
10.98 20.32 24.68 45

1745539198
8.99 19.66 24.51 197

1745539199
8.99 19.66 24.51 315413

1745539200
15.15 20.42 24.63 746098

1745539201
15.15 20.42 24.63 760298

1745539202
26.17 22.24 24.99 789544

1745539203
26.17 22.24 24.99 687087

1745539204
32.3 23.48 25.23 417861

1745539205
32.3 23.48 25.23 128458

1745539206
28.08 23.0 25.11 3207

1745539207
28.08 23.0 25.11 1430

1745539208
22.99 22.25 24.94 789

1745539209
22.99 22.25 24.94 459

1745539210
18.82 21.52 24.77 139

1745539211
18.82 21.52 24.77 157

1745539212
15.41 20.82 24.6 394

1745539213
15.41 20.82 24.6 89

1745539214
12.62 20.13 24.43 201

1745539215
12.62 20.13 24.43 129

1745539216
10.33 19.48 24.27 56

1745539217
10.33 19.48 24.27 123

1745539218
8.46 18.84 24.1 96913

1745539219
8.46 18.84 24.1 740211

1745539220
20.33 20.64 24.44 756321

1745539221
20.33 20.64 24.44 775556

1745539222
30.6 22.49 24.8 776816

1745539223
30.6 22.49 24.8 672466

1745539224
34.84 23.52 25.0 291579

1745539225
34.84 23.52 25.0 46956

1745539226
29.25 22.88 24.86 1312

1745539227
29.25 22.88 24.86 472

1745539228
23.95 22.13 24.69 823

1745539229
23.95 22.13 24.69 615

1745539230
19.61 21.41 24.52 296

1745539231
19.61 21.41 24.52 130

1745539232
16.06 20.7 24.35 2616

1745539233
16.06 20.7 24.35 22685

1745539234
15.14 20.39 24.26 362671

1745539235
15.14 20.39 24.26 786268

1745539236
26.71 22.3 24.63 809600

1745539237
26.71 22.3 24.63 827276

1745539238
36.54 24.22 25.02 790976

1745539239
36.54 24.22 25.02 592719

1745539241
36.62 24.64 25.1 28303

1745539242
29.99 23.84 24.93 1018

1745539243
29.99 23.84 24.93 510

1745539244
24.55 23.06 24.76 279

1745539245
24.55 23.06 24.76 92

1745539246
20.11 22.3 24.59 89

1745539247
20.11 22.3 24.59 147

1745539248
16.46 21.57 24.42 45

1745539249
16.46 21.57 24.42 100

1745539250
13.48 20.86 24.25 244

1745539251
13.48 20.86 24.25 46

1745539252
11.04 20.18 24.09 619

1745539253
11.04 20.18 24.09 25136

1745539254
13.56 20.34 24.09 648872

1745539255
13.56 20.34 24.09 820988

1745539256
25.78 22.32 24.48 815204

1745539257
25.78 22.32 24.48 801838

1745539258
35.42 24.18 24.85 748672

1745539260
33.17 24.14 24.84 348278

1745539261
33.17 24.14 24.84 1739

1745539262
27.16 23.35 24.67 1803

1745539263
27.16 23.35 24.67 1364

1745539264
22.24 22.58 24.5 599

1745539265
22.24 22.58 24.5 1355

1745539266
18.21 21.85 24.33 1167

1745539267
18.21 21.85 24.33 628

1745539268
14.91 21.13 24.17 221

1745539269
14.91 21.13 24.17 398

1745539270
12.21 20.44 24.0 482

1745539271
12.21 20.44 24.0 149

1745539272
9.99 19.77 23.84 7983

1745539273
9.99 19.77 23.84 369431

1745539274
17.24 20.76 24.02 763315

1745539275
17.24 20.76 24.02 769556

1745539276
28.07 22.6 24.38 783498

1745539277
28.07 22.6 24.38 811697

1745539278
36.75 24.35 24.73 683987

1745539279
36.75 24.35 24.73 651044

1745539280
40.96 25.51 24.97 523344

1745539281
40.96 25.51 24.97 158760

1745539282
35.71 25.07 24.89 586

1745539283
35.71 25.07 24.89 61

1745539284
29.24 24.25 24.71 100

1745539285
29.24 24.25 24.71 290

1745539286
23.94 23.45 24.55 117

1745539287
23.94 23.45 24.55 79

1745539288
19.61 22.69 24.38 358

1745539289
19.61 22.69 24.38 406

1745539290
16.05 21.94 24.21 231

1745539291
16.05 21.94 24.21 294

1745539292
13.14 21.23 24.04 252

1745539293
13.14 21.23 24.04 494214

1745539294
20.72 22.33 24.26 744290

1745539295
20.72 22.33 24.26 797438

1745539296
31.1 24.15 24.62 795180

1745539297
31.1 24.15 24.62 815569

1745539298
39.41 25.88 24.98 708649

1745539299
39.41 25.88 24.98 603038

1745539300
42.24 26.83 25.19 475207

1745539302
39.11 26.77 25.19 448254

1745539303
39.11 26.77 25.19 38267

1745539304
32.39 25.96 25.03 497

1745539305
32.39 25.96 25.03 483

1745539306
26.52 25.11 24.86 301

1745539307
26.52 25.11 24.86 209

1745539308
21.72 24.29 24.69 101

1745539309
21.72 24.29 24.69 89

1745539310
17.78 23.5 24.52 156

1745539311
17.78 23.5 24.52 102

1745539312
14.56 22.73 24.35 1177

1745539313
14.56 22.73 24.35 21989

1745539314
12.28 22.05 24.2 22879

1745539315
12.28 22.05 24.2 26263

1745539316
10.42 21.39 24.04 24613

1745539317
10.42 21.39 24.04 23711

1745539318
8.89 20.76 23.89 25569

1745539319
8.89 20.76 23.89 23455

1745539320
7.64 20.14 23.74 22216

1745539321
7.64 20.14 23.74 25118

1745539322
6.62 19.55 23.59 22137

1745539323
6.62 19.55 23.59 21647

1745539324
5.78 18.97 23.45 21692

1745539325
5.78 18.97 23.45 21484

1745539326
5.1 18.42 23.3 21368

1745539327
5.1 18.42 23.3 28251

1745539328
4.53 17.88 23.15 29045

1745539329
4.53 17.88 23.15 24323

1745539330
4.07 17.36 23.01 24904

1745539331
4.07 17.36 23.01 23369

1745539332
3.7 16.86 22.86 28338

1745539333
3.7 16.86 22.86 24101

1745539334
3.57 16.41 22.73 188771

1745539335
3.57 16.41 22.73 837966

1745539336
17.78 18.55 23.13 814132

1745539337
17.78 18.55 23.13 825383

1745539338
29.05 20.56 23.52 781034

1745539339
29.05 20.56 23.52 629952

1745539340
34.47 21.82 23.77 549628

1745539341
34.47 21.82 23.77 494688

1745539342
36.56 22.61 23.92 432362

1745539343
36.56 22.61 23.92 337949

1745539344
34.65 22.72 23.93 194123

1745539345
34.65 22.72 23.93 95248

1745539346
29.27 22.14 23.8 14338

1745539347
29.27 22.14 23.8 5948

1745539348
23.97 21.42 23.64 656

1745539349
23.97 21.42 23.64 348

1745539350
19.63 20.72 23.48 263

1745539351
19.63 20.72 23.48 185

1745539352
16.07 20.04 23.32 329

1745539353
16.07 20.04 23.32 22924

1745539354
14.43 19.61 23.2 126024

1745539355
14.43 19.61 23.2 774706

1745539356
26.12 21.55 23.59 817011

1745539357
26.12 21.55 23.59 798832

1745539358
35.7 23.43 23.97 802392

1745539359
35.7 23.43 23.97 718550

1745539360
42.1 24.99 24.29 709557

1745539361
42.1 24.99 24.29 637052

1745539363
45.16 26.1 24.52 1023562

1745539364
45.49 26.79 24.68 458839

1745539365
45.49 26.79 24.68 417837

1745539366
44.49 27.22 24.78 378997

1745539367
44.49 27.22 24.78 316970

1745539369
40.6 27.08 24.77 138546

1745539370
33.24 26.19 24.6 4136

1745539371
33.24 26.19 24.6 2086

1745539372
27.22 25.34 24.43 940

1745539373
27.22 25.34 24.43 478

1745539374
22.29 24.51 24.27 456

1745539375
22.29 24.51 24.27 366

1745539376
18.61 23.77 24.11 44169

1745539377
18.61 23.77 24.11 318

1745539378
15.24 22.99 23.95 474

1745539379
15.24 22.99 23.95 748

1745539380
12.48 22.24 23.78 509

1745539381
12.48 22.24 23.78 320

1745539382
10.22 21.51 23.62 157

1745539383
10.22 21.51 23.62 36651

1745539384
9.27 20.97 23.49 82793

1745539385
9.27 20.97 23.49 84622

1745539386
9.04 20.55 23.39 85682

1745539387
9.04 20.55 23.39 438253

1745539388
17.91 21.77 23.62 734471

1745539389
17.91 21.77 23.62 648563

1745539391
25.17 22.96 23.86 873550

1745539392
26.41 23.25 23.92 256084

1745539393
26.41 23.25 23.92 94875

1745539394
22.71 22.69 23.79 1330

1745539395
22.71 22.69 23.79 340

1745539396
18.59 21.95 23.63 161

1745539397
18.59 21.95 23.63 94

1745539398
15.41 21.26 23.47 37436

1745539399
15.41 21.26 23.47 564043

1745539400
24.03 22.63 23.75 796612

1745539401
24.03 22.63 23.75 813248

1745539402
34.17 24.5 24.13 800924

1745539403
34.17 24.5 24.13 683238

1745539404
37.21 25.37 24.31 250471

1745539405
37.21 25.37 24.31 1336

1745539406
30.47 24.54 24.15 183

1745539407
30.47 24.54 24.15 103

1745539408
24.95 23.74 23.98 210

1745539409
24.95 23.74 23.98 200

1745539410
20.43 22.96 23.82 93

1745539411
20.43 22.96 23.82 118

1745539412
16.73 22.21 23.66 261

1745539413
16.73 22.21 23.66 11416

1745539414
17.86 22.23 23.65 547773

1745539415
17.86 22.23 23.65 771563

1745539416
28.76 24.06 24.02 804443

1745539417
28.76 24.06 24.02 813168

1745539419
36.59 25.63 24.35 952336

1745539420
35.76 25.83 24.4 243840

1745539421
35.76 25.83 24.4 39574

1745539422
29.64 25.05 24.25 1916

1745539423
29.64 25.05 24.25 673

1745539424
24.27 24.23 24.08 152

1745539425
24.27 24.23 24.08 665

1745539426
19.87 23.44 23.92 320

1745539427
19.87 23.44 23.92 447

1745539428
18.81 23.13 23.85 316851

1745539429
18.81 23.13 23.85 313160

1745539430
21.02 23.39 23.9 322389

1745539431
21.02 23.39 23.9 323033

1745539432
23.0 23.67 23.96 332839

1745539433
23.0 23.67 23.96 187759

1745539434
20.47 23.19 23.85 3267

1745539435
20.47 23.19 23.85 315

1745539436
16.76 22.43 23.69 597

1745539437
16.76 22.43 23.69 381

1745539438
14.63 21.86 23.56 114196

1745539439
14.63 21.86 23.56 107622

1745539440
13.61 21.44 23.46 84122

1745539441
13.61 21.44 23.46 63678

1745539442
12.05 20.9 23.34 50157

1745539443
12.05 20.9 23.34 47647

1745539444
10.59 20.35 23.2 40799

1745539445
10.59 20.35 23.2 47082

1745539446
9.39 19.81 23.07 54451

1745539448
8.23 19.26 22.93 58756

1745539449
8.23 19.26 22.93 21997

1745539450
7.1 18.7 22.79 23730

1745539451
7.1 18.7 22.79 22684

1745539452
6.18 18.15 22.65 31197

1745539453
6.18 18.15 22.65 26827

1745539454
5.42 17.62 22.51 31172

1745539455
5.42 17.62 22.51 163830

1745539457
6.97 17.5 22.45 168240

1745539458
6.07 17.0 22.31 27373

1745539459
6.07 17.0 22.31 26090

1745539460
5.33 16.5 22.17 24557

1745539461
5.33 16.5 22.17 22454

1745539462
4.73 16.03 22.03 22991

1745539463
4.73 16.03 22.03 23501

1745539464
4.23 15.57 21.89 23259

1745539465
4.23 15.57 21.89 19721

1745539466
3.83 15.13 21.76 25211

1745539467
3.83 15.13 21.76 31924

1745539468
3.49 14.7 21.62 26225

1745539469
3.49 14.7 21.62 23965

1745539470
3.22 14.28 21.49 26236

1745539471
3.22 14.28 21.49 40724

1745539472
3.18 13.91 21.36 31923

1745539473
3.18 13.91 21.36 37171

1745539474
3.33 13.59 21.24 46685

1745539475
3.33 13.59 21.24 29908

1745539476
3.27 13.24 21.12 36539

1745539477
3.27 13.24 21.12 38609

1745539478
3.4 12.94 21.0 51778

1745539479
3.4 12.94 21.0 46942

1745539480
3.69 12.68 20.89 52092

1745539481
3.69 12.68 20.89 46322

1745539482
3.93 12.42 20.78 55144

1745539484
3.21 12.02 20.64 2225

1745539485
3.21 12.02 20.64 2362

1745539486
2.63 11.62 20.5 3151

1745539487
2.63 11.62 20.5 1573

1745539488
2.33 11.28 20.36 31496

1745539489
2.33 11.28 20.36 18413

1745539490
2.27 10.97 20.24 29867

1745539491
2.27 10.97 20.24 28257

1745539492
2.22 10.68 20.11 21167

1745539493
2.22 10.68 20.11 26600

1745539494
2.18 10.39 19.99 26742

1745539495
2.18 10.39 19.99 25511

1745539496
2.15 10.12 19.87 22905

1745539497
2.15 10.12 19.87 20405

1745539498
2.12 9.85 19.74 27101

1745539499
2.12 9.85 19.74 38606

1745539500
2.28 9.63 19.63 32551

1745539501
2.28 9.63 19.63 248097

1745539502
4.4 9.77 19.59 49842

1745539503
4.4 9.77 19.59 28214

1745539504
3.96 9.52 19.47 31002

1745539506
3.79 9.3 19.36 68429

1745539507
3.79 9.3 19.36 29841

1745539508
3.46 9.06 19.24 28292

1745539509
3.46 9.06 19.24 26206

1745539510
3.2 8.83 19.12 25196

1745539511
3.2 8.83 19.12 25770

1745539512
2.98 8.61 19.0 24475

1745539513
2.98 8.61 19.0 28248

1745539514
2.8 8.39 18.88 25655

1745539515
2.8 8.39 18.88 23632

1745539516
2.65 8.18 18.77 24370

1745539517
2.65 8.18 18.77 21381

1745539518
2.54 7.98 18.65 20741

1745539519
2.54 7.98 18.65 24459

1745539520
2.44 7.78 18.54 26255

1745539521
2.44 7.78 18.54 25984

1745539522
2.36 7.59 18.43 24598

1745539523
2.36 7.59 18.43 25951

1745539524
2.29 7.41 18.31 24234

1745539526
2.24 7.23 18.2 48542

1745539527
2.24 7.23 18.2 23578

1745539528
2.19 7.06 18.09 25067

1745539529
2.19 7.06 18.09 27659

1745539530
2.16 6.9 17.98 25833

1745539531
2.16 6.9 17.98 21587

1745539532
2.13 6.74 17.87 22052

1745539533
2.13 6.74 17.87 23136

1745539534
2.1 6.58 17.76 24780

1745539535
2.1 6.58 17.76 26541

1745539536
2.08 6.43 17.65 20396

1745539537
2.08 6.43 17.65 184753

1745539538
3.52 6.55 17.6 26206

1745539539
3.52 6.55 17.6 252

1745539540
2.88 6.33 17.48 384

1745539541
2.88 6.33 17.48 748

1745539542
2.36 6.12 17.36 261

1745539543
2.36 6.12 17.36 2098

1745539544
7.18 6.87 17.44 639149

1745539545
7.18 6.87 17.44 783451

1745539546
19.65 9.14 17.84 791447

1745539548
28.04 11.0 18.17 1267321

1745539550
23.32 10.7 18.06 38268

1745539551
23.32 10.7 18.06 427

1745539552
19.1 10.35 17.94 713

1745539553
19.1 10.35 17.94 180214

1745539554
23.61 11.45 18.12 751567

1745539555
23.61 11.45 18.12 772526

1745539556
33.46 13.63 18.52 790894

1745539557
33.46 13.63 18.52 748792

1745539558
40.26 15.51 18.88 674191

1745539559
40.26 15.51 18.88 389506

1745539560
36.77 15.68 18.9 7068

1745539561
36.77 15.68 18.9 137

1745539562
30.11 15.17 18.77 339

1745539563
30.11 15.17 18.77 19076

1745539564
29.0 15.46 18.81 485565

1745539565
29.0 15.46 18.81 780147

1745539566
37.88 17.51 19.21 791110

1745539568
43.33 19.16 19.54 1339481

1745539569
43.33 19.16 19.54 70716

1745539570
36.21 18.66 19.44 482

1745539571
36.21 18.66 19.44 860

1745539572
29.65 18.05 19.3 533

1745539573
29.65 18.05 19.3 246129

1745539574
32.97 19.03 19.5 768190

1745539576
35.15 19.88 19.67 856402

1745539577
35.15 19.88 19.67 116743

1745539578
30.05 19.46 19.59 34780

1745539580
25.15 18.92 19.47 64183

1745539581
25.15 18.92 19.47 34492

1745539582
20.95 18.37 19.35 25385

1745539584
17.52 17.83 19.23 53241

1745539585
17.52 17.83 19.23 25356

1745539586
14.71 17.31 19.12 27695

1745539587
14.71 17.31 19.12 24174

1745539588
12.4 16.81 19.0 22769

1745539589
12.4 16.81 19.0 28500

1745539590
10.52 16.33 18.88 30413

1745539591
10.52 16.33 18.88 24655

1745539592
8.97 15.86 18.77 22731

1745539593
8.97 15.86 18.77 26629

1745539594
7.71 15.4 18.65 29486

1745539595
7.71 15.4 18.65 25416

1745539596
6.67 14.96 18.54 29553

1745539598
5.83 14.54 18.42 57785

1745539599
5.83 14.54 18.42 10353

1745539600
4.77 14.06 18.3 351

1745539601
4.77 14.06 18.3 901

1745539602
3.9 13.6 18.17 14155

1745539603
3.9 13.6 18.17 33103

1745539604
3.56 13.22 18.06 19666

1745539605
3.56 13.22 18.06 20745

1745539606
3.09 12.82 17.95 17795

1745539607
3.09 12.82 17.95 22386

1745539608
2.89 12.47 17.84 17568

1745539609
2.89 12.47 17.84 21079

1745539610
2.55 12.09 17.72 18407

1745539611
2.55 12.09 17.72 19891

1745539612
2.27 11.73 17.61 18620

1745539613
2.27 11.73 17.61 22938

1745539614
2.22 11.41 17.5 25409

1745539615
2.22 11.41 17.5 21772

1745539616
2.18 11.1 17.39 23665

1745539617
2.18 11.1 17.39 21403

1745539618
1.96 10.77 17.28 18425

1745539619
1.96 10.77 17.28 21970

1745539620
1.97 10.48 17.18 23012

1745539621
1.97 10.48 17.18 21524

1745539622
1.97 10.21 17.07 22299

1745539623
1.97 10.21 17.07 20876

1745539624
1.98 9.94 16.97 22450

1745539625
1.98 9.94 16.97 18686

1745539626
1.8 9.64 16.86 20860

1745539627
1.8 9.64 16.86 23017

1745539629
1.65 9.36 16.75 3998

1745539630
1.35 9.05 16.64 702

1745539631
1.35 9.05 16.64 173

1745539632
1.11 8.76 16.52 682

1745539633
1.11 8.76 16.52 406719

1745539634
9.42 10.01 16.73 541963

1745539635
9.42 10.01 16.73 439351

1745539636
13.69 10.76 16.84 236695

1745539637
13.69 10.76 16.84 85021

1745539638
12.3 10.61 16.77 48246

1745539639
12.3 10.61 16.77 22524

1745539640
10.43 10.32 16.67 24210

1745539641
10.43 10.32 16.67 31589

1745539642
8.9 10.05 16.57 23741

1745539643
8.9 10.05 16.57 17473

1745539644
7.47 9.75 16.46 21421

1745539645
7.47 9.75 16.46 26191

1745539647
6.48 9.5 16.36 40589

1745539648
5.67 9.25 16.26 22366

1745539649
5.67 9.25 16.26 26110

1745539650
5.0 9.02 16.16 23270

1745539651
5.0 9.02 16.16 24377

1745539652
4.46 8.79 16.07 27205

1745539654
3.65 8.5 15.96 2528

1745539655
3.65 8.5 15.96 502

1745539656
2.99 8.22 15.85 532

1745539657
2.99 8.22 15.85 377

1745539658
2.44 7.95 15.74 6409

1745539659
2.44 7.95 15.74 17757

1745539660
2.18 7.72 15.64 19163

1745539661
2.18 7.72 15.64 24678

1745539662
2.15 7.54 15.54 23547

1745539663
2.15 7.54 15.54 22615

1745539664
2.12 7.35 15.45 19645

1745539665
2.12 7.35 15.45 29022

1745539666
2.1 7.18 15.36 23907

1745539667
2.1 7.18 15.36 20799

1745539668
2.08 7.01 15.27 26817

1745539669
2.08 7.01 15.27 21963

1745539670
2.06 6.84 15.18 20425

1745539671
2.06 6.84 15.18 24710

1745539672
2.05 6.69 15.09 22211

1745539673
2.05 6.69 15.09 23798

1745539674
2.04 6.53 15.0 21653

1745539675
2.04 6.53 15.0 25039

1745539676
2.03 6.38 14.91 23308

1745539677
2.03 6.38 14.91 21614

1745539678
2.02 6.24 14.82 21423

1745539679
2.02 6.24 14.82 27916

1745539681
2.2 6.13 14.74 79142

1745539683
2.53 6.06 14.66 97068

1745539685
2.97 6.03 14.6 195963

1745539686
4.25 6.16 14.57 43015

1745539687
4.25 6.16 14.57 26945

1745539688
4.02 6.05 14.49 45177

1745539689
4.02 6.05 14.49 75968

1745539690
4.2 6.02 14.42 38351

1745539691
4.2 6.02 14.42 36921

1745539692
3.98 5.92 14.34 38807

1745539693
3.98 5.92 14.34 39683

1745539694
3.8 5.82 14.27 36588

1745539695
3.8 5.82 14.27 37278

1745539696
3.65 5.73 14.19 38226

1745539697
3.65 5.73 14.19 39331

1745539698
3.53 5.64 14.11 36960

1745539699
3.53 5.64 14.11 34733

1745539700
3.44 5.55 14.04 30579

1745539701
3.44 5.55 14.04 36804

1745539702
3.36 5.47 13.96 31133

1745539703
3.36 5.47 13.96 23705

1745539704
3.11 5.36 13.88 26450

1745539705
3.11 5.36 13.88 26388

1745539706
2.91 5.25 13.8 22653

1745539707
2.91 5.25 13.8 33898

1745539708
2.74 5.14 13.72 25548

1745539709
2.74 5.14 13.72 18943

1745539710
3.33 5.17 13.66 118779

1745539711
3.33 5.17 13.66 149782

1745539712
4.36 5.29 13.63 34430

1745539713
4.36 5.29 13.63 34040

1745539714
4.11 5.22 13.56 30686

1745539715
4.11 5.22 13.56 23076

1745539716
4.11 5.22 13.56 23884

1745539717
3.73 5.11 13.48 22143

1745539718
3.73 5.11 13.48 19298

1745539719
3.41 5.01 13.4 24101

1745539720
3.41 5.01 13.4 21354

1745539721
3.16 4.91 13.32 97340

1745539722
3.16 4.91 13.32 352282

1745539723
6.75 5.5 13.39 168648

1745539724
6.75 5.5 13.39 762

1745539725
6.79 5.55 13.34 281

1745539726
6.79 5.55 13.34 1172

1745539727
5.56 5.37 13.25 2469

1745539728
5.56 5.37 13.25 48864

1745539729
4.92 5.26 13.18 50855

1745539730
4.92 5.26 13.18 75400

1745539731
5.11 5.28 13.13 74617

1745539732
5.11 5.28 13.13 62641

1745539733
5.27 5.31 13.08 46941

1745539734
5.22 5.3 13.02 56281

1745539736
6.27 5.48 13.01 218097

1745539738
6.27 5.48 13.01 169007

1745539739
6.58 5.57 12.97 65897

1745539741
6.47 5.58 12.93 126915

1745539742
6.47 5.58 12.93 54097

1745539743
6.21 5.56 12.87 81577

1745539745
6.17 5.58 12.82 87748

1745539746
6.17 5.58 12.82 38163

1745539748
5.59 5.49 12.76 73528

1745539749
5.12 5.41 12.69 37720

1745539750
5.12 5.41 12.69 39007

1745539751
4.74 5.33 12.62 37806

1745539752
4.74 5.33 12.62 36642

1745539753
4.42 5.25 12.56 37184

1745539754
4.16 5.18 12.49 38796

1745539756
4.16 5.18 12.49 75151

1745539758
3.95 5.11 12.43 73773

1745539759
3.78 5.04 12.36 38754

1745539761
3.64 4.97 12.3 73019

1745539762
3.64 4.97 12.3 38088

1745539763
3.52 4.91 12.23 4965

1745539764
3.52 4.91 12.23 240

1745539765
2.88 4.74 12.15 478

1745539766
2.88 4.74 12.15 1048

1745539767
2.36 4.59 12.07 291

1745539768
2.36 4.59 12.07 8318

1745539769
1.93 4.44 11.98 39444

1745539771
2.12 4.39 11.92 69483

1745539772
2.12 4.39 11.92 38688

1745539774
2.41 4.3 11.8 77525

1745539776
2.41 4.3 11.8 71276

1745539778
2.52 4.26 11.74 74465

1745539780
2.6 4.22 11.68 74427

1745539781
2.67 4.18 11.62 39227

1745539782
2.67 4.18 11.62 25491

1745539783
2.73 4.14 11.56 20429

1745539784
2.73 4.14 11.56 24828

1745539786
2.6 4.07 11.49 47009

1745539787
2.49 4.0 11.43 23107

1745539788
2.49 4.0 11.43 23217

1745539789
2.4 3.93 11.36 25219

1745539790
2.4 3.93 11.36 22991

1745539791
2.33 3.87 11.3 23629

1745539792
2.33 3.87 11.3 26438

1745539793
2.27 3.81 11.24 24223

1745539794
2.27 3.81 11.24 22041

1745539795
2.22 3.75 11.17 23242

1745539797
2.18 3.69 11.11 43701

1745539798
2.18 3.69 11.11 22733

1745539799
2.14 3.64 11.05 8883

1745539800
2.14 3.64 11.05 6392

1745539801
1.75 3.52 10.97 10377

1745539802
1.75 3.52 10.97 4558

1745539803
1.43 3.4 10.9 5028

1745539804
1.43 3.4 10.9 5306

1745539805
1.17 3.29 10.82 5571

1745539806
1.17 3.29 10.82 6102

1745539807
0.96 3.18 10.75 4606

1745539808
0.96 3.18 10.75 5120

1745539809
0.79 3.08 10.67 7071

1745539810
0.79 3.08 10.67 4524

1745539811
0.64 2.98 10.6 5070

1745539812
0.64 2.98 10.6 11028

1745539813
0.52 2.88 10.53 5993

1745539814
0.52 2.88 10.53 7687

1745539815
0.43 2.78 10.46 6568

1745539816
0.43 2.78 10.46 5352

1745539817
0.35 2.69 10.38 5913

1745539818
0.35 2.69 10.38 7941

1745539819
0.29 2.6 10.31 9604

1745539820
0.29 2.6 10.31 10900

1745539821
0.41 2.55 10.25 4869

1745539822
0.41 2.55 10.25 7139

1745539823
0.34 2.47 10.18 7349

1745539824
0.34 2.47 10.18 9540

1745539825
0.28 2.39 10.11 4890

1745539826
0.28 2.39 10.11 11568

1745539827
0.22 2.31 10.04 8867

1745539828
0.22 2.31 10.04 6157

1745539829
0.18 2.23 9.97 6981

1745539830
0.18 2.23 9.97 13866

1745539831
0.33 2.19 9.91 10031

1745539832
0.33 2.19 9.91 10077

1745539833
0.45 2.15 9.85 10895

1745539834
0.45 2.15 9.85 6172

1745539835
0.37 2.08 9.78 9398

1745539836
0.37 2.08 9.78 13881

1745539837
0.48 2.04 9.72 9043

1745539838
0.48 2.04 9.72 6075

1745539839
0.39 1.98 9.65 8694

1745539840
0.39 1.98 9.65 4761

1745539841
0.32 1.91 9.59 4719

1745539842
0.32 1.91 9.59 7232

1745539843
0.26 1.85 9.52 11278

1745539844
0.26 1.85 9.52 4638

1745539845
0.21 1.79 9.46 7728

1745539846
0.21 1.79 9.46 9131

1745539847
0.17 1.73 9.39 5657

1745539848
0.17 1.73 9.39 6708

1745539849
0.14 1.67 9.33 6196

1745539850
0.14 1.67 9.33 7051

1745539851
0.11 1.62 9.26 10688

1745539852
0.11 1.62 9.26 9075

1745539853
0.09 1.56 9.2 7448

1745539854
0.09 1.56 9.2 12664

1745539855
0.07 1.51 9.14 8307

1745539856
0.07 1.51 9.14 9582

1745539857
0.06 1.46 9.07 3623

1745539858
0.06 1.46 9.07 3275

1745539859
0.05 1.41 9.01 2959

1745539860
0.05 1.41 9.01 2179

1745539861
0.04 1.37 8.95 3351

1745539862
0.04 1.37 8.95 4589

1745539863
0.03 1.32 8.89 5730

1745539864
0.03 1.32 8.89 7263

1745539865
0.02 1.28 8.83 4973

1745539866
0.02 1.28 8.83 3265

1745539867
0.02 1.24 8.77 7589

1745539868
0.02 1.24 8.77 11700

1745539870
0.01 1.2 8.71 10729

1745539871
0.01 1.16 8.65 9396

1745539872
0.01 1.16 8.65 8926

1745539873
0.01 1.12 8.59 4418

1745539874
0.01 1.12 8.59 6374

1745539875
0.0 1.08 8.53 3745

1745539876
0.0 1.08 8.53 2328

1745539877
0.0 1.04 8.47 6676

1745539878
0.0 1.04 8.47 10065

1745539879
0.0 1.01 8.41 3632

1745539880
0.0 1.01 8.41 4661

1745539881
0.0 0.98 8.35 6518

1745539882
0.0 0.98 8.35 8111

1745539883
0.0 0.94 8.3 8224

1745539884
0.0 0.94 8.3 11009

1745539885
0.0 0.91 8.24 4762

1745539886
0.0 0.91 8.24 8991

1745539887
0.0 0.88 8.18 8324

1745539888
0.0 0.88 8.18 6730

1745539889
0.0 0.85 8.13 11000

1745539890
0.0 0.85 8.13 10268

1745539891
0.18 0.86 8.08 7779

1745539892
0.18 0.86 8.08 3458

1745539893
0.14 0.83 8.02 714

1745539894
0.14 0.83 8.02 179

1745539895
0.12 0.8 7.97 556

1745539896
0.12 0.8 7.97 401

1745539897
0.09 0.78 7.91 1239

1745539898
0.09 0.78 7.91 287

1745539899
0.08 0.75 7.86 179

1745539900
0.08 0.75 7.86 4073

1745539901
0.06 0.72 7.8 2920

1745539902
0.06 0.72 7.8 7648

1745539903
0.05 0.7 7.75 13930

1745539904
0.05 0.7 7.75 6428

1745539905
0.04 0.68 7.7 6583

1745539906
0.04 0.68 7.7 9149

1745539907
0.03 0.66 7.64 7374

1745539908
0.03 0.66 7.64 7492

1745539909
0.02 0.63 7.59 7818

1745539910
0.02 0.63 7.59 7790

1745539911
0.02 0.61 7.54 11127

1745539912
0.02 0.61 7.54 4616

1745539913
0.01 0.59 7.49 5620

1745539914
0.01 0.59 7.49 8377

1745539915
0.01 0.57 7.43 6579

1745539916
0.01 0.57 7.43 3877

1745539917
0.01 0.55 7.38 3823

1745539918
0.01 0.55 7.38 7414

1745539919
0.0 0.53 7.33 7623

1745539921
0.0 0.52 7.28 8317

1745539922
0.0 0.52 7.28 5557

1745539923
0.0 0.5 7.23 5161

1745539924
0.0 0.5 7.23 9791

1745539925
0.0 0.48 7.18 3725

1745539927
0.0 0.47 7.13 11129

1745539928
0.0 0.47 7.13 4166

1745539929
0.0 0.45 7.08 3568

1745539930
0.0 0.45 7.08 7094

1745539931
0.0 0.44 7.04 7455

1745539932
0.0 0.44 7.04 7514

1745539933
0.0 0.42 6.99 5632

1745539934
0.0 0.42 6.99 6199

1745539935
0.0 0.41 6.94 4937

1745539936
0.0 0.41 6.94 8050

1745539937
0.0 0.39 6.89 9321

1745539938
0.0 0.39 6.89 9640

1745539939
0.0 0.38 6.84 8415

1745539940
0.0 0.38 6.84 6927

1745539941
0.0 0.37 6.8 11912

1745539942
0.0 0.37 6.8 10540

1745539943
0.18 0.39 6.76 7087

1745539944
0.18 0.39 6.76 7182

1745539945
0.14 0.38 6.71 7336

1745539946
0.14 0.38 6.71 7804

1745539947
0.12 0.36 6.66 5071

1745539948
0.12 0.36 6.66 5726

1745539949
0.09 0.35 6.62 5483

1745539950
0.09 0.35 6.62 3959

1745539951
0.08 0.34 6.57 4696

1745539952
0.08 0.34 6.57 7186

1745539953
0.06 0.33 6.53 12218

1745539954
0.06 0.33 6.53 18693

1745539955
0.23 0.35 6.49 10248

1745539956
0.23 0.35 6.49 7523

1745539957
0.19 0.34 6.45 9751

1745539958
0.19 0.34 6.45 8122

1745539959
0.15 0.33 6.4 7002

1745539960
0.15 0.33 6.4 7375

1745539961
0.12 0.31 6.36 7589

1745539962
0.12 0.31 6.36 8057

1745539963
0.1 0.3 6.31 4478

1745539964
0.1 0.3 6.31 4062

1745539965
0.08 0.29 6.27 9022

1745539966
0.08 0.29 6.27 12849

1745539967
0.25 0.32 6.23 8393

1745539968
0.25 0.32 6.23 6014

1745539969
0.2 0.31 6.19 6589

1745539970
0.2 0.31 6.19 6498

1745539971
0.16 0.3 6.15 10435

1745539972
0.16 0.3 6.15 5747

1745539973
0.13 0.29 6.11 5373

1745539974
0.13 0.29 6.11 5852

1745539975
0.11 0.28 6.06 7542

1745539976
0.11 0.28 6.06 7018

1745539977
0.09 0.27 6.02 7813

1745539978
0.09 0.27 6.02 10956

1745539979
0.07 0.26 5.98 5877

1745539980
0.07 0.26 5.98 8426

1745539981
0.06 0.25 5.94 5731

1745539982
0.06 0.25 5.94 4723

1745539983
0.04 0.24 5.9 4040

1745539984
0.04 0.24 5.9 7469

1745539985
0.04 0.23 5.86 7912

1745539986
0.04 0.23 5.86 6749

1745539987
0.03 0.22 5.82 5324

1745539988
0.03 0.22 5.82 7482

1745539989
0.02 0.22 5.78 6663

1745539990
0.02 0.22 5.78 8705

1745539991
0.02 0.21 5.74 6654

1745539992
0.02 0.21 5.74 7102

1745539993
0.01 0.2 5.7 6596

1745539994
0.01 0.2 5.7 4734

1745539995
0.01 0.19 5.66 2804

1745539996
0.01 0.19 5.66 6479

1745539997
0.01 0.19 5.62 11235

1745539999
0.0 0.18 5.58 3571

1745540000
0.0 0.18 5.58 131

1745540001
0.0 0.18 5.54 294

1745540002
0.0 0.18 5.54 693

1745540003
0.0 0.17 5.5 156

1745540004
0.0 0.17 5.5 746

1745540005
0.0 0.16 5.47 2507

1745540006
0.0 0.16 5.47 1643

1745540007
0.0 0.16 5.43 3100

1745540008
0.0 0.16 5.43 9409

1745540009
0.0 0.15 5.39 12413

1745540010
0.0 0.15 5.39 5501

1745540011
0.0 0.15 5.35 3582

1745540012
0.0 0.15 5.35 7442

1745540013
0.0 0.14 5.32 7728

1745540014
0.0 0.14 5.32 7244

1745540015
0.0 0.14 5.28 6046

1745540016
0.0 0.14 5.28 7417

1745540017
0.0 0.13 5.24 6585

1745540018
0.0 0.13 5.24 7450

1745540019
0.0 0.13 5.21 4730

1745540020
0.0 0.13 5.21 4656

1745540021
0.0 0.12 5.17 6289

1745540022
0.0 0.12 5.17 10220

1745540023
0.0 0.12 5.14 3889

1745540024
0.0 0.12 5.14 5958

1745540025
0.0 0.11 5.1 9760

1745540026
0.0 0.11 5.1 2574

1745540027
0.0 0.11 5.07 5787

1745540028
0.0 0.11 5.07 11676

1745540029
0.0 0.11 5.03 4829

1745540030
0.0 0.11 5.03 4979

1745540031
0.0 0.1 5.0 5483

1745540032
0.0 0.1 5.0 4435

1745540033
0.0 0.1 4.96 5684

1745540034
0.0 0.1 4.96 4210

1745540035
0.0 0.09 4.93 5734

1745540036
0.0 0.09 4.93 8411

1745540037
0.0 0.09 4.89 5279

1745540038
0.0 0.09 4.89 5339

1745540039
0.0 0.09 4.86 9279

1745540040
0.0 0.09 4.86 7810

1745540041
0.0 0.08 4.83 6618

1745540043
0.0 0.08 4.79 15517

1745540044
0.0 0.08 4.79 3918

1745540045
0.0 0.08 4.76 5167

1745540046
0.0 0.08 4.76 4023

1745540047
0.0 0.08 4.73 10386

1745540048
0.0 0.08 4.73 5963

1745540049
0.0 0.07 4.69 5405

1745540050
0.0 0.07 4.69 4506

1745540051
0.0 0.07 4.66 2689

1745540052
0.0 0.07 4.66 11282

1745540054
0.0 0.07 4.63 10429

1745540055
0.0 0.06 4.6 6513

1745540057
0.0 0.06 4.57 16365

1745540058
0.0 0.06 4.57 4156

1745540059
0.0 0.06 4.54 3980

1745540060
0.0 0.06 4.54 10556

1745540061
0.0 0.06 4.5 9752

1745540062
0.0 0.06 4.5 6668

1745540064
0.0 0.05 4.47 15744

1745540065
0.0 0.05 4.44 11682

1745540066
0.0 0.05 4.44 7108

1745540067
0.0 0.05 4.41 6888

1745540068
0.0 0.05 4.41 8679

1745540069
0.0 0.05 4.38 8626

1745540070
0.0 0.05 4.38 6755

1745540071
0.0 0.05 4.35 9863

1745540072
0.0 0.05 4.35 6101

1745540073
0.0 0.04 4.32 9525

1745540074
0.0 0.04 4.32 8139

1745540075
0.0 0.04 4.29 5241

1745540076
0.0 0.04 4.29 5238

1745540077
0.0 0.04 4.26 11446

1745540078
0.0 0.04 4.26 13624

1745540079
0.18 0.07 4.24 11432

1745540080
0.18 0.07 4.24 7297

1745540081
0.14 0.07 4.21 7491

1745540082
0.14 0.07 4.21 8751

1745540084
0.12 0.07 4.18 20343

1745540085
0.28 0.1 4.16 9508

1745540086
0.28 0.1 4.16 14506

1745540087
0.41 0.13 4.14 7723

1745540088
0.41 0.13 4.14 7322

1745540089
0.33 0.12 4.11 8034

1745540090
0.33 0.12 4.11 6257

1745540091
0.27 0.12 4.08 9367

1745540092
0.27 0.12 4.08 6001

1745540093
0.22 0.11 4.05 4929

1745540094
0.22 0.11 4.05 12453

1745540095
0.36 0.14 4.03 8812

1745540096
0.36 0.14 4.03 7371

1745540097
0.29 0.14 4.0 8323

1745540098
0.29 0.14 4.0 9436

1745540099
0.24 0.13 3.97 5840

1745540100
0.24 0.13 3.97 8935

1745540101
0.2 0.13 3.95 12344

1745540102
0.2 0.13 3.95 3807

1745540103
0.16 0.12 3.92 9542

1745540105
0.13 0.12 3.89 15313

1745540106
0.13 0.12 3.89 4813

1745540107
0.1 0.12 3.87 5094

1745540108
0.1 0.12 3.87 9982

1745540109
0.08 0.11 3.84 2232

1745540110
0.08 0.11 3.84 6927

1745540111
0.07 0.11 3.81 14828

1745540112
0.07 0.11 3.81 8695

1745540113
0.24 0.14 3.79 5197

1745540114
0.24 0.14 3.79 8165

1745540115
0.19 0.13 3.77 17434

1745540116
0.19 0.13 3.77 7279

1745540117
0.34 0.16 3.75 8419

1745540118
0.34 0.16 3.75 7569

1745540119
0.28 0.15 3.72 7193

1745540120
0.28 0.15 3.72 4905

1745540121
0.22 0.15 3.7 7222

1745540122
0.22 0.15 3.7 10344

1745540123
0.18 0.14 3.67 7369

1745540124
0.18 0.14 3.67 8800

1745540125
0.15 0.14 3.65 12652

1745540126
0.15 0.14 3.65 8868

1745540127
0.3 0.17 3.63 12419

1745540128
0.3 0.17 3.63 4162

1745540129
0.25 0.16 3.6 260

1745540130
0.25 0.16 3.6 468

1745540131
0.2 0.16 3.58 604

1745540132
0.2 0.16 3.58 279

1745540133
0.16 0.15 3.55 21823

1745540134
0.16 0.15 3.55 3011

1745540135
0.13 0.14 3.53 8680

1745540136
0.13 0.14 3.53 12406

1745540137
0.29 0.17 3.51 7733

1745540138
0.29 0.17 3.51 6990

1745540139
0.24 0.17 3.49 7068

1745540140
0.24 0.17 3.49 5802

1745540141
0.19 0.16 3.46 5823

1745540142
0.19 0.16 3.46 3572

1745540143
0.16 0.15 3.44 6058

1745540144
0.16 0.15 3.44 7505

1745540145
0.13 0.15 3.41 7066

1745540146
0.13 0.15 3.41 3903

1745540147
0.1 0.14 3.39 4161

1745540148
0.1 0.14 3.39 6735

1745540149
0.08 0.14 3.37 10892

1745540150
0.08 0.14 3.37 4593

1745540151
0.07 0.13 3.34 4100

1745540152
0.07 0.13 3.34 7123

1745540153
0.05 0.13 3.32 4933

1745540154
0.05 0.13 3.32 4299

1745540155
0.04 0.12 3.3 5234

1745540156
0.04 0.12 3.3 7951

1745540158
0.03 0.12 3.27 14047

1745540159
0.03 0.12 3.25 5202

1745540160
0.03 0.12 3.25 8392

1745540161
0.02 0.11 3.23 8333

1745540162
0.02 0.11 3.23 10055

1745540163
0.02 0.11 3.21 10072

1745540164
0.02 0.11 3.21 6299

1745540165
0.01 0.1 3.19 7997

1745540167
0.01 0.1 3.16 14466

1745540168
0.01 0.1 3.16 5563

1745540169
0.01 0.1 3.14 7062

1745540170
0.01 0.1 3.14 4077

1745540171
0.0 0.09 3.12 8279

1745540172
0.0 0.09 3.12 8427

1745540173
0.0 0.09 3.1 5375

1745540174
0.0 0.09 3.1 4886

1745540175
0.0 0.09 3.08 6920

1745540176
0.0 0.09 3.08 6984

1745540177
0.0 0.08 3.06 7354

1745540178
0.0 0.08 3.06 5136

1745540179
0.0 0.08 3.03 7199

1745540180
0.0 0.08 3.03 7084

1745540181
0.0 0.08 3.01 4802

1745540182
0.0 0.08 3.01 4891

1745540183
0.0 0.07 2.99 7667

1745540184
0.0 0.07 2.99 6945

1745540185
0.0 0.07 2.97 8027

1745540186
0.0 0.07 2.97 6500

1745540187
0.0 0.07 2.95 5513

1745540188
0.0 0.07 2.95 6178

1745540189
0.0 0.07 2.93 8011

1745540190
0.0 0.07 2.93 6197

1745540191
0.0 0.06 2.91 10867

1745540192
0.0 0.06 2.91 6301

1745540193
0.0 0.06 2.89 11457

1745540194
0.0 0.06 2.89 8830

1745540195
0.18 0.09 2.88 7261

1745540196
0.18 0.09 2.88 7360

1745540197
0.14 0.09 2.86 3483

1745540198
0.14 0.09 2.86 7398

1745540199
0.12 0.08 2.84 4121

1745540200
0.12 0.08 2.84 3877

1745540201
0.09 0.08 2.82 4218

1745540202
0.09 0.08 2.82 6424

1745540203
0.08 0.08 2.8 2694

1745540204
0.08 0.08 2.8 6728

1745540205
0.06 0.08 2.78 8665

1745540206
0.06 0.08 2.78 6729

1745540207
0.05 0.07 2.76 5421

1745540208
0.05 0.07 2.76 8964

1745540209
0.04 0.07 2.74 7655

1745540210
0.04 0.07 2.74 3170

1745540211
0.03 0.07 2.72 9959

1745540212
0.03 0.07 2.72 5958

1745540213
0.02 0.06 2.7 3366

1745540214
0.02 0.06 2.7 7540

1745540215
0.02 0.06 2.68 5810

1745540216
0.02 0.06 2.68 5346

1745540217
0.01 0.06 2.66 2249

1745540218
0.01 0.06 2.66 3932

1745540219
0.01 0.06 2.65 2930

1745540220
0.01 0.06 2.65 7519

1745540221
0.01 0.05 2.63 4781

1745540222
0.01 0.05 2.63 4391

1745540223
0.0 0.05 2.61 7092

1745540224
0.0 0.05 2.61 5873

1745540225
0.0 0.05 2.59 6586

1745540226
0.0 0.05 2.59 3637

1745540227
0.0 0.05 2.57 3463

1745540229
0.0 0.05 2.56 11040

1745540230
0.0 0.05 2.56 5297

1745540231
0.0 0.04 2.54 7898

1745540232
0.0 0.04 2.54 6485

1745540233
0.0 0.04 2.52 6173

1745540234
0.0 0.04 2.52 4673

1745540235
0.0 0.04 2.5 4666

1745540236
0.0 0.04 2.5 2330

1745540237
0.0 0.04 2.49 2905

1745540238
0.0 0.04 2.49 3177

1745540239
0.0 0.04 2.47 3221

1745540240
0.0 0.04 2.47 7615

1745540242
0.0 0.04 2.45 6947

1745540243
0.0 0.03 2.43 6251

1745540244
0.0 0.03 2.43 5411

1745540245
0.0 0.03 2.42 6886

1745540246
0.0 0.03 2.42 7867

1745540247
0.0 0.03 2.4 3624

1745540248
0.0 0.03 2.4 2656

1745540249
0.0 0.03 2.38 5898

1745540250
0.0 0.03 2.38 7160

1745540251
0.0 0.03 2.37 3803

1745540252
0.0 0.03 2.37 4425

1745540253
0.0 0.03 2.35 5721

1745540254
0.0 0.03 2.35 7089

1745540255
0.0 0.03 2.33 6231

1745540256
0.0 0.03 2.33 6777

1745540257
0.0 0.02 2.32 3163

1745540258
0.0 0.02 2.32 8000

1745540259
0.0 0.02 2.3 8798

1745540260
0.0 0.02 2.3 6163

1745540261
0.0 0.02 2.29 6385

1745540262
0.0 0.02 2.29 3687

1745540263
0.0 0.02 2.27 2620

1745540264
0.0 0.02 2.27 7086

1745540265
0.0 0.02 2.25 4765

1745540266
0.0 0.02 2.25 7596

1745540267
0.0 0.02 2.24 3592

1745540268
0.0 0.02 2.24 1379

1745540269
0.0 0.02 2.22 282

1745540270
0.0 0.02 2.22 216

1745540271
0.0 0.02 2.21 138

1745540272
0.0 0.02 2.21 160

1745540273
0.0 0.02 2.19 3318

1745540274
0.0 0.02 2.19 3228

1745540275
0.0 0.02 2.18 3392

1745540276
0.0 0.02 2.18 6632

1745540277
0.0 0.01 2.16 8547

1745540278
0.0 0.01 2.16 4521

1745540279
0.0 0.01 2.15 6506

1745540280
0.0 0.01 2.15 5360

1745540281
0.0 0.01 2.13 6214

1745540282
0.0 0.01 2.13 4698

1745540283
0.0 0.01 2.12 6392

1745540284
0.0 0.01 2.12 7548

1745540285
0.0 0.01 2.1 5332

1745540286
0.0 0.01 2.1 7814

1745540287
0.0 0.01 2.09 10043

1745540288
0.0 0.01 2.09 7425

1745540289
0.0 0.01 2.07 3419

1745540290
0.0 0.01 2.07 8932

1745540291
0.0 0.01 2.06 9211

1745540292
0.0 0.01 2.06 7876

1745540293
0.0 0.01 2.04 7023

1745540294
0.0 0.01 2.04 10460

1745540295
0.0 0.01 2.03 7188

1745540296
0.0 0.01 2.03 4431

1745540297
0.0 0.01 2.02 4495

1745540299
0.0 0.01 2.0 10598

1745540300
0.0 0.01 2.0 7152

1745540301
0.0 0.01 1.99 6608

1745540302
0.0 0.01 1.99 5058

1745540303
0.0 0.01 1.97 12207

1745540304
0.0 0.01 1.97 5842

1745540305
0.0 0.01 1.96 5275

1745540306
0.0 0.01 1.96 7517

1745540307
0.0 0.0 1.95 6198

1745540308
0.0 0.0 1.95 5640

1745540309
0.0 0.0 1.93 4735

1745540310
0.0 0.0 1.93 8293

1745540311
0.0 0.0 1.92 3495

1745540312
0.0 0.0 1.92 7098

1745540313
0.0 0.0 1.91 7708

1745540314
0.0 0.0 1.91 4178

1745540315
0.0 0.0 1.89 5251

1745540316
0.0 0.0 1.89 4149

1745540317
0.0 0.0 1.88 3767

1745540318
0.0 0.0 1.88 3255

1745540319
0.0 0.0 1.87 8966

1745540321
0.0 0.0 1.85 18031

1745540322
0.0 0.0 1.85 5385

1745540323
0.0 0.0 1.84 9333

1745540324
0.0 0.0 1.84 8262

1745540325
0.0 0.0 1.83 6193

1745540326
0.0 0.0 1.83 6936

1745540327
0.0 0.0 1.81 6511

1745540328
0.0 0.0 1.81 7440

1745540329
0.0 0.0 1.8 9361

1745540330
0.0 0.0 1.8 8862

1745540331
0.0 0.0 1.79 4203

1745540332
0.0 0.0 1.79 9255

1745540333
0.0 0.0 1.78 9154

1745540334
0.0 0.0 1.78 3547

1745540335
0.0 0.0 1.76 4815

1745540336
0.0 0.0 1.76 7781

1745540337
0.0 0.0 1.75 5437

1745540338
0.0 0.0 1.75 5922

1745540339
0.0 0.0 1.74 3697

1745540340
0.0 0.0 1.74 6268

1745540341
0.0 0.0 1.73 6168

1745540342
0.0 0.0 1.73 3559

1745540343
0.0 0.0 1.72 6893

1745540344
0.0 0.0 1.72 5206

1745540345
0.0 0.0 1.7 7051

1745540346
0.0 0.0 1.7 7773

1745540347
0.0 0.0 1.69 2728

1745540348
0.0 0.0 1.69 8373

1745540349
0.0 0.0 1.68 4638

1745540350
0.0 0.0 1.68 5631

1745540351
0.0 0.0 1.67 7196

1745540352
0.0 0.0 1.67 7952

1745540353
0.0 0.0 1.66 6879

1745540354
0.0 0.0 1.66 8023

1745540355
0.0 0.0 1.64 5097

1745540356
0.0 0.0 1.64 5381

1745540357
0.0 0.0 1.63 4856

1745540358
0.0 0.0 1.63 3536

1745540359
0.0 0.0 1.62 4399

1745540360
0.0 0.0 1.62 5524

1745540361
0.0 0.0 1.61 2234

1745540362
0.0 0.0 1.61 5698

1745540363
0.0 0.0 1.6 6253

1745540364
0.0 0.0 1.6 9247

1745540365
0.0 0.0 1.59 5708

1745540366
0.0 0.0 1.59 5362

1745540367
0.0 0.0 1.58 4082

1745540368
0.0 0.0 1.58 4596

1745540369
0.0 0.0 1.57 5056

1745540370
0.0 0.0 1.57 3124

1745540371
0.0 0.0 1.56 5084

1745540372
0.0 0.0 1.56 3659

1745540373
0.0 0.0 1.54 6695

1745540374
0.0 0.0 1.54 6223

1745540375
0.0 0.0 1.53 9613

1745540376
0.0 0.0 1.53 4483

1745540377
0.0 0.0 1.52 3461

1745540378
0.0 0.0 1.52 5947

1745540379
0.0 0.0 1.51 5628

1745540380
0.0 0.0 1.51 6942

1745540381
0.0 0.0 1.5 6168

1745540382
0.0 0.0 1.5 5697

1745540383
0.0 0.0 1.49 6007

1745540384
0.0 0.0 1.49 4486

1745540385
0.0 0.0 1.48 6804

1745540386
0.0 0.0 1.48 6904

1745540387
0.0 0.0 1.47 6961

1745540388
0.0 0.0 1.47 8904

1745540389
0.0 0.0 1.46 6789

1745540390
0.0 0.0 1.46 4894

1745540391
0.0 0.0 1.45 5596

1745540392
0.0 0.0 1.45 3047

1745540393
0.0 0.0 1.44 2270

1745540394
0.0 0.0 1.44 231

1745540395
0.0 0.0 1.43 169

1745540396
0.0 0.0 1.43 497

1745540397
0.0 0.0 1.42 211

1745540398
0.0 0.0 1.42 1131

1745540399
0.0 0.0 1.41 2230

1745540400
0.0 0.0 1.41 2197

1745540401
0.0 0.0 1.4 2857

1745540402
0.0 0.0 1.4 4878

1745540403
0.0 0.0 1.39 3018

1745540404
0.0 0.0 1.39 9898

1745540405
0.0 0.0 1.38 7375

1745540406
0.0 0.0 1.38 6643

1745540407
0.0 0.0 1.37 9701

1745540408
0.0 0.0 1.37 5651

1745540409
0.0 0.0 1.36 5136

1745540410
0.0 0.0 1.36 5807

1745540411
0.0 0.0 1.35 9240

1745540412
0.0 0.0 1.35 7199

1745540413
0.0 0.0 1.34 3625

1745540414
0.0 0.0 1.34 3962

1745540415
0.0 0.0 1.33 5267

1745540416
0.0 0.0 1.33 3739

1745540417
0.0 0.0 1.32 6564

1745540418
0.0 0.0 1.32 7324

1745540419
0.0 0.0 1.31 8197

1745540420
0.0 0.0 1.31 2958

1745540421
0.0 0.0 1.3 3211

1745540422
0.0 0.0 1.3 7261

1745540423
0.0 0.0 1.29 7158

1745540424
0.0 0.0 1.29 4242

1745540425
0.0 0.0 1.29 3621

1745540426
0.0 0.0 1.29 4573

1745540427
0.0 0.0 1.28 7159

1745540428
0.0 0.0 1.28 3395

1745540429
0.0 0.0 1.27 2958

1745540430
0.0 0.0 1.27 3674

1745540431
0.0 0.0 1.26 2034

1745540432
0.0 0.0 1.26 4256

1745540433
0.0 0.0 1.25 3824

1745540434
0.0 0.0 1.25 7804

1745540435
0.0 0.0 1.24 4196

1745540436
0.0 0.0 1.24 3778

1745540437
0.0 0.0 1.23 5325

1745540438
0.0 0.0 1.23 4232

1745540439
0.0 0.0 1.22 5585

1745540440
0.0 0.0 1.22 4945

1745540442
0.0 0.0 1.21 12669

1745540443
0.0 0.0 1.21 6582

1745540444
0.0 0.0 1.21 10062

1745540445
0.0 0.0 1.2 8602

1745540446
0.0 0.0 1.2 5796

1745540447
0.0 0.0 1.19 5269

1745540449
0.0 0.0 1.18 11115

1745540450
0.0 0.0 1.18 10315

1745540451
0.0 0.0 1.17 7468

1745540452
0.0 0.0 1.17 5880

1745540453
0.0 0.0 1.16 6729

1745540454
0.0 0.0 1.16 7018

1745540455
0.0 0.0 1.16 5798

1745540456
0.0 0.0 1.16 4389

1745540457
0.0 0.0 1.15 9312

1745540458
0.0 0.0 1.15 8337

1745540460
0.0 0.0 1.14 16616

1745540461
0.0 0.0 1.13 5967

1745540462
0.0 0.0 1.13 4848

1745540463
0.0 0.0 1.12 5677

1745540464
0.0 0.0 1.12 5164

1745540465
0.0 0.0 1.12 3133

1745540466
0.0 0.0 1.12 4229

1745540467
0.0 0.0 1.11 7538

1745540468
0.0 0.0 1.11 6030

1745540469
0.0 0.0 1.1 8712

1745540470
0.0 0.0 1.1 5780

1745540471
0.0 0.0 1.09 6844

1745540472
0.0 0.0 1.09 7305

1745540473
0.0 0.0 1.08 9364

1745540474
0.0 0.0 1.08 5772

1745540475
0.0 0.0 1.08 3745

1745540476
0.0 0.0 1.08 3806

1745540477
0.0 0.0 1.07 5809

1745540478
0.0 0.0 1.07 6688

1745540479
0.0 0.0 1.06 6498

1745540480
0.0 0.0 1.06 5810

1745540481
0.0 0.0 1.05 4931

1745540482
0.0 0.0 1.05 7376

1745540483
0.0 0.0 1.05 6619

1745540484
0.0 0.0 1.05 6633

1745540485
0.0 0.0 1.04 9012

1745540486
0.0 0.0 1.04 7774

1745540487
0.0 0.0 1.03 3891

1745540488
0.0 0.0 1.03 4013

1745540489
0.0 0.0 1.02 5970

1745540490
0.0 0.0 1.02 10153

1745540491
0.0 0.0 1.02 4577

1745540492
0.0 0.0 1.02 6880

1745540493
0.0 0.0 1.01 6083

1745540494
0.0 0.0 1.01 8161

1745540495
0.0 0.0 1.0 5313

1745540496
0.0 0.0 1.0 11075

1745540497
0.0 0.0 1.0 3400

1745540498
0.0 0.0 1.0 6032

1745540499
0.0 0.0 0.99 6401

1745540500
0.0 0.0 0.99 8215

1745540501
0.0 0.0 0.98 4940

1745540502
0.0 0.0 0.98 9940

1745540503
0.0 0.0 0.97 13772

1745540504
0.0 0.0 0.97 11870

1745540505
0.18 0.03 0.97 5831

1745540506
0.18 0.03 0.97 3823

1745540507
0.14 0.03 0.97 4060

1745540508
0.14 0.03 0.97 2297

1745540509
0.12 0.02 0.96 204

1745540510
0.12 0.02 0.96 449

1745540511
0.09 0.02 0.95 70

1745540512
0.09 0.02 0.95 242

1745540513
0.08 0.02 0.95 3906

1745540514
0.08 0.02 0.95 5554

1745540515
0.06 0.02 0.94 2455

1745540516
0.06 0.02 0.94 2569

1745540517
0.05 0.02 0.93 3518

1745540518
0.05 0.02 0.93 2704

1745540519
0.04 0.02 0.93 5611

1745540520
0.04 0.02 0.93 6170

1745540521
0.03 0.02 0.92 4218

1745540522
0.03 0.02 0.92 8290

1745540523
0.02 0.02 0.91 6453

1745540524
0.02 0.02 0.91 2847

1745540525
0.02 0.02 0.91 4257

1745540526
0.02 0.02 0.91 3715

1745540527
0.01 0.02 0.9 3837

1745540528
0.01 0.02 0.9 5332

1745540529
0.01 0.02 0.89 4239

1745540530
0.01 0.02 0.89 5826

1745540531
0.01 0.01 0.89 7106

1745540532
0.01 0.01 0.89 5617

1745540533
0.0 0.01 0.88 6614

1745540534
0.0 0.01 0.88 9003

1745540535
0.0 0.01 0.88 3452

1745540536
0.0 0.01 0.88 5595

1745540537
0.0 0.01 0.87 10729

1745540538
0.0 0.01 0.87 6437

1745540539
0.0 0.01 0.86 7829

1745540540
0.0 0.01 0.86 7793

1745540541
0.0 0.01 0.86 4111

1745540542
0.0 0.01 0.86 6982

1745540543
0.0 0.01 0.85 3664

1745540544
0.0 0.01 0.85 4582

1745540545
0.0 0.01 0.84 5541

1745540546
0.0 0.01 0.84 5133

1745540547
0.0 0.01 0.84 5088

1745540548
0.0 0.01 0.84 2304

1745540549
0.0 0.01 0.83 3242

1745540550
0.0 0.01 0.83 2459

1745540551
0.0 0.01 0.83 3529

1745540552
0.0 0.01 0.83 2236

1745540553
0.0 0.01 0.82 4203

1745540554
0.0 0.01 0.82 3438

1745540555
0.0 0.01 0.82 3068

1745540556
0.0 0.01 0.82 2343

1745540557
0.0 0.01 0.81 2124

1745540558
0.0 0.01 0.81 4460

1745540559
0.0 0.0 0.8 2711

1745540560
0.0 0.0 0.8 3074

1745540561
0.0 0.0 0.8 2922

1745540562
0.0 0.0 0.8 4320

1745540563
0.0 0.0 0.79 6434

1745540564
0.0 0.0 0.79 3712

1745540565
0.0 0.0 0.79 2759

1745540566
0.0 0.0 0.79 4872

1745540567
0.0 0.0 0.78 3403

1745540568
0.0 0.0 0.78 4388

1745540569
0.0 0.0 0.77 2891

1745540570
0.0 0.0 0.77 3379

1745540571
0.0 0.0 0.77 3698

1745540572
0.0 0.0 0.77 3506

1745540573
0.0 0.0 0.76 3587

1745540574
0.0 0.0 0.76 3181

1745540575
0.0 0.0 0.76 2344

1745540576
0.0 0.0 0.76 4985

1745540577
0.0 0.0 0.75 3093

1745540578
0.0 0.0 0.75 5749

1745540579
0.0 0.0 0.75 3220

1745540580
0.0 0.0 0.75 4551

1745540581
0.0 0.0 0.74 3776

1745540582
0.0 0.0 0.74 3745

1745540583
0.0 0.0 0.74 2419

1745540584
0.0 0.0 0.74 3060

1745540585
0.0 0.0 0.73 3018

1745540586
0.0 0.0 0.73 2048

1745540587
0.0 0.0 0.73 2556

1745540588
0.0 0.0 0.73 2078

1745540589
0.0 0.0 0.72 3277

1745540590
0.0 0.0 0.72 3835

1745540591
0.0 0.0 0.72 2393

1745540592
0.0 0.0 0.72 2117

1745540593
0.0 0.0 0.71 3896

1745540594
0.0 0.0 0.71 2475

1745540595
0.0 0.0 0.7 4040

1745540596
0.0 0.0 0.7 2954

1745540597
0.0 0.0 0.7 3636

1745540598
0.0 0.0 0.7 2819

1745540599
0.0 0.0 0.7 2235

1745540600
0.0 0.0 0.7 3867

1745540601
0.0 0.0 0.69 3660

1745540602
0.0 0.0 0.69 2057

1745540603
0.0 0.0 0.69 3328

1745540604
0.0 0.0 0.69 3333

1745540605
0.0 0.0 0.68 1966

1745540606
0.0 0.0 0.68 4178

1745540607
0.0 0.0 0.68 2520

1745540608
0.0 0.0 0.68 2820

1745540609
0.0 0.0 0.67 3553

1745540610
0.0 0.0 0.67 4195

1745540611
0.0 0.0 0.67 3028

1745540612
0.0 0.0 0.67 2177

1745540613
0.0 0.0 0.66 2808

1745540614
0.0 0.0 0.66 1580

1745540615
0.0 0.0 0.66 1920

1745540616
0.0 0.0 0.66 4928

1745540617
0.0 0.0 0.65 2989

1745540618
0.0 0.0 0.65 4961

1745540619
0.0 0.0 0.65 2589

1745540620
0.0 0.0 0.65 4858

1745540621
0.0 0.0 0.64 4991

1745540622
0.0 0.0 0.64 4118

1745540623
0.0 0.0 0.64 4802

1745540624
0.0 0.0 0.64 5124

1745540625
0.0 0.0 0.63 2679

1745540626
0.0 0.0 0.63 3680

1745540627
0.0 0.0 0.63 4078

1745540628
0.0 0.0 0.63 4636

1745540629
0.0 0.0 0.62 2461

1745540630
0.0 0.0 0.62 5130

1745540631
0.0 0.0 0.62 3264

1745540632
0.0 0.0 0.62 5090

1745540633
0.0 0.0 0.61 1902

1745540634
0.0 0.0 0.61 3493

1745540635
0.0 0.0 0.61 3596

1745540636
0.0 0.0 0.61 3873

1745540637
0.0 0.0 0.61 3874

1745540638
0.0 0.0 0.61 4029

1745540640
0.0 0.0 0.6 9040

1745540641
0.0 0.0 0.6 3523

1745540642
0.0 0.0 0.6 5233

1745540643
0.0 0.0 0.59 2550

1745540644
0.0 0.0 0.59 345

1745540645
0.0 0.0 0.59 225

1745540646
0.0 0.0 0.59 187

1745540647
0.0 0.0 0.58 72

1745540648
0.0 0.0 0.58 1051

1745540649
0.0 0.0 0.58 2798

1745540650
0.0 0.0 0.58 2826

1745540651
0.0 0.0 0.58 4645

1745540652
0.0 0.0 0.58 3850

1745540653
0.0 0.0 0.57 2170

1745540654
0.0 0.0 0.57 2645

1745540655
0.0 0.0 0.57 4556

1745540656
0.0 0.0 0.57 3898

1745540657
0.0 0.0 0.56 3668

1745540658
0.0 0.0 0.56 2587

1745540659
0.0 0.0 0.56 1768

1745540660
0.0 0.0 0.56 3214

1745540661
0.0 0.0 0.55 5147

1745540662
0.0 0.0 0.55 2127

1745540663
0.0 0.0 0.55 3065

1745540664
0.0 0.0 0.55 4812

1745540665
0.0 0.0 0.55 6314

1745540666
0.0 0.0 0.55 2586

1745540667
0.0 0.0 0.54 2308

1745540668
0.0 0.0 0.54 2411

1745540669
0.0 0.0 0.54 2774

1745540670
0.0 0.0 0.54 2800

1745540671
0.0 0.0 0.54 2687

1745540672
0.0 0.0 0.54 2921

1745540673
0.0 0.0 0.53 3211

1745540674
0.0 0.0 0.53 3735

1745540675
0.0 0.0 0.53 4879

1745540676
0.0 0.0 0.53 2572

1745540677
0.0 0.0 0.52 3310

1745540678
0.0 0.0 0.52 2884

1745540679
0.0 0.0 0.52 2438

1745540680
0.0 0.0 0.52 4750

1745540681
0.0 0.0 0.52 4333

1745540682
0.0 0.0 0.52 3733

1745540683
0.0 0.0 0.51 2328

1745540684
0.0 0.0 0.51 3411

1745540685
0.0 0.0 0.51 4344

1745540686
0.0 0.0 0.51 2544

1745540687
0.0 0.0 0.5 6119

1745540688
0.0 0.0 0.5 4315

1745540689
0.0 0.0 0.5 2641

1745540690
0.0 0.0 0.5 3181

1745540691
0.0 0.0 0.5 2297

1745540692
0.0 0.0 0.5 3563

1745540693
0.0 0.0 0.49 2994

1745540694
0.0 0.0 0.49 2448

1745540695
0.0 0.0 0.49 3464

1745540696
0.0 0.0 0.49 2767

1745540697
0.0 0.0 0.49 2087

1745540698
0.0 0.0 0.49 2188

1745540699
0.0 0.0 0.48 1952

1745540700
0.0 0.0 0.48 1825

1745540701
0.0 0.0 0.48 2160

1745540702
0.0 0.0 0.48 1476

1745540703
0.0 0.0 0.47 1503

1745540704
0.0 0.0 0.47 3588

1745540705
0.0 0.0 0.47 1897

1745540706
0.0 0.0 0.47 2269

1745540707
0.0 0.0 0.47 3110

1745540708
0.0 0.0 0.47 1889

1745540709
0.0 0.0 0.46 2361

1745540710
0.0 0.0 0.46 2062

1745540711
0.0 0.0 0.46 2934

1745540712
0.0 0.0 0.46 1907

1745540713
0.0 0.0 0.46 3203

1745540714
0.0 0.0 0.46 3461

1745540715
0.0 0.0 0.45 3042

1745540716
0.0 0.0 0.45 1933

1745540717
0.0 0.0 0.45 5187

1745540718
0.0 0.0 0.45 3565

1745540719
0.0 0.0 0.45 2586

1745540720
0.0 0.0 0.45 1870

1745540721
0.0 0.0 0.44 5109

1745540722
0.0 0.0 0.44 3895

1745540723
0.0 0.0 0.44 2717

1745540724
0.0 0.0 0.44 2638

1745540725
0.0 0.0 0.44 4787

1745540726
0.0 0.0 0.44 2999

1745540727
0.0 0.0 0.43 4311

1745540728
0.0 0.0 0.43 3162

1745540729
0.0 0.0 0.43 3918

1745540730
0.0 0.0 0.43 4336

1745540731
0.0 0.0 0.43 4965

1745540732
0.0 0.0 0.43 4866

1745540733
0.0 0.0 0.42 3687

1745540734
0.0 0.0 0.42 3144

1745540735
0.0 0.0 0.42 5924

1745540736
0.0 0.0 0.42 3305

1745540737
0.0 0.0 0.42 2203

1745540738
0.0 0.0 0.42 2156

1745540739
0.0 0.0 0.41 3477

1745540740
0.0 0.0 0.41 2228

1745540741
0.0 0.0 0.41 1736

1745540742
0.0 0.0 0.41 3531

1745540743
0.0 0.0 0.41 2973

1745540744
0.0 0.0 0.41 2037

1745540745
0.0 0.0 0.41 2178

1745540746
0.0 0.0 0.41 3319

1745540747
0.0 0.0 0.4 2687

1745540748
0.0 0.0 0.4 2940

1745540749
0.0 0.0 0.4 4426

1745540750
0.0 0.0 0.4 3417

1745540751
0.0 0.0 0.4 1796

1745540752
0.0 0.0 0.4 2729

1745540753
0.0 0.0 0.39 2630

1745540754
0.0 0.0 0.39 2149

1745540755
0.0 0.0 0.39 2237

1745540756
0.0 0.0 0.39 3028

1745540757
0.0 0.0 0.39 1897

1745540758
0.0 0.0 0.39 5113

1745540759
0.0 0.0 0.39 4360

1745540760
0.0 0.0 0.39 2065

1745540761
0.0 0.0 0.38 1974

1745540762
0.0 0.0 0.38 4749

1745540763
0.0 0.0 0.38 2543

1745540764
0.0 0.0 0.38 2669

1745540765
0.0 0.0 0.38 3531

1745540766
0.0 0.0 0.38 1541

1745540767
0.0 0.0 0.37 2758

1745540768
0.0 0.0 0.37 1140

1745540769
0.0 0.0 0.37 398

1745540770
0.0 0.0 0.37 170

1745540771
0.0 0.0 0.37 143

1745540772
0.0 0.0 0.37 77

1745540773
0.0 0.0 0.36 1218

1745540774
0.0 0.0 0.36 6123

1745540775
0.0 0.0 0.36 2192

1745540776
0.0 0.0 0.36 4838

1745540777
0.0 0.0 0.36 2670

1745540778
0.0 0.0 0.36 1933

1745540779
0.0 0.0 0.36 2544

1745540780
0.0 0.0 0.36 4306

1745540781
0.0 0.0 0.35 4397

1745540782
0.0 0.0 0.35 2668

1745540783
0.0 0.0 0.35 2213

1745540784
0.0 0.0 0.35 2249

1745540786
0.0 0.0 0.35 4603

1745540787
0.0 0.0 0.35 3965

1745540788
0.0 0.0 0.35 5165

1745540789
0.0 0.0 0.34 3550

1745540791
0.0 0.0 0.34 7193

1745540792
0.0 0.0 0.34 2249

1745540793
0.0 0.0 0.34 3540

1745540794
0.0 0.0 0.34 3522

1745540795
0.0 0.0 0.34 2499

1745540796
0.0 0.0 0.34 2704

1745540797
0.0 0.0 0.33 3627

1745540798
0.0 0.0 0.33 3821

1745540799
0.0 0.0 0.33 3615

1745540800
0.0 0.0 0.33 5111

1745540801
0.0 0.0 0.33 2536

1745540802
0.0 0.0 0.33 4155

1745540803
0.0 0.0 0.33 3806

1745540804
0.0 0.0 0.33 1467

1745540805
0.0 0.0 0.32 5274

1745540806
0.0 0.0 0.32 4827

1745540807
0.0 0.0 0.32 5276

1745540808
0.0 0.0 0.32 3156

1745540809
0.0 0.0 0.32 2555

1745540810
0.0 0.0 0.32 4169

1745540811
0.0 0.0 0.32 4765

1745540812
0.0 0.0 0.32 2491

1745540813
0.0 0.0 0.31 2993

1745540814
0.0 0.0 0.31 4040

1745540815
0.0 0.0 0.31 2097

1745540816
0.0 0.0 0.31 3018

1745540817
0.0 0.0 0.31 3038

1745540818
0.0 0.0 0.31 3783

1745540819
0.0 0.0 0.31 3894

1745540820
0.0 0.0 0.31 2270

1745540821
0.0 0.0 0.3 4499

1745540822
0.0 0.0 0.3 1489

1745540823
0.0 0.0 0.3 4584

1745540824
0.0 0.0 0.3 3733

1745540825
0.0 0.0 0.3 2919

1745540826
0.0 0.0 0.3 2288

1745540827
0.0 0.0 0.3 2374

1745540828
0.0 0.0 0.3 4017

1745540829
0.0 0.0 0.29 3250

1745540830
0.0 0.0 0.29 7402

1745540831
0.0 0.0 0.29 4165

1745540833
0.0 0.0 0.29 8155

1745540834
0.0 0.0 0.29 3349

1745540835
0.0 0.0 0.29 1555

1745540836
0.0 0.0 0.29 3812

1745540837
0.0 0.0 0.28 4636

1745540838
0.0 0.0 0.28 2451

1745540839
0.0 0.0 0.28 1588

1745540840
0.0 0.0 0.28 5739

1745540841
0.0 0.0 0.28 3135

1745540842
0.0 0.0 0.28 5750

1745540843
0.0 0.0 0.28 2498

1745540844
0.0 0.0 0.28 2583

1745540845
0.0 0.0 0.28 3732

1745540846
0.0 0.0 0.28 3037

1745540847
0.0 0.0 0.27 4537

1745540848
0.0 0.0 0.27 6132

1745540849
0.0 0.0 0.27 3224

1745540850
0.0 0.0 0.27 3151

1745540851
0.0 0.0 0.27 6514

1745540852
0.0 0.0 0.27 6164

1745540853
0.0 0.0 0.27 5718

1745540854
0.0 0.0 0.27 5077

1745540855
0.0 0.0 0.27 3506

1745540856
0.0 0.0 0.27 5559

1745540857
0.0 0.0 0.26 8401

1745540858
0.0 0.0 0.26 8012

1745540859
0.0 0.0 0.26 6440

1745540860
0.0 0.0 0.26 3866

1745540861
0.0 0.0 0.26 2552

1745540862
0.0 0.0 0.26 4334

1745540863
0.0 0.0 0.26 1414

1745540864
0.0 0.0 0.26 567

1745540865
0.0 0.0 0.26 171

1745540866
0.0 0.0 0.26 97

1745540867
0.0 0.0 0.25 114

1745540868
0.0 0.0 0.25 3039

1745540869
0.0 0.0 0.25 3550

1745540870
0.0 0.0 0.25 5187

1745540871
0.0 0.0 0.25 6923

1745540872
0.0 0.0 0.25 2335

1745540873
0.0 0.0 0.25 7854

1745540875
0.0 0.0 0.25 15016

1745540876
0.0 0.0 0.25 6405

1745540877
0.0 0.0 0.24 3950

1745540878
0.0 0.0 0.24 6104

1745540879
0.0 0.0 0.24 4895

1745540880
0.0 0.0 0.24 4528

1745540881
0.0 0.0 0.24 2656

1745540882
0.0 0.0 0.24 5092

1745540883
0.0 0.0 0.24 5722

1745540884
0.0 0.0 0.24 5850

1745540885
0.0 0.0 0.24 4794

1745540886
0.0 0.0 0.24 4106

1745540887
0.0 0.0 0.23 2425

1745540888
0.0 0.0 0.23 2085

1745540889
0.0 0.0 0.23 2148

1745540890
0.0 0.0 0.23 2991

1745540891
0.0 0.0 0.23 3760

1745540892
0.0 0.0 0.23 4483

1745540893
0.0 0.0 0.23 1908

1745540894
0.0 0.0 0.23 1857

1745540895
0.0 0.0 0.23 7111

1745540896
0.0 0.0 0.23 2558

1745540897
0.0 0.0 0.22 2366

1745540898
0.0 0.0 0.22 2588

1745540899
0.0 0.0 0.22 2890

1745540900
0.0 0.0 0.22 3940

1745540901
0.0 0.0 0.22 2518

1745540902
0.0 0.0 0.22 5599

1745540903
0.0 0.0 0.22 5403

1745540904
0.0 0.0 0.22 4596

1745540905
0.0 0.0 0.22 2332

1745540906
0.0 0.0 0.22 4926

1745540907
0.0 0.0 0.21 5689

1745540908
0.0 0.0 0.21 4102

1745540909
0.0 0.0 0.21 7673

1745540910
0.0 0.0 0.21 9917

1745540911
0.0 0.0 0.21 8718

1745540912
0.0 0.0 0.21 8608

1745540913
0.0 0.0 0.21 5463

1745540914
0.0 0.0 0.21 9042

1745540915
0.0 0.0 0.21 3536

1745540916
0.0 0.0 0.21 4888

1745540917
0.0 0.0 0.21 9046

1745540918
0.0 0.0 0.21 3977

1745540919
0.0 0.0 0.2 4690

1745540920
0.0 0.0 0.2 3552

1745540921
0.0 0.0 0.2 4606

1745540922
0.0 0.0 0.2 9492

1745540923
0.0 0.0 0.2 3204

1745540924
0.0 0.0 0.2 7123

1745540925
0.0 0.0 0.2 9725

1745540926
0.0 0.0 0.2 3128

1745540927
0.0 0.0 0.2 5939

1745540928
0.0 0.0 0.2 8099

1745540929
0.0 0.0 0.2 7607

1745540930
0.0 0.0 0.2 2914

1745540931
0.0 0.0 0.2 5943

1745540932
0.0 0.0 0.2 5129

1745540933
0.0 0.0 0.19 6692

1745540934
0.0 0.0 0.19 4043

1745540935
0.0 0.0 0.19 5021

1745540936
0.0 0.0 0.19 6513

1745540937
0.0 0.0 0.19 4697

1745540938
0.0 0.0 0.19 5589

1745540939
0.0 0.0 0.19 4621

1745540940
0.0 0.0 0.19 3891

1745540941
0.0 0.0 0.19 2276

1745540942
0.0 0.0 0.19 3651

1745540943
0.0 0.0 0.19 5996

1745540944
0.0 0.0 0.19 6734

1745540945
0.0 0.0 0.19 7346

1745540946
0.0 0.0 0.19 7588

1745540947
0.0 0.0 0.18 3796

1745540948
0.0 0.0 0.18 4495

1745540949
0.0 0.0 0.18 9058

1745540950
0.0 0.0 0.18 5092

1745540951
0.0 0.0 0.18 3225

1745540952
0.0 0.0 0.18 7179

1745540953
0.0 0.0 0.18 4546

1745540954
0.0 0.0 0.18 6914

1745540955
0.0 0.0 0.18 8865

1745540956
0.0 0.0 0.18 7118

1745540957
0.0 0.0 0.18 5178

1745540958
0.0 0.0 0.18 6193

1745540959
0.0 0.0 0.18 10461

1745540960
0.0 0.0 0.18 9831

1745540962
0.0 0.0 0.17 18553

1745540963
0.0 0.0 0.17 6851

1745540964
0.0 0.0 0.17 7461

1745540965
0.0 0.0 0.17 10105

1745540966
0.0 0.0 0.17 9727

1745540967
0.0 0.0 0.17 5060

1745540968
0.0 0.0 0.17 2710

1745540969
0.0 0.0 0.17 3876

1745540970
0.0 0.0 0.17 9169

1745540971
0.0 0.0 0.17 9355

1745540972
0.0 0.0 0.17 5434

1745540973
0.0 0.0 0.16 6456

1745540974
0.0 0.0 0.16 6335

1745540975
0.0 0.0 0.16 5258

1745540976
0.0 0.0 0.16 4535

1745540977
0.0 0.0 0.16 5949

1745540978
0.0 0.0 0.16 4806

1745540979
0.0 0.0 0.16 5984

1745540980
0.0 0.0 0.16 5038

1745540981
0.0 0.0 0.16 4180

1745540982
0.0 0.0 0.16 1588

1745540983
0.0 0.0 0.16 2054

1745540984
0.0 0.0 0.16 6890

1745540985
0.0 0.0 0.16 6246

1745540986
0.0 0.0 0.16 8345

1745540987
0.0 0.0 0.15 5565

1745540988
0.0 0.0 0.15 6384

1745540989
0.0 0.0 0.15 6851

1745540990
0.0 0.0 0.15 5701

1745540991
0.0 0.0 0.15 5345

1745540992
0.0 0.0 0.15 2563

1745540993
0.0 0.0 0.15 6308

1745540994
0.0 0.0 0.15 4362

1745540995
0.0 0.0 0.15 4445

1745540996
0.0 0.0 0.15 6078

1745540997
0.0 0.0 0.15 10818

1745540998
0.0 0.0 0.15 4749

1745540999
0.0 0.0 0.15 8724

1745541000
0.0 0.0 0.15 8404

1745541001
0.18 0.03 0.15 9803

1745541002
0.18 0.03 0.15 6797

1745541003
0.14 0.03 0.15 1726

1745541004
0.14 0.03 0.15 355

1745541005
0.12 0.02 0.15 112

1745541006
0.12 0.02 0.15 345

1745541007
0.09 0.02 0.15 639

1745541008
0.09 0.02 0.15 3292

1745541009
0.08 0.02 0.15 1744

1745541010
0.08 0.02 0.15 2426

1745541011
0.06 0.02 0.14 2479

1745541012
0.06 0.02 0.14 5831

1745541013
0.05 0.02 0.14 4032

1745541014
0.05 0.02 0.14 7022

1745541015
0.04 0.02 0.14 7812

1745541016
0.04 0.02 0.14 3339

1745541017
0.03 0.02 0.14 5701

1745541018
0.03 0.02 0.14 5448

1745541019
0.02 0.02 0.14 3567

1745541020
0.02 0.02 0.14 6551

1745541021
0.02 0.02 0.14 3566

1745541022
0.02 0.02 0.14 3448

1745541023
0.01 0.02 0.14 3169

1745541024
0.01 0.02 0.14 4641

1745541025
0.01 0.02 0.14 6417

1745541026
0.01 0.02 0.14 3335

1745541027
0.01 0.01 0.13 3305

1745541028
0.01 0.01 0.13 5073

1745541029
0.0 0.01 0.13 4858

1745541030
0.0 0.01 0.13 3201

1745541031
0.0 0.01 0.13 5193

1745541032
0.0 0.01 0.13 3123

1745541033
0.0 0.01 0.13 4117

1745541034
0.0 0.01 0.13 6276

1745541035
0.0 0.01 0.13 6965

1745541036
0.0 0.01 0.13 5416

1745541037
0.0 0.01 0.13 6992

1745541038
0.0 0.01 0.13 4086

1745541039
0.0 0.01 0.13 3923

1745541040
0.0 0.01 0.13 4046

1745541041
0.0 0.01 0.13 7756

1745541042
0.0 0.01 0.13 5991

1745541043
0.0 0.01 0.13 8654

1745541044
0.0 0.01 0.13 7050

1745541045
0.0 0.01 0.13 6688

1745541046
0.0 0.01 0.13 2903

1745541047
0.0 0.01 0.12 4471

1745541048
0.0 0.01 0.12 7880

1745541049
0.0 0.01 0.12 11247

1745541050
0.0 0.01 0.12 369635

1745541052
9.41 1.71 0.48 1506294

1745541053
22.2 4.27 1.02 790618

1745541054
22.2 4.27 1.02 635937

1745541055
28.14 5.93 1.39 382542

1745541056
28.14 5.93 1.39 75797

1745541057
24.31 5.96 1.43 2159

1745541058
24.31 5.96 1.43 5558

1745541059
19.91 5.77 1.42 4041

1745541060
19.91 5.77 1.42 6908

1745541061
16.3 5.58 1.41 6453

1745541062
16.3 5.58 1.41 4642

1745541063
13.35 5.4 1.4 2651

1745541064
13.35 5.4 1.4 479

1745541065
10.93 5.22 1.39 839

1745541066
10.93 5.22 1.39 748

1745541067
8.95 5.05 1.38 184

1745541068
8.95 5.05 1.38 122

1745541069
7.32 4.88 1.37 4046

1745541070
7.32 4.88 1.37 1705

1745541071
6.0 4.72 1.36 4425

1745541072
6.0 4.72 1.36 10885

1745541073
4.91 4.57 1.35 4921

1745541074
4.91 4.57 1.35 7521

1745541075
4.02 4.42 1.34 8962

1745541076
4.02 4.42 1.34 7217

1745541077
3.29 4.27 1.33 8493

1745541078
3.29 4.27 1.33 6201

1745541079
2.69 4.13 1.32 4481

1745541080
2.69 4.13 1.32 10479

1745541081
2.2 4.0 1.31 6327

1745541082
2.2 4.0 1.31 7454

1745541083
1.8 3.87 1.31 8549

1745541084
1.8 3.87 1.31 5975

1745541085
1.48 3.74 1.3 5157

1745541086
1.48 3.74 1.3 4695

1745541087
1.21 3.62 1.29 2127

1745541088
1.21 3.62 1.29 1770

1745541089
0.99 3.5 1.28 8569

1745541090
0.99 3.5 1.28 11073

1745541091
0.81 3.38 1.27 4764

1745541092
0.81 3.38 1.27 7890

1745541093
0.66 3.27 1.26 2316

1745541094
0.66 3.27 1.26 2510

1745541095
0.54 3.16 1.25 6141

1745541096
0.54 3.16 1.25 3146

1745541097
0.44 3.06 1.24 4184

1745541098
0.44 3.06 1.24 5553

1745541099
0.36 2.96 1.23 4984

1745541100
0.36 2.96 1.23 3017

1745541101
0.29 2.86 1.22 5974

1745541102
0.29 2.86 1.22 2767

1745541103
0.24 2.77 1.22 1947

1745541104
0.24 2.77 1.22 6242

1745541106
0.19 2.68 1.21 9443

1745541107
0.16 2.59 1.2 4484

1745541108
0.16 2.59 1.2 2492

1745541109
0.13 2.5 1.19 4864

1745541110
0.13 2.5 1.19 2728

1745541111
0.1 2.42 1.18 5146

1745541112
0.1 2.42 1.18 5115

1745541113
0.08 2.34 1.17 5164

1745541114
0.08 2.34 1.17 5498

1745541115
0.07 2.27 1.17 3915

1745541116
0.07 2.27 1.17 6472

1745541117
0.05 2.19 1.16 4386

1745541119
0.04 2.12 1.15 10591

1745541120
0.04 2.12 1.15 5813

1745541121
0.03 2.05 1.14 7861

1745541122
0.03 2.05 1.14 7527

1745541123
0.03 1.98 1.13 6161

1745541124
0.03 1.98 1.13 3105

1745541125
0.02 1.92 1.12 7284

1745541126
0.02 1.92 1.12 5219

1745541127
0.02 1.85 1.12 5399

1745541128
0.02 1.85 1.12 4228

1745541129
0.01 1.79 1.11 6247

1745541130
0.01 1.79 1.11 7758

1745541131
0.01 1.73 1.1 8621

1745541132
0.01 1.73 1.1 5860

1745541133
0.01 1.68 1.09 7054

1745541134
0.01 1.68 1.09 4679

1745541135
0.0 1.62 1.09 8649

1745541137
0.0 1.57 1.08 11525

1745541138
0.0 1.57 1.08 7331

1745541139
0.0 1.52 1.07 5156

1745541140
0.0 1.52 1.07 4477

1745541141
0.0 1.47 1.06 5039

1745541142
0.0 1.47 1.06 6494

1745541143
0.0 1.42 1.05 4719

1745541144
0.0 1.42 1.05 3475

1745541145
0.0 1.37 1.05 4227

1745541147
0.18 1.36 1.05 27110

1745541148
0.18 1.36 1.05 4243

1745541149
0.14 1.31 1.04 5658

1745541150
0.14 1.31 1.04 3778

1745541151
0.12 1.27 1.03 4743

1745541152
0.12 1.27 1.03 7070

1745541153
0.1 1.23 1.02 4096

1745541154
0.1 1.23 1.02 4208

1745541155
0.08 1.19 1.02 3317

1745541156
0.08 1.19 1.02 4099

1745541157
0.06 1.15 1.01 3928

1745541158
0.06 1.15 1.01 5672

1745541159
0.05 1.11 1.0 5202

1745541160
0.05 1.11 1.0 6991

1745541161
0.04 1.07 1.0 4487

1745541162
0.04 1.07 1.0 7174

1745541163
0.03 1.04 0.99 4157

1745541164
0.03 1.04 0.99 5864

1745541165
0.02 1.0 0.98 8228

1745541166
0.02 1.0 0.98 4443

1745541167
0.02 0.97 0.97 7056

1745541168
0.02 0.97 0.97 4904

1745541169
0.01 0.94 0.97 10074

1745541170
0.01 0.94 0.97 8046

1745541171
0.01 0.91 0.96 5819

1745541172
0.01 0.91 0.96 7826

1745541173
0.01 0.88 0.95 6151

1745541174
0.01 0.88 0.95 9693

1745541175
0.0 0.85 0.95 6349

1745541176
0.0 0.85 0.95 7170

1745541177
0.0 0.82 0.94 7129

1745541179
0.0 0.79 0.93 11035

1745541180
0.0 0.79 0.93 6003

1745541181
0.0 0.77 0.93 5447

1745541182
0.0 0.77 0.93 8052

1745541183
0.0 0.74 0.92 6274

1745541184
0.0 0.74 0.92 5805

1745541185
0.0 0.72 0.91 5477

1745541186
0.0 0.72 0.91 3908

1745541187
0.0 0.69 0.91 7546

1745541188
0.0 0.69 0.91 10034

1745541189
0.0 0.67 0.9 6065

1745541190
0.0 0.67 0.9 6138

1745541191
0.0 0.65 0.89 8661

1745541192
0.0 0.65 0.89 11542

1745541193
0.0 0.62 0.89 7896

1745541195
0.0 0.6 0.88 11476

1745541196
0.0 0.6 0.88 12289

1745541197
0.18 0.62 0.88 6267

1745541198
0.18 0.62 0.88 1981

1745541199
0.14 0.6 0.88 2807

1745541200
0.14 0.6 0.88 7142

1745541201
0.12 0.58 0.87 11035

1745541202
0.12 0.58 0.87 7586

1745541203
0.09 0.56 0.86 8387

1745541204
0.09 0.56 0.86 3090

1745541205
0.08 0.54 0.86 4688

1745541206
0.08 0.54 0.86 4122

1745541207
0.06 0.52 0.85 5383

1745541208
0.06 0.52 0.85 11136

1745541209
0.05 0.5 0.85 8065

1745541210
0.05 0.5 0.85 4767

1745541211
0.04 0.49 0.84 5120

1745541212
0.04 0.49 0.84 5233

1745541213
0.03 0.47 0.83 5972

1745541214
0.03 0.47 0.83 5523

1745541215
0.02 0.45 0.83 8856

1745541216
0.02 0.45 0.83 6251

1745541217
0.02 0.44 0.82 4843

1745541218
0.02 0.44 0.82 6313

1745541219
0.01 0.42 0.82 4363

1745541220
0.01 0.42 0.82 3256

1745541221
0.01 0.41 0.81 3324

1745541222
0.01 0.41 0.81 5281

1745541223
0.01 0.4 0.8 5049

1745541224
0.01 0.4 0.8 3981

1745541225
0.0 0.38 0.8 3090

1745541226
0.0 0.38 0.8 7137

1745541227
0.0 0.37 0.79 6435

1745541228
0.0 0.37 0.79 4342

1745541229
0.0 0.36 0.79 2602

1745541230
0.0 0.36 0.79 4727

1745541231
0.0 0.35 0.78 6114

1745541232
0.0 0.35 0.78 6947

1745541233
0.0 0.33 0.78 4663

1745541234
0.0 0.33 0.78 9292

1745541235
0.0 0.32 0.77 4489

1745541236
0.0 0.32 0.77 5415

1745541237
0.0 0.31 0.76 2646

1745541238
0.0 0.31 0.76 2971

1745541239
0.0 0.3 0.76 429

1745541240
0.0 0.3 0.76 204

1745541241
0.0 0.29 0.75 42

1745541242
0.0 0.29 0.75 216

1745541243
0.0 0.28 0.75 2308

1745541244
0.0 0.28 0.75 3855

1745541245
0.0 0.27 0.74 4013

1745541246
0.0 0.27 0.74 1667

1745541247
0.0 0.26 0.74 2714

1745541248
0.0 0.26 0.74 2451

1745541249
0.0 0.25 0.73 7988

1745541250
0.0 0.25 0.73 4299

1745541251
0.0 0.24 0.73 13956

1745541252
0.0 0.24 0.73 7144

1745541253
0.0 0.24 0.72 2908

1745541254
0.0 0.24 0.72 1692

1745541255
0.0 0.23 0.72 5438

1745541256
0.0 0.23 0.72 4514

1745541257
0.0 0.22 0.71 8154

1745541258
0.0 0.22 0.71 7496

1745541259
0.0 0.21 0.71 8142

1745541260
0.0 0.21 0.71 2886

1745541261
0.0 0.2 0.7 2779

1745541262
0.0 0.2 0.7 7831

1745541263
0.0 0.2 0.7 5828

1745541264
0.0 0.2 0.7 8009

1745541265
0.0 0.19 0.69 6188

1745541266
0.0 0.19 0.69 5081

1745541267
0.0 0.18 0.69 6686

1745541268
0.0 0.18 0.69 5007

1745541269
0.0 0.18 0.68 10829

1745541270
0.0 0.18 0.68 9906

1745541271
0.0 0.17 0.68 5679

1745541272
0.0 0.17 0.68 6315

1745541273
0.0 0.16 0.67 5247

1745541274
0.0 0.16 0.67 5800

1745541275
0.0 0.16 0.67 9457

1745541276
0.0 0.16 0.67 5892

1745541277
0.0 0.15 0.66 5157

1745541278
0.0 0.15 0.66 6553

1745541279
0.0 0.15 0.66 11489

1745541280
0.0 0.15 0.66 6003

1745541281
0.0 0.14 0.65 7420

1745541282
0.0 0.14 0.65 7586

1745541283
0.0 0.14 0.65 5965

1745541284
0.0 0.14 0.65 6735

1745541285
0.0 0.13 0.64 6428

1745541286
0.0 0.13 0.64 7614

1745541288
0.0 0.13 0.64 17128

1745541289
0.0 0.12 0.63 6625

1745541290
0.0 0.12 0.63 6252

1745541292
0.0 0.12 0.63 16362

1745541293
0.0 0.12 0.62 4355

1745541294
0.0 0.12 0.62 4986

1745541295
0.0 0.11 0.62 8216

1745541296
0.0 0.11 0.62 8525

1745541297
0.0 0.11 0.62 6260

1745541298
0.0 0.11 0.62 7720

1745541299
0.0 0.1 0.61 5033

1745541300
0.0 0.1 0.61 6406

1745541301
0.0 0.1 0.61 8386

1745541302
0.0 0.1 0.61 7925

1745541303
0.0 0.1 0.6 8401

1745541304
0.0 0.1 0.6 4998

1745541305
0.0 0.09 0.6 6049

1745541306
0.0 0.09 0.6 5514

1745541307
0.0 0.09 0.59 6706

1745541308
0.0 0.09 0.59 9313

1745541309
0.0 0.09 0.59 3727

1745541310
0.0 0.09 0.59 5877

1745541312
0.0 0.08 0.58 16313

1745541313
0.0 0.08 0.58 7202

1745541314
0.0 0.08 0.58 4389

1745541315
0.0 0.08 0.58 3117

1745541316
0.0 0.08 0.58 8275

1745541317
0.0 0.07 0.57 10990

1745541318
0.0 0.07 0.57 7862

1745541319
0.0 0.07 0.57 4775

1745541320
0.0 0.07 0.57 3891

1745541321
0.0 0.07 0.56 5982

1745541322
0.0 0.07 0.56 12283

1745541323
0.0 0.06 0.56 6399

1745541324
0.0 0.06 0.56 4780

1745541325
0.0 0.06 0.55 5346

1745541326
0.0 0.06 0.55 4621

1745541327
0.0 0.06 0.55 10835

1745541328
0.0 0.06 0.55 6917

1745541329
0.0 0.06 0.55 7447

1745541330
0.0 0.06 0.55 5956

1745541331
0.0 0.06 0.54 4013

1745541332
0.0 0.06 0.54 7959

1745541333
0.0 0.05 0.54 8640

1745541334
0.0 0.05 0.54 8958

1745541335
0.0 0.05 0.54 5805

1745541336
0.0 0.05 0.54 4001

1745541337
0.0 0.05 0.53 5210

1745541338
0.0 0.05 0.53 10689

1745541339
0.18 0.08 0.53 10371

1745541340
0.18 0.08 0.53 3461

1745541341
0.14 0.08 0.53 5034

1745541342
0.14 0.08 0.53 10951

1745541343
0.3 0.11 0.53 13037

1745541345
0.24 0.1 0.53 10103

1745541346
0.24 0.1 0.53 9943

1745541347
0.38 0.13 0.53 11900

1745541348
0.38 0.13 0.53 4976

1745541349
0.31 0.13 0.53 5658

1745541350
0.31 0.13 0.53 7754

1745541351
0.43 0.16 0.53 12802

1745541352
0.43 0.16 0.53 7263

1745541353
0.35 0.15 0.53 4004

1745541354
0.35 0.15 0.53 10598

1745541355
0.47 0.18 0.53 11510

1745541356
0.47 0.18 0.53 6542

1745541357
0.38 0.17 0.53 4453

1745541358
0.38 0.17 0.53 4508

1745541359
0.31 0.17 0.52 2978

1745541360
0.31 0.17 0.52 5403

1745541361
0.26 0.16 0.52 8036

1745541362
0.26 0.16 0.52 8617

1745541363
0.21 0.16 0.52 2653

1745541364
0.21 0.16 0.52 6488

1745541365
0.17 0.15 0.51 3974

1745541366
0.17 0.15 0.51 5238

1745541367
0.14 0.14 0.51 5345

1745541368
0.14 0.14 0.51 10178

1745541369
0.11 0.14 0.51 5712

1745541370
0.11 0.14 0.51 4426

1745541371
0.09 0.13 0.5 4623

1745541372
0.09 0.13 0.5 6226

1745541373
0.07 0.13 0.5 9858

1745541375
0.06 0.12 0.49 11900

1745541376
0.06 0.12 0.49 3412

1745541377
0.05 0.12 0.49 5700

1745541378
0.05 0.12 0.49 3375

1745541379
0.04 0.12 0.49 9788

1745541380
0.04 0.12 0.49 8878

1745541381
0.03 0.11 0.48 9205

1745541382
0.03 0.11 0.48 4794

1745541383
0.02 0.11 0.48 7730

1745541384
0.02 0.11 0.48 2775

1745541385
0.02 0.1 0.48 5458

1745541386
0.02 0.1 0.48 4242

1745541387
0.01 0.1 0.47 8904

1745541388
0.01 0.1 0.47 4194

1745541389
0.01 0.1 0.47 7666

1745541390
0.01 0.1 0.47 5015

1745541391
0.01 0.09 0.47 6758

1745541392
0.01 0.09 0.47 5888

1745541393
0.0 0.09 0.46 6041

1745541394
0.0 0.09 0.46 5097

1745541395
0.0 0.09 0.46 6831

1745541396
0.0 0.09 0.46 7871

1745541397
0.0 0.08 0.46 5563

1745541398
0.0 0.08 0.46 4923

1745541399
0.0 0.08 0.45 3672

1745541400
0.0 0.08 0.45 5970

1745541401
0.0 0.08 0.45 6643

1745541402
0.0 0.08 0.45 6866

1745541403
0.0 0.07 0.45 8290

1745541404
0.0 0.07 0.45 10632

1745541405
0.0 0.07 0.44 2861

1745541406
0.0 0.07 0.44 4327

1745541408
0.0 0.07 0.44 8688

1745541409
0.0 0.07 0.44 4749

1745541410
0.0 0.07 0.44 8110

1745541411
0.0 0.06 0.43 2583

1745541412
0.0 0.06 0.43 8015

1745541413
0.0 0.06 0.43 5933

1745541414
0.0 0.06 0.43 5698

1745541415
0.0 0.06 0.43 6174

1745541416
0.0 0.06 0.43 7312

1745541417
0.0 0.06 0.42 3586

1745541418
0.0 0.06 0.42 10634

1745541419
0.0 0.05 0.42 5685

1745541420
0.0 0.05 0.42 5286

1745541421
0.0 0.05 0.42 8693

1745541423
0.0 0.05 0.41 10894

1745541424
0.0 0.05 0.41 8432

1745541425
0.0 0.05 0.41 3246

1745541426
0.0 0.05 0.41 3675

1745541427
0.0 0.05 0.41 3349

1745541428
0.0 0.05 0.41 5598

1745541429
0.0 0.04 0.4 3290

1745541430
0.0 0.04 0.4 5663

1745541431
0.0 0.04 0.4 5300

1745541432
0.0 0.04 0.4 4122

1745541433
0.0 0.04 0.4 2633

1745541434
0.0 0.04 0.4 540

1745541435
0.0 0.04 0.4 284

1745541436
0.0 0.04 0.4 233

1745541437
0.0 0.04 0.39 103

1745541438
0.0 0.04 0.39 268

1745541439
0.0 0.04 0.39 3305

1745541440
0.0 0.04 0.39 1581

1745541441
0.0 0.03 0.39 2984

1745541442
0.0 0.03 0.39 3143

1745541443
0.0 0.03 0.38 2597

1745541444
0.0 0.03 0.38 10456

1745541445
0.0 0.03 0.38 2902

1745541446
0.0 0.03 0.38 3727

1745541448
0.0 0.03 0.38 8030

1745541449
0.0 0.03 0.37 5920

1745541450
0.0 0.03 0.37 3886

1745541451
0.0 0.03 0.37 4729

1745541452
0.0 0.03 0.37 2456

1745541453
0.0 0.02 0.37 3851

1745541454
0.0 0.02 0.37 6529

1745541455
0.0 0.02 0.37 5135

1745541456
0.0 0.02 0.37 2961

1745541457
0.0 0.02 0.36 3906

1745541458
0.0 0.02 0.36 3320

1745541459
0.0 0.02 0.36 3302

1745541460
0.0 0.02 0.36 6232

1745541461
0.0 0.02 0.36 2259

1745541462
0.0 0.02 0.36 4962

1745541463
0.0 0.02 0.35 5493

1745541464
0.0 0.02 0.35 3391

1745541465
0.0 0.02 0.35 10406

1745541466
0.0 0.02 0.35 7088

1745541467
0.0 0.02 0.35 4942

1745541468
0.0 0.02 0.35 2217

1745541469
0.0 0.02 0.35 3987

1745541470
0.0 0.02 0.35 5127

1745541471
0.0 0.02 0.34 3651

1745541472
0.0 0.02 0.34 4791

1745541474
0.0 0.02 0.34 9663

1745541475
0.0 0.01 0.34 5244

1745541476
0.0 0.01 0.34 2701

1745541477
0.0 0.01 0.34 4542

1745541478
0.0 0.01 0.34 3119

1745541479
0.0 0.01 0.33 5680

1745541480
0.0 0.01 0.33 3717

1745541481
0.0 0.01 0.33 4319

1745541482
0.0 0.01 0.33 4978

1745541483
0.0 0.01 0.33 7558

1745541484
0.0 0.01 0.33 6017

1745541485
0.0 0.01 0.33 3748

1745541486
0.0 0.01 0.33 5581

1745541487
0.0 0.01 0.32 6103

1745541488
0.0 0.01 0.32 5133

1745541489
0.0 0.01 0.32 4431

1745541490
0.0 0.01 0.32 6198

1745541491
0.0 0.01 0.32 3351

1745541492
0.0 0.01 0.32 7544

1745541493
0.0 0.01 0.32 4657

1745541494
0.0 0.01 0.32 4752

1745541495
0.0 0.01 0.31 4089

1745541496
0.0 0.01 0.31 5846

1745541497
0.0 0.01 0.31 6950

1745541498
0.0 0.01 0.31 4918

1745541499
0.0 0.01 0.31 3721

1745541500
0.0 0.01 0.31 3268

1745541501
0.0 0.01 0.31 4994

1745541502
0.0 0.01 0.31 6028

1745541503
0.0 0.0 0.31 4439

1745541504
0.0 0.0 0.31 2159

1745541505
0.0 0.0 0.3 5043

1745541506
0.0 0.0 0.3 5218

1745541507
0.0 0.0 0.3 4735

1745541508
0.0 0.0 0.3 3063

1745541509
0.0 0.0 0.3 4039

1745541510
0.0 0.0 0.3 2785

1745541511
0.0 0.0 0.3 4454

1745541512
0.0 0.0 0.3 3092

1745541513
0.0 0.0 0.29 2754

1745541514
0.0 0.0 0.29 3353

1745541515
0.0 0.0 0.29 4472

1745541516
0.0 0.0 0.29 3736

1745541517
0.0 0.0 0.29 2210

1745541518
0.0 0.0 0.29 4052

1745541519
0.0 0.0 0.29 3019

1745541520
0.0 0.0 0.29 3767

1745541521
0.0 0.0 0.28 4304

1745541522
0.0 0.0 0.28 2724

1745541523
0.0 0.0 0.28 2044

1745541524
0.0 0.0 0.28 2922

1745541525
0.0 0.0 0.28 3579

1745541526
0.0 0.0 0.28 2612

1745541527
0.0 0.0 0.28 4435

1745541528
0.0 0.0 0.28 2548

1745541529
0.0 0.0 0.27 4790

1745541530
0.0 0.0 0.27 4720

1745541531
0.0 0.0 0.27 5446

1745541532
0.0 0.0 0.27 5146

1745541533
0.0 0.0 0.27 3099

1745541534
0.0 0.0 0.27 5414

1745541535
0.0 0.0 0.27 4658

1745541536
0.0 0.0 0.27 4336

1745541537
0.0 0.0 0.27 5788

1745541538
0.0 0.0 0.27 2388

1745541539
0.0 0.0 0.27 8486

1745541540
0.0 0.0 0.27 7027

1745541541
0.0 0.0 0.26 4965

1745541542
0.0 0.0 0.26 6385

1745541543
0.0 0.0 0.26 4880

1745541544
0.0 0.0 0.26 3379

1745541545
0.0 0.0 0.26 2375

1745541546
0.0 0.0 0.26 3055

1745541547
0.0 0.0 0.26 4086

1745541548
0.0 0.0 0.26 6482

1745541549
0.0 0.0 0.26 4087

1745541550
0.0 0.0 0.26 6684

1745541551
0.0 0.0 0.25 3168

1745541552
0.0 0.0 0.25 5303

1745541553
0.0 0.0 0.25 2490

1745541554
0.0 0.0 0.25 2909

1745541555
0.0 0.0 0.25 3371

1745541556
0.0 0.0 0.25 4690

1745541557
0.0 0.0 0.25 2650

1745541558
0.0 0.0 0.25 4839

1745541559
0.0 0.0 0.25 3020

1745541560
0.0 0.0 0.25 2218

1745541561
0.0 0.0 0.24 6812

1745541562
0.0 0.0 0.24 3786

1745541563
0.0 0.0 0.24 4468

1745541564
0.0 0.0 0.24 2549

1745541565
0.0 0.0 0.24 4342

1745541566
0.0 0.0 0.24 4771

1745541567
0.0 0.0 0.24 3462

1745541568
0.0 0.0 0.24 2993

1745541569
0.0 0.0 0.24 814

1745541570
0.0 0.0 0.24 672

1745541571
0.0 0.0 0.23 368

1745541572
0.0 0.0 0.23 248

1745541573
0.0 0.0 0.23 1995

1745541574
0.0 0.0 0.23 1847

1745541575
0.0 0.0 0.23 3172

1745541576
0.0 0.0 0.23 6476

1745541577
0.0 0.0 0.23 7987

1745541578
0.0 0.0 0.23 2056

1745541579
0.0 0.0 0.23 5623

1745541580
0.0 0.0 0.23 6927

1745541581
0.0 0.0 0.22 5331

1745541582
0.0 0.0 0.22 3080

1745541583
0.0 0.0 0.22 7207

1745541584
0.0 0.0 0.22 3437

1745541585
0.0 0.0 0.22 4999

1745541586
0.0 0.0 0.22 6005

1745541587
0.0 0.0 0.22 4853

1745541588
0.0 0.0 0.22 4416

1745541589
0.0 0.0 0.22 3148

1745541590
0.0 0.0 0.22 2267

1745541591
0.0 0.0 0.21 5136

1745541592
0.0 0.0 0.21 2928

1745541593
0.0 0.0 0.21 2618

1745541594
0.0 0.0 0.21 3719

1745541595
0.0 0.0 0.21 5371

1745541596
0.0 0.0 0.21 5068

1745541597
0.0 0.0 0.21 3631

1745541598
0.0 0.0 0.21 9232

1745541599
0.0 0.0 0.21 5338

1745541600
0.0 0.0 0.21 6585

1745541601
0.0 0.0 0.21 5492

1745541602
0.0 0.0 0.21 4227

1745541603
0.0 0.0 0.2 3697

1745541604
0.0 0.0 0.2 7700

1745541605
0.0 0.0 0.2 6344

1745541606
0.0 0.0 0.2 3144

1745541607
0.0 0.0 0.2 6730

1745541608
0.0 0.0 0.2 4992

1745541609
0.0 0.0 0.2 3421

1745541610
0.0 0.0 0.2 3498

1745541611
0.0 0.0 0.2 4042

1745541612
0.0 0.0 0.2 3186

1745541613
0.0 0.0 0.2 4471

1745541614
0.0 0.0 0.2 4170

1745541615
0.0 0.0 0.2 4470

1745541616
0.0 0.0 0.2 3902

1745541617
0.0 0.0 0.19 4467

1745541618
0.0 0.0 0.19 2631

1745541619
0.0 0.0 0.19 2663

1745541620
0.0 0.0 0.19 1879

1745541621
0.0 0.0 0.19 4218

1745541622
0.0 0.0 0.19 6051

1745541623
0.0 0.0 0.19 2852

1745541624
0.0 0.0 0.19 3324

1745541625
0.0 0.0 0.19 4206

1745541626
0.0 0.0 0.19 3484

1745541627
0.0 0.0 0.19 3393

1745541628
0.0 0.0 0.19 2930

1745541629
0.0 0.0 0.18 3124

1745541630
0.0 0.0 0.18 2349

1745541631
0.0 0.0 0.18 6170

1745541632
0.0 0.0 0.18 4635

1745541633
0.0 0.0 0.18 3699

1745541634
0.0 0.0 0.18 3401

1745541635
0.0 0.0 0.18 2888

1745541636
0.0 0.0 0.18 2835

1745541637
0.0 0.0 0.18 3116

1745541638
0.0 0.0 0.18 4502

1745541639
0.0 0.0 0.18 2976

1745541640
0.0 0.0 0.18 4872

1745541641
0.0 0.0 0.18 3529

1745541642
0.0 0.0 0.18 4213

1745541643
0.0 0.0 0.17 4135

1745541644
0.0 0.0 0.17 2204

1745541645
0.0 0.0 0.17 3536

1745541646
0.0 0.0 0.17 4197

1745541647
0.0 0.0 0.17 2313

1745541648
0.0 0.0 0.17 2437

1745541649
0.0 0.0 0.17 3146

1745541650
0.0 0.0 0.17 3863

1745541651
0.0 0.0 0.17 4250

1745541652
0.0 0.0 0.17 2352

1745541653
0.0 0.0 0.17 4370

1745541654
0.0 0.0 0.17 3481

1745541655
0.0 0.0 0.17 3949

1745541656
0.0 0.0 0.17 3523

1745541657
0.0 0.0 0.16 3748

1745541658
0.0 0.0 0.16 5370

1745541659
0.0 0.0 0.16 4421

1745541660
0.0 0.0 0.16 2973

1745541661
0.0 0.0 0.16 1938

1745541662
0.0 0.0 0.16 3251

1745541663
0.0 0.0 0.16 2471

1745541664
0.0 0.0 0.16 5697

1745541665
0.0 0.0 0.16 4481

1745541666
0.0 0.0 0.16 2859

1745541667
0.0 0.0 0.16 5800

1745541668
0.0 0.0 0.16 3446

1745541669
0.0 0.0 0.16 2272

1745541670
0.0 0.0 0.16 3059

1745541671
0.0 0.0 0.15 3168

1745541672
0.0 0.0 0.15 4168

1745541673
0.0 0.0 0.15 3176

1745541674
0.0 0.0 0.15 4210

1745541675
0.0 0.0 0.15 2570

1745541676
0.0 0.0 0.15 2467

1745541677
0.0 0.0 0.15 6297

1745541678
0.0 0.0 0.15 4544

1745541680
0.0 0.0 0.15 8192

1745541681
0.0 0.0 0.15 4397

1745541682
0.0 0.0 0.15 2185

1745541683
0.0 0.0 0.15 3352

1745541684
0.0 0.0 0.15 4093

1745541685
0.0 0.0 0.14 4905

1745541686
0.0 0.0 0.14 3577

1745541687
0.0 0.0 0.14 2292

1745541688
0.0 0.0 0.14 4310

1745541689
0.0 0.0 0.14 4721

1745541690
0.0 0.0 0.14 4235

1745541691
0.0 0.0 0.14 2547

1745541692
0.0 0.0 0.14 2806

1745541693
0.0 0.0 0.14 3319

1745541694
0.0 0.0 0.14 4055

1745541695
0.0 0.0 0.14 3324

1745541696
0.0 0.0 0.14 4511

1745541697
0.0 0.0 0.14 3000

1745541698
0.0 0.0 0.14 3991

1745541699
0.0 0.0 0.13 5130

1745541700
0.0 0.0 0.13 6797

1745541701
0.0 0.0 0.13 2623

1745541702
0.0 0.0 0.13 2403

1745541703
0.0 0.0 0.13 5023

1745541704
0.0 0.0 0.13 4129

1745541705
0.0 0.0 0.13 3955

1745541706
0.0 0.0 0.13 2190

1745541707
0.0 0.0 0.13 3200

1745541708
0.0 0.0 0.13 3118

1745541709
0.0 0.0 0.13 1702

1745541710
0.0 0.0 0.13 2517

1745541711
0.0 0.0 0.13 4674

1745541712
0.0 0.0 0.13 2836

1745541713
0.0 0.0 0.13 3698

1745541714
0.0 0.0 0.13 3306

1745541715
0.0 0.0 0.13 4491

1745541716
0.0 0.0 0.13 3127

1745541717
0.0 0.0 0.13 4430

1745541718
0.0 0.0 0.13 2254

1745541719
0.0 0.0 0.13 641

1745541720
0.0 0.0 0.12 485

1745541721
0.0 0.0 0.12 303

1745541722
0.0 0.0 0.12 321

1745541723
0.0 0.0 0.12 861

1745541724
0.0 0.0 0.12 5003

1745541725
0.0 0.0 0.12 2946

1745541726
0.0 0.0 0.12 2666

1745541727
0.0 0.0 0.12 3553

1745541728
0.0 0.0 0.12 2696

1745541729
0.0 0.0 0.12 2959

1745541730
0.0 0.0 0.12 2446

1745541731
0.0 0.0 0.12 3271

1745541732
0.0 0.0 0.12 4514

1745541733
0.0 0.0 0.12 4842

1745541734
0.0 0.0 0.12 4117

1745541735
0.0 0.0 0.12 4229

1745541736
0.0 0.0 0.12 2675

1745541737
0.0 0.0 0.12 2108

1745541738
0.0 0.0 0.12 3291

1745541739
0.0 0.0 0.12 2707

1745541740
0.0 0.0 0.12 2667

1745541741
0.0 0.0 0.12 3601

1745541742
0.0 0.0 0.11 3310

1745541743
0.0 0.0 0.11 2034

1745541744
0.0 0.0 0.11 3814

1745541745
0.0 0.0 0.11 6451

1745541746
0.0 0.0 0.11 3101

1745541747
0.0 0.0 0.11 2718

1745541748
0.0 0.0 0.11 3993

1745541749
0.0 0.0 0.11 2718

1745541750
0.0 0.0 0.11 2573

1745541751
0.0 0.0 0.11 2242

1745541752
0.0 0.0 0.11 2495

1745541753
0.0 0.0 0.11 2637

1745541754
0.0 0.0 0.11 1894

1745541755
0.0 0.0 0.11 2690

1745541756
0.0 0.0 0.11 5210

1745541757
0.0 0.0 0.11 4344

1745541758
0.0 0.0 0.11 3775

1745541759
0.0 0.0 0.11 3983

1745541760
0.0 0.0 0.11 5620

1745541761
0.0 0.0 0.11 5458

1745541762
0.0 0.0 0.1 3753

1745541763
0.0 0.0 0.1 6910

1745541764
0.0 0.0 0.1 4102

1745541765
0.0 0.0 0.1 2789

1745541766
0.0 0.0 0.1 3869

1745541767
0.0 0.0 0.1 5640

1745541768
0.0 0.0 0.1 2485

1745541769
0.0 0.0 0.1 3013

1745541770
0.0 0.0 0.1 3410

1745541771
0.0 0.0 0.1 3408

1745541772
0.0 0.0 0.1 3147

1745541773
0.0 0.0 0.1 3248

1745541774
0.0 0.0 0.1 3504

1745541775
0.0 0.0 0.1 3307

1745541776
0.0 0.0 0.1 6105

1745541777
0.0 0.0 0.1 5636

1745541778
0.0 0.0 0.1 1791

1745541779
0.0 0.0 0.1 2369

1745541780
0.0 0.0 0.1 2365

1745541781
0.0 0.0 0.1 2501

1745541782
0.0 0.0 0.09 1603

1745541783
0.0 0.0 0.09 3973

1745541784
0.0 0.0 0.09 5187

1745541785
0.0 0.0 0.09 3613

1745541786
0.0 0.0 0.09 2524

1745541787
0.0 0.0 0.09 4630

1745541788
0.0 0.0 0.09 2954

1745541789
0.0 0.0 0.09 1911

1745541790
0.0 0.0 0.09 4415

1745541791
0.0 0.0 0.09 4189

1745541792
0.0 0.0 0.09 3030

1745541793
0.0 0.0 0.09 4913

1745541794
0.0 0.0 0.09 2746

1745541795
0.0 0.0 0.09 4113

1745541796
0.0 0.0 0.09 6064

1745541797
0.0 0.0 0.09 4308

1745541798
0.0 0.0 0.09 2157

1745541799
0.0 0.0 0.09 2522

1745541800
0.0 0.0 0.09 2674

1745541801
0.0 0.0 0.09 2440

1745541802
0.0 0.0 0.08 4044

1745541803
0.0 0.0 0.08 3443

1745541804
0.0 0.0 0.08 4056

1745541805
0.0 0.0 0.08 2712

1745541806
0.0 0.0 0.08 4152

1745541807
0.0 0.0 0.08 3297

1745541808
0.0 0.0 0.08 5515

1745541809
0.0 0.0 0.08 1826

1745541810
0.0 0.0 0.08 4566

1745541811
0.0 0.0 0.08 3789

1745541812
0.0 0.0 0.08 2703

1745541813
0.0 0.0 0.08 4223

1745541814
0.0 0.0 0.08 2197

1745541815
0.0 0.0 0.08 5763

1745541816
0.0 0.0 0.08 3242

1745541817
0.0 0.0 0.08 3169

1745541818
0.0 0.0 0.08 2795

1745541819
0.0 0.0 0.08 2862

1745541820
0.0 0.0 0.08 2501

1745541821
0.0 0.0 0.08 2852

1745541822
0.0 0.0 0.08 3652

1745541823
0.0 0.0 0.08 5551

1745541824
0.0 0.0 0.07 5358

1745541825
0.0 0.0 0.07 3784

1745541826
0.0 0.0 0.07 2566

1745541827
0.0 0.0 0.07 2099

1745541828
0.0 0.0 0.07 2052

1745541829
0.0 0.0 0.07 1893

1745541830
0.0 0.0 0.07 2260

1745541831
0.0 0.0 0.07 5418

1745541832
0.0 0.0 0.07 4033

1745541833
0.0 0.0 0.07 4119

1745541834
0.0 0.0 0.07 3022

1745541835
0.0 0.0 0.07 2913

1745541836
0.0 0.0 0.07 6481

1745541837
0.0 0.0 0.07 5406

1745541838
0.0 0.0 0.07 4823

1745541839
0.0 0.0 0.07 3166

1745541840
0.0 0.0 0.07 3456

1745541841
0.0 0.0 0.07 4170

1745541842
0.0 0.0 0.07 2278

1745541843
0.0 0.0 0.07 5870

1745541844
0.0 0.0 0.07 4676

1745541845
0.0 0.0 0.07 4580

1745541846
0.0 0.0 0.06 2367

1745541847
0.0 0.0 0.06 6732

1745541848
0.0 0.0 0.06 3032

1745541849
0.0 0.0 0.06 2772

1745541850
0.0 0.0 0.06 4505

1745541851
0.0 0.0 0.06 2259

1745541852
0.0 0.0 0.06 3074

1745541853
0.0 0.0 0.06 2173

1745541854
0.0 0.0 0.06 940

1745541855
0.0 0.0 0.06 463

1745541856
0.0 0.0 0.06 516

1745541857
0.0 0.0 0.06 178

1745541858
0.0 0.0 0.06 1179

1745541859
0.0 0.0 0.06 2289

1745541860
0.0 0.0 0.06 3878

1745541861
0.0 0.0 0.06 3928

1745541862
0.0 0.0 0.06 5342

1745541863
0.0 0.0 0.06 3553

1745541864
0.0 0.0 0.06 7845

1745541865
0.0 0.0 0.06 2534

1745541866
0.0 0.0 0.06 3949

1745541867
0.0 0.0 0.06 2495

1745541868
0.0 0.0 0.06 3804

1745541869
0.0 0.0 0.06 4369

1745541870
0.0 0.0 0.06 1749

1745541871
0.0 0.0 0.06 2997

1745541872
0.0 0.0 0.06 1848

1745541873
0.0 0.0 0.06 3406

1745541874
0.0 0.0 0.06 2088

1745541875
0.0 0.0 0.06 2989

1745541876
0.0 0.0 0.06 3195

1745541877
0.0 0.0 0.06 2214

1745541878
0.0 0.0 0.06 3422

1745541879
0.0 0.0 0.06 7005

1745541880
0.0 0.0 0.06 3332

1745541881
0.0 0.0 0.06 2810

1745541882
0.0 0.0 0.06 2440

1745541883
0.0 0.0 0.06 2243

1745541884
0.0 0.0 0.06 2312

1745541885
0.0 0.0 0.06 4140

1745541886
0.0 0.0 0.06 2180

1745541887
0.0 0.0 0.06 2202

1745541888
0.0 0.0 0.05 3540

1745541889
0.0 0.0 0.05 2569

1745541890
0.0 0.0 0.05 2478

1745541891
0.0 0.0 0.05 4001

1745541892
0.0 0.0 0.05 6072

1745541893
0.0 0.0 0.05 3244

1745541894
0.0 0.0 0.05 4834

1745541895
0.0 0.0 0.05 3779

1745541896
0.0 0.0 0.05 2149

1745541897
0.0 0.0 0.05 1855

1745541898
0.0 0.0 0.05 2983

1745541899
0.0 0.0 0.05 2472

1745541900
0.0 0.0 0.05 3983

1745541901
0.0 0.0 0.05 5339

1745541902
0.0 0.0 0.05 5152

1745541903
0.0 0.0 0.05 3476

1745541904
0.0 0.0 0.05 2617

1745541905
0.0 0.0 0.05 4736

1745541906
0.0 0.0 0.05 3320

1745541907
0.0 0.0 0.05 3696

1745541908
0.0 0.0 0.05 3479

1745541909
0.0 0.0 0.05 3769

1745541911
0.0 0.0 0.05 5524

1745541912
0.0 0.0 0.05 2922

1745541913
0.0 0.0 0.05 4011

1745541914
0.0 0.0 0.05 4957

1745541915
0.0 0.0 0.05 2438

1745541916
0.0 0.0 0.05 3639

1745541917
0.0 0.0 0.05 2798

1745541918
0.0 0.0 0.05 4296

1745541919
0.0 0.0 0.05 2668

1745541920
0.0 0.0 0.05 1779

1745541921
0.0 0.0 0.05 2431

1745541922
0.0 0.0 0.05 2116

1745541923
0.0 0.0 0.05 3470

1745541924
0.0 0.0 0.05 4220

1745541925
0.0 0.0 0.05 2386

1745541926
0.0 0.0 0.05 2956

1745541927
0.0 0.0 0.05 3769

1745541928
0.0 0.0 0.04 6222

1745541929
0.0 0.0 0.04 3074

1745541930
0.0 0.0 0.04 2184

1745541931
0.0 0.0 0.04 5383

1745541932
0.0 0.0 0.04 4387

1745541933
0.0 0.0 0.04 4257

1745541934
0.0 0.0 0.04 4350

1745541935
0.0 0.0 0.04 2963

1745541936
0.0 0.0 0.04 5924

1745541937
0.0 0.0 0.04 3064

1745541938
0.0 0.0 0.04 4258

1745541939
0.0 0.0 0.04 4168

1745541940
0.0 0.0 0.04 4448

1745541941
0.0 0.0 0.04 4172

1745541942
0.0 0.0 0.04 6663

1745541943
0.0 0.0 0.04 2428

1745541944
0.0 0.0 0.04 741

1745541945
0.0 0.0 0.04 392

1745541946
0.0 0.0 0.04 243

1745541947
0.0 0.0 0.04 319

1745541948
0.0 0.0 0.04 4226

1745541949
0.0 0.0 0.04 1928

1745541950
0.0 0.0 0.04 2999

1745541951
0.0 0.0 0.04 6186

1745541952
0.0 0.0 0.04 6135

1745541953
0.0 0.0 0.04 3232

1745541954
0.0 0.0 0.04 3695

1745541955
0.0 0.0 0.04 8233

1745541956
0.0 0.0 0.04 2128

1745541957
0.0 0.0 0.04 4370

1745541958
0.0 0.0 0.04 4519

1745541959
0.0 0.0 0.04 2680

1745541960
0.0 0.0 0.04 5950

1745541961
0.0 0.0 0.04 3797

1745541962
0.0 0.0 0.04 7452

1745541963
0.0 0.0 0.04 3563

1745541964
0.0 0.0 0.04 6626

1745541965
0.0 0.0 0.04 3670

1745541966
0.0 0.0 0.04 6499

1745541967
0.0 0.0 0.04 5843

1745541968
0.0 0.0 0.04 5474

1745541969
0.0 0.0 0.04 5718

1745541970
0.0 0.0 0.03 4169

1745541971
0.0 0.0 0.03 5187

1745541972
0.0 0.0 0.03 5225

1745541973
0.0 0.0 0.03 3748

1745541974
0.0 0.0 0.03 2568

1745541975
0.0 0.0 0.03 3623

1745541976
0.0 0.0 0.03 3050

1745541977
0.0 0.0 0.03 2727

1745541978
0.0 0.0 0.03 5150

1745541979
0.0 0.0 0.03 3204

1745541980
0.0 0.0 0.03 4887

1745541981
0.0 0.0 0.03 5101

1745541982
0.0 0.0 0.03 7178

1745541983
0.0 0.0 0.03 2971

1745541984
0.0 0.0 0.03 3738

1745541985
0.0 0.0 0.03 4283

1745541986
0.0 0.0 0.03 4992

1745541987
0.0 0.0 0.03 3110

1745541988
0.0 0.0 0.03 2932

1745541989
0.0 0.0 0.03 4784

1745541990
0.0 0.0 0.03 3836

1745541991
0.0 0.0 0.03 3580

1745541992
0.0 0.0 0.03 5233

1745541993
0.0 0.0 0.03 2155

1745541994
0.0 0.0 0.03 4596

1745541995
0.0 0.0 0.03 3936

1745541996
0.0 0.0 0.03 5417

1745541997
0.0 0.0 0.03 2652

1745541998
0.0 0.0 0.03 4706

1745541999
0.0 0.0 0.03 2776

1745542000
0.0 0.0 0.03 3137

1745542001
0.0 0.0 0.03 3778

1745542003
0.0 0.0 0.03 7594

1745542004
0.0 0.0 0.03 3336

1745542005
0.0 0.0 0.03 5181

1745542006
0.0 0.0 0.03 6662

1745542007
0.0 0.0 0.03 3149

1745542008
0.0 0.0 0.03 3203

1745542009
0.0 0.0 0.03 6813

1745542010
0.0 0.0 0.02 4050

1745542011
0.0 0.0 0.02 5762

1745542012
0.0 0.0 0.02 8800

1745542013
0.0 0.0 0.02 2389

1745542014
0.0 0.0 0.02 5958

1745542015
0.0 0.0 0.02 4583

1745542016
0.0 0.0 0.02 5238

1745542017
0.0 0.0 0.02 3411

1745542018
0.0 0.0 0.02 2302

1745542019
0.0 0.0 0.02 3529

1745542020
0.0 0.0 0.02 4885

1745542021
0.0 0.0 0.02 4651

1745542022
0.0 0.0 0.02 3007

1745542023
0.0 0.0 0.02 2835

1745542024
0.0 0.0 0.02 2618

1745542025
0.0 0.0 0.02 3483

1745542026
0.0 0.0 0.02 3425

1745542027
0.0 0.0 0.02 5804

1745542028
0.0 0.0 0.02 1833

1745542029
0.0 0.0 0.02 3133

1745542030
0.0 0.0 0.02 3297

1745542031
0.0 0.0 0.02 3037

1745542032
0.0 0.0 0.02 2181

1745542033
0.0 0.0 0.02 2477

1745542034
0.0 0.0 0.02 2600

1745542035
0.0 0.0 0.02 2406

1745542036
0.0 0.0 0.02 2523

1745542037
0.0 0.0 0.02 2828

1745542038
0.0 0.0 0.02 2746

1745542039
0.0 0.0 0.02 2769

1745542040
0.0 0.0 0.02 3558

1745542041
0.0 0.0 0.02 7815

1745542042
0.0 0.0 0.02 1944

1745542043
0.0 0.0 0.02 2501

1745542044
0.0 0.0 0.02 5536

1745542045
0.0 0.0 0.02 4320

1745542046
0.0 0.0 0.02 6286

1745542047
0.0 0.0 0.02 2835

1745542048
0.0 0.0 0.02 2874

1745542049
0.0 0.0 0.02 4066

1745542050
0.0 0.0 0.02 3908

1745542051
0.0 0.0 0.02 3355

1745542052
0.0 0.0 0.01 2626

1745542053
0.0 0.0 0.01 2138

1745542054
0.0 0.0 0.01 6480

1745542055
0.0 0.0 0.01 4148

1745542056
0.0 0.0 0.01 3790

1745542057
0.0 0.0 0.01 3485

1745542058
0.0 0.0 0.01 3127

1745542059
0.0 0.0 0.01 2687

1745542060
0.0 0.0 0.01 2096

1745542061
0.0 0.0 0.01 5003

1745542062
0.0 0.0 0.01 3443

1745542063
0.0 0.0 0.01 2803

1745542064
0.0 0.0 0.01 6522

1745542065
0.0 0.0 0.01 5114

1745542066
0.0 0.0 0.01 2709

1745542067
0.0 0.0 0.01 5019

1745542068
0.0 0.0 0.01 3317

1745542069
0.0 0.0 0.01 3075

1745542070
0.0 0.0 0.01 5624

1745542071
0.0 0.0 0.01 4850

1745542072
0.0 0.0 0.01 3126

1745542073
0.0 0.0 0.01 5108

1745542074
0.0 0.0 0.01 7134

1745542075
0.0 0.0 0.01 5918

1745542076
0.0 0.0 0.01 4584

1745542077
0.0 0.0 0.01 5506

1745542078
0.0 0.0 0.01 2395

1745542079
0.0 0.0 0.01 7265

1745542080
0.0 0.0 0.01 6787

1745542081
0.0 0.0 0.01 3177

1745542082
0.0 0.0 0.01 2383

1745542083
0.0 0.0 0.01 5664

1745542084
0.0 0.0 0.01 4873

1745542085
0.0 0.0 0.01 7403

1745542086
0.0 0.0 0.01 2815

1745542087
0.0 0.0 0.01 4043

1745542088
0.0 0.0 0.01 7183

1745542089
0.0 0.0 0.01 7453

1745542090
0.0 0.0 0.01 4968

1745542091
0.0 0.0 0.01 5739

1745542092
0.0 0.0 0.0 2655

1745542093
0.0 0.0 0.0 2719

1745542094
0.0 0.0 0.0 2771

1745542095
0.0 0.0 0.0 4024

1745542096
0.0 0.0 0.0 2906

1745542097
0.0 0.0 0.0 6178

1745542098
0.0 0.0 0.0 5590

1745542099
0.0 0.0 0.0 4803

1745542100
0.0 0.0 0.0 2817

1745542101
0.0 0.0 0.0 4193

1745542102
0.0 0.0 0.0 3314

1745542103
0.0 0.0 0.0 2800

1745542104
0.0 0.0 0.0 3730

1745542105
0.0 0.0 0.0 2071

1745542106
0.0 0.0 0.0 2988

1745542107
0.0 0.0 0.0 2140

1745542108
0.0 0.0 0.0 2707

1745542109
0.0 0.0 0.0 2743

1745542110
0.0 0.0 0.0 6303

1745542111
0.0 0.0 0.0 3808

1745542112
0.0 0.0 0.0 5166

1745542113
0.0 0.0 0.0 3072

1745542114
0.0 0.0 0.0 2927

1745542115
0.0 0.0 0.0 2982

1745542117
0.0 0.0 0.0 7813

1745542118
0.0 0.0 0.0 5574

1745542119
0.0 0.0 0.0 4491

1745542120
0.0 0.0 0.0 8220

1745542121
0.0 0.0 0.0 7932

1745542122
0.0 0.0 0.0 7527

1745542123
0.0 0.0 0.0 2226

1745542124
0.0 0.0 0.0 856

1745542125
0.0 0.0 0.0 286

1745542126
0.0 0.0 0.0 315

1745542127
0.0 0.0 0.0 241

1745542128
0.0 0.0 0.0 1701

1745542129
0.0 0.0 0.0 1953

1745542130
0.0 0.0 0.0 1518

1745542131
0.0 0.0 0.0 2057

1745542132
0.0 0.0 0.0 5742

1745542133
0.0 0.0 0.0 7293

1745542134
0.0 0.0 0.0 5432

1745542135
0.0 0.0 0.0 7760

1745542136
0.0 0.0 0.0 2243

1745542137
0.0 0.0 0.0 2728

1745542138
0.0 0.0 0.0 3794

1745542139
0.0 0.0 0.0 2723

1745542140
0.0 0.0 0.0 2911

1745542141
0.0 0.0 0.0 2500

1745542142
0.0 0.0 0.0 4709

1745542143
0.0 0.0 0.0 6381

1745542144
0.0 0.0 0.0 3186

1745542145
0.0 0.0 0.0 3063

1745542146
0.0 0.0 0.0 3876

1745542147
0.0 0.0 0.0 6911

1745542148
0.0 0.0 0.0 3685

1745542149
0.0 0.0 0.0 7187

1745542150
0.0 0.0 0.0 4976

1745542151
0.0 0.0 0.0 5786

1745542152
0.0 0.0 0.0 2918

1745542153
0.0 0.0 0.0 3577

1745542154
0.0 0.0 0.0 5068

1745542155
0.0 0.0 0.0 3522

1745542156
0.0 0.0 0.0 3330

1745542157
0.0 0.0 0.0 4404

1745542158
0.0 0.0 0.0 4780

1745542159
0.0 0.0 0.0 3368

1745542160
0.0 0.0 0.0 2965

1745542161
0.0 0.0 0.0 5859

1745542162
0.0 0.0 0.0 5434

1745542163
0.0 0.0 0.0 4557

1745542164
0.0 0.0 0.0 6795

1745542165
0.0 0.0 0.0 3967

1745542166
0.0 0.0 0.0 3119

1745542167
0.0 0.0 0.0 3207

1745542168
0.0 0.0 0.0 3500

1745542169
0.0 0.0 0.0 4980

1745542170
0.0 0.0 0.0 4314

1745542171
0.0 0.0 0.0 4533

1745542172
0.0 0.0 0.0 5173

1745542173
0.0 0.0 0.0 5849

1745542174
0.0 0.0 0.0 5593

1745542175
0.0 0.0 0.0 2839

1745542176
0.0 0.0 0.0 4105

1745542177
0.0 0.0 0.0 2953

1745542178
0.0 0.0 0.0 3822

1745542179
0.0 0.0 0.0 3806

1745542180
0.0 0.0 0.0 4477

1745542181
0.0 0.0 0.0 3900

1745542182
0.0 0.0 0.0 4903

1745542183
0.0 0.0 0.0 4238

1745542184
0.0 0.0 0.0 5352

1745542185
0.0 0.0 0.0 2204

1745542186
0.0 0.0 0.0 5842

1745542188
0.0 0.0 0.0 8640

1745542189
0.0 0.0 0.0 4834

1745542190
0.0 0.0 0.0 3879

1745542191
0.0 0.0 0.0 7050

1745542192
0.0 0.0 0.0 4459

1745542193
0.0 0.0 0.0 2396

1745542194
0.0 0.0 0.0 4106

1745542195
0.0 0.0 0.0 3026

1745542196
0.0 0.0 0.0 6746

1745542198
0.0 0.0 0.0 5403

1745542199
0.0 0.0 0.0 3423

1745542200
0.0 0.0 0.0 3439

1745542201
0.0 0.0 0.0 7795

1745542202
0.0 0.0 0.0 5764

1745542203
0.0 0.0 0.0 2759

1745542204
0.0 0.0 0.0 2790

1745542205
0.0 0.0 0.0 3798

1745542206
0.0 0.0 0.0 2937

1745542207
0.0 0.0 0.0 3938

1745542208
0.0 0.0 0.0 6743

1745542209
0.0 0.0 0.0 3734

1745542210
0.0 0.0 0.0 4182

1745542211
0.0 0.0 0.0 6778

1745542212
0.0 0.0 0.0 3512

1745542213
0.0 0.0 0.0 6252

1745542214
0.0 0.0 0.0 3493

1745542215
0.0 0.0 0.0 4431

1745542216
0.0 0.0 0.0 6387

1745542217
0.0 0.0 0.0 5041

1745542218
0.0 0.0 0.0 4838

1745542219
0.0 0.0 0.0 7795

1745542220
0.0 0.0 0.0 2880

1745542221
0.0 0.0 0.0 3355

1745542222
0.0 0.0 0.0 2944

1745542223
0.0 0.0 0.0 4129

1745542224
0.0 0.0 0.0 708

1745542225
0.0 0.0 0.0 337

1745542226
0.0 0.0 0.0 278

1745542227
0.0 0.0 0.0 306

1745542228
0.0 0.0 0.0 209

1745542229
0.0 0.0 0.0 44

1745542230
0.0 0.0 0.0 2308

1745542231
0.0 0.0 0.0 1602

1745542232
0.0 0.0 0.0 2984

1745542233
0.0 0.0 0.0 1671

1745542234
0.0 0.0 0.0 4771

1745542235
0.0 0.0 0.0 3209

1745542236
0.0 0.0 0.0 3701

1745542237
0.0 0.0 0.0 3837

1745542238
0.0 0.0 0.0 2129

1745542239
0.0 0.0 0.0 2920

1745542240
0.0 0.0 0.0 2574

1745542241
0.0 0.0 0.0 5361

1745542242
0.0 0.0 0.0 2367

1745542243
0.0 0.0 0.0 3539

1745542244
0.0 0.0 0.0 6572

1745542245
0.0 0.0 0.0 5552

1745542246
0.0 0.0 0.0 2937

1745542247
0.0 0.0 0.0 3142

1745542248
0.0 0.0 0.0 6543

1745542249
0.0 0.0 0.0 4820

1745542250
0.0 0.0 0.0 5940

1745542251
0.0 0.0 0.0 1647

1745542252
0.0 0.0 0.0 2277

1745542253
0.0 0.0 0.0 8262

1745542254
0.0 0.0 0.0 4625

1745542255
0.0 0.0 0.0 4783

1745542256
0.0 0.0 0.0 6299

1745542258
0.0 0.0 0.0 5842

1745542259
0.0 0.0 0.0 4763

1745542260
0.0 0.0 0.0 4361

1745542261
0.0 0.0 0.0 4820

1745542262
0.0 0.0 0.0 3610

1745542263
0.0 0.0 0.0 4689

1745542264
0.0 0.0 0.0 3874

1745542265
0.0 0.0 0.0 3025

1745542266
0.0 0.0 0.0 3132

1745542267
0.0 0.0 0.0 3301

1745542268
0.0 0.0 0.0 2805

1745542269
0.0 0.0 0.0 5567

1745542270
0.0 0.0 0.0 5097

1745542271
0.0 0.0 0.0 3312

1745542272
0.0 0.0 0.0 3550

1745542273
0.0 0.0 0.0 3828

1745542274
0.0 0.0 0.0 3552

1745542275
0.0 0.0 0.0 4081

1745542277
0.0 0.0 0.0 6419

1745542278
0.0 0.0 0.0 5048

1745542279
0.0 0.0 0.0 5233

1745542280
0.0 0.0 0.0 4654

1745542281
0.0 0.0 0.0 3696

1745542282
0.0 0.0 0.0 3898

1745542283
0.0 0.0 0.0 4986

1745542284
0.0 0.0 0.0 3920

1745542285
0.0 0.0 0.0 6024

1745542286
0.0 0.0 0.0 4001

1745542287
0.0 0.0 0.0 6483

1745542288
0.0 0.0 0.0 6689

1745542289
0.0 0.0 0.0 2958

1745542290
0.0 0.0 0.0 4032

1745542291
0.0 0.0 0.0 3803

1745542292
0.0 0.0 0.0 2803

1745542293
0.0 0.0 0.0 6753

1745542294
0.0 0.0 0.0 7605

1745542295
0.0 0.0 0.0 6050

1745542296
0.0 0.0 0.0 6285

1745542297
0.0 0.0 0.0 4983

1745542298
0.0 0.0 0.0 4831

1745542299
0.0 0.0 0.0 2581

1745542300
0.0 0.0 0.0 2477

1745542301
0.0 0.0 0.0 2000

1745542302
0.0 0.0 0.0 2901

1745542303
0.0 0.0 0.0 4117

1745542304
0.0 0.0 0.0 2087

1745542305
0.0 0.0 0.0 1513

1745542306
0.0 0.0 0.0 2044

1745542307
0.0 0.0 0.0 2766

1745542308
0.0 0.0 0.0 3458

1745542309
0.0 0.0 0.0 1593

1745542310
0.0 0.0 0.0 6633

1745542311
0.0 0.0 0.0 7609

1745542312
0.0 0.0 0.0 6895

1745542313
0.0 0.0 0.0 3845

1745542314
0.0 0.0 0.0 4137

1745542315
0.0 0.0 0.0 3189

1745542316
0.0 0.0 0.0 3826

1745542317
0.0 0.0 0.0 3861

1745542318
0.0 0.0 0.0 3455

1745542319
0.0 0.0 0.0 5298

1745542320
0.0 0.0 0.0 5081

1745542321
0.0 0.0 0.0 4813

1745542322
0.0 0.0 0.0 3216

1745542323
0.0 0.0 0.0 5276

1745542324
0.0 0.0 0.0 5034

1745542325
0.0 0.0 0.0 6108

1745542326
0.0 0.0 0.0 9570

1745542328
0.0 0.0 0.0 10948

1745542329
0.0 0.0 0.0 5720

1745542330
0.0 0.0 0.0 2934

1745542331
0.0 0.0 0.0 4063

1745542332
0.0 0.0 0.0 7710

1745542333
0.0 0.0 0.0 3054

1745542334
0.0 0.0 0.0 4129

1745542335
0.0 0.0 0.0 4228

1745542336
0.0 0.0 0.0 3792

1745542337
0.0 0.0 0.0 7634

1745542338
0.0 0.0 0.0 5801

1745542339
0.0 0.0 0.0 5850

1745542340
0.0 0.0 0.0 6778

1745542341
0.0 0.0 0.0 7393

1745542342
0.0 0.0 0.0 4867

1745542343
0.0 0.0 0.0 9652

1745542344
0.0 0.0 0.0 6962

1745542345
0.0 0.0 0.0 3792

1745542346
0.0 0.0 0.0 5730

1745542347
0.0 0.0 0.0 11080

1745542348
0.18 0.03 0.0 10854

1745542349
0.18 0.03 0.0 9791

1745542350
0.14 0.03 0.0 6705

1745542351
0.14 0.03 0.0 6395

1745542352
0.12 0.02 0.0 7183

1745542353
0.12 0.02 0.0 6134

1745542354
0.09 0.02 0.0 6817

1745542355
0.09 0.02 0.0 6700

1745542356
0.08 0.02 0.0 9546

1745542357
0.08 0.02 0.0 5980

1745542358
0.06 0.02 0.0 8480

1745542359
0.06 0.02 0.0 6411

1745542360
0.05 0.02 0.0 10277

1745542361
0.05 0.02 0.0 6643

1745542362
0.04 0.02 0.0 6330

1745542363
0.04 0.02 0.0 3495

1745542364
0.03 0.02 0.0 3306

1745542365
0.03 0.02 0.0 9673

1745542366
0.02 0.02 0.0 6208

1745542367
0.02 0.02 0.0 3550

1745542368
0.02 0.02 0.0 4426

1745542369
0.02 0.02 0.0 6033

1745542370
0.01 0.02 0.0 8487

1745542371
0.01 0.02 0.0 6450

1745542372
0.01 0.02 0.0 8673

1745542373
0.01 0.02 0.0 4668

1745542374
0.01 0.01 0.0 7765

1745542375
0.01 0.01 0.0 6711

1745542376
0.0 0.01 0.0 6356

1745542377
0.0 0.01 0.0 6801

1745542378
0.0 0.01 0.0 8733

1745542379
0.0 0.01 0.0 7939

1745542380
0.0 0.01 0.0 8976

1745542381
0.0 0.01 0.0 7606

1745542382
0.0 0.01 0.0 6449

1745542383
0.0 0.01 0.0 7042

1745542384
0.0 0.01 0.0 7184

1745542385
0.0 0.01 0.0 6152

1745542386
0.0 0.01 0.0 8848

1745542387
0.0 0.01 0.0 4790

1745542388
0.0 0.01 0.0 5185

1745542389
0.0 0.01 0.0 6041

1745542390
0.0 0.01 0.0 4373

1745542391
0.0 0.01 0.0 6368

1745542392
0.0 0.01 0.0 3936

1745542393
0.0 0.01 0.0 8709

1745542394
0.0 0.01 0.0 7292

1745542395
0.0 0.01 0.0 5127

1745542396
0.0 0.01 0.0 11114

1745542397
0.0 0.01 0.0 6018

1745542398
0.0 0.01 0.0 5300

1745542399
0.0 0.01 0.0 3335

1745542400
0.0 0.01 0.0 6434

1745542401
0.0 0.01 0.0 6627

1745542402
0.0 0.0 0.0 5923

1745542403
0.0 0.0 0.0 1897

1745542404
0.0 0.0 0.0 426

1745542405
0.0 0.0 0.0 451

1745542406
0.0 0.0 0.0 161

1745542407
0.0 0.0 0.0 391

1745542408
0.0 0.0 0.0 3412

1745542409
0.0 0.0 0.0 4462

1745542410
0.0 0.0 0.0 3186

1745542411
0.0 0.0 0.0 7218

1745542412
0.0 0.0 0.0 4399

1745542413
0.0 0.0 0.0 1929

1745542414
0.0 0.0 0.0 5891

1745542415
0.0 0.0 0.0 7436

1745542416
0.0 0.0 0.0 6086

1745542417
0.0 0.0 0.0 7379

1745542418
0.0 0.0 0.0 14729

1745542420
0.18 0.03 0.0 22821

1745542421
0.18 0.03 0.0 5985

1745542422
0.32 0.07 0.01 11262

1745542423
0.32 0.07 0.01 5947

1745542424
0.26 0.06 0.01 7151

1745542425
0.26 0.06 0.01 7752

1745542426
0.22 0.06 0.01 6625

1745542427
0.22 0.06 0.01 7413

1745542428
0.18 0.06 0.01 5104

1745542429
0.18 0.06 0.01 6020

1745542430
0.14 0.06 0.01 4323

1745542431
0.14 0.06 0.01 4345

1745542432
0.12 0.05 0.01 6860

1745542433
0.12 0.05 0.01 5956

1745542434
0.09 0.05 0.01 4152

1745542435
0.09 0.05 0.01 3045

1745542436
0.08 0.05 0.01 6435

1745542437
0.08 0.05 0.01 6900

1745542438
0.06 0.05 0.0 8366

1745542439
0.06 0.05 0.0 11018

1745542440
0.05 0.05 0.0 7382

1745542441
0.05 0.05 0.0 7001

1745542442
0.04 0.04 0.0 9587

1745542443
0.04 0.04 0.0 5904

1745542444
0.03 0.04 0.0 4067

1745542445
0.03 0.04 0.0 5936

1745542446
0.02 0.04 0.0 4438

1745542447
0.02 0.04 0.0 9043

1745542449
0.2 0.07 0.01 17356

1745542450
0.16 0.07 0.01 4609

1745542451
0.16 0.07 0.01 10172

1745542452
0.13 0.07 0.01 3764

1745542453
0.13 0.07 0.01 6329

1745542454
0.11 0.06 0.01 7077

1745542455
0.11 0.06 0.01 5491

1745542456
0.09 0.06 0.01 3383

1745542457
0.09 0.06 0.01 2676

1745542458
0.07 0.06 0.01 4896

1745542459
0.07 0.06 0.01 3444

1745542460
0.06 0.06 0.01 5207

1745542461
0.06 0.06 0.01 7884

1745542462
0.04 0.05 0.01 6740

1745542463
0.04 0.05 0.01 3760

1745542464
0.04 0.05 0.01 7280

1745542466
0.03 0.05 0.01 12959

1745542467
0.03 0.05 0.01 6308

1745542468
0.02 0.05 0.0 6412

1745542469
0.02 0.05 0.0 8880

1745542470
0.02 0.05 0.0 5746

1745542471
0.02 0.05 0.0 6376

1745542472
0.01 0.04 0.0 5228

1745542473
0.01 0.04 0.0 4867

1745542474
0.01 0.04 0.0 5650

1745542475
0.01 0.04 0.0 4618

1745542476
0.01 0.04 0.0 4986

1745542477
0.01 0.04 0.0 4779

1745542478
0.0 0.04 0.0 4546

1745542479
0.0 0.04 0.0 6122

1745542480
0.0 0.04 0.0 2815

1745542481
0.0 0.04 0.0 524

1745542482
0.0 0.04 0.0 180

1745542483
0.0 0.04 0.0 567

1745542484
0.0 0.03 0.0 7932

1745542486
0.0 0.03 0.0 7967

1745542487
0.0 0.03 0.0 2597

1745542488
0.0 0.03 0.0 2884

1745542489
0.0 0.03 0.0 3732

1745542490
0.0 0.03 0.0 7558

1745542491
0.0 0.03 0.0 5464

1745542492
0.0 0.03 0.0 5941

1745542494
0.0 0.03 0.0 13155

1745542495
0.0 0.03 0.0 4059

1745542496
0.0 0.02 0.0 5533

1745542497
0.0 0.02 0.0 6940

1745542498
0.0 0.02 0.0 3748

1745542499
0.0 0.02 0.0 4628

1745542500
0.0 0.02 0.0 3784

1745542501
0.0 0.02 0.0 4627

1745542502
0.0 0.02 0.0 2984

1745542503
0.0 0.02 0.0 4785

1745542504
0.0 0.02 0.0 4522

1745542505
0.0 0.02 0.0 5120

1745542506
0.0 0.02 0.0 4472

1745542507
0.0 0.02 0.0 5629

1745542508
0.0 0.02 0.0 6070

1745542509
0.0 0.02 0.0 5058

1745542510
0.0 0.02 0.0 6293

1745542511
0.0 0.02 0.0 2862

1745542512
0.0 0.02 0.0 5871

1745542513
0.0 0.02 0.0 6168

1745542514
0.0 0.02 0.0 5218

1745542515
0.0 0.02 0.0 5940

1745542516
0.0 0.02 0.0 4535

1745542517
0.0 0.02 0.0 5416

1745542518
0.0 0.01 0.0 3577

1745542519
0.0 0.01 0.0 6103

1745542520
0.0 0.01 0.0 5135

1745542521
0.0 0.01 0.0 5406

1745542522
0.0 0.01 0.0 5752

1745542523
0.0 0.01 0.0 2797

1745542524
0.0 0.01 0.0 6780

1745542525
0.0 0.01 0.0 6874

1745542526
0.0 0.01 0.0 8722

1745542527
0.0 0.01 0.0 8611

1745542528
0.0 0.01 0.0 3361

1745542529
0.0 0.01 0.0 3962

1745542530
0.0 0.01 0.0 6742

1745542531
0.0 0.01 0.0 4099

1745542532
0.0 0.01 0.0 5496

1745542533
0.0 0.01 0.0 9010

1745542534
0.0 0.01 0.0 4370

1745542535
0.0 0.01 0.0 19884

1745542536
0.9 0.17 0.03 102989

1745542537
0.9 0.17 0.03 240218

1745542538
7.08 1.31 0.27 567126

1745542539
7.08 1.31 0.27 670197

1745542540
18.29 3.53 0.74 710125

1745542541
18.29 3.53 0.74 675146

1745542542
26.21 5.44 1.16 568531

1745542543
26.21 5.44 1.16 603079

1745542544
31.79 7.13 1.54 560263

1745542545
31.79 7.13 1.54 484807

1745542546
34.18 8.36 1.84 370890

1745542547
34.18 8.36 1.84 307335

1745542548
33.42 9.07 2.03 251111

1745542549
33.42 9.07 2.03 174886

1745542550
30.63 9.36 2.14 141542

1745542551
30.63 9.36 2.14 119971

1745542552
27.25 9.45 2.21 106017

1745542553
27.25 9.45 2.21 83345

1745542554
23.76 9.4 2.25 65869

1745542555
23.76 9.4 2.25 47375

1745542556
20.18 9.23 2.26 33937

1745542557
20.18 9.23 2.26 22920

1745542558
16.89 8.99 2.26 10727

1745542559
16.89 8.99 2.26 4514

1745542560
13.83 8.69 2.24 3811

1745542561
13.83 8.69 2.24 3756

1745542562
11.32 8.41 2.23 4459

1745542563
11.32 8.41 2.23 3936

1745542564
9.27 8.13 2.21 7213

1745542565
9.27 8.13 2.21 3147

1745542566
7.59 7.87 2.19 3049

1745542567
7.59 7.87 2.19 2060

1745542568
6.21 7.61 2.18 3627

1745542569
6.21 7.61 2.18 2137

1745542570
5.09 7.36 2.16 2129

1745542571
5.09 7.36 2.16 1440

1745542572
4.16 7.12 2.15 1964

1745542573
4.16 7.12 2.15 3523

1745542574
3.41 6.89 2.13 2827

1745542575
3.41 6.89 2.13 2690

1745542576
2.79 6.66 2.12 1579

1745542577
2.79 6.66 2.12 1530

1745542578
2.28 6.44 2.1 3587

1745542579
2.28 6.44 2.1 5717

1745542580
1.87 6.23 2.09 7872

1745542581
1.87 6.23 2.09 5112

1745542582
1.53 6.03 2.08 1498

1745542583
1.53 6.03 2.08 4301

1745542584
1.25 5.83 2.06 4983

1745542585
1.25 5.83 2.06 7412

1745542586
1.02 5.64 2.05 5739

1745542587
1.02 5.64 2.05 6564

1745542589
0.84 5.45 2.03 12165

1745542590
0.68 5.27 2.02 9070

1745542591
0.68 5.27 2.02 6040

1745542592
0.56 5.1 2.0 7321

1745542594
0.46 4.93 1.99 11994

1745542595
0.46 4.93 1.99 3394

1745542596
0.37 4.77 1.98 6086

1745542597
0.37 4.77 1.98 5231

1745542598
0.3 4.62 1.96 7130

1745542599
0.3 4.62 1.96 6075

1745542600
0.25 4.46 1.95 3427

1745542601
0.25 4.46 1.95 8220

1745542602
0.2 4.32 1.93 4577

1745542603
0.2 4.32 1.93 2740

1745542604
0.16 4.18 1.92 3627

1745542605
0.16 4.18 1.92 4210

1745542606
0.13 4.04 1.91 6510

1745542607
0.13 4.04 1.91 11424

1745542608
0.11 3.91 1.89 2493

1745542609
0.11 3.91 1.89 5335

1745542610
0.09 3.78 1.88 3798

1745542611
0.09 3.78 1.88 5721

1745542612
0.07 3.65 1.87 4672

1745542613
0.07 3.65 1.87 9177

1745542614
0.06 3.53 1.86 8641

1745542615
0.06 3.53 1.86 4444

1745542616
0.05 3.42 1.84 4038

1745542617
0.05 3.42 1.84 4136

1745542618
0.04 3.31 1.83 8502

1745542619
0.04 3.31 1.83 4734

1745542620
0.03 3.2 1.82 6108

1745542621
0.03 3.2 1.82 6299

1745542622
0.02 3.09 1.8 5013

1745542623
0.02 3.09 1.8 3243

1745542624
0.02 2.99 1.79 6818

1745542625
0.02 2.99 1.79 5554

1745542626
0.01 2.89 1.78 3971

1745542627
0.01 2.89 1.78 5348

1745542628
0.01 2.8 1.77 5027

1745542629
0.01 2.8 1.77 2810

1745542630
0.01 2.71 1.75 9004

1745542632
0.0 2.62 1.74 9508

1745542633
0.0 2.62 1.74 6368

1745542634
0.0 2.53 1.73 6921

1745542635
0.0 2.53 1.73 3555

1745542636
0.0 2.45 1.72 6060

1745542637
0.0 2.45 1.72 5069

1745542638
0.0 2.37 1.71 6832

1745542639
0.0 2.37 1.71 4441

1745542640
0.0 2.29 1.69 3987

1745542641
0.0 2.29 1.69 7181

1745542642
0.0 2.21 1.68 4288

1745542643
0.0 2.21 1.68 4625

1745542644
0.0 2.14 1.67 10032

1745542645
0.0 2.14 1.67 3296

1745542647
0.0 2.07 1.66 7671

1745542648
0.0 2.0 1.65 9665

1745542649
0.0 2.0 1.65 6664

1745542650
0.0 1.94 1.64 3715

1745542651
0.0 1.94 1.64 3422

1745542652
0.0 1.87 1.62 4887

1745542653
0.0 1.87 1.62 5686

1745542654
0.0 1.81 1.61 7912

1745542655
0.0 1.81 1.61 3735

1745542656
0.0 1.75 1.6 5989

1745542657
0.0 1.75 1.6 5572

1745542658
0.0 1.69 1.59 4890

1745542659
0.0 1.69 1.59 7303

1745542660
0.0 1.64 1.58 6981

1745542661
0.0 1.64 1.58 6334

1745542662
0.0 1.58 1.57 3379

1745542663
0.0 1.58 1.57 6500

1745542664
0.0 1.53 1.56 7561

1745542665
0.0 1.53 1.56 5084

1745542666
0.0 1.48 1.55 3778

1745542667
0.0 1.48 1.55 4948

1745542668
0.0 1.43 1.54 4196

1745542669
0.0 1.43 1.54 3906

1745542670
0.0 1.39 1.52 6262

1745542671
0.0 1.39 1.52 3909

1745542672
0.0 1.34 1.51 2750

1745542673
0.0 1.34 1.51 6268

1745542674
0.0 1.3 1.5 3893

1745542675
0.0 1.3 1.5 5504

1745542676
0.0 1.25 1.49 9537

1745542677
0.0 1.25 1.49 5691

1745542678
0.0 1.21 1.48 2693

1745542679
0.0 1.21 1.48 6960

1745542680
0.0 1.17 1.47 3814

1745542681
0.0 1.17 1.47 5521

1745542682
0.0 1.13 1.46 7542

1745542683
0.0 1.13 1.46 4483

1745542684
0.0 1.09 1.45 3205

1745542685
0.0 1.09 1.45 3320

1745542686
0.0 1.06 1.44 4340

1745542687
0.0 1.06 1.44 4010

1745542688
0.0 1.02 1.43 6053

1745542689
0.0 1.02 1.43 4699

1745542690
0.0 0.99 1.42 4263

1745542691
0.0 0.99 1.42 7363

1745542692
0.0 0.96 1.41 5901

1745542693
0.0 0.96 1.41 4964

1745542695
0.0 0.93 1.4 6854

1745542696
0.0 0.89 1.39 8095

1745542697
0.0 0.89 1.39 6040

1745542698
0.0 0.86 1.38 5142

1745542699
0.0 0.86 1.38 4535

1745542700
0.0 0.84 1.37 6498

1745542702
0.0 0.81 1.36 7709

1745542703
0.0 0.81 1.36 5164

1745542704
0.0 0.78 1.35 6595

1745542705
0.0 0.78 1.35 4988

1745542706
0.0 0.76 1.34 3374

1745542707
0.0 0.76 1.34 4540

1745542708
0.0 0.73 1.33 2641

1745542709
0.0 0.73 1.33 8326

1745542710
0.0 0.71 1.32 6141

1745542711
0.0 0.71 1.32 5003

1745542712
0.0 0.68 1.31 3098

1745542713
0.0 0.68 1.31 5076

1745542714
0.0 0.66 1.31 8433

1745542715
0.0 0.66 1.31 6013

1745542716
0.0 0.64 1.3 4127

1745542717
0.0 0.64 1.3 4167

1745542718
0.0 0.62 1.29 2846

1745542719
0.0 0.62 1.29 3392

1745542720
0.0 0.6 1.28 5215

1745542721
0.0 0.6 1.28 8217

1745542722
0.0 0.58 1.27 6544

1745542723
0.0 0.58 1.27 5760

1745542724
0.0 0.56 1.26 5035

1745542725
0.0 0.56 1.26 5642

1745542726
0.0 0.54 1.25 4496

1745542727
0.0 0.54 1.25 2456

1745542728
0.0 0.52 1.24 3879

1745542729
0.0 0.52 1.24 7424

1745542730
0.0 0.5 1.23 3438

1745542731
0.0 0.5 1.23 3580

1745542732
0.0 0.49 1.22 5607

1745542734
0.0 0.47 1.22 8951

1745542735
0.0 0.47 1.22 3638

1745542736
0.0 0.45 1.21 5502

1745542737
0.0 0.45 1.21 3298

1745542738
0.0 0.44 1.2 2431

1745542739
0.0 0.44 1.2 5888

1745542740
0.0 0.42 1.19 4926

1745542741
0.0 0.42 1.19 3879

1745542742
0.0 0.41 1.18 4788

1745542743
0.0 0.41 1.18 8735

1745542744
0.0 0.4 1.17 3817

1745542745
0.0 0.4 1.17 3370

1745542746
0.0 0.38 1.17 5242

1745542747
0.0 0.38 1.17 5092

1745542748
0.0 0.37 1.16 4550

1745542749
0.0 0.37 1.16 6252

1745542750
0.0 0.36 1.15 6033

1745542751
0.0 0.36 1.15 5526

1745542752
0.0 0.35 1.14 4028

1745542753
0.0 0.35 1.14 3163

1745542754
0.0 0.33 1.13 4009

1745542755
0.0 0.33 1.13 4065

1745542756
0.0 0.32 1.12 5280

1745542757
0.0 0.32 1.12 8357

1745542758
0.0 0.31 1.12 4941

1745542759
0.0 0.31 1.12 2698

1745542760
0.0 0.3 1.11 3888

1745542761
0.0 0.3 1.11 6882

1745542762
0.0 0.29 1.1 4947

1745542763
0.0 0.29 1.1 3186

1745542764
0.0 0.28 1.09 405

1745542765
0.0 0.28 1.09 179

1745542766
0.0 0.27 1.09 554

1745542767
0.0 0.27 1.09 74

1745542768
0.0 0.26 1.08 2558

1745542769
0.0 0.26 1.08 3761

1745542770
0.0 0.25 1.07 4128

1745542771
0.0 0.25 1.07 2756

1745542772
0.0 0.24 1.06 5038

1745542773
0.0 0.24 1.06 4136

1745542774
0.0 0.24 1.06 5112

1745542775
0.0 0.24 1.06 2114

1745542776
0.0 0.23 1.05 4385

1745542777
0.0 0.23 1.05 4455

1745542778
0.0 0.22 1.04 2980

1745542779
0.0 0.22 1.04 3982

1745542780
0.0 0.21 1.03 2506

1745542781
0.0 0.21 1.03 5760

1745542782
0.0 0.2 1.03 4925

1745542783
0.0 0.2 1.03 4623

1745542784
0.0 0.2 1.02 8049

1745542785
0.0 0.2 1.02 5796

1745542786
0.0 0.19 1.01 5704

1745542787
0.0 0.19 1.01 2329

1745542788
0.0 0.18 1.0 6403

1745542789
0.0 0.18 1.0 6481

1745542790
0.0 0.18 1.0 3109

1745542791
0.0 0.18 1.0 7154

1745542792
0.0 0.17 0.99 4233

1745542793
0.0 0.17 0.99 5336

1745542794
0.0 0.16 0.98 3240

1745542795
0.0 0.16 0.98 5507

1745542796
0.0 0.16 0.98 4697

1745542797
0.0 0.16 0.98 4263

1745542798
0.0 0.15 0.97 2953

1745542799
0.0 0.15 0.97 3592

1745542800
0.0 0.15 0.96 8173

1745542801
0.0 0.15 0.96 7414

1745542802
0.0 0.14 0.95 7226

1745542803
0.0 0.14 0.95 6115

1745542804
0.0 0.14 0.95 5612

1745542805
0.0 0.14 0.95 4709

1745542806
0.0 0.13 0.94 3875

1745542807
0.0 0.13 0.94 5013

1745542808
0.0 0.13 0.93 3440

1745542809
0.0 0.13 0.93 6989

1745542810
0.0 0.12 0.93 3523

1745542811
0.0 0.12 0.93 5455

1745542812
0.0 0.12 0.92 3646

1745542813
0.0 0.12 0.92 5528

1745542814
0.0 0.12 0.91 5688

1745542815
0.0 0.12 0.91 3580

1745542816
0.0 0.11 0.91 3675

1745542817
0.0 0.11 0.91 5728

1745542818
0.0 0.11 0.9 3322

1745542819
0.0 0.11 0.9 6972

1745542820
0.0 0.1 0.9 3521

1745542821
0.0 0.1 0.9 6228

1745542822
0.0 0.1 0.89 5180

1745542823
0.0 0.1 0.89 5724

1745542824
0.0 0.1 0.88 6175

1745542825
0.0 0.1 0.88 3674

1745542826
0.0 0.09 0.88 3792

1745542827
0.0 0.09 0.88 3626

1745542828
0.0 0.09 0.87 4891

1745542829
0.0 0.09 0.87 5358

1745542830
0.0 0.09 0.86 6838

1745542831
0.0 0.09 0.86 2940

1745542832
0.0 0.08 0.86 2468

1745542833
0.0 0.08 0.86 3801

1745542834
0.0 0.08 0.85 9619

1745542835
0.0 0.08 0.85 6219

1745542836
0.0 0.08 0.85 6866

1745542837
0.0 0.08 0.85 6837

1745542838
0.0 0.07 0.84 6641

1745542839
0.0 0.07 0.84 5021

1745542840
0.0 0.07 0.83 5383

1745542841
0.0 0.07 0.83 7933

1745542842
0.0 0.07 0.83 6330

1745542843
0.0 0.07 0.83 4995

1745542844
0.0 0.06 0.82 6200

1745542845
0.0 0.06 0.82 3995

1745542846
0.0 0.06 0.82 3899

1745542847
0.0 0.06 0.82 2972

1745542848
0.0 0.06 0.81 4212

1745542849
0.0 0.06 0.81 8261

1745542850
0.0 0.06 0.8 6443

1745542851
0.0 0.06 0.8 6624

1745542852
0.0 0.06 0.8 5181

1745542853
0.0 0.06 0.8 7177

1745542854
0.0 0.05 0.79 4084

1745542855
0.0 0.05 0.79 5908

1745542856
0.0 0.05 0.79 3670

1745542857
0.0 0.05 0.79 2335

1745542858
0.0 0.05 0.78 4552

1745542859
0.0 0.05 0.78 3812

1745542860
0.0 0.05 0.78 3922

1745542861
0.0 0.05 0.78 5968

1745542863
0.0 0.04 0.77 9747

1745542864
0.0 0.04 0.76 4620

1745542865
0.0 0.04 0.76 4180

1745542866
0.0 0.04 0.76 1868

1745542867
0.0 0.04 0.76 4843

1745542868
0.0 0.04 0.75 5623

1745542869
0.0 0.04 0.75 6421

1745542870
0.0 0.04 0.75 4510

1745542871
0.0 0.04 0.75 3805

1745542872
0.0 0.04 0.74 3407

1745542873
0.0 0.04 0.74 4583

1745542874
0.0 0.03 0.74 3175

1745542875
0.0 0.03 0.74 4818

1745542876
0.0 0.03 0.73 1541

1745542877
0.0 0.03 0.73 4826

1745542878
0.0 0.03 0.73 4577

1745542879
0.0 0.03 0.73 4526

1745542880
0.0 0.03 0.72 2445

1745542881
0.0 0.03 0.72 4396

1745542882
0.0 0.03 0.72 2777

1745542883
0.0 0.03 0.72 9277

1745542884
0.0 0.03 0.71 3186

1745542885
0.0 0.03 0.71 4407

1745542886
0.0 0.03 0.71 3752

1745542887
0.0 0.03 0.71 2884

1745542888
0.0 0.02 0.7 3929

1745542889
0.0 0.02 0.7 4190

1745542890
0.0 0.02 0.7 3023

1745542891
0.0 0.02 0.7 4656

1745542892
0.0 0.02 0.69 4822

1745542893
0.0 0.02 0.69 4801

1745542894
0.0 0.02 0.69 5111

1745542895
0.0 0.02 0.69 7053

1745542896
0.0 0.02 0.68 6781

1745542897
0.0 0.02 0.68 6403

1745542898
0.0 0.02 0.68 2776

1745542899
0.0 0.02 0.68 4142

1745542900
0.0 0.02 0.67 4501

1745542901
0.0 0.02 0.67 2756

1745542902
0.0 0.02 0.67 2637

1745542903
0.0 0.02 0.67 3863

1745542904
0.0 0.02 0.66 3025

1745542905
0.0 0.02 0.66 5445

1745542906
0.0 0.02 0.66 4290

1745542907
0.0 0.02 0.66 3616

1745542908
0.0 0.01 0.65 2612

1745542909
0.0 0.01 0.65 1021

1745542910
0.0 0.01 0.65 518

1745542911
0.0 0.01 0.65 173

1745542912
0.0 0.01 0.64 150

1745542913
0.0 0.01 0.64 2790

1745542914
0.0 0.01 0.64 3712

1745542915
0.0 0.01 0.64 6449

1745542916
0.0 0.01 0.63 4083

1745542917
0.0 0.01 0.63 4616

1745542918
0.0 0.01 0.63 3974

1745542919
0.0 0.01 0.63 7007

1745542920
0.0 0.01 0.62 5292

1745542921
0.0 0.01 0.62 2448

1745542922
0.0 0.01 0.62 4411

1745542923
0.0 0.01 0.62 2468

1745542924
0.0 0.01 0.62 5520

1745542925
0.0 0.01 0.62 2949

1745542926
0.0 0.01 0.61 4321

1745542927
0.0 0.01 0.61 4250

1745542928
0.0 0.01 0.61 3548

1745542929
0.0 0.01 0.61 5761

1745542930
0.0 0.01 0.6 4762

1745542931
0.0 0.01 0.6 2072

1745542932
0.0 0.01 0.6 4454

1745542933
0.0 0.01 0.6 6073

1745542934
0.0 0.01 0.59 3317

1745542935
0.0 0.01 0.59 5895

1745542936
0.0 0.01 0.59 2682

1745542937
0.0 0.01 0.59 4515

1745542938
0.0 0.0 0.58 6264

1745542939
0.0 0.0 0.58 3691

1745542940
0.0 0.0 0.58 5012

1745542941
0.0 0.0 0.58 2672

1745542942
0.0 0.0 0.58 2512

1745542943
0.0 0.0 0.58 2949

1745542944
0.0 0.0 0.57 3962

1745542945
0.0 0.0 0.57 2134

1745542946
0.0 0.0 0.57 5780

1745542947
0.0 0.0 0.57 4542

1745542948
0.0 0.0 0.56 2717

1745542949
0.0 0.0 0.56 4145

1745542950
0.0 0.0 0.56 3566

1745542951
0.0 0.0 0.56 4395

1745542952
0.0 0.0 0.55 3648

1745542953
0.0 0.0 0.55 5765

1745542954
0.0 0.0 0.55 4152

1745542955
0.0 0.0 0.55 1888

1745542956
0.0 0.0 0.55 3043

1745542957
0.0 0.0 0.55 1724

1745542958
0.0 0.0 0.54 4466

1745542959
0.0 0.0 0.54 2959

1745542960
0.0 0.0 0.54 4271

1745542961
0.0 0.0 0.54 2403

1745542962
0.0 0.0 0.54 3276

1745542963
0.0 0.0 0.54 2766

1745542964
0.0 0.0 0.53 4626

1745542965
0.0 0.0 0.53 1857

1745542966
0.0 0.0 0.53 3893

1745542967
0.0 0.0 0.53 3859

1745542968
0.0 0.0 0.52 4824

1745542969
0.0 0.0 0.52 2664

1745542970
0.0 0.0 0.52 4851

1745542971
0.0 0.0 0.52 2584

1745542972
0.0 0.0 0.52 3030

1745542973
0.0 0.0 0.52 4020

1745542974
0.0 0.0 0.51 4172

1745542975
0.0 0.0 0.51 3036

1745542976
0.0 0.0 0.51 3260

1745542977
0.0 0.0 0.51 3445

1745542978
0.0 0.0 0.5 3041

1745542979
0.0 0.0 0.5 2500

1745542980
0.0 0.0 0.5 3558

1745542981
0.0 0.0 0.5 3512

1745542982
0.0 0.0 0.5 3388

1745542983
0.0 0.0 0.5 3664

1745542984
0.0 0.0 0.49 3506

1745542985
0.0 0.0 0.49 3373

1745542986
0.0 0.0 0.49 2004

1745542987
0.0 0.0 0.49 2989

1745542988
0.0 0.0 0.49 2433

1745542989
0.0 0.0 0.49 2415

1745542990
0.0 0.0 0.48 2974

1745542991
0.0 0.0 0.48 3554

1745542992
0.0 0.0 0.48 3348

1745542993
0.0 0.0 0.48 3136

1745542994
0.0 0.0 0.47 4685

1745542995
0.0 0.0 0.47 3574

1745542996
0.0 0.0 0.47 2598

1745542997
0.0 0.0 0.47 5642

1745542998
0.0 0.0 0.47 4261

1745542999
0.0 0.0 0.47 4911

1745543000
0.0 0.0 0.46 2715

1745543001
0.0 0.0 0.46 3321

1745543002
0.0 0.0 0.46 6673

1745543003
0.0 0.0 0.46 2100

1745543004
0.0 0.0 0.46 3434

1745543005
0.0 0.0 0.46 3558

1745543006
0.0 0.0 0.45 4111

1745543007
0.0 0.0 0.45 3447

1745543008
0.0 0.0 0.45 3340

1745543009
0.0 0.0 0.45 584

1745543010
0.0 0.0 0.45 394

1745543011
0.0 0.0 0.45 185

1745543012
0.0 0.0 0.44 172

1745543013
0.0 0.0 0.44 2166

1745543014
0.0 0.0 0.44 3907

1745543015
0.0 0.0 0.44 2112

1745543016
0.0 0.0 0.44 3372

1745543017
0.0 0.0 0.44 3065

1745543018
0.0 0.0 0.43 1720

1745543019
0.0 0.0 0.43 5313

1745543020
0.0 0.0 0.43 2003

1745543021
0.0 0.0 0.43 2804

1745543022
0.0 0.0 0.43 2400

1745543023
0.0 0.0 0.43 1828

1745543024
0.0 0.0 0.42 2924

1745543025
0.0 0.0 0.42 1552

1745543026
0.0 0.0 0.42 1788

1745543027
0.0 0.0 0.42 2548

1745543028
0.0 0.0 0.42 4445

1745543029
0.0 0.0 0.42 4397

1745543030
0.0 0.0 0.41 5281

1745543031
0.0 0.0 0.41 3833

1745543032
0.0 0.0 0.41 2257

1745543033
0.0 0.0 0.41 5024

1745543034
0.0 0.0 0.41 4159

1745543035
0.0 0.0 0.41 4809

1745543036
0.0 0.0 0.41 4330

1745543037
0.0 0.0 0.41 3026

1745543038
0.0 0.0 0.4 2618

1745543039
0.0 0.0 0.4 2742

1745543040
0.0 0.0 0.4 1994

1745543041
0.0 0.0 0.4 3212

1745543042
0.0 0.0 0.4 3706

1745543043
0.0 0.0 0.4 2374

1745543044
0.0 0.0 0.39 5612

1745543045
0.0 0.0 0.39 1982

1745543046
0.0 0.0 0.39 3039

1745543047
0.0 0.0 0.39 2460

1745543048
0.0 0.0 0.39 2944

1745543049
0.0 0.0 0.39 3404

1745543050
0.0 0.0 0.39 3127

1745543051
0.0 0.0 0.39 4732

1745543052
0.0 0.0 0.38 4624

1745543053
0.0 0.0 0.38 2823

1745543054
0.0 0.0 0.38 4368

1745543055
0.0 0.0 0.38 3249

1745543056
0.0 0.0 0.38 6051

1745543057
0.0 0.0 0.38 6172

1745543058
0.0 0.0 0.37 3208

1745543059
0.0 0.0 0.37 3230

1745543060
0.0 0.0 0.37 4913

1745543061
0.0 0.0 0.37 3963

1745543062
0.0 0.0 0.37 3913

1745543063
0.0 0.0 0.37 5086

1745543064
0.0 0.0 0.36 2435

1745543065
0.0 0.0 0.36 3314

1745543066
0.0 0.0 0.36 4955

1745543067
0.0 0.0 0.36 1498

1745543068
0.0 0.0 0.36 2601

1745543069
0.0 0.0 0.36 2499

1745543070
0.0 0.0 0.36 2698

1745543071
0.0 0.0 0.36 3755

1745543072
0.0 0.0 0.35 4597

1745543073
0.0 0.0 0.35 2248

1745543074
0.0 0.0 0.35 3981

1745543075
0.0 0.0 0.35 1835

1745543076
0.0 0.0 0.35 4839

1745543077
0.0 0.0 0.35 5033

1745543078
0.0 0.0 0.35 3264

1745543079
0.0 0.0 0.35 5426

1745543080
0.0 0.0 0.34 3935

1745543081
0.0 0.0 0.34 5245

1745543082
0.0 0.0 0.34 4652

1745543083
0.0 0.0 0.34 3122

1745543084
0.0 0.0 0.34 3133

1745543085
0.0 0.0 0.34 4424

1745543086
0.0 0.0 0.34 5552

1745543087
0.0 0.0 0.34 5979

1745543088
0.0 0.0 0.33 4367

1745543089
0.0 0.0 0.33 3111

1745543090
0.0 0.0 0.33 6067

1745543091
0.0 0.0 0.33 4906

1745543092
0.0 0.0 0.33 2901

1745543093
0.0 0.0 0.33 2551

1745543094
0.0 0.0 0.33 2794

1745543095
0.0 0.0 0.33 6240

1745543096
0.0 0.0 0.32 1534

1745543097
0.0 0.0 0.32 4205

1745543098
0.0 0.0 0.32 2705

1745543099
0.0 0.0 0.32 2745

1745543100
0.0 0.0 0.32 6627

1745543101
0.0 0.0 0.32 3896

1745543102
0.0 0.0 0.32 5659

1745543103
0.0 0.0 0.32 6013

1745543104
0.0 0.0 0.31 2432

1745543105
0.0 0.0 0.31 4668

1745543106
0.0 0.0 0.31 3311

1745543107
0.0 0.0 0.31 5150

1745543108
0.0 0.0 0.31 3089

1745543109
0.0 0.0 0.31 8784

1745543111
0.0 0.0 0.31 4814

1745543112
0.0 0.0 0.3 6461

1745543113
0.0 0.0 0.3 3810

1745543114
0.0 0.0 0.3 2299

1745543115
0.0 0.0 0.3 6052

1745543116
0.0 0.0 0.3 3118

1745543117
0.0 0.0 0.3 3549

1745543118
0.0 0.0 0.3 6577

1745543119
0.0 0.0 0.3 4939

1745543120
0.0 0.0 0.29 2706

1745543121
0.0 0.0 0.29 3860

1745543122
0.0 0.0 0.29 6059

1745543123
0.0 0.0 0.29 4933

1745543124
0.0 0.0 0.29 5461

1745543125
0.0 0.0 0.29 4605

1745543126
0.0 0.0 0.29 5064

1745543127
0.0 0.0 0.29 2883

1745543128
0.0 0.0 0.28 6719

1745543129
0.0 0.0 0.28 3713

1745543130
0.0 0.0 0.28 4245

1745543131
0.0 0.0 0.28 8277

1745543132
0.0 0.0 0.28 2575

1745543133
0.0 0.0 0.28 4163

1745543134
0.0 0.0 0.28 2108

1745543135
0.0 0.0 0.28 6949

1745543136
0.0 0.0 0.28 4316

1745543137
0.0 0.0 0.28 4352

1745543138
0.0 0.0 0.27 5867

1745543139
0.0 0.0 0.27 2269

1745543140
0.0 0.0 0.27 5768

1745543141
0.0 0.0 0.27 3262

1745543142
0.0 0.0 0.27 3133

1745543143
0.0 0.0 0.27 4756

1745543144
0.0 0.0 0.27 2892

1745543145
0.0 0.0 0.27 4447

1745543146
0.0 0.0 0.27 3653

1745543147
0.0 0.0 0.27 3065

1745543148
0.0 0.0 0.26 3860

1745543149
0.0 0.0 0.26 2566

1745543150
0.0 0.0 0.26 7297

1745543151
0.0 0.0 0.26 5080

1745543152
0.0 0.0 0.26 4700

1745543153
0.0 0.0 0.26 4619

1745543154
0.0 0.0 0.26 2612

1745543155
0.0 0.0 0.26 2764

1745543156
0.0 0.0 0.26 3994

1745543157
0.0 0.0 0.26 2918

1745543158
0.0 0.0 0.25 4265

1745543160
0.0 0.0 0.25 5545

1745543161
0.0 0.0 0.25 3921

1745543162
0.0 0.0 0.25 3197

1745543163
0.0 0.0 0.25 3610

1745543164
0.0 0.0 0.25 1073

1745543165
0.0 0.0 0.25 196

1745543166
0.0 0.0 0.25 83

1745543167
0.0 0.0 0.25 91

1745543168
0.0 0.0 0.24 133

1745543169
0.0 0.0 0.24 2053

1745543170
0.0 0.0 0.24 4113

1745543171
0.0 0.0 0.24 2378

1745543172
0.0 0.0 0.24 5122

1745543173
0.0 0.0 0.24 4231

1745543174
0.0 0.0 0.24 2660

1745543175
0.0 0.0 0.24 2251

1745543176
0.0 0.0 0.24 2966

1745543177
0.0 0.0 0.24 2127

1745543178
0.0 0.0 0.23 4906

1745543179
0.0 0.0 0.23 3928

1745543180
0.0 0.0 0.23 4462

1745543181
0.0 0.0 0.23 4427

1745543182
0.0 0.0 0.23 5958

1745543183
0.0 0.0 0.23 6711

1745543184
0.0 0.0 0.23 6122

1745543185
0.0 0.0 0.23 5337

1745543186
0.0 0.0 0.23 3273

1745543187
0.0 0.0 0.23 4919

1745543188
0.0 0.0 0.22 4450

1745543189
0.0 0.0 0.22 3322

1745543190
0.0 0.0 0.22 4278

1745543191
0.0 0.0 0.22 5159

1745543192
0.0 0.0 0.22 5028

1745543193
0.0 0.0 0.22 8139

1745543194
0.0 0.0 0.22 6324

1745543195
0.0 0.0 0.22 3302

1745543196
0.0 0.0 0.22 6678

1745543197
0.0 0.0 0.22 8081

1745543198
0.0 0.0 0.21 5027

1745543199
0.0 0.0 0.21 3999

1745543200
0.0 0.0 0.21 3346

1745543201
0.0 0.0 0.21 7166

1745543202
0.0 0.0 0.21 2450

1745543203
0.0 0.0 0.21 4779

1745543204
0.0 0.0 0.21 8222

1745543205
0.0 0.0 0.21 11974

1745543207
0.18 0.03 0.21 17940

1745543208
0.14 0.03 0.21 325

1745543209
0.14 0.03 0.21 216

1745543210
0.12 0.02 0.21 186

1745543211
0.12 0.02 0.21 104

1745543212
0.09 0.02 0.21 229

1745543213
0.09 0.02 0.21 142

1745543214
0.08 0.02 0.21 544

1745543215
0.08 0.02 0.21 221

1745543216
0.06 0.02 0.21 571

1745543217
0.06 0.02 0.21 136

1745543218
0.05 0.02 0.2 821

1745543219
0.05 0.02 0.2 1929

1745543220
0.04 0.02 0.2 2434

1745543221
0.04 0.02 0.2 141

1745543222
0.03 0.02 0.2 378

1745543223
0.03 0.02 0.2 1038

1745543224
0.02 0.02 0.2 433

1745543225
0.02 0.02 0.2 75

1745543226
0.02 0.02 0.2 466

1745543227
0.02 0.02 0.2 81

1745543228
0.01 0.02 0.2 1408

1745543229
0.01 0.02 0.2 84

1745543230
0.01 0.02 0.2 488

1745543231
0.01 0.02 0.2 70

1745543232
0.01 0.01 0.19 1358

1745543233
0.01 0.01 0.19 92

1745543234
0.0 0.01 0.19 438

1745543235
0.0 0.01 0.19 58

1745543236
0.0 0.01 0.19 1429

1745543237
0.0 0.01 0.19 81

1745543238
0.0 0.01 0.19 427

1745543239
0.0 0.01 0.19 85

1745543240
0.0 0.01 0.19 1399

1745543241
0.0 0.01 0.19 88

1745543242
0.0 0.01 0.19 440

1745543243
0.0 0.01 0.19 119

1745543244
0.0 0.01 0.19 1414

1745543245
0.0 0.01 0.19 78

1745543246
0.0 0.01 0.18 351

1745543247
0.0 0.01 0.18 78

1745543248
0.0 0.01 0.18 465

1745543249
0.0 0.01 0.18 76

1745543250
0.0 0.01 0.18 406

1745543251
0.0 0.01 0.18 75

1745543252
0.0 0.01 0.18 1135

1745543253
0.0 0.01 0.18 87

1745543254
0.0 0.01 0.18 457

1745543255
0.0 0.01 0.18 53

1745543256
0.0 0.01 0.18 327

1745543257
0.0 0.01 0.18 86

1745543258
0.0 0.01 0.18 439

1745543259
0.0 0.01 0.18 89

1745543260
0.0 0.0 0.17 445

1745543261
0.0 0.0 0.17 58

1745543262
0.0 0.0 0.17 1220

1745543263
0.0 0.0 0.17 100

1745543264
0.0 0.0 0.17 417

1745543265
0.0 0.0 0.17 71

1745543266
0.0 0.0 0.17 1372

1745543267
0.0 0.0 0.17 72

1745543268
0.0 0.0 0.17 434

1745543269
0.0 0.0 0.17 1056

1745543270
0.0 0.0 0.17 473

1745543271
0.0 0.0 0.17 62

1745543272
0.0 0.0 0.16 1483

1745543273
0.0 0.0 0.16 275

1745543274
0.0 0.0 0.16 594

1745543275
0.0 0.0 0.16 1028

1745543276
0.0 0.0 0.16 848

1745543277
0.0 0.0 0.16 227

1745543278
0.0 0.0 0.16 455

1745543279
0.0 0.0 0.16 1078

1745543280
0.0 0.0 0.16 504

1745543281
0.0 0.0 0.16 137

1745543282
0.0 0.0 0.16 442

1745543283
0.0 0.0 0.16 108

1745543284
0.0 0.0 0.16 1508

1745543285
0.0 0.0 0.16 284

1745543286
0.0 0.0 0.15 1626

1745543287
0.0 0.0 0.15 235

1745543288
0.0 0.0 0.15 655

1745543289
0.0 0.0 0.15 942

1745543290
0.0 0.0 0.15 645

1745543291
0.0 0.0 0.15 78

1745543292
0.0 0.0 0.15 380

1745543293
0.0 0.0 0.15 115

1745543294
0.0 0.0 0.15 1473

1745543295
0.0 0.0 0.15 296

1745543296
0.0 0.0 0.15 784

1745543297
0.0 0.0 0.15 315

1745543298
0.0 0.0 0.15 1698

1745543299
0.0 0.0 0.15 317

1745543300
0.0 0.0 0.14 693

1745543301
0.0 0.0 0.14 333

1745543302
0.0 0.0 0.14 8182

1745543303
0.0 0.0 0.14 12794

1745543304
0.0 0.0 0.14 1888

1745543305
0.0 0.0 0.14 1456

1745543306
0.0 0.0 0.14 1772

1745543307
0.0 0.0 0.14 1533

1745543308
0.0 0.0 0.14 1816

1745543309
0.0 0.0 0.14 1551

1745543310
0.0 0.0 0.14 1683

1745543311
0.0 0.0 0.14 1886

1745543312
0.0 0.0 0.14 1574

1745543313
0.0 0.0 0.14 1578

1745543314
0.0 0.0 0.14 1669

1745543315
0.0 0.0 0.14 1768

1745543316
0.0 0.0 0.13 1570

1745543317
0.0 0.0 0.13 1530

1745543318
0.0 0.0 0.13 1721

1745543319
0.0 0.0 0.13 1488

1745543320
0.0 0.0 0.13 1771

1745543321
0.0 0.0 0.13 2019

1745543322
0.0 0.0 0.13 1708

1745543323
0.0 0.0 0.13 1507

1745543324
0.0 0.0 0.13 1748

1745543325
0.0 0.0 0.13 1589

1745543326
0.0 0.0 0.13 1595

1745543327
0.0 0.0 0.13 1733

1745543328
0.0 0.0 0.13 1815

1745543329
0.0 0.0 0.13 1725

1745543330
0.0 0.0 0.13 1664

1745543331
0.0 0.0 0.13 1622

1745543332
0.0 0.0 0.13 1750

1745543333
0.0 0.0 0.13 1664

1745543334
0.0 0.0 0.13 1648

1745543335
0.0 0.0 0.13 1734

1745543336
0.0 0.0 0.12 1768

1745543337
0.0 0.0 0.12 1716

1745543338
0.0 0.0 0.12 1930

1745543339
0.0 0.0 0.12 2299

1745543340
0.0 0.0 0.12 1893

1745543341
0.0 0.0 0.12 1664

1745543342
0.0 0.0 0.12 1760

1745543343
0.0 0.0 0.12 2526

1745543344
0.0 0.0 0.12 3868

1745543345
0.0 0.0 0.12 1730

1745543346
0.0 0.0 0.12 1786

1745543347
0.0 0.0 0.12 1563

1745543348
0.0 0.0 0.12 1716

1745543349
0.0 0.0 0.12 2620

1745543350
0.0 0.0 0.12 1574

1745543351
0.0 0.0 0.12 1655

1745543352
0.0 0.0 0.12 1689

1745543353
0.0 0.0 0.12 1629

1745543354
0.0 0.0 0.12 1878

1745543355
0.0 0.0 0.12 2362

1745543356
0.0 0.0 0.11 1791

1745543357
0.0 0.0 0.11 3025

1745543358
0.0 0.0 0.11 1711

1745543359
0.0 0.0 0.11 3248

1745543360
0.0 0.0 0.11 4616

1745543361
0.0 0.0 0.11 3112

1745543362
0.0 0.0 0.11 3265

1745543363
0.0 0.0 0.11 3025

1745543364
0.0 0.0 0.11 1952

1745543365
0.0 0.0 0.11 7045

1745543366
0.0 0.0 0.11 1810

1745543367
0.0 0.0 0.11 1678

1745543368
0.0 0.0 0.11 3227

1745543369
0.0 0.0 0.11 2686

1745543370
0.0 0.0 0.11 3656

1745543371
0.0 0.0 0.11 2830

1745543372
0.0 0.0 0.11 2793

1745543373
0.0 0.0 0.11 2134

1745543374
0.0 0.0 0.11 1786

1745543375
0.0 0.0 0.11 5836

1745543376
0.0 0.0 0.1 1671

1745543377
0.0 0.0 0.1 1970

1745543378
0.0 0.0 0.1 3359

1745543379
0.0 0.0 0.1 4929

1745543380
0.0 0.0 0.1 5881

1745543381
0.0 0.0 0.1 3412

1745543382
0.0 0.0 0.1 1581

1745543383
0.0 0.0 0.1 1883

1745543384
0.0 0.0 0.1 2798

1745543385
0.0 0.0 0.1 7748

1745543386
0.0 0.0 0.1 3283

1745543387
0.0 0.0 0.1 5898

1745543388
0.0 0.0 0.1 3027

1745543389
0.0 0.0 0.1 5608

1745543390
0.0 0.0 0.1 7126

1745543391
0.0 0.0 0.1 5023

1745543392
0.0 0.0 0.1 6584

1745543393
0.0 0.0 0.1 3346

1745543394
0.0 0.0 0.1 6974

1745543395
0.0 0.0 0.1 7985

1745543396
0.0 0.0 0.1 5108

1745543397
0.0 0.0 0.1 13187

1745543398
0.0 0.0 0.09 5922

1745543399
0.0 0.0 0.09 3978

1745543400
0.0 0.0 0.09 15135

1745543401
0.0 0.0 0.09 12932

1745543402
0.18 0.03 0.1 11692

1745543403
0.18 0.03 0.1 11128

1745543404
0.32 0.06 0.11 8719

1745543405
0.32 0.06 0.11 8933

1745543406
0.26 0.06 0.1 7209

1745543407
0.26 0.06 0.1 4858

1745543408
0.22 0.05 0.1 4294

1745543409
0.22 0.05 0.1 2359

1745543410
0.18 0.05 0.1 2293

1745543411
0.18 0.05 0.1 2861

1745543412
0.14 0.05 0.1 3609

1745543413
0.14 0.05 0.1 3084

1745543414
0.12 0.05 0.1 2700

1745543415
0.12 0.05 0.1 3013

1745543416
0.09 0.05 0.1 3034

1745543417
0.09 0.05 0.1 2081

1745543418
0.08 0.04 0.1 2801

1745543419
0.08 0.04 0.1 1721

1745543420
0.06 0.04 0.1 2777

1745543421
0.06 0.04 0.1 3338

1745543422
0.05 0.04 0.1 2487

1745543423
0.05 0.04 0.1 2912

1745543424
0.04 0.04 0.1 2323

1745543425
0.04 0.04 0.1 2240

1745543426
0.03 0.04 0.1 2659

1745543427
0.03 0.04 0.1 3492

1745543428
0.02 0.04 0.09 3061

1745543429
0.02 0.04 0.09 2464

1745543430
0.02 0.03 0.09 4074

1745543431
0.02 0.03 0.09 2937

1745543432
0.01 0.03 0.09 2212

1745543433
0.01 0.03 0.09 2680

1745543434
0.01 0.03 0.09 2519

1745543435
0.01 0.03 0.09 2371

1745543436
0.01 0.03 0.09 2500

1745543437
0.01 0.03 0.09 2432

1745543438
0.0 0.03 0.09 2371

1745543439
0.0 0.03 0.09 2203

1745543440
0.0 0.03 0.09 3337

1745543441
0.0 0.03 0.09 2264

1745543442
0.0 0.03 0.09 2037

1745543443
0.0 0.03 0.09 2517

1745543444
0.0 0.02 0.09 2159

1745543445
0.0 0.02 0.09 1774

1745543446
0.0 0.02 0.09 2291

1745543447
0.0 0.02 0.09 2532

1745543448
0.0 0.02 0.08 1990

1745543449
0.0 0.02 0.08 1744

1745543450
0.0 0.02 0.08 2308

1745543451
0.0 0.02 0.08 1247

1745543452
0.0 0.02 0.08 1169

1745543453
0.0 0.02 0.08 1677

1745543454
0.0 0.02 0.08 1982

1745543455
0.0 0.02 0.08 1471

1745543456
0.0 0.02 0.08 2411

1745543457
0.0 0.02 0.08 1364

1745543458
0.0 0.02 0.08 1784

1745543459
0.0 0.02 0.08 1030

1745543460
0.0 0.02 0.08 992

1745543461
0.0 0.02 0.08 1337

1745543462
0.0 0.02 0.08 946

1745543463
0.0 0.02 0.08 1021

1745543464
0.0 0.01 0.08 1438

1745543465
0.0 0.01 0.08 905

1745543466
0.0 0.01 0.08 1430

1745543467
0.0 0.01 0.08 558

1745543468
0.0 0.01 0.07 416

1745543469
0.0 0.01 0.07 1727

1745543470
0.0 0.01 0.07 528

1745543471
0.0 0.01 0.07 1507

1745543472
0.0 0.01 0.07 1408

1745543473
0.0 0.01 0.07 368

1745543474
0.0 0.01 0.07 830

1745543475
0.0 0.01 0.07 606

1745543476
0.0 0.01 0.07 1619

1745543477
0.0 0.01 0.07 1375

1745543478
0.0 0.01 0.07 1344

1745543480
0.0 0.01 0.07 318

1745543481
0.0 0.01 0.07 152

1745543482
0.0 0.01 0.07 596

1745543483
0.0 0.01 0.07 5598

1745543484
0.0 0.01 0.07 2123

1745543485
0.0 0.01 0.07 11928

1745543486
0.0 0.01 0.07 2231

1745543487
0.0 0.01 0.07 517

1745543488
0.0 0.01 0.07 294

1745543489
0.0 0.01 0.07 389

1745543490
0.0 0.01 0.06 365

1745543491
0.0 0.01 0.06 144

1745543492
0.0 0.01 0.06 1250

1745543493
0.0 0.01 0.06 334

1745543494
0.0 0.0 0.06 1299

1745543495
0.0 0.0 0.06 5635

1745543496
0.0 0.0 0.06 1457

1745543497
0.0 0.0 0.06 220

1745543498
0.0 0.0 0.06 1764

1745543499
0.0 0.0 0.06 128

1745543500
0.0 0.0 0.06 739

1745543501
0.0 0.0 0.06 4469

1745543502
0.0 0.0 0.06 1604

1745543503
0.0 0.0 0.06 814

1745543504
0.0 0.0 0.06 555

1745543505
0.0 0.0 0.06 573

1745543506
0.0 0.0 0.06 1229

1745543507
0.0 0.0 0.06 628

1745543508
0.0 0.0 0.06 1013

1745543509
0.0 0.0 0.06 810

1745543510
0.0 0.0 0.06 1822

1745543511
0.0 0.0 0.06 508

1745543512
0.0 0.0 0.06 246

1745543513
0.0 0.0 0.06 155

1745543514
0.0 0.0 0.06 783

1745543515
0.0 0.0 0.06 94

1745543516
0.0 0.0 0.06 273

1745543517
0.0 0.0 0.06 1563

1745543518
0.0 0.0 0.06 1337

1745543519
0.0 0.0 0.06 955

1745543521
0.0 0.0 0.06 8570

1745543522
0.18 0.03 0.06 18000

1745543523
0.18 0.03 0.06 18297

1745543524
0.32 0.06 0.07 8805

1745543525
0.32 0.06 0.07 10275

1745543526
0.26 0.06 0.07 2379

1745543527
0.26 0.06 0.07 3482

1745543528
0.22 0.06 0.07 7734

1745543529
0.22 0.06 0.07 5375

1745543530
0.18 0.06 0.07 3853

1745543531
0.18 0.06 0.07 3809

1745543532
0.14 0.05 0.07 1688

1745543533
0.14 0.05 0.07 2331

1745543534
0.12 0.05 0.07 5143

1745543535
0.12 0.05 0.07 4746

1745543536
0.09 0.05 0.07 3452

1745543537
0.09 0.05 0.07 4864

1745543538
0.08 0.05 0.07 3644

1745543539
0.08 0.05 0.07 3702

1745543540
0.06 0.05 0.06 5454

1745543541
0.06 0.05 0.06 5062

1745543542
0.05 0.04 0.06 4395

1745543543
0.05 0.04 0.06 5103

1745543544
0.04 0.04 0.06 6147

1745543545
0.04 0.04 0.06 2942

1745543546
0.03 0.04 0.06 7306

1745543547
0.03 0.04 0.06 2847

1745543548
0.02 0.04 0.06 4657

1745543549
0.02 0.04 0.06 3445

1745543550
0.02 0.04 0.06 5672

1745543551
0.02 0.04 0.06 2923

1745543552
0.01 0.04 0.06 7997

1745543553
0.01 0.04 0.06 2957

1745543554
0.01 0.03 0.06 7363

1745543555
0.01 0.03 0.06 4754

1745543556
0.01 0.03 0.06 5543

1745543557
0.01 0.03 0.06 1764

1745543558
0.0 0.03 0.06 1354

1745543559
0.0 0.03 0.06 413

1745543560
0.0 0.03 0.06 486

1745543561
0.0 0.03 0.06 487

1745543562
0.0 0.03 0.06 3261

1745543563
0.0 0.03 0.06 6032

1745543564
0.0 0.03 0.06 1009

1745543565
0.0 0.03 0.06 1002

1745543566
0.0 0.02 0.06 6397

1745543567
0.0 0.02 0.06 807

1745543568
0.0 0.02 0.06 3023

1745543569
0.0 0.02 0.06 828

1745543570
0.0 0.02 0.06 2826

1745543571
0.0 0.02 0.06 5676

1745543572
0.0 0.02 0.06 5417

1745543573
0.0 0.02 0.06 10082

1745543574
0.0 0.02 0.06 2280

1745543575
0.0 0.02 0.06 1574

1745543576
0.0 0.02 0.06 1831

1745543577
0.0 0.02 0.06 1337

1745543578
0.0 0.02 0.06 3302

1745543579
0.0 0.02 0.06 1238

1745543580
0.0 0.02 0.06 3973

1745543581
0.0 0.02 0.06 863

1745543582
0.0 0.02 0.05 112

1745543583
0.0 0.02 0.05 1618

1745543584
0.0 0.02 0.05 1398

1745543585
0.0 0.02 0.05 994

1745543586
0.0 0.02 0.05 2901

1745543587
0.0 0.02 0.05 1194

1745543588
0.0 0.01 0.05 1177

1745543589
0.0 0.01 0.05 2281

1745543590
0.0 0.01 0.05 2302

1745543591
0.0 0.01 0.05 2578

1745543592
0.0 0.01 0.05 1621

1745543593
0.0 0.01 0.05 1363

1745543594
0.0 0.01 0.05 2699

1745543595
0.0 0.01 0.05 372

1745543596
0.0 0.01 0.05 1209

1745543597
0.0 0.01 0.05 831

1745543598
0.0 0.01 0.05 1131

1745543599
0.0 0.01 0.05 986

1745543601
0.0 0.01 0.05 1388

1745543602
0.0 0.01 0.05 521

1745543603
0.0 0.01 0.05 412

1745543604
0.0 0.01 0.05 292

1745543605
0.0 0.01 0.05 7373

1745543607
0.0 0.01 0.05 738

1745543609
0.0 0.01 0.05 1343

1745543612
0.0 0.01 0.05 1604

1745543616
0.0 0.01 0.05 1988

1745543621
0.0 0.0 0.05 2744

1745543624
0.0 0.0 0.04 10523

1745543625
0.0 0.0 0.04 12327

1745543626
0.0 0.0 0.04 25444

1745543627
0.36 0.07 0.06 17706

1745543628
0.36 0.07 0.06 2316

1745543629
0.29 0.07 0.06 222

1745543630
0.29 0.07 0.06 244

1745543631
0.24 0.06 0.06 306

1745543632
0.24 0.06 0.06 211

1745543633
0.19 0.06 0.06 204

1745543634
0.19 0.06 0.06 1199

1745543635
0.16 0.06 0.06 237

1745543636
0.16 0.06 0.06 215

1745543637
0.13 0.06 0.06 395

1745543638
0.13 0.06 0.06 346

1745543639
0.1 0.05 0.06 1383

1745543640
0.1 0.05 0.06 4147

1745543641
0.08 0.05 0.05 11596

1745543642
0.08 0.05 0.05 1513

1745543643
0.07 0.05 0.05 1972

1745543644
0.07 0.05 0.05 17204

1745543646
0.24 0.08 0.06 6576

1745543647
0.19 0.08 0.06 906

1745543648
0.19 0.08 0.06 1282

1745543649
0.16 0.08 0.06 126

1745543650
0.16 0.08 0.06 339

1745543651
0.13 0.07 0.06 106

1745543652
0.13 0.07 0.06 1256

1745543653
0.1 0.07 0.06 1053

1745543654
0.1 0.07 0.06 350

1745543655
0.08 0.07 0.06 137

1745543656
0.08 0.07 0.06 388

1745543657
0.07 0.06 0.06 1090

1745543658
0.07 0.06 0.06 321

1745543659
0.05 0.06 0.06 143

1745543660
0.05 0.06 0.06 234

1745543661
0.04 0.06 0.06 209

1745543662
0.04 0.06 0.06 6605

1745543665
0.03 0.05 0.06 9283

1745543666
0.03 0.05 0.06 340

1745543669
0.02 0.05 0.06 2164

