1745556623
0.0 0.03 0.01 3159

1745556624
0.0 0.03 0.01 1657

1745556625
0.0 0.03 0.01 1895

1745556626
0.0 0.03 0.01 2661

1745556627
0.0 0.03 0.01 1992

1745556628
0.0 0.03 0.01 2688

1745556629
0.0 0.03 0.01 2920

1745556630
0.0 0.03 0.01 4720

1745556631
0.0 0.03 0.01 2695

1745556632
0.0 0.03 0.01 3355

1745556633
0.0 0.02 0.01 3115

1745556634
0.0 0.02 0.01 4392

1745556635
0.0 0.02 0.01 3398

1745556636
0.0 0.02 0.01 2422

1745556637
0.0 0.02 0.01 2911

1745556638
0.0 0.02 0.01 3547

1745556639
0.0 0.02 0.0 3589

1745556640
0.0 0.02 0.0 20958

1745556641
0.18 0.05 0.01 12452

1745556642
0.18 0.05 0.01 2590

1745556643
0.14 0.05 0.01 3716

1745556644
0.14 0.05 0.01 2383

1745556645
0.12 0.05 0.01 2731

1745556646
0.12 0.05 0.01 3595

1745556647
0.09 0.05 0.01 3162

1745556648
0.09 0.05 0.01 2896

1745556649
0.08 0.05 0.01 3237

1745556650
0.08 0.05 0.01 4147

1745556651
0.06 0.04 0.01 3450

1745556652
0.06 0.04 0.01 3393

1745556653
0.05 0.04 0.01 3364

1745556654
0.05 0.04 0.01 3257

1745556655
0.04 0.04 0.01 2657

1745556656
0.04 0.04 0.01 2490

1745556657
0.03 0.04 0.01 2524

1745556658
0.03 0.04 0.01 3406

1745556659
0.02 0.04 0.01 2931

1745556660
0.02 0.04 0.01 2323

1745556661
0.02 0.04 0.01 2359

1745556663
0.02 0.04 0.01 8334

1745556664
0.01 0.03 0.01 2650

1745556665
0.01 0.03 0.01 2776

1745556666
0.01 0.03 0.01 2422

1745556667
0.01 0.03 0.01 2851

1745556668
0.01 0.03 0.01 2255

1745556669
0.01 0.03 0.01 3954

1745556670
0.0 0.03 0.0 3813

1745556671
0.0 0.03 0.0 3839

1745556672
0.0 0.03 0.0 4818

1745556673
0.0 0.03 0.0 3588

1745556674
0.0 0.03 0.0 3706

1745556675
0.0 0.03 0.0 4782

1745556676
0.0 0.02 0.0 3090

1745556677
0.0 0.02 0.0 2983

1745556678
0.0 0.02 0.0 4194

1745556679
0.0 0.02 0.0 2199

1745556680
0.0 0.02 0.0 3120

1745556681
0.0 0.02 0.0 2815

1745556682
0.0 0.02 0.0 2311

1745556683
0.0 0.02 0.0 3437

1745556684
0.0 0.02 0.0 2517

1745556685
0.0 0.02 0.0 2458

1745556686
0.0 0.02 0.0 3320

1745556687
0.0 0.02 0.0 1830

1745556688
0.0 0.02 0.0 1272

1745556689
0.0 0.02 0.0 2903

1745556690
0.0 0.02 0.0 2582

1745556691
0.0 0.02 0.0 3355

1745556692
0.0 0.02 0.0 4822

1745556693
0.0 0.02 0.0 4105

1745556694
0.0 0.02 0.0 5495

1745556695
0.0 0.02 0.0 3811

1745556696
0.0 0.02 0.0 4070

1745556697
0.0 0.01 0.0 3457

1745556699
0.0 0.01 0.0 2111

1745556700
0.0 0.01 0.0 3783

1745556702
0.0 0.01 0.0 2706

1745556703
0.0 0.01 0.0 2049

1745556704
0.0 0.01 0.0 1757

1745556705
0.0 0.01 0.0 4205

1745556706
0.0 0.01 0.0 6355

1745556707
0.0 0.01 0.0 10515

1745556708
0.0 0.01 0.0 9747

1745556709
0.18 0.04 0.0 26908

1745556710
0.18 0.04 0.0 4288

1745556711
0.14 0.04 0.0 6491

1745556712
0.14 0.04 0.0 4570

1745556713
0.12 0.04 0.0 7943

1745556714
0.12 0.04 0.0 12768

1745556715
0.28 0.07 0.01 4938

1745556716
0.28 0.07 0.01 4866

1745556717
0.22 0.07 0.01 3629

1745556718
0.22 0.07 0.01 3462

1745556719
0.18 0.06 0.01 31263

1745556720
0.18 0.06 0.01 36772

1745556722
0.69 0.16 0.03 21617

1745556723
0.69 0.16 0.03 7394

1745556724
0.75 0.19 0.03 5254

1745556725
0.61 0.18 0.03 3910

1745556726
0.61 0.18 0.03 4806

1745556727
0.5 0.18 0.03 4614

1745556728
0.5 0.18 0.03 6242

1745556729
0.59 0.2 0.04 21036

1745556730
0.59 0.2 0.04 5861

1745556731
0.48 0.2 0.04 7950

1745556732
0.48 0.2 0.04 3671

1745556733
0.57 0.22 0.05 35819

1745556734
0.57 0.22 0.05 3084

1745556735
0.47 0.21 0.05 3543

1745556736
0.47 0.21 0.05 4957

1745556737
0.38 0.21 0.05 3799

1745556738
0.38 0.21 0.05 5107

1745556739
0.31 0.2 0.05 4352

1745556740
0.31 0.2 0.05 4592

1745556742
0.25 0.19 0.04 6207

1745556743
0.25 0.19 0.04 5841

1745556744
0.21 0.19 0.04 5527

1745556745
0.17 0.18 0.04 5538

1745556746
0.17 0.18 0.04 15131

1745556747
0.5 0.24 0.06 51945

1745556748
0.5 0.24 0.06 36973

1745556749
0.95 0.33 0.08 3674

1745556750
0.95 0.33 0.08 4097

1745556751
0.78 0.32 0.08 2893

1745556752
0.78 0.32 0.08 4056

1745556753
0.64 0.31 0.08 2927

1745556754
0.64 0.31 0.08 3497

1745556755
0.52 0.3 0.08 3462

1745556756
0.52 0.3 0.08 4733

1745556757
0.42 0.29 0.07 4102

1745556758
0.42 0.29 0.07 21104

1745556759
0.71 0.34 0.09 34614

1745556760
0.71 0.34 0.09 40871

1745556761
1.12 0.43 0.11 30737

1745556762
1.12 0.43 0.11 6364

1745556763
1.1 0.45 0.11 32540

1745556764
1.1 0.45 0.11 29529

1745556765
1.44 0.53 0.13 35804

1745556766
1.44 0.53 0.13 37423

1745556767
1.72 0.61 0.15 36647

1745556768
1.72 0.61 0.15 32908

1745556769
1.77 0.66 0.17 18689

1745556770
1.77 0.66 0.17 28798

1745556771
1.81 0.7 0.18 28893

1745556772
1.81 0.7 0.18 22697

1745556774
1.85 0.74 0.19 10404

1745556775
1.85 0.74 0.19 6345

1745556776
1.69 0.75 0.2 31080

1745556777
1.57 0.76 0.2 9564

1745556778
1.57 0.76 0.2 7607

1745556779
1.28 0.74 0.2 5681

1745556780
1.28 0.74 0.2 7721

1745556781
1.05 0.71 0.2 5172

1745556782
1.05 0.71 0.2 7451

1745556783
0.86 0.69 0.2 6192

1745556784
0.86 0.69 0.2 3559

1745556785
0.7 0.66 0.2 4132

1745556786
0.7 0.66 0.2 5155

1745556787
0.57 0.64 0.2 14961

1745556788
0.57 0.64 0.2 31633

1745556789
1.01 0.72 0.22 25373

1745556790
1.01 0.72 0.22 3158

1745556791
0.83 0.7 0.21 2590

1745556792
0.83 0.7 0.21 3399

1745556793
0.68 0.67 0.21 3735

1745556794
0.68 0.67 0.21 4826

1745556795
0.55 0.65 0.21 5082

1745556798
0.45 0.63 0.21 8253

1745556799
0.45 0.63 0.21 4268

1745556800
0.37 0.61 0.21 54008

1745556801
0.37 0.61 0.21 38711

1745556802
1.03 0.72 0.23 35208

1745556803
1.03 0.72 0.23 19700

1745556804
1.2 0.76 0.25 9461

1745556805
1.2 0.76 0.25 13720

1745556806
0.98 0.74 0.24 4709

1745556807
0.98 0.74 0.24 4241

1745556808
0.8 0.71 0.24 4062

1745556809
0.8 0.71 0.24 16378

1745556810
0.84 0.72 0.25 35787

1745556811
0.84 0.72 0.25 49232

1745556812
1.41 0.83 0.27 57757

1745556813
1.41 0.83 0.27 22827

1745556814
1.7 0.9 0.29 4825

1745556815
1.7 0.9 0.29 3365

1745556816
1.39 0.87 0.29 2870

1745556817
1.39 0.87 0.29 3224

1745556818
1.14 0.84 0.29 3545

1745556819
0.93 0.81 0.28 20882

1745556820
0.93 0.81 0.28 33772

1745556821
1.12 0.85 0.3 13784

1745556822
1.12 0.85 0.3 4851

1745556823
0.92 0.82 0.29 4974

1745556824
0.92 0.82 0.29 3999

1745556825
0.75 0.8 0.29 3809

1745556826
0.75 0.8 0.29 2494

1745556827
0.61 0.77 0.29 5233

1745556828
0.61 0.77 0.29 3988

1745556829
0.5 0.75 0.29 14046

1745556831
0.5 0.75 0.29 26195

1745556832
0.59 0.75 0.29 3427

1745556833
0.59 0.75 0.29 3490

1745556834
0.48 0.73 0.29 3863

1745556835
0.48 0.73 0.29 15122

1745556836
0.39 0.7 0.29 3168

1745556837
0.39 0.7 0.29 3779

1745556838
0.32 0.68 0.28 2996

1745556839
0.32 0.68 0.28 2517

1745556840
0.26 0.66 0.28 2924

1745556841
0.26 0.66 0.28 2816

1745556842
0.21 0.64 0.28 3856

1745556843
0.21 0.64 0.28 2876

1745556844
0.17 0.62 0.28 6863

1745556845
0.17 0.62 0.28 6259

1745556846
0.14 0.59 0.27 6613

1745556847
0.14 0.59 0.27 10202

1745556848
0.11 0.57 0.27 4666

1745556849
0.11 0.57 0.27 3635

1745556850
0.09 0.56 0.27 9083

1745556851
0.09 0.56 0.27 8358

1745556852
0.07 0.54 0.27 5553

1745556853
0.07 0.54 0.27 7947

1745556854
0.06 0.52 0.27 8082

1745556855
0.05 0.5 0.27 6740

1745556856
0.05 0.5 0.27 4394

1745556857
0.04 0.48 0.26 12269

1745556858
0.04 0.48 0.26 5486

1745556859
0.03 0.47 0.26 3412

1745556860
0.03 0.47 0.26 4985

1745556861
0.02 0.45 0.26 5627

1745556862
0.02 0.45 0.26 4960

1745556863
0.02 0.44 0.26 7061

1745556864
0.02 0.44 0.26 25925

1745556865
0.2 0.46 0.26 16674

1745556867
0.2 0.46 0.26 3953

1745556868
0.16 0.44 0.26 2092

1745556869
0.16 0.44 0.26 31130

1745556870
0.49 0.49 0.27 33310

1745556871
0.49 0.49 0.27 42731

1745556872
0.95 0.57 0.29 45083

1745556873
0.95 0.57 0.29 36105

1745556874
1.32 0.65 0.31 39494

1745556875
1.8 0.76 0.34 50543

1745556876
1.8 0.76 0.34 49937

1745556877
2.02 0.84 0.35 39954

1745556878
2.02 0.84 0.35 43444

1745556879
2.38 0.94 0.38 46235

1745556880
2.38 0.94 0.38 39821

1745556881
2.49 1.01 0.4 39642

1745556883
2.49 1.01 0.4 54905

1745556884
2.76 1.11 0.42 46578

1745556885
2.76 1.11 0.42 47899

1745556886
2.99 1.2 0.45 39134

1745556887
2.99 1.2 0.45 35790

1745556888
2.99 1.26 0.46 32906

1745556889
2.99 1.26 0.46 35847

1745556890
2.99 1.32 0.48 39451

1745556891
2.99 1.37 0.5 52769

1745556892
2.99 1.37 0.5 40536

1745556893
3.17 1.46 0.52 55887

1745556894
3.17 1.46 0.52 42629

1745556895
3.32 1.54 0.55 44225

1745556896
3.32 1.54 0.55 43556

1745556898
3.26 1.59 0.56 42342

1745556899
3.26 1.59 0.56 47402

1745556900
3.4 1.67 0.59 47487

1745556901
3.4 1.67 0.59 44909

1745556902
3.5 1.74 0.61 47488

1745556903
3.5 1.74 0.61 44381

1745556904
3.59 1.82 0.64 49423

1745556905
3.59 1.82 0.64 46518

1745556906
3.67 1.89 0.66 50898

1745556907
3.67 1.89 0.66 50313

1745556908
3.73 1.96 0.68 46104

1745556909
3.73 1.96 0.68 42121

1745556910
3.77 2.03 0.7 48952

1745556911
3.77 2.03 0.7 30644

1745556912
3.63 2.06 0.72 38177

1745556913
3.34 2.05 0.73 19543

1745556914
3.34 2.05 0.73 2811

1745556915
2.73 1.99 0.72 3408

1745556916
2.73 1.99 0.72 3074

1745556917
2.24 1.92 0.72 4319

1745556918
2.24 1.92 0.72 3438

1745556919
1.83 1.86 0.71 4110

1745556920
1.83 1.86 0.71 7434

1745556922
1.5 1.8 0.71 3837

1745556923
1.5 1.8 0.71 2696

1745556924
1.22 1.74 0.7 3835

1745556925
1.22 1.74 0.7 216482

1745556926
3.72 2.17 0.8 219967

1745556927
3.72 2.17 0.8 192423

1745556928
6.49 2.72 0.93 185489

1745556929
6.49 2.72 0.93 190446

1745556930
8.57 3.22 1.04 196000

1745556931
8.57 3.22 1.04 201601

1745556932
10.46 3.74 1.17 190177

1745556933
10.46 3.74 1.17 194210

1745556934
12.01 4.24 1.29 91151

1745556935
12.01 4.24 1.29 9196

1745556936
10.01 4.13 1.29 3751

1745556937
10.01 4.13 1.29 3979

1745556938
8.2 4.0 1.28 3751

1745556939
8.2 4.0 1.28 4101

1745556940
6.71 3.87 1.27 8088

1745556941
5.49 3.74 1.26 3773

1745556942
5.49 3.74 1.26 2641

1745556943
4.5 3.62 1.25 2620

1745556944
4.5 3.62 1.25 3194

1745556945
3.68 3.5 1.24 2859

1745556946
3.68 3.5 1.24 3074

1745556947
3.01 3.38 1.23 3808

1745556948
3.01 3.38 1.23 16099

1745556949
2.65 3.3 1.23 21618

1745556950
2.65 3.3 1.23 5286

1745556952
2.17 3.2 1.22 5845

1745556953
2.17 3.2 1.22 57943

1745556954
2.32 3.19 1.23 9088

1745556955
2.32 3.19 1.23 2761

1745556956
1.9 3.08 1.22 2656

1745556957
1.9 3.08 1.22 1317

1745556958
1.55 2.98 1.22 3104

1745556959
1.55 2.98 1.22 1370

1745556960
1.27 2.89 1.21 3285

1745556961
1.27 2.89 1.21 4392

1745556962
1.04 2.79 1.2 3024

1745556963
1.04 2.79 1.2 3054

1745556964
0.85 2.7 1.19 3831

1745556965
1.06 2.68 1.2 37648

1745556967
1.06 2.68 1.2 8336

1745556968
0.86 2.59 1.19 4274

1745556969
0.86 2.59 1.19 3650

1745556970
0.71 2.5 1.18 3413

1745556971
0.71 2.5 1.18 2419

1745556972
0.58 2.42 1.17 4365

1745556973
0.58 2.42 1.17 2389

1745556974
0.47 2.34 1.16 3801

1745556975
0.47 2.34 1.16 3638

1745556976
0.39 2.26 1.16 3176

1745556977
0.39 2.26 1.16 2642

1745556978
0.31 2.19 1.15 4248

1745556979
0.31 2.19 1.15 4011

1745556980
0.26 2.12 1.14 5199

1745556981
0.26 2.12 1.14 2493

1745556982
0.21 2.05 1.13 3482

1745556983
0.21 2.05 1.13 3168

1745556984
0.17 1.98 1.12 3047

1745556985
0.17 1.98 1.12 3851

1745556986
0.14 1.91 1.11 2595

1745556987
0.14 1.91 1.11 3276

1745556988
0.11 1.85 1.11 3494

1745556989
0.11 1.85 1.11 2038

1745556990
0.09 1.79 1.1 3432

1745556991
0.07 1.73 1.09 3043

1745556992
0.07 1.73 1.09 3169

1745556993
0.06 1.67 1.08 4180

1745556994
0.06 1.67 1.08 3582

1745556995
0.05 1.62 1.08 3182

1745556996
0.05 1.62 1.08 5253

1745556997
0.04 1.57 1.07 3061

1745556999
0.04 1.57 1.07 2172

1745557000
0.03 1.51 1.06 3169

1745557001
0.03 1.51 1.06 4921

1745557002
0.02 1.46 1.05 4944

1745557003
0.02 1.46 1.05 5621

1745557004
0.02 1.42 1.05 6361

1745557005
0.02 1.42 1.05 11338

1745557006
0.01 1.37 1.04 11367

1745557007
0.01 1.37 1.04 25111

1745557008
0.19 1.36 1.04 4917

1745557009
0.19 1.36 1.04 4376

1745557010
0.16 1.31 1.03 5605

1745557011
0.16 1.31 1.03 5089

1745557012
0.13 1.27 1.02 14961

1745557013
0.65 1.33 1.04 55361

1745557014
0.65 1.33 1.04 27879

1745557015
0.71 1.31 1.04 21473

1745557017
0.71 1.31 1.04 38714

1745557018
1.12 1.37 1.05 20848

1745557019
1.12 1.37 1.05 8604

1745557020
0.92 1.32 1.04 9495

1745557021
0.92 1.32 1.04 4538

1745557022
0.75 1.28 1.04 6474

1745557023
0.75 1.28 1.04 29092

1745557024
0.8 1.27 1.03 21100

1745557025
0.8 1.27 1.03 8700

1745557026
0.83 1.26 1.03 19472

1745557027
0.83 1.26 1.03 41214

1745557028
1.04 1.29 1.04 16972

1745557029
1.04 1.29 1.04 42570

1745557030
1.4 1.34 1.05 33597

1745557031
1.4 1.34 1.05 34360

1745557032
1.69 1.4 1.07 34638

1745557033
1.69 1.4 1.07 31359

1745557034
1.92 1.45 1.08 42646

1745557035
2.12 1.5 1.09 40005

1745557036
2.12 1.5 1.09 46547

1745557037
2.28 1.55 1.11 44692

1745557038
2.28 1.55 1.11 39118

1745557039
2.41 1.6 1.12 33384

1745557041
2.41 1.6 1.12 35704

1745557042
2.51 1.64 1.13 42888

1745557043
2.51 1.64 1.13 44986

1745557044
2.78 1.72 1.15 37523

1745557045
2.78 1.72 1.15 35596

1745557046
2.82 1.76 1.17 30309

1745557047
2.82 1.76 1.17 38350

1745557048
2.85 1.8 1.18 36828

1745557049
2.85 1.8 1.18 34067

1745557050
2.88 1.84 1.19 37326

1745557051
2.88 1.84 1.19 37833

1745557052
2.9 1.88 1.2 38597

1745557053
2.9 1.88 1.2 31411

1745557054
2.92 1.91 1.22 10037

1745557055
2.92 1.91 1.22 6684

1745557056
2.39 1.85 1.21 3380

1745557057
1.95 1.79 1.2 11470

1745557058
1.95 1.79 1.2 19559

1745557059
1.96 1.8 1.21 26105

1745557060
1.96 1.8 1.21 30855

1745557062
1.97 1.8 1.21 14807

1745557063
1.97 1.8 1.21 17972

1745557064
1.79 1.78 1.21 20147

1745557065
1.79 1.78 1.21 22108

1745557066
1.83 1.79 1.22 32813

1745557067
1.83 1.79 1.22 11328

1745557068
1.68 1.76 1.21 6214

1745557069
1.68 1.76 1.21 16536

1745557070
1.55 1.73 1.21 5550

1745557071
1.55 1.73 1.21 53717

1745557072
1.63 1.74 1.22 4403

1745557073
1.63 1.74 1.22 2569

1745557074
1.34 1.68 1.21 3244

1745557075
1.34 1.68 1.21 3155

1745557076
1.09 1.63 1.2 18785

1745557077
1.09 1.63 1.2 52340

1745557078
1.62 1.71 1.22 22977

1745557079
1.33 1.65 1.21 4738

1745557080
1.33 1.65 1.21 6131

1745557081
1.08 1.6 1.2 11474

1745557082
1.08 1.6 1.2 7847

1745557083
0.89 1.54 1.19 7110

1745557084
0.89 1.54 1.19 7070

1745557086
0.91 1.53 1.19 216186

1745557087
0.91 1.53 1.19 229294

1745557088
4.36 2.13 1.32 3289

1745557089
4.36 2.13 1.32 3929

1745557090
3.57 2.06 1.31 3423

1745557091
3.57 2.06 1.31 113025

1745557092
4.56 2.29 1.36 174214

1745557094
6.63 2.74 1.46 333095

1745557095
6.63 2.74 1.46 134619

1745557096
8.14 3.14 1.56 182889

1745557097
8.14 3.14 1.56 136747

1745557098
9.2 3.49 1.64 126652

1745557099
9.2 3.49 1.64 117861

1745557100
9.71 3.77 1.71 132544

1745557101
9.71 3.77 1.71 130084

1745557102
10.31 4.07 1.79 151515

1745557103
10.31 4.07 1.79 168395

1745557104
11.34 4.46 1.89 167795

1745557105
11.34 4.46 1.89 141123

1745557106
11.82 4.78 1.97 125592

1745557107
11.82 4.78 1.97 129168

1745557108
11.85 5.01 2.04 130049

1745557109
11.85 5.01 2.04 119037

1745557110
11.88 5.24 2.11 136161

1745557112
12.26 5.53 2.19 259119

1745557113
12.26 5.53 2.19 121094

1745557114
12.03 5.71 2.25 90165

1745557115
12.03 5.71 2.25 563151

1745557116
16.92 6.8 2.5 960566

1745557118
24.54 8.5 2.89 705484

1745557119
24.54 8.5 2.89 452156

1745557120
28.25 9.7 3.18 391573

1745557121
28.25 9.7 3.18 374531

1745557122
29.65 10.56 3.4 340827

1745557124
27.54 10.8 3.5 201864

1745557125
27.54 10.8 3.5 31950

1745557126
23.09 10.55 3.5 15124

1745557128
19.81 10.36 3.51 337589

1745557129
19.81 10.36 3.51 204656

1745557130
20.75 10.84 3.65 141970

1745557131
20.75 10.84 3.65 130762

1745557132
18.98 10.85 3.7 53479

1745557133
18.98 10.85 3.7 51881

1745557134
18.26 10.98 3.78 339922

1745557135
18.26 10.98 3.78 179229

1745557136
18.21 11.21 3.88 168046

1745557138
17.45 11.3 3.95 259417

1745557139
17.45 11.3 3.95 129304

1745557140
16.46 11.33 4.0 121904

1745557141
16.46 11.33 4.0 124455

1745557142
15.47 11.32 4.05 106697

1745557143
15.47 11.32 4.05 127404

1745557144
14.84 11.34 4.11 119767

1745557145
14.84 11.34 4.11 104752

1745557146
13.96 11.29 4.15 115560

1745557147
13.96 11.29 4.15 115823

1745557149
13.42 11.28 4.19 226839

1745557150
12.98 11.27 4.24 112000

1745557151
12.98 11.27 4.24 104137

1745557152
12.44 11.23 4.28 116358

1745557153
12.44 11.23 4.28 110187

1745557154
12.18 11.22 4.33 118309

1745557155
12.18 11.22 4.33 119375

1745557157
11.97 11.22 4.37 226178

1745557158
11.79 11.21 4.42 112321

1745557159
11.79 11.21 4.42 111746

1745557160
11.65 11.2 4.46 137910

1745557161
11.65 11.2 4.46 154428

1745557162
12.07 11.29 4.53 132767

1745557163
12.07 11.29 4.53 122145

1745557164
12.06 11.32 4.58 124730

1745557165
12.06 11.32 4.58 125890

1745557166
12.05 11.34 4.63 120435

1745557167
12.05 11.34 4.63 104993

1745557168
11.85 11.33 4.67 121335

1745557169
11.85 11.33 4.67 103082

1745557170
11.52 11.28 4.71 116770

1745557171
11.52 11.28 4.71 105981

1745557172
11.24 11.24 4.75 160135

1745557174
11.2 11.23 4.79 176890

1745557175
11.2 11.23 4.79 128548

1745557176
11.34 11.26 4.84 124634

1745557177
11.34 11.26 4.84 110847

1745557178
11.28 11.25 4.88 126690

1745557179
11.28 11.25 4.88 117364

1745557180
11.41 11.27 4.93 111704

1745557181
11.41 11.27 4.93 106464

1745557182
11.15 11.23 4.97 102650

1745557183
11.15 11.23 4.97 137811

1745557184
11.31 11.26 5.01 142070

1745557185
11.31 11.26 5.01 128035

1745557186
11.61 11.31 5.07 127628

1745557187
11.61 11.31 5.07 107945

1745557188
11.5 11.3 5.11 111775

1745557189
11.5 11.3 5.11 110416

1745557190
11.23 11.26 5.14 107417

1745557191
11.23 11.26 5.14 125626

1745557192
11.18 11.25 5.18 105245

1745557193
11.18 11.25 5.18 125049

1745557194
11.33 11.28 5.23 117259

1745557195
11.33 11.28 5.23 118714

1745557196
11.27 11.27 5.27 126400

1745557197
11.27 11.27 5.27 133382

1745557198
11.4 11.29 5.32 107963

1745557199
11.4 11.29 5.32 114692

1745557201
11.33 11.28 5.35 227696

1745557202
11.27 11.27 5.39 130082

1745557203
11.27 11.27 5.39 106908

1745557204
11.22 11.26 5.43 120815

1745557205
11.22 11.26 5.43 120301

1745557206
11.18 11.25 5.47 118677

1745557207
11.18 11.25 5.47 122049

1745557208
11.33 11.28 5.52 121327

1745557209
11.33 11.28 5.52 115885

1745557210
11.27 11.27 5.55 118633

1745557211
11.27 11.27 5.55 118375

1745557213
11.22 11.26 5.59 220495

1745557214
11.18 11.25 5.63 115630

1745557215
11.18 11.25 5.63 102279

1745557216
10.96 11.21 5.66 111476

1745557217
10.96 11.21 5.66 111272

1745557218
10.97 11.2 5.69 126965

1745557219
10.97 11.2 5.69 131269

1745557220
11.15 11.23 5.74 117664

1745557222
11.12 11.22 5.77 231945

1745557223
11.12 11.22 5.77 109423

1745557224
11.1 11.21 5.81 183771

1745557225
11.44 11.27 5.86 159565

1745557227
11.44 11.27 5.86 183569

1745557228
11.54 11.29 5.9 113101

1745557229
11.54 11.29 5.9 106244

1745557230
11.44 11.28 5.94 120496

1745557231
11.44 11.28 5.94 113285

1745557232
11.36 11.27 5.97 112283

1745557234
11.48 11.3 6.01 246016

1745557235
11.48 11.3 6.01 130526

1745557236
11.75 11.35 6.06 132558

1745557237
11.75 11.35 6.06 128594

1745557238
11.8 11.38 6.1 125993

1745557239
11.8 11.38 6.1 123664

1745557240
11.83 11.4 6.14 127559

1745557241
11.83 11.4 6.14 123873

1745557242
11.86 11.42 6.18 124313

1745557243
11.86 11.42 6.18 119007

1745557244
11.89 11.43 6.22 118006

1745557245
11.89 11.43 6.22 113922

1745557246
11.73 11.42 6.25 127073

1745557247
11.73 11.42 6.25 129644

1745557248
11.96 11.47 6.3 138025

1745557249
11.96 11.47 6.3 132445

1745557250
12.14 11.52 6.35 129824

1745557251
12.14 11.52 6.35 111501

1745557252
11.94 11.5 6.38 101556

1745557253
11.94 11.5 6.38 123554

1745557254
11.77 11.49 6.41 123795

1745557255
11.77 11.49 6.41 117227

1745557256
11.63 11.47 6.44 111866

1745557257
11.63 11.47 6.44 103465

1745557258
11.33 11.42 6.47 97968

1745557259
11.33 11.42 6.47 101646

1745557260
11.09 11.38 6.49 113424

1745557261
11.09 11.38 6.49 97618

1745557262
10.89 11.33 6.52 102922

1745557263
10.89 11.33 6.52 93855

1745557264
10.55 11.25 6.53 100685

1745557265
10.55 11.25 6.53 110153

1745557266
10.63 11.25 6.56 118584

1745557267
10.63 11.25 6.56 109886

1745557268
10.69 11.24 6.59 113580

1745557269
10.69 11.24 6.59 101758

1745557270
10.57 11.2 6.62 96183

1745557271
10.57 11.2 6.62 97846

1745557272
10.28 11.12 6.63 101293

1745557273
10.28 11.12 6.63 98325

1745557274
10.05 11.05 6.65 96728

1745557275
10.05 11.05 6.65 99010

1745557276
9.86 10.99 6.67 92588

1745557277
9.86 10.99 6.67 98972

1745557278
9.88 10.95 6.69 103065

1745557279
9.88 10.95 6.69 94588

1745557280
9.72 10.89 6.71 102741

1745557281
9.72 10.89 6.71 99222

1745557282
9.77 10.86 6.73 101370

1745557283
9.77 10.86 6.73 110453

1745557284
9.81 10.83 6.75 97764

1745557285
9.81 10.83 6.75 104832

1745557286
9.66 10.77 6.77 96710

1745557287
9.66 10.77 6.77 99541

1745557288
9.54 10.71 6.78 94453

1745557289
9.54 10.71 6.78 103929

1745557290
9.62 10.69 6.81 100435

1745557291
9.62 10.69 6.81 116776

1745557292
9.87 10.7 6.83 110122

1745557293
9.87 10.7 6.83 117042

1745557294
10.08 10.71 6.86 120630

1745557295
10.08 10.71 6.86 119515

1745557296
10.42 10.75 6.9 128270

1745557297
10.42 10.75 6.9 121879

1745557298
10.71 10.79 6.93 121010

1745557299
10.71 10.79 6.93 129541

1745557300
10.94 10.83 6.97 166305

1745557302
10.41 10.74 6.97 93031

1745557303
10.41 10.74 6.97 157771

1745557304
10.7 10.78 7.01 112398

1745557305
10.7 10.78 7.01 102575

1745557306
10.75 10.79 7.04 142882

1745557307
10.75 10.79 7.04 145180

1745557308
11.16 10.86 7.08 119774

1745557309
11.16 10.86 7.08 111987

1745557310
11.31 10.9 7.11 123909

1745557311
11.31 10.9 7.11 127962

1745557312
11.43 10.93 7.15 105431

1745557313
11.43 10.93 7.15 94046

1745557314
10.99 10.87 7.16 97602

1745557315
10.99 10.87 7.16 91670

1745557316
10.63 10.81 7.17 85981

1745557317
10.63 10.81 7.17 96227

1745557318
10.33 10.75 7.18 90030

1745557319
10.33 10.75 7.18 93425

1745557320
10.09 10.69 7.2 97980

1745557321
10.09 10.69 7.2 98678

1745557322
9.89 10.64 7.21 93592

1745557323
9.89 10.64 7.21 104448

1745557324
9.91 10.61 7.23 103872

1745557325
9.91 10.61 7.23 99950

1745557326
9.93 10.59 7.25 97293

1745557327
9.93 10.59 7.25 98535

1745557329
9.76 10.54 7.26 215823

1745557330
9.8 10.52 7.28 94505

1745557331
9.8 10.52 7.28 86810

1745557332
9.65 10.47 7.29 100531

1745557333
9.65 10.47 7.29 91357

1745557334
9.54 10.42 7.3 102131

1745557335
9.54 10.42 7.3 95440

1745557336
9.44 10.38 7.31 93447

1745557337
9.44 10.38 7.31 93927

1745557338
9.36 10.33 7.33 95195

1745557339
9.36 10.33 7.33 92948

1745557340
9.29 10.29 7.34 100502

1745557341
9.29 10.29 7.34 83001

1745557342
9.06 10.21 7.34 93344

1745557343
9.06 10.21 7.34 92031

1745557344
9.04 10.17 7.35 99912

1745557345
9.04 10.17 7.35 102083

1745557346
9.22 10.17 7.37 83436

1745557347
9.22 10.17 7.37 20227

1745557348
7.91 9.9 7.34 33731

1745557349
7.91 9.9 7.34 38179

1745557350
7.2 9.71 7.31 40053

1745557351
7.2 9.71 7.31 5451

1745557352
6.08 9.42 7.27 2356

1745557353
6.08 9.42 7.27 845

1745557354
4.97 9.11 7.22 1392

1745557355
4.97 9.11 7.22 1734

1745557356
4.07 8.81 7.17 2110

1745557357
4.07 8.81 7.17 1497

1745557358
3.33 8.53 7.12 1397

1745557359
3.33 8.53 7.12 1474

1745557360
2.73 8.25 7.07 1395

1745557361
2.73 8.25 7.07 1233

1745557362
2.23 7.98 7.02 1549

1745557363
2.23 7.98 7.02 39025

1745557364
2.01 7.75 6.98 1283

1745557365
2.01 7.75 6.98 1151

1745557366
1.64 7.49 6.93 1080

1745557367
1.64 7.49 6.93 1176

1745557368
1.34 7.25 6.89 1817

1745557369
1.34 7.25 6.89 831

1745557370
1.1 7.01 6.84 810

1745557371
1.1 7.01 6.84 647

1745557372
0.9 6.78 6.79 1583

1745557373
0.9 6.78 6.79 1180

1745557374
0.74 6.56 6.74 1669

1745557375
0.74 6.56 6.74 1238

1745557376
0.6 6.34 6.7 1362

1745557377
0.6 6.34 6.7 1271

1745557378
0.49 6.14 6.65 29587

1745557379
0.49 6.14 6.65 82539

1745557381
1.31 6.1 6.64 11490

1745557382
1.07 5.9 6.59 1222

1745557383
1.07 5.9 6.59 2019

1745557384
0.87 5.7 6.55 1486

1745557385
0.87 5.7 6.55 1267

1745557386
0.72 5.52 6.5 742

1745557387
0.72 5.52 6.5 1809

1745557388
0.58 5.34 6.46 1437

1745557389
0.58 5.34 6.46 865

1745557390
0.48 5.16 6.41 2081

1745557391
0.48 5.16 6.41 3074

1745557392
0.39 4.99 6.37 2297

1745557393
0.39 4.99 6.37 2880

1745557394
0.32 4.83 6.33 3180

1745557395
0.32 4.83 6.33 4411

1745557396
0.26 4.67 6.28 8037

1745557397
0.26 4.67 6.28 8010

1745557398
0.21 4.52 6.24 3396

1745557399
0.21 4.52 6.24 5938

1745557400
0.17 4.37 6.2 1777

1745557401
0.17 4.37 6.2 1950

1745557402
0.14 4.23 6.15 3313

1745557403
0.14 4.23 6.15 15287

1745557404
0.48 4.15 6.13 22006

1745557405
0.48 4.15 6.13 1591

1745557406
0.39 4.02 6.08 2874

1745557407
0.39 4.02 6.08 6943

1745557408
0.5 3.92 6.05 17261

1745557409
0.5 3.92 6.05 2044

1745557410
0.41 3.79 6.01 13223

1745557411
0.41 3.79 6.01 13947

1745557412
0.7 3.73 5.98 38295

1745557413
0.7 3.73 5.98 37808

1745557414
1.11 3.7 5.96 36862

1745557415
1.09 3.62 5.92 24799

1745557417
1.09 3.62 5.92 55220

1745557418
1.62 3.63 5.91 47086

1745557419
1.62 3.63 5.91 7113

1745557420
1.5 3.54 5.88 3883

1745557421
1.5 3.54 5.88 1898

1745557422
1.23 3.43 5.84 2119

1745557423
1.23 3.43 5.84 6814

1745557424
1.01 3.31 5.8 7675

1745557425
1.01 3.31 5.8 16548

1745557426
1.0 3.24 5.76 8139

1745557427
1.0 3.24 5.76 45151

1745557428
1.37 3.23 5.74 44705

1745557429
1.37 3.23 5.74 50305

1745557430
1.84 3.25 5.73 11414

1745557431
1.84 3.25 5.73 2239

1745557432
1.51 3.15 5.69 48342

1745557433
2.68 3.31 5.71 115827

1745557435
2.68 3.31 5.71 66716

1745557436
2.92 3.33 5.7 44682

1745557437
2.92 3.33 5.7 40016

1745557438
3.12 3.35 5.68 30726

1745557439
3.12 3.35 5.68 32998

1745557440
2.91 3.31 5.66 46389

1745557441
2.93 3.3 5.64 26539

1745557442
2.93 3.3 5.64 63773

1745557443
4.03 3.48 5.66 143664

1745557444
4.03 3.48 5.66 45728

1745557446
4.2 3.53 5.66 113428

1745557447
4.2 3.53 5.66 26128

1745557448
4.16 3.55 5.65 5626

1745557449
4.16 3.55 5.65 5743

1745557450
3.41 3.43 5.61 54129

1745557451
3.41 3.43 5.61 282219

1745557452
7.14 4.1 5.73 357912

1745557454
15.08 5.64 6.04 1082755

1745557455
15.08 5.64 6.04 677637

1745557456
23.94 7.55 6.44 600800

1745557457
23.94 7.55 6.44 621870

1745557458
31.2 9.39 6.83 718660

1745557459
31.2 9.39 6.83 678668

1745557460
35.51 10.89 7.16 148112

1745557461
35.51 10.89 7.16 4492

1745557462
29.26 10.56 7.12 7094

1745557464
25.59 10.51 7.13 323668

1745557465
25.59 10.51 7.13 540914

1745557466
31.1 12.0 7.47 609880

1745557468
33.25 13.01 7.71 758136

1745557469
33.25 13.01 7.71 355797

1745557470
33.75 13.77 7.91 464472

1745557471
33.75 13.77 7.91 307766

1745557473
33.61 14.39 8.08 516816

1745557474
33.32 14.97 8.24 481326

1745557475
33.32 14.97 8.24 315258

1745557476
32.54 15.43 8.38 181753

1745557477
32.54 15.43 8.38 150532

1745557478
29.36 15.42 8.43 154274

1745557479
29.36 15.42 8.43 289896

1745557480
28.93 15.79 8.56 291485

1745557481
28.93 15.79 8.56 323188

1745557482
29.85 16.39 8.73 461430

1745557483
29.85 16.39 8.73 263357

1745557484
29.15 16.7 8.85 139930

1745557485
29.15 16.7 8.85 176240

1745557486
27.67 16.85 8.93 266309

1745557487
27.67 16.85 8.93 303269

1745557488
27.37 17.14 9.05 252722

1745557489
27.37 17.14 9.05 279763

1745557490
26.03 17.24 9.12 36289

1745557491
21.68 16.74 9.07 28399

1745557492
21.68 16.74 9.07 12382

1745557493
18.11 16.26 9.03 45273

1745557495
18.11 16.26 9.03 57521

1745557496
15.92 15.92 9.0 66988

1745557497
15.92 15.92 9.0 78146

1745557498
13.94 15.56 8.98 146361

1745557500
12.86 15.31 8.97 102963

1745557501
12.86 15.31 8.97 160926

1745557502
12.52 15.17 8.98 15567

1745557503
12.52 15.17 8.98 53347

1745557504
11.7 14.94 8.98 129029

1745557505
11.7 14.94 8.98 30029

1745557506
9.94 14.51 8.93 31059

1745557507
9.94 14.51 8.93 36447

1745557508
8.68 14.14 8.89 41930

1745557510
7.83 13.81 8.85 68964

1745557511
7.83 13.81 8.85 38443

1745557512
6.96 13.45 8.81 35661

1745557513
6.96 13.45 8.81 46530

1745557514
6.24 13.11 8.77 34429

1745557515
6.24 13.11 8.77 40290

1745557516
5.65 12.78 8.73 35321

1745557517
5.65 12.78 8.73 34353

1745557519
5.17 12.46 8.69 81584

1745557520
4.78 12.15 8.66 42567

1745557521
4.78 12.15 8.66 151618

1745557522
6.45 12.21 8.69 159229

1745557523
6.45 12.21 8.69 323910

1745557524
10.71 12.79 8.84 322164

1745557525
10.71 12.79 8.84 114424

1745557526
10.94 12.76 8.86 94528

1745557527
10.94 12.76 8.86 118150

1745557528
11.86 12.87 8.91 207425

1745557529
11.86 12.87 8.91 252274

1745557530
12.97 13.04 8.97 77483

1745557531
12.97 13.04 8.97 19466

1745557532
10.98 12.68 8.92 25908

1745557533
10.98 12.68 8.92 32841

1745557534
9.54 12.36 8.88 28984

1745557535
9.54 12.36 8.88 26093

1745557536
8.35 12.05 8.84 48470

1745557537
8.35 12.05 8.84 45986

1745557538
7.38 11.76 8.8 25689

1745557539
7.38 11.76 8.8 40948

1745557540
6.95 11.54 8.78 160434

1745557541
6.95 11.54 8.78 228658

1745557542
9.49 11.84 8.86 157190

1745557543
9.49 11.84 8.86 89569

1745557544
9.04 11.69 8.85 35029

1745557545
9.04 11.69 8.85 22015

1745557546
7.76 11.37 8.8 41121

1745557547
7.76 11.37 8.8 51734

1745557548
7.08 11.13 8.77 95177

1745557549
7.79 11.12 8.78 138990

1745557550
7.79 11.12 8.78 121542

1745557552
10.54 11.51 8.88 482934

1745557553
10.54 11.51 8.88 389998

1745557554
13.89 12.08 9.02 162178

1745557555
13.89 12.08 9.02 143596

1745557556
14.81 12.31 9.09 316248

1745557557
14.81 12.31 9.09 874390

1745557559
24.45 14.13 9.49 572289

1745557560
24.55 14.49 9.59 166569

1745557561
24.55 14.49 9.59 237168

1745557562
25.35 14.96 9.73 472107

1745557564
25.83 15.39 9.85 446822

1745557565
25.83 15.39 9.85 176257

1745557566
24.59 15.51 9.91 306633

1745557567
24.59 15.51 9.91 300179

1745557568
24.48 15.79 10.01 52540

1745557569
24.48 15.79 10.01 47528

1745557570
20.59 15.37 9.96 62999

1745557571
20.59 15.37 9.96 55491

1745557573
17.77 15.03 9.93 78649

1745557574
16.54 14.89 9.94 171253

1745557575
16.54 14.89 9.94 44530

1745557576
14.09 14.51 9.89 26919

1745557577
14.09 14.51 9.89 31715

1745557578
12.08 14.13 9.84 35441

1745557579
12.08 14.13 9.84 30693

1745557580
10.97 13.86 9.81 126679

1745557581
10.97 13.86 9.81 60393

1745557582
10.43 13.67 9.8 142384

1745557583
10.43 13.67 9.8 221123

1745557584
11.08 13.68 9.83 196690

1745557586
11.06 13.59 9.84 52419

1745557587
11.06 13.59 9.84 80601

1745557588
9.96 13.31 9.81 44162

1745557589
9.96 13.31 9.81 159890

1745557590
10.33 13.27 9.82 92465

1745557591
10.33 13.27 9.82 46762

1745557592
9.18 12.96 9.78 19845

1745557593
9.18 12.96 9.78 23766

1745557594
7.88 12.6 9.73 24412

1745557595
7.88 12.6 9.73 26990

1745557596
7.0 12.29 9.68 38321

1745557597
7.0 12.29 9.68 27180

1745557598
6.27 11.99 9.64 31521

1745557599
6.27 11.99 9.64 41737

1745557601
5.68 11.69 9.59 51550

1745557602
5.01 11.37 9.54 21637

1745557603
5.01 11.37 9.54 34412

1745557604
4.64 11.1 9.49 27869

1745557605
4.64 11.1 9.49 36331

1745557606
4.35 10.83 9.45 46790

1745557607
4.35 10.83 9.45 30082

1745557608
4.1 10.58 9.4 26239

1745557609
4.1 10.58 9.4 23660

1745557610
3.72 10.3 9.35 30891

1745557611
3.72 10.3 9.35 31846

1745557612
3.95 10.12 9.32 102490

1745557613
3.95 10.12 9.32 38829

1745557614
3.96 9.92 9.29 31674

1745557615
3.96 9.92 9.29 36702

1745557616
3.78 9.69 9.24 29246

1745557617
3.78 9.69 9.24 32556

1745557618
3.46 9.44 9.19 27645

1745557619
3.46 9.44 9.19 18837

1745557620
3.19 9.2 9.14 33160

1745557621
3.19 9.2 9.14 46118

1745557622
3.34 9.03 9.11 40174

1745557623
3.34 9.03 9.11 36900

1745557624
3.28 8.83 9.07 29160

1745557625
3.28 8.83 9.07 32046

1745557626
3.04 8.61 9.02 20054

1745557627
3.04 8.61 9.02 24327

1745557628
2.85 8.39 8.97 29941

1745557629
2.85 8.39 8.97 28178

1745557630
2.7 8.18 8.92 28790

1745557631
2.7 8.18 8.92 30755

1745557632
2.57 7.98 8.87 25045

1745557633
2.57 7.98 8.87 38259

1745557634
2.65 7.82 8.83 30244

1745557635
2.65 7.82 8.83 28178

1745557636
2.53 7.62 8.79 24953

1745557637
2.53 7.62 8.79 23342

1745557638
2.43 7.44 8.74 20493

1745557639
2.43 7.44 8.74 28100

1745557640
2.35 7.26 8.69 20784

1745557641
2.35 7.26 8.69 23760

1745557642
2.29 7.09 8.65 27378

1745557643
2.29 7.09 8.65 126198

1745557644
3.68 7.18 8.66 86068

1745557645
3.68 7.18 8.66 42233

1745557646
3.74 7.08 8.62 38599

1745557647
3.74 7.08 8.62 118379

1745557648
5.24 7.24 8.65 129427

1745557649
5.24 7.24 8.65 23895

1745557650
4.65 7.07 8.6 30486

1745557651
4.65 7.07 8.6 29001

1745557652
4.53 6.97 8.57 61789

1745557653
4.53 6.97 8.57 32578

1745557654
4.25 6.84 8.53 48872

1745557656
4.02 6.71 8.49 45835

1745557657
4.02 6.71 8.49 28437

1745557658
3.84 6.59 8.46 42730

1745557659
3.84 6.59 8.46 27550

1745557661
3.5 6.44 8.41 35961

1745557662
3.23 6.29 8.37 24422

1745557663
3.23 6.29 8.37 28316

1745557664
3.01 6.15 8.32 32256

1745557665
3.01 6.15 8.32 33437

1745557666
3.19 6.08 8.29 88899

1745557667
3.19 6.08 8.29 73626

1745557668
4.6 6.24 8.31 158005

1745557669
4.6 6.24 8.31 30718

1745557670
4.67 6.2 8.29 41819

1745557671
4.67 6.2 8.29 57406

1745557672
4.73 6.16 8.27 144923

1745557674
4.96 6.16 8.25 43149

1745557675
4.96 6.16 8.25 27213

1745557676
4.42 6.02 8.21 24219

1745557677
4.42 6.02 8.21 46284

1745557678
5.61 6.18 8.23 240367

1745557679
5.61 6.18 8.23 117221

1745557680
8.22 6.64 8.31 298889

1745557682
8.9 6.81 8.33 241191

1745557683
8.9 6.81 8.33 253105

1745557684
11.82 7.41 8.45 291526

1745557685
11.82 7.41 8.45 167824

1745557686
12.21 7.62 8.49 38733

1745557687
12.21 7.62 8.49 33146

1745557688
10.72 7.5 8.45 67312

1745557689
10.72 7.5 8.45 120796

1745557690
10.77 7.62 8.47 107321

1745557691
10.77 7.62 8.47 25742

1745557692
9.18 7.43 8.43 25586

1745557693
9.18 7.43 8.43 51997

1745557694
8.61 7.39 8.41 118744

1745557695
8.61 7.39 8.41 245884

1745557696
11.39 7.93 8.52 219781

1745557697
11.39 7.93 8.52 45682

1745557698
10.05 7.8 8.49 40181

1745557699
10.05 7.8 8.49 38765

1745557700
9.5 7.77 8.48 114415

1745557701
9.5 7.77 8.48 40664

1745557702
8.32 7.62 8.44 49608

1745557703
8.32 7.62 8.44 22867

1745557704
7.72 7.53 8.41 95115

1745557705
7.72 7.53 8.41 121479

1745557706
7.77 7.55 8.41 41396

1745557707
7.77 7.55 8.41 37672

1745557708
6.9 7.4 8.37 26555

1745557709
6.9 7.4 8.37 33670

1745557710
6.2 7.25 8.34 31059

1745557711
6.2 7.25 8.34 33700

1745557712
5.98 7.18 8.31 91698

1745557713
5.98 7.18 8.31 23914

1745557714
5.62 7.08 8.29 49990

1745557715
5.62 7.08 8.29 203765

1745557716
7.32 7.33 8.33 98972

1745557717
7.32 7.33 8.33 28094

1745557718
6.53 7.19 8.29 35976

1745557719
6.53 7.19 8.29 64009

1745557720
6.44 7.15 8.28 55492

1745557721
6.44 7.15 8.28 122940

1745557722
6.72 7.18 8.28 54924

1745557723
6.72 7.18 8.28 96475

1745557724
7.67 7.34 8.3 158437

1745557725
7.67 7.34 8.3 114818

1745557727
7.55 7.33 8.29 54756

1745557728
6.73 7.18 8.26 46370

1745557729
6.73 7.18 8.26 40879

1745557730
6.05 7.05 8.22 33543

1745557731
6.05 7.05 8.22 24643

1745557732
5.31 6.88 8.18 26944

1745557733
5.31 6.88 8.18 31841

1745557734
5.62 6.89 8.17 162080

1745557735
5.62 6.89 8.17 177003

1745557736
6.96 7.09 8.2 42283

1745557737
6.96 7.09 8.2 24149

1745557738
6.06 6.92 8.16 24603

1745557739
6.06 6.92 8.16 41990

1745557740
5.86 6.86 8.14 71091

1745557741
5.86 6.86 8.14 28073

1745557742
5.89 6.83 8.12 107115

1745557743
5.89 6.83 8.12 137806

1745557744
6.81 6.96 8.14 91271

1745557745
6.81 6.96 8.14 72378

1745557746
6.66 6.93 8.13 50277

1745557747
6.66 6.93 8.13 26528

1745557748
6.54 6.9 8.11 102534

1745557749
6.54 6.9 8.11 31401

1745557750
5.9 6.77 8.08 28021

1745557751
5.9 6.77 8.08 31157

1745557752
5.37 6.65 8.04 32120

1745557753
5.37 6.65 8.04 24159

1745557754
4.76 6.5 8.0 27331

1745557755
4.76 6.5 8.0 31378

1745557756
4.26 6.35 7.96 23938

1745557757
4.26 6.35 7.96 23565

1745557758
3.85 6.21 7.92 26266

1745557759
3.85 6.21 7.92 25602

1745557760
3.51 6.07 7.88 29245

1745557761
3.51 6.07 7.88 28082

1745557762
3.24 5.94 7.84 26596

1745557763
3.24 5.94 7.84 27149

1745557764
3.01 5.81 7.8 27159

1745557765
3.01 5.81 7.8 24966

1745557766
2.83 5.68 7.76 22744

1745557767
2.83 5.68 7.76 27149

1745557768
2.68 5.56 7.72 31354

1745557769
2.68 5.56 7.72 27539

1745557770
2.55 5.44 7.68 33526

1745557771
2.55 5.44 7.68 30975

1745557772
2.45 5.33 7.64 26154

1745557773
2.45 5.33 7.64 58578

1745557774
3.09 5.35 7.63 79166

1745557775
3.09 5.35 7.63 182966

1745557776
7.97 6.16 7.78 437187

1745557777
7.97 6.16 7.78 407523

1745557778
13.23 7.17 7.98 273546

1745557779
13.23 7.17 7.98 217563

1745557780
13.37 7.39 8.02 80273

1745557781
13.37 7.39 8.02 170911

1745557782
14.39 7.77 8.1 226958

1745557783
14.39 7.77 8.1 214825

1745557784
14.13 7.94 8.13 53897

1745557785
14.13 7.94 8.13 55107

1745557786
12.48 7.85 8.11 37433

1745557787
12.48 7.85 8.11 22807

1745557788
10.58 7.65 8.07 22029

1745557789
10.58 7.65 8.07 31572

1745557790
9.02 7.47 8.03 29183

1745557791
9.02 7.47 8.03 36056

1745557792
7.93 7.32 7.99 23220

1745557793
7.93 7.32 7.99 30672

1745557794
6.86 7.15 7.95 26575

1745557795
6.86 7.15 7.95 48636

1745557796
6.7 7.11 7.94 81440

1745557797
6.7 7.11 7.94 37154

1745557798
6.03 6.97 7.9 24340

1745557799
6.03 6.97 7.9 30032

1745557800
5.48 6.84 7.87 44648

1745557801
5.48 6.84 7.87 122066

1745557803
7.38 7.14 7.92 397290

1745557804
8.22 7.3 7.95 75419

1745557805
8.22 7.3 7.95 82290

1745557806
7.82 7.26 7.94 44820

1745557807
7.82 7.26 7.94 31392

1745557808
6.94 7.12 7.9 28772

1745557809
6.94 7.12 7.9 27833

1745557810
6.05 6.95 7.86 23173

1745557811
6.05 6.95 7.86 21537

1745557812
5.31 6.79 7.82 26197

1745557813
5.31 6.79 7.82 26959

1745557814
4.71 6.63 7.78 25823

1745557815
4.71 6.63 7.78 31721

1745557816
4.22 6.48 7.74 26413

1745557817
4.22 6.48 7.74 76415

1745557818
5.27 6.6 7.76 132972

1745557819
5.27 6.6 7.76 119070

1745557820
6.67 6.81 7.79 131470

1745557821
6.67 6.81 7.79 125755

1745557822
7.45 6.94 7.82 134048

1745557823
7.45 6.94 7.82 333920

1745557824
10.45 7.5 7.93 137857

1745557825
10.45 7.5 7.93 218089

1745557826
11.27 7.75 7.98 76865

1745557827
11.27 7.75 7.98 45290

1745557828
10.5 7.72 7.97 121400

1745557829
10.5 7.72 7.97 194097

1745557830
11.49 7.99 8.02 158638

1745557831
11.49 7.99 8.02 236404

1745557832
14.12 8.58 8.15 300778

1745557833
14.12 8.58 8.15 262214

1745557835
15.0 8.92 8.22 471208

1745557836
18.99 9.84 8.42 370183

1745557837
18.99 9.84 8.42 188635

1745557839
17.9 9.94 8.45 79212

1745557840
16.29 9.91 8.45 140867

1745557841
16.29 9.91 8.45 97769

1745557842
15.15 9.92 8.46 123311

1745557843
15.15 9.92 8.46 86343

1745557844
13.49 9.79 8.45 34505

1745557845
13.49 9.79 8.45 79299

1745557846
12.13 9.66 8.43 57152

1745557847
12.13 9.66 8.43 53760

1745557848
10.66 9.48 8.4 33840

1745557849
10.66 9.48 8.4 38162

1745557850
9.27 9.27 8.36 25504

1745557851
9.27 9.27 8.36 132868

1745557852
9.58 9.32 8.38 104019

1745557853
9.58 9.32 8.38 49820

1745557854
8.57 9.15 8.35 37081

1745557855
8.57 9.15 8.35 28882

1745557856
7.92 9.01 8.33 78008

1745557857
7.92 9.01 8.33 62492

1745557858
7.39 8.88 8.3 35323

1745557859
7.39 8.88 8.3 24173

1745557860
6.78 8.72 8.27 64808

1745557861
6.78 8.72 8.27 159153

1745557862
7.72 8.83 8.3 96918

1745557863
7.72 8.83 8.3 118715

1745557864
8.13 8.87 8.31 90295

1745557865
8.13 8.87 8.31 97273

1745557866
7.75 8.77 8.3 56692

1745557867
7.75 8.77 8.3 98562

1745557869
7.79 8.75 8.29 127571

1745557870
7.47 8.66 8.28 56935

1745557871
7.47 8.66 8.28 47054

1745557872
7.38 8.6 8.27 112014

1745557873
7.38 8.6 8.27 179926

1745557874
8.22 8.71 8.29 36662

1745557875
8.22 8.71 8.29 20454

1745557876
8.0 8.66 8.29 152645

1745557877
8.0 8.66 8.29 100019

1745557878
8.18 8.67 8.29 89769

1745557879
8.18 8.67 8.29 69769

1745557880
7.6 8.55 8.27 41009

1745557881
7.6 8.55 8.27 22074

1745557882
6.58 8.33 8.22 28066

1745557883
6.58 8.33 8.22 32488

1745557884
5.75 8.12 8.18 26470

1745557885
5.75 8.12 8.18 33740

1745557886
5.25 7.96 8.15 27403

1745557887
5.25 7.96 8.15 22828

1745557888
4.66 7.76 8.1 22285

1745557889
4.66 7.76 8.1 28634

1745557890
4.18 7.57 8.06 32133

1745557891
4.18 7.57 8.06 29872

1745557892
3.96 7.42 8.03 31738

1745557893
3.96 7.42 8.03 35327

1745557894
3.79 7.28 7.99 26043

1745557895
3.79 7.28 7.99 30530

1745557896
3.64 7.14 7.96 34979

1745557897
3.64 7.14 7.96 30195

1745557898
3.35 6.97 7.92 26247

1745557899
3.35 6.97 7.92 28947

1745557900
3.1 6.81 7.88 21903

1745557901
3.1 6.81 7.88 27975

1745557902
3.08 6.68 7.84 33387

1745557903
3.08 6.68 7.84 31347

1745557904
3.07 6.56 7.81 32698

1745557905
3.07 6.56 7.81 29831

1745557906
2.87 6.41 7.77 29268

1745557907
2.87 6.41 7.77 31845

1745557908
2.89 6.3 7.74 35735

1745557909
2.89 6.3 7.74 32149

1745557910
2.91 6.19 7.7 37294

1745557911
2.91 6.19 7.7 40726

1745557912
2.93 6.09 7.67 20067

1745557913
2.93 6.09 7.67 45297

1745557914
3.12 6.02 7.65 41543

1745557915
3.12 6.02 7.65 18089

1745557916
2.74 5.85 7.6 13230

1745557917
2.74 5.85 7.6 31166

1745557919
2.6 5.73 7.56 24288

1745557920
2.31 5.57 7.52 25943

1745557921
2.31 5.57 7.52 37180

1745557922
2.43 5.49 7.49 29498

1745557923
2.43 5.49 7.49 18897

1745557924
2.54 5.4 7.45 48771

1745557925
2.54 5.4 7.45 61916

1745557926
2.98 5.39 7.44 51908

1745557927
2.98 5.39 7.44 99594

1745557928
3.53 5.41 7.43 25757

1745557929
3.53 5.41 7.43 17467

1745557930
3.07 5.27 7.38 24116

1745557931
3.07 5.27 7.38 34663

1745557932
3.06 5.19 7.35 31690

1745557933
3.06 5.19 7.35 270483

1745557934
7.94 6.0 7.51 387381

1745557935
7.94 6.0 7.51 288052

1745557936
11.03 6.62 7.63 198358

1745557937
11.03 6.62 7.63 298442

1745557938
13.38 7.19 7.74 189886

1745557939
13.38 7.19 7.74 138911

1745557940
12.58 7.25 7.75 27204

1745557941
12.58 7.25 7.75 33080

1745557942
10.85 7.11 7.72 39051

1745557943
10.85 7.11 7.72 225581

1745557944
12.87 7.6 7.81 223673

1745557945
12.87 7.6 7.81 33548

1745557946
11.44 7.51 7.79 59420

1745557947
11.44 7.51 7.79 79320

1745557948
11.18 7.6 7.81 130253

1745557949
11.18 7.6 7.81 24781

1745557950
9.51 7.41 7.77 36312

1745557951
9.51 7.41 7.77 40359

1745557952
8.33 7.27 7.74 40399

1745557954
7.55 7.16 7.71 78732

1745557955
7.55 7.16 7.71 69773

1745557956
7.08 7.09 7.69 29281

1745557957
7.08 7.09 7.69 48336

1745557958
6.52 6.99 7.67 36224

1745557959
6.52 6.99 7.67 53244

1745557960
6.07 6.89 7.64 29744

1745557961
6.07 6.89 7.64 22723

1745557962
5.33 6.73 7.6 35519

1745557963
5.33 6.73 7.6 32585

1745557964
4.72 6.57 7.56 21213

1745557965
4.72 6.57 7.56 54473

1745557966
4.95 6.56 7.55 71613

1745557967
4.95 6.56 7.55 25107

1745557968
4.42 6.41 7.51 29107

1745557969
4.42 6.41 7.51 32326

1745557970
4.34 6.33 7.49 51278

1745557971
4.34 6.33 7.49 30006

1745557972
4.1 6.22 7.46 44376

1745557973
4.1 6.22 7.46 29971

1745557974
3.72 6.08 7.42 29283

1745557975
3.72 6.08 7.42 129286

1745557976
6.67 6.53 7.51 304163

1745557977
6.67 6.53 7.51 60345

1745557978
7.45 6.68 7.53 153696

1745557979
7.45 6.68 7.53 54397

1745557980
7.37 6.69 7.53 103071

1745557981
7.37 6.69 7.53 33555

1745557982
6.58 6.57 7.5 39042

1745557984
5.75 6.42 7.46 49923

1745557985
5.75 6.42 7.46 43266

1745557986
5.61 6.37 7.44 74003

1745557987
5.61 6.37 7.44 44771

1745557988
5.86 6.39 7.44 102707

1745557989
5.86 6.39 7.44 54045

1745557990
6.07 6.41 7.43 93219

1745557991
6.07 6.41 7.43 53118

1745557992
5.87 6.37 7.42 82744

1745557993
5.87 6.37 7.42 71725

1745557994
5.71 6.32 7.4 55955

1745557996
5.76 6.31 7.39 99644

1745557997
5.76 6.31 7.39 148556

1745557999
7.25 6.56 7.44 350167

1745558000
8.48 6.81 7.48 96452

1745558001
8.48 6.81 7.48 100522

1745558002
8.03 6.78 7.47 33138

1745558003
8.03 6.78 7.47 54467

1745558004
7.3 6.69 7.45 40298

1745558005
7.3 6.69 7.45 38648

1745558006
6.34 6.53 7.41 25626

1745558007
6.34 6.53 7.41 56307

1745558008
5.73 6.42 7.38 36745

1745558010
6.5 6.54 7.4 197027

1745558011
6.5 6.54 7.4 110147

1745558012
8.22 6.84 7.46 197287

1745558013
8.22 6.84 7.46 88878

1745558014
7.64 6.78 7.44 36822

1745558015
7.64 6.78 7.44 124769

1745558016
7.7 6.82 7.44 74965

1745558018
7.03 6.73 7.42 44964

1745558019
7.03 6.73 7.42 51322

1745558020
6.66 6.67 7.4 79274

1745558021
6.66 6.67 7.4 42459

1745558022
6.0 6.55 7.37 30951

1745558023
6.0 6.55 7.37 71496

1745558024
5.82 6.5 7.36 40871

1745558025
5.82 6.5 7.36 33696

1745558026
5.3 6.39 7.33 46324

1745558028
5.07 6.31 7.3 59402

1745558029
5.07 6.31 7.3 67589

1745558030
5.24 6.3 7.29 76719

1745558031
5.24 6.3 7.29 27975

1745558033
4.83 6.19 7.26 62504

1745558034
5.58 6.28 7.28 200722

1745558035
5.58 6.28 7.28 68535

1745558036
5.84 6.31 7.27 48054

1745558037
5.84 6.31 7.27 31829

1745558039
5.32 6.2 7.24 57883

1745558040
4.72 6.06 7.21 31144

1745558041
4.72 6.06 7.21 200943

1745558042
5.86 6.22 7.23 30224

1745558044
5.16 6.08 7.2 28456

1745558045
5.16 6.08 7.2 70676

1745558046
4.95 6.01 7.18 27695

1745558047
4.95 6.01 7.18 23002

1745558048
4.41 5.88 7.14 28318

1745558050
4.52 5.85 7.13 101976

1745558051
4.52 5.85 7.13 53567

1745558052
4.42 5.79 7.1 42391

1745558054
4.35 5.73 7.08 75945

1745558055
4.35 5.73 7.08 27146

1745558056
3.92 5.61 7.05 33256

1745558057
3.92 5.61 7.05 55471

1745558058
4.11 5.59 7.03 64179

1745558059
4.11 5.59 7.03 46127

1745558060
3.91 5.5 7.01 40012

1745558061
3.91 5.5 7.01 48423

1745558062
3.93 5.45 6.98 33733

1745558063
3.93 5.45 6.98 33785

1745558064
3.76 5.37 6.96 38551

1745558066
3.76 5.37 6.96 100050

1745558067
4.53 5.46 6.96 410376

1745558068
7.33 5.94 7.05 32788

1745558069
7.33 5.94 7.05 27035

1745558070
6.36 5.81 7.02 30333

1745558071
6.36 5.81 7.02 33523

1745558073
5.75 5.71 6.99 46745

1745558074
5.43 5.66 6.97 64666

1745558075
5.43 5.66 6.97 61442

1745558076
6.26 5.8 6.99 159966

1745558077
6.26 5.8 6.99 57611

1745558078
6.03 5.77 6.98 66818

1745558079
6.03 5.77 6.98 46570

1745558081
5.48 5.68 6.95 34807

1745558082
5.03 5.59 6.92 41433

1745558083
5.03 5.59 6.92 41719

1745558084
4.66 5.51 6.9 32489

1745558085
4.66 5.51 6.9 56823

1745558086
4.72 5.49 6.88 54702

1745558087
4.72 5.49 6.88 19721

1745558088
4.23 5.38 6.85 23713

1745558089
4.23 5.38 6.85 57824

1745558090
4.55 5.4 6.84 129943

1745558091
4.55 5.4 6.84 69415

1745558092
4.99 5.45 6.85 57050

1745558094
4.99 5.43 6.83 73098

1745558095
4.99 5.43 6.83 107470

1745558096
6.26 5.65 6.87 155435

1745558097
6.26 5.65 6.87 79444

1745558098
6.76 5.76 6.88 96215

1745558099
6.76 5.76 6.88 69791

1745558100
6.44 5.73 6.87 52676

1745558101
6.44 5.73 6.87 35850

1745558102
7.08 5.87 6.89 197976

1745558103
7.08 5.87 6.89 41574

1745558105
6.34 5.78 6.86 88695

1745558106
6.28 5.79 6.86 55830

1745558107
6.28 5.79 6.86 35698

1745558108
5.86 5.73 6.84 54606

1745558109
5.86 5.73 6.84 70196

1745558110
5.71 5.7 6.83 35417

1745558111
5.71 5.7 6.83 44559

1745558113
7.03 5.94 6.87 464755

1745558114
13.18 7.09 7.1 466272

1745558115
13.18 7.09 7.1 357567

1745558116
14.6 7.54 7.2 57267

1745558117
14.6 7.54 7.2 53997

1745558118
12.86 7.46 7.18 51138

1745558119
12.86 7.46 7.18 179100

1745558120
12.34 7.54 7.2 35261

1745558122
10.28 7.33 7.16 19596

1745558123
10.28 7.33 7.16 8490

1745558124
8.6 7.12 7.12 13230

1745558125
8.6 7.12 7.12 3288

1745558126
7.04 6.89 7.07 3354

1745558128
5.76 6.66 7.02 8005

1745558129
5.76 6.66 7.02 7605

1745558130
4.72 6.44 6.97 5261

1745558131
4.72 6.44 6.97 28763

1745558132
4.41 6.33 6.94 46681

1745558133
4.41 6.33 6.94 97911

1745558134
5.24 6.42 6.96 88952

1745558135
5.24 6.42 6.96 109672

1745558137
5.38 6.4 6.95 46131

1745558138
5.38 6.4 6.95 11378

1745558139
4.76 6.26 6.92 6814

1745558140
3.9 6.05 6.87 1782

1745558141
3.9 6.05 6.87 3673

1745558142
3.19 5.86 6.82 9193

1745558143
3.19 5.86 6.82 1036

1745558144
2.61 5.66 6.77 3918

1745558146
2.5 5.54 6.74 45155

1745558147
2.5 5.54 6.74 48195

1745558148
2.77 5.49 6.72 47066

1745558149
2.77 5.49 6.72 429087

1745558151
9.7 6.66 6.96 820623

1745558153
14.64 7.65 7.16 535726

1745558154
16.16 8.15 7.27 215138

1745558156
17.58 8.67 7.39 514772

1745558157
17.58 8.67 7.39 84750

1745558159
15.66 8.61 7.38 53830

1745558160
13.18 8.4 7.35 11402

1745558161
13.18 8.4 7.35 1797

1745558162
10.97 8.15 7.3 29381

1745558163
10.97 8.15 7.3 161914

1745558165
11.52 8.35 7.35 508311

1745558167
19.76 9.94 7.69 1796101

1745558169
28.5 11.84 8.1 885641

1745558171
31.49 12.92 8.35 696521

1745558172
31.22 13.48 8.5 284525

1745558174
31.22 13.48 8.5 57256

1745558175
26.83 13.27 8.49 24105

1745558176
22.15 12.87 8.44 4039

1745558177
22.15 12.87 8.44 1465

1745558179
18.14 12.45 8.38 2688

1745558180
14.85 12.04 8.32 1343

1745558181
14.85 12.04 8.32 814

1745558182
12.16 11.64 8.27 52207

1745558183
12.16 11.64 8.27 713458

1745558184
22.45 13.52 8.68 1032110

1745558185
22.45 13.52 8.68 949907

1745558187
33.24 15.76 9.18 1119479

1745558188
38.09 17.21 9.53 465427

1745558189
38.09 17.21 9.53 114778

1745558190
32.45 16.87 9.51 17709

1745558192
32.45 16.87 9.51 4241

1745558193
26.57 16.32 9.45 1922

1745558194
21.76 15.79 9.38 966

1745558195
21.76 15.79 9.38 525

1745558196
17.82 15.27 9.32 672

1745558197
17.82 15.27 9.32 95827

1745558199
16.22 15.06 9.32 272904

1745558200
19.26 15.65 9.48 577106

1745558201
19.26 15.65 9.48 235870

1745558202
19.39 15.79 9.55 52011

1745558203
19.39 15.79 9.55 7264

1745558204
15.88 15.28 9.48 6196

1745558206
13.0 14.78 9.42 1623

1745558207
13.0 14.78 9.42 54680

1745558208
12.09 14.55 9.41 147836

1745558210
11.53 14.37 9.41 156691

1745558212
10.71 14.13 9.39 151226

1745558214
10.22 13.93 9.38 165029

1745558215
10.22 13.93 9.38 91239

1745558217
9.81 13.73 9.37 136117

1745558218
9.12 13.48 9.35 66036

1745558219
9.12 13.48 9.35 77845

1745558221
8.92 13.3 9.34 174150

1745558222
9.29 13.23 9.35 163157

1745558223
9.29 13.23 9.35 163190

1745558224
9.6 13.15 9.36 118742

1745558226
9.67 13.05 9.37 166030

1745558227
9.67 13.05 9.37 99985

1745558228
9.37 12.88 9.36 52021

1745558229
9.37 12.88 9.36 3075

1745558231
7.67 12.46 9.29 2009

1745558232
6.46 12.09 9.23 46055

1745558233
6.46 12.09 9.23 84843

1745558235
6.56 11.92 9.22 159891

1745558236
6.64 11.76 9.2 85730

1745558238
6.52 11.57 9.18 97783

1745558239
6.52 11.57 9.18 60606

1745558241
6.24 11.35 9.15 99140

1745558243
6.02 11.15 9.12 108975

1745558244
6.01 10.98 9.1 81196

1745558246
5.83 10.78 9.07 92818

1745558247
5.83 10.78 9.07 55448

1745558248
5.5 10.56 9.04 48789

1745558249
5.5 10.56 9.04 46500

1745558250
5.22 10.34 9.0 47817

1745558251
5.22 10.34 9.0 59737

1745558253
5.18 10.17 8.98 136121

1745558255
5.51 10.06 8.96 160149

1745558256
6.14 10.03 8.96 114162

1745558258
6.3 9.93 8.95 127984

1745558259
6.3 9.93 8.95 73421

1745558260
6.24 9.8 8.93 62870

1745558262
6.2 9.68 8.91 143448

1745558264
6.52 9.62 8.9 162972

1745558265
6.52 9.62 8.9 103051

1745558266
6.97 9.6 8.9 145884

1745558268
6.43 9.42 8.87 16727

1745558269
6.43 9.42 8.87 638

1745558270
5.27 9.11 8.81 489

1745558272
4.49 8.84 8.75 41548

1745558273
4.49 8.84 8.75 73509

1745558274
4.76 8.75 8.74 56132

1745558275
4.76 8.75 8.74 44470

1745558276
4.62 8.59 8.7 46507

1745558278
4.87 8.51 8.68 140343

1745558280
5.08 8.43 8.67 132948

1745558281
5.08 8.43 8.67 14198

1745558283
4.34 8.18 8.61 73116

1745558284
5.0 8.18 8.61 131911

1745558286
6.63 8.37 8.65 266718

1745558287
6.63 8.37 8.65 70325

1745558288
6.51 8.29 8.63 74892

1745558290
7.33 8.38 8.64 225186

1745558292
7.99 8.46 8.66 253672

1745558294
7.81 8.42 8.65 133666

1745558296
7.12 8.27 8.62 86100

1745558297
7.12 8.27 8.62 3701

1745558298
5.83 8.0 8.56 816

1745558299
5.83 8.0 8.56 1713

1745558301
4.77 7.74 8.5 3815

1745558302
3.91 7.48 8.44 2439

1745558303
3.91 7.48 8.44 1331

1745558304
3.2 7.24 8.38 1560

1745558306
3.52 7.16 8.36 118752

1745558307
3.52 7.16 8.36 80391

1745558308
4.15 7.16 8.35 76925

1745558310
4.67 7.15 8.34 127734

1745558311
4.67 7.15 8.34 75915

1745558312
5.09 7.15 8.33 85561

1745558314
5.8 7.21 8.33 176015

1745558315
5.8 7.21 8.33 113871

1745558316
6.38 7.27 8.34 72341

1745558317
6.38 7.27 8.34 77098

1745558318
6.31 7.23 8.32 69048

1745558320
6.25 7.18 8.31 110778

1745558321
6.25 7.18 8.31 49086

1745558322
5.84 7.08 8.28 46061

1745558323
5.84 7.08 8.28 64020

1745558325
5.51 6.98 8.25 77842

1745558326
5.51 6.98 8.25 79285

1745558327
5.78 6.98 8.24 94584

1745558328
6.0 6.98 8.23 78958

1745558329
6.0 6.98 8.23 72609

1745558330
6.18 6.98 8.22 127213

1745558332
7.05 7.11 8.24 177649

1745558333
7.05 7.11 8.24 123029

1745558335
7.58 7.21 8.25 168724

1745558336
7.58 7.21 8.25 105120

1745558337
8.02 7.3 8.27 151644

1745558339
8.92 7.49 8.3 252184

1745558341
9.12 7.57 8.31 220671

1745558343
9.28 7.65 8.32 92373

1745558344
8.14 7.5 8.28 32161

1745558346
7.21 7.35 8.25 70453

1745558347
7.21 7.35 8.25 55010

1745558349
6.44 7.2 8.21 8014

1745558350
6.44 7.2 8.21 655

1745558351
5.27 6.97 8.16 336

1745558352
5.27 6.97 8.16 503

1745558353
4.32 6.74 8.1 913

1745558354
3.54 6.52 8.04 5183

1745558356
2.89 6.31 7.99 764

1745558358
2.89 6.31 7.99 801

1745558359
2.37 6.1 7.93 236

1745558360
1.94 5.9 7.88 375

1745558361
1.94 5.9 7.88 489

1745558362
1.59 5.71 7.82 2781

1745558363
1.59 5.71 7.82 1280

1745558365
1.3 5.52 7.77 1702

1745558366
1.06 5.34 7.72 2728

1745558368
1.06 5.34 7.72 3330

1745558369
0.87 5.16 7.66 2415

1745558370
0.71 4.99 7.61 3690

1745558372
0.58 4.83 7.56 10260

1745558373
0.58 4.83 7.56 2031

1745558374
0.47 4.67 7.51 5766

1745558376
0.47 4.67 7.51 7833

1745558377
0.39 4.52 7.46 91684

1745558378
0.39 4.52 7.46 421101

1745558379
5.21 5.25 7.59 132508

1745558380
5.21 5.25 7.59 154565

1745558381
6.62 5.51 7.63 315837

1745558383
8.5 5.88 7.69 173300

1745558384
8.23 5.92 7.69 37728

1745558385
8.23 5.92 7.69 82787

1745558387
8.18 5.99 7.69 111253

1745558388
6.88 5.82 7.64 7655

1745558389
6.88 5.82 7.64 7176

1745558390
6.72 5.83 7.63 121502

1745558391
6.72 5.83 7.63 51299

1745558392
6.23 5.77 7.61 46913

1745558393
6.23 5.77 7.61 18653

1745558394
5.28 5.61 7.56 10090

1745558395
5.28 5.61 7.56 33068

1745558396
5.41 5.63 7.55 106765

1745558397
5.41 5.63 7.55 27724

1745558398
4.79 5.51 7.51 8374

1745558400
4.79 5.51 7.51 329150

1745558402
7.73 6.01 7.6 1054735

1745558403
15.75 7.52 7.91 387534

1745558404
15.75 7.52 7.91 359293

1745558406
19.23 8.42 8.09 802072

1745558407
22.99 9.45 8.31 213630

1745558408
22.99 9.45 8.31 19322

1745558409
20.46 9.44 8.32 8534

1745558410
16.93 9.16 8.27 13652

1745558411
16.93 9.16 8.27 27185

1745558412
14.04 8.89 8.22 10441

1745558413
14.04 8.89 8.22 7241

1745558414
11.5 8.6 8.16 10960

1745558416
11.5 8.6 8.16 14245

1745558417
9.6 8.35 8.11 22355

1745558418
12.57 8.93 8.23 516932

1745558419
12.57 8.93 8.23 228997

1745558420
12.46 9.03 8.26 68361

1745558422
12.46 9.03 8.26 120427

1745558423
11.65 9.0 8.26 71908

1745558425
10.27 8.83 8.23 87646

1745558426
10.27 8.83 8.23 16293

1745558427
8.59 8.57 8.18 26306

1745558428
9.2 8.69 8.2 230305

1745558429
9.2 8.69 8.2 402519

1745558430
11.34 9.09 8.29 56659

1745558432
11.34 9.09 8.29 30974

1745558433
9.83 8.89 8.26 56574

1745558434
8.41 8.66 8.21 18899

1745558435
8.41 8.66 8.21 20481

1745558436
7.25 8.45 8.17 33347

1745558438
7.25 8.45 8.17 11334

1745558439
6.11 8.2 8.12 7254

1745558440
6.11 8.2 8.12 33871

1745558441
5.19 7.97 8.07 13069

1745558442
5.19 7.97 8.07 16635

1745558443
4.43 7.74 8.02 17849

1745558444
4.43 7.74 8.02 13839

1745558445
3.8 7.52 7.97 11023

1745558446
3.11 7.27 7.92 9393

1745558448
5.27 7.52 7.97 403780

1745558450
5.27 7.52 7.97 190457

1745558451
6.85 7.74 8.01 1494

1745558452
5.61 7.48 7.95 8341

1745558454
4.59 7.24 7.9 7764

1745558455
4.59 7.24 7.9 2364

1745558457
3.76 7.0 7.85 31956

1745558458
3.76 7.0 7.85 4951

1745558459
3.26 6.8 7.8 36206

1745558460
3.21 6.68 7.77 37018

1745558461
3.21 6.68 7.77 31424

1745558462
3.17 6.56 7.73 31263

1745558463
3.17 6.56 7.73 3095

1745558465
2.59 6.34 7.68 60256

1745558466
2.85 6.27 7.65 41942

1745558468
2.85 6.27 7.65 4155

1745558469
2.33 6.06 7.6 8680

1745558471
1.91 5.86 7.55 16833

1745558472
1.91 5.86 7.55 4664

1745558473
1.56 5.67 7.5 4293

1745558474
1.56 5.67 7.5 856

1745558475
1.28 5.48 7.45 7759

1745558476
1.28 5.48 7.45 355528

1745558477
6.12 6.22 7.59 375804

1745558478
6.82 6.34 7.6 65361

1745558480
6.82 6.34 7.6 27069

1745558481
5.95 6.2 7.56 3175

1745558483
4.87 6.0 7.51 965

1745558484
3.98 5.8 7.46 890

1745558485
3.98 5.8 7.46 9937

1745558486
3.99 5.74 7.44 114138

1745558487
3.99 5.74 7.44 85801

1745558489
4.53 5.78 7.43 98890

1745558490
4.53 5.78 7.43 85859

1745558491
5.16 5.86 7.44 62464

1745558492
5.16 5.86 7.44 32494

1745558493
4.95 5.79 7.41 9233

1745558494
4.05 5.6 7.36 4521

1745558495
4.05 5.6 7.36 10359

1745558496
3.32 5.42 7.31 4750

1745558497
3.32 5.42 7.31 9261

1745558498
2.71 5.24 7.26 6381

1745558500
2.71 5.24 7.26 4403

1745558501
2.22 5.07 7.21 8189

1745558502
2.22 5.07 7.21 14920

1745558503
2.0 4.94 7.17 6254

1745558504
2.0 4.94 7.17 4652

1745558505
1.64 4.78 7.12 218821

1745558506
5.51 5.37 7.23 314627

1745558507
5.51 5.37 7.23 8692

1745558508
5.23 5.33 7.21 38192

1745558509
5.23 5.33 7.21 23441

1745558511
5.19 5.31 7.19 130307

1745558512
5.19 5.31 7.19 53131

1745558513
5.33 5.34 7.18 49852

1745558514
5.33 5.34 7.18 6215

1745558515
4.73 5.23 7.15 6039

1745558516
4.73 5.23 7.15 54082

1745558517
4.41 5.15 7.12 33993

1745558519
3.98 5.05 7.08 238613

1745558520
3.98 5.05 7.08 33098

1745558521
5.61 5.31 7.12 40440

1745558522
4.95 5.2 7.09 15793

1745558523
4.95 5.2 7.09 48082

1745558524
4.78 5.16 7.07 40872

1745558525
4.78 5.16 7.07 119315

1745558526
7.36 5.62 7.15 327634

1745558528
11.46 6.41 7.31 529929

1745558530
11.46 6.41 7.31 485231

1745558531
13.91 7.02 7.43 85883

1745558533
13.2 7.12 7.44 348711

1745558534
13.2 7.12 7.44 146965

1745558535
14.07 7.47 7.52 170665

1745558537
14.96 7.85 7.59 400907

1745558538
14.96 7.85 7.59 57010

1745558539
14.06 7.92 7.61 4404

1745558540
11.51 7.66 7.56 6757

1745558541
11.51 7.66 7.56 24577

1745558543
9.61 7.44 7.51 22669

1745558544
9.61 7.44 7.51 13846

1745558545
8.05 7.23 7.47 16481

1745558546
8.05 7.23 7.47 35036

1745558547
6.95 7.06 7.43 4520

1745558548
5.69 6.83 7.38 6527

1745558549
5.69 6.83 7.38 90710

1745558551
8.28 7.26 7.47 762461

1745558552
13.85 8.3 7.68 417498

1745558554
14.78 8.65 7.76 338256

1745558556
13.91 8.69 7.78 187906

1745558557
13.91 8.69 7.78 163120

1745558558
12.84 8.67 7.78 19271

1745558559
12.84 8.67 7.78 20829

1745558560
10.88 8.45 7.74 25318

1745558562
11.08 8.57 7.77 306842

1745558564
11.08 8.57 7.77 451698

1745558566
13.96 9.17 7.9 521292

1745558567
15.96 9.69 8.02 114276

1745558568
14.88 9.7 8.03 191838

1745558569
14.88 9.7 8.03 108870

1745558571
14.18 9.74 8.05 152178

1745558572
14.18 9.74 8.05 118911

1745558573
13.6 9.78 8.07 145500

1745558575
12.95 9.79 8.08 160159

1745558576
12.95 9.79 8.08 119217

1745558577
12.41 9.8 8.1 96385

1745558578
11.97 9.8 8.11 120201

1745558580
11.97 9.8 8.11 201883

1745558581
11.61 9.81 8.12 103361

1745558582
11.61 9.81 8.12 120313

1745558583
11.5 9.85 8.14 100684

1745558584
11.5 9.85 8.14 123349

1745558585
11.41 9.89 8.16 108858

1745558586
11.41 9.89 8.16 117860

1745558587
11.33 9.92 8.18 106280

1745558588
11.33 9.92 8.18 149595

1745558589
11.82 10.06 8.22 239505

1745558590
13.48 10.42 8.31 278277

1745558592
13.48 10.42 8.31 219823

1745558593
13.57 10.53 8.35 169619

1745558594
13.57 10.53 8.35 103441

1745558595
13.29 10.58 8.37 116331

1745558597
12.69 10.56 8.39 215024

1745558598
12.69 10.56 8.39 122027

1745558599
12.56 10.61 8.41 120600

1745558600
12.56 10.61 8.41 123380

1745558601
12.46 10.65 8.44 107270

1745558602
12.46 10.65 8.44 104059

1745558604
12.01 10.63 8.45 227777

1745558605
11.83 10.64 8.46 120486

1745558606
11.83 10.64 8.46 112796

1745558607
11.68 10.66 8.48 118695

1745558609
12.64 10.86 8.54 435770

1745558610
12.64 10.86 8.54 234808

1745558611
14.52 11.26 8.64 218420

1745558612
14.52 11.26 8.64 264660

1745558613
16.23 11.68 8.74 139478

1745558614
16.23 11.68 8.74 249349

1745558615
16.55 11.88 8.81 113162

1745558617
16.09 11.95 8.84 320026

1745558618
16.09 11.95 8.84 151410

1745558619
15.89 12.05 8.89 249077

1745558620
15.89 12.05 8.89 422912

1745558621
19.35 12.8 9.06 321456

1745558622
19.35 12.8 9.06 312718

1745558623
21.46 13.4 9.22 270193

1745558624
21.46 13.4 9.22 190745

1745558625
21.56 13.68 9.3 188986

1745558626
21.56 13.68 9.3 208998

1745558627
21.09 13.85 9.37 212630

1745558628
21.09 13.85 9.37 208761

1745558629
21.08 14.09 9.45 196330

1745558630
21.08 14.09 9.45 130946

1745558631
19.97 14.12 9.49 121439

1745558633
18.71 14.08 9.51 294102

1745558634
18.71 14.08 9.51 175215

1745558635
18.4 14.18 9.56 295077

1745558636
18.4 14.18 9.56 334893

1745558637
20.68 14.73 9.71 265913

1745558638
20.68 14.73 9.71 206455

1745558639
20.92 14.97 9.79 326066

1745558640
20.92 14.97 9.79 378690

1745558642
23.65 15.65 9.97 490364

1745558643
23.53 15.89 10.06 193067

1745558644
23.53 15.89 10.06 210697

1745558645
22.89 16.03 10.13 202825

1745558646
22.89 16.03 10.13 214777

1745558647
22.37 16.16 10.2 197088

1745558648
22.37 16.16 10.2 237115

1745558649
22.3 16.35 10.28 243600

1745558650
22.3 16.35 10.28 241004

1745558651
22.61 16.6 10.37 216900

1745558652
22.61 16.6 10.37 185167

1745558654
21.77 16.65 10.43 293057

1745558655
20.54 16.59 10.46 201949

1745558656
20.54 16.59 10.46 204371

1745558658
20.26 16.67 10.52 353818

1745558659
19.85 16.71 10.57 176689

1745558660
19.85 16.71 10.57 179947

1745558661
19.33 16.72 10.61 176545

1745558662
19.33 16.72 10.61 170701

1745558663
18.91 16.73 10.65 162066

1745558664
18.91 16.73 10.65 131322

1745558665
18.02 16.64 10.68 129915

1745558666
18.02 16.64 10.68 123096

1745558667
16.93 16.49 10.69 122784

1745558668
16.93 16.49 10.69 104428

1745558669
15.85 16.31 10.69 115204

1745558670
15.85 16.31 10.69 132393

1745558671
15.15 16.17 10.7 149271

1745558672
14.4 16.0 10.7 115606

1745558674
14.4 16.0 10.7 178099

1745558676
13.6 15.8 10.7 260596

1745558677
13.49 15.71 10.71 153708

1745558678
13.49 15.71 10.71 110926

1745558679
13.22 15.59 10.72 131426

1745558680
13.54 15.57 10.75 261413

1745558682
13.54 15.57 10.75 567842

1745558683
16.89 16.11 10.9 390110

1745558685
19.26 16.56 11.03 490299

1745558686
19.26 16.56 11.03 318802

1745558688
21.2 17.0 11.16 595865

1745558689
22.8 17.43 11.29 362769

1745558691
24.1 17.84 11.41 575083

1745558692
24.1 17.84 11.41 336582

1745558694
25.35 18.27 11.55 546656

1745558695
25.83 18.59 11.66 264255

1745558696
25.83 18.59 11.66 246158

1745558697
25.68 18.8 11.75 222934

1745558698
25.68 18.8 11.75 205942

1745558699
24.83 18.87 11.82 202494

1745558700
24.83 18.87 11.82 160213

1745558701
23.41 18.81 11.85 126875

1745558702
23.41 18.81 11.85 110093

1745558703
21.16 18.55 11.85 113046

1745558705
19.32 18.3 11.84 196178

1745558706
19.32 18.3 11.84 200423

1745558707
19.44 18.36 11.9 476077

1745558708
19.44 18.36 11.9 107070

1745558709
20.09 18.51 11.97 349969

1745558710
21.16 18.76 12.07 232816

1745558712
21.16 18.76 12.07 203165

1745558713
19.5 18.54 12.07 136798

1745558714
19.5 18.54 12.07 174096

1745558715
18.86 18.45 12.09 176720

1745558717
17.44 18.21 12.09 200061

1745558718
17.44 18.21 12.09 112768

1745558719
16.45 18.0 12.08 161955

1745558720
16.45 18.0 12.08 145550

1745558721
16.19 17.91 12.1 218372

1745558722
16.19 17.91 12.1 254146

1745558723
17.42 18.07 12.18 110128

1745558724
17.42 18.07 12.18 116344

1745558725
16.26 17.84 12.17 124057

1745558726
16.26 17.84 12.17 104326

1745558727
15.3 17.62 12.16 116508

1745558728
15.3 17.62 12.16 61129

1745558729
14.16 17.33 12.14 218726

1745558730
14.13 17.22 12.15 133283

1745558732
14.13 17.22 12.15 180784

1745558733
13.56 17.02 12.15 125168

1745558734
13.56 17.02 12.15 118949

1745558735
13.1 16.82 12.14 105111

1745558736
13.1 16.82 12.14 131212

1745558738
13.08 16.7 12.14 271883

1745558739
12.88 16.54 12.14 106320

1745558740
12.88 16.54 12.14 168493

1745558741
12.9 16.43 12.15 102240

1745558743
12.56 16.25 12.14 240286

1745558744
12.56 16.25 12.14 127970

1745558745
12.45 16.11 12.14 101775

1745558747
12.01 15.91 12.12 247935

1745558748
12.01 15.91 12.12 153142

1745558749
12.37 15.85 12.14 85028

1745558750
11.76 15.62 12.11 127044

1745558752
11.76 15.62 12.11 184710

1745558753
11.44 15.44 12.1 103092

1745558754
11.44 15.44 12.1 107096

1745558755
11.36 15.29 12.09 178225

1745558756
11.36 15.29 12.09 172650

1745558757
12.2 15.32 12.12 102500

1745558758
12.2 15.32 12.12 200017

1745558759
12.7 15.3 12.14 108044

1745558760
12.7 15.3 12.14 151699

1745558761
12.76 15.23 12.14 111979

1745558762
12.76 15.23 12.14 130413

1745558763
12.44 15.09 12.14 111175

1745558765
12.18 14.96 12.13 247473

1745558766
12.18 14.96 12.13 100778

1745558768
11.96 14.83 12.12 273215

1745558769
12.33 14.8 12.13 100753

1745558770
12.33 14.8 12.13 117101

1745558772
11.73 14.61 12.11 204981

1745558773
11.59 14.49 12.1 125108

1745558774
11.59 14.49 12.1 108246

1745558775
11.48 14.38 12.1 99879

1745558776
11.48 14.38 12.1 105770

1745558777
11.21 14.23 12.08 121672

1745558778
11.21 14.23 12.08 124796

1745558779
11.36 14.16 12.08 145445

1745558780
11.11 14.02 12.07 135942

1745558781
11.11 14.02 12.07 116315

1745558783
10.91 13.89 12.05 153570

1745558784
10.91 13.89 12.05 163027

1745558785
11.47 13.89 12.07 93731

1745558787
11.02 13.73 12.04 179717

1745558788
11.02 13.73 12.04 119199

1745558789
10.83 13.61 12.03 139652

1745558790
10.83 13.61 12.03 120907

1745558792
11.04 13.56 12.03 242384

1745558793
11.03 13.47 12.02 117259

1745558794
11.03 13.47 12.02 127881

1745558796
11.21 13.43 12.02 223379

1745558797
11.17 13.35 12.02 129530

1745558798
11.17 13.35 12.02 128116

1745558800
11.32 13.3 12.01 378763

1745558801
13.43 13.62 12.09 287126

1745558802
13.43 13.62 12.09 132377

1745558804
13.9 13.7 12.12 235664

1745558805
13.37 13.61 12.11 125505

1745558806
13.37 13.61 12.11 119425

1745558807
13.12 13.55 12.11 126162

1745558808
13.12 13.55 12.11 109048

1745558810
12.74 13.47 12.1 214031

1745558811
12.24 13.36 12.09 92823

1745558812
12.01 13.28 12.08 197802

1745558814
12.01 13.28 12.08 163580

1745558815
11.83 13.2 12.07 187623

1745558816
11.83 13.2 12.07 124411

1745558817
12.4 13.26 12.09 109651

1745558818
12.4 13.26 12.09 117899

1745558819
12.15 13.19 12.08 126487

1745558820
11.76 13.08 12.07 119510

1745558822
11.76 13.08 12.07 202494

1745558823
11.62 13.02 12.06 108942

1745558824
11.62 13.02 12.06 109879

1745558825
11.51 12.95 12.05 126382

1745558826
11.51 12.95 12.05 102542

1745558828
11.23 12.85 12.04 214212

1745558829
11.19 12.79 12.03 106477

1745558830
11.19 12.79 12.03 109796

1745558831
10.97 12.7 12.02 111706

1745558832
10.97 12.7 12.02 118382

1745558833
11.16 12.68 12.02 132293

1745558834
11.16 12.68 12.02 122783

1745558835
11.31 12.65 12.02 119946

1745558836
11.31 12.65 12.02 108779

1745558837
11.25 12.6 12.01 121739

1745558838
11.25 12.6 12.01 123694

1745558839
11.39 12.58 12.01 113263

1745558840
11.39 12.58 12.01 110373

1745558841
11.14 12.49 11.99 103720

1745558842
11.14 12.49 11.99 120902

1745558843
11.11 12.44 11.99 80370

1745558845
11.09 12.4 11.98 281834

1745558846
11.09 12.4 11.98 103468

1745558848
11.25 12.38 11.98 228240

1745558849
11.21 12.34 11.97 109560

1745558850
11.21 12.34 11.97 124072

1745558851
11.35 12.33 11.97 120802

1745558852
11.35 12.33 11.97 110617

1745558853
11.1 12.25 11.96 104956

1745558854
11.1 12.25 11.96 136488

1745558855
11.27 12.24 11.96 105092

1745558857
11.22 12.2 11.95 256313

1745558858
11.22 12.2 11.95 117349

1745558860
11.36 12.19 11.95 247237

1745558861
11.47 12.19 11.95 110305

1745558862
11.47 12.19 11.95 120694

1745558863
11.39 12.15 11.95 135372

1745558864
11.39 12.15 11.95 112382

1745558865
11.5 12.14 11.95 111554

1745558866
11.5 12.14 11.95 110524

1745558867
11.41 12.1 11.94 115912

1745558868
11.41 12.1 11.94 105649

1745558869
11.33 12.07 11.93 121298

1745558870
11.33 12.07 11.93 101929

1745558871
11.27 12.03 11.93 133813

1745558872
11.27 12.03 11.93 109420

1745558873
11.22 12.0 11.92 125312

1745558874
11.22 12.0 11.92 131289

1745558875
11.36 12.0 11.92 120446

1745558876
11.36 12.0 11.92 129838

1745558877
11.48 12.0 11.92 129771

1745558878
11.48 12.0 11.92 112604

1745558879
11.39 11.96 11.92 115889

1745558880
11.39 11.96 11.92 119721

1745558881
11.32 11.93 11.91 131401

1745558882
11.32 11.93 11.91 129852

1745558883
11.44 11.93 11.91 118726

1745558884
11.44 11.93 11.91 118521

1745558885
11.36 11.9 11.91 111768

1745558886
11.36 11.9 11.91 115284

1745558887
11.29 11.87 11.9 121715

1745558888
11.29 11.87 11.9 113005

1745558889
11.24 11.85 11.89 120429

1745558890
11.24 11.85 11.89 114305

1745558891
11.19 11.82 11.89 145113

1745558893
11.34 11.82 11.89 239185

1745558894
11.34 11.82 11.89 123577

1745558895
11.46 11.83 11.89 112566

1745558896
11.37 11.8 11.88 181861

1745558898
11.37 11.8 11.88 148957

1745558899
11.12 11.74 11.87 93708

1745558900
11.12 11.74 11.87 130361

1745558901
11.1 11.72 11.86 215528

1745558903
11.08 11.69 11.86 152697

1745558904
11.08 11.69 11.86 107685

1745558905
11.07 11.67 11.85 113783

1745558906
11.07 11.67 11.85 112733

1745558907
11.05 11.65 11.84 130804

1745558908
11.05 11.65 11.84 125310

1745558909
11.22 11.66 11.85 106848

1745558910
11.22 11.66 11.85 101008

1745558911
11.0 11.61 11.83 105097

1745558912
11.0 11.61 11.83 109248

1745558913
10.82 11.55 11.82 100423

1745558914
10.82 11.55 11.82 108165

1745558915
10.67 11.5 11.81 114209

1745558916
10.67 11.5 11.81 115271

1745558917
10.73 11.48 11.8 113656

1745558918
10.73 11.48 11.8 151270

1745558919
11.14 11.53 11.81 109216

1745558920
11.14 11.53 11.81 107222

1745558921
10.93 11.48 11.8 103941

1745558923
11.12 11.5 11.8 286745

1745558924
11.12 11.5 11.8 106139

1745558925
11.28 11.52 11.8 120144

1745558926
11.41 11.53 11.8 183774

1745558928
11.41 11.53 11.8 179717

1745558929
11.34 11.52 11.8 111475

1745558930
11.34 11.52 11.8 125615

1745558931
11.46 11.53 11.8 117635

1745558932
11.46 11.53 11.8 122168

1745558933
11.37 11.51 11.79 106716

1745558934
11.37 11.51 11.79 129957

1745558935
11.49 11.53 11.79 120493

1745558936
11.49 11.53 11.79 111456

1745558938
11.4 11.51 11.79 272761

1745558939
11.69 11.56 11.79 118008

1745558941
11.74 11.58 11.8 253946

1745558942
11.74 11.58 11.8 140390

1745558943
11.97 11.62 11.8 122597

1745558944
11.97 11.62 11.8 130393

1745558946
11.97 11.63 11.81 255040

1745558947
11.98 11.65 11.81 122563

1745558948
11.98 11.65 11.81 128830

1745558949
11.98 11.66 11.81 125507

1745558950
11.98 11.66 11.81 134142

1745558951
12.17 11.7 11.82 131734

1745558952
12.17 11.7 11.82 131768

1745558953
12.32 11.75 11.83 129844

1745558954
12.32 11.75 11.83 129146

1745558955
12.26 11.75 11.83 131029

1745558956
12.26 11.75 11.83 128505

1745558958
12.21 11.76 11.83 203585

1745558959
11.81 11.7 11.82 129065

1745558960
11.81 11.7 11.82 112381

1745558961
11.48 11.65 11.8 100590

1745558962
11.48 11.65 11.8 114426

1745558963
11.39 11.63 11.8 121668

1745558964
11.39 11.63 11.8 120466

1745558965
11.32 11.6 11.79 117387

1745558966
11.32 11.6 11.79 129652

1745558967
11.62 11.65 11.8 142174

1745558968
11.62 11.65 11.8 126734

1745558969
11.69 11.66 11.8 111582

1745558970
11.69 11.66 11.8 117280

1745558971
11.56 11.64 11.8 130608

1745558973
11.46 11.62 11.79 232003

1745558975
11.74 11.66 11.8 245355

1745558976
11.74 11.66 11.8 107710

1745558977
11.42 11.61 11.79 104269

1745558978
11.42 11.61 11.79 110426

1745558979
11.35 11.59 11.78 120026

1745558980
11.35 11.59 11.78 112984

1745558981
11.28 11.57 11.77 103562

1745558982
11.28 11.57 11.77 140782

1745558983
11.41 11.58 11.78 114551

1745558985
11.15 11.53 11.76 198110

1745558986
11.15 11.53 11.76 108031

1745558987
10.94 11.48 11.75 149793

1745558988
10.94 11.48 11.75 111887

1745558989
11.5 11.56 11.77 149852

1745558990
11.5 11.56 11.77 135038

1745558991
11.22 11.51 11.75 124402

1745558993
11.36 11.53 11.76 206924

1745558994
11.36 11.53 11.76 111045

1745558995
11.3 11.51 11.75 123308

1745558996
11.3 11.51 11.75 129476

1745558997
11.42 11.53 11.75 117322

1745558998
11.42 11.53 11.75 106377

1745558999
11.16 11.48 11.74 108911

1745559000
11.16 11.48 11.74 132976

1745559002
11.32 11.49 11.74 235242

1745559003
11.44 11.51 11.75 106220

1745559004
11.44 11.51 11.75 119921

1745559005
11.18 11.46 11.73 95794

1745559006
11.18 11.46 11.73 110044

1745559007
10.96 11.41 11.72 97988

1745559008
10.79 11.37 11.71 167749

1745559010
10.79 11.37 11.71 158675

1745559011
10.83 11.35 11.7 97646

1745559013
10.86 11.34 11.7 269592

1745559014
10.86 11.34 11.7 108499

1745559015
11.06 11.36 11.7 103109

1745559017
11.05 11.35 11.7 262102

1745559018
11.05 11.35 11.7 147274

1745559020
11.22 11.37 11.7 219618

1745559021
11.18 11.36 11.69 109537

1745559022
11.18 11.36 11.69 121318

1745559023
11.15 11.35 11.69 123994

1745559024
11.15 11.35 11.69 114686

1745559025
11.3 11.37 11.69 86596

1745559026
11.3 11.37 11.69 70766

1745559027
10.34 11.19 11.65 39504

1745559028
10.34 11.19 11.65 6500

1745559029
8.65 10.86 11.58 11346

1745559031
9.43 10.93 11.59 461464

1745559032
9.43 10.93 11.59 317668

1745559033
13.7 11.65 11.74 293092

1745559034
13.7 11.65 11.74 294380

1745559035
16.47 12.22 11.85 307563

1745559036
16.47 12.22 11.85 329285

1745559037
19.1 12.83 11.98 249759

1745559038
19.1 12.83 11.98 222263

1745559040
19.63 13.13 12.05 419674

1745559041
19.69 13.36 12.11 198808

1745559042
19.69 13.36 12.11 194475

1745559043
19.39 13.51 12.15 89099

1745559044
19.39 13.51 12.15 5511

1745559046
16.05 13.1 12.07 422827

1745559047
17.86 13.52 12.17 260592

1745559048
17.86 13.52 12.17 270229

1745559049
19.15 13.9 12.25 226369

1745559050
19.15 13.9 12.25 223332

1745559051
19.48 14.13 12.31 278659

1745559052
19.48 14.13 12.31 204241

1745559053
20.12 14.42 12.39 181646

1745559054
20.12 14.42 12.39 183460

1745559055
19.73 14.54 12.43 176644

1745559056
19.73 14.54 12.43 178899

1745559057
19.24 14.62 12.46 179521

1745559059
18.65 14.66 12.48 302885

1745559060
18.65 14.66 12.48 143472

1745559061
17.81 14.64 12.49 138054

1745559062
17.81 14.64 12.49 147887

1745559063
17.12 14.62 12.5 144813

1745559064
17.12 14.62 12.5 118639

1745559065
16.19 14.53 12.5 114667

1745559066
16.19 14.53 12.5 112466

1745559067
15.25 14.42 12.49 124688

1745559068
15.25 14.42 12.49 127114

1745559069
14.66 14.34 12.49 132364

1745559070
14.66 14.34 12.49 131996

1745559071
14.36 14.29 12.49 130402

1745559072
14.36 14.29 12.49 141038

1745559073
14.11 14.25 12.49 133276

1745559074
14.11 14.25 12.49 101616

1745559075
13.54 14.14 12.48 108158

1745559076
13.54 14.14 12.48 113652

1745559077
12.9 14.01 12.47 114305

1745559078
12.9 14.01 12.47 112473

1745559079
12.56 13.91 12.46 106614

1745559080
12.56 13.91 12.46 106647

1745559081
12.09 13.78 12.44 108224

1745559082
12.09 13.78 12.44 108848

1745559083
11.71 13.66 12.42 122956

1745559084
11.71 13.66 12.42 123057

1745559085
11.58 13.57 12.41 107775

1745559086
11.58 13.57 12.41 111761

1745559087
11.48 13.49 12.4 115941

1745559088
11.48 13.49 12.4 110092

1745559089
11.21 13.37 12.39 105410

1745559090
11.21 13.37 12.39 103238

1745559091
10.99 13.26 12.37 113572

1745559092
10.99 13.26 12.37 123409

1745559093
11.17 13.22 12.37 120775

1745559094
11.17 13.22 12.37 116094

1745559095
11.14 13.15 12.36 122635

1745559097
11.47 13.14 12.36 279271

1745559099
11.57 13.1 12.36 242865

1745559101
11.65 13.07 12.35 252331

1745559102
11.65 13.07 12.35 101673

1745559103
11.53 13.0 12.35 112931

1745559104
11.53 13.0 12.35 113761

1745559105
11.25 12.9 12.33 127855

1745559107
11.57 12.9 12.33 255591

1745559108
11.57 12.9 12.33 129866

1745559109
11.64 12.87 12.33 121475

1745559110
11.64 12.87 12.33 118265

1745559111
11.53 12.81 12.32 173609

1745559113
11.25 12.72 12.31 158055

1745559114
11.25 12.72 12.31 108805

1745559115
11.2 12.66 12.3 168977

1745559116
11.2 12.66 12.3 147940

1745559117
11.89 12.74 12.32 186965

1745559118
11.89 12.74 12.32 238580

1745559119
13.9 13.08 12.39 186927

1745559120
13.9 13.08 12.39 187795

1745559121
14.1 13.14 12.41 132382

1745559122
14.1 13.14 12.41 200086

1745559123
14.62 13.27 12.44 174124

1745559124
14.62 13.27 12.44 174201

1745559125
15.05 13.39 12.47 129090

1745559126
15.05 13.39 12.47 105931

1745559127
14.14 13.28 12.45 109160

1745559128
14.14 13.28 12.45 145914

1745559129
13.75 13.23 12.45 110556

1745559131
13.43 13.19 12.45 241255

1745559133
12.81 13.09 12.43 242904

1745559134
12.81 13.09 12.43 117929

1745559135
12.66 13.05 12.43 187846

1745559136
12.66 13.05 12.43 196639

1745559138
13.45 13.18 12.46 375069

1745559140
14.45 13.37 12.5 293072

1745559142
14.55 13.43 12.52 267607

1745559143
14.45 13.44 12.53 146260

1745559145
14.37 13.46 12.54 277829

1745559146
14.37 13.46 12.54 138438

1745559148
13.94 13.41 12.54 233434

1745559149
13.4 13.33 12.52 114848

1745559151
12.79 13.22 12.51 216311

1745559152
12.79 13.22 12.51 126772

1745559153
12.64 13.18 12.5 114712

1745559154
12.64 13.18 12.5 117652

1745559155
12.34 13.11 12.49 103263

1745559156
12.34 13.11 12.49 102109

1745559157
11.92 13.01 12.47 98878

1745559158
11.92 13.01 12.47 171009

1745559160
12.29 13.04 12.49 265549

1745559161
12.42 13.04 12.49 237904

1745559163
12.53 13.04 12.49 156142

1745559164
12.53 13.04 12.49 125711

1745559165
12.43 13.0 12.49 117034

1745559166
12.43 13.0 12.49 121053

1745559168
12.35 12.97 12.49 275986

1745559169
12.47 12.97 12.49 111581

1745559170
12.47 12.97 12.49 103821

1745559172
12.02 12.87 12.47 234641

1745559173
11.83 12.81 12.46 118341

1745559174
11.83 12.81 12.46 109030

1745559175
11.68 12.75 12.45 109042

1745559176
11.68 12.75 12.45 102670

1745559177
11.38 12.66 12.44 116056

1745559178
11.38 12.66 12.44 103075

1745559179
11.12 12.58 12.42 126015

1745559180
11.12 12.58 12.42 161005

1745559181
11.64 12.62 12.43 124639

1745559182
11.64 12.62 12.43 110936

1745559183
11.53 12.57 12.42 118823

1745559184
11.53 12.57 12.42 104909

1745559185
11.43 12.52 12.41 156002

1745559186
11.43 12.52 12.41 175618

1745559188
11.71 12.53 12.41 210058

1745559189
11.95 12.55 12.42 111265

1745559190
11.95 12.55 12.42 109624

1745559191
11.77 12.5 12.41 131354

1745559192
11.77 12.5 12.41 116429

1745559193
11.63 12.45 12.4 125638

1745559194
11.63 12.45 12.4 120091

1745559195
11.52 12.4 12.39 110225

1745559196
11.52 12.4 12.39 90277

1745559197
11.24 12.32 12.37 187618

1745559199
11.2 12.28 12.36 156718

1745559200
11.2 12.28 12.36 115544

1745559202
11.16 12.24 12.35 248582

1745559203
11.31 12.23 12.35 156863

1745559205
11.25 12.19 12.34 186356

1745559206
11.25 12.19 12.34 111540

1745559207
11.21 12.15 12.33 116385

1745559208
11.21 12.15 12.33 120914

1745559209
11.17 12.11 12.32 105672

1745559210
11.17 12.11 12.32 104504

1745559211
10.95 12.04 12.31 111285

1745559212
10.95 12.04 12.31 122334

1745559213
11.14 12.04 12.3 110501

1745559214
11.14 12.04 12.3 103785

1745559215
10.93 11.97 12.29 109906

1745559216
10.93 11.97 12.29 114959

1745559217
10.95 11.94 12.28 113541

1745559218
10.95 11.94 12.28 115257

1745559219
10.96 11.91 12.27 112391

1745559220
10.96 11.91 12.27 114994

1745559221
10.96 11.88 12.26 116003

1745559222
10.96 11.88 12.26 121559

1745559223
11.15 11.88 12.26 127359

1745559224
11.15 11.88 12.26 120793

1745559225
11.3 11.89 12.26 122885

1745559226
11.3 11.89 12.26 116297

1745559227
11.25 11.86 12.25 111599

1745559228
11.25 11.86 12.25 118366

1745559229
11.2 11.83 12.24 111733

1745559230
11.2 11.83 12.24 102892

1745559232
10.98 11.77 12.22 231826

1745559233
10.98 11.74 12.22 109370

1745559234
10.98 11.74 12.22 108523

1745559235
11.17 11.75 12.21 152873

1745559236
11.17 11.75 12.21 131607

1745559237
11.5 11.79 12.22 123518

1745559238
11.5 11.79 12.22 124661

1745559239
11.59 11.8 12.22 103889

1745559240
11.59 11.8 12.22 121405

1745559241
11.48 11.77 12.21 131043

1745559242
11.48 11.77 12.21 89013

1745559243
10.85 11.65 12.18 28122

1745559244
9.25 11.33 12.11 43725

1745559246
9.25 11.33 12.11 36600

1745559247
7.93 11.03 12.04 13969

1745559248
7.93 11.03 12.04 11858

1745559249
6.49 10.66 11.96 3684

1745559250
6.49 10.66 11.96 8157

1745559251
5.32 10.32 11.88 15253

1745559252
5.32 10.32 11.88 139764

1745559253
5.8 10.24 11.85 58138

1745559254
5.8 10.24 11.85 29539

1745559256
5.29 10.0 11.79 56728

1745559257
4.88 9.77 11.73 40647

1745559258
4.88 9.77 11.73 41359

1745559259
4.54 9.55 11.67 15084

1745559260
4.54 9.55 11.67 23624

1745559261
3.89 9.27 11.59 8103

1745559262
3.89 9.27 11.59 4413

1745559263
3.19 8.97 11.51 6039

1745559264
3.19 8.97 11.51 20171

1745559265
2.79 8.71 11.44 12613

1745559266
2.79 8.71 11.44 8840

1745559267
2.28 8.42 11.36 135704

1745559269
5.49 8.8 11.42 400949

1745559270
5.49 8.8 11.42 1071562

1745559272
16.81 10.74 11.81 999744

1745559273
23.91 12.22 12.11 392825

1745559274
23.91 12.22 12.11 89471

1745559275
21.93 12.24 12.12 9553

1745559276
21.93 12.24 12.12 6098

1745559277
17.96 11.84 12.04 240630

1745559279
20.68 12.53 12.18 592486

1745559280
20.68 12.53 12.18 377332

1745559281
23.46 13.3 12.34 322490

1745559282
23.46 13.3 12.34 260352

1745559283
23.01 13.55 12.4 9346

1745559284
23.01 13.55 12.4 1938

1745559285
18.84 13.11 12.32 9287

1745559286
18.84 13.11 12.32 2461

1745559288
25.31 14.56 12.63 1435606

1745559290
25.31 14.56 12.63 1269329

1745559292
35.58 16.76 13.1 942779

1745559293
34.21 17.13 13.2 6144

1745559294
34.21 17.13 13.2 1513

1745559295
28.01 16.57 13.11 2550

1745559296
28.01 16.57 13.11 10877

1745559297
22.93 16.03 13.02 20401

1745559298
22.93 16.03 13.02 21690

1745559299
19.14 15.57 12.95 3699

1745559300
16.58 15.22 12.89 99992

1745559302
18.83 15.67 13.0 660441

1745559304
29.55 17.71 13.45 1521002

1745559307
39.77 19.95 13.94 2063479

1745559308
39.77 19.95 13.94 450727

1745559309
38.18 20.31 14.06 43352

1745559310
38.18 20.31 14.06 55381

1745559312
33.98 20.13 14.07 762308

1745559313
32.53 20.33 14.15 3888

1745559314
32.53 20.33 14.15 18858

1745559316
26.82 19.69 14.06 52511

1745559317
22.32 19.11 13.98 22800

1745559319
18.64 18.55 13.89 49489

1745559320
18.64 18.55 13.89 25576

1745559321
15.62 18.01 13.81 19639

1745559322
13.16 17.49 13.73 29921

1745559323
13.16 17.49 13.73 31615

1745559325
11.31 17.01 13.66 43553

1745559326
11.31 17.01 13.66 15835

1745559327
9.45 16.49 13.57 10456

1745559329
7.91 15.98 13.48 22927

1745559331
6.84 15.52 13.41 46756

1745559333
5.78 15.05 13.32 27988

1745559334
5.78 15.05 13.32 8808

1745559335
4.73 14.56 13.23 5927

1745559336
4.73 14.56 13.23 10233

1745559338
3.87 14.08 13.14 17873

1745559339
3.35 13.65 13.06 12143

1745559341
2.74 13.2 12.97 16363

1745559342
2.74 13.2 12.97 5492

1745559343
2.25 12.77 12.88 5053

1745559344
2.25 12.77 12.88 7768

1745559345
1.84 12.35 12.79 8898

1745559346
1.84 12.35 12.79 6750

1745559348
1.5 11.95 12.7 12598

1745559349
1.23 11.56 12.61 6762

1745559350
1.23 11.56 12.61 5754

1745559351
1.01 11.18 12.53 5023

1745559352
1.01 11.18 12.53 332619

1745559354
4.27 11.43 12.57 699538

1745559355
10.74 12.37 12.76 381737

1745559357
14.23 12.95 12.88 440156

1745559358
12.01 12.59 12.8 16890

1745559360
12.01 12.59 12.8 19717

1745559361
10.02 12.21 12.72 27345

1745559362
10.02 12.21 12.72 27679

1745559363
8.56 11.87 12.65 22170

1745559364
8.56 11.87 12.65 17652

1745559366
7.37 11.55 12.58 110007

1745559368
6.94 11.34 12.52 36140

1745559369
5.86 11.0 12.44 6905

1745559371
6.43 10.93 12.42 306350

1745559372
6.43 10.93 12.42 20394

1745559373
6.53 10.8 12.38 888

1745559374
6.53 10.8 12.38 1555

1745559375
5.35 10.45 12.3 2769

1745559376
4.38 10.11 12.21 2661

1745559377
4.38 10.11 12.21 2472

1745559378
3.58 9.78 12.13 2533

1745559380
3.58 9.78 12.13 2310

1745559381
2.93 9.45 12.05 4554

1745559382
2.93 9.45 12.05 29266

1745559383
3.49 9.34 12.0 102269

1745559384
3.49 9.34 12.0 5229

1745559385
2.86 9.04 11.92 5505

1745559386
2.86 9.04 11.92 3659

1745559387
2.34 8.74 11.84 4711

1745559388
2.34 8.74 11.84 8704

1745559389
2.09 8.49 11.77 17575

1745559390
2.09 8.49 11.77 52981

1745559391
2.26 8.31 11.71 29641

1745559392
2.26 8.31 11.71 163261

1745559395
14.87 10.27 12.07 1460892

1745559396
14.87 10.27 12.07 259631

1745559397
15.8 10.59 12.13 7853

1745559398
15.8 10.59 12.13 135752

1745559399
14.02 10.44 12.09 2627

1745559400
14.02 10.44 12.09 223677

1745559401
13.29 10.43 12.07 7991

1745559403
10.88 10.08 11.99 8268

1745559404
10.88 10.08 11.99 188110

1745559405
10.54 10.05 11.97 11745

1745559406
10.54 10.05 11.97 7677

1745559407
8.63 9.72 11.89 6165

1745559408
8.63 9.72 11.89 4336

1745559409
7.07 9.4 11.8 6148

1745559410
7.07 9.4 11.8 33406

1745559411
6.15 9.16 11.74 23633

1745559413
5.21 8.89 11.66 28080

1745559414
5.21 8.89 11.66 18103

1745559415
4.45 8.63 11.59 24548

1745559417
4.0 8.41 11.52 36443

1745559418
4.0 8.41 11.52 17061

1745559419
3.46 8.17 11.45 25159

1745559420
3.01 7.94 11.38 15660

1745559421
3.01 7.94 11.38 16987

1745559423
2.65 7.71 11.31 19504

1745559424
2.65 7.71 11.31 257992

1745559425
4.88 7.95 11.33 9634

1745559426
4.18 7.72 11.26 28853

1745559427
4.18 7.72 11.26 14214

1745559429
3.96 7.57 11.21 420176

1745559430
3.96 7.57 11.21 205307

1745559432
10.13 8.56 11.39 576324

1745559433
11.92 8.94 11.45 99982

1745559434
11.92 8.94 11.45 458919

1745559435
16.64 9.89 11.63 658870

1745559436
16.64 9.89 11.63 643502

1745559437
24.86 11.59 11.97 551290

1745559438
24.86 11.59 11.97 537838

1745559439
30.14 12.98 12.26 547975

1745559441
34.82 14.39 12.56 1205908

1745559442
34.82 14.39 12.56 166637

1745559444
34.13 14.93 12.69 847588

1745559446
37.55 16.18 12.96 1019030

1745559447
39.62 17.25 13.21 518204

1745559448
39.62 17.25 13.21 93893

1745559449
37.51 17.6 13.31 512767

1745559450
37.51 17.6 13.31 642018

1745559452
41.04 18.89 13.61 681205

1745559453
38.14 19.09 13.69 13592

1745559454
38.14 19.09 13.69 18882

1745559455
31.41 18.5 13.6 27239

1745559456
31.41 18.5 13.6 28296

1745559457
26.08 17.96 13.52 22295

1745559458
21.72 17.44 13.44 29173

1745559460
21.72 17.44 13.44 34721

1745559461
18.14 16.93 13.36 18472

1745559462
18.14 16.93 13.36 52935

1745559463
15.94 16.57 13.31 96679

1745559464
15.94 16.57 13.31 24019

1745559465
13.42 16.1 13.24 18814

1745559466
13.42 16.1 13.24 19109

1745559467
11.35 15.63 13.16 23617

1745559468
11.35 15.63 13.16 14203

1745559469
9.47 15.16 13.08 3575

1745559470
9.47 15.16 13.08 14096

1745559471
10.11 15.08 13.07 561294

1745559472
10.11 15.08 13.07 447655

1745559473
16.79 16.13 13.31 369833

1745559474
16.79 16.13 13.31 345602

1745559475
19.73 16.68 13.44 170964

1745559476
19.73 16.68 13.44 30127

1745559477
16.88 16.27 13.38 24985

1745559478
16.72 16.26 13.39 320156

1745559480
16.72 16.26 13.39 602499

1745559481
20.21 16.9 13.55 165184

1745559482
20.21 16.9 13.55 40026

1745559483
17.82 16.58 13.5 60075

1745559484
15.13 16.13 13.43 29951

1745559486
15.13 16.13 13.43 44805

1745559487
12.75 15.67 13.35 30698

1745559488
12.75 15.67 13.35 37876

1745559489
10.98 15.26 13.28 50731

1745559490
10.98 15.26 13.28 34198

1745559491
9.72 14.89 13.22 69255

1745559492
8.68 14.53 13.15 42351

1745559494
8.68 14.53 13.15 111649

1745559495
8.19 14.25 13.11 47389

1745559497
8.52 14.11 13.08 195573

1745559498
8.52 14.11 13.08 20539

1745559499
7.34 13.72 13.01 8802

1745559500
7.34 13.72 13.01 5439

1745559501
6.01 13.27 12.92 3393

1745559502
6.01 13.27 12.92 21496

1745559503
5.1 12.86 12.84 7340

1745559504
4.17 12.44 12.75 10924

1745559506
4.17 12.44 12.75 126774

1745559508
20.35 14.84 13.25 1861313

1745559512
34.42 17.56 13.82 3655730

1745559513
44.12 19.87 14.33 374104

1745559514
38.3 19.61 14.32 74580

1745559516
38.3 19.61 14.32 387591

1745559517
34.99 19.62 14.35 79265

1745559518
29.37 19.11 14.28 24478

1745559519
29.37 19.11 14.28 35038

1745559520
25.5 18.75 14.24 130052

1745559521
25.5 18.75 14.24 35915

1745559522
21.6 18.26 14.17 58656

1745559524
21.6 18.26 14.17 58743

1745559525
18.59 17.83 14.11 55532

1745559526
18.59 17.83 14.11 22539

1745559527
15.41 17.28 14.02 4782

1745559528
15.41 17.28 14.02 8193

1745559529
12.61 16.71 13.92 13334

1745559530
10.69 16.23 13.84 39458

1745559532
10.69 16.23 13.84 169672

1745559533
11.47 16.19 13.85 208317

1745559534
10.3 15.82 13.79 49680

1745559536
10.3 15.82 13.79 24139

1745559537
8.61 15.34 13.7 6838

1745559538
8.61 15.34 13.7 3304

1745559539
7.05 14.84 13.61 3413

1745559540
7.05 14.84 13.61 6083

1745559541
5.77 14.35 13.51 3768

1745559542
5.77 14.35 13.51 5528

1745559543
4.73 13.88 13.42 4547

1745559544
3.87 13.43 13.33 2104

1745559546
3.87 13.43 13.33 3433

1745559547
3.17 12.99 13.24 325343

1745559548
14.37 14.69 13.59 1076383

1745559550
24.99 16.6 14.0 1369783

1745559552
24.99 16.6 14.0 491248

1745559553
24.81 16.84 14.06 18080

1745559554
24.81 16.84 14.06 4253

1745559555
20.31 16.29 13.97 3867

1745559556
16.63 15.75 13.87 7149

1745559557
16.63 15.75 13.87 8849

1745559559
13.62 15.24 13.78 6116

1745559560
13.62 15.24 13.78 3531

1745559561
11.15 14.74 13.68 5419

1745559562
9.13 14.26 13.59 16001

1745559563
9.13 14.26 13.59 4019

1745559565
7.84 13.86 13.51 47666

1745559566
8.77 13.83 13.51 270694

1745559567
8.77 13.83 13.51 11110

1745559568
7.18 13.37 13.41 2799

1745559570
7.18 13.37 13.41 5157

1745559571
5.88 12.94 13.32 7135

1745559572
5.88 12.94 13.32 7278

1745559573
4.81 12.51 13.23 6873

1745559574
4.81 12.51 13.23 3262

1745559576
4.48 12.2 13.16 192618

1745559577
6.39 12.29 13.17 206654

1745559578
6.39 12.29 13.17 228556

1745559579
7.77 12.35 13.18 12667

1745559580
7.77 12.35 13.18 5061

1745559581
6.36 11.94 13.09 4883

1745559582
5.39 11.59 13.01 17074

1745559584
5.39 11.59 13.01 2495

1745559585
4.41 11.21 12.92 3545

1745559587
3.61 10.84 12.83 9758

1745559588
3.61 10.84 12.83 76796

1745559589
3.68 10.62 12.77 62235

1745559591
3.74 10.4 12.71 59690

1745559592
5.6 10.52 12.72 270907

1745559594
5.6 10.52 12.72 56861

1745559595
5.67 10.37 12.67 107976

1745559596
5.73 10.22 12.62 108309

1745559597
5.73 10.22 12.62 47243

1745559599
5.23 9.99 12.56 53314

1745559601
4.65 9.73 12.49 34456

1745559602
4.65 9.73 12.49 35848

1745559603
4.35 9.51 12.42 41117

1745559604
4.35 9.51 12.42 81783

1745559606
4.28 9.33 12.36 3414

1745559607
3.51 9.02 12.28 1560

1745559608
3.51 9.02 12.28 2996

1745559609
2.87 8.72 12.19 2661

1745559610
2.35 8.44 12.11 3682

1745559611
2.35 8.44 12.11 3547

1745559612
1.92 8.16 12.03 1643

1745559614
1.92 8.16 12.03 2629

1745559615
1.57 7.89 11.95 11101

1745559617
1.29 7.64 11.86 25656

1745559619
1.41 7.45 11.8 24792

1745559621
1.52 7.27 11.73 55069

1745559623
1.61 7.1 11.66 45341

1745559624
1.68 6.93 11.59 44325

1745559626
1.68 6.93 11.59 36373

1745559628
1.92 6.8 11.54 59863

1745559629
1.93 6.65 11.47 56345

1745559630
2.12 6.53 11.41 28769

1745559631
2.12 6.53 11.41 26575

1745559633
1.92 6.34 11.34 13111

1745559634
1.57 6.14 11.26 1248

1745559635
1.57 6.14 11.26 1135

1745559637
1.29 5.94 11.19 3465

1745559638
1.29 5.94 11.19 1598

1745559639
1.05 5.74 11.11 8260

1745559640
1.04 5.59 11.04 17569

1745559642
1.04 5.59 11.04 8276

1745559643
1.03 5.43 10.97 14967

1745559644
1.03 5.43 10.97 2329

1745559645
0.84 5.26 10.9 3023

1745559646
0.84 5.26 10.9 1800

1745559647
0.69 5.08 10.82 1741

1745559648
0.56 4.92 10.75 13778

1745559649
0.56 4.92 10.75 10839

1745559651
0.64 4.79 10.68 18227

1745559652
0.64 4.79 10.68 31829

1745559653
2.16 4.93 10.67 194528

1745559654
2.13 4.83 10.61 3822

1745559655
2.13 4.83 10.61 120212

1745559657
2.83 4.87 10.58 3674

1745559658
2.83 4.87 10.58 16220

1745559659
2.31 4.71 10.5 217185

1745559661
5.34 5.18 10.56 162544

1745559662
5.34 5.18 10.56 57487

1745559663
5.27 5.17 10.52 51810

1745559664
4.32 5.0 10.45 1850

1745559667
4.98 5.1 10.43 196900

1745559668
4.98 5.1 10.43 84637

1745559669
5.17 5.13 10.4 34572

1745559671
4.77 5.06 10.35 59892

1745559672
4.77 5.06 10.35 31665

1745559673
4.27 4.96 10.3 26622

1745559674
4.27 4.96 10.3 40144

1745559675
4.04 4.89 10.25 40057

1745559677
4.03 4.86 10.2 86418

1745559678
4.03 4.86 10.2 67545

1745559680
4.02 4.84 10.16 501574

1745559682
12.17 6.28 10.43 1230094

1745559683
22.1 8.27 10.81 851818

1745559685
29.51 10.06 11.17 1260075

1745559687
35.21 11.72 11.51 1152973

1745559689
39.88 13.34 11.85 1161596

1745559690
43.53 14.86 12.18 825010

1745559692
43.53 14.86 12.18 304078

1745559693
38.18 14.83 12.19 20699

1745559694
38.18 14.83 12.19 37237

1745559695
31.8 14.45 12.13 30023

1745559697
26.77 14.1 12.07 113028

1745559698
26.77 14.1 12.07 36487

1745559699
22.64 13.77 12.02 31498

1745559701
18.9 13.39 11.95 31001

1745559702
18.9 13.39 11.95 24710

1745559703
15.66 12.98 11.87 17907

1745559705
13.0 12.59 11.8 25430

1745559706
13.0 12.59 11.8 15723

1745559707
10.83 12.21 11.72 18579

1745559708
10.83 12.21 11.72 44573

1745559710
9.41 11.91 11.66 42808

1745559711
8.43 11.65 11.61 100764

1745559712
8.43 11.65 11.61 36505

1745559713
7.44 11.37 11.55 15640

1745559715
6.82 11.12 11.5 77636

1745559716
6.82 11.12 11.5 43201

1745559717
6.12 10.86 11.44 50746

1745559719
5.38 10.57 11.38 34203

1745559720
5.38 10.57 11.38 31816

1745559722
4.58 10.25 11.31 34800

1745559723
3.93 9.95 11.23 22343

1745559725
3.94 9.76 11.18 81123

1745559727
10.84 10.81 11.4 651635

1745559728
10.84 10.81 11.4 62181

1745559729
9.96 10.65 11.36 101780

1745559730
9.96 10.65 11.36 19594

1745559731
8.52 10.37 11.29 32519

1745559733
7.34 10.1 11.23 36959

1745559734
7.34 10.1 11.23 22617

1745559735
6.37 9.83 11.17 55090

1745559737
12.64 10.85 11.37 734459

1745559739
10.71 10.56 11.31 32622

1745559740
10.71 10.56 11.31 22861

1745559741
9.13 10.28 11.24 31078

1745559743
7.66 9.98 11.17 34789

1745559744
7.66 9.98 11.17 13972

1745559746
6.45 9.68 11.1 114859

1745559747
6.55 9.59 11.07 32459

1745559748
6.55 9.59 11.07 16519

1745559749
5.72 9.34 11.01 25805

1745559750
5.72 9.34 11.01 26184

1745559752
4.87 9.07 10.94 29546

1745559753
3.98 8.77 10.87 13851

1745559755
3.62 8.55 10.81 44547

1745559756
3.62 8.55 10.81 32851

1745559757
3.33 8.34 10.75 25752

1745559758
3.33 8.34 10.75 28150

1745559759
3.09 8.13 10.69 29887

1745559761
2.89 7.93 10.63 39456

1745559762
2.89 7.93 10.63 29807

1745559764
2.73 7.73 10.57 41469

1745559765
2.59 7.55 10.51 35573

1745559766
2.59 7.55 10.51 35098

1745559767
2.67 7.4 10.46 41444

1745559768
2.67 7.4 10.46 32789

1745559770
2.73 7.25 10.4 54661

1745559771
2.41 7.05 10.34 7362

1745559773
1.97 6.82 10.27 12471

1745559774
1.97 6.82 10.27 25980

1745559776
1.8 6.63 10.21 9862

1745559777
2.74 6.64 10.18 78306

1745559778
2.74 6.64 10.18 4673

1745559779
2.24 6.42 10.11 974

1745559781
4.55 6.7 10.15 379934

1745559783
3.91 6.51 10.08 20458

1745559784
3.91 6.51 10.08 12481

1745559786
3.38 6.33 10.02 27815

1745559787
2.95 6.16 9.96 11438

1745559788
2.95 6.16 9.96 14891

1745559790
2.59 5.99 9.9 28035

1745559792
2.3 5.83 9.84 24803

1745559794
2.07 5.67 9.78 18298

1745559795
1.87 5.52 9.72 24431

1745559796
1.87 5.52 9.72 3672

1745559798
1.53 5.33 9.65 278808

1745559799
4.88 5.81 9.72 219275

1745559800
4.88 5.81 9.72 162706

1745559802
6.35 6.05 9.74 222152

1745559803
7.37 6.24 9.76 132851

1745559804
7.37 6.24 9.76 272161

1745559806
9.11 6.6 9.81 192188

1745559807
9.09 6.68 9.8 7556

1745559808
9.09 6.68 9.8 5013

1745559809
7.44 6.46 9.74 10573

1745559810
7.44 6.46 9.74 7604

1745559811
6.09 6.25 9.67 5336

1745559813
4.99 6.04 9.6 2533

1745559814
4.99 6.04 9.6 1700

1745559816
4.08 5.84 9.54 2234

1745559818
3.34 5.65 9.47 1386

1745559819
2.74 5.47 9.41 664

1745559820
2.74 5.47 9.41 2427

1745559821
2.24 5.29 9.34 2523

1745559822
2.24 5.29 9.34 2163

1745559823
1.83 5.11 9.28 299368

1745559824
1.83 5.11 9.28 129302

1745559826
5.3 5.63 9.36 19033

1745559827
4.34 5.45 9.29 1305

1745559828
4.34 5.45 9.29 2170

1745559829
3.56 5.27 9.23 19539

1745559830
3.56 5.27 9.23 13940

1745559831
2.91 5.1 9.17 1785

1745559832
2.91 5.1 9.17 55211

1745559833
2.93 5.03 9.12 16372

1745559834
2.93 5.03 9.12 12297

1745559835
2.39 4.86 9.06 6091

1745559836
2.39 4.86 9.06 16354

1745559837
2.14 4.74 9.01 72208

1745559838
2.66 4.75 8.98 41501

1745559840
2.66 4.75 8.98 8412

1745559841
2.18 4.59 8.92 11807

1745559842
2.18 4.59 8.92 6590

1745559843
1.78 4.44 8.86 11402

1745559844
1.78 4.44 8.86 6755

1745559845
1.46 4.29 8.79 3750

1745559846
1.46 4.29 8.79 6486

1745559847
1.19 4.15 8.73 6877

1745559848
1.19 4.15 8.73 5045

1745559850
0.97 4.02 8.67 703414

1745559851
10.04 5.55 8.96 483271

1745559852
10.21 5.73 8.98 3457

1745559854
10.21 5.73 8.98 6304

1745559855
8.36 5.54 8.92 5843

1745559856
8.36 5.54 8.92 10991

1745559857
6.84 5.36 8.86 17962

1745559858
6.84 5.36 8.86 19074

1745559859
5.78 5.22 8.8 4596

1745559860
5.78 5.22 8.8 8201

1745559861
5.28 5.15 8.76 184326

1745559862
5.28 5.15 8.76 419990

1745559864
10.3 6.06 8.93 410431

1745559865
11.51 6.41 8.98 24595

1745559866
11.51 6.41 8.98 11314

1745559867
9.61 6.24 8.93 10597

1745559868
9.61 6.24 8.93 31757

1745559869
8.23 6.1 8.88 56630

1745559871
7.46 6.03 8.85 81927

1745559872
7.46 6.03 8.85 112831

1745559873
7.38 6.06 8.83 53053

1745559874
7.38 6.06 8.83 18300

1745559875
6.4 5.93 8.79 8631

1745559877
5.24 5.73 8.73 4160

1745559878
5.24 5.73 8.73 10365

1745559879
4.29 5.55 8.67 15156

1745559880
4.29 5.55 8.67 54951

1745559881
4.42 5.53 8.64 63958

1745559882
4.42 5.53 8.64 47688

1745559883
4.34 5.48 8.61 60045

1745559885
8.45 6.18 8.73 799838

1745559886
8.45 6.18 8.73 496551

1745559887
15.79 7.58 9.01 208975

1745559888
15.79 7.58 9.01 157260

1745559889
15.65 7.82 9.05 78159

1745559890
15.65 7.82 9.05 141345

1745559892
16.25 8.19 9.12 1175312

1745559893
28.53 10.67 9.63 1169146

1745559894
28.53 10.67 9.63 929449

1745559896
40.2 13.36 10.2 1842732

1745559898
49.22 15.87 10.75 1103368

1745559899
46.47 16.46 10.91 29362

1745559900
46.47 16.46 10.91 32496

1745559901
38.59 16.02 10.85 66042

1745559902
38.59 16.02 10.85 23909

1745559904
32.14 15.6 10.8 86549

1745559905
27.41 15.28 10.77 66778

1745559906
27.41 15.28 10.77 32023

1745559907
22.98 14.88 10.71 51672

1745559908
22.98 14.88 10.71 80433

1745559909
20.45 14.69 10.7 242183

1745559911
18.37 14.5 10.69 52900

1745559912
18.37 14.5 10.69 40257

1745559913
15.41 14.09 10.63 14864

1745559914
15.41 14.09 10.63 22661

1745559915
12.8 13.66 10.56 17298

1745559916
12.8 13.66 10.56 16715

1745559917
10.66 13.25 10.5 24748

1745559918
10.66 13.25 10.5 36376

1745559919
9.27 12.91 10.45 8386

1745559920
9.27 12.91 10.45 8861

1745559921
7.59 12.49 10.37 2486

1745559923
11.83 13.1 10.51 845759

1745559924
11.83 13.1 10.51 638111

1745559925
19.11 14.37 10.8 249952

1745559926
19.11 14.37 10.8 177378

1745559927
17.64 14.26 10.8 2426

1745559928
17.64 14.26 10.8 3287

1745559930
14.44 13.79 10.73 3647

1745559931
11.82 13.34 10.65 2875

1745559932
11.82 13.34 10.65 3270

1745559934
9.68 12.9 10.58 30273

1745559935
8.29 12.55 10.52 26533

1745559936
8.29 12.55 10.52 111275

1745559938
8.05 12.36 10.5 70596

1745559939
10.04 12.58 10.55 677908

1745559941
15.1 13.41 10.74 400094

1745559942
15.1 13.41 10.74 198589

1745559943
14.72 13.4 10.76 85551

1745559945
12.59 13.06 10.7 50202

1745559946
12.59 13.06 10.7 64305

1745559947
10.86 12.73 10.65 10527

1745559948
10.86 12.73 10.65 24748

1745559949
9.61 12.44 10.6 144321

1745559950
9.61 12.44 10.6 57672

1745559951
9.14 12.26 10.58 47169

1745559953
8.39 12.03 10.54 84527

1745559954
8.39 12.03 10.54 32267

1745559955
7.41 11.73 10.49 46590

1745559956
7.41 11.73 10.49 57587

1745559958
6.79 11.48 10.45 84445

1745559959
6.65 11.3 10.41 72746

1745559961
6.53 11.12 10.38 99245

1745559962
6.53 11.12 10.38 27877

1745559963
5.71 10.82 10.33 33332

1745559965
4.85 10.5 10.26 23032

1745559966
4.85 10.5 10.26 4563

1745559967
3.97 10.16 10.19 5530

1745559969
3.25 9.83 10.12 17665

1745559970
3.25 9.83 10.12 11347

1745559972
2.66 9.5 10.05 2546

1745559973
2.18 9.19 9.98 4372

1745559974
2.18 9.19 9.98 2434

1745559975
1.78 8.89 9.92 2635

1745559976
1.78 8.89 9.92 610512

1745559978
10.7 10.27 10.2 703302

1745559979
12.93 10.69 10.29 228698

1745559981
13.84 10.92 10.34 364364

1745559983
14.41 11.12 10.38 235222

1745559984
14.41 11.12 10.38 177377

1745559986
13.98 11.15 10.39 256031

1745559988
13.44 11.15 10.4 127217

1745559990
12.81 11.11 10.4 459604

1745559992
15.02 11.56 10.5 434254

1745559993
16.83 12.0 10.6 290272

1745559994
16.83 12.0 10.6 111739

1745559996
15.41 11.9 10.58 110290

1745559997
14.79 11.91 10.59 201954

1745559999
14.64 11.98 10.62 249262

1745560001
15.25 12.17 10.67 407448

1745560003
14.48 12.13 10.67 180662

1745560004
14.48 12.13 10.67 52982

1745560005
15.3 12.36 10.73 473791

1745560007
15.3 12.36 10.73 624945

1745560008
19.95 13.3 10.93 174015

1745560009
17.61 13.09 10.91 2935

1745560011
14.42 12.66 10.83 2196

1745560012
14.42 12.66 10.83 1871

1745560013
11.8 12.25 10.76 4130

1745560015
11.8 12.25 10.76 3979

1745560016
9.66 11.85 10.68 2592

1745560017
7.91 11.46 10.61 2852

1745560019
6.48 11.08 10.54 5790

1745560020
6.48 11.08 10.54 3518

1745560022
5.3 10.72 10.47 6566

1745560024
4.34 10.37 10.39 1171

1745560026
3.55 10.03 10.32 2142

1745560027
2.91 9.7 10.25 953

1745560029
2.38 9.38 10.18 2771

1745560030
2.38 9.38 10.18 1108

1745560031
1.95 9.08 10.11 1078

1745560032
1.95 9.08 10.11 1424

1745560034
1.59 8.78 10.04 1444

1745560035
1.3 8.49 9.97 3719

1745560036
1.3 8.49 9.97 4662

1745560038
1.07 8.21 9.91 7865

1745560039
0.87 7.94 9.84 4604

1745560041
0.71 7.68 9.77 27108

1745560043
0.71 7.68 9.77 27910

1745560044
0.76 7.46 9.71 3958

1745560045
0.62 7.22 9.64 1512

1745560046
0.62 7.22 9.64 3562

1745560047
0.51 6.98 9.58 3171

1745560048
0.51 6.98 9.58 5740

1745560049
0.42 6.75 9.51 10302

1745560050
0.42 6.75 9.51 109431

1745560052
3.6 7.12 9.57 568873

1745560054
8.93 7.97 9.73 635709

1745560056
11.48 8.46 9.82 395946

1745560058
13.56 8.94 9.91 454134

1745560059
16.0 9.53 10.03 389554

1745560061
16.0 9.53 10.03 277883

1745560062
15.81 9.71 10.06 3895

1745560063
12.95 9.39 9.99 15480

1745560064
12.95 9.39 9.99 24270

1745560066
10.78 9.11 9.93 6405

1745560067
8.83 8.81 9.86 9353

1745560069
8.31 8.72 9.84 171779

1745560071
10.97 9.19 9.93 472449

1745560072
10.97 9.19 9.93 199965

1745560074
12.25 9.48 9.98 309040

1745560076
12.56 9.63 10.01 282377

1745560078
12.82 9.77 10.04 267034

1745560080
13.04 9.91 10.06 329695

1745560082
13.21 10.04 10.09 301255

1745560084
13.35 10.17 10.12 267190

1745560086
13.47 10.3 10.15 312089

1745560087
13.56 10.42 10.17 177388

1745560089
13.64 10.53 10.2 237440

1745560091
13.52 10.61 10.22 291442

1745560093
13.61 10.73 10.24 296380

1745560095
13.61 10.73 10.24 231907

1745560096
13.68 10.83 10.27 155615

1745560097
13.74 10.94 10.3 143777

1745560098
13.74 10.94 10.3 167146

1745560100
13.78 11.04 10.32 307122

1745560102
13.82 11.13 10.35 234889

1745560103
14.22 11.29 10.39 216694

1745560105
14.54 11.45 10.42 310340

1745560107
14.8 11.6 10.46 315548

1745560109
14.84 11.71 10.49 291097

1745560111
14.87 11.82 10.52 321469

1745560112
14.87 11.82 10.52 184776

1745560114
14.89 11.92 10.56 270594

1745560116
14.55 11.96 10.57 253709

1745560117
14.27 11.99 10.59 158725

1745560119
13.85 11.99 10.6 277158

1745560121
13.7 12.02 10.62 234755

1745560122
13.7 12.02 10.62 136869

1745560124
13.39 12.02 10.63 225837

1745560126
12.95 11.99 10.63 231250

1745560127
12.6 11.96 10.63 134814

1745560129
12.49 11.96 10.64 225694

1745560131
12.04 11.89 10.64 206315

1745560132
12.04 11.89 10.64 159929

1745560134
11.49 11.8 10.62 160323

1745560136
11.58 11.8 10.63 235525

1745560137
11.65 11.81 10.64 135654

1745560138
11.65 11.81 10.64 132785

1745560140
11.35 11.75 10.64 213758

1745560141
11.47 11.76 10.65 182313

1745560143
11.38 11.73 10.65 140517

1745560144
11.38 11.73 10.65 140386

1745560146
11.49 11.74 10.66 218822

1745560147
11.22 11.69 10.66 121505

1745560149
11.18 11.66 10.66 224775

1745560150
11.18 11.66 10.66 181226

1745560152
10.97 11.61 10.65 135458

1745560153
16.95 12.67 10.88 1012354

1745560155
16.95 12.67 10.88 1033097

1745560156
26.2 14.48 11.27 376660

1745560158
27.07 15.02 11.41 483004

1745560159
27.07 15.02 11.41 184652

1745560160
25.6 15.15 11.46 161336

1745560161
25.6 15.15 11.46 151503

1745560162
23.68 15.14 11.48 114215

1745560163
23.68 15.14 11.48 163003

1745560164
21.93 15.11 11.5 180714

1745560165
21.93 15.11 11.5 187516

1745560166
21.21 15.2 11.55 197327

1745560167
21.21 15.2 11.55 200995

1745560168
20.99 15.36 11.6 211780

1745560169
20.99 15.36 11.6 201546

1745560170
20.81 15.51 11.66 193662

1745560171
20.81 15.51 11.66 207056

1745560172
20.66 15.66 11.72 204441

1745560173
20.66 15.66 11.72 197869

1745560174
20.54 15.8 11.78 227644

1745560175
20.54 15.8 11.78 230665

1745560176
21.35 16.1 11.87 762949

1745560177
21.35 16.1 11.87 758641

1745560178
31.25 18.06 12.3 780262

1745560179
31.25 18.06 12.3 776588

1745560180
39.35 19.95 12.74 760270

1745560181
39.35 19.95 12.74 785891

1745560182
46.17 21.82 13.18 809862

1745560183
46.17 21.82 13.18 747554

1745560184
51.76 23.63 13.62 808262

1745560185
51.76 23.63 13.62 770795

1745560187
56.33 25.37 14.05 1515998

1745560188
59.89 27.03 14.47 722538

1745560189
59.89 27.03 14.47 768339

1745560190
62.45 28.56 14.88 785215

1745560191
62.45 28.56 14.88 769067

1745560192
65.08 30.15 15.31 756706

1745560193
65.08 30.15 15.31 784884

1745560194
67.24 31.68 15.73 756659

1745560195
67.24 31.68 15.73 774134

1745560196
68.83 33.13 16.14 774070

1745560197
68.83 33.13 16.14 755536

1745560198
70.13 34.53 16.55 792069

1745560199
70.13 34.53 16.55 778733

1745560200
71.55 35.96 16.97 778480

1745560202
72.54 37.3 17.38 1568158

1745560203
72.54 37.3 17.38 791666

1745560204
73.71 38.66 17.8 788790

1745560205
73.71 38.66 17.8 804762

1745560206
74.67 39.98 18.22 811579

1745560207
74.67 39.98 18.22 776839

1745560208
75.45 41.26 18.64 814260

1745560209
75.45 41.26 18.64 780132

1745560210
76.09 42.49 19.05 788407

1745560211
76.09 42.49 19.05 782919

1745560212
76.44 43.66 19.45 775340

1745560213
76.44 43.66 19.45 767173

1745560214
76.54 44.75 19.85 780019

1745560215
76.54 44.75 19.85 777125

1745560216
76.62 45.8 20.24 762672

1745560217
76.62 45.8 20.24 779822

1745560218
76.69 46.82 20.62 788159

1745560219
76.69 46.82 20.62 833038

1745560220
77.29 47.91 21.03 826822

1745560221
77.29 47.91 21.03 799298

1745560222
77.96 48.99 21.44 833319

1745560223
77.96 48.99 21.44 812427

1745560224
78.69 50.07 21.85 829556

1745560225
78.69 50.07 21.85 823090

1745560226
79.29 51.11 22.27 843741

1745560227
79.29 51.11 22.27 803740

1745560228
79.78 52.12 22.67 796667

1745560229
79.78 52.12 22.67 772564

1745560230
79.46 52.97 23.05 723436

1745560231
79.46 52.97 23.05 769215

1745560232
78.47 53.66 23.4 767286

1745560234
78.02 54.39 23.76 1554990

1745560235
78.02 54.39 23.76 780753

1745560236
78.01 55.16 24.13 761165

1745560237
78.01 55.16 24.13 804752

1745560238
78.01 55.91 24.5 810811

1745560239
78.01 55.91 24.5 795726

1745560240
78.37 56.7 24.88 822372

1745560241
78.37 56.7 24.88 847254

1745560242
79.21 57.56 25.28 822971

1745560243
79.21 57.56 25.28 797658

1745560244
79.53 58.33 25.66 838634

1745560245
79.53 58.33 25.66 805609

1745560246
79.8 59.07 26.04 775655

1745560247
79.8 59.07 26.04 763281

1745560248
79.29 59.65 26.39 811134

1745560249
79.29 59.65 26.39 810579

1745560250
79.6 60.35 26.76 816716

1745560251
79.6 60.35 26.76 845775

1745560252
80.03 61.06 27.14 835167

1745560253
80.03 61.06 27.14 837330

1745560254
80.57 61.78 27.52 830990

1745560255
80.57 61.78 27.52 826862

1745560256
81.01 62.47 27.9 824335

1745560257
81.01 62.47 27.9 831584

1745560258
81.37 63.14 28.28 843620

1745560259
81.37 63.14 28.28 835587

1745560260
81.66 63.79 28.65 864363

1745560261
81.66 63.79 28.65 856782

1745560262
82.45 64.52 29.04 857833

1745560263
82.45 64.52 29.04 832319

1745560264
82.73 65.16 29.42 834852

1745560265
82.73 65.16 29.42 844883

1745560266
82.96 65.77 29.79 849131

1745560267
82.96 65.77 29.79 864904

1745560268
83.33 66.4 30.17 848040

1745560269
83.33 66.4 30.17 863838

1745560270
83.45 66.98 30.54 821734

1745560271
83.45 66.98 30.54 860727

1745560272
83.55 67.54 30.9 817778

1745560273
83.55 67.54 30.9 825220

1745560274
83.08 67.98 31.25 849401

1745560275
83.08 67.98 31.25 836606

1745560276
83.25 68.5 31.61 852069

1745560277
83.25 68.5 31.61 807043

1745560278
83.02 68.94 31.95 823429

1745560279
83.02 68.94 31.95 825197

1745560280
82.84 69.37 32.29 827941

1745560281
82.84 69.37 32.29 823852

1745560282
82.68 69.78 32.63 829492

1745560283
82.68 69.78 32.63 808308

1745560284
82.38 70.15 32.97 806979

1745560285
82.38 70.15 32.97 786863

1745560286
81.76 70.44 33.28 807877

1745560287
81.76 70.44 33.28 778866

1745560288
81.26 70.72 33.59 790954

1745560289
81.26 70.72 33.59 782623

1745560290
80.67 70.96 33.9 775742

1745560291
80.67 70.96 33.9 784467

1745560292
80.19 71.19 34.2 795175

1745560293
80.19 71.19 34.2 790076

1745560294
79.97 71.44 34.51 810879

1745560295
79.97 71.44 34.51 786713

1745560296
79.79 71.69 34.81 782763

1745560297
79.79 71.69 34.81 762777

1745560298
79.1 71.83 35.09 742896

1745560299
79.1 71.83 35.09 704213

1745560300
77.82 71.84 35.34 701245

1745560301
77.82 71.84 35.34 676514

1745560302
76.04 71.71 35.57 619962

1745560303
76.04 71.71 35.57 642643

1745560304
73.67 71.43 35.75 638035

1745560305
73.67 71.43 35.75 618624

1745560306
71.56 71.12 35.93 606738

1745560307
71.56 71.12 35.93 591348

1745560308
69.28 70.72 36.09 607228

1745560309
69.28 70.72 36.09 606410

1745560310
67.6 70.37 36.26 608066

1745560311
67.6 70.37 36.26 569610

1745560312
65.86 69.96 36.4 580729

1745560313
65.86 69.96 36.4 553681

1745560314
64.07 69.51 36.54 557753

1745560315
64.07 69.51 36.54 537703

1745560316
62.25 69.0 36.66 511769

1745560317
62.25 69.0 36.66 503544

1745560318
59.85 68.35 36.74 469980

1745560319
59.85 68.35 36.74 468238

1745560320
57.34 67.61 36.81 447839

1745560321
57.34 67.61 36.81 448676

1745560322
54.92 66.84 36.86 419967

1745560323
54.92 66.84 36.86 430774

1745560324
52.58 66.03 36.89 415560

1745560325
52.58 66.03 36.89 411254

1745560326
50.3 65.18 36.91 387246

1745560327
50.3 65.18 36.91 385641

1745560328
48.07 64.29 36.92 375324

1745560329
48.07 64.29 36.92 377744

1745560330
46.06 63.39 36.92 376696

1745560331
46.06 63.39 36.92 341945

1745560332
44.06 62.46 36.91 300867

1745560333
44.06 62.46 36.91 290074

1745560334
41.33 61.37 36.85 270421

1745560335
41.33 61.37 36.85 270137

1745560336
38.73 60.24 36.79 272041

1745560337
38.73 60.24 36.79 282019

1745560338
36.61 59.16 36.72 235038

1745560339
36.61 59.16 36.72 215975

1745560340
33.96 57.94 36.62 206759

1745560341
33.96 57.94 36.62 210253

1745560342
31.43 56.7 36.5 192847

1745560343
31.43 56.7 36.5 190385

1745560344
29.18 55.46 36.38 176204

1745560345
29.18 55.46 36.38 179886

1745560346
26.97 54.21 36.25 164342

1745560347
26.97 54.21 36.25 160789

1745560348
24.98 52.95 36.11 161045

1745560349
24.98 52.95 36.11 161316

1745560350
23.35 51.75 35.97 160320

1745560351
23.35 51.75 35.97 160917

1745560352
22.02 50.58 35.84 162668

1745560353
22.02 50.58 35.84 156397

1745560354
20.75 49.41 35.7 149732

1745560355
20.75 49.41 35.7 137375

1745560356
19.52 48.25 35.55 134180

1745560357
19.52 48.25 35.55 118470

1745560358
18.16 47.07 35.39 112330

1745560359
18.16 47.07 35.39 115350

1745560360
16.86 45.89 35.22 119425

1745560361
16.86 45.89 35.22 108255

1745560362
15.8 44.74 35.05 119353

1745560363
15.8 44.74 35.05 116312

1745560365
14.93 43.64 34.89 220875

1745560366
14.22 42.57 34.72 108542

1745560367
14.22 42.57 34.72 119102

1745560368
13.45 41.51 34.56 186472

1745560370
13.01 40.51 34.39 135058

1745560371
13.01 40.51 34.39 116248

1745560372
12.64 39.54 34.23 99031

1745560373
12.64 39.54 34.23 116705

1745560374
12.16 38.57 34.07 109808

1745560376
11.77 37.64 33.9 220366

1745560377
11.77 37.64 33.9 107512

1745560378
11.63 36.77 33.75 135626

1745560379
11.63 36.77 33.75 121293

1745560381
11.7 35.96 33.6 281786

1745560382
11.93 35.21 33.46 104545

1745560383
11.93 35.21 33.46 118099

1745560384
11.76 34.41 33.3 125194

1745560385
11.44 33.61 33.14 120328

1745560387
11.44 33.61 33.14 200017

1745560388
11.36 32.87 32.99 110613

1745560389
11.36 32.87 32.99 114435

1745560390
11.29 32.16 32.84 109524

1745560391
11.29 32.16 32.84 110501

1745560392
11.06 31.43 32.68 104329

1745560393
11.06 31.43 32.68 113420

1745560394
11.05 30.76 32.54 107984

1745560395
11.05 30.76 32.54 113803

1745560396
11.04 30.12 32.39 118321

1745560397
11.04 30.12 32.39 113490

1745560398
11.03 29.49 32.24 108923

1745560399
11.03 29.49 32.24 114747

1745560400
11.02 28.89 32.1 121956

1745560401
11.02 28.89 32.1 112933

1745560402
11.02 28.3 31.95 164215

1745560403
11.02 28.3 31.95 147565

1745560405
11.92 27.9 31.84 252359

1745560406
11.75 27.34 31.7 106304

1745560408
11.61 26.81 31.56 223245

1745560409
11.61 26.81 31.56 106351

1745560410
11.32 26.26 31.41 145847

1745560411
11.81 25.86 31.29 226899

1745560413
11.81 25.86 31.29 112090

1745560414
11.48 25.34 31.15 119757

1745560415
11.48 25.34 31.15 148776

1745560416
11.75 24.93 31.02 116122

1745560417
11.75 24.93 31.02 121567

1745560418
11.62 24.48 30.88 115478

1745560420
11.5 24.04 30.75 219872

1745560421
11.41 23.61 30.61 194645

1745560423
11.41 23.61 30.61 132451

1745560424
11.15 23.16 30.47 103754

1745560425
11.15 23.16 30.47 106989

1745560426
10.94 22.73 30.33 115811

1745560427
10.94 22.73 30.33 111097

1745560428
10.77 22.32 30.19 21972

1745560429
10.77 22.32 30.19 60222

1745560430
9.36 21.68 30.01 13223

1745560431
7.85 21.01 29.81 18364

1745560432
7.85 21.01 29.81 16135

1745560433
6.61 20.35 29.61 9211

1745560434
6.61 20.35 29.61 39433

1745560435
5.77 19.75 29.42 10640

1745560436
5.77 19.75 29.42 5460

1745560437
4.9 19.14 29.23 56641

1745560439
4.9 19.14 29.23 60467

1745560440
4.92 18.67 29.06 58392

1745560441
4.92 18.67 29.06 33926

1745560442
4.75 18.19 28.89 35970

1745560443
4.75 18.19 28.89 39403

1745560444
4.43 17.7 28.71 69386

1745560445
4.35 17.25 28.54 43430

1745560446
4.35 17.25 28.54 50152

1745560447
4.29 16.81 28.37 40222

1745560448
4.29 16.81 28.37 31777

1745560449
3.87 16.33 28.19 35547

1745560451
3.87 16.33 28.19 53910

1745560452
3.9 15.93 28.03 45482

1745560453
3.9 15.93 28.03 13019

1745560454
3.55 15.47 27.85 29861

1745560455
3.63 15.09 27.69 73524

1745560456
3.63 15.09 27.69 25557

1745560457
3.15 14.63 27.5 4616

1745560458
3.15 14.63 27.5 8698

1745560460
2.76 14.19 27.32 24935

1745560461
2.76 14.19 27.32 25250

1745560462
2.44 13.75 27.14 25639

1745560463
2.18 13.34 26.96 11975

1745560464
2.18 13.34 26.96 22289

1745560465
2.15 12.97 26.79 26953

1745560467
2.15 12.97 26.79 4229

1745560468
1.76 12.54 26.61 4714

1745560469
1.76 12.54 26.61 19213

1745560470
1.62 12.16 26.43 81478

1745560471
2.23 11.93 26.29 43262

1745560472
2.23 11.93 26.29 29876

1745560473
2.19 11.6 26.12 9379

1745560475
2.33 11.32 25.96 71935

1745560476
2.33 11.32 25.96 36286

1745560477
2.45 11.05 25.8 39913

1745560479
2.45 11.05 25.8 11353

1745560480
2.01 10.69 25.63 73781

1745560481
2.01 10.69 25.63 101692

1745560482
3.09 10.6 25.51 80541

1745560483
3.62 10.45 25.37 51118

1745560484
3.62 10.45 25.37 45846

1745560485
3.69 10.24 25.23 53131

1745560486
3.69 10.24 25.23 24358

1745560488
3.38 9.97 25.07 26705

1745560489
3.38 9.97 25.07 34999

1745560490
3.13 9.71 24.91 14457

1745560491
2.56 9.39 24.74 5727

1745560492
2.56 9.39 24.74 4710

1745560493
2.1 9.08 24.57 2402

1745560494
2.1 9.08 24.57 4187

1745560495
1.72 8.78 24.4 6336

1745560497
1.72 8.78 24.4 26606

1745560498
1.58 8.53 24.24 26131

1745560499
1.58 8.53 24.24 26749

1745560500
1.66 8.31 24.09 7796

1745560501
1.36 8.04 23.92 6760

1745560502
1.36 8.04 23.92 3410

1745560503
1.11 7.78 23.76 3497

1745560504
1.11 7.78 23.76 8390

1745560505
0.91 7.52 23.6 2121

1745560506
0.91 7.52 23.6 4724

1745560508
0.74 7.28 23.44 2378

1745560509
0.74 7.28 23.44 39155

1745560510
0.97 7.1 23.29 8074

1745560511
0.97 7.1 23.29 3846

1745560512
0.79 6.87 23.13 9734

1745560513
0.79 6.87 23.13 58920

1745560514
1.19 6.74 22.99 36568

1745560515
1.7 6.65 22.86 55534

1745560516
1.7 6.65 22.86 99542

1745560518
2.84 6.7 22.76 172847

1745560519
2.84 6.7 22.76 66545

1745560520
3.96 6.77 22.66 40402

1745560522
7.22 7.27 22.66 900858

1745560523
7.22 7.27 22.66 502807

1745560525
15.15 8.7 22.85 521608

1745560526
16.94 9.23 22.87 241868

1745560528
17.49 9.59 22.85 353627

1745560529
17.49 9.59 22.85 283956

1745560530
18.67 10.06 22.86 156592

1745560531
18.67 10.06 22.86 144139

1745560532
17.82 10.19 22.8 132310

1745560533
17.82 10.19 22.8 130779

1745560534
16.95 10.28 22.73 136269

1745560535
16.95 10.28 22.73 142004

1745560536
16.41 10.4 22.67 137572

1745560537
16.41 10.4 22.67 128237

1745560538
15.79 10.49 22.6 133006

1745560539
15.79 10.49 22.6 128734

1745560540
15.29 10.57 22.54 137193

1745560541
15.29 10.57 22.54 131728

1745560542
14.87 10.65 22.47 136859

1745560543
14.87 10.65 22.47 131212

1745560544
14.53 10.72 22.41 131285

1745560545
14.53 10.72 22.41 131279

1745560546
14.25 10.8 22.34 137157

1745560547
14.25 10.8 22.34 135783

1745560548
14.02 10.87 22.28 135116

1745560549
14.02 10.87 22.28 135250

1745560550
13.84 10.94 22.21 140285

1745560551
13.84 10.94 22.21 133729

1745560552
13.68 11.01 22.15 137529

1745560553
13.68 11.01 22.15 138255

1745560554
13.56 11.07 22.09 136775

1745560555
13.56 11.07 22.09 139330

1745560556
13.46 11.14 22.02 152201

1745560557
13.46 11.14 22.02 136272

1745560558
13.56 11.23 21.97 141351

1745560559
13.56 11.23 21.97 142493

1745560560
13.64 11.32 21.91 129993

1745560561
13.64 11.32 21.91 145907

1745560562
13.52 11.38 21.85 142629

1745560563
13.52 11.38 21.85 155204

1745560564
13.79 11.5 21.81 156131

1745560566
14.19 11.64 21.77 335475

1745560567
14.19 11.64 21.77 171548

1745560568
14.7 11.82 21.73 171979

1745560569
14.7 11.82 21.73 172644

1745560570
15.11 11.99 21.7 181476

1745560571
15.11 11.99 21.7 174566

1745560573
15.45 12.15 21.67 337580

1745560574
15.55 12.28 21.63 162283

1745560575
15.55 12.28 21.63 150475

1745560576
15.45 12.37 21.58 163600

1745560577
15.45 12.37 21.58 150914

1745560578
15.37 12.45 21.54 145223

1745560579
15.37 12.45 21.54 145870

1745560580
15.12 12.5 21.49 141620

1745560581
15.12 12.5 21.49 141939

1745560582
14.91 12.55 21.44 163479

1745560583
14.91 12.55 21.44 156561

1745560584
14.93 12.63 21.39 132386

1745560585
14.93 12.63 21.39 133137

1745560586
14.58 12.65 21.33 138203

1745560587
14.58 12.65 21.33 137500

1745560588
14.29 12.66 21.28 135891

1745560589
14.29 12.66 21.28 141472

1745560591
14.06 12.67 21.22 257835

1745560592
13.86 12.68 21.16 133989

1745560593
13.86 12.68 21.16 131403

1745560594
13.71 12.69 21.11 133487

1745560595
13.71 12.69 21.11 138795

1745560596
13.58 12.7 21.05 137461

1745560597
13.58 12.7 21.05 136295

1745560598
13.47 12.71 21.0 147349

1745560599
13.47 12.71 21.0 143952

1745560600
13.57 12.75 20.95 166720

1745560601
13.57 12.75 20.95 154254

1745560602
13.83 12.83 20.91 142421

1745560603
13.83 12.83 20.91 141282

1745560604
13.86 12.87 20.86 140380

1745560605
13.86 12.87 20.86 135942

1745560606
13.7 12.87 20.81 134951

1745560607
13.7 12.87 20.81 139584

1745560608
13.57 12.87 20.75 136139

1745560609
13.57 12.87 20.75 136961

1745560610
13.47 12.88 20.7 142807

1745560611
13.47 12.88 20.7 137512

1745560613
13.56 12.91 20.65 262815

1745560614
13.28 12.88 20.59 119602

1745560615
13.28 12.88 20.59 130190

1745560616
13.05 12.86 20.53 125505

1745560617
13.05 12.86 20.53 139945

1745560618
13.04 12.86 20.48 129301

1745560619
13.04 12.86 20.48 122505

1745560620
12.85 12.83 20.42 121417

1745560621
12.85 12.83 20.42 121525

1745560622
12.69 12.8 20.37 117998

1745560623
12.69 12.8 20.37 126197

1745560624
12.57 12.78 20.31 122285

1745560625
12.57 12.78 20.31 122398

1745560626
12.46 12.75 20.25 120512

1745560627
12.46 12.75 20.25 124251

1745560628
12.38 12.73 20.19 123665

1745560629
12.38 12.73 20.19 125891

1745560630
12.31 12.7 20.14 125659

1745560631
12.31 12.7 20.14 124702

1745560632
12.25 12.68 20.08 134609

1745560633
12.25 12.68 20.08 127618

1745560635
12.39 12.69 20.03 281516

1745560636
12.5 12.7 19.99 135218

1745560637
12.5 12.7 19.99 125578

1745560638
12.59 12.71 19.94 133777

1745560639
12.59 12.71 19.94 151609

1745560640
12.84 12.75 19.9 138570

1745560641
12.84 12.75 19.9 133951

1745560642
12.87 12.76 19.85 130141

1745560643
12.87 12.76 19.85 131145

1745560644
12.89 12.77 19.8 131844

1745560645
12.89 12.77 19.8 139095

1745560646
12.91 12.78 19.76 130689

1745560647
12.91 12.78 19.76 124200

1745560648
12.75 12.75 19.7 117477

1745560649
12.75 12.75 19.7 119636

1745560650
12.43 12.69 19.64 126006

1745560651
12.43 12.69 19.64 120754

1745560652
12.35 12.67 19.59 121908

1745560653
12.35 12.67 19.59 119686

1745560654
12.28 12.65 19.54 125152

1745560655
12.28 12.65 19.54 126368

1745560656
12.23 12.63 19.49 124076

1745560657
12.23 12.63 19.49 138385

1745560658
12.37 12.64 19.44 151400

1745560659
12.37 12.64 19.44 135419

1745560660
12.66 12.68 19.4 141360

1745560661
12.66 12.68 19.4 133907

1745560662
12.72 12.69 19.36 133643

1745560663
12.72 12.69 19.36 129974

1745560664
12.59 12.67 19.31 120235

1745560665
12.59 12.67 19.31 118946

1745560666
12.3 12.61 19.25 123953

1745560667
12.3 12.61 19.25 124666

1745560668
12.25 12.59 19.2 142773

1745560669
12.25 12.59 19.2 136701

1745560671
12.38 12.61 19.16 250678

1745560672
12.31 12.59 19.11 119852

1745560673
12.31 12.59 19.11 119433

1745560674
12.25 12.57 19.06 119703

1745560675
12.25 12.57 19.06 123612

1745560676
12.21 12.55 19.01 122100

1745560677
12.21 12.55 19.01 115392

1745560678
11.99 12.5 18.96 122355

1745560679
11.99 12.5 18.96 112110

1745560680
11.81 12.45 18.9 112381

1745560681
11.81 12.45 18.9 130268

1745560682
11.84 12.43 18.86 120528

1745560683
11.84 12.43 18.86 135970

1745560684
11.87 12.42 18.81 127842

1745560685
11.87 12.42 18.81 168709

1745560686
12.8 12.57 18.8 174344

1745560687
12.8 12.57 18.8 122635

1745560688
12.83 12.58 18.76 230807

1745560689
12.83 12.58 18.76 196232

1745560690
13.95 12.79 18.76 125046

1745560691
13.95 12.79 18.76 158767

1745560692
14.14 12.86 18.73 153998

1745560693
14.14 12.86 18.73 110793

1745560694
13.57 12.8 18.68 106999

1745560695
13.57 12.8 18.68 104671

1745560696
12.92 12.71 18.62 106647

1745560697
12.92 12.71 18.62 117570

1745560698
12.57 12.65 18.57 107762

1745560699
12.57 12.65 18.57 107952

1745560700
12.11 12.57 18.51 104242

1745560701
12.11 12.57 18.51 101416

1745560702
11.72 12.48 18.45 109745

1745560703
11.72 12.48 18.45 122956

1745560704
11.77 12.47 18.4 125047

1745560705
11.77 12.47 18.4 121574

1745560706
11.81 12.45 18.36 119405

1745560707
11.81 12.45 18.36 131882

1745560708
11.85 12.44 18.32 141801

1745560709
11.85 12.44 18.32 140709

1745560710
12.24 12.49 18.29 132627

1745560711
12.24 12.49 18.29 135912

1745560712
12.37 12.5 18.25 145245

1745560713
12.37 12.5 18.25 127837

1745560714
12.49 12.52 18.21 139035

1745560715
12.49 12.52 18.21 140718

1745560716
12.76 12.57 18.18 148844

1745560717
12.76 12.57 18.18 137718

1745560718
12.8 12.58 18.15 179231

1745560719
12.8 12.58 18.15 187669

1745560720
13.92 12.79 18.16 167082

1745560721
13.92 12.79 18.16 153337

1745560722
14.12 12.86 18.13 141451

1745560723
14.12 12.86 18.13 121563

1745560724
13.73 12.84 18.09 124779

1745560725
13.73 12.84 18.09 126145

1745560726
13.6 12.84 18.06 165567

1745560727
13.6 12.84 18.06 108483

1745560728
13.31 12.81 18.01 108255

1745560729
13.31 12.81 18.01 113176

1745560730
12.89 12.75 17.97 119854

1745560731
12.89 12.75 17.97 113794

1745560732
12.55 12.7 17.92 102618

1745560733
12.55 12.7 17.92 108644

1745560734
12.08 12.61 17.86 115962

1745560736
12.07 12.59 17.82 247957

1745560737
12.07 12.59 17.82 103719

1745560738
11.69 12.5 17.77 118548

1745560739
11.69 12.5 17.77 130325

1745560740
11.75 12.49 17.73 115181

1745560741
11.75 12.49 17.73 126009

1745560742
11.97 12.5 17.7 174862

1745560743
11.97 12.5 17.7 164526

1745560744
12.7 12.62 17.69 132203

1745560745
12.7 12.62 17.69 125453

1745560747
12.57 12.6 17.65 246576

1745560748
12.47 12.58 17.61 134090

1745560750
12.38 12.56 17.57 248294

1745560751
12.38 12.56 17.57 135686

1745560752
12.49 12.57 17.54 135798

1745560753
12.49 12.57 17.54 131395

1745560754
12.58 12.59 17.51 127605

1745560755
12.58 12.59 17.51 125899

1745560757
12.48 12.57 17.47 247479

1745560758
12.39 12.55 17.43 135081

1745560760
12.32 12.53 17.39 245080

1745560761
12.32 12.53 17.39 146415

1745560763
12.44 12.54 17.36 271701

1745560764
12.72 12.59 17.34 121461

1745560765
12.72 12.59 17.34 130130

1745560766
12.59 12.57 17.3 140583

1745560768
12.48 12.55 17.27 250258

1745560770
12.39 12.54 17.23 246155

1745560771
12.39 12.54 17.23 124252

1745560772
12.32 12.52 17.19 125535

1745560773
12.32 12.52 17.19 125822

1745560774
12.26 12.5 17.16 136347

1745560776
12.21 12.48 17.12 244845

1745560777
12.21 12.48 17.12 126677

1745560778
12.17 12.47 17.09 133075

1745560779
12.17 12.47 17.09 123683

1745560780
12.14 12.45 17.05 211552

1745560782
13.02 12.6 17.05 329315

1745560783
13.02 12.6 17.05 143514

1745560785
13.56 12.71 17.04 270133

1745560786
13.46 12.72 17.02 148103

1745560787
13.46 12.72 17.02 142367

1745560788
13.55 12.76 17.0 138590

1745560789
13.55 12.76 17.0 146050

1745560790
13.63 12.8 16.97 145634

1745560791
13.63 12.8 16.97 147325

1745560793
13.7 12.84 16.95 277788

1745560794
13.57 12.85 16.93 112151

1745560795
13.57 12.85 16.93 111209

1745560796
13.1 12.79 16.89 127468

1745560797
13.1 12.79 16.89 115808

1745560798
12.9 12.76 16.85 128530

1745560799
12.9 12.76 16.85 111495

1745560800
12.56 12.7 16.81 108204

1745560801
12.56 12.7 16.81 123106

1745560802
12.27 12.65 16.77 106493

1745560803
12.27 12.65 16.77 117069

1745560804
12.04 12.59 16.73 125752

1745560805
12.04 12.59 16.73 123580

1745560806
12.03 12.57 16.7 113872

1745560807
12.03 12.57 16.7 133958

1745560808
12.03 12.55 16.67 125629

1745560809
12.03 12.55 16.67 132230

1745560810
12.02 12.53 16.64 138953

1745560811
12.02 12.53 16.64 163806

1745560812
12.92 12.68 16.64 241534

1745560814
13.48 12.79 16.63 269486

1745560815
13.48 12.79 16.63 121586

1745560816
13.21 12.76 16.6 119461

1745560817
13.21 12.76 16.6 135329

1745560818
12.99 12.74 16.57 176660

1745560820
12.63 12.68 16.53 156136

1745560821
12.63 12.68 16.53 102110

1745560822
12.15 12.59 16.49 118163

1745560823
12.15 12.59 16.49 124479

1745560824
12.12 12.57 16.46 103100

1745560825
12.12 12.57 16.46 110962

1745560826
11.92 12.52 16.42 123824

1745560827
11.92 12.52 16.42 122916

1745560829
11.75 12.47 16.38 209982

1745560830
11.43 12.39 16.34 108054

1745560831
11.43 12.39 16.34 102094

1745560832
11.17 12.31 16.29 137174

1745560834
11.14 12.27 16.26 212807

1745560835
11.14 12.27 16.26 110172

1745560837
10.93 12.19 16.21 234978

1745560838
11.12 12.19 16.18 135852

1745560839
11.12 12.19 16.18 98615

1745560840
11.1 12.15 16.15 95599

1745560841
11.1 12.15 16.15 101789

1745560842
10.54 12.01 16.09 106087

1745560843
10.08 11.88 16.04 84755

1745560844
10.08 11.88 16.04 69339

1745560846
10.42 11.88 16.01 339827

1745560847
10.42 11.88 16.01 323406

1745560848
14.51 12.57 16.13 420423

1745560849
14.51 12.57 16.13 373760

1745560850
18.59 13.37 16.27 282480

1745560851
18.59 13.37 16.27 248988

1745560852
19.38 13.69 16.31 111558

1745560853
19.38 13.69 16.31 19641

1745560854
16.42 13.34 16.22 34393

1745560855
13.8 12.97 16.13 37358

1745560856
13.8 12.97 16.13 44868

1745560858
12.03 12.67 16.04 84737

1745560859
12.03 12.67 16.04 43393

1745560860
10.57 12.39 15.96 34672

1745560861
10.57 12.39 15.96 41581

1745560862
9.2 12.08 15.87 22101

1745560863
9.2 12.08 15.87 44984

1745560864
8.07 11.78 15.78 32025

1745560866
7.15 11.5 15.7 54282

1745560867
7.15 11.5 15.7 46320

1745560868
6.58 11.25 15.62 77993

1745560869
6.58 11.25 15.62 599519

1745560872
19.01 13.36 16.0 1363962

1745560875
22.45 14.17 16.15 1418334

1745560876
28.71 15.57 16.43 543169

1745560877
28.71 15.57 16.43 511106

1745560878
32.93 16.76 16.68 525569

1745560879
32.93 16.76 16.68 488871

1745560880
36.02 17.85 16.9 517987

1745560881
36.02 17.85 16.9 481468

1745560882
38.37 18.87 17.12 514613

1745560883
38.37 18.87 17.12 490313

1745560885
40.11 19.82 17.33 949577

1745560886
41.54 20.74 17.54 513322

1745560887
41.54 20.74 17.54 483647

1745560888
43.07 21.7 17.77 536432

1745560889
43.07 21.7 17.77 502445

1745560890
44.33 22.62 17.99 493842

1745560891
44.33 22.62 17.99 488912

1745560892
44.99 23.45 18.19 479805

1745560893
44.99 23.45 18.19 502721

1745560894
45.72 24.29 18.4 484784

1745560895
45.72 24.29 18.4 424039

1745560896
45.59 24.97 18.59 494215

1745560897
45.59 24.97 18.59 490636

1745560899
46.2 25.75 18.79 955449

1745560900
46.35 26.45 18.99 476434

1745560901
46.35 26.45 18.99 438328

1745560902
45.92 27.02 19.16 444320

1745560903
45.92 27.02 19.16 447542

1745560904
45.57 27.58 19.33 438937

1745560905
45.57 27.58 19.33 482137

1745560906
45.83 28.22 19.52 473554

1745560907
45.83 28.22 19.52 461233

1745560908
45.68 28.76 19.69 466802

1745560909
45.68 28.76 19.69 451769

1745560910
45.55 29.3 19.87 433977

1745560911
45.55 29.3 19.87 441482

1745560912
45.09 29.74 20.02 438903

1745560913
45.09 29.74 20.02 500105

1745560914
45.62 30.34 20.21 489280

1745560915
45.62 30.34 20.21 481295

1745560916
46.05 30.92 20.4 467114

1745560917
46.05 30.92 20.4 437497

1745560918
45.86 31.38 20.57 479978

1745560919
45.86 31.38 20.57 472188

1745560920
46.06 31.89 20.75 476153

1745560921
46.06 31.89 20.75 537678

1745560922
46.78 32.48 20.95 493390

1745560923
46.78 32.48 20.95 498873

1745560924
47.18 33.02 21.15 503855

1745560926
47.51 33.55 21.34 980190

1745560927
47.51 33.55 21.34 515386

1745560928
47.78 34.05 21.53 508003

1745560930
47.45 34.44 21.69 879448

1745560931
47.45 34.44 21.69 495705

1745560932
47.73 34.92 21.88 543217

1745560933
47.73 34.92 21.88 499966

1745560934
48.14 35.41 22.07 487648

1745560935
48.14 35.41 22.07 514130

1745560936
48.3 35.86 22.26 458318

1745560937
48.3 35.86 22.26 515933

1745560938
48.24 36.26 22.43 471454

1745560939
48.24 36.26 22.43 503671

1745560940
48.2 36.64 22.61 470950

1745560941
48.2 36.64 22.61 433620

1745560942
47.44 36.88 22.75 481159

1745560943
47.44 36.88 22.75 411498

1745560944
46.63 37.08 22.89 414685

1745560945
46.63 37.08 22.89 487445

1745560946
46.88 37.44 23.06 539825

1745560947
46.88 37.44 23.06 533618

1745560948
47.62 37.88 23.26 418309

1745560949
47.62 37.88 23.26 342429

1745560950
45.34 37.79 23.34 319149

1745560951
45.34 37.79 23.34 233618

1745560952
41.47 37.34 23.34 228039

1745560953
41.47 37.34 23.34 243123

1745560954
38.3 36.9 23.35 233514

1745560955
38.3 36.9 23.35 215353

1745560957
35.17 36.38 23.33 444435

1745560958
32.78 35.91 23.32 226248

1745560959
32.78 35.91 23.32 268485

1745560960
31.55 35.58 23.34 284906

1745560961
31.55 35.58 23.34 267549

1745560962
30.55 35.27 23.36 232007

1745560963
30.55 35.27 23.36 245770

1745560964
29.18 34.87 23.36 252238

1745560965
29.18 34.87 23.36 250836

1745560966
28.42 34.54 23.37 252810

1745560967
28.42 34.54 23.37 268936

1745560968
28.16 34.3 23.39 279457

1745560969
28.16 34.3 23.39 239416

1745560970
27.41 33.96 23.4 221237

1745560971
27.41 33.96 23.4 204546

1745560972
26.06 33.5 23.37 192168

1745560973
26.06 33.5 23.37 186718

1745560974
24.78 33.03 23.34 181458

1745560975
24.78 33.03 23.34 184761

1745560976
23.55 32.54 23.31 211457

1745560977
23.55 32.54 23.31 216662

1745560978
23.09 32.16 23.29 200008

1745560979
23.09 32.16 23.29 196840

1745560980
22.35 31.73 23.26 208342

1745560981
22.35 31.73 23.26 213617

1745560982
21.92 31.34 23.24 182685

1745560983
21.92 31.34 23.24 195486

1745560984
21.39 30.94 23.21 186328

1745560985
21.39 30.94 23.21 175426

1745560986
20.59 30.48 23.17 167950

1745560987
20.59 30.48 23.17 153257

1745560988
19.58 29.97 23.11 150941

1745560989
19.58 29.97 23.11 138191

1745560990
18.39 29.42 23.04 127968

1745560991
18.39 29.42 23.04 122619

1745560992
17.23 28.85 22.96 130266

1745560993
17.23 28.85 22.96 119524

1745560994
16.28 28.3 22.89 117169

1745560995
16.28 28.3 22.89 113823

1745560996
15.32 27.73 22.81 106648

1745560997
15.32 27.73 22.81 113922

1745560998
14.54 27.18 22.73 119252

1745560999
14.54 27.18 22.73 114284

1745561000
13.9 26.65 22.65 115065

1745561001
13.9 26.65 22.65 110032

1745561002
13.37 26.14 22.57 112640

1745561003
13.37 26.14 22.57 108731

1745561004
12.76 25.61 22.48 111484

1745561005
12.76 25.61 22.48 115194

1745561006
12.44 25.13 22.4 115354

1745561007
12.44 25.13 22.4 112268

1745561008
12.18 24.67 22.32 102599

1745561009
12.18 24.67 22.32 111841

1745561010
11.96 24.22 22.25 119367

1745561011
11.96 24.22 22.25 109363

1745561012
11.61 23.76 22.16 102193

1745561013
11.61 23.76 22.16 126634

1745561014
11.31 23.31 22.08 100793

1745561015
11.31 23.31 22.08 122934

1745561016
11.44 22.94 22.01 113858

1745561017
11.18 22.51 21.93 185130

1745561019
11.18 22.51 21.93 125256

1745561020
10.96 22.1 21.84 117548

1745561021
10.96 22.1 21.84 125484

1745561023
10.6 21.67 21.76 185743

1745561024
10.68 21.32 21.68 131888

1745561025
10.68 21.32 21.68 174813

1745561026
11.46 21.12 21.64 130352

1745561027
11.46 21.12 21.64 113185

1745561028
11.19 20.75 21.56 103897

1745561029
11.19 20.75 21.56 119853

1745561030
11.16 20.43 21.48 120284

1745561031
11.16 20.43 21.48 124441

1745561032
11.67 20.22 21.43 141106

1745561033
11.67 20.22 21.43 100389

1745561034
11.37 19.89 21.35 199987

1745561036
11.3 19.6 21.28 174694

1745561037
11.3 19.6 21.28 101487

1745561038
11.24 19.31 21.21 125271

1745561039
11.24 19.31 21.21 89232

1745561040
11.2 19.04 21.14 147151

1745561041
11.2 19.04 21.14 112017

1745561042
11.16 18.78 21.07 172685

1745561044
11.31 18.56 21.01 183711

1745561045
11.31 18.56 21.01 128245

1745561046
11.44 18.34 20.95 113372

1745561047
11.44 18.34 20.95 129807

1745561048
11.18 18.07 20.87 172308

1745561050
11.14 17.84 20.81 140189

1745561051
11.14 17.84 20.81 187313

1745561052
12.02 17.78 20.77 124367

1745561053
12.02 17.78 20.77 100835

1745561054
11.65 17.52 20.7 110182

1745561055
11.65 17.52 20.7 105967

1745561056
11.54 17.31 20.63 113623

1745561057
11.54 17.31 20.63 128330

1745561058
11.62 17.13 20.57 141579

1745561059
11.62 17.13 20.57 143691

1745561060
11.87 17.0 20.52 107882

1745561061
11.87 17.0 20.52 114595

1745561062
11.71 16.8 20.45 106616

1745561063
11.71 16.8 20.45 105469

1745561064
11.4 16.58 20.38 173543

1745561066
11.51 16.43 20.33 193228

1745561067
11.51 16.43 20.33 133236

1745561068
11.05 16.18 20.25 87793

1745561069
10.86 15.98 20.18 149165

1745561071
10.86 15.98 20.18 142771

1745561072
10.88 15.82 20.11 120716

1745561073
10.88 15.82 20.11 96520

1745561074
10.54 15.59 20.04 102093

1745561076
10.81 15.48 19.98 240636

1745561077
10.81 15.48 19.98 130165

1745561078
11.02 15.36 19.93 136498

1745561079
11.02 15.36 19.93 143707

1745561080
11.92 15.38 19.9 174295

1745561081
11.92 15.38 19.9 117253

1745561082
11.75 15.24 19.84 116536

1745561083
11.75 15.24 19.84 112901

1745561084
11.62 15.1 19.78 102452

1745561085
11.62 15.1 19.78 103784

1745561086
11.32 14.93 19.71 102055

1745561088
11.44 14.84 19.66 259265

1745561089
11.44 14.84 19.66 102412

1745561090
11.18 14.68 19.59 111401

1745561091
11.18 14.68 19.59 105970

1745561092
10.97 14.52 19.53 112555

1745561093
10.97 14.52 19.53 112915

1745561094
10.97 14.41 19.47 114327

1745561095
10.97 14.41 19.47 102722

1745561096
10.79 14.26 19.4 113013

1745561097
10.79 14.26 19.4 107007

1745561098
10.83 14.16 19.35 135283

1745561099
10.83 14.16 19.35 138253

1745561100
11.22 14.12 19.3 107701

1745561101
11.0 13.98 19.24 159634

1745561103
11.0 13.98 19.24 155643

1745561104
11.0 13.89 19.18 146028

1745561105
11.0 13.89 19.18 122967

1745561106
11.18 13.82 19.13 104022

1745561108
10.97 13.7 19.07 218778

1745561109
10.97 13.7 19.07 115092

1745561110
10.97 13.61 19.01 140376

1745561111
10.97 13.61 19.01 124028

1745561112
11.16 13.56 18.97 106031

1745561113
11.16 13.56 18.97 119162

1745561114
11.13 13.47 18.91 131597

1745561115
11.13 13.47 18.91 103260

1745561116
11.1 13.39 18.86 110219

1745561117
11.1 13.39 18.86 107741

1745561118
10.9 13.28 18.8 113915

1745561119
10.9 13.28 18.8 106378

1745561120
10.74 13.17 18.74 122554

1745561121
10.74 13.17 18.74 143759

1745561122
11.15 13.17 18.7 124670

1745561123
11.15 13.17 18.7 127732

1745561124
11.3 13.13 18.65 110587

1745561125
11.3 13.13 18.65 105311

1745561126
11.06 13.02 18.59 116979

1745561127
11.06 13.02 18.59 116641

1745561128
11.23 12.99 18.55 134378

1745561129
11.23 12.99 18.55 112296

1745561130
11.19 12.93 18.49 113124

1745561131
11.19 12.93 18.49 109475

1745561132
11.15 12.86 18.44 111559

1745561133
11.15 12.86 18.44 112728

1745561134
11.12 12.8 18.39 113782

1745561135
11.12 12.8 18.39 119066

1745561136
11.28 12.77 18.35 140075

1745561137
11.28 12.77 18.35 111451

1745561138
11.23 12.72 18.3 183804

1745561140
11.19 12.66 18.25 140279

1745561141
11.19 12.66 18.25 110985

1745561142
11.15 12.6 18.2 128603

1745561143
11.15 12.6 18.2 118580

1745561144
11.12 12.55 18.15 116770

1745561145
11.12 12.55 18.15 102999

1745561146
10.92 12.47 18.09 103641

1745561147
10.92 12.47 18.09 113816

1745561148
10.93 12.42 18.04 115353

1745561149
10.93 12.42 18.04 107975

1745561150
10.94 12.37 17.99 116368

1745561151
10.94 12.37 17.99 107010

1745561152
10.95 12.33 17.95 115725

1745561153
10.95 12.33 17.95 103343

1745561154
10.96 12.28 17.9 130044

1745561155
10.96 12.28 17.9 101916

1745561156
10.79 12.21 17.84 104820

1745561157
10.79 12.21 17.84 111007

1745561158
10.64 12.13 17.79 113049

1745561159
10.64 12.13 17.79 128469

1745561160
10.71 12.1 17.74 102035

1745561161
10.71 12.1 17.74 111859

1745561162
10.76 12.06 17.7 154337

1745561164
10.8 12.03 17.65 207661

1745561165
10.8 12.03 17.65 113024

1745561166
10.84 11.99 17.61 107303

1745561167
10.84 11.99 17.61 103212

1745561168
10.68 11.93 17.55 117811

1745561169
10.68 11.93 17.55 103837

1745561170
10.56 11.86 17.5 146605

1745561172
10.46 11.8 17.45 178289

1745561173
10.46 11.8 17.45 134751

1745561174
10.55 11.77 17.41 101992

1745561175
10.55 11.77 17.41 107191

1745561176
10.45 11.72 17.35 109214

1745561177
10.45 11.72 17.35 110765

1745561178
10.55 11.69 17.31 121686

1745561179
10.55 11.69 17.31 116113

1745561180
10.81 11.7 17.27 123339

1745561181
10.81 11.7 17.27 108361

1745561182
10.85 11.68 17.23 131356

1745561183
10.85 11.68 17.23 119178

1745561184
11.06 11.69 17.19 117416

1745561185
11.06 11.69 17.19 98916

1745561186
10.86 11.63 17.15 116518

1745561187
10.86 11.63 17.15 110510

1745561188
10.71 11.58 17.1 104648

1745561189
10.71 11.58 17.1 104853

1745561190
10.58 11.53 17.05 110994

1745561191
10.58 11.53 17.05 108235

1745561192
10.65 11.51 17.01 123483

1745561193
10.65 11.51 17.01 108736

1745561194
10.71 11.49 16.96 125762

1745561195
10.71 11.49 16.96 95974

1745561196
10.95 11.51 16.93 168095

1745561197
10.95 11.51 16.93 124385

1745561198
11.68 11.62 16.92 256929

1745561199
11.68 11.62 16.92 250029

1745561201
13.73 12.0 16.96 230384

1745561203
13.23 11.96 16.92 232814

1745561204
12.83 11.93 16.88 105905

1745561205
12.83 11.93 16.88 108990

1745561206
12.31 11.87 16.83 116182

1745561207
12.31 11.87 16.83 116053

1745561208
12.08 11.84 16.79 115546

1745561209
12.08 11.84 16.79 117707

1745561210
11.88 11.81 16.75 117385

1745561211
11.88 11.81 16.75 114943

1745561212
11.72 11.78 16.71 125345

1745561213
11.72 11.78 16.71 124566

1745561214
11.77 11.79 16.68 119689

1745561215
11.77 11.79 16.68 116043

1745561216
11.63 11.77 16.64 116403

1745561217
11.63 11.77 16.64 117631

1745561218
11.51 11.74 16.6 116998

1745561219
11.51 11.74 16.6 117473

1745561220
11.42 11.72 16.56 118451

1745561221
11.42 11.72 16.56 124693

1745561222
11.52 11.72 16.53 121194

1745561223
11.52 11.72 16.53 127645

1745561224
11.61 11.73 16.5 122585

1745561225
11.61 11.73 16.5 123407

1745561226
11.68 11.74 16.47 126776

1745561227
11.68 11.74 16.47 126814

1745561228
11.74 11.75 16.44 125901

1745561229
11.74 11.75 16.44 124456

1745561230
11.78 11.76 16.41 115059

1745561231
11.78 11.76 16.41 110264

1745561232
11.46 11.7 16.36 109731

1745561233
11.46 11.7 16.36 101492

1745561234
11.19 11.64 16.32 108537

1745561235
11.19 11.64 16.32 112900

1745561236
11.16 11.62 16.28 115963

1745561237
11.16 11.62 16.28 117818

1745561238
11.13 11.6 16.24 125830

1745561239
11.13 11.6 16.24 178640

1745561240
12.19 11.78 16.25 173847

1745561241
12.19 11.78 16.25 139979

1745561242
12.34 11.82 16.23 129389

1745561244
11.91 11.76 16.18 200965

1745561245
11.91 11.76 16.18 117971

1745561246
11.75 11.73 16.15 129727

1745561247
11.75 11.73 16.15 105797

1745561248
11.61 11.71 16.11 115842

1745561249
11.61 11.71 16.11 108616

1745561250
11.32 11.65 16.07 100595

1745561251
11.32 11.65 16.07 127090

1745561252
11.26 11.63 16.04 115320

1745561253
11.26 11.63 16.04 109265

1745561254
11.21 11.61 16.0 113760

1745561255
11.21 11.61 16.0 105587

1745561256
10.99 11.56 15.96 113691

1745561257
10.99 11.56 15.96 127009

1745561258
11.53 11.64 15.95 205921

1745561259
11.53 11.64 15.95 131659

1745561260
12.16 11.75 15.94 139021

1745561261
12.16 11.75 15.94 114993

1745561262
11.95 11.72 15.91 116089

1745561263
11.95 11.72 15.91 147736

1745561264
12.14 11.76 15.89 160014

1745561266
11.93 11.74 15.85 226391

1745561268
12.31 11.81 15.84 267370

1745561269
12.31 11.81 15.84 107467

1745561270
12.07 11.79 15.81 115750

1745561272
12.24 11.83 15.79 257906

1745561273
12.24 11.83 15.79 110822

1745561274
12.01 11.8 15.75 143565

1745561275
12.01 11.8 15.75 96399

1745561277
11.65 11.74 15.71 219536

1745561278
11.53 11.72 15.68 112581

1745561279
11.53 11.72 15.68 116688

1745561281
11.43 11.69 15.65 278341

1745561283
11.71 11.73 15.63 228647

1745561284
11.4 11.68 15.59 49481

1745561285
11.4 11.68 15.59 20125

1745561286
9.52 11.33 15.49 17100

1745561287
9.52 11.33 15.49 8720

1745561288
7.97 10.99 15.39 14189

1745561289
6.71 10.66 15.29 21244

1745561291
6.71 10.66 15.29 29504

1745561292
5.85 10.38 15.2 30348

1745561294
5.16 10.1 15.11 45049

1745561296
4.58 9.84 15.02 50515

1745561297
4.58 9.84 15.02 27801

1745561298
4.11 9.58 14.93 31666

1745561299
4.11 9.58 14.93 25347

1745561300
3.91 9.37 14.85 39860

1745561301
3.74 9.16 14.77 46138

1745561303
3.74 9.16 14.77 107207

1745561304
5.42 9.28 14.76 236409

1745561305
5.42 9.28 14.76 50829

1745561306
5.52 9.18 14.7 25521

1745561307
5.52 9.18 14.7 25109

1745561308
4.89 8.94 14.61 35470

1745561310
4.54 8.75 14.53 38171

1745561311
4.54 8.75 14.53 30206

1745561312
4.26 8.56 14.45 39346

1745561313
4.26 8.56 14.45 33980

1745561314
4.03 8.37 14.37 31829

1745561315
4.03 8.37 14.37 42759

1745561316
3.84 8.2 14.29 61494

1745561317
3.69 8.03 14.22 35793

1745561319
3.69 8.03 14.22 56767

1745561320
3.56 7.86 14.14 30731

1745561321
3.56 7.86 14.14 51148

1745561322
3.64 7.74 14.07 45327

1745561323
3.64 7.74 14.07 30924

1745561324
3.52 7.58 13.99 58252

1745561325
3.52 7.58 13.99 54785

1745561326
3.79 7.5 13.93 34961

1745561327
3.65 7.35 13.86 44816

1745561328
3.65 7.35 13.86 13275

1745561330
2.98 7.11 13.76 9339

1745561331
2.98 7.11 13.76 18715

1745561332
2.62 6.91 13.67 10459

1745561333
2.62 6.91 13.67 27181

1745561334
2.51 6.75 13.59 59786

1745561335
2.51 6.75 13.59 46200

1745561336
2.78 6.66 13.53 12757

1745561338
2.27 6.44 13.44 12351

1745561339
2.27 6.44 13.44 32468

1745561340
2.22 6.29 13.36 54363

1745561342
2.73 6.25 13.3 72505

1745561343
2.73 6.25 13.3 56918

1745561344
2.96 6.18 13.24 36984

1745561345
2.96 6.18 13.24 33520

1745561346
2.96 6.07 13.17 45132

1745561347
3.15 6.0 13.1 44529

1745561348
3.15 6.0 13.1 29951

1745561349
2.76 5.84 13.02 5946

1745561350
2.76 5.84 13.02 4011

1745561351
2.26 5.65 12.93 1710

1745561353
2.26 5.65 12.93 20943

1745561354
2.03 5.49 12.85 22411

1745561355
2.03 5.49 12.85 22220

1745561356
1.84 5.35 12.77 5528

1745561357
1.84 5.35 12.77 15716

1745561358
1.69 5.2 12.69 13590

1745561359
1.69 5.2 12.69 6479

1745561360
1.38 5.03 12.6 4351

1745561361
1.13 4.87 12.51 5596

1745561363
4.55 5.36 12.56 456900

1745561365
4.55 5.36 12.56 401262

1745561367
8.61 6.07 12.66 405778

1745561368
9.77 6.36 12.68 13688

1745561369
9.77 6.36 12.68 5528

1745561370
8.0 6.16 12.59 12009

1745561371
6.73 5.99 12.51 18862

1745561372
6.73 5.99 12.51 2793

1745561373
5.51 5.79 12.43 5769

1745561374
5.51 5.79 12.43 4599

1745561376
4.51 5.6 12.34 4100

1745561377
4.51 5.6 12.34 4382

1745561378
3.69 5.42 12.26 3410

1745561379
3.69 5.42 12.26 21262

1745561380
3.57 5.34 12.19 148418

1745561381
3.57 5.34 12.19 491173

1745561383
8.72 6.21 12.33 268896

1745561384
9.67 6.46 12.34 55515

1745561385
9.67 6.46 12.34 1781

1745561386
7.92 6.25 12.26 1833

1745561388
10.65 6.8 12.33 604507

1745561389
10.65 6.8 12.33 464367

1745561391
17.05 8.08 12.56 627344

1745561392
16.68 8.31 12.58 26513

1745561393
16.68 8.31 12.58 6356

1745561394
13.66 8.04 12.49 7339

1745561395
11.18 7.77 12.41 7811

1745561397
11.18 7.77 12.41 7214

1745561398
9.34 7.55 12.33 14245

1745561399
9.34 7.55 12.33 7671

1745561400
7.64 7.3 12.24 6597

1745561401
7.64 7.3 12.24 12171

1745561402
6.44 7.1 12.17 172781

1745561404
9.8 7.68 12.25 348561

1745561405
12.55 8.25 12.34 447790

1745561407
12.55 8.25 12.34 283815

1745561409
14.08 8.67 12.4 511618

1745561411
15.88 9.17 12.48 544381

1745561412
17.89 9.75 12.58 226756

1745561413
17.89 9.75 12.58 275042

1745561415
18.64 10.15 12.64 525319

1745561417
19.79 10.64 12.73 277586

1745561418
18.92 10.78 12.75 134423

1745561419
18.92 10.78 12.75 119926

1745561421
17.3 10.76 12.73 249225

1745561422
16.52 10.83 12.73 158981

1745561424
14.8 10.7 12.69 130013

1745561425
14.8 10.7 12.69 117266

1745561427
14.11 10.71 12.68 934423

1745561428
23.14 12.46 13.03 774857

1745561429
23.14 12.46 13.03 511680

1745561431
27.28 13.55 13.25 316926

1745561432
24.51 13.5 13.24 2099

1745561434
20.07 13.06 13.15 3539

1745561435
20.07 13.06 13.15 1846

1745561436
16.43 12.63 13.06 2172

1745561437
13.46 12.22 12.97 2154

1745561438
13.46 12.22 12.97 118257

1745561440
13.19 12.21 12.97 318768

1745561442
13.88 12.37 13.0 223549

1745561443
13.88 12.37 13.0 118499

1745561444
13.36 12.32 12.98 70132

1745561446
13.11 12.31 12.97 304375

1745561448
13.45 12.4 12.99 297323

1745561449
13.45 12.4 12.99 206229

1745561451
17.9 13.24 13.16 1639707

1745561452
29.51 15.49 13.63 869793

1745561454
36.66 17.24 14.01 1209799

1745561456
36.36 17.82 14.15 602885

1745561457
36.36 17.82 14.15 201126

1745561459
34.12 18.02 14.22 498928

1745561460
31.38 18.05 14.25 175372

1745561461
31.38 18.05 14.25 133608

1745561462
28.05 17.89 14.24 102503

1745561463
28.05 17.89 14.24 117181

1745561464
25.14 17.7 14.23 151953

1745561465
25.14 17.7 14.23 147670

1745561466
23.3 17.61 14.23 149509

1745561467
23.3 17.61 14.23 137409

1745561468
21.43 17.46 14.23 121252

1745561469
21.43 17.46 14.23 118122

1745561470
19.72 17.28 14.21 138003

1745561471
19.72 17.28 14.21 118270

1745561472
18.51 17.14 14.2 150738

1745561473
18.51 17.14 14.2 157330

1745561474
18.05 17.1 14.21 163034

1745561475
18.05 17.1 14.21 155131

1745561477
17.32 17.0 14.21 296620

1745561478
16.89 16.93 14.22 155762

1745561479
16.89 16.93 14.22 176829

1745561480
16.91 16.93 14.24 217757

1745561481
16.91 16.93 14.24 241617

1745561482
17.65 17.07 14.28 143230

1745561483
17.65 17.07 14.28 112570

1745561484
16.63 16.9 14.27 126188

1745561485
16.63 16.9 14.27 128601

1745561486
15.97 16.77 14.26 133018

1745561487
15.97 16.77 14.26 144222

1745561488
15.43 16.65 14.25 137525

1745561489
15.43 16.65 14.25 137319

1745561490
14.99 16.53 14.24 114874

1745561491
14.99 16.53 14.24 128630

1745561492
14.45 16.38 14.22 108025

1745561493
14.45 16.38 14.22 123763

1745561494
14.0 16.24 14.21 132187

1745561495
14.0 16.24 14.21 143823

1745561496
13.82 16.13 14.2 122278

1745561497
13.82 16.13 14.2 109605

1745561499
13.31 15.96 14.18 232130

1745561500
12.89 15.8 14.16 106884

1745561501
12.89 15.8 14.16 155192

1745561502
13.27 15.77 14.16 156126

1745561503
13.27 15.77 14.16 198986

1745561504
14.13 15.85 14.19 178752

1745561506
14.1 15.79 14.19 258923

1745561507
14.1 15.79 14.19 114076

1745561508
13.72 15.66 14.17 194588

1745561509
13.59 15.57 14.16 176372

1745561511
13.59 15.57 14.16 127340

1745561512
12.94 15.39 14.14 114852

1745561514
13.31 15.38 14.14 321996

1745561515
13.31 15.38 14.14 122274

1745561516
13.07 15.27 14.13 106056

1745561517
13.07 15.27 14.13 93078

1745561519
12.51 15.09 14.1 375766

1745561521
17.31 15.88 14.27 1599210

1745561522
28.67 17.97 14.72 792791

1745561523
28.67 17.97 14.72 855173

1745561525
37.97 20.0 15.16 1581670

1745561526
46.12 22.06 15.63 864908

1745561527
46.12 22.06 15.63 859057

1745561529
52.98 24.09 16.1 1627954

1745561530
58.42 26.02 16.55 848155

1745561531
58.42 26.02 16.55 829124

1745561532
62.69 27.85 17.0 827440

1745561533
62.69 27.85 17.0 789484

1745561534
65.65 29.52 17.43 746529

1745561535
65.65 29.52 17.43 707074

1745561536
66.25 30.81 17.78 655691

1745561537
66.25 30.81 17.78 622584

1745561538
65.12 31.77 18.07 546849

1745561539
65.12 31.77 18.07 192727

1745561540
56.58 31.32 18.07 2425

1745561541
56.58 31.32 18.07 990

1745561543
46.33 30.29 17.94 474454

1745561544
45.36 30.64 18.1 574906

1745561545
45.36 30.64 18.1 481391

1745561546
43.67 30.82 18.22 10363

1745561547
43.67 30.82 18.22 926

1745561548
35.76 29.81 18.1 9066

1745561549
29.28 28.84 17.97 2443

1745561550
29.28 28.84 17.97 3425

1745561552
23.97 27.89 17.85 2807

1745561553
23.97 27.89 17.85 3929

1745561555
19.63 26.98 17.73 380213

1745561556
19.7 26.75 17.74 223610

1745561558
18.66 26.33 17.72 157794

1745561559
18.66 26.33 17.72 140654

1745561560
17.64 25.9 17.69 122396

1745561561
17.64 25.9 17.69 104106

1745561562
16.43 25.41 17.64 142164

1745561563
16.43 25.41 17.64 139162

1745561564
15.81 25.0 17.61 127243

1745561565
15.81 25.0 17.61 129983

1745561566
15.3 24.61 17.58 152538

1745561567
15.3 24.61 17.58 152379

1745561568
15.06 24.26 17.55 125372

1745561569
15.06 24.26 17.55 104194

1745561570
14.33 23.83 17.51 121373

1745561571
14.33 23.83 17.51 127978

1745561573
14.27 23.51 17.48 278977

1745561574
13.67 23.1 17.44 113098

1745561576
14.46 22.93 17.44 385050

1745561577
14.46 22.93 17.44 149630

1745561578
14.37 22.64 17.42 154113

1745561579
14.37 22.64 17.42 214287

1745561580
15.21 22.52 17.43 224131

1745561582
15.9 22.4 17.44 373165

1745561584
15.37 22.09 17.41 241951

1745561585
15.37 22.09 17.41 258786

1745561586
16.03 21.99 17.42 125408

1745561588
15.3 21.66 17.38 239575

1745561589
15.3 21.66 17.38 205351

1745561590
16.15 21.61 17.4 199519

1745561591
16.15 21.61 17.4 186144

1745561592
16.3 21.46 17.4 183651

1745561593
16.3 21.46 17.4 228395

1745561595
16.25 21.28 17.39 195753

1745561596
15.11 20.91 17.34 98358

1745561598
16.0 20.88 17.36 405559

1745561599
16.0 20.88 17.36 122447

1745561600
15.45 20.62 17.33 157927

1745561601
15.45 20.62 17.33 146560

1745561603
14.83 20.34 17.29 181796

1745561604
14.68 20.13 17.27 269407

1745561605
14.68 20.13 17.27 142966

1745561606
15.1 20.03 17.26 140176

1745561607
15.1 20.03 17.26 219942

1745561608
15.26 19.9 17.25 100918

1745561609
15.26 19.9 17.25 112948

1745561610
14.31 19.57 17.2 112552

1745561611
14.31 19.57 17.2 99560

1745561612
13.52 19.26 17.16 122717

1745561613
13.52 19.26 17.16 113658

1745561614
13.25 19.02 17.12 133540

1745561615
13.25 19.02 17.12 124048

1745561616
13.38 18.86 17.1 284887

1745561618
15.12 18.99 17.14 370462

1745561619
15.12 18.99 17.14 190562

1745561620
15.64 18.96 17.14 162643

1745561621
15.64 18.96 17.14 194869

1745561622
15.53 18.83 17.13 122986

1745561623
15.53 18.83 17.13 118267

1745561624
14.89 18.61 17.09 153381

1745561625
14.89 18.61 17.09 133594

1745561627
14.72 18.45 17.07 252153

1745561628
14.05 18.21 17.03 107192

1745561629
14.05 18.21 17.03 122505

1745561630
13.5 17.97 16.99 104620

1745561632
13.22 17.78 16.96 260306

1745561633
13.22 17.78 16.96 143751

1745561634
13.91 17.75 16.96 220572

1745561635
13.91 17.75 16.96 193920

1745561636
14.1 17.66 16.94 103068

1745561637
14.1 17.66 16.94 99834

1745561638
13.54 17.44 16.9 146001

1745561639
13.54 17.44 16.9 124551

1745561640
13.26 17.27 16.87 127811

1745561641
13.26 17.27 16.87 212767

1745561642
14.3 17.32 16.88 146779

1745561643
14.3 17.32 16.88 136132

1745561644
14.06 17.18 16.86 136957

1745561645
14.06 17.18 16.86 119392

1745561646
13.51 16.98 16.81 103551

1745561647
13.51 16.98 16.81 171555

1745561648
13.6 16.88 16.8 186384

1745561649
13.6 16.88 16.8 125443

1745561650
14.03 16.85 16.79 206949

1745561652
13.48 16.66 16.75 173214

1745561653
13.48 16.66 16.75 125791

1745561654
13.03 16.47 16.71 98397

1745561656
12.84 16.33 16.68 264139

1745561657
12.84 16.33 16.68 139050

1745561658
12.69 16.18 16.64 218381

1745561660
13.29 16.18 16.64 207051

1745561661
13.29 16.18 16.64 135053

1745561662
12.87 16.01 16.6 116372

1745561663
12.87 16.01 16.6 103271

1745561664
12.53 15.84 16.56 122069

1745561665
12.53 15.84 16.56 110128

1745561666
12.98 15.82 16.55 264125

1745561667
12.98 15.82 16.55 192669

1745561668
14.43 15.99 16.58 266922

1745561669
14.43 15.99 16.58 127732

1745561671
14.71 15.99 16.58 281268

1745561672
14.58 15.92 16.56 124602

1745561673
14.58 15.92 16.56 129873

1745561674
14.11 15.79 16.53 120674

1745561675
14.11 15.79 16.53 106300

1745561676
13.73 15.67 16.5 148442

1745561677
13.73 15.67 16.5 136356

1745561678
13.6 15.58 16.47 133059

1745561679
13.6 15.58 16.47 115132

1745561680
13.13 15.43 16.44 108366

1745561681
13.13 15.43 16.44 116489

1745561682
12.74 15.28 16.4 119436

1745561683
12.74 15.28 16.4 118977

1745561684
12.42 15.14 16.36 113648

1745561685
12.42 15.14 16.36 121501

1745561687
12.35 15.04 16.33 263091

1745561688
12.28 14.94 16.3 118229

1745561690
12.41 14.88 16.28 247499

1745561691
12.41 14.88 16.28 128155

1745561692
12.15 14.75 16.24 152816

1745561694
12.67 14.76 16.23 277485

1745561695
12.67 14.76 16.23 181527

1745561697
14.0 14.93 16.26 492866

1745561698
14.9 15.06 16.28 140308

1745561699
14.9 15.06 16.28 121446

1745561700
14.38 14.96 16.25 130408

1745561702
14.31 14.93 16.23 290514

1745561704
14.43 14.93 16.22 305040

1745561705
14.43 14.93 16.22 137072

1745561706
14.17 14.87 16.2 119232

1745561707
14.17 14.87 16.2 121060

1745561708
13.78 14.77 16.17 145410

1745561709
13.78 14.77 16.17 217882

1745561710
14.54 14.88 16.19 128221

1745561711
14.54 14.88 16.19 147731

1745561712
14.08 14.78 16.16 117088

1745561713
14.08 14.78 16.16 189726

1745561715
14.25 14.79 16.15 229434

1745561716
13.66 14.67 16.11 110103

1745561718
13.9 14.68 16.1 310800

1745561719
13.9 14.68 16.1 186421

1745561720
14.46 14.75 16.11 163714

1745561721
14.46 14.75 16.11 188173

1745561722
14.92 14.83 16.12 138929

1745561723
14.92 14.83 16.12 116721

1745561724
14.03 14.67 16.08 168229

1745561725
14.03 14.67 16.08 74114

1745561726
12.93 14.45 16.02 104002

1745561727
12.93 14.45 16.02 154388

1745561728
12.76 14.37 15.99 46076

1745561729
10.99 14.0 15.9 31763

1745561731
10.99 14.0 15.9 13403

1745561732
9.18 13.57 15.8 32387

1745561733
9.18 13.57 15.8 3122

1745561734
7.7 13.16 15.7 7497

1745561735
7.7 13.16 15.7 30156

1745561736
6.48 12.76 15.6 4844

1745561737
6.48 12.76 15.6 26256

1745561738
5.49 12.38 15.5 11822

1745561739
5.49 12.38 15.5 202298

1745561741
7.21 12.46 15.5 264513

1745561742
8.26 12.48 15.48 130184

1745561743
8.26 12.48 15.48 246709

1745561744
9.84 12.63 15.49 115425

1745561745
9.84 12.63 15.49 211557

1745561746
11.14 12.77 15.5 122900

1745561747
11.14 12.77 15.5 169774

1745561748
11.66 12.81 15.49 117416

1745561749
11.66 12.81 15.49 115063

1745561750
11.35 12.72 15.45 97009

1745561751
11.35 12.72 15.45 156431

1745561752
11.83 12.76 15.44 143802

1745561753
11.83 12.76 15.44 154147

1745561754
12.41 12.83 15.44 168653

1745561755
12.41 12.83 15.44 165323

1745561756
13.06 12.94 15.44 153539

1745561757
13.06 12.94 15.44 139124

1745561758
13.05 12.94 15.42 125058

1745561759
13.05 12.94 15.42 116925

1745561760
12.67 12.88 15.39 112749

1745561761
12.67 12.88 15.39 161427

1745561763
12.73 12.88 15.38 231905

1745561764
12.24 12.79 15.34 98566

1745561765
12.24 12.79 15.34 139371

1745561766
12.56 12.83 15.33 162157

1745561767
12.56 12.83 15.33 87822

1745561769
12.09 12.73 15.29 324298

1745561770
12.26 12.74 15.28 81856

1745561772
13.48 12.95 15.3 373038

1745561773
13.48 12.95 15.3 124709

1745561774
13.39 12.95 15.29 172227

1745561775
13.39 12.95 15.29 146775

1745561776
13.32 12.95 15.27 96946

1745561777
13.32 12.95 15.27 135087

1745561778
13.44 12.98 15.26 158408

1745561780
13.18 12.95 15.24 241605

1745561781
13.18 12.95 15.24 123114

1745561782
13.14 12.95 15.22 145983

1745561783
13.14 12.95 15.22 115016

1745561784
12.76 12.89 15.2 114655

1745561785
12.76 12.89 15.2 116423

1745561786
12.62 12.86 15.17 131697

1745561787
12.62 12.86 15.17 103654

1745561788
12.14 12.77 15.14 72634

1745561789
12.14 12.77 15.14 21436

1745561790
10.12 12.38 15.04 1387

1745561791
10.12 12.38 15.04 2998

1745561792
8.65 12.04 14.95 63280

1745561793
8.65 12.04 14.95 3154

1745561794
7.08 11.65 14.85 4011

1745561795
7.08 11.65 14.85 27265

1745561796
5.98 11.3 14.75 2088

1745561797
5.98 11.3 14.75 4763

1745561799
5.26 10.99 14.67 323505

1745561800
8.11 11.32 14.71 135989

1745561801
8.11 11.32 14.71 16129

1745561802
6.82 10.98 14.62 15984

1745561803
6.82 10.98 14.62 599060

1745561804
14.64 12.26 14.86 677464

1745561805
14.64 12.26 14.86 822986

1745561807
24.31 14.08 15.22 1005896

1745561808
29.68 15.39 15.49 408607

1745561809
29.68 15.39 15.49 1750

1745561810
24.31 14.89 15.38 1795

1745561811
24.31 14.89 15.38 2561

1745561812
19.9 14.4 15.28 10950

1745561813
19.9 14.4 15.28 3731

1745561814
16.66 13.99 15.18 39315

1745561815
16.66 13.99 15.18 3217

1745561816
13.64 13.53 15.08 2243

1745561817
13.64 13.53 15.08 1683

1745561820
15.12 13.74 15.1 698566

1745561821
15.12 13.74 15.1 450353

1745561823
19.63 14.6 15.27 1103744

1745561824
23.86 15.53 15.46 101038

1745561825
23.86 15.53 15.46 2746

1745561826
20.08 15.12 15.38 59023

1745561827
20.08 15.12 15.38 244513

1745561829
19.52 15.18 15.39 280495

1745561830
18.7 15.18 15.38 160125

1745561831
18.7 15.18 15.38 144241

1745561832
17.67 15.1 15.37 115531

1745561833
17.67 15.1 15.37 112135

1745561834
16.46 14.97 15.34 113941

1745561835
16.46 14.97 15.34 105900

1745561836
14.56 14.67 15.27 4413

1745561837
14.56 14.67 15.27 1173

1745561838
11.92 14.19 15.17 1324

1745561839
11.92 14.19 15.17 640

1745561841
9.76 13.73 15.06 106516

1745561842
9.44 13.54 15.02 73602

1745561843
9.44 13.54 15.02 1369

1745561844
7.73 13.1 14.91 1095

1745561845
7.73 13.1 14.91 2313

1745561846
6.33 12.67 14.81 1916

1745561847
6.33 12.67 14.81 1912

1745561848
5.18 12.25 14.71 707

1745561849
5.18 12.25 14.71 6683

1745561850
5.69 12.11 14.66 184928

1745561851
5.69 12.11 14.66 307244

1745561852
10.46 12.77 14.78 351683

1745561853
10.46 12.77 14.78 331355

1745561854
14.0 13.33 14.89 301491

1745561855
14.0 13.33 14.89 276610

1745561856
17.98 14.07 15.03 451485

1745561857
17.98 14.07 15.03 435332

1745561859
21.25 14.79 15.17 299719

1745561860
17.4 14.3 15.07 893

1745561861
17.4 14.3 15.07 1378

1745561863
14.24 13.84 14.97 62456

1745561864
13.11 13.64 14.92 93819

1745561865
13.11 13.64 14.92 126204

1745561867
12.91 13.59 14.9 240757

1745561868
12.74 13.54 14.88 134886

1745561869
12.74 13.54 14.88 172180

1745561871
12.79 13.52 14.87 244596

1745561872
13.01 13.54 14.86 128792

1745561873
13.01 13.54 14.86 126580

1745561874
12.82 13.48 14.84 117812

1745561875
12.82 13.48 14.84 1265250

1745561877
23.0 15.3 15.21 1375162

1745561879
33.33 17.42 15.65 547826

1745561880
28.92 17.14 15.61 757

1745561881
28.92 17.14 15.61 567

1745561882
23.68 16.58 15.5 527

1745561883
23.68 16.58 15.5 2982

1745561884
19.39 16.04 15.39 575

1745561885
19.39 16.04 15.39 399

1745561886
15.87 15.51 15.29 281

1745561887
15.87 15.51 15.29 153

1745561888
13.54 15.1 15.2 105423

1745561889
13.54 15.1 15.2 814568

1745561890
24.67 17.06 15.61 789019

1745561891
24.67 17.06 15.61 842778

1745561893
34.88 19.15 16.06 1092644

1745561894
31.82 19.12 16.07 450

1745561895
31.82 19.12 16.07 235

1745561896
26.05 18.49 15.96 187

1745561897
26.05 18.49 15.96 41

1745561898
21.33 17.88 15.85 2919

1745561900
22.9 18.28 15.95 690985

1745561901
22.9 18.28 15.95 250702

1745561902
23.64 18.57 16.03 252195

1745561903
23.64 18.57 16.03 261755

1745561904
21.71 18.38 16.0 1537

1745561905
21.71 18.38 16.0 132

1745561906
17.78 17.78 15.89 310

1745561907
17.78 17.78 15.89 177

1745561908
14.56 17.2 15.79 992

1745561909
14.56 17.2 15.79 438

1745561910
11.92 16.64 15.68 570

1745561911
11.92 16.64 15.68 936

1745561912
9.76 16.09 15.57 473

1745561913
9.76 16.09 15.57 508031

1745561915
17.59 17.3 15.83 1301113

1745561918
37.79 21.27 16.69 2529933

1745561919
37.79 21.27 16.69 94583

1745561920
32.03 20.77 16.61 1721

1745561921
32.03 20.77 16.61 667

1745561922
26.23 20.09 16.5 985

1745561923
26.23 20.09 16.5 1128

1745561924
21.47 19.43 16.39 530

1745561925
21.47 19.43 16.39 751

1745561926
17.58 18.8 16.27 1855

1745561927
17.58 18.8 16.27 1066

1745561928
15.12 18.31 16.19 141289

1745561929
15.12 18.31 16.19 119219

1745561930
14.56 18.1 16.16 278698

1745561931
14.56 18.1 16.16 930575

1745561933
26.05 20.06 16.58 1244647

1745561934
28.94 20.78 16.76 107583

1745561935
28.94 20.78 16.76 661

1745561936
23.69 20.1 16.64 649

1745561937
23.69 20.1 16.64 855

1745561938
20.12 19.57 16.56 126227

1745561939
20.12 19.57 16.56 145006

1745561940
19.01 19.39 16.54 157948

1745561942
18.1 19.22 16.52 288762

1745561943
18.1 19.22 16.52 203208

1745561944
21.53 19.8 16.66 770735

1745561945
21.53 19.8 16.66 811757

1745561946
32.12 21.77 17.1 798670

1745561947
32.12 21.77 17.1 860193

1745561948
41.34 23.77 17.55 755370

1745561949
41.34 23.77 17.55 533027

1745561950
42.9 24.63 17.77 349845

1745561951
42.9 24.63 17.77 259342

1745561952
38.93 24.51 17.79 88446

1745561953
38.93 24.51 17.79 19782

1745561954
32.24 23.77 17.68 173460

1745561956
38.54 25.19 18.02 1407301

1745561958
41.88 26.23 18.29 1047458

1745561959
41.88 26.23 18.29 241491

1745561960
37.55 25.96 18.28 3697

1745561961
37.55 25.96 18.28 447

1745561962
30.75 25.11 18.16 203

1745561963
30.75 25.11 18.16 474

1745561964
25.18 24.29 18.03 1023

1745561965
25.18 24.29 18.03 441

1745561966
20.62 23.49 17.91 196

1745561967
20.62 23.49 17.91 321

1745561968
17.97 22.92 17.83 180524

1745561970
18.7 22.89 17.86 445589

1745561971
18.7 22.89 17.86 365683

1745561973
23.64 23.65 18.05 1334834

1745561974
27.33 24.31 18.23 158576

1745561975
27.33 24.31 18.23 1187

1745561976
22.38 23.52 18.1 649

1745561977
22.38 23.52 18.1 440

1745561978
18.32 22.75 17.98 505

1745561979
18.32 22.75 17.98 151

1745561980
15.0 22.0 17.86 376

1745561981
15.0 22.0 17.86 115

1745561982
12.28 21.28 17.73 192

1745561983
12.28 21.28 17.73 187573

1745561985
15.13 21.5 17.8 560845

1745561986
14.02 21.09 17.74 3973

1745561987
14.02 21.09 17.74 1094

1745561988
12.2 20.53 17.65 83045

1745561989
12.2 20.53 17.65 4269

1745561990
9.99 19.86 17.53 1374

1745561991
9.99 19.86 17.53 2116

1745561992
8.18 19.21 17.41 2143

1745561993
8.18 19.21 17.41 104685

1745561994
8.33 18.88 17.35 122442

1745561995
8.33 18.88 17.35 154721

1745561996
14.25 19.6 17.51 799716

1745561997
14.25 19.6 17.51 811976

1745561998
25.98 21.54 17.93 757401

1745561999
25.98 21.54 17.93 625375

1745562001
30.15 22.44 18.14 358113

1745562002
25.05 21.77 18.03 758

1745562003
25.05 21.77 18.03 387872

1745562004
29.57 22.7 18.25 652275

1745562006
38.88 24.6 18.68 1618090

1745562007
38.88 24.6 18.68 819916

1745562008
45.79 26.32 19.08 735776

1745562009
45.79 26.32 19.08 392342

1745562011
42.02 26.27 19.12 23120

1745562012
34.41 25.41 18.99 1385

1745562013
34.41 25.41 18.99 141

1745562014
28.17 24.58 18.86 240

1745562015
28.17 24.58 18.86 1182

1745562016
23.07 23.78 18.73 1767

1745562017
23.07 23.78 18.73 1502

1745562018
19.07 23.03 18.61 47492

1745562019
19.07 23.03 18.61 66720

1745562020
16.88 22.51 18.53 75802

1745562021
16.88 22.51 18.53 263247

1745562022
21.07 23.08 18.68 713849

1745562023
21.07 23.08 18.68 722965

1745562025
30.29 24.68 19.04 1472978

1745562026
37.12 26.1 19.38 595509

1745562027
37.12 26.1 19.38 519817

1745562028
39.27 26.85 19.58 433013

1745562029
39.27 26.85 19.58 309763

1745562030
37.23 26.88 19.64 157234

1745562031
37.23 26.88 19.64 108191

1745562032
32.12 26.3 19.56 89009

1745562033
32.12 26.3 19.56 74848

1745562034
27.38 25.63 19.47 37196

1745562035
27.38 25.63 19.47 22728

1745562036
22.6 24.83 19.34 1889

1745562037
22.6 24.83 19.34 3826

1745562038
18.51 24.02 19.21 4059

1745562039
18.51 24.02 19.21 4327

1745562040
15.15 23.23 19.08 4078

1745562041
15.15 23.23 19.08 788

1745562042
12.41 22.47 18.95 15603

1745562044
10.52 21.8 18.83 27054

1745562045
10.52 21.8 18.83 4958

1745562046
8.61 21.09 18.7 4245

1745562047
8.61 21.09 18.7 2944

1745562048
10.49 21.02 18.71 624187

1745562049
10.49 21.02 18.71 812221

1745562050
22.9 22.91 19.12 787296

1745562051
22.9 22.91 19.12 766552

1745562052
32.7 24.68 19.52 796166

1745562054
30.94 24.63 19.54 295379

1745562055
30.94 24.63 19.54 1293

1745562056
25.34 23.82 19.41 607

1745562057
25.34 23.82 19.41 14950

1745562058
20.75 23.04 19.27 3316

1745562059
20.75 23.04 19.27 20608

1745562060
17.17 22.32 19.15 1991

1745562061
17.17 22.32 19.15 1385

1745562062
14.06 21.59 19.02 1125

1745562063
14.06 21.59 19.02 354885

1745562064
19.84 22.39 19.2 807739

1745562065
19.84 22.39 19.2 1267295

1745562067
32.73 24.63 19.69 1496547

1745562068
43.11 26.77 20.17 939672

1745562070
42.9 27.27 20.32 664905

1745562072
35.13 26.38 20.18 5095

1745562073
35.13 26.38 20.18 1675

1745562074
28.77 25.51 20.05 1134

1745562075
28.77 25.51 20.05 443

1745562076
23.55 24.68 19.91 690

1745562077
23.55 24.68 19.91 672

1745562078
23.27 24.59 19.92 633677

1745562079
23.27 24.59 19.92 962648

1745562080
35.9 26.83 20.42 957607

1745562082
46.61 29.06 20.93 1848506

1745562083
46.61 29.06 20.93 891923

1745562084
51.75 30.56 21.3 590324

1745562086
43.64 29.79 21.2 124684

1745562087
43.64 29.79 21.2 2167

1745562088
35.73 28.82 21.06 3412

1745562089
35.73 28.82 21.06 2167

1745562090
29.26 27.87 20.92 2029

1745562091
29.26 27.87 20.92 1300

1745562092
23.96 26.96 20.77 5274

1745562093
23.96 26.96 20.77 141118

1745562094
22.33 26.57 20.73 192957

1745562095
22.33 26.57 20.73 549022

1745562096
29.34 27.7 21.01 875178

1745562098
36.88 29.11 21.35 1255650

1745562099
36.88 29.11 21.35 33176

1745562100
30.56 28.23 21.22 1503

1745562101
30.56 28.23 21.22 1643

1745562102
25.03 27.3 21.07 16361

1745562103
25.03 27.3 21.07 1884

1745562104
20.49 26.41 20.93 1177

1745562105
20.49 26.41 20.93 19487

1745562106
16.78 25.54 20.78 687

1745562107
16.78 25.54 20.78 1210

1745562108
16.27 25.17 20.74 503770

1745562109
16.27 25.17 20.74 799482

1745562110
27.64 26.93 21.14 805065

1745562111
27.64 26.93 21.14 806817

1745562112
37.85 28.79 21.57 919246

1745562113
37.85 28.79 21.57 909468

1745562114
47.11 30.76 22.03 849642

1745562116
51.62 32.11 22.37 1383553

1745562117
51.62 32.11 22.37 486900

1745562118
49.51 32.37 22.49 199156

1745562119
49.51 32.37 22.49 13951

1745562120
40.91 31.38 22.35 1346

1745562121
40.91 31.38 22.35 336

1745562122
33.49 30.35 22.2 212

1745562123
33.49 30.35 22.2 580

1745562124
27.43 29.36 22.04 13247

1745562125
27.43 29.36 22.04 14518

1745562126
22.46 28.4 21.89 812

1745562127
22.46 28.4 21.89 407

1745562128
18.39 27.47 21.74 285

1745562129
18.39 27.47 21.74 21407

1745562130
15.24 26.6 21.6 1305

1745562131
15.24 26.6 21.6 16180

1745562132
12.47 25.73 21.45 967

1745562133
12.47 25.73 21.45 601846

1745562134
22.35 27.08 21.77 769087

1745562135
22.35 27.08 21.77 797024

1745562136
32.79 28.81 22.16 806908

1745562137
32.79 28.81 22.16 807937

1745562138
37.36 29.77 22.41 359920

1745562139
37.36 29.77 22.41 7844

1745562140
30.59 28.79 22.26 473

1745562141
30.59 28.79 22.26 4488

1745562142
25.23 27.88 22.11 14589

1745562143
25.23 27.88 22.11 493

1745562144
24.1 27.59 22.09 850803

1745562146
34.41 29.34 22.49 1375492

1745562147
34.41 29.34 22.49 856727

1745562149
41.04 30.7 22.82 418696

1745562150
33.96 29.76 22.68 263

1745562151
33.96 29.76 22.68 780

1745562152
27.81 28.79 22.53 634

1745562153
27.81 28.79 22.53 296275

1745562155
30.92 29.32 22.68 1361031

1745562156
41.81 31.34 23.15 1312758

1745562157
41.81 31.34 23.15 1085994

1745562159
50.72 33.29 23.61 1137861

1745562161
47.32 33.25 23.67 75149

1745562162
38.75 32.16 23.51 876

1745562163
38.75 32.16 23.51 590

1745562164
31.73 31.11 23.35 759

1745562165
31.73 31.11 23.35 842

1745562166
25.98 30.09 23.19 493

1745562167
25.98 30.09 23.19 749

1745562168
21.27 29.1 23.03 308

1745562169
21.27 29.1 23.03 553

1745562170
17.42 28.15 22.87 375

1745562171
17.42 28.15 22.87 396

1745562172
14.26 27.23 22.71 551

1745562173
14.26 27.23 22.71 677030

1745562175
23.63 28.5 23.01 1563942

1745562176
33.66 30.15 23.39 793155

1745562177
33.66 30.15 23.39 797831

1745562178
41.51 31.68 23.76 716976

1745562179
41.51 31.68 23.76 385787

1745562180
38.52 31.46 23.77 1797

1745562181
38.52 31.46 23.77 488

1745562182
31.54 30.43 23.6 509

1745562183
31.54 30.43 23.6 125918

1745562184
30.17 30.22 23.61 604002

1745562186
42.1 32.38 24.1 1892797

1745562187
42.1 32.38 24.1 996696

1745562189
51.32 34.36 24.57 1486067

1745562190
49.81 34.64 24.7 59861

1745562191
49.81 34.64 24.7 1500

1745562192
40.79 33.51 24.53 5708

1745562193
40.79 33.51 24.53 621

1745562194
33.4 32.41 24.36 854

1745562195
33.4 32.41 24.36 178250

1745562196
29.34 31.71 24.27 52011

1745562197
29.34 31.71 24.27 283

1745562198
25.83 31.0 24.17 400249

1745562199
25.83 31.0 24.17 904235

1745562200
37.46 32.93 24.62 950217

1745562201
37.46 32.93 24.62 977956

1745562203
47.88 34.96 25.1 1828195

1745562204
52.61 36.24 25.44 458465

1745562206
43.44 35.12 25.28 1406

1745562207
43.44 35.12 25.28 618

1745562208
35.57 33.97 25.11 702

1745562209
35.57 33.97 25.11 1183

1745562210
29.13 32.86 24.93 824

1745562211
29.13 32.86 24.93 874

1745562212
23.85 31.78 24.76 1129

1745562213
23.85 31.78 24.76 753

1745562214
19.53 30.74 24.59 1603

1745562215
19.53 30.74 24.59 1112

1745562216
15.99 29.74 24.42 1026

1745562217
15.99 29.74 24.42 1397

1745562218
19.79 29.97 24.51 805908

1745562219
19.79 29.97 24.51 1031292

1745562221
33.42 32.1 24.99 1823377

1745562222
44.57 34.16 25.47 965095

1745562224
50.81 35.63 25.84 1498475

1745562225
50.81 35.63 25.84 75174

1745562226
43.05 34.72 25.72 1845

1745562227
43.05 34.72 25.72 1673

1745562228
35.25 33.58 25.54 2015

1745562229
35.25 33.58 25.54 2078

1745562230
28.87 32.49 25.36 884

1745562231
28.87 32.49 25.36 1359

1745562232
23.64 31.42 25.19 787

1745562233
23.64 31.42 25.19 588605

1745562235
31.13 32.52 25.46 2048887

1745562236
42.34 34.5 25.93 996354

1745562238
51.33 36.38 26.38 1717839

1745562239
51.33 36.38 26.38 377109

1745562240
49.46 36.53 26.48 1396

1745562242
40.5 35.34 26.3 2218

1745562243
40.5 35.34 26.3 1479

1745562244
33.16 34.18 26.12 1154

1745562245
33.16 34.18 26.12 1120

1745562247
27.15 33.06 25.94 1694

1745562248
22.41 32.01 25.77 88283

1745562249
22.41 32.01 25.77 788274

1745562250
29.22 32.93 26.0 906699

1745562252
38.6 34.5 26.38 1482245

1745562253
38.6 34.5 26.38 593480

1745562254
42.3 35.3 26.6 238262

1745562255
42.3 35.3 26.6 624

1745562256
35.18 34.25 26.44 1026

1745562257
35.18 34.25 26.44 700

1745562258
28.8 33.12 26.26 2494

1745562259
28.8 33.12 26.26 2330

1745562260
23.58 32.04 26.08 3955

1745562261
23.58 32.04 26.08 614

1745562262
19.31 30.99 25.9 13165

1745562264
19.8 30.7 25.87 1060955

1745562266
31.61 32.47 26.28 1162106

1745562267
31.61 32.47 26.28 1474425

1745562269
41.64 34.26 26.69 375949

1745562270
35.18 33.33 26.55 332

1745562271
35.18 33.33 26.55 152

1745562272
28.81 32.24 26.37 319

1745562273
28.81 32.24 26.37 427

1745562274
23.59 31.19 26.19 398

1745562275
23.59 31.19 26.19 690

1745562276
19.31 30.17 26.01 1214

1745562277
19.31 30.17 26.01 247

1745562278
15.81 29.18 25.83 309015

1745562279
15.81 29.18 25.83 810343

1745562280
26.35 30.65 26.16 814425

1745562281
26.35 30.65 26.16 839226

1745562282
36.43 32.33 26.54 799931

1745562283
36.43 32.33 26.54 707697

1745562285
41.61 33.39 26.8 370623

1745562286
34.98 32.47 26.66 146

1745562287
34.98 32.47 26.66 220

1745562288
28.64 31.4 26.47 966

1745562289
28.64 31.4 26.47 965

1745562290
23.45 30.37 26.29 523

1745562291
23.45 30.37 26.29 1155

1745562292
19.2 29.38 26.11 5068

1745562293
19.2 29.38 26.11 149034

1745562295
19.89 29.17 26.09 1581963

1745562297
30.96 30.87 26.47 1617361

1745562298
36.94 31.95 26.72 104030

1745562299
36.94 31.95 26.72 594

1745562300
30.25 30.91 26.54 929

1745562301
30.25 30.91 26.54 509

1745562302
24.77 29.89 26.36 197

1745562303
24.77 29.89 26.36 85

1745562304
20.46 28.95 26.18 254812

1745562305
20.46 28.95 26.18 832651

1745562306
29.43 30.29 26.48 839723

1745562307
29.43 30.29 26.48 826007

1745562308
38.05 31.82 26.83 504686

1745562309
38.05 31.82 26.83 26154

1745562310
32.79 31.07 26.71 851

1745562311
32.79 31.07 26.71 1549

1745562312
26.85 30.06 26.52 810

1745562313
26.85 30.06 26.52 684

1745562314
21.98 29.07 26.34 681

1745562315
21.98 29.07 26.34 438

1745562316
18.0 28.12 26.16 448

1745562317
18.0 28.12 26.16 4993

1745562318
14.92 27.23 25.99 95842

1745562319
14.92 27.23 25.99 131716

1745562320
14.57 26.77 25.9 169959

1745562321
14.57 26.77 25.9 234032

1745562322
17.91 26.97 25.95 671823

1745562323
17.91 26.97 25.95 79482

1745562324
18.1 26.71 25.9 1538

1745562325
18.1 26.71 25.9 403

1745562326
14.82 25.84 25.72 475

1745562327
14.82 25.84 25.72 33872

1745562328
15.94 25.68 25.69 725986

1745562329
15.94 25.68 25.69 765116

1745562330
26.64 27.29 26.03 785272

1745562331
26.64 27.29 26.03 785036

1745562333
35.94 28.95 26.39 1417963

1745562334
40.66 30.03 26.63 357096

1745562335
40.66 30.03 26.63 150565

1745562336
36.01 29.54 26.55 18853

1745562337
36.01 29.54 26.55 420

1745562338
29.49 28.57 26.37 576

1745562339
29.49 28.57 26.37 452

1745562340
24.15 27.64 26.19 417

1745562341
24.15 27.64 26.19 579

1745562342
19.77 26.73 26.01 21956

1745562343
19.77 26.73 26.01 125513

1745562344
18.0 26.18 25.9 190337

1745562345
18.0 26.18 25.9 766197

1745562346
26.15 27.39 26.15 782268

1745562347
26.15 27.39 26.15 755490

1745562348
33.55 28.68 26.43 284571

1745562350
28.56 27.94 26.29 17773

1745562351
28.56 27.94 26.29 145

1745562352
23.38 27.03 26.11 26187

1745562353
23.38 27.03 26.11 105572

1745562354
23.31 26.9 26.09 709655

1745562355
23.31 26.9 26.09 782106

1745562356
33.04 28.53 26.44 833162

1745562357
33.04 28.53 26.44 946591

1745562358
43.18 30.51 26.87 733814

1745562359
43.18 30.51 26.87 364608

1745562360
41.51 30.63 26.91 17073

1745562361
41.51 30.63 26.91 142

1745562362
33.99 29.62 26.73 421

1745562363
33.99 29.62 26.73 639

1745562364
27.83 28.65 26.55 627

1745562365
27.83 28.65 26.55 1023

1745562366
22.79 27.72 26.37 624

1745562367
22.79 27.72 26.37 283

1745562368
18.84 26.84 26.19 42310

1745562369
18.84 26.84 26.19 544210

1745562371
25.03 27.7 26.37 1573660

1745562372
34.81 29.38 26.73 766910

1745562373
34.81 29.38 26.73 739839

1745562374
41.9 30.84 27.06 657471

1745562375
41.9 30.84 27.06 199902

1745562377
38.48 30.58 27.03 5779

1745562378
31.51 29.58 26.85 728

1745562379
31.51 29.58 26.85 1564

1745562380
25.8 28.61 26.66 362

1745562381
25.8 28.61 26.66 402

1745562382
21.12 27.67 26.48 378

1745562383
21.12 27.67 26.48 14269

1745562384
17.48 26.8 26.3 28826

1745562385
17.48 26.8 26.3 35514

1745562386
14.85 26.02 26.14 31333

1745562387
14.85 26.02 26.14 41962

1745562388
12.89 25.3 25.99 115160

1745562390
23.41 26.8 26.3 1554167

1745562391
23.41 26.8 26.3 800410

1745562392
33.48 28.5 26.66 785779

1745562393
33.48 28.5 26.66 754861

1745562394
40.64 29.96 26.98 596039

1745562395
40.64 29.96 26.98 203938

1745562396
37.62 29.76 26.96 18989

1745562397
37.62 29.76 26.96 510

1745562398
30.81 28.79 26.77 725

1745562399
30.81 28.79 26.77 555

1745562400
25.23 27.85 26.59 128

1745562401
25.23 27.85 26.59 1562

1745562402
20.66 26.94 26.41 4934

1745562403
20.66 26.94 26.41 18786

1745562404
17.27 26.12 26.24 181930

1745562405
17.27 26.12 26.24 790009

1745562406
26.46 27.49 26.53 805820

1745562407
26.46 27.49 26.53 781776

1745562408
35.62 29.11 26.87 651813

1745562409
35.62 29.11 26.87 321330

1745562410
34.96 29.2 26.91 29765

1745562411
34.96 29.2 26.91 847

1745562412
28.63 28.25 26.72 298

1745562413
28.63 28.25 26.72 256

1745562414
23.44 27.32 26.54 779

1745562415
23.44 27.32 26.54 371

1745562416
19.19 26.43 26.36 295

1745562417
19.19 26.43 26.36 64619

1745562418
19.52 26.25 26.32 730520

1745562419
19.52 26.25 26.32 758010

1745562420
29.57 27.85 26.65 759414

1745562421
29.57 27.85 26.65 797245

1745562422
38.34 29.49 27.01 796618

1745562424
43.35 30.68 27.27 1099426

1745562425
43.35 30.68 27.27 166347

1745562426
38.58 30.23 27.2 18345

1745562427
38.58 30.23 27.2 2767

1745562428
31.59 29.24 27.02 858

1745562429
31.59 29.24 27.02 465

1745562430
25.86 28.29 26.83 265

1745562431
25.86 28.29 26.83 225

1745562432
21.18 27.36 26.65 781

1745562433
21.18 27.36 26.65 237467

1745562434
22.96 27.48 26.68 756409

1745562435
22.96 27.48 26.68 773790

1745562436
32.75 29.1 27.02 772549

1745562437
32.75 29.1 27.02 794396

1745562438
40.4 30.6 27.35 624463

1745562439
40.4 30.6 27.35 257152

1745562440
37.61 30.42 27.33 539

1745562441
37.61 30.42 27.33 134

1745562442
30.79 29.42 27.15 18911

1745562443
30.79 29.42 27.15 540929

1745562444
33.91 30.03 27.29 777830

1745562445
33.91 30.03 27.29 769643

1745562446
41.72 31.57 27.63 783070

1745562447
41.72 31.57 27.63 779231

1745562448
48.11 33.05 27.97 731853

1745562449
48.11 33.05 27.97 584762

1745562450
49.54 33.81 28.16 287783

1745562452
41.11 32.8 27.99 3455

1745562453
41.11 32.8 27.99 140355

1745562454
37.28 32.38 27.93 655110

1745562455
37.28 32.38 27.93 802663

1745562456
45.02 33.94 28.29 839083

1745562458
51.54 35.48 28.65 1540298

1745562459
51.54 35.48 28.65 501957

1745562461
49.81 35.69 28.74 62258

1745562462
40.78 34.52 28.54 484

1745562463
40.78 34.52 28.54 410

1745562464
33.39 33.39 28.35 325

1745562465
33.39 33.39 28.35 605

1745562466
27.34 32.3 28.15 802

1745562467
27.34 32.3 28.15 734

1745562468
22.39 31.24 27.96 299201

1745562469
22.39 31.24 27.96 811020

1745562470
31.92 32.67 28.28 815674

1745562471
31.92 32.67 28.28 827787

1745562472
40.99 34.29 28.65 794674

1745562473
40.99 34.29 28.65 748920

1745562474
46.61 35.52 28.95 547725

1745562476
40.7 34.82 28.84 78768

1745562477
40.7 34.82 28.84 7187

1745562478
34.59 33.91 28.69 268189

1745562479
34.59 33.91 28.69 204951

1745562480
32.49 33.55 28.65 446226

1745562481
32.49 33.55 28.65 837777

1745562483
41.28 35.1 29.01 1496032

1745562484
46.3 36.21 29.29 579540

1745562485
46.3 36.21 29.29 492936

1745562486
46.06 36.5 29.39 224514

1745562487
46.06 36.5 29.39 11070

1745562488
38.26 35.4 29.21 361

1745562489
38.26 35.4 29.21 589

1745562490
31.33 34.24 29.01 281

1745562491
31.33 34.24 29.01 380

1745562492
25.65 33.12 28.81 1573

1745562493
25.65 33.12 28.81 64701

1745562494
21.91 32.2 28.65 87334

1745562495
21.91 32.2 28.65 681419

1745562496
28.45 33.05 28.85 803880

1745562497
28.45 33.05 28.85 815961

1745562498
37.42 34.52 29.19 660548

1745562499
37.42 34.52 29.19 566145

1745562500
40.43 35.15 29.36 408115

1745562502
36.18 34.56 29.27 186699

1745562503
36.18 34.56 29.27 551

1745562504
29.63 33.43 29.07 352

1745562505
29.63 33.43 29.07 241

1745562506
24.26 32.33 28.87 537

1745562507
24.26 32.33 28.87 15690

1745562508
20.22 31.34 28.69 252057

1745562510
29.6 32.67 28.99 1559869

1745562511
29.6 32.67 28.99 790974

1745562512
38.55 34.19 29.33 783552

1745562513
38.55 34.19 29.33 661461

1745562514
42.44 35.03 29.54 236477

1745562515
42.44 35.03 29.54 710

1745562516
35.11 33.95 29.35 427

1745562517
35.11 33.95 29.35 21553

1745562518
30.38 33.13 29.21 502603

1745562519
30.38 33.13 29.21 782273

1745562520
39.0 34.6 29.54 795051

1745562521
39.0 34.6 29.54 896533

1745562522
47.7 36.32 29.94 943416

1745562523
47.7 36.32 29.94 957851

1745562525
54.09 37.84 30.3 452391

1745562526
45.56 36.83 30.14 352

1745562527
45.56 36.83 30.14 88

1745562528
37.31 35.63 29.93 31

1745562529
37.31 35.63 29.93 212

1745562530
30.55 34.46 29.73 242

1745562531
30.55 34.46 29.73 312

1745562532
25.01 33.33 29.52 107

1745562533
25.01 33.33 29.52 184

1745562534
20.48 32.24 29.32 524

1745562535
20.48 32.24 29.32 737

1745562536
16.77 31.19 29.12 939

1745562537
16.77 31.19 29.12 204

1745562538
13.73 30.17 28.92 27884

1745562539
13.73 30.17 28.92 453490

1745562540
19.21 30.62 29.03 765096

1745562541
19.21 30.62 29.03 769945

1745562542
29.68 32.14 29.35 765950

1745562543
29.68 32.14 29.35 497371

1745562544
32.09 32.49 29.45 80271

1745562545
32.09 32.49 29.45 1386

1745562546
26.28 31.43 29.25 690

1745562547
26.28 31.43 29.25 189

1745562548
21.52 30.4 29.05 91

1745562549
21.52 30.4 29.05 572

1745562550
17.62 29.41 28.85 283

1745562551
17.62 29.41 28.85 367

1745562552
14.43 28.44 28.65 2078

1745562553
14.43 28.44 28.65 740879

1745562554
22.68 29.48 28.86 814322

1745562556
22.68 29.48 28.86 963094

1745562557
33.06 31.13 29.21 1400011

1745562558
39.93 32.43 29.5 557898

1745562560
39.22 32.55 29.54 541540

1745562561
39.22 32.55 29.54 26402

1745562562
32.84 31.62 29.37 2648

1745562563
32.84 31.62 29.37 597

1745562564
26.89 30.58 29.17 322

1745562565
26.89 30.58 29.17 453

1745562566
22.02 29.58 28.97 355

1745562567
22.02 29.58 28.97 14131

1745562568
19.66 28.91 28.83 526704

1745562569
19.66 28.91 28.83 838745

1745562571
30.04 30.48 29.16 1694668

1745562572
41.27 32.49 29.59 935199

1745562573
41.27 32.49 29.59 894204

1745562574
49.91 34.34 30.0 703858

1745562575
49.91 34.34 30.0 152159

1745562576
43.95 33.77 29.91 1560

1745562577
43.95 33.77 29.91 590

1745562578
35.99 32.67 29.7 524

1745562579
35.99 32.67 29.7 88

1745562580
29.47 31.6 29.5 404

1745562581
29.47 31.6 29.5 130

1745562582
24.13 30.56 29.3 147

1745562583
24.13 30.56 29.3 20607

1745562584
20.12 29.63 29.11 44624

1745562585
20.12 29.63 29.11 47192

1745562586
17.2 28.79 28.94 47040

1745562587
17.2 28.79 28.94 282422

1745562588
16.98 28.37 28.85 31095

1745562589
16.98 28.37 28.85 1389

1745562590
13.9 27.44 28.65 9806

1745562591
13.9 27.44 28.65 246895

1745562592
15.73 27.33 28.62 400791

1745562593
15.73 27.33 28.62 329703

1745562594
17.05 27.19 28.58 98

1745562595
17.05 27.19 28.58 74

1745562596
13.96 26.3 28.39 589

1745562597
13.96 26.3 28.39 498

1745562598
11.43 25.44 28.19 1319

1745562599
11.43 25.44 28.19 874

1745562600
9.36 24.6 28.0 260

1745562601
9.36 24.6 28.0 117

1745562602
7.66 23.8 27.81 5141

1745562603
7.66 23.8 27.81 22638

1745562604
6.82 23.12 27.64 46290

1745562605
6.82 23.12 27.64 41540

1745562606
6.3 22.49 27.47 46214

1745562607
6.3 22.49 27.47 38933

1745562608
5.7 21.85 27.31 32334

1745562609
5.7 21.85 27.31 588134

1745562610
14.63 22.94 27.5 859350

1745562612
26.84 24.87 27.87 1625290

1745562613
26.84 24.87 27.87 667684

1745562614
32.66 25.99 28.08 182626

1745562615
32.66 25.99 28.08 237

1745562616
26.74 25.14 27.89 525

1745562617
26.74 25.14 27.89 418

1745562618
21.9 24.31 27.7 975

1745562619
21.9 24.31 27.7 396

1745562620
17.93 23.52 27.51 555

1745562621
17.93 23.52 27.51 289

1745562622
14.68 22.75 27.32 490

1745562623
14.68 22.75 27.32 516563

1745562624
21.98 23.8 27.51 898557

1745562626
21.98 23.8 27.51 971058

1745562627
32.86 25.71 27.88 1390433

1745562629
38.5 26.96 28.13 269862

1745562630
31.52 26.08 27.94 913

1745562631
31.52 26.08 27.94 128

1745562632
25.81 25.22 27.75 4328

1745562634
26.93 25.45 27.78 1012650

1745562636
37.27 27.36 28.16 1641475

1745562637
37.27 27.36 28.16 814659

1745562638
44.1 28.92 28.48 481934

1745562639
44.1 28.92 28.48 46999

1745562640
37.38 28.2 28.33 309

1745562641
37.38 28.2 28.33 95

1745562642
30.61 27.28 28.14 11901

1745562643
30.61 27.28 28.14 603206

1745562645
35.39 28.25 28.34 1735040

1745562646
44.37 30.11 28.72 828276

1745562647
44.37 30.11 28.72 836859

1745562648
50.83 31.74 29.08 666179

1745562650
45.06 31.32 29.01 170439

1745562651
45.06 31.32 29.01 577

1745562652
36.9 30.3 28.81 302

1745562653
36.9 30.3 28.81 526

1745562654
30.21 29.31 28.61 723

1745562655
30.21 29.31 28.61 271

1745562656
24.74 28.35 28.41 1053

1745562657
24.74 28.35 28.41 550

1745562658
21.52 27.65 28.27 310531

1745562659
21.52 27.65 28.27 458572

1745562660
25.23 28.12 28.36 396395

1745562661
25.23 28.12 28.36 365221

1745562662
28.99 28.7 28.48 679417

1745562663
28.99 28.7 28.48 708020

1745562665
35.52 29.89 28.73 585983

1745562666
30.89 29.24 28.6 457

1745562667
30.89 29.24 28.6 1074

1745562668
25.66 28.35 28.42 84953

1745562669
25.66 28.35 28.42 505274

1745562670
30.97 29.22 28.6 883508

1745562671
30.97 29.22 28.6 888154

1745562672
41.3 31.14 29.01 887571

1745562673
41.3 31.14 29.01 876916

1745562674
49.58 32.97 29.41 845640

1745562675
49.58 32.97 29.41 756021

1745562676
53.28 34.18 29.68 570258

1745562677
53.28 34.18 29.68 286283

1745562678
47.61 33.78 29.63 1572

1745562679
47.61 33.78 29.63 410

1745562680
38.98 32.68 29.43 72

1745562681
38.98 32.68 29.43 33

1745562682
31.92 31.61 29.23 272

1745562683
31.92 31.61 29.23 29

1745562684
26.14 30.57 29.03 284

1745562685
26.14 30.57 29.03 51

1745562686
21.4 29.57 28.83 208

1745562687
21.4 29.57 28.83 34366

1745562688
19.7 29.0 28.71 326026

1745562689
19.7 29.0 28.71 287405

1745562690
21.74 29.06 28.73 531358

1745562691
21.74 29.06 28.73 818985

1745562692
32.84 30.83 29.1 835325

1745562693
32.84 30.83 29.1 741848

1745562694
39.39 32.08 29.37 515242

1745562696
34.43 31.42 29.25 116586

1745562697
34.43 31.42 29.25 263

1745562698
28.19 30.39 29.05 218

1745562699
28.19 30.39 29.05 201

1745562700
23.08 29.4 28.86 270

1745562701
23.08 29.4 28.86 144

1745562702
18.9 28.44 28.66 214

1745562703
18.9 28.44 28.66 26159

1745562704
15.84 27.57 28.47 38909

1745562705
15.84 27.57 28.47 56089

1745562706
13.87 26.83 28.31 51753

1745562707
13.87 26.83 28.31 52837

1745562708
12.26 26.12 28.15 49805

1745562709
12.26 26.12 28.15 56098

1745562710
10.95 25.43 28.0 57885

1745562711
10.95 25.43 28.0 51983

1745562712
9.87 24.76 27.84 56037

1745562713
9.87 24.76 27.84 57315

1745562714
8.99 24.11 27.68 50888

1745562715
8.99 24.11 27.68 55867

1745562716
9.53 23.71 27.57 446113

1745562717
9.53 23.71 27.57 900236

1745562718
23.2 25.72 27.97 838773

1745562720
32.58 27.33 28.29 1487843

1745562721
32.58 27.33 28.29 657917

1745562722
37.91 28.46 28.52 503891

1745562723
37.91 28.46 28.52 388029

1745562724
36.12 28.45 28.52 36349

1745562725
36.12 28.45 28.52 276

1745562726
29.57 27.52 28.32 160

1745562727
29.57 27.52 28.32 65

1745562728
24.21 26.62 28.13 329

1745562729
24.21 26.62 28.13 83

1745562730
19.83 25.75 27.93 547

1745562731
19.83 25.75 27.93 113

1745562732
16.23 24.9 27.74 128

1745562733
16.23 24.9 27.74 280

1745562734
13.29 24.09 27.55 223

1745562735
13.29 24.09 27.55 139

1745562736
10.88 23.3 27.36 720

1745562737
10.88 23.3 27.36 2233

1745562738
11.27 22.96 27.27 544715

1745562740
24.44 24.96 27.65 1686092

1745562741
24.44 24.96 27.65 855624

1745562742
35.41 26.92 28.05 851258

1745562743
35.41 26.92 28.05 675705

1745562745
39.68 27.97 28.26 522014

1745562746
33.94 27.32 28.12 1131

1745562747
33.94 27.32 28.12 694

1745562748
27.97 26.46 27.93 28819

1745562749
27.97 26.46 27.93 46063

1745562750
27.07 26.34 27.9 465162

1745562751
27.07 26.34 27.9 851604

1745562752
37.75 28.3 28.3 865955

1745562753
37.75 28.3 28.3 751137

1745562754
42.32 29.43 28.53 527899

1745562755
42.32 29.43 28.53 333416

1745562756
38.28 29.12 28.48 74455

1745562757
38.28 29.12 28.48 18995

1745562758
31.52 28.2 28.29 1506

1745562759
31.52 28.2 28.29 562

1745562760
25.81 27.28 28.09 1166

1745562761
25.81 27.28 28.09 184

1745562762
21.13 26.39 27.9 560

1745562763
21.13 26.39 27.9 224

1745562764
17.3 25.52 27.71 456

1745562765
17.3 25.52 27.71 1022

1745562766
14.17 24.69 27.52 464

1745562767
14.17 24.69 27.52 33434

1745562769
15.41 24.57 27.48 934034

1745562771
22.03 25.46 27.64 1617455

1745562772
33.08 27.35 28.02 827016

1745562774
38.68 28.54 28.27 1219626

1745562775
38.68 28.54 28.27 212422

1745562776
34.57 28.13 28.18 13398

1745562777
34.57 28.13 28.18 226090

1745562779
34.28 28.29 28.22 1554300

1745562780
43.11 30.08 28.59 817716

1745562781
43.11 30.08 28.59 818364

1745562782
50.15 31.78 28.96 840893

1745562783
50.15 31.78 28.96 782068

1745562785
54.11 33.1 29.25 946064

1745562786
48.47 32.77 29.21 18949

1745562787
48.47 32.77 29.21 601

1745562788
39.69 31.69 29.01 662

1745562789
39.69 31.69 29.01 62

1745562790
32.5 30.66 28.81 665

1745562791
32.5 30.66 28.81 623

1745562792
26.61 29.65 28.61 298

1745562793
26.61 29.65 28.61 295894

1745562794
29.04 29.99 28.69 775118

1745562795
29.04 29.99 28.69 811538

1745562796
38.27 31.63 29.04 829990

1745562797
38.27 31.63 29.04 845393

1745562798
45.83 33.21 29.39 716721

1745562799
45.83 33.21 29.39 528932

1745562801
44.95 33.47 29.47 96418

1745562802
36.81 32.37 29.27 8618

1745562803
36.81 32.37 29.27 44023

1745562804
33.76 31.97 29.2 498971

1745562805
33.76 31.97 29.2 799910

1745562806
41.96 33.5 29.55 805456

1745562807
41.96 33.5 29.55 811859

1745562808
47.76 34.83 29.85 586672

1745562810
42.55 34.31 29.78 228472

1745562811
42.55 34.31 29.78 846

1745562812
34.84 33.19 29.57 901

1745562813
34.84 33.19 29.57 765

1745562814
28.53 32.1 29.37 758

1745562815
28.53 32.1 29.37 252

1745562816
23.36 31.05 29.17 428

1745562817
23.36 31.05 29.17 272

1745562818
19.13 30.04 28.97 6781

1745562820
19.46 29.74 28.91 624168

1745562821
19.46 29.74 28.91 804093

1745562822
30.07 31.32 29.25 799835

1745562823
30.07 31.32 29.25 769773

1745562824
36.21 32.39 29.49 402010

1745562825
36.21 32.39 29.49 14026

1745562826
30.02 31.39 29.3 223

1745562827
30.02 31.39 29.3 499

1745562828
24.58 30.37 29.1 45461

1745562829
24.58 30.37 29.1 188237

1745562831
23.02 29.9 29.01 862231

1745562832
30.63 31.04 29.26 790394

1745562833
30.63 31.04 29.26 500549

1745562834
31.78 31.24 29.31 64381

1745562835
31.78 31.24 29.31 378

1745562836
26.02 30.22 29.11 247

1745562837
26.02 30.22 29.11 171

1745562838
21.31 29.23 28.91 9742

1745562839
21.31 29.23 28.91 448750

1745562841
26.68 29.94 29.06 1473178

1745562842
36.52 31.61 29.42 814127

1745562844
34.98 31.49 29.41 355767

1745562845
34.98 31.49 29.41 371

1745562846
28.64 30.46 29.2 222

1745562847
28.64 30.46 29.2 658

1745562848
23.45 29.46 29.0 11269

1745562849
23.45 29.46 29.0 18162

1745562850
19.75 28.6 28.83 46774

1745562851
19.75 28.6 28.83 29237

1745562852
16.71 27.76 28.65 37882

1745562853
16.71 27.76 28.65 1582

1745562854
13.68 26.85 28.45 496

1745562855
13.68 26.85 28.45 574

1745562856
11.2 25.97 28.26 1248

1745562857
11.2 25.97 28.26 989

1745562858
11.53 25.55 28.15 475177

1745562859
11.53 25.55 28.15 868823

1745562861
23.93 27.33 28.51 1525632

1745562862
33.91 29.02 28.85 791769

1745562863
33.91 29.02 28.85 596823

1745562865
35.19 29.41 28.94 129856

1745562866
28.81 28.45 28.74 465

1745562867
28.81 28.45 28.74 7281

1745562868
23.77 27.55 28.55 33614

1745562869
23.77 27.55 28.55 596302

1745562870
31.6 28.84 28.81 816049

1745562872
40.19 30.48 29.16 1544790

1745562873
40.19 30.48 29.16 633165

1745562874
41.42 31.02 29.28 218377

1745562875
41.42 31.02 29.28 2034

1745562876
33.92 30.01 29.08 480

1745562877
33.92 30.01 29.08 469

1745562879
32.84 29.94 29.07 991939

1745562880
41.2 31.55 29.41 1314143

1745562881
41.2 31.55 29.41 838867

1745562883
48.23 33.13 29.76 1228174

1745562884
45.29 33.09 29.77 51495

1745562885
45.29 33.09 29.77 697

1745562886
37.08 32.01 29.57 315

1745562887
37.08 32.01 29.57 1024

1745562888
30.73 31.03 29.38 76068

1745562889
30.73 31.03 29.38 109627

1745562891
27.15 30.37 29.25 457290

1745562892
31.11 30.98 29.39 824926

1745562893
31.11 30.98 29.39 538335

1745562895
32.54 31.24 29.45 58214

1745562896
26.64 30.22 29.25 408

1745562897
26.64 30.22 29.25 16811

1745562898
22.36 29.33 29.07 62855

1745562899
22.36 29.33 29.07 120183

1745562900
21.75 28.99 29.0 367648

1745562902
31.21 30.47 29.31 1567823

1745562903
31.21 30.47 29.31 761084

1745562904
38.06 31.73 29.58 575122

1745562905
38.06 31.73 29.58 391266

1745562906
36.05 31.57 29.57 45294

1745562907
36.05 31.57 29.57 779

1745562908
29.52 30.54 29.36 290

1745562909
29.52 30.54 29.36 472

1745562910
24.17 29.54 29.16 441

1745562911
24.17 29.54 29.16 591

1745562912
19.79 28.57 28.96 179

1745562913
19.79 28.57 28.96 51

1745562914
16.21 27.64 28.76 235

1745562915
16.21 27.64 28.76 34943

1745562916
13.81 26.83 28.59 49736

1745562917
13.81 26.83 28.59 60691

1745562919
12.4 26.15 28.43 430048

1745562921
17.21 26.57 28.51 1427574

1745562922
28.77 28.35 28.86 805803

1745562923
28.77 28.35 28.86 699030

1745562924
35.33 29.55 29.11 492646

1745562925
35.33 29.55 29.11 32666

1745562926
29.65 28.71 28.94 806

1745562927
29.65 28.71 28.94 418

1745562928
25.37 27.97 28.78 297225

1745562930
34.36 29.51 29.1 1456410

1745562931
34.36 29.51 29.1 816473

1745562932
42.63 31.16 29.45 799822

1745562933
42.63 31.16 29.45 684319

1745562934
43.78 31.74 29.58 112866

1745562935
43.78 31.74 29.58 531

1745562936
35.85 30.7 29.38 184

1745562937
35.85 30.7 29.38 565

1745562938
29.35 29.7 29.18 325

1745562939
29.35 29.7 29.18 193

1745562940
24.22 28.76 28.98 334060

1745562942
33.41 30.27 29.3 1374491

1745562943
33.41 30.27 29.3 734296

1745562945
39.32 31.44 29.55 549294

1745562946
33.28 30.61 29.39 540

1745562947
33.28 30.61 29.39 386

1745562948
27.25 29.61 29.19 3966

1745562949
27.25 29.61 29.19 19210

1745562950
22.49 28.67 28.99 18201

1745562951
22.49 28.67 28.99 28938

1745562952
18.78 27.8 28.81 24138

1745562953
18.78 27.8 28.81 474790

1745562955
24.62 28.56 28.96 1529017

1745562956
34.29 30.17 29.3 794806

1745562957
34.29 30.17 29.3 775813

1745562958
40.39 31.41 29.56 549979

1745562959
40.39 31.41 29.56 326411

1745562960
37.24 31.14 29.52 70754

1745562961
37.24 31.14 29.52 696

1745562962
30.49 30.12 29.31 13080

1745562963
30.49 30.12 29.31 574042

1745562964
35.66 31.06 29.52 796215

1745562966
43.51 32.63 29.86 1578347

1745562967
43.51 32.63 29.86 850417

1745562969
46.13 33.46 30.05 168543

1745562970
37.77 32.37 29.84 530

1745562971
37.77 32.37 29.84 790

1745562972
30.93 31.31 29.64 239

1745562973
30.93 31.31 29.64 69

1745562974
25.87 30.38 29.46 104331

1745562975
25.87 30.38 29.46 165950

1745562976
24.08 29.91 29.36 162072

1745562978
24.08 29.91 29.36 960234

1745562979
30.41 30.86 29.57 286424

1745562980
25.8 30.01 29.4 774

1745562981
25.8 30.01 29.4 587

1745562982
21.13 29.03 29.2 942

1745562983
21.13 29.03 29.2 41498

1745562984
18.39 28.28 29.04 246105

1745562985
18.39 28.28 29.04 765726

1745562987
28.82 29.84 29.36 1524823

1745562988
35.74 31.06 29.62 496091

1745562989
35.74 31.06 29.62 151865

1745562990
31.26 30.4 29.49 4669

1745562991
31.26 30.4 29.49 654

1745562992
25.59 29.4 29.29 1125

1745562993
25.59 29.4 29.29 592824

1745562994
32.19 30.47 29.51 778995

1745562996
40.85 32.09 29.86 1578494

1745562998
43.41 32.84 30.03 1090514

1745562999
43.41 32.84 30.03 398

1745563000
35.55 31.77 29.82 1021

1745563001
35.55 31.77 29.82 677

1745563002
29.1 30.73 29.62 493

1745563003
29.1 30.73 29.62 767

1745563004
23.83 29.72 29.42 796

1745563005
23.83 29.72 29.42 649

1745563006
19.51 28.75 29.22 466

1745563007
19.51 28.75 29.22 251

1745563008
16.16 27.84 29.02 35474

1745563009
16.16 27.84 29.02 86959

1745563010
14.68 27.19 28.88 85444

1745563011
14.68 27.19 28.88 68264

1745563012
13.29 26.53 28.73 85189

1745563013
13.29 26.53 28.73 80239

1745563014
12.15 25.89 28.58 58568

1745563015
12.15 25.89 28.58 72731

1745563016
11.03 25.24 28.42 62439

1745563017
11.03 25.24 28.42 188326

1745563018
13.02 25.13 28.38 285960

1745563019
13.02 25.13 28.38 326803

1745563020
20.08 26.01 28.54 798109

1745563022
30.93 27.78 28.89 1628507

1745563024
37.1 29.0 29.14 1220234

1745563025
37.1 29.0 29.14 193597

1745563026
32.56 28.44 29.02 4135

1745563027
32.56 28.44 29.02 477

1745563028
26.66 27.51 28.82 261

1745563029
26.66 27.51 28.82 129

1745563030
21.83 26.61 28.63 572

1745563031
21.83 26.61 28.63 441

1745563032
17.87 25.74 28.43 1487

1745563033
17.87 25.74 28.43 327072

1745563034
22.79 26.37 28.54 726589

1745563035
22.79 26.37 28.54 770850

1745563036
32.61 28.02 28.88 774243

1745563037
32.61 28.02 28.88 772280

1745563038
40.28 29.56 29.19 713023

1745563039
40.28 29.56 29.19 601635

1745563040
42.04 30.23 29.33 333511

1745563042
34.97 29.34 29.15 79235

1745563043
34.97 29.34 29.15 793422

1745563044
43.49 31.06 29.52 881147

1745563045
43.49 31.06 29.52 897974

1745563047
51.37 32.89 29.91 1728419

1745563049
56.92 34.5 30.26 1388157

1745563050
56.39 35.14 30.43 406854

1745563051
56.39 35.14 30.43 193846

1745563052
48.35 34.38 30.3 24308

1745563053
48.35 34.38 30.3 2156

1745563054
39.59 33.25 30.09 419

1745563055
39.59 33.25 30.09 49

1745563056
32.41 32.17 29.89 146

1745563057
32.41 32.17 29.89 67

1745563058
26.54 31.11 29.68 145

1745563059
26.54 31.11 29.68 86

1745563060
21.73 30.09 29.48 221

1745563061
21.73 30.09 29.48 364

1745563062
17.79 29.11 29.28 308

1745563063
17.79 29.11 29.28 523

1745563064
14.57 28.16 29.08 572

1745563065
14.57 28.16 29.08 147

1745563066
11.93 27.24 28.88 374

1745563067
11.93 27.24 28.88 283

1745563068
10.31 26.44 28.7 216247

1745563070
23.84 28.36 29.09 1655154

1745563071
23.84 28.36 29.09 903633

1745563072
35.82 30.37 29.5 900509

1745563074
43.83 32.0 29.85 1607247

1745563075
43.83 32.0 29.85 440033

1745563076
40.78 31.83 29.83 65358

1745563077
40.78 31.83 29.83 409

1745563078
33.39 30.79 29.62 128

1745563079
33.39 30.79 29.62 77

1745563080
27.34 29.78 29.42 294

1745563081
27.34 29.78 29.42 92

1745563082
22.39 28.81 29.22 101

1745563083
22.39 28.81 29.22 123

1745563084
18.33 27.87 29.02 279

1745563085
18.33 27.87 29.02 78

1745563086
15.01 26.95 28.82 346

1745563087
15.01 26.95 28.82 202

1745563088
12.29 26.07 28.62 187

1745563089
12.29 26.07 28.62 751060

1745563090
23.83 27.71 28.95 908770

1745563091
23.83 27.71 28.95 919539

1745563092
35.82 29.74 29.37 903842

1745563094
44.18 31.45 29.73 1602876

1745563095
44.18 31.45 29.73 507112

1745563096
43.42 31.73 29.8 228179

1745563097
43.42 31.73 29.8 3938

1745563098
35.74 30.73 29.6 418

1745563099
35.74 30.73 29.6 346

1745563100
29.26 29.72 29.4 259

1745563101
29.26 29.72 29.4 55

1745563102
23.96 28.75 29.2 91

1745563103
23.96 28.75 29.2 128

1745563104
19.62 27.81 29.0 71

1745563105
19.62 27.81 29.0 55

1745563106
16.06 26.9 28.8 176

1745563107
16.06 26.9 28.8 67

1745563108
13.15 26.02 28.6 70

1745563109
13.15 26.02 28.6 159

1745563110
10.77 25.17 28.4 42

1745563111
10.77 25.17 28.4 29

1745563112
8.82 24.34 28.21 221

1745563114
8.82 24.34 28.21 753546

1745563115
17.18 25.35 28.39 1289154

1745563116
28.74 27.17 28.75 840543

1745563118
37.48 28.8 29.08 1492273

1745563119
37.48 28.8 29.08 538609

1745563120
38.12 29.2 29.16 243936

1745563121
38.12 29.2 29.16 49392

1745563122
32.3 28.44 29.01 64908

1745563123
32.3 28.44 29.01 3211

1745563124
26.45 27.51 28.81 156

1745563125
26.45 27.51 28.81 85

1745563126
21.66 26.61 28.61 138

1745563127
21.66 26.61 28.61 125

1745563128
17.73 25.73 28.41 38

1745563129
17.73 25.73 28.41 182

1745563130
14.52 24.89 28.22 246

1745563131
14.52 24.89 28.22 25

1745563132
11.89 24.08 28.03 2020

1745563133
11.89 24.08 28.03 34593

1745563134
10.28 23.39 27.85 40727

1745563135
10.28 23.39 27.85 38686

1745563136
8.96 22.72 27.68 32675

1745563137
8.96 22.72 27.68 33133

1745563138
7.88 22.07 27.52 35322

1745563139
7.88 22.07 27.52 32936

1745563140
6.99 21.45 27.35 37162

1745563141
6.99 21.45 27.35 43617

1745563142
6.45 20.88 27.19 42098

1745563143
6.45 20.88 27.19 40049

1745563144
6.0 20.33 27.03 49134

1745563145
6.0 20.33 27.03 42789

1745563146
5.64 19.79 26.87 47237

1745563147
5.64 19.79 26.87 54315

1745563148
5.52 19.31 26.72 43988

1745563149
5.52 19.31 26.72 48540

1745563150
5.25 18.81 26.57 42395

1745563151
5.25 18.81 26.57 42343

1745563152
5.02 18.32 26.41 39538

1745563153
5.02 18.32 26.41 37739

1745563154
4.65 17.82 26.25 34718

1745563155
4.65 17.82 26.25 36587

1745563156
4.35 17.33 26.09 35804

1745563157
4.35 17.33 26.09 35813

1745563158
4.11 16.87 25.93 40216

1745563159
4.11 16.87 25.93 37385

1745563160
3.9 16.41 25.78 36610

1745563162
10.08 17.12 25.86 857177

1745563163
10.08 17.12 25.86 836609

1745563164
22.93 19.21 26.24 772539

1745563165
22.93 19.21 26.24 765901

1745563166
32.54 21.07 26.58 753697

1745563167
32.54 21.07 26.58 724398

1745563168
39.87 22.76 26.89 756473

1745563169
39.87 22.76 26.89 728730

1745563170
45.69 24.38 27.2 705801

1745563171
45.69 24.38 27.2 662022

1745563172
48.46 25.57 27.43 552550

1745563173
48.46 25.57 27.43 505866

1745563174
48.01 26.24 27.56 414872

1745563175
48.01 26.24 27.56 255616

1745563176
42.39 25.94 27.49 70346

1745563177
42.39 25.94 27.49 569

1745563178
34.71 25.09 27.3 160

1745563179
34.71 25.09 27.3 196

1745563180
28.42 24.27 27.11 199

1745563181
28.42 24.27 27.11 265

1745563182
23.27 23.47 26.93 365

1745563183
23.27 23.47 26.93 153

1745563184
19.06 22.71 26.74 446

1745563185
19.06 22.71 26.74 84

1745563186
15.6 21.96 26.56 497

1745563187
15.6 21.96 26.56 97

1745563188
12.78 21.24 26.38 140

1745563189
12.78 21.24 26.38 45

1745563190
10.46 20.55 26.2 153

1745563191
10.46 20.55 26.2 438

1745563192
8.56 19.88 26.02 220

1745563193
8.56 19.88 26.02 14502

1745563195
7.19 19.26 25.85 37857

1745563196
6.07 18.66 25.68 20149

1745563197
6.07 18.66 25.68 18387

1745563198
5.15 18.08 25.51 21003

1745563199
5.15 18.08 25.51 17041

1745563200
4.4 17.52 25.34 17438

1745563201
4.4 17.52 25.34 17361

1745563202
3.78 16.98 25.18 20349

1745563203
3.78 16.98 25.18 32467

1745563204
3.64 16.52 25.02 33098

1745563205
3.64 16.52 25.02 32918

1745563206
3.52 16.08 24.87 27181

1745563207
3.52 16.08 24.87 17152

1745563208
3.06 15.59 24.71 17115

1745563209
3.06 15.59 24.71 17133

1745563210
2.69 15.11 24.55 17090

1745563211
2.69 15.11 24.55 17124

1745563212
2.38 14.65 24.39 16999

1745563213
2.38 14.65 24.39 23038

1745563214
2.31 14.23 24.23 28127

1745563215
2.31 14.23 24.23 19811

1745563216
2.07 13.8 24.07 19579

1745563217
2.07 13.8 24.07 18780

1745563218
5.5 14.04 24.05 477615

1745563219
5.5 14.04 24.05 827858

1745563220
19.36 16.26 24.45 826531

1745563221
19.36 16.26 24.45 804764

1745563222
30.34 18.35 24.83 798109

1745563223
30.34 18.35 24.83 795054

1745563224
38.98 20.3 25.19 787056

1745563226
44.78 21.96 25.51 1400698

1745563227
44.78 21.96 25.51 572420

1745563228
46.08 22.94 25.69 461982

1745563229
46.08 22.94 25.69 452858

1745563230
45.52 23.6 25.81 424599

1745563231
45.52 23.6 25.81 402485

1745563232
44.34 24.1 25.9 374672

1745563233
44.34 24.1 25.9 360337

1745563234
42.47 24.42 25.95 337393

1745563235
42.47 24.42 25.95 291932

1745563236
39.66 24.51 25.96 267059

1745563237
39.66 24.51 25.96 264022

1745563238
37.19 24.56 25.96 264796

1745563239
37.19 24.56 25.96 252873

1745563240
34.43 24.47 25.93 197959

1745563241
34.43 24.47 25.93 163583

1745563242
30.91 24.16 25.86 143549

1745563243
30.91 24.16 25.86 124878

1745563244
26.94 23.67 25.74 53575

1745563245
26.94 23.67 25.74 1071

1745563246
22.06 22.89 25.56 221

1745563247
22.06 22.89 25.56 248

1745563248
18.06 22.14 25.39 331

1745563249
18.06 22.14 25.39 208

1745563250
14.79 21.42 25.22 500

1745563251
14.79 21.42 25.22 190

1745563252
12.11 20.72 25.04 392

1745563253
12.11 20.72 25.04 164

1745563254
9.91 20.04 24.87 415

1745563255
9.91 20.04 24.87 402

1745563256
8.12 19.38 24.7 701

1745563257
8.12 19.38 24.7 118

1745563258
6.65 18.75 24.53 1162

1745563259
6.65 18.75 24.53 81

1745563260
5.44 18.13 24.36 227

1745563261
5.44 18.13 24.36 56

1745563262
4.45 17.54 24.2 198

1745563263
4.45 17.54 24.2 60

1745563264
3.65 16.97 24.03 267

1745563265
3.65 16.97 24.03 16256

1745563266
3.16 16.44 23.87 17133

1745563267
3.16 16.44 23.87 17124

1745563268
2.77 15.94 23.72 17129

1745563269
2.77 15.94 23.72 17278

1745563270
2.45 15.45 23.56 18423

1745563271
2.45 15.45 23.56 17294

1745563272
2.19 14.97 23.41 17177

1745563273
2.19 14.97 23.41 17123

1745563274
1.97 14.52 23.25 17114

1745563275
1.97 14.52 23.25 17123

1745563276
1.79 14.07 23.1 17174

1745563277
1.79 14.07 23.1 17111

1745563278
3.46 13.97 23.02 242291

1745563279
3.46 13.97 23.02 755358

1745563280
16.24 15.94 23.37 742246

1745563281
16.24 15.94 23.37 796369

1745563282
27.61 18.0 23.75 800717

1745563283
27.61 18.0 23.75 844309

1745563284
37.28 20.06 24.14 788483

1745563285
37.28 20.06 24.14 803893

1745563286
45.2 22.06 24.53 821349

1745563287
45.2 22.06 24.53 841913

1745563288
52.41 24.11 24.94 871903

1745563289
52.41 24.11 24.94 853865

1745563290
58.13 26.07 25.35 830734

1745563291
58.13 26.07 25.35 807658

1745563292
62.27 27.87 25.73 818763

1745563293
62.27 27.87 25.73 795582

1745563294
65.12 29.51 26.08 765217

1745563295
65.12 29.51 26.08 787875

1745563296
67.09 31.03 26.42 753798

1745563297
67.09 31.03 26.42 761789

1745563298
68.16 32.4 26.74 703992

1745563299
68.16 32.4 26.74 609857

1745563300
65.23 33.05 26.92 433534

1745563301
65.23 33.05 26.92 234416

1745563302
55.77 32.39 26.82 24873

1745563303
55.77 32.39 26.82 420

1745563304
45.66 31.33 26.64 379

1745563305
45.66 31.33 26.64 554

1745563306
37.39 30.3 26.45 346

1745563307
37.39 30.3 26.45 172

1745563308
30.62 29.31 26.27 112

1745563309
30.62 29.31 26.27 115

1745563310
25.07 28.35 26.09 82

1745563311
25.07 28.35 26.09 67

1745563312
20.53 27.43 25.92 50

1745563313
20.53 27.43 25.92 33

1745563314
16.81 26.53 25.74 317

1745563315
16.81 26.53 25.74 244

1745563316
13.76 25.66 25.56 763

1745563317
13.76 25.66 25.56 454

1745563318
11.27 24.82 25.39 10003

1745563319
11.27 24.82 25.39 229957

1745563320
17.56 25.51 25.53 735770

1745563321
17.56 25.51 25.53 769235

1745563322
28.51 27.23 25.89 797710

1745563323
28.51 27.23 25.89 776849

1745563324
36.93 28.79 26.22 734312

1745563325
36.93 28.79 26.22 733072

1745563326
43.64 30.27 26.55 753583

1745563327
43.64 30.27 26.55 695452

1745563328
48.24 31.54 26.84 679396

1745563329
48.24 31.54 26.84 650298

1745563330
50.73 32.54 27.08 608242

1745563331
50.73 32.54 27.08 561037

1745563332
51.32 33.24 27.27 535884

1745563333
51.32 33.24 27.27 513056

1745563334
51.08 33.79 27.42 483891

1745563335
51.08 33.79 27.42 438624

1745563336
49.62 34.09 27.53 423118

1745563337
49.62 34.09 27.53 423288

1745563338
48.05 34.31 27.62 418792

1745563339
48.05 34.31 27.62 410592

1745563340
46.77 34.53 27.71 415904

1745563341
46.77 34.53 27.71 416996

1745563342
45.55 34.71 27.8 397950

1745563343
45.55 34.71 27.8 389544

1745563344
44.18 34.82 27.87 385009

1745563345
44.18 34.82 27.87 392434

1745563346
43.06 34.92 27.93 383556

1745563347
43.06 34.92 27.93 359671

1745563348
41.6 34.93 27.98 357243

1745563349
41.6 34.93 27.98 352301

1745563350
40.22 34.89 28.02 343381

1745563351
40.22 34.89 28.02 345277

1745563352
38.91 34.83 28.06 329579

1745563353
38.91 34.83 28.06 228769

1745563354
34.94 34.25 27.98 124468

1745563355
34.94 34.25 27.98 8451

1745563356
28.61 33.13 27.79 552

1745563357
28.61 33.13 27.79 368

1745563358
23.43 32.04 27.6 145

1745563359
23.43 32.04 27.6 242

1745563360
19.18 31.0 27.41 397

1745563361
19.18 31.0 27.41 236

1745563362
15.7 29.98 27.22 798

1745563363
15.7 29.98 27.22 44

1745563364
12.86 29.0 27.04 237

1745563365
12.86 29.0 27.04 381

1745563366
10.53 28.05 26.85 164

1745563367
10.53 28.05 26.85 59

1745563368
8.62 27.13 26.67 142

1745563369
8.62 27.13 26.67 194

1745563370
7.06 26.24 26.49 163

1745563371
7.06 26.24 26.49 10205

1745563372
5.96 25.42 26.31 19976

1745563373
5.96 25.42 26.31 196117

1745563374
13.39 26.12 26.45 766549

1745563375
13.39 26.12 26.45 764984

1745563376
24.73 27.76 26.79 780959

1745563378
34.56 29.43 27.15 1591176

1745563379
34.56 29.43 27.15 757884

1745563380
41.53 30.86 27.46 712004

1745563381
41.53 30.86 27.46 683719

1745563382
46.14 32.04 27.73 674043

1745563383
46.14 32.04 27.73 647588

1745563384
49.19 33.05 27.97 613989

1745563385
49.19 33.05 27.97 595039

1745563387
50.79 33.87 28.18 1080836

1745563388
50.1 34.3 28.31 454169

1745563389
50.1 34.3 28.31 411215

1745563390
48.27 34.49 28.39 391685

1745563391
48.27 34.49 28.39 393920

1745563392
46.41 34.6 28.46 375054

1745563393
46.41 34.6 28.46 357850

1745563394
44.34 34.61 28.5 343629

1745563395
44.34 34.61 28.5 344237

1745563396
42.47 34.59 28.54 342587

1745563397
42.47 34.59 28.54 333261

1745563398
40.75 34.54 28.57 324886

1745563399
40.75 34.54 28.57 317135

1745563400
38.98 34.42 28.59 313211

1745563401
38.98 34.42 28.59 312886

1745563402
37.54 34.31 28.6 312476

1745563403
37.54 34.31 28.6 302733

1745563404
35.99 34.14 28.6 296735

1745563405
35.99 34.14 28.6 268632

1745563406
33.63 33.77 28.57 199940

1745563407
33.63 33.77 28.57 140472

1745563409
28.81 32.9 28.42 8111

1745563410
23.59 31.82 28.22 344

1745563411
23.59 31.82 28.22 450

1745563412
19.31 30.78 28.03 225

1745563413
19.31 30.78 28.03 159

1745563414
15.81 29.77 27.84 534

1745563415
15.81 29.77 27.84 674

1745563416
12.95 28.8 27.65 183

1745563417
12.95 28.8 27.65 134

1745563418
10.6 27.85 27.46 306

1745563419
10.6 27.85 27.46 80

1745563420
8.68 26.94 27.27 268

1745563421
8.68 26.94 27.27 68

1745563422
7.11 26.06 27.08 188

1745563423
7.11 26.06 27.08 74

1745563424
5.82 25.21 26.9 661

1745563425
5.82 25.21 26.9 7577

1745563426
4.94 24.42 26.72 29322

1745563427
4.94 24.42 26.72 27319

1745563428
4.41 23.68 26.55 24822

1745563429
4.41 23.68 26.55 21280

1745563430
5.6 23.27 26.45 199759

1745563431
5.6 23.27 26.45 800936

1745563432
18.9 25.09 26.81 798805

1745563433
18.9 25.09 26.81 789856

1745563434
29.24 26.76 27.14 746501

1745563435
29.24 26.76 27.14 616456

1745563436
33.91 27.68 27.33 504277

1745563437
33.91 27.68 27.33 402071

1745563438
34.29 27.95 27.39 331239

1745563439
34.29 27.95 27.39 273666

1745563440
32.78 27.89 27.38 265114

1745563442
30.65 27.66 27.34 426719

1745563443
30.65 27.66 27.34 147909

1745563444
27.45 27.18 27.24 129856

1745563445
27.45 27.18 27.24 105673

1745563446
24.11 26.59 27.12 79492

1745563447
24.11 26.59 27.12 51875

1745563448
20.28 25.81 26.95 19578

1745563449
20.28 25.81 26.95 14648

1745563450
16.61 24.97 26.77 4335

1745563451
16.61 24.97 26.77 7927

1745563452
13.6 24.15 26.58 1726

1745563453
13.6 24.15 26.58 2667

1745563454
13.6 24.15 26.58 521

1745563455
11.13 23.36 26.4 619

1745563456
11.13 23.36 26.4 190

1745563457
9.11 22.6 26.22 106

1745563458
7.46 21.86 26.04 2781

1745563460
7.46 21.86 26.04 40592

1745563461
6.47 21.21 25.88 131647

1745563462
6.47 21.21 25.88 120461

1745563463
7.47 20.91 25.78 116454

1745563464
7.47 20.91 25.78 114808

1745563465
8.11 20.58 25.68 118734

1745563466
8.11 20.58 25.68 105630

1745563467
8.63 20.27 25.58 93643

1745563468
13.77 20.81 25.66 650811

1745563469
13.77 20.81 25.66 802816

1745563470
13.77 20.81 25.66 799251

1745563471
25.77 22.75 26.03 826664

1745563472
25.77 22.75 26.03 810740

1745563473
35.77 24.66 26.4 758545

1745563474
35.77 24.66 26.4 636951

1745563475
41.61 26.08 26.69 566618

1745563476
41.61 26.08 26.69 492055

1745563477
43.31 26.89 26.86 437942

1745563478
43.31 26.89 26.86 379236

1745563479
42.71 27.32 26.95 320205

1745563480
42.71 27.32 26.95 264444

1745563481
40.22 27.37 26.96 228855

1745563482
40.22 27.37 26.96 194608

1745563483
36.56 27.13 26.91 172445

1745563484
36.56 27.13 26.91 173354

1745563485
33.02 26.8 26.84 136540

1745563486
33.02 26.8 26.84 18521

1745563487
28.3 26.15 26.71 1391

1745563488
28.3 26.15 26.71 467

1745563489
23.17 25.3 26.53 229

1745563490
23.17 25.3 26.53 264

1745563491
18.97 24.47 26.34 356

1745563492
18.97 24.47 26.34 63

1745563493
15.54 23.67 26.16 48

1745563494
15.54 23.67 26.16 327

1745563495
12.72 22.89 25.98 212

1745563496
12.72 22.89 25.98 125

1745563497
10.41 22.14 25.81 106

1745563498
10.41 22.14 25.81 9883

1745563499
8.53 21.42 25.63 18388

1745563500
8.53 21.42 25.63 24611

1745563501
7.34 20.78 25.47 29157

1745563502
7.34 20.78 25.47 20764

1745563503
6.37 20.17 25.31 27660

1745563504
6.37 20.17 25.31 29833

1745563505
5.58 19.57 25.15 518058

1745563506
5.58 19.57 25.15 794990

1745563507
16.89 21.16 25.44 788952

1745563508
16.89 21.16 25.44 759221

1745563509
27.78 22.99 25.79 724784

1745563510
27.78 22.99 25.79 609103

1745563511
34.7 24.39 26.07 541435

1745563512
34.7 24.39 26.07 471282

1745563513
37.29 25.2 26.22 357859

1745563514
37.29 25.2 26.22 341884

1745563515
36.69 25.49 26.28 311247

1745563516
36.69 25.49 26.28 262826

1745563517
35.12 25.57 26.29 216574

1745563518
35.12 25.57 26.29 185252

1745563519
32.2 25.35 26.24 174525

1745563520
32.2 25.35 26.24 177011

1745563521
29.44 25.08 26.18 134781

1745563522
29.44 25.08 26.18 116890

1745563523
26.28 24.65 26.08 90752

1745563524
26.28 24.65 26.08 35706

1745563526
22.43 24.01 25.93 1652

1745563527
18.36 23.22 25.76 218

1745563528
18.36 23.22 25.76 416

1745563529
15.03 22.46 25.58 614

1745563530
15.03 22.46 25.58 297

1745563531
12.31 21.73 25.41 258

1745563532
12.31 21.73 25.41 195

1745563533
10.08 21.02 25.23 388

1745563534
10.08 21.02 25.23 15638

1745563535
8.25 20.33 25.06 17540

1745563536
8.25 20.33 25.06 19733

1745563537
6.94 19.69 24.89 17984

1745563538
6.94 19.69 24.89 18439

1745563539
5.86 19.08 24.73 17744

1745563540
5.86 19.08 24.73 483745

1745563541
10.05 19.41 24.76 765913

1745563543
22.18 21.29 25.12 1558601

1745563544
22.18 21.29 25.12 800355

1745563545
32.29 23.15 25.48 793270

1745563547
40.57 24.94 25.84 1536480

1745563548
40.57 24.94 25.84 751647

1745563549
46.81 26.58 26.18 671138

1745563550
46.81 26.58 26.18 575113

1745563551
49.38 27.71 26.41 529159

1745563552
49.38 27.71 26.41 478437

1745563553
49.31 28.4 26.57 469908

1745563554
49.31 28.4 26.57 452436

1745563556
48.53 28.95 26.69 699113

1745563557
45.71 29.08 26.74 240469

1745563558
45.71 29.08 26.74 159217

1745563559
40.51 28.68 26.67 79774

1745563560
40.51 28.68 26.67 1169

1745563561
33.53 27.81 26.5 542

1745563562
33.53 27.81 26.5 451

1745563563
27.46 26.9 26.32 319

1745563564
27.46 26.9 26.32 558

1745563565
22.48 26.02 26.14 308

1745563566
22.48 26.02 26.14 176

1745563567
18.41 25.17 25.96 516

1745563568
18.41 25.17 25.96 99

1745563569
15.07 24.34 25.78 103

1745563570
15.07 24.34 25.78 663

1745563571
12.34 23.55 25.61 82

1745563572
12.34 23.55 25.61 579

1745563573
10.1 22.78 25.43 605

1745563574
10.1 22.78 25.43 702

1745563575
8.27 22.03 25.26 133

1745563576
8.27 22.03 25.26 230895

1745563577
9.31 21.77 25.18 698957

1745563578
9.31 21.77 25.18 728984

1745563579
20.48 23.38 25.49 743893

1745563580
20.48 23.38 25.49 749243

1745563581
30.18 25.03 25.83 755825

1745563582
30.18 25.03 25.83 736081

1745563583
38.12 26.64 26.15 687520

1745563584
38.12 26.64 26.15 603798

1745563585
42.8 27.86 26.41 501090

1745563586
42.8 27.86 26.41 465004

1745563587
43.56 28.49 26.55 341818

1745563588
43.56 28.49 26.55 297286

1745563589
41.29 28.57 26.59 224090

1745563590
41.29 28.57 26.59 165449

1745563591
37.07 28.22 26.53 110056

1745563592
37.07 28.22 26.53 49023

1745563593
31.62 27.53 26.39 13585

1745563594
31.62 27.53 26.39 320

1745563595
25.89 26.63 26.21 681

1745563596
25.89 26.63 26.21 414

1745563597
21.2 25.75 26.03 595

1745563598
21.2 25.75 26.03 885

1745563599
17.36 24.91 25.85 891

1745563600
17.36 24.91 25.85 225

1745563601
14.21 24.1 25.68 561

1745563602
14.21 24.1 25.68 342

1745563603
11.64 23.31 25.5 396

1745563604
11.64 23.31 25.5 192

1745563605
9.53 22.54 25.33 200

1745563606
9.53 22.54 25.33 1260

1745563607
7.8 21.81 25.15 1396

1745563608
7.8 21.81 25.15 159

1745563609
6.39 21.09 24.98 83

1745563610
6.39 21.09 24.98 684

1745563611
5.23 20.4 24.81 5812

1745563612
5.23 20.4 24.81 17436

1745563613
4.46 19.77 24.65 20974

1745563614
4.46 19.77 24.65 27902

1745563615
4.01 19.19 24.49 17896

1745563616
4.01 19.19 24.49 23806

1745563617
3.65 18.62 24.34 19016

1745563618
3.65 18.62 24.34 18929

1745563619
3.17 18.05 24.18 24132

1745563620
3.17 18.05 24.18 20727

1745563621
2.95 17.52 24.03 17985

1745563622
2.95 17.52 24.03 19250

1745563623
2.6 16.98 23.87 18410

1745563624
2.6 16.98 23.87 18438

1745563625
2.31 16.46 23.71 19123

1745563626
2.31 16.46 23.71 639474

1745563627
8.59 17.13 23.8 806367

1745563628
8.59 17.13 23.8 817865

1745563629
21.71 19.22 24.19 819784

1745563631
32.27 21.21 24.58 1559242

1745563632
32.27 21.21 24.58 781509

1745563633
40.37 23.03 24.93 756081

1745563634
40.37 23.03 24.93 687830

1745563635
45.92 24.6 25.25 660763

1745563636
45.92 24.6 25.25 623612

1745563637
49.01 25.86 25.51 613440

1745563638
49.01 25.86 25.51 612684

1745563639
51.18 27.01 25.75 569950

1745563640
51.18 27.01 25.75 474372

1745563641
50.97 27.76 25.92 435025

1745563642
50.97 27.76 25.92 406118

1745563643
49.16 28.19 26.02 365156

1745563644
49.16 28.19 26.02 296176

1745563645
46.05 28.32 26.06 238164

1745563646
46.05 28.32 26.06 158873

1745563647
40.97 27.98 26.0 127264

1745563648
40.97 27.98 26.0 124708

1745563649
35.72 27.46 25.91 111759

1745563650
35.72 27.46 25.91 106064

1745563651
31.06 26.89 25.8 68607

1745563652
31.06 26.89 25.8 10840

1745563653
25.97 26.1 25.64 1647

1745563654
25.97 26.1 25.64 550

1745563655
21.27 25.25 25.47 386

1745563656
21.27 25.25 25.47 549

1745563657
17.41 24.42 25.29 589

1745563658
17.41 24.42 25.29 186

1745563659
14.26 23.62 25.12 187

1745563660
14.26 23.62 25.12 163

1745563661
11.67 22.85 24.95 275

1745563662
11.67 22.85 24.95 137

1745563663
9.56 22.1 24.78 4515

1745563664
9.56 22.1 24.78 18227

1745563665
8.01 21.41 24.61 17348

1745563666
8.01 21.41 24.61 17371

1745563667
6.74 20.74 24.45 119968

1745563668
6.74 20.74 24.45 764570

1745563669
14.75 21.73 24.63 795419

1745563670
14.75 21.73 24.63 789172

1745563672
26.21 23.57 25.0 1417662

1745563673
33.96 25.06 25.3 571075

1745563674
33.96 25.06 25.3 515793

1745563675
37.23 25.94 25.48 512917

1745563676
37.23 25.94 25.48 509648

1745563677
39.72 26.76 25.66 495473

1745563678
39.72 26.76 25.66 454603

1745563679
40.86 27.39 25.8 446315

1745563680
40.86 27.39 25.8 421125

1745563681
41.25 27.9 25.91 392728

1745563682
41.25 27.9 25.91 356470

1745563683
40.29 28.17 25.98 293161

1745563684
40.29 28.17 25.98 242561

1745563685
37.7 28.1 25.98 221236

1745563686
37.7 28.1 25.98 192736

1745563687
34.5 27.83 25.94 158743

1745563688
34.5 27.83 25.94 124092

1745563689
30.6 27.34 25.85 87453

1745563690
30.6 27.34 25.85 55332

1745563691
26.14 26.65 25.72 40096

1745563692
26.14 26.65 25.72 3615

1745563693
21.59 25.81 25.55 2375

1745563694
21.59 25.81 25.55 1032

1745563695
17.68 24.96 25.37 153

1745563696
17.68 24.96 25.37 99

1745563697
14.47 24.14 25.2 227

1745563698
14.47 24.14 25.2 226

1745563699
11.85 23.35 25.03 131

1745563700
11.85 23.35 25.03 196

1745563701
9.7 22.59 24.86 193

1745563702
9.7 22.59 24.86 368

1745563703
7.94 21.85 24.69 85

1745563704
7.94 21.85 24.69 115

1745563705
6.5 21.14 24.52 117

1745563706
6.5 21.14 24.52 477

1745563707
5.32 20.44 24.35 54

1745563708
5.32 20.44 24.35 16593

1745563709
4.54 19.81 24.19 17555

1745563710
4.54 19.81 24.19 18736

1745563711
3.9 19.19 24.03 17415

1745563712
3.9 19.19 24.03 18202

1745563713
3.37 18.6 23.87 19111

1745563714
3.37 18.6 23.87 19126

1745563715
2.94 18.02 23.72 17747

1745563716
2.94 18.02 23.72 47864

1745563717
4.76 17.85 23.64 776000

1745563718
4.76 17.85 23.64 827167

1745563719
18.57 19.92 24.04 823071

1745563721
29.52 21.85 24.41 1552712

1745563722
29.52 21.85 24.41 777967

1745563723
38.12 23.66 24.77 723881

1745563724
38.12 23.66 24.77 707537

1745563725
44.07 25.21 25.09 699397

1745563726
44.07 25.21 25.09 702450

1745563727
48.59 26.64 25.39 687886

1745563728
48.59 26.64 25.39 704653

1745563730
52.1 27.99 25.68 1354908

1745563731
54.98 29.3 25.97 697585

1745563732
54.98 29.3 25.97 666384

1745563733
57.16 30.53 26.25 622756

1745563734
57.16 30.53 26.25 567291

1745563735
57.31 31.43 26.47 538952

1745563736
57.31 31.43 26.47 478854

1745563737
55.8 32.01 26.62 427418

1745563738
55.8 32.01 26.62 365650

1745563739
52.4 32.17 26.69 298735

1745563740
52.4 32.17 26.69 209811

1745563741
46.89 31.84 26.66 168972

1745563742
46.89 31.84 26.66 90018

1745563743
40.02 31.09 26.54 15064

1745563744
40.02 31.09 26.54 781

1745563745
32.77 30.07 26.36 1036

1745563746
32.77 30.07 26.36 1646

1745563747
26.83 29.09 26.18 1180

1745563748
26.83 29.09 26.18 498

1745563749
21.97 28.14 26.0 359

1745563750
21.97 28.14 26.0 256

1745563751
17.99 27.22 25.82 314

1745563752
17.99 27.22 25.82 111

1745563753
14.73 26.33 25.64 85

1745563754
14.73 26.33 25.64 197

1745563755
12.06 25.46 25.47 167

1745563756
12.06 25.46 25.47 174

1745563757
9.88 24.63 25.29 405

1745563758
9.88 24.63 25.29 480

1745563759
8.09 23.82 25.12 71

1745563760
8.09 23.82 25.12 155

1745563761
6.62 23.04 24.95 379

1745563762
6.62 23.04 24.95 263

1745563763
5.42 22.29 24.78 8801

1745563764
5.42 22.29 24.78 17879

1745563765
4.62 21.59 24.61 17815

1745563766
4.62 21.59 24.61 18451

1745563767
3.96 20.92 24.45 19100

1745563768
3.96 20.92 24.45 17561

1745563769
3.42 20.27 24.29 17316

1745563770
3.42 20.27 24.29 18584

1745563771
2.98 19.64 24.13 17077

1745563772
2.98 19.64 24.13 17356

1745563773
2.62 19.03 23.97 18617

1745563774
2.62 19.03 23.97 19160

1745563775
2.33 18.44 23.82 19790

1745563776
2.33 18.44 23.82 19520

1745563777
2.09 17.86 23.66 19864

1745563778
2.09 17.86 23.66 22646

1745563779
2.07 17.35 23.51 20637

1745563780
2.07 17.35 23.51 17373

1745563781
1.87 16.81 23.36 17270

1745563782
1.87 16.81 23.36 17137

1745563783
1.72 16.29 23.2 17587

1745563784
1.72 16.29 23.2 18563

1745563785
1.58 15.79 23.05 21231

1745563786
1.58 15.79 23.05 21724

1745563787
1.66 15.34 22.91 21891

1745563788
1.66 15.34 22.91 23534

1745563789
1.72 14.9 22.77 21660

1745563790
1.72 14.9 22.77 18723

1745563791
1.59 14.45 22.62 209230

1745563792
1.59 14.45 22.62 826749

1745563793
12.35 15.97 22.88 835496

1745563794
12.35 15.97 22.88 831498

1745563795
24.97 18.13 23.28 804778

1745563796
24.97 18.13 23.28 828560

1745563797
35.12 20.19 23.68 781327

1745563798
35.12 20.19 23.68 779993

1745563799
42.88 22.08 24.05 776607

1745563800
42.88 22.08 24.05 760158

1745563801
48.7 23.81 24.4 708309

1745563802
48.7 23.81 24.4 681120

1745563803
52.2 25.26 24.7 664223

1745563804
52.2 25.26 24.7 662181

1745563805
54.7 26.59 24.98 651102

1745563806
54.7 26.59 24.98 643410

1745563807
56.38 27.81 25.25 651781

1745563808
56.38 27.81 25.25 589860

1745563809
56.85 28.83 25.48 531097

1745563810
56.85 28.83 25.48 465565

1745563811
55.07 29.43 25.62 380086

1745563812
55.07 29.43 25.62 284057

1745563813
50.34 29.41 25.65 141192

1745563814
50.34 29.41 25.65 14792

1745563815
41.77 28.55 25.49 1555

1745563816
41.77 28.55 25.49 799

1745563817
34.2 27.61 25.32 930

1745563818
34.2 27.61 25.32 1061

1745563819
28.0 26.71 25.14 1344

1745563820
28.0 26.71 25.14 609

1745563821
22.93 25.84 24.97 630

1745563822
22.93 25.84 24.97 517

1745563823
18.77 24.99 24.8 819

1745563824
18.77 24.99 24.8 543

1745563825
15.37 24.17 24.63 368

1745563826
15.37 24.17 24.63 498

1745563827
12.59 23.38 24.46 116

1745563828
12.59 23.38 24.46 64

1745563829
10.31 22.62 24.3 70

1745563830
10.31 22.62 24.3 143

1745563831
8.44 21.88 24.13 568

1745563832
8.44 21.88 24.13 168

1745563833
6.91 21.16 23.96 6380

1745563834
6.91 21.16 23.96 17706

1745563835
5.84 20.5 23.81 17960

1745563836
5.84 20.5 23.81 18070

1745563837
4.96 19.86 23.65 17305

1745563838
4.96 19.86 23.65 17466

1745563839
4.24 19.24 23.5 17472

1745563840
4.24 19.24 23.5 18571

1745563841
4.56 18.81 23.38 579488

1745563842
4.56 18.81 23.38 807688

1745563843
18.22 20.81 23.76 837956

1745563844
18.22 20.81 23.76 833679

1745563845
29.78 22.81 24.16 785402

1745563846
29.78 22.81 24.16 787141

1745563847
38.51 24.62 24.53 773380

1745563848
38.51 24.62 24.53 734193

1745563849
45.12 26.27 24.87 745981

1745563850
45.12 26.27 24.87 680556

1745563851
49.45 27.67 25.18 629213

1745563852
49.45 27.67 25.18 621393

1745563853
51.72 28.79 25.43 614925

1745563854
51.72 28.79 25.43 584345

1745563855
53.04 29.78 25.66 587571

1745563856
53.04 29.78 25.66 585496

1745563857
53.94 30.7 25.88 547531

1745563858
53.94 30.7 25.88 467093

1745563859
52.68 31.23 26.02 432815

1745563860
52.68 31.23 26.02 370315

1745563861
50.02 31.46 26.11 320303

1745563862
50.02 31.46 26.11 281231

1745563863
46.21 31.38 26.13 260451

1745563864
46.21 31.38 26.13 207188

1745563865
41.64 31.04 26.09 141641

1745563867
35.73 30.31 25.97 118619

1745563868
35.73 30.31 25.97 17835

1745563869
29.44 29.35 25.8 7376

1745563870
29.44 29.35 25.8 1914

1745563871
24.1 28.39 25.63 1509

1745563872
24.1 28.39 25.63 769

1745563873
19.73 27.46 25.45 258

1745563874
19.73 27.46 25.45 219

1745563875
16.16 26.57 25.28 138

1745563876
16.16 26.57 25.28 182

1745563877
13.23 25.7 25.1 165

1745563878
13.23 25.7 25.1 105

1745563879
10.83 24.86 24.93 279

1745563880
10.83 24.86 24.93 258

1745563881
8.87 24.04 24.76 146

1745563882
8.87 24.04 24.76 820

1745563883
7.26 23.25 24.59 158

1745563884
7.26 23.25 24.59 189

1745563885
5.94 22.49 24.42 75

1745563886
5.94 22.49 24.42 430

1745563887
4.87 21.76 24.26 82

1745563888
4.87 21.76 24.26 12431

1745563889
3.98 21.04 24.09 17262

1745563890
3.98 21.04 24.09 17438

1745563891
3.44 20.39 23.93 18341

1745563892
3.44 20.39 23.93 607684

1745563893
10.43 21.1 24.05 817878

1745563894
10.43 21.1 24.05 805065

1745563895
23.03 23.02 24.44 828226

1745563896
23.03 23.02 24.44 833444

1745563897
33.89 24.99 24.84 813722

1745563898
33.89 24.99 24.84 812528

1745563900
42.24 26.79 25.22 1670813

1745563901
49.45 28.59 25.6 834359

1745563902
49.45 28.59 25.6 810452

1745563903
55.34 30.34 25.99 789700

1745563904
55.34 30.34 25.99 772007

1745563905
59.27 31.87 26.34 755573

1745563906
59.27 31.87 26.34 729008

1745563907
61.75 33.21 26.66 718424

1745563908
61.75 33.21 26.66 680515

1745563909
63.06 34.38 26.95 669559

1745563910
63.06 34.38 26.95 618991

1745563911
62.87 35.29 27.19 577269

1745563912
62.87 35.29 27.19 496134

1745563913
60.72 35.8 27.35 430324

1745563914
60.72 35.8 27.35 371702

1745563915
56.42 35.84 27.42 338910

1745563916
56.42 35.84 27.42 313165

1745563917
51.63 35.65 27.43 235394

1745563918
51.63 35.65 27.43 116569

1745563919
44.82 34.94 27.34 43690

1745563920
44.82 34.94 27.34 2722

1745563921
36.88 33.83 27.16 467

1745563922
36.88 33.83 27.16 562

1745563923
30.2 32.72 26.98 387

1745563924
30.2 32.72 26.98 54

1745563925
24.72 31.65 26.79 198

1745563926
24.72 31.65 26.79 331

1745563927
20.24 30.62 26.61 413

1745563928
20.24 30.62 26.61 135

1745563929
16.58 29.61 26.43 254

1745563930
16.58 29.61 26.43 670

1745563931
13.57 28.64 26.24 116

1745563932
13.57 28.64 26.24 153

1745563933
11.11 27.71 26.06 352

1745563934
11.11 27.71 26.06 197

1745563935
9.1 26.8 25.89 84

1745563936
9.1 26.8 25.89 187

1745563937
7.45 25.92 25.71 82

1745563938
7.45 25.92 25.71 653

1745563939
6.1 25.07 25.53 2354

1745563940
6.1 25.07 25.53 20079

1745563941
5.17 24.29 25.37 17534

1745563942
5.17 24.29 25.37 17464

1745563943
4.42 23.52 25.2 17733

1745563944
4.42 23.52 25.2 17167

1745563945
3.8 22.79 25.03 17096

1745563946
3.8 22.79 25.03 17098

1745563947
3.29 22.07 24.87 17649

1745563948
3.29 22.07 24.87 17284

1745563949
2.87 21.38 24.7 19009

1745563950
2.87 21.38 24.7 17072

1745563951
2.53 20.72 24.54 19181

1745563952
2.53 20.72 24.54 19126

1745563953
2.25 20.07 24.38 19564

1745563954
2.25 20.07 24.38 23873

1745563955
2.21 19.48 24.23 23490

1745563956
2.21 19.48 24.23 22708

1745563957
2.17 18.91 24.08 213171

1745563958
2.17 18.91 24.08 780911

1745563959
13.19 20.35 24.34 783373

1745563960
13.19 20.35 24.34 744634

1745563961
24.38 22.14 24.69 738211

1745563962
24.38 22.14 24.69 708118

1745563963
32.47 23.67 24.99 594383

1745563964
32.47 23.67 24.99 432103

1745563965
34.19 24.27 25.11 242103

1745563966
34.19 24.27 25.11 85569

1745563967
29.63 23.77 25.0 4674

1745563968
29.63 23.77 25.0 951

1745563969
24.26 22.99 24.83 956

1745563970
24.26 22.99 24.83 787

1745563971
19.86 22.24 24.66 342

1745563972
19.86 22.24 24.66 130

1745563973
16.26 21.51 24.49 317

1745563974
16.26 21.51 24.49 219

1745563975
13.32 20.81 24.32 158

1745563976
13.32 20.81 24.32 74

1745563977
10.9 20.13 24.15 46

1745563978
10.9 20.13 24.15 103

1745563979
8.93 19.47 23.99 115

1745563980
8.93 19.47 23.99 352

1745563981
7.31 18.83 23.82 52

1745563982
7.31 18.83 23.82 137

1745563983
5.98 18.21 23.66 49671

1745563984
5.98 18.21 23.66 70158

1745563985
7.8 18.14 23.61 731940

1745563986
7.8 18.14 23.61 746434

1745563987
19.97 20.0 23.96 773981

1745563988
19.97 20.0 23.96 625312

1745563989
27.95 21.44 24.23 505891

1745563990
27.95 21.44 24.23 262723

1745563991
28.32 21.72 24.27 112923

1745563992
28.32 21.72 24.27 66332

1745563993
24.27 21.21 24.15 30190

1745563994
24.27 21.21 24.15 2985

1745563995
20.06 20.55 23.99 775

1745563996
20.06 20.55 23.99 223

1745563997
16.42 19.87 23.83 140

1745563998
16.42 19.87 23.83 45

1745563999
13.45 19.22 23.66 166

1745564000
13.45 19.22 23.66 467

1745564001
11.01 18.59 23.5 77

1745564002
11.01 18.59 23.5 171

1745564003
9.01 17.98 23.34 23580

1745564004
9.01 17.98 23.34 22216

1745564005
8.1 17.53 23.21 144066

1745564006
8.1 17.53 23.21 303382

1745564007
12.79 18.07 23.28 683893

1745564008
12.79 18.07 23.28 688142

1745564009
22.79 19.7 23.59 647384

1745564010
22.79 19.7 23.59 624182

1745564011
29.9 21.08 23.85 638401

1745564012
29.9 21.08 23.85 632864

1745564013
35.89 22.45 24.12 580165

1745564014
35.89 22.45 24.12 480751

1745564015
38.27 23.32 24.29 435602

1745564016
38.27 23.32 24.29 416489

1745564017
38.58 23.87 24.4 207327

1745564018
38.58 23.87 24.4 294

1745564019
31.95 23.15 24.24 352

1745564020
31.95 23.15 24.24 124

1745564021
26.16 22.4 24.08 236

1745564022
26.16 22.4 24.08 109

1745564023
21.42 21.66 23.91 18623

1745564024
21.42 21.66 23.91 30890

1745564025
17.9 21.02 23.76 29919

1745564026
17.9 21.02 23.76 50914

1745564027
15.2 20.43 23.62 34997

1745564028
15.2 20.43 23.62 34632

1745564029
12.99 19.86 23.48 33290

1745564030
12.99 19.86 23.48 36121

1745564031
11.18 19.31 23.34 37527

1745564032
11.18 19.31 23.34 41862

1745564033
9.7 18.77 23.2 39690

1745564034
9.7 18.77 23.2 45510

1745564035
8.84 18.32 23.07 135026

1745564036
8.84 18.32 23.07 222563

1745564037
11.05 18.41 23.06 231604

1745564038
11.05 18.41 23.06 178936

1745564039
12.12 18.36 23.02 93147

1745564040
12.12 18.36 23.02 48792

1745564041
10.83 17.93 22.89 98011

1745564042
10.83 17.93 22.89 175233

1745564043
11.77 17.86 22.85 160812

1745564044
11.77 17.86 22.85 87511

1745564045
11.45 17.6 22.76 90506

1745564046
11.45 17.6 22.76 10881

1745564047
9.73 17.09 22.62 2156

1745564048
9.73 17.09 22.62 130516

1745564049
11.59 17.19 22.6 752096

1745564050
11.59 17.19 22.6 797450

1745564051
23.62 19.18 22.98 785748

1745564052
23.62 19.18 22.98 813293

1745564053
33.83 21.17 23.37 741337

1745564054
33.83 21.17 23.37 524672

1745564055
37.31 22.21 23.57 267124

1745564056
37.31 22.21 23.57 100655

1745564057
32.9 21.91 23.5 80560

1745564058
32.9 21.91 23.5 2312

1745564059
27.3 21.26 23.35 557

1745564060
27.3 21.26 23.35 268

1745564061
22.36 20.56 23.19 273

1745564062
22.36 20.56 23.19 219

1745564063
18.3 19.89 23.03 118

1745564064
18.3 19.89 23.03 15360

1745564065
15.17 19.27 22.88 328966

1745564066
15.17 19.27 22.88 755387

1745564067
25.64 21.03 23.22 768828

1745564068
25.64 21.03 23.22 803009

1745564069
35.13 22.89 23.6 732862

1745564070
35.13 22.89 23.6 527833

1745564072
38.0 23.81 23.79 161841

1745564073
31.66 23.13 23.64 534

1745564074
31.66 23.13 23.64 218

1745564075
25.92 22.37 23.48 87

1745564076
25.92 22.37 23.48 357

1745564077
21.23 21.64 23.32 67

1745564078
21.23 21.64 23.32 291

1745564079
17.38 20.93 23.16 108

1745564080
17.38 20.93 23.16 131

1745564081
14.23 20.25 23.0 19

1745564082
14.23 20.25 23.0 154

1745564083
11.65 19.58 22.84 24499

1745564085
10.45 19.11 22.72 470852

1745564087
23.23 21.13 23.12 1618776

1745564088
23.23 21.13 23.12 804478

1745564089
33.51 23.06 23.51 760208

1745564090
33.51 23.06 23.51 676370

1745564091
39.39 24.46 23.8 478259

1745564092
39.39 24.46 23.8 385222

1745564093
39.5 24.97 23.91 345881

1745564094
39.5 24.97 23.91 250837

1745564095
36.88 24.97 23.92 84060

1745564096
36.88 24.97 23.92 1238

1745564097
30.19 24.15 23.76 504

1745564098
30.19 24.15 23.76 459

1745564099
24.72 23.36 23.59 330

1745564100
24.72 23.36 23.59 295

1745564101
20.24 22.6 23.43 231

1745564102
20.24 22.6 23.43 353

1745564103
16.58 21.86 23.27 358970

1745564104
16.58 21.86 23.27 737926

1745564105
26.25 23.43 23.59 766601

1745564106
26.25 23.43 23.59 792750

1745564107
35.63 25.22 23.96 775515

1745564108
35.63 25.22 23.96 633824

1745564109
40.58 26.45 24.23 499391

1745564110
40.58 26.45 24.23 373722

1745564111
39.93 26.8 24.32 293491

1745564112
39.93 26.8 24.32 236764

1745564113
36.86 26.68 24.31 145233

1745564114
36.86 26.68 24.31 79743

1745564116
31.63 26.06 24.2 17654

1745564117
25.9 25.21 24.03 3061

1745564118
25.9 25.21 24.03 3333

1745564119
21.21 24.39 23.87 3184

1745564120
21.21 24.39 23.87 694

1745564121
17.37 23.59 23.7 371

1745564122
17.37 23.59 23.7 236

1745564123
14.22 22.82 23.54 288943

1745564124
14.22 22.82 23.54 532112

1745564125
21.06 23.77 23.74 524955

1745564126
21.06 23.77 23.74 508073

1745564128
26.3 24.63 23.91 792308

1745564129
26.97 24.81 23.96 29985

1745564130
26.97 24.81 23.96 2582

1745564131
22.09 23.99 23.79 443

1745564132
22.09 23.99 23.79 146

1745564133
18.08 23.21 23.63 162545

1745564134
18.08 23.21 23.63 343247

1745564135
20.6 23.5 23.69 312923

1745564136
20.6 23.5 23.69 276131

1745564137
21.94 23.64 23.72 263960

1745564138
21.94 23.64 23.72 200761

1745564139
21.05 23.43 23.67 46837

1745564140
21.05 23.43 23.67 686

1745564141
17.23 22.66 23.51 495

1745564142
17.23 22.66 23.51 502

1745564143
14.11 21.92 23.35 42640

1745564144
14.11 21.92 23.35 133451

1745564145
13.55 21.56 23.26 132583

1745564146
13.55 21.56 23.26 130151

1745564147
13.45 21.28 23.19 129543

1745564148
13.45 21.28 23.19 90033

1745564149
12.82 20.91 23.1 93187

1745564150
12.82 20.91 23.1 63607

1745564151
11.58 20.42 22.99 59740

1745564152
11.58 20.42 22.99 43188

1745564153
10.21 19.88 22.86 42412

1745564154
10.21 19.88 22.86 40891

1745564155
9.08 19.36 22.73 40646

1745564156
9.08 19.36 22.73 46378

1745564157
8.16 18.86 22.6 28627

1745564158
8.16 18.86 22.6 23789

1745564159
7.04 18.31 22.46 26480

1745564160
7.04 18.31 22.46 27345

1745564161
6.13 17.77 22.32 23410

1745564163
5.38 17.26 22.18 54898

1745564164
5.38 17.26 22.18 26435

1745564165
4.77 16.76 22.04 23138

1745564166
4.77 16.76 22.04 26197

1745564167
4.26 16.27 21.9 27042

1745564168
4.26 16.27 21.9 22981

1745564169
3.85 15.81 21.77 23002

1745564170
3.85 15.81 21.77 27333

1745564171
3.52 15.36 21.63 124962

1745564173
5.41 15.31 21.58 208913

1745564174
5.41 15.31 21.58 27296

1745564175
4.98 14.91 21.45 24444

1745564176
4.98 14.91 21.45 20939

1745564177
4.44 14.48 21.32 22464

1745564178
4.44 14.48 21.32 24848

1745564179
3.99 14.08 21.18 23991

1745564180
3.99 14.08 21.18 24477

1745564181
3.63 13.68 21.05 26984

1745564182
3.63 13.68 21.05 20826

1745564183
3.33 13.3 20.92 23362

1745564184
3.33 13.3 20.92 24442

1745564185
3.09 12.93 20.79 28012

1745564186
3.09 12.93 20.79 20205

1745564187
2.89 12.57 20.66 18127

1745564188
2.89 12.57 20.66 4683

1745564189
2.37 12.16 20.52 1076

1745564190
2.37 12.16 20.52 613

1745564191
1.94 11.76 20.38 136

1745564192
1.94 11.76 20.38 1036

1745564193
1.59 11.37 20.24 684

1745564194
1.59 11.37 20.24 1816

1745564195
1.3 11.0 20.1 17492

1745564196
1.3 11.0 20.1 18396

1745564197
1.24 10.67 19.97 18319

1745564198
1.24 10.67 19.97 27832

1745564199
1.38 10.39 19.85 22525

1745564200
1.38 10.39 19.85 18955

1745564201
1.31 10.08 19.72 20567

1745564202
1.31 10.08 19.72 21591

1745564203
1.43 9.82 19.6 23559

1745564204
1.43 9.82 19.6 20746

1745564205
1.54 9.56 19.48 22736

1745564206
1.54 9.56 19.48 24763

1745564207
1.62 9.31 19.36 25239

1745564209
1.69 9.07 19.24 51522

1745564210
1.69 9.07 19.24 28755

1745564212
1.74 8.84 19.12 56211

1745564213
1.79 8.62 19.01 25135

1745564214
1.79 8.62 19.01 27914

1745564215
1.83 8.4 18.89 32715

1745564216
1.83 8.4 18.89 25671

1745564217
1.86 8.19 18.77 29163

1745564218
1.86 8.19 18.77 21550

1745564219
1.88 7.99 18.66 24777

1745564220
1.88 7.99 18.66 27172

1745564221
1.9 7.79 18.54 22147

1745564222
1.9 7.79 18.54 26855

1745564223
1.92 7.6 18.43 27572

1745564224
1.92 7.6 18.43 21422

1745564225
1.93 7.42 18.32 22206

1745564226
1.93 7.42 18.32 28505

1745564227
1.95 7.24 18.21 27055

1745564228
1.95 7.24 18.21 22313

1745564229
1.95 7.07 18.1 21827

1745564230
1.95 7.07 18.1 25133

1745564231
1.96 6.9 17.98 28309

1745564232
1.96 6.9 17.98 26437

1745564233
1.97 6.74 17.88 25199

1745564235
1.97 6.59 17.77 58118

1745564236
1.97 6.59 17.77 30253

1745564237
2.16 6.47 17.67 29446

1745564238
2.16 6.47 17.67 29777

1745564239
2.31 6.36 17.56 29955

1745564240
2.31 6.36 17.56 32180

1745564241
2.25 6.21 17.46 29641

1745564242
2.25 6.21 17.46 91299

1745564243
3.29 6.27 17.39 64023

1745564244
3.29 6.27 17.39 1109

1745564245
2.7 6.07 17.27 1261

1745564246
2.7 6.07 17.27 426

1745564247
2.21 5.87 17.16 243

1745564248
2.21 5.87 17.16 14245

1745564249
1.99 5.71 17.05 18294

1745564250
1.99 5.71 17.05 679218

1745564251
10.87 7.19 17.28 811210

1745564253
22.3 9.37 17.67 1199826

1745564254
22.3 9.37 17.67 19081

1745564255
19.71 9.33 17.6 476

1745564256
19.71 9.33 17.6 1112

1745564257
16.14 9.02 17.48 1375

1745564258
16.14 9.02 17.48 34217

1745564260
13.58 8.79 17.37 1126068

1745564262
24.52 10.93 17.76 1591324

1745564263
34.57 13.19 18.19 684402

1745564264
34.57 13.19 18.19 66776

1745564265
32.11 13.44 18.21 387

1745564266
32.11 13.44 18.21 4493

1745564267
26.29 13.0 18.08 128

1745564268
26.29 13.0 18.08 671

1745564269
21.53 12.58 17.96 29636

1745564271
19.62 12.53 17.91 597920

1745564272
19.62 12.53 17.91 776977

1745564273
29.65 14.57 18.3 702196

1745564274
29.65 14.57 18.3 465245

1745564275
32.43 15.56 18.48 98341

1745564277
26.56 15.06 18.36 1264

1745564278
26.56 15.06 18.36 40464

1745564279
24.82 15.12 18.35 479568

1745564280
24.82 15.12 18.35 135834

1745564282
23.22 15.15 18.33 74080

1745564283
19.56 14.75 18.22 28776

1745564284
19.56 14.75 18.22 24372

1745564285
16.38 14.33 18.11 32161

1745564286
16.38 14.33 18.11 23506

1745564287
13.77 13.93 18.0 26776

1745564288
13.77 13.93 18.0 27098

1745564289
11.64 13.54 17.89 27542

1745564290
11.64 13.54 17.89 24736

1745564291
9.89 13.16 17.78 26220

1745564292
9.89 13.16 17.78 26560

1745564293
8.46 12.79 17.68 30193

1745564295
7.47 12.47 17.58 57424

1745564296
7.47 12.47 17.58 24742

1745564297
6.48 12.13 17.47 22605

1745564298
6.48 12.13 17.47 29694

1745564299
5.67 11.8 17.36 27164

1745564300
5.67 11.8 17.36 28086

1745564301
5.0 11.48 17.26 28303

1745564302
5.0 11.48 17.26 24498

1745564303
4.46 11.17 17.15 30104

1745564304
4.46 11.17 17.15 23068

1745564305
4.01 10.87 17.05 28475

1745564306
4.01 10.87 17.05 28372

1745564307
3.64 10.58 16.95 24000

1745564308
3.64 10.58 16.95 24227

1745564309
3.35 10.29 16.84 27730

1745564310
3.35 10.29 16.84 27950

1745564311
3.1 10.02 16.74 25374

1745564312
3.1 10.02 16.74 26197

1745564313
2.9 9.76 16.64 25572

1745564314
2.9 9.76 16.64 25430

1745564315
2.74 9.51 16.54 29707

1745564316
2.74 9.51 16.54 22547

1745564317
2.6 9.26 16.44 27650

1745564318
2.6 9.26 16.44 26185

1745564319
2.49 9.02 16.34 25936

1745564320
2.49 9.02 16.34 27568

1745564321
2.4 8.79 16.24 25717

1745564322
2.4 8.79 16.24 28789

1745564324
2.33 8.57 16.15 2728

1745564325
1.9 8.29 16.03 83

1745564326
1.9 8.29 16.03 403

1745564327
1.56 8.02 15.92 1279

1745564328
1.56 8.02 15.92 139

1745564329
1.27 7.75 15.82 1034

1745564330
1.27 7.75 15.82 614

1745564331
1.04 7.5 15.71 173

1745564332
1.04 7.5 15.71 172

1745564333
0.85 7.25 15.6 586

1745564334
0.85 7.25 15.6 195

1745564335
0.7 7.02 15.49 109

1745564336
0.7 7.02 15.49 225

1745564337
0.57 6.79 15.39 401

1745564338
0.57 6.79 15.39 334

1745564339
0.47 6.56 15.28 2526

1745564340
0.47 6.56 15.28 1182

1745564341
0.38 6.35 15.18 2950

1745564342
0.38 6.35 15.18 172

1745564343
0.31 6.14 15.07 194

1745564344
0.31 6.14 15.07 14894

1745564345
0.43 5.97 14.98 19539

1745564346
0.43 5.97 14.98 26763

1745564348
0.72 5.84 14.89 43493

1745564349
0.95 5.72 14.8 28411

1745564350
0.95 5.72 14.8 23926

1745564351
1.14 5.59 14.71 28915

1745564352
1.14 5.59 14.71 51001

1745564353
1.48 5.51 14.63 28182

1745564354
1.48 5.51 14.63 402360

1745564355
5.01 6.02 14.67 29128

1745564356
5.01 6.02 14.67 25965

1745564358
4.46 5.88 14.59 74929

1745564359
4.2 5.79 14.51 47216

1745564360
4.2 5.79 14.51 38389

1745564361
4.16 5.73 14.43 57312

1745564362
4.16 5.73 14.43 70419

1745564363
5.22 5.87 14.4 132089

1745564365
4.82 5.78 14.33 81486

1745564366
4.82 5.78 14.33 73322

1745564367
5.03 5.78 14.27 42399

1745564368
5.03 5.78 14.27 44317

1745564369
4.84 5.72 14.2 40724

1745564370
4.84 5.72 14.2 41589

1745564371
4.69 5.67 14.13 48867

1745564372
4.69 5.67 14.13 40667

1745564373
4.56 5.61 14.06 43175

1745564374
4.56 5.61 14.06 42864

1745564375
4.46 5.56 13.99 43424

1745564376
4.46 5.56 13.99 41623

1745564377
4.19 5.47 13.92 29315

1745564378
4.19 5.47 13.92 46334

1745564379
3.98 5.39 13.84 32609

1745564380
3.98 5.39 13.84 29541

1745564381
3.62 5.28 13.76 29246

1745564382
3.62 5.28 13.76 30580

1745564383
3.5 5.21 13.69 29975

1745564385
3.41 5.13 13.61 76796

1745564386
3.41 5.13 13.61 25711

1745564387
3.34 5.06 13.54 102647

1745564388
3.34 5.06 13.54 45864

1745564389
4.0 5.13 13.5 35284

1745564390
4.0 5.13 13.5 25850

1745564391
3.64 5.02 13.42 28288

1745564392
3.64 5.02 13.42 32930

1745564393
3.52 4.96 13.35 28653

1745564394
3.52 4.96 13.35 20260

1745564395
3.24 4.86 13.27 28248

1745564396
3.24 4.86 13.27 29113

1745564397
3.2 4.8 13.2 154087

1745564398
3.2 4.8 13.2 375721

1745564399
8.6 5.72 13.33 181078

1745564400
8.6 5.72 13.33 25627

1745564401
7.58 5.63 13.26 34998

1745564402
7.58 5.63 13.26 48286

1745564404
6.93 5.58 13.2 99715

1745564405
6.58 5.56 13.14 63978

1745564406
6.58 5.56 13.14 84760

1745564407
6.84 5.64 13.11 69395

1745564408
6.84 5.64 13.11 64372

1745564409
6.68 5.65 13.06 68974

1745564410
6.68 5.65 13.06 68156

1745564412
6.56 5.66 13.01 100282

1745564413
6.09 5.61 12.95 36608

1745564414
6.09 5.61 12.95 1170

1745564415
4.99 5.42 12.86 404

1745564416
4.99 5.42 12.86 472

1745564417
4.08 5.25 12.77 534

1745564419
3.89 5.17 12.7 69308

1745564420
3.89 5.17 12.7 107284

1745564422
4.27 5.2 12.66 55857

1745564424
4.4 5.19 12.6 108985

1745564426
4.33 5.15 12.55 85877

1745564427
4.33 5.15 12.55 51595

1745564429
4.22 5.08 12.43 99735

1745564430
4.22 5.08 12.43 69303

1745564432
4.18 5.04 12.37 41197

1745564433
4.14 5.01 12.31 72301

1745564434
4.14 5.01 12.31 41760

1745564436
3.93 4.94 12.25 43423

1745564437
3.76 4.88 12.19 68172

1745564439
4.71 5.01 12.16 323981

1745564440
4.71 5.01 12.16 47456

1745564442
5.67 5.18 12.15 80609

1745564444
5.37 5.14 12.09 49616

1745564445
5.37 5.14 12.09 47110

1745564446
5.12 5.1 12.04 76758

1745564448
4.91 5.06 11.98 76335

1745564449
4.75 5.03 11.93 39189

1745564450
4.75 5.03 11.93 37378

1745564451
4.43 4.96 11.87 40829

1745564453
4.17 4.9 11.8 78493

1745564454
4.17 4.9 11.8 38779

1745564455
3.96 4.83 11.74 37829

1745564456
3.96 4.83 11.74 37441

1745564457
3.78 4.77 11.68 38469

1745564458
3.78 4.77 11.68 41600

1745564460
3.64 4.71 11.62 77881

1745564461
3.7 4.69 11.57 38529

1745564462
3.7 4.69 11.57 26077

1745564463
3.39 4.6 11.51 27603

1745564464
3.39 4.6 11.51 29181

1745564465
3.32 4.55 11.45 28379

1745564466
3.32 4.55 11.45 26055

1745564467
3.08 4.47 11.38 28052

1745564469
2.88 4.38 11.32 54981

1745564470
2.88 4.38 11.32 22606

1745564471
2.72 4.31 11.25 21647

1745564472
2.72 4.31 11.25 26059

1745564473
2.59 4.23 11.19 27448

1745564474
2.59 4.23 11.19 27080

1745564475
2.48 4.16 11.13 21328

1745564476
2.48 4.16 11.13 24038

1745564477
2.39 4.09 11.07 21141

1745564478
2.39 4.09 11.07 7593

1745564479
1.96 3.95 10.99 5654

1745564480
1.96 3.95 10.99 10204

1745564481
1.78 3.85 10.92 14486

1745564482
1.78 3.85 10.92 6140

1745564483
1.46 3.73 10.85 4080

1745564484
1.46 3.73 10.85 15022

1745564485
1.19 3.61 10.77 5884

1745564486
1.19 3.61 10.77 5164

1745564487
0.98 3.49 10.7 9930

1745564488
0.98 3.49 10.7 1631

1745564489
0.8 3.37 10.63 342

1745564490
0.8 3.37 10.63 249

1745564491
0.65 3.26 10.55 379

1745564492
0.65 3.26 10.55 288

1745564493
0.53 3.16 10.48 663

1745564494
0.53 3.16 10.48 4730

1745564495
0.44 3.05 10.41 9824

1745564496
0.44 3.05 10.41 12180

1745564497
0.54 2.98 10.34 12075

1745564499
0.62 2.92 10.28 31126

1745564500
0.62 2.92 10.28 20407

1745564502
0.69 2.86 10.22 30259

1745564503
0.74 2.79 10.15 7742

1745564504
0.74 2.79 10.15 13069

1745564505
0.79 2.74 10.09 14900

1745564506
0.79 2.74 10.09 9662

1745564507
0.83 2.68 10.03 14561

1745564508
0.83 2.68 10.03 8695

1745564509
0.68 2.59 9.96 8911

1745564510
0.68 2.59 9.96 14810

1745564511
0.73 2.54 9.9 14777

1745564512
0.73 2.54 9.9 11530

1745564513
0.6 2.45 9.83 8881

1745564514
0.6 2.45 9.83 9529

1745564515
0.67 2.41 9.77 13497

1745564516
0.67 2.41 9.77 12841

1745564517
0.73 2.36 9.71 14468

1745564519
0.78 2.32 9.65 27697

1745564520
0.78 2.32 9.65 4969

1745564521
0.64 2.24 9.58 413

1745564522
0.64 2.24 9.58 230

1745564523
0.52 2.17 9.52 3681

1745564524
0.52 2.17 9.52 2607

1745564525
0.43 2.09 9.45 2483

1745564526
0.43 2.09 9.45 10431

1745564527
0.35 2.03 9.39 4301

1745564528
0.35 2.03 9.39 7268

1745564529
0.28 1.96 9.32 3378

1745564530
0.28 1.96 9.32 7067

1745564531
0.23 1.89 9.26 2877

1745564532
0.23 1.89 9.26 4660

1745564533
0.19 1.83 9.19 4099

1745564534
0.19 1.83 9.19 5374

1745564535
0.15 1.77 9.13 13070

1745564536
0.15 1.77 9.13 5931

1745564537
0.12 1.71 9.07 8631

1745564538
0.12 1.71 9.07 8725

1745564539
0.1 1.66 9.01 3533

1745564540
0.1 1.66 9.01 6063

1745564541
0.08 1.6 8.94 8346

1745564542
0.08 1.6 8.94 5537

1745564543
0.07 1.55 8.88 7375

1745564544
0.07 1.55 8.88 8166

1745564545
0.05 1.5 8.82 5780

1745564546
0.05 1.5 8.82 5162

1745564547
0.04 1.45 8.76 6967

1745564548
0.04 1.45 8.76 6198

1745564549
0.03 1.4 8.7 8162

1745564550
0.03 1.4 8.7 6667

1745564551
0.03 1.35 8.64 7342

1745564552
0.03 1.35 8.64 5796

1745564553
0.02 1.31 8.58 8730

1745564554
0.02 1.31 8.58 8255

1745564555
0.02 1.27 8.52 9306

1745564557
0.01 1.22 8.46 14847

1745564558
0.01 1.22 8.46 8455

1745564560
0.19 1.22 8.41 16633

1745564561
0.15 1.18 8.36 5525

1745564562
0.15 1.18 8.36 5544

1745564563
0.12 1.14 8.3 13052

1745564564
0.12 1.14 8.3 5188

1745564565
0.1 1.1 8.24 10328

1745564566
0.1 1.1 8.24 8459

1745564567
0.08 1.06 8.18 9041

1745564568
0.08 1.06 8.18 10279

1745564569
0.07 1.03 8.13 9008

1745564570
0.07 1.03 8.13 13435

1745564571
0.23 1.03 8.08 11547

1745564572
0.23 1.03 8.08 6096

1745564573
0.19 0.99 8.02 8629

1745564574
0.19 0.99 8.02 12722

1745564575
0.34 0.99 7.98 8842

1745564576
0.34 0.99 7.98 8786

1745564577
0.27 0.96 7.92 5520

1745564578
0.27 0.96 7.92 8997

1745564579
0.22 0.93 7.87 8584

1745564580
0.22 0.93 7.87 8052

1745564581
0.18 0.9 7.81 8780

1745564582
0.18 0.9 7.81 11174

1745564583
0.15 0.87 7.76 7477

1745564584
0.15 0.87 7.76 7297

1745564585
0.12 0.84 7.71 9544

1745564586
0.12 0.84 7.71 9648

1745564587
0.28 0.84 7.66 10332

1745564588
0.28 0.84 7.66 9460

1745564589
0.23 0.82 7.61 9141

1745564590
0.23 0.82 7.61 8027

1745564591
0.18 0.79 7.55 7115

1745564592
0.18 0.79 7.55 6626

1745564593
0.15 0.76 7.5 7582

1745564594
0.15 0.76 7.5 8260

1745564595
0.12 0.74 7.45 11581

1745564596
0.12 0.74 7.45 8964

1745564597
0.1 0.71 7.4 10049

1745564598
0.1 0.71 7.4 9536

1745564599
0.08 0.69 7.35 7084

1745564600
0.08 0.69 7.35 7248

1745564601
0.06 0.67 7.3 10357

1745564602
0.06 0.67 7.3 11520

1745564603
0.05 0.64 7.25 7617

1745564604
0.05 0.64 7.25 8340

1745564605
0.04 0.62 7.2 9908

1745564606
0.04 0.62 7.2 7926

1745564607
0.03 0.6 7.15 8513

1745564608
0.03 0.6 7.15 7286

1745564609
0.03 0.58 7.1 8599

1745564610
0.03 0.58 7.1 9251

1745564611
0.02 0.56 7.05 5965

1745564612
0.02 0.56 7.05 8630

1745564613
0.01 0.54 7.0 13156

1745564614
0.01 0.54 7.0 4039

1745564615
0.01 0.53 6.95 8138

1745564616
0.01 0.53 6.95 6118

1745564617
0.01 0.51 6.91 11744

1745564618
0.01 0.51 6.91 8790

1745564619
0.01 0.49 6.86 6278

1745564620
0.01 0.49 6.86 9338

1745564621
0.0 0.47 6.81 8838

1745564622
0.0 0.47 6.81 9480

1745564623
0.0 0.46 6.77 9013

1745564624
0.0 0.46 6.77 7655

1745564625
0.0 0.44 6.72 8289

1745564626
0.0 0.44 6.72 5318

1745564627
0.0 0.43 6.67 6255

1745564628
0.0 0.43 6.67 4365

1745564629
0.0 0.41 6.63 6361

1745564630
0.0 0.41 6.63 9394

1745564631
0.0 0.4 6.58 7052

1745564632
0.0 0.4 6.58 8511

1745564633
0.0 0.39 6.54 8089

1745564634
0.0 0.39 6.54 8527

1745564635
0.0 0.37 6.49 10832

1745564636
0.0 0.37 6.49 9876

1745564637
0.0 0.36 6.45 8706

1745564638
0.0 0.36 6.45 6677

1745564639
0.0 0.35 6.4 6367

1745564640
0.0 0.35 6.4 8426

1745564641
0.0 0.34 6.36 7029

1745564642
0.0 0.34 6.36 8765

1745564643
0.18 0.36 6.32 10447

1745564644
0.18 0.36 6.32 6065

1745564646
0.14 0.35 6.28 18895

1745564647
0.12 0.33 6.23 10005

1745564648
0.12 0.33 6.23 10437

1745564649
0.28 0.36 6.2 11660

1745564650
0.28 0.36 6.2 8635

1745564651
0.22 0.34 6.16 8059

1745564652
0.22 0.34 6.16 9051

1745564653
0.18 0.33 6.11 9875

1745564654
0.18 0.33 6.11 7619

1745564655
0.15 0.32 6.07 12957

1745564656
0.15 0.32 6.07 9611

1745564657
0.3 0.34 6.04 6673

1745564658
0.3 0.34 6.04 8621

1745564659
0.25 0.33 5.99 9649

1745564660
0.25 0.33 5.99 7711

1745564661
0.2 0.32 5.95 5557

1745564662
0.2 0.32 5.95 8652

1745564663
0.16 0.31 5.91 9301

1745564664
0.16 0.31 5.91 12282

1745564665
0.13 0.3 5.87 6076

1745564666
0.13 0.3 5.87 9572

1745564667
0.11 0.29 5.83 8833

1745564668
0.11 0.29 5.83 11133

1745564669
0.09 0.28 5.79 5721

1745564670
0.09 0.28 5.79 5776

1745564671
0.07 0.27 5.75 13391

1745564672
0.07 0.27 5.75 5929

1745564673
0.06 0.26 5.71 7513

1745564674
0.06 0.26 5.71 9486

1745564675
0.04 0.25 5.67 7902

1745564676
0.04 0.25 5.67 8593

1745564677
0.04 0.24 5.63 7008

1745564678
0.04 0.24 5.63 3384

1745564679
0.03 0.23 5.59 360

1745564680
0.03 0.23 5.59 60

1745564681
0.02 0.23 5.56 173

1745564682
0.02 0.23 5.56 1308

1745564683
0.02 0.22 5.52 1117

1745564684
0.02 0.22 5.52 669

1745564685
0.01 0.21 5.48 3406

1745564686
0.01 0.21 5.48 3256

1745564687
0.01 0.2 5.44 5950

1745564688
0.01 0.2 5.44 8741

1745564689
0.19 0.23 5.41 10526

1745564690
0.19 0.23 5.41 8728

1745564691
0.15 0.22 5.37 11103

1745564692
0.15 0.22 5.37 9362

1745564693
0.12 0.21 5.34 9427

1745564694
0.12 0.21 5.34 6780

1745564695
0.1 0.21 5.3 6419

1745564696
0.1 0.21 5.3 5626

1745564697
0.08 0.2 5.26 9665

1745564698
0.08 0.2 5.26 8934

1745564699
0.07 0.19 5.23 7419

1745564700
0.07 0.19 5.23 9731

1745564701
0.05 0.19 5.19 7600

1745564702
0.05 0.19 5.19 10455

1745564703
0.04 0.18 5.16 6495

1745564704
0.04 0.18 5.16 8791

1745564705
0.03 0.17 5.12 6416

1745564706
0.03 0.17 5.12 8774

1745564707
0.03 0.17 5.09 10824

1745564708
0.03 0.17 5.09 6761

1745564709
0.02 0.16 5.05 5191

1745564710
0.02 0.16 5.05 8795

1745564711
0.02 0.16 5.02 4707

1745564712
0.02 0.16 5.02 4831

1745564713
0.01 0.15 4.98 5273

1745564714
0.01 0.15 4.98 7582

1745564715
0.01 0.14 4.95 7292

1745564716
0.01 0.14 4.95 6259

1745564717
0.01 0.14 4.91 4001

1745564718
0.01 0.14 4.91 10528

1745564719
0.0 0.13 4.88 5511

1745564720
0.0 0.13 4.88 6127

1745564721
0.0 0.13 4.85 10468

1745564722
0.0 0.13 4.85 6163

1745564723
0.0 0.12 4.81 7581

1745564725
0.0 0.12 4.78 16292

1745564726
0.0 0.12 4.78 5011

1745564727
0.0 0.12 4.75 7299

1745564728
0.0 0.12 4.75 9017

1745564729
0.0 0.11 4.71 10895

1745564730
0.0 0.11 4.71 6834

1745564731
0.0 0.11 4.68 7314

1745564732
0.0 0.11 4.68 9460

1745564733
0.0 0.1 4.65 9735

1745564734
0.0 0.1 4.65 5384

1745564735
0.0 0.1 4.62 12007

1745564736
0.0 0.1 4.62 7208

1745564737
0.0 0.1 4.58 7005

1745564738
0.0 0.1 4.58 8843

1745564739
0.18 0.13 4.56 11012

1745564740
0.18 0.13 4.56 11450

1745564741
0.33 0.15 4.54 11988

1745564742
0.33 0.15 4.54 13706

1745564743
0.45 0.18 4.51 9396

1745564744
0.45 0.18 4.51 11850

1745564745
0.55 0.21 4.49 13490

1745564746
0.55 0.21 4.49 7410

1745564747
0.45 0.2 4.46 10368

1745564748
0.45 0.2 4.46 8927

1745564749
0.36 0.2 4.42 6654

1745564750
0.36 0.2 4.42 5844

1745564751
0.3 0.19 4.39 10171

1745564752
0.3 0.19 4.39 8013

1745564753
0.24 0.18 4.36 3096

1745564754
0.24 0.18 4.36 8890

1745564755
0.2 0.18 4.33 8047

1745564756
0.2 0.18 4.33 9341

1745564757
0.16 0.17 4.3 7806

1745564758
0.16 0.17 4.3 6895

1745564759
0.13 0.16 4.27 6253

1745564760
0.13 0.16 4.27 9836

1745564761
0.11 0.16 4.24 11929

1745564762
0.11 0.16 4.24 5774

1745564763
0.09 0.15 4.22 10077

1745564764
0.09 0.15 4.22 7201

1745564765
0.07 0.15 4.19 9668

1745564766
0.07 0.15 4.19 7074

1745564767
0.06 0.14 4.16 2445

1745564768
0.06 0.14 4.16 5070

1745564769
0.04 0.14 4.13 5023

1745564770
0.04 0.14 4.13 2991

1745564771
0.03 0.13 4.1 6881

1745564772
0.03 0.13 4.1 7872

1745564773
0.03 0.13 4.07 5311

1745564774
0.03 0.13 4.07 8797

1745564775
0.02 0.12 4.04 6820

1745564776
0.02 0.12 4.04 9698

1745564777
0.02 0.12 4.02 10339

1745564778
0.02 0.12 4.02 4985

1745564779
0.01 0.11 3.99 9818

1745564780
0.01 0.11 3.99 9580

1745564781
0.01 0.11 3.96 6580

1745564782
0.01 0.11 3.96 5786

1745564783
0.01 0.11 3.93 6568

1745564784
0.01 0.11 3.93 6912

1745564785
0.0 0.1 3.91 4666

1745564786
0.0 0.1 3.91 6911

1745564787
0.0 0.1 3.88 6144

1745564788
0.0 0.1 3.88 5171

1745564789
0.0 0.09 3.85 4745

1745564790
0.0 0.09 3.85 8825

1745564791
0.0 0.09 3.83 9384

1745564792
0.0 0.09 3.83 5636

1745564793
0.0 0.09 3.8 11301

1745564794
0.0 0.09 3.8 7772

1745564795
0.0 0.08 3.77 10781

1745564796
0.0 0.08 3.77 11158

1745564797
0.18 0.11 3.75 8990

1745564798
0.18 0.11 3.75 12450

1745564799
0.33 0.14 3.73 10039

1745564800
0.33 0.14 3.73 6836

1745564801
0.27 0.14 3.71 3219

1745564802
0.27 0.14 3.71 4086

1745564803
0.22 0.13 3.68 7031

1745564804
0.22 0.13 3.68 12520

1745564805
0.36 0.16 3.66 11223

1745564806
0.36 0.16 3.66 7148

1745564807
0.29 0.16 3.64 10603

1745564808
0.29 0.16 3.64 3048

1745564809
0.24 0.15 3.61 594

1745564810
0.24 0.15 3.61 175

1745564811
0.19 0.15 3.59 772

1745564812
0.19 0.15 3.59 302

1745564813
0.16 0.14 3.56 1113

1745564814
0.16 0.14 3.56 3582

1745564815
0.13 0.14 3.54 2685

1745564816
0.13 0.14 3.54 4714

1745564817
0.1 0.13 3.52 10865

1745564818
0.1 0.13 3.52 14273

1745564819
0.26 0.16 3.5 8404

1745564820
0.26 0.16 3.5 4596

1745564821
0.22 0.15 3.47 9689

1745564822
0.22 0.15 3.47 8476

1745564823
0.18 0.15 3.45 6401

1745564824
0.18 0.15 3.45 8496

1745564825
0.14 0.14 3.43 4595

1745564826
0.14 0.14 3.43 7042

1745564827
0.12 0.14 3.4 6289

1745564828
0.12 0.14 3.4 7943

1745564829
0.09 0.13 3.38 4630

1745564830
0.09 0.13 3.38 5839

1745564831
0.08 0.13 3.35 8466

1745564832
0.08 0.13 3.35 11311

1745564833
0.06 0.12 3.33 8400

1745564834
0.06 0.12 3.33 5188

1745564835
0.05 0.12 3.31 7647

1745564836
0.05 0.12 3.31 10168

1745564837
0.04 0.11 3.29 6152

1745564838
0.04 0.11 3.29 5975

1745564839
0.03 0.11 3.26 4855

1745564840
0.03 0.11 3.26 7057

1745564841
0.02 0.11 3.24 9071

1745564842
0.02 0.11 3.24 7933

1745564843
0.02 0.1 3.22 7874

1745564844
0.02 0.1 3.22 8124

1745564845
0.01 0.1 3.2 5891

1745564846
0.01 0.1 3.2 10745

1745564847
0.01 0.1 3.17 9402

1745564849
0.01 0.09 3.15 16371

1745564850
0.01 0.09 3.15 9385

1745564851
0.0 0.09 3.13 8011

1745564852
0.0 0.09 3.13 8717

1745564853
0.0 0.08 3.11 5474

1745564854
0.0 0.08 3.11 8534

1745564855
0.0 0.08 3.09 8732

1745564856
0.0 0.08 3.09 4249

1745564857
0.0 0.08 3.06 6586

1745564858
0.0 0.08 3.06 5854

1745564859
0.0 0.08 3.04 5218

1745564860
0.0 0.08 3.04 7778

1745564861
0.0 0.07 3.02 10012

1745564862
0.0 0.07 3.02 20504

1745564863
0.18 0.1 3.01 12368

1745564864
0.18 0.1 3.01 6598

1745564865
0.14 0.1 2.99 7861

1745564866
0.14 0.1 2.99 9449

1745564867
0.12 0.1 2.97 6176

1745564869
0.1 0.09 2.95 16452

1745564870
0.1 0.09 2.95 7206

1745564871
0.08 0.09 2.93 6559

1745564872
0.08 0.09 2.93 4124

1745564873
0.06 0.09 2.91 5791

1745564874
0.06 0.09 2.91 14733

1745564875
0.23 0.12 2.89 8987

1745564876
0.23 0.12 2.89 7153

1745564877
0.19 0.11 2.87 7407

1745564878
0.19 0.11 2.87 10363

1745564879
0.15 0.11 2.85 9439

1745564880
0.15 0.11 2.85 8200

1745564881
0.12 0.1 2.83 5038

1745564882
0.12 0.1 2.83 6411

1745564883
0.1 0.1 2.81 10272

1745564884
0.1 0.1 2.81 3933

1745564885
0.08 0.1 2.79 8064

1745564886
0.08 0.1 2.79 7925

1745564887
0.07 0.09 2.77 10000

1745564888
0.07 0.09 2.77 9056

1745564889
0.05 0.09 2.75 7622

1745564890
0.05 0.09 2.75 8215

1745564891
0.04 0.09 2.74 4429

1745564892
0.04 0.09 2.74 3772

1745564893
0.03 0.08 2.72 8643

1745564894
0.03 0.08 2.72 6333

1745564895
0.03 0.08 2.7 8045

1745564896
0.03 0.08 2.7 6994

1745564897
0.02 0.08 2.68 8093

1745564898
0.02 0.08 2.68 10796

1745564899
0.2 0.11 2.67 9380

1745564900
0.2 0.11 2.67 7898

1745564901
0.16 0.1 2.65 8932

1745564902
0.16 0.1 2.65 9259

1745564903
0.13 0.1 2.63 3424

1745564904
0.13 0.1 2.63 3608

1745564905
0.11 0.1 2.61 9701

1745564906
0.11 0.1 2.61 10512

1745564907
0.27 0.12 2.6 9884

1745564908
0.27 0.12 2.6 6165

1745564909
0.22 0.12 2.58 8712

1745564910
0.22 0.12 2.58 10002

1745564911
0.18 0.12 2.56 7791

1745564912
0.18 0.12 2.56 6055

1745564913
0.14 0.11 2.55 8997

1745564914
0.14 0.11 2.55 6134

1745564915
0.12 0.11 2.53 7707

1745564916
0.12 0.11 2.53 6333

1745564917
0.09 0.1 2.51 10686

1745564918
0.09 0.1 2.51 7292

1745564919
0.08 0.1 2.49 9819

1745564920
0.08 0.1 2.49 7101

1745564921
0.06 0.1 2.48 5583

1745564923
0.05 0.09 2.46 16192

1745564924
0.05 0.09 2.46 5560

1745564925
0.04 0.09 2.44 3899

1745564926
0.04 0.09 2.44 7049

1745564927
0.03 0.09 2.43 9809

1745564928
0.03 0.09 2.43 5219

1745564929
0.02 0.08 2.41 7055

1745564930
0.02 0.08 2.41 5204

1745564931
0.02 0.08 2.39 3261

1745564932
0.02 0.08 2.39 8831

1745564933
0.01 0.08 2.38 9826

1745564934
0.01 0.08 2.38 4436

1745564935
0.01 0.07 2.36 5776

1745564936
0.01 0.07 2.36 8363

1745564937
0.01 0.07 2.34 6567

1745564938
0.01 0.07 2.34 9367

1745564939
0.0 0.07 2.33 7843

1745564940
0.0 0.07 2.33 9295

1745564941
0.0 0.07 2.31 7764

1745564942
0.0 0.07 2.31 6672

1745564943
0.0 0.06 2.29 7308

1745564944
0.0 0.06 2.29 9967

1745564945
0.0 0.06 2.28 7120

1745564946
0.0 0.06 2.28 12170

1745564947
0.0 0.06 2.26 9462

1745564948
0.0 0.06 2.26 5492

1745564949
0.0 0.06 2.25 6268

1745564950
0.0 0.06 2.25 6285

1745564951
0.0 0.05 2.23 9755

1745564952
0.0 0.05 2.23 7287

1745564953
0.0 0.05 2.22 6710

1745564954
0.0 0.05 2.22 4129

1745564956
0.0 0.05 2.2 11673

1745564957
0.0 0.05 2.18 11789

1745564958
0.0 0.05 2.18 3221

1745564959
0.0 0.05 2.17 7151

1745564960
0.0 0.05 2.17 11725

1745564961
0.18 0.08 2.16 10522

1745564962
0.18 0.08 2.16 7862

1745564963
0.14 0.07 2.15 2001

1745564964
0.14 0.07 2.15 434

1745564965
0.12 0.07 2.13 270

1745564966
0.12 0.07 2.13 525

1745564967
0.09 0.07 2.12 2692

1745564968
0.09 0.07 2.12 177

1745564969
0.08 0.07 2.1 3913

1745564970
0.08 0.07 2.1 1743

1745564971
0.06 0.06 2.09 2583

1745564972
0.06 0.06 2.09 5273

1745564973
0.05 0.06 2.07 11252

1745564974
0.05 0.06 2.07 7223

1745564975
0.04 0.06 2.06 2208

1745564976
0.04 0.06 2.06 9081

1745564977
0.21 0.09 2.05 14879

1745564978
0.21 0.09 2.05 5516

1745564979
0.17 0.09 2.04 4254

1745564980
0.17 0.09 2.04 14634

1745564981
0.32 0.12 2.03 12328

1745564982
0.32 0.12 2.03 8277

1745564983
0.26 0.11 2.02 5977

1745564984
0.26 0.11 2.02 5595

1745564985
0.21 0.11 2.0 10967

1745564986
0.21 0.11 2.0 9512

1745564987
0.36 0.14 1.99 14432

1745564988
0.36 0.14 1.99 7636

1745564989
0.29 0.13 1.98 7108

1745564991
0.42 0.16 1.97 19617

1745564992
0.42 0.16 1.97 10983

1745564993
0.52 0.19 1.97 10635

1745564994
0.52 0.19 1.97 13590

1745564995
0.61 0.21 1.96 12133

1745564996
0.61 0.21 1.96 9947

1745564997
0.68 0.24 1.95 10731

1745564998
0.68 0.24 1.95 8758

1745564999
0.56 0.23 1.94 6639

1745565000
0.56 0.23 1.94 9707

1745565001
0.45 0.22 1.93 6815

1745565002
0.45 0.22 1.93 13147

1745565003
0.55 0.25 1.92 10534

1745565004
0.55 0.25 1.92 7249

1745565005
0.45 0.24 1.91 8054

1745565006
0.45 0.24 1.91 10984

1745565007
0.37 0.23 1.89 5436

1745565008
0.37 0.23 1.89 11361

1745565009
0.48 0.26 1.89 13255

1745565011
0.39 0.25 1.87 14962

1745565012
0.39 0.25 1.87 10544

1745565013
0.5 0.27 1.87 9389

1745565014
0.5 0.27 1.87 4508

1745565015
0.41 0.26 1.85 6247

1745565016
0.41 0.26 1.85 10199

1745565017
0.33 0.25 1.84 2338

1745565018
0.33 0.25 1.84 5246

1745565019
0.45 0.28 1.83 18115

1745565020
0.45 0.28 1.83 10914

1745565021
0.37 0.27 1.82 5640

1745565022
0.37 0.27 1.82 8201

1745565023
0.48 0.29 1.82 17486

1745565024
0.48 0.29 1.82 8723

1745565025
0.58 0.32 1.81 11212

1745565026
0.58 0.32 1.81 13431

1745565027
0.65 0.34 1.8 9012

1745565028
0.65 0.34 1.8 5560

1745565029
0.53 0.33 1.79 9486

1745565030
0.53 0.33 1.79 12259

1745565031
0.62 0.35 1.79 7562

1745565032
0.62 0.35 1.79 8339

1745565033
0.5 0.34 1.77 10520

1745565034
0.5 0.34 1.77 11963

1745565035
0.59 0.36 1.77 9432

1745565036
0.59 0.36 1.77 33160

1745565037
0.85 0.41 1.77 9384

1745565038
0.85 0.41 1.77 9046

1745565039
0.69 0.4 1.76 10230

1745565040
0.69 0.4 1.76 19269

1745565041
0.75 0.42 1.75 9432

1745565042
0.75 0.42 1.75 9796

1745565043
0.61 0.4 1.74 9542

1745565044
0.61 0.4 1.74 6835

1745565045
0.5 0.39 1.73 5636

1745565046
0.5 0.39 1.73 7305

1745565047
0.41 0.38 1.71 5655

1745565048
0.41 0.38 1.71 5465

1745565049
0.33 0.37 1.7 8355

1745565050
0.33 0.37 1.7 5753

1745565051
0.27 0.35 1.69 5323

1745565052
0.27 0.35 1.69 5409

1745565053
0.22 0.34 1.68 6188

1745565054
0.22 0.34 1.68 12626

1745565055
0.18 0.33 1.67 6131

1745565056
0.18 0.33 1.67 4039

1745565057
0.15 0.32 1.66 7761

1745565058
0.15 0.32 1.66 4573

1745565059
0.12 0.31 1.64 4682

1745565060
0.12 0.31 1.64 7315

1745565061
0.1 0.3 1.63 7089

1745565062
0.1 0.3 1.63 7879

1745565063
0.08 0.29 1.62 9076

1745565064
0.08 0.29 1.62 6230

1745565065
0.06 0.28 1.61 8767

1745565067
0.05 0.27 1.6 17328

1745565068
0.05 0.27 1.6 8784

1745565069
0.04 0.26 1.59 7360

1745565070
0.04 0.26 1.59 8418

1745565071
0.03 0.25 1.58 9942

1745565072
0.03 0.25 1.58 4142

1745565073
0.02 0.24 1.56 5989

1745565074
0.02 0.24 1.56 7827

1745565075
0.02 0.23 1.55 5147

1745565076
0.02 0.23 1.55 6550

1745565077
0.01 0.22 1.54 8752

1745565078
0.01 0.22 1.54 6355

1745565079
0.01 0.22 1.53 9392

1745565080
0.01 0.22 1.53 8777

1745565081
0.01 0.21 1.52 4759

1745565082
0.01 0.21 1.52 8222

1745565083
0.01 0.2 1.51 7700

1745565084
0.01 0.2 1.51 9289

1745565085
0.0 0.2 1.5 7287

1745565086
0.0 0.2 1.5 6516

1745565087
0.0 0.19 1.49 6473

1745565088
0.0 0.19 1.49 9018

1745565089
0.0 0.18 1.48 7106

1745565090
0.0 0.18 1.48 9399

1745565091
0.0 0.18 1.47 9892

1745565092
0.0 0.18 1.47 9384

1745565093
0.0 0.17 1.46 3041

1745565094
0.0 0.17 1.46 526

1745565095
0.0 0.16 1.45 158

1745565096
0.0 0.16 1.45 127

1745565097
0.0 0.16 1.44 438

1745565098
0.0 0.16 1.44 5765

1745565099
0.0 0.15 1.43 3503

1745565100
0.0 0.15 1.43 5041

1745565101
0.0 0.15 1.42 8983

1745565102
0.0 0.15 1.42 11111

1745565103
0.0 0.14 1.41 7976

1745565104
0.0 0.14 1.41 5191

1745565105
0.0 0.14 1.4 6132

1745565106
0.0 0.14 1.4 4730

1745565107
0.0 0.13 1.39 6884

1745565108
0.0 0.13 1.39 3487

1745565109
0.0 0.13 1.38 4427

1745565110
0.0 0.13 1.38 3852

1745565111
0.0 0.12 1.37 8152

1745565112
0.0 0.12 1.37 8285

1745565113
0.0 0.12 1.36 5420

1745565114
0.0 0.12 1.36 11683

1745565115
0.18 0.15 1.36 9059

1745565116
0.18 0.15 1.36 8018

1745565117
0.14 0.14 1.35 4737

1745565118
0.14 0.14 1.35 7643

1745565119
0.12 0.14 1.34 9049

1745565120
0.12 0.14 1.34 3526

1745565121
0.09 0.13 1.33 4885

1745565122
0.09 0.13 1.33 6399

1745565123
0.08 0.13 1.32 5653

1745565124
0.08 0.13 1.32 3167

1745565125
0.06 0.12 1.31 4560

1745565126
0.06 0.12 1.31 4835

1745565127
0.05 0.12 1.3 7105

1745565128
0.05 0.12 1.3 4636

1745565129
0.04 0.11 1.29 7286

1745565130
0.04 0.11 1.29 5315

1745565131
0.03 0.11 1.28 12529

1745565133
0.02 0.11 1.27 9005

1745565134
0.02 0.11 1.27 8397

1745565135
0.02 0.1 1.26 6461

1745565136
0.02 0.1 1.26 4770

1745565137
0.01 0.1 1.25 5907

1745565139
0.01 0.1 1.25 16188

1745565140
0.01 0.1 1.25 8553

1745565141
0.01 0.09 1.24 4345

1745565142
0.01 0.09 1.24 5995

1745565144
0.0 0.09 1.23 6675

1745565145
0.0 0.08 1.22 4243

1745565146
0.0 0.08 1.22 6007

1745565147
0.0 0.08 1.21 8217

1745565148
0.0 0.08 1.21 5350

1745565149
0.0 0.08 1.2 5804

1745565150
0.0 0.08 1.2 4882

1745565151
0.0 0.08 1.19 7095

1745565152
0.0 0.08 1.19 7629

1745565153
0.0 0.07 1.19 11171

1745565154
0.0 0.07 1.19 5948

1745565155
0.0 0.07 1.18 2530

1745565156
0.0 0.07 1.18 6642

1745565157
0.0 0.07 1.17 5415

1745565158
0.0 0.07 1.17 6161

1745565159
0.0 0.06 1.16 7069

1745565160
0.0 0.06 1.16 5168

1745565161
0.0 0.06 1.15 6486

1745565162
0.0 0.06 1.15 8622

1745565163
0.0 0.06 1.14 9708

1745565164
0.0 0.06 1.14 3937

1745565165
0.0 0.06 1.14 9461

1745565166
0.0 0.06 1.14 7325

1745565167
0.0 0.05 1.13 6750

1745565168
0.0 0.05 1.13 6317

1745565169
0.0 0.05 1.12 3124

1745565170
0.0 0.05 1.12 4708

1745565171
0.0 0.05 1.11 8719

1745565172
0.0 0.05 1.11 6638

1745565173
0.0 0.05 1.1 5380

1745565174
0.0 0.05 1.1 3097

1745565175
0.0 0.05 1.1 7430

1745565176
0.0 0.05 1.1 7929

1745565177
0.0 0.04 1.09 4811

1745565178
0.0 0.04 1.09 6678

1745565179
0.0 0.04 1.08 8191

1745565180
0.0 0.04 1.08 10302

1745565181
0.0 0.04 1.07 6933

1745565182
0.0 0.04 1.07 3687

1745565183
0.0 0.04 1.07 7195

1745565184
0.0 0.04 1.07 7302

1745565185
0.0 0.04 1.06 8128

1745565186
0.0 0.04 1.06 5110

1745565187
0.0 0.04 1.05 9378

1745565188
0.0 0.04 1.05 6263

1745565189
0.0 0.03 1.04 9855

1745565190
0.0 0.03 1.04 6969

1745565191
0.0 0.03 1.04 4616

1745565192
0.0 0.03 1.04 11169

1745565193
0.18 0.06 1.04 10138

1745565194
0.18 0.06 1.04 4342

1745565195
0.14 0.06 1.03 7075

1745565196
0.14 0.06 1.03 10141

1745565198
0.12 0.06 1.02 14138

1745565199
0.28 0.09 1.02 11847

1745565200
0.28 0.09 1.02 9575

1745565201
0.22 0.09 1.01 8341

1745565203
0.18 0.08 1.01 10778

1745565204
0.18 0.08 1.01 5676

1745565205
0.15 0.08 1.0 8220

1745565206
0.15 0.08 1.0 7624

1745565207
0.12 0.08 0.99 3361

1745565208
0.12 0.08 0.99 6825

1745565209
0.1 0.08 0.98 12507

1745565210
0.1 0.08 0.98 6075

1745565212
0.08 0.07 0.98 15713

1745565213
0.06 0.07 0.97 6626

1745565214
0.06 0.07 0.97 10006

1745565215
0.05 0.07 0.96 6013

1745565216
0.05 0.07 0.96 9369

1745565217
0.04 0.06 0.96 6713

1745565218
0.04 0.06 0.96 8369

1745565219
0.03 0.06 0.95 9541

1745565220
0.03 0.06 0.95 5347

1745565221
0.03 0.06 0.94 3713

1745565222
0.03 0.06 0.94 5032

1745565223
0.02 0.06 0.94 7095

1745565224
0.02 0.06 0.94 3268

1745565225
0.01 0.05 0.93 10455

1745565226
0.01 0.05 0.93 11040

1745565227
0.01 0.05 0.92 7187

1745565228
0.01 0.05 0.92 5931

1745565229
0.01 0.05 0.92 5983

1745565230
0.01 0.05 0.92 8131

1745565231
0.01 0.05 0.91 4906

1745565232
0.01 0.05 0.91 5565

1745565233
0.0 0.05 0.9 6564

1745565234
0.0 0.05 0.9 6974

1745565235
0.0 0.04 0.9 10152

1745565236
0.0 0.04 0.9 9450

1745565237
0.0 0.04 0.89 9343

1745565238
0.0 0.04 0.89 7070

1745565239
0.0 0.04 0.88 7481

1745565240
0.0 0.04 0.88 5029

1745565242
0.0 0.04 0.88 13969

1745565243
0.0 0.04 0.87 7116

1745565244
0.0 0.04 0.87 5604

1745565245
0.0 0.04 0.87 5766

1745565246
0.0 0.04 0.87 4765

1745565247
0.0 0.03 0.86 5974

1745565248
0.0 0.03 0.86 4969

1745565249
0.0 0.03 0.85 5081

1745565250
0.0 0.03 0.85 7907

1745565251
0.0 0.03 0.85 4848

1745565252
0.0 0.03 0.85 5591

1745565253
0.0 0.03 0.84 6070

1745565254
0.0 0.03 0.84 5727

1745565255
0.0 0.03 0.83 5339

1745565256
0.0 0.03 0.83 5780

1745565257
0.0 0.03 0.83 7852

1745565258
0.0 0.03 0.83 8682

1745565259
0.0 0.03 0.82 7874

1745565260
0.0 0.03 0.82 7654

1745565261
0.0 0.02 0.82 9760

1745565262
0.0 0.02 0.82 4076

1745565263
0.0 0.02 0.81 3426

1745565264
0.0 0.02 0.81 447

1745565265
0.0 0.02 0.81 794

1745565266
0.0 0.02 0.81 389

1745565267
0.0 0.02 0.8 182

1745565268
0.0 0.02 0.8 6305

1745565269
0.0 0.02 0.79 10452

1745565270
0.0 0.02 0.79 6140

1745565271
0.0 0.02 0.79 4729

1745565272
0.0 0.02 0.79 5812

1745565273
0.0 0.02 0.78 6385

1745565274
0.0 0.02 0.78 4711

1745565275
0.0 0.02 0.78 4708

1745565276
0.0 0.02 0.78 7361

1745565277
0.0 0.02 0.77 3759

1745565278
0.0 0.02 0.77 7595

1745565279
0.0 0.02 0.77 4202

1745565280
0.0 0.02 0.77 8928

1745565281
0.0 0.01 0.76 10044

1745565282
0.0 0.01 0.76 10654

1745565283
0.0 0.01 0.75 7976

1745565284
0.0 0.01 0.75 5905

1745565286
0.0 0.01 0.75 16327

1745565287
0.0 0.01 0.74 4813

1745565288
0.0 0.01 0.74 5963

1745565289
0.0 0.01 0.74 8745

1745565290
0.0 0.01 0.74 4071

1745565291
0.0 0.01 0.73 8201

1745565292
0.0 0.01 0.73 8185

1745565293
0.0 0.01 0.73 5635

1745565294
0.0 0.01 0.73 8087

1745565295
0.0 0.01 0.72 11737

1745565296
0.0 0.01 0.72 4938

1745565297
0.0 0.01 0.72 4081

1745565298
0.0 0.01 0.72 5360

1745565299
0.0 0.01 0.71 6614

1745565300
0.0 0.01 0.71 8906

1745565301
0.18 0.04 0.71 11466

1745565302
0.18 0.04 0.71 7075

1745565303
0.14 0.04 0.71 4944

1745565304
0.14 0.04 0.71 4866

1745565305
0.12 0.04 0.7 5557

1745565306
0.12 0.04 0.7 8651

1745565307
0.09 0.04 0.7 7474

1745565308
0.09 0.04 0.7 7862

1745565309
0.08 0.03 0.69 6198

1745565310
0.08 0.03 0.69 5252

1745565311
0.06 0.03 0.69 7071

1745565313
0.05 0.03 0.68 15928

1745565314
0.05 0.03 0.68 9499

1745565315
0.04 0.03 0.68 8017

1745565316
0.04 0.03 0.68 9014

1745565317
0.03 0.03 0.67 3165

1745565318
0.03 0.03 0.67 5161

1745565319
0.02 0.03 0.67 4092

1745565320
0.02 0.03 0.67 4979

1745565321
0.02 0.03 0.66 7043

1745565322
0.02 0.03 0.66 10295

1745565323
0.01 0.02 0.66 5079

1745565324
0.01 0.02 0.66 3969

1745565325
0.01 0.02 0.65 4815

1745565326
0.01 0.02 0.65 9627

1745565327
0.01 0.02 0.65 8718

1745565328
0.01 0.02 0.65 4088

1745565329
0.0 0.02 0.64 5294

1745565330
0.0 0.02 0.64 6447

1745565331
0.0 0.02 0.64 5241

1745565332
0.0 0.02 0.64 4415

1745565333
0.0 0.02 0.64 3467

1745565334
0.0 0.02 0.64 3030

1745565335
0.0 0.02 0.63 3097

1745565336
0.0 0.02 0.63 4679

1745565337
0.0 0.02 0.63 3139

1745565338
0.0 0.02 0.63 7086

1745565339
0.0 0.02 0.62 4945

1745565340
0.0 0.02 0.62 6684

1745565341
0.0 0.02 0.62 8303

1745565342
0.0 0.02 0.62 5232

1745565343
0.0 0.01 0.61 5452

1745565344
0.0 0.01 0.61 9288

1745565345
0.0 0.01 0.61 6841

1745565346
0.0 0.01 0.61 6688

1745565347
0.0 0.01 0.6 9769

1745565348
0.0 0.01 0.6 6770

1745565349
0.0 0.01 0.6 7706

1745565350
0.0 0.01 0.6 7942

1745565351
0.0 0.01 0.6 8922

1745565352
0.0 0.01 0.6 6722

1745565353
0.0 0.01 0.59 5120

1745565354
0.0 0.01 0.59 444

1745565355
0.0 0.01 0.59 368

1745565356
0.0 0.01 0.59 410

1745565357
0.0 0.01 0.58 397

1745565358
0.0 0.01 0.58 4449

1745565359
0.0 0.01 0.58 1523

1745565360
0.0 0.01 0.58 3287

1745565361
0.0 0.01 0.57 5079

1745565362
0.0 0.01 0.57 11422

1745565363
0.0 0.01 0.57 6844

1745565364
0.0 0.01 0.57 11053

1745565365
0.0 0.01 0.56 6881

1745565366
0.0 0.01 0.56 7843

1745565367
0.0 0.01 0.56 11182

1745565368
0.0 0.01 0.56 4912

1745565369
0.0 0.01 0.56 6109

1745565370
0.0 0.01 0.56 6740

1745565371
0.0 0.0 0.55 4063

1745565372
0.0 0.0 0.55 5305

1745565373
0.0 0.0 0.55 7218

1745565374
0.0 0.0 0.55 8945

1745565375
0.0 0.0 0.55 9915

1745565376
0.0 0.0 0.55 4349

1745565377
0.0 0.0 0.54 9584

1745565378
0.0 0.0 0.54 8683

1745565379
0.0 0.0 0.54 7033

1745565380
0.0 0.0 0.54 7029

1745565381
0.0 0.0 0.53 4859

1745565382
0.0 0.0 0.53 4762

1745565383
0.0 0.0 0.53 9176

1745565384
0.0 0.0 0.53 5870

1745565385
0.0 0.0 0.53 6119

1745565386
0.0 0.0 0.53 5034

1745565387
0.0 0.0 0.52 6862

1745565388
0.0 0.0 0.52 6054

1745565389
0.0 0.0 0.52 12133

1745565390
0.0 0.0 0.52 8504

1745565391
0.0 0.0 0.51 8896

1745565392
0.0 0.0 0.51 10445

1745565393
0.0 0.0 0.51 5459

1745565394
0.0 0.0 0.51 6990

1745565395
0.0 0.0 0.51 6431

1745565396
0.0 0.0 0.51 9178

1745565397
0.0 0.0 0.5 7852

1745565398
0.0 0.0 0.5 6368

1745565399
0.0 0.0 0.5 7427

1745565400
0.0 0.0 0.5 6779

1745565402
0.0 0.0 0.49 16829

1745565403
0.0 0.0 0.49 8566

1745565404
0.0 0.0 0.49 2913

1745565405
0.0 0.0 0.49 9507

1745565406
0.0 0.0 0.49 9974

1745565407
0.0 0.0 0.48 7861

1745565408
0.0 0.0 0.48 10321

1745565409
0.0 0.0 0.48 5473

1745565410
0.0 0.0 0.48 17534

1745565411
0.18 0.03 0.48 10686

1745565412
0.18 0.03 0.48 4246

1745565413
0.14 0.03 0.48 5132

1745565414
0.14 0.03 0.48 10676

1745565415
0.12 0.03 0.48 7411

1745565416
0.12 0.03 0.48 9316

1745565417
0.09 0.02 0.47 8013

1745565418
0.09 0.02 0.47 6511

1745565419
0.08 0.02 0.47 6366

1745565421
0.06 0.02 0.47 8164

1745565422
0.06 0.02 0.47 7819

1745565423
0.05 0.02 0.46 4927

1745565424
0.05 0.02 0.46 4701

1745565425
0.04 0.02 0.46 3587

1745565426
0.04 0.02 0.46 3873

1745565427
0.03 0.02 0.46 6032

1745565428
0.03 0.02 0.46 5932

1745565429
0.02 0.02 0.45 3245

1745565430
0.02 0.02 0.45 5151

1745565431
0.02 0.02 0.45 5431

1745565432
0.02 0.02 0.45 7854

1745565433
0.01 0.02 0.45 5878

1745565434
0.01 0.02 0.45 5219

1745565435
0.01 0.02 0.44 6540

1745565436
0.01 0.02 0.44 5588

1745565437
0.01 0.01 0.44 7576

1745565438
0.01 0.01 0.44 7511

1745565439
0.0 0.01 0.44 6512

1745565440
0.0 0.01 0.44 4238

1745565441
0.0 0.01 0.43 8347

1745565442
0.0 0.01 0.43 5874

1745565443
0.0 0.01 0.43 7452

1745565444
0.0 0.01 0.43 8585

1745565445
0.0 0.01 0.43 7028

1745565446
0.0 0.01 0.43 6631

1745565447
0.0 0.01 0.42 6576

1745565448
0.0 0.01 0.42 5788

1745565449
0.0 0.01 0.42 4555

1745565450
0.0 0.01 0.42 4777

1745565451
0.0 0.01 0.42 6857

1745565452
0.0 0.01 0.42 6520

1745565453
0.0 0.01 0.41 3487

1745565454
0.0 0.01 0.41 4558

1745565455
0.0 0.01 0.41 4504

1745565456
0.0 0.01 0.41 2674

1745565457
0.0 0.01 0.41 4788

1745565458
0.0 0.01 0.41 6011

1745565459
0.0 0.01 0.41 3524

1745565460
0.0 0.01 0.41 4938

1745565461
0.0 0.01 0.41 2479

1745565462
0.0 0.01 0.4 5466

1745565463
0.0 0.01 0.4 4993

1745565464
0.0 0.01 0.4 2567

1745565465
0.0 0.01 0.4 6520

1745565466
0.0 0.0 0.4 5636

1745565467
0.0 0.0 0.4 8735

1745565468
0.0 0.0 0.39 9380

1745565469
0.0 0.0 0.39 3973

1745565471
0.0 0.0 0.39 11459

1745565472
0.0 0.0 0.39 4437

1745565473
0.0 0.0 0.39 5400

1745565474
0.0 0.0 0.39 3970

1745565475
0.0 0.0 0.39 5468

1745565476
0.0 0.0 0.38 6289

1745565477
0.0 0.0 0.38 3751

1745565478
0.0 0.0 0.38 6175

1745565479
0.0 0.0 0.38 6141

1745565480
0.0 0.0 0.38 4014

1745565481
0.0 0.0 0.38 6669

1745565482
0.0 0.0 0.37 1628

1745565483
0.0 0.0 0.37 5177

1745565484
0.0 0.0 0.37 4091

1745565485
0.0 0.0 0.37 6456

1745565486
0.0 0.0 0.37 8832

1745565487
0.0 0.0 0.37 2866

1745565488
0.0 0.0 0.36 7243

1745565489
0.0 0.0 0.36 4167

1745565490
0.0 0.0 0.36 4939

1745565491
0.0 0.0 0.36 7148

1745565492
0.0 0.0 0.36 2136

1745565493
0.0 0.0 0.36 3772

1745565494
0.0 0.0 0.36 675

1745565495
0.0 0.0 0.36 300

1745565496
0.0 0.0 0.35 132

1745565497
0.0 0.0 0.35 43

1745565498
0.0 0.0 0.35 2018

1745565499
0.0 0.0 0.35 4084

1745565500
0.0 0.0 0.35 1864

1745565501
0.0 0.0 0.35 5758

1745565502
0.0 0.0 0.35 1782

1745565503
0.0 0.0 0.35 8125

1745565504
0.0 0.0 0.34 4810

1745565505
0.0 0.0 0.34 1841

1745565506
0.0 0.0 0.34 5825

1745565507
0.0 0.0 0.34 3819

1745565508
0.0 0.0 0.34 6516

1745565509
0.0 0.0 0.34 6043

1745565510
0.0 0.0 0.34 2281

1745565511
0.0 0.0 0.34 4422

1745565512
0.0 0.0 0.33 2586

1745565513
0.0 0.0 0.33 3977

1745565514
0.0 0.0 0.33 6352

1745565515
0.0 0.0 0.33 2445

1745565516
0.0 0.0 0.33 5453

1745565517
0.0 0.0 0.33 2954

1745565518
0.0 0.0 0.33 5871

1745565519
0.0 0.0 0.33 5979

1745565520
0.0 0.0 0.32 3001

1745565521
0.0 0.0 0.32 5436

1745565522
0.0 0.0 0.32 4118

1745565523
0.0 0.0 0.32 7063

1745565524
0.0 0.0 0.32 6790

1745565525
0.0 0.0 0.32 1973

1745565526
0.0 0.0 0.32 8217

1745565527
0.0 0.0 0.32 7191

1745565528
0.0 0.0 0.31 7634

1745565529
0.0 0.0 0.31 5759

1745565530
0.0 0.0 0.31 2558

1745565531
0.0 0.0 0.31 7486

1745565532
0.0 0.0 0.31 6589

1745565534
0.0 0.0 0.31 9460

1745565535
0.0 0.0 0.31 5500

1745565536
0.0 0.0 0.3 6221

1745565537
0.0 0.0 0.3 8069

1745565538
0.0 0.0 0.3 3933

1745565539
0.0 0.0 0.3 5071

1745565540
0.0 0.0 0.3 3810

1745565541
0.0 0.0 0.3 3951

1745565542
0.0 0.0 0.3 6708

1745565543
0.0 0.0 0.3 4189

1745565544
0.0 0.0 0.29 6477

1745565545
0.0 0.0 0.29 5555

1745565546
0.0 0.0 0.29 3826

1745565547
0.0 0.0 0.29 3813

1745565548
0.0 0.0 0.29 6399

1745565549
0.0 0.0 0.29 3958

1745565550
0.0 0.0 0.29 4749

1745565551
0.0 0.0 0.29 2548

1745565552
0.0 0.0 0.28 6586

1745565553
0.0 0.0 0.28 6089

1745565554
0.0 0.0 0.28 4601

1745565555
0.0 0.0 0.28 4394

1745565556
0.0 0.0 0.28 2255

1745565557
0.0 0.0 0.28 6527

1745565558
0.0 0.0 0.28 2693

1745565559
0.0 0.0 0.28 5116

1745565560
0.0 0.0 0.28 5012

1745565561
0.0 0.0 0.28 3536

1745565562
0.0 0.0 0.27 6525

1745565563
0.0 0.0 0.27 6075

1745565564
0.0 0.0 0.27 4943

1745565565
0.0 0.0 0.27 9607

1745565566
0.0 0.0 0.27 3956

1745565567
0.0 0.0 0.27 5482

1745565568
0.0 0.0 0.27 4695

1745565569
0.0 0.0 0.27 7897

1745565570
0.0 0.0 0.27 8044

1745565571
0.0 0.0 0.27 2580

1745565572
0.0 0.0 0.26 5602

1745565573
0.0 0.0 0.26 2729

1745565574
0.0 0.0 0.26 5561

1745565575
0.0 0.0 0.26 7640

1745565576
0.0 0.0 0.26 3378

1745565577
0.0 0.0 0.26 6052

1745565578
0.0 0.0 0.26 3323

1745565579
0.0 0.0 0.26 4143

1745565580
0.0 0.0 0.26 6083

1745565581
0.0 0.0 0.26 5331

1745565582
0.0 0.0 0.25 6745

1745565583
0.0 0.0 0.25 3394

1745565584
0.0 0.0 0.25 4167

1745565585
0.0 0.0 0.25 6441

1745565586
0.0 0.0 0.25 8231

1745565587
0.0 0.0 0.25 8309

1745565588
0.0 0.0 0.25 9492

1745565589
0.0 0.0 0.25 2728

1745565590
0.0 0.0 0.25 5533

1745565591
0.0 0.0 0.25 6313

1745565592
0.0 0.0 0.24 5916

1745565593
0.0 0.0 0.24 5837

1745565594
0.0 0.0 0.24 2997

1745565595
0.0 0.0 0.24 5878

1745565596
0.0 0.0 0.24 2640

1745565597
0.0 0.0 0.24 6346

1745565598
0.0 0.0 0.24 4570

1745565599
0.0 0.0 0.24 5111

1745565600
0.0 0.0 0.24 7862

1745565601
0.0 0.0 0.24 5453

1745565602
0.0 0.0 0.23 3514

1745565603
0.0 0.0 0.23 6418

1745565604
0.0 0.0 0.23 576

1745565605
0.0 0.0 0.23 625

1745565606
0.0 0.0 0.23 413

1745565607
0.0 0.0 0.23 97

1745565608
0.0 0.0 0.23 1229

1745565609
0.0 0.0 0.23 2270

1745565610
0.0 0.0 0.23 4717

1745565611
0.0 0.0 0.23 9100

1745565612
0.0 0.0 0.22 3695

1745565613
0.0 0.0 0.22 6500

1745565614
0.0 0.0 0.22 1977

1745565615
0.0 0.0 0.22 7598

1745565616
0.0 0.0 0.22 5331

1745565617
0.0 0.0 0.22 3198

1745565618
0.0 0.0 0.22 5702

1745565619
0.0 0.0 0.22 1656

1745565620
0.0 0.0 0.22 4847

1745565621
0.0 0.0 0.22 6982

1745565622
0.0 0.0 0.21 2272

1745565623
0.0 0.0 0.21 5767

1745565624
0.0 0.0 0.21 2657

1745565625
0.0 0.0 0.21 7170

1745565626
0.0 0.0 0.21 5539

1745565627
0.0 0.0 0.21 5298

1745565628
0.0 0.0 0.21 7337

1745565629
0.0 0.0 0.21 1832

1745565630
0.0 0.0 0.21 9325

1745565631
0.0 0.0 0.21 5418

1745565632
0.0 0.0 0.21 5527

1745565633
0.0 0.0 0.21 6963

1745565634
0.0 0.0 0.2 5600

1745565635
0.0 0.0 0.2 6377

1745565636
0.0 0.0 0.2 5783

1745565637
0.0 0.0 0.2 4260

1745565638
0.0 0.0 0.2 4828

1745565639
0.0 0.0 0.2 4373

1745565640
0.0 0.0 0.2 5800

1745565641
0.0 0.0 0.2 4091

1745565642
0.0 0.0 0.2 2322

1745565643
0.0 0.0 0.2 6525

1745565644
0.0 0.0 0.2 4645

1745565645
0.0 0.0 0.2 2115

1745565646
0.0 0.0 0.2 5180

1745565647
0.0 0.0 0.2 1671

1745565648
0.0 0.0 0.19 3558

1745565649
0.0 0.0 0.19 687

1745565650
0.0 0.0 0.19 238

1745565651
0.0 0.0 0.19 184

1745565652
0.0 0.0 0.19 177

1745565653
0.0 0.0 0.19 312

1745565654
0.0 0.0 0.19 4820

1745565655
0.0 0.0 0.19 1631

1745565656
0.0 0.0 0.19 3351

1745565657
0.0 0.0 0.19 6978

1745565658
0.0 0.0 0.19 5438

1745565659
0.0 0.0 0.19 5307

1745565660
0.0 0.0 0.19 4147

1745565661
0.0 0.0 0.19 5738

1745565662
0.0 0.0 0.18 3960

1745565663
0.0 0.0 0.18 5570

1745565664
0.0 0.0 0.18 6508

1745565665
0.0 0.0 0.18 3527

1745565666
0.0 0.0 0.18 5089

1745565667
0.0 0.0 0.18 2563

1745565668
0.0 0.0 0.18 6971

1745565669
0.0 0.0 0.18 5474

1745565670
0.0 0.0 0.18 1473

1745565671
0.0 0.0 0.18 4450

1745565672
0.0 0.0 0.18 3956

1745565673
0.0 0.0 0.18 5799

1745565674
0.0 0.0 0.18 5141

1745565675
0.0 0.0 0.18 3508

1745565676
0.0 0.0 0.17 5829

1745565677
0.0 0.0 0.17 2837

1745565678
0.0 0.0 0.17 5877

1745565679
0.0 0.0 0.17 5500

1745565680
0.0 0.0 0.17 4817

1745565681
0.0 0.0 0.17 4959

1745565682
0.0 0.0 0.17 4363

1745565683
0.0 0.0 0.17 5580

1745565684
0.0 0.0 0.17 7655

1745565685
0.0 0.0 0.17 2087

1745565686
0.0 0.0 0.17 5087

1745565687
0.0 0.0 0.17 3599

1745565688
0.0 0.0 0.16 5251

1745565689
0.0 0.0 0.16 4149

1745565690
0.0 0.0 0.16 4361

1745565691
0.0 0.0 0.16 7662

1745565692
0.0 0.0 0.16 2423

1745565693
0.0 0.0 0.16 6483

1745565694
0.0 0.0 0.16 5905

1745565695
0.0 0.0 0.16 4076

1745565696
0.0 0.0 0.16 6443

1745565697
0.0 0.0 0.16 3542

1745565698
0.0 0.0 0.16 7846

1745565699
0.0 0.0 0.16 5986

1745565700
0.0 0.0 0.16 2322

1745565701
0.0 0.0 0.16 7634

1745565702
0.0 0.0 0.15 2031

1745565703
0.0 0.0 0.15 5601

1745565704
0.0 0.0 0.15 6132

1745565705
0.0 0.0 0.15 5235

1745565706
0.0 0.0 0.15 6185

1745565707
0.0 0.0 0.15 4164

1745565708
0.0 0.0 0.15 5090

1745565709
0.0 0.0 0.15 4157

1745565710
0.0 0.0 0.15 1915

1745565711
0.0 0.0 0.15 9252

1745565713
0.0 0.0 0.15 9768

1745565714
0.0 0.0 0.15 4324

1745565716
0.0 0.0 0.14 10198

1745565717
0.0 0.0 0.14 6720

1745565718
0.0 0.0 0.14 4779

1745565719
0.0 0.0 0.14 744

1745565720
0.0 0.0 0.14 530

1745565721
0.0 0.0 0.14 62

1745565722
0.0 0.0 0.14 225

1745565723
0.0 0.0 0.14 682

1745565724
0.0 0.0 0.14 7940

1745565725
0.0 0.0 0.14 6734

1745565726
0.0 0.0 0.14 2922

1745565727
0.0 0.0 0.14 6636

1745565728
0.0 0.0 0.14 2698

1745565729
0.0 0.0 0.14 6323

1745565730
0.0 0.0 0.14 4765

1745565731
0.0 0.0 0.14 6212

1745565732
0.0 0.0 0.13 4133

1745565733
0.0 0.0 0.13 4100

1745565734
0.0 0.0 0.13 5412

1745565735
0.0 0.0 0.13 6801

1745565736
0.0 0.0 0.13 4275

1745565737
0.0 0.0 0.13 4255

1745565738
0.0 0.0 0.13 3666

1745565739
0.0 0.0 0.13 7825

1745565740
0.0 0.0 0.13 6779

1745565741
0.0 0.0 0.13 3699

1745565742
0.0 0.0 0.13 7795

1745565743
0.0 0.0 0.13 5848

1745565744
0.0 0.0 0.13 4605

1745565745
0.0 0.0 0.13 6033

1745565746
0.0 0.0 0.13 2921

1745565747
0.0 0.0 0.13 8192

1745565748
0.0 0.0 0.13 6368

1745565749
0.0 0.0 0.13 2446

1745565750
0.0 0.0 0.13 6522

1745565751
0.0 0.0 0.13 2751

1745565752
0.0 0.0 0.12 8100

1745565753
0.0 0.0 0.12 11954

1745565754
0.18 0.03 0.13 5175

1745565755
0.18 0.03 0.13 7576

1745565756
0.14 0.03 0.13 6106

1745565757
0.14 0.03 0.13 7069

1745565758
0.12 0.02 0.13 7595

1745565759
0.12 0.02 0.13 4957

1745565760
0.09 0.02 0.13 6533

1745565761
0.09 0.02 0.13 3314

1745565762
0.08 0.02 0.13 8825

1745565763
0.08 0.02 0.13 9754

1745565764
0.06 0.02 0.13 7046

1745565765
0.06 0.02 0.13 6726

1745565766
0.05 0.02 0.12 7452

1745565767
0.05 0.02 0.12 2428

1745565768
0.04 0.02 0.12 6094

1745565769
0.04 0.02 0.12 5152

1745565770
0.03 0.02 0.12 8747

1745565771
0.03 0.02 0.12 4520

1745565772
0.02 0.02 0.12 5260

1745565773
0.02 0.02 0.12 4863

1745565774
0.02 0.02 0.12 512

1745565775
0.02 0.02 0.12 413

1745565776
0.01 0.02 0.12 196

1745565777
0.01 0.02 0.12 72

1745565778
0.01 0.02 0.12 6851

1745565779
0.01 0.02 0.12 6717

1745565780
0.01 0.01 0.12 5953

1745565781
0.01 0.01 0.12 10293

1745565782
0.0 0.01 0.12 6515

1745565783
0.0 0.01 0.12 5941

1745565784
0.0 0.01 0.12 8518

1745565785
0.0 0.01 0.12 6009

1745565786
0.0 0.01 0.12 4268

1745565787
0.0 0.01 0.12 5301

1745565788
0.0 0.01 0.11 4934

1745565789
0.0 0.01 0.11 6725

1745565790
0.0 0.01 0.11 5845

1745565791
0.0 0.01 0.11 4629

1745565792
0.0 0.01 0.11 5837

1745565793
0.0 0.01 0.11 5699

1745565794
0.0 0.01 0.11 2985

1745565795
0.0 0.01 0.11 4328

1745565796
0.0 0.01 0.11 2068

1745565797
0.0 0.01 0.11 7976

1745565798
0.0 0.01 0.11 7966

1745565799
0.0 0.01 0.11 2201

1745565800
0.0 0.01 0.11 6619

1745565801
0.0 0.01 0.11 4989

1745565802
0.0 0.01 0.11 2437

1745565803
0.0 0.01 0.11 3697

1745565804
0.0 0.01 0.11 5326

1745565805
0.0 0.01 0.11 4359

1745565806
0.0 0.01 0.11 9655

1745565807
0.0 0.01 0.11 2436

1745565808
0.0 0.0 0.1 6801

1745565809
0.0 0.0 0.1 3969

1745565810
0.0 0.0 0.1 6861

1745565811
0.0 0.0 0.1 5030

1745565812
0.0 0.0 0.1 6918

1745565813
0.0 0.0 0.1 6424

1745565814
0.0 0.0 0.1 6957

1745565815
0.0 0.0 0.1 6966

1745565816
0.0 0.0 0.1 8374

1745565817
0.0 0.0 0.1 9775

1745565818
0.0 0.0 0.1 9568

1745565819
0.0 0.0 0.1 5800

1745565820
0.0 0.0 0.1 8485

1745565821
0.0 0.0 0.1 3625

1745565822
0.0 0.0 0.1 6490

1745565823
0.0 0.0 0.1 5216

1745565824
0.0 0.0 0.1 5456

1745565825
0.0 0.0 0.1 4003

1745565826
0.0 0.0 0.1 4442

1745565827
0.0 0.0 0.1 4565

1745565829
0.0 0.0 0.09 12124

1745565830
0.0 0.0 0.09 7001

1745565831
0.0 0.0 0.09 6444

1745565832
0.0 0.0 0.09 5974

1745565833
0.0 0.0 0.09 5671

1745565834
0.0 0.0 0.09 8784

1745565835
0.0 0.0 0.09 6155

1745565836
0.0 0.0 0.09 3037

1745565837
0.0 0.0 0.09 6846

1745565838
0.0 0.0 0.09 7532

1745565839
0.0 0.0 0.09 6485

1745565840
0.0 0.0 0.09 5907

1745565841
0.0 0.0 0.09 6964

1745565842
0.0 0.0 0.09 6681

1745565843
0.0 0.0 0.09 5172

1745565844
0.0 0.0 0.09 7459

1745565845
0.0 0.0 0.09 5275

1745565846
0.0 0.0 0.09 6031

1745565847
0.0 0.0 0.09 2135

1745565848
0.0 0.0 0.08 5025

1745565849
0.0 0.0 0.08 5671

1745565850
0.0 0.0 0.08 5639

1745565851
0.0 0.0 0.08 6632

1745565852
0.0 0.0 0.08 9473

1745565853
0.0 0.0 0.08 4450

1745565854
0.0 0.0 0.08 5653

1745565855
0.0 0.0 0.08 3470

1745565856
0.0 0.0 0.08 6571

1745565857
0.0 0.0 0.08 4015

1745565858
0.0 0.0 0.08 7349

1745565859
0.0 0.0 0.08 6097

1745565860
0.0 0.0 0.08 6065

1745565861
0.0 0.0 0.08 7088

1745565862
0.0 0.0 0.08 7846

1745565863
0.0 0.0 0.08 6838

1745565864
0.0 0.0 0.08 3732

1745565865
0.0 0.0 0.08 11124

1745565866
0.0 0.0 0.08 10178

1745565867
0.0 0.0 0.08 5753

1745565868
0.0 0.0 0.08 10039

1745565869
0.0 0.0 0.08 9114

1745565870
0.0 0.0 0.07 7740

1745565871
0.0 0.0 0.07 12194

1745565872
0.0 0.0 0.07 9181

1745565873
0.0 0.0 0.07 6561

1745565874
0.0 0.0 0.07 5197

1745565875
0.0 0.0 0.07 3892

1745565876
0.0 0.0 0.07 8276

1745565877
0.0 0.0 0.07 9773

1745565878
0.0 0.0 0.07 7350

1745565879
0.0 0.0 0.07 7421

1745565880
0.0 0.0 0.07 7722

1745565882
0.0 0.0 0.07 11020

1745565883
0.0 0.0 0.07 9554

1745565884
0.0 0.0 0.07 7449

1745565885
0.0 0.0 0.07 5249

1745565886
0.0 0.0 0.07 7114

1745565887
0.0 0.0 0.07 5309

1745565888
0.0 0.0 0.07 3780

1745565889
0.0 0.0 0.07 2264

1745565890
0.0 0.0 0.07 4881

1745565891
0.0 0.0 0.07 9172

1745565892
0.0 0.0 0.06 7092

1745565893
0.0 0.0 0.06 10263

1745565894
0.0 0.0 0.06 5066

1745565895
0.0 0.0 0.06 5620

1745565896
0.0 0.0 0.06 3721

1745565897
0.0 0.0 0.06 4501

1745565898
0.0 0.0 0.06 3119

1745565899
0.0 0.0 0.06 5060

1745565900
0.0 0.0 0.06 3797

1745565901
0.0 0.0 0.06 7010

1745565902
0.0 0.0 0.06 6171

1745565903
0.0 0.0 0.06 11483

1745565904
0.0 0.0 0.06 7328

1745565905
0.0 0.0 0.06 7299

1745565906
0.0 0.0 0.06 10697

1745565907
0.0 0.0 0.06 13050

1745565908
0.0 0.0 0.06 2005

1745565909
0.0 0.0 0.06 274

1745565910
0.0 0.0 0.06 110

1745565911
0.0 0.0 0.06 348

1745565912
0.0 0.0 0.06 281

1745565913
0.0 0.0 0.06 2821

1745565914
0.0 0.0 0.06 2995

1745565915
0.0 0.0 0.06 3904

1745565916
0.0 0.0 0.06 3325

1745565917
0.0 0.0 0.06 3357

1745565918
0.0 0.0 0.06 5955

1745565919
0.0 0.0 0.06 5943

1745565920
0.0 0.0 0.06 11953

1745565921
0.0 0.0 0.06 4274

1745565922
0.0 0.0 0.06 5910

1745565923
0.0 0.0 0.06 5617

1745565924
0.0 0.0 0.06 6640

1745565925
0.0 0.0 0.06 3542

1745565926
0.0 0.0 0.06 9765

1745565927
0.0 0.0 0.06 6118

1745565928
0.0 0.0 0.06 5354

1745565929
0.0 0.0 0.06 3536

1745565930
0.0 0.0 0.06 4031

1745565931
0.0 0.0 0.06 6591

1745565932
0.0 0.0 0.06 5685

1745565933
0.0 0.0 0.06 5533

1745565934
0.0 0.0 0.05 4321

1745565935
0.0 0.0 0.05 5015

1745565936
0.0 0.0 0.05 4947

1745565937
0.0 0.0 0.05 5838

1745565938
0.0 0.0 0.05 5473

1745565939
0.0 0.0 0.05 3109

1745565940
0.0 0.0 0.05 6814

1745565941
0.0 0.0 0.05 6656

1745565942
0.0 0.0 0.05 7739

1745565943
0.0 0.0 0.05 7104

1745565944
0.0 0.0 0.05 5724

1745565945
0.0 0.0 0.05 5781

1745565946
0.0 0.0 0.05 5243

1745565947
0.0 0.0 0.05 4490

1745565948
0.0 0.0 0.05 8983

1745565949
0.0 0.0 0.05 6195

1745565950
0.0 0.0 0.05 11487

1745565951
0.0 0.0 0.05 8636

1745565952
0.0 0.0 0.05 3662

1745565953
0.0 0.0 0.05 5229

1745565954
0.0 0.0 0.05 4582

1745565955
0.0 0.0 0.05 5321

1745565956
0.0 0.0 0.05 186262

1745565957
0.0 0.0 0.05 650271

1745565958
9.41 1.7 0.4 740970

1745565959
9.41 1.7 0.4 791270

1745565960
21.48 4.13 0.92 716551

1745565961
21.48 4.13 0.92 461687

1745565962
25.92 5.5 1.23 67866

1745565963
25.92 5.5 1.23 1481

1745565964
21.22 5.32 1.22 279

1745565965
21.22 5.32 1.22 344

1745565966
17.38 5.14 1.21 117

1745565967
17.38 5.14 1.21 396

1745565968
14.23 4.97 1.2 291

1745565969
14.23 4.97 1.2 4279

1745565970
11.65 4.81 1.2 18416

1745565971
11.65 4.81 1.2 4082

1745565972
9.54 4.65 1.19 5706

1745565973
9.54 4.65 1.19 6126

1745565974
7.81 4.5 1.18 6611

1745565975
7.81 4.5 1.18 7634

1745565976
6.39 4.35 1.17 9358

1745565977
6.39 4.35 1.17 12623

1745565978
5.41 4.24 1.17 9545

1745565979
5.41 4.24 1.17 10157

1745565980
4.43 4.1 1.16 12452

1745565981
4.43 4.1 1.16 3422

1745565982
3.63 3.97 1.15 11080

1745565983
3.63 3.97 1.15 10511

1745565984
3.15 3.87 1.15 11157

1745565985
3.15 3.87 1.15 4776

1745565986
2.58 3.74 1.14 7511

1745565987
2.58 3.74 1.14 10716

1745565989
2.11 3.62 1.13 16580

1745565990
1.73 3.5 1.13 7061

1745565991
1.73 3.5 1.13 10841

1745565992
1.41 3.39 1.12 4779

1745565993
1.41 3.39 1.12 7799

1745565994
1.16 3.28 1.11 5193

1745565995
1.16 3.28 1.11 2951

1745565996
0.95 3.17 1.1 3903

1745565997
0.95 3.17 1.1 9934

1745565998
0.77 3.06 1.1 7491

1745565999
0.77 3.06 1.1 5333

1745566000
0.63 2.96 1.09 4062

1745566001
0.63 2.96 1.09 2138

1745566002
0.52 2.87 1.08 5712

1745566003
0.52 2.87 1.08 3586

1745566004
0.42 2.77 1.07 4776

1745566005
0.42 2.77 1.07 11268

1745566006
0.34 2.68 1.06 8027

1745566007
0.34 2.68 1.06 3322

1745566008
0.28 2.59 1.06 6801

1745566009
0.28 2.59 1.06 3609

1745566010
0.23 2.51 1.05 3137

1745566011
0.23 2.51 1.05 4192

1745566012
0.19 2.43 1.04 5712

1745566013
0.19 2.43 1.04 7648

1745566014
0.15 2.35 1.04 6439

1745566015
0.15 2.35 1.04 5721

1745566016
0.12 2.27 1.03 5791

1745566017
0.12 2.27 1.03 7279

1745566018
0.1 2.19 1.02 7014

1745566019
0.1 2.19 1.02 7482

1745566021
0.08 2.12 1.01 18494

1745566022
0.06 2.05 1.01 6958

1745566023
0.06 2.05 1.01 4034

1745566024
0.05 1.98 1.0 5232

1745566025
0.05 1.98 1.0 4255

1745566026
0.04 1.92 0.99 4877

1745566027
0.04 1.92 0.99 7156

1745566029
0.03 1.86 0.98 14069

1745566030
0.03 1.8 0.98 5998

1745566031
0.03 1.8 0.98 2335

1745566032
0.02 1.74 0.97 5268

1745566033
0.02 1.74 0.97 7600

1745566034
0.02 1.68 0.96 3964

1745566035
0.02 1.68 0.96 6192

1745566036
0.01 1.62 0.96 6353

1745566037
0.01 1.62 0.96 6178

1745566038
0.01 1.57 0.95 7173

1745566039
0.01 1.57 0.95 8828

1745566040
0.01 1.52 0.94 5646

1745566041
0.01 1.52 0.94 4954

1745566042
0.0 1.47 0.94 6261

1745566043
0.0 1.47 0.94 7485

1745566044
0.0 1.42 0.93 8827

1745566045
0.0 1.42 0.93 4161

1745566046
0.0 1.37 0.92 6866

1745566047
0.0 1.37 0.92 7707

1745566048
0.0 1.33 0.92 5922

1745566049
0.0 1.33 0.92 6456

1745566050
0.0 1.28 0.91 6335

1745566051
0.0 1.28 0.91 5520

1745566052
0.0 1.24 0.9 5181

1745566053
0.0 1.24 0.9 5634

1745566054
0.0 1.2 0.9 15430

1745566055
0.0 1.2 0.9 14636

1745566056
0.18 1.19 0.9 4502

1745566057
0.18 1.19 0.9 5839

1745566058
0.14 1.15 0.89 6021

1745566059
0.14 1.15 0.89 6094

1745566060
0.12 1.12 0.89 7638

1745566061
0.12 1.12 0.89 4765

1745566062
0.1 1.08 0.88 5406

1745566063
0.1 1.08 0.88 6834

1745566064
0.08 1.04 0.87 3023

1745566065
0.08 1.04 0.87 7225

1745566066
0.06 1.01 0.87 7448

1745566067
0.06 1.01 0.87 7172

1745566068
0.05 0.97 0.86 7936

1745566069
0.05 0.97 0.86 5070

1745566070
0.04 0.94 0.85 4272

1745566071
0.04 0.94 0.85 5940

1745566072
0.03 0.91 0.85 6020

1745566073
0.03 0.91 0.85 4099

1745566074
0.02 0.88 0.84 7916

1745566075
0.02 0.88 0.84 5390

1745566076
0.02 0.85 0.84 9887

1745566077
0.02 0.85 0.84 9654

1745566078
0.01 0.82 0.83 6989

1745566079
0.01 0.82 0.83 9738

1745566080
0.01 0.8 0.82 9121

1745566081
0.01 0.8 0.82 10106

1745566082
0.01 0.77 0.82 6519

1745566083
0.01 0.77 0.82 8990

1745566084
0.0 0.74 0.81 9220

1745566085
0.0 0.74 0.81 7194

1745566086
0.0 0.72 0.81 6904

1745566087
0.0 0.72 0.81 10516

1745566088
0.0 0.7 0.8 6816

1745566089
0.0 0.7 0.8 8527

1745566090
0.0 0.67 0.79 9528

1745566091
0.0 0.67 0.79 7948

1745566092
0.0 0.65 0.79 5632

1745566093
0.0 0.65 0.79 5192

1745566094
0.0 0.63 0.78 772

1745566095
0.0 0.63 0.78 401

1745566096
0.0 0.61 0.78 372

1745566097
0.0 0.61 0.78 303

1745566098
0.0 0.59 0.77 3435

1745566099
0.0 0.59 0.77 2812

1745566100
0.0 0.57 0.77 2607

1745566101
0.0 0.57 0.77 1581

1745566102
0.0 0.55 0.76 12011

1745566104
0.18 0.56 0.76 14607

1745566105
0.18 0.56 0.76 3871

1745566106
0.14 0.54 0.76 6708

1745566107
0.14 0.54 0.76 10974

1745566108
0.12 0.53 0.75 2415

1745566109
0.12 0.53 0.75 7853

1745566110
0.09 0.51 0.75 10059

1745566111
0.09 0.51 0.75 5224

1745566112
0.08 0.49 0.74 4810

1745566113
0.08 0.49 0.74 11012

1745566114
0.06 0.47 0.74 6395

1745566115
0.06 0.47 0.74 6541

1745566116
0.05 0.46 0.73 7706

1745566117
0.05 0.46 0.73 5567

1745566118
0.04 0.44 0.73 10420

1745566119
0.04 0.44 0.73 9251

1745566120
0.03 0.43 0.72 7445

1745566121
0.03 0.43 0.72 6425

1745566122
0.02 0.41 0.71 6602

1745566123
0.02 0.41 0.71 7147

1745566124
0.02 0.4 0.71 6881

1745566125
0.02 0.4 0.71 4766

1745566126
0.01 0.39 0.7 3609

1745566127
0.01 0.39 0.7 5791

1745566128
0.01 0.37 0.7 6929

1745566129
0.01 0.37 0.7 4052

1745566130
0.01 0.36 0.69 8467

1745566131
0.01 0.36 0.69 2560

1745566132
0.0 0.35 0.69 8611

1745566133
0.0 0.35 0.69 6869

1745566134
0.0 0.34 0.68 5609

1745566135
0.0 0.34 0.68 10809

1745566136
0.0 0.32 0.68 6872

1745566137
0.0 0.32 0.68 9145

1745566138
0.0 0.31 0.67 5857

1745566139
0.0 0.31 0.67 3556

1745566140
0.0 0.3 0.67 7378

1745566141
0.0 0.3 0.67 10497

1745566142
0.0 0.29 0.66 7158

1745566143
0.0 0.29 0.66 8662

1745566144
0.0 0.28 0.66 5849

1745566145
0.0 0.28 0.66 4607

1745566146
0.0 0.27 0.66 6081

1745566147
0.0 0.27 0.66 4782

1745566148
0.0 0.26 0.65 4029

1745566149
0.0 0.26 0.65 10403

1745566150
0.0 0.25 0.65 4897

1745566151
0.0 0.25 0.65 5977

1745566152
0.0 0.25 0.64 5358

1745566153
0.0 0.25 0.64 4770

1745566154
0.0 0.24 0.64 5336

1745566155
0.0 0.24 0.64 9313

1745566156
0.0 0.23 0.63 4960

1745566157
0.0 0.23 0.63 5538

1745566158
0.0 0.22 0.63 5842

1745566159
0.0 0.22 0.63 3320

1745566160
0.0 0.21 0.62 6765

1745566161
0.0 0.21 0.62 4042

1745566162
0.0 0.21 0.62 8238

1745566163
0.0 0.21 0.62 8927

1745566164
0.0 0.2 0.61 7098

1745566165
0.0 0.2 0.61 5544

1745566166
0.0 0.19 0.61 8323

1745566167
0.0 0.19 0.61 5236

1745566168
0.0 0.19 0.6 9384

1745566169
0.0 0.19 0.6 7407

1745566170
0.0 0.18 0.6 5260

1745566171
0.0 0.18 0.6 5668

1745566172
0.0 0.17 0.6 4544

1745566173
0.0 0.17 0.6 7995

1745566174
0.0 0.17 0.59 8701

1745566175
0.0 0.17 0.59 7834

1745566176
0.0 0.16 0.59 6024

1745566177
0.0 0.16 0.59 6861

1745566178
0.0 0.16 0.58 5544

1745566179
0.0 0.16 0.58 9969

1745566180
0.0 0.15 0.58 6791

1745566181
0.0 0.15 0.58 5681

1745566182
0.0 0.14 0.57 6996

1745566183
0.0 0.14 0.57 8348

1745566184
0.0 0.14 0.57 9180

1745566185
0.0 0.14 0.57 11367

1745566186
0.0 0.13 0.57 3898

1745566187
0.0 0.13 0.57 9557

1745566188
0.0 0.13 0.56 7621

1745566189
0.0 0.13 0.56 9316

1745566190
0.0 0.12 0.56 8964

1745566191
0.0 0.12 0.56 5699

1745566192
0.0 0.12 0.55 7920

1745566193
0.0 0.12 0.55 6247

1745566194
0.0 0.12 0.55 8089

1745566195
0.0 0.12 0.55 9724

1745566196
0.0 0.11 0.55 6237

1745566197
0.0 0.11 0.55 6143

1745566199
0.0 0.11 0.54 16754

1745566200
0.0 0.1 0.54 8451

1745566201
0.0 0.1 0.54 8590

1745566202
0.0 0.1 0.53 6931

1745566203
0.0 0.1 0.53 7856

1745566204
0.0 0.1 0.53 8171

1745566205
0.0 0.1 0.53 5953

1745566206
0.0 0.09 0.53 9539

1745566207
0.0 0.09 0.53 5165

1745566208
0.0 0.09 0.52 7353

1745566209
0.0 0.09 0.52 5905

1745566210
0.0 0.09 0.52 11007

1745566211
0.0 0.09 0.52 9614

1745566212
0.18 0.12 0.52 6582

1745566213
0.18 0.12 0.52 8910

1745566214
0.14 0.11 0.52 5973

1745566215
0.14 0.11 0.52 7212

1745566216
0.12 0.11 0.51 12079

1745566217
0.12 0.11 0.51 6790

1745566218
0.09 0.1 0.51 4036

1745566219
0.09 0.1 0.51 7138

1745566220
0.08 0.1 0.51 9650

1745566221
0.08 0.1 0.51 10217

1745566222
0.06 0.1 0.5 5547

1745566223
0.06 0.1 0.5 4335

1745566224
0.05 0.09 0.5 7755

1745566225
0.05 0.09 0.5 8767

1745566226
0.22 0.12 0.5 11806

1745566227
0.22 0.12 0.5 7022

1745566228
0.18 0.12 0.5 3326

1745566229
0.18 0.12 0.5 6301

1745566230
0.15 0.11 0.49 8889

1745566231
0.15 0.11 0.49 9334

1745566232
0.12 0.11 0.49 8555

1745566234
0.1 0.11 0.49 11329

1745566235
0.1 0.11 0.49 7426

1745566236
0.08 0.1 0.48 9897

1745566237
0.08 0.1 0.48 9429

1745566238
0.06 0.1 0.48 7168

1745566239
0.06 0.1 0.48 4329

1745566240
0.05 0.09 0.48 8090

1745566241
0.05 0.09 0.48 10188

1745566243
0.04 0.09 0.47 17312

1745566244
0.03 0.09 0.47 5668

1745566245
0.03 0.09 0.47 3894

1745566246
0.02 0.08 0.47 10348

1745566247
0.02 0.08 0.47 12793

1745566248
0.2 0.11 0.47 8631

1745566249
0.2 0.11 0.47 6324

1745566250
0.16 0.11 0.47 8970

1745566251
0.16 0.11 0.47 10322

1745566252
0.31 0.14 0.47 12825

1745566253
0.31 0.14 0.47 5999

1745566254
0.26 0.13 0.47 9789

1745566256
0.39 0.16 0.47 20961

1745566257
0.39 0.16 0.47 5951

1745566258
0.32 0.16 0.47 8560

1745566259
0.32 0.16 0.47 9735

1745566260
0.44 0.18 0.47 12680

1745566261
0.44 0.18 0.47 7227

1745566262
0.36 0.18 0.47 7423

1745566263
0.36 0.18 0.47 7341

1745566264
0.29 0.17 0.47 623

1745566265
0.29 0.17 0.47 284

1745566266
0.24 0.17 0.46 64

1745566267
0.24 0.17 0.46 351

1745566268
0.2 0.16 0.46 412

1745566269
0.2 0.16 0.46 180

1745566270
0.16 0.15 0.45 340

1745566271
0.16 0.15 0.45 3600

1745566272
0.13 0.15 0.45 2698

1745566273
0.13 0.15 0.45 1514

1745566274
0.1 0.14 0.45 2468

1745566275
0.1 0.14 0.45 3782

1745566276
0.08 0.14 0.44 4272

1745566277
0.08 0.14 0.44 18412

1745566278
0.25 0.17 0.45 4330

1745566279
0.25 0.17 0.45 3003

1745566280
0.2 0.16 0.45 5594

1745566281
0.2 0.16 0.45 3569

1745566282
0.16 0.16 0.44 3956

1745566283
0.16 0.16 0.44 12165

1745566284
0.32 0.18 0.45 8988

1745566285
0.32 0.18 0.45 5327

1745566286
0.26 0.18 0.44 5769

1745566287
0.26 0.18 0.44 3636

1745566288
0.21 0.17 0.44 7337

1745566289
0.21 0.17 0.44 9541

1745566290
0.17 0.16 0.44 6687

1745566291
0.17 0.16 0.44 9388

1745566292
0.14 0.16 0.43 3964

1745566293
0.14 0.16 0.43 4494

1745566294
0.11 0.15 0.43 7536

1745566295
0.11 0.15 0.43 12820

1745566296
0.27 0.18 0.43 7030

1745566297
0.27 0.18 0.43 8553

1745566298
0.22 0.18 0.43 4833

1745566299
0.22 0.18 0.43 3472

1745566300
0.18 0.17 0.43 2772

1745566301
0.18 0.17 0.43 7394

1745566302
0.15 0.16 0.42 8284

1745566303
0.15 0.16 0.42 7426

1745566304
0.12 0.16 0.42 10034

1745566305
0.12 0.16 0.42 4388

1745566306
0.1 0.15 0.42 3696

1745566307
0.1 0.15 0.42 6983

1745566308
0.08 0.15 0.41 6630

1745566309
0.08 0.15 0.41 9891

1745566310
0.06 0.14 0.41 9321

1745566311
0.06 0.14 0.41 4504

1745566312
0.05 0.14 0.41 5732

1745566313
0.05 0.14 0.41 5823

1745566314
0.04 0.13 0.4 6320

1745566315
0.04 0.13 0.4 4386

1745566316
0.03 0.13 0.4 11498

1745566317
0.03 0.13 0.4 9270

1745566318
0.02 0.12 0.4 5044

1745566319
0.02 0.12 0.4 5083

1745566320
0.02 0.12 0.4 7101

1745566321
0.02 0.12 0.4 4646

1745566322
0.01 0.11 0.39 5061

1745566323
0.01 0.11 0.39 10500

1745566324
0.01 0.11 0.39 8544

1745566325
0.01 0.11 0.39 3793

1745566326
0.01 0.11 0.39 11125

1745566327
0.01 0.11 0.39 8637

1745566328
0.01 0.1 0.38 4025

1745566329
0.01 0.1 0.38 9737

1745566330
0.0 0.1 0.38 5909

1745566331
0.0 0.1 0.38 5749

1745566332
0.0 0.09 0.38 8498

1745566333
0.0 0.09 0.38 3672

1745566334
0.0 0.09 0.38 5569

1745566335
0.0 0.09 0.38 13702

1745566336
0.18 0.12 0.38 4592

1745566337
0.18 0.12 0.38 6422

1745566338
0.15 0.12 0.38 8714

1745566340
0.12 0.11 0.37 9389

1745566341
0.12 0.11 0.37 7721

1745566342
0.1 0.11 0.37 6933

1745566343
0.1 0.11 0.37 6376

1745566344
0.08 0.1 0.37 7538

1745566345
0.08 0.1 0.37 5022

1745566346
0.06 0.1 0.37 5350

1745566347
0.06 0.1 0.37 6619

1745566348
0.05 0.1 0.36 5382

1745566349
0.05 0.1 0.36 12752

1745566351
0.22 0.13 0.37 12997

1745566352
0.18 0.12 0.36 5803

1745566353
0.18 0.12 0.36 4564

1745566354
0.15 0.12 0.36 8598

1745566355
0.15 0.12 0.36 10050

1745566356
0.12 0.11 0.36 3994

1745566357
0.12 0.11 0.36 4682

1745566358
0.1 0.11 0.35 4439

1745566359
0.1 0.11 0.35 5252

1745566360
0.08 0.1 0.35 5162

1745566361
0.08 0.1 0.35 4318

1745566362
0.06 0.1 0.35 6905

1745566363
0.06 0.1 0.35 4250

1745566364
0.05 0.1 0.35 5555

1745566365
0.05 0.1 0.35 6064

1745566366
0.04 0.09 0.34 7784

1745566367
0.04 0.09 0.34 5546

1745566368
0.03 0.09 0.34 6279

1745566369
0.03 0.09 0.34 5890

1745566370
0.02 0.09 0.34 5726

1745566371
0.02 0.09 0.34 3334

1745566372
0.02 0.08 0.34 4034

1745566373
0.02 0.08 0.34 5282

1745566374
0.01 0.08 0.33 4868

1745566375
0.01 0.08 0.33 7646

1745566376
0.01 0.08 0.33 4060

1745566377
0.01 0.08 0.33 9645

1745566378
0.01 0.07 0.33 9327

1745566379
0.01 0.07 0.33 4188

1745566380
0.01 0.07 0.33 4567

1745566381
0.01 0.07 0.33 6090

1745566382
0.0 0.07 0.33 4239

1745566383
0.0 0.07 0.33 5325

1745566384
0.0 0.07 0.32 3651

1745566385
0.0 0.07 0.32 9434

1745566386
0.0 0.06 0.32 9164

1745566387
0.0 0.06 0.32 2846

1745566388
0.0 0.06 0.32 6735

1745566389
0.0 0.06 0.32 6549

1745566390
0.0 0.06 0.32 5845

1745566391
0.0 0.06 0.32 7017

1745566392
0.0 0.06 0.31 5157

1745566393
0.0 0.06 0.31 6160

1745566394
0.0 0.05 0.31 8958

1745566395
0.0 0.05 0.31 8751

1745566396
0.0 0.05 0.31 5825

1745566397
0.0 0.05 0.31 5955

1745566398
0.0 0.05 0.31 4009

1745566399
0.0 0.05 0.31 7731

1745566401
0.0 0.05 0.3 11145

1745566402
0.0 0.05 0.3 6664

1745566403
0.0 0.05 0.3 4377

1745566404
0.0 0.04 0.3 7368

1745566405
0.0 0.04 0.3 4770

1745566406
0.0 0.04 0.3 2930

1745566407
0.0 0.04 0.3 5136

1745566408
0.0 0.04 0.29 6701

1745566409
0.0 0.04 0.29 7552

1745566410
0.0 0.04 0.29 4897

1745566411
0.0 0.04 0.29 5175

1745566412
0.0 0.04 0.29 4668

1745566413
0.0 0.04 0.29 10155

1745566414
0.0 0.04 0.29 4759

1745566415
0.0 0.04 0.29 4572

1745566416
0.0 0.03 0.28 3182

1745566417
0.0 0.03 0.28 3770

1745566418
0.0 0.03 0.28 6521

1745566419
0.0 0.03 0.28 4571

1745566420
0.0 0.03 0.28 5656

1745566421
0.0 0.03 0.28 6243

1745566422
0.0 0.03 0.28 4100

1745566423
0.0 0.03 0.28 6191

1745566424
0.0 0.03 0.27 1103

1745566425
0.0 0.03 0.27 1135

1745566426
0.0 0.03 0.27 577

1745566427
0.0 0.03 0.27 596

1745566428
0.0 0.03 0.27 282

1745566429
0.0 0.03 0.27 5330

1745566430
0.0 0.02 0.27 2506

1745566431
0.0 0.02 0.27 5351

1745566432
0.0 0.02 0.27 3902

1745566433
0.0 0.02 0.27 4642

1745566434
0.0 0.02 0.27 4960

1745566435
0.0 0.02 0.27 2430

1745566436
0.0 0.02 0.26 7010

1745566437
0.0 0.02 0.26 5894

1745566438
0.0 0.02 0.26 4271

1745566439
0.0 0.02 0.26 5780

1745566440
0.0 0.02 0.26 3265

1745566441
0.0 0.02 0.26 6478

1745566442
0.0 0.02 0.26 9216

1745566443
0.0 0.02 0.26 6879

1745566444
0.0 0.02 0.26 5902

1745566445
0.0 0.02 0.26 6193

1745566446
0.0 0.02 0.25 2251

1745566447
0.0 0.02 0.25 7050

1745566448
0.0 0.02 0.25 6033

1745566449
0.0 0.02 0.25 7638

1745566450
0.0 0.01 0.25 7122

1745566451
0.0 0.01 0.25 4436

1745566452
0.0 0.01 0.25 8057

1745566453
0.0 0.01 0.25 5262

1745566454
0.0 0.01 0.25 5624

1745566455
0.0 0.01 0.25 5896

1745566456
0.0 0.01 0.24 3534

1745566457
0.0 0.01 0.24 4512

1745566458
0.0 0.01 0.24 5247

1745566459
0.0 0.01 0.24 4508

1745566460
0.0 0.01 0.24 9765

1745566461
0.0 0.01 0.24 5946

1745566462
0.0 0.01 0.24 3403

1745566463
0.0 0.01 0.24 5157

1745566464
0.0 0.01 0.24 4876

1745566465
0.0 0.01 0.24 4264

1745566466
0.0 0.01 0.23 5011

1745566467
0.0 0.01 0.23 3466

1745566468
0.0 0.01 0.23 7421

1745566469
0.0 0.01 0.23 5916

1745566470
0.0 0.01 0.23 2367

1745566471
0.0 0.01 0.23 4390

1745566472
0.0 0.01 0.23 2735

1745566473
0.0 0.01 0.23 6796

1745566474
0.0 0.01 0.23 6311

1745566475
0.0 0.01 0.23 2685

1745566476
0.0 0.01 0.22 9565

1745566477
0.0 0.01 0.22 6945

1745566478
0.0 0.0 0.22 5386

1745566479
0.0 0.0 0.22 4296

1745566480
0.0 0.0 0.22 3102

1745566481
0.0 0.0 0.22 7548

1745566482
0.0 0.0 0.22 6591

1745566483
0.0 0.0 0.22 4314

1745566484
0.0 0.0 0.22 4162

1745566485
0.0 0.0 0.22 4806

1745566486
0.0 0.0 0.21 5175

1745566487
0.0 0.0 0.21 6488

1745566488
0.0 0.0 0.21 3226

1745566489
0.0 0.0 0.21 8866

1745566490
0.0 0.0 0.21 6009

1745566491
0.0 0.0 0.21 6382

1745566492
0.0 0.0 0.21 7292

1745566493
0.0 0.0 0.21 3539

1745566494
0.0 0.0 0.21 768

1745566495
0.0 0.0 0.21 470

1745566496
0.0 0.0 0.21 194

1745566497
0.0 0.0 0.21 223

1745566498
0.0 0.0 0.2 74

1745566499
0.0 0.0 0.2 2081

1745566500
0.0 0.0 0.2 7336

1745566501
0.0 0.0 0.2 4030

1745566502
0.0 0.0 0.2 6150

1745566503
0.0 0.0 0.2 5992

1745566504
0.0 0.0 0.2 5023

1745566505
0.0 0.0 0.2 3798

1745566506
0.0 0.0 0.2 4673

1745566507
0.0 0.0 0.2 5002

1745566508
0.0 0.0 0.2 5885

1745566509
0.0 0.0 0.2 5223

1745566510
0.0 0.0 0.2 5276

1745566511
0.0 0.0 0.2 7970

1745566512
0.0 0.0 0.19 4408

1745566514
0.0 0.0 0.19 13998

1745566515
0.0 0.0 0.19 4058

1745566516
0.0 0.0 0.19 6084

1745566517
0.0 0.0 0.19 6762

1745566518
0.0 0.0 0.19 5127

1745566519
0.0 0.0 0.19 3857

1745566520
0.0 0.0 0.19 5563

1745566521
0.0 0.0 0.19 6631

1745566522
0.0 0.0 0.19 5934

1745566523
0.0 0.0 0.19 3958

1745566524
0.0 0.0 0.18 5723

1745566525
0.0 0.0 0.18 4765

1745566526
0.0 0.0 0.18 5450

1745566527
0.0 0.0 0.18 7237

1745566528
0.0 0.0 0.18 1993

1745566529
0.0 0.0 0.18 6690

1745566530
0.0 0.0 0.18 4398

1745566531
0.0 0.0 0.18 3364

1745566532
0.0 0.0 0.18 6909

1745566533
0.0 0.0 0.18 2944

1745566534
0.0 0.0 0.18 6002

1745566535
0.0 0.0 0.18 6259

1745566536
0.0 0.0 0.18 4148

1745566537
0.0 0.0 0.18 4489

1745566538
0.0 0.0 0.17 3800

1745566539
0.0 0.0 0.17 5098

1745566540
0.0 0.0 0.17 8297

1745566541
0.0 0.0 0.17 2203

1745566542
0.0 0.0 0.17 6385

1745566543
0.0 0.0 0.17 3083

1745566544
0.0 0.0 0.17 6110

1745566545
0.0 0.0 0.17 6744

1745566546
0.0 0.0 0.17 3522

1745566547
0.0 0.0 0.17 5311

1745566548
0.0 0.0 0.17 3222

1745566549
0.0 0.0 0.17 6831

1745566550
0.0 0.0 0.17 7301

1745566551
0.0 0.0 0.17 2073

1745566552
0.0 0.0 0.16 5091

1745566553
0.0 0.0 0.16 7637

1745566554
0.0 0.0 0.16 4791

1745566555
0.0 0.0 0.16 6654

1745566556
0.0 0.0 0.16 2623

1745566557
0.0 0.0 0.16 4313

1745566558
0.0 0.0 0.16 7163

1745566559
0.0 0.0 0.16 3985

1745566560
0.0 0.0 0.16 4790

1745566561
0.0 0.0 0.16 3160

1745566562
0.0 0.0 0.16 4561

1745566563
0.0 0.0 0.16 5821

1745566564
0.0 0.0 0.16 2889

1745566565
0.0 0.0 0.16 5803

1745566566
0.0 0.0 0.15 5543

1745566567
0.0 0.0 0.15 7598

1745566568
0.0 0.0 0.15 5505

1745566569
0.0 0.0 0.15 4147

1745566570
0.0 0.0 0.15 5762

1745566571
0.0 0.0 0.15 6140

1745566572
0.0 0.0 0.15 3076

1745566573
0.0 0.0 0.15 5779

1745566574
0.0 0.0 0.15 5023

1745566575
0.0 0.0 0.15 5360

1745566576
0.0 0.0 0.15 5957

1745566577
0.0 0.0 0.15 6208

1745566578
0.0 0.0 0.15 8034

1745566579
0.0 0.0 0.15 5636

1745566580
0.0 0.0 0.14 4939

1745566581
0.0 0.0 0.14 6726

1745566582
0.0 0.0 0.14 2500

1745566583
0.0 0.0 0.14 7017

1745566584
0.0 0.0 0.14 285

1745566585
0.0 0.0 0.14 720

1745566586
0.0 0.0 0.14 355

1745566587
0.0 0.0 0.14 192

1745566588
0.0 0.0 0.14 1236

1745566589
0.0 0.0 0.14 6579

1745566590
0.0 0.0 0.14 3849

1745566591
0.0 0.0 0.14 4780

1745566592
0.0 0.0 0.14 4146

1745566593
0.0 0.0 0.14 3604

1745566594
0.0 0.0 0.13 4746

1745566595
0.0 0.0 0.13 3520

1745566596
0.0 0.0 0.13 9011

1745566597
0.0 0.0 0.13 4605

1745566598
0.0 0.0 0.13 3674

1745566599
0.0 0.0 0.13 7349

1745566600
0.0 0.0 0.13 2956

1745566601
0.0 0.0 0.13 4258

1745566602
0.0 0.0 0.13 5394

1745566603
0.0 0.0 0.13 5862

1745566604
0.0 0.0 0.13 5298

1745566605
0.0 0.0 0.13 2765

1745566606
0.0 0.0 0.13 8569

1745566607
0.0 0.0 0.13 7508

1745566608
0.0 0.0 0.13 3079

1745566609
0.0 0.0 0.13 5639

1745566610
0.0 0.0 0.13 2201

1745566611
0.0 0.0 0.13 4838

1745566612
0.0 0.0 0.13 8046

1745566613
0.0 0.0 0.13 3712

1745566614
0.0 0.0 0.12 5869

1745566615
0.0 0.0 0.12 5171

1745566616
0.0 0.0 0.12 3703

1745566617
0.0 0.0 0.12 4663

1745566618
0.0 0.0 0.12 4160

1745566619
0.0 0.0 0.12 5844

1745566620
0.0 0.0 0.12 5101

1745566621
0.0 0.0 0.12 2280

1745566622
0.0 0.0 0.12 5583

1745566623
0.0 0.0 0.12 3397

1745566624
0.0 0.0 0.12 8251

1745566625
0.0 0.0 0.12 6173

1745566626
0.0 0.0 0.12 4257

1745566627
0.0 0.0 0.12 6739

1745566628
0.0 0.0 0.12 4948

1745566629
0.0 0.0 0.12 3683

1745566630
0.0 0.0 0.12 5250

1745566631
0.0 0.0 0.12 7767

1745566632
0.0 0.0 0.12 5497

1745566634
0.0 0.0 0.12 10023

1745566635
0.0 0.0 0.12 4813

1745566636
0.0 0.0 0.11 3808

1745566637
0.0 0.0 0.11 5218

1745566638
0.0 0.0 0.11 4202

1745566639
0.0 0.0 0.11 2236

1745566640
0.0 0.0 0.11 5549

1745566641
0.0 0.0 0.11 5253

1745566642
0.0 0.0 0.11 2553

1745566643
0.0 0.0 0.11 4710

1745566644
0.0 0.0 0.11 2444

1745566645
0.0 0.0 0.11 7794

1745566646
0.0 0.0 0.11 6444

1745566647
0.0 0.0 0.11 3892

1745566648
0.0 0.0 0.11 5019

1745566649
0.0 0.0 0.11 5157

1745566650
0.0 0.0 0.11 3972

1745566651
0.0 0.0 0.11 5980

1745566652
0.0 0.0 0.11 2367

1745566653
0.0 0.0 0.11 6241

1745566654
0.0 0.0 0.11 4885

1745566655
0.0 0.0 0.11 2328

1745566656
0.0 0.0 0.1 11350

1745566657
0.0 0.0 0.1 2639

1745566658
0.0 0.0 0.1 5430

1745566659
0.0 0.0 0.1 7520

1745566660
0.0 0.0 0.1 4841

1745566661
0.0 0.0 0.1 5646

1745566662
0.0 0.0 0.1 4088

1745566663
0.0 0.0 0.1 4947

1745566664
0.0 0.0 0.1 5790

1745566665
0.0 0.0 0.1 2994

1745566666
0.0 0.0 0.1 4550

1745566667
0.0 0.0 0.1 3718

1745566668
0.0 0.0 0.1 3875

1745566669
0.0 0.0 0.1 6879

1745566670
0.0 0.0 0.1 4212

1745566671
0.0 0.0 0.1 5595

1745566672
0.0 0.0 0.1 2749

1745566673
0.0 0.0 0.1 7717

1745566674
0.0 0.0 0.1 7867

1745566675
0.0 0.0 0.1 6313

1745566676
0.0 0.0 0.09 6813

1745566677
0.0 0.0 0.09 8974

1745566678
0.0 0.0 0.09 5988

1745566679
0.0 0.0 0.09 4471

1745566680
0.0 0.0 0.09 5349

1745566681
0.0 0.0 0.09 5007

1745566682
0.0 0.0 0.09 4745

1745566683
0.0 0.0 0.09 4014

1745566684
0.0 0.0 0.09 3673

1745566685
0.0 0.0 0.09 1556

1745566686
0.0 0.0 0.09 995

1745566687
0.0 0.0 0.09 537

1745566688
0.0 0.0 0.09 377

1745566689
0.0 0.0 0.09 8203

1745566690
0.0 0.0 0.09 5280

1745566691
0.0 0.0 0.09 4122

1745566692
0.0 0.0 0.09 6481

1745566693
0.0 0.0 0.09 2812

1745566694
0.0 0.0 0.09 3872

1745566695
0.0 0.0 0.09 4541

1745566696
0.0 0.0 0.08 3931

1745566697
0.0 0.0 0.08 6399

1745566698
0.0 0.0 0.08 4893

1745566699
0.0 0.0 0.08 4544

1745566700
0.0 0.0 0.08 5976

1745566701
0.0 0.0 0.08 2641

1745566702
0.0 0.0 0.08 6107

1745566703
0.0 0.0 0.08 6015

1745566704
0.0 0.0 0.08 4211

1745566705
0.0 0.0 0.08 8654

1745566706
0.0 0.0 0.08 6431

1745566707
0.0 0.0 0.08 4794

1745566708
0.0 0.0 0.08 6359

1745566709
0.0 0.0 0.08 2274

1745566710
0.0 0.0 0.08 4989

1745566711
0.0 0.0 0.08 2681

1745566712
0.0 0.0 0.08 5668

1745566713
0.0 0.0 0.08 6382

1745566714
0.0 0.0 0.08 2357

1745566715
0.0 0.0 0.08 6277

1745566716
0.0 0.0 0.08 5491

1745566717
0.0 0.0 0.08 4652

1745566718
0.0 0.0 0.07 4720

1745566719
0.0 0.0 0.07 4197

1745566720
0.0 0.0 0.07 5009

1745566721
0.0 0.0 0.07 6617

1745566722
0.0 0.0 0.07 2920

1745566723
0.0 0.0 0.07 8603

1745566724
0.0 0.0 0.07 2996

1745566725
0.0 0.0 0.07 6454

1745566726
0.0 0.0 0.07 4588

1745566727
0.0 0.0 0.07 3741

1745566728
0.0 0.0 0.07 8328

1745566729
0.0 0.0 0.07 4593

1745566730
0.0 0.0 0.07 2986

1745566731
0.0 0.0 0.07 5535

1745566732
0.0 0.0 0.07 2906

1745566733
0.0 0.0 0.07 5153

1745566734
0.0 0.0 0.07 3879

1745566735
0.0 0.0 0.07 3613

1745566736
0.0 0.0 0.07 7536

1745566737
0.0 0.0 0.07 7210

1745566738
0.0 0.0 0.07 5745

1745566739
0.0 0.0 0.07 3665

1745566740
0.0 0.0 0.06 4252

1745566741
0.0 0.0 0.06 5890

1745566742
0.0 0.0 0.06 2018

1745566743
0.0 0.0 0.06 4948

1745566744
0.0 0.0 0.06 6291

1745566745
0.0 0.0 0.06 5879

1745566746
0.0 0.0 0.06 5577

1745566747
0.0 0.0 0.06 5461

1745566748
0.0 0.0 0.06 7157

1745566749
0.0 0.0 0.06 6059

1745566750
0.0 0.0 0.06 3669

1745566751
0.0 0.0 0.06 7483

1745566752
0.0 0.0 0.06 5267

1745566753
0.0 0.0 0.06 5803

1745566754
0.0 0.0 0.06 3950

1745566755
0.0 0.0 0.06 1780

1745566756
0.0 0.0 0.06 5265

1745566757
0.0 0.0 0.06 4411

1745566758
0.0 0.0 0.06 5331

1745566759
0.0 0.0 0.06 4386

1745566760
0.0 0.0 0.06 4005

1745566761
0.0 0.0 0.06 5267

1745566762
0.0 0.0 0.06 6836

1745566763
0.0 0.0 0.06 2366

1745566764
0.0 0.0 0.06 3885

1745566765
0.0 0.0 0.06 5087

1745566766
0.0 0.0 0.06 4710

1745566767
0.0 0.0 0.06 5598

1745566768
0.0 0.0 0.06 3060

1745566769
0.0 0.0 0.06 10053

1745566770
0.0 0.0 0.06 8314

1745566771
0.0 0.0 0.06 2392

1745566772
0.0 0.0 0.06 4356

1745566773
0.0 0.0 0.06 3450

1745566774
0.0 0.0 0.06 4592

1745566775
0.0 0.0 0.06 7262

1745566776
0.0 0.0 0.06 4456

1745566777
0.0 0.0 0.06 5501

1745566778
0.0 0.0 0.06 6030

1745566779
0.0 0.0 0.06 2565

1745566780
0.0 0.0 0.06 5733

1745566781
0.0 0.0 0.06 1738

1745566782
0.0 0.0 0.05 4883

1745566783
0.0 0.0 0.05 8776

1745566785
0.0 0.0 0.05 8323

1745566786
0.0 0.0 0.05 3322

1745566787
0.0 0.0 0.05 4462

1745566788
0.0 0.0 0.05 5169

1745566789
0.0 0.0 0.05 4214

1745566790
0.0 0.0 0.05 8936

1745566791
0.0 0.0 0.05 6080

1745566792
0.0 0.0 0.05 4327

1745566793
0.0 0.0 0.05 5308

1745566794
0.0 0.0 0.05 1786

1745566795
0.0 0.0 0.05 1769

1745566796
0.0 0.0 0.05 572

1745566797
0.0 0.0 0.05 698

1745566798
0.0 0.0 0.05 530

1745566799
0.0 0.0 0.05 522

1745566800
0.0 0.0 0.05 2201

1745566801
0.0 0.0 0.05 4296

1745566802
0.0 0.0 0.05 2279

1745566803
0.0 0.0 0.05 6682

1745566804
0.0 0.0 0.05 6175

1745566805
0.0 0.0 0.05 3020

1745566806
0.0 0.0 0.05 6106

1745566807
0.0 0.0 0.05 3740

1745566808
0.0 0.0 0.05 5277

1745566809
0.0 0.0 0.05 4618

1745566810
0.0 0.0 0.05 2765

1745566811
0.0 0.0 0.05 5408

1745566812
0.0 0.0 0.05 2838

1745566813
0.0 0.0 0.05 6642

1745566814
0.0 0.0 0.05 5692

1745566815
0.0 0.0 0.05 6089

1745566816
0.0 0.0 0.05 4514

1745566817
0.0 0.0 0.05 4198

1745566818
0.0 0.0 0.05 3355

1745566819
0.0 0.0 0.05 5529

1745566820
0.0 0.0 0.05 6596

1745566821
0.0 0.0 0.05 4847

1745566822
0.0 0.0 0.04 4788

1745566823
0.0 0.0 0.04 2774

1745566824
0.0 0.0 0.04 4711

1745566825
0.0 0.0 0.04 3958

1745566826
0.0 0.0 0.04 7035

1745566827
0.0 0.0 0.04 4745

1745566828
0.0 0.0 0.04 4597

1745566829
0.0 0.0 0.04 5276

1745566830
0.0 0.0 0.04 5052

1745566831
0.0 0.0 0.04 2886

1745566832
0.0 0.0 0.04 5278

1745566833
0.0 0.0 0.04 2226

1745566834
0.0 0.0 0.04 6845

1745566835
0.0 0.0 0.04 6101

1745566836
0.0 0.0 0.04 5404

1745566837
0.0 0.0 0.04 4942

1745566838
0.0 0.0 0.04 2859

1745566839
0.0 0.0 0.04 1477

1745566840
0.0 0.0 0.04 689

1745566841
0.0 0.0 0.04 348

1745566842
0.0 0.0 0.04 283

1745566843
0.0 0.0 0.04 652

1745566844
0.0 0.0 0.04 3803

1745566845
0.0 0.0 0.04 3662

1745566846
0.0 0.0 0.04 5901

1745566847
0.0 0.0 0.04 7803

1745566848
0.0 0.0 0.04 6035

1745566849
0.0 0.0 0.04 4781

1745566850
0.0 0.0 0.04 7791

1745566851
0.0 0.0 0.04 5969

1745566852
0.0 0.0 0.04 4325

1745566853
0.0 0.0 0.04 5635

1745566854
0.0 0.0 0.04 5880

1745566855
0.0 0.0 0.04 7667

1745566856
0.0 0.0 0.04 6525

1745566857
0.0 0.0 0.04 6922

1745566858
0.0 0.0 0.04 11599

1745566859
0.0 0.0 0.04 9647

1745566860
0.0 0.0 0.04 9517

1745566861
0.0 0.0 0.04 7586

1745566862
0.0 0.0 0.04 6156

1745566863
0.0 0.0 0.04 8166

1745566864
0.0 0.0 0.03 3755

1745566865
0.0 0.0 0.03 9260

1745566866
0.0 0.0 0.03 4809

1745566867
0.0 0.0 0.03 5963

1745566868
0.0 0.0 0.03 2775

1745566869
0.0 0.0 0.03 6242

1745566870
0.0 0.0 0.03 3030

1745566871
0.0 0.0 0.03 5125

1745566872
0.0 0.0 0.03 7500

1745566873
0.0 0.0 0.03 8474

1745566874
0.0 0.0 0.03 6212

1745566875
0.0 0.0 0.03 7107

1745566876
0.0 0.0 0.03 7665

1745566877
0.0 0.0 0.03 6325

1745566878
0.0 0.0 0.03 3663

1745566879
0.0 0.0 0.03 9313

1745566880
0.0 0.0 0.03 8095

1745566881
0.0 0.0 0.03 4977

1745566882
0.0 0.0 0.03 7725

1745566883
0.0 0.0 0.03 7222

1745566884
0.0 0.0 0.03 5203

1745566885
0.0 0.0 0.03 5740

1745566886
0.0 0.0 0.03 3932

1745566887
0.0 0.0 0.03 5191

1745566888
0.0 0.0 0.03 5378

1745566889
0.0 0.0 0.03 5037

1745566890
0.0 0.0 0.03 6131

1745566891
0.0 0.0 0.03 3251

1745566892
0.0 0.0 0.03 8028

1745566893
0.0 0.0 0.03 9090

1745566894
0.0 0.0 0.03 6297

1745566895
0.0 0.0 0.03 3854

1745566896
0.0 0.0 0.03 5023

1745566897
0.0 0.0 0.03 6059

1745566898
0.0 0.0 0.03 4802

1745566899
0.0 0.0 0.03 5474

1745566900
0.0 0.0 0.03 4240

1745566902
0.0 0.0 0.03 11277

1745566903
0.0 0.0 0.03 9514

1745566904
0.0 0.0 0.02 8564

1745566905
0.0 0.0 0.02 2255

1745566906
0.0 0.0 0.02 5438

1745566907
0.0 0.0 0.02 4261

1745566908
0.0 0.0 0.02 7338

1745566909
0.0 0.0 0.02 6770

1745566910
0.0 0.0 0.02 3627

1745566911
0.0 0.0 0.02 4974

1745566912
0.0 0.0 0.02 6084

1745566913
0.0 0.0 0.02 6218

1745566914
0.0 0.0 0.02 5197

1745566915
0.0 0.0 0.02 4582

1745566916
0.0 0.0 0.02 8867

1745566917
0.0 0.0 0.02 6909

1745566918
0.0 0.0 0.02 5539

1745566919
0.0 0.0 0.02 5160

1745566920
0.0 0.0 0.02 6893

1745566921
0.0 0.0 0.02 10005

1745566922
0.0 0.0 0.02 6573

1745566923
0.0 0.0 0.02 6359

1745566924
0.0 0.0 0.02 7693

1745566925
0.0 0.0 0.02 5495

1745566926
0.0 0.0 0.02 7624

1745566927
0.0 0.0 0.02 6917

1745566928
0.0 0.0 0.02 4571

1745566929
0.0 0.0 0.02 4621

1745566930
0.0 0.0 0.02 4113

1745566931
0.0 0.0 0.02 4955

1745566932
0.0 0.0 0.02 6539

1745566933
0.0 0.0 0.02 4264

1745566934
0.0 0.0 0.02 3548

1745566935
0.0 0.0 0.02 4864

1745566936
0.0 0.0 0.02 2084

1745566937
0.0 0.0 0.02 5090

1745566938
0.0 0.0 0.02 5984

1745566939
0.0 0.0 0.02 2568

1745566940
0.0 0.0 0.02 4516

1745566941
0.0 0.0 0.02 2880

1745566942
0.0 0.0 0.02 5849

1745566943
0.0 0.0 0.02 4889

1745566944
0.0 0.0 0.02 2931

1745566945
0.0 0.0 0.02 5732

1745566946
0.0 0.0 0.01 2514

1745566947
0.0 0.0 0.01 5266

1745566948
0.0 0.0 0.01 5776

1745566949
0.0 0.0 0.01 3850

1745566950
0.0 0.0 0.01 6552

1745566951
0.0 0.0 0.01 3135

1745566952
0.0 0.0 0.01 6311

1745566953
0.0 0.0 0.01 7072

1745566954
0.0 0.0 0.01 2079

1745566955
0.0 0.0 0.01 4817

1745566956
0.0 0.0 0.01 4974

1745566957
0.0 0.0 0.01 6308

1745566958
0.0 0.0 0.01 5286

1745566959
0.0 0.0 0.01 3276

1745566960
0.0 0.0 0.01 5048

1745566961
0.0 0.0 0.01 4701

1745566962
0.0 0.0 0.01 3634

1745566963
0.0 0.0 0.01 4265

1745566964
0.0 0.0 0.01 879

1745566965
0.0 0.0 0.01 937

1745566966
0.0 0.0 0.01 737

1745566967
0.0 0.0 0.01 722

1745566968
0.0 0.0 0.01 991

1745566969
0.0 0.0 0.01 3948

1745566970
0.0 0.0 0.01 4203

1745566971
0.0 0.0 0.01 4220

1745566972
0.0 0.0 0.01 2291

1745566973
0.0 0.0 0.01 7474

1745566974
0.0 0.0 0.01 5027

1745566975
0.0 0.0 0.01 4365

1745566976
0.0 0.0 0.01 6428

1745566977
0.0 0.0 0.01 3478

1745566978
0.0 0.0 0.01 5622

1745566979
0.0 0.0 0.01 8234

1745566980
0.0 0.0 0.01 4314

1745566981
0.0 0.0 0.01 5407

1745566982
0.0 0.0 0.01 4000

1745566983
0.0 0.0 0.01 5784

1745566984
0.0 0.0 0.01 5660

1745566985
0.0 0.0 0.01 5299

1745566987
0.0 0.0 0.0 13023

1745566988
0.0 0.0 0.0 4559

1745566989
0.0 0.0 0.0 5724

1745566990
0.0 0.0 0.0 3804

1745566991
0.0 0.0 0.0 6891

1745566992
0.0 0.0 0.0 7308

1745566993
0.0 0.0 0.0 5810

1745566994
0.0 0.0 0.0 3962

1745566995
0.0 0.0 0.0 7382

1745566996
0.0 0.0 0.0 4164

1745566997
0.0 0.0 0.0 8061

1745566998
0.0 0.0 0.0 3738

1745566999
0.0 0.0 0.0 5717

1745567000
0.0 0.0 0.0 7797

1745567001
0.0 0.0 0.0 6588

1745567002
0.0 0.0 0.0 6326

1745567003
0.0 0.0 0.0 6804

1745567004
0.0 0.0 0.0 4234

1745567005
0.0 0.0 0.0 4213

1745567006
0.0 0.0 0.0 4189

1745567007
0.0 0.0 0.0 6056

1745567008
0.0 0.0 0.0 5910

1745567009
0.0 0.0 0.0 4343

1745567010
0.0 0.0 0.0 8202

1745567011
0.0 0.0 0.0 6196

1745567012
0.0 0.0 0.0 5085

1745567013
0.0 0.0 0.0 6697

1745567014
0.0 0.0 0.0 4295

1745567015
0.0 0.0 0.0 4871

1745567016
0.0 0.0 0.0 6296

1745567017
0.0 0.0 0.0 2844

1745567018
0.0 0.0 0.0 5157

1745567019
0.0 0.0 0.0 2159

1745567020
0.0 0.0 0.0 4612

1745567021
0.0 0.0 0.0 7603

1745567022
0.0 0.0 0.0 4878

1745567023
0.0 0.0 0.0 7005

1745567024
0.0 0.0 0.0 5768

1745567025
0.0 0.0 0.0 6280

1745567026
0.0 0.0 0.0 4853

1745567027
0.0 0.0 0.0 5085

1745567028
0.0 0.0 0.0 6112

1745567029
0.0 0.0 0.0 6069

1745567030
0.0 0.0 0.0 7839

1745567031
0.0 0.0 0.0 5052

1745567032
0.0 0.0 0.0 4038

1745567033
0.0 0.0 0.0 8614

1745567034
0.0 0.0 0.0 8174

1745567035
0.0 0.0 0.0 2874

1745567036
0.0 0.0 0.0 6985

1745567037
0.0 0.0 0.0 3621

1745567038
0.0 0.0 0.0 4587

1745567039
0.0 0.0 0.0 4303

1745567040
0.0 0.0 0.0 5740

1745567041
0.0 0.0 0.0 5902

1745567042
0.0 0.0 0.0 5646

1745567043
0.0 0.0 0.0 2669

1745567044
0.0 0.0 0.0 8263

1745567045
0.0 0.0 0.0 4970

1745567046
0.0 0.0 0.0 7179

1745567047
0.0 0.0 0.0 7969

1745567048
0.0 0.0 0.0 6638

1745567049
0.0 0.0 0.0 5435

1745567050
0.0 0.0 0.0 5074

1745567051
0.0 0.0 0.0 3207

1745567052
0.0 0.0 0.0 6155

1745567053
0.0 0.0 0.0 4012

1745567054
0.0 0.0 0.0 6315

1745567055
0.0 0.0 0.0 6351

1745567056
0.0 0.0 0.0 2489

1745567057
0.0 0.0 0.0 8064

1745567058
0.0 0.0 0.0 2948

1745567059
0.0 0.0 0.0 815

1745567060
0.0 0.0 0.0 306

1745567061
0.0 0.0 0.0 281

1745567062
0.0 0.0 0.0 352

1745567063
0.0 0.0 0.0 2341

1745567064
0.0 0.0 0.0 3626

1745567065
0.0 0.0 0.0 4316

1745567066
0.0 0.0 0.0 4211

1745567067
0.0 0.0 0.0 2928

1745567068
0.0 0.0 0.0 6697

1745567069
0.0 0.0 0.0 4992

1745567070
0.0 0.0 0.0 9123

1745567071
0.0 0.0 0.0 7989

1745567072
0.0 0.0 0.0 6392

1745567073
0.0 0.0 0.0 7774

1745567074
0.0 0.0 0.0 7207

1745567075
0.0 0.0 0.0 6431

1745567076
0.0 0.0 0.0 5135

1745567077
0.0 0.0 0.0 3622

1745567078
0.0 0.0 0.0 6722

1745567079
0.0 0.0 0.0 7344

1745567080
0.0 0.0 0.0 3862

1745567081
0.0 0.0 0.0 4451

1745567082
0.0 0.0 0.0 7419

1745567083
0.0 0.0 0.0 4521

1745567084
0.0 0.0 0.0 4362

1745567085
0.0 0.0 0.0 6879

1745567086
0.0 0.0 0.0 4663

1745567087
0.0 0.0 0.0 6048

1745567088
0.0 0.0 0.0 3651

1745567089
0.0 0.0 0.0 4440

1745567090
0.0 0.0 0.0 5164

1745567091
0.0 0.0 0.0 3313

1745567092
0.0 0.0 0.0 6294

1745567093
0.0 0.0 0.0 4210

1745567094
0.0 0.0 0.0 7957

1745567095
0.0 0.0 0.0 6101

1745567096
0.0 0.0 0.0 3849

1745567097
0.0 0.0 0.0 3491

1745567098
0.0 0.0 0.0 6872

1745567099
0.0 0.0 0.0 4509

1745567100
0.0 0.0 0.0 7141

1745567101
0.0 0.0 0.0 4008

1745567102
0.0 0.0 0.0 4749

1745567103
0.0 0.0 0.0 4355

1745567104
0.0 0.0 0.0 5849

1745567105
0.0 0.0 0.0 6454

1745567106
0.0 0.0 0.0 4797

1745567107
0.0 0.0 0.0 2696

1745567108
0.0 0.0 0.0 7712

1745567109
0.0 0.0 0.0 5314

1745567110
0.0 0.0 0.0 5357

1745567111
0.0 0.0 0.0 4442

1745567112
0.0 0.0 0.0 3045

1745567113
0.0 0.0 0.0 7170

1745567114
0.0 0.0 0.0 7149

1745567115
0.0 0.0 0.0 4258

1745567116
0.0 0.0 0.0 8476

1745567117
0.0 0.0 0.0 4618

1745567119
0.0 0.0 0.0 10263

1745567120
0.0 0.0 0.0 4772

1745567121
0.0 0.0 0.0 8715

1745567122
0.0 0.0 0.0 5419

1745567123
0.0 0.0 0.0 4931

1745567124
0.0 0.0 0.0 6418

1745567125
0.0 0.0 0.0 4981

1745567126
0.0 0.0 0.0 5413

1745567127
0.0 0.0 0.0 5298

1745567128
0.0 0.0 0.0 2657

1745567129
0.0 0.0 0.0 5774

1745567130
0.0 0.0 0.0 10026

1745567131
0.0 0.0 0.0 5269

1745567132
0.0 0.0 0.0 5656

1745567133
0.0 0.0 0.0 4811

1745567134
0.0 0.0 0.0 5961

1745567135
0.0 0.0 0.0 5985

1745567136
0.0 0.0 0.0 6444

1745567137
0.0 0.0 0.0 10912

1745567138
0.0 0.0 0.0 10107

1745567139
0.0 0.0 0.0 7618

1745567140
0.0 0.0 0.0 4442

1745567141
0.0 0.0 0.0 4742

1745567142
0.0 0.0 0.0 4779

1745567143
0.0 0.0 0.0 4398

1745567144
0.0 0.0 0.0 3195

1745567145
0.0 0.0 0.0 4231

1745567146
0.0 0.0 0.0 4147

1745567147
0.0 0.0 0.0 4949

1745567148
0.0 0.0 0.0 4295

1745567149
0.0 0.0 0.0 3963

1745567150
0.0 0.0 0.0 5720

1745567151
0.0 0.0 0.0 6072

1745567152
0.0 0.0 0.0 3001

1745567153
0.0 0.0 0.0 5968

1745567154
0.0 0.0 0.0 5001

1745567155
0.0 0.0 0.0 7861

1745567156
0.0 0.0 0.0 6089

1745567157
0.0 0.0 0.0 8071

1745567158
0.0 0.0 0.0 5849

1745567159
0.0 0.0 0.0 5420

1745567160
0.0 0.0 0.0 5336

1745567161
0.0 0.0 0.0 7108

1745567162
0.0 0.0 0.0 5054

1745567163
0.0 0.0 0.0 6900

1745567164
0.0 0.0 0.0 6933

1745567165
0.0 0.0 0.0 4481

1745567166
0.0 0.0 0.0 6991

1745567167
0.0 0.0 0.0 7566

1745567168
0.0 0.0 0.0 5888

1745567169
0.0 0.0 0.0 3350

1745567170
0.0 0.0 0.0 4128

1745567171
0.0 0.0 0.0 8905

1745567172
0.0 0.0 0.0 6201

1745567173
0.0 0.0 0.0 4542

1745567174
0.0 0.0 0.0 8493

1745567175
0.0 0.0 0.0 4224

1745567176
0.0 0.0 0.0 5341

1745567177
0.0 0.0 0.0 4969

1745567178
0.0 0.0 0.0 3191

1745567179
0.0 0.0 0.0 5723

1745567180
0.0 0.0 0.0 12589

1745567181
0.0 0.0 0.0 4147

1745567182
0.0 0.0 0.0 3824

1745567183
0.0 0.0 0.0 5125

1745567184
0.0 0.0 0.0 6607

1745567185
0.0 0.0 0.0 5599

1745567186
0.0 0.0 0.0 6429

1745567187
0.0 0.0 0.0 4126

1745567188
0.0 0.0 0.0 5150

1745567189
0.0 0.0 0.0 6629

1745567190
0.0 0.0 0.0 6242

1745567191
0.0 0.0 0.0 4094

1745567192
0.0 0.0 0.0 4946

1745567193
0.0 0.0 0.0 4636

1745567194
0.0 0.0 0.0 2410

1745567195
0.0 0.0 0.0 4052

1745567196
0.0 0.0 0.0 6396

1745567197
0.0 0.0 0.0 6339

1745567198
0.0 0.0 0.0 6048

1745567199
0.0 0.0 0.0 597

1745567200
0.0 0.0 0.0 362

1745567201
0.0 0.0 0.0 142

1745567202
0.0 0.0 0.0 236

1745567203
0.0 0.0 0.0 2774

1745567204
0.0 0.0 0.0 6962

1745567205
0.0 0.0 0.0 2975

1745567206
0.0 0.0 0.0 4991

1745567207
0.0 0.0 0.0 9514

1745567208
0.0 0.0 0.0 4615

1745567209
0.0 0.0 0.0 7598

1745567210
0.0 0.0 0.0 5277

1745567211
0.0 0.0 0.0 4500

1745567212
0.0 0.0 0.0 4680

1745567213
0.0 0.0 0.0 2558

1745567214
0.0 0.0 0.0 3454

1745567215
0.0 0.0 0.0 3734

1745567216
0.0 0.0 0.0 1953

1745567217
0.0 0.0 0.0 3622

1745567218
0.0 0.0 0.0 2480

1745567219
0.0 0.0 0.0 4047

1745567220
0.0 0.0 0.0 6990

1745567221
0.0 0.0 0.0 7467

1745567222
0.0 0.0 0.0 6420

1745567223
0.0 0.0 0.0 8691

1745567224
0.0 0.0 0.0 7739

1745567225
0.0 0.0 0.0 8678

1745567226
0.0 0.0 0.0 3596

1745567227
0.0 0.0 0.0 5417

1745567228
0.0 0.0 0.0 4824

1745567229
0.0 0.0 0.0 3048

1745567230
0.0 0.0 0.0 5891

1745567231
0.0 0.0 0.0 5769

1745567232
0.0 0.0 0.0 4573

1745567233
0.0 0.0 0.0 5585

1745567234
0.0 0.0 0.0 3010

1745567235
0.0 0.0 0.0 6319

1745567236
0.0 0.0 0.0 8458

1745567237
0.0 0.0 0.0 7042

1745567238
0.0 0.0 0.0 7315

1745567239
0.0 0.0 0.0 8024

1745567240
0.0 0.0 0.0 3251

1745567241
0.0 0.0 0.0 6000

1745567242
0.0 0.0 0.0 3524

1745567243
0.0 0.0 0.0 7550

1745567244
0.0 0.0 0.0 4745

1745567245
0.0 0.0 0.0 3125

1745567246
0.0 0.0 0.0 3831

1745567247
0.0 0.0 0.0 5576

1745567248
0.0 0.0 0.0 5917

1745567249
0.0 0.0 0.0 7187

1745567250
0.0 0.0 0.0 3936

1745567251
0.0 0.0 0.0 7732

1745567252
0.0 0.0 0.0 9470

1745567253
0.0 0.0 0.0 3904

1745567254
0.0 0.0 0.0 11353

1745567255
0.0 0.0 0.0 10413

1745567256
0.0 0.0 0.0 6424

1745567257
0.0 0.0 0.0 6201

1745567258
0.0 0.0 0.0 11922

1745567259
0.0 0.0 0.0 10769

1745567260
0.18 0.03 0.0 8512

1745567261
0.18 0.03 0.0 11458

1745567262
0.14 0.03 0.0 7365

1745567263
0.14 0.03 0.0 11399

1745567264
0.12 0.02 0.0 7287

1745567265
0.12 0.02 0.0 9272

1745567266
0.09 0.02 0.0 9446

1745567267
0.09 0.02 0.0 8279

1745567268
0.08 0.02 0.0 7031

1745567269
0.08 0.02 0.0 10611

1745567270
0.06 0.02 0.0 8021

1745567271
0.06 0.02 0.0 8833

1745567273
0.05 0.02 0.0 14065

1745567274
0.04 0.02 0.0 6055

1745567275
0.04 0.02 0.0 3562

1745567276
0.03 0.02 0.0 6341

1745567277
0.03 0.02 0.0 13050

1745567278
0.21 0.05 0.0 7434

1745567279
0.21 0.05 0.0 7227

1745567280
0.17 0.05 0.0 8046

1745567281
0.17 0.05 0.0 9434

1745567282
0.14 0.05 0.0 6428

1745567283
0.14 0.05 0.0 6456

1745567284
0.11 0.05 0.0 9215

1745567285
0.11 0.05 0.0 7630

1745567286
0.09 0.04 0.0 8582

1745567287
0.09 0.04 0.0 8342

1745567288
0.07 0.04 0.0 7796

1745567289
0.07 0.04 0.0 5985

1745567290
0.06 0.04 0.0 7977

1745567291
0.06 0.04 0.0 9978

1745567292
0.05 0.04 0.0 5617

1745567293
0.05 0.04 0.0 7331

1745567294
0.04 0.04 0.0 7827

1745567295
0.04 0.04 0.0 7953

1745567296
0.03 0.04 0.0 6828

1745567297
0.03 0.04 0.0 9057

1745567298
0.02 0.03 0.0 5912

1745567299
0.02 0.03 0.0 7592

1745567300
0.02 0.03 0.0 7721

1745567301
0.02 0.03 0.0 6772

1745567302
0.01 0.03 0.0 7579

1745567303
0.01 0.03 0.0 5615

1745567304
0.01 0.03 0.0 6194

1745567305
0.01 0.03 0.0 8988

1745567306
0.01 0.03 0.0 5819

1745567307
0.01 0.03 0.0 7007

1745567308
0.0 0.03 0.0 7946

1745567309
0.0 0.03 0.0 5496

1745567310
0.0 0.02 0.0 5829

1745567311
0.0 0.02 0.0 3751

1745567312
0.0 0.02 0.0 8823

1745567313
0.0 0.02 0.0 6609

1745567314
0.0 0.02 0.0 3667

1745567315
0.0 0.02 0.0 6480

1745567316
0.0 0.02 0.0 7245

1745567317
0.0 0.02 0.0 8545

1745567318
0.0 0.02 0.0 6709

1745567319
0.0 0.02 0.0 560

1745567320
0.0 0.02 0.0 298

1745567321
0.0 0.02 0.0 131

1745567322
0.0 0.02 0.0 508

1745567323
0.0 0.02 0.0 3167

1745567324
0.0 0.02 0.0 9230

1745567325
0.0 0.02 0.0 3787

1745567326
0.0 0.02 0.0 8354

1745567328
0.0 0.02 0.0 12523

1745567329
0.0 0.02 0.0 8725

1745567330
0.18 0.05 0.0 11716

1745567331
0.18 0.05 0.0 15677

1745567332
0.32 0.08 0.01 5632

1745567333
0.32 0.08 0.01 9461

1745567334
0.26 0.08 0.01 9453

1745567335
0.26 0.08 0.01 8592

1745567336
0.22 0.07 0.01 7165

1745567337
0.22 0.07 0.01 7391

1745567338
0.18 0.07 0.01 6353

1745567339
0.18 0.07 0.01 6585

1745567340
0.14 0.07 0.01 10891

1745567341
0.14 0.07 0.01 5597

1745567342
0.12 0.07 0.01 3910

1745567343
0.12 0.07 0.01 6475

1745567344
0.09 0.06 0.01 8301

1745567345
0.09 0.06 0.01 5592

1745567346
0.08 0.06 0.01 4316

1745567347
0.08 0.06 0.01 3141

1745567348
0.06 0.06 0.0 7386

1745567349
0.06 0.06 0.0 6661

1745567350
0.05 0.06 0.0 5523

1745567351
0.05 0.06 0.0 10438

1745567352
0.04 0.05 0.0 7389

1745567353
0.04 0.05 0.0 7636

1745567354
0.03 0.05 0.0 11643

1745567355
0.03 0.05 0.0 4687

1745567356
0.02 0.05 0.0 7315

1745567357
0.02 0.05 0.0 7821

1745567358
0.02 0.05 0.0 5759

1745567359
0.02 0.05 0.0 18876

1745567360
0.2 0.08 0.01 5334

1745567361
0.2 0.08 0.01 1876

1745567362
0.16 0.08 0.01 8459

1745567363
0.16 0.08 0.01 12643

1745567364
0.13 0.07 0.01 5221

1745567365
0.13 0.07 0.01 5239

1745567366
0.1 0.07 0.01 5729

1745567367
0.1 0.07 0.01 5021

1745567368
0.08 0.07 0.01 3707

1745567369
0.08 0.07 0.01 3540

1745567370
0.07 0.06 0.01 5918

1745567371
0.07 0.06 0.01 5268

1745567372
0.05 0.06 0.01 7571

1745567373
0.05 0.06 0.01 7404

1745567374
0.04 0.06 0.01 5782

1745567375
0.04 0.06 0.01 6186

1745567376
0.03 0.06 0.01 8441

1745567377
0.03 0.06 0.01 9569

1745567378
0.03 0.05 0.0 4579

1745567379
0.03 0.05 0.0 6511

1745567380
0.02 0.05 0.0 6784

1745567381
0.02 0.05 0.0 7484

1745567382
0.02 0.05 0.0 7723

1745567383
0.02 0.05 0.0 5496

1745567384
0.01 0.05 0.0 7880

1745567385
0.01 0.05 0.0 5662

1745567386
0.01 0.05 0.0 5666

1745567387
0.01 0.05 0.0 4153

1745567388
0.01 0.04 0.0 7562

1745567389
0.01 0.04 0.0 5459

1745567390
0.0 0.04 0.0 7205

1745567391
0.0 0.04 0.0 6808

1745567392
0.0 0.04 0.0 552

1745567393
0.0 0.04 0.0 520

1745567394
0.0 0.04 0.0 232

1745567395
0.0 0.04 0.0 648

1745567396
0.0 0.04 0.0 5393

1745567397
0.0 0.04 0.0 1960

1745567398
0.0 0.04 0.0 4934

1745567399
0.0 0.04 0.0 4942

1745567400
0.0 0.03 0.0 2584

1745567401
0.0 0.03 0.0 5565

1745567402
0.0 0.03 0.0 8022

1745567403
0.0 0.03 0.0 8170

1745567404
0.0 0.03 0.0 5803

1745567405
0.0 0.03 0.0 11459

1745567406
0.0 0.03 0.0 6762

1745567407
0.0 0.03 0.0 9437

1745567408
0.0 0.03 0.0 6734

1745567409
0.0 0.03 0.0 6286

1745567410
0.0 0.03 0.0 6984

1745567411
0.0 0.03 0.0 8745

1745567412
0.0 0.03 0.0 8143

1745567413
0.0 0.03 0.0 4659

1745567414
0.0 0.02 0.0 2752

1745567415
0.0 0.02 0.0 5340

1745567416
0.0 0.02 0.0 4284

1745567417
0.0 0.02 0.0 8715

1745567418
0.0 0.02 0.0 4641

1745567419
0.0 0.02 0.0 11253

1745567420
0.0 0.02 0.0 8046

1745567421
0.0 0.02 0.0 4793

1745567422
0.0 0.02 0.0 8449

1745567423
0.0 0.02 0.0 5749

1745567424
0.0 0.02 0.0 7628

1745567425
0.0 0.02 0.0 8792

1745567426
0.0 0.02 0.0 4814

1745567427
0.0 0.02 0.0 8763

1745567428
0.0 0.02 0.0 4113

1745567429
0.0 0.02 0.0 9057

1745567430
0.0 0.02 0.0 5238

1745567431
0.0 0.02 0.0 7114

1745567432
0.0 0.02 0.0 7125

1745567434
0.0 0.01 0.0 15111

1745567435
0.0 0.01 0.0 5315

1745567436
0.0 0.01 0.0 6527

1745567437
0.0 0.01 0.0 12069

1745567438
0.0 0.01 0.0 5506

1745567439
0.0 0.01 0.0 7485

1745567440
0.0 0.01 0.0 4531

1745567441
0.0 0.01 0.0 8927

1745567442
0.0 0.01 0.0 8735

1745567443
0.0 0.01 0.0 4912

1745567444
0.0 0.01 0.0 6032

1745567445
0.0 0.01 0.0 6694

1745567446
0.0 0.01 0.0 5150

1745567447
0.0 0.01 0.0 55799

1745567448
1.44 0.27 0.05 112119

1745567449
1.44 0.27 0.05 247078

1745567450
7.88 1.47 0.3 503690

1745567451
7.88 1.47 0.3 586217

1745567452
16.42 3.22 0.68 516258

1745567453
16.42 3.22 0.68 501625

1745567454
22.32 4.72 1.01 489401

1745567455
22.32 4.72 1.01 404236

1745567456
24.8 5.75 1.25 326693

1745567457
24.8 5.75 1.25 294890

1745567458
25.02 6.41 1.42 231737

1745567459
25.02 6.41 1.42 181927

1745567460
25.02 6.41 1.42 141153

1745567461
23.38 6.72 1.52 139414

1745567462
23.38 6.72 1.52 108945

1745567463
21.32 6.89 1.59 84169

1745567464
21.32 6.89 1.59 74492

1745567465
18.72 6.9 1.62 48392

1745567466
18.72 6.9 1.62 34372

1745567467
16.05 6.8 1.64 33943

1745567468
16.05 6.8 1.64 26419

1745567469
13.51 6.64 1.64 12922

1745567470
13.51 6.64 1.64 6955

1745567471
11.06 6.43 1.63 4377

1745567472
11.06 6.43 1.63 4920

1745567473
9.05 6.22 1.62 4656

1745567474
9.05 6.22 1.62 5475

1745567475
7.41 6.01 1.61 5806

1745567476
7.41 6.01 1.61 4061

1745567477
6.07 5.82 1.6 3984

1745567478
6.07 5.82 1.6 2821

1745567479
4.97 5.63 1.59 1691

1745567480
4.97 5.63 1.59 1461

1745567481
4.07 5.44 1.58 1423

1745567482
4.07 5.44 1.58 1230

1745567483
3.33 5.26 1.56 1860

1745567484
3.33 5.26 1.56 1693

1745567485
2.72 5.09 1.55 2857

1745567486
2.72 5.09 1.55 284

1745567487
2.23 4.92 1.54 4212

1745567488
2.23 4.92 1.54 1652

1745567489
1.83 4.76 1.53 4995

1745567490
1.83 4.76 1.53 6526

1745567491
1.49 4.61 1.52 5524

1745567492
1.49 4.61 1.52 7297

1745567493
1.22 4.45 1.51 2791

1745567494
1.22 4.45 1.51 3583

1745567495
1.0 4.31 1.5 8437

1745567496
1.0 4.31 1.5 4786

1745567497
0.82 4.17 1.49 6885

1745567498
0.82 4.17 1.49 10947

1745567499
0.67 4.03 1.48 7614

1745567500
0.67 4.03 1.48 8155

1745567501
0.55 3.9 1.47 11084

1745567502
0.55 3.9 1.47 8362

1745567503
0.45 3.77 1.46 5819

1745567504
0.45 3.77 1.46 6511

1745567505
0.36 3.65 1.45 7376

1745567506
0.36 3.65 1.45 6914

1745567507
0.3 3.53 1.44 4370

1745567508
0.3 3.53 1.44 7264

1745567509
0.24 3.41 1.43 7826

1745567510
0.24 3.41 1.43 7629

1745567511
0.2 3.3 1.42 8729

1745567512
0.2 3.3 1.42 2879

1745567513
0.16 3.19 1.41 5838

1745567514
0.16 3.19 1.41 7234

1745567515
0.13 3.09 1.4 3997

1745567516
0.13 3.09 1.4 6003

1745567517
0.11 2.98 1.39 12683

1745567518
0.11 2.98 1.39 5697

1745567519
0.09 2.89 1.38 5378

1745567520
0.09 2.89 1.38 6728

1745567521
0.07 2.79 1.37 5308

1745567522
0.07 2.79 1.37 6624

1745567523
0.06 2.7 1.36 5562

1745567524
0.06 2.7 1.36 7210

1745567525
0.04 2.61 1.35 8104

1745567526
0.04 2.61 1.35 6547

1745567527
0.03 2.52 1.34 5630

1745567528
0.03 2.52 1.34 7640

1745567529
0.03 2.44 1.33 6891

1745567530
0.03 2.44 1.33 6396

1745567531
0.02 2.36 1.32 5657

1745567532
0.02 2.36 1.32 8337

1745567533
0.02 2.28 1.31 8760

1745567534
0.02 2.28 1.31 4945

1745567535
0.01 2.21 1.3 5479

1745567536
0.01 2.21 1.3 7553

1745567537
0.01 2.14 1.29 3978

1745567538
0.01 2.14 1.29 8334

1745567539
0.01 2.07 1.28 5162

1745567540
0.01 2.07 1.28 6275

1745567541
0.0 2.0 1.28 4793

1745567542
0.0 2.0 1.28 7779

1745567543
0.0 1.93 1.27 5036

1745567544
0.0 1.93 1.27 5469

1745567545
0.0 1.87 1.26 5456

1745567546
0.0 1.87 1.26 8009

1745567547
0.0 1.81 1.25 5306

1745567548
0.0 1.81 1.25 4407

1745567549
0.0 1.75 1.24 5134

1745567550
0.0 1.75 1.24 6643

1745567551
0.0 1.69 1.23 7315

1745567552
0.0 1.69 1.23 5612

1745567553
0.0 1.63 1.22 6172

1745567554
0.0 1.63 1.22 4242

1745567555
0.0 1.58 1.21 6745

1745567556
0.0 1.58 1.21 5342

1745567557
0.0 1.53 1.2 8638

1745567558
0.0 1.53 1.2 5854

1745567559
0.0 1.48 1.2 3521

1745567560
0.0 1.48 1.2 6280

1745567561
0.0 1.43 1.19 6947

1745567562
0.0 1.43 1.19 5788

1745567563
0.0 1.38 1.18 4377

1745567564
0.0 1.38 1.18 2761

1745567565
0.0 1.34 1.17 6837

1745567566
0.0 1.34 1.17 7792

1745567567
0.0 1.29 1.16 5041

1745567568
0.0 1.29 1.16 5266

1745567569
0.0 1.25 1.16 5745

1745567570
0.0 1.25 1.16 6960

1745567571
0.0 1.21 1.15 6775

1745567572
0.0 1.21 1.15 7907

1745567573
0.0 1.17 1.14 6956

1745567574
0.0 1.17 1.14 5678

1745567575
0.0 1.13 1.13 2951

1745567576
0.0 1.13 1.13 7481

1745567577
0.0 1.09 1.12 8514

1745567578
0.0 1.09 1.12 3799

1745567579
0.0 1.06 1.11 7279

1745567580
0.0 1.06 1.11 4926

1745567581
0.0 1.02 1.11 4797

1745567582
0.0 1.02 1.11 6029

1745567583
0.0 0.99 1.1 5813

1745567584
0.0 0.99 1.1 3752

1745567585
0.0 0.95 1.09 6782

1745567586
0.0 0.95 1.09 6011

1745567587
0.0 0.92 1.08 4818

1745567588
0.0 0.92 1.08 10145

1745567589
0.0 0.89 1.08 7095

1745567590
0.0 0.89 1.08 4631

1745567591
0.0 0.86 1.07 9583

1745567592
0.0 0.86 1.07 8345

1745567593
0.0 0.83 1.06 6013

1745567594
0.0 0.83 1.06 9531

1745567595
0.0 0.81 1.05 5872

1745567596
0.0 0.81 1.05 6026

1745567597
0.0 0.78 1.05 5893

1745567598
0.0 0.78 1.05 7096

1745567599
0.0 0.75 1.04 5792

1745567600
0.0 0.75 1.04 5817

1745567601
0.0 0.73 1.03 8866

1745567602
0.0 0.73 1.03 5701

1745567603
0.0 0.7 1.02 6800

1745567604
0.0 0.7 1.02 7627

1745567605
0.0 0.68 1.02 5558

1745567606
0.0 0.68 1.02 6102

1745567607
0.0 0.66 1.01 6348

1745567608
0.0 0.66 1.01 5941

1745567609
0.0 0.64 1.0 8358

1745567610
0.0 0.64 1.0 5678

1745567611
0.0 0.61 0.99 6688

1745567612
0.0 0.61 0.99 4784

1745567613
0.0 0.59 0.99 5481

1745567614
0.0 0.59 0.99 6545

1745567615
0.0 0.57 0.98 6110

1745567616
0.0 0.57 0.98 7365

1745567617
0.0 0.56 0.97 5497

1745567618
0.0 0.56 0.97 9440

1745567619
0.0 0.54 0.97 8376

1745567620
0.0 0.54 0.97 4844

1745567621
0.0 0.52 0.96 4822

1745567623
0.0 0.5 0.95 12382

1745567624
0.0 0.5 0.95 4289

1745567625
0.0 0.48 0.95 5446

1745567626
0.0 0.48 0.95 5946

1745567627
0.0 0.47 0.94 4193

1745567628
0.0 0.47 0.94 6730

1745567629
0.0 0.45 0.93 5160

1745567630
0.0 0.45 0.93 3416

1745567631
0.0 0.44 0.93 5922

1745567632
0.0 0.44 0.93 3458

1745567633
0.0 0.42 0.92 11102

1745567634
0.0 0.42 0.92 5342

1745567635
0.0 0.41 0.91 5963

1745567636
0.0 0.41 0.91 6909

1745567637
0.0 0.39 0.91 7503

1745567638
0.0 0.39 0.91 6341

1745567639
0.0 0.38 0.9 5594

1745567640
0.0 0.38 0.9 6283

1745567641
0.0 0.37 0.89 6240

1745567642
0.0 0.37 0.89 7292

1745567643
0.0 0.36 0.89 4159

1745567644
0.0 0.36 0.89 5730

1745567645
0.0 0.34 0.88 7790

1745567646
0.0 0.34 0.88 4895

1745567647
0.0 0.33 0.87 6250

1745567648
0.0 0.33 0.87 5316

1745567649
0.0 0.32 0.87 398

1745567650
0.0 0.32 0.87 556

1745567651
0.0 0.31 0.86 308

1745567652
0.0 0.31 0.86 167

1745567653
0.0 0.3 0.86 2451

1745567654
0.0 0.3 0.86 4419

1745567655
0.0 0.29 0.85 5036

1745567656
0.0 0.29 0.85 5976

1745567657
0.0 0.28 0.84 3374

1745567658
0.0 0.28 0.84 6664

1745567659
0.0 0.27 0.84 8722

1745567660
0.0 0.27 0.84 6146

1745567661
0.0 0.26 0.83 7612

1745567662
0.0 0.26 0.83 6987

1745567663
0.0 0.25 0.83 6345

1745567664
0.0 0.25 0.83 4863

1745567665
0.0 0.24 0.82 4206

1745567666
0.0 0.24 0.82 6752

1745567667
0.0 0.23 0.81 5748

1745567668
0.0 0.23 0.81 4562

1745567669
0.0 0.23 0.81 8370

1745567670
0.0 0.23 0.81 7239

1745567671
0.0 0.22 0.8 3803

1745567672
0.0 0.22 0.8 3941

1745567673
0.0 0.21 0.8 6702

1745567674
0.0 0.21 0.8 4209

1745567675
0.0 0.2 0.79 10430

1745567676
0.0 0.2 0.79 4427

1745567677
0.0 0.2 0.78 6499

1745567678
0.0 0.2 0.78 6236

1745567679
0.0 0.19 0.78 7799

1745567680
0.0 0.19 0.78 8294

1745567681
0.0 0.18 0.77 6042

1745567682
0.0 0.18 0.77 7280

1745567683
0.0 0.18 0.77 6947

1745567684
0.0 0.18 0.77 3175

1745567685
0.0 0.17 0.76 9411

1745567686
0.0 0.17 0.76 8257

1745567687
0.0 0.16 0.76 4497

1745567688
0.0 0.16 0.76 6524

1745567689
0.0 0.16 0.75 5867

1745567690
0.0 0.16 0.75 2893

1745567691
0.0 0.15 0.75 4231

1745567692
0.0 0.15 0.75 3083

1745567693
0.0 0.15 0.74 10444

1745567694
0.0 0.15 0.74 8148

1745567695
0.0 0.14 0.74 6129

1745567696
0.0 0.14 0.74 6552

1745567697
0.0 0.14 0.73 6898

1745567698
0.0 0.14 0.73 5309

1745567699
0.0 0.13 0.72 5035

1745567700
0.0 0.13 0.72 5324

1745567701
0.0 0.13 0.72 4949

1745567702
0.0 0.13 0.72 6564

1745567703
0.0 0.12 0.71 5086

1745567704
0.0 0.12 0.71 3943

1745567705
0.0 0.12 0.71 5962

1745567706
0.0 0.12 0.71 6733

1745567707
0.0 0.11 0.7 10976

1745567708
0.0 0.11 0.7 5923

1745567709
0.0 0.11 0.7 6340

1745567710
0.0 0.11 0.7 4121

1745567711
0.0 0.11 0.69 3039

1745567712
0.0 0.11 0.69 8013

1745567713
0.0 0.1 0.69 6684

1745567714
0.0 0.1 0.69 8069

1745567715
0.0 0.1 0.68 6412

1745567716
0.0 0.1 0.68 4840

1745567717
0.0 0.1 0.68 4434

1745567718
0.0 0.1 0.68 8405

1745567719
0.0 0.09 0.67 4529

1745567720
0.0 0.09 0.67 3783

1745567721
0.0 0.09 0.67 5616

1745567722
0.0 0.09 0.67 4736

1745567723
0.0 0.08 0.66 5185

1745567724
0.0 0.08 0.66 6958

1745567725
0.0 0.08 0.66 3108

1745567726
0.0 0.08 0.66 6797

1745567727
0.0 0.08 0.66 2898

1745567728
0.0 0.08 0.66 3911

1745567729
0.0 0.08 0.65 4485

1745567730
0.0 0.08 0.65 2871

1745567731
0.0 0.07 0.65 8413

1745567732
0.0 0.07 0.65 7562

1745567733
0.0 0.07 0.64 4718

1745567734
0.0 0.07 0.64 6447

1745567735
0.0 0.07 0.64 4687

1745567736
0.0 0.07 0.64 8622

1745567737
0.0 0.06 0.63 5360

1745567738
0.0 0.06 0.63 4811

1745567739
0.0 0.06 0.63 4451

1745567740
0.0 0.06 0.63 6217

1745567741
0.0 0.06 0.62 6562

1745567742
0.0 0.06 0.62 8769

1745567743
0.0 0.06 0.62 4967

1745567744
0.0 0.06 0.62 5147

1745567745
0.0 0.05 0.61 4549

1745567746
0.0 0.05 0.61 7895

1745567747
0.0 0.05 0.61 6933

1745567748
0.0 0.05 0.61 6896

1745567749
0.0 0.05 0.6 6339

1745567750
0.0 0.05 0.6 6609

1745567751
0.0 0.05 0.6 6776

1745567752
0.0 0.05 0.6 4407

1745567753
0.0 0.05 0.6 7073

1745567754
0.0 0.05 0.6 7358

1745567755
0.0 0.04 0.59 5050

1745567756
0.0 0.04 0.59 6184

1745567757
0.0 0.04 0.59 2883

1745567758
0.0 0.04 0.59 6341

1745567759
0.0 0.04 0.58 4353

1745567760
0.0 0.04 0.58 3562

1745567761
0.0 0.04 0.58 8823

1745567762
0.0 0.04 0.58 6946

1745567763
0.0 0.04 0.57 6219

1745567764
0.0 0.04 0.57 741

1745567765
0.0 0.04 0.57 120

1745567766
0.0 0.04 0.57 248

1745567767
0.0 0.03 0.57 291

1745567768
0.0 0.03 0.57 1193

1745567769
0.0 0.03 0.56 5335

1745567770
0.0 0.03 0.56 5504

1745567771
0.0 0.03 0.56 5574

1745567772
0.0 0.03 0.56 4995

1745567773
0.0 0.03 0.55 2364

1745567774
0.0 0.03 0.55 5193

1745567775
0.0 0.03 0.55 4833

1745567776
0.0 0.03 0.55 2175

1745567777
0.0 0.03 0.55 3299

1745567778
0.0 0.03 0.55 8465

1745567779
0.0 0.03 0.54 3757

1745567780
0.0 0.03 0.54 6109

1745567781
0.0 0.02 0.54 12054

1745567782
0.0 0.02 0.54 3677

1745567783
0.0 0.02 0.53 4400

1745567784
0.0 0.02 0.53 5132

1745567785
0.0 0.02 0.53 5096

1745567786
0.0 0.02 0.53 6800

1745567787
0.0 0.02 0.53 4440

1745567788
0.0 0.02 0.53 5725

1745567789
0.0 0.02 0.52 4543

1745567790
0.0 0.02 0.52 3558

1745567791
0.0 0.02 0.52 8594

1745567792
0.0 0.02 0.52 3110

1745567793
0.0 0.02 0.51 5425

1745567794
0.0 0.02 0.51 7720

1745567795
0.0 0.02 0.51 6166

1745567796
0.0 0.02 0.51 5901

1745567797
0.0 0.02 0.51 4917

1745567798
0.0 0.02 0.51 6832

1745567799
0.0 0.02 0.5 4589

1745567800
0.0 0.02 0.5 2377

1745567801
0.0 0.01 0.5 5713

1745567802
0.0 0.01 0.5 6451

1745567803
0.0 0.01 0.5 2788

1745567804
0.0 0.01 0.5 5698

1745567805
0.0 0.01 0.49 6172

1745567806
0.0 0.01 0.49 5180

1745567807
0.0 0.01 0.49 5975

1745567808
0.0 0.01 0.49 5509

1745567809
0.0 0.01 0.48 7263

1745567810
0.0 0.01 0.48 7502

1745567811
0.0 0.01 0.48 2585

1745567812
0.0 0.01 0.48 5821

1745567813
0.0 0.01 0.48 6508

1745567814
0.0 0.01 0.48 5082

1745567815
0.0 0.01 0.47 4772

1745567816
0.0 0.01 0.47 4053

1745567817
0.0 0.01 0.47 4804

1745567818
0.0 0.01 0.47 7694

1745567819
0.0 0.01 0.47 4024

1745567820
0.0 0.01 0.47 4924

1745567821
0.0 0.01 0.46 5119

1745567822
0.0 0.01 0.46 2859

1745567823
0.0 0.01 0.46 6514

1745567824
0.0 0.01 0.46 4676

1745567825
0.0 0.01 0.46 5737

1745567826
0.0 0.01 0.46 4387

1745567827
0.0 0.01 0.45 3229

1745567828
0.0 0.01 0.45 7490

1745567829
0.0 0.01 0.45 5949

1745567830
0.0 0.01 0.45 2619

1745567831
0.0 0.0 0.45 5764

1745567832
0.0 0.0 0.45 4939

1745567833
0.0 0.0 0.44 7959

1745567834
0.0 0.0 0.44 6341

1745567835
0.0 0.0 0.44 7330

1745567836
0.0 0.0 0.44 6653

1745567837
0.0 0.0 0.44 5291

1745567838
0.0 0.0 0.44 4125

1745567839
0.0 0.0 0.43 5936

1745567840
0.0 0.0 0.43 5628

1745567841
0.0 0.0 0.43 3417

1745567842
0.0 0.0 0.43 8338

1745567843
0.0 0.0 0.43 3561

1745567844
0.0 0.0 0.43 4047

1745567845
0.0 0.0 0.42 6069

1745567846
0.0 0.0 0.42 4170

1745567847
0.0 0.0 0.42 5616

1745567848
0.0 0.0 0.42 4038

1745567849
0.0 0.0 0.42 4845

1745567850
0.0 0.0 0.42 4528

1745567851
0.0 0.0 0.41 5055

1745567852
0.0 0.0 0.41 5545

1745567853
0.0 0.0 0.41 5807

1745567854
0.0 0.0 0.41 1974

1745567855
0.0 0.0 0.41 4742

1745567856
0.0 0.0 0.41 3094

1745567857
0.0 0.0 0.41 2739

1745567858
0.0 0.0 0.41 9509

1745567859
0.0 0.0 0.4 4239

1745567860
0.0 0.0 0.4 4916

1745567861
0.0 0.0 0.4 7480

1745567862
0.0 0.0 0.4 3156

1745567863
0.0 0.0 0.4 8259

1745567864
0.0 0.0 0.4 5226

1745567865
0.0 0.0 0.39 6445

1745567866
0.0 0.0 0.39 5098

1745567867
0.0 0.0 0.39 5044

1745567868
0.0 0.0 0.39 3309

1745567869
0.0 0.0 0.39 3798

1745567870
0.0 0.0 0.39 3508

1745567871
0.0 0.0 0.39 4914

1745567872
0.0 0.0 0.39 3983

1745567873
0.0 0.0 0.38 4221

1745567874
0.0 0.0 0.38 7751

1745567875
0.0 0.0 0.38 3141

1745567876
0.0 0.0 0.38 6549

1745567877
0.0 0.0 0.38 8425

1745567878
0.0 0.0 0.38 1693

1745567879
0.0 0.0 0.37 4720

1745567880
0.0 0.0 0.37 4898

1745567881
0.0 0.0 0.37 7449

1745567882
0.0 0.0 0.37 4616

1745567883
0.0 0.0 0.37 5054

1745567884
0.0 0.0 0.37 4253

1745567885
0.0 0.0 0.36 7186

1745567886
0.0 0.0 0.36 3893

1745567887
0.0 0.0 0.36 6818

1745567888
0.0 0.0 0.36 2810

1745567889
0.0 0.0 0.36 4614

1745567890
0.0 0.0 0.36 5548

1745567891
0.0 0.0 0.36 2787

1745567892
0.0 0.0 0.36 6237

1745567893
0.0 0.0 0.35 4074

1745567894
0.0 0.0 0.35 4316

1745567895
0.0 0.0 0.35 4806

1745567896
0.0 0.0 0.35 1964

1745567897
0.0 0.0 0.35 6733

1745567898
0.0 0.0 0.35 5712

1745567899
0.0 0.0 0.35 3138

1745567900
0.0 0.0 0.35 5227

1745567902
0.0 0.0 0.34 6794

1745567903
0.0 0.0 0.34 7425

1745567904
0.0 0.0 0.34 2892

1745567905
0.0 0.0 0.34 5522

1745567906
0.0 0.0 0.34 5193

1745567907
0.0 0.0 0.34 6246

1745567908
0.0 0.0 0.34 6915

1745567909
0.0 0.0 0.33 5110

1745567910
0.0 0.0 0.33 4794

1745567911
0.0 0.0 0.33 5773

1745567912
0.0 0.0 0.33 2748

1745567913
0.0 0.0 0.33 5889

1745567914
0.0 0.0 0.33 6909

1745567915
0.0 0.0 0.33 5928

1745567916
0.0 0.0 0.33 4184

1745567917
0.0 0.0 0.32 3198

1745567918
0.0 0.0 0.32 5318

1745567919
0.0 0.0 0.32 4954

1745567920
0.0 0.0 0.32 5347

1745567921
0.0 0.0 0.32 4145

1745567922
0.0 0.0 0.32 2716

1745567923
0.0 0.0 0.32 7335

1745567924
0.0 0.0 0.32 5358

1745567925
0.0 0.0 0.31 3673

1745567926
0.0 0.0 0.31 4876

1745567927
0.0 0.0 0.31 6442

1745567928
0.0 0.0 0.31 3387

1745567929
0.0 0.0 0.31 605

1745567930
0.0 0.0 0.31 455

1745567931
0.0 0.0 0.31 450

1745567932
0.0 0.0 0.31 122

1745567933
0.0 0.0 0.3 209

1745567934
0.0 0.0 0.3 3909

1745567935
0.0 0.0 0.3 7426

1745567936
0.0 0.0 0.3 2920

1745567937
0.0 0.0 0.3 5026

1745567938
0.0 0.0 0.3 3070

1745567939
0.0 0.0 0.3 5907

1745567940
0.0 0.0 0.3 5780

1745567941
0.0 0.0 0.29 3982

1745567942
0.0 0.0 0.29 6967

1745567943
0.0 0.0 0.29 3955

1745567944
0.0 0.0 0.29 3632

1745567945
0.0 0.0 0.29 5947

1745567946
0.0 0.0 0.29 4820

1745567947
0.0 0.0 0.29 5464

1745567948
0.0 0.0 0.29 4645

1745567949
0.0 0.0 0.28 2239

1745567950
0.0 0.0 0.28 4480

1745567951
0.0 0.0 0.28 3490

1745567952
0.0 0.0 0.28 5493

1745567953
0.0 0.0 0.28 4752

1745567954
0.0 0.0 0.28 3831

1745567955
0.0 0.0 0.28 8745

1745567956
0.0 0.0 0.28 5150

1745567957
0.0 0.0 0.28 3479

1745567958
0.0 0.0 0.28 5390

1745567959
0.0 0.0 0.27 3898

1745567960
0.0 0.0 0.27 5635

1745567961
0.0 0.0 0.27 5916

1745567962
0.0 0.0 0.27 4454

1745567963
0.0 0.0 0.27 5932

1745567964
0.0 0.0 0.27 3585

1745567965
0.0 0.0 0.27 6090

1745567966
0.0 0.0 0.27 7686

1745567967
0.0 0.0 0.27 5376

1745567968
0.0 0.0 0.27 4585

1745567969
0.0 0.0 0.26 6332

1745567970
0.0 0.0 0.26 4240

1745567971
0.0 0.0 0.26 5278

1745567972
0.0 0.0 0.26 3266

1745567973
0.0 0.0 0.26 6623

1745567974
0.0 0.0 0.26 5349

1745567975
0.0 0.0 0.26 4334

1745567976
0.0 0.0 0.26 5386

1745567977
0.0 0.0 0.26 3564

1745567978
0.0 0.0 0.26 2068

1745567979
0.0 0.0 0.25 4780

1745567980
0.0 0.0 0.25 2988

1745567981
0.0 0.0 0.25 3565

1745567982
0.0 0.0 0.25 4999

1745567983
0.0 0.0 0.25 1952

1745567984
0.0 0.0 0.25 6503

1745567985
0.0 0.0 0.25 4883

1745567986
0.0 0.0 0.25 5407

1745567987
0.0 0.0 0.25 6369

1745567988
0.0 0.0 0.25 2668

1745567989
0.0 0.0 0.24 4724

1745567990
0.0 0.0 0.24 8100

1745567991
0.0 0.0 0.24 3683

1745567992
0.0 0.0 0.24 6306

1745567993
0.0 0.0 0.24 5412

1745567994
0.0 0.0 0.24 5140

1745567995
0.0 0.0 0.24 5681

1745567996
0.0 0.0 0.24 5672

1745567997
0.0 0.0 0.24 3976

1745567998
0.0 0.0 0.24 5595

1745568000
0.0 0.0 0.23 12429

1745568001
0.0 0.0 0.23 4327

1745568002
0.0 0.0 0.23 5577

1745568003
0.0 0.0 0.23 7091

1745568004
0.0 0.0 0.23 3962

1745568005
0.0 0.0 0.23 4206

1745568006
0.0 0.0 0.23 5280

1745568007
0.0 0.0 0.23 5137

1745568008
0.0 0.0 0.23 7011

1745568009
0.0 0.0 0.22 3973

1745568010
0.0 0.0 0.22 4551

1745568011
0.0 0.0 0.22 4962

1745568012
0.0 0.0 0.22 2150

1745568013
0.0 0.0 0.22 4657

1745568014
0.0 0.0 0.22 9952

1745568015
0.0 0.0 0.22 2708

1745568016
0.0 0.0 0.22 5157

1745568017
0.0 0.0 0.22 4052

1745568018
0.0 0.0 0.22 4835

1745568019
0.0 0.0 0.21 4848

1745568020
0.0 0.0 0.21 7171

1745568021
0.0 0.0 0.21 4489

1745568022
0.0 0.0 0.21 6131

1745568023
0.0 0.0 0.21 4601

1745568024
0.0 0.0 0.21 5597

1745568025
0.0 0.0 0.21 3895

1745568026
0.0 0.0 0.21 5991

1745568027
0.0 0.0 0.21 5015

1745568028
0.0 0.0 0.21 7752

1745568029
0.0 0.0 0.21 4003

1745568030
0.0 0.0 0.21 6360

1745568031
0.0 0.0 0.2 2960

1745568032
0.0 0.0 0.2 6414

1745568033
0.0 0.0 0.2 3046

1745568034
0.0 0.0 0.2 6288

1745568035
0.0 0.0 0.2 5370

1745568036
0.0 0.0 0.2 4521

1745568037
0.0 0.0 0.2 9119

1745568038
0.0 0.0 0.2 7917

1745568040
0.0 0.0 0.2 10620

1745568041
0.0 0.0 0.2 5038

1745568042
0.0 0.0 0.2 5435

1745568043
0.0 0.0 0.2 4096

1745568044
0.0 0.0 0.2 5156

1745568045
0.0 0.0 0.19 4849

1745568046
0.0 0.0 0.19 4822

1745568047
0.0 0.0 0.19 2585

1745568048
0.0 0.0 0.19 6797

1745568049
0.0 0.0 0.19 8588

1745568050
0.0 0.0 0.19 3966

1745568051
0.0 0.0 0.19 4735

1745568052
0.0 0.0 0.19 4418

1745568053
0.0 0.0 0.19 4795

1745568054
0.0 0.0 0.19 6427

1745568055
0.0 0.0 0.19 5137

1745568056
0.0 0.0 0.19 5427

1745568057
0.0 0.0 0.19 4526

1745568058
0.0 0.0 0.19 5111

1745568060
0.0 0.0 0.18 8345

1745568061
0.0 0.0 0.18 5363

1745568062
0.0 0.0 0.18 7155

1745568063
0.0 0.0 0.18 5190

1745568064
0.0 0.0 0.18 6507

1745568065
0.0 0.0 0.18 3667

1745568066
0.0 0.0 0.18 9512

1745568067
0.0 0.0 0.18 4664

1745568068
0.0 0.0 0.18 4383

1745568069
0.0 0.0 0.18 4919

1745568070
0.0 0.0 0.18 6271

1745568071
0.0 0.0 0.18 3896

1745568072
0.0 0.0 0.18 6261

1745568073
0.0 0.0 0.17 4723

1745568074
0.0 0.0 0.17 5587

1745568075
0.0 0.0 0.17 7518

1745568076
0.0 0.0 0.17 4385

1745568077
0.0 0.0 0.17 5451

1745568078
0.0 0.0 0.17 4835

1745568079
0.0 0.0 0.17 3118

1745568080
0.0 0.0 0.17 3744

1745568081
0.0 0.0 0.17 2537

1745568082
0.0 0.0 0.17 4436

1745568083
0.0 0.0 0.17 4655

1745568084
0.0 0.0 0.17 4407

1745568085
0.0 0.0 0.16 4691

1745568086
0.0 0.0 0.16 3377

1745568087
0.0 0.0 0.16 6864

1745568088
0.0 0.0 0.16 5486

1745568089
0.0 0.0 0.16 972

1745568090
0.0 0.0 0.16 511

1745568091
0.0 0.0 0.16 301

1745568092
0.0 0.0 0.16 79

1745568093
0.0 0.0 0.16 76

1745568094
0.0 0.0 0.16 5396

1745568095
0.0 0.0 0.16 6398

1745568096
0.0 0.0 0.16 8538

1745568097
0.0 0.0 0.16 8704

1745568098
0.0 0.0 0.16 5405

1745568099
0.0 0.0 0.15 4499

1745568100
0.0 0.0 0.15 4654

1745568101
0.0 0.0 0.15 4140

1745568102
0.0 0.0 0.15 3871

1745568103
0.0 0.0 0.15 6910

1745568104
0.0 0.0 0.15 4355

1745568105
0.0 0.0 0.15 6184

1745568106
0.0 0.0 0.15 5347

1745568107
0.0 0.0 0.15 5502

1745568108
0.0 0.0 0.15 5855

1745568109
0.0 0.0 0.15 5432

1745568110
0.0 0.0 0.15 8011

1745568111
0.0 0.0 0.15 10459

1745568112
0.0 0.0 0.15 5810

1745568113
0.0 0.0 0.14 3533

1745568114
0.0 0.0 0.14 6591

1745568115
0.0 0.0 0.14 5573

1745568116
0.0 0.0 0.14 3068

1745568117
0.0 0.0 0.14 7893

1745568118
0.0 0.0 0.14 5668

1745568119
0.0 0.0 0.14 20805

1745568121
0.36 0.06 0.15 24007

1745568122
0.36 0.06 0.15 175

1745568123
0.29 0.06 0.15 232

1745568124
0.29 0.06 0.15 41

1745568125
0.24 0.06 0.15 79

1745568126
0.24 0.06 0.15 96

1745568127
0.19 0.05 0.15 267

1745568128
0.19 0.05 0.15 77

1745568129
0.16 0.05 0.15 632

1745568130
0.16 0.05 0.15 197

1745568131
0.13 0.05 0.15 255

1745568132
0.13 0.05 0.15 348

1745568133
0.1 0.05 0.14 3091

1745568134
0.1 0.05 0.14 1009

1745568135
0.08 0.05 0.14 692

1745568136
0.08 0.05 0.14 388

1745568137
0.07 0.04 0.14 230

1745568138
0.07 0.04 0.14 345

1745568139
0.05 0.04 0.14 175

1745568140
0.05 0.04 0.14 1035

1745568141
0.04 0.04 0.14 164

1745568142
0.04 0.04 0.14 374

1745568143
0.03 0.04 0.14 178

1745568144
0.03 0.04 0.14 2090

1745568145
0.03 0.04 0.14 1082

1745568146
0.03 0.04 0.14 348

1745568147
0.02 0.04 0.13 1350

1745568148
0.02 0.04 0.13 423

1745568149
0.02 0.03 0.13 772

1745568150
0.02 0.03 0.13 323

1745568151
0.01 0.03 0.13 1669

1745568152
0.01 0.03 0.13 1577

1745568153
0.01 0.03 0.13 1219

1745568154
0.01 0.03 0.13 298

1745568155
0.01 0.03 0.13 376

1745568156
0.01 0.03 0.13 1052

1745568157
0.0 0.03 0.13 368

1745568158
0.0 0.03 0.13 430

1745568159
0.0 0.03 0.13 194

1745568160
0.0 0.03 0.13 358

1745568161
0.0 0.02 0.13 167

1745568162
0.0 0.02 0.13 367

1745568163
0.0 0.02 0.13 195

1745568164
0.0 0.02 0.13 676

1745568165
0.0 0.02 0.13 161

1745568166
0.0 0.02 0.13 420

1745568167
0.0 0.02 0.12 178

1745568168
0.0 0.02 0.12 132

1745568169
0.0 0.02 0.12 157

1745568170
0.0 0.02 0.12 347

1745568171
0.0 0.02 0.12 161

1745568172
0.0 0.02 0.12 305

1745568173
0.0 0.02 0.12 205

1745568174
0.0 0.02 0.12 1263

1745568175
0.0 0.02 0.12 174

1745568176
0.0 0.02 0.12 329

1745568177
0.0 0.02 0.12 197

1745568178
0.0 0.02 0.12 347

1745568179
0.0 0.02 0.12 250

1745568180
0.0 0.02 0.12 1119

1745568181
0.0 0.02 0.12 187

1745568182
0.0 0.02 0.12 366

1745568183
0.0 0.01 0.12 200

1745568184
0.0 0.01 0.12 389

1745568185
0.0 0.01 0.12 167

1745568186
0.0 0.01 0.12 983

1745568187
0.0 0.01 0.12 166

1745568188
0.0 0.01 0.12 128

1745568189
0.0 0.01 0.11 266

1745568190
0.0 0.01 0.11 939

1745568191
0.0 0.01 0.11 151

1745568192
0.0 0.01 0.11 118

1745568193
0.0 0.01 0.11 170

1745568194
0.0 0.01 0.11 223

1745568195
0.0 0.01 0.11 1503

1745568196
0.0 0.01 0.11 290

1745568197
0.0 0.01 0.11 168

1745568198
0.0 0.01 0.11 312

1745568199
0.0 0.01 0.11 162

1745568200
0.0 0.01 0.11 320

1745568201
0.0 0.01 0.11 162

1745568202
0.0 0.01 0.11 579

1745568203
0.0 0.01 0.11 350

1745568204
0.0 0.01 0.11 739

1745568205
0.0 0.01 0.11 161

1745568206
0.0 0.01 0.11 292

1745568207
0.0 0.01 0.11 238

1745568208
0.0 0.01 0.11 310

1745568209
0.0 0.01 0.1 550

1745568210
0.0 0.01 0.1 1102

1745568211
0.0 0.0 0.1 176

1745568212
0.0 0.0 0.1 357

1745568213
0.0 0.0 0.1 504

1745568214
0.0 0.0 0.1 397

1745568215
0.0 0.0 0.1 404

1745568216
0.0 0.0 0.1 561

1745568217
0.0 0.0 0.1 1250

1745568218
0.0 0.0 0.1 556

1745568219
0.0 0.0 0.1 8237

1745568220
0.0 0.0 0.1 9450

1745568221
0.18 0.04 0.11 5849

1745568222
0.18 0.04 0.11 5751

1745568223
0.14 0.03 0.1 2785

1745568224
0.14 0.03 0.1 7354

1745568225
0.12 0.03 0.1 5703

1745568226
0.12 0.03 0.1 8157

1745568227
0.09 0.03 0.1 2023

1745568228
0.09 0.03 0.1 6924

1745568229
0.08 0.03 0.1 1666

1745568230
0.08 0.03 0.1 6056

1745568231
0.06 0.03 0.1 1631

1745568232
0.06 0.03 0.1 6167

1745568233
0.05 0.03 0.1 1749

1745568234
0.05 0.03 0.1 6954

1745568235
0.04 0.03 0.1 2641

1745568236
0.04 0.03 0.1 11683

1745568237
0.03 0.02 0.1 4902

1745568238
0.03 0.02 0.1 4087

1745568239
0.02 0.02 0.1 6872

1745568240
0.02 0.02 0.1 1983

1745568241
0.02 0.02 0.1 5680

1745568242
0.02 0.02 0.1 1904

1745568243
0.01 0.02 0.1 6892

1745568244
0.01 0.02 0.1 1746

1745568245
0.01 0.02 0.09 2666

1745568246
0.01 0.02 0.09 7214

1745568247
0.01 0.02 0.09 1563

1745568248
0.01 0.02 0.09 2420

1745568249
0.0 0.02 0.09 1505

1745568250
0.0 0.02 0.09 6225

1745568251
0.0 0.02 0.09 6440

1745568252
0.0 0.02 0.09 4642

1745568253
0.0 0.02 0.09 5965

1745568254
0.0 0.02 0.09 1909

1745568255
0.0 0.02 0.09 6565

1745568256
0.0 0.02 0.09 1669

1745568257
0.0 0.01 0.09 6847

1745568258
0.0 0.01 0.09 1581

1745568259
0.0 0.01 0.09 8709

1745568260
0.0 0.01 0.09 3336

1745568261
0.0 0.01 0.09 5347

1745568262
0.0 0.01 0.09 6600

1745568263
0.0 0.01 0.09 3024

1745568264
0.0 0.01 0.09 7171

1745568265
0.0 0.01 0.08 2186

1745568266
0.0 0.01 0.08 8066

1745568267
0.0 0.01 0.08 2547

1745568268
0.0 0.01 0.08 6869

1745568269
0.0 0.01 0.08 1573

1745568270
0.0 0.01 0.08 8187

1745568271
0.0 0.01 0.08 3858

1745568272
0.0 0.01 0.08 4972

1745568273
0.0 0.01 0.08 5999

1745568274
0.0 0.01 0.08 3027

1745568275
0.0 0.01 0.08 12285

1745568276
0.0 0.01 0.08 1591

1745568277
0.0 0.01 0.08 5390

1745568278
0.0 0.01 0.08 1736

1745568279
0.0 0.01 0.08 3029

1745568280
0.0 0.01 0.08 7557

1745568281
0.0 0.01 0.08 2737

1745568282
0.0 0.01 0.08 6019

1745568283
0.0 0.01 0.08 2600

1745568284
0.0 0.01 0.08 7215

1745568285
0.0 0.0 0.07 4043

1745568286
0.0 0.0 0.07 7780

1745568287
0.0 0.0 0.07 3273

1745568288
0.0 0.0 0.07 6216

1745568289
0.0 0.0 0.07 5909

1745568290
0.0 0.0 0.07 6233

1745568291
0.0 0.0 0.07 9485

1745568292
0.0 0.0 0.07 5337

1745568293
0.0 0.0 0.07 5768

1745568294
0.0 0.0 0.07 9297

1745568295
0.18 0.04 0.08 9568

1745568296
0.18 0.04 0.08 3499

1745568297
0.14 0.03 0.08 7143

1745568298
0.14 0.03 0.08 5880

1745568299
0.12 0.03 0.08 5990

1745568300
0.12 0.03 0.08 6742

1745568301
0.09 0.03 0.07 7022

1745568302
0.09 0.03 0.07 8640

1745568303
0.08 0.03 0.07 3543

1745568304
0.08 0.03 0.07 8617

1745568305
0.06 0.03 0.07 6258

1745568306
0.06 0.03 0.07 10013

1745568307
0.05 0.03 0.07 7668

1745568308
0.05 0.03 0.07 4733

1745568309
0.04 0.03 0.07 7956

1745568310
0.04 0.03 0.07 2661

1745568311
0.03 0.02 0.07 10570

1745568312
0.03 0.02 0.07 9243

1745568313
0.21 0.06 0.08 11366

1745568314
0.21 0.06 0.08 5410

1745568315
0.17 0.05 0.07 9215

1745568316
0.17 0.05 0.07 10253

1745568317
0.14 0.05 0.07 9829

1745568318
0.14 0.05 0.07 10431

1745568319
0.11 0.05 0.07 9207

1745568320
0.11 0.05 0.07 12255

1745568321
0.27 0.08 0.08 10518

1745568322
0.27 0.08 0.08 6835

1745568323
0.22 0.08 0.08 8146

1745568324
0.22 0.08 0.08 4614

1745568325
0.18 0.08 0.08 4538

1745568326
0.18 0.08 0.08 3329

1745568327
0.15 0.07 0.08 3684

1745568328
0.15 0.07 0.08 2633

1745568329
0.12 0.07 0.08 3067

1745568330
0.12 0.07 0.08 3748

1745568331
0.1 0.07 0.07 2848

1745568332
0.1 0.07 0.07 2634

1745568333
0.08 0.06 0.07 2448

1745568334
0.08 0.06 0.07 1692

1745568335
0.06 0.06 0.07 3125

1745568336
0.06 0.06 0.07 3233

1745568337
0.05 0.06 0.07 3028

1745568338
0.05 0.06 0.07 3424

1745568339
0.04 0.06 0.07 3054

1745568340
0.04 0.06 0.07 3184

1745568341
0.03 0.05 0.07 2884

1745568342
0.03 0.05 0.07 2860

1745568343
0.02 0.05 0.07 3939

1745568344
0.02 0.05 0.07 2425

1745568345
0.02 0.05 0.07 3314

1745568346
0.02 0.05 0.07 2110

1745568347
0.01 0.05 0.07 3321

1745568348
0.01 0.05 0.07 3636

1745568349
0.01 0.05 0.07 2533

1745568350
0.01 0.05 0.07 4312

1745568351
0.01 0.04 0.07 2673

1745568352
0.01 0.04 0.07 3268

1745568353
0.01 0.04 0.06 2845

1745568354
0.01 0.04 0.06 3610

1745568355
0.0 0.04 0.06 2622

1745568356
0.0 0.04 0.06 3296

1745568357
0.0 0.04 0.06 2759

1745568358
0.0 0.04 0.06 2241

1745568359
0.0 0.04 0.06 3444

1745568360
0.0 0.04 0.06 2843

1745568361
0.0 0.04 0.06 2606

1745568362
0.0 0.04 0.06 1768

1745568363
0.0 0.03 0.06 1751

1745568364
0.0 0.03 0.06 906

1745568365
0.0 0.03 0.06 2945

1745568366
0.0 0.03 0.06 1643

1745568367
0.0 0.03 0.06 2049

1745568368
0.0 0.03 0.06 1749

1745568369
0.0 0.03 0.06 1729

1745568370
0.0 0.03 0.06 1051

1745568371
0.0 0.03 0.06 1954

1745568372
0.0 0.03 0.06 2149

1745568373
0.0 0.03 0.06 1482

1745568374
0.0 0.03 0.06 775

1745568375
0.0 0.03 0.06 1409

1745568376
0.0 0.03 0.06 1157

1745568377
0.0 0.02 0.06 797

1745568378
0.0 0.02 0.06 1097

1745568379
0.0 0.02 0.06 1399

1745568380
0.0 0.02 0.06 1226

1745568381
0.0 0.02 0.06 2238

1745568382
0.0 0.02 0.06 1094

1745568383
0.0 0.02 0.06 662

1745568384
0.0 0.02 0.06 813

1745568385
0.0 0.02 0.06 359

1745568386
0.0 0.02 0.06 1479

1745568387
0.0 0.02 0.06 657

1745568388
0.0 0.02 0.06 2504

1745568389
0.0 0.02 0.06 1117

1745568390
0.0 0.02 0.06 494

1745568391
0.0 0.02 0.06 495

1745568392
0.0 0.02 0.06 1642

1745568393
0.0 0.02 0.06 561

1745568394
0.0 0.02 0.06 576

1745568395
0.0 0.02 0.05 488

1745568397
0.0 0.01 0.05 2151

1745568398
0.0 0.01 0.05 204

1745568399
0.0 0.01 0.05 201

1745568400
0.0 0.01 0.05 1851

1745568401
0.0 0.01 0.05 5937

1745568402
0.0 0.01 0.05 10283

1745568403
0.0 0.01 0.05 4914

1745568404
0.0 0.01 0.05 279

1745568405
0.0 0.01 0.05 90

1745568406
0.0 0.01 0.05 155

1745568407
0.0 0.01 0.05 71

1745568408
0.0 0.01 0.05 50

1745568409
0.0 0.01 0.05 132

1745568410
0.0 0.01 0.05 533

1745568411
0.0 0.01 0.05 4624

1745568412
0.0 0.01 0.05 1367

1745568413
0.0 0.01 0.05 235

1745568414
0.0 0.01 0.05 1389

1745568415
0.0 0.01 0.05 1440

1745568416
0.0 0.01 0.05 504

1745568417
0.0 0.01 0.05 1361

1745568418
0.0 0.01 0.05 3960

1745568419
0.0 0.01 0.05 864

1745568420
0.0 0.01 0.05 1189

1745568421
0.0 0.01 0.05 83

1745568422
0.0 0.01 0.05 474

1745568424
0.0 0.01 0.05 1713

1745568425
0.0 0.01 0.05 202

1745568426
0.0 0.01 0.05 229

1745568428
0.0 0.0 0.05 545

1745568429
0.0 0.0 0.05 2923

1745568430
0.0 0.0 0.05 716

1745568431
0.0 0.0 0.05 246

1745568432
0.0 0.0 0.05 1624

1745568433
0.0 0.0 0.05 592

1745568434
0.0 0.0 0.05 1419

1745568435
0.0 0.0 0.04 782

1745568436
0.0 0.0 0.04 864

1745568438
0.0 0.0 0.04 1444

1745568439
0.0 0.0 0.04 13506

1745568440
0.0 0.0 0.04 19236

1745568441
0.18 0.03 0.05 8902

1745568442
0.18 0.03 0.05 6278

1745568443
0.14 0.03 0.05 13770

1745568444
0.14 0.03 0.05 15844

1745568445
0.3 0.06 0.06 9399

1745568446
0.3 0.06 0.06 7304

1745568447
0.24 0.06 0.06 5890

1745568448
0.24 0.06 0.06 12229

1745568449
0.2 0.06 0.06 13092

1745568450
0.2 0.06 0.06 10062

1745568451
0.34 0.09 0.06 8410

1745568452
0.34 0.09 0.06 6988

1745568453
0.28 0.09 0.06 8016

1745568454
0.28 0.09 0.06 2029

1745568455
0.23 0.08 0.06 5354

1745568456
0.23 0.08 0.06 4902

1745568457
0.18 0.08 0.06 4328

1745568458
0.18 0.08 0.06 4078

1745568459
0.15 0.08 0.06 3766

1745568460
0.15 0.08 0.06 1444

1745568461
0.12 0.08 0.06 1967

1745568462
0.12 0.08 0.06 468

1745568463
0.1 0.07 0.06 2606

1745568464
0.1 0.07 0.06 1111

1745568465
0.08 0.07 0.06 164

1745568466
0.08 0.07 0.06 279

1745568467
0.06 0.07 0.06 5973

1745568468
0.06 0.07 0.06 113

1745568469
0.05 0.06 0.06 176

1745568470
0.05 0.06 0.06 736

1745568471
0.04 0.06 0.06 9230

1745568472
0.04 0.06 0.06 658

1745568473
0.03 0.06 0.06 551

1745568474
0.03 0.06 0.06 543

1745568475
0.03 0.06 0.06 729

1745568476
0.03 0.06 0.06 532

1745568477
0.02 0.05 0.06 3244

1745568478
0.02 0.05 0.06 4699

1745568479
0.01 0.05 0.06 1796

1745568480
0.01 0.05 0.06 333

1745568481
0.01 0.05 0.06 7338

1745568482
0.01 0.05 0.06 2674

1745568483
0.01 0.05 0.06 2047

1745568484
0.01 0.05 0.06 1432

1745568485
0.01 0.05 0.05 2012

1745568486
0.01 0.05 0.05 6138

1745568487
0.0 0.04 0.05 7347

1745568488
0.0 0.04 0.05 16203

1745568489
0.18 0.08 0.06 408

1745568490
0.18 0.08 0.06 2575

1745568491
0.15 0.07 0.06 1653

1745568492
0.15 0.07 0.06 1376

1745568493
0.12 0.07 0.06 2399

1745568494
0.12 0.07 0.06 641

1745568495
0.1 0.07 0.06 5233

1745568496
0.1 0.07 0.06 94

1745568497
0.08 0.06 0.06 574

1745568498
0.08 0.06 0.06 3400

1745568499
0.06 0.06 0.06 1809

1745568500
0.06 0.06 0.06 922

1745568501
0.05 0.06 0.06 1563

1745568502
0.05 0.06 0.06 346

1745568503
0.04 0.06 0.06 188

1745568504
0.04 0.06 0.06 564

1745568505
0.03 0.06 0.06 773

1745568506
0.03 0.06 0.06 1752

1745568507
0.03 0.05 0.06 176

1745568508
0.03 0.05 0.06 428

1745568509
0.02 0.05 0.06 1171

1745568510
0.02 0.05 0.06 608

1745568511
0.01 0.05 0.06 711

1745568512
0.01 0.05 0.06 764

1745568514
0.01 0.05 0.06 1921

1745568515
0.01 0.04 0.05 650

1745568516
0.01 0.04 0.05 884

1745568518
0.01 0.04 0.05 6572

1745568519
0.0 0.04 0.05 1293

1745568520
0.0 0.04 0.05 217

1745568523
0.0 0.04 0.05 2197

1745568526
0.0 0.04 0.05 2624

1745568531
0.0 0.03 0.05 2311

1745568533
0.0 0.03 0.05 12207

1745568534
0.0 0.03 0.05 13655

1745568535
0.18 0.06 0.06 22089

1745568536
0.18 0.06 0.06 22928

1745568537
0.33 0.09 0.06 864

1745568538
0.33 0.09 0.06 288

1745568539
0.27 0.09 0.06 313

1745568540
0.27 0.09 0.06 223

1745568541
0.22 0.09 0.06 217

1745568542
0.22 0.09 0.06 292

1745568543
0.18 0.08 0.06 218

1745568544
0.18 0.08 0.06 266

1745568545
0.14 0.08 0.06 1054

1745568546
0.14 0.08 0.06 282

1745568547
0.12 0.08 0.06 209

1745568548
0.12 0.08 0.06 283

1745568549
0.09 0.07 0.06 12199

1745568550
0.09 0.07 0.06 8846

1745568551
0.08 0.07 0.06 1188

1745568552
0.08 0.07 0.06 1261

1745568553
0.06 0.07 0.06 11123

1745568556
0.05 0.07 0.06 5373

1745568557
0.05 0.07 0.06 479

1745568558
0.04 0.06 0.06 325

1745568559
0.04 0.06 0.06 227

1745568560
0.03 0.06 0.06 1238

1745568561
0.03 0.06 0.06 198

1745568562
0.02 0.06 0.06 280

1745568563
0.02 0.06 0.06 193

1745568564
0.02 0.06 0.06 188

1745568565
0.02 0.06 0.06 165

1745568566
0.01 0.05 0.06 316

1745568567
0.01 0.05 0.06 177

1745568568
0.01 0.05 0.06 307

1745568569
0.01 0.05 0.06 95

1745568570
0.01 0.05 0.06 272

1745568571
0.01 0.05 0.06 131

1745568572
0.0 0.05 0.06 12767

1745568573
0.0 0.05 0.06 1330

1745568576
0.0 0.04 0.05 1432

1745568578
0.0 0.04 0.05 2733

