1748482618
0.0 0.08 0.2 2967

1748482619
0.0 0.08 0.2 409

1748482620
0.0 0.08 0.2 2

1748482621
0.0 0.08 0.2 1

1748482622
0.0 0.08 0.2 2

1748482623
0.0 0.07 0.19 39

1748482624
0.0 0.07 0.19 0

1748482625
0.0 0.07 0.19 1

1748482626
0.0 0.07 0.19 0

1748482627
0.0 0.07 0.19 470

1748482628
0.0 0.07 0.19 40

1748482629
0.0 0.07 0.19 0

1748482630
0.0 0.07 0.19 16

1748482631
0.0 0.06 0.19 128

1748482632
0.0 0.06 0.19 10

1748482633
0.0 0.06 0.19 435

1748482634
0.0 0.06 0.19 159

1748482635
0.0 0.06 0.18 528

1748482636
0.0 0.06 0.18 333

1748482637
0.0 0.06 0.18 15

1748482638
0.0 0.06 0.18 3419

1748482639
0.0 0.05 0.18 587

1748482640
0.0 0.05 0.18 1138

1748482641
0.0 0.05 0.18 7

1748482642
0.0 0.05 0.18 1

1748482643
0.0 0.05 0.18 3083

1748482644
0.0 0.05 0.18 135

1748482645
0.0 0.05 0.18 565

1748482646
0.0 0.05 0.18 582

1748482647
0.0 0.05 0.18 1579

1748482648
0.0 0.05 0.18 8183

1748482649
0.0 0.04 0.17 68

1748482650
0.0 0.04 0.17 0

1748482651
0.0 0.04 0.17 2066

1748482652
0.0 0.04 0.17 1082

1748482653
0.0 0.04 0.17 821

1748482654
0.0 0.04 0.17 0

1748482655
0.0 0.04 0.17 195

1748482656
0.0 0.04 0.17 1

1748482657
0.0 0.04 0.17 0

1748482658
0.0 0.04 0.17 5652

1748482659
0.0 0.04 0.17 0

1748482660
0.0 0.04 0.17 1

1748482661
0.0 0.03 0.17 121

1748482662
0.0 0.03 0.17 1

1748482663
0.0 0.03 0.16 0

1748482664
0.0 0.03 0.16 82

1748482665
0.0 0.03 0.16 1

1748482666
0.0 0.03 0.16 130

1748482667
0.0 0.03 0.16 4

1748482668
0.0 0.03 0.16 4

1748482669
0.0 0.03 0.16 0

1748482670
0.0 0.03 0.16 17

1748482671
0.0 0.03 0.16 253

1748482672
0.0 0.03 0.16 49

1748482673
0.0 0.02 0.16 863

1748482674
0.0 0.02 0.16 0

1748482675
0.0 0.02 0.16 3

1748482676
0.0 0.02 0.16 76

1748482677
0.0 0.02 0.15 2558

1748482678
0.0 0.02 0.15 28

1748482679
0.0 0.02 0.15 16

1748482680
0.0 0.02 0.15 1

1748482681
0.0 0.02 0.15 1

1748482682
0.0 0.02 0.15 12917

1748482683
0.0 0.02 0.15 1

1748482684
0.0 0.02 0.15 0

1748482685
0.0 0.02 0.15 3

1748482686
0.0 0.02 0.15 25

1748482687
0.0 0.02 0.15 14388

1748482688
0.0 0.02 0.15 0

1748482689
0.0 0.02 0.15 36

1748482690
0.0 0.02 0.15 24

1748482691
0.0 0.02 0.14 30

1748482692
0.0 0.02 0.14 9165

1748482693
0.0 0.02 0.14 0

1748482694
0.0 0.02 0.14 2

1748482695
0.0 0.01 0.14 1

1748482696
0.0 0.01 0.14 10489

1748482697
0.0 0.01 0.14 799

1748482698
0.0 0.01 0.14 0

1748482699
0.0 0.01 0.14 4

1748482700
0.0 0.01 0.14 1

1748482701
0.0 0.01 0.14 1

1748482702
0.0 0.01 0.14 1825

1748482703
0.0 0.01 0.14 4

1748482704
0.0 0.01 0.14 14

1748482705
0.0 0.01 0.13 3

1748482706
0.0 0.01 0.13 16

1748482708
0.0 0.01 0.13 2079

1748482709
0.0 0.01 0.13 336

1748482710
0.0 0.01 0.13 5

1748482711
0.0 0.01 0.13 4

1748482712
0.0 0.01 0.13 4

1748482713
0.0 0.01 0.13 10

1748482714
0.0 0.01 0.13 5844

1748482715
0.0 0.01 0.13 8

1748482716
0.0 0.01 0.13 0

1748482717
0.0 0.01 0.13 34

1748482718
0.0 0.01 0.13 315

1748482719
0.0 0.01 0.13 15

1748482720
0.0 0.01 0.13 1

1748482721
0.0 0.01 0.13 10

1748482722
0.0 0.01 0.13 0

1748482723
0.0 0.0 0.13 4177

1748482724
0.0 0.0 0.12 4

1748482725
0.0 0.0 0.12 1

1748482726
0.0 0.0 0.12 5

1748482727
0.0 0.0 0.12 8

1748482728
0.18 0.04 0.13 29165

1748482729
0.18 0.04 0.13 0

1748482730
0.14 0.04 0.13 0

1748482731
0.14 0.04 0.13 1

1748482732
0.12 0.03 0.13 0

1748482733
0.12 0.03 0.13 30915

1748482735
0.28 0.07 0.13 55

1748482736
0.28 0.07 0.13 6

1748482737
0.22 0.06 0.13 402

1748482738
0.22 0.06 0.13 4975

1748482739
0.18 0.06 0.13 263

1748482740
0.18 0.06 0.13 0

1748482741
0.15 0.06 0.13 12932

1748482742
0.15 0.06 0.13 31

1748482743
0.12 0.06 0.13 1297

1748482744
0.12 0.06 0.13 69

1748482745
0.1 0.05 0.13 120

1748482746
0.1 0.05 0.13 26872

1748482747
0.26 0.08 0.14 24

1748482748
0.26 0.08 0.14 19276

1748482749
0.21 0.08 0.14 1

1748482750
0.21 0.08 0.14 3

1748482751
0.17 0.08 0.13 8790

1748482752
0.17 0.08 0.13 2

1748482753
0.14 0.08 0.13 2

1748482754
0.14 0.08 0.13 7179

1748482755
0.11 0.07 0.13 13

1748482756
0.11 0.07 0.13 54

1748482757
0.09 0.07 0.13 33834

1748482758
0.09 0.07 0.13 45

1748482759
0.26 0.1 0.14 24826

1748482760
0.26 0.1 0.14 2

1748482761
0.39 0.13 0.14 21

1748482762
0.39 0.13 0.14 28

1748482763
0.32 0.12 0.14 490

1748482764
0.32 0.12 0.14 22457

1748482765
0.44 0.15 0.15 57

1748482766
0.44 0.15 0.15 0

1748482767
0.36 0.15 0.15 1

1748482768
0.36 0.15 0.15 36

1748482769
0.29 0.14 0.15 14

1748482770
0.29 0.14 0.15 2

1748482771
0.24 0.14 0.14 0

1748482772
0.24 0.14 0.14 1

1748482773
0.2 0.13 0.14 0

1748482774
0.2 0.13 0.14 1149

1748482775
0.16 0.13 0.14 7

1748482776
0.16 0.13 0.14 12

1748482777
0.13 0.12 0.14 0

1748482778
0.13 0.12 0.14 0

1748482779
0.1 0.12 0.14 1302

1748482780
0.1 0.12 0.14 335

1748482781
0.08 0.12 0.14 458

1748482782
0.08 0.12 0.14 228

1748482783
0.07 0.11 0.14 155

1748482784
0.07 0.11 0.14 88

1748482785
0.05 0.11 0.13 3180

1748482786
0.05 0.11 0.13 11650

1748482787
0.04 0.1 0.13 4528

1748482788
0.04 0.1 0.13 8072

1748482789
0.03 0.1 0.13 0

1748482790
0.03 0.1 0.13 170

1748482791
0.03 0.1 0.13 98

1748482792
0.03 0.1 0.13 0

1748482793
0.02 0.09 0.13 325

1748482794
0.02 0.09 0.13 50

1748482795
0.02 0.09 0.13 44

1748482796
0.02 0.09 0.13 4

1748482797
0.01 0.09 0.13 59

1748482798
0.01 0.09 0.13 4

1748482799
0.01 0.08 0.13 8

1748482800
0.01 0.08 0.13 0

1748482801
0.01 0.08 0.13 2

1748482802
0.01 0.08 0.13 13

1748482803
0.0 0.08 0.13 454

1748482804
0.0 0.08 0.13 248

1748482805
0.0 0.07 0.12 1

1748482806
0.0 0.07 0.12 0

1748482807
0.0 0.07 0.12 1

1748482808
0.0 0.07 0.12 16

1748482809
0.0 0.07 0.12 130

1748482810
0.0 0.07 0.12 0

1748482811
0.0 0.06 0.12 1

1748482812
0.0 0.06 0.12 9

1748482813
0.0 0.06 0.12 1

1748482814
0.0 0.06 0.12 1660

1748482815
0.0 0.06 0.12 2727

1748482816
0.0 0.06 0.12 13

1748482817
0.0 0.06 0.12 10

1748482818
0.0 0.06 0.12 501

1748482819
0.0 0.06 0.12 4386

1748482820
0.0 0.06 0.12 4383

1748482821
0.0 0.05 0.12 6713

1748482822
0.0 0.05 0.12 0

1748482823
0.0 0.05 0.12 1

1748482824
0.0 0.05 0.12 568

1748482825
0.0 0.05 0.12 0

1748482826
0.0 0.05 0.12 185

1748482827
0.0 0.05 0.11 1

1748482828
0.0 0.05 0.11 1

1748482829
0.0 0.04 0.11 591

1748482830
0.0 0.04 0.11 0

1748482831
0.0 0.04 0.11 1

1748482832
0.0 0.04 0.11 0

1748482833
0.0 0.04 0.11 18

1748482834
0.0 0.04 0.11 6

1748482835
0.0 0.04 0.11 1

1748482836
0.0 0.04 0.11 1

1748482837
0.0 0.04 0.11 0

1748482838
0.0 0.04 0.11 1

1748482839
0.0 0.04 0.11 69

1748482840
0.0 0.04 0.11 8

1748482841
0.0 0.03 0.11 1

1748482842
0.0 0.03 0.11 38

1748482843
0.0 0.03 0.11 1

1748482844
0.0 0.03 0.11 193

1748482845
0.0 0.03 0.11 36

1748482846
0.0 0.03 0.11 33

1748482847
0.0 0.03 0.1 47

1748482848
0.0 0.03 0.1 0

1748482849
0.0 0.03 0.1 14

1748482850
0.0 0.03 0.1 0

1748482851
0.0 0.03 0.1 4

1748482852
0.0 0.03 0.1 10

1748482853
0.0 0.03 0.1 0

1748482854
0.0 0.03 0.1 21

1748482855
0.0 0.02 0.1 0

1748482856
0.0 0.02 0.1 0

1748482857
0.0 0.02 0.1 64

1748482858
0.0 0.02 0.1 82

1748482859
0.0 0.02 0.1 74

1748482860
0.0 0.02 0.1 16

1748482861
0.0 0.02 0.1 0

1748482862
0.0 0.02 0.1 1

1748482863
0.0 0.02 0.1 2

1748482864
0.0 0.02 0.1 107

1748482865
0.0 0.02 0.1 59

1748482866
0.0 0.02 0.1 5

1748482867
0.0 0.02 0.09 77

1748482868
0.0 0.02 0.09 185

1748482869
0.0 0.02 0.09 41

1748482870
0.0 0.02 0.09 0

1748482871
0.0 0.02 0.09 0

1748482872
0.0 0.02 0.09 10

1748482873
0.0 0.02 0.09 8

1748482874
0.0 0.02 0.09 0

1748482875
0.0 0.01 0.09 0

1748482876
0.0 0.01 0.09 0

1748482877
0.0 0.01 0.09 46

1748482878
0.0 0.01 0.09 95

1748482879
0.0 0.01 0.09 47

1748482880
0.0 0.01 0.09 54

1748482881
0.0 0.01 0.09 0

1748482882
0.0 0.01 0.09 167

1748482883
0.0 0.01 0.09 22

1748482884
0.0 0.01 0.09 0

1748482885
0.0 0.01 0.09 0

1748482886
0.0 0.01 0.09 0

1748482887
0.0 0.01 0.08 19

1748482888
0.0 0.01 0.08 218

1748482889
0.0 0.01 0.08 0

1748482890
0.0 0.01 0.08 0

1748482891
0.0 0.01 0.08 210

1748482892
0.0 0.01 0.08 9

1748482893
0.0 0.01 0.08 215

1748482894
0.0 0.01 0.08 187

1748482895
0.0 0.01 0.08 26

1748482896
0.0 0.01 0.08 2

1748482897
0.0 0.01 0.08 182

1748482898
0.0 0.01 0.08 131

1748482899
0.0 0.01 0.08 28

1748482900
0.0 0.01 0.08 0

1748482901
0.0 0.01 0.08 0

1748482902
0.0 0.01 0.08 100

1748482903
0.0 0.01 0.08 0

1748482904
0.0 0.01 0.08 92

1748482905
0.0 0.0 0.08 143

1748482906
0.0 0.0 0.08 0

1748482907
0.0 0.0 0.08 20

1748482908
0.0 0.0 0.08 0

1748482909
0.0 0.0 0.07 218

1748482910
0.0 0.0 0.07 43

1748482911
0.0 0.0 0.07 0

1748482912
0.0 0.0 0.07 147

1748482913
0.0 0.0 0.07 17

1748482914
0.0 0.0 0.07 69

1748482915
0.0 0.0 0.07 0

1748482916
0.0 0.0 0.07 41

1748482917
0.0 0.0 0.07 88

1748482918
0.0 0.0 0.07 44

1748482919
0.0 0.0 0.07 0

1748482920
0.0 0.0 0.07 0

1748482921
0.0 0.0 0.07 0

1748482922
0.0 0.0 0.07 86

1748482923
0.0 0.0 0.07 68

1748482924
0.0 0.0 0.07 33

1748482925
0.0 0.0 0.07 0

1748482926
0.0 0.0 0.07 94

1748482927
0.0 0.0 0.07 71

1748482928
0.0 0.0 0.07 14

1748482929
0.0 0.0 0.07 11

1748482930
0.0 0.0 0.07 6

1748482931
0.0 0.0 0.06 80

1748482932
0.0 0.0 0.06 190

1748482933
0.0 0.0 0.06 110

1748482934
0.0 0.0 0.06 182

1748482935
0.0 0.0 0.06 20

1748482936
0.0 0.0 0.06 68

1748482937
0.0 0.0 0.06 70

1748482938
0.0 0.0 0.06 176

1748482939
0.0 0.0 0.06 41

1748482940
0.0 0.0 0.06 0

1748482941
0.0 0.0 0.06 0

1748482942
0.0 0.0 0.06 0

1748482943
0.0 0.0 0.06 924

1748482944
0.0 0.0 0.06 585

1748482945
0.0 0.0 0.06 76

1748482946
0.0 0.0 0.06 596

1748482947
0.0 0.0 0.06 349

1748482948
0.0 0.0 0.06 626

1748482949
0.0 0.0 0.06 60

1748482950
0.0 0.0 0.06 0

1748482951
0.0 0.0 0.06 0

1748482952
0.0 0.0 0.06 0

1748482953
0.0 0.0 0.06 80

1748482954
0.0 0.0 0.06 99

1748482955
0.0 0.0 0.06 1

1748482956
0.0 0.0 0.06 87

1748482957
0.0 0.0 0.06 75

1748482958
0.0 0.0 0.06 493

1748482959
0.0 0.0 0.06 2299

1748482960
0.0 0.0 0.06 292

1748482961
0.0 0.0 0.06 5556

1748482962
0.0 0.0 0.06 25

1748482963
0.0 0.0 0.06 108

1748482964
0.0 0.0 0.06 59

1748482965
0.0 0.0 0.06 1

1748482966
0.0 0.0 0.06 186

1748482967
0.0 0.0 0.06 18

1748482968
0.0 0.0 0.06 0

1748482969
0.0 0.0 0.06 8

1748482970
0.0 0.0 0.06 96

1748482971
0.0 0.0 0.06 75

1748482972
0.0 0.0 0.06 15

1748482973
0.0 0.0 0.05 5

1748482974
0.0 0.0 0.05 89

1748482975
0.0 0.0 0.05 91

1748482976
0.0 0.0 0.05 62

1748482977
0.0 0.0 0.05 11

1748482978
0.0 0.0 0.05 1056

1748482979
0.0 0.0 0.05 38

1748482980
0.0 0.0 0.05 0

1748482981
0.0 0.0 0.05 46

1748482982
0.0 0.0 0.05 105

1748482983
0.0 0.0 0.05 151

1748482984
0.0 0.0 0.05 1

1748482985
0.0 0.0 0.05 2

1748482986
0.0 0.0 0.05 1

1748482987
0.0 0.0 0.05 63

1748482988
0.0 0.0 0.05 28

1748482989
0.0 0.0 0.05 70

1748482990
0.0 0.0 0.05 1

1748482991
0.0 0.0 0.05 1

1748482992
0.0 0.0 0.05 2

1748482993
0.0 0.0 0.05 46

1748482994
0.0 0.0 0.05 1

1748482995
0.0 0.0 0.05 71

1748482996
0.0 0.0 0.05 34

1748482997
0.0 0.0 0.05 59

1748482998
0.0 0.0 0.05 7

1748482999
0.0 0.0 0.05 42

1748483000
0.0 0.0 0.05 330

1748483001
0.0 0.0 0.05 0

1748483002
0.0 0.0 0.05 29

1748483003
0.0 0.0 0.05 261

1748483004
0.0 0.0 0.05 1

1748483005
0.0 0.0 0.05 90

1748483006
0.0 0.0 0.05 0

1748483007
0.0 0.0 0.05 62

1748483008
0.0 0.0 0.05 34

1748483009
0.0 0.0 0.05 15

1748483010
0.0 0.0 0.05 4282

1748483011
0.0 0.0 0.05 3737

1748483012
0.0 0.0 0.05 0

1748483013
0.0 0.0 0.04 0

1748483014
0.0 0.0 0.04 145

1748483015
0.0 0.0 0.04 0

1748483016
0.0 0.0 0.04 15

1748483017
0.0 0.0 0.04 42

1748483018
0.0 0.0 0.04 74

1748483019
0.0 0.0 0.04 6

1748483020
0.0 0.0 0.04 0

1748483021
0.0 0.0 0.04 170

1748483022
0.0 0.0 0.04 474

1748483023
0.0 0.0 0.04 391

1748483024
0.0 0.0 0.04 51

1748483025
0.0 0.0 0.04 80

1748483026
0.0 0.0 0.04 42

1748483027
0.0 0.0 0.04 168

1748483028
0.0 0.0 0.04 33

1748483029
0.0 0.0 0.04 0

1748483030
0.0 0.0 0.04 39

1748483031
0.0 0.0 0.04 158

1748483032
0.0 0.0 0.04 135

1748483033
0.0 0.0 0.04 77

1748483034
0.0 0.0 0.04 20

1748483035
0.0 0.0 0.04 0

1748483036
0.0 0.0 0.04 1

1748483037
0.0 0.0 0.04 57

1748483038
0.0 0.0 0.04 123

1748483039
0.0 0.0 0.04 89

1748483040
0.0 0.0 0.04 38

1748483041
0.0 0.0 0.04 56

1748483042
0.0 0.0 0.04 124

1748483043
0.0 0.0 0.04 113

1748483044
0.0 0.0 0.04 85

1748483045
0.0 0.0 0.04 5

1748483046
0.0 0.0 0.04 0

1748483047
0.0 0.0 0.04 4

1748483048
0.0 0.0 0.04 0

1748483049
0.0 0.0 0.04 0

1748483050
0.0 0.0 0.04 120

1748483051
0.0 0.0 0.04 2

1748483052
0.0 0.0 0.04 6

1748483053
0.0 0.0 0.04 19

1748483054
0.0 0.0 0.04 54

1748483055
0.0 0.0 0.03 78

1748483056
0.0 0.0 0.03 0

1748483057
0.0 0.0 0.03 0

1748483058
0.0 0.0 0.03 0

1748483059
0.0 0.0 0.03 66

1748483060
0.0 0.0 0.03 17

1748483061
0.0 0.0 0.03 0

1748483062
0.0 0.0 0.03 8

1748483063
0.0 0.0 0.03 1

1748483064
0.0 0.0 0.03 70

1748483065
0.0 0.0 0.03 4

1748483066
0.0 0.0 0.03 0

1748483067
0.0 0.0 0.03 33

1748483068
0.0 0.0 0.03 0

1748483069
0.0 0.0 0.03 0

1748483070
0.0 0.0 0.03 0

1748483071
0.0 0.0 0.03 8

1748483072
0.0 0.0 0.03 31

1748483073
0.0 0.0 0.03 4

1748483074
0.0 0.0 0.03 55

1748483075
0.0 0.0 0.03 167

1748483076
0.0 0.0 0.03 62

1748483077
0.0 0.0 0.03 16

1748483078
0.0 0.0 0.03 182

1748483079
0.0 0.0 0.03 0

1748483080
0.0 0.0 0.03 23

1748483081
0.0 0.0 0.03 0

1748483082
0.0 0.0 0.03 375

1748483083
0.0 0.0 0.03 172

1748483084
0.0 0.0 0.03 47

1748483085
0.0 0.0 0.03 55

1748483086
0.0 0.0 0.03 0

1748483087
0.0 0.0 0.03 49

1748483088
0.0 0.0 0.03 34

1748483089
0.0 0.0 0.03 0

1748483090
0.0 0.0 0.03 12

1748483091
0.0 0.0 0.03 0

1748483092
0.0 0.0 0.03 18

1748483093
0.0 0.0 0.03 17

1748483094
0.0 0.0 0.03 0

1748483095
0.0 0.0 0.02 0

1748483096
0.0 0.0 0.02 2

1748483097
0.0 0.0 0.02 117

1748483098
0.0 0.0 0.02 66

1748483099
0.0 0.0 0.02 40

1748483100
0.0 0.0 0.02 86

1748483101
0.0 0.0 0.02 0

1748483102
0.0 0.0 0.02 25

1748483103
0.0 0.0 0.02 0

1748483104
0.0 0.0 0.02 0

1748483105
0.0 0.0 0.02 52

1748483106
0.0 0.0 0.02 0

1748483107
0.0 0.0 0.02 15

1748483108
0.0 0.0 0.02 0

1748483109
0.0 0.0 0.02 0

1748483110
0.0 0.0 0.02 0

1748483111
0.0 0.0 0.02 9

1748483112
0.0 0.0 0.02 19

1748483113
0.0 0.0 0.02 0

1748483114
0.0 0.0 0.02 100

1748483115
0.0 0.0 0.02 82

1748483116
0.0 0.0 0.02 0

1748483117
0.0 0.0 0.02 278

1748483118
0.0 0.0 0.02 0

1748483119
0.0 0.0 0.02 0

1748483120
0.0 0.0 0.02 114

1748483121
0.0 0.0 0.02 0

1748483122
0.0 0.0 0.02 177

1748483123
0.0 0.0 0.02 0

1748483124
0.0 0.0 0.02 18

1748483125
0.0 0.0 0.02 139

1748483126
0.0 0.0 0.02 0

1748483127
0.0 0.0 0.02 116

1748483128
0.0 0.0 0.02 25

1748483129
0.0 0.0 0.02 43

1748483130
0.0 0.0 0.02 244

1748483131
0.0 0.0 0.02 0

1748483132
0.0 0.0 0.02 65

1748483133
0.0 0.0 0.02 105

1748483134
0.0 0.0 0.02 0

1748483135
0.0 0.0 0.02 41

1748483136
0.0 0.0 0.02 0

1748483137
0.0 0.0 0.01 0

1748483138
0.0 0.0 0.01 7

1748483139
0.0 0.0 0.01 0

1748483140
0.0 0.0 0.01 195

1748483141
0.0 0.0 0.01 296

1748483142
0.0 0.0 0.01 66

1748483143
0.0 0.0 0.01 166

1748483144
0.0 0.0 0.01 0

1748483145
0.0 0.0 0.01 0

1748483146
0.0 0.0 0.01 6

1748483147
0.0 0.0 0.01 96

1748483148
0.0 0.0 0.01 13

1748483149
0.0 0.0 0.01 0

1748483150
0.0 0.0 0.01 12

1748483151
0.0 0.0 0.01 54

1748483152
0.0 0.0 0.01 83

1748483153
0.0 0.0 0.01 0

1748483154
0.0 0.0 0.01 0

1748483155
0.0 0.0 0.01 0

1748483156
0.0 0.0 0.01 86

1748483157
0.0 0.0 0.01 118

1748483158
0.0 0.0 0.01 0

1748483159
0.0 0.0 0.01 0

1748483160
0.0 0.0 0.01 117

1748483161
0.0 0.0 0.01 45

1748483162
0.0 0.0 0.01 162

1748483163
0.0 0.0 0.01 0

1748483164
0.0 0.0 0.01 0

1748483165
0.0 0.0 0.01 37

1748483166
0.0 0.0 0.01 47

1748483167
0.0 0.0 0.01 19

1748483168
0.0 0.0 0.01 8

1748483169
0.0 0.0 0.01 14

1748483170
0.0 0.0 0.01 0

1748483171
0.0 0.0 0.01 0

1748483172
0.0 0.0 0.01 76

1748483173
0.0 0.0 0.01 279

1748483174
0.0 0.0 0.01 0

1748483175
0.0 0.0 0.01 23

1748483176
0.0 0.0 0.01 6

1748483177
0.0 0.0 0.0 0

1748483178
0.0 0.0 0.0 9

1748483179
0.0 0.0 0.0 6

1748483180
0.0 0.0 0.0 53

1748483181
0.0 0.0 0.0 98

1748483182
0.0 0.0 0.0 174

1748483183
0.0 0.0 0.0 195

1748483184
0.0 0.0 0.0 1

1748483185
0.0 0.0 0.0 0

1748483186
0.0 0.0 0.0 0

1748483187
0.0 0.0 0.0 0

1748483188
0.0 0.0 0.0 194

1748483189
0.0 0.0 0.0 16

1748483190
0.0 0.0 0.0 32

1748483191
0.0 0.0 0.0 122

1748483192
0.0 0.0 0.0 0

1748483193
0.0 0.0 0.0 227

1748483194
0.0 0.0 0.0 1

1748483195
0.0 0.0 0.0 53

1748483196
0.0 0.0 0.0 0

1748483197
0.0 0.0 0.0 4

1748483198
0.0 0.0 0.0 161

1748483199
0.0 0.0 0.0 1

1748483200
0.0 0.0 0.0 88

1748483201
0.0 0.0 0.0 0

1748483202
0.0 0.0 0.0 118

1748483203
0.0 0.0 0.0 207

1748483204
0.0 0.0 0.0 0

1748483205
0.0 0.0 0.0 48

1748483206
0.0 0.0 0.0 0

1748483207
0.0 0.0 0.0 25

1748483208
0.0 0.0 0.0 13

1748483209
0.0 0.0 0.0 0

1748483210
0.0 0.0 0.0 280

1748483211
0.0 0.0 0.0 0

1748483212
0.0 0.0 0.0 0

1748483213
0.0 0.0 0.0 96

1748483214
0.0 0.0 0.0 20

1748483215
0.0 0.0 0.0 392

1748483216
0.0 0.0 0.0 0

1748483217
0.0 0.0 0.0 0

1748483218
0.0 0.0 0.0 34

1748483219
0.0 0.0 0.0 28

1748483220
0.0 0.0 0.0 0

1748483221
0.0 0.0 0.0 166

1748483222
0.0 0.0 0.0 729

1748483223
0.0 0.0 0.0 802

1748483224
0.0 0.0 0.0 1217

1748483225
0.0 0.0 0.0 722

1748483226
0.0 0.0 0.0 972

1748483227
0.0 0.0 0.0 1341

1748483228
0.0 0.0 0.0 54

1748483229
0.0 0.0 0.0 0

1748483230
0.0 0.0 0.0 0

1748483231
0.0 0.0 0.0 35

1748483232
0.0 0.0 0.0 0

1748483233
0.0 0.0 0.0 20

1748483234
0.0 0.0 0.0 18

1748483235
0.0 0.0 0.0 0

1748483236
0.0 0.0 0.0 11

1748483237
0.0 0.0 0.0 31

1748483238
0.0 0.0 0.0 11

1748483239
0.0 0.0 0.0 138

1748483240
0.0 0.0 0.0 139

1748483242
0.0 0.0 0.0 11

1748483243
0.0 0.0 0.0 62

1748483244
0.0 0.0 0.0 8

1748483245
0.0 0.0 0.0 76

1748483246
0.0 0.0 0.0 82

1748483247
0.0 0.0 0.0 31

1748483248
0.0 0.0 0.0 50

1748483249
0.0 0.0 0.0 47

1748483250
0.0 0.0 0.0 0

1748483251
0.0 0.0 0.0 40

1748483252
0.0 0.0 0.0 16

1748483253
0.0 0.0 0.0 62

1748483254
0.0 0.0 0.0 0

1748483255
0.0 0.0 0.0 0

1748483256
0.0 0.0 0.0 73

1748483257
0.0 0.0 0.0 271

1748483258
0.0 0.0 0.0 76

1748483259
0.0 0.0 0.0 50

1748483260
0.0 0.0 0.0 22

1748483261
0.0 0.0 0.0 11

1748483262
0.0 0.0 0.0 27

1748483263
0.0 0.0 0.0 0

1748483264
0.0 0.0 0.0 24

1748483265
0.0 0.0 0.0 75

1748483266
0.0 0.0 0.0 12

1748483267
0.0 0.0 0.0 0

1748483268
0.0 0.0 0.0 98

1748483269
0.0 0.0 0.0 0

1748483270
0.0 0.0 0.0 36

1748483271
0.0 0.0 0.0 149

1748483272
0.0 0.0 0.0 115

1748483273
0.0 0.0 0.0 0

1748483274
0.0 0.0 0.0 0

1748483275
0.0 0.0 0.0 0

1748483276
0.0 0.0 0.0 25

1748483277
0.0 0.0 0.0 0

1748483278
0.0 0.0 0.0 0

1748483279
0.0 0.0 0.0 28

1748483280
0.0 0.0 0.0 75

1748483281
0.0 0.0 0.0 45

1748483282
0.0 0.0 0.0 137

1748483283
0.0 0.0 0.0 1

1748483284
0.0 0.0 0.0 0

1748483285
0.0 0.0 0.0 0

1748483286
0.0 0.0 0.0 32

1748483287
0.0 0.0 0.0 0

1748483288
0.0 0.0 0.0 0

1748483289
0.0 0.0 0.0 1

1748483290
0.0 0.0 0.0 0

1748483291
0.0 0.0 0.0 87

1748483292
0.0 0.0 0.0 89

1748483293
0.0 0.0 0.0 127

1748483294
0.0 0.0 0.0 21

1748483295
0.0 0.0 0.0 0

1748483296
0.0 0.0 0.0 10

1748483297
0.0 0.0 0.0 88

1748483298
0.0 0.0 0.0 0

1748483299
0.0 0.0 0.0 35

1748483300
0.0 0.0 0.0 4

1748483301
0.0 0.0 0.0 58

1748483302
0.0 0.0 0.0 251

1748483303
0.0 0.0 0.0 137

1748483304
0.0 0.0 0.0 0

1748483305
0.0 0.0 0.0 0

1748483306
0.0 0.0 0.0 116

1748483307
0.0 0.0 0.0 137

1748483308
0.0 0.0 0.0 0

1748483309
0.0 0.0 0.0 85

1748483310
0.0 0.0 0.0 122

1748483311
0.0 0.0 0.0 0

1748483312
0.0 0.0 0.0 238

1748483313
0.0 0.0 0.0 42

1748483314
0.0 0.0 0.0 166

1748483315
0.0 0.0 0.0 0

1748483316
0.0 0.0 0.0 0

1748483317
0.0 0.0 0.0 1

1748483318
0.0 0.0 0.0 0

1748483319
0.0 0.0 0.0 101

1748483320
0.0 0.0 0.0 84

1748483321
0.0 0.0 0.0 20

1748483322
0.0 0.0 0.0 3

1748483323
0.0 0.0 0.0 129

1748483324
0.0 0.0 0.0 40

1748483325
0.0 0.0 0.0 16

1748483326
0.0 0.0 0.0 58

1748483327
0.0 0.0 0.0 47

1748483328
0.0 0.0 0.0 0

1748483329
0.0 0.0 0.0 19

1748483330
0.0 0.0 0.0 0

1748483331
0.0 0.0 0.0 84

1748483332
0.0 0.0 0.0 0

1748483333
0.0 0.0 0.0 0

1748483334
0.0 0.0 0.0 57

1748483335
0.0 0.0 0.0 0

1748483336
0.0 0.0 0.0 28

1748483337
0.0 0.0 0.0 111

1748483338
0.0 0.0 0.0 42

1748483339
0.0 0.0 0.0 0

1748483340
0.0 0.0 0.0 55

1748483341
0.0 0.0 0.0 6

1748483343
0.0 0.0 0.0 246

1748483344
0.0 0.0 0.0 0

1748483345
0.0 0.0 0.0 70

1748483346
0.0 0.0 0.0 48

1748483347
0.0 0.0 0.0 151

1748483348
0.0 0.0 0.0 109

1748483349
0.0 0.0 0.0 47

1748483350
0.0 0.0 0.0 38

1748483351
0.0 0.0 0.0 0

1748483352
0.0 0.0 0.0 52

1748483353
0.0 0.0 0.0 38

1748483354
0.0 0.0 0.0 1

1748483355
0.0 0.0 0.0 12

1748483356
0.0 0.0 0.0 38

1748483357
0.0 0.0 0.0 24

1748483358
0.0 0.0 0.0 22

1748483359
0.0 0.0 0.0 172

1748483360
0.0 0.0 0.0 44

1748483361
0.0 0.0 0.0 0

1748483362
0.0 0.0 0.0 10

1748483363
0.0 0.0 0.0 0

1748483364
0.0 0.0 0.0 140

1748483365
0.0 0.0 0.0 79

1748483366
0.0 0.0 0.0 30

1748483367
0.0 0.0 0.0 18

1748483368
0.0 0.0 0.0 65

1748483369
0.0 0.0 0.0 8

1748483370
0.0 0.0 0.0 50

1748483371
0.0 0.0 0.0 1

1748483372
0.0 0.0 0.0 85

1748483373
0.0 0.0 0.0 0

1748483374
0.0 0.0 0.0 1

1748483375
0.0 0.0 0.0 121

1748483376
0.0 0.0 0.0 7

1748483377
0.0 0.0 0.0 324

1748483378
0.0 0.0 0.0 65

1748483379
0.0 0.0 0.0 108

1748483380
0.0 0.0 0.0 193

1748483381
0.0 0.0 0.0 175

1748483382
0.0 0.0 0.0 114

1748483383
0.0 0.0 0.0 67

1748483384
0.0 0.0 0.0 208

1748483385
0.0 0.0 0.0 73

1748483386
0.0 0.0 0.0 54

1748483387
0.0 0.0 0.0 4

1748483388
0.0 0.0 0.0 0

1748483389
0.0 0.0 0.0 23

1748483390
0.0 0.0 0.0 16

1748483391
0.0 0.0 0.0 0

1748483392
0.0 0.0 0.0 0

1748483393
0.0 0.0 0.0 220

1748483394
0.0 0.0 0.0 14

1748483395
0.0 0.0 0.0 60

1748483396
0.0 0.0 0.0 25

1748483397
0.0 0.0 0.0 63

1748483398
0.0 0.0 0.0 0

1748483399
0.0 0.0 0.0 36

1748483400
0.0 0.0 0.0 0

1748483401
0.0 0.0 0.0 63

1748483402
0.0 0.0 0.0 1

1748483403
0.0 0.0 0.0 0

1748483404
0.0 0.0 0.0 31

1748483405
0.0 0.0 0.0 72

1748483406
0.0 0.0 0.0 31

1748483407
0.0 0.0 0.0 0

1748483408
0.0 0.0 0.0 96

1748483409
0.0 0.0 0.0 0

1748483410
0.0 0.0 0.0 13

1748483411
0.0 0.0 0.0 0

1748483412
0.0 0.0 0.0 20

1748483413
0.0 0.0 0.0 1

1748483414
0.0 0.0 0.0 50

1748483415
0.0 0.0 0.0 33

1748483416
0.0 0.0 0.0 47

1748483417
0.0 0.0 0.0 47

1748483418
0.0 0.0 0.0 12

1748483419
0.0 0.0 0.0 72

1748483420
0.0 0.0 0.0 86

1748483421
0.0 0.0 0.0 80

1748483422
0.0 0.0 0.0 3

1748483423
0.0 0.0 0.0 99

1748483424
0.0 0.0 0.0 58

1748483425
0.0 0.0 0.0 0

1748483426
0.0 0.0 0.0 0

1748483427
0.0 0.0 0.0 61

1748483428
0.0 0.0 0.0 0

1748483429
0.0 0.0 0.0 0

1748483430
0.0 0.0 0.0 53

1748483431
0.0 0.0 0.0 0

1748483432
0.0 0.0 0.0 2

1748483433
0.0 0.0 0.0 1

1748483434
0.0 0.0 0.0 58

1748483435
0.0 0.0 0.0 24

1748483436
0.0 0.0 0.0 79

1748483437
0.0 0.0 0.0 63

1748483438
0.0 0.0 0.0 64

1748483439
0.0 0.0 0.0 0

1748483440
0.0 0.0 0.0 16

1748483441
0.0 0.0 0.0 3

1748483442
0.0 0.0 0.0 6

1748483443
0.0 0.0 0.0 0

1748483444
0.0 0.0 0.0 0

1748483445
0.0 0.0 0.0 39

1748483446
0.0 0.0 0.0 59

1748483447
0.0 0.0 0.0 1295

1748483448
0.0 0.0 0.0 335

1748483449
0.0 0.0 0.0 297

1748483450
0.0 0.0 0.0 0

1748483451
0.0 0.0 0.0 0

1748483452
0.0 0.0 0.0 41

1748483453
0.0 0.0 0.0 94

1748483454
0.0 0.0 0.0 32

1748483455
0.0 0.0 0.0 74

1748483456
0.0 0.0 0.0 82

1748483457
0.0 0.0 0.0 69

1748483458
0.0 0.0 0.0 109

1748483459
0.0 0.0 0.0 78

1748483460
0.0 0.0 0.0 32

1748483461
0.0 0.0 0.0 42

1748483462
0.0 0.0 0.0 1

1748483463
0.0 0.0 0.0 39

1748483464
0.0 0.0 0.0 1

1748483465
0.0 0.0 0.0 0

1748483466
0.0 0.0 0.0 1

1748483467
0.0 0.0 0.0 26

1748483468
0.0 0.0 0.0 52

1748483469
0.0 0.0 0.0 1

1748483470
0.0 0.0 0.0 6

1748483471
0.0 0.0 0.0 106

1748483472
0.0 0.0 0.0 22

1748483473
0.0 0.0 0.0 125

1748483474
0.0 0.0 0.0 4

1748483475
0.0 0.0 0.0 135

1748483476
0.0 0.0 0.0 36

1748483477
0.0 0.0 0.0 6

1748483478
0.0 0.0 0.0 78

1748483479
0.0 0.0 0.0 284

1748483480
0.0 0.0 0.0 8

1748483481
0.0 0.0 0.0 241

1748483482
0.0 0.0 0.0 17

1748483483
0.0 0.0 0.0 49

1748483484
0.0 0.0 0.0 1

1748483485
0.0 0.0 0.0 0

1748483486
0.0 0.0 0.0 9

1748483487
0.0 0.0 0.0 0

1748483488
0.0 0.0 0.0 0

1748483489
0.0 0.0 0.0 0

1748483490
0.0 0.0 0.0 5

1748483491
0.0 0.0 0.0 30

1748483492
0.0 0.0 0.0 0

1748483493
0.0 0.0 0.0 1

1748483494
0.0 0.0 0.0 37

1748483495
0.0 0.0 0.0 0

1748483496
0.0 0.0 0.0 34

1748483497
0.0 0.0 0.0 38

1748483498
0.0 0.0 0.0 0

1748483499
0.0 0.0 0.0 160

1748483500
0.0 0.0 0.0 1

1748483501
0.0 0.0 0.0 240

1748483502
0.0 0.0 0.0 437

1748483503
0.0 0.0 0.0 172

1748483504
0.0 0.0 0.0 78

1748483505
0.0 0.0 0.0 1

1748483506
0.0 0.0 0.0 10

1748483507
0.0 0.0 0.0 0

1748483508
0.0 0.0 0.0 17

1748483509
0.0 0.0 0.0 7

1748483510
0.0 0.0 0.0 0

1748483511
0.0 0.0 0.0 53

1748483512
0.0 0.0 0.0 33

1748483513
0.0 0.0 0.0 1

1748483514
0.0 0.0 0.0 0

1748483515
0.0 0.0 0.0 0

1748483516
0.0 0.0 0.0 57

1748483517
0.0 0.0 0.0 12

1748483518
0.0 0.0 0.0 0

1748483519
0.0 0.0 0.0 1

1748483520
0.0 0.0 0.0 0

1748483521
0.0 0.0 0.0 5

1748483522
0.0 0.0 0.0 99

1748483523
0.0 0.0 0.0 18

1748483524
0.0 0.0 0.0 1

1748483525
0.0 0.0 0.0 64

1748483526
0.0 0.0 0.0 22

1748483527
0.0 0.0 0.0 62

1748483528
0.0 0.0 0.0 44

1748483529
0.0 0.0 0.0 0

1748483530
0.0 0.0 0.0 11

1748483531
0.0 0.0 0.0 69

1748483532
0.0 0.0 0.0 58

1748483533
0.0 0.0 0.0 47

1748483534
0.0 0.0 0.0 0

1748483535
0.0 0.0 0.0 109

1748483536
0.0 0.0 0.0 0

1748483537
0.0 0.0 0.0 0

1748483538
0.0 0.0 0.0 21

1748483539
0.0 0.0 0.0 1

1748483541
0.0 0.0 0.0 41

1748483542
0.0 0.0 0.0 12

1748483543
0.0 0.0 0.0 0

1748483544
0.0 0.0 0.0 48

1748483545
0.0 0.0 0.0 55

1748483546
0.0 0.0 0.0 196

1748483547
0.0 0.0 0.0 63

1748483548
0.0 0.0 0.0 0

1748483549
0.0 0.0 0.0 0

1748483550
0.0 0.0 0.0 5124

1748483551
0.0 0.0 0.0 49

1748483552
0.0 0.0 0.0 145

1748483553
0.0 0.0 0.0 383

1748483554
0.0 0.0 0.0 52

1748483555
0.0 0.0 0.0 35

1748483556
0.0 0.0 0.0 8

1748483557
0.0 0.0 0.0 18

1748483558
0.0 0.0 0.0 239

1748483559
0.0 0.0 0.0 6

1748483560
0.0 0.0 0.0 14

1748483561
0.0 0.0 0.0 5

1748483562
0.0 0.0 0.0 6

1748483563
0.0 0.0 0.0 18

1748483564
0.0 0.0 0.0 2

1748483565
0.0 0.0 0.0 93

1748483566
0.0 0.0 0.0 14

1748483567
0.0 0.0 0.0 0

1748483568
0.0 0.0 0.0 110

1748483569
0.0 0.0 0.0 0

1748483570
0.0 0.0 0.0 76

1748483571
0.0 0.0 0.0 86

1748483572
0.0 0.0 0.0 49

1748483573
0.0 0.0 0.0 119

1748483574
0.0 0.0 0.0 0

1748483575
0.0 0.0 0.0 81

1748483576
0.0 0.0 0.0 3

1748483577
0.0 0.0 0.0 79

1748483578
0.0 0.0 0.0 23

1748483579
0.0 0.0 0.0 14

1748483580
0.0 0.0 0.0 891

1748483581
0.0 0.0 0.0 254

1748483582
0.0 0.0 0.0 10

1748483583
0.0 0.0 0.0 15

1748483584
0.0 0.0 0.0 250

1748483585
0.0 0.0 0.0 15

1748483586
0.0 0.0 0.0 0

1748483587
0.0 0.0 0.0 0

1748483588
0.0 0.0 0.0 0

1748483589
0.0 0.0 0.0 22

1748483590
0.0 0.0 0.0 2

1748483591
0.0 0.0 0.0 19

1748483592
0.0 0.0 0.0 0

1748483593
0.0 0.0 0.0 81

1748483594
0.0 0.0 0.0 105

1748483595
0.0 0.0 0.0 35

1748483596
0.0 0.0 0.0 15

1748483597
0.0 0.0 0.0 12

1748483598
0.0 0.0 0.0 31

1748483599
0.0 0.0 0.0 7

1748483600
0.0 0.0 0.0 22

1748483601
0.0 0.0 0.0 0

1748483602
0.0 0.0 0.0 50

1748483603
0.0 0.0 0.0 15

1748483604
0.0 0.0 0.0 45

1748483605
0.0 0.0 0.0 19

1748483606
0.0 0.0 0.0 115

1748483607
0.0 0.0 0.0 0

1748483608
0.0 0.0 0.0 15

1748483609
0.0 0.0 0.0 3

1748483610
0.0 0.0 0.0 0

1748483611
0.0 0.0 0.0 0

1748483612
0.0 0.0 0.0 1

1748483613
0.0 0.0 0.0 21

1748483614
0.0 0.0 0.0 60

1748483615
0.0 0.0 0.0 0

1748483616
0.0 0.0 0.0 16

1748483617
0.0 0.0 0.0 1

1748483618
0.0 0.0 0.0 0

1748483619
0.0 0.0 0.0 6

1748483620
0.0 0.0 0.0 54

1748483621
0.0 0.0 0.0 0

1748483622
0.0 0.0 0.0 0

1748483623
0.0 0.0 0.0 6

1748483624
0.0 0.0 0.0 19

1748483625
0.0 0.0 0.0 0

1748483626
0.0 0.0 0.0 0

1748483627
0.0 0.0 0.0 87

1748483628
0.0 0.0 0.0 0

1748483629
0.0 0.0 0.0 29

1748483630
0.0 0.0 0.0 85

1748483631
0.0 0.0 0.0 0

1748483632
0.0 0.0 0.0 3

1748483633
0.0 0.0 0.0 0

1748483634
0.0 0.0 0.0 82

1748483635
0.0 0.0 0.0 0

1748483636
0.0 0.0 0.0 0

1748483637
0.0 0.0 0.0 8

1748483638
0.0 0.0 0.0 24

1748483639
0.0 0.0 0.0 55

1748483640
0.0 0.0 0.0 0

1748483641
0.0 0.0 0.0 10

1748483642
0.0 0.0 0.0 43

1748483643
0.0 0.0 0.0 0

1748483644
0.0 0.0 0.0 100

1748483645
0.0 0.0 0.0 8

1748483646
0.0 0.0 0.0 3

1748483647
0.0 0.0 0.0 0

1748483648
0.0 0.0 0.0 18

1748483649
0.0 0.0 0.0 26

1748483650
0.0 0.0 0.0 1

1748483651
0.0 0.0 0.0 4

1748483652
0.0 0.0 0.0 81

1748483653
0.0 0.0 0.0 19

1748483654
0.0 0.0 0.0 90

1748483655
0.0 0.0 0.0 0

1748483656
0.0 0.0 0.0 198

1748483657
0.0 0.0 0.0 96

1748483658
0.0 0.0 0.0 0

1748483659
0.0 0.0 0.0 0

1748483660
0.0 0.0 0.0 23

1748483661
0.0 0.0 0.0 20

1748483662
0.0 0.0 0.0 53

1748483663
0.0 0.0 0.0 0

1748483664
0.0 0.0 0.0 0

1748483665
0.0 0.0 0.0 7

1748483666
0.0 0.0 0.0 12

1748483667
0.0 0.0 0.0 196

1748483668
0.0 0.0 0.0 31

1748483669
0.0 0.0 0.0 19

1748483670
0.0 0.0 0.0 0

1748483671
0.0 0.0 0.0 55

1748483672
0.0 0.0 0.0 119

1748483673
0.0 0.0 0.0 105

1748483674
0.0 0.0 0.0 36

1748483675
0.0 0.0 0.0 13

1748483676
0.0 0.0 0.0 0

1748483677
0.0 0.0 0.0 61

1748483678
0.0 0.0 0.0 74

1748483679
0.0 0.0 0.0 0

1748483680
0.0 0.0 0.0 6

1748483681
0.0 0.0 0.0 14

1748483682
0.0 0.0 0.0 5

1748483683
0.0 0.0 0.0 34

1748483684
0.0 0.0 0.0 1

1748483685
0.0 0.0 0.0 1

1748483686
0.0 0.0 0.0 0

1748483687
0.0 0.0 0.0 74

1748483688
0.0 0.0 0.0 76

1748483689
0.0 0.0 0.0 25

1748483690
0.0 0.0 0.0 56

1748483691
0.0 0.0 0.0 122

1748483692
0.0 0.0 0.0 40

1748483693
0.0 0.0 0.0 56

1748483694
0.0 0.0 0.0 0

1748483695
0.0 0.0 0.0 0

1748483696
0.0 0.0 0.0 0

1748483697
0.0 0.0 0.0 35

1748483698
0.0 0.0 0.0 102

1748483699
0.0 0.0 0.0 0

1748483700
0.0 0.0 0.0 13

1748483701
0.0 0.0 0.0 0

1748483702
0.0 0.0 0.0 23

1748483703
0.0 0.0 0.0 106

1748483704
0.0 0.0 0.0 221

1748483705
0.0 0.0 0.0 29

1748483706
0.0 0.0 0.0 0

1748483707
0.0 0.0 0.0 0

1748483708
0.0 0.0 0.0 0

1748483709
0.0 0.0 0.0 6

1748483710
0.0 0.0 0.0 2

1748483711
0.0 0.0 0.0 0

1748483712
0.0 0.0 0.0 21

1748483713
0.0 0.0 0.0 8

1748483714
0.0 0.0 0.0 51

1748483715
0.0 0.0 0.0 126

1748483716
0.0 0.0 0.0 55

1748483717
0.0 0.0 0.0 53

1748483718
0.0 0.0 0.0 36

1748483719
0.0 0.0 0.0 19

1748483720
0.0 0.0 0.0 117

1748483721
0.0 0.0 0.0 55

1748483722
0.0 0.0 0.0 64

1748483723
0.0 0.0 0.0 25

1748483724
0.0 0.0 0.0 0

1748483725
0.0 0.0 0.0 102

1748483726
0.0 0.0 0.0 0

1748483727
0.0 0.0 0.0 3

1748483728
0.0 0.0 0.0 75

1748483729
0.0 0.0 0.0 8

1748483730
0.0 0.0 0.0 0

1748483731
0.0 0.0 0.0 52

1748483732
0.0 0.0 0.0 41

1748483733
0.0 0.0 0.0 8

1748483734
0.0 0.0 0.0 35

1748483735
0.0 0.0 0.0 31

1748483736
0.0 0.0 0.0 26

1748483737
0.0 0.0 0.0 4

1748483738
0.0 0.0 0.0 0

1748483739
0.0 0.0 0.0 100

1748483740
0.0 0.0 0.0 0

1748483741
0.0 0.0 0.0 2

1748483742
0.0 0.0 0.0 49

1748483743
0.0 0.0 0.0 15

1748483744
0.0 0.0 0.0 0

1748483745
0.0 0.0 0.0 7

1748483746
0.0 0.0 0.0 1

1748483747
0.0 0.0 0.0 71

1748483748
0.0 0.0 0.0 0

1748483749
0.0 0.0 0.0 3

1748483750
0.0 0.0 0.0 6

1748483751
0.0 0.0 0.0 0

1748483752
0.0 0.0 0.0 69

1748483753
0.0 0.0 0.0 0

1748483754
0.0 0.0 0.0 0

1748483755
0.0 0.0 0.0 34

1748483756
0.0 0.0 0.0 0

1748483757
0.0 0.0 0.0 45

1748483758
0.0 0.0 0.0 47

1748483759
0.0 0.0 0.0 14

1748483760
0.0 0.0 0.0 0

1748483761
0.0 0.0 0.0 40

1748483762
0.0 0.0 0.0 31

1748483763
0.0 0.0 0.0 150

1748483764
0.0 0.0 0.0 16

1748483765
0.0 0.0 0.0 54

1748483766
0.0 0.0 0.0 0

1748483767
0.0 0.0 0.0 5

1748483768
0.0 0.0 0.0 91

1748483769
0.0 0.0 0.0 1

1748483770
0.0 0.0 0.0 0

1748483771
0.0 0.0 0.0 0

1748483772
0.0 0.0 0.0 1

1748483773
0.0 0.0 0.0 33

1748483774
0.0 0.0 0.0 3

1748483775
0.0 0.0 0.0 17

1748483776
0.0 0.0 0.0 0

1748483777
0.0 0.0 0.0 1

1748483778
0.0 0.0 0.0 60

1748483779
0.0 0.0 0.0 7

1748483780
0.0 0.0 0.0 0

1748483781
0.0 0.0 0.0 0

1748483782
0.0 0.0 0.0 0

1748483783
0.0 0.0 0.0 2

1748483784
0.0 0.0 0.0 0

1748483785
0.0 0.0 0.0 34

1748483786
0.0 0.0 0.0 65

1748483787
0.0 0.0 0.0 236

1748483788
0.0 0.0 0.0 3

1748483789
0.0 0.0 0.0 0

1748483790
0.0 0.0 0.0 19

1748483791
0.0 0.0 0.0 0

1748483792
0.0 0.0 0.0 0

1748483793
0.0 0.0 0.0 119

1748483794
0.0 0.0 0.0 27

1748483795
0.0 0.0 0.0 35

1748483796
0.0 0.0 0.0 0

1748483797
0.0 0.0 0.0 66

1748483798
0.0 0.0 0.0 5

1748483799
0.0 0.0 0.0 14

1748483800
0.0 0.0 0.0 0

1748483801
0.0 0.0 0.0 0

1748483802
0.0 0.0 0.0 0

1748483803
0.0 0.0 0.0 66

1748483804
0.0 0.0 0.0 0

1748483805
0.0 0.0 0.0 0

1748483806
0.0 0.0 0.0 9

1748483807
0.0 0.0 0.0 18

1748483808
0.0 0.0 0.0 57

1748483809
0.0 0.0 0.0 56

1748483810
0.0 0.0 0.0 11

1748483811
0.0 0.0 0.0 17

1748483812
0.0 0.0 0.0 5

1748483813
0.0 0.0 0.0 7

1748483814
0.0 0.0 0.0 2

1748483815
0.0 0.0 0.0 23

1748483816
0.0 0.0 0.0 2

1748483817
0.0 0.0 0.0 8

1748483818
0.0 0.0 0.0 127

1748483819
0.0 0.0 0.0 79

1748483820
0.0 0.0 0.0 6

1748483821
0.0 0.0 0.0 0

1748483822
0.0 0.0 0.0 8

1748483823
0.0 0.0 0.0 35

1748483824
0.0 0.0 0.0 61

1748483825
0.0 0.0 0.0 26

1748483826
0.0 0.0 0.0 19

1748483827
0.0 0.0 0.0 5

1748483828
0.0 0.0 0.0 11

1748483829
0.0 0.0 0.0 3

1748483830
0.0 0.0 0.0 36

1748483831
0.0 0.0 0.0 0

1748483832
0.0 0.0 0.0 41

1748483833
0.0 0.0 0.0 174

1748483834
0.0 0.0 0.0 78

1748483835
0.0 0.0 0.0 13

1748483836
0.0 0.0 0.0 26

1748483837
0.0 0.0 0.0 0

1748483838
0.0 0.0 0.0 20

1748483839
0.0 0.0 0.0 56

1748483840
0.0 0.0 0.0 0

1748483841
0.0 0.0 0.0 6

1748483842
0.0 0.0 0.0 1

1748483843
0.0 0.0 0.0 93

1748483844
0.0 0.0 0.0 1

1748483845
0.0 0.0 0.0 0

1748483846
0.0 0.0 0.0 3

1748483847
0.0 0.0 0.0 20

1748483848
0.0 0.0 0.0 5

1748483849
0.0 0.0 0.0 56

1748483850
0.0 0.0 0.0 0

1748483851
0.0 0.0 0.0 140

1748483852
0.0 0.0 0.0 0

1748483853
0.0 0.0 0.0 3

1748483854
0.0 0.0 0.0 7

1748483855
0.0 0.0 0.0 42

1748483856
0.0 0.0 0.0 313

1748483857
0.0 0.0 0.0 80

1748483858
0.0 0.0 0.0 40

1748483859
0.0 0.0 0.0 78

1748483860
0.0 0.0 0.0 1

1748483861
0.0 0.0 0.0 147

1748483862
0.0 0.0 0.0 0

1748483863
0.0 0.0 0.0 153

1748483864
0.0 0.0 0.0 0

1748483865
0.0 0.0 0.0 0

1748483866
0.0 0.0 0.0 1

1748483867
0.0 0.0 0.0 94

1748483868
0.0 0.0 0.0 1

1748483869
0.0 0.0 0.0 74

1748483870
0.0 0.0 0.0 0

1748483871
0.0 0.0 0.0 69

1748483872
0.0 0.0 0.0 0

1748483873
0.0 0.0 0.0 0

1748483874
0.0 0.0 0.0 14

1748483875
0.0 0.0 0.0 62

1748483876
0.0 0.0 0.0 73

1748483877
0.0 0.0 0.0 0

1748483878
0.0 0.0 0.0 0

1748483879
0.0 0.0 0.0 12

1748483880
0.0 0.0 0.0 0

1748483881
0.0 0.0 0.0 78

1748483882
0.0 0.0 0.0 53

1748483883
0.0 0.0 0.0 176

1748483884
0.0 0.0 0.0 0

1748483885
0.0 0.0 0.0 47

1748483886
0.0 0.0 0.0 32

1748483887
0.0 0.0 0.0 25

1748483888
0.0 0.0 0.0 116

1748483889
0.0 0.0 0.0 0

1748483890
0.0 0.0 0.0 2

1748483891
0.0 0.0 0.0 4

1748483892
0.0 0.0 0.0 0

1748483893
0.0 0.0 0.0 198

1748483894
0.0 0.0 0.0 115

1748483895
0.0 0.0 0.0 2

1748483896
0.0 0.0 0.0 13

1748483897
0.0 0.0 0.0 0

1748483898
0.0 0.0 0.0 154

1748483899
0.0 0.0 0.0 0

1748483900
0.0 0.0 0.0 0

1748483901
0.0 0.0 0.0 9

1748483902
0.0 0.0 0.0 0

1748483903
0.0 0.0 0.0 16

1748483904
0.0 0.0 0.0 113

1748483905
0.0 0.0 0.0 13

1748483906
0.0 0.0 0.0 0

1748483907
0.0 0.0 0.0 0

1748483908
0.0 0.0 0.0 21

1748483909
0.0 0.0 0.0 56

1748483910
0.0 0.0 0.0 41

1748483911
0.0 0.0 0.0 0

1748483912
0.0 0.0 0.0 35

1748483913
0.0 0.0 0.0 39

1748483914
0.0 0.0 0.0 0

1748483915
0.0 0.0 0.0 43

1748483916
0.0 0.0 0.0 2

1748483917
0.0 0.0 0.0 5

1748483918
0.0 0.0 0.0 2

1748483919
0.0 0.0 0.0 2

1748483920
0.0 0.0 0.0 44

1748483921
0.0 0.0 0.0 109

1748483922
0.0 0.0 0.0 1

1748483923
0.0 0.0 0.0 379

1748483924
0.0 0.0 0.0 2

1748483925
0.0 0.0 0.0 160

1748483926
0.0 0.0 0.0 0

1748483927
0.0 0.0 0.0 60

1748483928
0.0 0.0 0.0 48

1748483929
0.0 0.0 0.0 1

1748483930
0.0 0.0 0.0 108

1748483931
0.0 0.0 0.0 21

1748483932
0.0 0.0 0.0 3

1748483933
0.0 0.0 0.0 1

1748483934
0.0 0.0 0.0 0

1748483935
0.0 0.0 0.0 125

1748483936
0.0 0.0 0.0 109

1748483937
0.0 0.0 0.0 95

1748483938
0.0 0.0 0.0 1

1748483939
0.0 0.0 0.0 18

1748483940
0.0 0.0 0.0 146

1748483941
0.0 0.0 0.0 9

1748483942
0.0 0.0 0.0 1

1748483943
0.0 0.0 0.0 1

1748483944
0.0 0.0 0.0 3

1748483945
0.0 0.0 0.0 40

1748483946
0.0 0.0 0.0 0

1748483947
0.0 0.0 0.0 0

1748483948
0.0 0.0 0.0 48

1748483949
0.0 0.0 0.0 1

1748483950
0.0 0.0 0.0 6

1748483951
0.0 0.0 0.0 1

1748483952
0.0 0.0 0.0 0

1748483953
0.0 0.0 0.0 1

1748483954
0.0 0.0 0.0 26

1748483955
0.0 0.0 0.0 630

1748483956
0.0 0.0 0.0 0

1748483957
0.0 0.0 0.0 0

1748483958
0.0 0.0 0.0 64

1748483959
0.0 0.0 0.0 0

1748483960
0.0 0.0 0.0 138

1748483961
0.0 0.0 0.0 2

1748483962
0.0 0.0 0.0 0

1748483963
0.0 0.0 0.0 34

1748483964
0.0 0.0 0.0 24

1748483965
0.0 0.0 0.0 236

1748483966
0.0 0.0 0.0 40

1748483967
0.0 0.0 0.0 18

1748483968
0.0 0.0 0.0 46

1748483969
0.0 0.0 0.0 0

1748483970
0.0 0.0 0.0 62

1748483971
0.0 0.0 0.0 183

1748483972
0.0 0.0 0.0 133

1748483973
0.0 0.0 0.0 175

1748483974
0.0 0.0 0.0 155

1748483975
0.0 0.0 0.0 123

1748483976
0.0 0.0 0.0 102

1748483977
0.0 0.0 0.0 121

1748483978
0.0 0.0 0.0 67

1748483979
0.0 0.0 0.0 62

1748483980
0.0 0.0 0.0 114

1748483981
0.0 0.0 0.0 60

1748483982
0.0 0.0 0.0 214

1748483983
0.0 0.0 0.0 228

1748483984
0.0 0.0 0.0 39

1748483985
0.0 0.0 0.0 0

1748483986
0.0 0.0 0.0 0

1748483987
0.0 0.0 0.0 159

1748483988
0.0 0.0 0.0 164

1748483989
0.0 0.0 0.0 157

1748483990
0.0 0.0 0.0 60

1748483991
0.0 0.0 0.0 0

1748483992
0.0 0.0 0.0 36

1748483993
0.0 0.0 0.0 182

1748483994
0.0 0.0 0.0 0

1748483995
0.0 0.0 0.0 94

1748483997
0.0 0.0 0.0 113

1748483998
0.0 0.0 0.0 168

1748483999
0.0 0.0 0.0 164

1748484000
0.0 0.0 0.0 1

1748484001
0.0 0.0 0.0 8

1748484002
0.0 0.0 0.0 34

1748484003
0.0 0.0 0.0 209

1748484004
0.0 0.0 0.0 34

1748484005
0.0 0.0 0.0 46

1748484006
0.0 0.0 0.0 73

1748484007
0.0 0.0 0.0 34

1748484008
0.0 0.0 0.0 235

1748484009
0.0 0.0 0.0 32

1748484010
0.0 0.0 0.0 0

1748484011
0.0 0.0 0.0 3

1748484012
0.0 0.0 0.0 11

1748484013
0.0 0.0 0.0 134

1748484014
0.0 0.0 0.0 0

1748484015
0.0 0.0 0.0 116

1748484016
0.0 0.0 0.0 0

1748484017
0.0 0.0 0.0 2

1748484018
0.0 0.0 0.0 13

1748484019
0.0 0.0 0.0 153

1748484020
0.0 0.0 0.0 534

1748484021
0.0 0.0 0.0 4

1748484022
0.0 0.0 0.0 140

1748484023
0.0 0.0 0.0 0

1748484024
0.0 0.0 0.0 0

1748484025
0.0 0.0 0.0 248

1748484026
0.0 0.0 0.0 32

1748484028
0.0 0.0 0.0 0

1748484029
0.0 0.0 0.0 36

1748484030
0.0 0.0 0.0 225

1748484031
0.0 0.0 0.0 0

1748484032
0.0 0.0 0.0 82

1748484033
0.0 0.0 0.0 0

1748484034
0.0 0.0 0.0 0

1748484035
0.0 0.0 0.0 20

1748484036
0.0 0.0 0.0 0

1748484037
0.0 0.0 0.0 122

1748484038
0.0 0.0 0.0 72

1748484039
0.0 0.0 0.0 0

1748484040
0.0 0.0 0.0 37

1748484041
0.0 0.0 0.0 5

1748484042
0.0 0.0 0.0 249

1748484043
0.0 0.0 0.0 0

1748484044
0.0 0.0 0.0 0

1748484045
0.0 0.0 0.0 127

1748484046
0.0 0.0 0.0 65

1748484047
0.0 0.0 0.0 231

1748484048
0.0 0.0 0.0 72

1748484049
0.0 0.0 0.0 0

1748484050
0.0 0.0 0.0 0

1748484051
0.0 0.0 0.0 110

1748484052
0.0 0.0 0.0 18

1748484054
0.0 0.0 0.0 1

1748484055
0.0 0.0 0.0 1

1748484056
0.0 0.0 0.0 109

1748484057
0.0 0.0 0.0 390

1748484058
0.0 0.0 0.0 0

1748484059
0.0 0.0 0.0 6

1748484060
0.0 0.0 0.0 0

1748484061
0.0 0.0 0.0 38

1748484062
0.0 0.0 0.0 174

1748484063
0.0 0.0 0.0 0

1748484065
0.0 0.0 0.0 4

1748484066
0.0 0.0 0.0 90

1748484067
0.0 0.0 0.0 162

1748484068
0.0 0.0 0.0 133

1748484069
0.0 0.0 0.0 223

1748484070
0.0 0.0 0.0 1

1748484071
0.0 0.0 0.0 0

1748484072
0.0 0.0 0.0 26

1748484073
0.0 0.0 0.0 0

1748484074
0.0 0.0 0.0 199

1748484075
0.0 0.0 0.0 37

1748484076
0.0 0.0 0.0 194

1748484077
0.0 0.0 0.0 278

1748484078
0.0 0.0 0.0 0

1748484079
0.0 0.0 0.0 128

1748484080
0.0 0.0 0.0 102

1748484081
0.0 0.0 0.0 82

1748484082
0.0 0.0 0.0 26

1748484083
0.0 0.0 0.0 47

1748484084
0.0 0.0 0.0 154

1748484085
0.0 0.0 0.0 177

1748484086
0.0 0.0 0.0 0

1748484087
0.0 0.0 0.0 48

1748484088
0.0 0.0 0.0 14

1748484089
0.0 0.0 0.0 0

1748484090
0.0 0.0 0.0 351

1748484091
0.0 0.0 0.0 357

1748484092
0.0 0.0 0.0 216

1748484093
0.0 0.0 0.0 518

1748484094
0.0 0.0 0.0 0

1748484095
0.0 0.0 0.0 32

1748484096
0.0 0.0 0.0 163

1748484097
0.0 0.0 0.0 341

1748484098
0.0 0.0 0.0 463

1748484099
0.0 0.0 0.0 0

1748484100
0.0 0.0 0.0 5

1748484101
0.0 0.0 0.0 0

1748484102
0.0 0.0 0.0 248

1748484103
0.0 0.0 0.0 8

1748484104
0.0 0.0 0.0 0

1748484105
0.0 0.0 0.0 0

1748484106
0.0 0.0 0.0 0

1748484107
0.0 0.0 0.0 685

1748484108
0.0 0.0 0.0 0

1748484109
0.0 0.0 0.0 15

1748484110
0.0 0.0 0.0 0

1748484111
0.0 0.0 0.0 232

1748484112
0.0 0.0 0.0 1

1748484113
0.0 0.0 0.0 21

1748484115
0.0 0.0 0.0 71

1748484116
0.0 0.0 0.0 330

1748484117
0.0 0.0 0.0 102

1748484118
0.0 0.0 0.0 0

1748484119
0.0 0.0 0.0 145

1748484120
0.0 0.0 0.0 924

1748484121
0.0 0.0 0.0 675

1748484122
0.0 0.0 0.0 851

1748484123
0.0 0.0 0.0 0

1748484124
0.0 0.0 0.0 0

1748484125
0.0 0.0 0.0 0

1748484126
0.0 0.0 0.0 0

1748484127
0.0 0.0 0.0 210

1748484128
0.0 0.0 0.0 386

1748484129
0.0 0.0 0.0 46

1748484130
0.0 0.0 0.0 16

1748484131
0.0 0.0 0.0 5

1748484132
0.0 0.0 0.0 127

1748484133
0.0 0.0 0.0 1

1748484134
0.0 0.0 0.0 21

1748484135
0.0 0.0 0.0 55

1748484136
0.0 0.0 0.0 16

1748484137
0.0 0.0 0.0 105

1748484139
0.0 0.0 0.0 1

1748484140
0.0 0.0 0.0 93

1748484141
0.0 0.0 0.0 322

1748484142
0.0 0.0 0.0 14

1748484143
0.0 0.0 0.0 200

1748484144
0.0 0.0 0.0 19

1748484145
0.0 0.0 0.0 339

1748484146
0.0 0.0 0.0 1

1748484147
0.0 0.0 0.0 114

1748484148
0.0 0.0 0.0 77

1748484149
0.0 0.0 0.0 0

1748484150
0.0 0.0 0.0 0

1748484151
0.0 0.0 0.0 14

1748484152
0.0 0.0 0.0 3

1748484153
0.0 0.0 0.0 0

1748484154
0.0 0.0 0.0 1

1748484155
0.0 0.0 0.0 124

1748484156
0.0 0.0 0.0 192

1748484157
0.0 0.0 0.0 25

1748484158
0.0 0.0 0.0 36

1748484159
0.0 0.0 0.0 159

1748484160
0.0 0.0 0.0 231

1748484161
0.0 0.0 0.0 15

1748484162
0.0 0.0 0.0 0

1748484163
0.0 0.0 0.0 30

1748484164
0.0 0.0 0.0 0

1748484165
0.0 0.0 0.0 138

1748484166
0.0 0.0 0.0 0

1748484167
0.0 0.0 0.0 54

1748484168
0.0 0.0 0.0 304

1748484169
0.0 0.0 0.0 1

1748484170
0.0 0.0 0.0 0

1748484171
0.0 0.0 0.0 25

1748484172
0.0 0.0 0.0 2

1748484173
0.0 0.0 0.0 41

1748484174
0.0 0.0 0.0 0

1748484175
0.0 0.0 0.0 27

1748484176
0.0 0.0 0.0 18

1748484177
0.0 0.0 0.0 0

1748484178
0.0 0.0 0.0 297

1748484179
0.0 0.0 0.0 0

1748484180
0.0 0.0 0.0 1

1748484181
0.0 0.0 0.0 14

1748484182
0.0 0.0 0.0 461

1748484183
0.0 0.0 0.0 0

1748484185
0.0 0.0 0.0 45

1748484186
0.0 0.0 0.0 40

1748484187
0.0 0.0 0.0 32

1748484188
0.0 0.0 0.0 80

1748484189
0.0 0.0 0.0 25

1748484190
0.0 0.0 0.0 11

1748484191
0.0 0.0 0.0 0

1748484192
0.0 0.0 0.0 84

1748484193
0.0 0.0 0.0 60

1748484194
0.0 0.0 0.0 49

1748484195
0.0 0.0 0.0 9

1748484196
0.0 0.0 0.0 1

1748484197
0.0 0.0 0.0 0

1748484198
0.0 0.0 0.0 120

1748484199
0.0 0.0 0.0 84

1748484200
0.0 0.0 0.0 0

1748484201
0.0 0.0 0.0 23

1748484202
0.0 0.0 0.0 75

1748484203
0.0 0.0 0.0 35

1748484204
0.0 0.0 0.0 31

1748484205
0.0 0.0 0.0 165

1748484206
0.0 0.0 0.0 54

1748484207
0.0 0.0 0.0 12

1748484208
0.0 0.0 0.0 64

1748484209
0.0 0.0 0.0 36

1748484210
0.0 0.0 0.0 140

1748484211
0.0 0.0 0.0 14

1748484212
0.0 0.0 0.0 283

1748484213
0.0 0.0 0.0 124

1748484214
0.0 0.0 0.0 75

1748484215
0.0 0.0 0.0 0

1748484216
0.0 0.0 0.0 1

1748484217
0.0 0.0 0.0 44

1748484218
0.0 0.0 0.0 3

1748484219
0.0 0.0 0.0 5

1748484220
0.0 0.0 0.0 240

1748484221
0.0 0.0 0.0 0

1748484222
0.0 0.0 0.0 51

1748484223
0.0 0.0 0.0 315

1748484224
0.0 0.0 0.0 44

1748484225
0.0 0.0 0.0 0

1748484226
0.0 0.0 0.0 0

1748484227
0.0 0.0 0.0 0

1748484228
0.0 0.0 0.0 117

1748484229
0.0 0.0 0.0 27

1748484230
0.0 0.0 0.0 0

1748484231
0.0 0.0 0.0 0

1748484232
0.0 0.0 0.0 1

1748484233
0.0 0.0 0.0 51

1748484234
0.0 0.0 0.0 0

1748484235
0.0 0.0 0.0 0

1748484236
0.0 0.0 0.0 42

1748484237
0.0 0.0 0.0 15

1748484238
0.0 0.0 0.0 25

1748484239
0.0 0.0 0.0 16

1748484240
0.0 0.0 0.0 0

1748484241
0.0 0.0 0.0 0

1748484242
0.0 0.0 0.0 112

1748484243
0.0 0.0 0.0 0

1748484244
0.0 0.0 0.0 14

1748484245
0.0 0.0 0.0 34

1748484246
0.0 0.0 0.0 115

1748484247
0.0 0.0 0.0 0

1748484248
0.0 0.0 0.0 0

1748484249
0.0 0.0 0.0 12

1748484250
0.0 0.0 0.0 5

1748484251
0.0 0.0 0.0 2

1748484252
0.0 0.0 0.0 71

1748484253
0.0 0.0 0.0 0

1748484254
0.0 0.0 0.0 98

1748484255
0.0 0.0 0.0 0

1748484256
0.0 0.0 0.0 12

1748484257
0.0 0.0 0.0 0

1748484258
0.0 0.0 0.0 0

1748484259
0.0 0.0 0.0 33

1748484260
0.0 0.0 0.0 5631

1748484261
0.0 0.0 0.0 219

1748484262
0.0 0.0 0.0 0

1748484263
0.0 0.0 0.0 23

1748484264
0.0 0.0 0.0 412

1748484265
0.0 0.0 0.0 134

1748484266
0.0 0.0 0.0 158

1748484267
0.0 0.0 0.0 1

1748484268
0.0 0.0 0.0 157

1748484269
0.0 0.0 0.0 3

1748484270
0.0 0.0 0.0 0

1748484271
0.0 0.0 0.0 19

1748484272
0.0 0.0 0.0 1

1748484273
0.0 0.0 0.0 69

1748484274
0.0 0.0 0.0 1

1748484276
0.0 0.0 0.0 7

1748484277
0.0 0.0 0.0 6

1748484278
0.0 0.0 0.0 4

1748484279
0.0 0.0 0.0 0

1748484280
0.0 0.0 0.0 79

1748484281
0.0 0.0 0.0 48

1748484282
0.0 0.0 0.0 270

1748484283
0.0 0.0 0.0 1

1748484284
0.0 0.0 0.0 118

1748484285
0.0 0.0 0.0 0

1748484286
0.0 0.0 0.0 221

1748484287
0.0 0.0 0.0 445

1748484288
0.0 0.0 0.0 0

1748484289
0.0 0.0 0.0 0

1748484290
0.0 0.0 0.0 0

1748484291
0.0 0.0 0.0 78

1748484292
0.0 0.0 0.0 141

1748484293
0.0 0.0 0.0 23

1748484294
0.0 0.0 0.0 253

1748484295
0.0 0.0 0.0 0

1748484296
0.0 0.0 0.0 0

1748484297
0.0 0.0 0.0 0

1748484298
0.0 0.0 0.0 356

1748484299
0.0 0.0 0.0 0

1748484300
0.0 0.0 0.0 0

1748484301
0.0 0.0 0.0 0

1748484302
0.0 0.0 0.0 179

1748484303
0.0 0.0 0.0 336

1748484304
0.0 0.0 0.0 18

1748484305
0.0 0.0 0.0 0

1748484306
0.0 0.0 0.0 0

1748484307
0.0 0.0 0.0 182

1748484308
0.0 0.0 0.0 0

1748484309
0.0 0.0 0.0 143

1748484310
0.0 0.0 0.0 0

1748484311
0.0 0.0 0.0 0

1748484312
0.0 0.0 0.0 12

1748484313
0.0 0.0 0.0 0

1748484314
0.0 0.0 0.0 150

1748484315
0.0 0.0 0.0 0

1748484316
0.0 0.0 0.0 0

1748484317
0.0 0.0 0.0 0

1748484318
0.0 0.0 0.0 1

1748484319
0.0 0.0 0.0 483

1748484320
0.0 0.0 0.0 145

1748484321
0.0 0.0 0.0 0

1748484322
0.0 0.0 0.0 14

1748484323
0.0 0.0 0.0 22

1748484324
0.0 0.0 0.0 0

1748484325
0.0 0.0 0.0 0

1748484326
0.0 0.0 0.0 0

1748484327
0.0 0.0 0.0 108

1748484328
0.0 0.0 0.0 12

1748484329
0.0 0.0 0.0 75

1748484330
0.0 0.0 0.0 89

1748484331
0.0 0.0 0.0 0

1748484332
0.0 0.0 0.0 0

1748484333
0.0 0.0 0.0 0

1748484334
0.0 0.0 0.0 176

1748484335
0.0 0.0 0.0 501

1748484336
0.0 0.0 0.0 0

1748484337
0.0 0.0 0.0 1

1748484338
0.0 0.0 0.0 0

1748484339
0.0 0.0 0.0 20

1748484340
0.0 0.0 0.0 98

1748484341
0.0 0.0 0.0 2

1748484342
0.0 0.0 0.0 1

1748484343
0.0 0.0 0.0 28

1748484344
0.0 0.0 0.0 232

1748484345
0.0 0.0 0.0 45

1748484346
0.0 0.0 0.0 428

1748484347
0.0 0.0 0.0 0

1748484348
0.0 0.0 0.0 0

1748484349
0.0 0.0 0.0 8

1748484350
0.0 0.0 0.0 0

1748484351
0.0 0.0 0.0 41

1748484352
0.0 0.0 0.0 126

1748484353
0.0 0.0 0.0 0

1748484354
0.0 0.0 0.0 66

1748484355
0.0 0.0 0.0 149

1748484356
0.0 0.0 0.0 16

1748484357
0.0 0.0 0.0 69

1748484358
0.0 0.0 0.0 2

1748484359
0.0 0.0 0.0 90

1748484360
0.0 0.0 0.0 0

1748484361
0.0 0.0 0.0 5

1748484362
0.0 0.0 0.0 0

1748484363
0.0 0.0 0.0 184

1748484364
0.0 0.0 0.0 73

1748484365
0.0 0.0 0.0 260

1748484366
0.0 0.0 0.0 195

1748484367
0.0 0.0 0.0 0

1748484368
0.0 0.0 0.0 21

1748484369
0.0 0.0 0.0 0

1748484370
0.0 0.0 0.0 0

1748484371
0.0 0.0 0.0 3

1748484372
0.0 0.0 0.0 66

1748484373
0.0 0.0 0.0 12

1748484374
0.0 0.0 0.0 0

1748484375
0.0 0.0 0.0 560

1748484376
0.0 0.0 0.0 161

1748484377
0.0 0.0 0.0 76

1748484378
0.0 0.0 0.0 1

1748484379
0.0 0.0 0.0 6

1748484380
0.0 0.0 0.0 102

1748484382
0.0 0.0 0.0 0

1748484383
0.0 0.0 0.0 74

1748484384
0.0 0.0 0.0 31

1748484385
0.0 0.0 0.0 82

1748484386
0.0 0.0 0.0 0

1748484387
0.0 0.0 0.0 1

1748484388
0.0 0.0 0.0 0

1748484389
0.0 0.0 0.0 594

1748484390
0.0 0.0 0.0 62

1748484391
0.0 0.0 0.0 46

1748484393
0.0 0.0 0.0 152

1748484394
0.0 0.0 0.0 119

1748484395
0.0 0.0 0.0 227

1748484396
0.0 0.0 0.0 81

1748484397
0.0 0.0 0.0 57

1748484398
0.0 0.0 0.0 0

1748484399
0.0 0.0 0.0 0

1748484400
0.0 0.0 0.0 151

1748484401
0.0 0.0 0.0 21

1748484402
0.0 0.0 0.0 0

1748484403
0.0 0.0 0.0 0

1748484404
0.0 0.0 0.0 0

1748484405
0.0 0.0 0.0 4

1748484406
0.0 0.0 0.0 0

1748484407
0.0 0.0 0.0 0

1748484408
0.0 0.0 0.0 0

1748484409
0.0 0.0 0.0 0

1748484410
0.0 0.0 0.0 37

1748484411
0.0 0.0 0.0 0

1748484412
0.0 0.0 0.0 0

1748484413
0.0 0.0 0.0 602

1748484414
0.0 0.0 0.0 2

1748484415
0.0 0.0 0.0 216

1748484416
0.0 0.0 0.0 68

1748484417
0.0 0.0 0.0 1

1748484418
0.0 0.0 0.0 0

1748484419
0.0 0.0 0.0 1

1748484420
0.0 0.0 0.0 1

1748484421
0.0 0.0 0.0 0

1748484422
0.0 0.0 0.0 89

1748484423
0.0 0.0 0.0 164

1748484424
0.0 0.0 0.0 252

1748484425
0.0 0.0 0.0 0

1748484426
0.0 0.0 0.0 89

1748484427
0.0 0.0 0.0 179

1748484428
0.0 0.0 0.0 1

1748484429
0.0 0.0 0.0 6

1748484430
0.0 0.0 0.0 0

1748484431
0.0 0.0 0.0 0

1748484432
0.0 0.0 0.0 1

1748484433
0.0 0.0 0.0 0

1748484434
0.0 0.0 0.0 196

1748484435
0.0 0.0 0.0 0

1748484436
0.0 0.0 0.0 0

1748484437
0.0 0.0 0.0 0

1748484438
0.0 0.0 0.0 1

1748484439
0.0 0.0 0.0 201

1748484440
0.0 0.0 0.0 1

1748484441
0.0 0.0 0.0 0

1748484442
0.0 0.0 0.0 108

1748484443
0.0 0.0 0.0 0

1748484444
0.0 0.0 0.0 143

1748484445
0.0 0.0 0.0 92

1748484446
0.0 0.0 0.0 72

1748484447
0.0 0.0 0.0 35

1748484448
0.0 0.0 0.0 0

1748484449
0.0 0.0 0.0 348

1748484450
0.0 0.0 0.0 0

1748484451
0.0 0.0 0.0 1

1748484452
0.0 0.0 0.0 3

1748484453
0.0 0.0 0.0 0

1748484454
0.0 0.0 0.0 25

1748484455
0.0 0.0 0.0 81

1748484456
0.0 0.0 0.0 10

1748484457
0.0 0.0 0.0 1

1748484458
0.0 0.0 0.0 71

1748484459
0.0 0.0 0.0 194

1748484460
0.0 0.0 0.0 0

1748484461
0.0 0.0 0.0 39

1748484462
0.0 0.0 0.0 7

1748484463
0.0 0.0 0.0 0

1748484464
0.0 0.0 0.0 164

1748484465
0.0 0.0 0.0 5

1748484466
0.0 0.0 0.0 0

1748484467
0.0 0.0 0.0 84

1748484468
0.0 0.0 0.0 2

1748484469
0.0 0.0 0.0 209

1748484471
0.0 0.0 0.0 23

1748484472
0.0 0.0 0.0 90

1748484473
0.0 0.0 0.0 76

1748484474
0.0 0.0 0.0 53

1748484475
0.0 0.0 0.0 62

1748484476
0.0 0.0 0.0 0

1748484477
0.0 0.0 0.0 37

1748484478
0.0 0.0 0.0 31

1748484479
0.0 0.0 0.0 0

1748484480
0.0 0.0 0.0 46

1748484482
0.0 0.0 0.0 47

1748484483
0.0 0.0 0.0 120

1748484484
0.0 0.0 0.0 408

1748484485
0.0 0.0 0.0 0

1748484486
0.0 0.0 0.0 0

1748484487
0.0 0.0 0.0 30

1748484488
0.0 0.0 0.0 136

1748484489
0.0 0.0 0.0 247

1748484491
0.0 0.0 0.0 1

1748484492
0.0 0.0 0.0 0

1748484493
0.0 0.0 0.0 48

1748484494
0.0 0.0 0.0 1004

1748484495
0.0 0.0 0.0 0

1748484496
0.0 0.0 0.0 96

1748484497
0.0 0.0 0.0 261

1748484498
0.0 0.0 0.0 205

1748484499
0.0 0.0 0.0 165

1748484500
0.0 0.0 0.0 220

1748484501
0.0 0.0 0.0 0

1748484502
0.0 0.0 0.0 1

1748484503
0.0 0.0 0.0 2

1748484504
0.0 0.0 0.0 98

1748484505
0.0 0.0 0.0 19

1748484506
0.0 0.0 0.0 0

1748484507
0.0 0.0 0.0 72

1748484508
0.0 0.0 0.0 0

1748484509
0.0 0.0 0.0 157

1748484510
0.0 0.0 0.0 1

1748484511
0.0 0.0 0.0 1

1748484512
0.0 0.0 0.0 0

1748484513
0.0 0.0 0.0 1

1748484514
0.0 0.0 0.0 109

1748484515
0.0 0.0 0.0 0

1748484516
0.0 0.0 0.0 0

1748484517
0.0 0.0 0.0 0

1748484518
0.0 0.0 0.0 0

1748484519
0.0 0.0 0.0 87

1748484520
0.0 0.0 0.0 22

1748484521
0.0 0.0 0.0 2

1748484522
0.0 0.0 0.0 0

1748484523
0.0 0.0 0.0 0

1748484524
0.0 0.0 0.0 201

1748484525
0.0 0.0 0.0 0

1748484526
0.0 0.0 0.0 42

1748484527
0.0 0.0 0.0 1

1748484528
0.0 0.0 0.0 13

1748484529
0.0 0.0 0.0 190

1748484530
0.0 0.0 0.0 0

1748484531
0.0 0.0 0.0 124

1748484532
0.0 0.0 0.0 3

1748484533
0.0 0.0 0.0 16

1748484534
0.0 0.0 0.0 100

1748484535
0.0 0.0 0.0 7

1748484536
0.0 0.0 0.0 317

1748484537
0.0 0.0 0.0 56

1748484538
0.0 0.0 0.0 0

1748484539
0.0 0.0 0.0 9

1748484540
0.0 0.0 0.0 16

1748484541
0.0 0.0 0.0 45

1748484542
0.0 0.0 0.0 1

1748484543
0.0 0.0 0.0 1198

1748484544
0.0 0.0 0.0 470

1748484545
0.0 0.0 0.0 2

1748484546
0.0 0.0 0.0 2

1748484547
0.0 0.0 0.0 4

1748484548
0.0 0.0 0.0 1

1748484549
0.0 0.0 0.0 212

1748484550
0.0 0.0 0.0 0

1748484551
0.0 0.0 0.0 438

1748484552
0.0 0.0 0.0 0

1748484553
0.0 0.0 0.0 73

1748484554
0.0 0.0 0.0 137

1748484556
0.0 0.0 0.0 165

1748484557
0.0 0.0 0.0 4

1748484559
0.0 0.0 0.0 1

1748484560
0.0 0.0 0.0 0

1748484561
0.0 0.0 0.0 443

1748484562
0.0 0.0 0.0 212

1748484563
0.0 0.0 0.0 239

1748484564
0.0 0.0 0.0 0

1748484565
0.0 0.0 0.0 0

1748484566
0.0 0.0 0.0 164

1748484567
0.0 0.0 0.0 123

1748484568
0.0 0.0 0.0 124

1748484569
0.0 0.0 0.0 0

1748484570
0.0 0.0 0.0 72

1748484571
0.0 0.0 0.0 0

1748484572
0.0 0.0 0.0 203

1748484573
0.0 0.0 0.0 384

1748484574
0.0 0.0 0.0 0

1748484575
0.0 0.0 0.0 0

1748484576
0.0 0.0 0.0 147

1748484577
0.0 0.0 0.0 231

1748484578
0.0 0.0 0.0 221

1748484579
0.0 0.0 0.0 199

1748484580
0.0 0.0 0.0 0

1748484581
0.0 0.0 0.0 0

1748484582
0.0 0.0 0.0 0

1748484583
0.0 0.0 0.0 209

1748484584
0.0 0.0 0.0 248

1748484585
0.0 0.0 0.0 354

1748484586
0.0 0.0 0.0 0

1748484587
0.0 0.0 0.0 0

1748484588
0.0 0.0 0.0 131

1748484589
0.0 0.0 0.0 0

1748484590
0.0 0.0 0.0 218

1748484591
0.0 0.0 0.0 0

1748484592
0.0 0.0 0.0 192

1748484593
0.0 0.0 0.0 0

1748484594
0.0 0.0 0.0 1

1748484595
0.0 0.0 0.0 49

1748484596
0.0 0.0 0.0 0

1748484597
0.0 0.0 0.0 0

1748484598
0.0 0.0 0.0 0

1748484599
0.0 0.0 0.0 53

1748484600
0.0 0.0 0.0 377

1748484601
0.0 0.0 0.0 0

1748484602
0.0 0.0 0.0 72

1748484603
0.0 0.0 0.0 0

1748484604
0.0 0.0 0.0 0

1748484605
0.0 0.0 0.0 294

1748484606
0.0 0.0 0.0 94

1748484607
0.0 0.0 0.0 99

1748484608
0.0 0.0 0.0 304

1748484609
0.0 0.0 0.0 291

1748484610
0.0 0.0 0.0 338

1748484611
0.0 0.0 0.0 200

1748484612
0.0 0.0 0.0 55

1748484613
0.0 0.0 0.0 168

1748484614
0.0 0.0 0.0 335

1748484615
0.0 0.0 0.0 563

1748484616
0.0 0.0 0.0 884

1748484617
0.0 0.0 0.0 296

1748484618
0.0 0.0 0.0 146

1748484619
0.0 0.0 0.0 328

1748484620
0.0 0.0 0.0 579

1748484621
0.0 0.0 0.0 464

1748484622
0.0 0.0 0.0 202

1748484623
0.0 0.0 0.0 113

1748484624
0.0 0.0 0.0 59

1748484625
0.0 0.0 0.0 26

1748484626
0.0 0.0 0.0 260

1748484627
0.0 0.0 0.0 49

1748484628
0.0 0.0 0.0 153

1748484629
0.0 0.0 0.0 278

1748484630
0.0 0.0 0.0 408

1748484631
0.0 0.0 0.0 406

1748484632
0.0 0.0 0.0 368

1748484633
0.0 0.0 0.0 15

1748484634
0.0 0.0 0.0 25

1748484635
0.0 0.0 0.0 334

1748484636
0.0 0.0 0.0 378

1748484637
0.0 0.0 0.0 803

1748484638
0.0 0.0 0.0 237

1748484639
0.0 0.0 0.0 62

1748484640
0.0 0.0 0.0 26

1748484641
0.0 0.0 0.0 384

1748484642
0.0 0.0 0.0 427

1748484643
0.0 0.0 0.0 419

1748484644
0.0 0.0 0.0 537

1748484645
0.0 0.0 0.0 395

1748484646
0.0 0.0 0.0 546

1748484647
0.0 0.0 0.0 588

1748484648
0.0 0.0 0.0 276

1748484649
0.0 0.0 0.0 452

1748484650
0.0 0.0 0.0 770

1748484651
0.0 0.0 0.0 886

1748484652
0.0 0.0 0.0 898

1748484653
0.0 0.0 0.0 408

1748484654
0.0 0.0 0.0 625

1748484655
0.0 0.0 0.0 184

1748484656
0.0 0.0 0.0 185

1748484657
0.0 0.0 0.0 522

1748484658
0.0 0.0 0.0 482

1748484659
0.0 0.0 0.0 497

1748484660
0.0 0.0 0.0 321

1748484661
0.0 0.0 0.0 309

1748484662
0.0 0.0 0.0 308

1748484663
0.0 0.0 0.0 770

1748484664
0.0 0.0 0.0 438

1748484665
0.0 0.0 0.0 465

1748484666
0.0 0.0 0.0 306

1748484667
0.0 0.0 0.0 416

1748484668
0.0 0.0 0.0 82

1748484669
0.0 0.0 0.0 225

1748484670
0.0 0.0 0.0 484

1748484671
0.0 0.0 0.0 295

1748484672
0.0 0.0 0.0 292

1748484673
0.0 0.0 0.0 322

1748484674
0.0 0.0 0.0 527

1748484675
0.0 0.0 0.0 618

1748484676
0.0 0.0 0.0 159

1748484677
0.0 0.0 0.0 443

1748484678
0.0 0.0 0.0 356

1748484679
0.0 0.0 0.0 294

1748484680
0.0 0.0 0.0 146

1748484681
0.0 0.0 0.0 404

1748484682
0.0 0.0 0.0 299

1748484683
0.0 0.0 0.0 288

1748484684
0.0 0.0 0.0 849

1748484685
0.0 0.0 0.0 685

1748484686
0.0 0.0 0.0 405

1748484687
0.0 0.0 0.0 547

1748484688
0.0 0.0 0.0 607

1748484689
0.0 0.0 0.0 905

1748484690
0.0 0.0 0.0 764

1748484692
0.0 0.0 0.0 1

1748484693
0.0 0.0 0.0 0

1748484694
0.0 0.0 0.0 10

1748484695
0.0 0.0 0.0 34

1748484696
0.0 0.0 0.0 591

1748484697
0.0 0.0 0.0 0

1748484698
0.0 0.0 0.0 0

1748484699
0.0 0.0 0.0 0

1748484700
0.0 0.0 0.0 87

1748484701
0.0 0.0 0.0 15

1748484702
0.0 0.0 0.0 0

1748484703
0.0 0.0 0.0 0

1748484704
0.0 0.0 0.0 0

1748484705
0.0 0.0 0.0 91

1748484706
0.0 0.0 0.0 325

1748484707
0.0 0.0 0.0 3

1748484708
0.0 0.0 0.0 381

1748484709
0.0 0.0 0.0 0

1748484710
0.0 0.0 0.0 0

1748484711
0.0 0.0 0.0 1064

1748484712
0.0 0.0 0.0 138

1748484713
0.0 0.0 0.0 0

1748484714
0.0 0.0 0.0 0

1748484715
0.0 0.0 0.0 0

1748484716
0.0 0.0 0.0 0

1748484717
0.0 0.0 0.0 245

1748484718
0.0 0.0 0.0 0

1748484719
0.0 0.0 0.0 0

1748484720
0.0 0.0 0.0 0

1748484721
0.0 0.0 0.0 0

1748484722
0.0 0.0 0.0 358

1748484723
0.0 0.0 0.0 149

1748484724
0.0 0.0 0.0 71

1748484726
0.0 0.0 0.0 130

1748484727
0.0 0.0 0.0 103

1748484728
0.0 0.0 0.0 0

1748484729
0.0 0.0 0.0 2

1748484730
0.0 0.0 0.0 0

1748484731
0.0 0.0 0.0 229

1748484732
0.0 0.0 0.0 0

1748484733
0.0 0.0 0.0 0

1748484734
0.0 0.0 0.0 0

1748484735
0.0 0.0 0.0 0

1748484736
0.0 0.0 0.0 55

1748484737
0.0 0.0 0.0 0

1748484738
0.0 0.0 0.0 0

1748484739
0.0 0.0 0.0 0

1748484740
0.0 0.0 0.0 0

1748484741
0.0 0.0 0.0 146

1748484742
0.0 0.0 0.0 0

1748484743
0.0 0.0 0.0 180

1748484744
0.0 0.0 0.0 205

1748484745
0.0 0.0 0.0 7

1748484746
0.0 0.0 0.0 0

1748484747
0.0 0.0 0.0 146

1748484748
0.0 0.0 0.0 16

1748484749
0.0 0.0 0.0 25

1748484750
0.0 0.0 0.0 27

1748484751
0.0 0.0 0.0 0

1748484752
0.0 0.0 0.0 62

1748484753
0.0 0.0 0.0 102

1748484754
0.0 0.0 0.0 0

1748484755
0.0 0.0 0.0 0

1748484756
0.0 0.0 0.0 32

1748484757
0.0 0.0 0.0 0

1748484758
0.0 0.0 0.0 97

1748484759
0.0 0.0 0.0 0

1748484760
0.0 0.0 0.0 0

1748484761
0.0 0.0 0.0 0

1748484762
0.0 0.0 0.0 0

1748484763
0.0 0.0 0.0 56

1748484764
0.0 0.0 0.0 0

1748484765
0.0 0.0 0.0 0

1748484766
0.0 0.0 0.0 0

1748484767
0.0 0.0 0.0 0

1748484768
0.0 0.0 0.0 290

1748484769
0.0 0.0 0.0 0

1748484770
0.0 0.0 0.0 0

1748484771
0.0 0.0 0.0 0

1748484772
0.0 0.0 0.0 0

1748484773
0.0 0.0 0.0 167

1748484774
0.0 0.0 0.0 142

1748484775
0.0 0.0 0.0 0

1748484776
0.0 0.0 0.0 0

1748484777
0.0 0.0 0.0 0

1748484778
0.0 0.0 0.0 383

1748484779
0.0 0.0 0.0 123

1748484781
0.0 0.0 0.0 13

1748484782
0.0 0.0 0.0 137

1748484783
0.0 0.0 0.0 146

1748484784
0.0 0.0 0.0 6

1748484785
0.0 0.0 0.0 0

1748484786
0.0 0.0 0.0 0

1748484787
0.0 0.0 0.0 229

1748484788
0.0 0.0 0.0 324

1748484789
0.0 0.0 0.0 65

1748484790
0.0 0.0 0.0 147

1748484791
0.0 0.0 0.0 0

1748484792
0.0 0.0 0.0 1

1748484793
0.0 0.0 0.0 3

1748484794
0.0 0.0 0.0 622

1748484795
0.0 0.0 0.0 56

1748484796
0.0 0.0 0.0 0

1748484797
0.0 0.0 0.0 0

1748484798
0.0 0.0 0.0 0

1748484799
0.0 0.0 0.0 46

1748484800
0.0 0.0 0.0 405

1748484801
0.0 0.0 0.0 0

1748484802
0.0 0.0 0.0 0

1748484803
0.0 0.0 0.0 6

1748484804
0.0 0.0 0.0 233

1748484805
0.0 0.0 0.0 55

1748484806
0.0 0.0 0.0 253

1748484807
0.0 0.0 0.0 116

1748484808
0.0 0.0 0.0 0

1748484809
0.0 0.0 0.0 664

1748484810
0.0 0.0 0.0 505

1748484811
0.0 0.0 0.0 283

1748484812
0.0 0.0 0.0 3

1748484813
0.0 0.0 0.0 109

1748484814
0.0 0.0 0.0 653

1748484815
0.0 0.0 0.0 6

1748484816
0.0 0.0 0.0 1

1748484817
0.0 0.0 0.0 20

1748484818
0.0 0.0 0.0 273

1748484819
0.0 0.0 0.0 2

1748484820
0.0 0.0 0.0 0

1748484821
0.0 0.0 0.0 0

1748484822
0.0 0.0 0.0 5

1748484823
0.0 0.0 0.0 128

1748484824
0.0 0.0 0.0 0

1748484825
0.0 0.0 0.0 0

1748484826
0.0 0.0 0.0 21

1748484827
0.0 0.0 0.0 0

1748484828
0.0 0.0 0.0 46

1748484829
0.0 0.0 0.0 40

1748484830
0.0 0.0 0.0 109

1748484831
0.0 0.0 0.0 0

1748484832
0.0 0.0 0.0 1

1748484833
0.0 0.0 0.0 5

1748484834
0.0 0.0 0.0 3

1748484835
0.0 0.0 0.0 194

1748484836
0.0 0.0 0.0 0

1748484837
0.0 0.0 0.0 10

1748484838
0.0 0.0 0.0 17

1748484839
0.0 0.0 0.0 0

1748484840
0.0 0.0 0.0 7

1748484841
0.0 0.0 0.0 0

1748484842
0.0 0.0 0.0 31

1748484843
0.0 0.0 0.0 1567

1748484844
0.0 0.0 0.0 81

1748484845
0.0 0.0 0.0 71

1748484846
0.0 0.0 0.0 0

1748484847
0.0 0.0 0.0 1

1748484848
0.0 0.0 0.0 117

1748484849
0.0 0.0 0.0 0

1748484850
0.0 0.0 0.0 39

1748484851
0.0 0.0 0.0 0

1748484852
0.0 0.0 0.0 4

1748484853
0.0 0.0 0.0 139

1748484854
0.0 0.0 0.0 0

1748484855
0.0 0.0 0.0 86

1748484856
0.0 0.0 0.0 0

1748484857
0.0 0.0 0.0 0

1748484858
0.0 0.0 0.0 443

1748484859
0.0 0.0 0.0 0

1748484860
0.0 0.0 0.0 5

1748484861
0.0 0.0 0.0 93

1748484862
0.0 0.0 0.0 3

1748484863
0.0 0.0 0.0 334

1748484864
0.0 0.0 0.0 425

1748484865
0.0 0.0 0.0 0

1748484866
0.0 0.0 0.0 60

1748484867
0.0 0.0 0.0 0

1748484868
0.0 0.0 0.0 207

1748484869
0.0 0.0 0.0 50

1748484870
0.0 0.0 0.0 0

1748484871
0.0 0.0 0.0 8

1748484872
0.0 0.0 0.0 0

1748484873
0.0 0.0 0.0 0

1748484874
0.0 0.0 0.0 8

1748484875
0.0 0.0 0.0 0

1748484876
0.0 0.0 0.0 111

1748484877
0.0 0.0 0.0 4

1748484878
0.0 0.0 0.0 0

1748484879
0.0 0.0 0.0 11

1748484880
0.0 0.0 0.0 0

1748484881
0.0 0.0 0.0 110

1748484882
0.0 0.0 0.0 0

1748484883
0.0 0.0 0.0 138

1748484884
0.0 0.0 0.0 27

1748484885
0.0 0.0 0.0 0

1748484886
0.0 0.0 0.0 32

1748484887
0.0 0.0 0.0 0

1748484888
0.0 0.0 0.0 6

1748484889
0.0 0.0 0.0 0

1748484890
0.0 0.0 0.0 0

1748484891
0.0 0.0 0.0 84

1748484892
0.0 0.0 0.0 0

1748484893
0.0 0.0 0.0 17

1748484894
0.0 0.0 0.0 0

1748484895
0.0 0.0 0.0 0

1748484896
0.0 0.0 0.0 80

1748484897
0.0 0.0 0.0 0

1748484898
0.0 0.0 0.0 51

1748484899
0.0 0.0 0.0 13

1748484900
0.0 0.0 0.0 0

1748484901
0.0 0.0 0.0 0

1748484902
0.0 0.0 0.0 416

1748484903
0.0 0.0 0.0 200

1748484904
0.0 0.0 0.0 128

1748484905
0.0 0.0 0.0 0

1748484906
0.0 0.0 0.0 0

1748484907
0.0 0.0 0.0 110

1748484908
0.0 0.0 0.0 0

1748484909
0.0 0.0 0.0 74

1748484910
0.0 0.0 0.0 0

1748484911
0.0 0.0 0.0 85

1748484912
0.0 0.0 0.0 274

1748484913
0.0 0.0 0.0 164

1748484914
0.0 0.0 0.0 0

1748484915
0.0 0.0 0.0 343

1748484916
0.0 0.0 0.0 210

1748484917
0.0 0.0 0.0 35

1748484918
0.0 0.0 0.0 0

1748484919
0.0 0.0 0.0 127

1748484920
0.0 0.0 0.0 0

1748484921
0.0 0.0 0.0 1060

1748484922
0.0 0.0 0.0 138

1748484923
0.0 0.0 0.0 173

1748484924
0.0 0.0 0.0 63

1748484925
0.0 0.0 0.0 122

1748484926
0.0 0.0 0.0 26

1748484927
0.0 0.0 0.0 372

1748484928
0.0 0.0 0.0 391

1748484929
0.0 0.0 0.0 0

1748484930
0.0 0.0 0.0 135

1748484931
0.0 0.0 0.0 0

1748484932
0.0 0.0 0.0 19

1748484933
0.0 0.0 0.0 42

1748484934
0.0 0.0 0.0 0

1748484935
0.0 0.0 0.0 0

1748484936
0.0 0.0 0.0 178

1748484937
0.0 0.0 0.0 455

1748484938
0.0 0.0 0.0 0

1748484939
0.0 0.0 0.0 330

1748484940
0.0 0.0 0.0 0

1748484941
0.0 0.0 0.0 47

1748484942
0.0 0.0 0.0 164

1748484943
0.0 0.0 0.0 213

1748484944
0.0 0.0 0.0 0

1748484945
0.0 0.0 0.0 0

1748484946
0.0 0.0 0.0 0

1748484947
0.0 0.0 0.0 86

1748484948
0.0 0.0 0.0 25

1748484949
0.0 0.0 0.0 9

1748484950
0.0 0.0 0.0 145

1748484951
0.0 0.0 0.0 6

1748484952
0.0 0.0 0.0 279

1748484953
0.0 0.0 0.0 73

1748484954
0.0 0.0 0.0 0

1748484955
0.0 0.0 0.0 10

1748484956
0.0 0.0 0.0 24

1748484957
0.0 0.0 0.0 406

1748484958
0.0 0.0 0.0 25

1748484959
0.0 0.0 0.0 0

1748484960
0.0 0.0 0.0 330

1748484961
0.0 0.0 0.0 0

1748484962
0.0 0.0 0.0 20

1748484963
0.0 0.0 0.0 501

1748484964
0.0 0.0 0.0 6

1748484965
0.0 0.0 0.0 0

1748484966
0.0 0.0 0.0 227

1748484967
0.0 0.0 0.0 251

1748484968
0.0 0.0 0.0 76

1748484969
0.0 0.0 0.0 0

1748484970
0.0 0.0 0.0 326

1748484971
0.0 0.0 0.0 212

1748484972
0.0 0.0 0.0 303

1748484973
0.0 0.0 0.0 223

1748484974
0.0 0.0 0.0 83

1748484975
0.0 0.0 0.0 239

1748484976
0.0 0.0 0.0 203

1748484977
0.0 0.0 0.0 607

1748484978
0.0 0.0 0.0 1244

1748484979
0.0 0.0 0.0 39

1748484980
0.0 0.0 0.0 77

1748484981
0.0 0.0 0.0 0

1748484982
0.0 0.0 0.0 0

1748484983
0.0 0.0 0.0 0

1748484984
0.0 0.0 0.0 1

1748484985
0.0 0.0 0.0 130

1748484986
0.0 0.0 0.0 288

1748484987
0.0 0.0 0.0 396

1748484988
0.0 0.0 0.0 2

1748484989
0.0 0.0 0.0 5

1748484990
0.0 0.0 0.0 5

1748484991
0.0 0.0 0.0 97

1748484992
0.0 0.0 0.0 64

1748484993
0.0 0.0 0.0 0

1748484994
0.0 0.0 0.0 0

1748484995
0.0 0.0 0.0 0

1748484996
0.0 0.0 0.0 130

1748484997
0.0 0.0 0.0 0

1748484998
0.0 0.0 0.0 0

1748484999
0.0 0.0 0.0 17

1748485000
0.0 0.0 0.0 95

1748485001
0.0 0.0 0.0 53

1748485002
0.0 0.0 0.0 56

1748485003
0.0 0.0 0.0 0

1748485004
0.0 0.0 0.0 0

1748485005
0.0 0.0 0.0 14

1748485006
0.0 0.0 0.0 32

1748485007
0.0 0.0 0.0 0

1748485008
0.0 0.0 0.0 0

1748485009
0.0 0.0 0.0 0

1748485010
0.0 0.0 0.0 13

1748485011
0.0 0.0 0.0 0

1748485012
0.0 0.0 0.0 0

1748485013
0.0 0.0 0.0 0

1748485014
0.0 0.0 0.0 0

1748485015
0.0 0.0 0.0 11

1748485016
0.0 0.0 0.0 0

1748485017
0.0 0.0 0.0 0

1748485018
0.0 0.0 0.0 0

1748485019
0.0 0.0 0.0 1

1748485020
0.0 0.0 0.0 162

1748485021
0.0 0.0 0.0 66

1748485022
0.0 0.0 0.0 129

1748485023
0.0 0.0 0.0 0

1748485024
0.0 0.0 0.0 0

1748485025
0.0 0.0 0.0 5

1748485026
0.0 0.0 0.0 4

1748485027
0.0 0.0 0.0 0

1748485028
0.0 0.0 0.0 0

1748485029
0.0 0.0 0.0 0

1748485030
0.0 0.0 0.0 537

1748485031
0.0 0.0 0.0 1413

1748485032
0.0 0.0 0.0 2514

1748485033
0.0 0.0 0.0 2140

1748485034
0.0 0.0 0.0 2305

1748485035
0.0 0.0 0.0 1048

1748485036
0.0 0.0 0.0 1218

1748485037
0.0 0.0 0.0 1072

1748485038
0.0 0.0 0.0 2218

1748485039
0.0 0.0 0.0 1279

1748485040
0.0 0.0 0.0 2234

1748485041
0.0 0.0 0.0 840

1748485042
0.0 0.0 0.0 112

1748485043
0.0 0.0 0.0 0

1748485044
0.0 0.0 0.0 0

1748485045
0.0 0.0 0.0 0

1748485046
0.0 0.0 0.0 0

1748485047
0.0 0.0 0.0 117

1748485048
0.0 0.0 0.0 51

1748485049
0.0 0.0 0.0 0

1748485050
0.0 0.0 0.0 0

1748485051
0.0 0.0 0.0 0

1748485052
0.0 0.0 0.0 0

1748485053
0.0 0.0 0.0 134

1748485054
0.0 0.0 0.0 0

1748485055
0.0 0.0 0.0 497

1748485056
0.0 0.0 0.0 0

1748485057
0.0 0.0 0.0 0

1748485058
0.0 0.0 0.0 309

1748485059
0.0 0.0 0.0 0

1748485060
0.0 0.0 0.0 0

1748485061
0.0 0.0 0.0 0

1748485062
0.0 0.0 0.0 186

1748485063
0.0 0.0 0.0 142

1748485064
0.0 0.0 0.0 0

1748485065
0.0 0.0 0.0 0

1748485066
0.0 0.0 0.0 0

1748485067
0.0 0.0 0.0 0

1748485068
0.0 0.0 0.0 395

1748485069
0.0 0.0 0.0 0

1748485070
0.0 0.0 0.0 0

1748485071
0.0 0.0 0.0 0

1748485072
0.0 0.0 0.0 0

1748485073
0.0 0.0 0.0 7

1748485074
0.0 0.0 0.0 0

1748485075
0.0 0.0 0.0 0

1748485076
0.0 0.0 0.0 0

1748485077
0.0 0.0 0.0 0

1748485078
0.0 0.0 0.0 31

1748485079
0.0 0.0 0.0 0

1748485080
0.0 0.0 0.0 0

1748485081
0.0 0.0 0.0 0

1748485082
0.0 0.0 0.0 10

1748485083
0.0 0.0 0.0 160

1748485084
0.0 0.0 0.0 0

1748485085
0.0 0.0 0.0 0

1748485086
0.0 0.0 0.0 0

1748485087
0.0 0.0 0.0 33

1748485088
0.0 0.0 0.0 764

1748485089
0.0 0.0 0.0 537

1748485090
0.0 0.0 0.0 700

1748485091
0.0 0.0 0.0 800

1748485092
0.0 0.0 0.0 862

1748485093
0.0 0.0 0.0 931

1748485094
0.0 0.0 0.0 1006

1748485095
0.0 0.0 0.0 1121

1748485096
0.0 0.0 0.0 3208

1748485097
0.0 0.0 0.0 456

1748485098
0.0 0.0 0.0 488

1748485099
0.0 0.0 0.0 787

1748485100
0.0 0.0 0.0 727

1748485101
0.0 0.0 0.0 17

1748485102
0.0 0.0 0.0 0

1748485103
0.0 0.0 0.0 0

1748485104
0.0 0.0 0.0 17

1748485105
0.0 0.0 0.0 0

1748485106
0.0 0.0 0.0 0

1748485107
0.0 0.0 0.0 0

1748485108
0.0 0.0 0.0 0

1748485109
0.0 0.0 0.0 170

1748485110
0.0 0.0 0.0 0

1748485111
0.0 0.0 0.0 0

1748485112
0.0 0.0 0.0 0

1748485113
0.0 0.0 0.0 0

1748485114
0.0 0.0 0.0 162

1748485115
0.0 0.0 0.0 6

1748485116
0.0 0.0 0.0 0

1748485117
0.0 0.0 0.0 0

1748485118
0.0 0.0 0.0 93

1748485119
0.0 0.0 0.0 121

1748485120
0.0 0.0 0.0 0

1748485121
0.0 0.0 0.0 0

1748485122
0.0 0.0 0.0 25

1748485123
0.0 0.0 0.0 77

1748485124
0.0 0.0 0.0 0

1748485125
0.0 0.0 0.0 0

1748485126
0.0 0.0 0.0 0

1748485127
0.0 0.0 0.0 45

1748485128
0.0 0.0 0.0 381

1748485129
0.0 0.0 0.0 11

1748485130
0.0 0.0 0.0 0

1748485131
0.0 0.0 0.0 0

1748485132
0.0 0.0 0.0 0

1748485133
0.0 0.0 0.0 6

1748485134
0.0 0.0 0.0 0

1748485135
0.0 0.0 0.0 0

1748485136
0.0 0.0 0.0 0

1748485137
0.0 0.0 0.0 0

1748485138
0.0 0.0 0.0 88

1748485139
0.0 0.0 0.0 0

1748485140
0.0 0.0 0.0 70

1748485141
0.0 0.0 0.0 76

1748485142
0.0 0.0 0.0 80

1748485143
0.0 0.0 0.0 34

1748485144
0.0 0.0 0.0 0

1748485145
0.0 0.0 0.0 0

1748485146
0.0 0.0 0.0 0

1748485147
0.0 0.0 0.0 0

1748485148
0.0 0.0 0.0 142

1748485149
0.0 0.0 0.0 0

1748485150
0.0 0.0 0.0 0

1748485151
0.0 0.0 0.0 0

1748485152
0.0 0.0 0.0 227

1748485153
0.0 0.0 0.0 225

1748485154
0.0 0.0 0.0 219

1748485155
0.0 0.0 0.0 0

1748485156
0.0 0.0 0.0 125

1748485157
0.0 0.0 0.0 121

1748485158
0.0 0.0 0.0 0

1748485159
0.0 0.0 0.0 6

1748485161
0.0 0.0 0.0 15

1748485162
0.0 0.0 0.0 22

1748485163
0.0 0.0 0.0 170

1748485164
0.0 0.0 0.0 4

1748485165
0.0 0.0 0.0 0

1748485166
0.0 0.0 0.0 0

1748485167
0.0 0.0 0.0 0

1748485168
0.0 0.0 0.0 0

1748485169
0.0 0.0 0.0 31

1748485170
0.0 0.0 0.0 134

1748485171
0.0 0.0 0.0 0

1748485172
0.0 0.0 0.0 0

1748485173
0.0 0.0 0.0 0

1748485174
0.0 0.0 0.0 56

1748485175
0.0 0.0 0.0 173

1748485176
0.0 0.0 0.0 80

1748485177
0.0 0.0 0.0 99

1748485178
0.0 0.0 0.0 0

1748485179
0.0 0.0 0.0 0

1748485180
0.0 0.0 0.0 0

1748485181
0.0 0.0 0.0 114

1748485182
0.0 0.0 0.0 101

1748485183
0.0 0.0 0.0 0

1748485184
0.0 0.0 0.0 0

1748485185
0.0 0.0 0.0 0

1748485186
0.0 0.0 0.0 8

1748485187
0.0 0.0 0.0 36

1748485188
0.0 0.0 0.0 0

1748485189
0.0 0.0 0.0 0

1748485190
0.0 0.0 0.0 0

1748485191
0.0 0.0 0.0 19

1748485192
0.0 0.0 0.0 20

1748485193
0.0 0.0 0.0 0

1748485194
0.0 0.0 0.0 0

1748485195
0.0 0.0 0.0 0

1748485196
0.0 0.0 0.0 57

1748485197
0.0 0.0 0.0 59

1748485198
0.0 0.0 0.0 0

1748485199
0.0 0.0 0.0 39

1748485200
0.0 0.0 0.0 433

1748485201
0.0 0.0 0.0 346

1748485202
0.0 0.0 0.0 383

1748485203
0.0 0.0 0.0 1054

1748485204
0.0 0.0 0.0 1157

1748485205
0.0 0.0 0.0 1100

1748485206
0.0 0.0 0.0 1210

1748485207
0.0 0.0 0.0 1940

1748485208
0.0 0.0 0.0 2116

1748485209
0.0 0.0 0.0 2203

1748485210
0.0 0.0 0.0 1895

1748485211
0.0 0.0 0.0 1155

1748485212
0.0 0.0 0.0 2721

1748485213
0.0 0.0 0.0 1744

1748485214
0.0 0.0 0.0 3087

1748485215
0.0 0.0 0.0 1560

1748485216
0.0 0.0 0.0 2028

1748485217
0.0 0.0 0.0 18

1748485218
0.0 0.0 0.0 0

1748485219
0.0 0.0 0.0 0

1748485220
0.0 0.0 0.0 0

1748485221
0.0 0.0 0.0 0

1748485222
0.0 0.0 0.0 10

1748485223
0.0 0.0 0.0 15

1748485224
0.0 0.0 0.0 0

1748485225
0.0 0.0 0.0 0

1748485226
0.0 0.0 0.0 0

1748485227
0.0 0.0 0.0 150

1748485228
0.0 0.0 0.0 224

1748485229
0.0 0.0 0.0 0

1748485230
0.0 0.0 0.0 0

1748485231
0.0 0.0 0.0 0

1748485232
0.0 0.0 0.0 132

1748485233
0.0 0.0 0.0 125

1748485234
0.0 0.0 0.0 0

1748485235
0.0 0.0 0.0 0

1748485236
0.0 0.0 0.0 0

1748485237
0.0 0.0 0.0 73

1748485238
0.0 0.0 0.0 264

1748485239
0.0 0.0 0.0 0

1748485240
0.0 0.0 0.0 0

1748485241
0.0 0.0 0.0 0

1748485242
0.0 0.0 0.0 62

1748485243
0.0 0.0 0.0 62

1748485244
0.0 0.0 0.0 2

1748485245
0.0 0.0 0.0 0

1748485246
0.0 0.0 0.0 0

1748485247
0.0 0.0 0.0 80

1748485248
0.0 0.0 0.0 6

1748485249
0.0 0.0 0.0 0

1748485250
0.0 0.0 0.0 54

1748485251
0.0 0.0 0.0 238

1748485252
0.0 0.0 0.0 378

1748485253
0.0 0.0 0.0 193

1748485254
0.0 0.0 0.0 343

1748485255
0.0 0.0 0.0 1699

1748485256
0.0 0.0 0.0 1795

1748485257
0.0 0.0 0.0 2219

1748485258
0.0 0.0 0.0 1850

1748485259
0.0 0.0 0.0 1836

1748485260
0.0 0.0 0.0 907

1748485261
0.0 0.0 0.0 805

1748485262
0.0 0.0 0.0 893

1748485263
0.0 0.0 0.0 2245

1748485264
0.0 0.0 0.0 986

1748485265
0.0 0.0 0.0 404

1748485266
0.0 0.0 0.0 483

1748485267
0.0 0.0 0.0 50

1748485268
0.0 0.0 0.0 0

1748485269
0.0 0.0 0.0 0

1748485270
0.0 0.0 0.0 0

1748485271
0.0 0.0 0.0 0

1748485272
0.0 0.0 0.0 214

1748485273
0.0 0.0 0.0 0

1748485274
0.0 0.0 0.0 1

1748485275
0.0 0.0 0.0 0

1748485276
0.0 0.0 0.0 87

1748485277
0.0 0.0 0.0 218

1748485278
0.0 0.0 0.0 0

1748485279
0.0 0.0 0.0 19

1748485280
0.0 0.0 0.0 0

1748485281
0.0 0.0 0.0 0

1748485282
0.0 0.0 0.0 293

1748485283
0.0 0.0 0.0 0

1748485284
0.0 0.0 0.0 0

1748485285
0.0 0.0 0.0 0

1748485286
0.0 0.0 0.0 0

1748485287
0.0 0.0 0.0 11

1748485288
0.0 0.0 0.0 278

1748485289
0.0 0.0 0.0 1

1748485290
0.0 0.0 0.0 0

1748485291
0.0 0.0 0.0 0

1748485292
0.0 0.0 0.0 171

1748485293
0.0 0.0 0.0 93

1748485294
0.0 0.0 0.0 0

1748485295
0.0 0.0 0.0 150

1748485296
0.0 0.0 0.0 0

1748485297
0.0 0.0 0.0 142

1748485298
0.0 0.0 0.0 206

1748485299
0.0 0.0 0.0 0

1748485300
0.0 0.0 0.0 8

1748485301
0.0 0.0 0.0 0

1748485302
0.0 0.0 0.0 0

1748485303
0.0 0.0 0.0 135

1748485304
0.0 0.0 0.0 8

1748485305
0.0 0.0 0.0 143

1748485306
0.0 0.0 0.0 0

1748485307
0.0 0.0 0.0 90

1748485308
0.0 0.0 0.0 0

1748485309
0.0 0.0 0.0 75

1748485310
0.0 0.0 0.0 138

1748485311
0.0 0.0 0.0 0

1748485312
0.0 0.0 0.0 0

1748485313
0.0 0.0 0.0 0

1748485314
0.0 0.0 0.0 85

1748485315
0.0 0.0 0.0 203

1748485316
0.0 0.0 0.0 0

1748485317
0.0 0.0 0.0 0

1748485318
0.0 0.0 0.0 0

1748485319
0.0 0.0 0.0 163

1748485320
0.0 0.0 0.0 144

1748485321
0.0 0.0 0.0 0

1748485322
0.0 0.0 0.0 71

1748485323
0.0 0.0 0.0 0

1748485324
0.0 0.0 0.0 82

1748485325
0.0 0.0 0.0 211

1748485326
0.0 0.0 0.0 0

1748485327
0.0 0.0 0.0 0

1748485328
0.0 0.0 0.0 0

1748485329
0.0 0.0 0.0 0

1748485330
0.0 0.0 0.0 579

1748485331
0.0 0.0 0.0 0

1748485332
0.0 0.0 0.0 0

1748485333
0.0 0.0 0.0 0

1748485334
0.0 0.0 0.0 0

1748485335
0.0 0.0 0.0 198

1748485336
0.0 0.0 0.0 0

1748485337
0.0 0.0 0.0 0

1748485338
0.0 0.0 0.0 0

1748485339
0.0 0.0 0.0 0

1748485340
0.0 0.0 0.0 219

1748485341
0.0 0.0 0.0 171

1748485342
0.0 0.0 0.0 0

1748485343
0.0 0.0 0.0 0

1748485344
0.0 0.0 0.0 0

1748485345
0.0 0.0 0.0 165

1748485346
0.0 0.0 0.0 91

1748485347
0.0 0.0 0.0 395

1748485348
0.0 0.0 0.0 0

1748485349
0.0 0.0 0.0 0

1748485350
0.0 0.0 0.0 144

1748485351
0.0 0.0 0.0 0

1748485352
0.0 0.0 0.0 202

1748485353
0.0 0.0 0.0 107

1748485354
0.0 0.0 0.0 201

1748485355
0.0 0.0 0.0 0

1748485356
0.0 0.0 0.0 0

1748485357
0.0 0.0 0.0 0

1748485358
0.0 0.0 0.0 247

1748485359
0.0 0.0 0.0 182

1748485360
0.0 0.0 0.0 0

1748485361
0.0 0.0 0.0 0

1748485362
0.0 0.0 0.0 0

1748485363
0.0 0.0 0.0 119

1748485364
0.0 0.0 0.0 166

1748485365
0.0 0.0 0.0 10

1748485366
0.0 0.0 0.0 212

1748485367
0.0 0.0 0.0 0

1748485368
0.0 0.0 0.0 179

1748485369
0.0 0.0 0.0 0

1748485370
0.0 0.0 0.0 331

1748485371
0.0 0.0 0.0 80

1748485372
0.0 0.0 0.0 0

1748485373
0.0 0.0 0.0 306

1748485374
0.0 0.0 0.0 0

1748485375
0.0 0.0 0.0 3

1748485376
0.0 0.0 0.0 0

1748485377
0.0 0.0 0.0 0

1748485378
0.0 0.0 0.0 426

1748485379
0.0 0.0 0.0 0

1748485380
0.0 0.0 0.0 66

1748485381
0.0 0.0 0.0 0

1748485382
0.0 0.0 0.0 42

1748485383
0.0 0.0 0.0 135

1748485384
0.0 0.0 0.0 0

1748485385
0.0 0.0 0.0 7

1748485386
0.0 0.0 0.0 0

1748485387
0.0 0.0 0.0 0

1748485388
0.0 0.0 0.0 45

1748485389
0.0 0.0 0.0 67

1748485390
0.0 0.0 0.0 15

1748485391
0.0 0.0 0.0 0

1748485392
0.0 0.0 0.0 0

1748485393
0.0 0.0 0.0 0

1748485394
0.0 0.0 0.0 222

1748485395
0.0 0.0 0.0 25

1748485396
0.0 0.0 0.0 0

1748485397
0.0 0.0 0.0 0

1748485398
0.0 0.0 0.0 0

1748485399
0.0 0.0 0.0 193

1748485400
0.0 0.0 0.0 73

1748485401
0.0 0.0 0.0 0

1748485402
0.0 0.0 0.0 0

1748485403
0.0 0.0 0.0 0

1748485404
0.0 0.0 0.0 202

1748485405
0.0 0.0 0.0 150

1748485406
0.0 0.0 0.0 0

1748485407
0.0 0.0 0.0 0

1748485408
0.0 0.0 0.0 0

1748485409
0.0 0.0 0.0 296

1748485410
0.0 0.0 0.0 2

1748485411
0.0 0.0 0.0 0

1748485412
0.0 0.0 0.0 0

1748485413
0.0 0.0 0.0 110

1748485414
0.0 0.0 0.0 240

1748485415
0.0 0.0 0.0 146

1748485416
0.0 0.0 0.0 0

1748485417
0.0 0.0 0.0 0

1748485418
0.0 0.0 0.0 142

1748485419
0.0 0.0 0.0 54

1748485420
0.0 0.0 0.0 120

1748485421
0.0 0.0 0.0 0

1748485422
0.0 0.0 0.0 0

1748485423
0.0 0.0 0.0 3

1748485424
0.0 0.0 0.0 1

1748485425
0.0 0.0 0.0 288

1748485426
0.0 0.0 0.0 0

1748485427
0.0 0.0 0.0 0

1748485428
0.0 0.0 0.0 0

1748485429
0.0 0.0 0.0 68

1748485430
0.0 0.0 0.0 141

1748485431
0.0 0.0 0.0 0

1748485432
0.0 0.0 0.0 0

1748485433
0.0 0.0 0.0 0

1748485434
0.0 0.0 0.0 71

1748485435
0.0 0.0 0.0 95

1748485436
0.0 0.0 0.0 0

1748485437
0.0 0.0 0.0 0

1748485438
0.0 0.0 0.0 0

1748485439
0.0 0.0 0.0 12

1748485440
0.0 0.0 0.0 119

1748485441
0.0 0.0 0.0 0

1748485442
0.0 0.0 0.0 12

1748485443
0.0 0.0 0.0 0

1748485444
0.0 0.0 0.0 487

1748485445
0.0 0.0 0.0 359

1748485446
0.0 0.0 0.0 0

1748485447
0.0 0.0 0.0 2

1748485448
0.0 0.0 0.0 0

1748485449
0.0 0.0 0.0 0

1748485450
0.0 0.0 0.0 300

1748485451
0.0 0.0 0.0 0

1748485452
0.0 0.0 0.0 0

1748485453
0.0 0.0 0.0 0

1748485454
0.0 0.0 0.0 0

1748485455
0.0 0.0 0.0 61

1748485456
0.0 0.0 0.0 219

1748485457
0.0 0.0 0.0 0

1748485458
0.0 0.0 0.0 75

1748485459
0.0 0.0 0.0 114

1748485460
0.0 0.0 0.0 0

1748485461
0.0 0.0 0.0 406

1748485462
0.0 0.0 0.0 0

1748485463
0.0 0.0 0.0 0

1748485464
0.0 0.0 0.0 103

1748485465
0.0 0.0 0.0 0

1748485466
0.0 0.0 0.0 70

1748485467
0.0 0.0 0.0 0

1748485468
0.0 0.0 0.0 0

1748485469
0.0 0.0 0.0 118

1748485470
0.0 0.0 0.0 0

1748485471
0.0 0.0 0.0 103

1748485472
0.0 0.0 0.0 190

1748485473
0.0 0.0 0.0 0

1748485474
0.0 0.0 0.0 335

1748485475
0.0 0.0 0.0 0

1748485476
0.0 0.0 0.0 0

1748485477
0.0 0.0 0.0 254

1748485478
0.0 0.0 0.0 0

1748485479
0.0 0.0 0.0 571

1748485480
0.0 0.0 0.0 386

1748485481
0.0 0.0 0.0 207

1748485482
0.0 0.0 0.0 0

1748485483
0.0 0.0 0.0 0

1748485484
0.0 0.0 0.0 0

1748485485
0.0 0.0 0.0 0

1748485486
0.0 0.0 0.0 133

1748485487
0.0 0.0 0.0 0

1748485488
0.0 0.0 0.0 40

1748485489
0.0 0.0 0.0 0

1748485490
0.0 0.0 0.0 0

1748485491
0.0 0.0 0.0 25

1748485492
0.0 0.0 0.0 0

1748485493
0.0 0.0 0.0 212

1748485494
0.0 0.0 0.0 0

1748485495
0.0 0.0 0.0 0

1748485496
0.0 0.0 0.0 80

1748485497
0.0 0.0 0.0 0

1748485498
0.0 0.0 0.0 155

1748485499
0.0 0.0 0.0 0

1748485500
0.0 0.0 0.0 0

1748485501
0.0 0.0 0.0 9

1748485502
0.0 0.0 0.0 13

1748485503
0.0 0.0 0.0 141

1748485504
0.0 0.0 0.0 0

1748485505
0.0 0.0 0.0 0

1748485506
0.0 0.0 0.0 33

1748485507
0.0 0.0 0.0 20

1748485508
0.0 0.0 0.0 90

1748485509
0.0 0.0 0.0 0

1748485510
0.0 0.0 0.0 0

1748485511
0.0 0.0 0.0 618

1748485512
0.0 0.0 0.0 0

1748485513
0.0 0.0 0.0 0

1748485514
0.0 0.0 0.0 81

1748485515
0.0 0.0 0.0 259

1748485517
0.0 0.0 0.0 1023

1748485518
0.0 0.0 0.0 0

1748485519
0.0 0.0 0.0 35

1748485520
0.0 0.0 0.0 0

1748485521
0.0 0.0 0.0 0

1748485522
0.0 0.0 0.0 120

1748485523
0.0 0.0 0.0 226

1748485524
0.0 0.0 0.0 0

1748485525
0.0 0.0 0.0 0

1748485526
0.0 0.0 0.0 6

1748485527
0.0 0.0 0.0 222

1748485528
0.0 0.0 0.0 0

1748485529
0.0 0.0 0.0 449

1748485530
0.0 0.0 0.0 10

1748485531
0.0 0.0 0.0 0

1748485532
0.0 0.0 0.0 364

1748485533
0.0 0.0 0.0 170

1748485535
0.0 0.0 0.0 317

1748485536
0.0 0.0 0.0 46

1748485537
0.0 0.0 0.0 0

1748485538
0.0 0.0 0.0 3

1748485539
0.0 0.0 0.0 0

1748485540
0.0 0.0 0.0 259

1748485541
0.0 0.0 0.0 72

1748485542
0.0 0.0 0.0 8

1748485543
0.0 0.0 0.0 224

1748485544
0.0 0.0 0.0 0

1748485545
0.0 0.0 0.0 143

1748485546
0.0 0.0 0.0 293

1748485547
0.0 0.0 0.0 0

1748485548
0.0 0.0 0.0 87

1748485549
0.0 0.0 0.0 0

1748485550
0.0 0.0 0.0 137

1748485551
0.0 0.0 0.0 135

1748485552
0.0 0.0 0.0 9

1748485553
0.0 0.0 0.0 0

1748485554
0.0 0.0 0.0 0

1748485555
0.0 0.0 0.0 593

1748485556
0.0 0.0 0.0 222

1748485557
0.0 0.0 0.0 1

1748485558
0.0 0.0 0.0 0

1748485559
0.0 0.0 0.0 1

1748485560
0.0 0.0 0.0 3

1748485561
0.0 0.0 0.0 262

1748485562
0.0 0.0 0.0 1

1748485563
0.0 0.0 0.0 0

1748485564
0.0 0.0 0.0 0

1748485565
0.0 0.0 0.0 1

1748485566
0.0 0.0 0.0 278

1748485567
0.0 0.0 0.0 0

1748485568
0.0 0.0 0.0 0

1748485569
0.0 0.0 0.0 0

1748485570
0.0 0.0 0.0 0

1748485571
0.0 0.0 0.0 166

1748485572
0.0 0.0 0.0 0

1748485573
0.0 0.0 0.0 0

1748485574
0.0 0.0 0.0 1

1748485575
0.0 0.0 0.0 0

1748485576
0.0 0.0 0.0 153

1748485577
0.0 0.0 0.0 0

1748485578
0.0 0.0 0.0 3

1748485579
0.0 0.0 0.0 0

1748485580
0.0 0.0 0.0 0

1748485581
0.0 0.0 0.0 8104

1748485582
0.0 0.0 0.0 0

1748485583
0.0 0.0 0.0 0

1748485584
0.0 0.0 0.0 0

1748485585
0.0 0.0 0.0 91

1748485586
0.0 0.0 0.0 1172

1748485587
0.0 0.0 0.0 1603

1748485588
0.0 0.0 0.0 384

1748485589
0.0 0.0 0.0 1

1748485590
0.0 0.0 0.0 40

1748485591
0.0 0.0 0.0 604

1748485592
0.0 0.0 0.0 0

1748485593
0.0 0.0 0.0 9

1748485595
0.0 0.0 0.0 9

1748485596
0.0 0.0 0.0 7

1748485597
0.0 0.0 0.0 1

1748485598
0.0 0.0 0.0 0

1748485599
0.0 0.0 0.0 19

1748485600
0.0 0.0 0.0 6

1748485601
0.0 0.0 0.0 0

1748485602
0.0 0.0 0.0 2772

1748485603
0.0 0.0 0.0 90

1748485604
0.0 0.0 0.0 19

1748485605
0.0 0.0 0.0 0

1748485606
0.0 0.0 0.0 1

1748485607
0.0 0.0 0.0 0

1748485608
0.0 0.0 0.0 210

1748485609
0.0 0.0 0.0 305

1748485610
0.0 0.0 0.0 66

1748485611
0.0 0.0 0.0 0

1748485612
0.0 0.0 0.0 0

1748485613
0.0 0.0 0.0 341

1748485614
0.0 0.0 0.0 0

1748485615
0.0 0.0 0.0 0

1748485616
0.0 0.0 0.0 0

1748485617
0.0 0.0 0.0 0

1748485618
0.0 0.0 0.0 44

1748485619
0.0 0.0 0.0 3

1748485620
0.0 0.0 0.0 0

1748485621
0.0 0.0 0.0 2

1748485622
0.0 0.0 0.0 16

1748485623
0.0 0.0 0.0 122

1748485624
0.0 0.0 0.0 500

1748485625
0.0 0.0 0.0 77

1748485626
0.0 0.0 0.0 0

1748485627
0.0 0.0 0.0 0

1748485628
0.0 0.0 0.0 41

1748485629
0.0 0.0 0.0 1

1748485630
0.0 0.0 0.0 26

1748485631
0.0 0.0 0.0 6

1748485632
0.0 0.0 0.0 0

1748485633
0.0 0.0 0.0 27

1748485634
0.0 0.0 0.0 0

1748485635
0.0 0.0 0.0 136

1748485636
0.0 0.0 0.0 0

1748485637
0.0 0.0 0.0 3467

1748485638
0.0 0.0 0.0 0

1748485639
0.0 0.0 0.0 1

1748485640
0.0 0.0 0.0 9

1748485641
0.0 0.0 0.0 21

1748485642
0.0 0.0 0.0 161

1748485643
0.0 0.0 0.0 0

1748485644
0.0 0.0 0.0 0

1748485645
0.0 0.0 0.0 8

1748485646
0.0 0.0 0.0 12

1748485647
0.0 0.0 0.0 42

1748485648
0.0 0.0 0.0 0

1748485649
0.0 0.0 0.0 2

1748485650
0.0 0.0 0.0 0

1748485651
0.0 0.0 0.0 88

1748485652
0.0 0.0 0.0 95

1748485653
0.0 0.0 0.0 0

1748485654
0.0 0.0 0.0 0

1748485655
0.0 0.0 0.0 0

1748485656
0.0 0.0 0.0 148

1748485657
0.0 0.0 0.0 2144

1748485658
0.0 0.0 0.0 0

1748485659
0.0 0.0 0.0 0

1748485660
0.0 0.0 0.0 1

1748485661
0.0 0.0 0.0 301

1748485662
0.0 0.0 0.0 9

1748485663
0.0 0.0 0.0 0

1748485664
0.0 0.0 0.0 0

1748485665
0.0 0.0 0.0 0

1748485666
0.0 0.0 0.0 210

1748485667
0.0 0.0 0.0 4303

1748485668
0.0 0.0 0.0 167

1748485669
0.0 0.0 0.0 17

1748485670
0.0 0.0 0.0 0

1748485671
0.0 0.0 0.0 286

1748485672
0.0 0.0 0.0 0

1748485673
0.0 0.0 0.0 0

1748485674
0.0 0.0 0.0 0

1748485675
0.0 0.0 0.0 0

1748485676
0.0 0.0 0.0 197

1748485677
0.0 0.0 0.0 231

1748485678
0.0 0.0 0.0 8

1748485679
0.0 0.0 0.0 0

1748485680
0.0 0.0 0.0 3

1748485681
0.0 0.0 0.0 74

1748485682
0.0 0.0 0.0 269

1748485683
0.0 0.0 0.0 0

1748485684
0.0 0.0 0.0 0

1748485685
0.0 0.0 0.0 0

1748485686
0.0 0.0 0.0 2114

1748485687
0.0 0.0 0.0 5037

1748485688
0.0 0.0 0.0 3

1748485689
0.0 0.0 0.0 4

1748485690
0.0 0.0 0.0 15

1748485691
0.0 0.0 0.0 5

1748485692
0.0 0.0 0.0 262

1748485693
0.0 0.0 0.0 0

1748485694
0.0 0.0 0.0 0

1748485695
0.0 0.0 0.0 1886

1748485696
0.0 0.0 0.0 1301

1748485697
0.0 0.0 0.0 76

1748485698
0.0 0.0 0.0 10

1748485699
0.0 0.0 0.0 23

1748485700
0.0 0.0 0.0 6

1748485701
0.0 0.0 0.0 142

1748485702
0.0 0.0 0.0 21

1748485703
0.0 0.0 0.0 0

1748485704
0.0 0.0 0.0 0

1748485705
0.0 0.0 0.0 0

1748485706
0.0 0.0 0.0 280

1748485707
0.0 0.0 0.0 48

1748485708
0.0 0.0 0.0 3

1748485709
0.0 0.0 0.0 2

1748485710
0.0 0.0 0.0 166

1748485711
0.0 0.0 0.0 301

1748485712
0.0 0.0 0.0 0

1748485713
0.0 0.0 0.0 0

1748485714
0.0 0.0 0.0 0

1748485715
0.0 0.0 0.0 0

1748485716
0.0 0.0 0.0 644

1748485717
0.0 0.0 0.0 0

1748485718
0.0 0.0 0.0 34

1748485719
0.0 0.0 0.0 3

1748485720
0.0 0.0 0.0 35

1748485721
0.0 0.0 0.0 263

1748485722
0.0 0.0 0.0 82

1748485723
0.0 0.0 0.0 0

1748485724
0.0 0.0 0.0 0

1748485725
0.0 0.0 0.0 0

1748485726
0.0 0.0 0.0 66

1748485727
0.0 0.0 0.0 2111

1748485728
0.0 0.0 0.0 78

1748485729
0.0 0.0 0.0 0

1748485730
0.0 0.0 0.0 0

1748485731
0.0 0.0 0.0 0

1748485732
0.0 0.0 0.0 294

1748485733
0.0 0.0 0.0 113

1748485734
0.0 0.0 0.0 0

1748485735
0.0 0.0 0.0 0

1748485736
0.0 0.0 0.0 0

1748485737
0.0 0.0 0.0 484

1748485738
0.0 0.0 0.0 1303

1748485739
0.0 0.0 0.0 19

1748485740
0.0 0.0 0.0 0

1748485741
0.0 0.0 0.0 161

1748485742
0.0 0.0 0.0 256

1748485743
0.0 0.0 0.0 84

1748485744
0.0 0.0 0.0 0

1748485745
0.0 0.0 0.0 0

1748485746
0.0 0.0 0.0 0

1748485747
0.0 0.0 0.0 0

1748485748
0.0 0.0 0.0 250

1748485749
0.0 0.0 0.0 15

1748485750
0.0 0.0 0.0 1

1748485751
0.0 0.0 0.0 0

1748485752
0.0 0.0 0.0 215

1748485753
0.0 0.0 0.0 52

1748485754
0.0 0.0 0.0 29

1748485755
0.0 0.0 0.0 1199

1748485756
0.0 0.0 0.0 1223

1748485757
0.0 0.0 0.0 0

1748485758
0.0 0.0 0.0 6

1748485759
0.0 0.0 0.0 74

1748485760
0.0 0.0 0.0 146

1748485761
0.0 0.0 0.0 348

1748485762
0.0 0.0 0.0 0

1748485763
0.0 0.0 0.0 0

1748485764
0.0 0.0 0.0 84

1748485765
0.0 0.0 0.0 0

1748485766
0.0 0.0 0.0 707

1748485767
0.0 0.0 0.0 0

1748485768
0.0 0.0 0.0 11

1748485769
0.0 0.0 0.0 158

1748485770
0.0 0.0 0.0 2

1748485771
0.0 0.0 0.0 105

1748485772
0.0 0.0 0.0 0

1748485773
0.0 0.0 0.0 0

1748485774
0.0 0.0 0.0 0

1748485775
0.0 0.0 0.0 7

1748485776
0.0 0.0 0.0 1151

1748485777
0.0 0.0 0.0 0

1748485778
0.0 0.0 0.0 0

1748485779
0.0 0.0 0.0 1

1748485780
0.0 0.0 0.0 0

1748485781
0.0 0.0 0.0 736

1748485782
0.0 0.0 0.0 0

1748485783
0.0 0.0 0.0 0

1748485784
0.0 0.0 0.0 0

1748485785
0.0 0.0 0.0 0

1748485786
0.0 0.0 0.0 120

1748485787
0.0 0.0 0.0 0

1748485788
0.0 0.0 0.0 0

1748485789
0.0 0.0 0.0 0

1748485790
0.0 0.0 0.0 0

1748485791
0.0 0.0 0.0 207

1748485792
0.0 0.0 0.0 0

1748485793
0.0 0.0 0.0 0

1748485794
0.0 0.0 0.0 6

1748485795
0.0 0.0 0.0 162

1748485796
0.0 0.0 0.0 285

1748485797
0.0 0.0 0.0 0

1748485798
0.0 0.0 0.0 0

1748485799
0.0 0.0 0.0 0

1748485800
0.0 0.0 0.0 0

1748485801
0.0 0.0 0.0 206

1748485802
0.0 0.0 0.0 241

1748485803
0.0 0.0 0.0 0

1748485804
0.0 0.0 0.0 0

1748485805
0.0 0.0 0.0 3

1748485806
0.0 0.0 0.0 153

1748485807
0.0 0.0 0.0 0

1748485808
0.0 0.0 0.0 0

1748485809
0.0 0.0 0.0 0

1748485810
0.0 0.0 0.0 0

1748485811
0.0 0.0 0.0 155

1748485812
0.0 0.0 0.0 0

1748485813
0.0 0.0 0.0 0

1748485814
0.0 0.0 0.0 0

1748485815
0.0 0.0 0.0 297

1748485816
0.0 0.0 0.0 520

1748485817
0.0 0.0 0.0 1

1748485818
0.0 0.0 0.0 0

1748485819
0.0 0.0 0.0 0

1748485820
0.0 0.0 0.0 0

1748485821
0.0 0.0 0.0 732

1748485822
0.0 0.0 0.0 0

1748485823
0.0 0.0 0.0 0

1748485824
0.0 0.0 0.0 0

1748485825
0.0 0.0 0.0 0

1748485826
0.0 0.0 0.0 238

1748485827
0.0 0.0 0.0 0

1748485828
0.0 0.0 0.0 0

1748485829
0.0 0.0 0.0 0

1748485830
0.0 0.0 0.0 6

1748485831
0.0 0.0 0.0 49

1748485832
0.0 0.0 0.0 8

1748485833
0.0 0.0 0.0 0

1748485834
0.0 0.0 0.0 0

1748485835
0.0 0.0 0.0 0

1748485836
0.0 0.0 0.0 78

1748485837
0.0 0.0 0.0 147

1748485838
0.0 0.0 0.0 0

1748485839
0.0 0.0 0.0 0

1748485840
0.0 0.0 0.0 0

1748485841
0.0 0.0 0.0 70

1748485842
0.0 0.0 0.0 509

1748485843
0.0 0.0 0.0 75

1748485844
0.0 0.0 0.0 1

1748485845
0.0 0.0 0.0 0

1748485846
0.0 0.0 0.0 0

1748485847
0.0 0.0 0.0 404

1748485848
0.0 0.0 0.0 125

1748485849
0.0 0.0 0.0 1

1748485850
0.0 0.0 0.0 0

1748485851
0.0 0.0 0.0 15

1748485852
0.0 0.0 0.0 68

1748485853
0.0 0.0 0.0 554

1748485854
0.0 0.0 0.0 0

1748485855
0.0 0.0 0.0 1

1748485856
0.0 0.0 0.0 0

1748485857
0.0 0.0 0.0 117

1748485858
0.0 0.0 0.0 2482

1748485859
0.0 0.0 0.0 0

1748485860
0.0 0.0 0.0 0

1748485861
0.0 0.0 0.0 0

1748485862
0.0 0.0 0.0 242

1748485863
0.0 0.0 0.0 117

1748485864
0.0 0.0 0.0 48

1748485865
0.0 0.0 0.0 0

1748485866
0.0 0.0 0.0 0

1748485867
0.0 0.0 0.0 0

1748485868
0.0 0.0 0.0 0

1748485869
0.0 0.0 0.0 215

1748485870
0.0 0.0 0.0 0

1748485871
0.0 0.0 0.0 0

1748485872
0.0 0.0 0.0 333

1748485873
0.0 0.0 0.0 0

1748485874
0.0 0.0 0.0 2539

1748485875
0.0 0.0 0.0 1

1748485876
0.0 0.0 0.0 0

1748485877
0.0 0.0 0.0 38

1748485878
0.0 0.0 0.0 0

1748485879
0.0 0.0 0.0 562

1748485880
0.0 0.0 0.0 6

1748485881
0.0 0.0 0.0 0

1748485882
0.0 0.0 0.0 0

1748485883
0.0 0.0 0.0 102

1748485884
0.0 0.0 0.0 437

1748485885
0.0 0.0 0.0 0

1748485886
0.0 0.0 0.0 0

1748485887
0.0 0.0 0.0 0

1748485888
0.0 0.0 0.0 40

1748485889
0.0 0.0 0.0 117

1748485890
0.0 0.0 0.0 0

1748485891
0.0 0.0 0.0 16

1748485892
0.0 0.0 0.0 527

1748485893
0.0 0.0 0.0 1

1748485894
0.0 0.0 0.0 93

1748485895
0.0 0.0 0.0 0

1748485896
0.0 0.0 0.0 142

1748485897
0.0 0.0 0.0 288

1748485898
0.0 0.0 0.0 153

1748485899
0.0 0.0 0.0 0

1748485900
0.0 0.0 0.0 0

1748485901
0.0 0.0 0.0 0

1748485902
0.0 0.0 0.0 231

1748485903
0.0 0.0 0.0 2097

1748485904
0.0 0.0 0.0 0

1748485905
0.0 0.0 0.0 0

1748485906
0.0 0.0 0.0 8

1748485907
0.0 0.0 0.0 9

1748485908
0.0 0.0 0.0 9

1748485909
0.0 0.0 0.0 8

1748485910
0.0 0.0 0.0 2

1748485911
0.0 0.0 0.0 4

1748485912
0.0 0.0 0.0 0

1748485913
0.0 0.0 0.0 1

1748485914
0.0 0.0 0.0 3

1748485915
0.0 0.0 0.0 3

1748485916
0.0 0.0 0.0 4

1748485917
0.0 0.0 0.0 22

1748485918
0.0 0.0 0.0 48

1748485919
0.0 0.0 0.0 0

1748485920
0.0 0.0 0.0 0

1748485921
0.0 0.0 0.0 0

1748485922
0.0 0.0 0.0 185

1748485923
0.0 0.0 0.0 293

1748485924
0.0 0.0 0.0 0

1748485925
0.0 0.0 0.0 1

1748485926
0.0 0.0 0.0 0

1748485927
0.0 0.0 0.0 0

1748485928
0.0 0.0 0.0 275

1748485929
0.0 0.0 0.0 454

1748485930
0.0 0.0 0.0 1

1748485931
0.0 0.0 0.0 0

1748485932
0.0 0.0 0.0 0

1748485933
0.0 0.0 0.0 0

1748485934
0.0 0.0 0.0 564

1748485935
0.0 0.0 0.0 0

1748485936
0.0 0.0 0.0 842

1748485937
0.0 0.0 0.0 515

1748485938
0.0 0.0 0.0 31

1748485939
0.0 0.0 0.0 163

1748485940
0.0 0.0 0.0 0

1748485941
0.0 0.0 0.0 95

1748485942
0.0 0.0 0.0 302

1748485943
0.0 0.0 0.0 0

1748485944
0.0 0.0 0.0 0

1748485945
0.0 0.0 0.0 0

1748485946
0.0 0.0 0.0 0

1748485947
0.0 0.0 0.0 416

1748485948
0.0 0.0 0.0 0

1748485949
0.0 0.0 0.0 68

1748485950
0.0 0.0 0.0 0

1748485951
0.0 0.0 0.0 0

1748485952
0.0 0.0 0.0 3

1748485953
0.0 0.0 0.0 0

1748485954
0.0 0.0 0.0 9

1748485955
0.0 0.0 0.0 0

1748485956
0.0 0.0 0.0 0

1748485957
0.0 0.0 0.0 292

1748485958
0.0 0.0 0.0 0

1748485959
0.0 0.0 0.0 0

1748485960
0.0 0.0 0.0 0

1748485961
0.0 0.0 0.0 63

1748485962
0.0 0.0 0.0 107

1748485963
0.0 0.0 0.0 35

1748485964
0.0 0.0 0.0 129

1748485965
0.0 0.0 0.0 0

1748485966
0.0 0.0 0.0 0

1748485967
0.0 0.0 0.0 0

1748485968
0.0 0.0 0.0 84

1748485969
0.0 0.0 0.0 52

1748485970
0.0 0.0 0.0 0

1748485971
0.0 0.0 0.0 0

1748485972
0.0 0.0 0.0 0

1748485973
0.0 0.0 0.0 0

1748485974
0.0 0.0 0.0 316

1748485975
0.0 0.0 0.0 9

1748485976
0.0 0.0 0.0 10

1748485977
0.0 0.0 0.0 23

1748485978
0.0 0.0 0.0 7

1748485979
0.0 0.0 0.0 468

1748485980
0.0 0.0 0.0 0

1748485981
0.0 0.0 0.0 2

1748485982
0.0 0.0 0.0 72

1748485983
0.0 0.0 0.0 15

1748485984
0.0 0.0 0.0 233

1748485985
0.0 0.0 0.0 107

1748485986
0.0 0.0 0.0 0

1748485987
0.0 0.0 0.0 0

1748485988
0.0 0.0 0.0 0

1748485989
0.0 0.0 0.0 352

1748485990
0.0 0.0 0.0 0

1748485991
0.0 0.0 0.0 0

1748485992
0.0 0.0 0.0 0

1748485993
0.0 0.0 0.0 0

1748485994
0.0 0.0 0.0 0

1748485995
0.0 0.0 0.0 96

1748485996
0.0 0.0 0.0 0

1748485997
0.0 0.0 0.0 15

1748485998
0.0 0.0 0.0 10

1748485999
0.0 0.0 0.0 31

1748486000
0.0 0.0 0.0 508

1748486001
0.0 0.0 0.0 4

1748486002
0.0 0.0 0.0 0

1748486003
0.0 0.0 0.0 3

1748486004
0.0 0.0 0.0 0

1748486005
0.0 0.0 0.0 417

1748486006
0.0 0.0 0.0 0

1748486007
0.0 0.0 0.0 0

1748486008
0.0 0.0 0.0 0

1748486009
0.0 0.0 0.0 0

1748486010
0.0 0.0 0.0 7

1748486011
0.0 0.0 0.0 232

1748486012
0.0 0.0 0.0 0

1748486013
0.0 0.0 0.0 0

1748486014
0.0 0.0 0.0 0

1748486015
0.0 0.0 0.0 250

1748486016
0.0 0.0 0.0 0

1748486017
0.0 0.0 0.0 0

1748486018
0.0 0.0 0.0 0

1748486019
0.0 0.0 0.0 0

1748486020
0.0 0.0 0.0 62

1748486021
0.0 0.0 0.0 83

1748486022
0.0 0.0 0.0 0

1748486023
0.0 0.0 0.0 0

1748486024
0.0 0.0 0.0 0

1748486025
0.0 0.0 0.0 236

1748486026
0.0 0.0 0.0 0

1748486027
0.0 0.0 0.0 0

1748486028
0.0 0.0 0.0 18

1748486029
0.0 0.0 0.0 6

1748486030
0.0 0.0 0.0 652

1748486031
0.0 0.0 0.0 295

1748486032
0.0 0.0 0.0 0

1748486033
0.0 0.0 0.0 0

1748486034
0.0 0.0 0.0 0

1748486035
0.0 0.0 0.0 129

1748486036
0.0 0.0 0.0 330

1748486037
0.0 0.0 0.0 0

1748486038
0.0 0.0 0.0 0

1748486039
0.0 0.0 0.0 0

1748486040
0.0 0.0 0.0 120

1748486041
0.0 0.0 0.0 3386

1748486042
0.0 0.0 0.0 206

1748486043
0.0 0.0 0.0 2

1748486044
0.0 0.0 0.0 0

1748486045
0.0 0.0 0.0 269

1748486046
0.0 0.0 0.0 0

1748486047
0.0 0.0 0.0 81

1748486048
0.0 0.0 0.0 0

1748486049
0.0 0.0 0.0 0

1748486050
0.0 0.0 0.0 233

1748486051
0.0 0.0 0.0 77

1748486052
0.0 0.0 0.0 0

1748486053
0.0 0.0 0.0 0

1748486054
0.0 0.0 0.0 0

1748486055
0.0 0.0 0.0 131

1748486056
0.0 0.0 0.0 0

1748486057
0.0 0.0 0.0 0

1748486058
0.0 0.0 0.0 0

1748486059
0.0 0.0 0.0 0

1748486060
0.0 0.0 0.0 197

1748486061
0.0 0.0 0.0 0

1748486062
0.0 0.0 0.0 55

1748486063
0.0 0.0 0.0 1

1748486064
0.0 0.0 0.0 44

1748486065
0.0 0.0 0.0 37

1748486066
0.0 0.0 0.0 1

1748486067
0.0 0.0 0.0 4

1748486068
0.0 0.0 0.0 0

1748486069
0.0 0.0 0.0 0

1748486070
0.0 0.0 0.0 239

1748486071
0.0 0.0 0.0 0

1748486072
0.0 0.0 0.0 0

1748486073
0.0 0.0 0.0 0

1748486074
0.0 0.0 0.0 3

1748486075
0.0 0.0 0.0 78

1748486076
0.0 0.0 0.0 9

1748486077
0.0 0.0 0.0 28

1748486078
0.0 0.0 0.0 0

1748486079
0.0 0.0 0.0 156

1748486080
0.0 0.0 0.0 46

1748486081
0.0 0.0 0.0 93

1748486082
0.0 0.0 0.0 0

1748486083
0.0 0.0 0.0 17

1748486084
0.0 0.0 0.0 199

1748486085
0.0 0.0 0.0 426

1748486086
0.0 0.0 0.0 1

1748486087
0.0 0.0 0.0 0

1748486088
0.0 0.0 0.0 85

1748486089
0.0 0.0 0.0 316

1748486090
0.0 0.0 0.0 682

1748486091
0.0 0.0 0.0 0

1748486092
0.0 0.0 0.0 533

1748486093
0.0 0.0 0.0 140

1748486094
0.0 0.0 0.0 133

1748486095
0.0 0.0 0.0 0

1748486096
0.0 0.0 0.0 162

1748486097
0.0 0.0 0.0 0

1748486098
0.0 0.0 0.0 82

1748486099
0.0 0.0 0.0 40

1748486100
0.0 0.0 0.0 0

1748486101
0.0 0.0 0.0 0

1748486102
0.0 0.0 0.0 0

1748486103
0.0 0.0 0.0 71

1748486104
0.0 0.0 0.0 515

1748486105
0.0 0.0 0.0 108

1748486106
0.0 0.0 0.0 20

1748486107
0.0 0.0 0.0 13

1748486108
0.0 0.0 0.0 184

1748486109
0.0 0.0 0.0 30

1748486110
0.0 0.0 0.0 1

1748486111
0.0 0.0 0.0 0

1748486112
0.0 0.0 0.0 0

1748486113
0.0 0.0 0.0 140

1748486114
0.0 0.0 0.0 0

1748486115
0.0 0.0 0.0 0

1748486116
0.0 0.0 0.0 0

1748486117
0.0 0.0 0.0 0

1748486118
0.0 0.0 0.0 521

1748486119
0.0 0.0 0.0 73

1748486120
0.0 0.0 0.0 0

1748486121
0.0 0.0 0.0 0

1748486122
0.0 0.0 0.0 0

1748486123
0.0 0.0 0.0 139

1748486124
0.0 0.0 0.0 221

1748486125
0.0 0.0 0.0 0

1748486126
0.0 0.0 0.0 0

1748486127
0.0 0.0 0.0 0

1748486128
0.0 0.0 0.0 644

1748486129
0.0 0.0 0.0 43

1748486130
0.0 0.0 0.0 0

1748486131
0.0 0.0 0.0 0

1748486132
0.0 0.0 0.0 0

1748486133
0.0 0.0 0.0 45

1748486134
0.0 0.0 0.0 35

1748486135
0.0 0.0 0.0 0

1748486136
0.0 0.0 0.0 0

1748486137
0.0 0.0 0.0 46

1748486138
0.0 0.0 0.0 0

1748486139
0.0 0.0 0.0 16

1748486140
0.0 0.0 0.0 0

1748486141
0.0 0.0 0.0 0

1748486142
0.0 0.0 0.0 23

1748486143
0.0 0.0 0.0 6

1748486144
0.0 0.0 0.0 68

1748486145
0.0 0.0 0.0 0

1748486146
0.0 0.0 0.0 0

1748486147
0.0 0.0 0.0 236

1748486148
0.0 0.0 0.0 270

1748486149
0.0 0.0 0.0 72

1748486150
0.0 0.0 0.0 0

1748486151
0.0 0.0 0.0 0

1748486152
0.0 0.0 0.0 218

1748486153
0.0 0.0 0.0 137

1748486154
0.0 0.0 0.0 231

1748486155
0.0 0.0 0.0 0

1748486156
0.0 0.0 0.0 0

1748486157
0.0 0.0 0.0 0

1748486158
0.0 0.0 0.0 352

1748486159
0.0 0.0 0.0 67

1748486160
0.0 0.0 0.0 0

1748486161
0.0 0.0 0.0 0

1748486162
0.0 0.0 0.0 9

1748486163
0.0 0.0 0.0 67

1748486164
0.0 0.0 0.0 133

1748486165
0.0 0.0 0.0 106

1748486166
0.0 0.0 0.0 0

1748486167
0.0 0.0 0.0 0

1748486168
0.0 0.0 0.0 126

1748486169
0.0 0.0 0.0 0

1748486170
0.0 0.0 0.0 24

1748486171
0.0 0.0 0.0 0

1748486172
0.0 0.0 0.0 0

1748486173
0.0 0.0 0.0 7

1748486174
0.0 0.0 0.0 0

1748486175
0.0 0.0 0.0 25

1748486176
0.0 0.0 0.0 0

1748486177
0.0 0.0 0.0 0

1748486178
0.0 0.0 0.0 58

1748486179
0.0 0.0 0.0 0

1748486180
0.0 0.0 0.0 0

1748486181
0.0 0.0 0.0 0

1748486182
0.0 0.0 0.0 0

1748486183
0.0 0.0 0.0 6

1748486184
0.0 0.0 0.0 145

1748486185
0.0 0.0 0.0 0

1748486186
0.0 0.0 0.0 146

1748486187
0.0 0.0 0.0 0

1748486188
0.0 0.0 0.0 243

1748486189
0.0 0.0 0.0 0

1748486190
0.0 0.0 0.0 0

1748486191
0.0 0.0 0.0 100

1748486192
0.0 0.0 0.0 0

1748486193
0.0 0.0 0.0 16

1748486194
0.0 0.0 0.0 0

1748486195
0.0 0.0 0.0 0

1748486196
0.0 0.0 0.0 0

1748486197
0.0 0.0 0.0 0

1748486198
0.0 0.0 0.0 133

1748486199
0.0 0.0 0.0 0

1748486200
0.0 0.0 0.0 0

1748486201
0.0 0.0 0.0 65

1748486202
0.0 0.0 0.0 4

1748486203
0.0 0.0 0.0 111

1748486204
0.0 0.0 0.0 175

1748486205
0.0 0.0 0.0 0

1748486206
0.0 0.0 0.0 57

1748486207
0.0 0.0 0.0 0

1748486208
0.0 0.0 0.0 145

1748486209
0.0 0.0 0.0 0

1748486210
0.0 0.0 0.0 0

1748486211
0.0 0.0 0.0 42

1748486212
0.0 0.0 0.0 0

1748486213
0.0 0.0 0.0 44

1748486214
0.0 0.0 0.0 0

1748486215
0.0 0.0 0.0 0

1748486216
0.0 0.0 0.0 0

1748486217
0.0 0.0 0.0 0

1748486218
0.0 0.0 0.0 13

1748486219
0.0 0.0 0.0 0

1748486220
0.0 0.0 0.0 0

1748486221
0.0 0.0 0.0 250

1748486222
0.0 0.0 0.0 36

1748486223
0.0 0.0 0.0 0

1748486224
0.0 0.0 0.0 0

1748486225
0.0 0.0 0.0 6

1748486226
0.0 0.0 0.0 181

1748486227
0.0 0.0 0.0 250

1748486228
0.0 0.0 0.0 0

1748486229
0.0 0.0 0.0 102

1748486230
0.0 0.0 0.0 0

1748486231
0.0 0.0 0.0 0

1748486232
0.0 0.0 0.0 303

1748486233
0.0 0.0 0.0 4

1748486234
0.0 0.0 0.0 2

1748486235
0.0 0.0 0.0 0

1748486236
0.0 0.0 0.0 0

1748486237
0.0 0.0 0.0 4

1748486238
0.0 0.0 0.0 0

1748486239
0.0 0.0 0.0 162

1748486240
0.0 0.0 0.0 0

1748486241
0.0 0.0 0.0 0

1748486242
0.0 0.0 0.0 28

1748486243
0.0 0.0 0.0 1

1748486244
0.0 0.0 0.0 126

1748486245
0.0 0.0 0.0 2

1748486246
0.0 0.0 0.0 0

1748486247
0.0 0.0 0.0 0

1748486248
0.0 0.0 0.0 4

1748486249
0.0 0.0 0.0 272

1748486250
0.0 0.0 0.0 201

1748486251
0.0 0.0 0.0 0

1748486252
0.0 0.0 0.0 0

1748486253
0.0 0.0 0.0 0

1748486254
0.0 0.0 0.0 216

1748486255
0.0 0.0 0.0 0

1748486256
0.0 0.0 0.0 0

1748486257
0.0 0.0 0.0 0

1748486258
0.0 0.0 0.0 0

1748486259
0.0 0.0 0.0 88

1748486260
0.0 0.0 0.0 13

1748486261
0.0 0.0 0.0 0

1748486262
0.0 0.0 0.0 0

1748486263
0.0 0.0 0.0 102

1748486264
0.0 0.0 0.0 118

1748486265
0.0 0.0 0.0 0

1748486266
0.0 0.0 0.0 0

1748486267
0.0 0.0 0.0 0

1748486268
0.0 0.0 0.0 51

1748486269
0.0 0.0 0.0 207

1748486270
0.0 0.0 0.0 0

1748486271
0.0 0.0 0.0 0

1748486272
0.0 0.0 0.0 0

1748486273
0.0 0.0 0.0 42

1748486274
0.0 0.0 0.0 77

1748486275
0.0 0.0 0.0 0

1748486276
0.0 0.0 0.0 0

1748486277
0.0 0.0 0.0 0

1748486278
0.0 0.0 0.0 15

1748486279
0.0 0.0 0.0 54

1748486280
0.0 0.0 0.0 0

1748486281
0.0 0.0 0.0 0

1748486282
0.0 0.0 0.0 12

1748486283
0.0 0.0 0.0 74

1748486284
0.0 0.0 0.0 177

1748486285
0.0 0.0 0.0 0

1748486286
0.0 0.0 0.0 0

1748486287
0.0 0.0 0.0 0

1748486288
0.0 0.0 0.0 0

1748486289
0.0 0.0 0.0 17

1748486290
0.0 0.0 0.0 0

1748486291
0.0 0.0 0.0 39

1748486292
0.0 0.0 0.0 0

1748486293
0.0 0.0 0.0 0

1748486294
0.0 0.0 0.0 80

1748486295
0.0 0.0 0.0 1

1748486296
0.0 0.0 0.0 246

1748486297
0.0 0.0 0.0 0

1748486298
0.0 0.0 0.0 0

1748486299
0.0 0.0 0.0 0

1748486300
0.0 0.0 0.0 0

1748486301
0.0 0.0 0.0 171

1748486302
0.0 0.0 0.0 0

1748486303
0.0 0.0 0.0 0

1748486304
0.0 0.0 0.0 5

1748486305
0.0 0.0 0.0 0

1748486306
0.0 0.0 0.0 32

1748486307
0.0 0.0 0.0 0

1748486308
0.0 0.0 0.0 1

1748486309
0.0 0.0 0.0 4

1748486310
0.0 0.0 0.0 0

1748486311
0.0 0.0 0.0 100

1748486312
0.0 0.0 0.0 156

1748486313
0.0 0.0 0.0 0

1748486314
0.0 0.0 0.0 1

1748486315
0.0 0.0 0.0 0

1748486316
0.0 0.0 0.0 5

1748486317
0.0 0.0 0.0 0

1748486318
0.0 0.0 0.0 0

1748486319
0.0 0.0 0.0 47

1748486320
0.0 0.0 0.0 0

1748486321
0.0 0.0 0.0 27

1748486322
0.0 0.0 0.0 177

1748486323
0.0 0.0 0.0 0

1748486324
0.0 0.0 0.0 0

1748486325
0.0 0.0 0.0 53

1748486326
0.0 0.0 0.0 576

1748486327
0.0 0.0 0.0 0

1748486328
0.0 0.0 0.0 0

1748486329
0.0 0.0 0.0 0

1748486330
0.0 0.0 0.0 50

1748486331
0.0 0.0 0.0 302

1748486332
0.0 0.0 0.0 0

1748486333
0.0 0.0 0.0 2

1748486334
0.0 0.0 0.0 1

1748486335
0.0 0.0 0.0 106

1748486336
0.0 0.0 0.0 72

1748486337
0.0 0.0 0.0 0

1748486338
0.0 0.0 0.0 0

1748486339
0.0 0.0 0.0 0

1748486340
0.0 0.0 0.0 54

1748486341
0.0 0.0 0.0 156

1748486342
0.0 0.0 0.0 377

1748486343
0.0 0.0 0.0 1

1748486344
0.0 0.0 0.0 36

1748486345
0.0 0.0 0.0 0

1748486346
0.0 0.0 0.0 88

1748486347
0.0 0.0 0.0 0

1748486348
0.0 0.0 0.0 0

1748486349
0.0 0.0 0.0 4

1748486350
0.0 0.0 0.0 135

1748486351
0.0 0.0 0.0 0

1748486352
0.0 0.0 0.0 5

1748486353
0.0 0.0 0.0 0

1748486354
0.0 0.0 0.0 7

1748486355
0.0 0.0 0.0 200

1748486356
0.0 0.0 0.0 0

1748486357
0.0 0.0 0.0 0

1748486358
0.0 0.0 0.0 0

1748486359
0.0 0.0 0.0 0

1748486360
0.0 0.0 0.0 305

1748486361
0.0 0.0 0.0 0

1748486362
0.0 0.0 0.0 0

1748486363
0.0 0.0 0.0 0

1748486364
0.0 0.0 0.0 0

1748486365
0.0 0.0 0.0 213

1748486366
0.0 0.0 0.0 3

1748486367
0.0 0.0 0.0 0

1748486368
0.0 0.0 0.0 0

1748486369
0.0 0.0 0.0 0

1748486370
0.0 0.0 0.0 97

1748486371
0.0 0.0 0.0 0

1748486372
0.0 0.0 0.0 0

1748486373
0.0 0.0 0.0 1

1748486374
0.0 0.0 0.0 8

1748486375
0.0 0.0 0.0 162

1748486376
0.0 0.0 0.0 67

1748486377
0.0 0.0 0.0 0

1748486378
0.0 0.0 0.0 4

1748486379
0.0 0.0 0.0 0

1748486380
0.0 0.0 0.0 111

1748486381
0.0 0.0 0.0 57

1748486382
0.0 0.0 0.0 0

1748486383
0.0 0.0 0.0 1

1748486384
0.0 0.0 0.0 9

1748486385
0.0 0.0 0.0 255

1748486386
0.0 0.0 0.0 2

1748486387
0.0 0.0 0.0 0

1748486388
0.0 0.0 0.0 0

1748486389
0.0 0.0 0.0 0

1748486390
0.0 0.0 0.0 506

1748486391
0.0 0.0 0.0 85

1748486392
0.0 0.0 0.0 0

1748486393
0.0 0.0 0.0 0

1748486394
0.0 0.0 0.0 4

1748486395
0.0 0.0 0.0 108

1748486396
0.0 0.0 0.0 4

1748486397
0.0 0.0 0.0 7

1748486398
0.0 0.0 0.0 0

1748486399
0.0 0.0 0.0 0

1748486400
0.0 0.0 0.0 159

1748486401
0.0 0.0 0.0 240

1748486402
0.0 0.0 0.0 12

1748486403
0.0 0.0 0.0 0

1748486404
0.0 0.0 0.0 0

1748486405
0.0 0.0 0.0 225

1748486406
0.0 0.0 0.0 153

1748486407
0.0 0.0 0.0 0

1748486408
0.0 0.0 0.0 0

1748486409
0.0 0.0 0.0 0

1748486410
0.0 0.0 0.0 12

1748486411
0.0 0.0 0.0 18

1748486412
0.0 0.0 0.0 7

1748486413
0.0 0.0 0.0 0

1748486414
0.0 0.0 0.0 2

1748486415
0.0 0.0 0.0 236

1748486416
0.0 0.0 0.0 5

1748486417
0.0 0.0 0.0 150

1748486418
0.0 0.0 0.0 0

1748486419
0.0 0.0 0.0 0

1748486420
0.0 0.0 0.0 0

1748486421
0.0 0.0 0.0 650

1748486422
0.0 0.0 0.0 3

1748486423
0.0 0.0 0.0 0

1748486424
0.0 0.0 0.0 0

1748486425
0.0 0.0 0.0 0

1748486426
0.0 0.0 0.0 123

1748486427
0.0 0.0 0.0 0

1748486428
0.0 0.0 0.0 1

1748486429
0.0 0.0 0.0 7

1748486430
0.0 0.0 0.0 0

1748486431
0.0 0.0 0.0 567

1748486432
0.0 0.0 0.0 111

1748486433
0.0 0.0 0.0 0

1748486434
0.0 0.0 0.0 0

1748486435
0.0 0.0 0.0 95

1748486436
0.0 0.0 0.0 74

1748486437
0.0 0.0 0.0 188

1748486438
0.0 0.0 0.0 0

1748486439
0.0 0.0 0.0 0

1748486440
0.0 0.0 0.0 0

1748486441
0.0 0.0 0.0 259

1748486442
0.0 0.0 0.0 31

1748486443
0.0 0.0 0.0 69

1748486444
0.0 0.0 0.0 112

1748486445
0.0 0.0 0.0 0

1748486446
0.0 0.0 0.0 12

1748486447
0.0 0.0 0.0 5

1748486448
0.0 0.0 0.0 0

1748486449
0.0 0.0 0.0 0

1748486450
0.0 0.0 0.0 0

1748486451
0.0 0.0 0.0 0

1748486452
0.0 0.0 0.0 102

1748486453
0.0 0.0 0.0 0

1748486454
0.0 0.0 0.0 0

1748486455
0.0 0.0 0.0 0

1748486456
0.0 0.0 0.0 0

1748486457
0.0 0.0 0.0 244

1748486458
0.0 0.0 0.0 120

1748486459
0.0 0.0 0.0 0

1748486460
0.0 0.0 0.0 0

1748486461
0.0 0.0 0.0 0

1748486462
0.0 0.0 0.0 143

1748486463
0.0 0.0 0.0 15

1748486464
0.0 0.0 0.0 0

1748486465
0.0 0.0 0.0 0

1748486466
0.0 0.0 0.0 0

1748486467
0.0 0.0 0.0 0

1748486468
0.0 0.0 0.0 29

1748486469
0.0 0.0 0.0 0

1748486470
0.0 0.0 0.0 187

1748486471
0.0 0.0 0.0 24

1748486472
0.0 0.0 0.0 0

1748486473
0.0 0.0 0.0 0

1748486474
0.0 0.0 0.0 0

1748486475
0.0 0.0 0.0 141

1748486476
0.0 0.0 0.0 14

1748486477
0.0 0.0 0.0 14

1748486478
0.0 0.0 0.0 98

1748486479
0.0 0.0 0.0 0

1748486480
0.0 0.0 0.0 124

1748486481
0.0 0.0 0.0 366

1748486482
0.0 0.0 0.0 0

1748486483
0.0 0.0 0.0 0

1748486484
0.0 0.0 0.0 1

1748486485
0.0 0.0 0.0 8

1748486486
0.0 0.0 0.0 0

1748486487
0.0 0.0 0.0 28

1748486488
0.0 0.0 0.0 121

1748486489
0.0 0.0 0.0 0

1748486490
0.0 0.0 0.0 232

1748486491
0.0 0.0 0.0 199

1748486492
0.0 0.0 0.0 0

1748486493
0.0 0.0 0.0 76

1748486494
0.0 0.0 0.0 0

1748486495
0.0 0.0 0.0 143

1748486496
0.0 0.0 0.0 0

1748486497
0.0 0.0 0.0 0

1748486498
0.0 0.0 0.0 0

1748486499
0.0 0.0 0.0 0

1748486500
0.0 0.0 0.0 12

1748486501
0.0 0.0 0.0 15

1748486502
0.0 0.0 0.0 0

1748486503
0.0 0.0 0.0 0

1748486504
0.0 0.0 0.0 0

1748486505
0.0 0.0 0.0 6

1748486506
0.0 0.0 0.0 0

1748486507
0.0 0.0 0.0 0

1748486508
0.0 0.0 0.0 0

1748486509
0.0 0.0 0.0 207

1748486510
0.0 0.0 0.0 96

1748486511
0.0 0.0 0.0 28

1748486512
0.0 0.0 0.0 0

1748486513
0.0 0.0 0.0 0

1748486514
0.0 0.0 0.0 0

1748486515
0.0 0.0 0.0 0

1748486516
0.0 0.0 0.0 6

1748486517
0.0 0.0 0.0 0

1748486518
0.0 0.0 0.0 102

1748486519
0.0 0.0 0.0 90

1748486520
0.0 0.0 0.0 0

1748486521
0.0 0.0 0.0 10

1748486522
0.0 0.0 0.0 16

1748486523
0.0 0.0 0.0 14

1748486524
0.0 0.0 0.0 34

1748486525
0.0 0.0 0.0 0

1748486526
0.0 0.0 0.0 0

1748486527
0.0 0.0 0.0 0

1748486528
0.0 0.0 0.0 95

1748486529
0.0 0.0 0.0 6

1748486530
0.0 0.0 0.0 9

1748486531
0.0 0.0 0.0 0

1748486532
0.0 0.0 0.0 0

1748486533
0.0 0.0 0.0 0

1748486534
0.0 0.0 0.0 136

1748486535
0.0 0.0 0.0 53

1748486536
0.0 0.0 0.0 0

1748486537
0.0 0.0 0.0 0

1748486538
0.0 0.0 0.0 0

1748486539
0.0 0.0 0.0 0

1748486540
0.0 0.0 0.0 22

1748486541
0.0 0.0 0.0 1

1748486542
0.0 0.0 0.0 0

1748486543
0.0 0.0 0.0 0

1748486544
0.0 0.0 0.0 0

1748486545
0.0 0.0 0.0 74

1748486546
0.0 0.0 0.0 4

1748486547
0.0 0.0 0.0 0

1748486548
0.0 0.0 0.0 3

1748486549
0.0 0.0 0.0 0

1748486550
0.0 0.0 0.0 93

1748486551
0.0 0.0 0.0 0

1748486552
0.0 0.0 0.0 0

1748486553
0.0 0.0 0.0 231

1748486554
0.0 0.0 0.0 0

1748486555
0.0 0.0 0.0 67

1748486556
0.0 0.0 0.0 0

1748486557
0.0 0.0 0.0 1

1748486558
0.0 0.0 0.0 3

1748486559
0.0 0.0 0.0 4

1748486560
0.0 0.0 0.0 70

1748486561
0.0 0.0 0.0 0

1748486562
0.0 0.0 0.0 0

1748486563
0.0 0.0 0.0 0

1748486564
0.0 0.0 0.0 0

1748486565
0.0 0.0 0.0 360

1748486566
0.0 0.0 0.0 4

1748486567
0.0 0.0 0.0 0

1748486568
0.0 0.0 0.0 0

1748486569
0.0 0.0 0.0 0

1748486570
0.0 0.0 0.0 56

1748486571
0.0 0.0 0.0 0

1748486572
0.0 0.0 0.0 0

1748486573
0.0 0.0 0.0 24

1748486574
0.0 0.0 0.0 0

1748486575
0.0 0.0 0.0 148

1748486576
0.0 0.0 0.0 191

1748486577
0.0 0.0 0.0 0

1748486578
0.0 0.0 0.0 0

1748486579
0.0 0.0 0.0 0

1748486580
0.0 0.0 0.0 9

1748486581
0.0 0.0 0.0 0

1748486582
0.0 0.0 0.0 20

1748486583
0.0 0.0 0.0 0

1748486584
0.0 0.0 0.0 0

1748486585
0.0 0.0 0.0 208

1748486586
0.0 0.0 0.0 38

1748486587
0.0 0.0 0.0 0

1748486588
0.0 0.0 0.0 0

1748486589
0.0 0.0 0.0 166

1748486590
0.0 0.0 0.0 53

1748486591
0.0 0.0 0.0 131

1748486592
0.0 0.0 0.0 0

1748486593
0.0 0.0 0.0 0

1748486594
0.0 0.0 0.0 188

1748486595
0.0 0.0 0.0 217

1748486596
0.0 0.0 0.0 0

1748486597
0.0 0.0 0.0 0

1748486598
0.0 0.0 0.0 2

1748486599
0.0 0.0 0.0 3

1748486600
0.0 0.0 0.0 67

1748486601
0.0 0.0 0.0 0

1748486602
0.0 0.0 0.0 0

1748486603
0.0 0.0 0.0 0

1748486604
0.0 0.0 0.0 151

1748486605
0.0 0.0 0.0 102

1748486606
0.0 0.0 0.0 363

1748486607
0.0 0.0 0.0 5

1748486608
0.0 0.0 0.0 0

1748486609
0.0 0.0 0.0 0

1748486610
0.0 0.0 0.0 50

1748486611
0.0 0.0 0.0 369

1748486612
0.0 0.0 0.0 0

1748486613
0.0 0.0 0.0 0

1748486614
0.0 0.0 0.0 0

1748486615
0.0 0.0 0.0 169

1748486616
0.0 0.0 0.0 390

1748486617
0.0 0.0 0.0 0

1748486618
0.0 0.0 0.0 0

1748486619
0.0 0.0 0.0 1

1748486620
0.0 0.0 0.0 237

1748486621
0.0 0.0 0.0 11

1748486622
0.0 0.0 0.0 0

1748486623
0.0 0.0 0.0 0

1748486624
0.0 0.0 0.0 24

1748486625
0.0 0.0 0.0 267

1748486626
0.0 0.0 0.0 2

1748486627
0.0 0.0 0.0 0

1748486628
0.0 0.0 0.0 0

1748486629
0.0 0.0 0.0 9

1748486630
0.0 0.0 0.0 351

1748486631
0.0 0.0 0.0 0

1748486632
0.0 0.0 0.0 13

1748486633
0.0 0.0 0.0 0

1748486634
0.0 0.0 0.0 0

1748486635
0.0 0.0 0.0 315

1748486636
0.0 0.0 0.0 0

1748486637
0.0 0.0 0.0 180

1748486638
0.0 0.0 0.0 0

1748486639
0.0 0.0 0.0 0

1748486640
0.0 0.0 0.0 114

1748486641
0.0 0.0 0.0 1

1748486642
0.0 0.0 0.0 25

1748486643
0.0 0.0 0.0 0

1748486644
0.0 0.0 0.0 0

1748486645
0.0 0.0 0.0 367

1748486646
0.0 0.0 0.0 0

1748486647
0.0 0.0 0.0 0

1748486648
0.0 0.0 0.0 0

1748486649
0.0 0.0 0.0 49

1748486650
0.0 0.0 0.0 260

1748486651
0.0 0.0 0.0 0

1748486652
0.0 0.0 0.0 0

1748486653
0.0 0.0 0.0 0

1748486654
0.0 0.0 0.0 159

1748486655
0.0 0.0 0.0 134

1748486656
0.0 0.0 0.0 8

1748486657
0.0 0.0 0.0 6

1748486658
0.0 0.0 0.0 0

1748486659
0.0 0.0 0.0 0

1748486660
0.0 0.0 0.0 303

1748486661
0.0 0.0 0.0 0

1748486662
0.0 0.0 0.0 0

1748486663
0.0 0.0 0.0 0

1748486664
0.0 0.0 0.0 0

1748486665
0.0 0.0 0.0 269

1748486666
0.0 0.0 0.0 0

1748486667
0.0 0.0 0.0 162

1748486668
0.0 0.0 0.0 0

1748486669
0.0 0.0 0.0 0

1748486670
0.0 0.0 0.0 365

1748486671
0.0 0.0 0.0 47

1748486672
0.0 0.0 0.0 0

1748486673
0.0 0.0 0.0 25

1748486674
0.0 0.0 0.0 1

1748486675
0.0 0.0 0.0 0

1748486676
0.0 0.0 0.0 124

1748486677
0.0 0.0 0.0 0

1748486678
0.0 0.0 0.0 0

1748486679
0.0 0.0 0.0 0

1748486680
0.0 0.0 0.0 0

1748486681
0.0 0.0 0.0 10

1748486682
0.0 0.0 0.0 0

1748486683
0.0 0.0 0.0 406

1748486684
0.0 0.0 0.0 0

1748486685
0.0 0.0 0.0 0

1748486686
0.0 0.0 0.0 221

1748486687
0.0 0.0 0.0 31

1748486688
0.0 0.0 0.0 141

1748486689
0.0 0.0 0.0 133

1748486690
0.0 0.0 0.0 0

1748486691
0.0 0.0 0.0 11

1748486692
0.0 0.0 0.0 0

1748486693
0.0 0.0 0.0 88

1748486694
0.0 0.0 0.0 0

1748486695
0.0 0.0 0.0 0

1748486696
0.0 0.0 0.0 317

1748486697
0.0 0.0 0.0 3

1748486698
0.0 0.0 0.0 6

1748486699
0.0 0.0 0.0 1

1748486700
0.0 0.0 0.0 1

1748486701
0.0 0.0 0.0 77

1748486702
0.0 0.0 0.0 19

1748486703
0.0 0.0 0.0 158

1748486704
0.0 0.0 0.0 0

1748486705
0.0 0.0 0.0 0

1748486706
0.0 0.0 0.0 4

1748486707
0.0 0.0 0.0 0

1748486708
0.0 0.0 0.0 0

1748486709
0.0 0.0 0.0 17

1748486710
0.0 0.0 0.0 453

1748486711
0.0 0.0 0.0 0

1748486712
0.0 0.0 0.0 0

1748486713
0.0 0.0 0.0 0

1748486714
0.0 0.0 0.0 0

1748486715
0.0 0.0 0.0 72

1748486716
0.0 0.0 0.0 0

1748486717
0.0 0.0 0.0 45

1748486718
0.0 0.0 0.0 0

1748486719
0.0 0.0 0.0 0

1748486720
0.0 0.0 0.0 5

1748486721
0.0 0.0 0.0 0

1748486722
0.0 0.0 0.0 428

1748486723
0.0 0.0 0.0 153

1748486724
0.0 0.0 0.0 0

1748486725
0.0 0.0 0.0 11

1748486726
0.0 0.0 0.0 0

1748486727
0.0 0.0 0.0 106

1748486728
0.0 0.0 0.0 13

1748486729
0.0 0.0 0.0 0

1748486730
0.0 0.0 0.0 132

1748486731
0.0 0.0 0.0 0

1748486732
0.0 0.0 0.0 2540

1748486733
0.0 0.0 0.0 0

1748486734
0.0 0.0 0.0 0

1748486735
0.0 0.0 0.0 138

1748486736
0.0 0.0 0.0 0

1748486737
0.0 0.0 0.0 0

1748486738
0.0 0.0 0.0 826

1748486739
0.0 0.0 0.0 9

1748486740
0.0 0.0 0.0 0

1748486741
0.0 0.0 0.0 31

1748486742
0.0 0.0 0.0 3

1748486743
0.0 0.0 0.0 319

1748486744
0.0 0.0 0.0 0

1748486745
0.0 0.0 0.0 0

1748486746
0.0 0.0 0.0 6

1748486747
0.0 0.0 0.0 0

1748486748
0.0 0.0 0.0 98

1748486749
0.0 0.0 0.0 0

1748486750
0.0 0.0 0.0 0

1748486751
0.0 0.0 0.0 0

1748486752
0.0 0.0 0.0 112

1748486753
0.0 0.0 0.0 190

1748486754
0.0 0.0 0.0 0

1748486755
0.0 0.0 0.0 0

1748486756
0.0 0.0 0.0 0

1748486757
0.0 0.0 0.0 6

1748486758
0.0 0.0 0.0 0

1748486759
0.0 0.0 0.0 782

1748486760
0.0 0.0 0.0 19

1748486761
0.0 0.0 0.0 0

1748486762
0.0 0.0 0.0 0

1748486763
0.0 0.0 0.0 1

1748486764
0.0 0.0 0.0 157

1748486765
0.0 0.0 0.0 0

1748486766
0.0 0.0 0.0 0

1748486767
0.0 0.0 0.0 0

1748486768
0.0 0.0 0.0 0

1748486769
0.0 0.0 0.0 545

1748486770
0.0 0.0 0.0 0

1748486771
0.0 0.0 0.0 64

1748486772
0.0 0.0 0.0 0

1748486773
0.0 0.0 0.0 0

1748486774
0.0 0.0 0.0 0

1748486775
0.0 0.0 0.0 20

1748486776
0.0 0.0 0.0 111

1748486777
0.0 0.0 0.0 0

1748486778
0.0 0.0 0.0 0

1748486779
0.0 0.0 0.0 0

1748486780
0.0 0.0 0.0 80

1748486781
0.0 0.0 0.0 18

1748486782
0.0 0.0 0.0 0

1748486783
0.0 0.0 0.0 0

1748486784
0.0 0.0 0.0 0

1748486785
0.0 0.0 0.0 241

1748486786
0.0 0.0 0.0 162

1748486787
0.0 0.0 0.0 0

1748486788
0.0 0.0 0.0 0

1748486789
0.0 0.0 0.0 0

1748486790
0.0 0.0 0.0 36

1748486791
0.0 0.0 0.0 12

1748486792
0.0 0.0 0.0 0

1748486793
0.0 0.0 0.0 0

1748486794
0.0 0.0 0.0 0

1748486795
0.0 0.0 0.0 162

1748486796
0.0 0.0 0.0 1

1748486797
0.0 0.0 0.0 4

1748486798
0.0 0.0 0.0 0

1748486799
0.0 0.0 0.0 0

1748486800
0.0 0.0 0.0 0

1748486801
0.0 0.0 0.0 371

1748486802
0.0 0.0 0.0 1

1748486803
0.0 0.0 0.0 0

1748486804
0.0 0.0 0.0 0

1748486805
0.0 0.0 0.0 134

1748486806
0.0 0.0 0.0 83

1748486807
0.0 0.0 0.0 0

1748486808
0.0 0.0 0.0 0

1748486809
0.0 0.0 0.0 0

1748486810
0.0 0.0 0.0 145

1748486811
0.0 0.0 0.0 185

1748486812
0.0 0.0 0.0 0

1748486813
0.0 0.0 0.0 0

1748486814
0.0 0.0 0.0 0

1748486815
0.0 0.0 0.0 0

1748486816
0.0 0.0 0.0 224

1748486817
0.0 0.0 0.0 0

1748486818
0.0 0.0 0.0 0

1748486819
0.0 0.0 0.0 0

1748486820
0.0 0.0 0.0 0

1748486821
0.0 0.0 0.0 158

1748486822
0.0 0.0 0.0 16

1748486823
0.0 0.0 0.0 7

1748486824
0.0 0.0 0.0 6

1748486825
0.0 0.0 0.0 1

1748486826
0.0 0.0 0.0 208

1748486827
0.0 0.0 0.0 0

1748486828
0.0 0.0 0.0 0

1748486829
0.0 0.0 0.0 363

1748486830
0.0 0.0 0.0 83

1748486831
0.0 0.0 0.0 225

1748486832
0.0 0.0 0.0 0

1748486833
0.0 0.0 0.0 0

1748486834
0.0 0.0 0.0 200

1748486835
0.0 0.0 0.0 170

1748486836
0.0 0.0 0.0 49

1748486837
0.0 0.0 0.0 0

1748486838
0.0 0.0 0.0 0

1748486839
0.0 0.0 0.0 0

1748486840
0.0 0.0 0.0 109

1748486841
0.0 0.0 0.0 0

1748486842
0.0 0.0 0.0 192

1748486843
0.0 0.0 0.0 0

1748486844
0.0 0.0 0.0 25

1748486845
0.0 0.0 0.0 32

1748486846
0.0 0.0 0.0 0

1748486847
0.0 0.0 0.0 184

1748486848
0.0 0.0 0.0 0

1748486849
0.0 0.0 0.0 0

1748486850
0.0 0.0 0.0 212

1748486851
0.0 0.0 0.0 0

1748486852
0.0 0.0 0.0 64

1748486853
0.0 0.0 0.0 0

1748486854
0.0 0.0 0.0 0

1748486855
0.0 0.0 0.0 18

1748486856
0.0 0.0 0.0 0

1748486857
0.0 0.0 0.0 133

1748486858
0.0 0.0 0.0 0

1748486859
0.0 0.0 0.0 0

1748486860
0.0 0.0 0.0 259

1748486861
0.0 0.0 0.0 0

1748486862
0.0 0.0 0.0 136

1748486863
0.0 0.0 0.0 0

1748486864
0.0 0.0 0.0 143

1748486865
0.0 0.0 0.0 0

1748486866
0.0 0.0 0.0 0

1748486867
0.0 0.0 0.0 294

1748486868
0.0 0.0 0.0 0

1748486869
0.0 0.0 0.0 400

1748486870
0.0 0.0 0.0 0

1748486871
0.0 0.0 0.0 5

1748486872
0.0 0.0 0.0 27

1748486873
0.0 0.0 0.0 0

1748486874
0.0 0.0 0.0 6

1748486875
0.0 0.0 0.0 5

1748486876
0.0 0.0 0.0 32

1748486877
0.0 0.0 0.0 243

1748486878
0.0 0.0 0.0 93

1748486879
0.0 0.0 0.0 136

1748486880
0.0 0.0 0.0 0

1748486881
0.0 0.0 0.0 2

1748486882
0.0 0.0 0.0 43

1748486883
0.0 0.0 0.0 23

1748486884
0.0 0.0 0.0 142

1748486885
0.0 0.0 0.0 0

1748486886
0.0 0.0 0.0 0

1748486887
0.0 0.0 0.0 0

1748486888
0.0 0.0 0.0 130

1748486889
0.0 0.0 0.0 443

1748486890
0.0 0.0 0.0 0

1748486891
0.0 0.0 0.0 13

1748486892
0.0 0.0 0.0 0

1748486893
0.0 0.0 0.0 1194

1748486894
0.0 0.0 0.0 0

1748486895
0.0 0.0 0.0 178

1748486896
0.0 0.0 0.0 2984

1748486897
0.0 0.0 0.0 0

1748486898
0.0 0.0 0.0 212

1748486899
0.0 0.0 0.0 0

1748486900
0.0 0.0 0.0 62

1748486901
0.0 0.0 0.0 8

1748486902
0.0 0.0 0.0 1

1748486903
0.0 0.0 0.0 111

1748486904
0.0 0.0 0.0 0

1748486905
0.0 0.0 0.0 0

1748486906
0.0 0.0 0.0 154

1748486907
0.0 0.0 0.0 0

1748486908
0.0 0.0 0.0 256

1748486909
0.0 0.0 0.0 0

1748486910
0.0 0.0 0.0 0

1748486911
0.0 0.0 0.0 7

1748486912
0.0 0.0 0.0 33

1748486913
0.0 0.0 0.0 37

1748486914
0.0 0.0 0.0 0

1748486915
0.0 0.0 0.0 0

1748486916
0.0 0.0 0.0 63

1748486917
0.0 0.0 0.0 0

1748486918
0.0 0.0 0.0 46

1748486919
0.0 0.0 0.0 0

1748486920
0.0 0.0 0.0 6

1748486921
0.0 0.0 0.0 294

1748486922
0.0 0.0 0.0 0

1748486923
0.0 0.0 0.0 0

1748486924
0.0 0.0 0.0 301

1748486925
0.0 0.0 0.0 0

1748486926
0.0 0.0 0.0 0

1748486927
0.0 0.0 0.0 0

1748486928
0.0 0.0 0.0 0

1748486929
0.0 0.0 0.0 0

1748486930
0.0 0.0 0.0 440

1748486931
0.0 0.0 0.0 0

1748486932
0.0 0.0 0.0 4

1748486933
0.0 0.0 0.0 0

1748486934
0.0 0.0 0.0 0

1748486935
0.0 0.0 0.0 45

1748486936
0.0 0.0 0.0 173

1748486938
0.0 0.0 0.0 0

1748486939
0.0 0.0 0.0 2700

1748486940
0.0 0.0 0.0 12

1748486941
0.0 0.0 0.0 218

1748486942
0.0 0.0 0.0 172

1748486943
0.0 0.0 0.0 0

1748486944
0.0 0.0 0.0 539

1748486945
0.0 0.0 0.0 129

1748486946
0.0 0.0 0.0 3

1748486947
0.0 0.0 0.0 8

1748486948
0.0 0.0 0.0 26

1748486949
0.0 0.0 0.0 23

1748486950
0.0 0.0 0.0 133

1748486951
0.0 0.0 0.0 6

1748486952
0.0 0.0 0.0 0

1748486953
0.0 0.0 0.0 244

1748486954
0.0 0.0 0.0 0

1748486955
0.0 0.0 0.0 158

1748486956
0.0 0.0 0.0 66

1748486957
0.0 0.0 0.0 0

1748486958
0.0 0.0 0.0 47

1748486959
0.0 0.0 0.0 0

1748486960
0.0 0.0 0.0 0

1748486961
0.0 0.0 0.0 8

1748486962
0.0 0.0 0.0 0

1748486963
0.0 0.0 0.0 13

1748486964
0.0 0.0 0.0 0

1748486965
0.0 0.0 0.0 0

1748486966
0.0 0.0 0.0 110

1748486967
0.0 0.0 0.0 0

1748486968
0.0 0.0 0.0 190

1748486969
0.0 0.0 0.0 0

1748486970
0.0 0.0 0.0 0

1748486971
0.0 0.0 0.0 132

1748486972
0.0 0.0 0.0 0

1748486973
0.0 0.0 0.0 3

1748486974
0.0 0.0 0.0 0

1748486975
0.0 0.0 0.0 0

1748486976
0.0 0.0 0.0 43

1748486977
0.0 0.0 0.0 0

1748486978
0.0 0.0 0.0 6

1748486979
0.0 0.0 0.0 0

1748486980
0.0 0.0 0.0 3

1748486981
0.0 0.0 0.0 67

1748486982
0.0 0.0 0.0 2

1748486983
0.0 0.0 0.0 154

1748486984
0.0 0.0 0.0 0

1748486985
0.0 0.0 0.0 2

1748486986
0.0 0.0 0.0 11

1748486987
0.0 0.0 0.0 0

1748486988
0.0 0.0 0.0 207

1748486989
0.0 0.0 0.0 0

1748486990
0.0 0.0 0.0 0

1748486991
0.0 0.0 0.0 5

1748486992
0.0 0.0 0.0 117

1748486993
0.0 0.0 0.0 59

1748486994
0.0 0.0 0.0 0

1748486995
0.0 0.0 0.0 0

1748486996
0.0 0.0 0.0 120

1748486997
0.0 0.0 0.0 676

1748486998
0.0 0.0 0.0 6

1748486999
0.0 0.0 0.0 3

1748487000
0.0 0.0 0.0 2

1748487001
0.0 0.0 0.0 70

1748487002
0.0 0.0 0.0 267

1748487003
0.0 0.0 0.0 0

1748487004
0.0 0.0 0.0 0

1748487005
0.0 0.0 0.0 0

1748487006
0.0 0.0 0.0 0

1748487007
0.0 0.0 0.0 5

1748487008
0.0 0.0 0.0 22

1748487009
0.0 0.0 0.0 163

1748487010
0.0 0.0 0.0 0

1748487011
0.0 0.0 0.0 0

1748487012
0.0 0.0 0.0 170

1748487013
0.0 0.0 0.0 0

1748487014
0.0 0.0 0.0 267

1748487015
0.0 0.0 0.0 0

1748487016
0.0 0.0 0.0 0

1748487017
0.0 0.0 0.0 207

1748487018
0.0 0.0 0.0 3

1748487019
0.0 0.0 0.0 82

1748487020
0.0 0.0 0.0 0

1748487021
0.0 0.0 0.0 0

1748487022
0.0 0.0 0.0 41

1748487023
0.0 0.0 0.0 0

1748487024
0.0 0.0 0.0 148

1748487025
0.0 0.0 0.0 0

1748487026
0.0 0.0 0.0 0

1748487027
0.0 0.0 0.0 13

1748487028
0.0 0.0 0.0 0

1748487029
0.0 0.0 0.0 38

1748487030
0.0 0.0 0.0 1

1748487031
0.0 0.0 0.0 0

1748487032
0.0 0.0 0.0 0

1748487033
0.0 0.0 0.0 225

1748487034
0.0 0.0 0.0 6

1748487035
0.0 0.0 0.0 5

1748487036
0.0 0.0 0.0 0

1748487037
0.0 0.0 0.0 0

1748487038
0.0 0.0 0.0 44

1748487039
0.0 0.0 0.0 24

1748487040
0.0 0.0 0.0 1

1748487041
0.0 0.0 0.0 0

1748487042
0.0 0.0 0.0 0

1748487043
0.0 0.0 0.0 28

1748487044
0.0 0.0 0.0 23

1748487045
0.0 0.0 0.0 5

1748487046
0.0 0.0 0.0 0

1748487047
0.0 0.0 0.0 0

1748487048
0.0 0.0 0.0 7

1748487049
0.0 0.0 0.0 0

1748487050
0.0 0.0 0.0 73

1748487051
0.0 0.0 0.0 127

1748487052
0.0 0.0 0.0 3

1748487053
0.0 0.0 0.0 96

1748487054
0.0 0.0 0.0 0

1748487055
0.0 0.0 0.0 27

1748487056
0.0 0.0 0.0 2

1748487057
0.0 0.0 0.0 0

1748487058
0.0 0.0 0.0 273

1748487059
0.0 0.0 0.0 114

1748487060
0.0 0.0 0.0 0

1748487061
0.0 0.0 0.0 0

1748487062
0.0 0.0 0.0 122

1748487063
0.0 0.0 0.0 169

1748487064
0.0 0.0 0.0 106

1748487065
0.0 0.0 0.0 2

1748487066
0.0 0.0 0.0 169

1748487067
0.0 0.0 0.0 0

1748487068
0.0 0.0 0.0 114

1748487069
0.0 0.0 0.0 1

1748487070
0.0 0.0 0.0 20

1748487071
0.0 0.0 0.0 2

1748487072
0.0 0.0 0.0 3

1748487073
0.0 0.0 0.0 156

1748487074
0.0 0.0 0.0 0

1748487075
0.0 0.0 0.0 171

1748487076
0.0 0.0 0.0 0

1748487077
0.0 0.0 0.0 0

1748487078
0.0 0.0 0.0 0

1748487079
0.0 0.0 0.0 27

1748487080
0.0 0.0 0.0 147

1748487081
0.0 0.0 0.0 0

1748487082
0.0 0.0 0.0 0

1748487083
0.0 0.0 0.0 0

1748487084
0.0 0.0 0.0 59

1748487085
0.0 0.0 0.0 8

1748487086
0.0 0.0 0.0 0

1748487087
0.0 0.0 0.0 0

1748487088
0.0 0.0 0.0 0

1748487089
0.0 0.0 0.0 166

1748487090
0.0 0.0 0.0 14

1748487091
0.0 0.0 0.0 0

1748487092
0.0 0.0 0.0 0

1748487093
0.0 0.0 0.0 0

1748487094
0.0 0.0 0.0 11

1748487095
0.0 0.0 0.0 22

1748487096
0.0 0.0 0.0 0

1748487097
0.0 0.0 0.0 0

1748487098
0.0 0.0 0.0 0

1748487099
0.0 0.0 0.0 10

1748487100
0.0 0.0 0.0 4

1748487101
0.0 0.0 0.0 2

1748487102
0.0 0.0 0.0 3

1748487103
0.0 0.0 0.0 0

1748487104
0.0 0.0 0.0 20

1748487105
0.0 0.0 0.0 2767

1748487106
0.0 0.0 0.0 19

1748487107
0.0 0.0 0.0 0

1748487108
0.0 0.0 0.0 6

1748487109
0.0 0.0 0.0 261

1748487110
0.0 0.0 0.0 19

1748487111
0.0 0.0 0.0 191

1748487112
0.0 0.0 0.0 0

1748487113
0.0 0.0 0.0 10

1748487114
0.0 0.0 0.0 74

1748487115
0.0 0.0 0.0 12

1748487116
0.0 0.0 0.0 2

1748487117
0.0 0.0 0.0 0

1748487118
0.0 0.0 0.0 1

1748487119
0.0 0.0 0.0 50

1748487120
0.0 0.0 0.0 384

1748487121
0.0 0.0 0.0 0

1748487122
0.0 0.0 0.0 12

1748487123
0.0 0.0 0.0 0

1748487124
0.0 0.0 0.0 146

1748487125
0.0 0.0 0.0 210

1748487126
0.0 0.0 0.0 0

1748487127
0.0 0.0 0.0 0

1748487128
0.0 0.0 0.0 0

1748487129
0.0 0.0 0.0 0

1748487130
0.0 0.0 0.0 9

1748487131
0.0 0.0 0.0 85

1748487132
0.0 0.0 0.0 0

1748487133
0.0 0.0 0.0 0

1748487134
0.0 0.0 0.0 0

1748487135
0.0 0.0 0.0 197

1748487136
0.0 0.0 0.0 0

1748487137
0.0 0.0 0.0 3

1748487138
0.0 0.0 0.0 0

1748487139
0.0 0.0 0.0 0

1748487140
0.0 0.0 0.0 143

1748487141
0.0 0.0 0.0 0

1748487142
0.0 0.0 0.0 0

1748487143
0.0 0.0 0.0 0

1748487144
0.0 0.0 0.0 2

1748487145
0.0 0.0 0.0 187

1748487146
0.0 0.0 0.0 0

1748487147
0.0 0.0 0.0 0

1748487148
0.0 0.0 0.0 0

1748487149
0.0 0.0 0.0 0

1748487150
0.0 0.0 0.0 6

1748487151
0.0 0.0 0.0 0

1748487152
0.0 0.0 0.0 0

1748487153
0.0 0.0 0.0 0

1748487154
0.0 0.0 0.0 0

1748487155
0.0 0.0 0.0 244

1748487156
0.0 0.0 0.0 0

1748487157
0.0 0.0 0.0 0

1748487158
0.0 0.0 0.0 0

1748487159
0.0 0.0 0.0 0

1748487160
0.0 0.0 0.0 49

1748487161
0.0 0.0 0.0 15

1748487162
0.0 0.0 0.0 0

1748487163
0.0 0.0 0.0 0

1748487164
0.0 0.0 0.0 0

1748487165
0.0 0.0 0.0 16

1748487166
0.0 0.0 0.0 132

1748487167
0.0 0.0 0.0 0

1748487168
0.0 0.0 0.0 0

1748487169
0.0 0.0 0.0 0

1748487170
0.0 0.0 0.0 94

1748487171
0.0 0.0 0.0 65

1748487172
0.0 0.0 0.0 0

1748487173
0.0 0.0 0.0 0

1748487174
0.0 0.0 0.0 0

1748487175
0.0 0.0 0.0 8

1748487176
0.0 0.0 0.0 6

1748487177
0.0 0.0 0.0 0

1748487178
0.0 0.0 0.0 0

1748487179
0.0 0.0 0.0 187

1748487180
0.0 0.0 0.0 142

1748487181
0.0 0.0 0.0 6

1748487182
0.0 0.0 0.0 22

1748487183
0.0 0.0 0.0 0

1748487184
0.0 0.0 0.0 170

1748487185
0.0 0.0 0.0 84

1748487186
0.0 0.0 0.0 118

1748487187
0.0 0.0 0.0 0

1748487188
0.0 0.0 0.0 0

1748487189
0.0 0.0 0.0 0

1748487190
0.0 0.0 0.0 150

1748487191
0.0 0.0 0.0 106

1748487192
0.0 0.0 0.0 0

1748487193
0.0 0.0 0.0 0

1748487194
0.0 0.0 0.0 0

1748487195
0.0 0.0 0.0 3

1748487196
0.0 0.0 0.0 156

1748487197
0.0 0.0 0.0 0

1748487198
0.0 0.0 0.0 0

1748487199
0.0 0.0 0.0 0

1748487200
0.0 0.0 0.0 7

1748487201
0.0 0.0 0.0 20

1748487202
0.0 0.0 0.0 0

1748487203
0.0 0.0 0.0 0

1748487204
0.0 0.0 0.0 0

1748487205
0.0 0.0 0.0 162

1748487206
0.0 0.0 0.0 0

1748487207
0.0 0.0 0.0 203

1748487208
0.0 0.0 0.0 0

1748487209
0.0 0.0 0.0 0

1748487210
0.0 0.0 0.0 110

1748487211
0.0 0.0 0.0 6

1748487212
0.0 0.0 0.0 9

1748487213
0.0 0.0 0.0 0

1748487214
0.0 0.0 0.0 0

1748487215
0.0 0.0 0.0 44

1748487216
0.0 0.0 0.0 2

1748487217
0.0 0.0 0.0 43

1748487218
0.0 0.0 0.0 0

1748487219
0.0 0.0 0.0 0

1748487220
0.0 0.0 0.0 78

1748487221
0.0 0.0 0.0 15

1748487222
0.0 0.0 0.0 156

1748487223
0.0 0.0 0.0 4

1748487224
0.0 0.0 0.0 327

1748487225
0.0 0.0 0.0 1

1748487226
0.0 0.0 0.0 0

1748487227
0.0 0.0 0.0 134

1748487228
0.0 0.0 0.0 0

1748487229
0.0 0.0 0.0 510

1748487230
0.0 0.0 0.0 95

1748487231
0.0 0.0 0.0 0

1748487232
0.0 0.0 0.0 117

1748487233
0.0 0.0 0.0 0

1748487234
0.0 0.0 0.0 6

1748487235
0.0 0.0 0.0 105

1748487236
0.0 0.0 0.0 0

1748487237
0.0 0.0 0.0 24

1748487238
0.0 0.0 0.0 0

1748487239
0.0 0.0 0.0 0

1748487240
0.0 0.0 0.0 62

1748487241
0.0 0.0 0.0 0

1748487242
0.0 0.0 0.0 43

1748487243
0.0 0.0 0.0 0

1748487244
0.0 0.0 0.0 107

1748487245
0.0 0.0 0.0 6

1748487246
0.0 0.0 0.0 0

1748487247
0.0 0.0 0.0 0

1748487248
0.0 0.0 0.0 114

1748487249
0.0 0.0 0.0 104

1748487250
0.0 0.0 0.0 46

1748487251
0.0 0.0 0.0 0

1748487252
0.0 0.0 0.0 0

1748487253
0.0 0.0 0.0 110

1748487254
0.0 0.0 0.0 69

1748487255
0.0 0.0 0.0 1

1748487256
0.0 0.0 0.0 0

1748487257
0.0 0.0 0.0 0

1748487258
0.0 0.0 0.0 8

1748487259
0.0 0.0 0.0 0

1748487260
0.0 0.0 0.0 62

1748487261
0.0 0.0 0.0 0

1748487262
0.0 0.0 0.0 0

1748487263
0.0 0.0 0.0 5

1748487264
0.0 0.0 0.0 0

1748487265
0.0 0.0 0.0 132

1748487266
0.0 0.0 0.0 0

1748487267
0.0 0.0 0.0 0

1748487268
0.0 0.0 0.0 24

1748487269
0.0 0.0 0.0 0

1748487270
0.0 0.0 0.0 186

1748487271
0.0 0.0 0.0 0

1748487272
0.0 0.0 0.0 0

1748487273
0.0 0.0 0.0 214

1748487274
0.0 0.0 0.0 0

1748487275
0.0 0.0 0.0 21

1748487276
0.0 0.0 0.0 0

1748487277
0.0 0.0 0.0 0

1748487278
0.0 0.0 0.0 10

1748487279
0.0 0.0 0.0 0

1748487280
0.0 0.0 0.0 6

1748487281
0.0 0.0 0.0 0

1748487282
0.0 0.0 0.0 0

1748487283
0.0 0.0 0.0 37

1748487284
0.0 0.0 0.0 0

1748487285
0.0 0.0 0.0 354

1748487286
0.0 0.0 0.0 0

1748487287
0.0 0.0 0.0 0

1748487288
0.0 0.0 0.0 0

1748487289
0.0 0.0 0.0 118

1748487290
0.0 0.0 0.0 4

1748487291
0.0 0.0 0.0 2

1748487292
0.0 0.0 0.0 0

1748487293
0.0 0.0 0.0 0

1748487294
0.0 0.0 0.0 9

1748487295
0.0 0.0 0.0 0

1748487296
0.0 0.0 0.0 14

1748487297
0.0 0.0 0.0 0

1748487298
0.0 0.0 0.0 6

1748487299
0.0 0.0 0.0 462

1748487300
0.0 0.0 0.0 2

1748487301
0.0 0.0 0.0 0

1748487302
0.0 0.0 0.0 9

1748487303
0.0 0.0 0.0 0

1748487304
0.0 0.0 0.0 441

1748487305
0.0 0.0 0.0 0

1748487306
0.0 0.0 0.0 0

1748487307
0.0 0.0 0.0 0

1748487308
0.0 0.0 0.0 0

1748487309
0.0 0.0 0.0 420

1748487310
0.0 0.0 0.0 9

1748487311
0.0 0.0 0.0 8

1748487312
0.0 0.0 0.0 0

1748487313
0.0 0.0 0.0 0

1748487314
0.0 0.0 0.0 129

1748487315
0.0 0.0 0.0 138

1748487316
0.0 0.0 0.0 0

1748487317
0.0 0.0 0.0 0

1748487318
0.0 0.0 0.0 0

1748487319
0.0 0.0 0.0 141

1748487320
0.0 0.0 0.0 7

1748487321
0.0 0.0 0.0 0

1748487322
0.0 0.0 0.0 0

1748487323
0.0 0.0 0.0 0

1748487324
0.0 0.0 0.0 2

1748487325
0.0 0.0 0.0 67

1748487326
0.0 0.0 0.0 6

1748487327
0.0 0.0 0.0 0

1748487328
0.0 0.0 0.0 0

1748487329
0.0 0.0 0.0 10

1748487330
0.0 0.0 0.0 7

1748487331
0.0 0.0 0.0 0

1748487332
0.0 0.0 0.0 0

1748487333
0.0 0.0 0.0 0

1748487334
0.0 0.0 0.0 0

1748487335
0.0 0.0 0.0 239

1748487336
0.0 0.0 0.0 146

1748487337
0.0 0.0 0.0 0

1748487338
0.0 0.0 0.0 1

1748487339
0.0 0.0 0.0 0

1748487340
0.0 0.0 0.0 153

1748487341
0.0 0.0 0.0 2

1748487342
0.0 0.0 0.0 0

1748487343
0.0 0.0 0.0 0

1748487344
0.0 0.0 0.0 64

1748487345
0.0 0.0 0.0 106

1748487346
0.0 0.0 0.0 73

1748487347
0.0 0.0 0.0 0

1748487348
0.0 0.0 0.0 0

1748487349
0.0 0.0 0.0 224

1748487350
0.0 0.0 0.0 45

1748487351
0.0 0.0 0.0 0

1748487352
0.0 0.0 0.0 0

1748487353
0.0 0.0 0.0 0

1748487354
0.0 0.0 0.0 0

1748487355
0.0 0.0 0.0 82

1748487356
0.0 0.0 0.0 0

1748487357
0.0 0.0 0.0 0

1748487358
0.0 0.0 0.0 0

1748487359
0.0 0.0 0.0 0

1748487360
0.0 0.0 0.0 102

1748487361
0.0 0.0 0.0 0

1748487362
0.0 0.0 0.0 26

1748487363
0.0 0.0 0.0 2

1748487364
0.0 0.0 0.0 0

1748487365
0.0 0.0 0.0 349

1748487366
0.0 0.0 0.0 0

1748487367
0.0 0.0 0.0 123

1748487368
0.0 0.0 0.0 0

1748487369
0.0 0.0 0.0 8

1748487370
0.0 0.0 0.0 75

1748487371
0.0 0.0 0.0 0

1748487372
0.0 0.0 0.0 6

1748487373
0.0 0.0 0.0 3

1748487374
0.0 0.0 0.0 1

1748487375
0.0 0.0 0.0 12

1748487376
0.0 0.0 0.0 89

1748487377
0.0 0.0 0.0 0

1748487378
0.0 0.0 0.0 0

1748487379
0.0 0.0 0.0 0

1748487380
0.0 0.0 0.0 245

1748487381
0.0 0.0 0.0 147

1748487382
0.0 0.0 0.0 2

1748487383
0.0 0.0 0.0 0

1748487384
0.0 0.0 0.0 0

1748487385
0.0 0.0 0.0 141

1748487386
0.0 0.0 0.0 137

1748487387
0.0 0.0 0.0 0

1748487388
0.0 0.0 0.0 0

1748487389
0.0 0.0 0.0 0

1748487390
0.0 0.0 0.0 172

1748487391
0.0 0.0 0.0 24

1748487392
0.0 0.0 0.0 0

1748487393
0.0 0.0 0.0 0

1748487394
0.0 0.0 0.0 0

1748487395
0.0 0.0 0.0 64

1748487396
0.0 0.0 0.0 68

1748487397
0.0 0.0 0.0 0

1748487398
0.0 0.0 0.0 0

1748487399
0.0 0.0 0.0 0

1748487400
0.0 0.0 0.0 155

1748487401
0.0 0.0 0.0 145

1748487402
0.0 0.0 0.0 0

1748487403
0.0 0.0 0.0 0

1748487404
0.0 0.0 0.0 427

1748487405
0.0 0.0 0.0 39

1748487406
0.0 0.0 0.0 36

1748487407
0.0 0.0 0.0 0

1748487408
0.0 0.0 0.0 0

1748487409
0.0 0.0 0.0 7

1748487410
0.0 0.0 0.0 158

1748487411
0.0 0.0 0.0 34

1748487412
0.0 0.0 0.0 0

1748487413
0.0 0.0 0.0 0

1748487414
0.0 0.0 0.0 0

1748487415
0.0 0.0 0.0 481

1748487416
0.0 0.0 0.0 0

1748487417
0.0 0.0 0.0 89

1748487418
0.0 0.0 0.0 10

1748487419
0.0 0.0 0.0 7

1748487420
0.0 0.0 0.0 309

1748487421
0.0 0.0 0.0 0

1748487422
0.0 0.0 0.0 26

1748487423
0.0 0.0 0.0 0

1748487424
0.0 0.0 0.0 0

1748487425
0.0 0.0 0.0 362

1748487426
0.0 0.0 0.0 1

1748487427
0.0 0.0 0.0 6

1748487428
0.0 0.0 0.0 0

1748487429
0.0 0.0 0.0 141

1748487430
0.0 0.0 0.0 215

1748487431
0.0 0.0 0.0 0

1748487432
0.0 0.0 0.0 7

1748487433
0.0 0.0 0.0 147

1748487434
0.0 0.0 0.0 0

1748487435
0.0 0.0 0.0 368

1748487436
0.0 0.0 0.0 1

1748487437
0.0 0.0 0.0 37

1748487438
0.0 0.0 0.0 1

1748487439
0.0 0.0 0.0 1

1748487440
0.0 0.0 0.0 179

1748487441
0.0 0.0 0.0 173

1748487442
0.0 0.0 0.0 166

1748487443
0.0 0.0 0.0 0

1748487444
0.0 0.0 0.0 0

1748487445
0.0 0.0 0.0 2564

1748487446
0.0 0.0 0.0 76

1748487447
0.0 0.0 0.0 1054

1748487448
0.0 0.0 0.0 0

1748487449
0.0 0.0 0.0 0

1748487450
0.0 0.0 0.0 1166

1748487451
0.0 0.0 0.0 306

1748487452
0.0 0.0 0.0 12

1748487453
0.0 0.0 0.0 2

1748487454
0.0 0.0 0.0 3

1748487455
0.0 0.0 0.0 120

1748487456
0.0 0.0 0.0 15

1748487457
0.0 0.0 0.0 37

1748487458
0.0 0.0 0.0 0

1748487459
0.0 0.0 0.0 0

1748487460
0.0 0.0 0.0 5

1748487461
0.0 0.0 0.0 169

1748487462
0.0 0.0 0.0 0

1748487463
0.0 0.0 0.0 185

1748487464
0.0 0.0 0.0 0

1748487465
0.0 0.0 0.0 277

1748487466
0.0 0.0 0.0 188

1748487467
0.0 0.0 0.0 0

1748487468
0.0 0.0 0.0 234

1748487469
0.0 0.0 0.0 0

1748487470
0.0 0.0 0.0 0

1748487471
0.0 0.0 0.0 738

1748487472
0.0 0.0 0.0 0

1748487473
0.0 0.0 0.0 53

1748487474
0.0 0.0 0.0 0

1748487475
0.0 0.0 0.0 0

1748487476
0.0 0.0 0.0 376

1748487477
0.0 0.0 0.0 0

1748487478
0.0 0.0 0.0 84

1748487479
0.0 0.0 0.0 0

1748487480
0.0 0.0 0.0 7

1748487481
0.0 0.0 0.0 74

1748487482
0.0 0.0 0.0 20

1748487483
0.0 0.0 0.0 14

1748487484
0.0 0.0 0.0 2

1748487485
0.0 0.0 0.0 2

1748487486
0.0 0.0 0.0 10

1748487487
0.0 0.0 0.0 0

1748487488
0.0 0.0 0.0 31

1748487489
0.0 0.0 0.0 0

1748487490
0.0 0.0 0.0 0

1748487491
0.0 0.0 0.0 520

1748487492
0.0 0.0 0.0 0

1748487493
0.0 0.0 0.0 23

1748487494
0.0 0.0 0.0 16

1748487495
0.0 0.0 0.0 280

1748487496
0.0 0.0 0.0 2

1748487497
0.0 0.0 0.0 0

1748487498
0.0 0.0 0.0 5

1748487499
0.0 0.0 0.0 0

1748487500
0.0 0.0 0.0 193

1748487501
0.0 0.0 0.0 38

1748487502
0.0 0.0 0.0 313

1748487503
0.0 0.0 0.0 107

1748487504
0.0 0.0 0.0 27

1748487505
0.0 0.0 0.0 0

1748487506
0.0 0.0 0.0 194

1748487507
0.0 0.0 0.0 0

1748487508
0.0 0.0 0.0 299

1748487509
0.0 0.0 0.0 4

1748487510
0.0 0.0 0.0 0

1748487511
0.0 0.0 0.0 0

1748487512
0.0 0.0 0.0 0

1748487513
0.0 0.0 0.0 466

1748487514
0.0 0.0 0.0 83

1748487515
0.0 0.0 0.0 0

1748487516
0.0 0.0 0.0 0

1748487517
0.0 0.0 0.0 0

1748487518
0.0 0.0 0.0 6

1748487519
0.0 0.0 0.0 489

1748487520
0.0 0.0 0.0 0

1748487521
0.0 0.0 0.0 0

1748487522
0.0 0.0 0.0 0

1748487523
0.0 0.0 0.0 129

1748487524
0.0 0.0 0.0 0

1748487525
0.0 0.0 0.0 147

1748487526
0.0 0.0 0.0 0

1748487527
0.0 0.0 0.0 0

1748487528
0.0 0.0 0.0 275

1748487529
0.0 0.0 0.0 0

1748487530
0.0 0.0 0.0 219

1748487531
0.0 0.0 0.0 0

1748487532
0.0 0.0 0.0 0

1748487533
0.0 0.0 0.0 141

1748487534
0.0 0.0 0.0 0

1748487535
0.0 0.0 0.0 42

1748487536
0.0 0.0 0.0 0

1748487537
0.0 0.0 0.0 66

1748487538
0.0 0.0 0.0 186

1748487539
0.0 0.0 0.0 1

1748487540
0.0 0.0 0.0 78

1748487541
0.0 0.0 0.0 284

1748487542
0.0 0.0 0.0 273

1748487543
0.0 0.0 0.0 98

1748487544
0.0 0.0 0.0 0

1748487545
0.0 0.0 0.0 183

1748487546
0.0 0.0 0.0 0

1748487547
0.0 0.0 0.0 0

1748487548
0.0 0.0 0.0 286

1748487549
0.0 0.0 0.0 0

1748487550
0.0 0.0 0.0 135

1748487551
0.0 0.0 0.0 0

1748487552
0.0 0.0 0.0 0

1748487553
0.0 0.0 0.0 219

1748487554
0.0 0.0 0.0 0

1748487555
0.0 0.0 0.0 150

1748487556
0.0 0.0 0.0 0

1748487557
0.0 0.0 0.0 2

1748487558
0.0 0.0 0.0 230

1748487559
0.0 0.0 0.0 0

1748487560
0.0 0.0 0.0 23

1748487561
0.0 0.0 0.0 0

1748487562
0.0 0.0 0.0 6

1748487563
0.0 0.0 0.0 302

1748487564
0.0 0.0 0.0 0

1748487565
0.0 0.0 0.0 10

1748487566
0.0 0.0 0.0 3

1748487567
0.0 0.0 0.0 0

1748487568
0.0 0.0 0.0 572

1748487569
0.0 0.0 0.0 3

1748487570
0.0 0.0 0.0 0

1748487571
0.0 0.0 0.0 106

1748487572
0.0 0.0 0.0 0

1748487573
0.0 0.0 0.0 1

1748487574
0.0 0.0 0.0 561

1748487575
0.0 0.0 0.0 5

1748487576
0.0 0.0 0.0 10

1748487577
0.0 0.0 0.0 0

1748487578
0.0 0.0 0.0 0

1748487579
0.0 0.0 0.0 122

1748487580
0.0 0.0 0.0 0

1748487581
0.0 0.0 0.0 15

1748487582
0.0 0.0 0.0 0

1748487583
0.0 0.0 0.0 13

1748487584
0.0 0.0 0.0 138

1748487585
0.0 0.0 0.0 0

1748487586
0.0 0.0 0.0 13

1748487587
0.0 0.0 0.0 0

1748487588
0.0 0.0 0.0 0

1748487589
0.0 0.0 0.0 161

1748487590
0.0 0.0 0.0 0

1748487591
0.0 0.0 0.0 9

1748487592
0.0 0.0 0.0 0

1748487593
0.0 0.0 0.0 182

1748487594
0.0 0.0 0.0 359

1748487595
0.0 0.0 0.0 0

1748487596
0.0 0.0 0.0 42

1748487597
0.0 0.0 0.0 100

1748487598
0.0 0.0 0.0 471

1748487599
0.0 0.0 0.0 0

1748487600
0.0 0.0 0.0 0

1748487601
0.0 0.0 0.0 270

1748487602
0.0 0.0 0.0 41

1748487603
0.0 0.0 0.0 107

1748487604
0.0 0.0 0.0 0

1748487605
0.0 0.0 0.0 0

1748487606
0.0 0.0 0.0 16

1748487607
0.0 0.0 0.0 0

1748487608
0.0 0.0 0.0 7

1748487609
0.0 0.0 0.0 9

1748487610
0.0 0.0 0.0 5

1748487611
0.0 0.0 0.0 4

1748487612
0.0 0.0 0.0 8

1748487613
0.0 0.0 0.0 20

1748487614
0.0 0.0 0.0 1

1748487615
0.0 0.0 0.0 0

1748487616
0.0 0.0 0.0 2

1748487617
0.0 0.0 0.0 104

1748487618
0.0 0.0 0.0 250

1748487619
0.0 0.0 0.0 362

1748487620
0.0 0.0 0.0 0

1748487621
0.0 0.0 0.0 0

1748487622
0.0 0.0 0.0 129

1748487623
0.0 0.0 0.0 15

1748487624
0.0 0.0 0.0 8

1748487625
0.0 0.0 0.0 0

1748487626
0.0 0.0 0.0 0

1748487627
0.0 0.0 0.0 113

1748487628
0.0 0.0 0.0 62

1748487629
0.0 0.0 0.0 17

1748487630
0.0 0.0 0.0 0

1748487631
0.0 0.0 0.0 0

1748487632
0.0 0.0 0.0 130

1748487633
0.0 0.0 0.0 0

1748487634
0.0 0.0 0.0 160

1748487635
0.0 0.0 0.0 0

1748487636
0.0 0.0 0.0 0

1748487637
0.0 0.0 0.0 97

1748487638
0.0 0.0 0.0 0

1748487639
0.0 0.0 0.0 256

1748487640
0.0 0.0 0.0 0

1748487641
0.0 0.0 0.0 0

1748487642
0.0 0.0 0.0 156

1748487643
0.0 0.0 0.0 0

1748487644
0.0 0.0 0.0 130

1748487645
0.0 0.0 0.0 0

1748487646
0.0 0.0 0.0 0

1748487647
0.0 0.0 0.0 157

1748487648
0.0 0.0 0.0 0

1748487649
0.0 0.0 0.0 150

1748487650
0.0 0.0 0.0 0

1748487651
0.0 0.0 0.0 0

1748487652
0.0 0.0 0.0 0

1748487653
0.0 0.0 0.0 136

1748487654
0.0 0.0 0.0 5

1748487655
0.0 0.0 0.0 0

1748487656
0.0 0.0 0.0 0

1748487657
0.0 0.0 0.0 0

1748487658
0.0 0.0 0.0 26

1748487659
0.0 0.0 0.0 29

1748487660
0.0 0.0 0.0 149

1748487661
0.0 0.0 0.0 0

1748487662
0.0 0.0 0.0 12

1748487663
0.0 0.0 0.0 23

1748487664
0.0 0.0 0.0 228

1748487665
0.0 0.0 0.0 0

1748487666
0.0 0.0 0.0 0

1748487667
0.0 0.0 0.0 0

1748487668
0.0 0.0 0.0 2

1748487669
0.0 0.0 0.0 10

1748487670
0.0 0.0 0.0 197

1748487671
0.0 0.0 0.0 0

1748487672
0.0 0.0 0.0 0

1748487673
0.0 0.0 0.0 74

1748487674
0.0 0.0 0.0 7

1748487675
0.0 0.0 0.0 0

1748487676
0.0 0.0 0.0 0

1748487677
0.0 0.0 0.0 0

1748487678
0.0 0.0 0.0 8

1748487679
0.0 0.0 0.0 78

1748487680
0.0 0.0 0.0 3

1748487681
0.0 0.0 0.0 1

1748487682
0.0 0.0 0.0 42

1748487683
0.0 0.0 0.0 179

1748487684
0.0 0.0 0.0 0

1748487685
0.0 0.0 0.0 0

1748487686
0.0 0.0 0.0 0

1748487687
0.0 0.0 0.0 0

1748487688
0.0 0.0 0.0 102

1748487689
0.0 0.0 0.0 0

1748487690
0.0 0.0 0.0 0

1748487691
0.0 0.0 0.0 0

1748487692
0.0 0.0 0.0 0

1748487693
0.0 0.0 0.0 258

1748487694
0.0 0.0 0.0 8

1748487695
0.0 0.0 0.0 0

1748487696
0.0 0.0 0.0 0

1748487697
0.0 0.0 0.0 0

1748487698
0.0 0.0 0.0 92

1748487699
0.0 0.0 0.0 151

1748487700
0.0 0.0 0.0 0

1748487701
0.0 0.0 0.0 0

1748487702
0.0 0.0 0.0 0

1748487703
0.0 0.0 0.0 257

1748487704
0.0 0.0 0.0 2

1748487705
0.0 0.0 0.0 0

1748487706
0.0 0.0 0.0 0

1748487707
0.0 0.0 0.0 0

1748487708
0.0 0.0 0.0 97

1748487709
0.0 0.0 0.0 12

1748487710
0.0 0.0 0.0 0

1748487711
0.0 0.0 0.0 0

1748487712
0.0 0.0 0.0 0

1748487713
0.0 0.0 0.0 362

1748487714
0.0 0.0 0.0 59

1748487715
0.0 0.0 0.0 0

1748487716
0.0 0.0 0.0 0

1748487717
0.0 0.0 0.0 0

1748487718
0.0 0.0 0.0 110

1748487719
0.0 0.0 0.0 57

1748487720
0.0 0.0 0.0 0

1748487721
0.0 0.0 0.0 0

1748487722
0.0 0.0 0.0 12

1748487723
0.0 0.0 0.0 48

1748487724
0.0 0.0 0.0 186

1748487725
0.0 0.0 0.0 0

1748487726
0.0 0.0 0.0 0

1748487727
0.0 0.0 0.0 0

1748487728
0.0 0.0 0.0 72

1748487729
0.0 0.0 0.0 247

1748487730
0.0 0.0 0.0 0

1748487731
0.0 0.0 0.0 0

1748487732
0.0 0.0 0.0 194

1748487733
0.0 0.0 0.0 104

1748487734
0.0 0.0 0.0 2

1748487735
0.0 0.0 0.0 0

1748487736
0.0 0.0 0.0 1

1748487737
0.0 0.0 0.0 39

1748487738
0.0 0.0 0.0 44

1748487739
0.0 0.0 0.0 0

1748487740
0.0 0.0 0.0 7

1748487741
0.0 0.0 0.0 0

1748487742
0.0 0.0 0.0 147

1748487743
0.0 0.0 0.0 267

1748487744
0.0 0.0 0.0 144

1748487745
0.0 0.0 0.0 4

1748487746
0.0 0.0 0.0 0

1748487747
0.0 0.0 0.0 0

1748487748
0.0 0.0 0.0 178

1748487749
0.0 0.0 0.0 98

1748487750
0.0 0.0 0.0 49

1748487751
0.0 0.0 0.0 0

1748487752
0.0 0.0 0.0 0

1748487753
0.0 0.0 0.0 0

1748487754
0.0 0.0 0.0 117

1748487755
0.0 0.0 0.0 50

1748487756
0.0 0.0 0.0 0

1748487757
0.0 0.0 0.0 0

1748487758
0.0 0.0 0.0 0

1748487759
0.0 0.0 0.0 137

1748487760
0.0 0.0 0.0 2

1748487761
0.0 0.0 0.0 0

1748487762
0.0 0.0 0.0 0

1748487763
0.0 0.0 0.0 0

1748487764
0.0 0.0 0.0 139

1748487765
0.0 0.0 0.0 7

1748487766
0.0 0.0 0.0 0

1748487767
0.0 0.0 0.0 0

1748487768
0.0 0.0 0.0 0

1748487769
0.0 0.0 0.0 178

1748487770
0.0 0.0 0.0 21

1748487771
0.0 0.0 0.0 0

1748487772
0.0 0.0 0.0 0

1748487773
0.0 0.0 0.0 0

1748487774
0.0 0.0 0.0 10

1748487775
0.0 0.0 0.0 9

1748487776
0.0 0.0 0.0 0

1748487777
0.0 0.0 0.0 0

1748487778
0.0 0.0 0.0 425

1748487779
0.0 0.0 0.0 16

1748487780
0.0 0.0 0.0 7

1748487781
0.0 0.0 0.0 210

1748487782
0.0 0.0 0.0 11

1748487783
0.0 0.0 0.0 53

1748487784
0.0 0.0 0.0 2

1748487785
0.0 0.0 0.0 6

1748487786
0.0 0.0 0.0 33

1748487787
0.0 0.0 0.0 0

1748487788
0.0 0.0 0.0 162

1748487789
0.0 0.0 0.0 163

1748487790
0.0 0.0 0.0 0

1748487791
0.0 0.0 0.0 14

1748487792
0.0 0.0 0.0 0

1748487793
0.0 0.0 0.0 157

1748487794
0.0 0.0 0.0 1

1748487795
0.0 0.0 0.0 0

1748487796
0.0 0.0 0.0 93

1748487797
0.0 0.0 0.0 0

1748487798
0.0 0.0 0.0 304

1748487799
0.0 0.0 0.0 223

1748487800
0.0 0.0 0.0 0

1748487801
0.0 0.0 0.0 148

1748487802
0.0 0.0 0.0 0

1748487803
0.0 0.0 0.0 285

1748487804
0.0 0.0 0.0 167

1748487805
0.0 0.0 0.0 0

1748487806
0.0 0.0 0.0 149

1748487807
0.0 0.0 0.0 0

1748487808
0.0 0.0 0.0 113

1748487809
0.0 0.0 0.0 130

1748487810
0.0 0.0 0.0 0

1748487811
0.0 0.0 0.0 9

1748487812
0.0 0.0 0.0 0

1748487813
0.0 0.0 0.0 0

1748487814
0.0 0.0 0.0 258

1748487815
0.0 0.0 0.0 0

1748487816
0.0 0.0 0.0 20

1748487817
0.0 0.0 0.0 0

1748487818
0.0 0.0 0.0 0

1748487819
0.0 0.0 0.0 7

1748487820
0.0 0.0 0.0 0

1748487821
0.0 0.0 0.0 6

1748487822
0.0 0.0 0.0 0

1748487823
0.0 0.0 0.0 0

1748487824
0.0 0.0 0.0 93

1748487825
0.0 0.0 0.0 0

1748487826
0.0 0.0 0.0 0

1748487827
0.0 0.0 0.0 108

1748487828
0.0 0.0 0.0 3

1748487829
0.0 0.0 0.0 29

1748487830
0.0 0.0 0.0 0

1748487831
0.0 0.0 0.0 0

1748487832
0.0 0.0 0.0 205

1748487833
0.0 0.0 0.0 2

1748487834
0.0 0.0 0.0 338

1748487835
0.0 0.0 0.0 3

1748487836
0.0 0.0 0.0 2

1748487837
0.0 0.0 0.0 19

1748487838
0.0 0.0 0.0 6

1748487839
0.0 0.0 0.0 145

1748487840
0.0 0.0 0.0 16

1748487841
0.0 0.0 0.0 11

1748487842
0.0 0.0 0.0 84

1748487843
0.0 0.0 0.0 16

1748487844
0.0 0.0 0.0 164

1748487845
0.0 0.0 0.0 1

1748487846
0.0 0.0 0.0 2

1748487847
0.0 0.0 0.0 5

1748487848
0.0 0.0 0.0 1

1748487849
0.0 0.0 0.0 129

1748487850
0.0 0.0 0.0 0

1748487851
0.0 0.0 0.0 0

1748487852
0.0 0.0 0.0 109

1748487853
0.0 0.0 0.0 1401

1748487854
0.0 0.0 0.0 1840

1748487855
0.0 0.0 0.0 0

1748487856
0.0 0.0 0.0 0

1748487857
0.0 0.0 0.0 443

1748487858
0.0 0.0 0.0 54

1748487859
0.0 0.0 0.0 9735

1748487860
0.0 0.0 0.0 0

1748487861
0.0 0.0 0.0 158

1748487862
0.0 0.0 0.0 10

1748487863
0.0 0.0 0.0 89

1748487864
0.0 0.0 0.0 2

1748487865
0.0 0.0 0.0 1

1748487866
0.0 0.0 0.0 107

1748487867
0.0 0.0 0.0 0

1748487868
0.0 0.0 0.0 126

1748487869
0.0 0.0 0.0 0

1748487870
0.0 0.0 0.0 0

1748487871
0.0 0.0 0.0 11

1748487872
0.0 0.0 0.0 205

1748487873
0.0 0.0 0.0 9

1748487874
0.0 0.0 0.0 3

1748487875
0.0 0.0 0.0 0

1748487876
0.0 0.0 0.0 125

1748487877
0.0 0.0 0.0 0

1748487878
0.0 0.0 0.0 84

1748487879
0.0 0.0 0.0 0

1748487880
0.0 0.0 0.0 0

1748487881
0.0 0.0 0.0 285

1748487882
0.0 0.0 0.0 0

1748487883
0.0 0.0 0.0 92

1748487884
0.0 0.0 0.0 0

1748487885
0.0 0.0 0.0 4

1748487886
0.0 0.0 0.0 5

1748487887
0.0 0.0 0.0 2

1748487888
0.0 0.0 0.0 61

1748487889
0.0 0.0 0.0 0

1748487890
0.0 0.0 0.0 4

1748487891
0.0 0.0 0.0 149

1748487892
0.0 0.0 0.0 148

1748487893
0.0 0.0 0.0 4

1748487894
0.0 0.0 0.0 0

1748487895
0.0 0.0 0.0 42

1748487896
0.0 0.0 0.0 214

1748487897
0.0 0.0 0.0 0

1748487898
0.0 0.0 0.0 66

1748487899
0.0 0.0 0.0 2

1748487900
0.0 0.0 0.0 147

1748487901
0.0 0.0 0.0 409

1748487902
0.0 0.0 0.0 99

1748487903
0.0 0.0 0.0 72

1748487904
0.0 0.0 0.0 0

1748487905
0.0 0.0 0.0 3

1748487906
0.0 0.0 0.0 256

1748487907
0.0 0.0 0.0 142

1748487908
0.0 0.0 0.0 3

1748487909
0.0 0.0 0.0 6

1748487910
0.0 0.0 0.0 4

1748487911
0.0 0.0 0.0 8

1748487912
0.0 0.0 0.0 0

1748487913
0.0 0.0 0.0 0

1748487914
0.0 0.0 0.0 2

1748487915
0.0 0.0 0.0 0

1748487916
0.0 0.0 0.0 7

1748487917
0.0 0.0 0.0 8

1748487918
0.0 0.0 0.0 4

1748487919
0.0 0.0 0.0 12

1748487920
0.0 0.0 0.0 0

1748487921
0.0 0.0 0.0 188

1748487922
0.0 0.0 0.0 6

1748487923
0.0 0.0 0.0 0

1748487924
0.0 0.0 0.0 84

1748487925
0.0 0.0 0.0 0

1748487926
0.0 0.0 0.0 19

1748487927
0.0 0.0 0.0 0

1748487928
0.0 0.0 0.0 77

1748487929
0.0 0.0 0.0 181

1748487930
0.0 0.0 0.0 0

1748487931
0.0 0.0 0.0 0

1748487932
0.0 0.0 0.0 3

1748487933
0.0 0.0 0.0 2

1748487934
0.0 0.0 0.0 247

1748487935
0.0 0.0 0.0 0

1748487936
0.0 0.0 0.0 0

1748487937
0.0 0.0 0.0 0

1748487938
0.0 0.0 0.0 0

1748487939
0.0 0.0 0.0 10

1748487940
0.0 0.0 0.0 0

1748487941
0.0 0.0 0.0 0

1748487942
0.0 0.0 0.0 0

1748487943
0.0 0.0 0.0 0

1748487944
0.0 0.0 0.0 260

1748487945
0.0 0.0 0.0 0

1748487946
0.0 0.0 0.0 0

1748487947
0.0 0.0 0.0 0

1748487948
0.0 0.0 0.0 0

1748487949
0.0 0.0 0.0 25

1748487950
0.0 0.0 0.0 3

1748487951
0.0 0.0 0.0 0

1748487952
0.0 0.0 0.0 2

1748487953
0.0 0.0 0.0 0

1748487954
0.0 0.0 0.0 112

1748487955
0.0 0.0 0.0 298

1748487956
0.0 0.0 0.0 0

1748487957
0.0 0.0 0.0 0

1748487958
0.0 0.0 0.0 139

1748487959
0.0 0.0 0.0 5

1748487960
0.0 0.0 0.0 48

1748487961
0.0 0.0 0.0 0

1748487962
0.0 0.0 0.0 11

1748487963
0.0 0.0 0.0 41

1748487964
0.0 0.0 0.0 145

1748487965
0.0 0.0 0.0 6

1748487966
0.0 0.0 0.0 0

1748487967
0.0 0.0 0.0 0

1748487968
0.0 0.0 0.0 0

1748487969
0.0 0.0 0.0 69

1748487970
0.0 0.0 0.0 27

1748487971
0.0 0.0 0.0 0

1748487972
0.0 0.0 0.0 0

1748487973
0.0 0.0 0.0 9

1748487974
0.0 0.0 0.0 15

1748487975
0.0 0.0 0.0 13

1748487976
0.0 0.0 0.0 4

1748487977
0.0 0.0 0.0 115

1748487978
0.0 0.0 0.0 223

1748487979
0.0 0.0 0.0 0

1748487980
0.0 0.0 0.0 102

1748487981
0.0 0.0 0.0 0

1748487982
0.0 0.0 0.0 136

1748487983
0.0 0.0 0.0 0

1748487984
0.0 0.0 0.0 105

1748487985
0.0 0.0 0.0 132

1748487986
0.0 0.0 0.0 0

1748487987
0.0 0.0 0.0 36

1748487988
0.0 0.0 0.0 0

1748487989
0.0 0.0 0.0 44

1748487990
0.0 0.0 0.0 61

1748487991
0.0 0.0 0.0 0

1748487992
0.0 0.0 0.0 0

1748487993
0.0 0.0 0.0 0

1748487994
0.0 0.0 0.0 325

1748487995
0.0 0.0 0.0 1

1748487996
0.0 0.0 0.0 3

1748487997
0.0 0.0 0.0 0

1748487998
0.0 0.0 0.0 3

1748487999
0.0 0.0 0.0 222

1748488000
0.0 0.0 0.0 0

1748488001
0.0 0.0 0.0 0

1748488002
0.0 0.0 0.0 2

1748488003
0.0 0.0 0.0 0

1748488004
0.0 0.0 0.0 31

1748488005
0.0 0.0 0.0 0

1748488006
0.0 0.0 0.0 2

1748488007
0.0 0.0 0.0 0

1748488008
0.0 0.0 0.0 0

1748488009
0.0 0.0 0.0 110

1748488010
0.0 0.0 0.0 0

1748488011
0.0 0.0 0.0 0

1748488012
0.0 0.0 0.0 0

1748488013
0.0 0.0 0.0 1

1748488014
0.0 0.0 0.0 32

1748488015
0.0 0.0 0.0 0

1748488016
0.0 0.0 0.0 112

1748488017
0.0 0.0 0.0 0

1748488018
0.0 0.0 0.0 0

1748488019
0.0 0.0 0.0 8

1748488020
0.0 0.0 0.0 0

1748488021
0.0 0.0 0.0 75

1748488022
0.0 0.0 0.0 13

1748488023
0.0 0.0 0.0 9

1748488024
0.0 0.0 0.0 54

1748488025
0.0 0.0 0.0 0

1748488026
0.0 0.0 0.0 94

1748488027
0.0 0.0 0.0 0

1748488028
0.0 0.0 0.0 0

1748488029
0.0 0.0 0.0 592

1748488030
0.0 0.0 0.0 1

1748488031
0.0 0.0 0.0 58

1748488032
0.0 0.0 0.0 0

1748488033
0.0 0.0 0.0 199

1748488034
0.0 0.0 0.0 304

1748488035
0.0 0.0 0.0 0

1748488036
0.0 0.0 0.0 16

1748488037
0.0 0.0 0.0 128

1748488038
0.0 0.0 0.0 185

1748488039
0.0 0.0 0.0 181

1748488040
0.0 0.0 0.0 0

1748488041
0.0 0.0 0.0 0

1748488042
0.0 0.0 0.0 122

1748488043
0.0 0.0 0.0 128

1748488044
0.0 0.0 0.0 123

1748488045
0.0 0.0 0.0 6

1748488046
0.0 0.0 0.0 0

1748488047
0.0 0.0 0.0 5

1748488048
0.0 0.0 0.0 67

1748488049
0.0 0.0 0.0 0

1748488050
0.0 0.0 0.0 204

1748488051
0.0 0.0 0.0 0

1748488052
0.0 0.0 0.0 37

1748488053
0.0 0.0 0.0 362

1748488054
0.0 0.0 0.0 0

1748488055
0.0 0.0 0.0 0

1748488056
0.0 0.0 0.0 0

1748488057
0.0 0.0 0.0 7

1748488058
0.0 0.0 0.0 305

1748488059
0.0 0.0 0.0 0

1748488060
0.0 0.0 0.0 0

1748488061
0.0 0.0 0.0 0

1748488062
0.0 0.0 0.0 19

1748488063
0.0 0.0 0.0 1

1748488064
0.0 0.0 0.0 200

1748488065
0.0 0.0 0.0 0

1748488066
0.0 0.0 0.0 0

1748488067
0.0 0.0 0.0 42

1748488068
0.0 0.0 0.0 133

1748488069
0.0 0.0 0.0 0

1748488070
0.0 0.0 0.0 0

1748488071
0.0 0.0 0.0 0

1748488072
0.0 0.0 0.0 0

1748488073
0.0 0.0 0.0 30

1748488074
0.0 0.0 0.0 0

1748488075
0.0 0.0 0.0 0

1748488076
0.0 0.0 0.0 0

1748488077
0.0 0.0 0.0 0

1748488078
0.0 0.0 0.0 189

1748488079
0.0 0.0 0.0 22

1748488080
0.0 0.0 0.0 8

1748488081
0.0 0.0 0.0 0

1748488082
0.0 0.0 0.0 21

1748488083
0.0 0.0 0.0 653

1748488084
0.0 0.0 0.0 245

1748488085
0.0 0.0 0.0 0

1748488086
0.0 0.0 0.0 0

1748488087
0.0 0.0 0.0 2

1748488088
0.0 0.0 0.0 57

1748488089
0.0 0.0 0.0 13

1748488090
0.0 0.0 0.0 2

1748488091
0.0 0.0 0.0 3

1748488092
0.0 0.0 0.0 0

1748488093
0.0 0.0 0.0 134

1748488094
0.0 0.0 0.0 13

1748488095
0.0 0.0 0.0 0

1748488096
0.0 0.0 0.0 0

1748488097
0.0 0.0 0.0 2

1748488098
0.0 0.0 0.0 0

1748488099
0.0 0.0 0.0 6

1748488100
0.0 0.0 0.0 20

1748488101
0.0 0.0 0.0 2

1748488102
0.0 0.0 0.0 3

1748488103
0.0 0.0 0.0 0

1748488104
0.0 0.0 0.0 23

1748488105
0.0 0.0 0.0 0

1748488106
0.0 0.0 0.0 1

1748488107
0.0 0.0 0.0 47

1748488108
0.0 0.0 0.0 334

1748488109
0.0 0.0 0.0 136

1748488110
0.0 0.0 0.0 0

1748488111
0.0 0.0 0.0 2

1748488112
0.0 0.0 0.0 255

1748488113
0.0 0.0 0.0 63

1748488114
0.0 0.0 0.0 82

1748488115
0.0 0.0 0.0 0

1748488116
0.0 0.0 0.0 152

1748488117
0.0 0.0 0.0 75

1748488118
0.0 0.0 0.0 110

1748488119
0.0 0.0 0.0 50

1748488120
0.0 0.0 0.0 0

1748488121
0.0 0.0 0.0 7

1748488122
0.0 0.0 0.0 0

1748488123
0.0 0.0 0.0 189

1748488124
0.0 0.0 0.0 43

1748488125
0.0 0.0 0.0 0

1748488126
0.0 0.0 0.0 174

1748488127
0.0 0.0 0.0 149

1748488128
0.0 0.0 0.0 0

1748488129
0.0 0.0 0.0 9

1748488130
0.0 0.0 0.0 0

1748488131
0.0 0.0 0.0 367

1748488132
0.0 0.0 0.0 0

1748488133
0.0 0.0 0.0 3

1748488134
0.0 0.0 0.0 112

1748488135
0.0 0.0 0.0 0

1748488136
0.0 0.0 0.0 176

1748488137
0.0 0.0 0.0 0

1748488138
0.0 0.0 0.0 0

1748488139
0.0 0.0 0.0 197

1748488140
0.0 0.0 0.0 48

1748488141
0.0 0.0 0.0 377

1748488142
0.0 0.0 0.0 14

1748488143
0.0 0.0 0.0 0

1748488144
0.0 0.0 0.0 4

1748488145
0.0 0.0 0.0 54

1748488146
0.0 0.0 0.0 86

1748488147
0.0 0.0 0.0 46

1748488148
0.0 0.0 0.0 19

1748488149
0.0 0.0 0.0 0

1748488150
0.0 0.0 0.0 54

1748488151
0.0 0.0 0.0 228

1748488152
0.0 0.0 0.0 0

1748488153
0.0 0.0 0.0 0

1748488154
0.0 0.0 0.0 0

1748488155
0.0 0.0 0.0 31

1748488156
0.0 0.0 0.0 280

1748488157
0.0 0.0 0.0 0

1748488158
0.0 0.0 0.0 0

1748488159
0.0 0.0 0.0 0

1748488160
0.0 0.0 0.0 8

1748488161
0.0 0.0 0.0 369

1748488162
0.0 0.0 0.0 0

1748488163
0.0 0.0 0.0 0

1748488164
0.0 0.0 0.0 0

1748488165
0.0 0.0 0.0 0

1748488166
0.0 0.0 0.0 74

1748488167
0.0 0.0 0.0 2

1748488168
0.0 0.0 0.0 0

1748488169
0.0 0.0 0.0 0

1748488170
0.0 0.0 0.0 0

1748488171
0.0 0.0 0.0 359

1748488172
0.0 0.0 0.0 137

1748488173
0.0 0.0 0.0 5

1748488174
0.0 0.0 0.0 3

1748488175
0.0 0.0 0.0 64

1748488176
0.0 0.0 0.0 175

1748488177
0.0 0.0 0.0 0

1748488178
0.0 0.0 0.0 0

1748488179
0.0 0.0 0.0 0

1748488180
0.0 0.0 0.0 3

1748488181
0.0 0.0 0.0 134

1748488182
0.0 0.0 0.0 0

1748488183
0.0 0.0 0.0 8

1748488184
0.0 0.0 0.0 9

1748488185
0.0 0.0 0.0 16

1748488186
0.0 0.0 0.0 5

1748488187
0.0 0.0 0.0 0

1748488188
0.0 0.0 0.0 0

1748488189
0.0 0.0 0.0 0

1748488190
0.0 0.0 0.0 0

1748488191
0.0 0.0 0.0 157

1748488192
0.0 0.0 0.0 0

1748488193
0.0 0.0 0.0 0

1748488194
0.0 0.0 0.0 4

1748488195
0.0 0.0 0.0 0

1748488196
0.0 0.0 0.0 200

1748488197
0.0 0.0 0.0 4

1748488198
0.0 0.0 0.0 0

1748488199
0.0 0.0 0.0 8

1748488200
0.0 0.0 0.0 3

1748488201
0.0 0.0 0.0 363

1748488202
0.0 0.0 0.0 15

1748488203
0.0 0.0 0.0 0

1748488204
0.0 0.0 0.0 0

1748488205
0.0 0.0 0.0 0

1748488206
0.0 0.0 0.0 187

1748488207
0.0 0.0 0.0 2

1748488208
0.0 0.0 0.0 0

1748488209
0.0 0.0 0.0 0

1748488210
0.0 0.0 0.0 0

1748488211
0.0 0.0 0.0 114

1748488212
0.0 0.0 0.0 169

1748488213
0.0 0.0 0.0 0

1748488214
0.0 0.0 0.0 0

1748488215
0.0 0.0 0.0 31

1748488216
0.0 0.0 0.0 6

1748488217
0.0 0.0 0.0 0

1748488218
0.0 0.0 0.0 0

1748488219
0.0 0.0 0.0 0

1748488220
0.0 0.0 0.0 0

1748488221
0.0 0.0 0.0 205

1748488222
0.0 0.0 0.0 55

1748488223
0.0 0.0 0.0 0

1748488224
0.0 0.0 0.0 0

1748488225
0.0 0.0 0.0 364

1748488226
0.0 0.0 0.0 8

1748488227
0.0 0.0 0.0 0

1748488228
0.0 0.0 0.0 0

1748488229
0.0 0.0 0.0 0

1748488230
0.0 0.0 0.0 75

1748488231
0.0 0.0 0.0 32

1748488232
0.0 0.0 0.0 0

1748488233
0.0 0.0 0.0 0

1748488234
0.0 0.0 0.0 0

1748488235
0.0 0.0 0.0 8

1748488236
0.0 0.0 0.0 149

1748488237
0.0 0.0 0.0 9

1748488238
0.0 0.0 0.0 0

1748488239
0.0 0.0 0.0 0

1748488240
0.0 0.0 0.0 3

1748488241
0.0 0.0 0.0 226

1748488242
0.0 0.0 0.0 0

1748488243
0.0 0.0 0.0 0

1748488244
0.0 0.0 0.0 0

1748488245
0.0 0.0 0.0 0

1748488246
0.0 0.0 0.0 176

1748488247
0.0 0.0 0.0 3

1748488248
0.0 0.0 0.0 0

1748488249
0.0 0.0 0.0 0

1748488250
0.0 0.0 0.0 0

1748488251
0.0 0.0 0.0 13

1748488252
0.0 0.0 0.0 0

1748488253
0.0 0.0 0.0 168

1748488254
0.0 0.0 0.0 0

1748488255
0.0 0.0 0.0 0

1748488256
0.0 0.0 0.0 8

1748488257
0.0 0.0 0.0 0

1748488258
0.0 0.0 0.0 0

1748488259
0.0 0.0 0.0 0

1748488260
0.0 0.0 0.0 3

1748488261
0.0 0.0 0.0 194

1748488262
0.0 0.0 0.0 127

1748488263
0.0 0.0 0.0 3

1748488264
0.0 0.0 0.0 3

1748488265
0.0 0.0 0.0 0

1748488266
0.0 0.0 0.0 158

1748488267
0.0 0.0 0.0 0

1748488268
0.0 0.0 0.0 167

1748488269
0.0 0.0 0.0 0

1748488270
0.0 0.0 0.0 140

1748488271
0.0 0.0 0.0 153

1748488272
0.0 0.0 0.0 159

1748488273
0.0 0.0 0.0 0

1748488274
0.0 0.0 0.0 0

1748488275
0.0 0.0 0.0 110

1748488276
0.0 0.0 0.0 6

1748488277
0.0 0.0 0.0 8

1748488278
0.0 0.0 0.0 0

1748488279
0.0 0.0 0.0 1

1748488280
0.0 0.0 0.0 0

1748488281
0.0 0.0 0.0 78

1748488282
0.0 0.0 0.0 146

1748488283
0.0 0.0 0.0 62

1748488284
0.0 0.0 0.0 0

1748488285
0.0 0.0 0.0 0

1748488286
0.0 0.0 0.0 0

1748488287
0.0 0.0 0.0 929

1748488288
0.0 0.0 0.0 0

1748488289
0.0 0.0 0.0 0

1748488290
0.0 0.0 0.0 0

1748488291
0.0 0.0 0.0 15

1748488292
0.0 0.0 0.0 1

1748488293
0.0 0.0 0.0 7

1748488294
0.0 0.0 0.0 136

1748488295
0.0 0.0 0.0 409

1748488296
0.0 0.0 0.0 0

1748488297
0.0 0.0 0.0 0

1748488298
0.0 0.0 0.0 0

1748488299
0.0 0.0 0.0 35

1748488300
0.0 0.0 0.0 54

1748488301
0.0 0.0 0.0 0

1748488302
0.0 0.0 0.0 0

1748488303
0.0 0.0 0.0 0

1748488304
0.0 0.0 0.0 102

1748488305
0.0 0.0 0.0 219

1748488306
0.0 0.0 0.0 0

1748488307
0.0 0.0 0.0 0

1748488308
0.0 0.0 0.0 0

1748488309
0.0 0.0 0.0 0

1748488310
0.0 0.0 0.0 176

1748488311
0.0 0.0 0.0 0

1748488312
0.0 0.0 0.0 0

1748488313
0.0 0.0 0.0 0

1748488314
0.0 0.0 0.0 6

1748488315
0.0 0.0 0.0 112

1748488316
0.0 0.0 0.0 248

1748488317
0.0 0.0 0.0 0

1748488318
0.0 0.0 0.0 0

1748488319
0.0 0.0 0.0 0

1748488320
0.0 0.0 0.0 8

1748488321
0.0 0.0 0.0 0

1748488322
0.0 0.0 0.0 10

1748488323
0.0 0.0 0.0 0

1748488324
0.0 0.0 0.0 0

1748488325
0.0 0.0 0.0 309

1748488326
0.0 0.0 0.0 102

1748488327
0.0 0.0 0.0 0

1748488328
0.0 0.0 0.0 0

1748488329
0.0 0.0 0.0 78

1748488330
0.0 0.0 0.0 181

1748488331
0.0 0.0 0.0 0

1748488332
0.0 0.0 0.0 0

1748488333
0.0 0.0 0.0 0

1748488334
0.0 0.0 0.0 155

1748488335
0.0 0.0 0.0 23

1748488336
0.0 0.0 0.0 0

1748488337
0.0 0.0 0.0 0

1748488338
0.0 0.0 0.0 0

1748488339
0.0 0.0 0.0 4

1748488340
0.0 0.0 0.0 124

1748488341
0.0 0.0 0.0 0

1748488342
0.0 0.0 0.0 3

1748488343
0.0 0.0 0.0 0

1748488344
0.0 0.0 0.0 3

1748488345
0.0 0.0 0.0 458

1748488346
0.0 0.0 0.0 7

1748488347
0.0 0.0 0.0 4

1748488348
0.0 0.0 0.0 7

1748488349
0.0 0.0 0.0 4

1748488350
0.0 0.0 0.0 535

1748488351
0.0 0.0 0.0 7

1748488352
0.0 0.0 0.0 7

1748488353
0.0 0.0 0.0 0

1748488354
0.0 0.0 0.0 12

1748488355
0.0 0.0 0.0 227

1748488356
0.0 0.0 0.0 99

1748488357
0.0 0.0 0.0 1

1748488358
0.0 0.0 0.0 2

1748488359
0.0 0.0 0.0 0

1748488360
0.0 0.0 0.0 72

1748488361
0.0 0.0 0.0 76

1748488362
0.0 0.0 0.0 3

1748488363
0.0 0.0 0.0 8

1748488364
0.0 0.0 0.0 8

1748488365
0.0 0.0 0.0 1

1748488366
0.0 0.0 0.0 324

1748488367
0.0 0.0 0.0 0

1748488368
0.0 0.0 0.0 0

1748488369
0.0 0.0 0.0 0

1748488370
0.0 0.0 0.0 0

1748488371
0.0 0.0 0.0 54

1748488372
0.0 0.0 0.0 0

1748488373
0.0 0.0 0.0 0

1748488374
0.0 0.0 0.0 0

1748488375
0.0 0.0 0.0 0

1748488376
0.0 0.0 0.0 7

1748488377
0.0 0.0 0.0 0

1748488378
0.0 0.0 0.0 0

1748488379
0.0 0.0 0.0 0

1748488380
0.0 0.0 0.0 0

1748488381
0.0 0.0 0.0 126

1748488382
0.0 0.0 0.0 3

1748488383
0.0 0.0 0.0 0

1748488384
0.0 0.0 0.0 0

1748488385
0.0 0.0 0.0 0

1748488386
0.0 0.0 0.0 275

1748488387
0.0 0.0 0.0 0

1748488388
0.0 0.0 0.0 0

1748488389
0.0 0.0 0.0 0

1748488390
0.0 0.0 0.0 410

1748488391
0.0 0.0 0.0 0

1748488392
0.0 0.0 0.0 0

1748488393
0.0 0.0 0.0 0

1748488394
0.0 0.0 0.0 8

1748488395
0.0 0.0 0.0 417

1748488396
0.0 0.0 0.0 15

1748488397
0.0 0.0 0.0 0

1748488398
0.0 0.0 0.0 0

1748488399
0.0 0.0 0.0 0

1748488400
0.0 0.0 0.0 146

1748488401
0.0 0.0 0.0 14

1748488402
0.0 0.0 0.0 0

1748488403
0.0 0.0 0.0 0

1748488404
0.0 0.0 0.0 0

1748488405
0.0 0.0 0.0 194

1748488406
0.0 0.0 0.0 0

1748488407
0.0 0.0 0.0 14

1748488408
0.0 0.0 0.0 0

1748488409
0.0 0.0 0.0 0

1748488410
0.0 0.0 0.0 2

1748488411
0.0 0.0 0.0 145

1748488412
0.0 0.0 0.0 0

1748488413
0.0 0.0 0.0 0

1748488414
0.0 0.0 0.0 0

1748488415
0.0 0.0 0.0 266

1748488416
0.0 0.0 0.0 3

1748488417
0.0 0.0 0.0 0

1748488418
0.0 0.0 0.0 0

1748488419
0.0 0.0 0.0 0

1748488420
0.0 0.0 0.0 0

1748488421
0.0 0.0 0.0 131

1748488422
0.0 0.0 0.0 4

1748488423
0.0 0.0 0.0 0

1748488424
0.0 0.0 0.0 0

1748488425
0.0 0.0 0.0 0

1748488426
0.0 0.0 0.0 125

1748488427
0.0 0.0 0.0 370

1748488428
0.0 0.0 0.0 0

1748488429
0.0 0.0 0.0 0

1748488430
0.0 0.0 0.0 0

1748488431
0.0 0.0 0.0 5

1748488432
0.0 0.0 0.0 4

1748488433
0.0 0.0 0.0 0

1748488434
0.0 0.0 0.0 0

1748488435
0.0 0.0 0.0 0

1748488436
0.0 0.0 0.0 19

1748488437
0.0 0.0 0.0 12

1748488438
0.0 0.0 0.0 0

1748488439
0.0 0.0 0.0 0

1748488440
0.0 0.0 0.0 0

1748488441
0.0 0.0 0.0 0

1748488442
0.0 0.0 0.0 242

1748488443
0.0 0.0 0.0 0

1748488444
0.0 0.0 0.0 0

1748488445
0.0 0.0 0.0 0

1748488446
0.0 0.0 0.0 0

1748488447
0.0 0.0 0.0 642

1748488448
0.0 0.0 0.0 0

1748488449
0.0 0.0 0.0 0

1748488450
0.0 0.0 0.0 0

1748488451
0.0 0.0 0.0 0

1748488452
0.0 0.0 0.0 101

1748488453
0.0 0.0 0.0 131

1748488454
0.0 0.0 0.0 0

1748488455
0.0 0.0 0.0 0

1748488456
0.0 0.0 0.0 11

1748488457
0.0 0.0 0.0 155

1748488458
0.0 0.0 0.0 0

1748488459
0.0 0.0 0.0 0

1748488460
0.0 0.0 0.0 0

1748488461
0.0 0.0 0.0 0

1748488462
0.0 0.0 0.0 342

1748488463
0.0 0.0 0.0 0

1748488464
0.0 0.0 0.0 0

1748488465
0.0 0.0 0.0 186

1748488466
0.0 0.0 0.0 151

1748488467
0.0 0.0 0.0 0

1748488468
0.0 0.0 0.0 135

1748488469
0.0 0.0 0.0 0

1748488470
0.0 0.0 0.0 53

1748488471
0.0 0.0 0.0 107

1748488472
0.0 0.0 0.0 0

1748488473
0.0 0.0 0.0 0

1748488474
0.0 0.0 0.0 2

1748488475
0.0 0.0 0.0 0

1748488476
0.0 0.0 0.0 146

1748488477
0.0 0.0 0.0 0

1748488478
0.0 0.0 0.0 255

1748488479
0.0 0.0 0.0 0

1748488480
0.0 0.0 0.0 0

1748488481
0.0 0.0 0.0 217

1748488482
0.0 0.0 0.0 0

1748488483
0.0 0.0 0.0 0

1748488484
0.0 0.0 0.0 518

1748488485
0.0 0.0 0.0 0

1748488486
0.0 0.0 0.0 9

1748488487
0.0 0.0 0.0 53

1748488488
0.0 0.0 0.0 0

1748488489
0.0 0.0 0.0 0

1748488490
0.0 0.0 0.0 0

1748488491
0.0 0.0 0.0 29

1748488492
0.0 0.0 0.0 22

1748488493
0.0 0.0 0.0 0

1748488494
0.0 0.0 0.0 46

1748488495
0.0 0.0 0.0 3

1748488496
0.0 0.0 0.0 9

1748488497
0.0 0.0 0.0 9

1748488498
0.0 0.0 0.0 0

1748488499
0.0 0.0 0.0 0

1748488500
0.0 0.0 0.0 0

1748488501
0.0 0.0 0.0 236

1748488502
0.0 0.0 0.0 58

1748488503
0.0 0.0 0.0 0

1748488504
0.0 0.0 0.0 0

1748488505
0.0 0.0 0.0 0

1748488506
0.0 0.0 0.0 105

1748488507
0.0 0.0 0.0 63

1748488508
0.0 0.0 0.0 0

1748488509
0.0 0.0 0.0 234

1748488510
0.0 0.0 0.0 0

1748488511
0.0 0.0 0.0 45

1748488512
0.0 0.0 0.0 9

1748488513
0.0 0.0 0.0 0

1748488514
0.0 0.0 0.0 0

1748488515
0.0 0.0 0.0 0

1748488516
0.0 0.0 0.0 155

1748488517
0.0 0.0 0.0 290

1748488518
0.0 0.0 0.0 7

1748488519
0.0 0.0 0.0 0

1748488520
0.0 0.0 0.0 0

1748488521
0.0 0.0 0.0 0

1748488522
0.0 0.0 0.0 100

1748488523
0.0 0.0 0.0 0

1748488524
0.0 0.0 0.0 5

1748488525
0.0 0.0 0.0 58

1748488526
0.0 0.0 0.0 119

1748488527
0.0 0.0 0.0 102

1748488528
0.0 0.0 0.0 0

1748488529
0.0 0.0 0.0 0

1748488530
0.0 0.0 0.0 8

1748488531
0.0 0.0 0.0 5

1748488532
0.0 0.0 0.0 0

1748488533
0.0 0.0 0.0 0

1748488534
0.0 0.0 0.0 0

1748488535
0.0 0.0 0.0 0

1748488536
0.0 0.0 0.0 510

1748488537
0.0 0.0 0.0 0

1748488538
0.0 0.0 0.0 0

1748488539
0.0 0.0 0.0 0

1748488540
0.0 0.0 0.0 0

1748488541
0.0 0.0 0.0 13

1748488542
0.0 0.0 0.0 0

1748488543
0.0 0.0 0.0 0

1748488544
0.0 0.0 0.0 0

1748488545
0.0 0.0 0.0 101

1748488546
0.0 0.0 0.0 362

1748488547
0.0 0.0 0.0 0

1748488548
0.0 0.0 0.0 0

1748488549
0.0 0.0 0.0 0

1748488550
0.0 0.0 0.0 0

1748488551
0.0 0.0 0.0 303

1748488552
0.0 0.0 0.0 0

1748488553
0.0 0.0 0.0 0

1748488554
0.0 0.0 0.0 0

1748488555
0.0 0.0 0.0 0

1748488556
0.0 0.0 0.0 266

1748488557
0.0 0.0 0.0 126

1748488558
0.0 0.0 0.0 0

1748488559
0.0 0.0 0.0 0

1748488560
0.0 0.0 0.0 285

1748488561
0.0 0.0 0.0 451

1748488562
0.0 0.0 0.0 49

1748488563
0.0 0.0 0.0 0

1748488564
0.0 0.0 0.0 0

1748488565
0.0 0.0 0.0 860

1748488566
0.0 0.0 0.0 8918

1748488567
0.0 0.0 0.0 409

1748488568
0.0 0.0 0.0 0

1748488569
0.0 0.0 0.0 0

1748488570
0.0 0.0 0.0 0

1748488571
0.0 0.0 0.0 205

1748488572
0.0 0.0 0.0 0

1748488573
0.0 0.0 0.0 0

1748488574
0.0 0.0 0.0 0

1748488575
0.0 0.0 0.0 0

1748488576
0.0 0.0 0.0 983

1748488577
0.0 0.0 0.0 268

1748488578
0.0 0.0 0.0 0

1748488579
0.0 0.0 0.0 0

1748488580
0.0 0.0 0.0 0

1748488581
0.0 0.0 0.0 230

1748488582
0.0 0.0 0.0 154

1748488584
0.0 0.0 0.0 1

1748488585
0.0 0.0 0.0 0

1748488586
0.0 0.0 0.0 207

1748488587
0.0 0.0 0.0 29

1748488588
0.0 0.0 0.0 4

1748488589
0.0 0.0 0.0 22

1748488590
0.0 0.0 0.0 54

1748488591
0.0 0.0 0.0 0

1748488592
0.0 0.0 0.0 176

1748488593
0.0 0.0 0.0 0

1748488594
0.0 0.0 0.0 0

1748488595
0.0 0.0 0.0 144

1748488596
0.0 0.0 0.0 0

1748488597
0.0 0.0 0.0 0

1748488598
0.0 0.0 0.0 113

1748488599
0.0 0.0 0.0 0

1748488600
0.0 0.0 0.0 193

1748488601
0.0 0.0 0.0 238

1748488602
0.0 0.0 0.0 0

1748488603
0.0 0.0 0.0 19

1748488604
0.0 0.0 0.0 14

1748488605
0.0 0.0 0.0 0

1748488606
0.0 0.0 0.0 10

1748488607
0.0 0.0 0.0 0

1748488608
0.0 0.0 0.0 0

1748488609
0.0 0.0 0.0 267

1748488610
0.0 0.0 0.0 36

1748488611
0.0 0.0 0.0 0

1748488612
0.0 0.0 0.0 0

1748488613
0.0 0.0 0.0 0

1748488614
0.0 0.0 0.0 572

1748488615
0.0 0.0 0.0 279

1748488616
0.0 0.0 0.0 0

1748488617
0.0 0.0 0.0 0

1748488618
0.0 0.0 0.0 0

1748488619
0.0 0.0 0.0 0

1748488620
0.0 0.0 0.0 39

1748488621
0.0 0.0 0.0 0

1748488622
0.0 0.0 0.0 13

1748488623
0.0 0.0 0.0 0

1748488624
0.0 0.0 0.0 0

1748488625
0.0 0.0 0.0 110

1748488626
0.0 0.0 0.0 0

1748488627
0.0 0.0 0.0 16

1748488628
0.0 0.0 0.0 0

1748488629
0.0 0.0 0.0 0

1748488630
0.0 0.0 0.0 231

1748488631
0.0 0.0 0.0 0

1748488632
0.0 0.0 0.0 0

1748488633
0.0 0.0 0.0 0

1748488634
0.0 0.0 0.0 0

1748488635
0.0 0.0 0.0 139

1748488636
0.0 0.0 0.0 6

1748488637
0.0 0.0 0.0 0

1748488638
0.0 0.0 0.0 0

1748488639
0.0 0.0 0.0 0

1748488640
0.0 0.0 0.0 85

1748488641
0.0 0.0 0.0 117

1748488642
0.0 0.0 0.0 0

1748488643
0.0 0.0 0.0 0

1748488644
0.0 0.0 0.0 149

1748488645
0.0 0.0 0.0 27

1748488646
0.0 0.0 0.0 193

1748488647
0.0 0.0 0.0 0

1748488648
0.0 0.0 0.0 0

1748488649
0.0 0.0 0.0 179

1748488650
0.0 0.0 0.0 261

1748488651
0.0 0.0 0.0 5

1748488652
0.0 0.0 0.0 0

1748488653
0.0 0.0 0.0 0

1748488654
0.0 0.0 0.0 0

1748488655
0.0 0.0 0.0 148

1748488656
0.0 0.0 0.0 84

1748488657
0.0 0.0 0.0 0

1748488658
0.0 0.0 0.0 0

1748488659
0.0 0.0 0.0 0

1748488660
0.0 0.0 0.0 10

1748488661
0.0 0.0 0.0 66

1748488662
0.0 0.0 0.0 0

1748488663
0.0 0.0 0.0 0

1748488664
0.0 0.0 0.0 0

1748488665
0.0 0.0 0.0 218

1748488666
0.0 0.0 0.0 77

1748488667
0.0 0.0 0.0 0

1748488668
0.0 0.0 0.0 12

1748488669
0.0 0.0 0.0 4

1748488670
0.0 0.0 0.0 143

1748488671
0.0 0.0 0.0 19

1748488672
0.0 0.0 0.0 0

1748488673
0.0 0.0 0.0 0

1748488674
0.0 0.0 0.0 292

1748488675
0.0 0.0 0.0 9

1748488676
0.0 0.0 0.0 0

1748488677
0.0 0.0 0.0 3

1748488678
0.0 0.0 0.0 0

1748488679
0.0 0.0 0.0 0

1748488680
0.0 0.0 0.0 116

1748488681
0.0 0.0 0.0 0

1748488682
0.0 0.0 0.0 100

1748488683
0.0 0.0 0.0 0

1748488684
0.0 0.0 0.0 0

1748488685
0.0 0.0 0.0 5

1748488686
0.0 0.0 0.0 0

1748488687
0.0 0.0 0.0 4

1748488688
0.0 0.0 0.0 0

1748488689
0.0 0.0 0.0 0

1748488690
0.0 0.0 0.0 712

1748488691
0.0 0.0 0.0 0

1748488692
0.0 0.0 0.0 92

1748488693
0.0 0.0 0.0 0

1748488694
0.0 0.0 0.0 0

1748488695
0.0 0.0 0.0 289

1748488696
0.0 0.0 0.0 97

1748488698
0.0 0.0 0.0 69

1748488699
0.0 0.0 0.0 0

1748488700
0.0 0.0 0.0 82

1748488701
0.0 0.0 0.0 662

1748488703
0.0 0.0 0.0 314

1748488704
0.0 0.0 0.0 0

1748488705
0.0 0.0 0.0 221

1748488706
0.0 0.0 0.0 73

1748488708
0.0 0.0 0.0 133

1748488709
0.0 0.0 0.0 0

1748488710
0.0 0.0 0.0 0

1748488711
0.0 0.0 0.0 312

1748488712
0.0 0.0 0.0 263

1748488713
0.0 0.0 0.0 0

1748488714
0.0 0.0 0.0 0

1748488715
0.0 0.0 0.0 0

1748488716
0.0 0.0 0.0 232

1748488717
0.0 0.0 0.0 420

1748488718
0.0 0.0 0.0 397

1748488719
0.0 0.0 0.0 5573

1748488720
0.0 0.0 0.0 0

1748488721
0.0 0.0 0.0 0

1748488722
0.0 0.0 0.0 0

1748488723
0.0 0.0 0.0 229

1748488724
0.0 0.0 0.0 614

1748488725
0.0 0.0 0.0 76

1748488727
0.0 0.0 0.0 2107

1748488728
0.0 0.0 0.0 4172

1748488729
0.0 0.0 0.0 0

1748488730
0.0 0.0 0.0 0

1748488731
0.0 0.0 0.0 0

1748488732
0.0 0.0 0.0 194

1748488733
0.0 0.0 0.0 7396

1748488734
0.0 0.0 0.0 0

1748488735
0.0 0.0 0.0 74

1748488736
0.0 0.0 0.0 0

1748488737
0.0 0.0 0.0 155

1748488738
0.0 0.0 0.0 393

1748488740
0.0 0.0 0.0 0

1748488741
0.0 0.0 0.0 382

1748488742
0.0 0.0 0.0 1672

1748488743
0.0 0.0 0.0 79

1748488744
0.0 0.0 0.0 0

1748488745
0.0 0.0 0.0 0

1748488746
0.0 0.0 0.0 0

1748488747
0.0 0.0 0.0 187

1748488748
0.0 0.0 0.0 438

1748488749
0.0 0.0 0.0 192

1748488750
0.0 0.0 0.0 0

1748488751
0.0 0.0 0.0 0

1748488752
0.0 0.0 0.0 0

1748488753
0.0 0.0 0.0 6289

1748488754
0.0 0.0 0.0 0

1748488755
0.0 0.0 0.0 66

1748488756
0.0 0.0 0.0 0

1748488757
0.0 0.0 0.0 143

1748488758
0.0 0.0 0.0 74

1748488760
0.0 0.0 0.0 171

1748488761
0.0 0.0 0.0 138

1748488762
0.0 0.0 0.0 0

1748488763
0.0 0.0 0.0 0

1748488764
0.0 0.0 0.0 0

1748488765
0.0 0.0 0.0 145

1748488766
0.0 0.0 0.0 243

1748488767
0.0 0.0 0.0 180

1748488768
0.0 0.0 0.0 0

1748488769
0.0 0.0 0.0 0

1748488770
0.0 0.0 0.0 0

1748488771
0.0 0.0 0.0 219

1748488772
0.0 0.0 0.0 0

1748488773
0.0 0.0 0.0 0

1748488774
0.0 0.0 0.0 0

1748488775
0.0 0.0 0.0 0

1748488776
0.0 0.0 0.0 251

1748488777
0.0 0.0 0.0 0

1748488778
0.0 0.0 0.0 0

1748488779
0.0 0.0 0.0 0

1748488780
0.0 0.0 0.0 0

1748488781
0.0 0.0 0.0 254

1748488782
0.0 0.0 0.0 291

1748488783
0.0 0.0 0.0 0

1748488784
0.0 0.0 0.0 0

1748488785
0.0 0.0 0.0 0

1748488786
0.0 0.0 0.0 285

1748488787
0.0 0.0 0.0 0

1748488788
0.0 0.0 0.0 1158

1748488789
0.0 0.0 0.0 0

1748488790
0.0 0.0 0.0 0

1748488791
0.0 0.0 0.0 114

1748488792
0.0 0.0 0.0 0

1748488793
0.0 0.0 0.0 0

1748488794
0.0 0.0 0.0 151

1748488795
0.0 0.0 0.0 0

1748488796
0.0 0.0 0.0 0

1748488797
0.0 0.0 0.0 0

1748488798
0.0 0.0 0.0 0

1748488799
0.0 0.0 0.0 218

1748488800
0.0 0.0 0.0 74

1748488801
0.0 0.0 0.0 0

1748488802
0.0 0.0 0.0 71

1748488803
0.0 0.0 0.0 0

1748488804
0.0 0.0 0.0 248

1748488805
0.0 0.0 0.0 0

1748488806
0.0 0.0 0.0 0

1748488807
0.0 0.0 0.0 0

1748488808
0.0 0.0 0.0 0

1748488809
0.0 0.0 0.0 299

1748488810
0.0 0.0 0.0 0

1748488811
0.0 0.0 0.0 0

1748488812
0.0 0.0 0.0 0

1748488813
0.0 0.0 0.0 0

1748488814
0.0 0.0 0.0 275

1748488815
0.0 0.0 0.0 392

1748488816
0.0 0.0 0.0 0

1748488817
0.0 0.0 0.0 0

1748488818
0.0 0.0 0.0 0

1748488819
0.0 0.0 0.0 265

1748488820
0.0 0.0 0.0 296

1748488821
0.0 0.0 0.0 172

1748488822
0.0 0.0 0.0 0

1748488823
0.0 0.0 0.0 0

1748488824
0.0 0.0 0.0 268

1748488825
0.0 0.0 0.0 0

1748488826
0.0 0.0 0.0 592

1748488827
0.0 0.0 0.0 0

1748488828
0.0 0.0 0.0 0

1748488829
0.0 0.0 0.0 478

1748488830
0.0 0.0 0.0 0

1748488831
0.0 0.0 0.0 0

1748488832
0.0 0.0 0.0 741

1748488833
0.0 0.0 0.0 0

1748488834
0.0 0.0 0.0 408

1748488835
0.0 0.0 0.0 0

1748488836
0.0 0.0 0.0 0

1748488837
0.0 0.0 0.0 531

1748488838
0.0 0.0 0.0 417

1748488839
0.0 0.0 0.0 141

1748488840
0.0 0.0 0.0 0

1748488841
0.0 0.0 0.0 0

1748488842
0.0 0.0 0.0 0

1748488843
0.0 0.0 0.0 1409

1748488844
0.0 0.0 0.0 253

1748488845
0.0 0.0 0.0 0

1748488846
0.0 0.0 0.0 907

1748488847
0.0 0.0 0.0 0

1748488848
0.0 0.0 0.0 0

1748488849
0.0 0.0 0.0 800

1748488850
0.0 0.0 0.0 0

1748488851
0.0 0.0 0.0 796

1748488852
0.0 0.0 0.0 0

1748488853
0.0 0.0 0.0 171

1748488854
0.0 0.0 0.0 1120

1748488855
0.0 0.0 0.0 0

1748488856
0.0 0.0 0.0 0

1748488857
0.0 0.0 0.0 0

1748488858
0.0 0.0 0.0 295

1748488859
0.0 0.0 0.0 0

1748488860
0.0 0.0 0.0 1647

1748488861
0.0 0.0 0.0 0

1748488862
0.0 0.0 0.0 9

1748488863
0.0 0.0 0.0 343

1748488864
0.0 0.0 0.0 0

1748488865
0.0 0.0 0.0 315

1748488866
0.0 0.0 0.0 646

1748488867
0.0 0.0 0.0 0

1748488868
0.0 0.0 0.0 116

1748488869
0.0 0.0 0.0 0

1748488870
0.0 0.0 0.0 0

1748488871
0.0 0.0 0.0 1166

1748488872
0.0 0.0 0.0 0

1748488873
0.0 0.0 0.0 490

1748488874
0.0 0.0 0.0 0

1748488875
0.0 0.0 0.0 0

1748488876
0.0 0.0 0.0 0

1748488877
0.0 0.0 0.0 310

1748488878
0.0 0.0 0.0 553

1748488879
0.0 0.0 0.0 0

1748488880
0.0 0.0 0.0 0

1748488881
0.0 0.0 0.0 0

1748488882
0.0 0.0 0.0 551

1748488883
0.0 0.0 0.0 311

1748488884
0.0 0.0 0.0 0

1748488885
0.0 0.0 0.0 0

1748488886
0.0 0.0 0.0 907

1748488887
0.0 0.0 0.0 1277

1748488888
0.0 0.0 0.0 0

1748488889
0.0 0.0 0.0 0

1748488890
0.0 0.0 0.0 0

1748488891
0.0 0.0 0.0 170

1748488892
0.0 0.0 0.0 1456

1748488893
0.0 0.0 0.0 0

1748488894
0.0 0.0 0.0 0

1748488895
0.0 0.0 0.0 0

1748488896
0.0 0.0 0.0 0

1748488897
0.0 0.0 0.0 613

1748488898
0.0 0.0 0.0 0

1748488899
0.0 0.0 0.0 0

1748488900
0.0 0.0 0.0 50

1748488901
0.0 0.0 0.0 0

1748488902
0.0 0.0 0.0 765

1748488903
0.0 0.0 0.0 0

1748488904
0.0 0.0 0.0 0

1748488905
0.0 0.0 0.0 24

1748488906
0.0 0.0 0.0 23

1748488908
0.0 0.0 0.0 155

1748488909
0.0 0.0 0.0 0

1748488910
0.0 0.0 0.0 0

1748488911
0.0 0.0 0.0 146

1748488912
0.0 0.0 0.0 0

1748488913
0.0 0.0 0.0 641

1748488914
0.0 0.0 0.0 0

1748488915
0.0 0.0 0.0 0

1748488916
0.0 0.0 0.0 0

1748488917
0.0 0.0 0.0 0

1748488918
0.0 0.0 0.0 9221

1748488919
0.0 0.0 0.0 0

1748488920
0.0 0.0 0.0 0

1748488921
0.0 0.0 0.0 0

1748488922
0.0 0.0 0.0 176

1748488923
0.0 0.0 0.0 255

1748488924
0.0 0.0 0.0 81194

1748488925
0.0 0.0 0.0 17572

1748488926
0.9 0.16 0.03 8835

1748488927
0.9 0.16 0.03 0

1748488928
0.74 0.15 0.03 711

1748488929
0.74 0.15 0.03 414

1748488930
0.6 0.15 0.03 27848

1748488931
0.6 0.15 0.03 1779

1748488932
0.49 0.14 0.03 1786

1748488933
0.49 0.14 0.03 114089

1748488934
2.21 0.47 0.1 186530

1748488935
2.21 0.47 0.1 139572

1748488936
4.53 0.94 0.2 235673

1748488937
4.53 0.94 0.2 205459

1748488938
7.51 1.6 0.34 92171

1748488939
7.51 1.6 0.34 0

1748488940
6.15 1.54 0.34 0

1748488941
6.15 1.54 0.34 0

1748488942
5.04 1.49 0.34 0

1748488943
5.04 1.49 0.34 49

1748488944
4.12 1.44 0.33 0

1748488945
4.12 1.44 0.33 0

1748488946
3.37 1.4 0.33 0

1748488947
3.37 1.4 0.33 0

1748488948
2.76 1.35 0.33 1

1748488949
2.76 1.35 0.33 64

1748488950
2.26 1.31 0.33 0

1748488951
2.26 1.31 0.33 0

1748488952
1.85 1.26 0.32 0

1748488953
1.85 1.26 0.32 0

1748488954
1.51 1.22 0.32 150

1748488955
1.51 1.22 0.32 0

1748488956
1.24 1.18 0.32 84930

1748488957
1.24 1.18 0.32 92429

1748488958
2.46 1.4 0.37 998

1748488959
2.46 1.4 0.37 7772

1748488960
2.01 1.36 0.37 58

1748488961
2.01 1.36 0.37 849

1748488962
1.65 1.31 0.37 0

1748488963
1.65 1.31 0.37 0

1748488964
1.35 1.27 0.36 0

1748488965
1.35 1.27 0.36 0

1748488966
1.1 1.23 0.36 927

1748488967
1.1 1.23 0.36 0

1748488968
0.9 1.19 0.36 0

1748488969
0.9 1.19 0.36 67920

1748488970
1.28 1.25 0.37 32628

1748488971
1.28 1.25 0.37 1582

1748488972
1.23 1.24 0.38 0

1748488973
1.23 1.24 0.38 78

1748488974
1.01 1.2 0.38 0

1748488975
1.01 1.2 0.38 4495

1748488976
0.82 1.16 0.37 671

1748488977
0.82 1.16 0.37 0

1748488978
0.67 1.12 0.37 3652

1748488979
0.67 1.12 0.37 1

1748488980
0.55 1.08 0.37 0

1748488981
0.55 1.08 0.37 0

1748488982
0.45 1.05 0.36 24

1748488983
0.45 1.05 0.36 340

1748488984
0.37 1.01 0.36 0

1748488985
0.37 1.01 0.36 0

1748488986
0.3 0.98 0.36 0

1748488987
0.3 0.98 0.36 0

1748488988
0.24 0.95 0.36 266

1748488989
0.24 0.95 0.36 70

1748488991
0.2 0.91 0.35 264

1748488992
0.16 0.88 0.35 0

1748488993
0.16 0.88 0.35 173

1748488994
0.13 0.86 0.35 65

1748488995
0.13 0.86 0.35 0

1748488996
0.11 0.83 0.35 0

1748488997
0.11 0.83 0.35 0

1748488998
0.09 0.8 0.34 3929

1748488999
0.09 0.8 0.34 41

1748489000
0.07 0.77 0.34 0

1748489001
0.07 0.77 0.34 0

1748489002
0.06 0.75 0.34 0

1748489003
0.06 0.75 0.34 4359

1748489004
0.04 0.72 0.34 92

1748489005
0.04 0.72 0.34 0

1748489006
0.03 0.7 0.33 3431

1748489007
0.03 0.7 0.33 1654

1748489008
0.03 0.68 0.33 0

1748489009
0.03 0.68 0.33 0

1748489010
0.02 0.65 0.33 0

1748489011
0.02 0.65 0.33 4541

1748489012
0.02 0.63 0.33 1445

1748489013
0.02 0.63 0.33 3092

1748489014
0.01 0.61 0.32 0

1748489015
0.01 0.61 0.32 0

1748489016
0.01 0.59 0.32 258

1748489017
0.01 0.59 0.32 80

1748489018
0.01 0.57 0.32 0

1748489019
0.01 0.57 0.32 0

1748489020
0.0 0.55 0.32 0

1748489021
0.0 0.55 0.32 178

1748489022
0.0 0.53 0.31 272

1748489023
0.0 0.53 0.31 0

1748489024
0.0 0.51 0.31 45051

1748489025
0.0 0.51 0.31 0

1748489026
0.36 0.56 0.32 0

1748489027
0.36 0.56 0.32 1096

1748489028
0.3 0.54 0.32 0

1748489029
0.3 0.54 0.32 0

1748489030
0.24 0.53 0.32 0

1748489031
0.24 0.53 0.32 0

1748489032
0.2 0.51 0.32 3394

1748489033
0.2 0.51 0.32 34

1748489034
0.16 0.49 0.31 0

1748489035
0.16 0.49 0.31 11726

1748489036
0.13 0.47 0.31 0

1748489037
0.13 0.47 0.31 3

1748489038
0.1 0.46 0.31 91

1748489039
0.1 0.46 0.31 0

1748489040
0.08 0.44 0.31 0

1748489041
0.08 0.44 0.31 0

1748489042
0.07 0.43 0.3 28

1748489043
0.07 0.43 0.3 15

1748489044
0.05 0.41 0.3 981

1748489045
0.05 0.41 0.3 0

1748489046
0.04 0.4 0.3 0

1748489047
0.04 0.4 0.3 152

1748489048
0.03 0.39 0.3 241

1748489049
0.03 0.39 0.3 114

1748489050
0.03 0.37 0.29 0

1748489051
0.03 0.37 0.29 0

1748489052
0.02 0.36 0.29 3453

1748489053
0.02 0.36 0.29 312

1748489054
0.02 0.35 0.29 0

1748489055
0.02 0.35 0.29 0

1748489056
0.01 0.34 0.29 0

1748489057
0.01 0.34 0.29 0

1748489058
0.01 0.32 0.28 344

1748489059
0.01 0.32 0.28 0

1748489060
0.01 0.31 0.28 0

1748489061
0.01 0.31 0.28 0

1748489062
0.0 0.3 0.28 1432

1748489063
0.0 0.3 0.28 736

1748489064
0.0 0.29 0.28 0

1748489065
0.0 0.29 0.28 1720

1748489066
0.0 0.28 0.27 123

1748489067
0.0 0.28 0.27 1398

1748489068
0.0 0.27 0.27 251

1748489069
0.0 0.27 0.27 0

1748489070
0.0 0.26 0.27 1805

1748489071
0.0 0.26 0.27 0

1748489072
0.0 0.25 0.27 2632

1748489073
0.0 0.25 0.27 80

1748489074
0.0 0.25 0.27 0

1748489075
0.0 0.25 0.27 1325

1748489076
0.0 0.24 0.27 4367

1748489077
0.0 0.24 0.27 0

1748489078
0.0 0.23 0.26 81

1748489079
0.0 0.23 0.26 0

1748489080
0.0 0.22 0.26 3242

1748489081
0.0 0.22 0.26 1412

1748489082
0.0 0.21 0.26 0

1748489083
0.0 0.21 0.26 0

1748489085
0.0 0.21 0.26 262

1748489086
0.0 0.2 0.26 538

1748489087
0.0 0.2 0.26 0

1748489088
0.0 0.19 0.25 0

1748489089
0.0 0.19 0.25 0

1748489090
0.0 0.19 0.25 0

1748489091
0.0 0.19 0.25 348

1748489092
0.0 0.18 0.25 4678

1748489093
0.0 0.18 0.25 167

1748489095
0.0 0.17 0.25 0

