1745464552
0.0 0.0 0.0 0

1745464553
0.0 0.0 0.0 0

1745464554
0.0 0.0 0.0 0

1745464555
0.0 0.0 0.0 0

1745464556
0.0 0.0 0.0 0

1745464557
0.0 0.0 0.0 0

1745464558
0.0 0.0 0.0 0

1745464559
0.0 0.0 0.0 0

1745464560
0.0 0.0 0.0 0

1745464561
0.0 0.0 0.0 0

1745464562
0.0 0.0 0.0 0

1745464563
0.0 0.0 0.0 0

1745464564
0.0 0.0 0.0 0

1745464565
0.0 0.0 0.0 0

1745464566
0.0 0.0 0.0 0

1745464567
0.0 0.0 0.0 0

1745464568
0.0 0.0 0.0 0

1745464569
0.0 0.0 0.0 0

1745464570
0.0 0.0 0.0 0

1745464571
0.0 0.0 0.0 0

1745464572
0.0 0.0 0.0 0

1745464573
0.0 0.0 0.0 0

1745464574
0.0 0.0 0.0 0

1745464575
0.0 0.0 0.0 0

1745464576
0.0 0.0 0.0 0

1745464577
0.0 0.0 0.0 0

1745464578
0.0 0.0 0.0 0

1745464579
0.0 0.0 0.0 0

1745464580
0.0 0.0 0.0 0

1745464581
0.0 0.0 0.0 0

1745464582
0.0 0.0 0.0 0

1745464583
0.0 0.0 0.0 0

1745464584
0.0 0.0 0.0 0

1745464585
0.0 0.0 0.0 0

1745464586
0.0 0.0 0.0 0

1745464587
0.0 0.0 0.0 0

1745464588
0.0 0.0 0.0 0

1745464589
0.0 0.0 0.0 0

1745464590
0.0 0.0 0.0 0

1745464591
0.0 0.0 0.0 0

1745464592
0.0 0.0 0.0 0

1745464593
0.0 0.0 0.0 0

1745464594
0.0 0.0 0.0 0

1745464595
0.0 0.0 0.0 0

1745464596
0.0 0.0 0.0 0

1745464597
0.0 0.0 0.0 0

1745464598
0.0 0.0 0.0 0

1745464599
0.0 0.0 0.0 0

1745464600
0.0 0.0 0.0 0

1745464601
0.0 0.0 0.0 0

1745464602
0.0 0.0 0.0 0

1745464603
0.0 0.0 0.0 0

1745464604
0.0 0.0 0.0 0

1745464605
0.0 0.0 0.0 0

1745464606
0.0 0.0 0.0 0

1745464607
0.0 0.0 0.0 0

1745464608
0.0 0.0 0.0 0

1745464609
0.0 0.0 0.0 0

1745464610
0.0 0.0 0.0 0

1745464611
0.0 0.0 0.0 0

1745464612
0.0 0.0 0.0 0

1745464613
0.0 0.0 0.0 0

1745464614
0.0 0.0 0.0 0

1745464615
0.0 0.0 0.0 0

1745464616
0.0 0.0 0.0 0

1745464617
0.0 0.0 0.0 0

1745464618
0.0 0.0 0.0 0

1745464619
0.0 0.0 0.0 0

1745464620
0.0 0.0 0.0 0

1745464621
0.0 0.0 0.0 0

1745464622
0.0 0.0 0.0 0

1745464623
0.0 0.0 0.0 0

1745464624
0.0 0.0 0.0 0

1745464625
0.0 0.0 0.0 0

1745464626
0.0 0.0 0.0 0

1745464627
0.0 0.0 0.0 0

1745464628
0.0 0.0 0.0 0

1745464629
0.0 0.0 0.0 0

1745464630
0.0 0.0 0.0 1

1745464631
0.0 0.0 0.0 0

1745464632
0.0 0.0 0.0 0

1745464633
0.0 0.0 0.0 0

1745464634
0.0 0.0 0.0 0

1745464635
0.0 0.0 0.0 0

1745464636
0.0 0.0 0.0 0

1745464637
0.0 0.0 0.0 0

1745464638
0.0 0.0 0.0 0

1745464639
0.0 0.0 0.0 0

1745464640
0.0 0.0 0.0 0

1745464641
0.0 0.0 0.0 0

1745464642
0.0 0.0 0.0 0

1745464643
0.0 0.0 0.0 0

1745464644
0.0 0.0 0.0 0

1745464645
0.0 0.0 0.0 1

1745464646
0.0 0.0 0.0 0

1745464647
0.0 0.0 0.0 0

1745464648
0.0 0.0 0.0 0

1745464649
0.0 0.0 0.0 0

1745464650
0.0 0.0 0.0 0

1745464651
0.0 0.0 0.0 0

1745464652
0.0 0.0 0.0 0

1745464653
0.0 0.0 0.0 0

1745464654
0.0 0.0 0.0 0

1745464655
0.0 0.0 0.0 0

1745464656
0.0 0.0 0.0 0

1745464657
0.0 0.0 0.0 0

1745464658
0.0 0.0 0.0 0

1745464659
0.0 0.0 0.0 0

1745464660
0.0 0.0 0.0 0

1745464661
0.0 0.0 0.0 0

1745464662
0.0 0.0 0.0 0

1745464663
0.0 0.0 0.0 0

1745464664
0.0 0.0 0.0 0

1745464665
0.0 0.0 0.0 0

1745464666
0.0 0.0 0.0 0

1745464667
0.0 0.0 0.0 0

1745464668
0.0 0.0 0.0 0

1745464669
0.0 0.0 0.0 0

1745464670
0.0 0.0 0.0 0

1745464671
0.0 0.0 0.0 0

1745464672
0.0 0.0 0.0 0

1745464673
0.0 0.0 0.0 0

1745464674
0.0 0.0 0.0 0

1745464675
0.0 0.0 0.0 0

1745464676
0.0 0.0 0.0 0

1745464677
0.0 0.0 0.0 0

1745464678
0.0 0.0 0.0 0

1745464679
0.0 0.0 0.0 0

1745464680
0.0 0.0 0.0 0

1745464681
0.0 0.0 0.0 1

1745464682
0.0 0.0 0.0 0

1745464683
0.0 0.0 0.0 0

1745464684
0.0 0.0 0.0 0

1745464685
0.0 0.0 0.0 0

1745464686
0.0 0.0 0.0 0

1745464687
0.0 0.0 0.0 0

1745464688
0.0 0.0 0.0 0

1745464689
0.0 0.0 0.0 0

1745464690
0.0 0.0 0.0 0

1745464691
0.0 0.0 0.0 0

1745464692
0.0 0.0 0.0 0

1745464693
0.0 0.0 0.0 0

1745464694
0.0 0.0 0.0 0

1745464695
0.0 0.0 0.0 0

1745464696
0.0 0.0 0.0 1

1745464697
0.0 0.0 0.0 0

1745464698
0.0 0.0 0.0 0

1745464699
0.0 0.0 0.0 0

1745464700
0.0 0.0 0.0 0

1745464701
0.0 0.0 0.0 0

1745464702
0.0 0.0 0.0 0

1745464703
0.0 0.0 0.0 0

1745464704
0.0 0.0 0.0 0

1745464705
0.0 0.0 0.0 0

1745464706
0.0 0.0 0.0 0

1745464707
0.0 0.0 0.0 0

1745464708
0.0 0.0 0.0 1

1745464709
0.0 0.0 0.0 0

1745464710
0.0 0.0 0.0 0

1745464711
0.0 0.0 0.0 0

1745464712
0.0 0.0 0.0 0

1745464714
0.0 0.0 0.0 0

1745464715
0.0 0.0 0.0 0

1745464716
0.0 0.0 0.0 1

1745464717
0.0 0.0 0.0 0

1745464718
0.0 0.0 0.0 0

1745464719
0.0 0.0 0.0 0

1745464720
0.0 0.0 0.0 0

1745464721
0.0 0.0 0.0 0

1745464722
0.0 0.0 0.0 0

1745464723
0.0 0.0 0.0 0

1745464724
0.0 0.0 0.0 0

1745464725
0.0 0.0 0.0 0

1745464726
0.0 0.0 0.0 0

1745464727
0.0 0.0 0.0 0

1745464728
0.0 0.0 0.0 0

1745464729
0.0 0.0 0.0 0

1745464730
0.0 0.0 0.0 0

1745464731
0.0 0.0 0.0 1

1745464732
0.0 0.0 0.0 0

1745464733
0.0 0.0 0.0 0

1745464734
0.0 0.0 0.0 0

1745464735
0.0 0.0 0.0 1

1745464736
0.0 0.0 0.0 0

1745464737
0.0 0.0 0.0 0

1745464738
0.0 0.0 0.0 0

1745464739
0.0 0.0 0.0 0

1745464740
0.0 0.0 0.0 0

1745464741
0.0 0.0 0.0 0

1745464742
0.0 0.0 0.0 0

1745464743
0.0 0.0 0.0 2

1745464744
0.0 0.0 0.0 0

1745464745
0.0 0.0 0.0 0

1745464746
0.0 0.0 0.0 0

1745464747
0.0 0.0 0.0 0

1745464748
0.0 0.0 0.0 0

1745464749
0.0 0.0 0.0 0

1745464750
0.0 0.0 0.0 0

1745464751
0.0 0.0 0.0 0

1745464752
0.0 0.0 0.0 0

1745464753
0.0 0.0 0.0 0

1745464754
0.0 0.0 0.0 0

1745464755
0.0 0.0 0.0 0

1745464756
0.0 0.0 0.0 0

1745464757
0.0 0.0 0.0 0

1745464758
0.0 0.0 0.0 0

1745464759
0.0 0.0 0.0 0

1745464760
0.0 0.0 0.0 0

1745464761
0.0 0.0 0.0 0

1745464762
0.0 0.0 0.0 0

1745464763
0.0 0.0 0.0 0

1745464764
0.0 0.0 0.0 1

1745464765
0.0 0.0 0.0 0

1745464766
0.0 0.0 0.0 0

1745464767
0.0 0.0 0.0 0

1745464768
0.0 0.0 0.0 0

1745464769
0.0 0.0 0.0 0

1745464770
0.0 0.0 0.0 0

1745464771
0.0 0.0 0.0 0

1745464772
0.0 0.0 0.0 0

1745464773
0.0 0.0 0.0 0

1745464774
0.0 0.0 0.0 0

1745464775
0.0 0.0 0.0 0

1745464776
0.0 0.0 0.0 0

1745464777
0.0 0.0 0.0 0

1745464778
0.0 0.0 0.0 0

1745464779
0.0 0.0 0.0 0

1745464780
0.0 0.0 0.0 0

1745464781
0.0 0.0 0.0 0

1745464782
0.0 0.0 0.0 0

1745464783
0.0 0.0 0.0 0

1745464784
0.0 0.0 0.0 0

1745464785
0.0 0.0 0.0 0

1745464786
0.0 0.0 0.0 0

1745464787
0.0 0.0 0.0 0

1745464788
0.0 0.0 0.0 0

1745464789
0.0 0.0 0.0 0

1745464790
0.0 0.0 0.0 0

1745464791
0.0 0.0 0.0 0

1745464792
0.0 0.0 0.0 0

1745464793
0.0 0.0 0.0 0

1745464794
0.0 0.0 0.0 0

1745464795
0.0 0.0 0.0 0

1745464796
0.0 0.0 0.0 0

1745464797
0.0 0.0 0.0 0

1745464798
0.0 0.0 0.0 0

1745464799
0.0 0.0 0.0 0

1745464800
0.0 0.0 0.0 0

1745464801
0.0 0.0 0.0 0

1745464802
0.0 0.0 0.0 0

1745464803
0.0 0.0 0.0 0

1745464804
0.0 0.0 0.0 0

1745464805
0.0 0.0 0.0 0

1745464806
0.0 0.0 0.0 0

1745464807
0.0 0.0 0.0 0

1745464808
0.0 0.0 0.0 0

1745464809
0.0 0.0 0.0 1

1745464810
0.0 0.0 0.0 0

1745464811
0.0 0.0 0.0 0

1745464812
0.0 0.0 0.0 0

1745464813
0.0 0.0 0.0 0

1745464814
0.0 0.0 0.0 0

1745464815
0.0 0.0 0.0 0

1745464816
0.0 0.0 0.0 0

1745464817
0.0 0.0 0.0 0

1745464818
0.0 0.0 0.0 0

1745464819
0.0 0.0 0.0 0

1745464820
0.0 0.0 0.0 0

1745464821
0.0 0.0 0.0 0

1745464822
0.0 0.0 0.0 0

1745464823
0.0 0.0 0.0 0

1745464824
0.0 0.0 0.0 0

1745464825
0.0 0.0 0.0 0

1745464826
0.0 0.0 0.0 0

1745464827
0.0 0.0 0.0 1

1745464828
0.0 0.0 0.0 0

1745464829
0.0 0.0 0.0 0

1745464830
0.0 0.0 0.0 0

1745464831
0.0 0.0 0.0 0

1745464832
0.0 0.0 0.0 0

1745464833
0.0 0.0 0.0 0

1745464834
0.0 0.0 0.0 0

1745464835
0.0 0.0 0.0 0

1745464836
0.0 0.0 0.0 0

1745464837
0.0 0.0 0.0 0

1745464838
0.0 0.0 0.0 0

1745464839
0.0 0.0 0.0 0

1745464840
0.0 0.0 0.0 0

1745464841
0.0 0.0 0.0 0

1745464842
0.0 0.0 0.0 0

1745464843
0.0 0.0 0.0 0

1745464844
0.0 0.0 0.0 0

1745464845
0.0 0.0 0.0 0

1745464846
0.0 0.0 0.0 0

1745464847
0.0 0.0 0.0 0

1745464848
0.0 0.0 0.0 0

1745464849
0.0 0.0 0.0 0

1745464850
0.0 0.0 0.0 0

1745464851
0.0 0.0 0.0 0

1745464852
0.0 0.0 0.0 0

1745464853
0.0 0.0 0.0 0

1745464854
0.0 0.0 0.0 0

1745464855
0.0 0.0 0.0 0

1745464856
0.0 0.0 0.0 0

1745464857
0.0 0.0 0.0 0

1745464858
0.0 0.0 0.0 0

1745464859
0.0 0.0 0.0 0

1745464860
0.0 0.0 0.0 0

1745464861
0.0 0.0 0.0 0

1745464862
0.0 0.0 0.0 0

1745464863
0.0 0.0 0.0 1

1745464864
0.0 0.0 0.0 0

1745464865
0.0 0.0 0.0 0

1745464866
0.0 0.0 0.0 0

1745464867
0.0 0.0 0.0 0

1745464868
0.0 0.0 0.0 0

1745464869
0.0 0.0 0.0 0

1745464870
0.0 0.0 0.0 0

1745464871
0.0 0.0 0.0 0

1745464872
0.0 0.0 0.0 0

1745464873
0.0 0.0 0.0 0

1745464874
0.0 0.0 0.0 0

1745464875
0.0 0.0 0.0 0

1745464878
0.0 0.0 0.0 0

1745464879
0.0 0.0 0.0 0

1745464880
0.0 0.0 0.0 0

1745464881
0.0 0.0 0.0 0

1745464882
0.0 0.0 0.0 0

1745464883
0.0 0.0 0.0 0

1745464884
0.0 0.0 0.0 0

1745464885
0.0 0.0 0.0 0

1745464886
0.0 0.0 0.0 0

1745464887
0.0 0.0 0.0 0

1745464888
0.0 0.0 0.0 0

1745464889
0.0 0.0 0.0 0

1745464890
0.0 0.0 0.0 0

1745464891
0.0 0.0 0.0 0

1745464892
0.0 0.0 0.0 0

1745464893
0.0 0.0 0.0 0

1745464894
0.0 0.0 0.0 0

1745464895
0.0 0.0 0.0 0

1745464896
0.0 0.0 0.0 0

1745464897
0.0 0.0 0.0 0

1745464898
0.0 0.0 0.0 1

1745464899
0.0 0.0 0.0 0

1745464900
0.0 0.0 0.0 0

1745464901
0.0 0.0 0.0 0

1745464902
0.0 0.0 0.0 0

1745464903
0.0 0.0 0.0 0

1745464904
0.0 0.0 0.0 0

1745464905
0.0 0.0 0.0 0

1745464906
0.0 0.0 0.0 0

1745464907
0.0 0.0 0.0 0

1745464908
0.0 0.0 0.0 0

1745464909
0.0 0.0 0.0 0

1745464910
0.0 0.0 0.0 0

1745464911
0.0 0.0 0.0 0

1745464912
0.0 0.0 0.0 0

1745464913
0.0 0.0 0.0 0

1745464914
0.0 0.0 0.0 0

1745464915
0.0 0.0 0.0 0

1745464916
0.0 0.0 0.0 0

1745464917
0.0 0.0 0.0 0

1745464918
0.0 0.0 0.0 0

1745464919
0.0 0.0 0.0 0

1745464920
0.0 0.0 0.0 0

1745464921
0.0 0.0 0.0 0

1745464922
0.0 0.0 0.0 0

1745464923
0.0 0.0 0.0 0

1745464924
0.0 0.0 0.0 0

1745464925
0.0 0.0 0.0 0

1745464926
0.0 0.0 0.0 0

1745464927
0.0 0.0 0.0 0

1745464928
0.0 0.0 0.0 0

1745464929
0.0 0.0 0.0 0

1745464930
0.0 0.0 0.0 0

1745464931
0.0 0.0 0.0 0

1745464932
0.0 0.0 0.0 0

1745464933
0.0 0.0 0.0 0

1745464934
0.0 0.0 0.0 0

1745464935
0.0 0.0 0.0 0

1745464936
0.0 0.0 0.0 0

1745464937
0.0 0.0 0.0 0

1745464938
0.0 0.0 0.0 0

1745464939
0.0 0.0 0.0 0

1745464940
0.0 0.0 0.0 0

1745464941
0.0 0.0 0.0 1

1745464942
0.0 0.0 0.0 0

1745464943
0.0 0.0 0.0 0

1745464944
0.0 0.0 0.0 0

1745464945
0.0 0.0 0.0 0

1745464946
0.0 0.0 0.0 0

1745464947
0.0 0.0 0.0 0

1745464948
0.0 0.0 0.0 0

1745464949
0.0 0.0 0.0 0

1745464950
0.0 0.0 0.0 0

1745464951
0.0 0.0 0.0 0

1745464952
0.0 0.0 0.0 0

1745464953
0.0 0.0 0.0 0

1745464954
0.0 0.0 0.0 0

1745464955
0.0 0.0 0.0 0

1745464956
0.0 0.0 0.0 0

1745464957
0.0 0.0 0.0 0

1745464958
0.0 0.0 0.0 0

1745464959
0.0 0.0 0.0 0

1745464960
0.0 0.0 0.0 0

1745464961
0.0 0.0 0.0 0

1745464962
0.0 0.0 0.0 0

1745464963
0.0 0.0 0.0 0

1745464964
0.0 0.0 0.0 0

1745464965
0.0 0.0 0.0 0

1745464966
0.0 0.0 0.0 0

1745464967
0.0 0.0 0.0 0

1745464968
0.0 0.0 0.0 0

1745464969
0.0 0.0 0.0 0

1745464970
0.0 0.0 0.0 0

1745464971
0.0 0.0 0.0 0

1745464972
0.0 0.0 0.0 0

1745464973
0.0 0.0 0.0 0

1745464974
0.0 0.0 0.0 1

1745464975
0.0 0.0 0.0 0

1745464976
0.0 0.0 0.0 0

1745464977
0.0 0.0 0.0 0

1745464978
0.0 0.0 0.0 0

1745464979
0.0 0.0 0.0 0

1745464980
0.0 0.0 0.0 0

1745464981
0.0 0.0 0.0 0

1745464982
0.0 0.0 0.0 0

1745464983
0.0 0.0 0.0 0

1745464984
0.0 0.0 0.0 0

1745464985
0.0 0.0 0.0 0

1745464986
0.0 0.0 0.0 1

1745464987
0.0 0.0 0.0 0

1745464988
0.0 0.0 0.0 0

1745464989
0.0 0.0 0.0 0

1745464990
0.0 0.0 0.0 0

1745464991
0.0 0.0 0.0 0

1745464992
0.0 0.0 0.0 0

1745464993
0.0 0.0 0.0 0

1745464994
0.0 0.0 0.0 0

1745464995
0.0 0.0 0.0 0

1745464996
0.0 0.0 0.0 0

1745464997
0.0 0.0 0.0 0

1745464998
0.0 0.0 0.0 0

1745464999
0.0 0.0 0.0 0

1745465000
0.0 0.0 0.0 0

1745465001
0.0 0.0 0.0 0

1745465002
0.0 0.0 0.0 0

1745465003
0.0 0.0 0.0 1

1745465004
0.0 0.0 0.0 0

1745465005
0.0 0.0 0.0 0

1745465006
0.0 0.0 0.0 0

1745465007
0.0 0.0 0.0 0

1745465008
0.0 0.0 0.0 0

1745465009
0.0 0.0 0.0 0

1745465010
0.0 0.0 0.0 0

1745465011
0.0 0.0 0.0 0

1745465012
0.0 0.0 0.0 0

1745465013
0.0 0.0 0.0 0

1745465014
0.0 0.0 0.0 0

1745465015
0.0 0.0 0.0 0

1745465016
0.0 0.0 0.0 0

1745465017
0.0 0.0 0.0 0

1745465018
0.0 0.0 0.0 0

1745465019
0.0 0.0 0.0 0

1745465020
0.0 0.0 0.0 0

1745465021
0.0 0.0 0.0 0

1745465022
0.0 0.0 0.0 0

1745465023
0.0 0.0 0.0 0

1745465024
0.0 0.0 0.0 0

1745465025
0.0 0.0 0.0 0

1745465026
0.0 0.0 0.0 0

1745465027
0.0 0.0 0.0 0

1745465028
0.0 0.0 0.0 0

1745465029
0.0 0.0 0.0 0

1745465030
0.0 0.0 0.0 0

1745465031
0.0 0.0 0.0 0

1745465032
0.0 0.0 0.0 0

1745465033
0.0 0.0 0.0 0

1745465034
0.0 0.0 0.0 0

1745465035
0.0 0.0 0.0 0

1745465036
0.0 0.0 0.0 0

1745465037
0.0 0.0 0.0 0

1745465038
0.0 0.0 0.0 0

1745465039
0.0 0.0 0.0 0

1745465040
0.0 0.0 0.0 0

1745465041
0.0 0.0 0.0 0

1745465042
0.0 0.0 0.0 0

1745465043
0.0 0.0 0.0 0

1745465045
0.0 0.0 0.0 0

1745465046
0.0 0.0 0.0 0

1745465048
0.0 0.0 0.0 0

1745465049
0.0 0.0 0.0 0

1745465050
0.0 0.0 0.0 0

1745465051
0.0 0.0 0.0 0

1745465052
0.0 0.0 0.0 0

1745465053
0.0 0.0 0.0 0

1745465054
0.0 0.0 0.0 0

1745465055
0.0 0.0 0.0 0

1745465056
0.0 0.0 0.0 0

1745465057
0.0 0.0 0.0 0

1745465058
0.0 0.0 0.0 0

1745465059
0.0 0.0 0.0 0

1745465060
0.0 0.0 0.0 0

1745465061
0.0 0.0 0.0 0

1745465062
0.0 0.0 0.0 0

1745465063
0.0 0.0 0.0 0

1745465064
0.0 0.0 0.0 0

1745465065
0.0 0.0 0.0 0

1745465066
0.0 0.0 0.0 0

1745465067
0.0 0.0 0.0 0

1745465068
0.0 0.0 0.0 0

1745465070
0.0 0.0 0.0 0

1745465071
0.0 0.0 0.0 0

1745465072
0.0 0.0 0.0 0

1745465073
0.0 0.0 0.0 0

1745465074
0.0 0.0 0.0 0

1745465075
0.0 0.0 0.0 0

1745465076
0.0 0.0 0.0 0

1745465077
0.0 0.0 0.0 0

1745465078
0.0 0.0 0.0 0

1745465079
0.0 0.0 0.0 0

1745465080
0.0 0.0 0.0 0

1745465081
0.0 0.0 0.0 0

1745465082
0.0 0.0 0.0 0

1745465083
0.0 0.0 0.0 0

1745465084
0.0 0.0 0.0 0

1745465085
0.0 0.0 0.0 0

1745465086
0.0 0.0 0.0 0

1745465087
0.0 0.0 0.0 0

1745465088
0.0 0.0 0.0 0

1745465089
0.0 0.0 0.0 0

1745465090
0.0 0.0 0.0 0

1745465091
0.0 0.0 0.0 0

1745465092
0.0 0.0 0.0 0

1745465093
0.0 0.0 0.0 0

1745465094
0.0 0.0 0.0 0

1745465095
0.0 0.0 0.0 0

1745465096
0.0 0.0 0.0 0

1745465097
0.0 0.0 0.0 0

1745465098
0.0 0.0 0.0 0

1745465099
0.0 0.0 0.0 0

1745465100
0.0 0.0 0.0 0

1745465101
0.0 0.0 0.0 0

1745465102
0.0 0.0 0.0 0

1745465103
0.0 0.0 0.0 0

1745465104
0.0 0.0 0.0 0

1745465105
0.0 0.0 0.0 0

1745465106
0.0 0.0 0.0 0

1745465107
0.0 0.0 0.0 0

1745465108
0.0 0.0 0.0 0

1745465109
0.0 0.0 0.0 0

1745465110
0.0 0.0 0.0 0

1745465111
0.0 0.0 0.0 0

1745465112
0.0 0.0 0.0 0

1745465113
0.0 0.0 0.0 0

1745465114
0.0 0.0 0.0 0

1745465115
0.0 0.0 0.0 0

1745465116
0.0 0.0 0.0 0

1745465117
0.0 0.0 0.0 0

1745465118
0.0 0.0 0.0 0

1745465119
0.0 0.0 0.0 0

1745465120
0.0 0.0 0.0 0

1745465121
0.0 0.0 0.0 0

1745465122
0.0 0.0 0.0 0

1745465123
0.0 0.0 0.0 0

1745465124
0.0 0.0 0.0 0

1745465125
0.0 0.0 0.0 0

1745465126
0.0 0.0 0.0 0

1745465127
0.0 0.0 0.0 0

1745465128
0.0 0.0 0.0 0

1745465129
0.0 0.0 0.0 0

1745465130
0.0 0.0 0.0 0

1745465131
0.0 0.0 0.0 0

1745465132
0.0 0.0 0.0 0

1745465133
0.0 0.0 0.0 0

1745465134
0.0 0.0 0.0 0

1745465135
0.0 0.0 0.0 0

1745465136
0.0 0.0 0.0 0

1745465137
0.0 0.0 0.0 0

1745465138
0.0 0.0 0.0 0

1745465139
0.0 0.0 0.0 0

1745465140
0.0 0.0 0.0 0

1745465141
0.0 0.0 0.0 0

1745465142
0.0 0.0 0.0 0

1745465143
0.0 0.0 0.0 0

1745465144
0.0 0.0 0.0 0

1745465145
0.0 0.0 0.0 0

1745465146
0.0 0.0 0.0 0

1745465147
0.0 0.0 0.0 0

1745465148
0.0 0.0 0.0 0

1745465149
0.0 0.0 0.0 0

1745465150
0.0 0.0 0.0 0

1745465151
0.0 0.0 0.0 0

1745465152
0.0 0.0 0.0 0

1745465153
0.0 0.0 0.0 0

1745465154
0.0 0.0 0.0 0

1745465155
0.0 0.0 0.0 0

1745465156
0.0 0.0 0.0 0

1745465157
0.0 0.0 0.0 0

1745465158
0.0 0.0 0.0 0

1745465159
0.0 0.0 0.0 0

1745465160
0.0 0.0 0.0 0

1745465161
0.0 0.0 0.0 0

1745465162
0.0 0.0 0.0 0

1745465163
0.0 0.0 0.0 0

1745465164
0.0 0.0 0.0 0

1745465165
0.0 0.0 0.0 0

1745465166
0.0 0.0 0.0 0

1745465167
0.0 0.0 0.0 0

1745465168
0.0 0.0 0.0 0

1745465169
0.0 0.0 0.0 0

1745465170
0.0 0.0 0.0 0

1745465171
0.0 0.0 0.0 0

1745465172
0.0 0.0 0.0 0

1745465173
0.0 0.0 0.0 0

1745465174
0.0 0.0 0.0 0

1745465175
0.0 0.0 0.0 0

1745465176
0.0 0.0 0.0 0

1745465177
0.0 0.0 0.0 0

1745465178
0.0 0.0 0.0 0

1745465179
0.0 0.0 0.0 0

1745465180
0.0 0.0 0.0 0

1745465181
0.0 0.0 0.0 0

1745465182
0.0 0.0 0.0 0

1745465183
0.0 0.0 0.0 0

1745465184
0.0 0.0 0.0 0

1745465185
0.0 0.0 0.0 0

1745465186
0.0 0.0 0.0 0

1745465187
0.0 0.0 0.0 0

1745465188
0.0 0.0 0.0 0

1745465189
0.0 0.0 0.0 0

1745465190
0.0 0.0 0.0 0

1745465191
0.0 0.0 0.0 0

1745465192
0.0 0.0 0.0 0

1745465193
0.0 0.0 0.0 0

1745465194
0.0 0.0 0.0 0

1745465195
0.0 0.0 0.0 0

1745465196
0.0 0.0 0.0 0

1745465197
0.0 0.0 0.0 0

1745465198
0.0 0.0 0.0 0

1745465199
0.0 0.0 0.0 0

1745465200
0.0 0.0 0.0 0

1745465201
0.0 0.0 0.0 0

1745465202
0.0 0.0 0.0 0

1745465203
0.0 0.0 0.0 0

1745465204
0.0 0.0 0.0 0

1745465205
0.0 0.0 0.0 0

1745465206
0.0 0.0 0.0 0

1745465207
0.0 0.0 0.0 0

1745465208
0.0 0.0 0.0 0

1745465209
0.0 0.0 0.0 0

1745465210
0.0 0.0 0.0 0

1745465211
0.0 0.0 0.0 0

1745465212
0.0 0.0 0.0 0

1745465213
0.0 0.0 0.0 0

1745465214
0.0 0.0 0.0 0

1745465215
0.0 0.0 0.0 0

1745465216
0.0 0.0 0.0 0

1745465217
0.0 0.0 0.0 0

1745465218
0.0 0.0 0.0 0

1745465219
0.0 0.0 0.0 0

1745465220
0.0 0.0 0.0 1

1745465221
0.0 0.0 0.0 0

1745465222
0.0 0.0 0.0 0

1745465223
0.0 0.0 0.0 0

1745465224
0.0 0.0 0.0 0

1745465225
0.0 0.0 0.0 0

1745465226
0.0 0.0 0.0 0

1745465227
0.0 0.0 0.0 10704

1745465228
0.0 0.0 0.0 0

1745465229
0.0 0.0 0.0 0

1745465230
0.0 0.0 0.0 0

1745465231
0.0 0.0 0.0 0

1745465232
0.0 0.0 0.0 0

1745465233
0.0 0.0 0.0 0

1745465234
0.0 0.0 0.0 0

1745465235
0.0 0.0 0.0 0

1745465236
0.0 0.0 0.0 0

1745465237
0.0 0.0 0.0 0

1745465238
0.0 0.0 0.0 0

1745465239
0.0 0.0 0.0 0

1745465240
0.0 0.0 0.0 0

1745465241
0.0 0.0 0.0 0

1745465242
0.0 0.0 0.0 0

1745465243
0.0 0.0 0.0 0

1745465244
0.0 0.0 0.0 0

1745465245
0.0 0.0 0.0 0

1745465246
0.0 0.0 0.0 0

1745465247
0.0 0.0 0.0 0

1745465248
0.0 0.0 0.0 0

1745465249
0.0 0.0 0.0 0

1745465250
0.0 0.0 0.0 0

1745465251
0.0 0.0 0.0 0

1745465252
0.0 0.0 0.0 0

1745465253
0.0 0.0 0.0 0

1745465254
0.0 0.0 0.0 0

1745465255
0.0 0.0 0.0 0

1745465256
0.0 0.0 0.0 0

1745465257
0.0 0.0 0.0 0

1745465258
0.0 0.0 0.0 0

1745465259
0.0 0.0 0.0 0

1745465260
0.0 0.0 0.0 0

1745465261
0.0 0.0 0.0 0

1745465262
0.0 0.0 0.0 0

1745465263
0.0 0.0 0.0 0

1745465264
0.0 0.0 0.0 0

1745465265
0.0 0.0 0.0 0

1745465266
0.0 0.0 0.0 0

1745465267
0.0 0.0 0.0 0

1745465268
0.0 0.0 0.0 0

1745465269
0.0 0.0 0.0 0

1745465270
0.0 0.0 0.0 0

1745465271
0.0 0.0 0.0 0

1745465272
0.0 0.0 0.0 0

1745465273
0.0 0.0 0.0 0

1745465274
0.0 0.0 0.0 0

1745465275
0.0 0.0 0.0 0

1745465276
0.0 0.0 0.0 0

1745465277
0.0 0.0 0.0 0

1745465278
0.0 0.0 0.0 0

1745465279
0.0 0.0 0.0 0

1745465280
0.0 0.0 0.0 0

1745465281
0.0 0.0 0.0 0

1745465282
0.0 0.0 0.0 0

1745465283
0.0 0.0 0.0 0

1745465284
0.0 0.0 0.0 0

1745465285
0.0 0.0 0.0 0

1745465286
0.0 0.0 0.0 0

1745465287
0.0 0.0 0.0 0

1745465288
0.0 0.0 0.0 0

1745465289
0.0 0.0 0.0 0

1745465290
0.0 0.0 0.0 0

1745465291
0.0 0.0 0.0 0

1745465292
0.0 0.0 0.0 0

1745465293
0.0 0.0 0.0 0

1745465294
0.0 0.0 0.0 0

1745465295
0.0 0.0 0.0 0

1745465296
0.0 0.0 0.0 0

1745465297
0.0 0.0 0.0 0

1745465298
0.0 0.0 0.0 0

1745465299
0.0 0.0 0.0 0

1745465300
0.0 0.0 0.0 0

1745465301
0.0 0.0 0.0 0

1745465302
0.0 0.0 0.0 0

1745465303
0.0 0.0 0.0 0

1745465304
0.0 0.0 0.0 1

1745465305
0.0 0.0 0.0 0

1745465306
0.0 0.0 0.0 0

1745465307
0.0 0.0 0.0 0

1745465308
0.0 0.0 0.0 0

1745465309
0.0 0.0 0.0 0

1745465310
0.0 0.0 0.0 0

1745465311
0.0 0.0 0.0 0

1745465312
0.0 0.0 0.0 0

1745465313
0.0 0.0 0.0 0

1745465314
0.0 0.0 0.0 0

1745465315
0.0 0.0 0.0 0

1745465316
0.0 0.0 0.0 0

1745465317
0.0 0.0 0.0 0

1745465318
0.0 0.0 0.0 0

1745465319
0.0 0.0 0.0 0

1745465320
0.0 0.0 0.0 0

1745465321
0.0 0.0 0.0 0

1745465322
0.0 0.0 0.0 0

1745465323
0.0 0.0 0.0 0

1745465324
0.0 0.0 0.0 0

1745465325
0.0 0.0 0.0 0

1745465326
0.0 0.0 0.0 0

1745465327
0.0 0.0 0.0 0

1745465328
0.0 0.0 0.0 0

1745465329
0.0 0.0 0.0 0

1745465330
0.0 0.0 0.0 0

1745465331
0.0 0.0 0.0 0

1745465332
0.0 0.0 0.0 1

1745465333
0.0 0.0 0.0 0

1745465334
0.0 0.0 0.0 0

1745465335
0.0 0.0 0.0 0

1745465336
0.0 0.0 0.0 0

1745465337
0.0 0.0 0.0 0

1745465338
0.0 0.0 0.0 0

1745465339
0.0 0.0 0.0 0

1745465340
0.0 0.0 0.0 0

1745465341
0.0 0.0 0.0 0

1745465342
0.0 0.0 0.0 0

1745465343
0.0 0.0 0.0 0

1745465344
0.0 0.0 0.0 0

1745465345
0.0 0.0 0.0 0

1745465346
0.0 0.0 0.0 0

1745465347
0.0 0.0 0.0 0

1745465348
0.0 0.0 0.0 0

1745465349
0.0 0.0 0.0 0

1745465350
0.0 0.0 0.0 0

1745465351
0.0 0.0 0.0 0

1745465352
0.0 0.0 0.0 0

1745465353
0.0 0.0 0.0 0

1745465354
0.0 0.0 0.0 0

1745465355
0.0 0.0 0.0 0

1745465356
0.0 0.0 0.0 0

1745465358
0.0 0.0 0.0 0

1745465359
0.0 0.0 0.0 0

1745465360
0.0 0.0 0.0 0

1745465361
0.0 0.0 0.0 0

1745465362
0.0 0.0 0.0 0

1745465363
0.0 0.0 0.0 0

1745465364
0.0 0.0 0.0 0

1745465365
0.0 0.0 0.0 0

1745465366
0.0 0.0 0.0 0

1745465367
0.0 0.0 0.0 0

1745465368
0.0 0.0 0.0 0

1745465369
0.0 0.0 0.0 1

1745465370
0.0 0.0 0.0 0

1745465372
0.0 0.0 0.0 0

1745465373
0.0 0.0 0.0 0

1745465374
0.0 0.0 0.0 0

1745465375
0.0 0.0 0.0 0

1745465376
0.0 0.0 0.0 0

1745465377
0.0 0.0 0.0 0

1745465378
0.0 0.0 0.0 0

1745465379
0.0 0.0 0.0 0

1745465380
0.0 0.0 0.0 0

1745465381
0.0 0.0 0.0 0

1745465382
0.0 0.0 0.0 0

1745465383
0.0 0.0 0.0 0

1745465384
0.0 0.0 0.0 0

1745465385
0.0 0.0 0.0 0

1745465386
0.0 0.0 0.0 0

1745465387
0.0 0.0 0.0 0

1745465388
0.0 0.0 0.0 0

1745465389
0.0 0.0 0.0 0

1745465390
0.0 0.0 0.0 0

1745465391
0.0 0.0 0.0 0

1745465392
0.0 0.0 0.0 0

1745465393
0.0 0.0 0.0 0

1745465394
0.0 0.0 0.0 0

1745465395
0.0 0.0 0.0 0

1745465396
0.0 0.0 0.0 0

1745465397
0.0 0.0 0.0 0

1745465398
0.0 0.0 0.0 0

1745465399
0.0 0.0 0.0 0

1745465400
0.0 0.0 0.0 0

1745465401
0.0 0.0 0.0 0

1745465402
0.0 0.0 0.0 0

1745465403
0.0 0.0 0.0 0

1745465404
0.0 0.0 0.0 0

1745465405
0.0 0.0 0.0 0

1745465406
0.0 0.0 0.0 0

1745465407
0.0 0.0 0.0 0

1745465408
0.0 0.0 0.0 0

1745465409
0.0 0.0 0.0 0

1745465410
0.0 0.0 0.0 0

1745465411
0.0 0.0 0.0 0

1745465412
0.0 0.0 0.0 0

1745465413
0.0 0.0 0.0 0

1745465414
0.0 0.0 0.0 0

1745465415
0.0 0.0 0.0 0

1745465417
0.0 0.0 0.0 0

1745465418
0.0 0.0 0.0 0

1745465419
0.0 0.0 0.0 0

1745465420
0.0 0.0 0.0 0

1745465421
0.0 0.0 0.0 0

1745465423
0.0 0.0 0.0 0

1745465424
0.0 0.0 0.0 0

1745465425
0.0 0.0 0.0 0

1745465426
0.0 0.0 0.0 0

1745465427
0.0 0.0 0.0 0

1745465428
0.0 0.0 0.0 0

1745465429
0.0 0.0 0.0 0

1745465430
0.0 0.0 0.0 0

1745465431
0.0 0.0 0.0 0

1745465432
0.0 0.0 0.0 0

1745465433
0.0 0.0 0.0 0

1745465434
0.0 0.0 0.0 0

1745465435
0.0 0.0 0.0 0

1745465436
0.0 0.0 0.0 0

1745465437
0.0 0.0 0.0 0

1745465438
0.0 0.0 0.0 0

1745465439
0.0 0.0 0.0 1

1745465440
0.0 0.0 0.0 0

1745465441
0.0 0.0 0.0 0

1745465442
0.0 0.0 0.0 0

1745465443
0.0 0.0 0.0 0

1745465444
0.0 0.0 0.0 0

1745465445
0.0 0.0 0.0 0

1745465446
0.0 0.0 0.0 0

1745465447
0.0 0.0 0.0 0

1745465448
0.0 0.0 0.0 0

1745465449
0.0 0.0 0.0 0

1745465450
0.0 0.0 0.0 0

1745465451
0.0 0.0 0.0 0

1745465452
0.0 0.0 0.0 0

1745465453
0.0 0.0 0.0 0

1745465454
0.0 0.0 0.0 0

1745465455
0.0 0.0 0.0 0

1745465456
0.0 0.0 0.0 0

1745465457
0.0 0.0 0.0 0

1745465458
0.0 0.0 0.0 0

1745465459
0.0 0.0 0.0 0

1745465460
0.0 0.0 0.0 0

1745465461
0.0 0.0 0.0 0

1745465462
0.0 0.0 0.0 0

1745465463
0.0 0.0 0.0 0

1745465464
0.0 0.0 0.0 0

1745465465
0.0 0.0 0.0 0

1745465466
0.0 0.0 0.0 0

1745465467
0.0 0.0 0.0 0

1745465468
0.0 0.0 0.0 0

1745465469
0.0 0.0 0.0 0

1745465470
0.0 0.0 0.0 0

1745465471
0.0 0.0 0.0 0

1745465472
0.0 0.0 0.0 0

1745465473
0.0 0.0 0.0 0

1745465474
0.0 0.0 0.0 0

1745465475
0.0 0.0 0.0 0

1745465476
0.0 0.0 0.0 0

1745465477
0.0 0.0 0.0 0

1745465478
0.0 0.0 0.0 0

1745465479
0.0 0.0 0.0 0

1745465480
0.0 0.0 0.0 0

1745465482
0.0 0.0 0.0 0

1745465483
0.0 0.0 0.0 0

1745465484
0.0 0.0 0.0 0

1745465485
0.0 0.0 0.0 0

1745465486
0.0 0.0 0.0 0

1745465487
0.0 0.0 0.0 0

1745465488
0.0 0.0 0.0 0

1745465489
0.0 0.0 0.0 0

1745465490
0.0 0.0 0.0 0

1745465491
0.0 0.0 0.0 0

1745465492
0.0 0.0 0.0 0

1745465493
0.0 0.0 0.0 0

1745465494
0.0 0.0 0.0 0

1745465495
0.0 0.0 0.0 0

1745465496
0.0 0.0 0.0 0

1745465497
0.0 0.0 0.0 0

1745465499
0.0 0.0 0.0 0

1745465500
0.0 0.0 0.0 0

1745465501
0.0 0.0 0.0 0

1745465502
0.0 0.0 0.0 1

1745465503
0.0 0.0 0.0 0

1745465504
0.0 0.0 0.0 0

1745465505
0.0 0.0 0.0 0

1745465506
0.0 0.0 0.0 0

1745465507
0.0 0.0 0.0 0

1745465508
0.0 0.0 0.0 0

1745465509
0.0 0.0 0.0 0

1745465510
0.0 0.0 0.0 0

1745465511
0.0 0.0 0.0 0

1745465512
0.0 0.0 0.0 0

1745465513
0.0 0.0 0.0 0

1745465514
0.0 0.0 0.0 0

1745465515
0.0 0.0 0.0 0

1745465516
0.0 0.0 0.0 0

1745465517
0.0 0.0 0.0 0

1745465518
0.0 0.0 0.0 0

1745465519
0.0 0.0 0.0 0

1745465520
0.0 0.0 0.0 0

1745465521
0.0 0.0 0.0 0

1745465522
0.0 0.0 0.0 0

1745465523
0.0 0.0 0.0 0

1745465524
0.0 0.0 0.0 0

1745465525
0.0 0.0 0.0 0

1745465527
0.0 0.0 0.0 0

1745465528
0.0 0.0 0.0 0

1745465529
0.0 0.0 0.0 0

1745465530
0.0 0.0 0.0 0

1745465531
0.0 0.0 0.0 0

1745465532
0.0 0.0 0.0 0

1745465533
0.0 0.0 0.0 0

1745465534
0.0 0.0 0.0 0

1745465535
0.0 0.0 0.0 0

1745465536
0.0 0.0 0.0 1

1745465537
0.0 0.0 0.0 0

1745465538
0.0 0.0 0.0 0

1745465539
0.0 0.0 0.0 0

1745465540
0.0 0.0 0.0 0

1745465541
0.0 0.0 0.0 0

1745465542
0.0 0.0 0.0 0

1745465543
0.0 0.0 0.0 0

1745465544
0.0 0.0 0.0 0

1745465545
0.0 0.0 0.0 0

1745465546
0.0 0.0 0.0 0

1745465547
0.0 0.0 0.0 0

1745465548
0.0 0.0 0.0 0

1745465549
0.0 0.0 0.0 0

1745465550
0.0 0.0 0.0 0

1745465551
0.0 0.0 0.0 0

1745465552
0.0 0.0 0.0 0

1745465553
0.0 0.0 0.0 0

1745465554
0.0 0.0 0.0 0

1745465555
0.0 0.0 0.0 2596

1745465556
0.0 0.0 0.0 0

1745465557
0.0 0.0 0.0 36499

1745465558
0.18 0.03 0.0 1

1745465559
0.18 0.03 0.0 0

1745465560
0.14 0.03 0.0 0

1745465561
0.14 0.03 0.0 0

1745465562
0.12 0.02 0.0 0

1745465563
0.12 0.02 0.0 0

1745465564
0.09 0.02 0.0 39962

1745465565
0.09 0.02 0.0 149

1745465566
0.44 0.09 0.01 0

1745465567
0.44 0.09 0.01 0

1745465569
0.36 0.09 0.01 0

1745465570
0.29 0.08 0.01 0

1745465571
0.29 0.08 0.01 0

1745465572
0.24 0.08 0.01 1482

1745465573
0.19 0.08 0.01 4086

1745465575
0.19 0.08 0.01 0

1745465576
0.16 0.07 0.01 0

1745465577
0.16 0.07 0.01 0

1745465578
0.13 0.07 0.01 0

1745465579
0.13 0.07 0.01 0

1745465580
0.1 0.07 0.01 0

1745465581
0.1 0.07 0.01 0

1745465582
0.08 0.06 0.01 0

1745465583
0.08 0.06 0.01 0

1745465584
0.07 0.06 0.01 0

1745465585
0.07 0.06 0.01 0

1745465586
0.05 0.06 0.01 0

1745465587
0.05 0.06 0.01 22260

1745465588
0.22 0.09 0.02 15304

1745465589
0.22 0.09 0.02 20426

1745465590
0.36 0.12 0.02 0

1745465591
0.36 0.12 0.02 0

1745465592
0.3 0.12 0.02 0

1745465593
0.3 0.12 0.02 0

1745465594
0.24 0.11 0.02 0

1745465595
0.24 0.11 0.02 0

1745465596
0.2 0.11 0.02 0

1745465597
0.16 0.1 0.02 0

1745465599
0.16 0.1 0.02 0

1745465600
1.58 0.36 0.08 315712

1745465601
1.58 0.36 0.08 130334

1745465602
4.37 0.91 0.19 134906

1745465603
4.37 0.91 0.19 103916

1745465604
5.03 1.14 0.25 27788

1745465605
5.03 1.14 0.25 6988

1745465606
4.12 1.1 0.24 0

1745465607
4.12 1.1 0.24 0

1745465608
3.37 1.06 0.24 0

1745465609
3.37 1.06 0.24 0

1745465610
2.76 1.03 0.24 0

1745465611
2.76 1.03 0.24 0

1745465612
2.26 1.0 0.24 0

1745465613
2.26 1.0 0.24 0

1745465614
1.85 0.96 0.24 0

1745465615
1.85 0.96 0.24 0

1745465616
1.51 0.93 0.23 0

1745465617
1.51 0.93 0.23 0

1745465618
1.24 0.9 0.23 0

1745465619
1.24 0.9 0.23 0

1745465620
1.01 0.87 0.23 0

1745465621
1.01 0.87 0.23 0

1745465622
0.83 0.84 0.23 0

1745465623
0.83 0.84 0.23 0

1745465624
0.68 0.81 0.23 0

1745465625
0.68 0.81 0.23 0

1745465626
0.55 0.79 0.22 0

1745465627
0.55 0.79 0.22 0

1745465628
0.45 0.76 0.22 0

1745465629
0.45 0.76 0.22 0

1745465630
0.37 0.73 0.22 0

1745465631
0.37 0.73 0.22 0

1745465632
0.3 0.71 0.22 0

1745465634
0.25 0.69 0.22 0

1745465635
0.25 0.69 0.22 1

1745465636
0.2 0.66 0.21 0

1745465637
0.2 0.66 0.21 0

1745465638
0.16 0.64 0.21 0

1745465639
0.16 0.64 0.21 0

1745465640
0.13 0.62 0.21 0

1745465641
0.13 0.62 0.21 0

1745465642
0.11 0.6 0.21 0

1745465643
0.11 0.6 0.21 0

1745465644
0.09 0.58 0.21 0

1745465645
0.09 0.58 0.21 0

1745465646
0.07 0.56 0.2 0

1745465647
0.07 0.56 0.2 0

1745465648
0.06 0.54 0.2 0

1745465649
0.06 0.54 0.2 0

1745465650
0.04 0.52 0.2 0

1745465651
0.04 0.52 0.2 0

1745465652
0.04 0.51 0.2 0

1745465653
0.04 0.51 0.2 0

1745465654
0.03 0.49 0.2 0

1745465655
0.03 0.49 0.2 0

1745465657
0.02 0.47 0.2 0

1745465658
0.02 0.46 0.2 0

1745465659
0.02 0.46 0.2 0

1745465660
0.01 0.44 0.19 0

1745465661
0.01 0.44 0.19 0

1745465662
0.01 0.43 0.19 0

1745465663
0.01 0.43 0.19 0

1745465664
0.01 0.41 0.19 0

1745465665
0.01 0.41 0.19 0

1745465666
0.0 0.4 0.19 0

1745465667
0.0 0.4 0.19 0

1745465668
0.0 0.39 0.19 0

1745465669
0.0 0.39 0.19 0

1745465670
0.0 0.37 0.19 0

1745465671
0.0 0.37 0.19 0

1745465672
0.0 0.36 0.19 0

1745465673
0.0 0.36 0.19 0

1745465674
0.0 0.35 0.18 0

1745465675
0.0 0.35 0.18 0

1745465676
0.0 0.34 0.18 0

1745465677
0.0 0.34 0.18 0

1745465678
0.0 0.32 0.18 0

1745465679
0.0 0.32 0.18 1

1745465680
0.0 0.31 0.18 0

1745465681
0.0 0.31 0.18 0

1745465682
0.0 0.3 0.18 0

1745465683
0.0 0.3 0.18 0

1745465684
0.0 0.29 0.18 0

1745465685
0.0 0.29 0.18 0

1745465686
0.0 0.28 0.18 0

1745465687
0.0 0.28 0.18 0

1745465688
0.0 0.27 0.17 0

1745465689
0.0 0.27 0.17 0

1745465690
0.0 0.26 0.17 0

1745465691
0.0 0.26 0.17 0

1745465692
0.0 0.25 0.17 0

1745465693
0.0 0.25 0.17 0

1745465694
0.0 0.25 0.17 0

1745465695
0.0 0.25 0.17 0

1745465696
0.0 0.24 0.17 0

1745465697
0.0 0.24 0.17 0

1745465698
0.0 0.23 0.17 0

1745465699
0.0 0.23 0.17 0

1745465700
0.0 0.22 0.17 0

1745465701
0.0 0.22 0.17 1

1745465702
0.0 0.21 0.16 0

1745465703
0.0 0.21 0.16 0

1745465704
0.0 0.21 0.16 0

1745465705
0.0 0.21 0.16 0

1745465706
0.0 0.2 0.16 0

1745465707
0.0 0.2 0.16 0

1745465708
0.0 0.19 0.16 0

1745465709
0.0 0.19 0.16 0

1745465710
0.0 0.18 0.16 0

1745465711
0.0 0.18 0.16 0

1745465712
0.0 0.18 0.16 0

1745465713
0.0 0.18 0.16 0

1745465714
0.0 0.17 0.16 0

1745465715
0.0 0.17 0.16 0

1745465716
0.0 0.17 0.15 0

1745465717
0.0 0.17 0.15 0

1745465718
0.0 0.16 0.15 0

1745465719
0.0 0.16 0.15 0

1745465720
0.0 0.15 0.15 0

1745465721
0.0 0.15 0.15 0

1745465722
0.0 0.15 0.15 0

1745465723
0.0 0.15 0.15 0

1745465724
0.0 0.14 0.15 0

1745465725
0.0 0.14 0.15 0

1745465726
0.0 0.14 0.15 0

1745465727
0.0 0.14 0.15 0

1745465728
0.0 0.13 0.14 0

1745465729
0.0 0.13 0.14 0

1745465731
0.0 0.13 0.14 0

1745465732
0.0 0.12 0.14 0

1745465733
0.0 0.12 0.14 1

1745465735
0.0 0.12 0.14 0

1745465736
0.0 0.12 0.14 0

1745465737
0.0 0.12 0.14 0

1745465738
0.0 0.11 0.14 0

1745465739
0.0 0.11 0.14 0

1745465740
0.0 0.11 0.14 0

1745465741
0.0 0.11 0.14 0

1745465742
0.0 0.1 0.14 0

1745465743
0.0 0.1 0.14 0

1745465744
0.0 0.1 0.13 1

1745465745
0.0 0.1 0.13 0

1745465746
0.0 0.1 0.13 0

1745465747
0.0 0.1 0.13 0

1745465748
0.0 0.09 0.13 0

1745465749
0.0 0.09 0.13 0

1745465750
0.0 0.09 0.13 0

1745465751
0.0 0.09 0.13 0

1745465752
0.0 0.09 0.13 0

1745465753
0.0 0.09 0.13 0

1745465754
0.0 0.08 0.13 0

1745465755
0.0 0.08 0.13 0

1745465756
0.0 0.08 0.13 0

1745465757
0.0 0.08 0.13 0

1745465758
0.0 0.08 0.13 0

1745465759
0.0 0.08 0.13 0

1745465760
0.0 0.07 0.13 0

1745465761
0.0 0.07 0.13 0

1745465762
0.0 0.07 0.13 0

1745465763
0.0 0.07 0.13 0

1745465764
0.0 0.07 0.12 0

1745465765
0.0 0.07 0.12 0

1745465766
0.0 0.07 0.12 0

1745465767
0.0 0.07 0.12 0

1745465768
0.0 0.06 0.12 0

1745465769
0.0 0.06 0.12 0

1745465770
0.0 0.06 0.12 1

1745465771
0.0 0.06 0.12 0

1745465772
0.0 0.06 0.12 0

1745465773
0.0 0.06 0.12 0

1745465774
0.0 0.06 0.12 0

1745465775
0.0 0.06 0.12 0

1745465776
0.0 0.05 0.12 0

1745465777
0.0 0.05 0.12 1

1745465778
0.0 0.05 0.12 0

1745465779
0.0 0.05 0.12 0

1745465780
0.0 0.05 0.12 0

1745465781
0.0 0.05 0.12 0

1745465782
0.0 0.05 0.12 0

1745465783
0.0 0.05 0.12 0

1745465784
0.0 0.05 0.12 0

1745465785
0.0 0.05 0.12 0

1745465786
0.0 0.04 0.11 0

1745465787
0.0 0.04 0.11 0

1745465788
0.0 0.04 0.11 0

1745465789
0.0 0.04 0.11 0

1745465790
0.0 0.04 0.11 0

1745465791
0.0 0.04 0.11 0

1745465792
0.0 0.04 0.11 0

1745465793
0.0 0.04 0.11 1

1745465794
0.0 0.04 0.11 0

1745465795
0.0 0.04 0.11 0

1745465796
0.0 0.04 0.11 0

1745465797
0.0 0.04 0.11 0

1745465798
0.0 0.03 0.11 0

1745465799
0.0 0.03 0.11 0

1745465800
0.0 0.03 0.11 0

1745465801
0.0 0.03 0.11 0

1745465802
0.0 0.03 0.11 0

1745465803
0.0 0.03 0.11 0

1745465804
0.0 0.03 0.11 0

1745465805
0.0 0.03 0.11 1

1745465806
0.0 0.03 0.1 0

1745465807
0.0 0.03 0.1 0

1745465809
0.0 0.03 0.1 0

1745465810
0.0 0.02 0.1 0

1745465811
0.0 0.02 0.1 0

1745465812
0.0 0.02 0.1 0

1745465813
0.0 0.02 0.1 0

1745465814
0.0 0.02 0.1 0

1745465815
0.0 0.02 0.1 0

1745465817
0.0 0.02 0.1 1

1745465818
0.0 0.02 0.1 0

1745465819
0.0 0.02 0.1 0

1745465820
0.0 0.02 0.1 0

1745465821
0.0 0.02 0.1 0

1745465822
0.0 0.02 0.1 0

1745465823
0.0 0.02 0.1 0

1745465824
0.0 0.02 0.1 0

1745465825
0.0 0.02 0.1 0

1745465826
0.0 0.02 0.09 0

1745465827
0.0 0.02 0.09 0

1745465828
0.0 0.02 0.09 0

1745465830
0.0 0.02 0.09 0

1745465831
0.0 0.02 0.09 0

1745465832
0.0 0.01 0.09 0

1745465833
0.0 0.01 0.09 0

1745465834
0.0 0.01 0.09 0

1745465835
0.0 0.01 0.09 0

1745465836
0.0 0.01 0.09 0

1745465837
0.0 0.01 0.09 0

1745465838
0.0 0.01 0.09 0

1745465839
0.0 0.01 0.09 0

1745465840
0.0 0.01 0.09 0

1745465841
0.0 0.01 0.09 0

1745465843
0.0 0.01 0.09 0

1745465844
0.0 0.01 0.09 0

1745465845
0.0 0.01 0.09 0

1745465846
0.0 0.01 0.08 0

1745465847
0.0 0.01 0.08 0

1745465849
0.0 0.01 0.08 0

1745465850
0.0 0.01 0.08 0

1745465851
0.0 0.01 0.08 0

1745465852
0.0 0.01 0.08 0

1745465853
0.0 0.01 0.08 0

1745465854
0.0 0.01 0.08 0

1745465855
0.0 0.01 0.08 0

1745465857
0.0 0.01 0.08 0

1745465858
0.0 0.01 0.08 1

1745465859
0.0 0.01 0.08 0

1745465860
0.0 0.0 0.08 0

1745465861
0.0 0.0 0.08 0

1745465862
0.0 0.0 0.08 0

1745465863
0.0 0.0 0.08 0

1745465864
0.0 0.0 0.08 0

1745465865
0.0 0.0 0.08 0

1745465866
0.0 0.0 0.08 9

1745465868
0.0 0.0 0.07 15

1745465869
0.0 0.0 0.07 2

1745465870
0.0 0.0 0.07 2

1745465871
0.0 0.0 0.07 0

1745465872
0.0 0.0 0.07 0

1745465873
0.0 0.0 0.07 1

1745465874
0.0 0.0 0.07 0

1745465875
0.0 0.0 0.07 0

1745465876
0.0 0.0 0.07 0

1745465877
0.0 0.0 0.07 0

1745465878
0.0 0.0 0.07 0

1745465879
0.0 0.0 0.07 0

1745465880
0.0 0.0 0.07 0

1745465881
0.0 0.0 0.07 0

1745465882
0.0 0.0 0.07 0

1745465883
0.0 0.0 0.07 0

1745465884
0.0 0.0 0.07 0

1745465886
0.0 0.0 0.07 0

1745465887
0.0 0.0 0.07 0

1745465888
0.0 0.0 0.07 0

1745465889
0.0 0.0 0.07 0

1745465890
0.0 0.0 0.06 0

1745465891
0.0 0.0 0.06 0

1745465892
0.0 0.0 0.06 0

1745465893
0.0 0.0 0.06 0

1745465894
0.0 0.0 0.06 0

1745465895
0.0 0.0 0.06 0

1745465896
0.0 0.0 0.06 0

1745465897
0.0 0.0 0.06 0

1745465898
0.0 0.0 0.06 31

1745465899
0.0 0.0 0.06 0

1745465900
0.0 0.0 0.06 0

1745465901
0.0 0.0 0.06 0

1745465902
0.0 0.0 0.06 0

1745465903
0.0 0.0 0.06 0

1745465904
0.0 0.0 0.06 0

1745465905
0.0 0.0 0.06 0

1745465906
0.0 0.0 0.06 0

1745465907
0.0 0.0 0.06 0

1745465908
0.0 0.0 0.06 0

1745465909
0.0 0.0 0.06 0

1745465910
0.0 0.0 0.06 0

1745465911
0.0 0.0 0.06 0

1745465912
0.0 0.0 0.06 0

1745465913
0.0 0.0 0.06 0

1745465914
0.0 0.0 0.06 0

1745465915
0.0 0.0 0.06 0

1745465916
0.0 0.0 0.06 0

1745465917
0.0 0.0 0.06 0

1745465918
0.0 0.0 0.06 0

1745465919
0.0 0.0 0.06 0

1745465920
0.0 0.0 0.06 0

1745465921
0.0 0.0 0.06 0

1745465922
0.0 0.0 0.06 0

1745465924
0.0 0.0 0.06 0

1745465925
0.0 0.0 0.06 0

1745465926
0.0 0.0 0.06 0

1745465927
0.0 0.0 0.06 0

1745465928
0.0 0.0 0.06 0

1745465929
0.0 0.0 0.06 1

1745465930
0.0 0.0 0.06 0

1745465931
0.0 0.0 0.06 0

1745465932
0.0 0.0 0.05 0

1745465933
0.0 0.0 0.05 0

1745465934
0.0 0.0 0.05 0

1745465935
0.0 0.0 0.05 0

1745465936
0.0 0.0 0.05 0

1745465937
0.0 0.0 0.05 0

1745465938
0.0 0.0 0.05 0

1745465939
0.0 0.0 0.05 0

1745465940
0.0 0.0 0.05 0

1745465941
0.0 0.0 0.05 0

1745465942
0.0 0.0 0.05 0

1745465943
0.0 0.0 0.05 0

1745465944
0.0 0.0 0.05 0

1745465945
0.0 0.0 0.05 0

1745465946
0.0 0.0 0.05 0

1745465947
0.0 0.0 0.05 0

1745465948
0.0 0.0 0.05 0

1745465950
0.0 0.0 0.05 0

1745465951
0.0 0.0 0.05 0

1745465952
0.0 0.0 0.05 0

1745465953
0.0 0.0 0.05 0

1745465954
0.0 0.0 0.05 0

1745465955
0.0 0.0 0.05 0

1745465956
0.0 0.0 0.05 0

1745465957
0.0 0.0 0.05 0

1745465958
0.0 0.0 0.05 0

1745465959
0.0 0.0 0.05 0

1745465961
0.0 0.0 0.05 0

1745465962
0.0 0.0 0.05 0

1745465963
0.0 0.0 0.05 0

1745465964
0.0 0.0 0.05 0

1745465965
0.0 0.0 0.05 0

1745465966
0.0 0.0 0.05 0

1745465967
0.0 0.0 0.05 0

1745465968
0.0 0.0 0.05 0

1745465969
0.0 0.0 0.05 0

1745465970
0.0 0.0 0.05 0

1745465971
0.0 0.0 0.05 0

1745465973
0.0 0.0 0.04 0

1745465974
0.0 0.0 0.04 0

1745465975
0.0 0.0 0.04 0

1745465976
0.0 0.0 0.04 0

1745465977
0.0 0.0 0.04 0

1745465978
0.0 0.0 0.04 0

1745465979
0.0 0.0 0.04 0

1745465980
0.0 0.0 0.04 0

1745465981
0.0 0.0 0.04 0

1745465982
0.0 0.0 0.04 0

1745465984
0.0 0.0 0.04 1

1745465985
0.0 0.0 0.04 0

1745465986
0.0 0.0 0.04 0

1745465987
0.0 0.0 0.04 0

1745465988
0.0 0.0 0.04 0

1745465989
0.0 0.0 0.04 0

1745465990
0.0 0.0 0.04 0

1745465991
0.0 0.0 0.04 0

1745465992
0.0 0.0 0.04 0

1745465993
0.0 0.0 0.04 0

1745465994
0.0 0.0 0.04 0

1745465995
0.0 0.0 0.04 0

1745465996
0.0 0.0 0.04 0

1745465997
0.0 0.0 0.04 0

1745465998
0.0 0.0 0.04 0

1745465999
0.0 0.0 0.04 0

1745466000
0.0 0.0 0.04 0

1745466001
0.0 0.0 0.04 0

1745466002
0.0 0.0 0.04 0

1745466003
0.0 0.0 0.04 0

1745466004
0.0 0.0 0.04 0

1745466005
0.0 0.0 0.04 0

1745466006
0.0 0.0 0.04 0

1745466007
0.0 0.0 0.04 0

1745466008
0.0 0.0 0.04 0

1745466009
0.0 0.0 0.04 0

1745466010
0.0 0.0 0.04 0

1745466011
0.0 0.0 0.04 0

1745466012
0.0 0.0 0.04 0

1745466013
0.0 0.0 0.04 0

1745466014
0.0 0.0 0.03 0

1745466015
0.0 0.0 0.03 0

1745466017
0.0 0.0 0.03 0

1745466018
0.0 0.0 0.03 0

1745466019
0.0 0.0 0.03 0

1745466020
0.0 0.0 0.03 0

1745466021
0.0 0.0 0.03 0

1745466022
0.0 0.0 0.03 0

1745466023
0.0 0.0 0.03 0

1745466024
0.0 0.0 0.03 0

1745466025
0.0 0.0 0.03 0

1745466026
0.0 0.0 0.03 0

1745466027
0.0 0.0 0.03 0

1745466028
0.0 0.0 0.03 0

1745466029
0.0 0.0 0.03 0

1745466030
0.0 0.0 0.03 0

1745466031
0.0 0.0 0.03 0

1745466032
0.0 0.0 0.03 0

1745466033
0.0 0.0 0.03 0

1745466034
0.0 0.0 0.03 0

1745466035
0.0 0.0 0.03 0

1745466036
0.0 0.0 0.03 0

1745466037
0.0 0.0 0.03 0

1745466038
0.0 0.0 0.03 0

1745466039
0.0 0.0 0.03 0

1745466040
0.0 0.0 0.03 0

1745466041
0.0 0.0 0.03 0

1745466042
0.0 0.0 0.03 0

1745466043
0.0 0.0 0.03 0

1745466044
0.0 0.0 0.03 0

1745466045
0.0 0.0 0.03 0

1745466046
0.0 0.0 0.03 0

1745466047
0.0 0.0 0.03 0

1745466048
0.0 0.0 0.03 18

1745466050
0.0 0.0 0.03 0

1745466051
0.0 0.0 0.03 0

1745466052
0.0 0.0 0.03 0

1745466053
0.0 0.0 0.03 0

1745466054
0.0 0.0 0.02 0

1745466055
0.0 0.0 0.02 0

1745466056
0.0 0.0 0.02 0

1745466057
0.0 0.0 0.02 0

1745466058
0.0 0.0 0.02 0

1745466059
0.0 0.0 0.02 0

1745466060
0.0 0.0 0.02 0

1745466061
0.0 0.0 0.02 0

1745466062
0.0 0.0 0.02 0

1745466063
0.0 0.0 0.02 0

1745466064
0.0 0.0 0.02 0

1745466065
0.0 0.0 0.02 0

1745466066
0.0 0.0 0.02 0

1745466068
0.0 0.0 0.02 0

1745466069
0.0 0.0 0.02 0

1745466070
0.0 0.0 0.02 0

1745466071
0.0 0.0 0.02 1

1745466072
0.0 0.0 0.02 0

1745466073
0.0 0.0 0.02 0

1745466075
0.0 0.0 0.02 0

1745466076
0.0 0.0 0.02 0

1745466077
0.0 0.0 0.02 0

1745466078
0.0 0.0 0.02 0

1745466079
0.0 0.0 0.02 0

1745466080
0.0 0.0 0.02 0

1745466081
0.0 0.0 0.02 0

1745466082
0.0 0.0 0.02 0

1745466083
0.0 0.0 0.02 0

1745466084
0.0 0.0 0.02 0

1745466085
0.0 0.0 0.02 0

1745466086
0.0 0.0 0.02 0

1745466087
0.0 0.0 0.02 0

1745466088
0.0 0.0 0.02 0

1745466089
0.0 0.0 0.02 0

1745466090
0.0 0.0 0.02 0

1745466092
0.0 0.0 0.02 1

1745466093
0.0 0.0 0.02 0

1745466094
0.0 0.0 0.02 0

1745466095
0.0 0.0 0.02 0

1745466096
0.0 0.0 0.01 0

1745466097
0.0 0.0 0.01 0

1745466098
0.0 0.0 0.01 0

1745466099
0.0 0.0 0.01 0

1745466100
0.0 0.0 0.01 0

1745466101
0.0 0.0 0.01 0

1745466102
0.0 0.0 0.01 0

1745466104
0.0 0.0 0.01 0

1745466105
0.0 0.0 0.01 0

1745466106
0.0 0.0 0.01 0

1745466107
0.0 0.0 0.01 0

1745466109
0.0 0.0 0.01 0

1745466110
0.0 0.0 0.01 0

1745466111
0.0 0.0 0.01 0

1745466112
0.0 0.0 0.01 0

1745466113
0.0 0.0 0.01 1

1745466114
0.0 0.0 0.01 0

1745466115
0.0 0.0 0.01 0

1745466116
0.0 0.0 0.01 0

1745466117
0.0 0.0 0.01 0

1745466118
0.0 0.0 0.01 0

1745466119
0.0 0.0 0.01 0

1745466120
0.0 0.0 0.01 0

1745466121
0.0 0.0 0.01 0

1745466122
0.0 0.0 0.01 0

1745466123
0.0 0.0 0.01 0

1745466124
0.0 0.0 0.01 0

1745466125
0.0 0.0 0.01 0

1745466126
0.0 0.0 0.01 0

1745466127
0.0 0.0 0.01 1

1745466128
0.0 0.0 0.01 0

1745466129
0.0 0.0 0.01 0

1745466130
0.0 0.0 0.01 0

1745466131
0.0 0.0 0.01 0

1745466132
0.0 0.0 0.01 0

1745466133
0.0 0.0 0.01 0

1745466134
0.0 0.0 0.01 0

1745466136
0.0 0.0 0.0 0

1745466137
0.0 0.0 0.0 0

1745466138
0.0 0.0 0.0 0

1745466139
0.0 0.0 0.0 49

1745466140
0.0 0.0 0.0 0

1745466141
0.0 0.0 0.0 0

1745466142
0.0 0.0 0.0 0

1745466143
0.0 0.0 0.0 0

1745466144
0.0 0.0 0.0 0

1745466145
0.0 0.0 0.0 0

1745466146
0.0 0.0 0.0 0

1745466147
0.0 0.0 0.0 0

1745466148
0.0 0.0 0.0 0

1745466149
0.0 0.0 0.0 0

1745466150
0.0 0.0 0.0 0

1745466151
0.0 0.0 0.0 0

1745466152
0.0 0.0 0.0 0

1745466153
0.0 0.0 0.0 0

1745466154
0.0 0.0 0.0 0

1745466155
0.0 0.0 0.0 0

1745466156
0.0 0.0 0.0 0

1745466157
0.0 0.0 0.0 0

1745466158
0.0 0.0 0.0 0

1745466159
0.0 0.0 0.0 0

1745466161
0.0 0.0 0.0 0

1745466162
0.0 0.0 0.0 0

1745466163
0.0 0.0 0.0 0

1745466164
0.0 0.0 0.0 0

1745466166
0.0 0.0 0.0 0

1745466167
0.0 0.0 0.0 0

1745466168
0.0 0.0 0.0 0

1745466169
0.0 0.0 0.0 0

1745466170
0.0 0.0 0.0 0

1745466171
0.0 0.0 0.0 0

1745466172
0.0 0.0 0.0 0

1745466173
0.0 0.0 0.0 0

1745466174
0.0 0.0 0.0 0

1745466175
0.0 0.0 0.0 0

1745466176
0.0 0.0 0.0 0

1745466177
0.0 0.0 0.0 0

1745466178
0.0 0.0 0.0 0

1745466179
0.0 0.0 0.0 0

1745466180
0.0 0.0 0.0 0

1745466181
0.0 0.0 0.0 0

1745466182
0.0 0.0 0.0 0

1745466183
0.0 0.0 0.0 0

1745466184
0.0 0.0 0.0 0

1745466185
0.0 0.0 0.0 0

1745466186
0.0 0.0 0.0 0

1745466187
0.0 0.0 0.0 0

1745466189
0.0 0.0 0.0 0

1745466190
0.0 0.0 0.0 0

1745466191
0.0 0.0 0.0 0

1745466192
0.0 0.0 0.0 0

1745466193
0.0 0.0 0.0 0

1745466194
0.0 0.0 0.0 0

1745466195
0.0 0.0 0.0 0

1745466197
0.0 0.0 0.0 0

1745466198
0.0 0.0 0.0 0

1745466199
0.0 0.0 0.0 0

1745466200
0.0 0.0 0.0 0

1745466201
0.0 0.0 0.0 0

1745466202
0.0 0.0 0.0 0

1745466203
0.0 0.0 0.0 0

1745466204
0.0 0.0 0.0 0

1745466205
0.0 0.0 0.0 0

1745466206
0.0 0.0 0.0 0

1745466207
0.0 0.0 0.0 0

1745466208
0.0 0.0 0.0 0

1745466209
0.0 0.0 0.0 0

1745466210
0.0 0.0 0.0 0

1745466212
0.0 0.0 0.0 0

1745466213
0.0 0.0 0.0 0

1745466214
0.0 0.0 0.0 0

1745466215
0.0 0.0 0.0 0

1745466216
0.0 0.0 0.0 0

1745466217
0.0 0.0 0.0 0

1745466218
0.0 0.0 0.0 0

1745466219
0.0 0.0 0.0 0

1745466220
0.0 0.0 0.0 0

1745466221
0.0 0.0 0.0 0

1745466222
0.0 0.0 0.0 0

1745466223
0.0 0.0 0.0 0

1745466224
0.0 0.0 0.0 0

1745466225
0.0 0.0 0.0 0

1745466226
0.0 0.0 0.0 0

1745466227
0.0 0.0 0.0 0

1745466228
0.0 0.0 0.0 0

1745466229
0.0 0.0 0.0 0

1745466230
0.0 0.0 0.0 0

1745466231
0.0 0.0 0.0 0

1745466232
0.0 0.0 0.0 0

1745466233
0.0 0.0 0.0 0

1745466234
0.0 0.0 0.0 0

1745466235
0.0 0.0 0.0 0

1745466236
0.0 0.0 0.0 0

1745466237
0.0 0.0 0.0 0

1745466239
0.0 0.0 0.0 0

1745466240
0.0 0.0 0.0 0

1745466241
0.0 0.0 0.0 0

1745466242
0.0 0.0 0.0 0

1745466243
0.0 0.0 0.0 0

1745466244
0.0 0.0 0.0 0

1745466245
0.0 0.0 0.0 0

1745466246
0.0 0.0 0.0 0

1745466247
0.0 0.0 0.0 0

1745466248
0.0 0.0 0.0 0

1745466249
0.0 0.0 0.0 0

1745466250
0.0 0.0 0.0 0

1745466251
0.0 0.0 0.0 0

1745466252
0.0 0.0 0.0 0

1745466253
0.0 0.0 0.0 0

1745466254
0.0 0.0 0.0 0

1745466255
0.0 0.0 0.0 0

1745466256
0.0 0.0 0.0 0

1745466257
0.0 0.0 0.0 0

1745466258
0.0 0.0 0.0 0

1745466259
0.0 0.0 0.0 0

1745466260
0.0 0.0 0.0 0

1745466261
0.0 0.0 0.0 0

1745466262
0.0 0.0 0.0 0

1745466263
0.0 0.0 0.0 0

1745466264
0.0 0.0 0.0 0

1745466265
0.0 0.0 0.0 0

1745466266
0.0 0.0 0.0 0

1745466267
0.0 0.0 0.0 0

1745466268
0.0 0.0 0.0 0

1745466269
0.0 0.0 0.0 0

1745466270
0.0 0.0 0.0 0

1745466271
0.0 0.0 0.0 0

1745466273
0.0 0.0 0.0 0

1745466274
0.0 0.0 0.0 0

1745466275
0.0 0.0 0.0 0

1745466276
0.0 0.0 0.0 0

1745466277
0.0 0.0 0.0 0

1745466278
0.0 0.0 0.0 0

1745466279
0.0 0.0 0.0 0

1745466280
0.0 0.0 0.0 0

1745466281
0.0 0.0 0.0 0

1745466283
0.0 0.0 0.0 0

1745466284
0.0 0.0 0.0 0

1745466285
0.0 0.0 0.0 0

1745466286
0.0 0.0 0.0 1

1745466287
0.0 0.0 0.0 0

1745466288
0.0 0.0 0.0 0

1745466289
0.0 0.0 0.0 0

1745466290
0.0 0.0 0.0 0

1745466291
0.0 0.0 0.0 492

1745466292
0.0 0.0 0.0 453

1745466293
0.0 0.0 0.0 6262

1745466294
0.18 0.03 0.0 15636

1745466295
0.18 0.03 0.0 0

1745466296
0.14 0.03 0.0 0

1745466297
0.14 0.03 0.0 0

1745466299
0.12 0.02 0.0 0

1745466300
0.09 0.02 0.0 0

1745466301
0.09 0.02 0.0 0

1745466302
0.08 0.02 0.0 0

1745466303
0.08 0.02 0.0 0

1745466304
0.06 0.02 0.0 0

1745466305
0.06 0.02 0.0 0

1745466306
0.05 0.02 0.0 0

1745466307
0.05 0.02 0.0 0

1745466308
0.04 0.02 0.0 0

1745466309
0.04 0.02 0.0 0

1745466310
0.03 0.02 0.0 0

1745466311
0.03 0.02 0.0 0

1745466313
0.02 0.02 0.0 0

1745466314
0.02 0.02 0.0 0

1745466315
0.02 0.02 0.0 0

1745466316
0.01 0.02 0.0 0

1745466318
0.01 0.02 0.0 0

1745466319
0.01 0.02 0.0 0

1745466320
0.01 0.01 0.0 0

1745466321
0.01 0.01 0.0 0

1745466322
0.0 0.01 0.0 0

1745466323
0.0 0.01 0.0 0

1745466324
0.0 0.01 0.0 0

1745466325
0.0 0.01 0.0 0

1745466326
0.0 0.01 0.0 0

1745466327
0.0 0.01 0.0 0

1745466328
0.0 0.01 0.0 0

1745466329
0.0 0.01 0.0 0

1745466330
0.0 0.01 0.0 0

1745466331
0.0 0.01 0.0 0

1745466332
0.0 0.01 0.0 0

1745466333
0.0 0.01 0.0 0

1745466334
0.0 0.01 0.0 0

1745466335
0.0 0.01 0.0 0

1745466336
0.0 0.01 0.0 0

1745466337
0.0 0.01 0.0 0

1745466338
0.0 0.01 0.0 0

1745466339
0.0 0.01 0.0 0

1745466340
0.0 0.01 0.0 0

1745466341
0.0 0.01 0.0 0

1745466342
0.0 0.01 0.0 0

1745466343
0.0 0.01 0.0 0

1745466345
0.0 0.01 0.0 0

1745466346
0.0 0.01 0.0 0

1745466347
0.0 0.01 0.0 0

1745466348
0.0 0.01 0.0 0

1745466349
0.0 0.0 0.0 0

1745466350
0.0 0.0 0.0 0

1745466351
0.0 0.0 0.0 0

1745466352
0.0 0.0 0.0 0

1745466354
0.0 0.0 0.0 0

1745466355
0.0 0.0 0.0 0

1745466356
0.0 0.0 0.0 0

1745466357
0.0 0.0 0.0 0

1745466358
0.0 0.0 0.0 0

1745466359
0.0 0.0 0.0 0

1745466361
0.0 0.0 0.0 0

1745466362
0.0 0.0 0.0 0

1745466363
0.0 0.0 0.0 0

1745466364
0.0 0.0 0.0 0

1745466365
0.0 0.0 0.0 0

1745466366
0.0 0.0 0.0 0

1745466367
0.0 0.0 0.0 0

1745466368
0.0 0.0 0.0 0

1745466370
0.0 0.0 0.0 0

1745466371
0.0 0.0 0.0 0

1745466372
0.0 0.0 0.0 0

1745466373
0.0 0.0 0.0 0

1745466375
0.0 0.0 0.0 0

1745466376
0.0 0.0 0.0 0

1745466378
0.0 0.0 0.0 0

1745466379
0.0 0.0 0.0 0

1745466380
0.0 0.0 0.0 0

1745466381
0.0 0.0 0.0 0

1745466382
0.0 0.0 0.0 0

1745466383
0.0 0.0 0.0 0

1745466384
0.0 0.0 0.0 0

1745466385
0.0 0.0 0.0 0

1745466386
0.0 0.0 0.0 0

1745466387
0.0 0.0 0.0 0

1745466388
0.0 0.0 0.0 0

1745466389
0.0 0.0 0.0 0

1745466390
0.0 0.0 0.0 0

1745466391
0.0 0.0 0.0 0

1745466393
0.0 0.0 0.0 0

1745466394
0.0 0.0 0.0 0

1745466395
0.0 0.0 0.0 0

1745466396
0.0 0.0 0.0 0

1745466397
0.0 0.0 0.0 0

1745466398
0.0 0.0 0.0 0

1745466399
0.0 0.0 0.0 0

1745466400
0.0 0.0 0.0 0

1745466401
0.0 0.0 0.0 0

1745466402
0.0 0.0 0.0 0

1745466403
0.0 0.0 0.0 0

1745466404
0.0 0.0 0.0 0

1745466405
0.0 0.0 0.0 0

1745466406
0.0 0.0 0.0 0

1745466407
0.0 0.0 0.0 0

1745466408
0.0 0.0 0.0 0

1745466409
0.0 0.0 0.0 0

1745466410
0.0 0.0 0.0 0

1745466411
0.0 0.0 0.0 0

1745466412
0.0 0.0 0.0 0

1745466413
0.0 0.0 0.0 0

1745466414
0.0 0.0 0.0 0

1745466415
0.0 0.0 0.0 0

1745466416
0.0 0.0 0.0 0

1745466417
0.0 0.0 0.0 0

1745466418
0.0 0.0 0.0 0

1745466419
0.0 0.0 0.0 3208

1745466420
0.0 0.0 0.0 19590

1745466421
0.18 0.03 0.0 3746

1745466422
0.18 0.03 0.0 0

1745466424
0.14 0.03 0.0 6868

1745466425
0.12 0.02 0.0 0

1745466426
0.12 0.02 0.0 431

1745466428
0.09 0.02 0.0 22407

1745466429
0.26 0.06 0.01 18913

1745466430
0.26 0.06 0.01 0

1745466431
0.21 0.05 0.01 21371

1745466432
0.21 0.05 0.01 0

1745466433
0.35 0.08 0.01 9870

1745466434
0.35 0.08 0.01 2473

1745466436
0.29 0.08 0.01 11878

1745466437
0.23 0.08 0.01 9357

1745466438
0.23 0.08 0.01 17102

1745466439
0.37 0.11 0.02 13390

1745466440
0.37 0.11 0.02 0

1745466441
0.3 0.1 0.02 12660

1745466442
0.3 0.1 0.02 0

1745466443
0.25 0.1 0.02 5358

1745466444
0.25 0.1 0.02 2008

1745466445
0.2 0.1 0.02 3020

1745466446
0.2 0.1 0.02 0

1745466447
0.16 0.09 0.02 0

1745466448
0.16 0.09 0.02 0

1745466449
0.13 0.09 0.02 0

1745466450
0.13 0.09 0.02 0

1745466451
0.11 0.09 0.02 0

1745466453
0.09 0.08 0.02 0

1745466454
0.09 0.08 0.02 0

1745466455
0.07 0.08 0.02 0

1745466456
0.07 0.08 0.02 0

1745466457
0.06 0.08 0.02 0

1745466458
0.06 0.08 0.02 0

1745466459
0.05 0.07 0.01 0

1745466460
0.05 0.07 0.01 0

1745466461
0.04 0.07 0.01 0

1745466462
0.04 0.07 0.01 0

1745466463
0.03 0.07 0.01 0

1745466464
0.03 0.07 0.01 0

1745466465
0.02 0.07 0.01 0

1745466466
0.02 0.07 0.01 0

1745466467
0.02 0.06 0.01 0

1745466468
0.02 0.06 0.01 0

1745466469
0.01 0.06 0.01 0

1745466470
0.01 0.06 0.01 0

1745466471
0.01 0.06 0.01 0

1745466472
0.01 0.06 0.01 0

1745466473
0.01 0.06 0.01 0

1745466474
0.01 0.06 0.01 0

1745466475
0.0 0.05 0.01 0

1745466476
0.0 0.05 0.01 0

1745466477
0.0 0.05 0.01 0

1745466478
0.0 0.05 0.01 0

1745466479
0.0 0.05 0.01 0

1745466480
0.0 0.05 0.01 0

1745466481
0.0 0.05 0.01 0

1745466482
0.0 0.05 0.01 0

1745466483
0.0 0.05 0.01 0

1745466484
0.0 0.05 0.01 0

1745466485
0.0 0.04 0.01 0

1745466486
0.0 0.04 0.01 0

1745466487
0.0 0.04 0.01 0

1745466488
0.0 0.04 0.01 0

1745466489
0.0 0.04 0.01 0

1745466490
0.0 0.04 0.01 0

1745466491
0.0 0.04 0.01 0

1745466492
0.0 0.04 0.01 0

1745466493
0.0 0.04 0.01 0

1745466494
0.0 0.04 0.01 0

1745466496
0.0 0.04 0.01 0

1745466497
0.0 0.03 0.01 0

1745466498
0.0 0.03 0.01 0

1745466499
0.0 0.03 0.0 0

1745466500
0.0 0.03 0.0 0

1745466501
0.0 0.03 0.0 0

1745466502
0.0 0.03 0.0 0

1745466503
0.0 0.03 0.0 0

1745466504
0.0 0.03 0.0 0

1745466505
0.0 0.03 0.0 0

1745466506
0.0 0.03 0.0 0

1745466508
0.0 0.03 0.0 0

1745466509
0.0 0.03 0.0 0

1745466510
0.0 0.03 0.0 0

1745466511
0.0 0.02 0.0 0

1745466512
0.0 0.02 0.0 0

1745466513
0.0 0.02 0.0 0

1745466514
0.0 0.02 0.0 0

1745466515
0.0 0.02 0.0 0

1745466516
0.0 0.02 0.0 0

1745466517
0.0 0.02 0.0 0

1745466518
0.0 0.02 0.0 0

1745466519
0.0 0.02 0.0 0

1745466520
0.0 0.02 0.0 0

1745466521
0.0 0.02 0.0 0

1745466522
0.0 0.02 0.0 0

1745466523
0.0 0.02 0.0 0

1745466524
0.0 0.02 0.0 0

1745466526
0.0 0.02 0.0 0

1745466527
0.0 0.02 0.0 0

1745466528
0.0 0.02 0.0 0

1745466529
0.0 0.02 0.0 0

1745466530
0.0 0.02 0.0 0

1745466531
0.0 0.01 0.0 0

1745466532
0.0 0.01 0.0 0

1745466533
0.0 0.01 0.0 0

1745466534
0.0 0.01 0.0 0

1745466535
0.0 0.01 0.0 0

1745466536
0.0 0.01 0.0 0

1745466537
0.0 0.01 0.0 0

1745466538
0.0 0.01 0.0 0

1745466539
0.0 0.01 0.0 0

1745466540
0.0 0.01 0.0 0

1745466541
0.0 0.01 0.0 0

1745466542
0.0 0.01 0.0 0

1745466543
0.0 0.01 0.0 0

1745466544
0.0 0.01 0.0 0

1745466545
0.0 0.01 0.0 0

1745466546
0.0 0.01 0.0 0

1745466547
0.0 0.01 0.0 0

1745466548
0.0 0.01 0.0 0

1745466549
0.0 0.01 0.0 0

1745466550
0.0 0.01 0.0 0

1745466551
0.0 0.01 0.0 0

1745466552
0.0 0.01 0.0 0

1745466553
0.0 0.01 0.0 0

1745466554
0.0 0.01 0.0 0

1745466555
0.0 0.01 0.0 0

1745466556
0.0 0.01 0.0 0

1745466557
0.0 0.01 0.0 0

1745466558
0.0 0.01 0.0 0

1745466559
0.0 0.0 0.0 0

1745466560
0.0 0.0 0.0 0

1745466561
0.0 0.0 0.0 0

1745466562
0.0 0.0 0.0 0

1745466563
0.0 0.0 0.0 0

1745466564
0.0 0.0 0.0 0

1745466565
0.0 0.0 0.0 0

1745466566
0.0 0.0 0.0 0

1745466567
0.0 0.0 0.0 0

1745466568
0.0 0.0 0.0 0

1745466569
0.0 0.0 0.0 0

1745466570
0.0 0.0 0.0 0

1745466571
0.0 0.0 0.0 0

1745466572
0.0 0.0 0.0 0

1745466573
0.0 0.0 0.0 0

1745466575
0.0 0.0 0.0 0

1745466576
0.0 0.0 0.0 0

1745466577
0.0 0.0 0.0 0

1745466578
0.0 0.0 0.0 0

1745466579
0.0 0.0 0.0 0

1745466580
0.0 0.0 0.0 0

1745466581
0.0 0.0 0.0 0

1745466583
0.0 0.0 0.0 0

1745466584
0.0 0.0 0.0 0

1745466585
0.0 0.0 0.0 0

1745466586
0.0 0.0 0.0 0

1745466587
0.0 0.0 0.0 0

1745466588
0.0 0.0 0.0 0

1745466589
0.0 0.0 0.0 0

1745466590
0.0 0.0 0.0 0

1745466591
0.0 0.0 0.0 0

1745466592
0.0 0.0 0.0 0

1745466593
0.0 0.0 0.0 0

1745466594
0.0 0.0 0.0 0

1745466595
0.0 0.0 0.0 0

1745466596
0.0 0.0 0.0 0

1745466597
0.0 0.0 0.0 0

1745466598
0.0 0.0 0.0 0

1745466599
0.0 0.0 0.0 0

1745466600
0.0 0.0 0.0 0

1745466601
0.0 0.0 0.0 0

1745466602
0.0 0.0 0.0 0

1745466603
0.0 0.0 0.0 0

1745466604
0.0 0.0 0.0 0

1745466605
0.0 0.0 0.0 0

1745466606
0.0 0.0 0.0 0

1745466607
0.0 0.0 0.0 0

1745466608
0.0 0.0 0.0 0

1745466610
0.0 0.0 0.0 0

1745466611
0.0 0.0 0.0 0

1745466612
0.0 0.0 0.0 0

1745466613
0.0 0.0 0.0 0

1745466614
0.0 0.0 0.0 0

1745466615
0.0 0.0 0.0 0

1745466616
0.0 0.0 0.0 0

1745466617
0.0 0.0 0.0 0

1745466618
0.0 0.0 0.0 0

1745466619
0.0 0.0 0.0 0

1745466620
0.0 0.0 0.0 0

1745466621
0.0 0.0 0.0 0

1745466622
0.0 0.0 0.0 0

1745466623
0.0 0.0 0.0 0

1745466624
0.0 0.0 0.0 0

1745466625
0.0 0.0 0.0 1

1745466626
0.0 0.0 0.0 0

1745466627
0.0 0.0 0.0 0

1745466628
0.0 0.0 0.0 0

1745466629
0.0 0.0 0.0 0

1745466630
0.0 0.0 0.0 0

1745466631
0.0 0.0 0.0 0

1745466632
0.0 0.0 0.0 0

1745466633
0.0 0.0 0.0 0

1745466634
0.0 0.0 0.0 0

1745466635
0.0 0.0 0.0 0

1745466636
0.0 0.0 0.0 0

1745466637
0.0 0.0 0.0 0

1745466638
0.0 0.0 0.0 0

1745466640
0.0 0.0 0.0 0

1745466641
0.0 0.0 0.0 0

1745466642
0.0 0.0 0.0 0

1745466644
0.0 0.0 0.0 0

1745466645
0.0 0.0 0.0 0

1745466646
0.0 0.0 0.0 0

1745466647
0.0 0.0 0.0 0

1745466648
0.0 0.0 0.0 0

1745466649
0.0 0.0 0.0 0

1745466650
0.0 0.0 0.0 0

1745466651
0.0 0.0 0.0 0

1745466652
0.0 0.0 0.0 0

1745466653
0.0 0.0 0.0 0

1745466654
0.0 0.0 0.0 0

1745466655
0.0 0.0 0.0 0

1745466656
0.0 0.0 0.0 0

1745466657
0.0 0.0 0.0 0

1745466658
0.0 0.0 0.0 0

1745466659
0.0 0.0 0.0 0

1745466660
0.0 0.0 0.0 0

1745466661
0.0 0.0 0.0 0

1745466662
0.0 0.0 0.0 0

1745466663
0.0 0.0 0.0 0

1745466664
0.0 0.0 0.0 0

1745466665
0.0 0.0 0.0 0

1745466666
0.0 0.0 0.0 0

1745466667
0.0 0.0 0.0 0

1745466668
0.0 0.0 0.0 0

1745466669
0.0 0.0 0.0 0

1745466670
0.0 0.0 0.0 0

1745466671
0.0 0.0 0.0 0

1745466672
0.0 0.0 0.0 0

1745466673
0.0 0.0 0.0 0

1745466674
0.0 0.0 0.0 0

1745466675
0.0 0.0 0.0 0

1745466677
0.0 0.0 0.0 0

1745466678
0.0 0.0 0.0 0

1745466679
0.0 0.0 0.0 0

1745466680
0.0 0.0 0.0 0

1745466681
0.0 0.0 0.0 0

1745466682
0.0 0.0 0.0 0

1745466683
0.0 0.0 0.0 0

1745466684
0.0 0.0 0.0 0

1745466685
0.0 0.0 0.0 0

1745466686
0.0 0.0 0.0 0

1745466687
0.0 0.0 0.0 0

1745466688
0.0 0.0 0.0 0

1745466689
0.0 0.0 0.0 0

1745466690
0.0 0.0 0.0 0

1745466691
0.0 0.0 0.0 0

1745466692
0.0 0.0 0.0 0

1745466693
0.0 0.0 0.0 0

1745466694
0.0 0.0 0.0 0

1745466695
0.0 0.0 0.0 0

1745466696
0.0 0.0 0.0 0

1745466697
0.0 0.0 0.0 0

1745466698
0.0 0.0 0.0 0

1745466699
0.0 0.0 0.0 0

1745466700
0.0 0.0 0.0 0

1745466702
0.0 0.0 0.0 0

1745466703
0.0 0.0 0.0 0

1745466704
0.0 0.0 0.0 0

1745466705
0.0 0.0 0.0 0

1745466706
0.0 0.0 0.0 0

1745466708
0.0 0.0 0.0 0

1745466709
0.0 0.0 0.0 0

1745466710
0.0 0.0 0.0 0

1745466712
0.0 0.0 0.0 0

1745466713
0.0 0.0 0.0 0

1745466714
0.0 0.0 0.0 0

1745466715
0.0 0.0 0.0 0

1745466716
0.0 0.0 0.0 0

1745466717
0.0 0.0 0.0 0

1745466718
0.0 0.0 0.0 0

1745466719
0.0 0.0 0.0 0

1745466720
0.0 0.0 0.0 0

1745466721
0.0 0.0 0.0 0

1745466722
0.0 0.0 0.0 0

1745466723
0.0 0.0 0.0 0

1745466724
0.0 0.0 0.0 0

1745466725
0.0 0.0 0.0 0

1745466726
0.0 0.0 0.0 0

1745466727
0.0 0.0 0.0 0

1745466728
0.0 0.0 0.0 0

1745466729
0.0 0.0 0.0 0

1745466730
0.0 0.0 0.0 0

1745466731
0.0 0.0 0.0 0

1745466732
0.0 0.0 0.0 0

1745466733
0.0 0.0 0.0 0

1745466734
0.0 0.0 0.0 0

1745466736
0.0 0.0 0.0 0

1745466737
0.0 0.0 0.0 0

1745466738
0.0 0.0 0.0 0

1745466739
0.0 0.0 0.0 0

1745466741
0.0 0.0 0.0 0

1745466742
0.0 0.0 0.0 0

1745466743
0.0 0.0 0.0 0

1745466744
0.0 0.0 0.0 0

1745466745
0.0 0.0 0.0 0

1745466746
0.0 0.0 0.0 0

1745466748
0.0 0.0 0.0 0

1745466749
0.0 0.0 0.0 0

1745466751
0.0 0.0 0.0 0

1745466752
0.0 0.0 0.0 0

1745466754
0.0 0.0 0.0 0

1745466755
0.0 0.0 0.0 0

1745466756
0.0 0.0 0.0 0

1745466757
0.0 0.0 0.0 0

1745466759
0.0 0.0 0.0 0

1745466760
0.0 0.0 0.0 0

1745466761
0.0 0.0 0.0 0

1745466762
0.0 0.0 0.0 0

1745466763
0.0 0.0 0.0 0

1745466764
0.0 0.0 0.0 0

1745466765
0.0 0.0 0.0 0

1745466766
0.0 0.0 0.0 0

1745466767
0.0 0.0 0.0 0

1745466768
0.0 0.0 0.0 0

1745466769
0.0 0.0 0.0 0

1745466770
0.0 0.0 0.0 0

1745466771
0.0 0.0 0.0 0

1745466772
0.0 0.0 0.0 0

1745466773
0.0 0.0 0.0 0

1745466774
0.0 0.0 0.0 0

1745466775
0.0 0.0 0.0 0

1745466776
0.0 0.0 0.0 0

1745466778
0.0 0.0 0.0 0

1745466779
0.0 0.0 0.0 0

1745466780
0.0 0.0 0.0 0

1745466781
0.0 0.0 0.0 0

1745466782
0.0 0.0 0.0 0

1745466784
0.0 0.0 0.0 0

1745466785
0.0 0.0 0.0 0

1745466786
0.0 0.0 0.0 0

1745466787
0.0 0.0 0.0 0

1745466788
0.0 0.0 0.0 0

1745466789
0.0 0.0 0.0 0

1745466790
0.0 0.0 0.0 0

1745466791
0.0 0.0 0.0 0

1745466792
0.0 0.0 0.0 0

1745466793
0.0 0.0 0.0 0

1745466794
0.0 0.0 0.0 0

1745466795
0.0 0.0 0.0 0

1745466797
0.0 0.0 0.0 0

1745466798
0.0 0.0 0.0 0

1745466799
0.0 0.0 0.0 0

1745466800
0.0 0.0 0.0 0

1745466801
0.0 0.0 0.0 0

1745466802
0.0 0.0 0.0 0

1745466803
0.0 0.0 0.0 0

1745466804
0.0 0.0 0.0 0

1745466805
0.0 0.0 0.0 0

1745466806
0.0 0.0 0.0 0

1745466807
0.0 0.0 0.0 0

1745466808
0.0 0.0 0.0 0

1745466809
0.0 0.0 0.0 0

1745466810
0.0 0.0 0.0 0

1745466811
0.0 0.0 0.0 0

1745466812
0.0 0.0 0.0 0

1745466813
0.0 0.0 0.0 0

1745466814
0.0 0.0 0.0 0

1745466815
0.0 0.0 0.0 0

1745466816
0.0 0.0 0.0 0

1745466817
0.0 0.0 0.0 0

1745466818
0.0 0.0 0.0 0

1745466819
0.0 0.0 0.0 0

1745466820
0.0 0.0 0.0 0

1745466821
0.0 0.0 0.0 0

1745466822
0.0 0.0 0.0 0

1745466823
0.0 0.0 0.0 0

1745466824
0.0 0.0 0.0 0

1745466825
0.0 0.0 0.0 0

1745466827
0.0 0.0 0.0 0

1745466828
0.0 0.0 0.0 0

1745466829
0.0 0.0 0.0 0

1745466830
0.0 0.0 0.0 0

1745466831
0.0 0.0 0.0 0

1745466832
0.0 0.0 0.0 0

1745466833
0.0 0.0 0.0 0

1745466835
0.0 0.0 0.0 0

1745466836
0.0 0.0 0.0 0

1745466837
0.0 0.0 0.0 0

1745466838
0.0 0.0 0.0 0

1745466839
0.0 0.0 0.0 0

1745466840
0.0 0.0 0.0 0

1745466841
0.0 0.0 0.0 1

1745466842
0.0 0.0 0.0 0

1745466843
0.0 0.0 0.0 0

1745466844
0.0 0.0 0.0 0

1745466845
0.0 0.0 0.0 0

1745466846
0.0 0.0 0.0 0

1745466848
0.0 0.0 0.0 0

1745466849
0.0 0.0 0.0 0

1745466850
0.0 0.0 0.0 0

1745466851
0.0 0.0 0.0 0

1745466852
0.0 0.0 0.0 0

1745466853
0.0 0.0 0.0 0

1745466854
0.0 0.0 0.0 0

1745466855
0.0 0.0 0.0 0

1745466856
0.0 0.0 0.0 0

1745466857
0.0 0.0 0.0 0

1745466858
0.0 0.0 0.0 0

1745466859
0.0 0.0 0.0 0

1745466860
0.0 0.0 0.0 0

1745466861
0.0 0.0 0.0 0

1745466862
0.0 0.0 0.0 0

1745466863
0.0 0.0 0.0 0

1745466864
0.0 0.0 0.0 0

1745466865
0.0 0.0 0.0 0

1745466866
0.0 0.0 0.0 0

1745466867
0.0 0.0 0.0 0

1745466869
0.0 0.0 0.0 0

1745466870
0.0 0.0 0.0 0

1745466871
0.0 0.0 0.0 0

1745466872
0.0 0.0 0.0 0

1745466873
0.0 0.0 0.0 0

1745466875
0.0 0.0 0.0 1

1745466876
0.0 0.0 0.0 0

1745466877
0.0 0.0 0.0 0

1745466878
0.0 0.0 0.0 0

1745466879
0.0 0.0 0.0 0

1745466880
0.0 0.0 0.0 0

1745466881
0.0 0.0 0.0 0

1745466882
0.0 0.0 0.0 0

1745466883
0.0 0.0 0.0 0

1745466884
0.0 0.0 0.0 0

1745466885
0.0 0.0 0.0 0

1745466886
0.0 0.0 0.0 0

1745466887
0.0 0.0 0.0 0

1745466888
0.0 0.0 0.0 0

1745466889
0.0 0.0 0.0 0

1745466890
0.0 0.0 0.0 0

1745466892
0.0 0.0 0.0 0

1745466893
0.0 0.0 0.0 0

1745466894
0.0 0.0 0.0 0

1745466895
0.0 0.0 0.0 0

1745466896
0.0 0.0 0.0 0

1745466897
0.0 0.0 0.0 0

1745466898
0.0 0.0 0.0 0

1745466899
0.0 0.0 0.0 0

1745466901
0.0 0.0 0.0 0

1745466902
0.0 0.0 0.0 0

1745466903
0.0 0.0 0.0 0

1745466904
0.0 0.0 0.0 0

1745466905
0.0 0.0 0.0 1

1745466906
0.0 0.0 0.0 0

1745466907
0.0 0.0 0.0 0

1745466908
0.0 0.0 0.0 0

1745466909
0.0 0.0 0.0 0

1745466910
0.0 0.0 0.0 0

1745466911
0.0 0.0 0.0 0

1745466912
0.0 0.0 0.0 0

1745466913
0.0 0.0 0.0 0

1745466914
0.0 0.0 0.0 0

1745466915
0.0 0.0 0.0 0

1745466916
0.0 0.0 0.0 0

1745466917
0.0 0.0 0.0 0

1745466918
0.0 0.0 0.0 0

1745466919
0.0 0.0 0.0 0

1745466920
0.0 0.0 0.0 0

1745466921
0.0 0.0 0.0 0

1745466922
0.0 0.0 0.0 0

1745466923
0.0 0.0 0.0 0

1745466924
0.0 0.0 0.0 0

1745466925
0.0 0.0 0.0 0

1745466926
0.0 0.0 0.0 0

1745466927
0.0 0.0 0.0 0

1745466928
0.0 0.0 0.0 0

1745466929
0.0 0.0 0.0 0

1745466930
0.0 0.0 0.0 0

1745466931
0.0 0.0 0.0 0

1745466932
0.0 0.0 0.0 1

1745466933
0.0 0.0 0.0 0

1745466934
0.0 0.0 0.0 0

1745466935
0.0 0.0 0.0 0

1745466936
0.0 0.0 0.0 0

1745466937
0.0 0.0 0.0 0

1745466938
0.0 0.0 0.0 0

1745466940
0.0 0.0 0.0 0

1745466941
0.0 0.0 0.0 0

1745466942
0.0 0.0 0.0 0

1745466943
0.0 0.0 0.0 0

1745466944
0.0 0.0 0.0 0

1745466945
0.0 0.0 0.0 0

1745466947
0.0 0.0 0.0 0

1745466948
0.0 0.0 0.0 0

1745466949
0.0 0.0 0.0 0

1745466950
0.0 0.0 0.0 0

1745466951
0.0 0.0 0.0 0

1745466952
0.0 0.0 0.0 0

1745466953
0.0 0.0 0.0 0

1745466954
0.0 0.0 0.0 0

1745466955
0.0 0.0 0.0 0

1745466956
0.0 0.0 0.0 0

1745466957
0.0 0.0 0.0 0

1745466958
0.0 0.0 0.0 0

1745466959
0.0 0.0 0.0 0

1745466960
0.0 0.0 0.0 0

1745466961
0.0 0.0 0.0 0

1745466962
0.0 0.0 0.0 0

1745466963
0.0 0.0 0.0 0

1745466964
0.0 0.0 0.0 0

1745466965
0.0 0.0 0.0 0

1745466967
0.0 0.0 0.0 0

1745466968
0.0 0.0 0.0 1

1745466969
0.0 0.0 0.0 0

1745466970
0.0 0.0 0.0 0

1745466972
0.0 0.0 0.0 0

1745466973
0.0 0.0 0.0 0

1745466974
0.0 0.0 0.0 0

1745466975
0.0 0.0 0.0 0

1745466976
0.0 0.0 0.0 0

1745466977
0.0 0.0 0.0 0

1745466978
0.0 0.0 0.0 0

1745466979
0.0 0.0 0.0 0

1745466980
0.0 0.0 0.0 0

1745466981
0.0 0.0 0.0 0

1745466982
0.0 0.0 0.0 0

1745466983
0.0 0.0 0.0 0

1745466984
0.0 0.0 0.0 0

1745466985
0.0 0.0 0.0 0

1745466986
0.0 0.0 0.0 0

1745466987
0.0 0.0 0.0 0

1745466989
0.0 0.0 0.0 0

1745466990
0.0 0.0 0.0 0

1745466991
0.0 0.0 0.0 0

1745466992
0.0 0.0 0.0 0

1745466993
0.0 0.0 0.0 0

1745466994
0.0 0.0 0.0 0

1745466995
0.0 0.0 0.0 0

1745466996
0.0 0.0 0.0 0

1745466997
0.0 0.0 0.0 0

1745466998
0.0 0.0 0.0 0

1745466999
0.0 0.0 0.0 0

1745467000
0.0 0.0 0.0 0

1745467001
0.0 0.0 0.0 0

1745467002
0.0 0.0 0.0 0

1745467003
0.0 0.0 0.0 0

1745467004
0.0 0.0 0.0 0

1745467005
0.0 0.0 0.0 0

1745467006
0.0 0.0 0.0 0

1745467008
0.0 0.0 0.0 0

1745467009
0.0 0.0 0.0 0

1745467010
0.0 0.0 0.0 0

1745467011
0.0 0.0 0.0 0

1745467012
0.0 0.0 0.0 0

1745467013
0.0 0.0 0.0 0

1745467014
0.0 0.0 0.0 0

1745467015
0.0 0.0 0.0 0

1745467017
0.0 0.0 0.0 1

1745467018
0.0 0.0 0.0 0

1745467019
0.0 0.0 0.0 0

1745467020
0.0 0.0 0.0 0

1745467021
0.0 0.0 0.0 0

1745467023
0.0 0.0 0.0 0

1745467024
0.0 0.0 0.0 0

1745467025
0.0 0.0 0.0 0

1745467026
0.0 0.0 0.0 0

1745467027
0.0 0.0 0.0 0

1745467028
0.0 0.0 0.0 0

1745467029
0.0 0.0 0.0 0

1745467030
0.0 0.0 0.0 0

1745467031
0.0 0.0 0.0 0

1745467033
0.0 0.0 0.0 0

1745467034
0.0 0.0 0.0 0

1745467035
0.0 0.0 0.0 0

1745467036
0.0 0.0 0.0 1

1745467037
0.0 0.0 0.0 0

1745467038
0.0 0.0 0.0 0

1745467040
0.0 0.0 0.0 0

1745467041
0.0 0.0 0.0 0

1745467042
0.0 0.0 0.0 0

1745467043
0.0 0.0 0.0 0

1745467045
0.0 0.0 0.0 0

1745467046
0.0 0.0 0.0 0

1745467047
0.0 0.0 0.0 0

1745467048
0.0 0.0 0.0 0

1745467049
0.0 0.0 0.0 0

1745467050
0.0 0.0 0.0 0

1745467051
0.0 0.0 0.0 0

1745467052
0.0 0.0 0.0 0

1745467053
0.0 0.0 0.0 0

1745467054
0.0 0.0 0.0 0

1745467055
0.0 0.0 0.0 0

1745467056
0.0 0.0 0.0 0

1745467057
0.0 0.0 0.0 0

1745467058
0.0 0.0 0.0 0

1745467059
0.0 0.0 0.0 0

1745467060
0.0 0.0 0.0 0

1745467061
0.0 0.0 0.0 0

1745467062
0.0 0.0 0.0 0

1745467063
0.0 0.0 0.0 0

1745467064
0.0 0.0 0.0 0

1745467065
0.0 0.0 0.0 0

1745467066
0.0 0.0 0.0 0

1745467067
0.0 0.0 0.0 0

1745467068
0.0 0.0 0.0 0

1745467069
0.0 0.0 0.0 0

1745467070
0.0 0.0 0.0 0

1745467071
0.0 0.0 0.0 0

1745467072
0.0 0.0 0.0 0

1745467073
0.0 0.0 0.0 0

1745467074
0.0 0.0 0.0 0

1745467075
0.0 0.0 0.0 0

1745467076
0.0 0.0 0.0 0

1745467077
0.0 0.0 0.0 0

1745467078
0.0 0.0 0.0 0

1745467079
0.0 0.0 0.0 0

1745467080
0.0 0.0 0.0 0

1745467081
0.0 0.0 0.0 0

1745467082
0.0 0.0 0.0 0

1745467083
0.0 0.0 0.0 0

1745467084
0.0 0.0 0.0 0

1745467085
0.0 0.0 0.0 0

1745467086
0.0 0.0 0.0 0

1745467087
0.0 0.0 0.0 0

1745467089
0.0 0.0 0.0 0

1745467090
0.0 0.0 0.0 0

1745467091
0.0 0.0 0.0 0

1745467092
0.0 0.0 0.0 0

1745467093
0.0 0.0 0.0 0

1745467094
0.0 0.0 0.0 1

1745467095
0.0 0.0 0.0 0

1745467096
0.0 0.0 0.0 0

1745467097
0.0 0.0 0.0 0

1745467098
0.0 0.0 0.0 0

1745467099
0.0 0.0 0.0 0

1745467100
0.0 0.0 0.0 0

1745467101
0.0 0.0 0.0 0

1745467102
0.0 0.0 0.0 0

1745467103
0.0 0.0 0.0 0

1745467104
0.0 0.0 0.0 0

1745467105
0.0 0.0 0.0 0

1745467106
0.0 0.0 0.0 0

1745467107
0.0 0.0 0.0 0

1745467108
0.0 0.0 0.0 0

1745467110
0.0 0.0 0.0 0

1745467111
0.0 0.0 0.0 0

1745467112
0.0 0.0 0.0 0

1745467113
0.0 0.0 0.0 0

1745467114
0.0 0.0 0.0 0

1745467115
0.0 0.0 0.0 0

1745467116
0.0 0.0 0.0 0

1745467117
0.0 0.0 0.0 0

1745467118
0.0 0.0 0.0 0

1745467119
0.0 0.0 0.0 0

1745467121
0.0 0.0 0.0 0

1745467122
0.0 0.0 0.0 0

1745467123
0.0 0.0 0.0 0

1745467125
0.0 0.0 0.0 1

1745467126
0.0 0.0 0.0 0

1745467127
0.0 0.0 0.0 0

1745467128
0.0 0.0 0.0 0

1745467129
0.0 0.0 0.0 0

1745467130
0.0 0.0 0.0 0

1745467131
0.0 0.0 0.0 12

1745467132
0.0 0.0 0.0 0

1745467133
0.0 0.0 0.0 0

1745467134
0.0 0.0 0.0 0

1745467135
0.0 0.0 0.0 0

1745467136
0.0 0.0 0.0 0

1745467137
0.0 0.0 0.0 0

1745467138
0.0 0.0 0.0 0

1745467139
0.0 0.0 0.0 0

1745467140
0.0 0.0 0.0 0

1745467141
0.0 0.0 0.0 0

1745467142
0.0 0.0 0.0 0

1745467143
0.0 0.0 0.0 0

1745467144
0.0 0.0 0.0 0

1745467145
0.0 0.0 0.0 0

1745467146
0.0 0.0 0.0 0

1745467147
0.0 0.0 0.0 1

1745467148
0.0 0.0 0.0 0

1745467149
0.0 0.0 0.0 0

1745467150
0.0 0.0 0.0 0

1745467151
0.0 0.0 0.0 0

1745467152
0.0 0.0 0.0 0

1745467153
0.0 0.0 0.0 0

1745467154
0.0 0.0 0.0 0

1745467155
0.0 0.0 0.0 0

1745467156
0.0 0.0 0.0 0

1745467157
0.0 0.0 0.0 0

1745467159
0.0 0.0 0.0 0

1745467160
0.0 0.0 0.0 0

1745467161
0.0 0.0 0.0 0

1745467162
0.0 0.0 0.0 0

1745467163
0.0 0.0 0.0 0

1745467164
0.0 0.0 0.0 0

1745467165
0.0 0.0 0.0 0

1745467166
0.0 0.0 0.0 0

1745467167
0.0 0.0 0.0 0

1745467168
0.0 0.0 0.0 0

1745467169
0.0 0.0 0.0 0

1745467170
0.0 0.0 0.0 0

1745467171
0.0 0.0 0.0 0

1745467172
0.0 0.0 0.0 0

1745467173
0.0 0.0 0.0 0

1745467174
0.0 0.0 0.0 0

1745467176
0.0 0.0 0.0 0

1745467177
0.0 0.0 0.0 0

1745467178
0.0 0.0 0.0 0

1745467179
0.0 0.0 0.0 0

1745467180
0.0 0.0 0.0 0

1745467181
0.0 0.0 0.0 0

1745467182
0.0 0.0 0.0 0

1745467183
0.0 0.0 0.0 0

1745467184
0.0 0.0 0.0 0

1745467185
0.0 0.0 0.0 0

1745467186
0.0 0.0 0.0 0

1745467187
0.0 0.0 0.0 0

1745467188
0.0 0.0 0.0 0

1745467189
0.0 0.0 0.0 0

1745467190
0.0 0.0 0.0 0

1745467192
0.0 0.0 0.0 0

1745467193
0.0 0.0 0.0 0

1745467194
0.0 0.0 0.0 0

1745467195
0.0 0.0 0.0 0

1745467196
0.0 0.0 0.0 0

1745467198
0.0 0.0 0.0 0

1745467199
0.0 0.0 0.0 0

1745467200
0.0 0.0 0.0 0

1745467201
0.0 0.0 0.0 0

1745467202
0.0 0.0 0.0 0

1745467203
0.0 0.0 0.0 0

1745467204
0.0 0.0 0.0 1

1745467206
0.0 0.0 0.0 0

1745467207
0.0 0.0 0.0 0

1745467208
0.0 0.0 0.0 0

1745467209
0.0 0.0 0.0 0

1745467210
0.0 0.0 0.0 0

1745467211
0.0 0.0 0.0 0

1745467213
0.0 0.0 0.0 0

1745467214
0.0 0.0 0.0 0

1745467215
0.0 0.0 0.0 0

1745467216
0.0 0.0 0.0 0

1745467217
0.0 0.0 0.0 0

1745467218
0.0 0.0 0.0 0

1745467219
0.0 0.0 0.0 0

1745467220
0.0 0.0 0.0 0

1745467221
0.0 0.0 0.0 0

1745467222
0.0 0.0 0.0 0

1745467223
0.0 0.0 0.0 0

1745467224
0.0 0.0 0.0 0

1745467225
0.0 0.0 0.0 0

1745467227
0.0 0.0 0.0 0

1745467228
0.0 0.0 0.0 0

1745467229
0.0 0.0 0.0 0

1745467230
0.0 0.0 0.0 0

1745467231
0.0 0.0 0.0 0

1745467232
0.0 0.0 0.0 0

1745467233
0.0 0.0 0.0 0

1745467234
0.0 0.0 0.0 0

1745467235
0.0 0.0 0.0 0

1745467236
0.0 0.0 0.0 0

1745467237
0.0 0.0 0.0 0

1745467239
0.0 0.0 0.0 0

1745467240
0.0 0.0 0.0 0

1745467241
0.0 0.0 0.0 0

1745467242
0.0 0.0 0.0 0

1745467243
0.0 0.0 0.0 0

1745467244
0.0 0.0 0.0 0

1745467245
0.0 0.0 0.0 0

1745467246
0.0 0.0 0.0 0

1745467247
0.0 0.0 0.0 0

1745467248
0.0 0.0 0.0 0

1745467249
0.0 0.0 0.0 0

1745467250
0.0 0.0 0.0 0

1745467251
0.0 0.0 0.0 0

1745467252
0.0 0.0 0.0 0

1745467253
0.0 0.0 0.0 0

1745467255
0.0 0.0 0.0 0

1745467256
0.0 0.0 0.0 0

1745467257
0.0 0.0 0.0 0

1745467258
0.0 0.0 0.0 0

1745467259
0.0 0.0 0.0 0

1745467260
0.0 0.0 0.0 0

1745467261
0.0 0.0 0.0 0

1745467262
0.0 0.0 0.0 0

1745467264
0.0 0.0 0.0 0

1745467265
0.0 0.0 0.0 0

1745467266
0.0 0.0 0.0 0

1745467267
0.0 0.0 0.0 0

1745467268
0.0 0.0 0.0 0

1745467269
0.0 0.0 0.0 0

1745467270
0.0 0.0 0.0 0

1745467271
0.0 0.0 0.0 0

1745467272
0.0 0.0 0.0 0

1745467273
0.0 0.0 0.0 0

1745467274
0.0 0.0 0.0 1

1745467276
0.0 0.0 0.0 0

1745467277
0.0 0.0 0.0 0

1745467278
0.0 0.0 0.0 0

1745467279
0.0 0.0 0.0 0

1745467280
0.0 0.0 0.0 0

1745467281
0.0 0.0 0.0 0

1745467282
0.0 0.0 0.0 0

1745467283
0.0 0.0 0.0 0

1745467284
0.0 0.0 0.0 0

1745467285
0.0 0.0 0.0 0

1745467286
0.0 0.0 0.0 0

1745467287
0.0 0.0 0.0 0

1745467288
0.0 0.0 0.0 0

1745467289
0.0 0.0 0.0 0

1745467290
0.0 0.0 0.0 0

1745467291
0.0 0.0 0.0 0

1745467292
0.0 0.0 0.0 0

1745467293
0.0 0.0 0.0 0

1745467294
0.0 0.0 0.0 0

1745467295
0.0 0.0 0.0 0

1745467297
0.0 0.0 0.0 0

1745467298
0.0 0.0 0.0 0

1745467299
0.0 0.0 0.0 0

1745467300
0.0 0.0 0.0 0

1745467301
0.0 0.0 0.0 0

1745467302
0.0 0.0 0.0 0

1745467303
0.0 0.0 0.0 0

1745467304
0.0 0.0 0.0 0

1745467305
0.0 0.0 0.0 0

1745467306
0.0 0.0 0.0 0

1745467307
0.0 0.0 0.0 0

1745467309
0.0 0.0 0.0 0

1745467310
0.0 0.0 0.0 0

1745467311
0.0 0.0 0.0 0

1745467312
0.0 0.0 0.0 0

1745467313
0.0 0.0 0.0 0

1745467314
0.0 0.0 0.0 0

1745467315
0.0 0.0 0.0 0

1745467317
0.0 0.0 0.0 0

1745467318
0.0 0.0 0.0 0

1745467319
0.0 0.0 0.0 0

1745467320
0.0 0.0 0.0 0

1745467321
0.0 0.0 0.0 0

1745467322
0.0 0.0 0.0 0

1745467323
0.0 0.0 0.0 0

1745467324
0.0 0.0 0.0 0

1745467325
0.0 0.0 0.0 0

1745467326
0.0 0.0 0.0 0

1745467328
0.0 0.0 0.0 0

1745467329
0.0 0.0 0.0 0

1745467330
0.0 0.0 0.0 0

1745467332
0.0 0.0 0.0 0

1745467333
0.0 0.0 0.0 0

1745467334
0.0 0.0 0.0 0

1745467335
0.0 0.0 0.0 0

1745467336
0.0 0.0 0.0 0

1745467337
0.0 0.0 0.0 0

1745467338
0.0 0.0 0.0 0

1745467339
0.0 0.0 0.0 0

1745467340
0.0 0.0 0.0 0

1745467341
0.0 0.0 0.0 0

1745467342
0.0 0.0 0.0 0

1745467343
0.0 0.0 0.0 0

1745467344
0.0 0.0 0.0 0

1745467346
0.0 0.0 0.0 1

1745467347
0.0 0.0 0.0 0

1745467348
0.0 0.0 0.0 0

1745467349
0.0 0.0 0.0 0

1745467350
0.0 0.0 0.0 0

1745467351
0.0 0.0 0.0 0

1745467352
0.0 0.0 0.0 0

1745467353
0.0 0.0 0.0 0

1745467354
0.0 0.0 0.0 0

1745467355
0.0 0.0 0.0 0

1745467356
0.0 0.0 0.0 0

1745467357
0.0 0.0 0.0 0

1745467358
0.0 0.0 0.0 0

1745467359
0.0 0.0 0.0 0

1745467360
0.0 0.0 0.0 0

1745467361
0.0 0.0 0.0 0

1745467362
0.0 0.0 0.0 0

1745467363
0.0 0.0 0.0 0

1745467364
0.0 0.0 0.0 0

1745467365
0.0 0.0 0.0 0

1745467367
0.0 0.0 0.0 0

1745467368
0.0 0.0 0.0 0

1745467369
0.0 0.0 0.0 0

1745467370
0.0 0.0 0.0 0

1745467371
0.0 0.0 0.0 0

1745467373
0.0 0.0 0.0 0

1745467374
0.0 0.0 0.0 0

1745467375
0.0 0.0 0.0 0

1745467376
0.0 0.0 0.0 0

1745467377
0.0 0.0 0.0 0

1745467378
0.0 0.0 0.0 0

1745467379
0.0 0.0 0.0 0

1745467380
0.0 0.0 0.0 0

1745467381
0.0 0.0 0.0 0

1745467382
0.0 0.0 0.0 0

1745467383
0.0 0.0 0.0 0

1745467384
0.0 0.0 0.0 0

1745467385
0.0 0.0 0.0 0

1745467386
0.0 0.0 0.0 0

1745467387
0.0 0.0 0.0 0

1745467388
0.0 0.0 0.0 0

1745467389
0.0 0.0 0.0 1

1745467390
0.0 0.0 0.0 0

1745467391
0.0 0.0 0.0 0

1745467392
0.0 0.0 0.0 0

1745467393
0.0 0.0 0.0 0

1745467394
0.0 0.0 0.0 0

1745467396
0.0 0.0 0.0 0

1745467397
0.0 0.0 0.0 0

1745467398
0.0 0.0 0.0 0

1745467399
0.0 0.0 0.0 0

1745467400
0.0 0.0 0.0 0

1745467401
0.0 0.0 0.0 0

1745467402
0.0 0.0 0.0 0

1745467403
0.0 0.0 0.0 0

1745467404
0.0 0.0 0.0 0

1745467405
0.0 0.0 0.0 0

1745467406
0.0 0.0 0.0 0

1745467408
0.0 0.0 0.0 0

1745467409
0.0 0.0 0.0 0

1745467410
0.0 0.0 0.0 0

1745467411
0.0 0.0 0.0 0

1745467412
0.0 0.0 0.0 0

1745467413
0.0 0.0 0.0 0

1745467414
0.0 0.0 0.0 0

1745467415
0.0 0.0 0.0 0

1745467416
0.0 0.0 0.0 0

1745467417
0.0 0.0 0.0 0

1745467418
0.0 0.0 0.0 0

1745467419
0.0 0.0 0.0 0

1745467420
0.0 0.0 0.0 0

1745467421
0.0 0.0 0.0 0

1745467422
0.0 0.0 0.0 0

1745467423
0.0 0.0 0.0 0

1745467424
0.0 0.0 0.0 0

1745467425
0.0 0.0 0.0 0

1745467426
0.0 0.0 0.0 0

1745467427
0.0 0.0 0.0 0

1745467428
0.0 0.0 0.0 0

1745467429
0.0 0.0 0.0 0

1745467430
0.0 0.0 0.0 0

1745467431
0.0 0.0 0.0 0

1745467432
0.0 0.0 0.0 0

1745467433
0.0 0.0 0.0 0

1745467435
0.0 0.0 0.0 0

1745467436
0.0 0.0 0.0 0

1745467437
0.0 0.0 0.0 0

1745467438
0.0 0.0 0.0 0

1745467439
0.0 0.0 0.0 0

1745467440
0.0 0.0 0.0 0

1745467441
0.0 0.0 0.0 0

1745467443
0.0 0.0 0.0 0

1745467444
0.0 0.0 0.0 0

1745467445
0.0 0.0 0.0 0

1745467446
0.0 0.0 0.0 0

1745467447
0.0 0.0 0.0 0

1745467448
0.0 0.0 0.0 0

1745467449
0.0 0.0 0.0 0

1745467451
0.0 0.0 0.0 0

1745467452
0.0 0.0 0.0 0

1745467453
0.0 0.0 0.0 0

1745467454
0.0 0.0 0.0 0

1745467455
0.0 0.0 0.0 1

1745467456
0.0 0.0 0.0 0

1745467457
0.0 0.0 0.0 0

1745467458
0.0 0.0 0.0 0

1745467459
0.0 0.0 0.0 0

1745467460
0.0 0.0 0.0 0

1745467462
0.0 0.0 0.0 0

1745467463
0.0 0.0 0.0 0

1745467464
0.0 0.0 0.0 0

1745467465
0.0 0.0 0.0 0

1745467466
0.0 0.0 0.0 0

1745467467
0.0 0.0 0.0 0

1745467469
0.0 0.0 0.0 0

1745467470
0.0 0.0 0.0 0

1745467471
0.0 0.0 0.0 0

1745467472
0.0 0.0 0.0 0

1745467473
0.0 0.0 0.0 0

1745467474
0.0 0.0 0.0 0

1745467475
0.0 0.0 0.0 0

1745467476
0.0 0.0 0.0 0

1745467477
0.0 0.0 0.0 0

1745467478
0.0 0.0 0.0 0

1745467479
0.0 0.0 0.0 0

1745467480
0.0 0.0 0.0 0

1745467481
0.0 0.0 0.0 0

1745467482
0.0 0.0 0.0 0

1745467483
0.0 0.0 0.0 0

1745467484
0.0 0.0 0.0 0

1745467485
0.0 0.0 0.0 0

1745467487
0.0 0.0 0.0 0

1745467488
0.0 0.0 0.0 0

1745467489
0.0 0.0 0.0 0

1745467490
0.0 0.0 0.0 0

1745467491
0.0 0.0 0.0 0

1745467492
0.0 0.0 0.0 0

1745467494
0.0 0.0 0.0 0

1745467495
0.0 0.0 0.0 0

1745467496
0.0 0.0 0.0 0

1745467497
0.0 0.0 0.0 0

1745467498
0.0 0.0 0.0 0

1745467499
0.0 0.0 0.0 0

1745467501
0.0 0.0 0.0 0

1745467502
0.0 0.0 0.0 0

1745467503
0.0 0.0 0.0 0

1745467504
0.0 0.0 0.0 0

1745467505
0.0 0.0 0.0 0

1745467506
0.0 0.0 0.0 0

1745467507
0.0 0.0 0.0 0

1745467508
0.0 0.0 0.0 0

1745467509
0.0 0.0 0.0 0

1745467510
0.0 0.0 0.0 0

1745467511
0.0 0.0 0.0 0

1745467512
0.0 0.0 0.0 0

1745467513
0.0 0.0 0.0 0

1745467514
0.0 0.0 0.0 0

1745467515
0.0 0.0 0.0 0

1745467516
0.0 0.0 0.0 0

1745467517
0.0 0.0 0.0 0

1745467518
0.0 0.0 0.0 0

1745467519
0.0 0.0 0.0 0

1745467520
0.0 0.0 0.0 0

1745467521
0.0 0.0 0.0 0

1745467522
0.0 0.0 0.0 0

1745467523
0.0 0.0 0.0 0

1745467524
0.0 0.0 0.0 0

1745467526
0.0 0.0 0.0 0

1745467527
0.0 0.0 0.0 0

1745467528
0.0 0.0 0.0 0

1745467529
0.0 0.0 0.0 0

1745467531
0.0 0.0 0.0 0

1745467532
0.0 0.0 0.0 0

1745467533
0.0 0.0 0.0 0

1745467534
0.0 0.0 0.0 0

1745467535
0.0 0.0 0.0 0

1745467536
0.0 0.0 0.0 0

1745467537
0.0 0.0 0.0 0

1745467538
0.0 0.0 0.0 0

1745467539
0.0 0.0 0.0 0

1745467540
0.0 0.0 0.0 0

1745467541
0.0 0.0 0.0 0

1745467542
0.0 0.0 0.0 0

1745467543
0.0 0.0 0.0 0

1745467544
0.0 0.0 0.0 0

1745467545
0.0 0.0 0.0 0

1745467546
0.0 0.0 0.0 0

1745467547
0.0 0.0 0.0 0

1745467549
0.0 0.0 0.0 0

1745467550
0.0 0.0 0.0 0

1745467551
0.0 0.0 0.0 0

1745467552
0.0 0.0 0.0 0

1745467553
0.0 0.0 0.0 0

1745467555
0.0 0.0 0.0 0

1745467556
0.0 0.0 0.0 0

1745467558
0.0 0.0 0.0 0

1745467559
0.0 0.0 0.0 0

1745467560
0.0 0.0 0.0 0

1745467561
0.0 0.0 0.0 0

1745467562
0.0 0.0 0.0 0

1745467563
0.0 0.0 0.0 0

1745467564
0.0 0.0 0.0 0

1745467566
0.0 0.0 0.0 1

1745467567
0.0 0.0 0.0 0

1745467568
0.0 0.0 0.0 0

1745467569
0.0 0.0 0.0 0

1745467570
0.0 0.0 0.0 0

1745467571
0.0 0.0 0.0 0

1745467572
0.0 0.0 0.0 0

1745467573
0.0 0.0 0.0 0

1745467574
0.0 0.0 0.0 0

1745467575
0.0 0.0 0.0 0

1745467577
0.0 0.0 0.0 0

1745467578
0.0 0.0 0.0 0

1745467579
0.0 0.0 0.0 0

1745467580
0.0 0.0 0.0 0

1745467581
0.0 0.0 0.0 0

1745467582
0.0 0.0 0.0 0

1745467583
0.0 0.0 0.0 0

1745467584
0.0 0.0 0.0 0

1745467585
0.0 0.0 0.0 0

1745467587
0.0 0.0 0.0 0

1745467588
0.0 0.0 0.0 0

1745467589
0.0 0.0 0.0 0

1745467590
0.0 0.0 0.0 0

1745467592
0.0 0.0 0.0 0

1745467593
0.0 0.0 0.0 0

1745467594
0.0 0.0 0.0 0

1745467596
0.0 0.0 0.0 0

1745467597
0.0 0.0 0.0 0

1745467598
0.0 0.0 0.0 0

1745467599
0.0 0.0 0.0 0

1745467601
0.0 0.0 0.0 0

1745467602
0.0 0.0 0.0 0

1745467603
0.0 0.0 0.0 0

1745467604
0.0 0.0 0.0 0

1745467605
0.0 0.0 0.0 0

1745467606
0.0 0.0 0.0 0

1745467607
0.0 0.0 0.0 0

1745467608
0.0 0.0 0.0 0

1745467609
0.0 0.0 0.0 0

1745467610
0.0 0.0 0.0 0

1745467611
0.0 0.0 0.0 0

1745467612
0.0 0.0 0.0 0

1745467613
0.0 0.0 0.0 0

1745467615
0.0 0.0 0.0 0

1745467616
0.0 0.0 0.0 0

1745467617
0.0 0.0 0.0 0

1745467618
0.0 0.0 0.0 0

1745467619
0.0 0.0 0.0 0

1745467620
0.0 0.0 0.0 0

1745467621
0.0 0.0 0.0 0

1745467622
0.0 0.0 0.0 0

1745467623
0.0 0.0 0.0 0

1745467624
0.0 0.0 0.0 0

1745467626
0.0 0.0 0.0 0

1745467627
0.0 0.0 0.0 0

1745467628
0.0 0.0 0.0 0

1745467629
0.0 0.0 0.0 0

1745467630
0.0 0.0 0.0 0

1745467631
0.0 0.0 0.0 0

1745467632
0.0 0.0 0.0 0

1745467634
0.0 0.0 0.0 0

1745467635
0.0 0.0 0.0 1

1745467636
0.0 0.0 0.0 0

1745467637
0.0 0.0 0.0 0

1745467638
0.0 0.0 0.0 0

1745467639
0.0 0.0 0.0 0

1745467641
0.0 0.0 0.0 0

1745467642
0.0 0.0 0.0 0

1745467643
0.0 0.0 0.0 0

1745467644
0.0 0.0 0.0 0

1745467645
0.0 0.0 0.0 0

1745467646
0.0 0.0 0.0 0

1745467647
0.0 0.0 0.0 0

1745467648
0.0 0.0 0.0 0

1745467649
0.0 0.0 0.0 0

1745467650
0.0 0.0 0.0 0

1745467651
0.0 0.0 0.0 0

1745467653
0.0 0.0 0.0 0

1745467654
0.0 0.0 0.0 0

1745467655
0.0 0.0 0.0 0

1745467656
0.0 0.0 0.0 0

1745467657
0.0 0.0 0.0 0

1745467658
0.0 0.0 0.0 0

1745467659
0.0 0.0 0.0 0

1745467661
0.0 0.0 0.0 0

1745467662
0.0 0.0 0.0 0

1745467664
0.0 0.0 0.0 0

1745467665
0.0 0.0 0.0 0

1745467666
0.0 0.0 0.0 0

1745467667
0.0 0.0 0.0 0

1745467668
0.0 0.0 0.0 0

1745467669
0.0 0.0 0.0 0

1745467670
0.0 0.0 0.0 0

1745467671
0.0 0.0 0.0 0

1745467672
0.0 0.0 0.0 0

1745467673
0.0 0.0 0.0 0

1745467675
0.0 0.0 0.0 0

1745467676
0.0 0.0 0.0 0

1745467677
0.0 0.0 0.0 0

1745467678
0.0 0.0 0.0 0

1745467679
0.0 0.0 0.0 0

1745467680
0.0 0.0 0.0 0

1745467681
0.0 0.0 0.0 0

1745467682
0.0 0.0 0.0 0

1745467683
0.0 0.0 0.0 0

1745467684
0.0 0.0 0.0 0

1745467686
0.0 0.0 0.0 0

1745467687
0.0 0.0 0.0 0

1745467688
0.0 0.0 0.0 0

1745467689
0.0 0.0 0.0 0

1745467690
0.0 0.0 0.0 0

1745467691
0.0 0.0 0.0 0

1745467692
0.0 0.0 0.0 0

1745467694
0.0 0.0 0.0 0

1745467695
0.0 0.0 0.0 0

1745467696
0.0 0.0 0.0 0

1745467697
0.0 0.0 0.0 0

1745467698
0.0 0.0 0.0 1

1745467699
0.0 0.0 0.0 0

1745467700
0.0 0.0 0.0 0

1745467701
0.0 0.0 0.0 0

1745467702
0.0 0.0 0.0 0

1745467703
0.0 0.0 0.0 0

1745467704
0.0 0.0 0.0 0

1745467706
0.0 0.0 0.0 0

1745467707
0.0 0.0 0.0 0

1745467708
0.0 0.0 0.0 0

1745467709
0.0 0.0 0.0 0

1745467710
0.0 0.0 0.0 0

1745467712
0.0 0.0 0.0 0

1745467713
0.0 0.0 0.0 0

1745467714
0.0 0.0 0.0 0

1745467715
0.0 0.0 0.0 0

1745467716
0.0 0.0 0.0 0

1745467717
0.0 0.0 0.0 0

1745467718
0.0 0.0 0.0 0

1745467719
0.0 0.0 0.0 0

1745467720
0.0 0.0 0.0 0

1745467721
0.0 0.0 0.0 0

1745467722
0.0 0.0 0.0 0

1745467723
0.0 0.0 0.0 0

1745467724
0.0 0.0 0.0 0

1745467725
0.0 0.0 0.0 0

1745467726
0.0 0.0 0.0 0

1745467727
0.0 0.0 0.0 0

1745467728
0.0 0.0 0.0 0

1745467729
0.0 0.0 0.0 0

1745467730
0.0 0.0 0.0 0

1745467731
0.0 0.0 0.0 0

1745467732
0.0 0.0 0.0 0

1745467733
0.0 0.0 0.0 0

1745467734
0.0 0.0 0.0 0

1745467736
0.0 0.0 0.0 0

1745467737
0.0 0.0 0.0 0

1745467738
0.0 0.0 0.0 0

1745467739
0.0 0.0 0.0 0

1745467740
0.0 0.0 0.0 0

1745467742
0.0 0.0 0.0 0

1745467743
0.0 0.0 0.0 0

1745467744
0.0 0.0 0.0 0

1745467745
0.0 0.0 0.0 0

1745467746
0.0 0.0 0.0 0

1745467747
0.0 0.0 0.0 0

1745467748
0.0 0.0 0.0 0

1745467749
0.0 0.0 0.0 0

1745467750
0.0 0.0 0.0 0

1745467751
0.0 0.0 0.0 0

1745467752
0.0 0.0 0.0 0

1745467754
0.0 0.0 0.0 0

1745467755
0.0 0.0 0.0 0

1745467756
0.0 0.0 0.0 0

1745467757
0.0 0.0 0.0 0

1745467758
0.0 0.0 0.0 0

1745467759
0.0 0.0 0.0 0

1745467760
0.0 0.0 0.0 0

1745467761
0.0 0.0 0.0 0

1745467762
0.0 0.0 0.0 0

1745467763
0.0 0.0 0.0 0

1745467764
0.0 0.0 0.0 0

1745467765
0.0 0.0 0.0 0

1745467766
0.0 0.0 0.0 0

1745467767
0.0 0.0 0.0 0

1745467768
0.0 0.0 0.0 0

1745467770
0.0 0.0 0.0 0

1745467771
0.0 0.0 0.0 0

1745467772
0.0 0.0 0.0 0

1745467773
0.0 0.0 0.0 0

1745467774
0.0 0.0 0.0 0

1745467775
0.0 0.0 0.0 0

1745467776
0.0 0.0 0.0 0

1745467777
0.0 0.0 0.0 1

1745467778
0.0 0.0 0.0 0

1745467779
0.0 0.0 0.0 0

1745467780
0.0 0.0 0.0 0

1745467781
0.0 0.0 0.0 0

1745467783
0.0 0.0 0.0 0

1745467784
0.0 0.0 0.0 0

1745467785
0.0 0.0 0.0 0

1745467786
0.0 0.0 0.0 0

1745467787
0.0 0.0 0.0 0

1745467788
0.0 0.0 0.0 0

1745467789
0.0 0.0 0.0 0

1745467790
0.0 0.0 0.0 0

1745467791
0.0 0.0 0.0 0

1745467793
0.0 0.0 0.0 0

1745467794
0.0 0.0 0.0 0

1745467795
0.0 0.0 0.0 0

1745467796
0.0 0.0 0.0 0

1745467797
0.0 0.0 0.0 0

1745467798
0.0 0.0 0.0 0

1745467799
0.0 0.0 0.0 0

1745467800
0.0 0.0 0.0 0

1745467801
0.0 0.0 0.0 0

1745467802
0.0 0.0 0.0 0

1745467803
0.0 0.0 0.0 0

1745467804
0.0 0.0 0.0 0

1745467806
0.0 0.0 0.0 0

1745467807
0.0 0.0 0.0 0

1745467808
0.0 0.0 0.0 0

1745467809
0.0 0.0 0.0 0

1745467810
0.0 0.0 0.0 0

1745467812
0.0 0.0 0.0 0

1745467813
0.0 0.0 0.0 0

1745467814
0.0 0.0 0.0 0

1745467815
0.0 0.0 0.0 0

1745467816
0.0 0.0 0.0 0

1745467817
0.0 0.0 0.0 0

1745467819
0.0 0.0 0.0 0

1745467820
0.0 0.0 0.0 0

1745467821
0.0 0.0 0.0 0

1745467822
0.0 0.0 0.0 1

1745467824
0.0 0.0 0.0 0

1745467825
0.0 0.0 0.0 0

1745467826
0.0 0.0 0.0 0

1745467827
0.0 0.0 0.0 0

1745467828
0.0 0.0 0.0 0

1745467829
0.0 0.0 0.0 0

1745467830
0.0 0.0 0.0 0

1745467831
0.0 0.0 0.0 97

1745467832
0.0 0.0 0.0 0

1745467833
0.0 0.0 0.0 0

1745467834
0.0 0.0 0.0 0

1745467835
0.0 0.0 0.0 0

1745467836
0.0 0.0 0.0 0

1745467837
0.0 0.0 0.0 0

1745467838
0.0 0.0 0.0 0

1745467839
0.0 0.0 0.0 0

1745467840
0.0 0.0 0.0 0

1745467841
0.0 0.0 0.0 0

1745467842
0.0 0.0 0.0 1

1745467843
0.0 0.0 0.0 0

1745467844
0.0 0.0 0.0 0

1745467845
0.0 0.0 0.0 62

1745467846
0.0 0.0 0.0 0

1745467848
0.0 0.0 0.0 0

1745467849
0.0 0.0 0.0 0

1745467851
0.0 0.0 0.0 0

1745467852
0.0 0.0 0.0 0

1745467854
0.0 0.0 0.0 0

1745467855
0.0 0.0 0.0 0

1745467856
0.0 0.0 0.0 0

1745467857
0.0 0.0 0.0 0

1745467859
0.0 0.0 0.0 0

1745467860
0.0 0.0 0.0 0

1745467861
0.0 0.0 0.0 0

1745467862
0.0 0.0 0.0 0

1745467863
0.0 0.0 0.0 0

1745467864
0.0 0.0 0.0 0

1745467865
0.0 0.0 0.0 0

1745467866
0.0 0.0 0.0 0

1745467867
0.0 0.0 0.0 0

1745467868
0.0 0.0 0.0 0

1745467869
0.0 0.0 0.0 0

1745467870
0.0 0.0 0.0 0

1745467871
0.0 0.0 0.0 0

1745467872
0.0 0.0 0.0 0

1745467874
0.0 0.0 0.0 0

1745467875
0.0 0.0 0.0 0

1745467876
0.0 0.0 0.0 0

1745467877
0.0 0.0 0.0 0

1745467878
0.0 0.0 0.0 0

1745467879
0.0 0.0 0.0 0

1745467880
0.0 0.0 0.0 0

1745467881
0.0 0.0 0.0 0

1745467882
0.0 0.0 0.0 0

1745467883
0.0 0.0 0.0 0

1745467884
0.0 0.0 0.0 0

1745467885
0.0 0.0 0.0 0

1745467886
0.0 0.0 0.0 0

1745467887
0.0 0.0 0.0 0

1745467888
0.0 0.0 0.0 0

1745467889
0.0 0.0 0.0 0

1745467890
0.0 0.0 0.0 0

1745467891
0.0 0.0 0.0 0

1745467892
0.0 0.0 0.0 0

1745467893
0.0 0.0 0.0 1

1745467894
0.0 0.0 0.0 0

1745467895
0.0 0.0 0.0 0

1745467896
0.0 0.0 0.0 0

1745467897
0.0 0.0 0.0 0

1745467898
0.0 0.0 0.0 0

1745467899
0.0 0.0 0.0 0

1745467900
0.0 0.0 0.0 0

1745467901
0.0 0.0 0.0 0

1745467903
0.0 0.0 0.0 0

1745467904
0.0 0.0 0.0 0

1745467905
0.0 0.0 0.0 0

1745467907
0.0 0.0 0.0 0

1745467908
0.0 0.0 0.0 0

1745467909
0.0 0.0 0.0 0

1745467911
0.0 0.0 0.0 0

1745467912
0.0 0.0 0.0 0

1745467913
0.0 0.0 0.0 0

1745467914
0.0 0.0 0.0 0

1745467915
0.0 0.0 0.0 0

1745467916
0.0 0.0 0.0 0

1745467918
0.0 0.0 0.0 0

1745467919
0.0 0.0 0.0 0

1745467920
0.0 0.0 0.0 0

1745467921
0.0 0.0 0.0 0

1745467922
0.0 0.0 0.0 0

1745467923
0.0 0.0 0.0 0

1745467924
0.0 0.0 0.0 0

1745467925
0.0 0.0 0.0 0

1745467926
0.0 0.0 0.0 0

1745467927
0.0 0.0 0.0 0

1745467928
0.0 0.0 0.0 0

1745467929
0.0 0.0 0.0 0

1745467930
0.0 0.0 0.0 0

1745467931
0.0 0.0 0.0 0

1745467932
0.0 0.0 0.0 0

1745467933
0.0 0.0 0.0 0

1745467934
0.0 0.0 0.0 0

1745467935
0.0 0.0 0.0 0

1745467936
0.0 0.0 0.0 0

1745467938
0.0 0.0 0.0 0

1745467939
0.0 0.0 0.0 0

1745467940
0.0 0.0 0.0 0

1745467941
0.0 0.0 0.0 0

1745467942
0.0 0.0 0.0 0

1745467943
0.0 0.0 0.0 0

1745467944
0.0 0.0 0.0 0

1745467945
0.0 0.0 0.0 0

1745467946
0.0 0.0 0.0 0

1745467947
0.0 0.0 0.0 0

1745467948
0.0 0.0 0.0 0

1745467949
0.0 0.0 0.0 0

1745467950
0.0 0.0 0.0 0

1745467951
0.0 0.0 0.0 0

1745467952
0.0 0.0 0.0 0

1745467953
0.0 0.0 0.0 0

1745467954
0.0 0.0 0.0 0

1745467955
0.0 0.0 0.0 0

1745467956
0.0 0.0 0.0 0

1745467957
0.0 0.0 0.0 0

1745467958
0.0 0.0 0.0 0

1745467959
0.0 0.0 0.0 0

1745467960
0.0 0.0 0.0 0

1745467961
0.0 0.0 0.0 0

1745467962
0.0 0.0 0.0 0

1745467963
0.0 0.0 0.0 0

1745467964
0.0 0.0 0.0 0

1745467965
0.0 0.0 0.0 0

1745467966
0.0 0.0 0.0 0

1745467967
0.0 0.0 0.0 0

1745467968
0.0 0.0 0.0 0

1745467969
0.0 0.0 0.0 0

1745467970
0.0 0.0 0.0 0

1745467971
0.0 0.0 0.0 0

1745467972
0.0 0.0 0.0 0

1745467973
0.0 0.0 0.0 0

1745467974
0.0 0.0 0.0 0

1745467975
0.0 0.0 0.0 0

1745467976
0.0 0.0 0.0 0

1745467977
0.0 0.0 0.0 0

1745467978
0.0 0.0 0.0 0

1745467979
0.0 0.0 0.0 0

1745467980
0.0 0.0 0.0 0

1745467981
0.0 0.0 0.0 0

1745467983
0.0 0.0 0.0 0

1745467984
0.0 0.0 0.0 0

1745467986
0.0 0.0 0.0 0

1745467987
0.0 0.0 0.0 0

1745467988
0.0 0.0 0.0 0

1745467989
0.0 0.0 0.0 0

1745467990
0.0 0.0 0.0 0

1745467991
0.0 0.0 0.0 0

1745467993
0.0 0.0 0.0 0

1745467994
0.0 0.0 0.0 1

1745467995
0.0 0.0 0.0 0

1745467996
0.0 0.0 0.0 0

1745467997
0.0 0.0 0.0 0

1745467998
0.0 0.0 0.0 0

1745467999
0.0 0.0 0.0 0

1745468000
0.0 0.0 0.0 0

1745468001
0.0 0.0 0.0 0

1745468002
0.0 0.0 0.0 0

1745468003
0.0 0.0 0.0 1

1745468004
0.0 0.0 0.0 0

1745468005
0.0 0.0 0.0 0

1745468006
0.0 0.0 0.0 0

1745468007
0.0 0.0 0.0 0

1745468008
0.0 0.0 0.0 0

1745468009
0.0 0.0 0.0 0

1745468010
0.0 0.0 0.0 0

1745468011
0.0 0.0 0.0 0

1745468012
0.0 0.0 0.0 0

1745468013
0.0 0.0 0.0 0

1745468014
0.0 0.0 0.0 0

1745468015
0.0 0.0 0.0 0

1745468016
0.0 0.0 0.0 0

1745468017
0.0 0.0 0.0 0

1745468018
0.0 0.0 0.0 0

1745468019
0.0 0.0 0.0 0

1745468020
0.0 0.0 0.0 0

1745468022
0.0 0.0 0.0 0

1745468023
0.0 0.0 0.0 0

1745468024
0.0 0.0 0.0 0

1745468025
0.0 0.0 0.0 0

1745468026
0.0 0.0 0.0 0

1745468027
0.0 0.0 0.0 0

1745468028
0.0 0.0 0.0 0

1745468029
0.0 0.0 0.0 0

1745468030
0.0 0.0 0.0 0

1745468031
0.0 0.0 0.0 0

1745468032
0.0 0.0 0.0 0

1745468033
0.0 0.0 0.0 0

1745468034
0.0 0.0 0.0 0

1745468035
0.0 0.0 0.0 0

1745468036
0.0 0.0 0.0 0

1745468037
0.0 0.0 0.0 0

1745468038
0.0 0.0 0.0 0

1745468039
0.0 0.0 0.0 0

1745468040
0.0 0.0 0.0 0

1745468041
0.0 0.0 0.0 0

1745468042
0.0 0.0 0.0 0

1745468043
0.0 0.0 0.0 0

1745468044
0.0 0.0 0.0 0

1745468046
0.0 0.0 0.0 0

1745468047
0.0 0.0 0.0 0

1745468048
0.0 0.0 0.0 0

1745468049
0.0 0.0 0.0 0

1745468050
0.0 0.0 0.0 0

1745468051
0.0 0.0 0.0 0

1745468052
0.0 0.0 0.0 0

1745468053
0.0 0.0 0.0 0

1745468054
0.0 0.0 0.0 0

1745468055
0.0 0.0 0.0 0

1745468056
0.0 0.0 0.0 0

1745468058
0.0 0.0 0.0 0

1745468059
0.0 0.0 0.0 1

1745468060
0.0 0.0 0.0 0

1745468061
0.0 0.0 0.0 0

1745468062
0.0 0.0 0.0 0

1745468063
0.0 0.0 0.0 0

1745468064
0.0 0.0 0.0 0

1745468065
0.0 0.0 0.0 0

1745468067
0.0 0.0 0.0 0

1745468068
0.0 0.0 0.0 0

1745468070
0.0 0.0 0.0 0

1745468071
0.0 0.0 0.0 0

1745468073
0.0 0.0 0.0 0

1745468074
0.0 0.0 0.0 0

1745468075
0.0 0.0 0.0 0

1745468076
0.0 0.0 0.0 0

1745468077
0.0 0.0 0.0 0

1745468078
0.0 0.0 0.0 0

1745468079
0.0 0.0 0.0 0

1745468080
0.0 0.0 0.0 0

1745468081
0.0 0.0 0.0 0

1745468082
0.0 0.0 0.0 0

1745468083
0.0 0.0 0.0 0

1745468084
0.0 0.0 0.0 0

1745468085
0.0 0.0 0.0 0

1745468086
0.0 0.0 0.0 0

1745468087
0.0 0.0 0.0 0

1745468088
0.0 0.0 0.0 0

1745468089
0.0 0.0 0.0 0

1745468090
0.0 0.0 0.0 0

1745468091
0.0 0.0 0.0 0

1745468092
0.0 0.0 0.0 0

1745468093
0.0 0.0 0.0 0

1745468094
0.0 0.0 0.0 1

1745468096
0.0 0.0 0.0 0

1745468097
0.0 0.0 0.0 0

1745468098
0.0 0.0 0.0 47

1745468099
0.0 0.0 0.0 0

1745468100
0.0 0.0 0.0 0

1745468101
0.0 0.0 0.0 0

1745468102
0.0 0.0 0.0 0

1745468103
0.0 0.0 0.0 0

1745468104
0.0 0.0 0.0 0

1745468105
0.0 0.0 0.0 0

1745468106
0.0 0.0 0.0 0

1745468107
0.0 0.0 0.0 0

1745468108
0.0 0.0 0.0 0

1745468109
0.0 0.0 0.0 0

1745468110
0.0 0.0 0.0 0

1745468111
0.0 0.0 0.0 0

1745468112
0.0 0.0 0.0 0

1745468113
0.0 0.0 0.0 0

1745468114
0.0 0.0 0.0 0

1745468115
0.0 0.0 0.0 0

1745468116
0.0 0.0 0.0 0

1745468117
0.0 0.0 0.0 0

1745468118
0.0 0.0 0.0 0

1745468119
0.0 0.0 0.0 0

1745468121
0.0 0.0 0.0 0

1745468122
0.0 0.0 0.0 0

1745468123
0.0 0.0 0.0 0

1745468124
0.0 0.0 0.0 0

1745468125
0.0 0.0 0.0 0

1745468126
0.0 0.0 0.0 0

1745468127
0.0 0.0 0.0 0

1745468128
0.0 0.0 0.0 0

1745468130
0.0 0.0 0.0 0

1745468131
0.0 0.0 0.0 0

1745468133
0.0 0.0 0.0 0

1745468134
0.0 0.0 0.0 0

1745468135
0.0 0.0 0.0 0

1745468136
0.0 0.0 0.0 0

1745468137
0.0 0.0 0.0 0

1745468138
0.0 0.0 0.0 0

1745468140
0.0 0.0 0.0 0

1745468141
0.0 0.0 0.0 0

1745468142
0.0 0.0 0.0 0

1745468144
0.0 0.0 0.0 0

1745468145
0.0 0.0 0.0 0

1745468146
0.0 0.0 0.0 0

1745468147
0.0 0.0 0.0 1

1745468148
0.0 0.0 0.0 0

1745468149
0.0 0.0 0.0 0

1745468150
0.0 0.0 0.0 0

1745468151
0.0 0.0 0.0 0

1745468152
0.0 0.0 0.0 0

1745468153
0.0 0.0 0.0 0

1745468154
0.0 0.0 0.0 0

1745468155
0.0 0.0 0.0 0

1745468157
0.0 0.0 0.0 0

1745468158
0.0 0.0 0.0 0

1745468159
0.0 0.0 0.0 0

1745468160
0.0 0.0 0.0 0

1745468161
0.0 0.0 0.0 0

1745468162
0.0 0.0 0.0 0

1745468163
0.0 0.0 0.0 0

1745468164
0.0 0.0 0.0 0

1745468165
0.0 0.0 0.0 0

1745468167
0.0 0.0 0.0 0

1745468168
0.0 0.0 0.0 0

1745468169
0.0 0.0 0.0 0

1745468170
0.0 0.0 0.0 0

1745468171
0.0 0.0 0.0 0

1745468172
0.0 0.0 0.0 0

1745468173
0.0 0.0 0.0 0

1745468174
0.0 0.0 0.0 0

1745468175
0.0 0.0 0.0 0

1745468176
0.0 0.0 0.0 0

1745468177
0.0 0.0 0.0 0

1745468178
0.0 0.0 0.0 0

1745468179
0.0 0.0 0.0 0

1745468180
0.0 0.0 0.0 0

1745468182
0.0 0.0 0.0 0

1745468183
0.0 0.0 0.0 0

1745468184
0.0 0.0 0.0 0

1745468185
0.0 0.0 0.0 0

1745468187
0.0 0.0 0.0 0

1745468188
0.0 0.0 0.0 0

1745468189
0.0 0.0 0.0 0

1745468190
0.0 0.0 0.0 0

1745468192
0.0 0.0 0.0 0

1745468193
0.0 0.0 0.0 0

1745468195
0.0 0.0 0.0 0

1745468196
0.0 0.0 0.0 0

1745468198
0.0 0.0 0.0 0

1745468199
0.0 0.0 0.0 0

1745468200
0.0 0.0 0.0 0

1745468201
0.0 0.0 0.0 0

1745468202
0.0 0.0 0.0 0

1745468203
0.0 0.0 0.0 0

1745468204
0.0 0.0 0.0 0

1745468205
0.0 0.0 0.0 0

1745468206
0.0 0.0 0.0 0

1745468207
0.0 0.0 0.0 0

1745468208
0.0 0.0 0.0 0

1745468209
0.0 0.0 0.0 0

1745468211
0.0 0.0 0.0 0

1745468212
0.0 0.0 0.0 0

1745468213
0.0 0.0 0.0 0

1745468214
0.0 0.0 0.0 0

1745468215
0.0 0.0 0.0 0

1745468216
0.0 0.0 0.0 0

1745468218
0.0 0.0 0.0 0

1745468219
0.0 0.0 0.0 0

1745468220
0.0 0.0 0.0 0

1745468221
0.0 0.0 0.0 0

1745468222
0.0 0.0 0.0 0

1745468223
0.0 0.0 0.0 0

1745468224
0.0 0.0 0.0 0

1745468225
0.0 0.0 0.0 0

1745468226
0.0 0.0 0.0 0

1745468227
0.0 0.0 0.0 0

1745468229
0.0 0.0 0.0 0

1745468231
0.0 0.0 0.0 0

1745468232
0.0 0.0 0.0 0

1745468233
0.0 0.0 0.0 0

1745468234
0.0 0.0 0.0 0

1745468235
0.0 0.0 0.0 0

1745468236
0.0 0.0 0.0 0

1745468237
0.0 0.0 0.0 0

1745468238
0.0 0.0 0.0 0

1745468239
0.0 0.0 0.0 0

1745468240
0.0 0.0 0.0 0

1745468241
0.0 0.0 0.0 0

1745468242
0.0 0.0 0.0 0

1745468243
0.0 0.0 0.0 0

1745468244
0.0 0.0 0.0 0

1745468246
0.0 0.0 0.0 0

1745468247
0.0 0.0 0.0 0

1745468249
0.0 0.0 0.0 0

1745468250
0.0 0.0 0.0 0

1745468251
0.0 0.0 0.0 0

1745468252
0.0 0.0 0.0 0

1745468253
0.0 0.0 0.0 0

1745468254
0.0 0.0 0.0 0

1745468255
0.0 0.0 0.0 0

1745468256
0.0 0.0 0.0 0

1745468257
0.0 0.0 0.0 0

1745468258
0.0 0.0 0.0 0

1745468259
0.0 0.0 0.0 0

1745468260
0.0 0.0 0.0 0

1745468261
0.0 0.0 0.0 0

1745468262
0.0 0.0 0.0 0

1745468263
0.0 0.0 0.0 0

1745468264
0.0 0.0 0.0 0

1745468265
0.0 0.0 0.0 0

1745468266
0.0 0.0 0.0 0

1745468267
0.0 0.0 0.0 0

1745468268
0.0 0.0 0.0 0

1745468269
0.0 0.0 0.0 0

1745468270
0.0 0.0 0.0 0

1745468272
0.0 0.0 0.0 0

1745468274
0.0 0.0 0.0 0

1745468275
0.0 0.0 0.0 0

1745468276
0.0 0.0 0.0 0

1745468277
0.0 0.0 0.0 0

1745468278
0.0 0.0 0.0 0

1745468279
0.0 0.0 0.0 0

1745468280
0.0 0.0 0.0 0

1745468281
0.0 0.0 0.0 0

1745468282
0.0 0.0 0.0 0

1745468283
0.0 0.0 0.0 0

1745468284
0.0 0.0 0.0 0

1745468285
0.0 0.0 0.0 0

1745468286
0.0 0.0 0.0 0

1745468287
0.0 0.0 0.0 0

1745468288
0.0 0.0 0.0 0

1745468289
0.0 0.0 0.0 0

1745468290
0.0 0.0 0.0 0

1745468291
0.0 0.0 0.0 0

1745468292
0.0 0.0 0.0 0

1745468293
0.0 0.0 0.0 0

1745468294
0.0 0.0 0.0 0

1745468295
0.0 0.0 0.0 0

1745468296
0.0 0.0 0.0 0

1745468297
0.0 0.0 0.0 0

1745468298
0.0 0.0 0.0 0

1745468299
0.0 0.0 0.0 0

1745468300
0.0 0.0 0.0 0

1745468301
0.0 0.0 0.0 0

1745468302
0.0 0.0 0.0 0

1745468303
0.0 0.0 0.0 0

1745468304
0.0 0.0 0.0 0

1745468305
0.0 0.0 0.0 0

1745468306
0.0 0.0 0.0 0

1745468307
0.0 0.0 0.0 0

1745468308
0.0 0.0 0.0 0

1745468309
0.0 0.0 0.0 1

1745468310
0.0 0.0 0.0 0

1745468311
0.0 0.0 0.0 0

1745468312
0.0 0.0 0.0 0

1745468313
0.0 0.0 0.0 0

1745468314
0.0 0.0 0.0 0

1745468315
0.0 0.0 0.0 0

1745468316
0.0 0.0 0.0 0

1745468317
0.0 0.0 0.0 0

1745468318
0.0 0.0 0.0 0

1745468319
0.0 0.0 0.0 0

1745468320
0.0 0.0 0.0 0

1745468321
0.0 0.0 0.0 0

1745468322
0.0 0.0 0.0 0

1745468323
0.0 0.0 0.0 0

1745468325
0.0 0.0 0.0 0

1745468326
0.0 0.0 0.0 0

1745468328
0.0 0.0 0.0 0

1745468329
0.0 0.0 0.0 0

1745468330
0.0 0.0 0.0 0

1745468331
0.0 0.0 0.0 0

1745468332
0.0 0.0 0.0 0

1745468333
0.0 0.0 0.0 0

1745468334
0.0 0.0 0.0 0

1745468335
0.0 0.0 0.0 0

1745468336
0.0 0.0 0.0 0

1745468337
0.0 0.0 0.0 0

1745468338
0.0 0.0 0.0 0

1745468339
0.0 0.0 0.0 0

1745468340
0.0 0.0 0.0 0

1745468341
0.0 0.0 0.0 0

1745468342
0.0 0.0 0.0 0

1745468343
0.0 0.0 0.0 0

1745468344
0.0 0.0 0.0 0

1745468345
0.0 0.0 0.0 0

1745468346
0.0 0.0 0.0 0

1745468348
0.0 0.0 0.0 0

1745468349
0.0 0.0 0.0 0

1745468350
0.0 0.0 0.0 0

1745468351
0.0 0.0 0.0 0

1745468352
0.0 0.0 0.0 0

1745468353
0.0 0.0 0.0 0

1745468354
0.0 0.0 0.0 0

1745468355
0.0 0.0 0.0 0

1745468356
0.0 0.0 0.0 0

1745468357
0.0 0.0 0.0 0

1745468358
0.0 0.0 0.0 0

1745468359
0.0 0.0 0.0 0

1745468360
0.0 0.0 0.0 0

1745468361
0.0 0.0 0.0 0

1745468362
0.0 0.0 0.0 0

1745468363
0.0 0.0 0.0 1

1745468364
0.0 0.0 0.0 0

1745468365
0.0 0.0 0.0 0

1745468366
0.0 0.0 0.0 0

1745468367
0.0 0.0 0.0 0

1745468368
0.0 0.0 0.0 0

1745468369
0.0 0.0 0.0 0

1745468370
0.0 0.0 0.0 0

1745468371
0.0 0.0 0.0 0

1745468372
0.0 0.0 0.0 0

1745468373
0.0 0.0 0.0 0

1745468374
0.0 0.0 0.0 0

1745468376
0.0 0.0 0.0 0

1745468377
0.0 0.0 0.0 0

1745468378
0.0 0.0 0.0 0

1745468380
0.0 0.0 0.0 0

1745468381
0.0 0.0 0.0 0

1745468382
0.0 0.0 0.0 0

1745468384
0.0 0.0 0.0 0

1745468385
0.0 0.0 0.0 0

1745468386
0.0 0.0 0.0 0

1745468387
0.0 0.0 0.0 0

1745468388
0.0 0.0 0.0 0

1745468389
0.0 0.0 0.0 0

1745468390
0.0 0.0 0.0 0

1745468391
0.0 0.0 0.0 0

1745468392
0.0 0.0 0.0 0

1745468393
0.0 0.0 0.0 0

1745468394
0.0 0.0 0.0 0

1745468395
0.0 0.0 0.0 0

1745468396
0.0 0.0 0.0 0

1745468397
0.0 0.0 0.0 0

1745468398
0.0 0.0 0.0 0

1745468399
0.0 0.0 0.0 0

1745468400
0.0 0.0 0.0 0

1745468401
0.0 0.0 0.0 0

1745468402
0.0 0.0 0.0 0

1745468403
0.0 0.0 0.0 0

1745468404
0.0 0.0 0.0 0

1745468405
0.0 0.0 0.0 0

1745468406
0.0 0.0 0.0 0

1745468408
0.0 0.0 0.0 0

1745468409
0.0 0.0 0.0 0

1745468410
0.0 0.0 0.0 0

1745468411
0.0 0.0 0.0 0

1745468412
0.0 0.0 0.0 0

1745468413
0.0 0.0 0.0 0

1745468414
0.0 0.0 0.0 0

1745468415
0.0 0.0 0.0 0

1745468416
0.0 0.0 0.0 0

1745468417
0.0 0.0 0.0 0

1745468418
0.0 0.0 0.0 0

1745468419
0.0 0.0 0.0 0

1745468420
0.0 0.0 0.0 0

1745468421
0.0 0.0 0.0 0

1745468422
0.0 0.0 0.0 0

1745468423
0.0 0.0 0.0 0

1745468424
0.0 0.0 0.0 0

1745468425
0.0 0.0 0.0 0

1745468426
0.0 0.0 0.0 0

1745468427
0.0 0.0 0.0 0

1745468428
0.0 0.0 0.0 0

1745468429
0.0 0.0 0.0 0

1745468430
0.0 0.0 0.0 0

1745468431
0.0 0.0 0.0 0

1745468432
0.0 0.0 0.0 0

1745468433
0.0 0.0 0.0 0

1745468434
0.0 0.0 0.0 0

1745468435
0.0 0.0 0.0 0

1745468436
0.0 0.0 0.0 0

1745468437
0.0 0.0 0.0 0

1745468438
0.0 0.0 0.0 0

1745468439
0.0 0.0 0.0 0

1745468440
0.0 0.0 0.0 0

1745468441
0.0 0.0 0.0 0

1745468442
0.0 0.0 0.0 0

1745468444
0.0 0.0 0.0 0

1745468445
0.0 0.0 0.0 0

1745468446
0.0 0.0 0.0 0

1745468447
0.0 0.0 0.0 0

1745468448
0.0 0.0 0.0 0

1745468449
0.0 0.0 0.0 0

1745468450
0.0 0.0 0.0 0

1745468451
0.0 0.0 0.0 0

1745468452
0.0 0.0 0.0 0

1745468453
0.0 0.0 0.0 0

1745468454
0.0 0.0 0.0 0

1745468455
0.0 0.0 0.0 0

1745468456
0.0 0.0 0.0 0

1745468457
0.0 0.0 0.0 0

1745468458
0.0 0.0 0.0 0

1745468459
0.0 0.0 0.0 0

1745468460
0.0 0.0 0.0 0

1745468461
0.0 0.0 0.0 0

1745468462
0.0 0.0 0.0 0

1745468463
0.0 0.0 0.0 0

1745468464
0.0 0.0 0.0 0

1745468465
0.0 0.0 0.0 0

1745468466
0.0 0.0 0.0 0

1745468467
0.0 0.0 0.0 0

1745468468
0.0 0.0 0.0 0

1745468469
0.0 0.0 0.0 0

1745468470
0.0 0.0 0.0 0

1745468471
0.0 0.0 0.0 0

1745468472
0.0 0.0 0.0 0

1745468473
0.0 0.0 0.0 0

1745468474
0.0 0.0 0.0 1

1745468475
0.0 0.0 0.0 0

1745468476
0.0 0.0 0.0 0

1745468477
0.0 0.0 0.0 0

1745468478
0.0 0.0 0.0 0

1745468479
0.0 0.0 0.0 0

1745468480
0.0 0.0 0.0 0

1745468481
0.0 0.0 0.0 0

1745468482
0.0 0.0 0.0 0

1745468483
0.0 0.0 0.0 0

1745468484
0.0 0.0 0.0 1

1745468485
0.0 0.0 0.0 0

1745468486
0.0 0.0 0.0 0

1745468487
0.0 0.0 0.0 0

1745468488
0.0 0.0 0.0 0

1745468489
0.0 0.0 0.0 0

1745468490
0.0 0.0 0.0 0

1745468491
0.0 0.0 0.0 0

1745468492
0.0 0.0 0.0 0

1745468493
0.0 0.0 0.0 0

1745468494
0.0 0.0 0.0 0

1745468495
0.0 0.0 0.0 0

1745468496
0.0 0.0 0.0 0

1745468497
0.0 0.0 0.0 0

1745468498
0.0 0.0 0.0 0

1745468499
0.0 0.0 0.0 0

1745468500
0.0 0.0 0.0 0

1745468501
0.0 0.0 0.0 0

1745468503
0.0 0.0 0.0 0

1745468504
0.0 0.0 0.0 0

1745468505
0.0 0.0 0.0 0

1745468506
0.0 0.0 0.0 0

1745468508
0.0 0.0 0.0 0

1745468509
0.0 0.0 0.0 0

1745468510
0.0 0.0 0.0 0

1745468511
0.0 0.0 0.0 0

1745468512
0.0 0.0 0.0 0

1745468513
0.0 0.0 0.0 1564

1745468514
0.0 0.0 0.0 38

1745468515
0.0 0.0 0.0 0

1745468516
0.0 0.0 0.0 0

1745468517
0.0 0.0 0.0 0

1745468518
0.0 0.0 0.0 0

1745468519
0.0 0.0 0.0 0

1745468520
0.0 0.0 0.0 0

1745468521
0.0 0.0 0.0 0

1745468522
0.0 0.0 0.0 11691

1745468523
0.0 0.0 0.0 4210

1745468524
0.0 0.0 0.0 81379

1745468525
0.0 0.0 0.0 68314

1745468526
1.26 0.22 0.04 0

1745468527
1.26 0.22 0.04 35512

1745468528
1.21 0.25 0.05 25938

1745468529
1.21 0.25 0.05 164270

1745468531
2.81 0.57 0.12 147776

1745468532
3.38 0.75 0.16 46764

1745468533
3.38 0.75 0.16 45719

1745468534
3.49 0.85 0.18 66264

1745468535
3.49 0.85 0.18 52119

1745468536
3.77 0.99 0.22 0

1745468537
3.77 0.99 0.22 30272

1745468539
3.26 0.99 0.22 214121

1745468540
4.48 1.28 0.29 36615

1745468541
4.48 1.28 0.29 15130

1745468542
4.03 1.31 0.3 76321

1745468543
4.03 1.31 0.3 51482

1745468544
4.39 1.46 0.34 453729

1745468545
4.39 1.46 0.34 27247

1745468546
7.76 2.17 0.5 10296

1745468547
7.76 2.17 0.5 820

1745468548
6.35 2.09 0.49 36599

1745468549
6.35 2.09 0.49 25487

1745468550
5.74 2.12 0.51 1027

1745468551
5.74 2.12 0.51 0

1745468552
4.7 2.05 0.51 0

1745468553
4.7 2.05 0.51 0

1745468554
3.85 1.99 0.5 0

1745468555
3.85 1.99 0.5 0

1745468556
3.15 1.92 0.5 8299

1745468557
3.15 1.92 0.5 5355

1745468559
2.76 1.89 0.5 71537

1745468560
2.62 1.89 0.51 0

1745468561
2.62 1.89 0.51 0

1745468562
2.15 1.83 0.51 49337

1745468563
2.15 1.83 0.51 26437

1745468564
2.3 1.87 0.53 5514

1745468565
2.3 1.87 0.53 5170

1745468567
1.88 1.81 0.52 71232

1745468568
2.08 1.85 0.54 0

1745468569
2.08 1.85 0.54 0

1745468570
1.71 1.79 0.53 0

1745468571
1.71 1.79 0.53 46425

1745468572
1.76 1.79 0.54 558

1745468573
1.76 1.79 0.54 0

1745468574
1.44 1.73 0.54 0

1745468575
1.44 1.73 0.54 75929

1745468576
1.9 1.81 0.56 15792

1745468577
1.9 1.81 0.56 15635

1745468578
1.74 1.78 0.57 9657

1745468579
1.74 1.78 0.57 814

1745468581
1.42 1.72 0.56 28861

1745468582
1.53 1.73 0.57 35222

1745468583
1.53 1.73 0.57 187

1745468584
1.25 1.68 0.57 0

1745468585
1.25 1.68 0.57 0

1745468586
1.02 1.62 0.57 0

1745468587
1.02 1.62 0.57 0

1745468589
0.83 1.57 0.56 0

1745468590
0.68 1.52 0.56 0

1745468591
0.68 1.52 0.56 0

1745468592
0.56 1.47 0.55 0

1745468593
0.56 1.47 0.55 0

1745468594
0.46 1.42 0.55 0

1745468595
0.46 1.42 0.55 0

1745468596
0.37 1.37 0.55 0

1745468597
0.37 1.37 0.55 0

1745468598
0.3 1.32 0.54 0

1745468599
0.3 1.32 0.54 0

1745468600
0.25 1.28 0.54 0

1745468601
0.25 1.28 0.54 0

1745468602
0.2 1.24 0.53 0

1745468603
0.2 1.24 0.53 0

1745468604
0.16 1.2 0.53 0

1745468605
0.16 1.2 0.53 0

1745468607
0.13 1.16 0.53 0

1745468608
0.11 1.12 0.52 0

1745468609
0.11 1.12 0.52 0

1745468610
0.09 1.08 0.52 0

1745468611
0.09 1.08 0.52 0

1745468612
0.07 1.05 0.51 1

1745468613
0.07 1.05 0.51 0

1745468614
0.06 1.01 0.51 0

1745468615
0.06 1.01 0.51 0

1745468617
0.05 0.98 0.51 0

1745468618
0.04 0.95 0.5 0

1745468620
0.03 0.91 0.5 0

1745468621
0.03 0.91 0.5 0

1745468622
0.02 0.88 0.5 0

1745468623
0.02 0.88 0.5 0

1745468624
0.02 0.86 0.49 0

1745468625
0.02 0.86 0.49 0

1745468626
0.01 0.83 0.49 0

1745468627
0.01 0.83 0.49 0

1745468628
0.01 0.8 0.48 0

1745468629
0.01 0.8 0.48 0

1745468630
0.01 0.77 0.48 0

1745468632
0.0 0.75 0.48 0

1745468633
0.0 0.75 0.48 0

1745468634
0.0 0.72 0.47 0

1745468635
0.0 0.72 0.47 0

1745468637
0.0 0.7 0.47 0

1745468638
0.0 0.68 0.47 0

1745468639
0.0 0.68 0.47 0

1745468640
0.0 0.65 0.46 0

1745468641
0.0 0.65 0.46 0

1745468642
0.0 0.63 0.46 0

1745468643
0.0 0.63 0.46 0

1745468644
0.0 0.61 0.46 0

1745468645
0.0 0.61 0.46 0

1745468646
0.0 0.59 0.45 0

1745468647
0.0 0.59 0.45 0

1745468648
0.0 0.57 0.45 0

1745468649
0.0 0.57 0.45 0

1745468650
0.0 0.55 0.45 0

1745468651
0.0 0.55 0.45 0

1745468652
0.0 0.53 0.44 0

1745468653
0.0 0.53 0.44 0

1745468654
0.0 0.51 0.44 0

1745468655
0.0 0.51 0.44 0

1745468656
0.0 0.5 0.44 0

1745468657
0.0 0.5 0.44 0

1745468658
0.0 0.48 0.43 0

1745468659
0.0 0.48 0.43 0

1745468661
0.0 0.46 0.43 0

1745468662
0.0 0.45 0.43 0

1745468663
0.0 0.45 0.43 0

1745468664
0.0 0.43 0.42 0

1745468665
0.0 0.43 0.42 0

1745468666
0.0 0.42 0.42 0

1745468667
0.0 0.42 0.42 0

1745468668
0.0 0.41 0.42 0

1745468669
0.0 0.41 0.42 0

1745468670
0.0 0.39 0.41 0

1745468671
0.0 0.39 0.41 0

1745468672
0.0 0.38 0.41 0

1745468673
0.0 0.38 0.41 0

1745468674
0.0 0.37 0.41 0

1745468675
0.0 0.37 0.41 0

1745468676
0.0 0.35 0.41 0

1745468677
0.0 0.35 0.41 0

1745468678
0.0 0.34 0.4 0

1745468679
0.0 0.34 0.4 0

1745468680
0.0 0.33 0.4 0

1745468681
0.0 0.33 0.4 0

1745468682
0.0 0.32 0.4 0

1745468683
0.0 0.32 0.4 0

1745468684
0.0 0.31 0.39 0

1745468686
0.0 0.3 0.39 0

1745468687
0.0 0.3 0.39 0

1745468689
0.0 0.29 0.39 0

1745468690
0.0 0.28 0.39 0

1745468692
0.0 0.27 0.38 0

1745468693
0.0 0.27 0.38 0

1745468694
0.0 0.26 0.38 0

1745468695
0.0 0.26 0.38 0

1745468696
0.0 0.25 0.38 0

1745468697
0.0 0.25 0.38 0

1745468698
0.0 0.24 0.37 0

1745468699
0.0 0.24 0.37 0

1745468700
0.0 0.23 0.37 0

1745468701
0.0 0.23 0.37 0

1745468702
0.0 0.22 0.37 0

1745468704
0.0 0.22 0.36 0

1745468705
0.0 0.22 0.36 0

1745468706
0.0 0.21 0.36 0

1745468707
0.0 0.21 0.36 0

1745468708
0.0 0.2 0.36 0

1745468709
0.0 0.2 0.36 0

1745468710
0.0 0.2 0.36 0

1745468711
0.0 0.2 0.36 0

1745468712
0.0 0.19 0.35 0

1745468713
0.0 0.19 0.35 0

1745468714
0.0 0.18 0.35 0

1745468715
0.0 0.18 0.35 0

1745468717
0.0 0.18 0.35 0

1745468718
0.0 0.17 0.35 0

1745468719
0.0 0.17 0.35 0

1745468720
0.0 0.16 0.34 0

1745468721
0.0 0.16 0.34 0

1745468722
0.0 0.16 0.34 0

1745468723
0.0 0.16 0.34 0

1745468724
0.0 0.15 0.34 0

1745468725
0.0 0.15 0.34 0

1745468726
0.0 0.15 0.34 0

1745468727
0.0 0.15 0.34 0

1745468728
0.0 0.14 0.33 0

1745468729
0.0 0.14 0.33 0

1745468730
0.0 0.14 0.33 0

1745468731
0.0 0.14 0.33 0

1745468732
0.0 0.13 0.33 0

1745468733
0.0 0.13 0.33 0

1745468734
0.0 0.13 0.33 0

1745468735
0.0 0.13 0.33 0

1745468736
0.0 0.12 0.32 0

1745468737
0.0 0.12 0.32 0

1745468738
0.0 0.12 0.32 0

1745468739
0.0 0.12 0.32 0

1745468740
0.0 0.11 0.32 0

1745468741
0.0 0.11 0.32 0

1745468742
0.0 0.11 0.32 0

1745468744
0.0 0.11 0.31 0

1745468745
0.0 0.11 0.31 0

1745468746
0.0 0.1 0.31 0

1745468747
0.0 0.1 0.31 0

1745468748
0.0 0.1 0.31 0

1745468749
0.0 0.1 0.31 0

1745468750
0.0 0.1 0.31 0

1745468751
0.0 0.1 0.31 0

1745468752
0.0 0.09 0.3 0

1745468753
0.0 0.09 0.3 0

1745468754
0.0 0.09 0.3 0

1745468755
0.0 0.09 0.3 0

1745468756
0.0 0.08 0.3 0

1745468757
0.0 0.08 0.3 0

1745468758
0.0 0.08 0.3 0

1745468759
0.0 0.08 0.3 0

1745468761
0.0 0.08 0.29 0

1745468762
0.0 0.08 0.29 0

1745468763
0.0 0.08 0.29 0

1745468764
0.0 0.07 0.29 0

1745468765
0.0 0.07 0.29 0

1745468766
0.0 0.07 0.29 0

1745468767
0.0 0.07 0.29 0

1745468768
0.0 0.07 0.28 0

1745468769
0.0 0.07 0.28 0

1745468770
0.0 0.06 0.28 0

1745468771
0.0 0.06 0.28 0

1745468772
0.0 0.06 0.28 0

1745468773
0.0 0.06 0.28 0

1745468774
0.0 0.06 0.28 0

1745468775
0.0 0.06 0.28 0

1745468776
0.0 0.06 0.28 0

1745468777
0.0 0.06 0.28 0

1745468778
0.0 0.05 0.27 0

1745468779
0.0 0.05 0.27 0

1745468780
0.0 0.05 0.27 0

1745468781
0.0 0.05 0.27 0

1745468782
0.0 0.05 0.27 0

1745468783
0.0 0.05 0.27 0

1745468784
0.0 0.05 0.27 0

1745468785
0.0 0.05 0.27 0

1745468787
0.0 0.05 0.27 0

1745468788
0.0 0.04 0.26 0

1745468789
0.0 0.04 0.26 0

1745468790
0.0 0.04 0.26 0

1745468791
0.0 0.04 0.26 0

1745468792
0.0 0.04 0.26 0

1745468793
0.0 0.04 0.26 0

1745468794
0.0 0.04 0.26 0

1745468795
0.0 0.04 0.26 0

1745468797
0.0 0.04 0.26 0

1745468798
0.0 0.04 0.25 0

1745468799
0.0 0.04 0.25 0

1745468800
0.0 0.03 0.25 0

1745468801
0.0 0.03 0.25 0

1745468802
0.0 0.03 0.25 0

1745468803
0.0 0.03 0.25 0

1745468804
0.0 0.03 0.25 0

1745468806
0.0 0.03 0.25 0

1745468807
0.0 0.03 0.25 0

1745468808
0.0 0.03 0.24 0

1745468809
0.0 0.03 0.24 0

1745468810
0.0 0.03 0.24 0

1745468811
0.0 0.03 0.24 0

1745468812
0.0 0.03 0.24 0

1745468813
0.0 0.03 0.24 0

1745468814
0.0 0.02 0.24 0

1745468815
0.0 0.02 0.24 0

1745468816
0.0 0.02 0.24 0

1745468817
0.0 0.02 0.24 0

1745468818
0.0 0.02 0.23 0

1745468820
0.0 0.02 0.23 0

1745468821
0.0 0.02 0.23 0

1745468822
0.0 0.02 0.23 0

1745468823
0.0 0.02 0.23 0

1745468824
0.0 0.02 0.23 0

1745468825
0.0 0.02 0.23 0

1745468826
0.0 0.02 0.23 0

1745468827
0.0 0.02 0.23 0

1745468828
0.0 0.02 0.22 0

1745468829
0.0 0.02 0.22 0

1745468830
0.0 0.02 0.22 0

1745468831
0.0 0.02 0.22 0

1745468832
0.0 0.02 0.22 0

1745468833
0.0 0.02 0.22 0

1745468834
0.0 0.01 0.22 0

1745468835
0.0 0.01 0.22 0

1745468836
0.0 0.01 0.22 0

1745468837
0.0 0.01 0.22 0

1745468838
0.0 0.01 0.21 0

1745468839
0.0 0.01 0.21 0

1745468840
0.0 0.01 0.21 0

1745468841
0.0 0.01 0.21 0

1745468842
0.0 0.01 0.21 0

1745468843
0.0 0.01 0.21 0

1745468844
0.0 0.01 0.21 0

1745468845
0.0 0.01 0.21 0

1745468846
0.0 0.01 0.21 0

1745468847
0.0 0.01 0.21 0

1745468848
0.0 0.01 0.21 0

1745468849
0.0 0.01 0.21 0

1745468850
0.0 0.01 0.2 0

1745468851
0.0 0.01 0.2 0

1745468852
0.0 0.01 0.2 0

1745468853
0.0 0.01 0.2 0

1745468854
0.0 0.01 0.2 0

1745468855
0.0 0.01 0.2 0

1745468856
0.0 0.01 0.2 0

1745468857
0.0 0.01 0.2 0

1745468858
0.0 0.01 0.2 0

1745468859
0.0 0.01 0.2 0

1745468861
0.0 0.01 0.2 0

1745468862
0.0 0.01 0.2 0

1745468863
0.0 0.01 0.2 0

1745468864
0.0 0.0 0.19 0

1745468865
0.0 0.0 0.19 0

1745468866
0.0 0.0 0.19 1

1745468867
0.0 0.0 0.19 0

1745468868
0.0 0.0 0.19 0

1745468869
0.0 0.0 0.19 0

1745468870
0.0 0.0 0.19 0

1745468871
0.0 0.0 0.19 0

1745468872
0.0 0.0 0.19 0

1745468873
0.0 0.0 0.19 0

1745468874
0.0 0.0 0.19 0

1745468875
0.0 0.0 0.19 0

1745468876
0.0 0.0 0.19 0

1745468877
0.0 0.0 0.19 0

1745468878
0.0 0.0 0.18 0

1745468879
0.0 0.0 0.18 0

1745468880
0.0 0.0 0.18 0

1745468881
0.0 0.0 0.18 0

1745468882
0.0 0.0 0.18 0

1745468883
0.0 0.0 0.18 0

1745468884
0.0 0.0 0.18 0

1745468885
0.0 0.0 0.18 0

1745468886
0.0 0.0 0.18 0

1745468887
0.0 0.0 0.18 0

1745468888
0.0 0.0 0.18 0

1745468889
0.0 0.0 0.18 0

1745468890
0.0 0.0 0.18 0

1745468891
0.0 0.0 0.18 0

1745468892
0.0 0.0 0.17 10891

1745468893
0.0 0.0 0.17 49554

1745468894
0.36 0.06 0.19 429

1745468895
0.36 0.06 0.19 17143

1745468896
0.47 0.09 0.19 4512

1745468897
0.47 0.09 0.19 0

1745468898
0.39 0.09 0.19 0

1745468899
0.39 0.09 0.19 0

1745468900
0.31 0.09 0.19 0

1745468901
0.31 0.09 0.19 0

1745468902
0.26 0.08 0.19 0

1745468903
0.26 0.08 0.19 0

1745468904
0.21 0.08 0.19 0

1745468906
0.17 0.08 0.18 0

1745468907
0.17 0.08 0.18 0

1745468908
0.14 0.08 0.18 0

1745468910
0.11 0.07 0.18 0

1745468911
0.11 0.07 0.18 0

1745468912
0.09 0.07 0.18 0

1745468913
0.09 0.07 0.18 0

1745468914
0.07 0.07 0.18 0

1745468915
0.07 0.07 0.18 0

1745468916
0.06 0.06 0.18 0

1745468917
0.06 0.06 0.18 0

1745468918
0.05 0.06 0.18 0

1745468919
0.05 0.06 0.18 248

1745468920
0.04 0.06 0.17 0

1745468921
0.04 0.06 0.17 0

1745468922
0.03 0.06 0.17 0

1745468923
0.03 0.06 0.17 1

1745468924
0.02 0.05 0.17 0

1745468925
0.02 0.05 0.17 0

1745468926
0.02 0.05 0.17 0

1745468927
0.02 0.05 0.17 0

1745468928
0.01 0.05 0.17 0

1745468929
0.01 0.05 0.17 0

1745468930
0.01 0.05 0.17 0

1745468931
0.01 0.05 0.17 0

1745468932
0.01 0.05 0.17 0

1745468933
0.01 0.05 0.17 0

1745468934
0.0 0.04 0.16 0

1745468935
0.0 0.04 0.16 0

1745468936
0.0 0.04 0.16 0

1745468937
0.0 0.04 0.16 0

1745468938
0.0 0.04 0.16 0

1745468939
0.0 0.04 0.16 0

1745468940
0.0 0.04 0.16 0

1745468941
0.0 0.04 0.16 0

1745468942
0.0 0.04 0.16 0

1745468943
0.0 0.04 0.16 0

1745468944
0.0 0.04 0.16 0

1745468945
0.0 0.04 0.16 0

1745468946
0.0 0.03 0.16 0

1745468947
0.0 0.03 0.16 0

1745468948
0.0 0.03 0.15 0

1745468949
0.0 0.03 0.15 0

1745468950
0.0 0.03 0.15 0

1745468951
0.0 0.03 0.15 0

1745468952
0.0 0.03 0.15 0

1745468953
0.0 0.03 0.15 0

1745468954
0.0 0.03 0.15 0

1745468955
0.0 0.03 0.15 0

1745468956
0.0 0.03 0.15 0

1745468957
0.0 0.03 0.15 0

1745468958
0.0 0.03 0.15 0

1745468959
0.0 0.03 0.15 0

1745468961
0.0 0.02 0.15 0

1745468962
0.0 0.02 0.14 0

1745468963
0.0 0.02 0.14 0

1745468964
0.0 0.02 0.14 0

1745468965
0.0 0.02 0.14 0

1745468966
0.0 0.02 0.14 0

1745468967
0.0 0.02 0.14 0

1745468969
0.0 0.02 0.14 0

1745468970
0.0 0.02 0.14 0

1745468972
0.0 0.02 0.14 0

1745468973
0.0 0.02 0.14 0

1745468974
0.0 0.02 0.14 0

1745468975
0.0 0.02 0.14 0

1745468976
0.0 0.02 0.13 0

1745468977
0.0 0.02 0.13 0

1745468978
0.0 0.02 0.13 0

1745468979
0.0 0.02 0.13 0

1745468980
0.0 0.01 0.13 0

1745468981
0.0 0.01 0.13 0

1745468982
0.0 0.01 0.13 0

1745468983
0.0 0.01 0.13 0

1745468984
0.0 0.01 0.13 0

1745468985
0.0 0.01 0.13 0

1745468986
0.0 0.01 0.13 0

1745468987
0.0 0.01 0.13 0

1745468988
0.0 0.01 0.13 1

1745468989
0.0 0.01 0.13 0

1745468990
0.0 0.01 0.13 0

1745468991
0.0 0.01 0.13 0

1745468992
0.0 0.01 0.13 0

1745468994
0.0 0.01 0.13 0

1745468995
0.0 0.01 0.13 0

1745468996
0.0 0.01 0.12 0

1745468997
0.0 0.01 0.12 0

1745468998
0.0 0.01 0.12 0

1745468999
0.0 0.01 0.12 0

1745469000
0.0 0.01 0.12 0

1745469001
0.0 0.01 0.12 0

1745469002
0.0 0.01 0.12 0

1745469003
0.0 0.01 0.12 0

1745469004
0.0 0.01 0.12 0

1745469005
0.0 0.01 0.12 0

1745469006
0.0 0.01 0.12 0

1745469007
0.0 0.01 0.12 0

1745469008
0.0 0.01 0.12 0

1745469010
0.0 0.0 0.12 0

1745469011
0.0 0.0 0.12 0

1745469012
0.0 0.0 0.12 0

1745469013
0.0 0.0 0.12 0

1745469014
0.0 0.0 0.12 0

1745469015
0.0 0.0 0.12 0

1745469016
0.0 0.0 0.12 0

1745469017
0.0 0.0 0.12 0

1745469018
0.0 0.0 0.11 0

1745469019
0.0 0.0 0.11 0

1745469020
0.0 0.0 0.11 0

1745469021
0.0 0.0 0.11 0

1745469022
0.0 0.0 0.11 0

1745469023
0.0 0.0 0.11 0

1745469024
0.0 0.0 0.11 0

1745469025
0.0 0.0 0.11 0

1745469026
0.0 0.0 0.11 0

1745469027
0.0 0.0 0.11 0

1745469028
0.0 0.0 0.11 0

1745469029
0.0 0.0 0.11 0

1745469030
0.0 0.0 0.11 0

1745469031
0.0 0.0 0.11 0

1745469032
0.0 0.0 0.11 0

1745469033
0.0 0.0 0.11 0

1745469034
0.0 0.0 0.11 0

1745469035
0.0 0.0 0.11 0

1745469036
0.0 0.0 0.11 0

1745469037
0.0 0.0 0.11 0

1745469038
0.0 0.0 0.1 0

1745469039
0.0 0.0 0.1 0

1745469040
0.0 0.0 0.1 0

1745469041
0.0 0.0 0.1 0

1745469042
0.0 0.0 0.1 0

1745469043
0.0 0.0 0.1 0

1745469044
0.0 0.0 0.1 0

1745469045
0.0 0.0 0.1 0

1745469046
0.0 0.0 0.1 0

1745469047
0.0 0.0 0.1 0

1745469048
0.0 0.0 0.1 0

1745469049
0.0 0.0 0.1 0

1745469050
0.0 0.0 0.1 0

1745469051
0.0 0.0 0.1 0

1745469052
0.0 0.0 0.1 0

1745469053
0.0 0.0 0.1 0

1745469054
0.0 0.0 0.1 0

1745469055
0.0 0.0 0.1 0

1745469056
0.0 0.0 0.1 0

1745469057
0.0 0.0 0.1 0

1745469058
0.0 0.0 0.09 0

1745469059
0.0 0.0 0.09 0

1745469060
0.0 0.0 0.09 0

1745469061
0.0 0.0 0.09 0

1745469062
0.0 0.0 0.09 0

1745469063
0.0 0.0 0.09 0

1745469064
0.0 0.0 0.09 0

1745469065
0.0 0.0 0.09 0

1745469066
0.0 0.0 0.09 0

1745469067
0.0 0.0 0.09 2

1745469068
0.0 0.0 0.09 353

1745469069
0.0 0.0 0.09 137

1745469070
0.0 0.0 0.09 0

1745469071
0.0 0.0 0.09 0

1745469072
0.0 0.0 0.09 0

1745469073
0.0 0.0 0.09 0

1745469074
0.0 0.0 0.09 0

1745469075
0.0 0.0 0.09 0

1745469076
0.0 0.0 0.09 0

1745469077
0.0 0.0 0.09 0

1745469078
0.0 0.0 0.08 0

1745469079
0.0 0.0 0.08 0

1745469080
0.0 0.0 0.08 0

1745469081
0.0 0.0 0.08 0

1745469082
0.0 0.0 0.08 0

1745469083
0.0 0.0 0.08 0

1745469084
0.0 0.0 0.08 0

1745469085
0.0 0.0 0.08 0

1745469086
0.0 0.0 0.08 0

1745469087
0.0 0.0 0.08 0

1745469088
0.0 0.0 0.08 0

1745469089
0.0 0.0 0.08 0

1745469090
0.0 0.0 0.08 0

1745469091
0.0 0.0 0.08 0

1745469092
0.0 0.0 0.08 0

1745469093
0.0 0.0 0.08 0

1745469094
0.0 0.0 0.08 0

1745469095
0.0 0.0 0.08 0

1745469096
0.0 0.0 0.08 0

1745469097
0.0 0.0 0.08 0

1745469098
0.0 0.0 0.08 0

1745469099
0.0 0.0 0.08 0

1745469100
0.0 0.0 0.07 0

1745469101
0.0 0.0 0.07 0

1745469102
0.0 0.0 0.07 0

1745469103
0.0 0.0 0.07 0

1745469104
0.0 0.0 0.07 0

1745469105
0.0 0.0 0.07 0

1745469106
0.0 0.0 0.07 0

1745469107
0.0 0.0 0.07 0

1745469108
0.0 0.0 0.07 0

1745469109
0.0 0.0 0.07 0

1745469110
0.0 0.0 0.07 0

1745469111
0.0 0.0 0.07 0

1745469112
0.0 0.0 0.07 0

1745469113
0.0 0.0 0.07 0

1745469114
0.0 0.0 0.07 0

1745469115
0.0 0.0 0.07 0

1745469116
0.0 0.0 0.07 0

1745469117
0.0 0.0 0.07 0

1745469118
0.0 0.0 0.07 0

1745469119
0.0 0.0 0.07 0

1745469120
0.0 0.0 0.07 0

1745469121
0.0 0.0 0.07 0

1745469122
0.0 0.0 0.06 0

1745469123
0.0 0.0 0.06 0

1745469124
0.0 0.0 0.06 0

1745469125
0.0 0.0 0.06 0

1745469126
0.0 0.0 0.06 0

1745469127
0.0 0.0 0.06 0

1745469128
0.0 0.0 0.06 0

1745469129
0.0 0.0 0.06 0

1745469130
0.0 0.0 0.06 0

1745469131
0.0 0.0 0.06 0

1745469132
0.0 0.0 0.06 0

1745469133
0.0 0.0 0.06 0

1745469134
0.0 0.0 0.06 0

1745469135
0.0 0.0 0.06 0

1745469136
0.0 0.0 0.06 0

1745469137
0.0 0.0 0.06 0

1745469138
0.0 0.0 0.06 0

1745469139
0.0 0.0 0.06 0

1745469140
0.0 0.0 0.06 0

1745469141
0.0 0.0 0.06 0

1745469142
0.0 0.0 0.06 0

1745469143
0.0 0.0 0.06 0

1745469144
0.0 0.0 0.06 0

1745469145
0.0 0.0 0.06 0

1745469146
0.0 0.0 0.06 0

1745469147
0.0 0.0 0.06 0

1745469148
0.0 0.0 0.06 0

1745469149
0.0 0.0 0.06 0

1745469150
0.0 0.0 0.06 0

1745469151
0.0 0.0 0.06 0

1745469152
0.0 0.0 0.06 6

1745469153
0.0 0.0 0.06 0

1745469154
0.0 0.0 0.06 0

1745469155
0.0 0.0 0.06 0

1745469156
0.0 0.0 0.06 0

1745469157
0.0 0.0 0.06 0

1745469158
0.0 0.0 0.06 0

1745469159
0.0 0.0 0.06 186

1745469160
0.0 0.0 0.06 315

1745469162
0.0 0.0 0.06 188

1745469163
0.0 0.0 0.06 198

1745469164
0.0 0.0 0.05 657

1745469165
0.0 0.0 0.05 0

1745469166
0.0 0.0 0.05 0

1745469167
0.0 0.0 0.05 0

1745469168
0.0 0.0 0.05 0

1745469169
0.0 0.0 0.05 86

1745469170
0.0 0.0 0.05 460

1745469171
0.0 0.0 0.05 0

1745469172
0.0 0.0 0.05 0

1745469173
0.0 0.0 0.05 314

1745469174
0.0 0.0 0.05 2

1745469175
0.0 0.0 0.05 0

1745469176
0.0 0.0 0.05 33

1745469177
0.0 0.0 0.05 0

1745469178
0.0 0.0 0.05 0

1745469179
0.0 0.0 0.05 145

1745469180
0.0 0.0 0.05 50

1745469181
0.0 0.0 0.05 0

1745469182
0.0 0.0 0.05 0

1745469184
0.0 0.0 0.05 0

1745469185
0.0 0.0 0.05 0

1745469186
0.0 0.0 0.05 0

1745469187
0.0 0.0 0.05 0

1745469188
0.0 0.0 0.05 0

1745469189
0.0 0.0 0.05 0

1745469190
0.0 0.0 0.05 1

1745469192
0.0 0.0 0.05 0

1745469193
0.0 0.0 0.05 0

1745469195
0.0 0.0 0.05 0

1745469196
0.0 0.0 0.05 0

1745469197
0.0 0.0 0.05 0

1745469198
0.0 0.0 0.05 0

1745469199
0.0 0.0 0.05 0

1745469200
0.0 0.0 0.05 0

1745469201
0.0 0.0 0.05 0

1745469202
0.0 0.0 0.05 0

1745469203
0.0 0.0 0.05 0

1745469204
0.0 0.0 0.04 0

1745469205
0.0 0.0 0.04 0

1745469206
0.0 0.0 0.04 0

1745469207
0.0 0.0 0.04 0

1745469208
0.0 0.0 0.04 0

1745469209
0.0 0.0 0.04 0

1745469210
0.0 0.0 0.04 79

1745469211
0.0 0.0 0.04 0

1745469212
0.0 0.0 0.04 0

1745469213
0.0 0.0 0.04 79

1745469214
0.0 0.0 0.04 0

1745469215
0.0 0.0 0.04 0

1745469216
0.0 0.0 0.04 0

1745469217
0.0 0.0 0.04 230

1745469218
0.0 0.0 0.04 0

1745469219
0.0 0.0 0.04 0

1745469220
0.0 0.0 0.04 0

1745469221
0.0 0.0 0.04 0

1745469222
0.0 0.0 0.04 0

1745469223
0.0 0.0 0.04 8

1745469224
0.0 0.0 0.04 84

1745469225
0.0 0.0 0.04 162

1745469227
0.0 0.0 0.04 0

1745469229
0.0 0.0 0.04 211

1745469230
0.0 0.0 0.04 0

1745469231
0.0 0.0 0.04 0

1745469232
0.0 0.0 0.04 0

1745469233
0.0 0.0 0.04 0

1745469234
0.0 0.0 0.04 0

1745469235
0.0 0.0 0.04 496

1745469236
0.0 0.0 0.04 0

1745469237
0.0 0.0 0.04 0

1745469238
0.0 0.0 0.04 0

1745469239
0.0 0.0 0.04 161

1745469240
0.0 0.0 0.04 52

1745469241
0.0 0.0 0.04 0

1745469242
0.0 0.0 0.04 48

1745469243
0.0 0.0 0.04 0

1745469244
0.0 0.0 0.04 0

1745469245
0.0 0.0 0.04 0

1745469246
0.0 0.0 0.03 0

1745469248
0.0 0.0 0.03 13

1745469249
0.0 0.0 0.03 10

1745469250
0.0 0.0 0.03 10

1745469251
0.0 0.0 0.03 25

1745469252
0.0 0.0 0.03 1505

1745469253
0.0 0.0 0.03 284

1745469254
0.0 0.0 0.03 3230

1745469255
0.0 0.0 0.03 158

1745469256
0.0 0.0 0.03 95

1745469257
0.0 0.0 0.03 0

1745469258
0.0 0.0 0.03 0

1745469260
0.0 0.0 0.03 0

1745469261
0.0 0.0 0.03 0

1745469262
0.0 0.0 0.03 0

1745469263
0.0 0.0 0.03 104

1745469264
0.0 0.0 0.03 0

1745469265
0.0 0.0 0.03 2

1745469266
0.0 0.0 0.03 0

1745469267
0.0 0.0 0.03 0

1745469268
0.0 0.0 0.03 245

1745469269
0.0 0.0 0.03 0

1745469270
0.0 0.0 0.03 0

1745469271
0.0 0.0 0.03 0

1745469272
0.0 0.0 0.03 0

1745469273
0.0 0.0 0.03 0

1745469274
0.0 0.0 0.03 0

1745469275
0.0 0.0 0.03 58

1745469277
0.0 0.0 0.03 0

1745469278
0.0 0.0 0.03 2

1745469279
0.0 0.0 0.03 0

1745469280
0.0 0.0 0.03 53

1745469282
0.0 0.0 0.03 0

1745469283
0.0 0.0 0.03 0

1745469284
0.0 0.0 0.03 0

1745469285
0.0 0.0 0.03 2907

1745469286
0.0 0.0 0.02 53

1745469288
0.0 0.0 0.02 0

1745469289
0.0 0.0 0.02 0

1745469290
0.0 0.0 0.02 0

1745469291
0.0 0.0 0.02 0

1745469292
0.0 0.0 0.02 0

1745469293
0.0 0.0 0.02 0

1745469294
0.0 0.0 0.02 0

1745469295
0.0 0.0 0.02 0

1745469296
0.0 0.0 0.02 0

1745469297
0.0 0.0 0.02 0

1745469298
0.0 0.0 0.02 0

1745469299
0.0 0.0 0.02 0

1745469300
0.0 0.0 0.02 0

1745469301
0.0 0.0 0.02 0

1745469303
0.0 0.0 0.02 138

1745469304
0.0 0.0 0.02 0

1745469305
0.0 0.0 0.02 0

1745469306
0.0 0.0 0.02 0

1745469307
0.0 0.0 0.02 0

1745469308
0.0 0.0 0.02 0

1745469309
0.0 0.0 0.02 0

1745469310
0.0 0.0 0.02 0

1745469311
0.0 0.0 0.02 0

1745469312
0.0 0.0 0.02 0

1745469313
0.0 0.0 0.02 0

1745469314
0.0 0.0 0.02 0

1745469315
0.0 0.0 0.02 0

1745469316
0.0 0.0 0.02 0

1745469317
0.0 0.0 0.02 0

1745469318
0.0 0.0 0.02 0

1745469319
0.0 0.0 0.02 0

1745469320
0.0 0.0 0.02 0

1745469321
0.0 0.0 0.02 0

1745469322
0.0 0.0 0.02 0

1745469323
0.0 0.0 0.02 0

1745469324
0.0 0.0 0.02 0

1745469325
0.0 0.0 0.02 0

1745469326
0.0 0.0 0.02 0

1745469327
0.0 0.0 0.02 0

1745469328
0.0 0.0 0.01 0

1745469329
0.0 0.0 0.01 0

1745469330
0.0 0.0 0.01 0

1745469331
0.0 0.0 0.01 0

1745469332
0.0 0.0 0.01 0

1745469333
0.0 0.0 0.01 0

1745469334
0.0 0.0 0.01 0

1745469335
0.0 0.0 0.01 445

1745469336
0.0 0.0 0.01 90

1745469337
0.0 0.0 0.01 68

1745469338
0.0 0.0 0.01 0

1745469339
0.0 0.0 0.01 0

1745469340
0.0 0.0 0.01 0

1745469341
0.0 0.0 0.01 0

1745469342
0.0 0.0 0.01 0

1745469343
0.0 0.0 0.01 0

1745469344
0.0 0.0 0.01 0

1745469345
0.0 0.0 0.01 0

1745469346
0.0 0.0 0.01 0

1745469347
0.0 0.0 0.01 0

1745469348
0.0 0.0 0.01 0

1745469349
0.0 0.0 0.01 0

1745469350
0.0 0.0 0.01 0

1745469351
0.0 0.0 0.01 0

1745469352
0.0 0.0 0.01 0

1745469353
0.0 0.0 0.01 0

1745469354
0.0 0.0 0.01 0

1745469355
0.0 0.0 0.01 0

1745469356
0.0 0.0 0.01 0

1745469357
0.0 0.0 0.01 0

1745469358
0.0 0.0 0.01 44

1745469359
0.0 0.0 0.01 50

1745469360
0.0 0.0 0.01 74

1745469361
0.0 0.0 0.01 1329

1745469363
0.0 0.0 0.01 60

1745469364
0.0 0.0 0.01 0

1745469365
0.0 0.0 0.01 61

1745469366
0.0 0.0 0.01 0

1745469367
0.0 0.0 0.01 58

1745469368
0.0 0.0 0.0 0

1745469369
0.0 0.0 0.0 7

1745469370
0.0 0.0 0.0 8

1745469371
0.0 0.0 0.0 27

1745469372
0.0 0.0 0.0 27

1745469373
0.0 0.0 0.0 15

1745469374
0.0 0.0 0.0 0

1745469375
0.0 0.0 0.0 0

1745469376
0.0 0.0 0.0 0

1745469377
0.0 0.0 0.0 0

1745469378
0.0 0.0 0.0 0

1745469379
0.0 0.0 0.0 0

1745469380
0.0 0.0 0.0 147

1745469381
0.0 0.0 0.0 0

1745469383
0.0 0.0 0.0 0

1745469384
0.0 0.0 0.0 0

1745469385
0.0 0.0 0.0 0

1745469386
0.0 0.0 0.0 0

1745469387
0.0 0.0 0.0 0

1745469388
0.0 0.0 0.0 0

1745469389
0.0 0.0 0.0 0

1745469390
0.0 0.0 0.0 0

1745469391
0.0 0.0 0.0 0

1745469392
0.0 0.0 0.0 0

1745469393
0.0 0.0 0.0 0

1745469394
0.0 0.0 0.0 0

1745469395
0.0 0.0 0.0 0

1745469397
0.0 0.0 0.0 0

1745469398
0.0 0.0 0.0 0

1745469399
0.0 0.0 0.0 0

1745469401
0.0 0.0 0.0 0

1745469402
0.0 0.0 0.0 0

1745469403
0.0 0.0 0.0 0

1745469404
0.0 0.0 0.0 0

1745469405
0.0 0.0 0.0 0

1745469406
0.0 0.0 0.0 0

1745469407
0.0 0.0 0.0 0

1745469408
0.0 0.0 0.0 0

1745469409
0.0 0.0 0.0 0

1745469410
0.0 0.0 0.0 0

1745469411
0.0 0.0 0.0 0

1745469412
0.0 0.0 0.0 0

1745469413
0.0 0.0 0.0 0

1745469414
0.0 0.0 0.0 0

1745469416
0.0 0.0 0.0 1

1745469417
0.0 0.0 0.0 0

1745469418
0.0 0.0 0.0 0

1745469419
0.0 0.0 0.0 1

1745469420
0.0 0.0 0.0 0

1745469421
0.0 0.0 0.0 0

1745469422
0.0 0.0 0.0 0

1745469423
0.0 0.0 0.0 0

1745469424
0.0 0.0 0.0 0

1745469425
0.0 0.0 0.0 0

1745469426
0.0 0.0 0.0 0

1745469427
0.0 0.0 0.0 0

1745469428
0.0 0.0 0.0 0

1745469429
0.0 0.0 0.0 0

1745469430
0.0 0.0 0.0 0

1745469431
0.0 0.0 0.0 0

1745469432
0.0 0.0 0.0 0

1745469433
0.0 0.0 0.0 0

1745469434
0.0 0.0 0.0 0

1745469435
0.0 0.0 0.0 0

1745469436
0.0 0.0 0.0 0

1745469437
0.0 0.0 0.0 0

1745469438
0.0 0.0 0.0 0

1745469439
0.0 0.0 0.0 1

1745469440
0.0 0.0 0.0 0

1745469441
0.0 0.0 0.0 26

1745469442
0.0 0.0 0.0 0

1745469443
0.0 0.0 0.0 0

1745469444
0.0 0.0 0.0 0

1745469445
0.0 0.0 0.0 0

1745469446
0.0 0.0 0.0 0

1745469447
0.0 0.0 0.0 0

1745469448
0.0 0.0 0.0 0

1745469449
0.0 0.0 0.0 0

1745469450
0.0 0.0 0.0 0

1745469451
0.0 0.0 0.0 0

1745469452
0.0 0.0 0.0 0

1745469453
0.0 0.0 0.0 0

1745469454
0.0 0.0 0.0 0

1745469455
0.0 0.0 0.0 0

1745469456
0.0 0.0 0.0 0

1745469457
0.0 0.0 0.0 0

1745469458
0.0 0.0 0.0 0

1745469459
0.0 0.0 0.0 0

1745469460
0.0 0.0 0.0 0

1745469461
0.0 0.0 0.0 0

1745469462
0.0 0.0 0.0 0

1745469463
0.0 0.0 0.0 0

1745469464
0.0 0.0 0.0 0

1745469465
0.0 0.0 0.0 0

1745469466
0.0 0.0 0.0 0

1745469467
0.0 0.0 0.0 0

1745469468
0.0 0.0 0.0 0

1745469469
0.0 0.0 0.0 0

1745469470
0.0 0.0 0.0 0

1745469471
0.0 0.0 0.0 0

1745469472
0.0 0.0 0.0 0

1745469473
0.0 0.0 0.0 0

1745469474
0.0 0.0 0.0 0

1745469475
0.0 0.0 0.0 0

1745469476
0.0 0.0 0.0 0

1745469477
0.0 0.0 0.0 0

1745469478
0.0 0.0 0.0 0

1745469479
0.0 0.0 0.0 0

1745469480
0.0 0.0 0.0 0

1745469481
0.0 0.0 0.0 2255

1745469482
0.0 0.0 0.0 1423

1745469483
0.0 0.0 0.0 1088

1745469485
0.0 0.0 0.0 0

1745469486
0.0 0.0 0.0 0

1745469487
0.0 0.0 0.0 0

1745469488
0.0 0.0 0.0 0

1745469489
0.0 0.0 0.0 0

1745469490
0.0 0.0 0.0 0

1745469491
0.0 0.0 0.0 0

1745469492
0.0 0.0 0.0 0

1745469493
0.0 0.0 0.0 0

1745469494
0.0 0.0 0.0 0

1745469495
0.0 0.0 0.0 0

1745469496
0.0 0.0 0.0 0

1745469497
0.0 0.0 0.0 0

1745469498
0.0 0.0 0.0 0

1745469499
0.0 0.0 0.0 0

1745469500
0.0 0.0 0.0 0

1745469501
0.0 0.0 0.0 0

1745469502
0.0 0.0 0.0 0

1745469503
0.0 0.0 0.0 0

1745469504
0.0 0.0 0.0 0

1745469505
0.0 0.0 0.0 0

1745469506
0.0 0.0 0.0 152

1745469507
0.0 0.0 0.0 0

1745469508
0.0 0.0 0.0 0

1745469509
0.0 0.0 0.0 138

1745469510
0.0 0.0 0.0 0

1745469511
0.0 0.0 0.0 0

1745469512
0.0 0.0 0.0 0

1745469514
0.0 0.0 0.0 0

1745469515
0.0 0.0 0.0 0

1745469516
0.0 0.0 0.0 0

1745469517
0.0 0.0 0.0 0

1745469518
0.0 0.0 0.0 0

1745469519
0.0 0.0 0.0 2

1745469520
0.0 0.0 0.0 0

1745469521
0.0 0.0 0.0 24

1745469522
0.0 0.0 0.0 0

1745469523
0.0 0.0 0.0 0

1745469525
0.0 0.0 0.0 0

1745469526
0.0 0.0 0.0 0

1745469527
0.0 0.0 0.0 0

1745469528
0.0 0.0 0.0 0

1745469529
0.0 0.0 0.0 0

1745469530
0.0 0.0 0.0 0

1745469531
0.0 0.0 0.0 0

1745469532
0.0 0.0 0.0 0

1745469533
0.0 0.0 0.0 0

1745469534
0.0 0.0 0.0 0

1745469535
0.0 0.0 0.0 0

1745469536
0.0 0.0 0.0 0

1745469537
0.0 0.0 0.0 0

1745469538
0.0 0.0 0.0 0

1745469539
0.0 0.0 0.0 2

1745469540
0.0 0.0 0.0 0

1745469541
0.0 0.0 0.0 0

1745469542
0.0 0.0 0.0 0

1745469543
0.0 0.0 0.0 0

1745469544
0.0 0.0 0.0 0

1745469545
0.0 0.0 0.0 0

1745469546
0.0 0.0 0.0 0

1745469547
0.0 0.0 0.0 0

1745469548
0.0 0.0 0.0 0

1745469549
0.0 0.0 0.0 0

1745469550
0.0 0.0 0.0 0

1745469551
0.0 0.0 0.0 0

1745469552
0.0 0.0 0.0 0

1745469553
0.0 0.0 0.0 0

1745469554
0.0 0.0 0.0 0

1745469555
0.0 0.0 0.0 0

1745469556
0.0 0.0 0.0 0

1745469557
0.0 0.0 0.0 0

1745469558
0.0 0.0 0.0 0

1745469560
0.0 0.0 0.0 0

1745469561
0.0 0.0 0.0 0

1745469562
0.0 0.0 0.0 0

1745469563
0.0 0.0 0.0 0

1745469564
0.0 0.0 0.0 0

1745469565
0.0 0.0 0.0 0

1745469566
0.0 0.0 0.0 0

1745469567
0.0 0.0 0.0 0

1745469568
0.0 0.0 0.0 0

1745469569
0.0 0.0 0.0 0

1745469570
0.0 0.0 0.0 0

1745469571
0.0 0.0 0.0 0

1745469572
0.0 0.0 0.0 65

1745469573
0.0 0.0 0.0 0

1745469574
0.0 0.0 0.0 0

1745469575
0.0 0.0 0.0 0

1745469576
0.0 0.0 0.0 0

1745469578
0.0 0.0 0.0 0

1745469579
0.0 0.0 0.0 0

1745469580
0.0 0.0 0.0 0

1745469581
0.0 0.0 0.0 0

1745469582
0.0 0.0 0.0 0

1745469583
0.0 0.0 0.0 0

1745469584
0.0 0.0 0.0 0

1745469585
0.0 0.0 0.0 0

1745469586
0.0 0.0 0.0 0

1745469587
0.0 0.0 0.0 0

1745469588
0.0 0.0 0.0 0

1745469589
0.0 0.0 0.0 0

1745469590
0.0 0.0 0.0 0

1745469591
0.0 0.0 0.0 2

1745469592
0.0 0.0 0.0 0

1745469593
0.0 0.0 0.0 0

1745469594
0.0 0.0 0.0 0

1745469595
0.0 0.0 0.0 0

1745469596
0.0 0.0 0.0 0

1745469597
0.0 0.0 0.0 0

1745469598
0.0 0.0 0.0 0

1745469599
0.0 0.0 0.0 0

1745469600
0.0 0.0 0.0 0

1745469601
0.0 0.0 0.0 0

1745469602
0.0 0.0 0.0 0

1745469603
0.0 0.0 0.0 0

1745469604
0.0 0.0 0.0 0

1745469605
0.0 0.0 0.0 0

1745469606
0.0 0.0 0.0 0

1745469607
0.0 0.0 0.0 1

1745469608
0.0 0.0 0.0 0

1745469609
0.0 0.0 0.0 24

1745469610
0.0 0.0 0.0 0

1745469612
0.0 0.0 0.0 0

1745469613
0.0 0.0 0.0 0

1745469614
0.0 0.0 0.0 0

1745469615
0.0 0.0 0.0 0

1745469616
0.0 0.0 0.0 0

1745469617
0.0 0.0 0.0 44

1745469618
0.0 0.0 0.0 0

1745469619
0.0 0.0 0.0 0

1745469620
0.0 0.0 0.0 0

1745469622
0.0 0.0 0.0 0

1745469623
0.0 0.0 0.0 0

1745469624
0.0 0.0 0.0 0

1745469625
0.0 0.0 0.0 0

1745469626
0.0 0.0 0.0 0

1745469627
0.0 0.0 0.0 24

1745469628
0.0 0.0 0.0 0

1745469629
0.0 0.0 0.0 0

1745469630
0.0 0.0 0.0 0

1745469631
0.0 0.0 0.0 0

1745469632
0.0 0.0 0.0 0

1745469633
0.0 0.0 0.0 0

1745469634
0.0 0.0 0.0 0

1745469635
0.0 0.0 0.0 0

1745469636
0.0 0.0 0.0 0

1745469637
0.0 0.0 0.0 0

1745469638
0.0 0.0 0.0 0

1745469639
0.0 0.0 0.0 0

1745469640
0.0 0.0 0.0 0

1745469641
0.0 0.0 0.0 0

1745469642
0.0 0.0 0.0 0

1745469643
0.0 0.0 0.0 0

1745469644
0.0 0.0 0.0 0

1745469645
0.0 0.0 0.0 0

1745469646
0.0 0.0 0.0 0

1745469647
0.0 0.0 0.0 0

1745469648
0.0 0.0 0.0 0

1745469650
0.0 0.0 0.0 0

1745469651
0.0 0.0 0.0 0

1745469652
0.0 0.0 0.0 0

1745469653
0.0 0.0 0.0 0

1745469654
0.0 0.0 0.0 0

1745469655
0.0 0.0 0.0 0

1745469656
0.0 0.0 0.0 0

1745469657
0.0 0.0 0.0 0

1745469658
0.0 0.0 0.0 0

1745469659
0.0 0.0 0.0 0

1745469660
0.0 0.0 0.0 0

1745469661
0.0 0.0 0.0 0

1745469662
0.0 0.0 0.0 0

1745469663
0.0 0.0 0.0 1

1745469664
0.0 0.0 0.0 0

1745469665
0.0 0.0 0.0 0

1745469666
0.0 0.0 0.0 0

1745469667
0.0 0.0 0.0 0

1745469668
0.0 0.0 0.0 0

1745469669
0.0 0.0 0.0 0

1745469670
0.0 0.0 0.0 0

1745469671
0.0 0.0 0.0 0

1745469672
0.0 0.0 0.0 0

1745469673
0.0 0.0 0.0 0

1745469674
0.0 0.0 0.0 0

1745469675
0.0 0.0 0.0 0

1745469676
0.0 0.0 0.0 0

1745469677
0.0 0.0 0.0 0

1745469678
0.0 0.0 0.0 0

1745469679
0.0 0.0 0.0 0

1745469680
0.0 0.0 0.0 0

1745469681
0.0 0.0 0.0 3

1745469682
0.0 0.0 0.0 29

1745469683
0.0 0.0 0.0 0

1745469684
0.0 0.0 0.0 0

1745469685
0.0 0.0 0.0 0

1745469686
0.0 0.0 0.0 1

1745469687
0.0 0.0 0.0 0

1745469688
0.0 0.0 0.0 0

1745469689
0.0 0.0 0.0 0

1745469690
0.0 0.0 0.0 0

1745469691
0.0 0.0 0.0 0

1745469692
0.0 0.0 0.0 0

1745469693
0.0 0.0 0.0 0

1745469694
0.0 0.0 0.0 0

1745469695
0.0 0.0 0.0 0

1745469696
0.0 0.0 0.0 0

1745469697
0.0 0.0 0.0 0

1745469698
0.0 0.0 0.0 0

1745469699
0.0 0.0 0.0 0

1745469700
0.0 0.0 0.0 0

1745469701
0.0 0.0 0.0 0

1745469702
0.0 0.0 0.0 0

1745469703
0.0 0.0 0.0 0

1745469704
0.0 0.0 0.0 0

1745469705
0.0 0.0 0.0 0

1745469706
0.0 0.0 0.0 0

1745469707
0.0 0.0 0.0 0

1745469708
0.0 0.0 0.0 0

1745469709
0.0 0.0 0.0 0

1745469710
0.0 0.0 0.0 0

1745469711
0.0 0.0 0.0 0

1745469712
0.0 0.0 0.0 0

1745469713
0.0 0.0 0.0 0

1745469714
0.0 0.0 0.0 0

1745469715
0.0 0.0 0.0 0

1745469717
0.0 0.0 0.0 0

1745469718
0.0 0.0 0.0 0

1745469719
0.0 0.0 0.0 0

1745469720
0.0 0.0 0.0 0

1745469721
0.0 0.0 0.0 29

1745469722
0.0 0.0 0.0 0

1745469723
0.0 0.0 0.0 0

1745469725
0.0 0.0 0.0 0

1745469726
0.0 0.0 0.0 0

1745469727
0.0 0.0 0.0 0

1745469728
0.0 0.0 0.0 0

1745469729
0.0 0.0 0.0 0

1745469730
0.0 0.0 0.0 0

1745469731
0.0 0.0 0.0 0

1745469732
0.0 0.0 0.0 0

1745469733
0.0 0.0 0.0 0

1745469734
0.0 0.0 0.0 0

1745469735
0.0 0.0 0.0 0

1745469736
0.0 0.0 0.0 79

1745469737
0.0 0.0 0.0 0

1745469738
0.0 0.0 0.0 0

1745469739
0.0 0.0 0.0 0

1745469740
0.0 0.0 0.0 0

1745469741
0.0 0.0 0.0 0

1745469742
0.0 0.0 0.0 0

1745469743
0.0 0.0 0.0 0

1745469744
0.0 0.0 0.0 0

1745469745
0.0 0.0 0.0 0

1745469746
0.0 0.0 0.0 0

1745469747
0.0 0.0 0.0 0

1745469748
0.0 0.0 0.0 0

1745469749
0.0 0.0 0.0 54

1745469750
0.0 0.0 0.0 0

1745469751
0.0 0.0 0.0 0

1745469752
0.0 0.0 0.0 0

1745469753
0.0 0.0 0.0 0

1745469754
0.0 0.0 0.0 0

1745469756
0.0 0.0 0.0 90

1745469757
0.0 0.0 0.0 0

1745469758
0.0 0.0 0.0 0

1745469759
0.0 0.0 0.0 0

1745469760
0.0 0.0 0.0 0

1745469761
0.0 0.0 0.0 0

1745469762
0.0 0.0 0.0 0

1745469763
0.0 0.0 0.0 0

1745469764
0.0 0.0 0.0 0

1745469765
0.0 0.0 0.0 0

1745469766
0.0 0.0 0.0 0

1745469767
0.0 0.0 0.0 0

1745469768
0.0 0.0 0.0 0

1745469769
0.0 0.0 0.0 0

1745469770
0.0 0.0 0.0 0

1745469771
0.0 0.0 0.0 0

1745469772
0.0 0.0 0.0 0

1745469773
0.0 0.0 0.0 0

1745469774
0.0 0.0 0.0 0

1745469775
0.0 0.0 0.0 0

1745469776
0.0 0.0 0.0 0

1745469777
0.0 0.0 0.0 0

1745469778
0.0 0.0 0.0 0

1745469779
0.0 0.0 0.0 0

1745469780
0.0 0.0 0.0 168

1745469781
0.0 0.0 0.0 76

1745469782
0.0 0.0 0.0 0

1745469783
0.0 0.0 0.0 0

1745469784
0.0 0.0 0.0 0

1745469785
0.0 0.0 0.0 0

1745469786
0.0 0.0 0.0 0

1745469788
0.0 0.0 0.0 0

1745469789
0.0 0.0 0.0 0

1745469790
0.0 0.0 0.0 0

1745469791
0.0 0.0 0.0 0

1745469792
0.0 0.0 0.0 0

1745469793
0.0 0.0 0.0 0

1745469794
0.0 0.0 0.0 0

1745469795
0.0 0.0 0.0 0

1745469796
0.0 0.0 0.0 0

1745469797
0.0 0.0 0.0 0

1745469798
0.0 0.0 0.0 0

1745469799
0.0 0.0 0.0 0

1745469800
0.0 0.0 0.0 0

1745469801
0.0 0.0 0.0 0

1745469802
0.0 0.0 0.0 0

1745469803
0.0 0.0 0.0 0

1745469804
0.0 0.0 0.0 0

1745469805
0.0 0.0 0.0 0

1745469806
0.0 0.0 0.0 0

1745469807
0.0 0.0 0.0 0

1745469808
0.0 0.0 0.0 0

1745469809
0.0 0.0 0.0 0

1745469810
0.0 0.0 0.0 0

1745469811
0.0 0.0 0.0 0

1745469812
0.0 0.0 0.0 0

1745469813
0.0 0.0 0.0 0

1745469814
0.0 0.0 0.0 0

1745469815
0.0 0.0 0.0 0

1745469816
0.0 0.0 0.0 0

1745469817
0.0 0.0 0.0 0

1745469818
0.0 0.0 0.0 0

1745469819
0.0 0.0 0.0 0

1745469820
0.0 0.0 0.0 0

1745469821
0.0 0.0 0.0 0

1745469822
0.0 0.0 0.0 0

1745469823
0.0 0.0 0.0 0

1745469824
0.0 0.0 0.0 0

1745469825
0.0 0.0 0.0 0

1745469826
0.0 0.0 0.0 0

1745469827
0.0 0.0 0.0 0

1745469828
0.0 0.0 0.0 0

1745469829
0.0 0.0 0.0 4

1745469830
0.0 0.0 0.0 0

1745469831
0.0 0.0 0.0 0

1745469832
0.0 0.0 0.0 0

1745469833
0.0 0.0 0.0 0

1745469834
0.0 0.0 0.0 0

1745469835
0.0 0.0 0.0 0

1745469836
0.0 0.0 0.0 0

1745469837
0.0 0.0 0.0 0

1745469838
0.0 0.0 0.0 0

1745469839
0.0 0.0 0.0 0

1745469840
0.0 0.0 0.0 0

1745469841
0.0 0.0 0.0 0

1745469842
0.0 0.0 0.0 0

1745469843
0.0 0.0 0.0 0

1745469844
0.0 0.0 0.0 0

1745469845
0.0 0.0 0.0 0

1745469846
0.0 0.0 0.0 0

1745469847
0.0 0.0 0.0 42

1745469848
0.0 0.0 0.0 0

1745469849
0.0 0.0 0.0 0

1745469850
0.0 0.0 0.0 0

1745469851
0.0 0.0 0.0 0

1745469852
0.0 0.0 0.0 0

1745469853
0.0 0.0 0.0 0

1745469854
0.0 0.0 0.0 0

1745469855
0.0 0.0 0.0 25

1745469856
0.0 0.0 0.0 0

1745469857
0.0 0.0 0.0 0

1745469858
0.0 0.0 0.0 0

1745469859
0.0 0.0 0.0 0

1745469860
0.0 0.0 0.0 0

1745469862
0.0 0.0 0.0 0

1745469863
0.0 0.0 0.0 0

1745469864
0.0 0.0 0.0 0

1745469865
0.0 0.0 0.0 0

1745469866
0.0 0.0 0.0 0

1745469867
0.0 0.0 0.0 0

1745469868
0.0 0.0 0.0 0

1745469869
0.0 0.0 0.0 0

1745469870
0.0 0.0 0.0 0

1745469871
0.0 0.0 0.0 0

1745469872
0.0 0.0 0.0 0

1745469873
0.0 0.0 0.0 0

1745469874
0.0 0.0 0.0 0

1745469876
0.0 0.0 0.0 0

1745469877
0.0 0.0 0.0 0

1745469878
0.0 0.0 0.0 0

1745469879
0.0 0.0 0.0 0

1745469880
0.0 0.0 0.0 0

1745469882
0.0 0.0 0.0 0

1745469883
0.0 0.0 0.0 0

1745469884
0.0 0.0 0.0 0

1745469885
0.0 0.0 0.0 0

1745469886
0.0 0.0 0.0 0

1745469887
0.0 0.0 0.0 0

1745469888
0.0 0.0 0.0 0

1745469889
0.0 0.0 0.0 0

1745469890
0.0 0.0 0.0 0

1745469891
0.0 0.0 0.0 0

1745469892
0.0 0.0 0.0 26

1745469893
0.0 0.0 0.0 0

1745469895
0.0 0.0 0.0 0

1745469896
0.0 0.0 0.0 0

1745469897
0.0 0.0 0.0 0

1745469898
0.0 0.0 0.0 0

1745469899
0.0 0.0 0.0 0

1745469900
0.0 0.0 0.0 0

1745469901
0.0 0.0 0.0 0

1745469902
0.0 0.0 0.0 0

1745469903
0.0 0.0 0.0 0

1745469904
0.0 0.0 0.0 0

1745469905
0.0 0.0 0.0 0

1745469906
0.0 0.0 0.0 0

1745469907
0.0 0.0 0.0 0

1745469908
0.0 0.0 0.0 0

1745469909
0.0 0.0 0.0 0

1745469910
0.0 0.0 0.0 0

1745469911
0.0 0.0 0.0 0

1745469912
0.0 0.0 0.0 0

1745469913
0.0 0.0 0.0 0

1745469914
0.0 0.0 0.0 0

1745469915
0.0 0.0 0.0 105

1745469916
0.0 0.0 0.0 48

1745469918
0.0 0.0 0.0 0

1745469919
0.0 0.0 0.0 0

1745469920
0.0 0.0 0.0 0

1745469921
0.0 0.0 0.0 0

1745469922
0.0 0.0 0.0 0

1745469923
0.0 0.0 0.0 0

1745469924
0.0 0.0 0.0 0

1745469925
0.0 0.0 0.0 1

1745469926
0.0 0.0 0.0 0

1745469927
0.0 0.0 0.0 0

1745469928
0.0 0.0 0.0 0

1745469929
0.0 0.0 0.0 0

1745469930
0.0 0.0 0.0 0

1745469931
0.0 0.0 0.0 0

1745469932
0.0 0.0 0.0 0

1745469933
0.0 0.0 0.0 0

1745469934
0.0 0.0 0.0 0

1745469935
0.0 0.0 0.0 0

1745469936
0.0 0.0 0.0 0

1745469937
0.0 0.0 0.0 0

1745469938
0.0 0.0 0.0 0

1745469939
0.0 0.0 0.0 0

1745469940
0.0 0.0 0.0 0

1745469941
0.0 0.0 0.0 0

1745469942
0.0 0.0 0.0 0

1745469943
0.0 0.0 0.0 0

1745469944
0.0 0.0 0.0 0

1745469945
0.0 0.0 0.0 0

1745469946
0.0 0.0 0.0 0

1745469947
0.0 0.0 0.0 0

1745469948
0.0 0.0 0.0 0

1745469949
0.0 0.0 0.0 0

1745469950
0.0 0.0 0.0 0

1745469951
0.0 0.0 0.0 0

1745469952
0.0 0.0 0.0 0

1745469953
0.0 0.0 0.0 0

1745469954
0.0 0.0 0.0 0

1745469955
0.0 0.0 0.0 0

1745469957
0.0 0.0 0.0 0

1745469958
0.0 0.0 0.0 0

1745469959
0.0 0.0 0.0 0

1745469960
0.0 0.0 0.0 0

1745469961
0.0 0.0 0.0 0

1745469962
0.0 0.0 0.0 0

1745469963
0.0 0.0 0.0 0

1745469964
0.0 0.0 0.0 0

1745469965
0.0 0.0 0.0 0

1745469966
0.0 0.0 0.0 0

1745469967
0.0 0.0 0.0 0

1745469968
0.0 0.0 0.0 0

1745469969
0.0 0.0 0.0 0

1745469970
0.0 0.0 0.0 0

1745469971
0.0 0.0 0.0 0

1745469972
0.0 0.0 0.0 0

1745469973
0.0 0.0 0.0 0

1745469974
0.0 0.0 0.0 0

1745469975
0.0 0.0 0.0 0

1745469976
0.0 0.0 0.0 0

1745469977
0.0 0.0 0.0 0

1745469978
0.0 0.0 0.0 0

1745469979
0.0 0.0 0.0 0

1745469980
0.0 0.0 0.0 0

1745469981
0.0 0.0 0.0 0

1745469982
0.0 0.0 0.0 0

1745469983
0.0 0.0 0.0 0

1745469984
0.0 0.0 0.0 0

1745469985
0.0 0.0 0.0 0

1745469986
0.0 0.0 0.0 0

1745469987
0.0 0.0 0.0 0

1745469988
0.0 0.0 0.0 0

1745469989
0.0 0.0 0.0 0

1745469990
0.0 0.0 0.0 0

1745469991
0.0 0.0 0.0 0

1745469992
0.0 0.0 0.0 0

1745469993
0.0 0.0 0.0 0

1745469994
0.0 0.0 0.0 0

1745469995
0.0 0.0 0.0 0

1745469996
0.0 0.0 0.0 0

1745469997
0.0 0.0 0.0 0

1745469998
0.0 0.0 0.0 0

1745469999
0.0 0.0 0.0 0

1745470000
0.0 0.0 0.0 0

1745470001
0.0 0.0 0.0 0

1745470002
0.0 0.0 0.0 0

1745470003
0.0 0.0 0.0 0

1745470004
0.0 0.0 0.0 0

1745470005
0.0 0.0 0.0 0

1745470007
0.0 0.0 0.0 0

1745470008
0.0 0.0 0.0 0

1745470009
0.0 0.0 0.0 2

1745470010
0.0 0.0 0.0 0

1745470011
0.0 0.0 0.0 0

1745470012
0.0 0.0 0.0 0

1745470013
0.0 0.0 0.0 0

1745470014
0.0 0.0 0.0 0

1745470015
0.0 0.0 0.0 0

1745470016
0.0 0.0 0.0 0

1745470017
0.0 0.0 0.0 0

1745470018
0.0 0.0 0.0 0

1745470019
0.0 0.0 0.0 0

1745470020
0.0 0.0 0.0 0

1745470021
0.0 0.0 0.0 0

1745470022
0.0 0.0 0.0 0

1745470023
0.0 0.0 0.0 0

1745470024
0.0 0.0 0.0 0

1745470025
0.0 0.0 0.0 0

1745470026
0.0 0.0 0.0 0

1745470027
0.0 0.0 0.0 0

1745470028
0.0 0.0 0.0 0

1745470029
0.0 0.0 0.0 0

1745470030
0.0 0.0 0.0 0

1745470031
0.0 0.0 0.0 0

1745470032
0.0 0.0 0.0 0

1745470033
0.0 0.0 0.0 0

1745470034
0.0 0.0 0.0 0

1745470035
0.0 0.0 0.0 0

1745470036
0.0 0.0 0.0 0

1745470037
0.0 0.0 0.0 0

1745470038
0.0 0.0 0.0 0

1745470039
0.0 0.0 0.0 0

1745470040
0.0 0.0 0.0 0

1745470042
0.0 0.0 0.0 0

1745470043
0.0 0.0 0.0 0

1745470044
0.0 0.0 0.0 0

1745470046
0.0 0.0 0.0 0

1745470047
0.0 0.0 0.0 0

1745470048
0.0 0.0 0.0 0

1745470049
0.0 0.0 0.0 0

1745470050
0.0 0.0 0.0 0

1745470051
0.0 0.0 0.0 0

1745470052
0.0 0.0 0.0 0

1745470053
0.0 0.0 0.0 0

1745470054
0.0 0.0 0.0 0

1745470055
0.0 0.0 0.0 1

1745470056
0.0 0.0 0.0 0

1745470057
0.0 0.0 0.0 0

1745470058
0.0 0.0 0.0 0

1745470059
0.0 0.0 0.0 0

1745470060
0.0 0.0 0.0 0

1745470061
0.0 0.0 0.0 0

1745470062
0.0 0.0 0.0 0

1745470063
0.0 0.0 0.0 0

1745470064
0.0 0.0 0.0 0

1745470065
0.0 0.0 0.0 0

1745470066
0.0 0.0 0.0 0

1745470067
0.0 0.0 0.0 0

1745470068
0.0 0.0 0.0 0

1745470069
0.0 0.0 0.0 0

1745470070
0.0 0.0 0.0 0

1745470071
0.0 0.0 0.0 0

1745470072
0.0 0.0 0.0 0

1745470073
0.0 0.0 0.0 0

1745470074
0.0 0.0 0.0 0

1745470075
0.0 0.0 0.0 0

1745470076
0.0 0.0 0.0 0

1745470077
0.0 0.0 0.0 0

1745470078
0.0 0.0 0.0 0

1745470079
0.0 0.0 0.0 0

1745470080
0.0 0.0 0.0 0

1745470081
0.0 0.0 0.0 0

1745470082
0.0 0.0 0.0 0

1745470083
0.0 0.0 0.0 0

1745470084
0.0 0.0 0.0 0

1745470085
0.0 0.0 0.0 0

1745470086
0.0 0.0 0.0 0

1745470087
0.0 0.0 0.0 0

1745470088
0.0 0.0 0.0 0

1745470089
0.0 0.0 0.0 0

1745470090
0.0 0.0 0.0 0

1745470091
0.0 0.0 0.0 0

1745470092
0.0 0.0 0.0 0

1745470093
0.0 0.0 0.0 0

1745470094
0.0 0.0 0.0 0

1745470095
0.0 0.0 0.0 0

1745470096
0.0 0.0 0.0 0

1745470097
0.0 0.0 0.0 0

1745470098
0.0 0.0 0.0 0

1745470099
0.0 0.0 0.0 0

1745470100
0.0 0.0 0.0 0

1745470101
0.0 0.0 0.0 0

1745470102
0.0 0.0 0.0 0

1745470103
0.0 0.0 0.0 0

1745470104
0.0 0.0 0.0 0

1745470105
0.0 0.0 0.0 0

1745470106
0.0 0.0 0.0 0

1745470107
0.0 0.0 0.0 0

1745470108
0.0 0.0 0.0 0

1745470110
0.0 0.0 0.0 0

1745470111
0.0 0.0 0.0 0

1745470113
0.0 0.0 0.0 0

1745470114
0.0 0.0 0.0 0

1745470115
0.0 0.0 0.0 0

1745470116
0.0 0.0 0.0 0

1745470117
0.0 0.0 0.0 0

1745470118
0.0 0.0 0.0 0

1745470119
0.0 0.0 0.0 0

1745470120
0.0 0.0 0.0 0

1745470121
0.0 0.0 0.0 0

1745470122
0.0 0.0 0.0 0

1745470123
0.0 0.0 0.0 0

1745470124
0.0 0.0 0.0 0

1745470125
0.0 0.0 0.0 0

1745470126
0.0 0.0 0.0 0

1745470128
0.0 0.0 0.0 0

1745470129
0.0 0.0 0.0 0

1745470130
0.0 0.0 0.0 0

1745470131
0.0 0.0 0.0 0

1745470132
0.0 0.0 0.0 0

1745470133
0.0 0.0 0.0 0

1745470134
0.0 0.0 0.0 0

1745470135
0.0 0.0 0.0 1

1745470136
0.0 0.0 0.0 0

1745470137
0.0 0.0 0.0 0

1745470138
0.0 0.0 0.0 0

1745470139
0.0 0.0 0.0 0

1745470141
0.0 0.0 0.0 0

1745470142
0.0 0.0 0.0 0

1745470143
0.0 0.0 0.0 0

1745470144
0.0 0.0 0.0 0

1745470145
0.0 0.0 0.0 0

1745470146
0.0 0.0 0.0 0

1745470147
0.0 0.0 0.0 0

1745470148
0.0 0.0 0.0 0

1745470149
0.0 0.0 0.0 0

1745470150
0.0 0.0 0.0 0

1745470151
0.0 0.0 0.0 0

1745470152
0.0 0.0 0.0 0

1745470153
0.0 0.0 0.0 0

1745470154
0.0 0.0 0.0 0

1745470155
0.0 0.0 0.0 0

1745470156
0.0 0.0 0.0 0

1745470157
0.0 0.0 0.0 0

1745470158
0.0 0.0 0.0 0

1745470159
0.0 0.0 0.0 0

1745470160
0.0 0.0 0.0 0

1745470161
0.0 0.0 0.0 0

1745470162
0.0 0.0 0.0 0

1745470163
0.0 0.0 0.0 0

1745470164
0.0 0.0 0.0 0

1745470165
0.0 0.0 0.0 0

1745470166
0.0 0.0 0.0 0

1745470167
0.0 0.0 0.0 0

1745470168
0.0 0.0 0.0 0

1745470169
0.0 0.0 0.0 0

1745470170
0.0 0.0 0.0 0

1745470171
0.0 0.0 0.0 0

1745470172
0.0 0.0 0.0 0

1745470173
0.0 0.0 0.0 0

1745470174
0.0 0.0 0.0 0

1745470175
0.0 0.0 0.0 0

1745470176
0.0 0.0 0.0 0

1745470177
0.0 0.0 0.0 0

1745470178
0.0 0.0 0.0 0

1745470179
0.0 0.0 0.0 0

1745470180
0.0 0.0 0.0 0

1745470181
0.0 0.0 0.0 0

1745470182
0.0 0.0 0.0 0

1745470183
0.0 0.0 0.0 0

1745470184
0.0 0.0 0.0 0

1745470185
0.0 0.0 0.0 0

1745470186
0.0 0.0 0.0 0

1745470187
0.0 0.0 0.0 0

1745470188
0.0 0.0 0.0 0

1745470189
0.0 0.0 0.0 0

1745470190
0.0 0.0 0.0 0

1745470191
0.0 0.0 0.0 0

1745470192
0.0 0.0 0.0 0

1745470193
0.0 0.0 0.0 0

1745470194
0.0 0.0 0.0 0

1745470195
0.0 0.0 0.0 0

1745470196
0.0 0.0 0.0 0

1745470197
0.0 0.0 0.0 0

1745470198
0.0 0.0 0.0 0

1745470199
0.0 0.0 0.0 0

1745470200
0.0 0.0 0.0 0

1745470201
0.0 0.0 0.0 1

1745470202
0.0 0.0 0.0 0

1745470203
0.0 0.0 0.0 0

1745470204
0.0 0.0 0.0 0

1745470205
0.0 0.0 0.0 0

1745470206
0.0 0.0 0.0 0

1745470207
0.0 0.0 0.0 0

1745470208
0.0 0.0 0.0 0

1745470209
0.0 0.0 0.0 0

1745470210
0.0 0.0 0.0 0

1745470211
0.0 0.0 0.0 0

1745470212
0.0 0.0 0.0 0

1745470213
0.0 0.0 0.0 0

1745470214
0.0 0.0 0.0 0

1745470215
0.0 0.0 0.0 0

1745470216
0.0 0.0 0.0 0

1745470217
0.0 0.0 0.0 0

1745470218
0.0 0.0 0.0 0

1745470219
0.0 0.0 0.0 0

1745470220
0.0 0.0 0.0 0

1745470221
0.0 0.0 0.0 0

1745470222
0.0 0.0 0.0 0

1745470223
0.0 0.0 0.0 0

1745470224
0.0 0.0 0.0 0

1745470225
0.0 0.0 0.0 0

1745470226
0.0 0.0 0.0 0

1745470227
0.0 0.0 0.0 0

1745470228
0.0 0.0 0.0 0

1745470229
0.0 0.0 0.0 0

1745470230
0.0 0.0 0.0 0

1745470231
0.0 0.0 0.0 0

1745470232
0.0 0.0 0.0 0

1745470234
0.0 0.0 0.0 0

1745470235
0.0 0.0 0.0 0

1745470236
0.0 0.0 0.0 0

1745470237
0.0 0.0 0.0 0

1745470238
0.0 0.0 0.0 0

1745470239
0.0 0.0 0.0 0

1745470240
0.0 0.0 0.0 0

1745470242
0.0 0.0 0.0 0

1745470243
0.0 0.0 0.0 0

1745470244
0.0 0.0 0.0 0

1745470245
0.0 0.0 0.0 0

1745470246
0.0 0.0 0.0 0

1745470247
0.0 0.0 0.0 0

1745470248
0.0 0.0 0.0 0

1745470249
0.0 0.0 0.0 0

1745470250
0.0 0.0 0.0 1

1745470251
0.0 0.0 0.0 0

1745470252
0.0 0.0 0.0 0

1745470253
0.0 0.0 0.0 0

1745470254
0.0 0.0 0.0 0

1745470255
0.0 0.0 0.0 0

1745470256
0.0 0.0 0.0 0

1745470257
0.0 0.0 0.0 0

1745470258
0.0 0.0 0.0 0

1745470259
0.0 0.0 0.0 0

1745470260
0.0 0.0 0.0 0

1745470261
0.0 0.0 0.0 0

1745470262
0.0 0.0 0.0 0

1745470263
0.0 0.0 0.0 0

1745470264
0.0 0.0 0.0 25

1745470265
0.0 0.0 0.0 0

1745470266
0.0 0.0 0.0 0

1745470267
0.0 0.0 0.0 0

1745470268
0.0 0.0 0.0 0

1745470269
0.0 0.0 0.0 0

1745470270
0.0 0.0 0.0 0

1745470271
0.0 0.0 0.0 0

1745470272
0.0 0.0 0.0 0

1745470273
0.0 0.0 0.0 0

1745470274
0.0 0.0 0.0 0

1745470275
0.0 0.0 0.0 0

1745470276
0.0 0.0 0.0 0

1745470277
0.0 0.0 0.0 0

1745470278
0.0 0.0 0.0 0

1745470280
0.0 0.0 0.0 0

1745470281
0.0 0.0 0.0 0

1745470282
0.0 0.0 0.0 0

1745470283
0.0 0.0 0.0 0

1745470284
0.0 0.0 0.0 0

1745470285
0.0 0.0 0.0 0

1745470286
0.0 0.0 0.0 0

1745470287
0.0 0.0 0.0 0

1745470288
0.0 0.0 0.0 0

1745470289
0.0 0.0 0.0 0

1745470290
0.0 0.0 0.0 0

1745470291
0.0 0.0 0.0 0

1745470292
0.0 0.0 0.0 0

1745470293
0.0 0.0 0.0 0

1745470294
0.0 0.0 0.0 3

1745470295
0.0 0.0 0.0 0

1745470296
0.0 0.0 0.0 0

1745470297
0.0 0.0 0.0 0

1745470298
0.0 0.0 0.0 0

1745470299
0.0 0.0 0.0 0

1745470300
0.0 0.0 0.0 0

1745470301
0.0 0.0 0.0 0

1745470302
0.0 0.0 0.0 0

1745470303
0.0 0.0 0.0 0

1745470304
0.0 0.0 0.0 0

1745470305
0.0 0.0 0.0 0

1745470306
0.0 0.0 0.0 0

1745470307
0.0 0.0 0.0 0

1745470308
0.0 0.0 0.0 0

1745470309
0.0 0.0 0.0 0

1745470310
0.0 0.0 0.0 0

1745470311
0.0 0.0 0.0 0

1745470312
0.0 0.0 0.0 0

1745470313
0.0 0.0 0.0 0

1745470314
0.0 0.0 0.0 0

1745470315
0.0 0.0 0.0 0

1745470316
0.0 0.0 0.0 0

1745470317
0.0 0.0 0.0 0

1745470318
0.0 0.0 0.0 0

1745470319
0.0 0.0 0.0 0

1745470320
0.0 0.0 0.0 0

1745470321
0.0 0.0 0.0 0

1745470322
0.0 0.0 0.0 0

1745470323
0.0 0.0 0.0 0

1745470324
0.0 0.0 0.0 0

1745470325
0.0 0.0 0.0 0

1745470326
0.0 0.0 0.0 0

1745470327
0.0 0.0 0.0 0

1745470328
0.0 0.0 0.0 0

1745470329
0.0 0.0 0.0 0

1745470330
0.0 0.0 0.0 0

1745470332
0.0 0.0 0.0 0

1745470333
0.0 0.0 0.0 0

1745470334
0.0 0.0 0.0 0

1745470335
0.0 0.0 0.0 0

1745470336
0.0 0.0 0.0 0

1745470337
0.0 0.0 0.0 0

1745470338
0.0 0.0 0.0 0

1745470339
0.0 0.0 0.0 0

1745470340
0.0 0.0 0.0 0

1745470341
0.0 0.0 0.0 0

1745470342
0.0 0.0 0.0 0

1745470343
0.0 0.0 0.0 0

1745470344
0.0 0.0 0.0 0

1745470345
0.0 0.0 0.0 0

1745470346
0.0 0.0 0.0 0

1745470347
0.0 0.0 0.0 0

1745470348
0.0 0.0 0.0 0

1745470349
0.0 0.0 0.0 0

1745470350
0.0 0.0 0.0 0

1745470351
0.0 0.0 0.0 0

1745470352
0.0 0.0 0.0 0

1745470353
0.0 0.0 0.0 0

1745470354
0.0 0.0 0.0 0

1745470355
0.0 0.0 0.0 0

1745470356
0.0 0.0 0.0 0

1745470357
0.0 0.0 0.0 0

1745470358
0.0 0.0 0.0 0

1745470359
0.0 0.0 0.0 0

1745470360
0.0 0.0 0.0 1

1745470361
0.0 0.0 0.0 0

1745470362
0.0 0.0 0.0 0

1745470363
0.0 0.0 0.0 0

1745470364
0.0 0.0 0.0 0

1745470365
0.0 0.0 0.0 0

1745470366
0.0 0.0 0.0 0

1745470367
0.0 0.0 0.0 0

1745470368
0.0 0.0 0.0 0

1745470369
0.0 0.0 0.0 0

1745470370
0.0 0.0 0.0 0

1745470371
0.0 0.0 0.0 0

1745470372
0.0 0.0 0.0 0

1745470373
0.0 0.0 0.0 57

1745470374
0.0 0.0 0.0 0

1745470376
0.0 0.0 0.0 0

1745470377
0.0 0.0 0.0 0

1745470378
0.0 0.0 0.0 0

1745470379
0.0 0.0 0.0 0

1745470380
0.0 0.0 0.0 0

1745470381
0.0 0.0 0.0 0

1745470382
0.0 0.0 0.0 0

1745470383
0.0 0.0 0.0 0

1745470384
0.0 0.0 0.0 0

1745470385
0.0 0.0 0.0 0

1745470386
0.0 0.0 0.0 0

1745470387
0.0 0.0 0.0 0

1745470388
0.0 0.0 0.0 0

1745470389
0.0 0.0 0.0 0

1745470390
0.0 0.0 0.0 0

1745470391
0.0 0.0 0.0 0

1745470392
0.0 0.0 0.0 0

1745470393
0.0 0.0 0.0 0

1745470394
0.0 0.0 0.0 0

1745470396
0.0 0.0 0.0 0

1745470397
0.0 0.0 0.0 0

1745470398
0.0 0.0 0.0 0

1745470399
0.0 0.0 0.0 0

1745470400
0.0 0.0 0.0 0

1745470401
0.0 0.0 0.0 0

1745470402
0.0 0.0 0.0 0

1745470403
0.0 0.0 0.0 0

1745470404
0.0 0.0 0.0 0

1745470405
0.0 0.0 0.0 0

1745470407
0.0 0.0 0.0 0

1745470408
0.0 0.0 0.0 0

1745470409
0.0 0.0 0.0 0

1745470410
0.0 0.0 0.0 1

1745470411
0.0 0.0 0.0 0

1745470412
0.0 0.0 0.0 0

1745470413
0.0 0.0 0.0 0

1745470415
0.0 0.0 0.0 0

1745470416
0.0 0.0 0.0 0

1745470417
0.0 0.0 0.0 0

1745470418
0.0 0.0 0.0 0

1745470419
0.0 0.0 0.0 0

1745470420
0.0 0.0 0.0 0

1745470421
0.0 0.0 0.0 0

1745470422
0.0 0.0 0.0 0

1745470423
0.0 0.0 0.0 0

1745470424
0.0 0.0 0.0 0

1745470425
0.0 0.0 0.0 0

1745470426
0.0 0.0 0.0 0

1745470427
0.0 0.0 0.0 0

1745470428
0.0 0.0 0.0 0

1745470429
0.0 0.0 0.0 1

1745470430
0.0 0.0 0.0 0

1745470431
0.0 0.0 0.0 0

1745470432
0.0 0.0 0.0 0

1745470433
0.0 0.0 0.0 0

1745470434
0.0 0.0 0.0 0

1745470435
0.0 0.0 0.0 0

1745470436
0.0 0.0 0.0 0

1745470437
0.0 0.0 0.0 0

1745470438
0.0 0.0 0.0 0

1745470439
0.0 0.0 0.0 0

1745470440
0.0 0.0 0.0 0

1745470441
0.0 0.0 0.0 0

1745470442
0.0 0.0 0.0 0

1745470443
0.0 0.0 0.0 0

1745470444
0.0 0.0 0.0 0

1745470445
0.0 0.0 0.0 0

1745470446
0.0 0.0 0.0 0

1745470447
0.0 0.0 0.0 0

1745470448
0.0 0.0 0.0 0

1745470449
0.0 0.0 0.0 0

1745470450
0.0 0.0 0.0 0

1745470451
0.0 0.0 0.0 0

1745470452
0.0 0.0 0.0 0

1745470453
0.0 0.0 0.0 0

1745470454
0.0 0.0 0.0 0

1745470455
0.0 0.0 0.0 0

1745470456
0.0 0.0 0.0 0

1745470457
0.0 0.0 0.0 0

1745470458
0.0 0.0 0.0 0

1745470459
0.0 0.0 0.0 0

1745470460
0.0 0.0 0.0 0

1745470461
0.0 0.0 0.0 0

1745470462
0.0 0.0 0.0 0

1745470463
0.0 0.0 0.0 0

1745470464
0.0 0.0 0.0 0

1745470465
0.0 0.0 0.0 0

1745470466
0.0 0.0 0.0 0

1745470467
0.0 0.0 0.0 0

1745470468
0.0 0.0 0.0 0

1745470469
0.0 0.0 0.0 0

1745470470
0.0 0.0 0.0 0

1745470471
0.0 0.0 0.0 0

1745470472
0.0 0.0 0.0 0

1745470473
0.0 0.0 0.0 0

1745470474
0.0 0.0 0.0 0

1745470475
0.0 0.0 0.0 0

1745470476
0.0 0.0 0.0 0

1745470477
0.0 0.0 0.0 0

1745470478
0.0 0.0 0.0 0

1745470479
0.0 0.0 0.0 0

1745470480
0.0 0.0 0.0 0

1745470481
0.0 0.0 0.0 0

1745470482
0.0 0.0 0.0 0

1745470483
0.0 0.0 0.0 0

1745470484
0.0 0.0 0.0 0

1745470485
0.0 0.0 0.0 0

1745470486
0.0 0.0 0.0 0

1745470487
0.0 0.0 0.0 0

1745470488
0.0 0.0 0.0 0

1745470489
0.0 0.0 0.0 0

1745470490
0.0 0.0 0.0 0

1745470491
0.0 0.0 0.0 0

1745470492
0.0 0.0 0.0 0

1745470493
0.0 0.0 0.0 0

1745470494
0.0 0.0 0.0 0

1745470495
0.0 0.0 0.0 0

1745470496
0.0 0.0 0.0 0

1745470497
0.0 0.0 0.0 29

1745470498
0.0 0.0 0.0 141

1745470499
0.0 0.0 0.0 0

1745470500
0.0 0.0 0.0 0

1745470501
0.0 0.0 0.0 0

1745470502
0.0 0.0 0.0 0

1745470503
0.0 0.0 0.0 0

1745470504
0.0 0.0 0.0 0

1745470505
0.0 0.0 0.0 0

1745470506
0.0 0.0 0.0 0

1745470507
0.0 0.0 0.0 0

1745470508
0.0 0.0 0.0 11

1745470509
0.0 0.0 0.0 0

1745470510
0.0 0.0 0.0 0

1745470511
0.0 0.0 0.0 0

1745470512
0.0 0.0 0.0 51

1745470513
0.0 0.0 0.0 0

1745470514
0.0 0.0 0.0 0

1745470515
0.0 0.0 0.0 0

1745470516
0.0 0.0 0.0 0

1745470517
0.0 0.0 0.0 0

1745470518
0.0 0.0 0.0 0

1745470519
0.0 0.0 0.0 0

1745470520
0.0 0.0 0.0 0

1745470521
0.0 0.0 0.0 0

1745470522
0.0 0.0 0.0 0

1745470523
0.0 0.0 0.0 0

1745470524
0.0 0.0 0.0 0

1745470525
0.0 0.0 0.0 0

1745470526
0.0 0.0 0.0 0

1745470527
0.0 0.0 0.0 0

1745470528
0.0 0.0 0.0 0

1745470529
0.0 0.0 0.0 0

1745470530
0.0 0.0 0.0 0

1745470531
0.0 0.0 0.0 0

1745470532
0.0 0.0 0.0 0

1745470533
0.0 0.0 0.0 0

1745470534
0.0 0.0 0.0 0

1745470535
0.0 0.0 0.0 0

1745470536
0.0 0.0 0.0 0

1745470537
0.0 0.0 0.0 0

1745470538
0.0 0.0 0.0 0

1745470539
0.0 0.0 0.0 0

1745470540
0.0 0.0 0.0 0

1745470541
0.0 0.0 0.0 1

1745470542
0.0 0.0 0.0 0

1745470543
0.0 0.0 0.0 0

1745470544
0.0 0.0 0.0 0

1745470545
0.0 0.0 0.0 0

1745470546
0.0 0.0 0.0 0

1745470547
0.0 0.0 0.0 0

1745470548
0.0 0.0 0.0 0

1745470549
0.0 0.0 0.0 0

1745470550
0.0 0.0 0.0 0

1745470551
0.0 0.0 0.0 0

1745470552
0.0 0.0 0.0 0

1745470553
0.0 0.0 0.0 0

1745470554
0.0 0.0 0.0 0

1745470555
0.0 0.0 0.0 0

1745470556
0.0 0.0 0.0 0

1745470557
0.0 0.0 0.0 0

1745470558
0.0 0.0 0.0 0

1745470559
0.0 0.0 0.0 0

1745470560
0.0 0.0 0.0 0

1745470561
0.0 0.0 0.0 0

1745470562
0.0 0.0 0.0 0

1745470563
0.0 0.0 0.0 0

1745470564
0.0 0.0 0.0 0

1745470565
0.0 0.0 0.0 0

1745470566
0.0 0.0 0.0 0

1745470567
0.0 0.0 0.0 0

1745470568
0.0 0.0 0.0 0

1745470569
0.0 0.0 0.0 0

1745470570
0.0 0.0 0.0 0

1745470571
0.0 0.0 0.0 0

1745470572
0.0 0.0 0.0 0

1745470573
0.0 0.0 0.0 0

1745470574
0.0 0.0 0.0 0

1745470575
0.0 0.0 0.0 0

1745470576
0.0 0.0 0.0 0

1745470577
0.0 0.0 0.0 0

1745470578
0.0 0.0 0.0 0

1745470579
0.0 0.0 0.0 0

1745470580
0.0 0.0 0.0 0

1745470581
0.0 0.0 0.0 0

1745470582
0.0 0.0 0.0 0

1745470583
0.0 0.0 0.0 0

1745470584
0.0 0.0 0.0 0

1745470585
0.0 0.0 0.0 0

1745470586
0.0 0.0 0.0 0

1745470587
0.0 0.0 0.0 0

1745470588
0.0 0.0 0.0 0

1745470590
0.0 0.0 0.0 0

1745470591
0.0 0.0 0.0 0

1745470592
0.0 0.0 0.0 0

1745470593
0.0 0.0 0.0 0

1745470594
0.0 0.0 0.0 0

1745470595
0.0 0.0 0.0 0

1745470596
0.0 0.0 0.0 0

1745470597
0.0 0.0 0.0 0

1745470598
0.0 0.0 0.0 0

1745470599
0.0 0.0 0.0 0

1745470600
0.0 0.0 0.0 0

1745470601
0.0 0.0 0.0 0

1745470602
0.0 0.0 0.0 0

1745470603
0.0 0.0 0.0 0

1745470604
0.0 0.0 0.0 0

1745470605
0.0 0.0 0.0 0

1745470606
0.0 0.0 0.0 0

1745470607
0.0 0.0 0.0 0

1745470608
0.0 0.0 0.0 0

1745470609
0.0 0.0 0.0 0

1745470610
0.0 0.0 0.0 0

1745470611
0.0 0.0 0.0 0

1745470612
0.0 0.0 0.0 0

1745470613
0.0 0.0 0.0 0

1745470614
0.0 0.0 0.0 0

1745470615
0.0 0.0 0.0 0

1745470616
0.0 0.0 0.0 0

1745470617
0.0 0.0 0.0 0

1745470618
0.0 0.0 0.0 0

1745470619
0.0 0.0 0.0 0

1745470620
0.0 0.0 0.0 0

1745470621
0.0 0.0 0.0 0

1745470623
0.0 0.0 0.0 0

1745470624
0.0 0.0 0.0 0

1745470626
0.0 0.0 0.0 0

1745470627
0.0 0.0 0.0 0

1745470628
0.0 0.0 0.0 0

1745470629
0.0 0.0 0.0 0

1745470630
0.0 0.0 0.0 0

1745470631
0.0 0.0 0.0 1

1745470632
0.0 0.0 0.0 0

1745470633
0.0 0.0 0.0 0

1745470634
0.0 0.0 0.0 0

1745470635
0.0 0.0 0.0 0

1745470636
0.0 0.0 0.0 0

1745470637
0.0 0.0 0.0 0

1745470638
0.0 0.0 0.0 0

1745470639
0.0 0.0 0.0 0

1745470640
0.0 0.0 0.0 0

1745470641
0.0 0.0 0.0 0

1745470642
0.0 0.0 0.0 0

1745470643
0.0 0.0 0.0 0

1745470644
0.0 0.0 0.0 0

1745470645
0.0 0.0 0.0 0

1745470646
0.0 0.0 0.0 0

1745470647
0.0 0.0 0.0 0

1745470648
0.0 0.0 0.0 0

1745470649
0.0 0.0 0.0 0

1745470650
0.0 0.0 0.0 0

1745470651
0.0 0.0 0.0 0

1745470652
0.0 0.0 0.0 0

1745470653
0.0 0.0 0.0 0

1745470654
0.0 0.0 0.0 0

1745470655
0.0 0.0 0.0 0

1745470656
0.0 0.0 0.0 0

1745470657
0.0 0.0 0.0 0

1745470658
0.0 0.0 0.0 0

1745470659
0.0 0.0 0.0 0

1745470660
0.0 0.0 0.0 0

1745470661
0.0 0.0 0.0 0

1745470662
0.0 0.0 0.0 0

1745470663
0.0 0.0 0.0 0

1745470664
0.0 0.0 0.0 0

1745470665
0.0 0.0 0.0 0

1745470666
0.0 0.0 0.0 0

1745470667
0.0 0.0 0.0 0

1745470668
0.0 0.0 0.0 0

1745470669
0.0 0.0 0.0 0

1745470670
0.0 0.0 0.0 0

1745470671
0.0 0.0 0.0 0

1745470672
0.0 0.0 0.0 0

1745470673
0.0 0.0 0.0 0

1745470674
0.0 0.0 0.0 0

1745470675
0.0 0.0 0.0 0

1745470676
0.0 0.0 0.0 0

1745470677
0.0 0.0 0.0 0

1745470678
0.0 0.0 0.0 0

1745470679
0.0 0.0 0.0 0

1745470680
0.0 0.0 0.0 0

1745470681
0.0 0.0 0.0 0

1745470682
0.0 0.0 0.0 0

1745470683
0.0 0.0 0.0 0

1745470684
0.0 0.0 0.0 0

1745470685
0.0 0.0 0.0 0

1745470686
0.0 0.0 0.0 0

1745470687
0.0 0.0 0.0 0

1745470688
0.0 0.0 0.0 0

1745470689
0.0 0.0 0.0 0

1745470691
0.0 0.0 0.0 0

1745470692
0.0 0.0 0.0 0

1745470693
0.0 0.0 0.0 0

1745470694
0.0 0.0 0.0 0

1745470695
0.0 0.0 0.0 0

1745470696
0.0 0.0 0.0 0

1745470697
0.0 0.0 0.0 0

1745470698
0.0 0.0 0.0 0

1745470699
0.0 0.0 0.0 0

1745470700
0.0 0.0 0.0 0

1745470701
0.0 0.0 0.0 0

1745470702
0.0 0.0 0.0 0

1745470703
0.0 0.0 0.0 0

1745470704
0.0 0.0 0.0 0

1745470705
0.0 0.0 0.0 0

1745470706
0.0 0.0 0.0 0

1745470707
0.0 0.0 0.0 0

1745470708
0.0 0.0 0.0 0

1745470709
0.0 0.0 0.0 0

1745470710
0.0 0.0 0.0 0

1745470711
0.0 0.0 0.0 0

1745470712
0.0 0.0 0.0 0

1745470713
0.0 0.0 0.0 0

1745470714
0.0 0.0 0.0 0

1745470715
0.0 0.0 0.0 0

1745470716
0.0 0.0 0.0 0

1745470717
0.0 0.0 0.0 0

1745470718
0.0 0.0 0.0 0

1745470719
0.0 0.0 0.0 0

1745470720
0.0 0.0 0.0 0

1745470721
0.0 0.0 0.0 0

1745470722
0.0 0.0 0.0 0

1745470723
0.0 0.0 0.0 0

1745470724
0.0 0.0 0.0 0

1745470725
0.0 0.0 0.0 0

1745470726
0.0 0.0 0.0 0

1745470727
0.0 0.0 0.0 0

1745470728
0.0 0.0 0.0 0

1745470729
0.0 0.0 0.0 0

1745470730
0.0 0.0 0.0 0

1745470731
0.0 0.0 0.0 0

1745470732
0.0 0.0 0.0 0

1745470733
0.0 0.0 0.0 0

1745470734
0.0 0.0 0.0 0

1745470735
0.0 0.0 0.0 0

1745470736
0.0 0.0 0.0 0

1745470737
0.0 0.0 0.0 0

1745470738
0.0 0.0 0.0 0

1745470739
0.0 0.0 0.0 0

1745470740
0.0 0.0 0.0 0

1745470741
0.0 0.0 0.0 0

1745470742
0.0 0.0 0.0 0

1745470743
0.0 0.0 0.0 0

1745470744
0.0 0.0 0.0 0

1745470745
0.0 0.0 0.0 0

1745470746
0.0 0.0 0.0 0

1745470747
0.0 0.0 0.0 0

1745470748
0.0 0.0 0.0 0

1745470749
0.0 0.0 0.0 0

1745470750
0.0 0.0 0.0 0

1745470751
0.0 0.0 0.0 0

1745470752
0.0 0.0 0.0 0

1745470753
0.0 0.0 0.0 0

1745470754
0.0 0.0 0.0 0

1745470755
0.0 0.0 0.0 0

1745470756
0.0 0.0 0.0 0

1745470757
0.0 0.0 0.0 0

1745470758
0.0 0.0 0.0 0

1745470759
0.0 0.0 0.0 0

1745470760
0.0 0.0 0.0 0

1745470761
0.0 0.0 0.0 0

1745470762
0.0 0.0 0.0 0

1745470763
0.0 0.0 0.0 0

1745470764
0.0 0.0 0.0 0

1745470765
0.0 0.0 0.0 0

1745470766
0.0 0.0 0.0 0

1745470767
0.0 0.0 0.0 0

1745470768
0.0 0.0 0.0 0

1745470769
0.0 0.0 0.0 0

1745470770
0.0 0.0 0.0 0

1745470771
0.0 0.0 0.0 0

1745470772
0.0 0.0 0.0 0

1745470773
0.0 0.0 0.0 0

1745470774
0.0 0.0 0.0 0

1745470775
0.0 0.0 0.0 0

1745470776
0.0 0.0 0.0 0

1745470777
0.0 0.0 0.0 0

1745470778
0.0 0.0 0.0 0

1745470779
0.0 0.0 0.0 0

1745470780
0.0 0.0 0.0 0

1745470781
0.0 0.0 0.0 0

1745470782
0.0 0.0 0.0 0

1745470783
0.0 0.0 0.0 0

1745470784
0.0 0.0 0.0 0

1745470785
0.0 0.0 0.0 0

1745470786
0.0 0.0 0.0 0

1745470787
0.0 0.0 0.0 0

1745470788
0.0 0.0 0.0 0

1745470789
0.0 0.0 0.0 0

1745470790
0.0 0.0 0.0 0

1745470791
0.0 0.0 0.0 0

1745470792
0.0 0.0 0.0 0

1745470793
0.0 0.0 0.0 0

1745470794
0.0 0.0 0.0 0

1745470795
0.0 0.0 0.0 0

1745470796
0.0 0.0 0.0 0

1745470797
0.0 0.0 0.0 0

1745470798
0.0 0.0 0.0 0

1745470799
0.0 0.0 0.0 0

1745470800
0.0 0.0 0.0 0

1745470801
0.0 0.0 0.0 0

1745470802
0.0 0.0 0.0 0

1745470803
0.0 0.0 0.0 0

1745470804
0.0 0.0 0.0 0

1745470805
0.0 0.0 0.0 0

1745470806
0.0 0.0 0.0 0

1745470807
0.0 0.0 0.0 0

1745470808
0.0 0.0 0.0 0

1745470809
0.0 0.0 0.0 0

1745470810
0.0 0.0 0.0 0

1745470811
0.0 0.0 0.0 0

1745470812
0.0 0.0 0.0 0

1745470813
0.0 0.0 0.0 0

1745470814
0.0 0.0 0.0 0

1745470815
0.0 0.0 0.0 0

1745470816
0.0 0.0 0.0 0

1745470817
0.0 0.0 0.0 0

1745470818
0.0 0.0 0.0 0

1745470819
0.0 0.0 0.0 0

1745470820
0.0 0.0 0.0 0

1745470821
0.0 0.0 0.0 0

1745470822
0.0 0.0 0.0 0

1745470823
0.0 0.0 0.0 0

1745470824
0.0 0.0 0.0 0

1745470825
0.0 0.0 0.0 0

1745470826
0.0 0.0 0.0 0

1745470827
0.0 0.0 0.0 0

1745470828
0.0 0.0 0.0 0

1745470829
0.0 0.0 0.0 0

1745470830
0.0 0.0 0.0 0

1745470831
0.0 0.0 0.0 0

1745470832
0.0 0.0 0.0 0

1745470833
0.0 0.0 0.0 0

1745470834
0.0 0.0 0.0 0

1745470835
0.0 0.0 0.0 0

1745470836
0.0 0.0 0.0 0

1745470837
0.0 0.0 0.0 0

1745470838
0.0 0.0 0.0 0

1745470839
0.0 0.0 0.0 0

1745470840
0.0 0.0 0.0 0

1745470841
0.0 0.0 0.0 0

1745470842
0.0 0.0 0.0 0

1745470843
0.0 0.0 0.0 0

1745470844
0.0 0.0 0.0 0

1745470845
0.0 0.0 0.0 0

1745470846
0.0 0.0 0.0 0

1745470847
0.0 0.0 0.0 0

1745470848
0.0 0.0 0.0 0

1745470849
0.0 0.0 0.0 0

1745470850
0.0 0.0 0.0 0

1745470851
0.0 0.0 0.0 0

1745470852
0.0 0.0 0.0 0

1745470853
0.0 0.0 0.0 0

1745470854
0.0 0.0 0.0 0

1745470855
0.0 0.0 0.0 0

1745470856
0.0 0.0 0.0 1

1745470857
0.0 0.0 0.0 0

1745470858
0.0 0.0 0.0 0

1745470859
0.0 0.0 0.0 0

1745470860
0.0 0.0 0.0 0

1745470861
0.0 0.0 0.0 0

1745470862
0.0 0.0 0.0 0

1745470863
0.0 0.0 0.0 0

1745470864
0.0 0.0 0.0 0

1745470865
0.0 0.0 0.0 0

1745470866
0.0 0.0 0.0 0

1745470867
0.0 0.0 0.0 0

1745470868
0.0 0.0 0.0 0

1745470869
0.0 0.0 0.0 0

1745470870
0.0 0.0 0.0 0

1745470871
0.0 0.0 0.0 0

1745470872
0.0 0.0 0.0 0

1745470873
0.0 0.0 0.0 0

1745470874
0.0 0.0 0.0 0

1745470875
0.0 0.0 0.0 0

1745470876
0.0 0.0 0.0 0

1745470877
0.0 0.0 0.0 0

1745470878
0.0 0.0 0.0 0

1745470879
0.0 0.0 0.0 0

1745470880
0.0 0.0 0.0 0

1745470881
0.0 0.0 0.0 0

1745470882
0.0 0.0 0.0 0

1745470883
0.0 0.0 0.0 0

1745470884
0.0 0.0 0.0 0

1745470885
0.0 0.0 0.0 0

1745470886
0.0 0.0 0.0 0

1745470887
0.0 0.0 0.0 0

1745470888
0.0 0.0 0.0 0

1745470889
0.0 0.0 0.0 0

1745470890
0.0 0.0 0.0 0

1745470891
0.0 0.0 0.0 0

1745470892
0.0 0.0 0.0 0

1745470893
0.0 0.0 0.0 0

1745470894
0.0 0.0 0.0 0

1745470895
0.0 0.0 0.0 0

1745470896
0.0 0.0 0.0 0

1745470897
0.0 0.0 0.0 0

1745470898
0.0 0.0 0.0 0

1745470899
0.0 0.0 0.0 0

1745470900
0.0 0.0 0.0 0

1745470901
0.0 0.0 0.0 0

1745470902
0.0 0.0 0.0 0

1745470903
0.0 0.0 0.0 0

1745470904
0.0 0.0 0.0 0

1745470905
0.0 0.0 0.0 0

1745470906
0.0 0.0 0.0 0

1745470907
0.0 0.0 0.0 0

1745470908
0.0 0.0 0.0 0

1745470909
0.0 0.0 0.0 0

1745470910
0.0 0.0 0.0 0

1745470911
0.0 0.0 0.0 0

1745470912
0.0 0.0 0.0 0

1745470913
0.0 0.0 0.0 0

1745470914
0.0 0.0 0.0 0

1745470915
0.0 0.0 0.0 0

1745470916
0.0 0.0 0.0 0

1745470917
0.0 0.0 0.0 0

1745470918
0.0 0.0 0.0 0

1745470919
0.0 0.0 0.0 0

1745470920
0.0 0.0 0.0 0

1745470921
0.0 0.0 0.0 0

1745470922
0.0 0.0 0.0 0

1745470923
0.0 0.0 0.0 0

1745470924
0.0 0.0 0.0 0

1745470925
0.0 0.0 0.0 0

1745470926
0.0 0.0 0.0 0

1745470927
0.0 0.0 0.0 0

1745470928
0.0 0.0 0.0 0

1745470929
0.0 0.0 0.0 0

1745470930
0.0 0.0 0.0 0

1745470931
0.0 0.0 0.0 0

1745470932
0.0 0.0 0.0 0

1745470933
0.0 0.0 0.0 0

1745470934
0.0 0.0 0.0 0

1745470935
0.0 0.0 0.0 0

1745470936
0.0 0.0 0.0 0

1745470937
0.0 0.0 0.0 0

1745470938
0.0 0.0 0.0 0

1745470939
0.0 0.0 0.0 0

1745470940
0.0 0.0 0.0 0

1745470941
0.0 0.0 0.0 0

1745470942
0.0 0.0 0.0 0

1745470943
0.0 0.0 0.0 0

1745470944
0.0 0.0 0.0 0

1745470945
0.0 0.0 0.0 0

1745470946
0.0 0.0 0.0 0

1745470947
0.0 0.0 0.0 0

1745470948
0.0 0.0 0.0 0

1745470949
0.0 0.0 0.0 0

1745470950
0.0 0.0 0.0 0

1745470951
0.0 0.0 0.0 0

1745470952
0.0 0.0 0.0 0

1745470953
0.0 0.0 0.0 0

1745470954
0.0 0.0 0.0 0

1745470955
0.0 0.0 0.0 0

1745470956
0.0 0.0 0.0 0

1745470957
0.0 0.0 0.0 0

1745470958
0.0 0.0 0.0 0

1745470959
0.0 0.0 0.0 0

1745470960
0.0 0.0 0.0 0

1745470961
0.0 0.0 0.0 0

1745470962
0.0 0.0 0.0 0

1745470963
0.0 0.0 0.0 0

1745470964
0.0 0.0 0.0 0

1745470965
0.0 0.0 0.0 0

1745470966
0.0 0.0 0.0 0

1745470967
0.0 0.0 0.0 0

1745470968
0.0 0.0 0.0 0

1745470969
0.0 0.0 0.0 0

1745470970
0.0 0.0 0.0 0

1745470971
0.0 0.0 0.0 0

1745470972
0.0 0.0 0.0 0

1745470973
0.0 0.0 0.0 0

1745470974
0.0 0.0 0.0 0

1745470975
0.0 0.0 0.0 0

1745470976
0.0 0.0 0.0 0

1745470977
0.0 0.0 0.0 0

1745470978
0.0 0.0 0.0 0

1745470979
0.0 0.0 0.0 0

1745470980
0.0 0.0 0.0 0

1745470981
0.0 0.0 0.0 0

1745470982
0.0 0.0 0.0 0

1745470983
0.0 0.0 0.0 0

1745470984
0.0 0.0 0.0 0

1745470985
0.0 0.0 0.0 0

1745470986
0.0 0.0 0.0 0

1745470987
0.0 0.0 0.0 0

1745470988
0.0 0.0 0.0 0

1745470989
0.0 0.0 0.0 0

1745470990
0.0 0.0 0.0 0

1745470991
0.0 0.0 0.0 0

1745470992
0.0 0.0 0.0 0

1745470993
0.0 0.0 0.0 0

1745470994
0.0 0.0 0.0 1

1745470995
0.0 0.0 0.0 0

1745470996
0.0 0.0 0.0 0

1745470997
0.0 0.0 0.0 0

1745470998
0.0 0.0 0.0 0

1745470999
0.0 0.0 0.0 0

1745471000
0.0 0.0 0.0 0

1745471001
0.0 0.0 0.0 0

1745471002
0.0 0.0 0.0 0

1745471003
0.0 0.0 0.0 0

1745471004
0.0 0.0 0.0 0

1745471005
0.0 0.0 0.0 0

1745471006
0.0 0.0 0.0 0

1745471007
0.0 0.0 0.0 0

1745471008
0.0 0.0 0.0 0

1745471009
0.0 0.0 0.0 0

1745471010
0.0 0.0 0.0 0

1745471011
0.0 0.0 0.0 0

1745471012
0.0 0.0 0.0 0

1745471013
0.0 0.0 0.0 0

1745471014
0.0 0.0 0.0 0

1745471015
0.0 0.0 0.0 0

1745471016
0.0 0.0 0.0 0

1745471017
0.0 0.0 0.0 0

1745471018
0.0 0.0 0.0 0

1745471019
0.0 0.0 0.0 0

1745471020
0.0 0.0 0.0 0

1745471021
0.0 0.0 0.0 0

1745471022
0.0 0.0 0.0 0

1745471023
0.0 0.0 0.0 0

1745471024
0.0 0.0 0.0 0

1745471025
0.0 0.0 0.0 0

1745471026
0.0 0.0 0.0 0

1745471027
0.0 0.0 0.0 0

1745471028
0.0 0.0 0.0 0

1745471029
0.0 0.0 0.0 0

1745471030
0.0 0.0 0.0 0

1745471031
0.0 0.0 0.0 0

1745471032
0.0 0.0 0.0 0

1745471033
0.0 0.0 0.0 0

1745471034
0.0 0.0 0.0 0

1745471035
0.0 0.0 0.0 0

1745471036
0.0 0.0 0.0 0

1745471037
0.0 0.0 0.0 0

1745471038
0.0 0.0 0.0 0

1745471039
0.0 0.0 0.0 0

1745471040
0.0 0.0 0.0 0

1745471041
0.0 0.0 0.0 0

1745471042
0.0 0.0 0.0 0

1745471043
0.0 0.0 0.0 0

1745471044
0.0 0.0 0.0 0

1745471045
0.0 0.0 0.0 0

1745471046
0.0 0.0 0.0 0

1745471047
0.0 0.0 0.0 0

1745471048
0.0 0.0 0.0 0

1745471049
0.0 0.0 0.0 0

1745471050
0.0 0.0 0.0 0

1745471051
0.0 0.0 0.0 0

1745471052
0.0 0.0 0.0 0

1745471053
0.0 0.0 0.0 0

1745471054
0.0 0.0 0.0 0

1745471055
0.0 0.0 0.0 0

1745471056
0.0 0.0 0.0 0

1745471057
0.0 0.0 0.0 0

1745471058
0.0 0.0 0.0 0

1745471059
0.0 0.0 0.0 0

1745471060
0.0 0.0 0.0 0

1745471061
0.0 0.0 0.0 0

1745471062
0.0 0.0 0.0 0

1745471063
0.0 0.0 0.0 0

1745471064
0.0 0.0 0.0 0

1745471065
0.0 0.0 0.0 0

1745471066
0.0 0.0 0.0 0

1745471067
0.0 0.0 0.0 0

1745471068
0.0 0.0 0.0 0

1745471069
0.0 0.0 0.0 0

1745471070
0.0 0.0 0.0 0

1745471071
0.0 0.0 0.0 0

1745471072
0.0 0.0 0.0 0

1745471073
0.0 0.0 0.0 0

1745471074
0.0 0.0 0.0 0

1745471075
0.0 0.0 0.0 0

1745471076
0.0 0.0 0.0 0

1745471077
0.0 0.0 0.0 0

1745471078
0.0 0.0 0.0 0

1745471079
0.0 0.0 0.0 0

1745471080
0.0 0.0 0.0 0

1745471081
0.0 0.0 0.0 0

1745471082
0.0 0.0 0.0 0

1745471083
0.0 0.0 0.0 0

1745471084
0.0 0.0 0.0 0

1745471085
0.0 0.0 0.0 0

1745471086
0.0 0.0 0.0 0

1745471087
0.0 0.0 0.0 0

1745471088
0.0 0.0 0.0 0

1745471089
0.0 0.0 0.0 0

1745471090
0.0 0.0 0.0 0

1745471091
0.0 0.0 0.0 0

1745471092
0.0 0.0 0.0 0

1745471093
0.0 0.0 0.0 0

1745471094
0.0 0.0 0.0 0

1745471095
0.0 0.0 0.0 0

1745471096
0.0 0.0 0.0 0

1745471097
0.0 0.0 0.0 0

1745471098
0.0 0.0 0.0 0

1745471099
0.0 0.0 0.0 0

1745471100
0.0 0.0 0.0 0

1745471101
0.0 0.0 0.0 0

1745471102
0.0 0.0 0.0 0

1745471103
0.0 0.0 0.0 0

1745471104
0.0 0.0 0.0 0

1745471105
0.0 0.0 0.0 0

1745471106
0.0 0.0 0.0 0

1745471107
0.0 0.0 0.0 0

1745471108
0.0 0.0 0.0 0

1745471109
0.0 0.0 0.0 0

1745471110
0.0 0.0 0.0 0

1745471111
0.0 0.0 0.0 0

1745471112
0.0 0.0 0.0 0

1745471113
0.0 0.0 0.0 0

1745471114
0.0 0.0 0.0 0

1745471115
0.0 0.0 0.0 0

1745471117
0.0 0.0 0.0 0

1745471118
0.0 0.0 0.0 0

1745471119
0.0 0.0 0.0 0

1745471120
0.0 0.0 0.0 0

1745471121
0.0 0.0 0.0 0

1745471122
0.0 0.0 0.0 0

1745471123
0.0 0.0 0.0 0

1745471124
0.0 0.0 0.0 0

1745471125
0.0 0.0 0.0 0

1745471126
0.0 0.0 0.0 0

1745471127
0.0 0.0 0.0 0

1745471128
0.0 0.0 0.0 0

1745471129
0.0 0.0 0.0 0

1745471130
0.0 0.0 0.0 0

1745471131
0.0 0.0 0.0 0

1745471132
0.0 0.0 0.0 0

1745471133
0.0 0.0 0.0 0

1745471134
0.0 0.0 0.0 0

1745471135
0.0 0.0 0.0 0

1745471136
0.0 0.0 0.0 0

1745471137
0.0 0.0 0.0 0

1745471138
0.0 0.0 0.0 0

1745471139
0.0 0.0 0.0 0

1745471140
0.0 0.0 0.0 0

1745471141
0.0 0.0 0.0 0

1745471142
0.0 0.0 0.0 0

1745471143
0.0 0.0 0.0 0

1745471144
0.0 0.0 0.0 0

1745471145
0.0 0.0 0.0 0

1745471146
0.0 0.0 0.0 0

1745471147
0.0 0.0 0.0 0

1745471148
0.0 0.0 0.0 0

1745471149
0.0 0.0 0.0 0

1745471150
0.0 0.0 0.0 0

1745471151
0.0 0.0 0.0 0

1745471152
0.0 0.0 0.0 0

1745471153
0.0 0.0 0.0 0

1745471154
0.0 0.0 0.0 0

1745471155
0.0 0.0 0.0 0

1745471156
0.0 0.0 0.0 0

1745471157
0.0 0.0 0.0 0

1745471158
0.0 0.0 0.0 0

1745471159
0.0 0.0 0.0 0

1745471160
0.0 0.0 0.0 0

1745471161
0.0 0.0 0.0 0

1745471162
0.0 0.0 0.0 0

1745471163
0.0 0.0 0.0 0

1745471164
0.0 0.0 0.0 0

1745471165
0.0 0.0 0.0 0

1745471166
0.0 0.0 0.0 0

1745471167
0.0 0.0 0.0 0

1745471168
0.0 0.0 0.0 0

1745471170
0.0 0.0 0.0 0

1745471171
0.0 0.0 0.0 0

1745471172
0.0 0.0 0.0 0

1745471173
0.0 0.0 0.0 0

1745471175
0.0 0.0 0.0 0

1745471176
0.0 0.0 0.0 0

1745471177
0.0 0.0 0.0 0

1745471178
0.0 0.0 0.0 68

1745471179
0.18 0.03 0.0 24012

1745471180
0.18 0.03 0.0 0

1745471181
0.14 0.03 0.0 0

1745471182
0.14 0.03 0.0 0

1745471183
0.12 0.02 0.0 0

1745471184
0.12 0.02 0.0 0

1745471185
0.09 0.02 0.0 0

1745471186
0.09 0.02 0.0 0

1745471187
0.08 0.02 0.0 0

1745471188
0.08 0.02 0.0 0

1745471189
0.06 0.02 0.0 0

1745471190
0.06 0.02 0.0 0

1745471191
0.05 0.02 0.0 0

1745471192
0.05 0.02 0.0 0

1745471193
0.04 0.02 0.0 0

1745471194
0.04 0.02 0.0 0

1745471195
0.03 0.02 0.0 0

1745471196
0.03 0.02 0.0 0

1745471197
0.02 0.02 0.0 0

1745471198
0.02 0.02 0.0 0

1745471199
0.02 0.02 0.0 0

1745471200
0.02 0.02 0.0 0

1745471201
0.01 0.02 0.0 0

1745471202
0.01 0.02 0.0 0

1745471203
0.01 0.02 0.0 0

1745471204
0.01 0.02 0.0 0

1745471205
0.01 0.01 0.0 0

1745471206
0.01 0.01 0.0 0

1745471207
0.0 0.01 0.0 0

1745471208
0.0 0.01 0.0 0

1745471209
0.0 0.01 0.0 0

1745471210
0.0 0.01 0.0 0

1745471211
0.0 0.01 0.0 0

1745471212
0.0 0.01 0.0 1

1745471213
0.0 0.01 0.0 0

1745471214
0.0 0.01 0.0 0

1745471215
0.0 0.01 0.0 0

1745471216
0.0 0.01 0.0 0

1745471217
0.0 0.01 0.0 0

1745471218
0.0 0.01 0.0 0

1745471219
0.0 0.01 0.0 0

1745471220
0.0 0.01 0.0 0

1745471221
0.0 0.01 0.0 0

1745471222
0.0 0.01 0.0 0

1745471223
0.0 0.01 0.0 0

1745471224
0.0 0.01 0.0 0

1745471225
0.0 0.01 0.0 0

1745471226
0.0 0.01 0.0 0

1745471227
0.0 0.01 0.0 0

1745471228
0.0 0.01 0.0 0

1745471229
0.0 0.01 0.0 0

1745471230
0.0 0.01 0.0 0

1745471231
0.0 0.01 0.0 0

1745471232
0.0 0.01 0.0 0

1745471233
0.0 0.0 0.0 0

1745471234
0.0 0.0 0.0 0

1745471235
0.0 0.0 0.0 0

1745471236
0.0 0.0 0.0 0

1745471237
0.0 0.0 0.0 0

1745471238
0.0 0.0 0.0 0

1745471239
0.0 0.0 0.0 0

1745471240
0.0 0.0 0.0 0

1745471241
0.0 0.0 0.0 0

1745471242
0.0 0.0 0.0 0

1745471243
0.0 0.0 0.0 0

1745471244
0.0 0.0 0.0 68

1745471245
0.0 0.0 0.0 0

1745471246
0.0 0.0 0.0 0

1745471247
0.0 0.0 0.0 0

1745471248
0.0 0.0 0.0 0

1745471249
0.0 0.0 0.0 0

1745471250
0.0 0.0 0.0 0

1745471251
0.0 0.0 0.0 0

1745471252
0.0 0.0 0.0 0

1745471253
0.0 0.0 0.0 0

1745471254
0.0 0.0 0.0 0

1745471255
0.0 0.0 0.0 0

1745471256
0.0 0.0 0.0 0

1745471257
0.0 0.0 0.0 0

1745471258
0.0 0.0 0.0 0

1745471259
0.0 0.0 0.0 0

1745471260
0.0 0.0 0.0 0

1745471261
0.0 0.0 0.0 0

1745471262
0.0 0.0 0.0 0

1745471263
0.0 0.0 0.0 0

1745471264
0.0 0.0 0.0 0

1745471265
0.0 0.0 0.0 1

1745471266
0.0 0.0 0.0 0

1745471267
0.0 0.0 0.0 0

1745471268
0.0 0.0 0.0 0

1745471269
0.0 0.0 0.0 0

1745471270
0.0 0.0 0.0 0

1745471271
0.0 0.0 0.0 0

1745471272
0.0 0.0 0.0 0

1745471273
0.0 0.0 0.0 0

1745471274
0.0 0.0 0.0 0

1745471275
0.0 0.0 0.0 0

1745471276
0.0 0.0 0.0 0

1745471277
0.0 0.0 0.0 0

1745471278
0.0 0.0 0.0 0

1745471279
0.0 0.0 0.0 0

1745471280
0.0 0.0 0.0 0

1745471281
0.0 0.0 0.0 0

1745471282
0.0 0.0 0.0 0

1745471283
0.0 0.0 0.0 0

1745471284
0.0 0.0 0.0 0

1745471285
0.0 0.0 0.0 0

1745471286
0.0 0.0 0.0 0

1745471287
0.0 0.0 0.0 0

1745471288
0.0 0.0 0.0 0

1745471289
0.0 0.0 0.0 0

1745471290
0.0 0.0 0.0 0

1745471291
0.0 0.0 0.0 0

1745471292
0.0 0.0 0.0 0

1745471293
0.0 0.0 0.0 0

1745471294
0.0 0.0 0.0 0

1745471295
0.0 0.0 0.0 0

1745471296
0.0 0.0 0.0 0

1745471297
0.0 0.0 0.0 0

1745471298
0.0 0.0 0.0 0

1745471299
0.0 0.0 0.0 0

1745471300
0.0 0.0 0.0 0

1745471301
0.0 0.0 0.0 0

1745471302
0.0 0.0 0.0 0

1745471303
0.0 0.0 0.0 0

1745471304
0.0 0.0 0.0 0

1745471305
0.0 0.0 0.0 0

1745471306
0.0 0.0 0.0 0

1745471307
0.0 0.0 0.0 0

1745471308
0.0 0.0 0.0 0

1745471309
0.0 0.0 0.0 0

1745471310
0.0 0.0 0.0 0

1745471311
0.0 0.0 0.0 0

1745471312
0.0 0.0 0.0 0

1745471313
0.0 0.0 0.0 0

1745471314
0.0 0.0 0.0 0

1745471315
0.0 0.0 0.0 0

1745471316
0.0 0.0 0.0 0

1745471317
0.0 0.0 0.0 0

1745471318
0.0 0.0 0.0 0

1745471319
0.0 0.0 0.0 0

1745471320
0.0 0.0 0.0 0

1745471321
0.0 0.0 0.0 0

1745471322
0.0 0.0 0.0 0

1745471323
0.0 0.0 0.0 0

1745471324
0.0 0.0 0.0 0

1745471325
0.0 0.0 0.0 0

1745471326
0.0 0.0 0.0 0

1745471327
0.0 0.0 0.0 0

1745471328
0.0 0.0 0.0 0

1745471329
0.0 0.0 0.0 0

1745471330
0.0 0.0 0.0 0

1745471331
0.0 0.0 0.0 0

1745471332
0.0 0.0 0.0 0

1745471333
0.0 0.0 0.0 0

1745471334
0.0 0.0 0.0 0

1745471335
0.0 0.0 0.0 0

1745471336
0.0 0.0 0.0 0

1745471337
0.0 0.0 0.0 0

1745471338
0.0 0.0 0.0 0

1745471339
0.0 0.0 0.0 0

1745471340
0.0 0.0 0.0 0

1745471341
0.0 0.0 0.0 0

1745471342
0.0 0.0 0.0 0

1745471343
0.0 0.0 0.0 0

1745471344
0.0 0.0 0.0 0

1745471345
0.0 0.0 0.0 0

1745471346
0.0 0.0 0.0 0

1745471347
0.0 0.0 0.0 0

1745471348
0.0 0.0 0.0 0

1745471349
0.0 0.0 0.0 0

1745471350
0.0 0.0 0.0 0

1745471351
0.0 0.0 0.0 0

1745471352
0.0 0.0 0.0 0

1745471353
0.0 0.0 0.0 0

1745471354
0.0 0.0 0.0 0

1745471355
0.0 0.0 0.0 0

1745471356
0.0 0.0 0.0 0

1745471357
0.0 0.0 0.0 0

1745471358
0.0 0.0 0.0 0

1745471359
0.0 0.0 0.0 0

1745471360
0.0 0.0 0.0 0

1745471361
0.0 0.0 0.0 0

1745471362
0.0 0.0 0.0 0

1745471363
0.0 0.0 0.0 0

1745471364
0.0 0.0 0.0 0

1745471365
0.0 0.0 0.0 0

1745471366
0.0 0.0 0.0 0

1745471367
0.0 0.0 0.0 0

1745471368
0.0 0.0 0.0 0

1745471369
0.0 0.0 0.0 0

1745471370
0.0 0.0 0.0 0

1745471371
0.0 0.0 0.0 0

1745471372
0.0 0.0 0.0 0

1745471373
0.0 0.0 0.0 0

1745471374
0.0 0.0 0.0 0

1745471375
0.0 0.0 0.0 0

1745471376
0.0 0.0 0.0 0

1745471377
0.0 0.0 0.0 0

1745471378
0.0 0.0 0.0 0

1745471379
0.0 0.0 0.0 0

1745471380
0.0 0.0 0.0 0

1745471381
0.0 0.0 0.0 0

1745471382
0.0 0.0 0.0 0

1745471383
0.0 0.0 0.0 0

1745471384
0.0 0.0 0.0 0

1745471385
0.0 0.0 0.0 0

1745471386
0.0 0.0 0.0 0

1745471387
0.0 0.0 0.0 0

1745471388
0.0 0.0 0.0 0

1745471389
0.0 0.0 0.0 0

1745471390
0.0 0.0 0.0 0

1745471391
0.0 0.0 0.0 0

1745471392
0.0 0.0 0.0 0

1745471393
0.0 0.0 0.0 0

1745471394
0.0 0.0 0.0 0

1745471395
0.0 0.0 0.0 0

1745471396
0.0 0.0 0.0 0

1745471397
0.0 0.0 0.0 0

1745471398
0.0 0.0 0.0 0

1745471399
0.0 0.0 0.0 0

1745471400
0.0 0.0 0.0 0

1745471401
0.0 0.0 0.0 0

1745471402
0.0 0.0 0.0 0

1745471403
0.0 0.0 0.0 0

1745471404
0.0 0.0 0.0 0

1745471405
0.0 0.0 0.0 1

1745471406
0.0 0.0 0.0 0

1745471407
0.0 0.0 0.0 0

1745471408
0.0 0.0 0.0 0

1745471409
0.0 0.0 0.0 0

1745471410
0.0 0.0 0.0 0

1745471411
0.0 0.0 0.0 0

1745471412
0.0 0.0 0.0 0

1745471413
0.0 0.0 0.0 0

1745471414
0.0 0.0 0.0 0

1745471415
0.0 0.0 0.0 0

1745471417
0.0 0.0 0.0 0

1745471418
0.0 0.0 0.0 0

1745471419
0.0 0.0 0.0 0

1745471420
0.0 0.0 0.0 0

1745471421
0.0 0.0 0.0 0

1745471422
0.0 0.0 0.0 0

1745471423
0.0 0.0 0.0 0

1745471424
0.0 0.0 0.0 0

1745471425
0.0 0.0 0.0 0

1745471426
0.0 0.0 0.0 0

1745471427
0.0 0.0 0.0 0

1745471428
0.0 0.0 0.0 0

1745471429
0.0 0.0 0.0 0

1745471430
0.0 0.0 0.0 0

1745471431
0.0 0.0 0.0 0

1745471432
0.0 0.0 0.0 0

1745471433
0.0 0.0 0.0 0

1745471434
0.0 0.0 0.0 88

1745471435
0.0 0.0 0.0 0

1745471436
0.0 0.0 0.0 0

1745471437
0.0 0.0 0.0 0

1745471438
0.0 0.0 0.0 0

1745471439
0.0 0.0 0.0 0

1745471440
0.0 0.0 0.0 0

1745471441
0.0 0.0 0.0 0

1745471442
0.0 0.0 0.0 0

1745471443
0.0 0.0 0.0 0

1745471444
0.0 0.0 0.0 0

1745471445
0.0 0.0 0.0 0

1745471446
0.0 0.0 0.0 0

1745471447
0.0 0.0 0.0 0

1745471448
0.0 0.0 0.0 0

1745471449
0.0 0.0 0.0 0

1745471450
0.0 0.0 0.0 0

1745471451
0.0 0.0 0.0 0

1745471452
0.0 0.0 0.0 0

1745471453
0.0 0.0 0.0 0

1745471454
0.0 0.0 0.0 0

1745471455
0.0 0.0 0.0 0

1745471456
0.0 0.0 0.0 0

1745471457
0.0 0.0 0.0 0

1745471458
0.0 0.0 0.0 0

1745471459
0.0 0.0 0.0 0

1745471460
0.0 0.0 0.0 0

1745471461
0.0 0.0 0.0 0

1745471462
0.0 0.0 0.0 0

1745471463
0.0 0.0 0.0 0

1745471464
0.0 0.0 0.0 0

1745471465
0.0 0.0 0.0 0

1745471466
0.0 0.0 0.0 0

1745471467
0.0 0.0 0.0 0

1745471468
0.0 0.0 0.0 0

1745471469
0.0 0.0 0.0 99

1745471470
0.0 0.0 0.0 0

1745471471
0.0 0.0 0.0 0

1745471472
0.0 0.0 0.0 0

1745471473
0.0 0.0 0.0 0

1745471474
0.0 0.0 0.0 0

1745471475
0.0 0.0 0.0 0

1745471476
0.0 0.0 0.0 0

1745471477
0.0 0.0 0.0 0

1745471478
0.0 0.0 0.0 0

1745471479
0.0 0.0 0.0 0

1745471480
0.0 0.0 0.0 56

1745471481
0.0 0.0 0.0 0

1745471482
0.0 0.0 0.0 0

1745471483
0.0 0.0 0.0 0

1745471484
0.0 0.0 0.0 0

1745471485
0.0 0.0 0.0 0

1745471487
0.0 0.0 0.0 0

1745471488
0.0 0.0 0.0 0

1745471489
0.0 0.0 0.0 0

1745471490
0.0 0.0 0.0 0

1745471491
0.0 0.0 0.0 0

1745471492
0.0 0.0 0.0 0

1745471493
0.0 0.0 0.0 0

1745471494
0.0 0.0 0.0 0

1745471495
0.0 0.0 0.0 18

1745471496
0.0 0.0 0.0 0

1745471497
0.0 0.0 0.0 0

1745471498
0.0 0.0 0.0 0

1745471499
0.0 0.0 0.0 0

1745471500
0.0 0.0 0.0 0

1745471501
0.0 0.0 0.0 0

1745471502
0.0 0.0 0.0 0

1745471503
0.0 0.0 0.0 0

1745471504
0.0 0.0 0.0 0

1745471505
0.0 0.0 0.0 0

1745471506
0.0 0.0 0.0 0

1745471507
0.0 0.0 0.0 0

1745471508
0.0 0.0 0.0 0

1745471509
0.0 0.0 0.0 0

1745471510
0.0 0.0 0.0 0

1745471511
0.0 0.0 0.0 0

1745471512
0.0 0.0 0.0 0

1745471513
0.0 0.0 0.0 0

1745471514
0.0 0.0 0.0 0

1745471515
0.0 0.0 0.0 0

1745471516
0.0 0.0 0.0 38

1745471517
0.0 0.0 0.0 0

1745471518
0.0 0.0 0.0 0

1745471519
0.0 0.0 0.0 0

1745471520
0.0 0.0 0.0 0

1745471521
0.0 0.0 0.0 0

1745471522
0.0 0.0 0.0 0

1745471523
0.0 0.0 0.0 0

1745471524
0.0 0.0 0.0 0

1745471525
0.0 0.0 0.0 0

1745471526
0.0 0.0 0.0 0

1745471527
0.0 0.0 0.0 0

1745471528
0.0 0.0 0.0 0

1745471529
0.0 0.0 0.0 0

1745471530
0.0 0.0 0.0 0

1745471531
0.0 0.0 0.0 0

1745471532
0.0 0.0 0.0 0

1745471533
0.0 0.0 0.0 0

1745471534
0.0 0.0 0.0 0

1745471535
0.0 0.0 0.0 0

1745471536
0.0 0.0 0.0 0

1745471537
0.0 0.0 0.0 0

1745471538
0.0 0.0 0.0 0

1745471539
0.0 0.0 0.0 0

1745471540
0.0 0.0 0.0 0

1745471541
0.0 0.0 0.0 0

1745471542
0.0 0.0 0.0 0

1745471543
0.0 0.0 0.0 0

1745471544
0.0 0.0 0.0 0

1745471545
0.0 0.0 0.0 0

1745471546
0.0 0.0 0.0 0

1745471547
0.0 0.0 0.0 0

1745471548
0.0 0.0 0.0 0

1745471549
0.0 0.0 0.0 0

1745471550
0.0 0.0 0.0 0

1745471551
0.0 0.0 0.0 0

1745471552
0.0 0.0 0.0 0

1745471553
0.0 0.0 0.0 0

1745471554
0.0 0.0 0.0 0

1745471555
0.0 0.0 0.0 0

1745471556
0.0 0.0 0.0 1

1745471557
0.0 0.0 0.0 0

1745471558
0.0 0.0 0.0 0

1745471559
0.0 0.0 0.0 0

1745471560
0.0 0.0 0.0 0

1745471561
0.0 0.0 0.0 0

1745471562
0.0 0.0 0.0 0

1745471563
0.0 0.0 0.0 0

1745471564
0.0 0.0 0.0 0

1745471565
0.0 0.0 0.0 0

1745471566
0.0 0.0 0.0 0

1745471567
0.0 0.0 0.0 0

1745471568
0.0 0.0 0.0 0

1745471569
0.0 0.0 0.0 0

1745471570
0.0 0.0 0.0 0

1745471571
0.0 0.0 0.0 0

1745471572
0.0 0.0 0.0 31

1745471573
0.0 0.0 0.0 0

1745471574
0.0 0.0 0.0 0

1745471575
0.0 0.0 0.0 174

1745471576
0.0 0.0 0.0 0

1745471577
0.0 0.0 0.0 0

1745471578
0.0 0.0 0.0 0

1745471579
0.0 0.0 0.0 0

1745471580
0.0 0.0 0.0 0

1745471581
0.0 0.0 0.0 666

1745471582
0.0 0.0 0.0 0

1745471583
0.0 0.0 0.0 0

1745471584
0.0 0.0 0.0 0

1745471585
0.0 0.0 0.0 0

1745471586
0.0 0.0 0.0 0

1745471587
0.0 0.0 0.0 0

1745471588
0.0 0.0 0.0 0

1745471589
0.0 0.0 0.0 0

1745471590
0.0 0.0 0.0 0

1745471591
0.0 0.0 0.0 0

1745471592
0.0 0.0 0.0 0

1745471593
0.0 0.0 0.0 0

1745471594
0.0 0.0 0.0 0

1745471595
0.0 0.0 0.0 0

1745471596
0.0 0.0 0.0 0

1745471597
0.0 0.0 0.0 0

1745471598
0.0 0.0 0.0 0

1745471599
0.0 0.0 0.0 48

1745471600
0.0 0.0 0.0 0

1745471601
0.0 0.0 0.0 0

1745471602
0.0 0.0 0.0 0

1745471603
0.0 0.0 0.0 0

1745471604
0.0 0.0 0.0 0

1745471605
0.0 0.0 0.0 0

1745471606
0.0 0.0 0.0 0

1745471607
0.0 0.0 0.0 0

1745471608
0.0 0.0 0.0 0

1745471609
0.0 0.0 0.0 0

1745471610
0.0 0.0 0.0 0

1745471611
0.0 0.0 0.0 0

1745471612
0.0 0.0 0.0 0

1745471613
0.0 0.0 0.0 0

1745471614
0.0 0.0 0.0 0

1745471615
0.0 0.0 0.0 0

1745471616
0.0 0.0 0.0 0

1745471617
0.0 0.0 0.0 0

1745471618
0.0 0.0 0.0 0

1745471619
0.0 0.0 0.0 0

1745471620
0.0 0.0 0.0 0

1745471621
0.0 0.0 0.0 0

1745471622
0.0 0.0 0.0 0

1745471623
0.0 0.0 0.0 0

1745471625
0.0 0.0 0.0 0

1745471626
0.0 0.0 0.0 0

1745471627
0.0 0.0 0.0 0

1745471628
0.0 0.0 0.0 0

1745471629
0.0 0.0 0.0 0

1745471630
0.0 0.0 0.0 0

1745471631
0.0 0.0 0.0 0

1745471632
0.0 0.0 0.0 0

1745471633
0.0 0.0 0.0 0

1745471634
0.0 0.0 0.0 0

1745471635
0.0 0.0 0.0 0

1745471636
0.0 0.0 0.0 1

1745471637
0.0 0.0 0.0 0

1745471638
0.0 0.0 0.0 0

1745471639
0.0 0.0 0.0 0

1745471640
0.0 0.0 0.0 0

1745471641
0.0 0.0 0.0 0

1745471642
0.0 0.0 0.0 0

1745471643
0.0 0.0 0.0 0

1745471644
0.0 0.0 0.0 0

1745471645
0.0 0.0 0.0 0

1745471646
0.0 0.0 0.0 0

1745471647
0.0 0.0 0.0 0

1745471648
0.0 0.0 0.0 0

1745471649
0.0 0.0 0.0 0

1745471650
0.0 0.0 0.0 0

1745471651
0.0 0.0 0.0 0

1745471652
0.0 0.0 0.0 0

1745471653
0.0 0.0 0.0 0

1745471654
0.0 0.0 0.0 0

1745471655
0.0 0.0 0.0 0

1745471656
0.0 0.0 0.0 0

1745471657
0.0 0.0 0.0 0

1745471658
0.0 0.0 0.0 0

1745471659
0.0 0.0 0.0 0

1745471660
0.0 0.0 0.0 0

1745471661
0.0 0.0 0.0 0

1745471662
0.0 0.0 0.0 0

1745471663
0.0 0.0 0.0 0

1745471664
0.0 0.0 0.0 0

1745471665
0.0 0.0 0.0 0

1745471666
0.0 0.0 0.0 0

1745471667
0.0 0.0 0.0 0

1745471668
0.0 0.0 0.0 0

1745471669
0.0 0.0 0.0 0

1745471670
0.0 0.0 0.0 0

1745471671
0.0 0.0 0.0 0

1745471672
0.0 0.0 0.0 0

1745471673
0.0 0.0 0.0 0

1745471674
0.0 0.0 0.0 0

1745471675
0.0 0.0 0.0 0

1745471676
0.0 0.0 0.0 0

1745471677
0.0 0.0 0.0 0

1745471678
0.0 0.0 0.0 0

1745471679
0.0 0.0 0.0 49

1745471680
0.0 0.0 0.0 0

1745471681
0.0 0.0 0.0 0

1745471682
0.0 0.0 0.0 0

1745471683
0.0 0.0 0.0 0

1745471684
0.0 0.0 0.0 0

1745471685
0.0 0.0 0.0 0

1745471686
0.0 0.0 0.0 0

1745471687
0.0 0.0 0.0 0

1745471688
0.0 0.0 0.0 0

1745471689
0.0 0.0 0.0 0

1745471690
0.0 0.0 0.0 0

1745471691
0.0 0.0 0.0 0

1745471692
0.0 0.0 0.0 0

1745471693
0.0 0.0 0.0 0

1745471694
0.0 0.0 0.0 0

1745471695
0.0 0.0 0.0 0

1745471696
0.0 0.0 0.0 0

1745471697
0.0 0.0 0.0 0

1745471698
0.0 0.0 0.0 0

1745471699
0.0 0.0 0.0 0

1745471700
0.0 0.0 0.0 0

1745471701
0.0 0.0 0.0 0

1745471702
0.0 0.0 0.0 0

1745471703
0.0 0.0 0.0 0

1745471704
0.0 0.0 0.0 0

1745471705
0.0 0.0 0.0 0

1745471706
0.0 0.0 0.0 0

1745471707
0.0 0.0 0.0 0

1745471708
0.0 0.0 0.0 0

1745471709
0.0 0.0 0.0 0

1745471710
0.0 0.0 0.0 0

1745471711
0.0 0.0 0.0 0

1745471712
0.0 0.0 0.0 0

1745471713
0.0 0.0 0.0 0

1745471714
0.0 0.0 0.0 0

1745471715
0.0 0.0 0.0 0

1745471716
0.0 0.0 0.0 0

1745471717
0.0 0.0 0.0 0

1745471718
0.0 0.0 0.0 0

1745471719
0.0 0.0 0.0 0

1745471720
0.0 0.0 0.0 0

1745471721
0.0 0.0 0.0 0

1745471722
0.0 0.0 0.0 0

1745471723
0.0 0.0 0.0 0

1745471724
0.0 0.0 0.0 0

1745471725
0.0 0.0 0.0 0

1745471726
0.0 0.0 0.0 0

1745471727
0.0 0.0 0.0 0

1745471728
0.0 0.0 0.0 0

1745471729
0.0 0.0 0.0 0

1745471730
0.0 0.0 0.0 0

1745471731
0.0 0.0 0.0 0

1745471732
0.0 0.0 0.0 0

1745471733
0.0 0.0 0.0 0

1745471734
0.0 0.0 0.0 0

1745471735
0.0 0.0 0.0 0

1745471736
0.0 0.0 0.0 0

1745471737
0.0 0.0 0.0 0

1745471738
0.0 0.0 0.0 0

1745471739
0.0 0.0 0.0 0

1745471740
0.0 0.0 0.0 0

1745471741
0.0 0.0 0.0 0

1745471742
0.0 0.0 0.0 0

1745471743
0.0 0.0 0.0 0

1745471744
0.0 0.0 0.0 0

1745471745
0.0 0.0 0.0 0

1745471746
0.0 0.0 0.0 0

1745471747
0.0 0.0 0.0 0

1745471748
0.0 0.0 0.0 0

1745471749
0.0 0.0 0.0 0

1745471750
0.0 0.0 0.0 0

1745471751
0.0 0.0 0.0 0

1745471752
0.0 0.0 0.0 0

1745471753
0.0 0.0 0.0 0

1745471754
0.0 0.0 0.0 0

1745471755
0.0 0.0 0.0 0

1745471756
0.0 0.0 0.0 0

1745471757
0.0 0.0 0.0 0

1745471758
0.0 0.0 0.0 0

1745471759
0.0 0.0 0.0 0

1745471760
0.0 0.0 0.0 0

1745471761
0.0 0.0 0.0 0

1745471762
0.0 0.0 0.0 0

1745471763
0.0 0.0 0.0 0

1745471764
0.0 0.0 0.0 0

1745471765
0.0 0.0 0.0 0

1745471766
0.0 0.0 0.0 0

1745471767
0.0 0.0 0.0 0

1745471768
0.0 0.0 0.0 0

1745471769
0.0 0.0 0.0 0

1745471770
0.0 0.0 0.0 0

1745471771
0.0 0.0 0.0 0

1745471772
0.0 0.0 0.0 0

1745471773
0.0 0.0 0.0 0

1745471774
0.0 0.0 0.0 0

1745471775
0.0 0.0 0.0 0

1745471776
0.0 0.0 0.0 0

1745471777
0.0 0.0 0.0 0

1745471778
0.0 0.0 0.0 0

1745471779
0.0 0.0 0.0 0

1745471780
0.0 0.0 0.0 0

1745471781
0.0 0.0 0.0 0

1745471782
0.0 0.0 0.0 0

1745471783
0.0 0.0 0.0 0

1745471784
0.0 0.0 0.0 0

1745471785
0.0 0.0 0.0 0

1745471786
0.0 0.0 0.0 0

1745471787
0.0 0.0 0.0 0

1745471788
0.0 0.0 0.0 0

1745471789
0.0 0.0 0.0 0

1745471790
0.0 0.0 0.0 0

1745471791
0.0 0.0 0.0 0

1745471792
0.0 0.0 0.0 0

1745471793
0.0 0.0 0.0 0

1745471794
0.0 0.0 0.0 0

1745471795
0.0 0.0 0.0 0

1745471796
0.0 0.0 0.0 0

1745471797
0.0 0.0 0.0 0

1745471798
0.0 0.0 0.0 0

1745471799
0.0 0.0 0.0 0

1745471800
0.0 0.0 0.0 0

1745471801
0.0 0.0 0.0 0

1745471802
0.0 0.0 0.0 0

1745471803
0.0 0.0 0.0 0

1745471804
0.0 0.0 0.0 0

1745471805
0.0 0.0 0.0 0

1745471806
0.0 0.0 0.0 0

1745471807
0.0 0.0 0.0 0

1745471808
0.0 0.0 0.0 0

1745471809
0.0 0.0 0.0 0

1745471810
0.0 0.0 0.0 0

1745471811
0.0 0.0 0.0 0

1745471812
0.0 0.0 0.0 0

1745471813
0.0 0.0 0.0 0

1745471814
0.0 0.0 0.0 0

1745471815
0.0 0.0 0.0 0

1745471816
0.0 0.0 0.0 0

1745471817
0.0 0.0 0.0 0

1745471818
0.0 0.0 0.0 0

1745471819
0.0 0.0 0.0 0

1745471820
0.0 0.0 0.0 0

1745471821
0.0 0.0 0.0 0

1745471822
0.0 0.0 0.0 0

1745471823
0.0 0.0 0.0 0

1745471824
0.0 0.0 0.0 0

1745471825
0.0 0.0 0.0 0

1745471826
0.0 0.0 0.0 0

1745471827
0.0 0.0 0.0 0

1745471828
0.0 0.0 0.0 0

1745471829
0.0 0.0 0.0 0

1745471830
0.0 0.0 0.0 0

1745471831
0.0 0.0 0.0 0

1745471832
0.0 0.0 0.0 0

1745471833
0.0 0.0 0.0 0

1745471834
0.0 0.0 0.0 0

1745471835
0.0 0.0 0.0 0

1745471836
0.0 0.0 0.0 0

1745471837
0.0 0.0 0.0 0

1745471838
0.0 0.0 0.0 0

1745471839
0.0 0.0 0.0 0

1745471840
0.0 0.0 0.0 0

1745471841
0.0 0.0 0.0 0

1745471842
0.0 0.0 0.0 0

1745471843
0.0 0.0 0.0 0

1745471844
0.0 0.0 0.0 0

1745471845
0.0 0.0 0.0 0

1745471846
0.0 0.0 0.0 0

1745471847
0.0 0.0 0.0 0

1745471848
0.0 0.0 0.0 0

1745471849
0.0 0.0 0.0 0

1745471850
0.0 0.0 0.0 0

1745471851
0.0 0.0 0.0 0

1745471852
0.0 0.0 0.0 0

1745471853
0.0 0.0 0.0 0

1745471854
0.0 0.0 0.0 0

1745471855
0.0 0.0 0.0 0

1745471856
0.0 0.0 0.0 0

1745471857
0.0 0.0 0.0 0

1745471858
0.0 0.0 0.0 0

1745471859
0.0 0.0 0.0 0

1745471860
0.0 0.0 0.0 0

1745471861
0.0 0.0 0.0 0

1745471862
0.0 0.0 0.0 0

1745471863
0.0 0.0 0.0 0

1745471864
0.0 0.0 0.0 0

1745471865
0.0 0.0 0.0 0

1745471866
0.0 0.0 0.0 0

1745471867
0.0 0.0 0.0 0

1745471868
0.0 0.0 0.0 0

1745471869
0.0 0.0 0.0 0

1745471870
0.0 0.0 0.0 0

1745471871
0.0 0.0 0.0 0

1745471872
0.0 0.0 0.0 0

1745471873
0.0 0.0 0.0 0

1745471874
0.0 0.0 0.0 0

1745471875
0.0 0.0 0.0 0

1745471876
0.0 0.0 0.0 0

1745471877
0.0 0.0 0.0 0

1745471878
0.0 0.0 0.0 0

1745471879
0.0 0.0 0.0 0

1745471880
0.0 0.0 0.0 0

1745471881
0.0 0.0 0.0 0

1745471882
0.0 0.0 0.0 0

1745471883
0.0 0.0 0.0 0

1745471884
0.0 0.0 0.0 0

1745471885
0.0 0.0 0.0 0

1745471887
0.0 0.0 0.0 6

1745471888
0.0 0.0 0.0 0

1745471889
0.0 0.0 0.0 0

1745471890
0.0 0.0 0.0 0

1745471891
0.0 0.0 0.0 0

1745471892
0.0 0.0 0.0 0

1745471893
0.0 0.0 0.0 0

1745471894
0.0 0.0 0.0 0

1745471895
0.0 0.0 0.0 0

1745471896
0.0 0.0 0.0 0

1745471897
0.0 0.0 0.0 0

1745471898
0.0 0.0 0.0 0

1745471899
0.0 0.0 0.0 0

1745471900
0.0 0.0 0.0 0

1745471901
0.0 0.0 0.0 0

1745471902
0.0 0.0 0.0 0

1745471903
0.0 0.0 0.0 0

1745471904
0.0 0.0 0.0 0

1745471905
0.0 0.0 0.0 0

1745471906
0.0 0.0 0.0 0

1745471907
0.0 0.0 0.0 0

1745471908
0.0 0.0 0.0 0

1745471909
0.0 0.0 0.0 0

1745471910
0.0 0.0 0.0 0

1745471911
0.0 0.0 0.0 0

1745471912
0.0 0.0 0.0 0

1745471913
0.0 0.0 0.0 0

1745471914
0.0 0.0 0.0 0

1745471915
0.0 0.0 0.0 0

1745471916
0.0 0.0 0.0 0

1745471917
0.0 0.0 0.0 0

1745471918
0.0 0.0 0.0 0

1745471919
0.0 0.0 0.0 0

1745471920
0.0 0.0 0.0 0

1745471921
0.0 0.0 0.0 0

1745471922
0.0 0.0 0.0 0

1745471923
0.0 0.0 0.0 0

1745471924
0.0 0.0 0.0 0

1745471925
0.0 0.0 0.0 0

1745471926
0.0 0.0 0.0 0

1745471927
0.0 0.0 0.0 0

1745471928
0.0 0.0 0.0 0

1745471929
0.0 0.0 0.0 0

1745471931
0.0 0.0 0.0 0

1745471932
0.0 0.0 0.0 0

1745471933
0.0 0.0 0.0 0

1745471934
0.0 0.0 0.0 0

1745471935
0.0 0.0 0.0 0

1745471936
0.0 0.0 0.0 0

1745471937
0.0 0.0 0.0 0

1745471938
0.0 0.0 0.0 0

1745471939
0.0 0.0 0.0 0

1745471940
0.0 0.0 0.0 0

1745471941
0.0 0.0 0.0 0

1745471942
0.0 0.0 0.0 0

1745471943
0.0 0.0 0.0 0

1745471945
0.0 0.0 0.0 2

1745471946
0.0 0.0 0.0 0

1745471947
0.0 0.0 0.0 25

1745471948
0.0 0.0 0.0 0

1745471949
0.0 0.0 0.0 0

1745471951
0.0 0.0 0.0 0

1745471952
0.0 0.0 0.0 0

1745471953
0.0 0.0 0.0 0

1745471954
0.0 0.0 0.0 0

1745471955
0.0 0.0 0.0 0

1745471956
0.0 0.0 0.0 0

1745471957
0.0 0.0 0.0 0

1745471958
0.0 0.0 0.0 0

1745471959
0.0 0.0 0.0 0

1745471960
0.0 0.0 0.0 0

1745471961
0.0 0.0 0.0 0

1745471962
0.0 0.0 0.0 0

1745471963
0.0 0.0 0.0 0

1745471964
0.0 0.0 0.0 0

1745471965
0.0 0.0 0.0 0

1745471966
0.0 0.0 0.0 0

1745471967
0.0 0.0 0.0 0

1745471968
0.0 0.0 0.0 0

1745471969
0.0 0.0 0.0 0

1745471970
0.0 0.0 0.0 0

1745471971
0.0 0.0 0.0 0

1745471972
0.0 0.0 0.0 0

1745471974
0.0 0.0 0.0 0

1745471975
0.0 0.0 0.0 0

1745471976
0.0 0.0 0.0 0

1745471977
0.0 0.0 0.0 0

1745471978
0.0 0.0 0.0 0

1745471979
0.0 0.0 0.0 0

1745471980
0.0 0.0 0.0 0

1745471981
0.0 0.0 0.0 0

1745471982
0.0 0.0 0.0 0

1745471983
0.0 0.0 0.0 0

1745471984
0.0 0.0 0.0 0

1745471985
0.0 0.0 0.0 0

1745471986
0.0 0.0 0.0 0

1745471987
0.0 0.0 0.0 0

1745471988
0.0 0.0 0.0 0

1745471989
0.0 0.0 0.0 0

1745471990
0.0 0.0 0.0 0

1745471991
0.0 0.0 0.0 0

1745471992
0.0 0.0 0.0 0

1745471993
0.0 0.0 0.0 0

1745471994
0.0 0.0 0.0 0

1745471995
0.0 0.0 0.0 1

1745471996
0.0 0.0 0.0 0

1745471997
0.0 0.0 0.0 0

1745471998
0.0 0.0 0.0 0

1745471999
0.0 0.0 0.0 0

1745472000
0.0 0.0 0.0 0

1745472001
0.0 0.0 0.0 0

1745472002
0.0 0.0 0.0 0

1745472004
0.0 0.0 0.0 0

1745472005
0.0 0.0 0.0 0

1745472006
0.0 0.0 0.0 0

1745472007
0.0 0.0 0.0 0

1745472008
0.0 0.0 0.0 0

1745472009
0.0 0.0 0.0 0

1745472010
0.0 0.0 0.0 0

1745472011
0.0 0.0 0.0 0

1745472012
0.0 0.0 0.0 0

1745472013
0.0 0.0 0.0 0

1745472014
0.0 0.0 0.0 0

1745472015
0.0 0.0 0.0 0

1745472016
0.0 0.0 0.0 0

1745472017
0.0 0.0 0.0 0

1745472018
0.0 0.0 0.0 0

1745472019
0.0 0.0 0.0 0

1745472020
0.0 0.0 0.0 0

1745472021
0.0 0.0 0.0 0

1745472022
0.0 0.0 0.0 0

1745472023
0.0 0.0 0.0 0

1745472024
0.0 0.0 0.0 0

1745472025
0.0 0.0 0.0 0

1745472026
0.0 0.0 0.0 0

1745472027
0.0 0.0 0.0 0

1745472028
0.0 0.0 0.0 0

1745472029
0.0 0.0 0.0 0

1745472030
0.0 0.0 0.0 0

1745472031
0.0 0.0 0.0 0

1745472032
0.0 0.0 0.0 0

1745472033
0.0 0.0 0.0 0

1745472034
0.0 0.0 0.0 0

1745472035
0.0 0.0 0.0 0

1745472036
0.0 0.0 0.0 0

1745472037
0.0 0.0 0.0 0

1745472038
0.0 0.0 0.0 0

1745472039
0.0 0.0 0.0 0

1745472040
0.0 0.0 0.0 0

1745472041
0.0 0.0 0.0 0

1745472042
0.0 0.0 0.0 0

1745472043
0.0 0.0 0.0 0

1745472044
0.0 0.0 0.0 0

1745472045
0.0 0.0 0.0 0

1745472046
0.0 0.0 0.0 0

1745472047
0.0 0.0 0.0 0

1745472048
0.0 0.0 0.0 0

1745472049
0.0 0.0 0.0 0

1745472050
0.0 0.0 0.0 0

1745472051
0.0 0.0 0.0 0

1745472052
0.0 0.0 0.0 0

1745472053
0.0 0.0 0.0 0

1745472054
0.0 0.0 0.0 0

1745472055
0.0 0.0 0.0 0

1745472056
0.0 0.0 0.0 0

1745472057
0.0 0.0 0.0 0

1745472058
0.0 0.0 0.0 0

1745472059
0.0 0.0 0.0 0

1745472060
0.0 0.0 0.0 0

1745472061
0.0 0.0 0.0 0

1745472062
0.0 0.0 0.0 0

1745472063
0.0 0.0 0.0 0

1745472064
0.0 0.0 0.0 0

1745472065
0.0 0.0 0.0 0

1745472066
0.0 0.0 0.0 0

1745472067
0.0 0.0 0.0 0

1745472068
0.0 0.0 0.0 0

1745472069
0.0 0.0 0.0 0

1745472070
0.0 0.0 0.0 0

1745472071
0.0 0.0 0.0 0

1745472072
0.0 0.0 0.0 0

1745472073
0.0 0.0 0.0 0

1745472074
0.0 0.0 0.0 0

1745472075
0.0 0.0 0.0 0

1745472076
0.0 0.0 0.0 0

1745472077
0.0 0.0 0.0 0

1745472078
0.0 0.0 0.0 0

1745472079
0.0 0.0 0.0 0

1745472080
0.0 0.0 0.0 0

1745472081
0.0 0.0 0.0 0

1745472082
0.0 0.0 0.0 0

1745472083
0.0 0.0 0.0 0

1745472084
0.0 0.0 0.0 0

1745472085
0.0 0.0 0.0 0

1745472086
0.0 0.0 0.0 0

1745472087
0.0 0.0 0.0 0

1745472088
0.0 0.0 0.0 0

1745472089
0.0 0.0 0.0 0

1745472090
0.0 0.0 0.0 28

1745472091
0.0 0.0 0.0 0

1745472092
0.0 0.0 0.0 0

1745472093
0.0 0.0 0.0 0

1745472094
0.0 0.0 0.0 0

1745472095
0.0 0.0 0.0 0

1745472096
0.0 0.0 0.0 0

1745472097
0.0 0.0 0.0 0

1745472098
0.0 0.0 0.0 0

1745472099
0.0 0.0 0.0 0

1745472100
0.0 0.0 0.0 0

1745472101
0.0 0.0 0.0 0

1745472102
0.0 0.0 0.0 0

1745472103
0.0 0.0 0.0 0

1745472104
0.0 0.0 0.0 0

1745472105
0.0 0.0 0.0 0

1745472106
0.0 0.0 0.0 0

1745472107
0.0 0.0 0.0 0

1745472108
0.0 0.0 0.0 0

1745472109
0.0 0.0 0.0 0

1745472110
0.0 0.0 0.0 0

1745472111
0.0 0.0 0.0 0

1745472112
0.0 0.0 0.0 0

1745472113
0.0 0.0 0.0 0

1745472114
0.0 0.0 0.0 0

1745472115
0.0 0.0 0.0 0

1745472116
0.0 0.0 0.0 0

1745472117
0.0 0.0 0.0 0

1745472118
0.0 0.0 0.0 0

1745472119
0.0 0.0 0.0 0

1745472120
0.0 0.0 0.0 0

1745472121
0.0 0.0 0.0 0

1745472122
0.0 0.0 0.0 0

1745472123
0.0 0.0 0.0 0

1745472124
0.0 0.0 0.0 0

1745472125
0.0 0.0 0.0 0

1745472126
0.0 0.0 0.0 0

1745472127
0.0 0.0 0.0 0

1745472128
0.0 0.0 0.0 0

1745472129
0.0 0.0 0.0 0

1745472130
0.0 0.0 0.0 0

1745472131
0.0 0.0 0.0 0

1745472132
0.0 0.0 0.0 0

1745472133
0.0 0.0 0.0 0

1745472134
0.0 0.0 0.0 0

1745472135
0.0 0.0 0.0 1

1745472136
0.0 0.0 0.0 0

1745472137
0.0 0.0 0.0 0

1745472138
0.0 0.0 0.0 0

1745472139
0.0 0.0 0.0 0

1745472140
0.0 0.0 0.0 0

1745472141
0.0 0.0 0.0 0

1745472142
0.0 0.0 0.0 0

1745472143
0.0 0.0 0.0 0

1745472144
0.0 0.0 0.0 0

1745472145
0.0 0.0 0.0 0

1745472146
0.0 0.0 0.0 0

1745472147
0.0 0.0 0.0 0

1745472148
0.0 0.0 0.0 0

1745472149
0.0 0.0 0.0 0

1745472150
0.0 0.0 0.0 0

1745472151
0.0 0.0 0.0 0

1745472152
0.0 0.0 0.0 0

1745472153
0.0 0.0 0.0 0

1745472154
0.0 0.0 0.0 0

1745472155
0.0 0.0 0.0 0

1745472156
0.0 0.0 0.0 0

1745472157
0.0 0.0 0.0 0

1745472158
0.0 0.0 0.0 0

1745472159
0.0 0.0 0.0 0

1745472160
0.0 0.0 0.0 0

1745472161
0.0 0.0 0.0 0

1745472162
0.0 0.0 0.0 0

1745472163
0.0 0.0 0.0 0

1745472164
0.0 0.0 0.0 0

1745472165
0.0 0.0 0.0 0

1745472166
0.0 0.0 0.0 0

1745472167
0.0 0.0 0.0 0

1745472168
0.0 0.0 0.0 0

1745472169
0.0 0.0 0.0 0

1745472170
0.0 0.0 0.0 0

1745472171
0.0 0.0 0.0 0

1745472172
0.0 0.0 0.0 0

1745472173
0.0 0.0 0.0 0

1745472174
0.0 0.0 0.0 0

1745472175
0.0 0.0 0.0 0

1745472176
0.0 0.0 0.0 0

1745472177
0.0 0.0 0.0 0

1745472178
0.0 0.0 0.0 0

1745472179
0.0 0.0 0.0 0

1745472180
0.0 0.0 0.0 0

1745472181
0.0 0.0 0.0 0

1745472182
0.0 0.0 0.0 0

1745472183
0.0 0.0 0.0 0

1745472184
0.0 0.0 0.0 0

1745472185
0.0 0.0 0.0 0

1745472186
0.0 0.0 0.0 0

1745472187
0.0 0.0 0.0 0

1745472188
0.0 0.0 0.0 0

1745472189
0.0 0.0 0.0 0

1745472190
0.0 0.0 0.0 0

1745472191
0.0 0.0 0.0 0

1745472192
0.0 0.0 0.0 0

1745472193
0.0 0.0 0.0 0

1745472194
0.0 0.0 0.0 0

1745472195
0.0 0.0 0.0 0

1745472196
0.0 0.0 0.0 0

1745472197
0.0 0.0 0.0 0

1745472198
0.0 0.0 0.0 0

1745472199
0.0 0.0 0.0 0

1745472200
0.0 0.0 0.0 0

1745472201
0.0 0.0 0.0 0

1745472202
0.0 0.0 0.0 0

1745472203
0.0 0.0 0.0 0

1745472204
0.0 0.0 0.0 0

1745472205
0.0 0.0 0.0 0

1745472206
0.0 0.0 0.0 0

1745472207
0.0 0.0 0.0 0

1745472208
0.0 0.0 0.0 0

1745472209
0.0 0.0 0.0 0

1745472210
0.0 0.0 0.0 0

1745472211
0.0 0.0 0.0 0

1745472212
0.0 0.0 0.0 0

1745472213
0.0 0.0 0.0 0

1745472214
0.0 0.0 0.0 0

1745472215
0.0 0.0 0.0 0

1745472216
0.0 0.0 0.0 0

1745472217
0.0 0.0 0.0 0

1745472218
0.0 0.0 0.0 0

1745472219
0.0 0.0 0.0 0

1745472220
0.0 0.0 0.0 0

1745472221
0.0 0.0 0.0 0

1745472222
0.0 0.0 0.0 0

1745472223
0.0 0.0 0.0 0

1745472224
0.0 0.0 0.0 0

1745472225
0.0 0.0 0.0 0

1745472226
0.0 0.0 0.0 0

1745472227
0.0 0.0 0.0 0

1745472228
0.0 0.0 0.0 0

1745472229
0.0 0.0 0.0 0

1745472230
0.0 0.0 0.0 0

1745472231
0.0 0.0 0.0 0

1745472232
0.0 0.0 0.0 0

1745472233
0.0 0.0 0.0 0

1745472234
0.0 0.0 0.0 0

1745472235
0.0 0.0 0.0 0

1745472236
0.0 0.0 0.0 0

1745472237
0.0 0.0 0.0 0

1745472238
0.0 0.0 0.0 0

1745472239
0.0 0.0 0.0 0

1745472240
0.0 0.0 0.0 0

1745472241
0.0 0.0 0.0 0

1745472242
0.0 0.0 0.0 0

1745472243
0.0 0.0 0.0 0

1745472244
0.0 0.0 0.0 0

1745472245
0.0 0.0 0.0 0

1745472246
0.0 0.0 0.0 0

1745472247
0.0 0.0 0.0 0

1745472248
0.0 0.0 0.0 0

1745472249
0.0 0.0 0.0 0

1745472250
0.0 0.0 0.0 0

1745472251
0.0 0.0 0.0 0

1745472252
0.0 0.0 0.0 0

1745472253
0.0 0.0 0.0 0

1745472254
0.0 0.0 0.0 0

1745472255
0.0 0.0 0.0 0

1745472256
0.0 0.0 0.0 0

1745472257
0.0 0.0 0.0 0

1745472258
0.0 0.0 0.0 0

1745472259
0.0 0.0 0.0 0

1745472260
0.0 0.0 0.0 0

1745472261
0.0 0.0 0.0 0

1745472262
0.0 0.0 0.0 0

1745472263
0.0 0.0 0.0 0

1745472264
0.0 0.0 0.0 0

1745472265
0.0 0.0 0.0 0

1745472266
0.0 0.0 0.0 0

1745472267
0.0 0.0 0.0 0

1745472268
0.0 0.0 0.0 0

1745472269
0.0 0.0 0.0 0

1745472270
0.0 0.0 0.0 0

1745472271
0.0 0.0 0.0 0

1745472272
0.0 0.0 0.0 0

1745472273
0.0 0.0 0.0 0

1745472274
0.0 0.0 0.0 0

1745472275
0.0 0.0 0.0 0

1745472276
0.0 0.0 0.0 0

1745472277
0.0 0.0 0.0 0

1745472278
0.0 0.0 0.0 0

1745472279
0.0 0.0 0.0 0

1745472280
0.0 0.0 0.0 0

1745472281
0.0 0.0 0.0 0

1745472282
0.0 0.0 0.0 0

1745472283
0.0 0.0 0.0 0

1745472284
0.0 0.0 0.0 0

1745472285
0.0 0.0 0.0 0

1745472286
0.0 0.0 0.0 0

1745472287
0.0 0.0 0.0 0

1745472288
0.0 0.0 0.0 0

1745472289
0.0 0.0 0.0 0

1745472290
0.0 0.0 0.0 0

1745472291
0.0 0.0 0.0 0

1745472292
0.0 0.0 0.0 0

1745472293
0.0 0.0 0.0 0

1745472294
0.0 0.0 0.0 0

1745472295
0.0 0.0 0.0 0

1745472296
0.0 0.0 0.0 0

1745472297
0.0 0.0 0.0 0

1745472298
0.0 0.0 0.0 0

1745472299
0.0 0.0 0.0 0

1745472300
0.0 0.0 0.0 0

1745472301
0.0 0.0 0.0 0

1745472302
0.0 0.0 0.0 0

1745472303
0.0 0.0 0.0 0

1745472304
0.0 0.0 0.0 0

1745472305
0.0 0.0 0.0 0

1745472306
0.0 0.0 0.0 0

1745472307
0.0 0.0 0.0 0

1745472308
0.0 0.0 0.0 0

1745472309
0.0 0.0 0.0 0

1745472310
0.0 0.0 0.0 0

1745472311
0.0 0.0 0.0 0

1745472312
0.0 0.0 0.0 0

1745472313
0.0 0.0 0.0 0

1745472314
0.0 0.0 0.0 0

1745472315
0.0 0.0 0.0 0

1745472316
0.0 0.0 0.0 0

1745472317
0.0 0.0 0.0 0

1745472318
0.0 0.0 0.0 0

1745472319
0.0 0.0 0.0 0

1745472320
0.0 0.0 0.0 0

1745472321
0.0 0.0 0.0 0

1745472322
0.0 0.0 0.0 0

1745472323
0.0 0.0 0.0 0

1745472324
0.0 0.0 0.0 0

1745472325
0.0 0.0 0.0 0

1745472326
0.0 0.0 0.0 0

1745472327
0.0 0.0 0.0 0

1745472328
0.0 0.0 0.0 0

1745472329
0.0 0.0 0.0 0

1745472330
0.0 0.0 0.0 0

1745472331
0.0 0.0 0.0 0

1745472332
0.0 0.0 0.0 0

1745472333
0.0 0.0 0.0 0

1745472334
0.0 0.0 0.0 0

1745472335
0.0 0.0 0.0 0

1745472336
0.0 0.0 0.0 0

1745472337
0.0 0.0 0.0 0

1745472338
0.0 0.0 0.0 0

1745472339
0.0 0.0 0.0 0

1745472340
0.0 0.0 0.0 0

1745472341
0.0 0.0 0.0 0

1745472342
0.0 0.0 0.0 0

1745472343
0.0 0.0 0.0 0

1745472344
0.0 0.0 0.0 0

1745472345
0.0 0.0 0.0 0

1745472346
0.0 0.0 0.0 0

1745472347
0.0 0.0 0.0 0

1745472348
0.0 0.0 0.0 0

1745472349
0.0 0.0 0.0 0

1745472350
0.0 0.0 0.0 0

1745472351
0.0 0.0 0.0 0

1745472352
0.0 0.0 0.0 0

1745472353
0.0 0.0 0.0 0

1745472354
0.0 0.0 0.0 0

1745472355
0.0 0.0 0.0 0

1745472356
0.0 0.0 0.0 0

1745472357
0.0 0.0 0.0 0

1745472358
0.0 0.0 0.0 0

1745472359
0.0 0.0 0.0 0

1745472360
0.0 0.0 0.0 0

1745472361
0.0 0.0 0.0 0

1745472362
0.0 0.0 0.0 0

1745472363
0.0 0.0 0.0 0

1745472364
0.0 0.0 0.0 0

1745472365
0.0 0.0 0.0 0

1745472366
0.0 0.0 0.0 0

1745472367
0.0 0.0 0.0 0

1745472368
0.0 0.0 0.0 0

1745472369
0.0 0.0 0.0 0

1745472370
0.0 0.0 0.0 0

1745472371
0.0 0.0 0.0 0

1745472372
0.0 0.0 0.0 0

1745472373
0.0 0.0 0.0 0

1745472374
0.0 0.0 0.0 0

1745472375
0.0 0.0 0.0 0

1745472376
0.0 0.0 0.0 0

1745472377
0.0 0.0 0.0 0

1745472378
0.0 0.0 0.0 0

1745472379
0.0 0.0 0.0 0

1745472380
0.0 0.0 0.0 0

1745472381
0.0 0.0 0.0 0

1745472382
0.0 0.0 0.0 0

1745472383
0.0 0.0 0.0 0

1745472384
0.0 0.0 0.0 0

1745472385
0.0 0.0 0.0 0

1745472386
0.0 0.0 0.0 0

1745472387
0.0 0.0 0.0 0

1745472388
0.0 0.0 0.0 0

1745472389
0.0 0.0 0.0 0

1745472390
0.0 0.0 0.0 0

1745472391
0.0 0.0 0.0 0

1745472392
0.0 0.0 0.0 0

1745472393
0.0 0.0 0.0 0

1745472394
0.0 0.0 0.0 0

1745472395
0.0 0.0 0.0 0

1745472396
0.0 0.0 0.0 0

1745472397
0.0 0.0 0.0 0

1745472398
0.0 0.0 0.0 0

1745472399
0.0 0.0 0.0 0

1745472400
0.0 0.0 0.0 0

1745472401
0.0 0.0 0.0 0

1745472402
0.0 0.0 0.0 0

1745472403
0.0 0.0 0.0 0

1745472404
0.0 0.0 0.0 0

1745472405
0.0 0.0 0.0 0

1745472406
0.0 0.0 0.0 0

1745472407
0.0 0.0 0.0 0

1745472408
0.0 0.0 0.0 0

1745472409
0.0 0.0 0.0 0

1745472410
0.0 0.0 0.0 0

1745472411
0.0 0.0 0.0 0

1745472412
0.0 0.0 0.0 0

1745472413
0.0 0.0 0.0 0

1745472414
0.0 0.0 0.0 0

1745472415
0.0 0.0 0.0 0

1745472416
0.0 0.0 0.0 0

1745472417
0.0 0.0 0.0 0

1745472418
0.0 0.0 0.0 0

1745472419
0.0 0.0 0.0 0

1745472420
0.0 0.0 0.0 0

1745472421
0.0 0.0 0.0 0

1745472422
0.0 0.0 0.0 0

1745472423
0.0 0.0 0.0 0

1745472424
0.0 0.0 0.0 0

1745472425
0.0 0.0 0.0 0

1745472426
0.0 0.0 0.0 0

1745472427
0.0 0.0 0.0 0

1745472428
0.0 0.0 0.0 0

1745472429
0.0 0.0 0.0 0

1745472430
0.0 0.0 0.0 0

1745472431
0.0 0.0 0.0 0

1745472432
0.0 0.0 0.0 0

1745472433
0.0 0.0 0.0 0

1745472434
0.0 0.0 0.0 0

1745472435
0.0 0.0 0.0 0

1745472436
0.0 0.0 0.0 0

1745472437
0.0 0.0 0.0 0

1745472438
0.0 0.0 0.0 0

1745472439
0.0 0.0 0.0 0

1745472440
0.0 0.0 0.0 0

1745472441
0.0 0.0 0.0 0

1745472442
0.0 0.0 0.0 0

1745472443
0.0 0.0 0.0 0

1745472444
0.0 0.0 0.0 0

1745472445
0.0 0.0 0.0 0

1745472446
0.0 0.0 0.0 0

1745472447
0.0 0.0 0.0 0

1745472448
0.0 0.0 0.0 0

1745472449
0.0 0.0 0.0 0

1745472450
0.0 0.0 0.0 0

1745472451
0.0 0.0 0.0 0

1745472452
0.0 0.0 0.0 0

1745472453
0.0 0.0 0.0 0

1745472454
0.0 0.0 0.0 0

1745472455
0.0 0.0 0.0 0

1745472456
0.0 0.0 0.0 0

1745472457
0.0 0.0 0.0 0

1745472458
0.0 0.0 0.0 0

1745472459
0.0 0.0 0.0 0

1745472460
0.0 0.0 0.0 0

1745472461
0.0 0.0 0.0 0

1745472462
0.0 0.0 0.0 0

1745472463
0.0 0.0 0.0 0

1745472464
0.0 0.0 0.0 0

1745472465
0.0 0.0 0.0 0

1745472466
0.0 0.0 0.0 0

1745472467
0.0 0.0 0.0 0

1745472468
0.0 0.0 0.0 0

1745472469
0.0 0.0 0.0 0

1745472470
0.0 0.0 0.0 0

1745472471
0.0 0.0 0.0 0

1745472472
0.0 0.0 0.0 0

1745472473
0.0 0.0 0.0 0

1745472474
0.0 0.0 0.0 0

1745472475
0.0 0.0 0.0 0

1745472476
0.0 0.0 0.0 0

1745472477
0.0 0.0 0.0 0

1745472478
0.0 0.0 0.0 0

1745472479
0.0 0.0 0.0 0

1745472480
0.0 0.0 0.0 0

1745472481
0.0 0.0 0.0 0

1745472482
0.0 0.0 0.0 0

1745472483
0.0 0.0 0.0 0

1745472484
0.0 0.0 0.0 0

1745472485
0.0 0.0 0.0 0

1745472486
0.0 0.0 0.0 0

1745472487
0.0 0.0 0.0 0

1745472488
0.0 0.0 0.0 0

1745472489
0.0 0.0 0.0 0

1745472490
0.0 0.0 0.0 0

1745472491
0.0 0.0 0.0 0

1745472492
0.0 0.0 0.0 0

1745472493
0.0 0.0 0.0 0

1745472494
0.0 0.0 0.0 0

1745472495
0.0 0.0 0.0 0

1745472496
0.0 0.0 0.0 0

1745472497
0.0 0.0 0.0 0

1745472498
0.0 0.0 0.0 0

1745472499
0.0 0.0 0.0 0

1745472500
0.0 0.0 0.0 0

1745472501
0.0 0.0 0.0 0

1745472502
0.0 0.0 0.0 0

1745472503
0.0 0.0 0.0 0

1745472504
0.0 0.0 0.0 0

1745472505
0.0 0.0 0.0 0

1745472506
0.0 0.0 0.0 0

1745472507
0.0 0.0 0.0 0

1745472508
0.0 0.0 0.0 0

1745472509
0.0 0.0 0.0 0

1745472510
0.0 0.0 0.0 0

1745472511
0.0 0.0 0.0 0

1745472512
0.0 0.0 0.0 0

1745472513
0.0 0.0 0.0 0

1745472514
0.0 0.0 0.0 0

1745472515
0.0 0.0 0.0 0

1745472516
0.0 0.0 0.0 0

1745472517
0.0 0.0 0.0 0

1745472518
0.0 0.0 0.0 0

1745472519
0.0 0.0 0.0 0

1745472520
0.0 0.0 0.0 0

1745472521
0.0 0.0 0.0 0

1745472522
0.0 0.0 0.0 0

1745472523
0.0 0.0 0.0 0

1745472524
0.0 0.0 0.0 0

1745472525
0.0 0.0 0.0 0

1745472526
0.0 0.0 0.0 0

1745472527
0.0 0.0 0.0 0

1745472528
0.0 0.0 0.0 0

1745472529
0.0 0.0 0.0 0

1745472530
0.0 0.0 0.0 0

1745472531
0.0 0.0 0.0 0

1745472532
0.0 0.0 0.0 0

1745472533
0.0 0.0 0.0 0

1745472534
0.0 0.0 0.0 0

1745472535
0.0 0.0 0.0 0

1745472536
0.0 0.0 0.0 0

1745472537
0.0 0.0 0.0 0

1745472538
0.0 0.0 0.0 0

1745472539
0.0 0.0 0.0 0

1745472540
0.0 0.0 0.0 0

1745472541
0.0 0.0 0.0 0

1745472542
0.0 0.0 0.0 0

1745472543
0.0 0.0 0.0 0

1745472544
0.0 0.0 0.0 0

1745472545
0.0 0.0 0.0 0

1745472546
0.0 0.0 0.0 0

1745472547
0.0 0.0 0.0 0

1745472548
0.0 0.0 0.0 0

1745472549
0.0 0.0 0.0 0

1745472550
0.0 0.0 0.0 0

1745472551
0.0 0.0 0.0 0

1745472552
0.0 0.0 0.0 0

1745472553
0.0 0.0 0.0 0

1745472554
0.0 0.0 0.0 0

1745472555
0.0 0.0 0.0 0

1745472556
0.0 0.0 0.0 0

1745472557
0.0 0.0 0.0 0

1745472558
0.0 0.0 0.0 0

1745472559
0.0 0.0 0.0 0

1745472560
0.0 0.0 0.0 0

1745472561
0.0 0.0 0.0 0

1745472562
0.0 0.0 0.0 0

1745472563
0.0 0.0 0.0 0

1745472564
0.0 0.0 0.0 0

1745472565
0.0 0.0 0.0 0

1745472566
0.0 0.0 0.0 0

1745472567
0.0 0.0 0.0 0

1745472568
0.0 0.0 0.0 0

1745472569
0.0 0.0 0.0 0

1745472570
0.0 0.0 0.0 0

1745472571
0.0 0.0 0.0 0

1745472572
0.0 0.0 0.0 0

1745472573
0.0 0.0 0.0 0

1745472574
0.0 0.0 0.0 0

1745472575
0.0 0.0 0.0 0

1745472576
0.0 0.0 0.0 0

1745472577
0.0 0.0 0.0 0

1745472578
0.0 0.0 0.0 0

1745472579
0.0 0.0 0.0 0

1745472580
0.0 0.0 0.0 0

1745472581
0.0 0.0 0.0 0

1745472582
0.0 0.0 0.0 0

1745472583
0.0 0.0 0.0 0

1745472584
0.0 0.0 0.0 0

1745472585
0.0 0.0 0.0 0

1745472586
0.0 0.0 0.0 0

1745472587
0.0 0.0 0.0 0

1745472588
0.0 0.0 0.0 0

1745472589
0.0 0.0 0.0 0

1745472590
0.0 0.0 0.0 0

1745472591
0.0 0.0 0.0 0

1745472592
0.0 0.0 0.0 0

1745472593
0.0 0.0 0.0 0

1745472594
0.0 0.0 0.0 0

1745472595
0.0 0.0 0.0 0

1745472596
0.0 0.0 0.0 0

1745472597
0.0 0.0 0.0 0

1745472598
0.0 0.0 0.0 0

1745472599
0.0 0.0 0.0 0

1745472600
0.0 0.0 0.0 0

1745472601
0.0 0.0 0.0 0

1745472602
0.0 0.0 0.0 0

1745472603
0.0 0.0 0.0 0

1745472604
0.0 0.0 0.0 0

1745472605
0.0 0.0 0.0 0

1745472606
0.0 0.0 0.0 0

1745472607
0.0 0.0 0.0 0

1745472608
0.0 0.0 0.0 0

1745472609
0.0 0.0 0.0 0

1745472610
0.0 0.0 0.0 0

1745472611
0.0 0.0 0.0 0

1745472612
0.0 0.0 0.0 0

1745472613
0.0 0.0 0.0 0

1745472614
0.0 0.0 0.0 0

1745472615
0.0 0.0 0.0 0

1745472616
0.0 0.0 0.0 0

1745472617
0.0 0.0 0.0 0

1745472618
0.0 0.0 0.0 0

1745472619
0.0 0.0 0.0 0

1745472620
0.0 0.0 0.0 0

1745472621
0.0 0.0 0.0 0

1745472622
0.0 0.0 0.0 0

1745472623
0.0 0.0 0.0 0

1745472624
0.0 0.0 0.0 0

1745472625
0.0 0.0 0.0 0

1745472626
0.0 0.0 0.0 0

1745472627
0.0 0.0 0.0 0

1745472628
0.0 0.0 0.0 0

1745472629
0.0 0.0 0.0 0

1745472630
0.0 0.0 0.0 0

1745472631
0.0 0.0 0.0 0

1745472632
0.0 0.0 0.0 0

1745472633
0.0 0.0 0.0 0

1745472634
0.0 0.0 0.0 0

1745472635
0.0 0.0 0.0 1

1745472636
0.0 0.0 0.0 0

1745472637
0.0 0.0 0.0 0

1745472638
0.0 0.0 0.0 0

1745472639
0.0 0.0 0.0 0

1745472640
0.0 0.0 0.0 0

1745472641
0.0 0.0 0.0 0

1745472642
0.0 0.0 0.0 0

1745472643
0.0 0.0 0.0 0

1745472644
0.0 0.0 0.0 0

1745472645
0.0 0.0 0.0 0

1745472646
0.0 0.0 0.0 0

1745472647
0.0 0.0 0.0 0

1745472648
0.0 0.0 0.0 0

1745472649
0.0 0.0 0.0 0

1745472650
0.0 0.0 0.0 0

1745472651
0.0 0.0 0.0 0

1745472652
0.0 0.0 0.0 0

1745472653
0.0 0.0 0.0 0

1745472654
0.0 0.0 0.0 0

1745472655
0.0 0.0 0.0 0

1745472656
0.0 0.0 0.0 0

1745472657
0.0 0.0 0.0 0

1745472658
0.0 0.0 0.0 0

1745472659
0.0 0.0 0.0 0

1745472660
0.0 0.0 0.0 0

1745472661
0.0 0.0 0.0 0

1745472662
0.0 0.0 0.0 0

1745472663
0.0 0.0 0.0 0

1745472664
0.0 0.0 0.0 0

1745472665
0.0 0.0 0.0 0

1745472666
0.0 0.0 0.0 0

1745472667
0.0 0.0 0.0 0

1745472668
0.0 0.0 0.0 0

1745472669
0.0 0.0 0.0 0

1745472670
0.0 0.0 0.0 0

1745472671
0.0 0.0 0.0 0

1745472672
0.0 0.0 0.0 0

1745472673
0.0 0.0 0.0 0

1745472674
0.0 0.0 0.0 0

1745472675
0.0 0.0 0.0 0

1745472676
0.0 0.0 0.0 0

1745472677
0.0 0.0 0.0 0

1745472678
0.0 0.0 0.0 0

1745472679
0.0 0.0 0.0 0

1745472680
0.0 0.0 0.0 0

1745472681
0.0 0.0 0.0 0

1745472682
0.0 0.0 0.0 0

1745472683
0.0 0.0 0.0 0

1745472684
0.0 0.0 0.0 0

1745472685
0.0 0.0 0.0 0

1745472686
0.0 0.0 0.0 0

1745472687
0.0 0.0 0.0 0

1745472688
0.0 0.0 0.0 0

1745472689
0.0 0.0 0.0 0

1745472690
0.0 0.0 0.0 0

1745472691
0.0 0.0 0.0 0

1745472692
0.0 0.0 0.0 0

1745472693
0.0 0.0 0.0 0

1745472694
0.0 0.0 0.0 0

1745472695
0.0 0.0 0.0 0

1745472696
0.0 0.0 0.0 0

1745472697
0.0 0.0 0.0 0

1745472698
0.0 0.0 0.0 0

1745472699
0.0 0.0 0.0 0

1745472700
0.0 0.0 0.0 0

1745472701
0.0 0.0 0.0 0

1745472702
0.0 0.0 0.0 0

1745472703
0.0 0.0 0.0 0

1745472704
0.0 0.0 0.0 0

1745472705
0.0 0.0 0.0 0

1745472706
0.0 0.0 0.0 0

1745472707
0.0 0.0 0.0 0

1745472708
0.0 0.0 0.0 0

1745472709
0.0 0.0 0.0 0

1745472710
0.0 0.0 0.0 0

1745472711
0.0 0.0 0.0 0

1745472712
0.0 0.0 0.0 0

1745472713
0.0 0.0 0.0 0

1745472714
0.0 0.0 0.0 0

1745472715
0.0 0.0 0.0 0

1745472716
0.0 0.0 0.0 0

1745472717
0.0 0.0 0.0 0

1745472718
0.0 0.0 0.0 0

1745472719
0.0 0.0 0.0 0

1745472720
0.0 0.0 0.0 0

1745472721
0.0 0.0 0.0 0

1745472722
0.0 0.0 0.0 0

1745472723
0.0 0.0 0.0 0

1745472724
0.0 0.0 0.0 0

1745472725
0.0 0.0 0.0 0

1745472726
0.0 0.0 0.0 0

1745472727
0.0 0.0 0.0 0

1745472728
0.0 0.0 0.0 0

1745472729
0.0 0.0 0.0 0

1745472730
0.0 0.0 0.0 0

1745472731
0.0 0.0 0.0 0

1745472732
0.0 0.0 0.0 0

1745472733
0.0 0.0 0.0 0

1745472734
0.0 0.0 0.0 0

1745472735
0.0 0.0 0.0 0

1745472736
0.0 0.0 0.0 0

1745472737
0.0 0.0 0.0 0

1745472738
0.0 0.0 0.0 0

1745472739
0.0 0.0 0.0 0

1745472740
0.0 0.0 0.0 0

1745472741
0.0 0.0 0.0 0

1745472742
0.0 0.0 0.0 0

1745472743
0.0 0.0 0.0 0

1745472744
0.0 0.0 0.0 0

1745472745
0.0 0.0 0.0 0

1745472746
0.0 0.0 0.0 0

1745472747
0.0 0.0 0.0 0

1745472748
0.0 0.0 0.0 0

1745472749
0.0 0.0 0.0 0

1745472750
0.0 0.0 0.0 0

1745472751
0.0 0.0 0.0 0

1745472752
0.0 0.0 0.0 0

1745472753
0.0 0.0 0.0 0

1745472754
0.0 0.0 0.0 0

1745472755
0.0 0.0 0.0 0

1745472756
0.0 0.0 0.0 0

1745472757
0.0 0.0 0.0 0

1745472758
0.0 0.0 0.0 0

1745472759
0.0 0.0 0.0 0

1745472760
0.0 0.0 0.0 0

1745472761
0.0 0.0 0.0 0

1745472762
0.0 0.0 0.0 0

1745472763
0.0 0.0 0.0 0

1745472764
0.0 0.0 0.0 0

1745472765
0.0 0.0 0.0 0

1745472766
0.0 0.0 0.0 0

1745472767
0.0 0.0 0.0 0

1745472768
0.0 0.0 0.0 0

1745472769
0.0 0.0 0.0 0

1745472770
0.0 0.0 0.0 0

1745472771
0.0 0.0 0.0 0

1745472772
0.0 0.0 0.0 0

1745472773
0.0 0.0 0.0 0

1745472774
0.0 0.0 0.0 0

1745472775
0.0 0.0 0.0 0

1745472776
0.0 0.0 0.0 0

1745472777
0.0 0.0 0.0 0

1745472778
0.0 0.0 0.0 0

1745472779
0.0 0.0 0.0 0

1745472780
0.0 0.0 0.0 0

1745472781
0.0 0.0 0.0 0

1745472782
0.0 0.0 0.0 0

1745472783
0.0 0.0 0.0 0

1745472784
0.0 0.0 0.0 0

1745472785
0.0 0.0 0.0 0

1745472786
0.0 0.0 0.0 0

1745472787
0.0 0.0 0.0 0

1745472788
0.0 0.0 0.0 0

1745472789
0.0 0.0 0.0 0

1745472790
0.0 0.0 0.0 0

1745472791
0.0 0.0 0.0 0

1745472792
0.0 0.0 0.0 0

1745472793
0.0 0.0 0.0 0

1745472794
0.0 0.0 0.0 0

1745472795
0.0 0.0 0.0 0

1745472796
0.0 0.0 0.0 0

1745472797
0.0 0.0 0.0 0

1745472798
0.0 0.0 0.0 0

1745472799
0.0 0.0 0.0 0

1745472800
0.0 0.0 0.0 0

1745472801
0.0 0.0 0.0 0

1745472802
0.0 0.0 0.0 0

1745472803
0.0 0.0 0.0 0

1745472804
0.0 0.0 0.0 0

1745472805
0.0 0.0 0.0 0

1745472806
0.0 0.0 0.0 0

1745472807
0.0 0.0 0.0 0

1745472808
0.0 0.0 0.0 0

1745472809
0.0 0.0 0.0 0

1745472810
0.0 0.0 0.0 0

1745472811
0.0 0.0 0.0 0

1745472812
0.0 0.0 0.0 0

1745472813
0.0 0.0 0.0 0

1745472814
0.0 0.0 0.0 0

1745472815
0.0 0.0 0.0 0

1745472816
0.0 0.0 0.0 0

1745472817
0.0 0.0 0.0 0

1745472818
0.0 0.0 0.0 0

1745472819
0.0 0.0 0.0 0

1745472820
0.0 0.0 0.0 0

1745472821
0.0 0.0 0.0 0

1745472822
0.0 0.0 0.0 0

1745472823
0.0 0.0 0.0 0

1745472824
0.0 0.0 0.0 0

1745472825
0.0 0.0 0.0 0

1745472826
0.0 0.0 0.0 0

1745472827
0.0 0.0 0.0 0

1745472828
0.0 0.0 0.0 0

1745472829
0.0 0.0 0.0 0

1745472830
0.0 0.0 0.0 0

1745472831
0.0 0.0 0.0 0

1745472832
0.0 0.0 0.0 0

1745472833
0.0 0.0 0.0 0

1745472834
0.0 0.0 0.0 0

1745472835
0.0 0.0 0.0 0

1745472836
0.0 0.0 0.0 0

1745472837
0.0 0.0 0.0 0

1745472838
0.0 0.0 0.0 0

1745472839
0.0 0.0 0.0 0

1745472840
0.0 0.0 0.0 0

1745472841
0.0 0.0 0.0 0

1745472842
0.0 0.0 0.0 0

1745472843
0.0 0.0 0.0 0

1745472844
0.0 0.0 0.0 0

1745472845
0.0 0.0 0.0 0

1745472846
0.0 0.0 0.0 0

1745472847
0.0 0.0 0.0 0

1745472848
0.0 0.0 0.0 0

1745472849
0.0 0.0 0.0 0

1745472850
0.0 0.0 0.0 0

1745472851
0.0 0.0 0.0 0

1745472852
0.0 0.0 0.0 0

1745472853
0.0 0.0 0.0 0

1745472854
0.0 0.0 0.0 0

1745472855
0.0 0.0 0.0 0

1745472856
0.0 0.0 0.0 0

1745472857
0.0 0.0 0.0 0

1745472858
0.0 0.0 0.0 0

1745472859
0.0 0.0 0.0 0

1745472860
0.0 0.0 0.0 0

1745472861
0.0 0.0 0.0 0

1745472862
0.0 0.0 0.0 0

1745472863
0.0 0.0 0.0 0

1745472864
0.0 0.0 0.0 0

1745472865
0.0 0.0 0.0 0

1745472866
0.0 0.0 0.0 0

1745472867
0.0 0.0 0.0 0

1745472868
0.0 0.0 0.0 0

1745472869
0.0 0.0 0.0 0

1745472870
0.0 0.0 0.0 0

1745472871
0.0 0.0 0.0 0

1745472872
0.0 0.0 0.0 0

1745472873
0.0 0.0 0.0 0

1745472874
0.0 0.0 0.0 0

1745472875
0.0 0.0 0.0 0

1745472876
0.0 0.0 0.0 0

1745472877
0.0 0.0 0.0 0

1745472878
0.0 0.0 0.0 0

1745472879
0.0 0.0 0.0 0

1745472880
0.0 0.0 0.0 0

1745472881
0.0 0.0 0.0 0

1745472882
0.0 0.0 0.0 0

1745472883
0.0 0.0 0.0 0

1745472884
0.0 0.0 0.0 0

1745472885
0.0 0.0 0.0 0

1745472886
0.0 0.0 0.0 0

1745472887
0.0 0.0 0.0 0

1745472888
0.0 0.0 0.0 0

1745472889
0.0 0.0 0.0 0

1745472890
0.0 0.0 0.0 0

1745472891
0.0 0.0 0.0 0

1745472892
0.0 0.0 0.0 0

1745472893
0.0 0.0 0.0 0

1745472894
0.0 0.0 0.0 0

1745472895
0.0 0.0 0.0 0

1745472896
0.0 0.0 0.0 0

1745472897
0.0 0.0 0.0 0

1745472898
0.0 0.0 0.0 0

1745472899
0.0 0.0 0.0 0

1745472900
0.0 0.0 0.0 0

1745472901
0.0 0.0 0.0 0

1745472902
0.0 0.0 0.0 0

1745472903
0.0 0.0 0.0 0

1745472904
0.0 0.0 0.0 0

1745472905
0.0 0.0 0.0 0

1745472906
0.0 0.0 0.0 0

1745472907
0.0 0.0 0.0 0

1745472908
0.0 0.0 0.0 0

1745472909
0.0 0.0 0.0 0

1745472910
0.0 0.0 0.0 0

1745472911
0.0 0.0 0.0 0

1745472912
0.0 0.0 0.0 0

1745472913
0.0 0.0 0.0 0

1745472914
0.0 0.0 0.0 0

1745472915
0.0 0.0 0.0 0

1745472916
0.0 0.0 0.0 0

1745472917
0.0 0.0 0.0 0

1745472918
0.0 0.0 0.0 0

1745472919
0.0 0.0 0.0 0

1745472920
0.0 0.0 0.0 0

1745472921
0.0 0.0 0.0 0

1745472922
0.0 0.0 0.0 0

1745472923
0.0 0.0 0.0 0

1745472924
0.0 0.0 0.0 0

1745472925
0.0 0.0 0.0 0

1745472926
0.0 0.0 0.0 0

1745472927
0.0 0.0 0.0 0

1745472928
0.0 0.0 0.0 0

1745472929
0.0 0.0 0.0 0

1745472930
0.0 0.0 0.0 0

1745472931
0.0 0.0 0.0 0

1745472932
0.0 0.0 0.0 0

1745472933
0.0 0.0 0.0 0

1745472934
0.0 0.0 0.0 0

1745472935
0.0 0.0 0.0 0

1745472936
0.0 0.0 0.0 0

1745472937
0.0 0.0 0.0 0

1745472938
0.0 0.0 0.0 0

1745472939
0.0 0.0 0.0 0

1745472940
0.0 0.0 0.0 0

1745472941
0.0 0.0 0.0 0

1745472942
0.0 0.0 0.0 0

1745472943
0.0 0.0 0.0 0

1745472944
0.0 0.0 0.0 0

1745472945
0.0 0.0 0.0 0

1745472946
0.0 0.0 0.0 0

1745472947
0.0 0.0 0.0 0

1745472948
0.0 0.0 0.0 0

1745472949
0.0 0.0 0.0 0

1745472950
0.0 0.0 0.0 0

1745472951
0.0 0.0 0.0 0

1745472952
0.0 0.0 0.0 0

1745472953
0.0 0.0 0.0 0

1745472954
0.0 0.0 0.0 0

1745472955
0.0 0.0 0.0 0

1745472956
0.0 0.0 0.0 0

1745472957
0.0 0.0 0.0 0

1745472958
0.0 0.0 0.0 1

1745472959
0.0 0.0 0.0 0

1745472960
0.0 0.0 0.0 0

1745472961
0.0 0.0 0.0 0

1745472962
0.0 0.0 0.0 0

1745472963
0.0 0.0 0.0 0

1745472964
0.0 0.0 0.0 0

1745472965
0.0 0.0 0.0 0

1745472966
0.0 0.0 0.0 0

1745472967
0.0 0.0 0.0 0

1745472968
0.0 0.0 0.0 0

1745472969
0.0 0.0 0.0 0

1745472970
0.0 0.0 0.0 0

1745472971
0.0 0.0 0.0 0

1745472972
0.0 0.0 0.0 0

1745472973
0.0 0.0 0.0 0

1745472974
0.0 0.0 0.0 0

1745472975
0.0 0.0 0.0 0

1745472976
0.0 0.0 0.0 0

1745472977
0.0 0.0 0.0 0

1745472978
0.0 0.0 0.0 0

1745472979
0.0 0.0 0.0 0

1745472980
0.0 0.0 0.0 0

1745472981
0.0 0.0 0.0 0

1745472982
0.0 0.0 0.0 0

1745472983
0.0 0.0 0.0 0

1745472984
0.0 0.0 0.0 0

1745472985
0.0 0.0 0.0 0

1745472986
0.0 0.0 0.0 0

1745472987
0.0 0.0 0.0 0

1745472988
0.0 0.0 0.0 0

1745472989
0.0 0.0 0.0 0

1745472990
0.0 0.0 0.0 0

1745472991
0.0 0.0 0.0 0

1745472992
0.0 0.0 0.0 0

1745472993
0.0 0.0 0.0 0

1745472994
0.0 0.0 0.0 0

1745472995
0.0 0.0 0.0 0

1745472996
0.0 0.0 0.0 0

1745472997
0.0 0.0 0.0 0

1745472998
0.0 0.0 0.0 0

1745472999
0.0 0.0 0.0 0

1745473000
0.0 0.0 0.0 0

1745473001
0.0 0.0 0.0 0

1745473002
0.0 0.0 0.0 0

1745473003
0.0 0.0 0.0 0

1745473004
0.0 0.0 0.0 0

1745473005
0.0 0.0 0.0 0

1745473006
0.0 0.0 0.0 0

1745473007
0.0 0.0 0.0 0

1745473008
0.0 0.0 0.0 0

1745473009
0.0 0.0 0.0 0

1745473010
0.0 0.0 0.0 0

1745473011
0.0 0.0 0.0 0

1745473012
0.0 0.0 0.0 0

1745473013
0.0 0.0 0.0 0

1745473014
0.0 0.0 0.0 0

1745473015
0.0 0.0 0.0 0

1745473016
0.0 0.0 0.0 0

1745473017
0.0 0.0 0.0 0

1745473018
0.0 0.0 0.0 0

1745473019
0.0 0.0 0.0 0

1745473020
0.0 0.0 0.0 0

1745473021
0.0 0.0 0.0 0

1745473022
0.0 0.0 0.0 0

1745473023
0.0 0.0 0.0 0

1745473024
0.0 0.0 0.0 0

1745473025
0.0 0.0 0.0 0

1745473026
0.0 0.0 0.0 0

1745473027
0.0 0.0 0.0 0

1745473028
0.0 0.0 0.0 0

1745473029
0.0 0.0 0.0 0

1745473030
0.0 0.0 0.0 0

1745473031
0.0 0.0 0.0 0

1745473032
0.0 0.0 0.0 0

1745473033
0.0 0.0 0.0 0

1745473034
0.0 0.0 0.0 0

1745473035
0.0 0.0 0.0 0

1745473036
0.0 0.0 0.0 0

1745473037
0.0 0.0 0.0 0

1745473038
0.0 0.0 0.0 0

1745473039
0.0 0.0 0.0 0

1745473040
0.0 0.0 0.0 0

1745473041
0.0 0.0 0.0 0

1745473042
0.0 0.0 0.0 0

1745473043
0.0 0.0 0.0 0

1745473044
0.0 0.0 0.0 0

1745473045
0.0 0.0 0.0 0

1745473046
0.0 0.0 0.0 0

1745473047
0.0 0.0 0.0 0

1745473048
0.0 0.0 0.0 0

1745473049
0.0 0.0 0.0 0

1745473050
0.0 0.0 0.0 0

1745473051
0.0 0.0 0.0 0

1745473052
0.0 0.0 0.0 0

1745473053
0.0 0.0 0.0 0

1745473054
0.0 0.0 0.0 0

1745473055
0.0 0.0 0.0 0

1745473056
0.0 0.0 0.0 0

1745473057
0.0 0.0 0.0 0

1745473058
0.0 0.0 0.0 0

1745473059
0.0 0.0 0.0 0

1745473060
0.0 0.0 0.0 0

1745473061
0.0 0.0 0.0 0

1745473062
0.0 0.0 0.0 0

1745473063
0.0 0.0 0.0 0

1745473064
0.0 0.0 0.0 0

1745473065
0.0 0.0 0.0 0

1745473066
0.0 0.0 0.0 0

1745473067
0.0 0.0 0.0 0

1745473068
0.0 0.0 0.0 0

1745473069
0.0 0.0 0.0 0

1745473070
0.0 0.0 0.0 0

1745473071
0.0 0.0 0.0 0

1745473072
0.0 0.0 0.0 0

1745473073
0.0 0.0 0.0 0

1745473074
0.0 0.0 0.0 0

1745473075
0.0 0.0 0.0 0

1745473076
0.0 0.0 0.0 0

1745473077
0.0 0.0 0.0 0

1745473078
0.0 0.0 0.0 0

1745473079
0.0 0.0 0.0 0

1745473080
0.0 0.0 0.0 0

1745473081
0.0 0.0 0.0 0

1745473082
0.0 0.0 0.0 0

1745473083
0.0 0.0 0.0 0

1745473084
0.0 0.0 0.0 0

1745473085
0.0 0.0 0.0 0

1745473086
0.0 0.0 0.0 0

1745473087
0.0 0.0 0.0 0

1745473088
0.0 0.0 0.0 0

1745473089
0.0 0.0 0.0 0

1745473090
0.0 0.0 0.0 0

1745473091
0.0 0.0 0.0 0

1745473092
0.0 0.0 0.0 0

1745473093
0.0 0.0 0.0 0

1745473094
0.0 0.0 0.0 0

1745473095
0.0 0.0 0.0 0

1745473096
0.0 0.0 0.0 0

1745473097
0.0 0.0 0.0 0

1745473098
0.0 0.0 0.0 0

1745473099
0.0 0.0 0.0 0

1745473100
0.0 0.0 0.0 0

1745473101
0.0 0.0 0.0 0

1745473102
0.0 0.0 0.0 0

1745473103
0.0 0.0 0.0 0

1745473104
0.0 0.0 0.0 0

1745473105
0.0 0.0 0.0 0

1745473106
0.0 0.0 0.0 0

1745473107
0.0 0.0 0.0 0

1745473108
0.0 0.0 0.0 0

1745473109
0.0 0.0 0.0 0

1745473110
0.0 0.0 0.0 0

1745473111
0.0 0.0 0.0 0

1745473112
0.0 0.0 0.0 0

1745473113
0.0 0.0 0.0 0

1745473114
0.0 0.0 0.0 0

1745473115
0.0 0.0 0.0 0

1745473116
0.0 0.0 0.0 0

1745473117
0.0 0.0 0.0 0

1745473118
0.0 0.0 0.0 0

1745473119
0.0 0.0 0.0 0

1745473120
0.0 0.0 0.0 0

1745473121
0.0 0.0 0.0 0

1745473122
0.0 0.0 0.0 0

1745473123
0.0 0.0 0.0 0

1745473124
0.0 0.0 0.0 0

1745473125
0.0 0.0 0.0 0

1745473126
0.0 0.0 0.0 0

1745473127
0.0 0.0 0.0 0

1745473128
0.0 0.0 0.0 0

1745473129
0.0 0.0 0.0 0

1745473130
0.0 0.0 0.0 0

1745473131
0.0 0.0 0.0 0

1745473132
0.0 0.0 0.0 0

1745473133
0.0 0.0 0.0 0

1745473134
0.0 0.0 0.0 0

1745473135
0.0 0.0 0.0 0

1745473136
0.0 0.0 0.0 0

1745473137
0.0 0.0 0.0 0

1745473138
0.0 0.0 0.0 0

1745473139
0.0 0.0 0.0 0

1745473140
0.0 0.0 0.0 0

1745473141
0.0 0.0 0.0 0

1745473142
0.0 0.0 0.0 0

1745473143
0.0 0.0 0.0 0

1745473144
0.0 0.0 0.0 0

1745473145
0.0 0.0 0.0 0

1745473146
0.0 0.0 0.0 0

1745473147
0.0 0.0 0.0 0

1745473148
0.0 0.0 0.0 0

1745473149
0.0 0.0 0.0 0

1745473150
0.0 0.0 0.0 0

1745473151
0.0 0.0 0.0 0

1745473152
0.0 0.0 0.0 0

1745473153
0.0 0.0 0.0 0

1745473154
0.0 0.0 0.0 0

1745473155
0.0 0.0 0.0 0

1745473156
0.0 0.0 0.0 0

1745473157
0.0 0.0 0.0 0

1745473158
0.0 0.0 0.0 0

1745473159
0.0 0.0 0.0 0

1745473160
0.0 0.0 0.0 0

1745473161
0.0 0.0 0.0 0

1745473162
0.0 0.0 0.0 0

1745473163
0.0 0.0 0.0 0

1745473164
0.0 0.0 0.0 0

1745473165
0.0 0.0 0.0 0

1745473166
0.0 0.0 0.0 0

1745473167
0.0 0.0 0.0 0

1745473168
0.0 0.0 0.0 0

1745473169
0.0 0.0 0.0 0

1745473170
0.0 0.0 0.0 0

1745473171
0.0 0.0 0.0 0

1745473172
0.0 0.0 0.0 0

1745473173
0.0 0.0 0.0 0

1745473174
0.0 0.0 0.0 0

1745473175
0.0 0.0 0.0 0

1745473176
0.0 0.0 0.0 0

1745473177
0.0 0.0 0.0 0

1745473178
0.0 0.0 0.0 0

1745473179
0.0 0.0 0.0 0

1745473180
0.0 0.0 0.0 0

1745473181
0.0 0.0 0.0 0

1745473182
0.0 0.0 0.0 0

1745473183
0.0 0.0 0.0 0

1745473184
0.0 0.0 0.0 0

1745473185
0.0 0.0 0.0 0

1745473186
0.0 0.0 0.0 0

1745473187
0.0 0.0 0.0 0

1745473188
0.0 0.0 0.0 0

1745473189
0.0 0.0 0.0 0

1745473190
0.0 0.0 0.0 0

1745473191
0.0 0.0 0.0 0

1745473192
0.0 0.0 0.0 0

1745473193
0.0 0.0 0.0 0

1745473194
0.0 0.0 0.0 0

1745473195
0.0 0.0 0.0 0

1745473196
0.0 0.0 0.0 0

1745473197
0.0 0.0 0.0 0

1745473198
0.0 0.0 0.0 0

1745473199
0.0 0.0 0.0 0

1745473200
0.0 0.0 0.0 0

1745473201
0.0 0.0 0.0 0

1745473202
0.0 0.0 0.0 0

1745473203
0.0 0.0 0.0 0

1745473204
0.0 0.0 0.0 0

1745473205
0.0 0.0 0.0 0

1745473206
0.0 0.0 0.0 0

1745473207
0.0 0.0 0.0 0

1745473208
0.0 0.0 0.0 0

1745473209
0.0 0.0 0.0 0

1745473210
0.0 0.0 0.0 0

1745473211
0.0 0.0 0.0 0

1745473212
0.0 0.0 0.0 0

1745473213
0.0 0.0 0.0 0

1745473214
0.0 0.0 0.0 0

1745473215
0.0 0.0 0.0 0

1745473216
0.0 0.0 0.0 0

1745473217
0.0 0.0 0.0 0

1745473218
0.0 0.0 0.0 0

1745473219
0.0 0.0 0.0 0

1745473220
0.0 0.0 0.0 0

1745473221
0.0 0.0 0.0 0

1745473222
0.0 0.0 0.0 0

1745473223
0.0 0.0 0.0 0

1745473224
0.0 0.0 0.0 0

1745473225
0.0 0.0 0.0 0

1745473226
0.0 0.0 0.0 0

1745473227
0.0 0.0 0.0 0

1745473228
0.0 0.0 0.0 0

1745473229
0.0 0.0 0.0 0

1745473230
0.0 0.0 0.0 0

1745473231
0.0 0.0 0.0 0

1745473232
0.0 0.0 0.0 0

1745473233
0.0 0.0 0.0 0

1745473234
0.0 0.0 0.0 0

1745473235
0.0 0.0 0.0 0

1745473236
0.0 0.0 0.0 0

1745473237
0.0 0.0 0.0 0

1745473238
0.0 0.0 0.0 0

1745473239
0.0 0.0 0.0 0

1745473240
0.0 0.0 0.0 0

1745473241
0.0 0.0 0.0 0

1745473242
0.0 0.0 0.0 0

1745473243
0.0 0.0 0.0 0

1745473244
0.0 0.0 0.0 0

1745473245
0.0 0.0 0.0 0

1745473246
0.0 0.0 0.0 0

1745473247
0.0 0.0 0.0 0

1745473248
0.0 0.0 0.0 0

1745473249
0.0 0.0 0.0 0

1745473250
0.0 0.0 0.0 0

1745473251
0.0 0.0 0.0 0

1745473252
0.0 0.0 0.0 0

1745473253
0.0 0.0 0.0 0

1745473254
0.0 0.0 0.0 0

1745473255
0.0 0.0 0.0 0

1745473256
0.0 0.0 0.0 0

1745473257
0.0 0.0 0.0 0

1745473258
0.0 0.0 0.0 0

1745473259
0.0 0.0 0.0 0

1745473260
0.0 0.0 0.0 0

1745473261
0.0 0.0 0.0 0

1745473262
0.0 0.0 0.0 0

1745473263
0.0 0.0 0.0 0

1745473264
0.0 0.0 0.0 0

1745473265
0.0 0.0 0.0 0

1745473266
0.0 0.0 0.0 0

1745473267
0.0 0.0 0.0 0

1745473268
0.0 0.0 0.0 0

1745473269
0.0 0.0 0.0 0

1745473270
0.0 0.0 0.0 0

1745473271
0.0 0.0 0.0 0

1745473272
0.0 0.0 0.0 0

1745473273
0.0 0.0 0.0 0

1745473274
0.0 0.0 0.0 0

1745473275
0.0 0.0 0.0 0

1745473276
0.0 0.0 0.0 0

1745473277
0.0 0.0 0.0 0

1745473278
0.0 0.0 0.0 0

1745473279
0.0 0.0 0.0 0

1745473280
0.0 0.0 0.0 0

1745473281
0.0 0.0 0.0 0

1745473282
0.0 0.0 0.0 0

1745473283
0.0 0.0 0.0 0

1745473284
0.0 0.0 0.0 0

1745473285
0.0 0.0 0.0 0

1745473286
0.0 0.0 0.0 0

1745473287
0.0 0.0 0.0 0

1745473288
0.0 0.0 0.0 0

1745473289
0.0 0.0 0.0 0

1745473290
0.0 0.0 0.0 0

1745473291
0.0 0.0 0.0 0

1745473292
0.0 0.0 0.0 0

1745473293
0.0 0.0 0.0 0

1745473294
0.0 0.0 0.0 0

1745473295
0.0 0.0 0.0 0

1745473296
0.0 0.0 0.0 0

1745473297
0.0 0.0 0.0 0

1745473298
0.0 0.0 0.0 0

1745473299
0.0 0.0 0.0 0

1745473300
0.0 0.0 0.0 0

1745473301
0.0 0.0 0.0 0

1745473302
0.0 0.0 0.0 0

1745473303
0.0 0.0 0.0 0

1745473304
0.0 0.0 0.0 0

1745473305
0.0 0.0 0.0 0

1745473306
0.0 0.0 0.0 0

1745473307
0.0 0.0 0.0 0

1745473308
0.0 0.0 0.0 0

1745473309
0.0 0.0 0.0 0

1745473310
0.0 0.0 0.0 0

1745473311
0.0 0.0 0.0 0

1745473312
0.0 0.0 0.0 0

1745473313
0.0 0.0 0.0 0

1745473314
0.0 0.0 0.0 0

1745473315
0.0 0.0 0.0 0

1745473316
0.0 0.0 0.0 0

1745473317
0.0 0.0 0.0 0

1745473318
0.0 0.0 0.0 0

1745473319
0.0 0.0 0.0 0

1745473320
0.0 0.0 0.0 0

1745473321
0.0 0.0 0.0 0

1745473322
0.0 0.0 0.0 0

1745473323
0.0 0.0 0.0 0

1745473324
0.0 0.0 0.0 0

1745473325
0.0 0.0 0.0 0

1745473326
0.0 0.0 0.0 0

1745473327
0.0 0.0 0.0 0

1745473328
0.0 0.0 0.0 0

1745473329
0.0 0.0 0.0 0

1745473330
0.0 0.0 0.0 0

1745473331
0.0 0.0 0.0 0

1745473332
0.0 0.0 0.0 0

1745473333
0.0 0.0 0.0 0

1745473334
0.0 0.0 0.0 0

1745473335
0.0 0.0 0.0 0

1745473336
0.0 0.0 0.0 0

1745473337
0.0 0.0 0.0 0

1745473338
0.0 0.0 0.0 0

1745473339
0.0 0.0 0.0 0

1745473340
0.0 0.0 0.0 0

1745473341
0.0 0.0 0.0 0

1745473342
0.0 0.0 0.0 0

1745473343
0.0 0.0 0.0 0

1745473344
0.0 0.0 0.0 0

1745473345
0.0 0.0 0.0 0

1745473346
0.0 0.0 0.0 0

1745473347
0.0 0.0 0.0 0

1745473348
0.0 0.0 0.0 0

1745473349
0.0 0.0 0.0 0

1745473350
0.0 0.0 0.0 0

1745473351
0.0 0.0 0.0 0

1745473352
0.0 0.0 0.0 0

1745473353
0.0 0.0 0.0 0

1745473354
0.0 0.0 0.0 0

1745473355
0.0 0.0 0.0 0

1745473356
0.0 0.0 0.0 0

1745473357
0.0 0.0 0.0 0

1745473358
0.0 0.0 0.0 0

1745473359
0.0 0.0 0.0 0

1745473360
0.0 0.0 0.0 0

1745473361
0.0 0.0 0.0 0

1745473362
0.0 0.0 0.0 0

1745473363
0.0 0.0 0.0 0

1745473364
0.0 0.0 0.0 0

1745473365
0.0 0.0 0.0 0

1745473366
0.0 0.0 0.0 0

1745473367
0.0 0.0 0.0 0

1745473368
0.0 0.0 0.0 0

1745473369
0.0 0.0 0.0 0

1745473370
0.0 0.0 0.0 0

1745473371
0.0 0.0 0.0 0

1745473372
0.0 0.0 0.0 0

1745473373
0.0 0.0 0.0 0

1745473374
0.0 0.0 0.0 0

1745473375
0.0 0.0 0.0 0

1745473376
0.0 0.0 0.0 0

1745473377
0.0 0.0 0.0 0

1745473378
0.0 0.0 0.0 0

1745473379
0.0 0.0 0.0 0

1745473380
0.0 0.0 0.0 0

1745473381
0.0 0.0 0.0 0

1745473382
0.0 0.0 0.0 0

1745473383
0.0 0.0 0.0 0

1745473384
0.0 0.0 0.0 0

1745473385
0.0 0.0 0.0 0

1745473386
0.0 0.0 0.0 0

1745473387
0.0 0.0 0.0 0

1745473388
0.0 0.0 0.0 0

1745473389
0.0 0.0 0.0 0

1745473390
0.0 0.0 0.0 0

1745473391
0.0 0.0 0.0 0

1745473392
0.0 0.0 0.0 0

1745473393
0.0 0.0 0.0 0

1745473394
0.0 0.0 0.0 0

1745473395
0.0 0.0 0.0 0

1745473396
0.0 0.0 0.0 0

1745473397
0.0 0.0 0.0 0

1745473398
0.0 0.0 0.0 0

1745473399
0.0 0.0 0.0 0

1745473400
0.0 0.0 0.0 0

1745473401
0.0 0.0 0.0 0

1745473402
0.0 0.0 0.0 0

1745473403
0.0 0.0 0.0 0

1745473404
0.0 0.0 0.0 0

1745473405
0.0 0.0 0.0 0

1745473406
0.0 0.0 0.0 0

1745473407
0.0 0.0 0.0 0

1745473408
0.0 0.0 0.0 0

1745473409
0.0 0.0 0.0 0

1745473410
0.0 0.0 0.0 0

1745473411
0.0 0.0 0.0 0

1745473412
0.0 0.0 0.0 0

1745473413
0.0 0.0 0.0 0

1745473414
0.0 0.0 0.0 0

1745473415
0.0 0.0 0.0 0

1745473416
0.0 0.0 0.0 0

1745473417
0.0 0.0 0.0 0

1745473418
0.0 0.0 0.0 0

1745473419
0.0 0.0 0.0 0

1745473420
0.0 0.0 0.0 0

1745473421
0.0 0.0 0.0 0

1745473422
0.0 0.0 0.0 0

1745473423
0.0 0.0 0.0 0

1745473424
0.0 0.0 0.0 0

1745473425
0.0 0.0 0.0 0

1745473426
0.0 0.0 0.0 0

1745473427
0.0 0.0 0.0 0

1745473428
0.0 0.0 0.0 0

1745473429
0.0 0.0 0.0 0

1745473430
0.0 0.0 0.0 0

1745473431
0.0 0.0 0.0 0

1745473432
0.0 0.0 0.0 0

1745473433
0.0 0.0 0.0 0

1745473434
0.0 0.0 0.0 0

1745473435
0.0 0.0 0.0 0

1745473436
0.0 0.0 0.0 0

1745473437
0.0 0.0 0.0 0

1745473438
0.0 0.0 0.0 0

1745473439
0.0 0.0 0.0 0

1745473440
0.0 0.0 0.0 0

1745473441
0.0 0.0 0.0 0

1745473442
0.0 0.0 0.0 0

1745473443
0.0 0.0 0.0 0

1745473444
0.0 0.0 0.0 0

1745473445
0.0 0.0 0.0 0

1745473446
0.0 0.0 0.0 0

1745473447
0.0 0.0 0.0 0

1745473448
0.0 0.0 0.0 0

1745473449
0.0 0.0 0.0 0

1745473450
0.0 0.0 0.0 0

1745473451
0.0 0.0 0.0 0

1745473452
0.0 0.0 0.0 0

1745473453
0.0 0.0 0.0 0

1745473454
0.0 0.0 0.0 0

1745473455
0.0 0.0 0.0 0

1745473456
0.0 0.0 0.0 0

1745473457
0.0 0.0 0.0 0

1745473458
0.0 0.0 0.0 0

1745473459
0.0 0.0 0.0 0

1745473460
0.0 0.0 0.0 0

1745473461
0.0 0.0 0.0 0

1745473462
0.0 0.0 0.0 0

1745473463
0.0 0.0 0.0 0

1745473464
0.0 0.0 0.0 0

1745473465
0.0 0.0 0.0 0

1745473466
0.0 0.0 0.0 0

1745473467
0.0 0.0 0.0 0

1745473468
0.0 0.0 0.0 0

1745473469
0.0 0.0 0.0 0

1745473470
0.0 0.0 0.0 0

1745473471
0.0 0.0 0.0 0

1745473472
0.0 0.0 0.0 0

1745473473
0.0 0.0 0.0 0

1745473474
0.0 0.0 0.0 0

1745473475
0.0 0.0 0.0 0

1745473476
0.0 0.0 0.0 0

1745473477
0.0 0.0 0.0 0

1745473478
0.0 0.0 0.0 0

1745473479
0.0 0.0 0.0 0

1745473480
0.0 0.0 0.0 0

1745473481
0.0 0.0 0.0 0

1745473482
0.0 0.0 0.0 0

1745473483
0.0 0.0 0.0 0

1745473484
0.0 0.0 0.0 0

1745473485
0.0 0.0 0.0 0

1745473486
0.0 0.0 0.0 0

1745473487
0.0 0.0 0.0 0

1745473488
0.0 0.0 0.0 0

1745473489
0.0 0.0 0.0 0

1745473490
0.0 0.0 0.0 0

1745473491
0.0 0.0 0.0 0

1745473492
0.0 0.0 0.0 0

1745473493
0.0 0.0 0.0 0

1745473494
0.0 0.0 0.0 0

1745473495
0.0 0.0 0.0 0

1745473496
0.0 0.0 0.0 0

1745473497
0.0 0.0 0.0 0

1745473498
0.0 0.0 0.0 0

1745473499
0.0 0.0 0.0 0

1745473500
0.0 0.0 0.0 0

1745473501
0.0 0.0 0.0 0

1745473502
0.0 0.0 0.0 0

1745473503
0.0 0.0 0.0 0

1745473504
0.0 0.0 0.0 0

1745473505
0.0 0.0 0.0 0

1745473506
0.0 0.0 0.0 0

1745473507
0.0 0.0 0.0 0

1745473508
0.0 0.0 0.0 0

1745473509
0.0 0.0 0.0 0

1745473510
0.0 0.0 0.0 0

1745473511
0.0 0.0 0.0 0

1745473512
0.0 0.0 0.0 0

1745473513
0.0 0.0 0.0 0

1745473514
0.0 0.0 0.0 0

1745473515
0.0 0.0 0.0 0

1745473516
0.0 0.0 0.0 0

1745473517
0.0 0.0 0.0 0

1745473518
0.0 0.0 0.0 0

1745473519
0.0 0.0 0.0 0

1745473520
0.0 0.0 0.0 0

1745473521
0.0 0.0 0.0 0

1745473522
0.0 0.0 0.0 0

1745473523
0.0 0.0 0.0 0

1745473524
0.0 0.0 0.0 0

1745473525
0.0 0.0 0.0 0

1745473526
0.0 0.0 0.0 0

1745473527
0.0 0.0 0.0 0

1745473528
0.0 0.0 0.0 0

1745473529
0.0 0.0 0.0 0

1745473530
0.0 0.0 0.0 0

1745473531
0.0 0.0 0.0 0

1745473532
0.0 0.0 0.0 0

1745473533
0.0 0.0 0.0 0

1745473534
0.0 0.0 0.0 0

1745473535
0.0 0.0 0.0 0

1745473536
0.0 0.0 0.0 0

1745473537
0.0 0.0 0.0 0

1745473538
0.0 0.0 0.0 0

1745473539
0.0 0.0 0.0 0

1745473540
0.0 0.0 0.0 0

1745473541
0.0 0.0 0.0 0

1745473542
0.0 0.0 0.0 0

1745473543
0.0 0.0 0.0 0

1745473544
0.0 0.0 0.0 0

1745473545
0.0 0.0 0.0 0

1745473546
0.0 0.0 0.0 0

1745473547
0.0 0.0 0.0 0

1745473548
0.0 0.0 0.0 0

1745473549
0.0 0.0 0.0 0

1745473550
0.0 0.0 0.0 0

1745473551
0.0 0.0 0.0 0

1745473552
0.0 0.0 0.0 0

1745473553
0.0 0.0 0.0 0

1745473554
0.0 0.0 0.0 0

1745473555
0.0 0.0 0.0 0

1745473556
0.0 0.0 0.0 0

1745473557
0.0 0.0 0.0 0

1745473558
0.0 0.0 0.0 0

1745473559
0.0 0.0 0.0 0

1745473560
0.0 0.0 0.0 0

1745473561
0.0 0.0 0.0 0

1745473562
0.0 0.0 0.0 0

1745473563
0.0 0.0 0.0 0

1745473564
0.0 0.0 0.0 0

1745473565
0.0 0.0 0.0 0

1745473566
0.0 0.0 0.0 0

1745473567
0.0 0.0 0.0 0

1745473568
0.0 0.0 0.0 0

1745473569
0.0 0.0 0.0 0

1745473570
0.0 0.0 0.0 0

1745473571
0.0 0.0 0.0 0

1745473572
0.0 0.0 0.0 0

1745473573
0.0 0.0 0.0 0

1745473574
0.0 0.0 0.0 0

1745473575
0.0 0.0 0.0 0

1745473576
0.0 0.0 0.0 0

1745473577
0.0 0.0 0.0 0

1745473578
0.0 0.0 0.0 0

1745473579
0.0 0.0 0.0 0

1745473580
0.0 0.0 0.0 0

1745473581
0.0 0.0 0.0 0

1745473582
0.0 0.0 0.0 0

1745473583
0.0 0.0 0.0 0

1745473584
0.0 0.0 0.0 0

1745473585
0.0 0.0 0.0 0

1745473586
0.0 0.0 0.0 0

1745473587
0.0 0.0 0.0 0

1745473588
0.0 0.0 0.0 0

1745473589
0.0 0.0 0.0 0

1745473590
0.0 0.0 0.0 0

1745473591
0.0 0.0 0.0 0

1745473592
0.0 0.0 0.0 0

1745473593
0.0 0.0 0.0 0

1745473594
0.0 0.0 0.0 0

1745473595
0.0 0.0 0.0 0

1745473596
0.0 0.0 0.0 0

1745473597
0.0 0.0 0.0 0

1745473598
0.0 0.0 0.0 0

1745473599
0.0 0.0 0.0 0

1745473600
0.0 0.0 0.0 0

1745473601
0.0 0.0 0.0 0

1745473602
0.0 0.0 0.0 0

1745473603
0.0 0.0 0.0 0

1745473604
0.0 0.0 0.0 0

1745473605
0.0 0.0 0.0 0

1745473606
0.0 0.0 0.0 0

1745473607
0.0 0.0 0.0 0

1745473608
0.0 0.0 0.0 0

1745473609
0.0 0.0 0.0 0

1745473610
0.0 0.0 0.0 0

1745473611
0.0 0.0 0.0 0

1745473612
0.0 0.0 0.0 0

1745473613
0.0 0.0 0.0 0

1745473614
0.0 0.0 0.0 0

1745473615
0.0 0.0 0.0 0

1745473616
0.0 0.0 0.0 0

1745473617
0.0 0.0 0.0 0

1745473618
0.0 0.0 0.0 0

1745473619
0.0 0.0 0.0 0

1745473620
0.0 0.0 0.0 0

1745473621
0.0 0.0 0.0 0

1745473622
0.0 0.0 0.0 0

1745473623
0.0 0.0 0.0 0

1745473624
0.0 0.0 0.0 1

1745473625
0.0 0.0 0.0 0

1745473626
0.0 0.0 0.0 0

1745473627
0.0 0.0 0.0 0

1745473628
0.0 0.0 0.0 0

1745473629
0.0 0.0 0.0 0

1745473630
0.0 0.0 0.0 0

1745473631
0.0 0.0 0.0 0

1745473632
0.0 0.0 0.0 0

1745473633
0.0 0.0 0.0 0

1745473634
0.0 0.0 0.0 0

1745473635
0.0 0.0 0.0 0

1745473636
0.0 0.0 0.0 0

1745473637
0.0 0.0 0.0 0

1745473638
0.0 0.0 0.0 0

1745473639
0.0 0.0 0.0 0

1745473640
0.0 0.0 0.0 0

1745473641
0.0 0.0 0.0 0

1745473642
0.0 0.0 0.0 0

1745473643
0.0 0.0 0.0 0

1745473644
0.0 0.0 0.0 0

1745473645
0.0 0.0 0.0 0

1745473646
0.0 0.0 0.0 0

1745473647
0.0 0.0 0.0 0

1745473648
0.0 0.0 0.0 0

1745473649
0.0 0.0 0.0 0

1745473650
0.0 0.0 0.0 0

1745473651
0.0 0.0 0.0 0

1745473652
0.0 0.0 0.0 0

1745473653
0.0 0.0 0.0 0

1745473654
0.0 0.0 0.0 0

1745473655
0.0 0.0 0.0 0

1745473656
0.0 0.0 0.0 0

1745473657
0.0 0.0 0.0 0

1745473658
0.0 0.0 0.0 0

1745473659
0.0 0.0 0.0 0

1745473660
0.0 0.0 0.0 0

1745473661
0.0 0.0 0.0 0

1745473662
0.0 0.0 0.0 0

1745473663
0.0 0.0 0.0 0

1745473664
0.0 0.0 0.0 0

1745473665
0.0 0.0 0.0 0

1745473666
0.0 0.0 0.0 0

1745473667
0.0 0.0 0.0 0

1745473668
0.0 0.0 0.0 0

1745473669
0.0 0.0 0.0 0

1745473670
0.0 0.0 0.0 0

1745473671
0.0 0.0 0.0 0

1745473672
0.0 0.0 0.0 0

1745473673
0.0 0.0 0.0 0

1745473674
0.0 0.0 0.0 0

1745473675
0.0 0.0 0.0 0

1745473676
0.0 0.0 0.0 0

1745473677
0.0 0.0 0.0 0

1745473678
0.0 0.0 0.0 0

1745473679
0.0 0.0 0.0 0

1745473680
0.0 0.0 0.0 0

1745473681
0.0 0.0 0.0 0

1745473682
0.0 0.0 0.0 0

1745473683
0.0 0.0 0.0 0

1745473684
0.0 0.0 0.0 0

1745473685
0.0 0.0 0.0 0

1745473686
0.0 0.0 0.0 0

1745473687
0.0 0.0 0.0 0

1745473688
0.0 0.0 0.0 0

1745473689
0.0 0.0 0.0 0

1745473690
0.0 0.0 0.0 0

1745473691
0.0 0.0 0.0 0

1745473692
0.0 0.0 0.0 0

1745473693
0.0 0.0 0.0 0

1745473694
0.0 0.0 0.0 0

1745473695
0.0 0.0 0.0 0

1745473696
0.0 0.0 0.0 0

1745473697
0.0 0.0 0.0 0

1745473698
0.0 0.0 0.0 0

1745473699
0.0 0.0 0.0 0

1745473700
0.0 0.0 0.0 0

1745473701
0.0 0.0 0.0 0

1745473702
0.0 0.0 0.0 0

1745473703
0.0 0.0 0.0 0

1745473704
0.0 0.0 0.0 0

1745473705
0.0 0.0 0.0 0

1745473706
0.0 0.0 0.0 0

1745473707
0.0 0.0 0.0 0

1745473708
0.0 0.0 0.0 0

1745473709
0.0 0.0 0.0 0

1745473710
0.0 0.0 0.0 0

1745473711
0.0 0.0 0.0 0

1745473712
0.0 0.0 0.0 0

1745473713
0.0 0.0 0.0 0

1745473714
0.0 0.0 0.0 0

1745473715
0.0 0.0 0.0 0

1745473716
0.0 0.0 0.0 0

1745473717
0.0 0.0 0.0 0

1745473718
0.0 0.0 0.0 0

1745473719
0.0 0.0 0.0 0

1745473720
0.0 0.0 0.0 0

1745473721
0.0 0.0 0.0 0

1745473722
0.0 0.0 0.0 0

1745473723
0.0 0.0 0.0 0

1745473724
0.0 0.0 0.0 0

1745473725
0.0 0.0 0.0 0

1745473726
0.0 0.0 0.0 0

1745473727
0.0 0.0 0.0 0

1745473728
0.0 0.0 0.0 0

1745473729
0.0 0.0 0.0 0

1745473730
0.0 0.0 0.0 0

1745473731
0.0 0.0 0.0 0

1745473732
0.0 0.0 0.0 0

1745473733
0.0 0.0 0.0 0

1745473734
0.0 0.0 0.0 0

1745473735
0.0 0.0 0.0 0

1745473736
0.0 0.0 0.0 0

1745473737
0.0 0.0 0.0 0

1745473738
0.0 0.0 0.0 0

1745473739
0.0 0.0 0.0 0

1745473740
0.0 0.0 0.0 0

1745473741
0.0 0.0 0.0 0

1745473742
0.0 0.0 0.0 0

1745473743
0.0 0.0 0.0 0

1745473744
0.0 0.0 0.0 0

1745473745
0.0 0.0 0.0 0

1745473746
0.0 0.0 0.0 0

1745473747
0.0 0.0 0.0 0

1745473748
0.0 0.0 0.0 0

1745473749
0.0 0.0 0.0 0

1745473750
0.0 0.0 0.0 0

1745473751
0.0 0.0 0.0 0

1745473752
0.0 0.0 0.0 0

1745473753
0.0 0.0 0.0 0

1745473754
0.0 0.0 0.0 0

1745473755
0.0 0.0 0.0 0

1745473756
0.0 0.0 0.0 0

1745473757
0.0 0.0 0.0 0

1745473758
0.0 0.0 0.0 0

1745473759
0.0 0.0 0.0 0

1745473760
0.0 0.0 0.0 0

1745473761
0.0 0.0 0.0 0

1745473762
0.0 0.0 0.0 0

1745473763
0.0 0.0 0.0 0

1745473764
0.0 0.0 0.0 0

1745473765
0.0 0.0 0.0 0

1745473766
0.0 0.0 0.0 0

1745473767
0.0 0.0 0.0 0

1745473768
0.0 0.0 0.0 0

1745473769
0.0 0.0 0.0 0

1745473770
0.0 0.0 0.0 0

1745473771
0.0 0.0 0.0 0

1745473772
0.0 0.0 0.0 0

1745473773
0.0 0.0 0.0 0

1745473774
0.0 0.0 0.0 0

1745473775
0.0 0.0 0.0 0

1745473776
0.0 0.0 0.0 0

1745473777
0.0 0.0 0.0 0

1745473778
0.0 0.0 0.0 0

1745473779
0.0 0.0 0.0 0

1745473780
0.0 0.0 0.0 0

1745473781
0.0 0.0 0.0 0

1745473782
0.0 0.0 0.0 0

1745473783
0.0 0.0 0.0 0

1745473784
0.0 0.0 0.0 0

1745473785
0.0 0.0 0.0 0

1745473786
0.0 0.0 0.0 0

1745473787
0.0 0.0 0.0 0

1745473788
0.0 0.0 0.0 0

1745473789
0.0 0.0 0.0 0

1745473790
0.0 0.0 0.0 0

1745473791
0.0 0.0 0.0 0

1745473792
0.0 0.0 0.0 0

1745473793
0.0 0.0 0.0 0

1745473794
0.0 0.0 0.0 0

1745473795
0.0 0.0 0.0 0

1745473796
0.0 0.0 0.0 0

1745473797
0.0 0.0 0.0 0

1745473798
0.0 0.0 0.0 0

1745473799
0.0 0.0 0.0 0

1745473800
0.0 0.0 0.0 0

1745473801
0.0 0.0 0.0 0

1745473802
0.0 0.0 0.0 0

1745473803
0.0 0.0 0.0 0

1745473804
0.0 0.0 0.0 0

1745473805
0.0 0.0 0.0 0

1745473806
0.0 0.0 0.0 0

1745473807
0.0 0.0 0.0 0

1745473808
0.0 0.0 0.0 0

1745473809
0.0 0.0 0.0 0

1745473810
0.0 0.0 0.0 0

1745473811
0.0 0.0 0.0 0

1745473812
0.0 0.0 0.0 0

1745473813
0.0 0.0 0.0 0

1745473814
0.0 0.0 0.0 0

1745473815
0.0 0.0 0.0 0

1745473816
0.0 0.0 0.0 0

1745473817
0.0 0.0 0.0 0

1745473818
0.0 0.0 0.0 0

1745473819
0.0 0.0 0.0 0

1745473820
0.0 0.0 0.0 0

1745473821
0.0 0.0 0.0 0

1745473822
0.0 0.0 0.0 0

1745473823
0.0 0.0 0.0 0

1745473824
0.0 0.0 0.0 0

1745473825
0.0 0.0 0.0 0

1745473826
0.0 0.0 0.0 0

1745473827
0.0 0.0 0.0 0

1745473828
0.0 0.0 0.0 0

1745473829
0.0 0.0 0.0 0

1745473830
0.0 0.0 0.0 0

1745473831
0.0 0.0 0.0 0

1745473832
0.0 0.0 0.0 0

1745473833
0.0 0.0 0.0 0

1745473834
0.0 0.0 0.0 0

1745473835
0.0 0.0 0.0 0

1745473836
0.0 0.0 0.0 0

1745473837
0.0 0.0 0.0 0

1745473838
0.0 0.0 0.0 0

1745473839
0.0 0.0 0.0 0

1745473840
0.0 0.0 0.0 0

1745473841
0.0 0.0 0.0 0

1745473842
0.0 0.0 0.0 0

1745473843
0.0 0.0 0.0 0

1745473844
0.0 0.0 0.0 0

1745473845
0.0 0.0 0.0 0

1745473846
0.0 0.0 0.0 0

1745473847
0.0 0.0 0.0 0

1745473848
0.0 0.0 0.0 0

1745473849
0.0 0.0 0.0 0

1745473850
0.0 0.0 0.0 0

1745473851
0.0 0.0 0.0 0

1745473852
0.0 0.0 0.0 0

1745473853
0.0 0.0 0.0 0

1745473854
0.0 0.0 0.0 0

1745473855
0.0 0.0 0.0 0

1745473856
0.0 0.0 0.0 0

1745473857
0.0 0.0 0.0 0

1745473858
0.0 0.0 0.0 0

1745473859
0.0 0.0 0.0 0

1745473860
0.0 0.0 0.0 0

1745473861
0.0 0.0 0.0 0

1745473862
0.0 0.0 0.0 0

1745473863
0.0 0.0 0.0 0

1745473864
0.0 0.0 0.0 0

1745473865
0.0 0.0 0.0 0

1745473866
0.0 0.0 0.0 0

1745473867
0.0 0.0 0.0 0

1745473868
0.0 0.0 0.0 0

1745473869
0.0 0.0 0.0 0

1745473870
0.0 0.0 0.0 0

1745473871
0.0 0.0 0.0 0

1745473872
0.0 0.0 0.0 0

1745473873
0.0 0.0 0.0 0

1745473874
0.0 0.0 0.0 0

1745473875
0.0 0.0 0.0 0

1745473876
0.0 0.0 0.0 0

1745473877
0.0 0.0 0.0 0

1745473878
0.0 0.0 0.0 0

1745473879
0.0 0.0 0.0 0

1745473880
0.0 0.0 0.0 0

1745473881
0.0 0.0 0.0 0

1745473882
0.0 0.0 0.0 0

1745473883
0.0 0.0 0.0 0

1745473884
0.0 0.0 0.0 0

1745473885
0.0 0.0 0.0 0

1745473886
0.0 0.0 0.0 0

1745473887
0.0 0.0 0.0 0

1745473888
0.0 0.0 0.0 0

1745473889
0.0 0.0 0.0 0

1745473890
0.0 0.0 0.0 0

1745473891
0.0 0.0 0.0 0

1745473892
0.0 0.0 0.0 0

1745473893
0.0 0.0 0.0 0

1745473894
0.0 0.0 0.0 0

1745473895
0.0 0.0 0.0 0

1745473896
0.0 0.0 0.0 0

1745473897
0.0 0.0 0.0 0

1745473898
0.0 0.0 0.0 0

1745473899
0.0 0.0 0.0 0

1745473900
0.0 0.0 0.0 0

1745473901
0.0 0.0 0.0 0

1745473902
0.0 0.0 0.0 0

1745473903
0.0 0.0 0.0 0

1745473904
0.0 0.0 0.0 0

1745473905
0.0 0.0 0.0 0

1745473906
0.0 0.0 0.0 0

1745473907
0.0 0.0 0.0 0

1745473908
0.0 0.0 0.0 0

1745473909
0.0 0.0 0.0 0

1745473910
0.0 0.0 0.0 0

1745473911
0.0 0.0 0.0 0

1745473912
0.0 0.0 0.0 0

1745473913
0.0 0.0 0.0 0

1745473914
0.0 0.0 0.0 0

1745473915
0.0 0.0 0.0 0

1745473916
0.0 0.0 0.0 0

1745473917
0.0 0.0 0.0 0

1745473918
0.0 0.0 0.0 0

1745473919
0.0 0.0 0.0 0

1745473920
0.0 0.0 0.0 0

1745473921
0.0 0.0 0.0 0

1745473922
0.0 0.0 0.0 0

1745473923
0.0 0.0 0.0 0

1745473924
0.0 0.0 0.0 0

1745473925
0.0 0.0 0.0 0

1745473926
0.0 0.0 0.0 0

1745473927
0.0 0.0 0.0 0

1745473928
0.0 0.0 0.0 0

1745473929
0.0 0.0 0.0 0

1745473930
0.0 0.0 0.0 0

1745473931
0.0 0.0 0.0 0

1745473932
0.0 0.0 0.0 0

1745473933
0.0 0.0 0.0 0

1745473934
0.0 0.0 0.0 0

1745473935
0.0 0.0 0.0 0

1745473936
0.0 0.0 0.0 0

1745473937
0.0 0.0 0.0 0

1745473938
0.0 0.0 0.0 0

1745473939
0.0 0.0 0.0 0

1745473940
0.0 0.0 0.0 0

1745473941
0.0 0.0 0.0 0

1745473942
0.0 0.0 0.0 0

1745473943
0.0 0.0 0.0 0

1745473944
0.0 0.0 0.0 0

1745473945
0.0 0.0 0.0 0

1745473946
0.0 0.0 0.0 0

1745473947
0.0 0.0 0.0 0

1745473948
0.0 0.0 0.0 0

1745473949
0.0 0.0 0.0 0

1745473950
0.0 0.0 0.0 0

1745473951
0.0 0.0 0.0 0

1745473952
0.0 0.0 0.0 0

1745473953
0.0 0.0 0.0 0

1745473954
0.0 0.0 0.0 0

1745473955
0.0 0.0 0.0 0

1745473956
0.0 0.0 0.0 0

1745473957
0.0 0.0 0.0 0

1745473958
0.0 0.0 0.0 0

1745473959
0.0 0.0 0.0 0

1745473960
0.0 0.0 0.0 0

1745473961
0.0 0.0 0.0 0

1745473962
0.0 0.0 0.0 0

1745473963
0.0 0.0 0.0 0

1745473964
0.0 0.0 0.0 0

1745473965
0.0 0.0 0.0 0

1745473966
0.0 0.0 0.0 0

1745473967
0.0 0.0 0.0 0

1745473968
0.0 0.0 0.0 0

1745473969
0.0 0.0 0.0 0

1745473970
0.0 0.0 0.0 0

1745473971
0.0 0.0 0.0 0

1745473972
0.0 0.0 0.0 0

1745473973
0.0 0.0 0.0 0

1745473974
0.0 0.0 0.0 0

1745473975
0.0 0.0 0.0 0

1745473976
0.0 0.0 0.0 0

1745473977
0.0 0.0 0.0 0

1745473978
0.0 0.0 0.0 0

1745473979
0.0 0.0 0.0 0

1745473980
0.0 0.0 0.0 0

1745473981
0.0 0.0 0.0 0

1745473982
0.0 0.0 0.0 0

1745473983
0.0 0.0 0.0 0

1745473984
0.0 0.0 0.0 0

1745473985
0.0 0.0 0.0 0

1745473986
0.0 0.0 0.0 0

1745473987
0.0 0.0 0.0 0

1745473988
0.0 0.0 0.0 0

1745473989
0.0 0.0 0.0 0

1745473990
0.0 0.0 0.0 0

1745473991
0.0 0.0 0.0 0

1745473992
0.0 0.0 0.0 0

1745473993
0.0 0.0 0.0 0

1745473994
0.0 0.0 0.0 0

1745473995
0.0 0.0 0.0 0

1745473996
0.0 0.0 0.0 0

1745473997
0.0 0.0 0.0 0

1745473998
0.0 0.0 0.0 0

1745473999
0.0 0.0 0.0 0

1745474000
0.0 0.0 0.0 0

1745474001
0.0 0.0 0.0 0

1745474002
0.0 0.0 0.0 0

1745474003
0.0 0.0 0.0 0

1745474004
0.0 0.0 0.0 0

1745474005
0.0 0.0 0.0 0

1745474006
0.0 0.0 0.0 0

1745474007
0.0 0.0 0.0 0

1745474008
0.0 0.0 0.0 0

1745474009
0.0 0.0 0.0 0

1745474010
0.0 0.0 0.0 0

1745474011
0.0 0.0 0.0 0

1745474012
0.0 0.0 0.0 0

1745474013
0.0 0.0 0.0 0

1745474014
0.0 0.0 0.0 0

1745474015
0.0 0.0 0.0 0

1745474016
0.0 0.0 0.0 0

1745474017
0.0 0.0 0.0 0

1745474018
0.0 0.0 0.0 0

1745474019
0.0 0.0 0.0 0

1745474020
0.0 0.0 0.0 0

1745474021
0.0 0.0 0.0 0

1745474022
0.0 0.0 0.0 0

1745474023
0.0 0.0 0.0 0

1745474024
0.0 0.0 0.0 0

1745474025
0.0 0.0 0.0 0

1745474026
0.0 0.0 0.0 0

1745474027
0.0 0.0 0.0 0

1745474028
0.0 0.0 0.0 0

1745474029
0.0 0.0 0.0 0

1745474030
0.0 0.0 0.0 0

1745474031
0.0 0.0 0.0 0

1745474032
0.0 0.0 0.0 0

1745474033
0.0 0.0 0.0 0

1745474034
0.0 0.0 0.0 0

1745474035
0.0 0.0 0.0 0

1745474036
0.0 0.0 0.0 0

1745474037
0.0 0.0 0.0 0

1745474038
0.0 0.0 0.0 0

1745474039
0.0 0.0 0.0 0

1745474040
0.0 0.0 0.0 0

1745474041
0.0 0.0 0.0 0

1745474042
0.0 0.0 0.0 0

1745474043
0.0 0.0 0.0 0

1745474044
0.0 0.0 0.0 0

1745474045
0.0 0.0 0.0 0

1745474046
0.0 0.0 0.0 0

1745474047
0.0 0.0 0.0 0

1745474048
0.0 0.0 0.0 0

1745474049
0.0 0.0 0.0 0

1745474050
0.0 0.0 0.0 0

1745474051
0.0 0.0 0.0 0

1745474052
0.0 0.0 0.0 0

1745474053
0.0 0.0 0.0 0

1745474054
0.0 0.0 0.0 0

1745474055
0.0 0.0 0.0 0

1745474056
0.0 0.0 0.0 0

1745474057
0.0 0.0 0.0 0

1745474058
0.0 0.0 0.0 0

1745474059
0.0 0.0 0.0 0

1745474060
0.0 0.0 0.0 0

1745474061
0.0 0.0 0.0 0

1745474062
0.0 0.0 0.0 0

1745474063
0.0 0.0 0.0 0

1745474064
0.0 0.0 0.0 0

1745474065
0.0 0.0 0.0 0

1745474066
0.0 0.0 0.0 0

1745474067
0.0 0.0 0.0 0

1745474068
0.0 0.0 0.0 0

1745474069
0.0 0.0 0.0 0

1745474070
0.0 0.0 0.0 0

1745474071
0.0 0.0 0.0 0

1745474072
0.0 0.0 0.0 0

1745474073
0.0 0.0 0.0 0

1745474074
0.0 0.0 0.0 0

1745474075
0.0 0.0 0.0 0

1745474076
0.0 0.0 0.0 0

1745474077
0.0 0.0 0.0 0

1745474078
0.0 0.0 0.0 0

1745474079
0.0 0.0 0.0 0

1745474080
0.0 0.0 0.0 0

1745474081
0.0 0.0 0.0 0

1745474082
0.0 0.0 0.0 0

1745474083
0.0 0.0 0.0 0

1745474084
0.0 0.0 0.0 0

1745474085
0.0 0.0 0.0 0

1745474086
0.0 0.0 0.0 0

1745474087
0.0 0.0 0.0 0

1745474088
0.0 0.0 0.0 0

1745474089
0.0 0.0 0.0 0

1745474090
0.0 0.0 0.0 0

1745474091
0.0 0.0 0.0 0

1745474092
0.0 0.0 0.0 0

1745474093
0.0 0.0 0.0 0

1745474094
0.0 0.0 0.0 0

1745474095
0.0 0.0 0.0 0

1745474096
0.0 0.0 0.0 0

1745474097
0.0 0.0 0.0 0

1745474098
0.0 0.0 0.0 0

1745474099
0.0 0.0 0.0 0

1745474100
0.0 0.0 0.0 0

1745474101
0.0 0.0 0.0 0

1745474102
0.0 0.0 0.0 0

1745474103
0.0 0.0 0.0 0

1745474104
0.0 0.0 0.0 0

1745474105
0.0 0.0 0.0 0

1745474106
0.0 0.0 0.0 0

1745474107
0.0 0.0 0.0 0

1745474108
0.0 0.0 0.0 0

1745474109
0.0 0.0 0.0 0

1745474110
0.0 0.0 0.0 0

1745474111
0.0 0.0 0.0 0

1745474112
0.0 0.0 0.0 0

1745474113
0.0 0.0 0.0 0

1745474114
0.0 0.0 0.0 0

1745474115
0.0 0.0 0.0 0

1745474116
0.0 0.0 0.0 0

1745474117
0.0 0.0 0.0 0

1745474118
0.0 0.0 0.0 0

1745474119
0.0 0.0 0.0 0

1745474120
0.0 0.0 0.0 0

1745474121
0.0 0.0 0.0 0

1745474122
0.0 0.0 0.0 0

1745474123
0.0 0.0 0.0 0

1745474124
0.0 0.0 0.0 0

1745474125
0.0 0.0 0.0 0

1745474126
0.0 0.0 0.0 0

1745474127
0.0 0.0 0.0 0

1745474128
0.0 0.0 0.0 0

1745474129
0.0 0.0 0.0 0

1745474130
0.0 0.0 0.0 0

1745474131
0.0 0.0 0.0 0

1745474132
0.0 0.0 0.0 0

1745474133
0.0 0.0 0.0 0

1745474134
0.0 0.0 0.0 0

1745474135
0.0 0.0 0.0 0

1745474136
0.0 0.0 0.0 0

1745474137
0.0 0.0 0.0 0

1745474138
0.0 0.0 0.0 0

1745474139
0.0 0.0 0.0 0

1745474140
0.0 0.0 0.0 0

1745474141
0.0 0.0 0.0 0

1745474142
0.0 0.0 0.0 0

1745474143
0.0 0.0 0.0 0

1745474144
0.0 0.0 0.0 0

1745474145
0.0 0.0 0.0 0

1745474146
0.0 0.0 0.0 0

1745474147
0.0 0.0 0.0 0

1745474148
0.0 0.0 0.0 0

1745474149
0.0 0.0 0.0 0

1745474150
0.0 0.0 0.0 0

1745474151
0.0 0.0 0.0 0

1745474152
0.0 0.0 0.0 0

1745474153
0.0 0.0 0.0 0

1745474154
0.0 0.0 0.0 0

1745474155
0.0 0.0 0.0 0

1745474156
0.0 0.0 0.0 0

1745474157
0.0 0.0 0.0 0

1745474158
0.0 0.0 0.0 0

1745474159
0.0 0.0 0.0 0

1745474160
0.0 0.0 0.0 0

1745474161
0.0 0.0 0.0 0

1745474162
0.0 0.0 0.0 0

1745474163
0.0 0.0 0.0 0

1745474164
0.0 0.0 0.0 0

1745474165
0.0 0.0 0.0 0

1745474166
0.0 0.0 0.0 0

1745474167
0.0 0.0 0.0 0

1745474168
0.0 0.0 0.0 0

1745474169
0.0 0.0 0.0 0

1745474170
0.0 0.0 0.0 0

1745474171
0.0 0.0 0.0 0

1745474172
0.0 0.0 0.0 0

1745474173
0.0 0.0 0.0 0

1745474174
0.0 0.0 0.0 0

1745474175
0.0 0.0 0.0 0

1745474176
0.0 0.0 0.0 0

1745474177
0.0 0.0 0.0 0

1745474178
0.0 0.0 0.0 0

1745474179
0.0 0.0 0.0 0

1745474180
0.0 0.0 0.0 0

1745474181
0.0 0.0 0.0 0

1745474182
0.0 0.0 0.0 0

1745474183
0.0 0.0 0.0 0

1745474184
0.0 0.0 0.0 0

1745474185
0.0 0.0 0.0 0

1745474186
0.0 0.0 0.0 0

1745474187
0.0 0.0 0.0 0

1745474188
0.0 0.0 0.0 0

1745474189
0.0 0.0 0.0 0

1745474190
0.0 0.0 0.0 0

1745474191
0.0 0.0 0.0 0

1745474192
0.0 0.0 0.0 0

1745474193
0.0 0.0 0.0 0

1745474194
0.0 0.0 0.0 0

1745474195
0.0 0.0 0.0 0

1745474196
0.0 0.0 0.0 0

1745474197
0.0 0.0 0.0 0

1745474198
0.0 0.0 0.0 0

1745474199
0.0 0.0 0.0 0

1745474200
0.0 0.0 0.0 0

1745474201
0.0 0.0 0.0 0

1745474202
0.0 0.0 0.0 0

1745474203
0.0 0.0 0.0 0

1745474204
0.0 0.0 0.0 0

1745474205
0.0 0.0 0.0 0

1745474206
0.0 0.0 0.0 0

1745474207
0.0 0.0 0.0 0

1745474208
0.0 0.0 0.0 0

1745474209
0.0 0.0 0.0 0

1745474210
0.0 0.0 0.0 0

1745474211
0.0 0.0 0.0 0

1745474212
0.0 0.0 0.0 0

1745474213
0.0 0.0 0.0 0

1745474214
0.0 0.0 0.0 0

1745474215
0.0 0.0 0.0 0

1745474216
0.0 0.0 0.0 0

1745474217
0.0 0.0 0.0 0

1745474218
0.0 0.0 0.0 0

1745474219
0.0 0.0 0.0 0

1745474220
0.0 0.0 0.0 0

1745474221
0.0 0.0 0.0 0

1745474222
0.0 0.0 0.0 0

1745474223
0.0 0.0 0.0 0

1745474224
0.0 0.0 0.0 0

1745474225
0.0 0.0 0.0 0

1745474226
0.0 0.0 0.0 0

1745474227
0.0 0.0 0.0 0

1745474228
0.0 0.0 0.0 0

1745474229
0.0 0.0 0.0 0

1745474230
0.0 0.0 0.0 0

1745474231
0.0 0.0 0.0 0

1745474232
0.0 0.0 0.0 0

1745474233
0.0 0.0 0.0 0

1745474234
0.0 0.0 0.0 0

1745474235
0.0 0.0 0.0 0

1745474236
0.0 0.0 0.0 0

1745474237
0.0 0.0 0.0 0

1745474238
0.0 0.0 0.0 0

1745474239
0.0 0.0 0.0 0

1745474240
0.0 0.0 0.0 0

1745474241
0.0 0.0 0.0 0

1745474242
0.0 0.0 0.0 0

1745474243
0.0 0.0 0.0 0

1745474244
0.0 0.0 0.0 0

1745474245
0.0 0.0 0.0 0

1745474246
0.0 0.0 0.0 0

1745474247
0.0 0.0 0.0 0

1745474248
0.0 0.0 0.0 0

1745474249
0.0 0.0 0.0 0

1745474250
0.0 0.0 0.0 0

1745474251
0.0 0.0 0.0 0

1745474252
0.0 0.0 0.0 0

1745474253
0.0 0.0 0.0 0

1745474254
0.0 0.0 0.0 0

1745474255
0.0 0.0 0.0 1

1745474256
0.0 0.0 0.0 0

1745474257
0.0 0.0 0.0 0

1745474258
0.0 0.0 0.0 0

1745474259
0.0 0.0 0.0 0

1745474260
0.0 0.0 0.0 0

1745474261
0.0 0.0 0.0 0

1745474262
0.0 0.0 0.0 0

1745474263
0.0 0.0 0.0 0

1745474264
0.0 0.0 0.0 0

1745474265
0.0 0.0 0.0 0

1745474266
0.0 0.0 0.0 0

1745474267
0.0 0.0 0.0 0

1745474268
0.0 0.0 0.0 0

1745474269
0.0 0.0 0.0 0

1745474270
0.0 0.0 0.0 0

1745474271
0.0 0.0 0.0 0

1745474272
0.0 0.0 0.0 0

1745474273
0.0 0.0 0.0 0

1745474274
0.0 0.0 0.0 0

1745474275
0.0 0.0 0.0 0

1745474276
0.0 0.0 0.0 0

1745474277
0.0 0.0 0.0 0

1745474278
0.0 0.0 0.0 0

1745474279
0.0 0.0 0.0 0

1745474280
0.0 0.0 0.0 0

1745474281
0.0 0.0 0.0 0

1745474282
0.0 0.0 0.0 0

1745474283
0.0 0.0 0.0 0

1745474284
0.0 0.0 0.0 0

1745474285
0.0 0.0 0.0 0

1745474286
0.0 0.0 0.0 0

1745474287
0.0 0.0 0.0 0

1745474288
0.0 0.0 0.0 0

1745474289
0.0 0.0 0.0 0

1745474290
0.0 0.0 0.0 0

1745474291
0.0 0.0 0.0 0

1745474292
0.0 0.0 0.0 0

1745474293
0.0 0.0 0.0 0

1745474294
0.0 0.0 0.0 0

1745474295
0.0 0.0 0.0 0

1745474296
0.0 0.0 0.0 0

1745474297
0.0 0.0 0.0 0

1745474298
0.0 0.0 0.0 0

1745474299
0.0 0.0 0.0 0

1745474300
0.0 0.0 0.0 0

1745474301
0.0 0.0 0.0 0

1745474302
0.0 0.0 0.0 0

1745474303
0.0 0.0 0.0 0

1745474304
0.0 0.0 0.0 0

1745474305
0.0 0.0 0.0 0

1745474306
0.0 0.0 0.0 0

1745474307
0.0 0.0 0.0 0

1745474308
0.0 0.0 0.0 0

1745474309
0.0 0.0 0.0 0

1745474310
0.0 0.0 0.0 0

1745474311
0.0 0.0 0.0 0

1745474312
0.0 0.0 0.0 0

1745474313
0.0 0.0 0.0 0

1745474314
0.0 0.0 0.0 0

1745474315
0.0 0.0 0.0 0

1745474316
0.0 0.0 0.0 0

1745474317
0.0 0.0 0.0 0

1745474318
0.0 0.0 0.0 0

1745474319
0.0 0.0 0.0 0

1745474320
0.0 0.0 0.0 0

1745474321
0.0 0.0 0.0 0

1745474322
0.0 0.0 0.0 0

1745474323
0.0 0.0 0.0 0

1745474324
0.0 0.0 0.0 0

1745474325
0.0 0.0 0.0 0

1745474326
0.0 0.0 0.0 0

1745474327
0.0 0.0 0.0 0

1745474328
0.0 0.0 0.0 0

1745474329
0.0 0.0 0.0 0

1745474330
0.0 0.0 0.0 0

1745474331
0.0 0.0 0.0 0

1745474332
0.0 0.0 0.0 0

1745474333
0.0 0.0 0.0 0

1745474334
0.0 0.0 0.0 0

1745474335
0.0 0.0 0.0 0

1745474336
0.0 0.0 0.0 0

1745474337
0.0 0.0 0.0 0

1745474338
0.0 0.0 0.0 0

1745474339
0.0 0.0 0.0 0

1745474340
0.0 0.0 0.0 0

1745474341
0.0 0.0 0.0 0

1745474342
0.0 0.0 0.0 0

1745474343
0.0 0.0 0.0 0

1745474344
0.0 0.0 0.0 0

1745474345
0.0 0.0 0.0 0

1745474346
0.0 0.0 0.0 0

1745474347
0.0 0.0 0.0 0

1745474348
0.0 0.0 0.0 0

1745474349
0.0 0.0 0.0 0

1745474350
0.0 0.0 0.0 0

1745474351
0.0 0.0 0.0 0

1745474352
0.0 0.0 0.0 0

1745474353
0.0 0.0 0.0 0

1745474354
0.0 0.0 0.0 0

1745474355
0.0 0.0 0.0 0

1745474356
0.0 0.0 0.0 0

1745474357
0.0 0.0 0.0 0

1745474358
0.0 0.0 0.0 0

1745474359
0.0 0.0 0.0 0

1745474360
0.0 0.0 0.0 0

1745474361
0.0 0.0 0.0 0

1745474362
0.0 0.0 0.0 0

1745474363
0.0 0.0 0.0 0

1745474364
0.0 0.0 0.0 0

1745474365
0.0 0.0 0.0 0

1745474366
0.0 0.0 0.0 0

1745474367
0.0 0.0 0.0 0

1745474368
0.0 0.0 0.0 0

1745474369
0.0 0.0 0.0 0

1745474370
0.0 0.0 0.0 0

1745474371
0.0 0.0 0.0 0

1745474372
0.0 0.0 0.0 0

1745474373
0.0 0.0 0.0 0

1745474374
0.0 0.0 0.0 0

1745474375
0.0 0.0 0.0 0

1745474376
0.0 0.0 0.0 0

1745474377
0.0 0.0 0.0 0

1745474378
0.0 0.0 0.0 0

1745474379
0.0 0.0 0.0 0

1745474380
0.0 0.0 0.0 0

1745474381
0.0 0.0 0.0 0

1745474382
0.0 0.0 0.0 0

1745474383
0.0 0.0 0.0 0

1745474384
0.0 0.0 0.0 0

1745474385
0.0 0.0 0.0 0

1745474386
0.0 0.0 0.0 0

1745474387
0.0 0.0 0.0 0

1745474388
0.0 0.0 0.0 0

1745474389
0.0 0.0 0.0 0

1745474390
0.0 0.0 0.0 0

1745474391
0.0 0.0 0.0 0

1745474392
0.0 0.0 0.0 0

1745474393
0.0 0.0 0.0 0

1745474394
0.0 0.0 0.0 0

1745474395
0.0 0.0 0.0 0

1745474396
0.0 0.0 0.0 0

1745474397
0.0 0.0 0.0 0

1745474398
0.0 0.0 0.0 0

1745474399
0.0 0.0 0.0 0

1745474400
0.0 0.0 0.0 0

1745474401
0.0 0.0 0.0 0

1745474402
0.0 0.0 0.0 0

1745474403
0.0 0.0 0.0 0

1745474404
0.0 0.0 0.0 0

1745474405
0.0 0.0 0.0 0

1745474406
0.0 0.0 0.0 0

1745474407
0.0 0.0 0.0 0

1745474408
0.0 0.0 0.0 0

1745474409
0.0 0.0 0.0 0

1745474410
0.0 0.0 0.0 0

1745474411
0.0 0.0 0.0 0

1745474412
0.0 0.0 0.0 0

1745474413
0.0 0.0 0.0 0

1745474414
0.0 0.0 0.0 0

1745474415
0.0 0.0 0.0 0

1745474416
0.0 0.0 0.0 0

1745474417
0.0 0.0 0.0 0

1745474418
0.0 0.0 0.0 0

1745474419
0.0 0.0 0.0 0

1745474420
0.0 0.0 0.0 0

1745474421
0.0 0.0 0.0 0

1745474422
0.0 0.0 0.0 0

1745474423
0.0 0.0 0.0 0

1745474424
0.0 0.0 0.0 0

1745474425
0.0 0.0 0.0 0

1745474426
0.0 0.0 0.0 0

1745474427
0.0 0.0 0.0 0

1745474428
0.0 0.0 0.0 0

1745474429
0.0 0.0 0.0 0

1745474430
0.0 0.0 0.0 0

1745474431
0.0 0.0 0.0 0

1745474432
0.0 0.0 0.0 0

1745474433
0.0 0.0 0.0 0

1745474434
0.0 0.0 0.0 0

1745474435
0.0 0.0 0.0 0

1745474436
0.0 0.0 0.0 0

1745474437
0.0 0.0 0.0 0

1745474438
0.0 0.0 0.0 0

1745474439
0.0 0.0 0.0 0

1745474440
0.0 0.0 0.0 0

1745474441
0.0 0.0 0.0 0

1745474442
0.0 0.0 0.0 0

1745474443
0.0 0.0 0.0 0

1745474444
0.0 0.0 0.0 0

1745474445
0.0 0.0 0.0 0

1745474446
0.0 0.0 0.0 0

1745474447
0.0 0.0 0.0 0

1745474448
0.0 0.0 0.0 0

1745474449
0.0 0.0 0.0 0

1745474450
0.0 0.0 0.0 0

1745474451
0.0 0.0 0.0 0

1745474452
0.0 0.0 0.0 0

1745474453
0.0 0.0 0.0 0

1745474454
0.0 0.0 0.0 0

1745474455
0.0 0.0 0.0 0

1745474456
0.0 0.0 0.0 0

1745474457
0.0 0.0 0.0 0

1745474458
0.0 0.0 0.0 0

1745474459
0.0 0.0 0.0 0

1745474460
0.0 0.0 0.0 0

1745474461
0.0 0.0 0.0 0

1745474462
0.0 0.0 0.0 0

1745474463
0.0 0.0 0.0 0

1745474464
0.0 0.0 0.0 0

1745474465
0.0 0.0 0.0 0

1745474466
0.0 0.0 0.0 0

1745474467
0.0 0.0 0.0 0

1745474468
0.0 0.0 0.0 0

1745474469
0.0 0.0 0.0 0

1745474470
0.0 0.0 0.0 0

1745474471
0.0 0.0 0.0 0

1745474472
0.0 0.0 0.0 0

1745474473
0.0 0.0 0.0 0

1745474474
0.0 0.0 0.0 0

1745474475
0.0 0.0 0.0 0

1745474476
0.0 0.0 0.0 0

1745474477
0.0 0.0 0.0 0

1745474478
0.0 0.0 0.0 0

1745474479
0.0 0.0 0.0 0

1745474480
0.0 0.0 0.0 0

1745474481
0.0 0.0 0.0 0

1745474482
0.0 0.0 0.0 0

1745474483
0.0 0.0 0.0 0

1745474484
0.0 0.0 0.0 0

1745474485
0.0 0.0 0.0 0

1745474486
0.0 0.0 0.0 0

1745474487
0.0 0.0 0.0 0

1745474488
0.0 0.0 0.0 0

1745474489
0.0 0.0 0.0 0

1745474490
0.0 0.0 0.0 0

1745474491
0.0 0.0 0.0 0

1745474492
0.0 0.0 0.0 0

1745474493
0.0 0.0 0.0 0

1745474494
0.0 0.0 0.0 0

1745474495
0.0 0.0 0.0 0

1745474496
0.0 0.0 0.0 0

1745474497
0.0 0.0 0.0 0

1745474498
0.0 0.0 0.0 0

1745474499
0.0 0.0 0.0 0

1745474500
0.0 0.0 0.0 0

1745474501
0.0 0.0 0.0 0

1745474502
0.0 0.0 0.0 0

1745474503
0.0 0.0 0.0 0

1745474504
0.0 0.0 0.0 0

1745474505
0.0 0.0 0.0 0

1745474506
0.0 0.0 0.0 0

1745474507
0.0 0.0 0.0 0

1745474508
0.0 0.0 0.0 0

1745474509
0.0 0.0 0.0 0

1745474510
0.0 0.0 0.0 0

1745474511
0.0 0.0 0.0 0

1745474512
0.0 0.0 0.0 0

1745474513
0.0 0.0 0.0 0

1745474514
0.0 0.0 0.0 0

1745474515
0.0 0.0 0.0 0

1745474516
0.0 0.0 0.0 0

1745474517
0.0 0.0 0.0 0

1745474518
0.0 0.0 0.0 0

1745474519
0.0 0.0 0.0 0

1745474520
0.0 0.0 0.0 0

1745474521
0.0 0.0 0.0 0

1745474522
0.0 0.0 0.0 0

1745474523
0.0 0.0 0.0 0

1745474524
0.0 0.0 0.0 0

1745474525
0.0 0.0 0.0 0

1745474526
0.0 0.0 0.0 0

1745474527
0.0 0.0 0.0 0

1745474528
0.0 0.0 0.0 0

1745474529
0.0 0.0 0.0 0

1745474530
0.0 0.0 0.0 0

1745474531
0.0 0.0 0.0 0

1745474532
0.0 0.0 0.0 0

1745474533
0.0 0.0 0.0 0

1745474534
0.0 0.0 0.0 0

1745474535
0.0 0.0 0.0 0

1745474536
0.0 0.0 0.0 0

1745474537
0.0 0.0 0.0 0

1745474538
0.0 0.0 0.0 0

1745474539
0.0 0.0 0.0 0

1745474540
0.0 0.0 0.0 0

1745474541
0.0 0.0 0.0 0

1745474542
0.0 0.0 0.0 0

1745474543
0.0 0.0 0.0 0

1745474544
0.0 0.0 0.0 0

1745474545
0.0 0.0 0.0 0

1745474546
0.0 0.0 0.0 0

1745474547
0.0 0.0 0.0 0

1745474548
0.0 0.0 0.0 0

1745474549
0.0 0.0 0.0 0

1745474550
0.0 0.0 0.0 0

1745474551
0.0 0.0 0.0 0

1745474552
0.0 0.0 0.0 49

1745474553
0.0 0.0 0.0 0

1745474554
0.0 0.0 0.0 0

1745474555
0.0 0.0 0.0 0

1745474556
0.0 0.0 0.0 0

1745474557
0.0 0.0 0.0 0

1745474558
0.0 0.0 0.0 0

1745474559
0.0 0.0 0.0 0

1745474560
0.0 0.0 0.0 0

1745474561
0.0 0.0 0.0 0

1745474562
0.0 0.0 0.0 0

1745474563
0.0 0.0 0.0 0

1745474564
0.0 0.0 0.0 0

1745474565
0.0 0.0 0.0 0

1745474566
0.0 0.0 0.0 0

1745474567
0.0 0.0 0.0 0

1745474568
0.0 0.0 0.0 0

1745474569
0.0 0.0 0.0 0

1745474570
0.0 0.0 0.0 0

1745474571
0.0 0.0 0.0 0

1745474572
0.0 0.0 0.0 0

1745474573
0.0 0.0 0.0 0

1745474574
0.0 0.0 0.0 0

1745474575
0.0 0.0 0.0 0

1745474576
0.0 0.0 0.0 0

1745474577
0.0 0.0 0.0 0

1745474578
0.0 0.0 0.0 0

1745474579
0.0 0.0 0.0 0

1745474580
0.0 0.0 0.0 0

1745474581
0.0 0.0 0.0 0

1745474582
0.0 0.0 0.0 0

1745474583
0.0 0.0 0.0 0

1745474584
0.0 0.0 0.0 0

1745474585
0.0 0.0 0.0 0

1745474586
0.0 0.0 0.0 0

1745474587
0.0 0.0 0.0 0

1745474588
0.0 0.0 0.0 0

1745474589
0.0 0.0 0.0 0

1745474590
0.0 0.0 0.0 0

1745474591
0.0 0.0 0.0 0

1745474592
0.0 0.0 0.0 0

1745474593
0.0 0.0 0.0 0

1745474594
0.0 0.0 0.0 0

1745474595
0.0 0.0 0.0 0

1745474596
0.0 0.0 0.0 0

1745474597
0.0 0.0 0.0 0

1745474598
0.0 0.0 0.0 0

1745474599
0.0 0.0 0.0 0

1745474600
0.0 0.0 0.0 0

1745474601
0.0 0.0 0.0 0

1745474602
0.0 0.0 0.0 0

1745474603
0.0 0.0 0.0 0

1745474604
0.0 0.0 0.0 0

1745474605
0.0 0.0 0.0 0

1745474606
0.0 0.0 0.0 0

1745474607
0.0 0.0 0.0 0

1745474608
0.0 0.0 0.0 0

1745474609
0.0 0.0 0.0 0

1745474610
0.0 0.0 0.0 0

1745474611
0.0 0.0 0.0 0

1745474612
0.0 0.0 0.0 0

1745474613
0.0 0.0 0.0 0

1745474614
0.0 0.0 0.0 0

1745474615
0.0 0.0 0.0 0

1745474616
0.0 0.0 0.0 0

1745474617
0.0 0.0 0.0 0

1745474618
0.0 0.0 0.0 0

1745474619
0.0 0.0 0.0 0

1745474620
0.0 0.0 0.0 0

1745474621
0.0 0.0 0.0 0

1745474622
0.0 0.0 0.0 0

1745474623
0.0 0.0 0.0 0

1745474624
0.0 0.0 0.0 0

1745474625
0.0 0.0 0.0 0

1745474626
0.0 0.0 0.0 0

1745474627
0.0 0.0 0.0 0

1745474628
0.0 0.0 0.0 0

1745474629
0.0 0.0 0.0 0

1745474630
0.0 0.0 0.0 0

1745474631
0.0 0.0 0.0 0

1745474632
0.0 0.0 0.0 0

1745474633
0.0 0.0 0.0 0

1745474634
0.0 0.0 0.0 0

1745474635
0.0 0.0 0.0 0

1745474636
0.0 0.0 0.0 0

1745474637
0.0 0.0 0.0 0

1745474638
0.0 0.0 0.0 0

1745474639
0.0 0.0 0.0 0

1745474640
0.0 0.0 0.0 0

1745474641
0.0 0.0 0.0 0

1745474642
0.0 0.0 0.0 0

1745474643
0.0 0.0 0.0 0

1745474644
0.0 0.0 0.0 0

1745474645
0.0 0.0 0.0 0

1745474646
0.0 0.0 0.0 0

1745474647
0.0 0.0 0.0 0

1745474648
0.0 0.0 0.0 0

1745474649
0.0 0.0 0.0 0

1745474650
0.0 0.0 0.0 0

1745474651
0.0 0.0 0.0 0

1745474652
0.0 0.0 0.0 0

1745474653
0.0 0.0 0.0 0

1745474654
0.0 0.0 0.0 0

1745474655
0.0 0.0 0.0 0

1745474656
0.0 0.0 0.0 0

1745474657
0.0 0.0 0.0 0

1745474658
0.0 0.0 0.0 0

1745474659
0.0 0.0 0.0 0

1745474660
0.0 0.0 0.0 0

1745474661
0.0 0.0 0.0 0

1745474662
0.0 0.0 0.0 0

1745474663
0.0 0.0 0.0 0

1745474664
0.0 0.0 0.0 0

1745474665
0.0 0.0 0.0 0

1745474666
0.0 0.0 0.0 0

1745474667
0.0 0.0 0.0 0

1745474668
0.0 0.0 0.0 0

1745474669
0.0 0.0 0.0 0

1745474670
0.0 0.0 0.0 0

1745474671
0.0 0.0 0.0 0

1745474672
0.0 0.0 0.0 0

1745474673
0.0 0.0 0.0 0

1745474674
0.0 0.0 0.0 0

1745474675
0.0 0.0 0.0 0

1745474676
0.0 0.0 0.0 0

1745474677
0.0 0.0 0.0 0

1745474678
0.0 0.0 0.0 0

1745474679
0.0 0.0 0.0 0

1745474680
0.0 0.0 0.0 0

1745474681
0.0 0.0 0.0 0

1745474682
0.0 0.0 0.0 0

1745474683
0.0 0.0 0.0 0

1745474684
0.0 0.0 0.0 0

1745474685
0.0 0.0 0.0 0

1745474686
0.0 0.0 0.0 0

1745474687
0.0 0.0 0.0 0

1745474688
0.0 0.0 0.0 0

1745474689
0.0 0.0 0.0 0

1745474690
0.0 0.0 0.0 0

1745474691
0.0 0.0 0.0 0

1745474692
0.0 0.0 0.0 0

1745474693
0.0 0.0 0.0 0

1745474694
0.0 0.0 0.0 0

1745474695
0.0 0.0 0.0 0

1745474696
0.0 0.0 0.0 0

1745474697
0.0 0.0 0.0 0

1745474698
0.0 0.0 0.0 0

1745474699
0.0 0.0 0.0 0

1745474700
0.0 0.0 0.0 0

1745474701
0.0 0.0 0.0 0

1745474702
0.0 0.0 0.0 0

1745474703
0.0 0.0 0.0 0

1745474704
0.0 0.0 0.0 0

1745474705
0.0 0.0 0.0 0

1745474706
0.0 0.0 0.0 0

1745474707
0.0 0.0 0.0 0

1745474708
0.0 0.0 0.0 0

1745474709
0.0 0.0 0.0 0

1745474710
0.0 0.0 0.0 0

1745474711
0.0 0.0 0.0 0

1745474712
0.0 0.0 0.0 0

1745474713
0.0 0.0 0.0 0

1745474714
0.0 0.0 0.0 0

1745474715
0.0 0.0 0.0 0

1745474716
0.0 0.0 0.0 0

1745474717
0.0 0.0 0.0 0

1745474718
0.0 0.0 0.0 0

1745474719
0.0 0.0 0.0 0

1745474720
0.0 0.0 0.0 0

1745474721
0.0 0.0 0.0 0

1745474722
0.0 0.0 0.0 0

1745474723
0.0 0.0 0.0 0

1745474724
0.0 0.0 0.0 0

1745474725
0.0 0.0 0.0 0

1745474726
0.0 0.0 0.0 0

1745474727
0.0 0.0 0.0 0

1745474728
0.0 0.0 0.0 0

1745474729
0.0 0.0 0.0 0

1745474730
0.0 0.0 0.0 0

1745474731
0.0 0.0 0.0 0

1745474732
0.0 0.0 0.0 0

1745474733
0.0 0.0 0.0 0

1745474734
0.0 0.0 0.0 0

1745474735
0.0 0.0 0.0 0

1745474736
0.0 0.0 0.0 0

1745474737
0.0 0.0 0.0 0

1745474738
0.0 0.0 0.0 0

1745474739
0.0 0.0 0.0 0

1745474740
0.0 0.0 0.0 0

1745474741
0.0 0.0 0.0 0

1745474742
0.0 0.0 0.0 0

1745474743
0.0 0.0 0.0 0

1745474744
0.0 0.0 0.0 0

1745474745
0.0 0.0 0.0 0

1745474746
0.0 0.0 0.0 0

1745474747
0.0 0.0 0.0 0

1745474748
0.0 0.0 0.0 0

1745474749
0.0 0.0 0.0 0

1745474750
0.0 0.0 0.0 0

1745474751
0.0 0.0 0.0 0

1745474752
0.0 0.0 0.0 0

1745474753
0.0 0.0 0.0 0

1745474754
0.0 0.0 0.0 0

1745474755
0.0 0.0 0.0 0

1745474756
0.0 0.0 0.0 0

1745474757
0.0 0.0 0.0 0

1745474758
0.0 0.0 0.0 0

1745474759
0.0 0.0 0.0 0

1745474760
0.0 0.0 0.0 0

1745474761
0.0 0.0 0.0 0

1745474762
0.0 0.0 0.0 0

1745474763
0.0 0.0 0.0 0

1745474764
0.0 0.0 0.0 0

1745474765
0.0 0.0 0.0 0

1745474766
0.0 0.0 0.0 0

1745474767
0.0 0.0 0.0 0

1745474768
0.0 0.0 0.0 0

1745474769
0.0 0.0 0.0 0

1745474770
0.0 0.0 0.0 0

1745474771
0.0 0.0 0.0 0

1745474772
0.0 0.0 0.0 0

1745474773
0.0 0.0 0.0 0

1745474774
0.0 0.0 0.0 0

1745474775
0.0 0.0 0.0 0

1745474776
0.0 0.0 0.0 0

1745474777
0.0 0.0 0.0 0

1745474778
0.0 0.0 0.0 0

1745474779
0.0 0.0 0.0 0

1745474780
0.0 0.0 0.0 0

1745474781
0.0 0.0 0.0 0

1745474782
0.0 0.0 0.0 0

1745474783
0.0 0.0 0.0 0

1745474784
0.0 0.0 0.0 0

1745474785
0.0 0.0 0.0 0

1745474786
0.0 0.0 0.0 0

1745474787
0.0 0.0 0.0 0

1745474788
0.0 0.0 0.0 0

1745474789
0.0 0.0 0.0 0

1745474790
0.0 0.0 0.0 0

1745474791
0.0 0.0 0.0 0

1745474792
0.0 0.0 0.0 0

1745474793
0.0 0.0 0.0 0

1745474794
0.0 0.0 0.0 0

1745474795
0.0 0.0 0.0 0

1745474796
0.0 0.0 0.0 0

1745474797
0.0 0.0 0.0 0

1745474798
0.0 0.0 0.0 0

1745474799
0.0 0.0 0.0 0

1745474800
0.0 0.0 0.0 0

1745474801
0.0 0.0 0.0 0

1745474802
0.0 0.0 0.0 0

1745474803
0.0 0.0 0.0 0

1745474804
0.0 0.0 0.0 0

1745474805
0.0 0.0 0.0 0

1745474806
0.0 0.0 0.0 0

1745474807
0.0 0.0 0.0 0

1745474808
0.0 0.0 0.0 0

1745474809
0.0 0.0 0.0 0

1745474810
0.0 0.0 0.0 0

1745474811
0.0 0.0 0.0 0

1745474812
0.0 0.0 0.0 0

1745474813
0.0 0.0 0.0 0

1745474814
0.0 0.0 0.0 0

1745474815
0.0 0.0 0.0 0

1745474816
0.0 0.0 0.0 0

1745474817
0.0 0.0 0.0 0

1745474818
0.0 0.0 0.0 0

1745474819
0.0 0.0 0.0 0

1745474820
0.0 0.0 0.0 0

1745474821
0.0 0.0 0.0 0

1745474822
0.0 0.0 0.0 0

1745474823
0.0 0.0 0.0 0

1745474824
0.0 0.0 0.0 0

1745474825
0.0 0.0 0.0 0

1745474826
0.0 0.0 0.0 0

1745474827
0.0 0.0 0.0 0

1745474828
0.0 0.0 0.0 0

1745474829
0.0 0.0 0.0 0

1745474830
0.0 0.0 0.0 0

1745474831
0.0 0.0 0.0 0

1745474832
0.0 0.0 0.0 0

1745474833
0.0 0.0 0.0 0

1745474834
0.0 0.0 0.0 0

1745474835
0.0 0.0 0.0 0

1745474836
0.0 0.0 0.0 0

1745474837
0.0 0.0 0.0 0

1745474838
0.0 0.0 0.0 0

1745474839
0.0 0.0 0.0 0

1745474841
0.0 0.0 0.0 108

1745474842
0.0 0.0 0.0 0

1745474843
0.0 0.0 0.0 0

1745474844
0.0 0.0 0.0 0

1745474845
0.0 0.0 0.0 0

1745474846
0.0 0.0 0.0 0

1745474847
0.0 0.0 0.0 0

1745474848
0.0 0.0 0.0 0

1745474849
0.0 0.0 0.0 0

1745474850
0.0 0.0 0.0 0

1745474851
0.0 0.0 0.0 0

1745474852
0.0 0.0 0.0 0

1745474853
0.0 0.0 0.0 0

1745474854
0.0 0.0 0.0 0

1745474855
0.0 0.0 0.0 0

1745474856
0.0 0.0 0.0 0

1745474857
0.0 0.0 0.0 0

1745474858
0.0 0.0 0.0 0

1745474859
0.0 0.0 0.0 0

1745474860
0.0 0.0 0.0 0

1745474861
0.0 0.0 0.0 0

1745474862
0.0 0.0 0.0 0

1745474863
0.0 0.0 0.0 0

1745474864
0.0 0.0 0.0 0

1745474865
0.0 0.0 0.0 0

1745474866
0.0 0.0 0.0 0

1745474867
0.0 0.0 0.0 645

1745474868
0.0 0.0 0.0 0

1745474869
0.0 0.0 0.0 0

1745474870
0.0 0.0 0.0 0

1745474872
0.0 0.0 0.0 639

1745474873
0.0 0.0 0.0 0

1745474874
0.0 0.0 0.0 0

1745474875
0.0 0.0 0.0 0

1745474876
0.0 0.0 0.0 0

1745474877
0.0 0.0 0.0 0

1745474878
0.0 0.0 0.0 0

1745474879
0.0 0.0 0.0 0

1745474880
0.0 0.0 0.0 0

1745474881
0.0 0.0 0.0 0

1745474882
0.0 0.0 0.0 0

1745474883
0.0 0.0 0.0 0

1745474884
0.0 0.0 0.0 0

1745474885
0.0 0.0 0.0 0

1745474886
0.0 0.0 0.0 0

1745474887
0.0 0.0 0.0 0

1745474888
0.0 0.0 0.0 0

1745474889
0.0 0.0 0.0 0

1745474890
0.0 0.0 0.0 0

1745474891
0.0 0.0 0.0 0

1745474892
0.0 0.0 0.0 0

1745474893
0.0 0.0 0.0 0

1745474894
0.0 0.0 0.0 0

1745474895
0.0 0.0 0.0 0

1745474896
0.0 0.0 0.0 0

1745474897
0.0 0.0 0.0 0

1745474898
0.0 0.0 0.0 0

1745474899
0.0 0.0 0.0 0

1745474900
0.0 0.0 0.0 0

1745474901
0.0 0.0 0.0 0

1745474902
0.0 0.0 0.0 0

1745474904
0.0 0.0 0.0 0

1745474905
0.0 0.0 0.0 0

1745474906
0.0 0.0 0.0 0

1745474907
0.0 0.0 0.0 0

1745474908
0.0 0.0 0.0 0

1745474909
0.0 0.0 0.0 0

1745474910
0.0 0.0 0.0 0

1745474911
0.0 0.0 0.0 0

1745474912
0.0 0.0 0.0 0

1745474913
0.0 0.0 0.0 0

1745474914
0.0 0.0 0.0 0

1745474915
0.0 0.0 0.0 0

1745474916
0.0 0.0 0.0 0

1745474917
0.0 0.0 0.0 0

1745474918
0.0 0.0 0.0 1

1745474919
0.0 0.0 0.0 0

1745474920
0.0 0.0 0.0 0

1745474921
0.0 0.0 0.0 0

1745474922
0.0 0.0 0.0 0

1745474923
0.0 0.0 0.0 0

1745474924
0.0 0.0 0.0 0

1745474925
0.0 0.0 0.0 58

1745474926
0.0 0.0 0.0 684

1745474927
0.0 0.0 0.0 0

1745474928
0.0 0.0 0.0 0

1745474929
0.0 0.0 0.0 0

1745474930
0.0 0.0 0.0 0

1745474931
0.0 0.0 0.0 0

1745474932
0.0 0.0 0.0 0

1745474933
0.0 0.0 0.0 20

1745474934
0.0 0.0 0.0 0

1745474935
0.0 0.0 0.0 0

1745474936
0.0 0.0 0.0 0

1745474937
0.0 0.0 0.0 0

1745474938
0.0 0.0 0.0 0

1745474939
0.0 0.0 0.0 0

1745474940
0.0 0.0 0.0 9

1745474941
0.0 0.0 0.0 0

1745474942
0.0 0.0 0.0 35

1745474943
0.0 0.0 0.0 0

1745474944
0.0 0.0 0.0 0

1745474945
0.0 0.0 0.0 0

1745474946
0.0 0.0 0.0 48

1745474947
0.0 0.0 0.0 0

1745474948
0.0 0.0 0.0 0

1745474949
0.0 0.0 0.0 0

1745474950
0.0 0.0 0.0 0

1745474951
0.0 0.0 0.0 0

1745474952
0.0 0.0 0.0 0

1745474953
0.0 0.0 0.0 0

1745474954
0.0 0.0 0.0 0

1745474955
0.0 0.0 0.0 0

1745474956
0.0 0.0 0.0 0

1745474957
0.0 0.0 0.0 0

1745474958
0.0 0.0 0.0 0

1745474959
0.0 0.0 0.0 0

1745474960
0.0 0.0 0.0 0

1745474961
0.0 0.0 0.0 0

1745474962
0.0 0.0 0.0 0

1745474963
0.0 0.0 0.0 0

1745474964
0.0 0.0 0.0 0

1745474965
0.0 0.0 0.0 0

1745474966
0.0 0.0 0.0 0

1745474967
0.0 0.0 0.0 0

1745474968
0.0 0.0 0.0 42

1745474969
0.0 0.0 0.0 0

1745474970
0.0 0.0 0.0 0

1745474971
0.0 0.0 0.0 0

1745474972
0.0 0.0 0.0 0

1745474973
0.0 0.0 0.0 0

1745474974
0.0 0.0 0.0 0

1745474975
0.0 0.0 0.0 0

1745474977
0.0 0.0 0.0 0

1745474978
0.0 0.0 0.0 0

1745474982
0.0 0.0 0.0 0

1745474985
0.0 0.0 0.0 0

1745474989
0.0 0.0 0.0 0

1745474992
0.0 0.0 0.0 0

1745474993
0.0 0.0 0.0 0

1745474994
0.0 0.0 0.0 0

1745474995
0.0 0.0 0.0 0

1745474996
0.0 0.0 0.0 0

1745474997
0.0 0.0 0.0 0

1745474998
0.0 0.0 0.0 0

1745474999
0.0 0.0 0.0 0

1745475000
0.0 0.0 0.0 0

1745475001
0.0 0.0 0.0 0

1745475002
0.0 0.0 0.0 0

1745475003
0.0 0.0 0.0 0

1745475004
0.0 0.0 0.0 0

1745475005
0.0 0.0 0.0 0

1745475006
0.0 0.0 0.0 0

1745475007
0.0 0.0 0.0 0

1745475008
0.0 0.0 0.0 264

1745475009
0.0 0.0 0.0 25

1745475010
0.0 0.0 0.0 0

1745475013
0.0 0.0 0.0 47

1745475014
0.0 0.0 0.0 0

1745475015
0.0 0.0 0.0 0

1745475016
0.0 0.0 0.0 0

1745475017
0.0 0.0 0.0 0

1745475018
0.0 0.0 0.0 0

1745475019
0.0 0.0 0.0 0

1745475020
0.0 0.0 0.0 0

1745475021
0.0 0.0 0.0 0

1745475022
0.0 0.0 0.0 0

1745475023
0.0 0.0 0.0 0

1745475024
0.0 0.0 0.0 0

1745475025
0.0 0.0 0.0 0

1745475026
0.0 0.0 0.0 0

1745475027
0.0 0.0 0.0 0

1745475028
0.0 0.0 0.0 0

1745475029
0.0 0.0 0.0 0

1745475031
0.0 0.0 0.0 0

1745475032
0.0 0.0 0.0 0

1745475035
0.0 0.0 0.0 342

