1745464552
0.22773516982313352 0.031616841446235715 0.00015651901706057285

1745464553
0.23551518947698089 0.024898214844973378 0.0

1745464554
0.23297152745005506 0.026899480887210947 0.0

1745464555
0.22453776245691007 0.04058288937637104 0.00015669069257286117

1745464556
0.20646490255110125 0.066550467437807 0.0

1745464557
0.21158650843222987 0.059181761399125545 0.0001561524047470331

1745464558
0.21611433956337364 0.05355740537144652 0.0

1745464559
0.15380989787902594 0.11563236449332286 0.0

1745464560
0.16540044317822095 0.10398860398860399 0.0

1745464561
0.17302839116719243 0.09637223974763406 0.0

1745464562
0.18218623481781376 0.08611024602927438 0.0

1745464563
0.18014763624941102 0.0849693733312392 0.0

1745464564
0.17729271356783918 0.09155150753768844 0.0

1745464565
0.2646134506599623 0.07903834066624764 0.0

1745464566
0.2150520668980751 0.0564846954875355 0.0

1745464567
0.8407603614833281 0.09426612651916486 0.0

1745464568
0.7101631116687579 0.06602885821831869 0.0

1745464569
0.2840962718263332 0.06952965235173825 0.0

1745464570
0.23910649677520843 0.08321535315400345 0.00015730690577316344

1745464571
0.22867485048788164 0.07129367327667611 0.0

1745464572
0.23161533626649905 0.0708673790069139 0.0

1745464573
0.24615384615384617 0.054945054945054944 0.0

1745464574
0.3040339036258044 0.05305289593470413 0.0

1745464575
0.4518460329929301 0.05106048703849175 0.0

1745464576
0.2567121997173811 0.05777987125137384 0.0003140210394096404

1745464577
0.19687401326176193 0.07136090937796022 0.0

1745464578
0.20075105617274291 0.06696917540291034 0.0

1745464579
0.2190745986779981 0.04941768964431854 0.0

1745464580
0.23214566002197456 0.04253649348610893 0.0

1745464581
0.2265158655356582 0.03989946591266101 0.0

1745464582
0.217984934086629 0.047080979284369114 0.00015693659761456373

1745464583
0.4322712290064354 0.054936430701616704 0.0

1745464584
0.2513360578434455 0.048883998742533796 0.00015718327569946557

1745464585
0.20836634447789573 0.04515924576136904 0.0

1745464586
0.20889870621647208 0.05380246134427264 0.0

1745464587
0.2479466914613358 0.08151247481791415 0.0

1745464588
0.2705382436260623 0.0768020144790683 0.0

1745464589
0.21567398119122258 0.04764890282131661 0.00015673981191222572

1745464590
0.24277365345127153 0.06002211341020376 0.000157952930026852

1745464591
0.21421815889029003 0.04996847414880202 0.0

1745464592
0.20675696714930716 0.06305464736104624 0.0

1745464593
0.1957176843774782 0.06740681998413957 0.0

1745464594
0.18820049813200498 0.06257783312577833 0.0

1745464595
0.2033658383139352 0.07219251336898395 0.0

1745464596
0.21606778597206966 0.05178095088655264 0.00015691197238349287

1745464597
0.19397363465160075 0.05759573132454488 0.0

1745464598
0.18401253918495297 0.06677115987460815 0.0

1745464599
0.1693611677915555 0.08209072359127295 0.0

1745464600
0.19955583756345177 0.07947335025380711 0.0

1745464601
0.20059180812957483 0.07101697554897991 0.0001557389814670612

1745464602
0.18186097599246823 0.08551702494900361 0.00015691197238349287

1745464603
0.16015073009891662 0.09970168001256084 0.0

1745464604
0.1694941878730757 0.08152686145146089 0.0

1745464605
0.18572561459159398 0.07771609833465504 0.00015860428231562253

1745464606
0.195179584120983 0.06947069943289225 0.0001575299306868305

1745464607
0.18379138038725795 0.08885071830106184 0.0

1745464608
0.19495876769877082 0.07235101913801151 0.0

1745464609
0.17454831107619795 0.09049489395129615 0.00015710919088766692

1745464610
0.18221803330191644 0.08074143889412504 0.0

1745464611
0.1847655020459553 0.08577274158010702 0.0

1745464612
0.19638364779874215 0.07421383647798742 0.00015723270440251572

1745464613
0.20818897637795275 0.06897637795275591 0.0

1745464614
0.22492926752593523 0.061930210625589434 0.0

1745464615
0.20950731937667244 0.06296237997796317 0.0

1745464616
0.19642577206458692 0.06803574227935413 0.0

1745464617
0.17562048382029533 0.09409362236883444 0.00015708451146716933

1745464618
0.18477748073596478 0.09199559679194842 0.0

1745464619
0.17712757590058203 0.09281107440616643 0.00015730690577316344

1745464620
0.17224132541419193 0.08690215692403876 0.0

1745464621
0.13426507537688442 0.042085427135678394 0.0

1745464622
0.12318274191027044 0.0196967328435204 0.0

1745464623
0.19655442443226312 0.030853563038371182 0.0

1745464624
0.1793461175730902 0.0620873939012889 0.00015718327569946557

1745464625
0.18295739348370926 0.04025689223057644 0.0

1745464626
0.20335791620900676 0.05350698258277106 0.0

1745464627
0.20512015077744622 0.07538872310350243 0.0

1745464628
0.16501338371909935 0.10848685246417887 0.0

1745464629
0.1498345675122105 0.1354970852371199 0.00031510950055144165

1745464630
0.1792632581771991 0.12448396316290886 0.0

1745464631
0.5284082015964939 0.1886054155579903 0.0

1745464632
0.4206961726256103 0.1247440541817609 0.0

1745464633
0.4269363436814048 0.08639071809344623 0.0

1745464634
0.23909963796631512 0.0955454116165591 0.0

1745464635
0.18351942129265608 0.07957225978927504 0.0

1745464636
0.4845052697813434 0.14094698757275445 0.0

1745464637
0.23115577889447236 0.0782035175879397 0.000157035175879397

1745464638
0.2021042713567839 0.06862437185929648 0.0

1745464639
0.20356635632002526 0.06896007574562095 0.0

1745464640
0.20736100234925606 0.0643696162881754 0.0

1745464641
0.20788812067881834 0.07212445003142677 0.0007856693903205531

1745464642
0.4618290571383598 0.2464977176137258 0.0

1745464643
0.37531486146095716 0.20135390428211586 0.0

1745464644
0.3619767075857727 0.21576959395656278 0.0

1745464645
0.2223620066048121 0.08649158672747287 0.0

1745464646
0.20745517458320226 0.10490720352312048 0.004561182761874803

1745464647
0.14768795218622208 0.10239068889587921 0.010380622837370242

1745464648
0.15896952560477537 0.09330819981149858 0.0

1745464649
0.18238993710691823 0.08349056603773584 0.0

1745464650
0.19534810623919535 0.07417884645607419 0.00015715857300015716

1745464651
0.1933050447901933 0.08093666509508093 0.0

1745464652
0.5190251572327044 0.16588050314465408 0.0025157232704402514

1745464653
0.186920295551014 0.09008017607294451 0.0051878635434680085

1745464654
0.23522012578616353 0.08050314465408805 0.0

1745464655
0.16577624135763672 0.10292269013199246 0.0

1745464656
0.15473004879584448 0.11773965055879113 0.0

1745464657
0.41210600595891483 0.20605300297945742 0.0

1745464658
0.326662464544595 0.12653640088244564 0.0004727387330601954

1745464659
0.23870967741935484 0.09126671911880409 0.0

1745464660
0.18841262364578426 0.08086041764798242 0.0

1745464661
0.16375923306616377 0.09256639949709257 0.0

1745464662
0.1827889447236181 0.0885678391959799 0.0

1745464663
0.1884536731162498 0.09139531225420797 0.0

1745464664
0.43354330708661415 0.13228346456692913 0.0

1745464665
0.8054079399812442 0.13941856830259455 0.0

1745464666
0.8498277481991857 0.12417788913247729 0.0

1745464667
0.8399624177889132 0.12683996241778892 0.0

1745464668
0.680056488310058 0.11030911658559549 0.00015691197238349287

1745464669
0.25322023248507697 0.08231228400879673 0.0029846057178762172

1745464670
0.17643362136684995 0.08483896307934014 0.00015710919088766692

1745464671
0.18577945571810603 0.0860468774579204 0.0

1745464672
0.18581293157564344 0.06952291274325173 0.0

1745464673
0.18129022131533512 0.07063255375922148 0.0

1745464674
0.6342308297905842 0.2840497559439458 0.0001574555188159345

1745464675
0.35730018879798614 0.12161736941472624 0.0

1745464676
0.16635279347143753 0.0687382297551789 0.0

1745464677
0.16001257466205596 0.07701980509273813 0.0

1745464678
0.25101912825337097 0.11147695202257761 0.0

1745464679
0.16794851671637107 0.07832365405744782 0.0

1745464680
0.17622114025443694 0.08308465525365163 0.002827077116381341

1745464681
0.18410304743952247 0.07964184731385486 0.00015708451146716933

1745464682
0.17394720301697045 0.0782526712759271 0.0

1745464683
0.36520646883341185 0.12152614225153086 0.0

1745464684
0.28125984251968505 0.11086614173228347 0.0

1745464685
0.19204777620619204 0.08172245796008172 0.0

1745464686
0.520872567482737 0.18706842435655996 0.0007846829880728185

1745464687
0.7582211086752271 0.16035076730347636 0.0

1745464688
0.8422295701464336 0.13446701306880807 0.0

1745464689
0.7919066147859922 0.1198443579766537 0.0

1745464690
0.37432986439608956 0.17407757805108798 0.0

1745464691
0.4966929133858268 0.19669291338582678 0.0009448818897637795

1745464692
0.8355520751761942 0.13860610806577917 0.0009397024275646045

1745464693
0.8567402536402067 0.12337560670111164 0.0

1745464694
0.8542155482559048 0.12341623650868137 0.0

1745464695
0.8503678196900923 0.12537173266551885 0.0

1745464696
0.7742036717401538 0.14373136670327946 0.0

1745464697
0.3008015087223008 0.09775263240609776 0.0006286342920006286

1745464698
0.3968804159445407 0.12383803371671656 0.0

1745464699
0.2641509433962264 0.075 0.0

1745464700
0.20075578649031647 0.09604786647772004 0.0001574555188159345

1745464701
0.2530981887511916 0.09072132189386717 0.0

1745464702
0.20075046904315197 0.08333333333333333 0.0

1745464703
0.18947368421052632 0.11296150824823252 0.0037706205813040064

1745464704
0.36475409836065575 0.1853720050441362 0.0

1745464705
0.26783459595959597 0.15625 0.0

1745464706
0.5232631248035209 0.18799119773656084 0.0

1745464707
0.5024521436481569 0.15298212308179085 0.0

1745464708
0.24280291047136981 0.1610249920911104 0.0

1745464709
0.26056003796867583 0.15440594842588198 0.00015820281601012498

1745464710
0.5747054202670856 0.20455616653574235 0.0

1745464711
0.8038202599029278 0.12728980742132456 0.0

1745464712
0.4527292748151644 0.09202453987730061 0.0

1745464714
0.21593122439384782 0.03969373362885351 0.0004701457451810061

1745464715
0.25939261114589857 0.07232310582341892 0.0

1745464716
0.3960364391881093 0.31564647594693945 0.0

1745464717
0.2509840969925996 0.07794048181388757 0.0

1745464718
0.20308079220370953 0.07969192077962904 0.0006287331027978623

1745464719
0.3909419720081774 0.08444724013209624 0.0003145148608271741

1745464720
0.34876785433997803 0.05697692669910532 0.0

1745464721
0.4067076051015588 0.1050228310502283 0.0

1745464722
0.8426633400904413 0.12381100888819585 0.0

1745464723
0.8543035993740219 0.11517996870109547 0.0

1745464724
0.7616490285894804 0.13046912020217974 0.0

1745464725
0.47725496326403 0.10364233234328592 0.0

1745464726
0.4596253738391311 0.08704549031953408 0.0

1745464727
0.379126060987111 0.07136120716755737 0.0

1745464728
0.38855705752907893 0.08519333542911034 0.0

1745464729
0.2570799244808055 0.08731906859660164 0.0

1745464730
0.38745853735586794 0.1336281788027168 0.0

1745464731
0.2680931403398364 0.09959093769666456 0.0

1745464732
0.5861905514299257 0.3651445726023068 0.0

1745464733
0.617879746835443 0.21962025316455697 0.0

1745464734
0.7304089915704027 0.07961286294099282 0.0

1745464735
0.45303434216716326 0.06915477497255763 0.0009408812921436412

1745464736
0.3367908219393368 0.04258997328304259 0.0

1745464737
0.2812549019607843 0.04156862745098039 0.0

1745464738
0.23369051370942326 0.03876457611093602 0.0

1745464739
0.1874803890806401 0.08895513021650454 0.00015688735487919673

1745464740
0.22001888574126535 0.06468366383380547 0.0

1745464741
0.21680302076777846 0.06639395846444304 0.0

1745464742
0.22802327409970122 0.06510457619122503 0.0

1745464743
0.5716307595533889 0.2557005818524925 0.0

1745464744
0.7413224438511072 0.1996230563844825 0.0

1745464745
0.6552873928231184 0.1300412829469673 0.0

1745464746
0.35717625058438524 0.07776219417173134 0.0

1745464747
0.3411912619833412 0.06930693069306931 0.0

1745464748
0.31588077590285446 0.06402775587446775 0.0

1745464749
0.3314285714285714 0.08587301587301588 0.0

1745464750
0.2924249494478146 0.0539741794991445 0.0

1745464751
0.43460511854294237 0.07473700737949443 0.0

1745464752
0.2688627450980392 0.033568627450980396 0.0

1745464753
0.24038914169151107 0.04158167268162561 0.00015691197238349287

1745464754
0.21495914519170334 0.05609679446888749 0.00015713387806411063

1745464755
0.19430907090080177 0.07137242571922654 0.0

1745464756
0.17968872818739193 0.07656028926269455 0.0

1745464757
0.19458864244140317 0.06386660374390436 0.0

1745464758
0.21181102362204723 0.06692913385826772 0.0

1745464759
0.235044080604534 0.06769521410579345 0.0

1745464760
0.48815686274509806 0.10227450980392157 0.0

1745464761
0.19579211807191083 0.03422829329565081 0.0

1745464762
0.2139717425431711 0.04631083202511774 0.0

1745464763
0.18260323441670592 0.038153556288271315 0.0

1745464764
0.34882621711044587 0.14951945801165906 0.00015755475027572083

1745464765
0.18096135721017909 0.04429783223374175 0.0007854225573358467

1745464766
0.16985871271585556 0.046781789638932494 0.0037676609105180532

1745464767
0.17586206896551723 0.042789968652037616 0.0

1745464768
0.17858827228423205 0.06351202641094168 0.0

1745464769
0.18263331760264276 0.05899008966493629 0.0

1745464770
0.1879556259904913 0.10079239302694136 0.0

1745464771
0.39820782895771106 0.1532777865115548 0.00848923125294765

1745464772
0.2306472081218274 0.14260786802030456 0.01126269035532995

1745464773
0.30925721495032327 0.1414603374862009 0.0

1745464774
0.24187953327026174 0.09854935351624093 0.0

1745464775
0.2364811603342267 0.07725051237584739 0.0

1745464776
0.2687106918238994 0.07452830188679245 0.0

1745464777
0.1820037688442211 0.06956658291457286 0.000785175879396985

1745464778
0.17348222711544511 0.08194400754954388 0.0031456432840515887

1745464779
0.2652644796735206 0.10233872233558311 0.0001569612305760477

1745464780
0.23987441130298273 0.0880690737833595 0.0

1745464781
0.19864843627219864 0.09366650950809367 0.0

1745464782
0.19933920704845814 0.10966016362492133 0.0

1745464783
0.510236220472441 0.12677165354330708 0.00015748031496062991

1745464784
0.25640219952867244 0.11500392772977219 0.00015710919088766692

1745464785
0.37324940991345396 0.14728560188827694 0.0

1745464786
0.28240887480190174 0.10396196513470682 0.0

1745464787
0.21091890176162514 0.10776067290906205 0.0

1745464788
0.24727838258164853 0.09968895800933127 0.0

1745464789
0.4991420995164561 0.1456871002963656 0.007175167680549056

1745464790
0.8388358629322484 0.13581599123767799 0.0018776404318572994

1745464791
0.8606288127639605 0.11309244486156735 0.0

1745464792
0.8564094586185439 0.11885500933416304 0.0

1745464793
0.8813532651455547 0.0952006294256491 0.0

1745464794
0.8648817911382496 0.10928448410834507 0.0

1745464795
0.841033672670321 0.1270164447924824 0.0

1745464796
0.8229492798998121 0.15169067000626174 0.002035065748278021

1745464797
0.8418743143707883 0.1222378937470616 0.004388026955022724

1745464798
0.8709173308329426 0.10564150648538834 0.003906860446944835

1745464799
0.8752897542883634 0.0956575490650595 0.0038633905115129036

1745464800
0.8415291878172588 0.11976522842639593 0.005710659898477157

1745464801
0.861287820015516 0.11621411947245927 0.0041892940263770365

1745464802
0.8551702494900361 0.1187823630943041 0.003452063392436843

1745464803
0.8205734089477 0.1405166981726528 0.0048834278512917455

1745464804
0.8370637032399436 0.1331976835185475 0.003912975426514321

1745464805
0.8471739816861383 0.12314493211240922 0.0031575623618566467

1745464806
0.8648774433757369 0.10471610300961837 0.004033509152963078

1745464807
0.866363778787404 0.10903963653454489 0.002506658311138963

1745464808
0.8419238602537992 0.12313958953470155 0.005796647344508851

1745464809
0.8539677570824855 0.11676318672718736 0.003443418375332603

1745464810
0.8366328916601715 0.13546375681995323 0.0010911925175370225

1745464811
0.8368983957219251 0.1277131173324945 0.00015728216420257942

1745464812
0.8093001409112259 0.15907311726945358 0.0

1745464813
0.8402940716408572 0.13718129203816676 0.0

1745464814
0.8287992495309568 0.14759224515322075 0.0007817385866166354

1745464815
0.8341944574917802 0.1346485047753249 0.004697040864255519

1745464816
0.83765625 0.13921875 0.00265625

1745464817
0.826570578098073 0.13097289675701082 0.0039166536111546295

1745464818
0.8307788551767282 0.1380982170785111 0.0025023459493274947

1745464819
0.8450172901603269 0.12181703866708582 0.0022005658597925182

1745464820
0.8246163482618227 0.13419981208894458 0.0029752583777012216

1745464821
0.8164547024650651 0.13848327837965144 0.006123410268487989

1745464822
0.7919536631183469 0.16546649968691296 0.004070131496556042

1745464823
0.780637062607877 0.17762435273811392 0.0018829436686019143

1745464824
0.8125587222048231 0.14735358596930787 0.00031318509238960227

1745464825
0.8021978021978022 0.158712715855573 0.0

1745464826
0.8045725023488882 0.16035076730347636 0.00015659254619480113

1745464827
0.7884645607417885 0.1698884174131699 0.0

1745464828
0.7950015817779184 0.15944321417273014 0.00015817779183802593

1745464829
0.7984459984459984 0.15773115773115773 0.003885003885003885

1745464830
0.8300909946658299 0.13680577345465955 0.0015688735487919673

1745464831
0.8043239855867147 0.15666614444618518 0.0009399968666771111

1745464832
0.7157878217200251 0.13119899560577528 0.00031387319522912746

1745464833
0.7775689223057645 0.18984962406015038 0.00046992481203007516

1745464834
0.41660103953378486 0.09733816349031343 0.00031501023783272954

1745464835
0.26513602767730776 0.05173769460607014 0.00015725743041358704

1745464836
0.2554201614179459 0.05997784459566387 0.007596138629529989

1745464837
0.21665104654795375 0.05373320837238363 0.03561387066541706

1745464838
0.2106089139987445 0.05445699937225361 0.07925298179535467

1745464839
0.23091603053435114 0.07808524173027989 0.029103053435114504

1745464840
0.215622076707203 0.05378858746492049 0.12566261303398815

1745464841
0.2427718416090509 0.039440603394091764 0.012884978001257071

1745464842
0.20951782629181717 0.04099261818752945 0.01240772734411811

1745464843
0.2583543505674653 0.06100252206809584 0.009457755359394703

1745464844
0.22854448286702295 0.0474693492612386 0.020748192392329456

1745464845
0.6235257603972688 0.08923029174425823 0.0021725636250775914

1745464846
0.9196830821811403 0.08016156594686966 0.0

1745464847
0.9179503300848789 0.08189248663942157 0.0

1745464848
0.9373339584310049 0.06266604156899516 0.0

1745464849
0.9333333333333333 0.06650980392156863 0.0

1745464850
0.92570625877946 0.07398158264398315 0.00015607928827844546

1745464851
0.9171081333748832 0.08289186662511686 0.0

1745464852
0.9278237775347602 0.0715513201062334 0.0003124511795032026

1745464853
0.9192944114892289 0.08008117389946924 0.0

1745464854
0.8891345546430828 0.07296272899557801 0.0018951358180669614

1745464855
0.7059930969563853 0.0914653278945717 0.008785691873235017

1745464856
0.5695921282336137 0.08712902713854943 0.012855102364704015

1745464857
0.37470689385649525 0.05705799593559481 0.035954353603251527

1745464858
0.3220844451420499 0.0483440590174227 0.025898603045047874

1745464859
0.2705420267085625 0.04257659073055774 0.03974862529457973

1745464860
0.21862729700015707 0.048217370818281764 0.038636720590544994

1745464861
0.363707900535096 0.07585772741580107 0.024394082467736857

1745464862
0.21605035405192763 0.05853658536585366 0.03225806451612903

1745464863
0.3054986607846227 0.12525602646919803 0.004096423507168741

1745464864
0.2207221350078493 0.04583987441130298 0.0

1745464865
0.2361154690931911 0.04424223407593348 0.0

1745464866
0.23518314730388304 0.04716239584970917 0.0

1745464867
0.2345000784806153 0.04536179563647779 0.0

1745464868
0.22871504869619855 0.0548224945020421 0.006911718504555451

1745464869
0.2157201129588955 0.05145905240037653 0.026357075619705052

1745464870
0.1983029541169076 0.04604022627278441 0.04494028912633564

1745464871
0.19192712423433328 0.055442123449034084 0.04209203706612219

1745464872
0.19666980835689601 0.05419415645617342 0.039428212378259504

1745464873
0.2134672735834249 0.0516402448595197 0.026212525506199968

1745464874
0.20606727444199938 0.05328513046211883 0.03190820496699151

1745464875
0.18966059082338152 0.049811439346323066 0.046511627906976744

1745464878
0.13506203328041394 0.031634033045216677 0.07443993649673664

1745464879
0.506408252578931 0.18224445139105971 0.01312910284463895

1745464880
0.24100719424460432 0.04785736628088833 0.048795746011886146

1745464881
0.21531928279333123 0.05803711859075181 0.026895250078641082

1745464882
0.19082770535574053 0.064394534317575 0.044919114182503536

1745464883
0.6579154221034429 0.2617512969658859 0.0011004559031598806

1745464884
0.6402707808564232 0.21945843828715364 0.0

1745464885
0.4866183879093199 0.125 0.0

1745464886
0.23641218975808986 0.057335846685516806 0.0

1745464887
0.4531617762435274 0.12725560960301271 0.0

1745464888
0.7778300407651302 0.1859517089996864 0.0012543116964565694

1745464889
0.3495679497250589 0.06755695208169678 0.04980361351139042

1745464890
0.18339100346020762 0.07313620635419943 0.0849323686693929

1745464891
0.13639930937058548 0.03076440119290535 0.09527546695966096

1745464892
0.12119786767011602 0.027281279397930385 0.09266227657572906

1745464893
0.08191072826938137 0.01597494126859828 0.14001566170712607

1745464894
0.13918091950415817 0.03577592970343637 0.06605994037345049

1745464895
0.37270588235294116 0.08078431372549019 0.0603921568627451

1745464896
0.8905932070746596 0.06714665831898575 0.0010956331194240101

1745464897
0.5961326835403239 0.04873447571136614 0.01650683854739821

1745464898
0.3327588908036973 0.03571988093373022 0.041046529844900516

1745464899
0.2568938193343899 0.03724247226624406 0.02519809825673534

1745464900
0.21979734996102884 0.037412314886983634 0.023538581449727203

1745464901
0.21445404556166536 0.035978004713275724 0.01728201099764336

1745464902
0.20009416195856874 0.03876333961079724 0.048179535467671064

1745464903
0.2028894472361809 0.04067211055276382 0.04616834170854271

1745464904
0.6831934104229368 0.1769364802787898 0.007444954855060985

1745464905
0.4232092586800125 0.10056302783859869 0.03206130747575853

1745464906
0.2528142589118199 0.06332082551594746 0.06097560975609756

1745464907
0.1763228136285131 0.047417176950855705 0.07081174438687392

1745464908
0.16732005645287754 0.0432805394386075 0.06523443625529246

1745464909
0.19117877884162612 0.03908334641343588 0.04175168733322869

1745464910
0.1996230563844825 0.04523323386210146 0.024344275168839326

1745464911
0.185712027817291 0.04694167852062589 0.03745851114272167

1745464912
0.18593433950521238 0.042321456355998134 0.0418546755873658

1745464913
0.17127592708988057 0.0384978001257071 0.04918290383406662

1745464914
0.18854901960784315 0.04172549019607843 0.05145098039215686

1745464915
0.2684078036500944 0.06135934550031466 0.0473568281938326

1745464916
0.19232591189009948 0.0738986262434865 0.016579819990525817

1745464917
0.5529982777516831 0.171911695631752 0.011116330045404728

1745464918
0.7667721518987342 0.13955696202531645 0.012183544303797469

1745464919
0.2658643326039387 0.06783369803063458 0.02938418255704908

1745464920
0.20163573450770683 0.05756527209814407 0.028782636049072035

1745464921
0.14308151405685565 0.05261504633265274 0.10805716978168682

1745464922
0.16787173844702924 0.04369695064445143 0.0584721785602012

1745464923
0.2254362521616098 0.05030655557302311 0.03678666876277315

1745464924
0.15304182509505704 0.05243979721166033 0.04214195183776933

1745464925
0.16136576239476147 0.04724041159962582 0.04412223261615217

1745464926
0.2153072450102153 0.06412069778406412 0.04148986327204149

1745464927
0.22302724838557253 0.05559930697747677 0.04299889746416759

1745464928
0.16718946047678795 0.04328732747804266 0.0451693851944793

1745464929
0.17521902377972465 0.05272215269086358 0.030193992490613268

1745464930
0.31498422712933755 0.09116719242902208 0.00047318611987381704

1745464931
0.1480552070263488 0.04250313676286073 0.0

1745464932
0.1198178391959799 0.04538316582914573 0.0

1745464933
0.13734107675404175 0.041123842410924503 0.0

1745464934
0.1019577133907596 0.036335160532498044 0.0

1745464935
0.09904403698479862 0.04278326281147156 0.03149976492712741

1745464936
0.11428571428571428 0.03441199684293607 0.02936069455406472

1745464937
0.1169499454233588 0.04740371121160143 0.0001559332605644784

1745464938
0.08196207490988873 0.048111581256856294 0.0006268609935746748

1745464939
0.35662688442211055 0.1515389447236181 0.000157035175879397

1745464940
0.31712275215011726 0.11008600469116497 0.0

1745464941
0.8239899780770436 0.1514249921703727 0.001096147823363608

1745464942
0.5588881909547738 0.07600502512562814 0.006909547738693468

1745464943
0.17748510504860457 0.059893383505801194 0.03606146127312637

1745464944
0.5678857322241406 0.08052111128551248 0.0001569612305760477

1745464945
0.25826155050900546 0.057008613938919345 0.0

1745464946
0.19589084065244666 0.051129234629861985 0.0

1745464947
0.2118976612776644 0.07518442944592686 0.009574635065138911

1745464948
0.42170762444864524 0.15154379332073095 0.005828607435412729

1745464949
0.4175031367628607 0.11982434127979925 0.0003136762860727729

1745464950
0.16857456484240238 0.037164811039673826 0.0

1745464951
0.49898135088544116 0.16345400407459645 0.0

1745464952
0.3497583034461251 0.12864493996569468 0.0

1745464953
0.4677822959024085 0.17719737253675322 0.0025023459493274947

1745464954
0.8696879410381056 0.11071036537556844 0.0029794574251215305

1745464955
0.8873768183951196 0.09494759893633661 0.0021898951978726734

1745464956
0.8772591544868773 0.1052962439101053 0.002986012887002986

1745464957
0.8729316266000624 0.10880424601935686 0.0017171401810802372

1745464958
0.9123630672926447 0.07793427230046948 0.0

1745464959
0.8917018284106891 0.0972026879199875 0.0

1745464960
0.9066604127579737 0.07973733583489681 0.0

1745464961
0.9174628034455755 0.07173061863743148 0.0

1745464962
0.9142500779544745 0.0706267539756782 0.0

1745464963
0.8918834221247258 0.08790347853337512 0.0034471952366029457

1745464964
0.9227883713660519 0.06267583619881213 0.003751172241325414

1745464965
0.898404831965309 0.07882917763667338 0.0054204739042899176

1745464966
0.8831148317801295 0.09350813457589638 0.00157952930026852

1745464967
0.88734375 0.0865625 0.00078125

1745464968
0.8947039525074207 0.0835806905171067 0.0010935791282612093

1745464969
0.8437892095357591 0.08296737766624843 0.008626097867001255

1745464970
0.6154325798908807 0.06734216679657054 0.017614964925954792

1745464971
0.51906343932922 0.10678690080683437 0.026894478721721248

1745464972
0.2455014864653419 0.01361289313096542 0.04365514004068221

1745464973
0.1567977261961156 0.024474972366966684 0.024790778462024318

1745464974
0.3951890034364261 0.17463292721024679 0.01780693533270853

1745464975
0.36922351461804465 0.1675573718956303 0.015875510845646024

1745464976
0.15641227380015735 0.06341463414634146 0.0026750590086546027

1745464977
0.2694601381042059 0.11864406779661017 0.0

1745464978
0.33995308835027366 0.126817826426896 0.0

1745464979
0.42172824045084534 0.12476518472135253 0.0

1745464980
0.6292736726012289 0.14873168426028044 0.0

1745464981
0.8847172456768967 0.10359869138495092 0.0

1745464982
0.8627142632489385 0.09970121088221419 0.0

1745464983
0.6432831136220967 0.04158819836785938 0.0

1745464984
0.6783864385496783 0.09150839742583582 0.0

1745464985
0.2363372561663711 0.09559890375624698 0.0

1745464986
0.2710161110224916 0.22906364651459563 0.0036688467060137183

1745464987
0.7449234614183068 0.1491721337082162 0.0

1745464988
0.3525610717100079 0.12056737588652482 0.0

1745464989
0.17095357590966123 0.041248431618569635 0.0

1745464990
0.49952978056426334 0.05924764890282132 0.0

1745464991
0.5775442998275051 0.11980555119962365 0.0

1745464992
0.8423853498200031 0.1314759743308812 0.0

1745464993
0.6494180559924505 0.09609940232777603 0.0

1745464994
0.08918792051322172 0.01455171334689407 0.0

1745464995
0.0460887286408528 0.015519673930083085 0.0

1745464996
0.14952978056426333 0.06974921630094044 0.0004702194357366771

1745464997
0.26880877742946707 0.10391849529780564 0.0

1745464998
0.23969153289266604 0.1051306263770853 0.0

1745464999
0.20747604837443065 0.07727344118108999 0.0

1745465000
0.3014752040175769 0.08757062146892655 0.0

1745465001
0.22838345864661655 0.07988721804511278 0.0

1745465002
0.20293282876064334 0.10249132765689058 0.00457269000315358

1745465003
0.7682430316316944 0.10413404321954275 0.00031318509238960227

1745465004
0.30502354788069075 0.06389324960753533 0.0

1745465005
0.23617854346123726 0.03790133124510572 0.0

1745465006
0.43277769122916343 0.09144726592927248 0.0

1745465007
0.9111908849695646 0.08865303574215702 0.0

1745465008
0.9167057352711361 0.08282544147523051 0.0001562744178777934

1745465009
0.8935736677115987 0.104858934169279 0.0004702194357366771

1745465010
0.918194640338505 0.07898448519040903 0.0003134304967873374

1745465011
0.9195473569989149 0.08014261354828708 0.0

1745465012
0.9188347094563016 0.08038635301448824 0.0

1745465013
0.9342146679257161 0.0653131885426503 0.0

1745465014
0.9439788950962136 0.055865921787709494 0.0

1745465015
0.9451582575994986 0.054528361015355686 0.0

1745465016
0.941794791339818 0.05804832130530279 0.0

1745465017
0.9439500390320062 0.05526932084309134 0.0

1745465018
0.9216055189714644 0.07776732518030731 0.0

1745465019
0.9306961532471577 0.06914810777137517 0.0

1745465020
0.92953125 0.0703125 0.0

1745465021
0.9330517753793212 0.06694822462067887 0.0

1745465022
0.9442888266417678 0.05555555555555555 0.0

1745465023
0.9429556495847046 0.05688763516690174 0.0

1745465024
0.9445749178017849 0.054798810082981056 0.0

1745465025
0.939142678347935 0.0607008760951189 0.0

1745465026
0.9326279757274001 0.06721643068305586 0.0

1745465027
0.9310237688364145 0.06835482367562529 0.00046605561597017243

1745465028
0.924787133396405 0.07426679280983917 0.0

1745465029
0.9316905801621959 0.06534622582657518 0.0

1745465030
0.8824726134585289 0.11314553990610329 0.0

1745465031
0.9244458320324695 0.07555416796753044 0.0

1745465032
0.9275023386342376 0.07234175241658872 0.0

1745465033
0.9236665102455811 0.07633348975441889 0.0

1745465034
0.9304537657882427 0.06954623421175737 0.0

1745465035
0.9336345225112946 0.0663654774887054 0.0

1745465036
0.9327044025157233 0.06713836477987421 0.0

1745465037
0.9297888975762314 0.06958561376075059 0.0

1745465038
0.8346977329974811 0.11067380352644836 0.0

1745465039
0.6164100936359308 0.1998095540390414 0.00047611490239644503

1745465040
0.3784292208810158 0.10079949835397398 0.0

1745465041
0.29381199811053377 0.07353172728704141 0.0

1745465042
0.6702612393681653 0.11117861482381532 0.0

1745465043
0.9218257097791798 0.07807570977917981 0.0

1745465045
0.9232759590505119 0.07672404094948813 0.0

1745465046
0.9294950738916257 0.07019704433497537 0.0

1745465048
0.9321352565618349 0.06739181839678411 7.882084023015685e-05

1745465049
0.9515104570100698 0.047714949651433 0.0

1745465050
0.9385265133740028 0.06100422336931018 0.0

1745465051
0.9202955510139915 0.0795472409998428 0.0

1745465052
0.940680611926319 0.05916328442085545 0.0

1745465053
0.9454148471615721 0.05442919525888958 0.0

1745465054
0.9444357733728734 0.054939909474012796 0.0

1745465055
0.9243776420854861 0.07530922185689683 0.0

1745465056
0.9294941634241245 0.07035019455252918 0.0

1745465057
0.9186572989851678 0.0799375487900078 0.0

1745465058
0.9214117647058824 0.07827450980392157 0.0

1745465059
0.9316731517509728 0.06832684824902724 0.0

1745465060
0.9235092101155167 0.07617858257883234 0.0

1745465061
0.9394509803921569 0.0603921568627451 0.0

1745465062
0.9326757476123375 0.06732425238766244 0.0

1745465063
0.9368651351773715 0.06282231598687295 0.0

1745465064
0.9362232964291284 0.06299703726804927 0.0

1745465065
0.9392996108949416 0.060544747081712064 0.0

1745465066
0.9308443604284814 0.06868304977945809 0.0

1745465067
0.9398778769375293 0.060122123062470646 0.0

1745465068
0.933620159803319 0.06591886908420405 0.0

1745465070
0.9332600502512562 0.06666143216080402 0.0

1745465071
0.9373734226515034 0.062159214830970554 0.0

1745465072
0.9391372549019608 0.06070588235294118 0.0

1745465073
0.9294941634241245 0.07050583657587549 0.0

1745465074
0.9475425330812854 0.05245746691871456 0.0

1745465075
0.9361867704280156 0.06334630350194552 0.0

1745465076
0.9496391590837778 0.05036084091622215 0.0

1745465077
0.944591439688716 0.05540856031128405 0.0

1745465078
0.9254104769351056 0.07427677873338545 0.0

1745465079
0.9220921155347385 0.07665886026541764 0.0

1745465080
0.9316653635652854 0.06802189210320563 0.0001563721657544957

1745465081
0.9354838709677419 0.06436029297179367 0.0

1745465082
0.9365899483325505 0.06325348363864099 0.0

1745465083
0.933931610707102 0.0659136623858889 0.0

1745465084
0.9461890484456368 0.053653148177371 0.0

1745465085
0.9255269320843091 0.07338017174082748 0.000156128024980484

1745465086
0.9515170472317798 0.048326556146387235 0.0

1745465087
0.9479669730487615 0.05172145193955445 0.0

1745465088
0.9406872744390397 0.0593127255609603 0.0

1745465089
0.9438114562197596 0.055876385203683474 0.0

1745465090
0.9411856718285625 0.05881432817143751 0.0

1745465091
0.938785046728972 0.060903426791277256 0.00015576323987538941

1745465092
0.9443407960199005 0.05550373134328358 0.0

1745465093
0.9549167452089224 0.04492617027961043 0.0

1745465094
0.9362867877269881 0.06340012523481528 0.0

1745465095
0.9387723144378327 0.06122768556216724 0.0

1745465096
0.935131763605177 0.06471230313425853 0.0

1745465097
0.9295401402961808 0.0701480904130943 0.0

1745465098
0.947228311932352 0.05277168806764798 0.0

1745465099
0.9413053686022852 0.05853811238065425 0.0

1745465100
0.9464341815896953 0.05356581841030474 0.0

1745465101
0.9504950495049505 0.04919554455445545 0.0

1745465102
0.9448362325654286 0.05500705218617771 0.0

1745465103
0.9431569057312872 0.05668650172251801 0.0

1745465104
0.9372463315641586 0.06228535747736497 0.0

1745465105
0.9500078112794876 0.049835963130760816 0.0

1745465106
0.9363266583229036 0.06351689612015018 0.0

1745465107
0.9409105082631743 0.05893358278765201 0.0

1745465108
0.9319887429643527 0.06801125703564728 0.0

1745465109
0.9378716744913927 0.062128325508607196 0.0

1745465110
0.92984375 0.0696875 0.0

1745465111
0.9344032408850109 0.06528513555624806 0.0

1745465112
0.9334170854271356 0.06642587939698492 0.0

1745465113
0.930905695611578 0.06893868658574541 0.0

1745465114
0.9290403251015943 0.07049077836824008 0.00031259768677711783

1745465115
0.9432901109201687 0.056553663490079675 0.0

1745465116
0.9309267072980153 0.06907329270198469 0.0

1745465117
0.9377528789293496 0.06209150326797386 0.0

1745465118
0.9405396925007844 0.05898964543457797 0.0

1745465119
0.9475497103491467 0.05229372162204478 0.0

1745465120
0.934819897084048 0.0650241696553875 0.0

1745465121
0.941983780411728 0.05801621958827199 0.0

1745465122
0.9270392985752309 0.07217786128072648 0.0

1745465123
0.939375 0.06046875 0.0

1745465124
0.9296631316281971 0.07033686837180286 0.0

1745465125
0.9336359367663171 0.06605102519956174 0.0

1745465126
0.9395552771688067 0.06044472283119324 0.0

1745465127
0.9368058814328172 0.06303769748162052 0.0

1745465128
0.9336559475491727 0.06603184514517639 0.0

1745465129
0.9360237760050055 0.06381980290943219 0.0

1745465130
0.9371285580231467 0.06271504535502033 0.0

1745465131
0.930442919525889 0.06940112289457268 0.0

1745465132
0.9242730524024257 0.07494946353599752 0.0

1745465133
0.9375686274509804 0.0611764705882353 0.0

1745465134
0.9334998438963472 0.06634405245082735 0.0

1745465135
0.9263832447639887 0.07346045639262269 0.0

1745465136
0.9167969971848609 0.08289020957147325 0.0

1745465137
0.9342641983056166 0.06573580169438344 0.0

1745465138
0.9388992537313433 0.06110074626865672 0.0

1745465139
0.9373339584310049 0.06250976715111736 0.0

1745465140
0.9358071081885079 0.06387975575387506 0.0

1745465141
0.9443836900484299 0.055303858772066866 0.0

1745465142
0.9232684824902724 0.07642023346303502 0.0

1745465143
0.938244514106583 0.06175548589341693 0.0

1745465144
0.9267988137974091 0.07304510691431247 0.0

1745465145
0.9357019336582298 0.06414085835560447 0.0

1745465146
0.9376554726368159 0.06218905472636816 0.0

1745465147
0.9217894572188331 0.07805412169560456 0.0

1745465148
0.9283265814895606 0.07120598317232783 0.0

1745465149
0.9428616155291171 0.056981840951784594 0.0

1745465150
0.9378988326848249 0.0621011673151751 0.0

1745465151
0.9364606212739254 0.06338249137119548 0.0

1745465152
0.947022972339428 0.05297702766057196 0.0

1745465153
0.9415625 0.05828125 0.0

1745465154
0.9346159862349445 0.06507117159393086 0.0

1745465155
0.9382504288164666 0.06159363792296897 0.0

1745465156
0.9347826086956522 0.06506099468251486 0.0

1745465157
0.9083528493364559 0.0916471506635441 0.0

1745465158
0.9169899146625291 0.08269976726144299 0.0

1745465159
0.8832185347526612 0.11646837820914215 0.0

1745465160
0.9148735668289618 0.08512643317103817 0.0

1745465161
0.914517893420847 0.08548210657915299 0.0

1745465162
0.9427677873338546 0.05707584050039093 0.0

1745465163
0.94625 0.05375 0.0

1745465164
0.9435319881119975 0.0564680118880025 0.0

1745465165
0.9459881361223853 0.05385576022478926 0.0

1745465166
0.9540927482103952 0.0457516339869281 0.0

1745465167
0.9533165671172588 0.04668343288274128 0.0

1745465168
0.9387564282374942 0.06093189964157706 0.0

1745465169
0.94546875 0.05453125 0.0

1745465170
0.9364161849710982 0.06342758943915014 0.0

1745465171
0.9363963119237381 0.06360368807626192 0.0

1745465172
0.9465708483049523 0.05327292610529605 0.0

1745465173
0.94015625 0.05984375 0.0

1745465174
0.942491014220972 0.05735271136115018 0.0

1745465175
0.9441758927179167 0.05582410728208327 0.0

1745465176
0.9239793524167058 0.07570780541216957 0.0

1745465177
0.9397873005943072 0.06005630278385987 0.0

1745465178
0.9333646175504458 0.06647896136399187 0.0

1745465179
0.9377528789293496 0.06193588546529723 0.0

1745465180
0.9353624097897709 0.06463759021022905 0.0

1745465181
0.9314365671641791 0.06840796019900497 0.0

1745465182
0.9314232033818695 0.06857679661813058 0.0

1745465183
0.938285175879397 0.061714824120603015 0.0

1745465184
0.9414611301904464 0.05838276615672807 0.0

1745465185
0.9303016096265041 0.06969839037349586 0.0

1745465186
0.9289055191768008 0.07078266292485189 0.0

1745465187
0.9311045149195438 0.06873925949070457 0.0

1745465188
0.941709642131583 0.058290357868416943 0.0

1745465189
0.941709642131583 0.058134083450539144 0.0

1745465190
0.934674150296227 0.065325849703773 0.0

1745465191
0.9355545127483185 0.0642890661661192 0.0

1745465192
0.9375879868606288 0.06241201313937119 0.0

1745465193
0.9399343031440638 0.06006569685593618 0.0

1745465194
0.9260808926080892 0.0737641407097474 0.0

1745465195
0.9263987391646966 0.07344365642237982 0.0

1745465196
0.9400625978090766 0.05993740219092332 0.0

1745465197
0.9304023613484542 0.06959763865154575 0.0

1745465198
0.9384109073812882 0.0615890926187118 0.0

1745465199
0.9390950367934867 0.060748395177704716 0.0

1745465200
0.9438727782974743 0.05612722170252572 0.0

1745465201
0.9471296730799311 0.052401063663381826 0.0

1745465202
0.9502113668388915 0.0497886331611085 0.0

1745465203
0.9321197161369947 0.06772601049058932 0.0

1745465204
0.9388625592417061 0.06050552922590837 0.0

1745465205
0.9316439856092601 0.0680431722196152 0.0

1745465206
0.9350507416081186 0.06448087431693988 0.0

1745465207
0.93015625 0.06921875 0.0

1745465208
0.9213360387076635 0.07835180271577961 0.0

1745465209
0.9418113561708118 0.058188643829188175 0.0

1745465210
0.9484294421003282 0.051570557899671826 0.0

1745465211
0.9497830130192189 0.05006199628022319 0.0

1745465212
0.9403973509933775 0.05944497004099653 0.0

1745465213
0.9187118962013444 0.080819133969048 0.0

1745465214
0.9250625782227785 0.07024405506883605 0.0

1745465215
0.8854183016794852 0.078951498979752 0.0

1745465216
0.9064309184791113 0.07119386637458927 0.0

1745465217
0.89549436795995 0.07399874843554444 0.0

1745465218
0.8999530295913575 0.07249099733834351 0.0

1745465219
0.8827006845052894 0.08540759178593653 0.0

1745465220
0.8955923726164426 0.10065645514223195 0.0

1745465221
0.9095149253731343 0.09048507462686567 0.0

1745465222
0.9032258064516129 0.0967741935483871 0.0

1745465223
0.9268982864329508 0.07294450558088351 0.0

1745465224
0.9441427463149729 0.055857253685027156 0.0

1745465225
0.9466208834087717 0.05337911659122834 0.0

1745465226
0.9351663802530854 0.06467739415716295 0.0

1745465227
0.9089198934002195 0.09108010659978052 0.0

1745465228
0.9451114922813036 0.0548885077186964 0.0

1745465229
0.9296631316281971 0.0701809107922645 0.0

1745465230
0.9204634413652732 0.07953655863472679 0.0

1745465231
0.9175321655557278 0.0823128197178732 0.0

1745465232
0.9244779400219815 0.07520803893860889 0.0

1745465233
0.9266342686941527 0.07320896692271515 0.0

1745465234
0.9216330361332707 0.07805412169560456 0.0

1745465235
0.9365525863416159 0.06329113924050633 0.0

1745465236
0.9425251256281407 0.0571608040201005 0.0

1745465237
0.9388326848249027 0.06116731517509728 0.0

1745465238
0.9199937372788477 0.07937999060591827 0.0

1745465239
0.9342906196347744 0.0655533010769471 0.0

1745465240
0.9300546448087431 0.06838407494145199 0.0

1745465241
0.927110972373966 0.07257686904947713 0.0

1745465242
0.8958072590738423 0.09683979974968711 0.0

1745465243
0.8758231420507996 0.08403888366259016 0.0

1745465244
0.672544080604534 0.07068639798488666 0.0

1745465245
0.4271585557299843 0.049607535321821036 0.0

1745465246
0.6059514487079092 0.06624902114330462 0.0

1745465247
0.39990564554175184 0.07013681396445982 0.0

1745465248
0.2503527198620473 0.02759053143125882 0.00015676438313215238

1745465249
0.21410697528933376 0.03190491085392556 0.0

1745465250
0.16025741641814473 0.018678386438549677 0.0

1745465251
0.14918597370068878 0.031934877896055106 0.00015654351909830932

1745465252
0.13625685199686766 0.02662490211433046 0.0

1745465253
0.1173061863743148 0.039310884886452624 0.0

1745465254
0.09909062402006899 0.038726873628096584 0.0

1745465255
0.11719485409475996 0.026357075619705052 0.0

1745465256
0.13091309130913092 0.02891717743202892 0.0

1745465257
0.08690196078431373 0.0363921568627451 0.0

1745465258
0.08898305084745763 0.034996861268047706 0.0

1745465259
0.22395996246481076 0.11323115420706913 0.00015639662183296842

1745465260
0.5536902122267976 0.1577446943300602 0.0006335128286347799

1745465261
0.148136499449599 0.055983645227236985 0.0003145148608271741

1745465262
0.06805708013172337 0.04014426846479536 0.0

1745465263
0.06636335111390022 0.03420144336366489 0.0

1745465264
0.07447475697710881 0.023204766384446535 0.0

1745465265
0.07845286564359537 0.028186658315064204 0.0

1745465266
0.08532957570064192 0.013151714419915453 0.0

1745465267
0.08348997493734336 0.019110275689223057 0.0

1745465268
0.07899686520376176 0.02366771159874608 0.0

1745465269
0.0724933312411737 0.050525655107484704 0.0

1745465270
0.07364462550924475 0.026167345659667815 0.0

1745465271
0.0908379013312451 0.04541895066562255 0.0017227877838684417

1745465272
0.05775266792215945 0.028405524168236034 0.0006277463904582549

1745465273
0.0543461237274863 0.013469068128425998 0.00015661707126076742

1745465274
0.054214979630209964 0.015042306486994672 0.00015669069257286117

1745465275
0.05349601126231816 0.01392147661504771 0.0

1745465276
0.0525328330206379 0.011569731081926203 0.0

1745465277
0.05194805194805195 0.02816460647785949 0.00046941010796432484

1745465278
0.05125 0.0171875 0.0

1745465279
0.23603067772734387 0.07951166066677101 0.0

1745465280
0.21407349491790462 0.07834245504300234 0.0

1745465281
0.09113686188537426 0.04776072658941435 0.0

1745465282
0.04637726420986883 0.019831355402873205 0.0

1745465283
0.041895496626392595 0.05837125372665934 0.010670014122077515

1745465284
0.045039370078740155 0.03984251968503937 0.0

1745465285
0.16604244694132334 0.06398252184769039 0.0

1745465286
0.11972383492860506 0.06025419739526126 0.0

1745465287
0.5966687422166874 0.14181195516811956 0.00015566625155666251

1745465288
0.8206334274067105 0.0892129194104735 0.0007839448102853559

1745465289
0.6573448546739984 0.06582875098193244 0.006441476826394344

1745465290
0.43260630786128984 0.04001255295779068 0.016632669072650243

1745465291
0.36695815115552777 0.0452841973766396 0.012960649594003748

1745465292
0.7963078848560701 0.08432415519399249 0.0

1745465293
0.4794433902593295 0.06293485135989879 0.008697027197975965

1745465294
0.1931586380040797 0.07312097913070767 0.0017260316962184215

1745465295
0.19327467001885607 0.06976744186046512 0.0

1745465296
0.18900235663786333 0.07289866457187745 0.0

1745465297
0.36705292828061387 0.139367366113373 0.0018791105543376136

1745465298
0.6557145102971231 0.09479641565791543 0.0

1745465299
0.6966750313676286 0.08579046424090339 0.0

1745465300
0.49090053341700657 0.07091308440539693 0.0

1745465301
0.7148020113136392 0.1316781898177247 0.0

1745465302
0.8407245471580262 0.14303560274828234 0.0

1745465303
0.8094865372573575 0.15529117094552286 0.0010958046336881652

1745465304
0.823178391959799 0.13709170854271358 0.000157035175879397

1745465305
0.8248826291079813 0.14428794992175273 0.0

1745465306
0.7695079912253212 0.12284550297712316 0.0

1745465307
0.5219849246231156 0.07412060301507538 0.0

1745465308
0.4074132244385111 0.07413224438511072 0.0

1745465309
0.2721141781681305 0.05410915934755332 0.00266624843161857

1745465310
0.1906779661016949 0.04896421845574388 0.0

1745465311
0.8154325798908807 0.1353078721745908 0.0

1745465312
0.8979049405878674 0.09052532833020638 0.00015634771732332708

1745465313
0.9200436408977556 0.07403366583541147 0.0

1745465314
0.9276695245518316 0.0646921278254092 0.0

1745465315
0.8654568210262829 0.1196808510638298 0.00031289111389236547

1745465316
0.900094696969697 0.08869949494949494 0.0

1745465317
0.9021569240387621 0.08768365114098156 0.00015629884338855892

1745465318
0.9005284426484302 0.0899906745414983 0.0

1745465319
0.8717948717948718 0.11404750668554349 0.0

1745465320
0.8828856964397251 0.10306058713304185 0.0

1745465321
0.8759981211836543 0.10552685141694067 0.0

1745465322
0.9043219542749765 0.07062323833385531 0.0

1745465323
0.8393052730402129 0.0832420591456736 0.0

1745465324
0.8574331717992809 0.10786306080975457 0.0

1745465325
0.8183103015075377 0.14934045226130654 0.0

1745465326
0.810992796742875 0.15674913874099594 0.0

1745465327
0.5700978844332175 0.2323965898326492 0.0

1745465328
0.5116206030150754 0.18875628140703518 0.0

1745465329
0.6258064516129033 0.10967741935483871 0.0

1745465330
0.33170961659333753 0.06851037083595223 0.0

1745465331
0.35652583634364693 0.07994345845767237 0.0

1745465332
0.5064465408805031 0.0880503144654088 0.0

1745465333
0.373136670327946 0.05335007061038757 0.0

1745465334
0.4961580680570801 0.07432962207934765 0.0

1745465335
0.2690800814919292 0.039492242595204514 0.0

1745465336
0.2836568566061365 0.06465247338760176 0.0

1745465337
0.8799188007495315 0.11586508432229857 0.0

1745465338
0.9245814426537318 0.06337036457518386 0.0

1745465339
0.9382716049382716 0.058134083450539144 0.0

1745465340
0.9486338797814208 0.05105386416861827 0.0

1745465341
0.9390300951192889 0.06019023857788866 0.0

1745465342
0.9214610440507917 0.07446308198777238 0.0

1745465343
0.8891824681380168 0.09993783027665527 0.0

1745465344
0.9302544769085768 0.0666038328620798 0.0

1745465345
0.865450576863112 0.08107265357031494 0.0

1745465346
0.8940178991992463 0.09357826974407285 0.0

1745465347
0.9038762113160362 0.09065332916536417 0.0

1745465348
0.8777931884728001 0.12189859762675297 0.0

1745465349
0.9207671749724886 0.0790756170413457 0.0

1745465350
0.921334172435494 0.07819383259911894 0.0

1745465351
0.9282837670384139 0.07078686493184634 0.0

1745465352
0.9449172211047501 0.05508277889524989 0.0

1745465353
0.881498391615648 0.08664522154197364 0.0

1745465354
0.8989614243323442 0.09050445103857567 0.0

1745465355
0.9265734265734266 0.07236242018850715 0.0

1745465356
0.902039070298018 0.09140168258947669 0.0

1745465358
0.9029418857005064 0.08897998553170967 0.0

1745465359
0.9153175591531756 0.08110211706102118 0.0

1745465360
0.9114640666771505 0.08318918068878754 0.0

1745465361
0.8943051686784277 0.10368307025688642 0.0

1745465362
0.9209418368938095 0.07905816310619056 0.0

1745465363
0.9194379391100702 0.08040593286494926 0.0

1745465364
0.9198443579766536 0.08015564202334631 0.0

1745465365
0.9024543738200126 0.09738829452485841 0.0

1745465366
0.9028125 0.0971875 0.0

1745465367
0.9066854548301236 0.0933145451698763 0.0

1745465368
0.8969943644333125 0.10284909204758923 0.0

1745465369
0.8947855600123419 0.10521443998765813 0.0

1745465370
0.8451521009258317 0.12117204191677688 0.0

1745465372
0.9239332096474954 0.07142857142857142 0.0

1745465373
0.9117464263517713 0.07986326911124922 0.00015537600994406463

1745465374
0.9340312634447153 0.058367990821741 0.0

1745465375
0.9331772053083528 0.059172521467603434 0.0

1745465376
0.9330106183635228 0.057151780137414114 0.0

1745465377
0.9286382050483016 0.06419445310065441 0.0

1745465378
0.9241293532338308 0.0740049751243781 0.0

1745465379
0.8980881655869806 0.08421551587928583 0.0

1745465380
0.8768773466833542 0.09856070087609511 0.0

1745465381
0.8888888888888888 0.08419405320813772 0.0

1745465382
0.8818651228289782 0.08527616961351901 0.0

1745465383
0.9167312761668476 0.07784152581795627 0.0

1745465384
0.8706420571067992 0.08171635904716833 0.0

1745465385
0.8930247106662496 0.07366280888332812 0.0

1745465386
0.9061192873741286 0.08938807126258715 0.0

1745465387
0.9516810007818608 0.04800625488663018 0.0

1745465388
0.9313818067359144 0.06484104501101669 0.0

1745465389
0.8858661663539712 0.09818636647904941 0.0

1745465390
0.8430788524847155 0.12917385170089354 0.0

1745465391
0.8921752738654147 0.09733959311424101 0.0

1745465392
0.93921875 0.060625 0.0

1745465393
0.9282363977485929 0.06269543464665416 0.0

1745465394
0.9145846346033729 0.07401623985009369 0.0

1745465395
0.906117978407135 0.0813644187138163 0.0

1745465396
0.9085099750623441 0.08260598503740649 0.0

1745465397
0.9407822970235312 0.05033504752999844 0.00015583606046439146

1745465398
0.9446177847113885 0.051326053042121685 0.00015600624024960998

1745465399
0.9351503759398496 0.05905388471177945 0.0

1745465400
0.9057722308892355 0.08673946957878315 0.00046801872074883

1745465401
0.9037584525868847 0.09010850762698537 0.0

1745465402
0.9239775210739931 0.07524196066187949 0.0

1745465403
0.9485225505443234 0.05132192846034215 0.0

1745465404
0.9436575875486382 0.049182879377431904 0.0

1745465405
0.940225917791026 0.057420771885786 0.0

1745465406
0.94536631183469 0.05400751408891672 0.0

1745465407
0.9392472278619397 0.05762923629548649 0.0

1745465408
0.8864491844416562 0.058500627352572145 0.0

1745465409
0.90607992536153 0.07899238065619654 0.0

1745465410
0.9441925902766922 0.0558074097233078 0.0

1745465411
0.9504934983550055 0.04950650164499452 0.0

1745465412
0.9580857053487645 0.041914294651235535 0.0

1745465413
0.9575861531264619 0.04210198035240917 0.0

1745465414
0.9110386585933862 0.07452258965999069 0.0

1745465415
0.9266811955168119 0.07207347447073474 0.0

1745465417
0.9334381139489194 0.06278978388998036 0.0

1745465418
0.958152510849349 0.041537507749535026 0.0

1745465419
0.9531438935912938 0.04217049576783555 0.0

1745465420
0.9370059288537549 0.0579298418972332 0.0

1745465421
0.8981768145854833 0.08691663800022933 0.0

1745465423
0.9145450259311645 0.07967939651107968 0.0

1745465424
0.9109406792925341 0.054938174988261076 0.0

1745465425
0.903008461297399 0.07521153243497336 0.0

1745465426
0.9535930467173677 0.04469967406487661 0.0

1745465427
0.9337189307487885 0.06315460372049399 0.0

1745465428
0.9311854863934939 0.04926493587738505 0.0

1745465429
0.9057608015028178 0.08249843456480901 0.0

1745465430
0.95092693565976 0.04673625175260944 0.0

1745465431
0.9700046867676926 0.02983908764255585 0.0

1745465432
0.9397047397047397 0.05687645687645688 0.0001554001554001554

1745465433
0.94203125 0.0575 0.0003125

1745465434
0.915955766192733 0.07582938388625593 0.001263823064770932

1745465435
0.8593090511177114 0.10614350476785993 0.002970142254181648

1745465436
0.9163421093628291 0.08178844056706652 0.0006231500233681258

1745465437
0.9425395334272741 0.05636449037106623 0.0004697040864255519

1745465438
0.9484810523019104 0.05042279987472596 0.00015659254619480113

1745465439
0.9163009404388714 0.06802507836990596 0.0006269592476489029

1745465440
0.9321400778210117 0.06412451361867705 0.0

1745465441
0.9238275102297765 0.07034938621340887 0.0

1745465442
0.894827316768245 0.07876230661040788 0.0

1745465443
0.9304862842892768 0.06639650872817955 0.0

1745465444
0.9619181946403385 0.0380818053596615 0.0

1745465445
0.9582489484343356 0.041595264059822404 0.0

1745465446
0.9578585921648197 0.041985328546901825 0.0

1745465447
0.9100736330878897 0.07582641391195363 0.0

1745465448
0.8190836088804913 0.15257439773264053 0.0

1745465449
0.9028974158183242 0.08316366483946751 0.0

1745465450
0.9230769230769231 0.0632201806290875 0.0

1745465451
0.9596069868995634 0.04039301310043668 0.0

1745465452
0.9484877126654064 0.05103969754253308 0.0

1745465453
0.8835209505941213 0.10365853658536585 0.0

1745465454
0.8862818707961834 0.10104802127326763 0.0

1745465455
0.9014216528667396 0.08920481174816434 0.0

1745465456
0.9006529850746269 0.09421641791044776 0.0

1745465457
0.907735321528425 0.09210935073004038 0.0

1745465458
0.9227981723648968 0.07468095163069166 0.0

1745465459
0.8881424777378535 0.09904702390251523 0.0

1745465460
0.8863564916692864 0.1059415278214398 0.0

1745465461
0.8907929584047359 0.09222620345848263 0.00015578750584203146

1745465462
0.8922934076137419 0.0790776849272671 0.0

1745465463
0.8790220820189274 0.09905362776025237 0.0

1745465464
0.8949109815660942 0.0839766818969592 0.0

1745465465
0.8611458985597996 0.1041014402003757 0.0

1745465466
0.8602066374452098 0.126017532874139 0.0

1745465467
0.8835240633328107 0.089512462768459 0.0

1745465468
0.9092609915809168 0.0777985656376676 0.0

1745465469
0.8911479512042539 0.09993744135126681 0.0

1745465470
0.9085660789514745 0.08363239194882197 0.0

1745465471
0.9165231010180109 0.07799530148786217 0.0

1745465472
0.9012828535669587 0.08839173967459324 0.0

1745465473
0.9180866030952008 0.07722369860872284 0.0

1745465474
0.9210690840887777 0.07142857142857142 0.0

1745465475
0.910422448350293 0.08078939253777366 0.0

1745465476
0.9004220728466469 0.0952008754103486 0.0

1745465477
0.8952321204516939 0.09300501882057717 0.0

1745465478
0.8929829314548903 0.0968572202655107 0.0

1745465479
0.9038436981228452 0.0877282594815477 0.0

1745465480
0.8812392426850258 0.10705679862306368 0.0

1745465482
0.8897529160918098 0.1023454157782516 0.0

1745465483
0.8794182045667813 0.10697528933375039 0.0

1745465484
0.8855892466395748 0.09690528290090654 0.0

1745465485
0.9048215403882279 0.08594239198497182 0.0

1745465486
0.8980931541106596 0.08971553610503283 0.0

1745465487
0.8952306489444879 0.09601250977326035 0.0

1745465488
0.9125291828793775 0.07486381322957199 0.0

1745465489
0.9068049662109068 0.08376551940908376 0.0

1745465490
0.8941360437842064 0.09601250977326035 0.002501954652071931

1745465491
0.8738654147104852 0.11439749608763693 0.0032863849765258214

1745465492
0.8955107148443611 0.09275770373846394 0.0

1745465493
0.8951299206472694 0.09413412167418703 0.0

1745465494
0.8701053624783771 0.11401163704985061 0.0

1745465495
0.8662665435518621 0.12357648507232995 0.0

1745465496
0.8861968549796156 0.1015725101921957 0.0

1745465497
0.8852409180726554 0.10092719258245934 0.0

1745465499
0.9071302816901409 0.08318661971830986 0.0

1745465500
0.9149556048834628 0.0763041065482797 0.0

1745465501
0.9062131919905771 0.07876914016489989 0.0

1745465502
0.8924546023794615 0.09345648090169068 0.0

1745465503
0.8605851979345955 0.12189015803473635 0.0

1745465504
0.9253521126760563 0.06838810641627543 0.0

1745465505
0.9133969047991246 0.08269501328747851 0.0

1745465506
0.898876404494382 0.0852059925093633 0.0

1745465507
0.898217636022514 0.08692933083176986 0.00015634771732332708

1745465508
0.9091478696741855 0.08145363408521303 0.0

1745465509
0.910086004691165 0.08193901485535575 0.0

1745465510
0.9119762351469669 0.07895559724828018 0.0

1745465511
0.9022215269086358 0.08213391739674593 0.0

1745465512
0.8931978107896794 0.09257232212666146 0.0

1745465513
0.8944817883382836 0.09301234953884634 0.0

1745465514
0.8643058602319023 0.1214352867439674 0.0

1745465515
0.8794182045667813 0.10634970284641852 0.0

1745465516
0.887828535669587 0.10043804755944931 0.0

1745465517
0.9019699812382739 0.08364602876797998 0.0

1745465518
0.8858840081288104 0.10129748319524777 0.0

1745465519
0.8815625 0.1053125 0.0

1745465520
0.902766921994685 0.08457089260590903 0.0

1745465521
0.9325614144891253 0.0641527147551244 0.0

1745465522
0.9241239048811014 0.07118272841051314 0.0

1745465523
0.9256946612550734 0.07274430221667187 0.0

1745465524
0.8393188854489164 0.14736842105263157 0.002476780185758514

1745465525
0.8697050938337801 0.11796246648793565 0.0025022341376228774

1745465527
0.8698022312373225 0.11878803245436105 0.0046906693711967545

1745465528
0.8477784730913642 0.12922403003754693 0.00344180225281602

1745465529
0.7959855731535205 0.1808060216402697 0.0026658303277403168

1745465530
0.7960339943342776 0.1794145420207743 0.0011016682404784387

1745465531
0.80880959898958 0.1664035364698453 0.00015787811809283233

1745465532
0.7931900203985565 0.1777812647104974 0.005178095088655264

1745465533
0.8128719072972127 0.16316943313498278 0.0015659254619480112

1745465534
0.846583850931677 0.14813664596273293 0.0

1745465535
0.9200249921899406 0.07622617931896282 0.0

1745465536
0.8444514701233007 0.11824217515017389 0.0

1745465537
0.9040538425418688 0.07778995147910471 0.0

1745465538
0.9048136645962733 0.07795031055900621 0.0

1745465539
0.8785725564503395 0.09521553765987684 0.0

1745465540
0.8359705467648442 0.14099953000156668 0.0

1745465541
0.8259846226267065 0.1471834300957163 0.0

1745465542
0.8498823529411764 0.12737254901960784 0.0

1745465543
0.8860184750273994 0.0914357288241741 0.0

1745465544
0.8593994369721614 0.12668126368470442 0.0

1745465545
0.8913043478260869 0.09227400688145136 0.0

1745465546
0.8874804381846635 0.09327073552425665 0.0

1745465547
0.9196567862714509 0.07457098283931357 0.0

1745465548
0.9303599374021909 0.06322378716744914 0.0

1745465549
0.924749687108886 0.07118272841051314 0.0

1745465550
0.9000466345406498 0.08938286957873465 0.0

1745465551
0.9193269381978298 0.07170938826859569 0.0

1745465552
0.9003753518923991 0.09180481701595246 0.0

1745465553
0.9165625 0.07640625 0.0

1745465554
0.8850790668545483 0.10082981055268514 0.0

1745465555
0.8817641538942759 0.11104160150140757 0.0

1745465556
0.9181917722508994 0.07758485843891756 0.0

1745465557
0.8744083307036921 0.11486273272325655 0.0

1745465558
0.8632518796992481 0.11889097744360902 0.0017230576441102756

1745465559
0.8593506088042461 0.12753668435841398 0.00015610365282547612

1745465560
0.8966165413533834 0.09633458646616541 0.0009398496240601503

1745465561
0.9364532790734075 0.06010330255125998 0.0

1745465562
0.9139684029407165 0.07508212106992022 0.0

1745465563
0.9276901452444167 0.06715602061533656 0.0

1745465564
0.8839498333068742 0.10287347197967932 0.0

1745465565
0.9122012185596 0.07530073426027183 0.0

1745465566
0.9490574855896557 0.0504751518928182 0.0

1745465567
0.9380709088094132 0.059142282087010375 0.0

1745465569
0.9353296229521048 0.06082934859292937 0.0

1745465570
0.9473357153953705 0.0518875252446792 0.0

1745465571
0.9284109776345346 0.06485008301591952 0.0

1745465572
0.8882442748091604 0.08977099236641221 0.0

1745465573
0.8685843203609701 0.11717428087986463 0.0

1745465575
0.863056528264132 0.12031015507753877 0.0001250625312656328

1745465576
0.9202127659574468 0.07384230287859825 0.00015644555694618273

1745465577
0.9387786974855536 0.05716070591910042 0.0

1745465578
0.9443315089913995 0.0511336982017201 0.0

1745465579
0.9471544715447154 0.0508130081300813 0.0

1745465580
0.9344005021971123 0.0532015065913371 0.00015693659761456373

1745465581
0.9334790755777639 0.058557151780137415 0.0

1745465582
0.9116497263487099 0.07302580140734949 0.0001563721657544957

1745465583
0.9174886488179114 0.06716768435885392 0.0

1745465584
0.947221359826141 0.05076063334368209 0.0

1745465585
0.9476990733469451 0.051044447934663104 0.0

1745465586
0.9429556495847046 0.05453690644099671 0.0

1745465587
0.9271928448140593 0.07155185940687274 0.0

1745465588
0.8979785217940619 0.08986102337334176 0.0003158559696778269

1745465589
0.8850882723833543 0.09867591424968473 0.00031525851197982345

1745465590
0.8468397997496871 0.13438673341677096 0.002816020025031289

1745465591
0.8554877094097385 0.1349616408329419 0.0006262721152340692

1745465592
0.8776404318572993 0.10999843529964012 0.004224690971678924

1745465593
0.9146341463414634 0.07817385866166354 0.00375234521575985

1745465594
0.9568899153194765 0.042802155504234024 0.00015396458814472672

1745465595
0.9511812669872465 0.04798243780054359 0.0

1745465596
0.9208400646203554 0.06652959318548979 0.000146864444118079

1745465597
0.9277468423197066 0.06342523427950564 0.0004074426184978949

1745465599
0.9252782193958664 0.07019689372630548 0.00012229423994129877

1745465600
0.6396883447288917 0.3584035617745269 0.0001590077913817777

1745465601
0.8177262762292515 0.1799248355778265 0.00031318509238960227

1745465602
0.8022116903633492 0.19494470774091627 0.0

1745465603
0.8313762329732268 0.16533583842179428 0.0001565680288085173

1745465604
0.9115486794811689 0.08548210657915299 0.0001562744178777934

1745465605
0.9329582747304266 0.06547898109079543 0.0

1745465606
0.9168738346799254 0.08095090118085768 0.0006215040397762585

1745465607
0.916887572119133 0.07999376266957742 0.0003118665211289568

1745465608
0.9275180420458111 0.06401004079071226 0.0009413241292751804

1745465609
0.9149905719673161 0.0812382149591452 0.0006285355122564425

1745465610
0.9120965214666249 0.08147916013788781 0.0007834534628643058

1745465611
0.9170046801872075 0.07316692667706708 0.0020280811232449296

1745465612
0.9381281407035176 0.05778894472361809 0.002041457286432161

1745465613
0.9297752808988764 0.056491885143570536 0.0024968789013732834

1745465614
0.8961059435598298 0.07441273845183667 0.0

1745465615
0.8907865872767158 0.089157004073958 0.00015669069257286117

1745465616
0.906856606136506 0.07686286787726988 0.0

1745465617
0.9607689903094717 0.038293216630196934 0.0

1745465618
0.963125 0.03671875 0.0

1745465619
0.9728676126617808 0.026976454077654765 0.0

1745465620
0.9580397682793174 0.04180366369187412 0.0

1745465621
0.9589447393068998 0.04074305338744927 0.0

1745465622
0.9574468085106383 0.041614518147684604 0.0

1745465623
0.9500156201187129 0.04764136207435177 0.0

1745465624
0.9294891883422125 0.05515512378564713 0.0

1745465625
0.9310722100656456 0.06439512347608628 0.00015629884338855892

1745465626
0.9301125703564728 0.06347717323327079 0.0

1745465627
0.9418912603209223 0.05670665212649945 0.0

1745465628
0.924006908462867 0.06625843931543414 0.0

1745465629
0.9076223337515684 0.07355708908406525 0.0

1745465630
0.9132069559768135 0.0750430831897227 0.0

1745465631
0.9376659896891111 0.059365724105608496 0.0

1745465632
0.9562461348175634 0.04236239950525665 0.0

1745465634
0.915251572327044 0.07004716981132075 7.861635220125786e-05

1745465635
0.8755688058998902 0.10418954966263926 0.0

1745465636
0.8653936453279073 0.11206761621537016 0.00015651901706057285

1745465637
0.8711848489591485 0.10987634997652215 0.0

1745465638
0.8949264015032884 0.08769182586908864 0.0

1745465639
0.9053652432347881 0.07430001564210856 0.0

1745465640
0.8701298701298701 0.10373963386011578 0.00015647003598810827

1745465641
0.9185973700688791 0.07341891045710708 0.0

1745465642
0.9328439793846635 0.06278307043573325 0.0

1745465643
0.9433103015075377 0.050094221105527637 0.0

1745465644
0.9620193810565801 0.037199124726477024 0.0

1745465645
0.9520012507817386 0.046747967479674794 0.0

1745465646
0.9285379202501954 0.05879593432369038 0.0

1745465647
0.9060003133322889 0.08083973053423155 0.0

1745465648
0.935899425733354 0.06363495266180351 0.0

1745465649
0.952998126171143 0.046064959400374764 0.0

1745465650
0.9548084440969508 0.04253322908522283 0.0

1745465651
0.9242685025817556 0.06258801439524331 0.0

1745465652
0.9029049573729081 0.08383328070729397 0.0

1745465653
0.9463923952002493 0.05329593267882188 0.0

1745465654
0.9534044556008786 0.04628176968936304 0.0

1745465655
0.9700138397662618 0.0296786098723666 0.0

1745465657
0.9686028257456829 0.031004709576138146 0.0

1745465658
0.9505460218408737 0.0453978159126365 0.0

1745465659
0.923040380047506 0.0655581947743468 0.0

1745465660
0.8952262864228147 0.07827030378177309 0.00015499070055796651

1745465661
0.9498269896193772 0.04844290657439446 0.0

1745465662
0.96078125 0.03890625 0.0

1745465663
0.9697111631537861 0.029820452771272443 0.0

1745465664
0.9464594127806563 0.047417176950855705 0.0

1745465665
0.9400281118225832 0.045603623301577384 0.00015617679212868969

1745465666
0.9080351537978657 0.06952291274325173 0.00015693659761456373

1745465667
0.8934967012252591 0.09205152371976123 0.00015708451146716933

1745465668
0.9134314339386349 0.06449592986850344 0.00015654351909830932

1745465669
0.961622125543816 0.03791174642635177 0.0

1745465670
0.975777465228942 0.023284888263791218 0.0

1745465671
0.9714285714285714 0.027001569858712715 0.0

1745465672
0.9628351889603262 0.03057864199466834 0.0

1745465673
0.8972065285624607 0.07768361581920905 0.0

1745465674
0.8621392722710163 0.10116060225846926 0.00047051442910915934

1745465675
0.855531181447822 0.11422751488561579 0.0

1745465676
0.8237488343176873 0.14843021448554555 0.00031084861672365556

1745465677
0.8867507886435331 0.09290220820189274 0.0001577287066246057

1745465678
0.8268025078369906 0.15031347962382446 0.00015673981191222572

1745465679
0.7586535408066053 0.20562083201016196 0.00015878056525881233

1745465680
0.752003771805752 0.19691969196919692 0.0003143171460003143

1745465681
0.7574241950609566 0.19693654266958424 0.00031259768677711783

1745465682
0.7445266971176563 0.22129469207749253 0.00031501023783272954

1745465683
0.7974980453479281 0.17920250195465207 0.0001563721657544957

1745465684
0.7544712896140571 0.18418575462817696 0.00015688735487919673

1745465685
0.8223159868729489 0.1373652133145804 0.0

1745465686
0.8581293157564344 0.12131198995605776 0.00015693659761456373

1745465687
0.8078972109056722 0.11172046380445001 0.0

1745465688
0.4050156739811912 0.18072100313479625 0.0004702194357366771

1745465689
0.7309996846420688 0.19631031220435194 0.000315357931251971

1745465690
0.8559664387818521 0.11591050341827222 0.0

1745465691
0.8387096774193549 0.13341684935797057 0.0

1745465692
0.8464179803340097 0.13001404713594505 0.00046823786483533636

1745465693
0.8464072795732664 0.10919359899592093 0.0004706620646375902

1745465694
0.47352710133542814 0.09489395129615083 0.00015710919088766692

1745465695
0.5908449600250824 0.11255682708888541 0.00015676438313215238

1745465696
0.7861842105263158 0.11732456140350878 0.00015664160401002505

1745465697
0.8317420566598842 0.093441853185162 0.00015651901706057285

1745465698
0.9036446112936024 0.06866885656186454 0.0

1745465699
0.887412040656763 0.090852228303362 0.0

1745465700
0.8893577121425222 0.08641975308641975 0.0001562744178777934

1745465701
0.8020702634880803 0.08265370138017566 0.0

1745465702
0.8363323423564387 0.06931622594273197 0.00015647003598810827

1745465703
0.8844236760124611 0.09501557632398754 0.00015576323987538941

1745465704
0.8530612244897959 0.1205651491365777 0.0003139717425431711

1745465705
0.8611502899232095 0.10656636890769472 0.0

1745465706
0.8600719987478479 0.07653779934262013 0.00015651901706057285

1745465707
0.7422890245811805 0.10521371535932363 0.0

1745465708
0.7450980392156863 0.14133333333333334 0.00015686274509803922

1745465709
0.4222781623662681 0.12035871617369415 0.0

1745465710
0.3346938775510204 0.11491365777080063 0.0003139717425431711

1745465711
0.36717267552182165 0.11559139784946236 0.0006325110689437065

1745465712
0.596612296110414 0.2150250941028858 0.00015683814303638644

1745465713
0.4499607227022781 0.10761979575805185 0.00015710919088766692

1745465714
0.47897049591964846 0.10342121782799749 0.00015693659761456373

1745465715
0.7190535882168599 0.11767471012221874 0.00015669069257286117

1745465716
0.4098051539912005 0.08485229415461974 0.0

1745465717
0.24721393815727516 0.07078951498979752 0.0

1745465718
0.2652037617554859 0.07774294670846395 0.00015673981191222572

1745465719
0.8324205914567361 0.14974182444061962 0.00015647003598810827

1745465720
0.9263680049604712 0.07332196558673074 0.0

1745465721
0.9223316143147366 0.07766838568526332 0.0

1745465722
0.9345517025929397 0.06529209621993128 0.0

1745465723
0.9282027217268888 0.07179727827311122 0.0

1745465724
0.9164332399626517 0.08341114223467165 0.0

1745465725
0.9334275396451562 0.06657246035484378 0.0

1745465726
0.9330232558139535 0.06682170542635658 0.0

1745465727
0.8848719937936385 0.11512800620636152 0.0

1745465728
0.9195022054190296 0.08049779458097038 0.0

1745465729
0.9309012212088422 0.06909877879115783 0.0

1745465731
0.9414826498422713 0.05843848580441641 0.0

1745465732
0.917020273455917 0.0737073707370737 0.0

1745465733
0.8044471519951264 0.1114833993298812 0.00015229972586049346

1745465735
0.8216093559085356 0.14278233548612324 8.727526618956188e-05

1745465736
0.7862687366167024 0.173982869379015 0.00013383297644539615

1745465737
0.7894819220535295 0.16653623415244953 0.0006260760682422914

1745465738
0.768818052706328 0.18841723212876754 0.0007890168849613382

1745465739
0.6691164972634871 0.2326817826426896 0.0001563721657544957

1745465740
0.5824107282083268 0.11398721347263371 0.018400124746608452

1745465741
0.8444091990483743 0.11990483743061063 0.0044409199048374304

1745465742
0.7218270902481428 0.19598545914335389 0.004267425320056899

1745465743
0.5756671899529042 0.082574568288854 0.0026687598116169543

1745465744
0.3593947036569987 0.11365069356872635 0.0026796973518284995

1745465745
0.4029286726499764 0.11903637222484648 0.008187686978428595

1745465746
0.2401760452687834 0.08487896887771142 0.033951587551084565

1745465747
0.25608798114689707 0.09363707776904949 0.0007855459544383347

1745465748
0.6385712047626508 0.1361428795237349 0.0007833307222309259

1745465749
0.8380655226209048 0.13978159126365056 0.0

1745465750
0.8626168224299066 0.13738317757009347 0.0

1745465751
0.9173308329426473 0.08188779496796375 0.0001562744178777934

1745465752
0.9124236252545825 0.08428638571204762 0.0

1745465753
0.9355690110231331 0.06303369042074213 0.0

1745465754
0.8935105551211884 0.10132916340891321 0.0

1745465755
0.9316387748658036 0.06725607830754657 0.0

1745465756
0.8943694741740345 0.10345897316581355 0.0

1745465757
0.8857457174288857 0.09398082665409398 0.0

1745465758
0.6048973143759874 0.09020537124802527 0.000631911532385466

1745465759
0.843705910017244 0.1092647750431102 0.0

1745465760
0.8816179915664533 0.09651725753553023 0.00015617679212868969

1745465761
0.8820673453406421 0.08316366483946751 0.0

1745465762
0.8124120681569486 0.14084727215882445 0.0010942629357511334

1745465763
0.8607137242571923 0.10705863857883981 0.00015720798616569723

1745465764
0.8709879442617817 0.10129951463911069 0.0001565680288085173

1745465765
0.8843686434047879 0.09153497105304334 0.00015647003598810827

1745465766
0.8792051322171804 0.09356908152088875 0.00015647003598810827

1745465767
0.8649452269170579 0.10672926447574335 0.0010954616588419405

1745465768
0.8295419133686507 0.10626363353069491 0.0

1745465769
0.8017391304347826 0.11525691699604743 0.00015810276679841898

1745465770
0.64487743557511 0.11580766813324953 0.00015713387806411063

1745465771
0.7776907410308632 0.13379288735704215 0.0

1745465772
0.8167711598746081 0.06363636363636363 0.00015673981191222572

1745465773
0.7150259067357513 0.11854294237713926 0.0001570105197048202

1745465774
0.8304047693755884 0.1349231251961092 0.00031377470975839345

1745465775
0.789151904687255 0.11349741338767833 0.0

1745465776
0.8246631150109683 0.1380445001566907 0.00015669069257286117

1745465777
0.7038606403013182 0.17200251098556182 0.002824858757062147

1745465778
0.5061282212445003 0.09475172847265871 0.0

1745465779
0.4676224988183394 0.13628485898849851 0.000787773751378604

1745465780
0.4014162077104642 0.1038552321007081 0.0007867820613690008

1745465781
0.6071541128269776 0.10573589662779703 0.0004727387330601954

1745465782
0.4293785310734463 0.07768361581920905 0.0009416195856873823

1745465783
0.8384976525821596 0.11549295774647887 0.0032863849765258214

1745465784
0.8420804525455688 0.1316781898177247 0.0004714016341923319

1745465785
0.8671241422333126 0.1127573300062383 0.00031191515907673113

1745465786
0.8268015170670038 0.15012642225031606 0.00015802781289506955

1745465787
0.7860573199070487 0.18652207591014716 0.00015491866769945777

1745465788
0.8238057948316366 0.15019577133907597 0.0009397024275646045

1745465789
0.8139315971132727 0.1542202698462504 0.0006275494195167869

1745465790
0.784796238244514 0.17225705329153604 0.0

1745465791
0.7248627450980392 0.15184313725490195 0.00015686274509803922

1745465792
0.8003453147072673 0.1641814471825459 0.0001569612305760477

1745465793
0.6809246736908319 0.25428526497877024 0.0003145148608271741

1745465794
0.6474207288215806 0.31030130935478784 0.0

1745465795
0.5439647021745981 0.2973526630948629 0.0006303183107469272

1745465796
0.43386160364035775 0.10575866938647419 0.00015691197238349287

1745465797
0.43838638512448785 0.11660888748818153 0.0001575795776867318

1745465798
0.5695270905104917 0.138584403382399 0.0004697776385844034

1745465799
0.8267876701611642 0.1533406352683461 0.00015647003598810827

1745465800
0.7967377666248432 0.1783249686323714 0.0

1745465801
0.68193943197866 0.15722579632825984 0.00015691197238349287

1745465802
0.7825270079849694 0.15985595741349617 0.0

1745465803
0.37252124645892354 0.09269751337740006 0.0006295247088448222

1745465804
0.30987693278636796 0.12922057431366363 0.0001577784790154623

1745465805
0.5721455457967378 0.19761606022584693 0.00015683814303638644

1745465806
0.8448141813092832 0.1550303218784015 0.0

1745465807
0.9034773117105879 0.09652268828941213 0.0

1745465809
0.8932945979899497 0.10670540201005026 0.0

1745465810
0.9162913495884454 0.08370865041155459 0.0

1745465811
0.9168094718803552 0.08303474061380277 0.0

1745465812
0.9352404904118202 0.06460232631248035 0.0

1745465813
0.9242730524024257 0.07526045716062821 0.0

1745465814
0.8274932614555256 0.1373491151998125 0.00023438415563107934

1745465815
0.8149273893954745 0.14882359563210626 0.00011257458065968704

1745465817
0.8325650928117603 0.13317553257755077 0.00012457954403886882

1745465818
0.760958688111006 0.09192683695994955 0.0

1745465819
0.5461417322834645 0.09370078740157481 0.0026771653543307085

1745465820
0.7042892924232936 0.13071383844708828 0.00015654351909830932

1745465821
0.5867677246170852 0.09963682299068372 0.0

1745465822
0.6059462010382256 0.0964291332389492 0.00047192071731949034

1745465823
0.45664830841856807 0.06719118804091266 0.0

1745465824
0.4446374980255884 0.09240246406570841 0.000157952930026852

1745465825
0.31708089282887447 0.08437549469684977 0.00031660598385309483

1745465826
0.3016342412451362 0.08389105058365759 0.0

1745465827
0.21466708542713567 0.07490577889447236 0.0

1745465828
0.3300455235204856 0.12230652503793626 0.0

1745465830
0.8184588244727768 0.1807393152112902 8.018603159329644e-05

1745465831
0.9134178800688899 0.08658211993111006 0.0

1745465832
0.9253079681896148 0.07469203181038515 0.0

1745465833
0.9318923962058778 0.06810760379412222 0.0

1745465834
0.9513768686073958 0.04862313139260425 0.0

1745465835
0.9474507350641226 0.05254926493587739 0.0

1745465836
0.960679970436068 0.03917220990391722 0.0

1745465837
0.9129679355552045 0.06665613647133155 0.000157952930026852

1745465838
0.8313654674260313 0.08987359355466037 0.00013890818169190166

1745465839
0.8911174785100286 0.07750034111065629 0.0

1745465840
0.8986904590588574 0.06605266944884156 0.0001439055979277594

1745465841
0.898186889818689 0.07701844103517744 0.0

1745465843
0.8638217447528102 0.08664080374017706 9.947279419078882e-05

1745465844
0.8938298199723035 0.06400984766887213 0.00015386982612709647

1745465845
0.824677036646454 0.12457157922488796 0.0

1745465846
0.7456862224581895 0.0832227236527741 0.0

1745465847
0.6681785967399008 0.07767540751240255 0.0

1745465849
0.7862361037586024 0.11148755955532028 0.00031762837480148225

1745465850
0.7528036645079766 0.0710788185120834 0.0

1745465851
0.686791247404568 0.09119948889953682 0.0

1745465852
0.6520222045995242 0.10578905630452022 0.00015860428231562253

1745465853
0.5722471736100356 0.1206442620411956 0.002323060244695679

1745465854
0.361554647852457 0.18517143210793416 0.00024755539051862855

1745465855
0.31021437578814626 0.15048339638503572 0.0004203446826397646

1745465857
0.47919352948071736 0.09412730043371234 0.00011721955222131051

1745465858
0.697942874056534 0.19727689803167087 0.0002959893443836022

1745465859
0.7290207389094905 0.12031314379892871 0.0

1745465860
0.44922415117529574 0.12966661545552313 0.0012290674450760486

1745465861
0.7941040283994444 0.10047846889952153 0.0004630344188918043

1745465862
0.5276420281001832 0.04566279780085522 0.0

1745465863
0.5750406624279166 0.059884666568091084 0.0002957267484844004

1745465864
0.4197905600242829 0.11701320382455607 0.0007588404917286386

1745465865
0.33860630028637667 0.13732442383744717 0.0013636983499249965

1745465866
0.447228311932352 0.501565925461948 0.0009395552771688068

1745465868
0.3684753455745822 0.5770579740045388 0.0007220961419434702

1745465869
0.3295742881308148 0.6072737524668734 0.0009867493656611221

1745465870
0.36028368794326243 0.5818754925137903 0.00031520882584712374

1745465871
0.7136075949367089 0.24066455696202532 0.0

1745465872
0.6560328490208465 0.20514845230574857 0.0006317119393556538

1745465873
0.5531713474282108 0.20195645313979174 0.0

1745465874
0.7683996241778891 0.112590040714062 0.00015659254619480113

1745465875
0.8821543655056008 0.10050636796071812 0.0

1745465876
0.8873303857295319 0.09925293489861259 0.0

1745465877
0.8938921087828801 0.0922871154703522 0.0

1745465878
0.8996670044882004 0.08310409729260171 0.0

1745465879
0.8823352844064235 0.10010505778177999 0.00015008254539996998

1745465880
0.8279524807826695 0.1538784067085954 0.0001397624039133473

1745465881
0.8739085392925855 0.10004439840165755 0.0

1745465882
0.8699851411589896 0.08707280832095096 0.0

1745465883
0.5239620878387399 0.08837271392337472 0.00013349352556401014

1745465884
0.37120515179392827 0.06761729530818768 0.0

1745465886
0.3299024194626387 0.06643496858708729 0.0

1745465887
0.22054752383881882 0.0370655183020609 0.0

1745465888
0.23130912419896246 0.0320415013732072 0.0

1745465889
0.5055021590750801 0.1142220364953336 0.0

1745465890
0.9119203236850296 0.08776844070961717 0.0

1745465891
0.9047767717764595 0.09522322822354043 0.0

1745465892
0.9322802627463247 0.06756334063184236 0.0

1745465893
0.9107783497114335 0.08922165028856653 0.0

1745465894
0.9252541047693511 0.07443315089913995 0.0

1745465895
0.9303521346213773 0.06964786537862262 0.0

1745465896
0.9313143927567905 0.06852950359038401 0.0

1745465897
0.945835942391985 0.05400751408891672 0.0

1745465898
0.939521800281294 0.06047819971870605 0.0

1745465899
0.8955270566155771 0.1044729433844229 0.0

1745465900
0.9220254737496116 0.07797452625038832 0.0

1745465901
0.9091051559316722 0.09073812881993418 0.0

1745465902
0.9282595134123518 0.07174048658764816 0.0

1745465903
0.9225947978690066 0.07740520213099342 0.0

1745465904
0.9424751243781094 0.05752487562189055 0.0

1745465905
0.951645928492676 0.04835407150732399 0.0

1745465906
0.95141065830721 0.048589341692789965 0.0

1745465907
0.9417430480037284 0.05763554450831133 0.0

1745465908
0.9232587456665616 0.06697132051686101 0.0

1745465909
0.8475054910574208 0.06620646375902102 0.0

1745465910
0.7523584905660378 0.064937106918239 0.0

1745465911
0.733063385765457 0.1027877277682604 0.0

1745465912
0.8034499129609115 0.09131191644247508 0.0001582528881152081

1745465913
0.5803940260565618 0.06974896727041627 0.00031776294884016526

1745465914
0.39590176755826684 0.112466760519318 0.00015642108556233381

1745465915
0.3814909206753743 0.17266645428480407 0.0

1745465916
0.5219597272871412 0.10020612018392262 0.0

1745465917
0.3593354430379747 0.15522151898734177 0.00015822784810126583

1745465918
0.44395256916996045 0.19162055335968378 0.0

1745465919
0.5244402396720278 0.21444339325134026 0.0001576789656259855

1745465920
0.5207911540258526 0.17364896433577323 0.0

1745465921
0.33377049180327867 0.14518032786885246 0.00013114754098360657

1745465922
0.28759086851166943 0.0990945032521362 0.0

1745465924
0.5561809250920999 0.13589848546868605 0.00010233319688907081

1745465925
0.863193692997372 0.1368063070026279 0.0

1745465926
0.832731270614104 0.16711166954609707 0.0

1745465927
0.8429790535298681 0.15655546935609 0.0

1745465928
0.8581995593327038 0.14132829713566258 0.0

1745465929
0.8000941471834301 0.19912129295465245 0.0

1745465930
0.8175422138836773 0.1805816135084428 0.0

1745465931
0.7812158149710893 0.13908423191123612 0.0

1745465932
0.7252678987420407 0.16477713930734586 0.0

1745465933
0.5490009514747859 0.18379321281319377 0.0

1745465934
0.6696825396825397 0.14603174603174604 0.00015873015873015873

1745465935
0.5834261173850803 0.11897566406871322 0.0

1745465936
0.4859798361688721 0.16068052930056712 0.0023629489603024575

1745465937
0.6331705780437864 0.21830209481808158 0.0

1745465938
0.774863387978142 0.21155347384855583 0.0

1745465939
0.6056762327572538 0.19296020294910418 0.00015855398763278897

1745465940
0.3261007285397529 0.12353500158378207 0.0

1745465941
0.6213592233009708 0.17691477885652643 0.0

1745465942
0.6758198650557038 0.16271771536168209 0.0

1745465943
0.4336906584992343 0.08192955589586524 0.0

1745465944
0.28972252363974577 0.08355293752906526 0.0

1745465945
0.35475352112676056 0.13682092555331993 0.00012575452716297788

1745465946
0.5687732342007435 0.13219330855018588 0.0005947955390334573

1745465947
0.35766423357664234 0.09282467979617133 0.0

1745465948
0.3661256175017643 0.07776993648553282 0.0

1745465950
0.6823460410557185 0.09994134897360704 0.0

1745465951
0.9151750972762646 0.08482490272373541 0.0

1745465952
0.9148343140291112 0.08516568597088882 0.0

1745465953
0.9211020663744521 0.07842830306825298 0.0

1745465954
0.9460975229786571 0.05390247702134289 0.0

1745465955
0.9508041627246925 0.048880479344055504 0.0

1745465956
0.8736093943139679 0.05886897404202719 0.000927070457354759

1745465957
0.8668122270742358 0.09217092950717405 0.0

1745465958
0.7362453753431197 0.10502446592672157 0.0

1745465959
0.5929046563192905 0.14368070953436807 0.0

1745465961
0.7960642040457344 0.08959982409850484 0.00010993843447669306

1745465962
0.7867413349477826 0.04782806114726805 0.0

1745465963
0.71128165771297 0.07214121258633922 0.0

1745465964
0.851778093883357 0.10625889046941679 0.0001422475106685633

1745465965
0.9115294117647059 0.08768627450980392 0.0

1745465966
0.9352886405959032 0.06378026070763501 0.0

1745465967
0.947500391788121 0.05234289296348535 0.0

1745465968
0.9469744229569557 0.052557704304429194 0.0

1745465969
0.9333130791432478 0.06319307306699073 0.0

1745465970
0.921644685802948 0.06113266097750194 0.0

1745465971
0.8624181795726812 0.08731628998394467 0.0

1745465973
0.7673637042569081 0.14432412247946227 0.0

1745465974
0.7928883343730505 0.16952588895820336 0.0

1745465975
0.8943165805542508 0.10568341944574917 0.0

1745465976
0.9321875 0.06765625 0.0

1745465977
0.8993267574761233 0.10067324252387662 0.0

1745465978
0.902583255524432 0.097416744475568 0.0

1745465979
0.9263947491795593 0.0734489764025629 0.0

1745465980
0.9134413441344135 0.08340834083408341 0.0

1745465981
0.8806532663316583 0.06721105527638191 0.0

1745465982
0.6416045363855928 0.1298960411634989 0.0

1745465984
0.5320566194837635 0.20804091828238372 0.0

1745465985
0.3922476135377495 0.15244431588082152 0.0

1745465986
0.24930534115467737 0.11855510960172892 0.0

1745465987
0.4227214786488209 0.1477055449330784 0.0

1745465988
0.3115038661827363 0.05002367050654884 0.0

1745465989
0.39883666090237385 0.05753812293664518 0.0

1745465990
0.629311715148625 0.15466539500874266 0.0

1745465991
0.6646902792947418 0.10922140739584958 0.0

1745465992
0.9190742466604536 0.0807704255980118 0.0

1745465993
0.9210897134805073 0.07891028651949272 0.0

1745465994
0.9369060601339773 0.06200342732512853 0.0

1745465995
0.9407616361071932 0.0590816486444131 0.0

1745465996
0.9354585427135679 0.06438442211055276 0.0

1745465997
0.9504054897067997 0.049282595134123516 0.0

1745465998
0.9515549304578841 0.04813252070636037 0.0

1745465999
0.9357554966474348 0.06393263683143614 0.0

1745466000
0.9420470478267643 0.05779716466739367 0.0

1745466001
0.9359899592092877 0.06385315343583307 0.0

1745466002
0.9324176681754331 0.06742625253628844 0.0

1745466003
0.9308352849336455 0.06916471506635441 0.0

1745466004
0.940680611926319 0.05885107711520449 0.0

1745466005
0.9263174257733562 0.07352712575781128 0.0

1745466006
0.9426591052299937 0.05718336483931947 0.0

1745466007
0.9430627248553105 0.05568590646019084 0.0

1745466008
0.9273656496825151 0.07216973826854577 0.0

1745466009
0.9509356817109609 0.04890706085862557 0.0

1745466010
0.9065596979707409 0.0924964605946201 0.0

1745466011
0.8372238759204136 0.11483628387905373 0.0

1745466012
0.759541385267787 0.14904978796921628 0.0

1745466013
0.6302174258054277 0.1402951912394858 0.0

1745466014
0.7302158273381295 0.098999061620269 0.0

1745466015
0.9121808674254076 0.08766533374346355 0.0

1745466017
0.9176165395802217 0.08206901973115321 0.0

1745466018
0.9307474874371859 0.06878140703517588 0.0

1745466019
0.9135898231461371 0.0862550418864412 0.0

1745466020
0.9182782283218964 0.08140985651902682 0.0

1745466021
0.9251286850725315 0.07455935111527062 0.0

1745466022
0.9254130605822187 0.07458693941778127 0.0

1745466023
0.9288482405828554 0.07022167105875059 0.0

1745466024
0.9171523074499921 0.06504961411245866 0.0

1745466025
0.877157201129589 0.07122685911515532 0.0

1745466026
0.8521026933375335 0.0831627027878406 0.0

1745466027
0.7003467843631778 0.21264186633039092 0.0

1745466028
0.5622932745314223 0.1108836037171208 0.0

1745466029
0.7881727158948686 0.10794743429286609 0.0

1745466030
0.8793103448275862 0.1206896551724138 0.0

1745466031
0.8940625 0.10578125 0.0

1745466032
0.91203125 0.08796875 0.0

1745466033
0.8974559076010613 0.10238801311066022 0.0

1745466034
0.9242872721607727 0.0752453653217012 0.0

1745466035
0.909261576971214 0.09042553191489362 0.0

1745466036
0.9163415014827533 0.0827220227875761 0.0

1745466037
0.9317294172785502 0.06811435713169817 0.0

1745466038
0.9280137414116177 0.07167395377888819 0.0

1745466039
0.9168094718803552 0.08303474061380277 0.0

1745466040
0.9261998426435877 0.07364280094413847 0.0

1745466041
0.936203158872716 0.06379684112728398 0.0

1745466042
0.9266270337922403 0.07321652065081352 0.0

1745466043
0.9433192023865599 0.05652378709373528 0.0

1745466044
0.909487951807229 0.07424698795180723 0.00015060240963855423

1745466045
0.8932884879987769 0.07506497477449932 0.0

1745466046
0.7987089201877934 0.13615023474178403 0.00029342723004694836

1745466047
0.7928066400245927 0.14048570550261297 0.0

1745466048
0.7334055811433215 0.1720400975345435 0.000270929287455974

1745466050
0.9007144845504315 0.09928551544956853 0.0

1745466051
0.8979147214441332 0.10177404295051354 0.0

1745466052
0.9085346721054283 0.0913084405396925 0.0

1745466053
0.9368916797488226 0.06295133437990581 0.0

1745466054
0.926576717916536 0.06824599937245059 0.0

1745466055
0.9075774078107982 0.06955033452621752 0.00015559358954411078

1745466056
0.8819455375413191 0.08452699512041555 0.00031481189988981584

1745466057
0.895 0.06859375 0.0

1745466058
0.866469765272812 0.07881237369811907 0.000155448468832582

1745466059
0.8945476333133613 0.07908927501497903 0.0

1745466060
0.8290322580645161 0.11797235023041475 0.00015360983102918587

1745466061
0.8830223031406463 0.08602639963586708 0.0

1745466062
0.8735220908525202 0.10174237710018669 0.00031113876789047915

1745466063
0.8245332014344009 0.13960677630765425 0.00024731049833065413

1745466064
0.8403338718362952 0.13395261173936457 0.0

1745466065
0.829167774528051 0.1381281574049455 0.0

1745466066
0.8352140980058742 0.13185963827484928 0.0

1745466068
0.8221715588486749 0.14576802507836992 0.00014249073810202338

1745466069
0.8159090909090909 0.14954545454545454 0.0

1745466070
0.8262553603541292 0.14331166136395077 0.00013833171946327292

1745466071
0.7830615942028986 0.17995169082125603 0.0

1745466072
0.7756000880863246 0.1812376128606034 0.0

1745466073
0.7582213987957388 0.13818125675467038 0.0004631773969430292

1745466075
0.6734927353849673 0.09609884452579796 0.00022880677268047135

1745466076
0.5637713029136888 0.11214953271028037 0.00013743815283122595

1745466077
0.5689763779527559 0.07543307086614173 0.00015748031496062991

1745466078
0.35900660169757936 0.054228230116315626 0.0

1745466079
0.834593426940287 0.14025613331276038 0.0

1745466080
0.905415951303262 0.09458404869673795 0.0

1745466081
0.9112120263075477 0.08878797369245224 0.0

1745466082
0.9293214229744554 0.07067857702554459 0.0

1745466083
0.8977077810697022 0.10229221893029783 0.0

1745466084
0.8932206043525912 0.10677939564740879 0.0

1745466085
0.8873986275733 0.11260137242669994 0.0

1745466086
0.8675434476279944 0.13245655237200563 0.0

1745466087
0.9057959693797845 0.09404780503046399 0.0

1745466088
0.8803885853066181 0.11612021857923498 0.0

1745466089
0.8118552732871439 0.1527328714395689 0.0

1745466090
0.7795383144379183 0.17483950280016392 0.0002731867231252561

1745466092
0.7324373854612095 0.20996596561654596 0.0

1745466093
0.769496855345912 0.15676100628930817 0.0

1745466094
0.6991304347826087 0.14102766798418973 0.00015810276679841898

1745466095
0.5873470036560166 0.1109521538706088 0.0

1745466096
0.33496062992125986 0.07149606299212598 0.0

1745466097
0.3331761747603332 0.06427785635706428 0.00015715857300015716

1745466098
0.3290118577075099 0.1075098814229249 0.0020553359683794467

1745466099
0.3002200565859793 0.1625275070732474 0.0006287331027978623

1745466100
0.379445492814632 0.16330381768035998 0.0007257947452460444

1745466101
0.5560545060390214 0.12124496748219263 0.0001548467017652524

1745466102
0.3537764350453172 0.10845921450151057 0.0006042296072507553

1745466104
0.5675029868578255 0.144905273937532 0.0

1745466105
0.8528593508500772 0.14683153013910355 0.0

1745466106
0.8390297684674752 0.1606552212946921 0.0

1745466107
0.833616823875058 0.16561002010205658 0.0

1745466109
0.8175182481751825 0.18161839730005494 0.0

1745466110
0.6571249804473643 0.2523072110120444 0.00015642108556233381

1745466111
0.2744252873563218 0.22557471264367815 0.0

1745466112
0.23065970574276223 0.13510520487264674 0.0

1745466113
0.23402568574599653 0.12462343427937213 0.0

1745466114
0.280929056723021 0.07900142202559646 0.0

1745466115
0.32276884263639233 0.0684326710816777 0.000315357931251971

1745466116
0.20918125887363936 0.06436346426881212 0.0003155071777882947

1745466117
0.4064912557113597 0.0696391996218686 0.00015755475027572083

1745466118
0.4931875792141952 0.1864702154626109 0.0

1745466119
0.49614355422634976 0.15992444514402646 0.00015740594994490792

1745466120
0.6885168961201502 0.2701814768460576 0.00015644555694618273

1745466121
0.664991361708811 0.30029841369561805 0.0

1745466122
0.6761070255046159 0.27554373337505866 0.00015647003598810827

1745466123
0.5939671509791535 0.3532849020846494 0.0

1745466124
0.5889870621647207 0.35342379299463555 0.0

1745466125
0.6414530586570215 0.31876081144834095 0.0

1745466126
0.5978709882427709 0.25738798856053385 0.0

1745466127
0.5941000157753589 0.3364884051112163 0.00015775358889414735

1745466128
0.5344225888324873 0.31265862944162437 0.0

1745466129
0.4889833175952156 0.14809568775574442 0.0

1745466130
0.3426984126984127 0.05619047619047619 0.00015873015873015873

1745466131
0.30270441246243873 0.10643681796615531 0.0

1745466132
0.21203031259867383 0.0933059677928639 0.0

1745466133
0.24516737388024518 0.1371994342291372 0.0

1745466134
0.8496287128712872 0.15037128712871287 0.0

1745466136
0.8626592667865238 0.13718439771750177 0.0

1745466137
0.82140625 0.1784375 0.0

1745466138
0.8278894472361809 0.1719535175879397 0.0

1745466139
0.8215903765036713 0.1782533979065771 0.0

1745466140
0.8200654307524536 0.1797787817417043 0.0

1745466141
0.8139389193422083 0.18590446358653093 0.0

1745466142
0.8930540242557883 0.10615845014962987 0.0

1745466143
0.7552491382011909 0.1505797555625196 0.00015669069257286117

1745466144
0.6022064617809298 0.12245862884160756 0.0

1745466145
0.43754934470235274 0.07610926890888994 0.0

1745466146
0.7634425458535821 0.12321680514187176 0.0

1745466147
0.8842808325566947 0.11556383970177074 0.0

1745466148
0.9184375 0.0815625 0.0

1745466149
0.9274231309505229 0.07242078976119869 0.0

1745466150
0.9253824539494224 0.07430533874492663 0.0

1745466151
0.9199252219971958 0.08007477800280417 0.0

1745466152
0.9336255479023169 0.06621790857858485 0.0

1745466153
0.937991816178785 0.06200818382121498 0.0

1745466154
0.912002487562189 0.08799751243781094 0.0

1745466155
0.9086231093092156 0.09122095743021987 0.0

1745466156
0.9047021943573668 0.09529780564263322 0.0

1745466157
0.913763474457116 0.08608029995313232 0.0

1745466158
0.910560175741409 0.08943982425859093 0.0

1745466159
0.9294298921417565 0.07057010785824346 0.0

1745466161
0.9480205735660848 0.0512001246882793 0.0

1745466162
0.939312311836476 0.06052923466962447 0.0

1745466163
0.9365507452093683 0.0631653655074521 0.0

1745466164
0.9319646693721652 0.0680353306278348 0.0

1745466166
0.9279677672955975 0.07163915094339622 0.0

1745466167
0.9456060367866688 0.05423675522716554 0.00015720798616569723

1745466168
0.9426722145168747 0.057019571582678376 0.0

1745466169
0.9558985667034179 0.043786423058749406 0.0

1745466170
0.93578125 0.0640625 0.0

1745466171
0.9250039142007203 0.07483951777047126 0.0

1745466172
0.9322771046908978 0.06725691208449829 0.0

1745466173
0.9394984326018809 0.05987460815047022 0.0

1745466174
0.9365029715358149 0.06334063184235221 0.0

1745466175
0.9403382398997808 0.05950516755402443 0.0

1745466176
0.9265483971366324 0.07267351384998444 0.0

1745466177
0.9326652051362355 0.06655183213279048 0.0

1745466178
0.9456165025785279 0.053289576496327554 0.0

1745466179
0.9462416002500391 0.052664478824816376 0.0

1745466180
0.9560301507537688 0.04334170854271357 0.0

1745466181
0.9536993586735492 0.045518535898639134 0.0

1745466182
0.946577887890988 0.05342211210901208 0.0

1745466183
0.9434467548834279 0.05655324511657215 0.0

1745466184
0.9384783969943644 0.061365059486537255 0.0

1745466185
0.9476456009913259 0.0523543990086741 0.0

1745466186
0.9390487917500385 0.060643373864860704 0.0

1745466187
0.9438356164383561 0.056059009483667016 0.0

1745466189
0.946383779264214 0.05351170568561873 0.0

1745466190
0.9344364658133 0.06540743053387449 0.0

1745466191
0.9345005471314679 0.06534312959199624 0.0

1745466192
0.9465530596436871 0.05313710302091402 0.0

1745466193
0.9488466970029813 0.05099639102463518 0.0

1745466194
0.9502893604392343 0.04971063956076569 0.0

1745466195
0.9472245782678352 0.052492696258599564 0.0

1745466197
0.9374240583232077 0.06257594167679223 0.0

1745466198
0.9396538281615469 0.060034305317324184 0.0

1745466199
0.9322884012539185 0.0670846394984326 0.0

1745466200
0.9359799152675349 0.0640200847324651 0.0

1745466201
0.9406937132239084 0.05930628677609167 0.0

1745466202
0.9392935982339956 0.06054872280037843 0.0

1745466203
0.9380886212752818 0.06191137872471823 0.0

1745466204
0.93588531821046 0.06379962192816635 0.0

1745466205
0.9329058492336566 0.06693775414451048 0.0

1745466206
0.943522110162917 0.05647788983708301 0.0

1745466207
0.937832759160664 0.06201064829314125 0.0

1745466208
0.9386888853953781 0.061311114604621915 0.0

1745466209
0.9408791545412774 0.05896768264665339 0.0

1745466210
0.9534619750283768 0.0461596670450246 0.0

1745466212
0.9438057250117315 0.055373064289066166 0.0

1745466213
0.9538557797591115 0.0453621148130768 0.0

1745466214
0.9470322480137093 0.05234460196292257 0.0

1745466215
0.9271875 0.0725 0.0

1745466216
0.9184375 0.08140625 0.0

1745466217
0.9083175803402647 0.09152488972904851 0.0

1745466218
0.932983323038913 0.06670784434836319 0.0

1745466219
0.93640625 0.06328125 0.0

1745466220
0.9252395162556935 0.07476048374430658 0.0

1745466221
0.9359975023415548 0.0633780830471433 0.0

1745466222
0.9417898832684825 0.0577431906614786 0.0

1745466223
0.9225 0.07671875 0.0

1745466224
0.9287843137254902 0.07105882352941177 0.0

1745466225
0.9197559831065227 0.07993117472235257 0.0

1745466226
0.8822703882738188 0.1177296117261812 0.0

1745466227
0.8742794827854806 0.12556472970867735 0.00015578750584203146

1745466228
0.9073492462311558 0.09249371859296482 0.0

1745466229
0.9173203639786633 0.08252274866645748 0.0

1745466230
0.9347014925373134 0.06514303482587065 0.0

1745466231
0.9454117647058824 0.054588235294117646 0.0

1745466232
0.9456859093730602 0.05431409062693979 0.0

1745466233
0.9438959410750666 0.05594734367653973 0.0

1745466234
0.933852140077821 0.06614785992217899 0.0

1745466235
0.9384375 0.06140625 0.0

1745466236
0.9385098039215686 0.0611764705882353 0.0

1745466237
0.9260796065775319 0.07392039342246812 0.0

1745466239
0.9447862438870485 0.05505600252405742 0.0

1745466240
0.9317968015051741 0.0674192536845406 0.0

1745466241
0.9355089355089355 0.06371406371406371 0.0

1745466242
0.9396672368216451 0.060021769553724146 0.0

1745466243
0.9323815500470662 0.0674615625980546 0.0

1745466244
0.9389978213507625 0.06069094304388422 0.0

1745466245
0.9402471453151885 0.059596433599249175 0.0

1745466246
0.9385316774092124 0.06115390661845622 0.0

1745466247
0.9479101684341859 0.0520898315658141 0.0

1745466248
0.9366812227074236 0.06316281971303805 0.0

1745466249
0.9363196503823943 0.06336819104104885 0.0

1745466250
0.9299513114496624 0.06989162871053871 0.0

1745466251
0.9398097614221114 0.05972243879619523 0.0

1745466252
0.9352416705771938 0.06444548725168153 0.0

1745466253
0.9469755870004665 0.05224692893795677 0.0

1745466254
0.94640625 0.0528125 0.0

1745466255
0.9387658973151202 0.06044905008635579 0.0

1745466256
0.9445225816533833 0.05500859509298328 0.0

1745466257
0.9352922788371366 0.06330103157236637 0.0

1745466258
0.9364658133000312 0.06306587574149235 0.0

1745466259
0.9311747223525731 0.06773033004849054 0.0

1745466260
0.91715701455559 0.08268813874264479 0.0

1745466261
0.9076172489770223 0.09206798866855524 0.0

1745466262
0.9066166119192868 0.09338338808071328 0.0

1745466263
0.93328125 0.06640625 0.0

1745466264
0.9342906196347744 0.06539722178866865 0.0

1745466265
0.9419677772563742 0.05803222274362584 0.0

1745466266
0.9457352253235615 0.05410884141587401 0.0

1745466267
0.9433903089226909 0.056452877528618474 0.0

1745466268
0.9390073128987085 0.06099268710129142 0.0

1745466269
0.9437920776577423 0.056051354313449195 0.0

1745466270
0.9016214530714063 0.09822263797942002 0.0

1745466271
0.9278177091298364 0.07187643370545956 0.0

1745466273
0.9278244335287593 0.07209633972429091 0.0

1745466274
0.8965996908809892 0.10324574961360124 0.0

1745466275
0.8991967238935266 0.10080327610647347 0.0

1745466276
0.9260012515644556 0.07399874843554444 0.0

1745466277
0.9263190758663753 0.07352482048079925 0.0

1745466278
0.9342803621604746 0.06540743053387449 0.0

1745466279
0.9444095477386935 0.05559045226130653 0.0

1745466280
0.9508810229221893 0.04896304381724622 0.0

1745466281
0.9360554699537751 0.06394453004622497 0.0

1745466283
0.9281586756208028 0.07168514758706857 0.0

1745466284
0.9304265701243507 0.0695734298756493 0.0

1745466285
0.9404015056461732 0.059441656210790464 0.0

1745466286
0.9420401854714064 0.05795981452859351 0.0

1745466287
0.9239232945614586 0.07607670543854134 0.0

1745466288
0.9305140701147618 0.06948592988523818 0.0

1745466289
0.9260304027581884 0.07381288199341796 0.0

1745466290
0.932626325639426 0.06737367436057393 0.0

1745466291
0.9238483234095894 0.07599498589783767 0.0

1745466292
0.8904066572460355 0.10943633223425969 0.0001570105197048202

1745466293
0.9129551492420691 0.08641975308641975 0.0

1745466294
0.9204097714736013 0.07848699763593381 0.0

1745466295
0.9268787028375429 0.0724976613657624 0.0003118178983473651

1745466296
0.9158175262580341 0.08324188744317292 0.0007838219156607619

1745466297
0.9260830051499546 0.07194789457740079 0.001514692517418964

1745466299
0.9399618805590851 0.05948221092757306 0.0

1745466300
0.9232089901670049 0.07616669267988138 0.0

1745466301
0.9411031473979433 0.05858522904331567 0.0

1745466302
0.91828125 0.08171875 0.0

1745466303
0.9318181818181818 0.06802507836990596 0.0

1745466304
0.921889616463985 0.07795447458684128 0.0

1745466305
0.936455893832943 0.06354410616705698 0.0

1745466306
0.9077091820745847 0.09166405515512378 0.00015669069257286117

1745466307
0.9046431910252415 0.09379869118105329 0.00046743533811156125

1745466308
0.8996084573218481 0.09898198903680501 0.0006264682850430697

1745466309
0.9016933207902164 0.09658200062715584 0.0010975227343994983

1745466310
0.907153965785381 0.0911353032659409 0.0009331259720062209

1745466311
0.9208688906128782 0.0769588828549263 0.00046547711404189296

1745466313
0.9366800219970147 0.06277005263571372 0.0

1745466314
0.9389561975768872 0.06104380242311277 0.0

1745466315
0.9419354838709677 0.05759244689221086 0.0

1745466316
0.9419795221843004 0.057278527971509126 0.0

1745466318
0.9102358414888496 0.08968394031766405 0.0

1745466319
0.8855543461359042 0.11429015705178044 0.0

1745466320
0.8736007462686567 0.1259328358208955 0.0

1745466321
0.8806181990222363 0.11938180097776376 0.0

1745466322
0.91359375 0.0859375 0.0

1745466323
0.9246137037615109 0.07507413766193226 0.0

1745466324
0.9250743000156421 0.07476927889879556 0.0

1745466325
0.9339563862928348 0.06542056074766354 0.0

1745466326
0.9339282918428057 0.06591514012838579 0.0

1745466327
0.928280613842781 0.07171938615721891 0.0

1745466328
0.9097545821683752 0.09009009009009009 0.0

1745466329
0.9138066133834822 0.08587995611973046 0.0

1745466330
0.9203068733364647 0.07906685454830124 0.0

1745466331
0.9210977701543739 0.07859036332449712 0.0

1745466332
0.9265580958346382 0.07344190416536173 0.0

1745466333
0.9221022993899578 0.07758485843891756 0.0

1745466334
0.9123134328358209 0.08753109452736318 0.0

1745466335
0.896 0.10384313725490196 0.0

1745466336
0.8921875 0.1075 0.0

1745466337
0.9005161895823557 0.09917096824651964 0.0

1745466338
0.91015625 0.0896875 0.0

1745466339
0.9340625 0.0653125 0.0

1745466340
0.9376175548589342 0.06206896551724138 0.0

1745466341
0.9316491010539367 0.06819590824550527 0.0

1745466342
0.9361468465641669 0.06385315343583307 0.0

1745466343
0.9420814479638009 0.0579185520361991 0.0

1745466345
0.9330520617736029 0.0668683330679828 0.0

1745466346
0.9249375780274657 0.0749063670411985 0.0

1745466347
0.9313955305516487 0.0686044694483513 0.0

1745466348
0.9047619047619048 0.09508247743541862 0.0

1745466349
0.9201497192763568 0.07953836556456644 0.0

1745466350
0.9231376262626263 0.07670454545454546 0.0

1745466351
0.9472945579292062 0.0527054420707937 0.0

1745466352
0.9397331697592394 0.06011347952767981 0.0

1745466354
0.9259346900141978 0.07390755639690803 0.0

1745466355
0.93953125 0.06015625 0.0

1745466356
0.9386991109031352 0.06098892528466698 0.0

1745466357
0.9316092849353482 0.0673002025237576 0.0

1745466358
0.9235100891600188 0.07586422649773189 0.0

1745466359
0.9050701186623517 0.09338881183541378 0.0001541069502234551

1745466361
0.9340425531914893 0.06509062253743104 0.0

1745466362
0.9360074918058373 0.06383642890588419 0.0

1745466363
0.9381556286206356 0.0615312353217473 0.0

1745466364
0.9370824918440267 0.06183004505204288 0.0

1745466365
0.9263371911166719 0.07350641226149515 0.0

1745466366
0.94109375 0.05875 0.0

1745466367
0.9477144646211647 0.05212899185973701 0.0

1745466368
0.9523809523809523 0.047619047619047616 0.0

1745466370
0.923253059613107 0.07572048953809712 0.00015791551519936834

1745466371
0.9150549280519883 0.08417143741296612 0.0

1745466372
0.932601880877743 0.06724137931034482 0.0

1745466373
0.9083307525549705 0.0904304738309074 0.0004645401052957572

1745466375
0.9075425790754258 0.09088768542500589 0.0008633545247625775

1745466376
0.9358377160030052 0.06356123215627348 0.00030052592036063113

1745466378
0.9328120012767316 0.06694861155442068 0.0

1745466379
0.93671875 0.06328125 0.0

1745466380
0.9463003434280363 0.05369965657196379 0.0

1745466381
0.94171875 0.05828125 0.0

1745466382
0.9341467229782575 0.0656968559361802 0.0

1745466383
0.9153737658674189 0.08446951888418743 0.0

1745466384
0.9253545270375565 0.07433380084151472 0.0

1745466385
0.92015625 0.0796875 0.0

1745466386
0.9010715949681628 0.09830719055753999 0.00015530361857431278

1745466387
0.9223270440251572 0.07735849056603773 0.00015723270440251572

1745466388
0.9233770287141073 0.07631086142322098 0.00015605493133583021

1745466389
0.9157040274742428 0.0830471433031533 0.0006244146113019045

1745466390
0.9010335108048857 0.0972439711869715 0.0009395552771688068

1745466391
0.9310825460740282 0.06845284187703268 0.00015487068297971194

1745466393
0.9402914903620122 0.05963015201379094 0.0

1745466394
0.9397873005943072 0.06005630278385987 0.0

1745466395
0.9549507273580479 0.04504927264195214 0.0

1745466396
0.9408172851103804 0.058713010803193987 0.0

1745466397
0.945891158584126 0.053796974894745046 0.0

1745466398
0.9359274886701047 0.0637599624941397 0.0

1745466399
0.9366262814538676 0.06337371854613234 0.0

1745466400
0.942942470921094 0.05674316252750707 0.0

1745466401
0.9405801621958827 0.05941983780411728 0.0

1745466402
0.9534992954438704 0.04650070455612964 0.0

1745466403
0.9482704402515724 0.05078616352201258 0.0

1745466404
0.9473438956197577 0.05234544889717303 0.0

1745466405
0.9456283296772172 0.054214979630209964 0.0

1745466406
0.9395255078306715 0.06047449216932858 0.0

1745466407
0.9397174254317111 0.05996860282574568 0.0

1745466408
0.9290292324527122 0.07065812099421603 0.0

1745466409
0.9309482893297922 0.06889548508045618 0.0

1745466410
0.9398343491170496 0.05969682762931708 0.0

1745466411
0.9381523601807135 0.06153606480760243 0.0

1745466412
0.94109375 0.05890625 0.0

1745466413
0.9429556495847046 0.05688763516690174 0.0

1745466414
0.9521042713567839 0.04773869346733668 0.0

1745466415
0.9490525007766387 0.050947499223361295 0.0

1745466416
0.9374312215060525 0.0625687784939475 0.0

1745466417
0.9379363847944143 0.06190845616757176 0.0

1745466418
0.9355040701314965 0.06402629931120851 0.0

1745466419
0.9426190094566437 0.057380990543356304 0.0

1745466420
0.93 0.07 0.0

1745466421
0.930625 0.06890625 0.00015625

1745466422
0.9301630028413339 0.06879018992074173 0.00044863167339614175

1745466424
0.9302251317260098 0.06945553249241578 0.0

1745466425
0.9466981132075472 0.05267295597484277 0.00015723270440251572

1745466426
0.9441247728649304 0.05511811023622047 0.0

1745466428
0.9428375834331679 0.056820126647270236 0.0

1745466429
0.9324174299195115 0.06744379683597003 0.0

1745466430
0.9417824254721399 0.05743717808646793 0.0003121585765568909

1745466431
0.9280495552731893 0.07163278271918679 0.0

1745466432
0.941714462873973 0.05828553712602697 0.0

1745466433
0.9267106089139987 0.07297551789077213 0.0

1745466434
0.9347994424655413 0.06458107480253988 0.00015487068297971194

1745466436
0.9460247419431093 0.053502482073910645 0.0

1745466437
0.9508942579228115 0.04832130530279259 0.0

1745466438
0.9508145363408521 0.047932330827067667 0.0

1745466439
0.9377847604084839 0.061586802827965435 0.0

1745466440
0.955 0.04375 0.00015625

1745466441
0.9306805621348492 0.06837201957997789 0.0

1745466442
0.9459840300610616 0.053389697823704396 0.0001565680288085173

1745466443
0.9573868087106376 0.04229985900047 0.0

1745466444
0.9526645768025078 0.045454545454545456 0.00031347962382445143

1745466445
0.93859375 0.06125 0.00015625

1745466446
0.9399027145771223 0.05884198964380982 0.00047073591715047857

1745466447
0.9490445859872612 0.049401895292838276 0.0007767593599502874

1745466448
0.9508706467661692 0.04788557213930348 0.0

1745466449
0.955583359399437 0.04426024397873006 0.0

1745466450
0.9499691167387276 0.04972205064854849 0.00015441630636195183

1745466451
0.9511921458625526 0.048106591865357644 0.0

1745466453
0.9477736859725477 0.051054569802477405 8.369601606963509e-05

1745466454
0.9581642210427724 0.04152357165157665 0.0

1745466455
0.96078125 0.0390625 0.0

1745466456
0.94015625 0.05984375 0.0

1745466457
0.9472943384422896 0.05254926493587739 0.00015639662183296842

1745466458
0.9578284815106216 0.042171518489378446 0.0

1745466459
0.9664856477889837 0.03351435221101629 0.0

1745466460
0.9520967488613161 0.047746191298884876 0.0

1745466461
0.9266169154228856 0.07291666666666667 0.0003109452736318408

1745466462
0.9370237910122843 0.062043228113823665 0.00015549681231534753

1745466463
0.9516862745098039 0.04815686274509804 0.0

1745466464
0.945474372955289 0.05436983953886898 0.0

1745466465
0.9457680250783699 0.054075235109717866 0.0

1745466466
0.9225121074832058 0.07701921574753945 0.00046867676925480396

1745466467
0.9212425478506432 0.07812990272983998 0.0004706620646375902

1745466468
0.9240348692403487 0.07409713574097136 0.0006226650062266501

1745466469
0.9303310842617292 0.06794288404205241 0.0006276478895339715

1745466470
0.9235698655829947 0.0745545482963426 0.0009377930603313535

1745466471
0.9280832556694626 0.06912084498291395 0.001708605156881019

1745466472
0.9304837952090184 0.06716768435885392 0.001565680288085173

1745466473
0.9428259853559745 0.05623928960897336 0.0007789375292101573

1745466474
0.9471869612913336 0.052656323460272686 0.0

1745466475
0.939375 0.06046875 0.0

1745466476
0.8959212376933896 0.10392248788873261 0.0

1745466477
0.93890625 0.06109375 0.0

1745466478
0.9506172839506173 0.04938271604938271 0.0

1745466479
0.9284486798937666 0.0713950945164818 0.0001562255897516013

1745466480
0.93588546529723 0.06411453470277 0.0

1745466481
0.9483354271356784 0.05150753768844221 0.0

1745466482
0.9442100328176277 0.05563369276449445 0.0

1745466483
0.9384375 0.06109375 0.0

1745466484
0.9393419616404179 0.060034305317324184 0.0

1745466485
0.9367607632865479 0.06323923671345213 0.0

1745466486
0.9470842332613391 0.05245294662141314 0.0

1745466487
0.9469221105527639 0.05292085427135678 0.0

1745466488
0.9501640368692392 0.04967973754100922 0.0

1745466489
0.951875 0.048125 0.0

1745466490
0.9519066147859923 0.04809338521400778 0.0

1745466491
0.9194156456173421 0.08027018535972354 0.0

1745466492
0.9481816762915561 0.051818323708443886 0.0

1745466493
0.9387755102040817 0.06060133977255024 0.00015578750584203146

1745466494
0.9519394220367795 0.048060577963220524 0.0

1745466496
0.9507292077256603 0.04911312573906188 0.0

1745466497
0.9407071339173968 0.058823529411764705 0.0

1745466498
0.957635009310987 0.04220980757293606 0.0

1745466499
0.9530201342281879 0.04666770719525519 0.00015607928827844546

1745466500
0.949011609664261 0.05098839033573894 0.0

1745466501
0.9427635683094199 0.05630068621334997 0.0

1745466502
0.9501094776352831 0.04989052236471692 0.0

1745466503
0.9617903930131004 0.038053649407361195 0.0

1745466504
0.9591072264710473 0.04089277352895271 0.0

1745466505
0.9458135619164243 0.05372723098117251 0.0

1745466506
0.9446591222743582 0.05520287054926856 0.0

1745466508
0.9433610310327285 0.05655418009157199 0.0

1745466509
0.9530128004995317 0.04698719950046831 0.0

1745466510
0.9375097640993595 0.06233401031088892 0.0

1745466511
0.945827462032253 0.05385940191012995 0.0

1745466512
0.9531079607415486 0.04673625175260944 0.0

1745466513
0.9394412361479632 0.06040268456375839 0.00015607928827844546

1745466514
0.9544030084612974 0.04528361015355688 0.0

1745466515
0.9558389053024413 0.04400559788524335 0.0

1745466516
0.9565149382136712 0.0434850617863288 0.0

1745466517
0.9476497406068228 0.052350259393177175 0.0

1745466518
0.93171875 0.068125 0.0

1745466519
0.9398788255398478 0.05996582258816219 0.0

1745466520
0.9365303244005642 0.06331296035104216 0.0

1745466521
0.9266355140186916 0.07320872274143302 0.0

1745466522
0.9430051813471503 0.05684242608960683 0.0

1745466523
0.9378760319014972 0.06184413040436547 0.0

1745466524
0.9466333431343722 0.053366656865627755 0.0

1745466526
0.9500564579171371 0.0498566837488057 0.0

1745466527
0.9534555712270804 0.046387713524525934 0.0

1745466528
0.9406927091570457 0.05914913806737308 0.0

1745466529
0.9475968992248062 0.05193798449612403 0.0

1745466530
0.9603174603174603 0.03952692187986306 0.0

1745466531
0.9534447742540229 0.04639900015622559 0.0001562255897516013

1745466532
0.9314096499526963 0.0684326710816777 0.0

1745466533
0.9402985074626866 0.059546019900497515 0.0

1745466534
0.94640625 0.05359375 0.0

1745466535
0.9382716049382716 0.06172839506172839 0.0

1745466536
0.9544535986320535 0.04554640136794653 0.0

1745466537
0.9470717193861572 0.05277168806764798 0.0

1745466538
0.9437080929362233 0.0562919070637767 0.0

1745466539
0.9301597243971187 0.06984027560288131 0.0

1745466540
0.9404873477038426 0.05920024992189941 0.0

1745466541
0.9444618272841051 0.05553817271589487 0.0

1745466542
0.9346171765802144 0.06522751980121137 0.0

1745466543
0.9200877467878408 0.07975556251958633 0.0

1745466544
0.9326847638474816 0.06731523615251844 0.0

1745466545
0.9268063809821708 0.07303722239599625 0.0

1745466546
0.9259433223735714 0.07390010959762017 0.0

1745466547
0.9276356830941984 0.07220835932626325 0.0

1745466548
0.9256470588235294 0.07419607843137255 0.0

1745466549
0.9305988771054273 0.06940112289457268 0.0

1745466550
0.9428660630658757 0.05713393693412426 0.0

1745466551
0.9485901230721296 0.05125408942202835 0.0

1745466552
0.9505322479649343 0.049467752035065746 0.0

1745466553
0.949727626459144 0.05027237354085603 0.0

1745466554
0.9419607843137255 0.05788235294117647 0.0

1745466555
0.9512385106714442 0.04876148932855585 0.0

1745466556
0.9567058823529412 0.043137254901960784 0.0

1745466557
0.9494145199063232 0.05058548009367682 0.0

1745466558
0.953375955091221 0.046468111648214565 0.0

1745466559
0.9432156862745098 0.05662745098039216 0.0

1745466560
0.9361503806120863 0.06384961938791363 0.0

1745466561
0.9370288944723618 0.0629711055276382 0.0

1745466562
0.9422416484545738 0.05775835154542616 0.0

1745466563
0.9309482893297922 0.06889548508045618 0.0

1745466564
0.9420765027322404 0.05792349726775956 0.0

1745466565
0.9447479319494303 0.05525206805056969 0.0

1745466566
0.9351808360732738 0.0641928918114921 0.0001565680288085173

1745466567
0.9431658055425082 0.05652105839987474 0.0

1745466568
0.9449469744229569 0.055053025577043044 0.0

1745466569
0.9427860696517413 0.05690298507462686 0.0

1745466570
0.9532035175879398 0.0467964824120603 0.0

1745466571
0.94484375 0.05484375 0.0

1745466572
0.9510185041206656 0.04882599906701913 0.0

1745466573
0.9543626237623762 0.04548267326732673 0.0001547029702970297

1745466575
0.949789064438746 0.05012821573331128 0.0

1745466576
0.9492009132420092 0.050656392694063926 0.0

1745466577
0.9509375 0.0490625 0.0

1745466578
0.93125 0.0684375 0.0

1745466579
0.9392756790508898 0.06056821729628473 0.0

1745466580
0.9420867167151831 0.05714723456411828 0.0

1745466581
0.9419740777667 0.0576271186440678 9.970089730807577e-05

1745466583
0.9359894051429202 0.06401059485707979 0.0

1745466584
0.9411856718285625 0.05865790708587518 0.0

1745466585
0.9453781512605042 0.054310613134142545 0.0

1745466586
0.9369721614013138 0.06162026900218955 0.0

1745466587
0.9426731584733784 0.057326841526621646 0.0

1745466588
0.94140625 0.05828125 0.0

1745466589
0.9381153305203939 0.061415846225972806 0.0001562744178777934

1745466590
0.946964956195244 0.053035043804755946 0.0

1745466591
0.922896831590448 0.07679100983299517 0.00015607928827844546

1745466592
0.9408007477800281 0.059043464714129926 0.0

1745466593
0.9354330708661417 0.06425196850393701 0.0

1745466594
0.9315707620528771 0.0682737169517885 0.0

1745466595
0.9378043034396105 0.06219569656038951 0.0

1745466596
0.9351435221101629 0.06470131885182312 0.0

1745466597
0.9463949843260188 0.05360501567398119 0.0

1745466598
0.9393086188018145 0.06069138119818551 0.0

1745466599
0.9309215655699361 0.06814283486667706 0.0

1745466600
0.9401775977566599 0.05982240224334008 0.0

1745466601
0.9457510191282533 0.05393540294763249 0.0

1745466602
0.9313633520950594 0.06832395247029394 0.0

1745466603
0.9398330445739487 0.06000945030713498 0.0

1745466604
0.9316451763243747 0.06804411993164518 0.0

1745466605
0.9353095794392523 0.06425233644859812 0.0

1745466606
0.9179944452565414 0.08127466744627979 0.0

1745466607
0.9368635437881874 0.06284550480069828 0.00014547570555717196

1745466608
0.9053325344517675 0.07789095266626722 0.00014979029358897544

1745466610
0.7747634069400631 0.07471834159531321 9.013068949977468e-05

1745466611
0.740078431372549 0.09003921568627452 0.0

1745466612
0.8866864367098486 0.1133135632901514 0.0

1745466613
0.8920525657071339 0.1077909887359199 0.0

1745466614
0.9065261199813982 0.09347388001860177 0.0

1745466615
0.9196875 0.0803125 0.0

1745466616
0.9225736095965104 0.0772706028976476 0.0

1745466617
0.935815547593083 0.06418445240691696 0.0

1745466618
0.920156862745098 0.07968627450980392 0.0

1745466619
0.9201503053076562 0.0796931266635353 0.0

1745466620
0.9173981191222571 0.08260188087774295 0.0

1745466621
0.9191621411947246 0.0808378588052754 0.0

1745466622
0.9145098039215687 0.08533333333333333 0.0

1745466623
0.902143522833178 0.09770114942528736 0.0

1745466624
0.897407524502055 0.09310780904204868 0.0

1745466625
0.7858153797766945 0.12674948891335117 0.00015725743041358704

1745466626
0.848968105065666 0.13492808005003126 0.0

1745466627
0.9174667079591204 0.08237844533911427 0.0

1745466628
0.925625 0.074375 0.0

1745466629
0.927066960075448 0.07293303992455202 0.0

1745466630
0.9374029201615408 0.06244175209692451 0.0

1745466631
0.9363636363636364 0.06347962382445141 0.0

1745466632
0.9530295913574448 0.04697040864255519 0.0

1745466633
0.953658917147761 0.04634108285223904 0.0

1745466634
0.9472781157385743 0.05256590235532678 0.0

1745466635
0.9362599593813467 0.06358381502890173 0.0

1745466636
0.9306449082064961 0.06919817982112035 0.0

1745466637
0.9334683702087878 0.0663758180118417 0.0

1745466638
0.9441853233830846 0.05581467661691542 0.0

1745466640
0.9407854984894259 0.05904186447993095 0.0

1745466641
0.9402538143447883 0.059746185655211746 0.0

1745466642
0.9579260518487038 0.04207394815129622 0.0

1745466644
0.9449072618673373 0.055014146494812954 0.0

1745466645
0.9477052763034655 0.0522947236965345 0.0

1745466646
0.9564263322884012 0.04357366771159875 0.0

1745466647
0.9596496715670941 0.04019393181107288 0.0

1745466648
0.9477052763034655 0.052138620043709026 0.0

1745466649
0.9483891147951204 0.051454488583046604 0.0

1745466650
0.9501016737056155 0.04974190520882215 0.0

1745466651
0.9458365758754864 0.054007782101167315 0.0

1745466652
0.9405041490527635 0.05918271488961954 0.0

1745466653
0.9466141732283465 0.053385826771653544 0.0

1745466654
0.9453611457036114 0.054638854296388546 0.0

1745466655
0.9432646101379631 0.056580375135637885 0.0

1745466656
0.9285267438223335 0.07100406631216766 0.0

1745466657
0.9399780598652249 0.059708509637987774 0.0

1745466658
0.9542319749216301 0.045611285266457684 0.0

1745466659
0.9582355701548568 0.04176442984514313 0.0

1745466660
0.9503579209461562 0.04948646125116713 0.0

1745466661
0.95046875 0.04953125 0.0

1745466662
0.9388169189948494 0.060870922428593724 0.00015607928827844546

1745466663
0.9590973201692524 0.04090267983074753 0.0

1745466664
0.9552471542179947 0.0447528457820053 0.0

1745466665
0.9398660227449759 0.060133977255024146 0.0

1745466666
0.9390455189793668 0.06079697590171681 0.0

1745466667
0.9293132847620524 0.0706867152379476 0.0

1745466668
0.9434673366834171 0.05621859296482412 0.0

1745466669
0.9493137866500312 0.05068621334996881 0.0

1745466670
0.958880550343965 0.04111944965603502 0.0

1745466671
0.9452503509592888 0.05474964904071128 0.0

1745466672
0.9333855799373041 0.06661442006269593 0.0

1745466673
0.9154537008361722 0.08439145246206256 0.0

1745466674
0.9409262759924386 0.05891619407687461 0.0

1745466675
0.938358254501068 0.06164174549893195 0.0

1745466677
0.9472767574414186 0.05264407853071564 0.0

1745466678
0.9512004989086373 0.04864359214218896 0.0

1745466679
0.9608518634512997 0.038834951456310676 0.0

1745466680
0.9540426857766007 0.04580152671755725 0.0

1745466681
0.9392428727216078 0.06044555226670821 0.00015578750584203146

1745466682
0.9547092932142297 0.045290706785770254 0.0

1745466683
0.9573103987490227 0.04268960125097732 0.0

1745466684
0.9533104309806371 0.0466895690193629 0.0

1745466685
0.952201849239931 0.04779815076006896 0.0

1745466686
0.9495733126454616 0.0504266873545384 0.0

1745466687
0.954502667085033 0.045497332914967055 0.0

1745466688
0.9565893885171931 0.043099424303718686 0.00015559358954411078

1745466689
0.9489603024574669 0.05103969754253308 0.0

1745466690
0.9516786946972075 0.04769375588327581 0.0

1745466691
0.9490495481458399 0.050950451854160174 0.0

1745466692
0.9494792476294108 0.050365303901756565 0.0

1745466693
0.9550649757319556 0.044935024268044466 0.0

1745466694
0.960899922420481 0.039100077579519006 0.0

1745466695
0.9547032828282829 0.04498106060606061 0.0

1745466696
0.9489401206869875 0.051059879313012535 0.0

1745466697
0.9554020100502513 0.04444095477386935 0.0

1745466698
0.9579293087269315 0.041914294651235535 0.0

1745466699
0.95734375 0.04265625 0.0

1745466700
0.9575493000150535 0.04245069998494656 0.0

1745466702
0.9432143994902835 0.05678560050971647 0.0

1745466703
0.944270995941305 0.05572900405869497 0.0

1745466704
0.9418513279899419 0.05799151343705799 0.0

1745466705
0.9219527363184079 0.07804726368159204 0.0

1745466706
0.8969669937555754 0.10288432946773714 0.0

1745466708
0.9409925438948128 0.058927282931131246 0.0

1745466709
0.9404798523531221 0.05952014764687789 0.0

1745466710
0.9467318929202337 0.05286044299497214 0.0

1745466712
0.943227899432279 0.05659187167702983 0.0

1745466713
0.9509010926635447 0.048673194267064 0.0

1745466714
0.9504235958581738 0.04879196736743018 0.0

1745466715
0.9537743190661478 0.04607003891050584 0.0

1745466716
0.9608973360336501 0.0391026639663499 0.0

1745466717
0.9518884187431437 0.04748472026328162 0.0

1745466718
0.9340141398271798 0.06504320502749411 0.0

1745466719
0.9062402980440857 0.09344923936665632 0.0001552312946289972

1745466720
0.8758588382261087 0.12414116177389131 0.0

1745466721
0.855 0.14484375 0.0

1745466722
0.9214758751182592 0.07852412488174078 0.0

1745466723
0.926825495049505 0.07271039603960396 0.0

1745466724
0.949011609664261 0.05098839033573894 0.0

1745466725
0.9286493223243496 0.07119489016980839 0.0

1745466726
0.9275203506574827 0.07232310582341892 0.0

1745466727
0.9357454772301934 0.06425452276980662 0.0

1745466728
0.9293512164691204 0.0706487835308796 0.0

1745466729
0.9150573088396923 0.08478568064060292 0.0

1745466730
0.9147638411010323 0.08523615889896778 0.0

1745466731
0.9383273633390438 0.06167263666095624 0.0

1745466732
0.9454831107619796 0.05420267085624509 0.0

1745466733
0.9497347109745881 0.05012566322256353 0.0

1745466734
0.9465554818535014 0.05334975836255093 0.0

1745466736
0.9406230133502861 0.05937698664971392 0.0

1745466737
0.9412578809780101 0.058588343841304014 0.0

1745466738
0.9290210890777463 0.07066414856783129 0.0

1745466739
0.9267669172932331 0.07308270676691729 0.0

1745466741
0.9209874570584006 0.07885276024606536 0.0

1745466742
0.9429326698802675 0.0569118333074172 0.0

1745466743
0.9307692307692308 0.06891679748822606 0.00015698587127158556

1745466744
0.9355192971446501 0.06416692814559147 0.0

1745466745
0.9266885041335206 0.07268756824208392 0.0

1745466746
0.9288793103448276 0.0709667487684729 0.0

1745466748
0.9108189582984425 0.08834366102830346 0.0

1745466749
0.9132765255634965 0.0863111599780099 0.0

1745466751
0.9151620279113775 0.08389182370101711 0.0

1745466752
0.9393382352941176 0.06066176470588235 0.0

1745466754
0.9388026955022724 0.06104058924933396 0.0

1745466755
0.9296371917700644 0.06973456887073975 0.0

1745466756
0.9169440242057488 0.08245083207261725 0.0

1745466757
0.9303034703063743 0.06955132859009729 0.0

1745466759
0.935299950421418 0.06461741860849446 0.0

1745466760
0.9314744801512287 0.06836798991808443 0.0

1745466761
0.9312227074235808 0.06862133499688085 0.0

1745466762
0.930518772394454 0.0688580775821779 0.0

1745466763
0.9188087774294671 0.08103448275862069 0.0

1745466764
0.9324808981755809 0.06736316856385467 0.0

1745466765
0.9287964713295526 0.07104599873976056 0.0

1745466766
0.9012153318790901 0.09800560922405734 0.0

1745466767
0.9163827810467637 0.08346237225147105 0.0

1745466768
0.9104477611940298 0.08939676616915423 0.0

1745466769
0.9103914478855526 0.08960855211444742 0.0

1745466770
0.9151210311222886 0.08440741905061301 0.0

1745466771
0.9039424280350438 0.09590112640801002 0.0

1745466772
0.9280720832686034 0.07084045362746622 0.0

1745466773
0.9272072636192862 0.07154038822792737 0.00015654351909830932

1745466774
0.9312169312169312 0.06878306878306878 0.0

1745466775
0.9232422474669941 0.07660423702793982 0.0

1745466776
0.9307892628205128 0.06881009615384616 0.0

1745466778
0.9327472527472528 0.06725274725274726 0.0

1745466779
0.9248509570128648 0.07436460621273926 0.0

1745466780
0.9302995391705069 0.06970046082949309 0.0

1745466781
0.9327884849963406 0.06696755306172238 0.0

1745466782
0.9438948366987396 0.05583412386502236 0.0

1745466784
0.9342271959459459 0.06566722972972973 0.0

1745466785
0.9366219169528567 0.06322197939431783 0.0

1745466786
0.9353125 0.0646875 0.0

1745466787
0.9441766443787902 0.05582335562120976 0.0

1745466788
0.9271356783919598 0.0728643216080402 0.0

1745466789
0.9323062558356676 0.06753812636165578 0.0

1745466790
0.9195979899497487 0.08008793969849247 0.0

1745466791
0.9174568630498989 0.08238768848126846 0.0

1745466792
0.9178470254957507 0.08183821214982688 0.0

1745466793
0.9067373674360574 0.09295071740486588 0.0

1745466794
0.925839552238806 0.07384950248756218 0.0

1745466795
0.9131241304683877 0.08656670273612614 0.0

1745466797
0.924550614947966 0.07521286660359508 0.0

1745466798
0.9048138339305187 0.09503037856363919 0.0

1745466799
0.9137689069078434 0.0859192265710276 0.0

1745466800
0.9244660804020101 0.07490577889447236 0.0

1745466801
0.930477963997517 0.06936685288640596 0.0

1745466802
0.9408172851103804 0.05918271488961954 0.0

1745466803
0.9386925242414764 0.06115107913669065 0.0

1745466804
0.907711559518223 0.09228844048177694 0.0

1745466805
0.935 0.06484375 0.0

1745466806
0.9188392302917443 0.08116076970825574 0.0

1745466807
0.9214758751182592 0.07852412488174078 0.0

1745466808
0.9374707625136441 0.0620614377046624 0.0

1745466809
0.9373734226515034 0.06262657734849665 0.0

1745466810
0.93046875 0.069375 0.0

1745466811
0.9238290490458918 0.07617095095410818 0.0

1745466812
0.9269123567668008 0.07293279653143388 0.0

1745466813
0.9320206282231599 0.06797937177684013 0.0

1745466814
0.9310560952679411 0.06863052334691319 0.0

1745466815
0.9406201550387597 0.059224806201550385 0.0

1745466816
0.934940138626339 0.06474480151228733 0.0

1745466817
0.9217120622568094 0.07813229571984436 0.0

1745466818
0.9329028193416286 0.0666246653016223 0.0

1745466819
0.9315642458100558 0.06828057107386716 0.0

1745466820
0.9295422590220278 0.07014528979846898 0.0

1745466821
0.9366030594543447 0.06323923671345213 0.0

1745466822
0.9208476160797756 0.07884076036148333 0.0

1745466823
0.9124922696351268 0.06740878169449598 0.0

1745466824
0.8359157111868608 0.06600557793616361 0.0001549426712116517

1745466825
0.6630061770761839 0.10599078341013825 0.0

1745466827
0.5143410852713178 0.1449612403100775 0.00025839793281653745

1745466828
0.5073251774656397 0.14302975381362332 0.0

1745466829
0.6193447737909517 0.19273861863565453 0.00014182385477237272

1745466830
0.3506729169817027 0.09708150612430062 0.00015121729925903524

1745466831
0.541871921182266 0.15714285714285714 0.0001231527093596059

1745466832
0.2484841135095804 0.04341498908561727 0.00012127091923356779

1745466833
0.29462863761401475 0.06297958592732011 0.0

1745466835
0.2838948233360723 0.06491372226787182 0.0

1745466836
0.22492917847025495 0.057223796033994336 0.00014164305949008498

1745466837
0.44667087409277373 0.08740927737456611 0.0001577784790154623

1745466838
0.5759333630819574 0.12449799196787148 0.00014874312063067083

1745466839
0.8154161412358134 0.1421815889029004 0.00015762925598991173

1745466840
0.8341904316658875 0.12061711079943899 0.00015583606046439146

1745466841
0.5636619278237776 0.1423215122637088 0.0

1745466842
0.29482190960790183 0.05567195450463933 0.000149655791679138

1745466843
0.2634336378291241 0.03989790435249865 0.0

1745466844
0.23290799194089992 0.05386165211551377 0.00040295500335795837

1745466845
0.4091237187815793 0.10870506712862711 0.0

1745466846
0.3216025328787141 0.044812469556746226 0.00012177301509985388

1745466848
0.3567089276281035 0.08016376122556788 0.00013206550449022716

1745466849
0.33906485671191555 0.04856711915535445 0.00015082956259426848

1745466850
0.28390029785232795 0.043580498510738364 0.00015676438313215238

1745466851
0.23824451410658307 0.03949843260188088 0.0

1745466852
0.23820717755837642 0.04262654756307789 0.0001567152483936687

1745466853
0.26801378446115287 0.06594611528822056 0.00015664160401002505

1745466854
0.6849777504986957 0.21405554703084242 0.0

1745466855
0.8246187363834423 0.17538126361655773 0.0

1745466856
0.913763203531452 0.08607914236165852 0.0

1745466857
0.9026282457251424 0.0973717542748575 0.0

1745466858
0.8955293387146849 0.10447066128531513 0.0

1745466859
0.9188811188811189 0.08096348096348097 0.0

1745466860
0.9196554424432263 0.0764291307752545 0.0

1745466861
0.8304443744090766 0.07705641348881186 0.0001575795776867318

1745466862
0.8431588902900379 0.10104035308953342 0.0

1745466863
0.734209347469016 0.10930267283858444 0.00029864118261908315

1745466864
0.509301955795834 0.06455716330100175 0.0004770233741453331

1745466865
0.3413644101086814 0.07411287154641875 0.0007856488149797041

1745466866
0.3124560168895144 0.11301900070372976 0.00028149190710767064

1745466867
0.2780895373487966 0.17907469759321612 0.0003741114852225963

1745466869
0.2473205964585275 0.27236719478098786 0.00011649580615097856

1745466870
0.2476145038167939 0.11847964376590331 0.0

1745466871
0.30323967449715955 0.08874558575157378 0.0

1745466872
0.32146550450583544 0.09942384399468164 0.0

1745466873
0.3728303949706164 0.1011343446767801 0.00013666803334700013

1745466875
0.7859379193129976 0.18919402451024242 0.0

1745466876
0.8399813025864755 0.1595512620754129 0.0

1745466877
0.8857990938915794 0.11357600374941415 0.0

1745466878
0.8451078462019381 0.15457955611128477 0.0

1745466879
0.8599660336575575 0.1398795738767948 0.0

1745466880
0.850790668545483 0.14905276342570847 0.0

1745466881
0.8731401722787784 0.12513703993735317 0.0

1745466882
0.8084769887711529 0.09742210975802626 0.0

1745466883
0.7469077069457659 0.08103393593403108 0.0

1745466884
0.7718141870684243 0.10891399874450722 0.0

1745466885
0.7207606973058637 0.06259904912836767 0.0

1745466886
0.7140416278347312 0.08480894687791239 0.00015532774153463808

1745466887
0.3820429956442321 0.19825769284811015 0.0

1745466888
0.20649106302916276 0.03292568203198495 0.0

1745466889
0.29768203577727387 0.04421768707482993 0.0

1745466890
0.23983070773571596 0.05584293439924759 0.0

1745466892
0.2838827838827839 0.07819103972950127 0.0008453085376162299

1745466893
0.22645617855198694 0.06015242242787153 0.00027218290691344586

1745466894
0.6301691729323309 0.13862781954887218 0.0009398496240601503

1745466895
0.8264682850430697 0.1403288958496476 0.00031323414252153485

1745466896
0.8180964308077645 0.13916718847839699 0.00015654351909830932

1745466897
0.8265440210249672 0.11651335961454228 0.0001460067163089502

1745466898
0.8319023949389969 0.14219008886880555 0.00015062509414068384

1745466899
0.8346240564650524 0.13822174296637585 0.00019605920988138416

1745466901
0.8252403553608373 0.15188024826579044 0.0003650967506389193

1745466902
0.7703611067687979 0.19540409566984523 0.0001563232765358762

1745466903
0.7320056452877529 0.23114317076995453 0.00015681354869060687

1745466904
0.7462008459971801 0.21713927620241266 0.00015666614444618518

1745466905
0.8160075035172737 0.15476004377051744 0.0001563232765358762

1745466906
0.8369105436315212 0.13911953626821244 0.00015666614444618518

1745466907
0.7999373825923607 0.13854101440200375 0.00015654351909830932

1745466908
0.7667136370753093 0.1694066071708157 0.0001565680288085173

1745466909
0.8418910457107076 0.12820914214151535 0.00015654351909830932

1745466910
0.7575567736883321 0.1981205951448708 0.0

1745466911
0.7522734399498275 0.20225776105362184 0.0

1745466912
0.7290423861852433 0.2161695447409733 0.00015698587127158556

1745466913
0.7857366771159875 0.13636363636363635 0.0

1745466914
0.7908805031446541 0.11855345911949686 0.00015723270440251572

1745466915
0.8290772364092119 0.1077863073789754 0.0

1745466916
0.8419481539670071 0.09819324430479183 0.00015710919088766692

1745466917
0.7909375 0.14796875 0.0

1745466918
0.7829566854990584 0.15458254865034526 0.0

1745466919
0.813188542650299 0.10654705697198615 0.0

1745466920
0.8129154795821463 0.11190250079138968 0.0

1745466921
0.7894654823126072 0.13464235624123422 0.00015583606046439146

1745466922
0.8221875 0.10578125 0.0

1745466923
0.8116033422670661 0.09711492984392243 0.00015765410688948448

1745466924
0.7994040150564617 0.10774780426599749 0.0003136762860727729

1745466925
0.8277586745858081 0.10409502969678025 0.0

1745466926
0.8699579504750039 0.10948450397134403 0.0003114779629341224

1745466927
0.83788046049519 0.12285128528623246 0.0014193344898281027

1745466928
0.8341150719199499 0.13148843026891807 0.0

1745466929
0.8110346983432323 0.1495779931228509 0.00031259768677711783

1745466930
0.794094550023559 0.13585676142610334 0.00031411967959792684

1745466931
0.7869572033234049 0.16146731462611694 0.0

1745466932
0.8149772834090553 0.12846623844587185 0.00031333228889237035

1745466933
0.8368495077355836 0.13173933427097984 0.0010939209251445538

1745466934
0.8037002195045468 0.14769520225776106 0.00031357792411414236

1745466935
0.7683252236697535 0.15413592842567886 0.0

1745466936
0.8204766384446535 0.1251175917215428 0.00015678896205707118

1745466937
0.7851622874806801 0.17063369397217928 0.0001545595054095827

1745466938
0.7390460343871326 0.21963394342762063 0.0006932889628397116

1745466940
0.9107775341541575 0.08913813459268005 0.0

1745466941
0.9303836633663366 0.06930693069306931 0.0

1745466942
0.903348073278585 0.08401768793430196 0.0

1745466943
0.8967100229533282 0.08079571537872991 0.0001530221882172915

1745466944
0.9165621079046424 0.07042032622333752 0.0

1745466945
0.9386162812558752 0.054521526602744876 9.400263207369807e-05

1745466947
0.9513627819548872 0.04804981203007519 0.0

1745466948
0.9588115076245873 0.041031284389246976 0.0

1745466949
0.967010631644778 0.03298936835522202 0.0

1745466950
0.9767296579728253 0.023114165235046072 0.0

1745466951
0.9716877835132176 0.02784295323009542 0.0

1745466952
0.9681896148448464 0.03165445189458912 0.0

1745466953
0.9721570467699046 0.027686532144533083 0.0

1745466954
0.9643304130162703 0.03520025031289111 0.0

1745466955
0.9689596006863204 0.029948525970987367 0.0

1745466956
0.96828125 0.03078125 0.0

1745466957
0.9729391521977162 0.02674800563115908 0.0

1745466958
0.97171875 0.028125 0.0

1745466959
0.9711992445703493 0.028328611898016998 0.0

1745466960
0.9608912433779994 0.03879713306325958 0.0

1745466961
0.9719479705375333 0.02773859896567936 0.0

1745466962
0.9527194066749073 0.04650803461063041 0.00015451174289245981

1745466963
0.9398323418063819 0.05570578691184424 0.00013520822065981613

1745466964
0.9361280487804878 0.05548780487804878 0.0

1745466965
0.8838453914767096 0.06313181367690783 9.910802775024777e-05

1745466967
0.7836814621409922 0.05143603133159269 0.0

1745466968
0.8303964757709251 0.10220264317180616 0.0007342143906020558

1745466969
0.8331006472902652 0.11790836400558447 0.00012691965985531158

1745466970
0.7752552391187534 0.11646963997850618 0.00013433637829124128

1745466972
0.7802352468080829 0.12154418417613351 0.00010053282396702523

1745466973
0.8270134753995613 0.12660607959887182 0.00015669069257286117

1745466974
0.8325777708300766 0.13240581522588712 0.004689698296076286

1745466975
0.840738423028786 0.13266583229036297 0.00015644555694618273

1745466976
0.8360450563204005 0.13782853566958697 0.0015644555694618273

1745466977
0.7909445745511319 0.09976580796252928 0.000312256049960968

1745466978
0.3751977222397975 0.10186649794368871 0.0007908889591901297

1745466979
0.4867284435369876 0.08559761269043506 0.0009423590387937804

1745466980
0.8662113922085984 0.11314604997671893 0.0001552072016141549

1745466981
0.8729940394314535 0.11279229711141678 0.0001528350909368791

1745466982
0.7560553633217993 0.1245674740484429 0.0

1745466983
0.3775465337827935 0.06331525721823245 0.0001465630954125751

1745466984
0.3121978173780909 0.09877054841828982 0.0

1745466985
0.26857413847613026 0.06828959848245336 0.00015807777426493836

1745466986
0.2124101894186806 0.06845199216198564 0.0002612671456564337

1745466987
0.20384671426489873 0.06367477779396766 0.00014570887367040654

1745466989
0.27710361381517534 0.05294039205227364 0.00013335111348179759

1745466990
0.3262006657156443 0.04770962117609764 0.0017435409732128706

1745466991
0.22910684600272027 0.04367538159286686 0.0001511258878645912

1745466992
0.20432134570765662 0.0421983758700696 0.00014501160092807424

1745466993
0.21029117239254352 0.031890309659528576 0.00015405946695424435

1745466994
0.5021922956467272 0.1252740369558409 0.00015659254619480113

1745466995
0.5580635118306351 0.1486612702366127 0.0

1745466996
0.8641169154228856 0.13588308457711443 0.0

1745466997
0.9156098324722092 0.08439016752779083 0.0

1745466998
0.9297144650141199 0.07012864763100095 0.0

1745466999
0.9110209178894786 0.08897908211052138 0.0

1745467000
0.8086244885111741 0.08341202392193893 0.0

1745467001
0.7484748944157672 0.11090254966369467 0.00015642108556233381

1745467002
0.8300623052959502 0.16993769470404985 0.0

1745467003
0.793872741555381 0.12615868028279653 0.0

1745467004
0.6061939946549285 0.13551328407483101 0.00031441597233139445

1745467005
0.7961910612809092 0.17493472584856398 0.0

1745467006
0.8590363324497116 0.14096366755028847 0.0

1745467008
0.8800944138473643 0.11990558615263572 0.0

1745467009
0.919234360410831 0.08061002178649238 0.0

1745467010
0.9028535786683299 0.09714642133167005 0.0

1745467011
0.895200629425649 0.1047993705743509 0.0

1745467012
0.9050426687354538 0.09495733126454615 0.0

1745467013
0.931364850007853 0.06863514999214701 0.0

1745467014
0.9518298404754457 0.0480137629027213 0.0

1745467015
0.9414393589150871 0.05856064108491293 0.0

1745467017
0.9055359246171967 0.09414998036906164 0.0

1745467018
0.9333124608641202 0.06653099561678147 0.0

1745467019
0.9341467229782575 0.0656968559361802 0.0

1745467020
0.8835435154912035 0.08827650630546474 0.00015569048731122528

1745467021
0.7845025217790005 0.1974629374904478 0.0003056701818737582

1745467023
0.9291444912224959 0.07085550877750417 0.0

1745467024
0.9406700062617408 0.05917345021916093 0.0

1745467025
0.8770555990602976 0.05591229444009397 0.0

1745467026
0.7412896105943559 0.08087655683430553 0.0

1745467027
0.5389681668496158 0.09487219695781715 0.00015681354869060687

1745467028
0.6414077362079899 0.15377298668357642 0.0

1745467029
0.7341712490180675 0.2190102120974077 0.00015710919088766692

1745467030
0.44224370147361747 0.1232768182538425 0.0

1745467031
0.6477931341952742 0.14192301976519542 0.0001486104919007282

1745467033
0.836743356821462 0.11894048730792088 8.489685032685287e-05

1745467034
0.8419552515319937 0.11429385777397748 0.00014251104460595695

1745467035
0.8147275867483121 0.11681582666038624 0.0

1745467036
0.8148610677489854 0.11754605057758352 0.00015610365282547612

1745467037
0.8442764918910408 0.09888206581640686 0.0

1745467038
0.8236236527818235 0.10544713078939703 0.00029129041654529564

1745467040
0.8442988442988443 0.08781508781508782 0.0

1745467041
0.8285602196939976 0.09336994899960768 0.0001307702366941284

1745467042
0.8110535931790499 0.10642509135200974 0.0

1745467043
0.7771308580700582 0.1270401832585664 0.00028634150997422926

1745467045
0.8245495190353611 0.11705730930768189 0.0

1745467046
0.8331491712707182 0.09771112865035517 0.00015785319652722967

1745467047
0.8333555525929875 0.09025463271563791 0.0001333155579256099

1745467048
0.9025259569192624 0.08476677514334419 0.0

1745467049
0.9471775465152948 0.05282245348470514 0.0

1745467050
0.9487812403579142 0.051218759642085776 0.0

1745467051
0.9429241594996091 0.05707584050039093 0.0

1745467052
0.9389384687646782 0.06090496320651323 0.0

1745467053
0.944895410552607 0.05494848579456759 0.0

1745467054
0.9435319881119975 0.0555294853746285 0.0

1745467055
0.94754917265064 0.0522947236965345 0.0

1745467056
0.9430677540777918 0.056775407779171894 0.0

1745467057
0.9431161118924832 0.05672761368963901 0.0

1745467058
0.9444962686567164 0.05534825870646766 0.0

1745467059
0.9463445246313147 0.053655475368685285 0.0

1745467060
0.9465912661011624 0.05262331134150173 0.0

1745467061
0.863764484810523 0.07892264328217977 0.0

1745467062
0.8193832599118943 0.10037759597230964 0.0

1745467063
0.861245512720462 0.11487435617293586 0.0003121585765568909

1745467064
0.8992894655545258 0.09839357429718876 0.0

1745467065
0.8851063829787233 0.07407407407407407 0.0

1745467066
0.9008290317534804 0.09119349288284061 0.00015642108556233381

1745467067
0.8500471549827099 0.11788745677459918 0.0

1745467068
0.8745895230648945 0.10867865519937452 0.0

1745467069
0.8745091880006283 0.09863357939374902 0.00015705983979896342

1745467070
0.8430114258882454 0.13288464548442636 0.00015651901706057285

1745467071
0.8758782201405152 0.10663544106167057 0.0

1745467072
0.8332810539523212 0.13127352572145545 0.00015683814303638644

1745467073
0.8590802805923616 0.11769290724863601 0.0001558846453624318

1745467074
0.8352442280508874 0.13381498350871682 0.0

1745467075
0.7920388653816016 0.17599122394608996 0.0001567152483936687

1745467076
0.8153894373922582 0.15687196364206238 0.0004701457451810061

1745467077
0.8271875 0.15125 0.00015625

1745467078
0.845732184808144 0.13390759592795615 0.0

1745467079
0.836715579144552 0.13206369029035278 0.00015610365282547612

1745467080
0.8450086193386617 0.12067074126312491 0.0001567152483936687

1745467081
0.8373512836568566 0.12805259862241702 0.00015654351909830932

1745467082
0.8295001533272003 0.12756823060410916 0.0

1745467083
0.8077479040185025 0.12272333044232438 0.00014455044810638914

1745467084
0.5169491525423728 0.08935474278917634 0.0002973535533749628

1745467085
0.6508596783139212 0.09151414309484193 0.0031891292290626735

1745467086
0.8087389380530974 0.0868362831858407 0.00011061946902654867

1745467087
0.5519662921348315 0.07194132334581772 0.00015605493133583021

1745467089
0.2774122807017544 0.13815789473684212 0.0

1745467090
0.19485961726498113 0.055873725380639755 0.0001396843134515994

1745467091
0.1931532663316583 0.06579773869346733 0.000157035175879397

1745467092
0.21564316004397677 0.06470865399717292 0.0

1745467093
0.3605304212168487 0.09875195007800312 0.00015600624024960998

1745467094
0.8073250899984348 0.14869306620754422 0.00015651901706057285

1745467095
0.8161118090452262 0.15310929648241206 0.0

1745467096
0.7923582837456937 0.18540557469464453 0.0

1745467097
0.7286846275752773 0.21537242472266244 0.0001584786053882726

1745467098
0.256215360253365 0.07790973871733967 0.00015835312747426763

1745467099
0.24045682102628285 0.0607008760951189 0.0

1745467100
0.4708944628490298 0.09449439974759426 0.00015775358889414735

1745467101
0.27197372536753206 0.07413199874882702 0.00015639662183296842

1745467102
0.38990825688073394 0.06248022777602025 0.00015817779183802593

1745467103
0.5011065444198546 0.16550742965539045 0.0003161555485298767

1745467104
0.4454295322531336 0.0698563130541119 0.0001528584530724549

1745467105
0.31327275435721735 0.0591389840607776 0.0023834351258751676

1745467106
0.2586076141362051 0.09798270893371758 0.0015167602002123465

1745467107
0.2643660915228807 0.13533383345836458 0.0012003000750187547

1745467108
0.4585064450836263 0.21082347927985512 0.00031959092361776926

1745467110
0.68105152960335 0.216587181574968 0.0

1745467111
0.9014740108611327 0.09852598913886734 0.0

1745467112
0.8968154854823603 0.10302841086481423 0.0

1745467113
0.9044129112739747 0.09558708872602525 0.0

1745467114
0.8850229321524593 0.09267752649058991 0.0

1745467115
0.6252357008170961 0.06348208673790069 0.0021998742928975488

1745467116
0.3917494270435447 0.11291061879297173 0.025057295645530938

1745467117
0.44955840278641623 0.16880208981216568 0.00012439358129120537

1745467118
0.6021521226415094 0.1252948113207547 0.0

1745467119
0.6084600132187706 0.07944481163251818 0.0

1745467121
0.5666703552063738 0.07059864999446719 0.0005532809560694921

1745467122
0.5981282686484999 0.08285163776493257 0.0011010184420589045

1745467123
0.47506702412868634 0.09638069705093834 0.00026809651474530834

1745467125
0.5685176686553465 0.10775585130793942 0.0

1745467126
0.357007874015748 0.06960629921259842 0.0

1745467127
0.35934065934065934 0.17362637362637362 0.0015698587127158557

1745467128
0.44987389659520804 0.20649432534678436 0.00015762925598991173

1745467129
0.326553137811416 0.0846736045411542 0.0

1745467130
0.5650259474760182 0.11511243906274571 0.0

1745467131
0.6119006715602061 0.14383882555052319 0.002030298297672966

1745467132
0.8460573757642263 0.122432983226211 0.002037936980717981

1745467133
0.6852315394242804 0.10434918648310389 0.002190237797246558

1745467134
0.41318404037218104 0.10676549440151396 0.0006308153288124901

1745467135
0.8635235732009926 0.13601116625310175 0.0

1745467136
0.8567420109119251 0.14294621979734995 0.0

1745467137
0.8769302760879738 0.1229137420059273 0.0

1745467138
0.8183807439824945 0.12988433885589246 0.012191309784307595

1745467139
0.8710031347962383 0.12852664576802508 0.0

1745467140
0.7067573983225194 0.14306061085614813 0.0

1745467141
0.6679174484052532 0.21810506566604126 0.0

1745467142
0.8611502899232095 0.13884971007679048 0.0

1745467143
0.8861700480099117 0.11321046925816942 0.0003097413659594239

1745467144
0.8729662077596996 0.12687734668335418 0.0

1745467145
0.8849224988257398 0.11445122905902615 0.0001565680288085173

1745467146
0.8718230310636963 0.12739253216190774 0.0

1745467147
0.8649906890130353 0.13423339540657978 0.0

1745467148
0.8709829126822386 0.12839002978523278 0.0

1745467149
0.8347511027095148 0.12948960302457466 0.0007876496534341525

1745467150
0.6010997643362137 0.12348782403770621 0.0014139827179890023

1745467151
0.42483865890130645 0.0796474106721234 0.00015740594994490792

1745467152
0.4849198868991517 0.11090166509582156 0.00031416902293433867

1745467153
0.7818099683782563 0.1806956783616925 0.0001505797319680771

1745467154
0.7706717400848822 0.07317430118542367 0.00043904580711254205

1745467155
0.663355579698898 0.07543069998447928 0.0007760360080707744

1745467156
0.5789537271958439 0.18013773106197897 0.0003624501631025734

1745467157
0.31376011773362766 0.12170713760117734 0.0

1745467159
0.49443443231209583 0.13431570020142056 0.000212021626205873

1745467160
0.8798882681564246 0.12011173184357542 0.0

1745467161
0.8602066374452098 0.13963681903569192 0.0

1745467162
0.8660770688566014 0.10628553379658875 0.0

1745467163
0.7051018796398674 0.11325225082925289 0.0

1745467164
0.7769795408402311 0.10198344526003436 0.00015617679212868969

1745467165
0.7858950031625553 0.0784313725490196 0.0

1745467166
0.8013536911695263 0.12230442310719346 0.0

1745467167
0.8731028008136442 0.05429510248787357 0.0

1745467168
0.8459233559375493 0.0622930137202334 0.0

1745467169
0.762776025236593 0.10883280757097792 0.0

1745467170
0.4410411045865736 0.13902555149976195 0.0

1745467171
0.6196115585030791 0.07563555976630348 0.0

1745467172
0.48264591439688714 0.25836575875486384 0.0

1745467173
0.40945790080738176 0.22621107266435986 0.0

1745467174
0.6267190569744597 0.17423870333988212 0.0

1745467176
0.5033959248901319 0.1502197363164203 0.00019976028765481422

1745467177
0.5493650793650794 0.14714285714285713 0.0

1745467178
0.6420687480290129 0.04856512141280353 0.0

1745467179
0.760603204524034 0.0666038328620798 0.0

1745467180
0.8927125506072875 0.10230457801308004 0.0

1745467181
0.8530567342448531 0.14002828854314003 0.00015715857300015716

1745467182
0.9147505083685281 0.0772720162677929 0.0

1745467183
0.8517364896433577 0.07895966360380004 0.0

1745467184
0.6199273645981368 0.19011526922469604 0.00015790304752881732

1745467185
0.819490754774174 0.13731433767808426 0.0001515610791148833

1745467186
0.8148691938067272 0.15950347036839296 0.0

1745467187
0.8020081227436823 0.162793321299639 0.0002256317689530686

1745467188
0.8181397501156872 0.14684559617461052 0.0007712478790683325

1745467189
0.8264919482159773 0.13419640037890748 0.0

1745467190
0.8149158708503865 0.15052296498408368 0.0

1745467192
0.8173542290850426 0.14392717215948375 0.00011523392486748098

1745467193
0.8374941121055111 0.11964201601507302 0.0

1745467194
0.8112052730696798 0.1413998744507219 0.0

1745467195
0.8518198820313624 0.10991224284275644 0.0

1745467196
0.8506757395331254 0.0954541158680654 0.0

1745467198
0.8967194711238617 0.06798054134963204 0.0

1745467199
0.8343519824478922 0.09779031499764927 0.0

1745467200
0.8615432971868615 0.06946408926606946 0.0

1745467201
0.7608078258125591 0.05711580940359735 0.0

1745467202
0.657792402034101 0.08181274304516901 0.0

1745467203
0.6242451690821256 0.05540458937198068 0.00030193236714975844

1745467204
0.7240800122156055 0.09207512597343105 0.00030539013589861045

1745467206
0.8215826071648622 0.11178593433676613 0.0

1745467207
0.6610220743876626 0.04732385848200786 0.00015119443604475356

1745467208
0.6185735512630015 0.05364041604754829 0.00029717682020802375

1745467209
0.6382533664531311 0.05360177801019741 0.0

1745467210
0.6283262734875638 0.05778212229825133 0.0

1745467211
0.6157649796393252 0.061518324607329845 0.0

1745467213
0.6477584629460201 0.0705790092798327 0.0036596523330283625

1745467214
0.6985375058971537 0.04812077370655764 0.0

1745467215
0.649111872857588 0.07338734808351512 0.0

1745467216
0.6968026460859978 0.05433926602614585 0.0

1745467217
0.7101494885916602 0.04500393391030685 0.0

1745467218
0.7161883621373077 0.03821151101950214 0.0022197558268590455

1745467219
0.7235275689223057 0.106203007518797 0.0020363408521303257

1745467220
0.7640308127652885 0.09196667190693288 0.0

1745467221
0.7589019607843137 0.12392156862745098 0.0

1745467222
0.782964010686783 0.09366650950809367 0.0

1745467223
0.8090680891120176 0.11233134609350487 0.0

1745467224
0.8198135522471128 0.09878948100737443 0.0011131209127591484

1745467225
0.8597902950499878 0.07717629846378932 0.0

1745467227
0.8612426035502958 0.11370808678500986 0.0003944773175542406

1745467228
0.9422449930135072 0.05744449619624282 0.0

1745467229
0.9379675810473815 0.06156483790523691 0.00015586034912718204

1745467230
0.9715536105032823 0.027195998749609252 0.0

1745467231
0.9739021722144084 0.02531645569620253 0.0

1745467232
0.9721003134796238 0.022884012539184952 0.0

1745467233
0.932640856153604 0.045011016682404786 0.0

1745467234
0.9363863707408565 0.052829009065332916 0.00015629884338855892

1745467235
0.9478892840575228 0.048863460646358436 0.0

1745467236
0.7973462002412546 0.07519099316445517 0.00013403029084573114

1745467237
0.8554016620498615 0.065595567867036 0.0

1745467239
0.8007137281141965 0.06936545109847217 0.00033456005352960856

1745467240
0.8955642023346303 0.10443579766536965 0.0

1745467241
0.9097861713750586 0.09021382862494147 0.0

1745467242
0.9447756510825227 0.054596799497960466 0.0

1745467243
0.7921146953405018 0.03724481845098956 0.00015583606046439146

1745467244
0.6249411764705882 0.019294117647058823 0.0

1745467245
0.5540135625295695 0.035167954581296325 0.0025232613152499604

1745467246
0.40232594688040235 0.06254911205406255 0.002043061449002043

1745467247
0.27101038715769593 0.0568146049732452 0.0003147623544224111

1745467248
0.250982241081251 0.05091937765205092 0.0

1745467249
0.44335906727587837 0.05766503860091382 0.00031510950055144165

1745467250
0.41794910863934176 0.04159683071765961 0.00015236934328813042

1745467251
0.3433347033840252 0.0509658857377723 0.0006850253459377997

1745467252
0.22983591402819506 0.03882597642708574 0.00011555350127108852

1745467253
0.20790944261355496 0.04456225820318097 0.0001432870038687491

1745467255
0.28782766675317933 0.04425123280560602 0.0002595380223202699

1745467256
0.6376499124107263 0.12114270313973859 0.00013475272874275703

1745467257
0.8987810523067428 0.10106465051689555 0.0

1745467258
0.8712615384615384 0.0848 0.0

1745467259
0.556577863224389 0.061933534743202415 0.0

1745467260
0.3704414587332054 0.03720655544072051 0.00014764506127270044

1745467261
0.2823749415614773 0.03740065451145395 0.0

1745467262
0.24622174668984886 0.036645713521465825 0.0

1745467264
0.3432672590567327 0.06780587833219412 0.0001367053998632946

1745467265
0.5467036982897238 0.07703552112264289 0.000146177459435755

1745467266
0.5046768707482994 0.055697278911564625 0.0002834467120181406

1745467267
0.3766661439548377 0.06445036851183943 0.00015681354869060687

1745467268
0.33338570306362925 0.055930871956009424 0.00015710919088766692

1745467269
0.6264719736222327 0.11979902653477784 0.0001570105197048202

1745467270
0.3999686176055233 0.04424917621214498 0.00015691197238349287

1745467271
0.5836220472440945 0.059370078740157484 0.00015748031496062991

1745467272
0.37915881983678595 0.036252354048964215 0.00047080979284369113

1745467273
0.48212662829445624 0.04119963647379582 0.0001514692517418964

1745467274
0.6743860739819708 0.17827168169101648 0.0

1745467276
0.8518987341772152 0.14810126582278482 0.0

1745467277
0.8476471501785992 0.15235284982140085 0.0

1745467278
0.8705307922507481 0.12946920774925186 0.0

1745467279
0.9042702956358517 0.0957297043641483 0.0

1745467280
0.9292226858290836 0.07062277855045589 0.0

1745467281
0.9248025276461296 0.07519747235387046 0.0

1745467282
0.9082942097026604 0.09076682316118936 0.0

1745467283
0.927292887692064 0.06557896404245209 0.0

1745467284
0.8056033808107685 0.08812020660510252 0.0

1745467285
0.7765424365800188 0.07203257124960852 0.00015659254619480113

1745467286
0.6219194856880453 0.05541099035665085 0.0

1745467287
0.7075512876473156 0.0600902080605267 0.00014549687181725592

1745467288
0.659841075794621 0.07564180929095354 0.0

1745467289
0.8296544375095144 0.048561424874410106 0.0

1745467290
0.5693832599118943 0.059628697293895534 0.0

1745467291
0.4932249322493225 0.04200542005420054 0.0

1745467292
0.3118805670555765 0.045540082800150546 0.00012545477355413375

1745467293
0.4211905108426721 0.05807014990539951 0.0

1745467294
0.29260450160771706 0.045475424896646764 0.0

1745467295
0.4595013564139 0.03991732334323731 0.0

1745467297
0.5246369294605809 0.07948651452282157 0.0

1745467298
0.22971683105313395 0.12138084632516703 0.0004772510340439071

1745467299
0.21509433962264152 0.07012578616352201 0.00031446540880503143

1745467300
0.4542170566986022 0.11449662321344432 0.00015705983979896342

1745467301
0.44118574582150744 0.09413434247871334 0.0001576789656259855

1745467302
0.38567839195979897 0.0888819095477387 0.000157035175879397

1745467303
0.4289328063241107 0.06687747035573123 0.0006324110671936759

1745467304
0.41632970451010887 0.08973561430793157 0.00015552099533437013

1745467305
0.3811188811188811 0.08671328671328671 0.00013986013986013986

1745467306
0.47153080273802117 0.06300560049782203 0.0

1745467307
0.7463565891472869 0.05534883720930232 0.0

1745467309
0.7670229270815376 0.043957938286502324 0.0004309601792794346

1745467310
0.7159090909090909 0.08001893939393939 0.0

1745467311
0.6389240506329114 0.12848101265822784 0.0

1745467312
0.6072262887400717 0.05591029434667497 0.0001557389814670612

1745467313
0.5869418588965332 0.04856333468231485 0.0

1745467314
0.4268387096774194 0.1856774193548387 0.00012903225806451613

1745467315
0.5703200775945684 0.11081474296799224 0.00012124151309408342

1745467317
0.5720486111111112 0.07349537037037036 0.00014467592592592592

1745467318
0.26311716452561523 0.11592632719393282 0.0

1745467319
0.434809253868546 0.11460088861651602 0.00015320974413972729

1745467320
0.32654200390734023 0.047446274072006696 0.00013954786491766677

1745467321
0.39623507805325986 0.09963269054178145 0.0

1745467322
0.37637969094922735 0.07663197729422895 0.0001576789656259855

1745467323
0.5087481146304675 0.06681749622926093 0.0

1745467324
0.26584362139917694 0.07544581618655692 0.00027434842249657066

1745467325
0.24237464662996577 0.0702276446957298 0.00014878738282993602

1745467326
0.36104398260028997 0.06488641855969067 0.0001208313194780087

1745467328
0.2635339974014725 0.059982676483326114 0.0

1745467329
0.5935952970297029 0.1864170792079208 0.0009282178217821782

1745467330
0.8518576334686232 0.14798626287855135 0.0

1745467332
0.8731028008136442 0.12681896416836175 0.0

1745467333
0.9030105524518932 0.09698944754810676 0.0

1745467334
0.9141779314680918 0.0858220685319082 0.0

1745467335
0.9332288401253919 0.06661442006269593 0.0

1745467336
0.9386666666666666 0.050352941176470586 0.0

1745467337
0.8263680807443621 0.06118908689481154 0.0

1745467338
0.5947672649832674 0.10921813203529054 0.000152114390021296

1745467339
0.6031210459721636 0.07169970476592155 0.0

1745467340
0.5333953200061987 0.14024484735781806 0.0006198667286533395

1745467341
0.3643196809326584 0.07700567571713453 0.00015339776039269826

1745467342
0.3294081189959715 0.13511000929656028 0.0001549426712116517

1745467343
0.33720397249809014 0.17692895339954162 0.0

1745467344
0.3042212518195051 0.15065502183406113 0.0

1745467346
0.2886692480130426 0.13185245567556553 0.0

1745467347
0.38144329896907214 0.11624084864784102 0.0

1745467348
0.6166561712846348 0.09477329974811083 0.00015743073047858942

1745467349
0.6142196716084808 0.06249003666507253 0.0

1745467350
0.26262463814731424 0.15069154068832422 0.0

1745467351
0.20743517650734145 0.06451109028428616 0.00015620118712902218

1745467352
0.21954674220963172 0.08498583569405099 0.0

1745467353
0.40466068335695166 0.10518028656904424 0.0001574555188159345

1745467354
0.2447244094488189 0.07826771653543307 0.00031496062992125983

1745467355
0.3167113776234811 0.09673347009626006 0.00015780337699226762

1745467356
0.4529282115869018 0.11886020151133501 0.00015743073047858942

1745467357
0.4711629372833281 0.1342578001890955 0.0001575795776867318

1745467358
0.3616043119847812 0.10177552314521243 0.0

1745467359
0.2941083306936966 0.09360152043078872 0.0

1745467360
0.36294656971229844 0.09832437559279165 0.0

1745467361
0.44785082174462704 0.08470290771175727 0.00015802781289506955

1745467362
0.6704415137614679 0.10106077981651376 0.00014334862385321102

1745467363
0.7368421052631579 0.07776071478430825 0.0

1745467364
0.6413925966698776 0.07706068528966561 0.0

1745467365
0.6093010680005407 0.06083547384074625 0.000135189941868325

1745467367
0.5956643658326143 0.09156600517687662 0.0

1745467368
0.6539829853054911 0.10363495746326373 0.0

1745467369
0.6283765347885403 0.08171896316507503 0.00013642564802182812

1745467370
0.5854707662896288 0.07264616855185599 0.0

1745467371
0.5923920994879298 0.09158741770299927 0.0008778346744696416

1745467373
0.601856023065141 0.08595368952157852 0.0

1745467374
0.6881483810122603 0.1095567431625275 0.0

1745467375
0.7333754541146739 0.11925446217027326 0.000157952930026852

1745467376
0.6029411764705882 0.07890575585072739 0.0

1745467377
0.6271293375394322 0.07665615141955837 0.0001577287066246057

1745467378
0.715675506041111 0.07578848266122705 0.0

1745467379
0.7346329193523031 0.19713881465178432 0.0

1745467380
0.8457579538365565 0.15408608858390518 0.0

1745467381
0.8878636221457616 0.11213637785423834 0.0

1745467382
0.8847869558529458 0.1152130441470543 0.0

1745467383
0.8757115749525617 0.1241302972802024 0.0

1745467384
0.8977077810697022 0.10229221893029783 0.0

1745467385
0.9239010556168269 0.07247518512683157 0.0

1745467386
0.9003771213073538 0.0740100565681961 0.00031426775612822125

1745467387
0.8182240818224081 0.08771114210444754 0.0001549666821633349

1745467388
0.7784064120697785 0.14505736287914506 0.00015715857300015716

1745467389
0.7866767600302801 0.16018168054504164 0.0001514004542013626

1745467390
0.6767357980162308 0.09843703035767959 0.00015028554253080853

1745467391
0.7567369654364382 0.09695371997656707 0.0

1745467392
0.6527808800536073 0.11023006477551932 0.00022336385972749609

1745467393
0.5183147531489793 0.13739684378167077 0.0

1745467394
0.655880256593015 0.13499643620812546 0.0

1745467396
0.684899546338302 0.13493195074530137 0.0002592352559948153

1745467397
0.8057948316366484 0.14220830070477683 0.0012529365700861394

1745467398
0.7434324366839704 0.1445650464055372 0.0003146138115463269

1745467399
0.7754177729189442 0.1421208808371076 0.0

1745467400
0.7269267364414843 0.15493181097367587 0.0001585791309863622

1745467401
0.6803993028046268 0.19426398352083663 0.00015845349389954048

1745467402
0.7548024363579572 0.18428861471185382 0.0

1745467403
0.7877365868919131 0.15282340059440014 0.000782105427811669

1745467404
0.7713414634146342 0.12703252032520326 0.0

1745467405
0.730384336475707 0.14865844815083393 0.000145032632342277

1745467406
0.8408634006983388 0.09491059147180192 0.0

1745467408
0.7113826537388763 0.17691592508965334 0.0

1745467409
0.5658286023249527 0.1516626115166261 0.0

1745467410
0.4866666666666667 0.19412698412698412 0.0

1745467411
0.5061023934062451 0.09890632429862102 0.0

1745467412
0.587336939230035 0.10054088450524976 0.0

1745467413
0.5826472450918303 0.14138695376820773 0.0

1745467414
0.7430643127364439 0.13887137452711223 0.00015762925598991173

1745467415
0.815153906866614 0.06708760852407261 0.0

1745467416
0.8116352201257861 0.075 0.0

1745467417
0.7392265193370166 0.10560378847671666 0.0

1745467418
0.736875395319418 0.08175205566097407 0.0

1745467419
0.5273481103492266 0.112103332801786 0.0

1745467420
0.41751269035532995 0.1388007614213198 0.0

1745467421
0.37892732465883844 0.07188194224055855 0.0

1745467422
0.3918406072106262 0.059297912713472484 0.0

1745467423
0.3172000630616428 0.055178937411319566 0.00015765410688948448

1745467424
0.3443708609271523 0.08514664143803216 0.0

1745467425
0.25396825396825395 0.07999371365708 0.0

1745467426
0.6195824106295477 0.04666244859221765 0.0

1745467427
0.7353637367839672 0.08568723370680133 0.0

1745467428
0.4930511686670878 0.26626658243840806 0.0

1745467429
0.27240885209361565 0.11797484476994109 0.0014328928514567743

1745467430
0.2563451776649746 0.12277918781725888 0.00015862944162436547

1745467431
0.26422578184591916 0.11517925247902365 0.0

1745467432
0.25078683834048643 0.15965665236051502 0.000715307582260372

1745467433
0.22486969471332838 0.09367088607594937 0.0001489203276247208

1745467435
0.2661000944287063 0.09631728045325778 0.0013220018885741266

1745467436
0.2945388179138004 0.12199915765829004 0.00014039028499227853

1745467437
0.21063426948564215 0.08709372041653518 0.0

1745467438
0.3748660645951324 0.06903413439461197 0.0

1745467439
0.24857895466518787 0.0695965617634826 0.00013863856924996534

1745467440
0.3903005288275506 0.11750290210241197 0.0

1745467441
0.46024124604754657 0.10809228246867314 0.00023421946363742828

1745467443
0.6870261162594776 0.09000280819994384 0.0

1745467444
0.7447705276303466 0.05291913830783641 0.0

1745467445
0.7326410415375078 0.044172349659020456 0.0

1745467446
0.6904366218462004 0.10620939718990784 0.0

1745467447
0.7289692374981775 0.07450065607231375 0.0

1745467448
0.8765320018157059 0.07368739597518535 0.00015130882130428205

1745467449
0.8750798313960915 0.0855792566100396 0.0

1745467451
0.8769007965242578 0.08227733526430123 9.051412020275162e-05

1745467452
0.8555205047318613 0.09873817034700315 0.0003154574132492114

1745467453
0.8590488149427091 0.09449066080678073 0.0

1745467454
0.8384265789061276 0.09230528130387086 0.0

1745467455
0.9001397732567169 0.08417456126727753 0.00046591085572293835

1745467456
0.8588342440801457 0.07225258044930176 0.0

1745467457
0.8784615384615385 0.07646153846153846 0.0

1745467458
0.867870145631068 0.07236043689320389 0.0

1745467459
0.8767047035903145 0.07305872529919287 0.0

1745467460
0.8902758837721598 0.058009021294450853 0.0002097975453687192

1745467462
0.8836148440389594 0.06312415238564911 0.0

1745467463
0.8627478753541077 0.0763456090651558 0.0

1745467464
0.8621243069740298 0.08257951561132186 0.0

1745467465
0.8758363155437996 0.08184222810020227 0.0017115294849852187

1745467466
0.8699031774171553 0.09491340515477976 0.0

1745467467
0.8760572043672151 0.08703675226818391 0.0

1745467469
0.8791424826811458 0.08472196217936716 0.0

1745467470
0.8569862155388471 0.09445488721804511 0.00015664160401002505

1745467471
0.8783847237439348 0.07121615276256064 0.0

1745467472
0.8905760801502818 0.059329993738259236 0.0

1745467473
0.8748433583959899 0.0631265664160401 0.0

1745467474
0.8691296180338134 0.0737319974953037 0.00031308703819661864

1745467475
0.884393063583815 0.07701921574753945 0.0003124511795032026

1745467476
0.8517181860975992 0.10466028557978974 0.0006276478895339715

1745467477
0.8640062597809076 0.09953051643192488 0.00015649452269170578

1745467478
0.855018005323313 0.09973383435102552 0.0

1745467479
0.8358419567262465 0.08607714016933207 0.0

1745467480
0.8558518518518519 0.08548148148148148 0.0

1745467481
0.8672618348408316 0.08974509573593328 0.0

1745467482
0.8443926514943789 0.10117905127502057 0.0

1745467483
0.8713858424725822 0.0833214641788919 0.0

1745467484
0.8608800846816875 0.07515499773174052 0.00015121729925903524

1745467485
0.839885092228606 0.10114907771394013 0.00015119443604475356

1745467487
0.843682048804059 0.09772892002899251 0.002174438270113554

1745467488
0.8578584846587352 0.09439574201628052 0.0

1745467489
0.825724907063197 0.1241635687732342 0.00014869888475836432

1745467490
0.8832227267435091 0.08441029223425311 0.0

1745467491
0.8664627930682977 0.07718071938255425 0.0

1745467492
0.8715243119920149 0.07500356480821332 0.0

1745467494
0.8204931506849316 0.09676712328767123 0.0

1745467495
0.8426507537688442 0.08558417085427136 0.0

1745467496
0.78599466164233 0.06767153399277752 0.0

1745467497
0.6717593321782958 0.06063947078280044 0.0

1745467498
0.8436724565756824 0.1015818858560794 0.0012406947890818859

1745467499
0.8573102460617107 0.06769951829188908 0.0

1745467501
0.7749383151216074 0.04176947479732111 0.0

1745467502
0.7375336393857844 0.03340193129650151 0.0

1745467503
0.7641081757073628 0.03829920275128967 0.0001563232765358762

1745467504
0.8022945151658023 0.030174446016030174 0.0

1745467505
0.7603854051492656 0.03617122097614911 0.0

1745467506
0.7756289308176101 0.05110062893081761 0.0

1745467507
0.726179170623615 0.050490661601772714 0.0

1745467508
0.6374921433060968 0.10920804525455688 0.00031426775612822125

1745467509
0.6512578616352201 0.14937106918238993 0.0018867924528301887

1745467510
0.8669285153181461 0.0831107619795758 0.0

1745467511
0.8587738504848296 0.10322177040975915 0.00031279324366593683

1745467512
0.8749608763693271 0.08200312989045383 0.00015649452269170578

1745467513
0.8789589212919411 0.0685167764189401 0.0

1745467514
0.8585304715650948 0.09337302208992637 0.00015666614444618518

1745467515
0.8451653345870553 0.09606644726531892 0.0

1745467516
0.8488063660477454 0.11281011078171321 0.0

1745467517
0.8611761035719856 0.10466385899235689 0.0

1745467518
0.818555397502766 0.12944523470839261 0.0

1745467519
0.8102144730751427 0.12976392532016665 0.0

1745467520
0.8809059547022648 0.08234588270586471 0.0

1745467521
0.8564271175825896 0.09268827305464224 0.0001565680288085173

1745467522
0.8691398287810844 0.08887077048512027 0.00010191602119853241

1745467523
0.8319442339748446 0.09365055311410819 0.0

1745467524
0.7886847905951506 0.05878030859662013 0.0

1745467526
0.7158417039816047 0.047319375529468716 0.0

1745467527
0.640538885486834 0.046693202694427435 0.0

1745467528
0.6589854624188061 0.05258274048871018 0.0

1745467529
0.7330883083341612 0.04340915863713122 0.0004966722956193504

1745467531
0.7325408618127786 0.054437390247197084 0.00013508037282182898

1745467532
0.8170763598326359 0.12421548117154811 0.0001307531380753138

1745467533
0.8392801251956181 0.11658841940532082 0.0

1745467534
0.8688498903165152 0.08429959260419931 0.0

1745467535
0.8635154171231805 0.09766786664579746 0.0

1745467536
0.8409517845961177 0.1141202254226675 0.0

1745467537
0.8697419859265051 0.08287724784988272 0.0

1745467538
0.7897379570061196 0.1517338772948376 0.0

1745467539
0.856919956311437 0.09939148073022312 0.0

1745467540
0.838768948093707 0.1007502679528403 0.00045934772622875517

1745467541
0.8479454086930722 0.10384215991692627 0.0001483459427384661

1745467542
0.815813389881854 0.08664041199636474 0.0003029385034837928

1745467543
0.722491025440924 0.07710316840955206 0.0

1745467544
0.625177533892834 0.050613298902517756 0.0

1745467545
0.5969221203171149 0.04710088605627234 0.000466345406497746

1745467546
0.6892010535557507 0.06087211003804507 0.0

1745467547
0.6425352958846501 0.08606188044457795 0.0

1745467549
0.5592531576057111 0.0442613948380011 0.00010982976386600769

1745467550
0.5466880653632915 0.05150277210388095 0.00014590020426028595

1745467551
0.6300499319110304 0.057497352095627174 0.0009078529278256923

1745467552
0.7243732148524278 0.11583624246271025 0.00015867978419549348

1745467553
0.8812995651061653 0.07431568176004093 0.0

1745467555
0.8622078968573731 0.08129644551884681 0.0

1745467556
0.8865870255557236 0.08090125510358386 0.0

1745467558
0.8757466139480105 0.08429376629931859 0.0

1745467559
0.8291991495393338 0.10049610205527994 0.0

1745467560
0.879375 0.07921875 0.00046875

1745467561
0.8881445708054214 0.06839071506465182 0.0

1745467562
0.8806694154741693 0.08222168324035896 0.0

1745467563
0.8530368763557483 0.08337852494577007 0.00013557483731019523

1745467564
0.8628564056250806 0.08360211585601858 0.0

1745467566
0.8134354743665292 0.14142604596346495 0.00011785503830288745

1745467567
0.8417356016856563 0.11081629467769627 0.0

1745467568
0.8619877531794631 0.10409797456429581 0.0

1745467569
0.8672095208268087 0.08769182586908864 0.0

1745467570
0.8550323176361958 0.11064943059402893 0.0

1745467571
0.8695166247555183 0.09038837664151998 0.0

1745467572
0.8395320604789759 0.10418276128462642 0.00011036309458117205

1745467573
0.8494688014364806 0.10474337872213078 0.0

1745467574
0.8675278274014017 0.08217672117630892 0.0

1745467575
0.7815489046590558 0.08963282937365011 0.0

1745467577
0.736681500317864 0.059249841068022883 0.0

1745467578
0.7186757484555679 0.057658799303025504 0.0

1745467579
0.5528135806350204 0.09745363093366866 0.00015718327569946557

1745467580
0.5088161209068011 0.07005667506297229 0.0

1745467581
0.522805913809374 0.06684491978609626 0.00015728216420257942

1745467582
0.4974739501105147 0.07641300915693085 0.0

1745467583
0.6717989002356638 0.10966221523959152 0.00031421838177533385

1745467584
0.747382590487586 0.09183368232126832 0.0002991325157044571

1745467585
0.8046692607003891 0.0943579766536965 0.0

1745467587
0.8442901864706683 0.09391588403429972 0.0

1745467588
0.7947703180212015 0.14318021201413428 0.0001413427561837456

1745467589
0.7760174418604651 0.1697674418604651 0.0

1745467590
0.746487477092242 0.19547953573610263 0.0

1745467592
0.8140600315955766 0.11800947867298578 7.898894154818325e-05

1745467593
0.8425041834826262 0.10000984348853234 9.84348853233586e-05

1745467594
0.8332663720369626 0.11303066827373778 0.0

1745467596
0.7974055703929798 0.1509601933104413 0.0008902454533892916

1745467597
0.8784122999686226 0.12127392532161908 0.0

1745467598
0.9554941682013505 0.044505831798649476 0.0

1745467599
0.9472210700953961 0.05111986727498963 0.0

1745467601
0.9130526094718051 0.08358710490391684 0.0

1745467602
0.955327545382794 0.042146803472770326 0.0

1745467603
0.8676840780365009 0.09093769666456891 0.0

1745467604
0.9106835601439074 0.08900359768496793 0.0

1745467605
0.9295317570700047 0.07046824292999536 0.0

1745467606
0.8489254108723135 0.10745891276864729 0.0

1745467607
0.8839425179631365 0.11355826304279913 0.0

1745467608
0.950247218788628 0.0495982694684796 0.0

1745467609
0.9020602218700475 0.05515055467511886 0.0

1745467610
0.849890316515199 0.12582262613600753 0.00015669069257286117

1745467611
0.7992131720821798 0.13988051872359028 0.0

1745467612
0.800864731315627 0.1314391599752934 0.0002470660901791229

1745467613
0.8144481114778145 0.14118078474514117 0.0

1745467615
0.7949011089516406 0.14645021150108609 0.0

1745467616
0.794396887159533 0.13649805447470817 0.0

1745467617
0.7459262774877393 0.20186679322891948 0.0

1745467618
0.7133826703669441 0.2158495220474869 0.0001541782300339192

1745467619
0.7385100836877486 0.19138427767869393 0.00013719303059404582

1745467620
0.6193488862528008 0.2089099775932516 0.00013180440226703572

1745467621
0.5066704920384449 0.17085066704920385 0.0

1745467622
0.27569279493269994 0.20285035629453682 0.004592240696753761

1745467623
0.33377869549374467 0.19494716385278757 0.002064860925543544

1745467624
0.7185779455718107 0.1812175554506843 0.0

1745467626
0.5844348730135155 0.17495915639388088 0.0001485222040695084

1745467627
0.5494776552524666 0.1786128845037725 0.00043528728961114336

1745467628
0.6018998272884283 0.135146804835924 0.00014392630972941855

1745467629
0.3781064186613813 0.16664125628906845 0.0

1745467630
0.3956989247311828 0.19615975422427034 0.00015360983102918587

1745467631
0.30696358267716534 0.1577263779527559 0.00012303149606299212

1745467632
0.2514476901299704 0.15596448333547805 0.0

1745467634
0.6301491872634157 0.2728790915163661 0.00033400133600534405

1745467635
0.6966750313676286 0.21925972396486826 0.0

1745467636
0.7655712050078247 0.19718309859154928 0.00015649452269170578

1745467637
0.7801852724132516 0.18542942377139268 0.0001570105197048202

1745467638
0.7608933312509761 0.15320943307824458 0.00015617679212868969

1745467639
0.7988634664273965 0.1117092866756393 0.0019440705847166143

1745467641
0.7965022497665336 0.12097801171576535 8.489685032685287e-05

1745467642
0.7644110275689223 0.14458020050125314 0.00015664160401002505

1745467643
0.8036415005493643 0.07377177837074243 0.0

1745467644
0.7949482271728898 0.0676184499529338 0.00031377470975839345

1745467645
0.7310540412793446 0.0809831416417205 0.0

1745467646
0.7478095794392523 0.040449766355140186 0.00014602803738317756

1745467647
0.6647646219686163 0.0752892692978285 0.0

1745467648
0.6211641885479279 0.11736792154381524 0.0

1745467649
0.4359488207183598 0.18853090796978572 0.0004624633883150917

1745467650
0.3735580185478399 0.207758425695544 0.00045238633793259444

1745467651
0.3458625912157511 0.09114690899077516 0.0

1745467653
0.29207180254300674 0.09386686611817502 0.00012465719272001995

1745467654
0.7786472148541114 0.21578249336870026 0.0005305039787798408

1745467655
0.8315672940060098 0.15910169223469872 0.0011070694290684802

1745467656
0.9018932874354562 0.09200438116100766 0.0

1745467657
0.8907052779075199 0.10633660283356687 0.0

1745467658
0.865427040655531 0.10809959029309801 0.0

1745467659
0.7653885705890995 0.13721169384457177 0.00014690759512266783

1745467661
0.8951936987622569 0.10480630123774312 0.0

1745467662
0.9175416924027178 0.08245830759728227 0.0

1745467664
0.9061544492355939 0.09384555076440612 0.0

1745467665
0.7726192362541594 0.10980827127238156 0.0023768024084931073

1745467666
0.7231974921630094 0.13213166144200628 0.01018808777429467

1745467667
0.823317119096187 0.1383963596422407 0.005648831005805743

1745467668
0.7804916236104588 0.17363394394864567 0.0004697040864255519

1745467669
0.7851097178683386 0.14169278996865203 0.0

1745467670
0.8091435728824175 0.12149679035540943 0.005010176921872554

1745467671
0.8382952052648073 0.0694139768097775 0.008304606706361642

1745467672
0.7964408367155792 0.1294099281923197 0.007180768029971901

1745467673
0.788496652465003 0.16768107121119902 0.00015216068167985393

1745467675
0.8413914153502473 0.11528642093505664 7.978299026647519e-05

1745467676
0.8255054432348367 0.15116640746500778 0.0

1745467677
0.824699936828806 0.1127605811749842 0.0

1745467678
0.8276402381698527 0.0919774365402695 0.00031338138514572234

1745467679
0.7816342412451361 0.1294941634241245 0.0

1745467680
0.7674216027874564 0.16303716608594657 0.0

1745467681
0.8373378454596728 0.09024252679075014 0.003496897913141568

1745467682
0.8085395292697647 0.09837054918527459 0.0033192516596258297

1745467683
0.7778422273781903 0.10281322505800464 0.005655452436194895

1745467684
0.7903225806451613 0.09905660377358491 0.00030432136335970786

1745467686
0.8431439653205567 0.09628108601414556 0.0004563084645220169

1745467687
0.8805784481418131 0.1099362463069507 0.0

1745467688
0.9015568485610945 0.09655606227394245 0.0

1745467689
0.9041784480050267 0.08561105874960728 0.00031416902293433867

1745467690
0.8056892159637702 0.1051514293801302 0.002547410133031418

1745467691
0.8501652061485419 0.10170952449360723 0.0

1745467692
0.84850640113798 0.10384068278805121 0.00011853959222380275

1745467694
0.8172883863468244 0.13864524992074395 0.0

1745467695
0.8138950015718328 0.09100911662999057 0.0

1745467696
0.8337527524378735 0.08351682919156968 0.0

1745467697
0.8346938775510204 0.09607535321821035 0.0

1745467698
0.7993405558172397 0.15983670905950698 0.0

1745467699
0.7559178554632388 0.19140931180435805 0.00015676438313215238

1745467700
0.7188378631677601 0.2021243361449547 0.001718213058419244

1745467701
0.7693037974683544 0.13180379746835444 0.008227848101265823

1745467702
0.7402371541501976 0.1484584980237154 0.013438735177865613

1745467703
0.7915033704342374 0.13575795579244396 0.003605580812039505

1745467704
0.8249590387766248 0.10759148006553795 0.001774986346258875

1745467706
0.8704425979311514 0.07164659996608445 0.000763099881295574

1745467707
0.8516431924882629 0.07120500782472614 0.00015649452269170578

1745467708
0.8134902670891806 0.07786328655500227 0.0001508978421608571

1745467709
0.870749220972768 0.07532854626744344 0.00013548299688389108

1745467710
0.8545761670761671 0.0949017199017199 0.0

1745467712
0.9350921638857342 0.06254913951253603 0.0

1745467713
0.9218016890835158 0.07694713794182045 0.0

1745467714
0.9212264150943397 0.07625786163522012 0.0

1745467715
0.9411855990068281 0.05726256983240224 0.0

1745467716
0.9460302604897832 0.05350179379192014 0.0

1745467717
0.9444183497729763 0.05370283388132143 0.0

1745467718
0.9476145930776426 0.04490177736202058 0.0

1745467719
0.9523510971786834 0.04655172413793104 0.0

1745467720
0.9611711288554877 0.038359167058086736 0.0

1745467721
0.9616280876184558 0.03759515302159391 0.0

1745467722
0.9657985566363351 0.03294634452463131 0.0

1745467723
0.9691946833463644 0.029241594996090695 0.0001563721657544957

1745467724
0.9592795614722005 0.03837118245888802 0.0

1745467725
0.9515953307392996 0.047003891050583654 0.0

1745467726
0.9403193303363819 0.059525654937219036 0.0

1745467727
0.9523809523809523 0.047619047619047616 0.0

1745467728
0.975625 0.024375 0.0

1745467729
0.965259386197227 0.034584826296930986 0.0

1745467730
0.9693755602031671 0.030176277263220794 0.0

1745467731
0.9677776241183792 0.031116028211865578 0.0

1745467732
0.9622229160162348 0.03699656571963784 0.0

1745467733
0.9518471739816862 0.040101041995579415 0.00015787811809283233

1745467734
0.9221722085087847 0.06359808334543343 0.0

1745467736
0.909913947651488 0.06489781283614199 0.0

1745467737
0.8384651090824694 0.07349528082933622 0.0

1745467738
0.8303784735320004 0.09279517163334591 0.0001257387149503332

1745467739
0.8637602179836512 0.0888283378746594 0.00013623978201634878

1745467740
0.8642701803761034 0.09684022003326084 0.0

1745467742
0.8817632987811823 0.08178608041918214 0.00011390818999886092

1745467743
0.8693066207544217 0.08295507904210361 0.0

1745467744
0.8428549068711848 0.11112850211300673 0.0004695570511817186

1745467745
0.8070175438596491 0.08239348370927319 0.00046992481203007516

1745467746
0.7865977767339909 0.11664318146234538 0.0

1745467747
0.8007507037847983 0.12840162652486706 0.0

1745467748
0.7186031944879424 0.12746633260256812 0.019887253366739743

1745467749
0.8056761786600496 0.11181761786600496 0.003101736972704715

1745467750
0.8260146834741654 0.12688738052361823 0.00013852334118298935

1745467751
0.8507825558425771 0.10515119282783772 0.0

1745467752
0.8914414414414414 0.08228228228228228 0.0

1745467754
0.8650661526329624 0.08358888986243757 0.0

1745467755
0.850109409190372 0.11487964989059081 0.002344482650828384

1745467756
0.8191238813000471 0.10896530067514523 0.0

1745467757
0.8187972292191436 0.12232367758186398 0.0

1745467758
0.8383364602876798 0.10600375234521577 0.0

1745467759
0.8400939702427564 0.10759592795614722 0.0

1745467760
0.8700203093266677 0.08076862990157788 0.0

1745467761
0.819316586050866 0.10984552972382587 0.0

1745467762
0.8173789623087842 0.11023497870998265 0.00015770383220312253

1745467763
0.8295010167370561 0.1401532926638511 0.0

1745467764
0.8494398621199064 0.11719807952726825 0.0

1745467765
0.8443327602169025 0.11638672133315699 0.0

1745467766
0.8726258667470606 0.0895387398251432 0.0

1745467767
0.850516904163174 0.10533668622520256 0.0

1745467768
0.8289116671691288 0.11802833886041604 0.0

1745467770
0.8506944444444444 0.11898148148148148 0.00011574074074074075

1745467771
0.8475561841898476 0.10875373251610876 0.0

1745467772
0.841618315822487 0.1254508389524855 0.00015681354869060687

1745467773
0.8317096165933375 0.13136392206159647 0.0

1745467774
0.8169954947957123 0.1308062762156284 0.0

1745467775
0.8146349106863052 0.1416483860858665 0.00015669069257286117

1745467776
0.8316630128405887 0.14234262449107424 0.00031318509238960227

1745467777
0.8634978671541743 0.11395490554539915 0.00015234613040828764

1745467778
0.8361884368308351 0.10433024030454437 0.0

1745467779
0.8116829584265693 0.08762218819926981 0.0

1745467780
0.7414536495226363 0.08453957499230058 0.0003079765937788728

1745467781
0.7164800459374103 0.10766580534022395 0.0001435544071202986

1745467783
0.7059788280900552 0.10317578649172507 0.0

1745467784
0.8490082310079612 0.0878423964377277 0.0

1745467785
0.7095554883580284 0.16298760205624432 0.00015119443604475356

1745467786
0.7528009192760701 0.11419132433208848 0.004452743464521689

1745467787
0.7582901147257582 0.08926606946408927 0.00015715857300015716

1745467788
0.7744652406417112 0.09171122994652406 0.0

1745467789
0.675887802367473 0.10203293875450335 0.0

1745467790
0.6434375 0.09140625 0.0

1745467791
0.7114076050700467 0.08392261507671782 0.0

1745467793
0.5420011467889908 0.07138761467889908 0.00014334862385321102

1745467794
0.643620713591559 0.10315146466749965 0.0

1745467795
0.6754617414248021 0.08824391673995896 0.0

1745467796
0.5257460955620844 0.08303695685789392 0.0

1745467797
0.43752976662962373 0.07874265756469281 0.0014287982219399905

1745467798
0.5506110937010341 0.09746161078031965 0.0

1745467799
0.4698360162479314 0.08680607792989319 0.0

1745467800
0.34325051432188636 0.0780186738407976 0.0

1745467801
0.3289437958186261 0.060684224816725495 0.0

1745467802
0.34414741759667794 0.07085388009343369 0.0003893070334804049

1745467803
0.3602993585174626 0.0756711808030411 0.0

1745467804
0.15446134546024776 0.035596675552767756 0.0

1745467806
0.12486147026228298 0.03546361285555966 0.0

1745467807
0.15021123454858396 0.018463464246596777 0.0

1745467808
0.7464766677106169 0.11556529909176323 0.00015659254619480113

1745467809
0.46382847447169523 0.07265155020823692 0.0

1745467810
0.18656822376828056 0.04245349992900752 0.0002839698991906858

1745467812
0.09344549013075706 0.02740068293495461 0.00016656950112434413

1745467813
0.09911894273127753 0.07787916928886092 0.005506607929515419

1745467814
0.10723270440251573 0.05959119496855346 0.00220125786163522

1745467815
0.11517338772948375 0.05727286991997489 0.0

1745467816
0.11689062274237827 0.1283051582141309 0.00014448779078167894

1745467817
0.10779753761969904 0.04459644322845417 0.004651162790697674

1745467819
0.38263014181273675 0.08209283889720778 8.808244516867788e-05

1745467820
0.8987739704495442 0.10122602955045583 0.0

1745467821
0.9052863436123348 0.09455632473253618 0.0

1745467822
0.9111761083743842 0.08882389162561577 0.0

1745467824
0.9170477842611575 0.07956158334647533 0.0

1745467825
0.8882490272373541 0.07439688715953308 0.0

1745467826
0.39981021666930255 0.07037798513363909 0.0

1745467827
0.15255566008153026 0.038883662590153655 0.0

1745467828
0.13638523681292572 0.03690796768572786 0.0004752098843655948

1745467829
0.47263450834879406 0.09260977118119976 0.0006184291898577613

1745467830
0.9065274964947811 0.09316092849353481 0.0

1745467831
0.8929124110182606 0.1046115753636645 0.0

1745467832
0.8841723212876755 0.11582767871232444 0.0

1745467833
0.9111774878163811 0.08882251218361893 0.0

1745467834
0.9126138644434152 0.08738613555658484 0.0

1745467835
0.9375588327580797 0.062284279887041105 0.00015688735487919673

1745467836
0.428480912402978 0.05037224774275305 0.00887058450815777

1745467837
0.194086190625983 0.05787983642654923 0.00031456432840515884

1745467838
0.18403652392947104 0.04880352644836272 0.0

1745467839
0.20521684475172847 0.09098051539912005 0.0

1745467840
0.23540519276160504 0.16097560975609757 0.00015735641227380016

1745467841
0.2645761109360227 0.1878348566025843 0.0

1745467842
0.30248378421135896 0.2097769340294257 0.0030058535041923747

1745467843
0.5435160322223977 0.18496288106144368 0.0

1745467844
0.5505896958410925 0.12306021104903786 0.0004655493482309125

1745467845
0.8745930863432027 0.1254069136567974 0.0

1745467846
0.8949009823795415 0.10509901762045844 0.0

1745467848
0.8960131847433684 0.10398681525663162 0.0

1745467849
0.9053929121725732 0.09460708782742681 0.0

1745467851
0.9442467378410438 0.05575326215895611 0.0

1745467852
0.9256198347107438 0.05785123966942149 0.00012913223140495868

1745467854
0.7091805298829328 0.15526802218114602 0.0005281225244256667

1745467855
0.7192118226600985 0.13604752245725876 0.0

1745467856
0.8255296181352044 0.12198083929294293 0.0

1745467857
0.856125678119349 0.07255877034358046 0.0005650994575045208

1745467859
0.855702500982061 0.0983370433416263 0.0

1745467860
0.8706461047593725 0.07883541611273598 0.0

1745467861
0.8860184750273994 0.08376389541255676 0.0

1745467862
0.870054730258014 0.06442533229085223 0.0

1745467863
0.8368437598239548 0.09289531593838415 0.00015718327569946557

1745467864
0.862751256281407 0.0780464824120603 0.000157035175879397

1745467865
0.8210872630424565 0.10653297822340592 0.0028199906000313333

1745467866
0.8268147684605757 0.10481852315394243 0.0015644555694618273

1745467867
0.845767237317418 0.07161928694832731 0.0

1745467868
0.841684935797056 0.0548073911681804 0.0

1745467869
0.8303487276154571 0.08781024191014766 0.000471253534401508

1745467870
0.8420639899623589 0.056461731493099125 0.0

1745467871
0.7817713278177133 0.040146480401464804 0.0

1745467872
0.7611917494270436 0.03361344537815126 0.00015278838808250572

1745467874
0.5783741734733566 0.11814469078179697 0.0

1745467875
0.22214809873248834 0.1933288859239493 0.005070046697798532

1745467876
0.16191222570532915 0.021630094043887146 0.0059561128526645765

1745467877
0.1402132998745295 0.013958594730238394 0.00533249686323714

1745467878
0.13602998594408872 0.006247071685147587 0.0

1745467879
0.1341577958672511 0.007827175954915467 0.0

1745467880
0.2965593434343434 0.13462752525252525 0.00015782828282828284

1745467881
0.3022452504317789 0.06311822892133773 0.0

1745467882
0.29252981795354677 0.07109227871939737 0.0009416195856873823

1745467883
0.235625 0.0678125 0.00015625

1745467884
0.13885831105519736 0.07092310111652776 0.0

1745467885
0.09399027145771223 0.05303624666562059 0.0

1745467886
0.09339799749687108 0.012984981226533167 0.00015644555694618273

1745467887
0.0714956195244055 0.011420525657071339 0.0

1745467888
0.08003132341425215 0.024119028974158182 0.00015661707126076742

1745467889
0.5667604752970606 0.12695434646654158 0.0

1745467890
0.8468735381256822 0.15187899578980196 0.0001559332605644784

1745467891
0.9076010613391603 0.0923989386608397 0.0

1745467892
0.9104593420235878 0.08954065797641217 0.0

1745467893
0.890282131661442 0.109717868338558 0.0

1745467894
0.9290503664431623 0.07094963355683767 0.0

1745467895
0.9552449748743719 0.04459798994974874 0.0

1745467896
0.964375 0.035625 0.0

1745467897
0.9661624824575081 0.03383751754249181 0.0

1745467898
0.9438149197355996 0.04107648725212465 0.00047214353163361664

1745467899
0.6526843011425888 0.039129754265143216 0.0046955705118171855

1745467900
0.6208782622284732 0.12626972964525707 0.0

1745467901
0.8462608158220025 0.08297280593325093 0.00015451174289245981

1745467903
0.9016045304388862 0.08250747207802422 7.865345288658172e-05

1745467904
0.9000311915159077 0.080630068621335 0.0

1745467905
0.8214285714285714 0.14438339438339437 0.0

1745467907
0.7902357968032917 0.19077385662288338 0.0

1745467908
0.8106765983860956 0.1654252017380509 0.0

1745467909
0.8961442786069652 0.10090174129353234 0.0

1745467911
0.9167974882260597 0.06452119309262166 7.849293563579278e-05

1745467912
0.9530222361415597 0.03758221108675227 0.0

1745467913
0.894811320754717 0.06871069182389937 0.0

1745467914
0.8281371180393982 0.14006514657980457 0.0007755545214828603

1745467915
0.9085444396736797 0.08143695434378131 0.0010018605982539

1745467916
0.9154929577464789 0.06904170118751726 0.0

1745467918
0.9359245549092191 0.05349903049532875 0.0

1745467919
0.8726786276361347 0.10560276990871892 0.0

1745467920
0.8048015063549349 0.14828181390240075 0.0

1745467921
0.7031053952321205 0.14037013801756587 0.0

1745467922
0.506978202916732 0.08138623177042496 0.00015681354869060687

1745467923
0.4116352201257862 0.03647798742138365 0.0

1745467924
0.272984441301273 0.02986012887002986 0.0

1745467925
0.13216410898841216 0.011744440964610085 0.0

1745467926
0.12345292182359392 0.029453235155882815 0.0

1745467927
0.11427224143351147 0.017132977051241748 0.00015718327569946557

1745467928
0.11583738816512322 0.016637890441061058 0.0

1745467929
0.33968992248062013 0.08418604651162791 0.0001550387596899225

1745467930
0.8366577666090781 0.1622428145123292 0.0

1745467931
0.904318111214663 0.09568188878533707 0.0

1745467932
0.9074827802128992 0.09251721978710081 0.0

1745467933
0.8998109640831758 0.1001890359168242 0.0

1745467934
0.9345228859581071 0.06532195500387898 0.0

1745467935
0.9607137267177962 0.038660197213961495 0.0

1745467936
0.9625543816034804 0.03682411435674332 0.0

1745467938
0.48011408651560766 0.07209633972429091 0.0

1745467939
0.37880690737833594 0.10392464678178964 0.0

1745467940
0.5017235976183014 0.025227201504230648 0.0

1745467941
0.6088180112570356 0.017979987492182613 0.0

1745467942
0.6937402190923317 0.012206572769953052 0.0

1745467943
0.7884012539184952 0.012225705329153605 0.0

1745467944
0.8687754462887567 0.012057626056999686 0.0

1745467945
0.9189992181391712 0.0145426114151681 0.0

1745467946
0.9207641716254307 0.018321327904791733 0.00015659254619480113

1745467947
0.958814352574103 0.0171606864274571 0.0

1745467948
0.9586530931871574 0.010493343774471418 0.0

1745467949
0.9607075767063243 0.00939261114589856 0.0

1745467950
0.95546875 0.013125 0.0

1745467951
0.9489428347689898 0.012529365700861394 0.0

1745467952
0.9318110728808258 0.007507037847982484 0.0

1745467953
0.8949592986850344 0.007827175954915467 0.0

1745467954
0.8746134817563389 0.021954236239950527 0.0

1745467955
0.9319388073680924 0.06806119263190759 0.0

1745467956
0.9445396479202368 0.0554603520797632 0.0

1745467957
0.9644765796919208 0.03552342030807922 0.0

1745467958
0.9483810417644298 0.05161895823557015 0.0

1745467959
0.9652647975077882 0.03473520249221184 0.0

1745467960
0.9679295708221978 0.032070429177802236 0.0

1745467961
0.9741634241245136 0.025836575875486382 0.0

1745467962
0.9779515246286161 0.022048475371383894 0.0

1745467963
0.9790592280043757 0.020940771995624316 0.0

1745467964
0.975132937128558 0.024867062871441976 0.0

1745467965
0.9743990009366219 0.025600999063378083 0.0

1745467966
0.9699921445404556 0.03000785545954438 0.0

1745467967
0.9601313320825516 0.030331457160725453 0.0

1745467968
0.7445106649937264 0.03042659974905897 0.00015683814303638644

1745467969
0.5356527190095596 0.025544585488167997 0.0

1745467970
0.27566212192446327 0.02679830747531735 0.0

1745467971
0.1413366724056973 0.014712787603693848 0.0

1745467972
0.12993112085159675 0.007670632435817157 0.0

1745467973
0.10545227308233089 0.012185596000624903 0.0

1745467974
0.08558488208652194 0.012181789786037794 0.00015617679212868969

1745467975
0.10742767787333854 0.026583268178264268 0.00109460516028147

1745467976
0.46430252628275537 0.08598776086615409 0.0007845598619174643

1745467977
0.49272869429241595 0.035183737294761534 0.0

1745467978
0.3248667293822515 0.021793665725932894 0.0

1745467979
0.19336670838548184 0.011733416770963704 0.0

1745467980
0.12195121951219512 0.005472170106316448 0.0

1745467981
0.09201643674787202 0.016436747872028177 0.000146756677428823

1745467983
0.10230407269187085 0.010303423657309753 0.0

1745467984
0.5930437136283665 0.05332250642847476 0.00013533631073216944

1745467986
0.9093213893349108 0.09067861066508916 0.0

1745467987
0.917989417989418 0.082010582010582 0.0

1745467988
0.91828125 0.0815625 0.0

1745467989
0.9338223817699391 0.06617761823006087 0.0

1745467990
0.939020586400499 0.06082345601996257 0.0

1745467991
0.6431237438989377 0.06632213608957795 0.0

1745467993
0.4408531040753906 0.05017773001570637 0.0004133256179217988

1745467994
0.47622017776391706 0.12318727584593794 0.0001559332605644784

1745467995
0.8876386935458666 0.11157993436474449 0.0001562744178777934

1745467996
0.9082312819717874 0.09114865912261665 0.0

1745467997
0.9353624097897709 0.06463759021022905 0.0

1745467998
0.9304729094895083 0.0693704979642969 0.0

1745467999
0.9309542280837859 0.06873545384018619 0.0

1745468000
0.9348169191919192 0.06502525252525253 0.0

1745468001
0.9026645768025079 0.09733542319749217 0.0

1745468002
0.8999377528789293 0.10006224712107065 0.0

1745468003
0.8867747972551466 0.1132252027448534 0.0

1745468004
0.9176672384219554 0.0823327615780446 0.0

1745468005
0.9253731343283582 0.057187745483110765 0.0

1745468006
0.46349905601006924 0.04137822529893014 0.0

1745468007
0.20354398620040773 0.030892269092049552 0.00031362709738121374

1745468008
0.18109375 0.03359375 0.00015625

1745468009
0.27955296710215644 0.040453329135841334 0.0

1745468010
0.23726437139741394 0.026016513475619254 0.0

1745468011
0.2320867379006914 0.018541797611565054 0.00015713387806411063

1745468012
0.18052293721622045 0.01972757162987318 0.0

1745468013
0.43961201501877345 0.11373591989987485 0.00015644555694618273

1745468014
0.5647871839170724 0.057326841526621646 0.0

1745468015
0.5423942111058675 0.06087777253421425 0.0

1745468016
0.6325853350189633 0.041719342604298354 0.0

1745468017
0.6042275066054791 0.03796412181894034 0.0

1745468018
0.7175732217573222 0.1607890017931859 0.00014943215780035862

1745468019
0.888560574081891 0.07246376811594203 0.0

1745468020
0.8189076162717019 0.06868584463312635 0.0

1745468022
0.6832781986981112 0.050154732685946 0.0

1745468023
0.35758245226447843 0.13429067382041976 0.0

1745468024
0.34837289734318505 0.11083163024681654 0.0

1745468025
0.30782445728564733 0.01858503826331407 0.00015617679212868969

1745468026
0.2765258215962441 0.019092331768388107 0.00015649452269170578

1745468027
0.22543804755944932 0.024405506883604506 0.00015644555694618273

1745468028
0.5724660074165636 0.1161928306551298 0.00015451174289245981

1745468029
0.8941732283464567 0.10566929133858267 0.0

1745468030
0.8325784788380447 0.16258004060596595 0.00015617679212868969

1745468031
0.9103641456582633 0.08948023653906007 0.0

1745468032
0.8886626996554964 0.1113373003445036 0.0

1745468033
0.9004531958118456 0.0995468041881544 0.0

1745468034
0.8671132575167472 0.13288674248325286 0.0

1745468035
0.8873944322802627 0.11244917109790428 0.0

1745468036
0.8639912554653342 0.13023110555902562 0.0001561524047470331

1745468037
0.906896551724138 0.09294670846394984 0.0

1745468038
0.9174886488179114 0.08251135118208862 0.0

1745468039
0.8880399189147045 0.1119600810852955 0.0

1745468040
0.9170189447314858 0.08282448723970565 0.0

1745468041
0.9009854528390427 0.0990145471609573 0.0

1745468042
0.9143302180685359 0.08551401869158878 0.0

1745468043
0.9143432465923172 0.08550185873605948 0.0

1745468044
0.8903115233390463 0.10888194374432907 0.0

1745468046
0.91909771174493 0.08090228825506995 0.0

1745468047
0.9212623027651929 0.07873769723480706 0.0

1745468048
0.9240526150955215 0.07579079235828375 0.0

1745468049
0.8938921782486756 0.10579619819258336 0.0

1745468050
0.9226779820839227 0.07732201791607732 0.0

1745468051
0.9173656415035726 0.08247903075489282 0.0

1745468052
0.9253125 0.07453125 0.0

1745468053
0.9253824539494224 0.07461754605057758 0.0

1745468054
0.9268712809270279 0.07312871907297212 0.0

1745468055
0.9153737658674189 0.08431280363579376 0.0

1745468056
0.8873260290198401 0.08779982232750963 0.002517026946994374

1745468058
0.8634354151595531 0.11429949360983843 0.0006430351257937464

1745468059
0.8371695178849144 0.16049766718507 0.0

1745468060
0.8184256191828364 0.16942735447231425 0.0

1745468061
0.66294080604534 0.07729848866498741 0.0

1745468062
0.6283464566929133 0.042834645669291335 0.0

1745468063
0.5211511243906275 0.057398962100959273 0.00015725743041358704

1745468064
0.41969887076537016 0.21675031367628608 0.00015683814303638644

1745468065
0.6514710166035538 0.05578211476842412 0.0

1745468067
0.3669926650366748 0.034229828850855744 0.00016299918500407498

1745468068
0.25058094500387296 0.03653498579912213 0.0

1745468070
0.19604756908009793 0.02229800629590766 0.00017488632388947185

1745468071
0.11631894827093456 0.012432123463846813 0.00014289797084881395

1745468073
0.5964408725602756 0.13941282597999016 0.00024602263408233556

1745468074
0.8328912466843501 0.07349040411920736 0.00015603058199407084

1745468075
0.8057553956834532 0.10697528933375039 0.0

1745468076
0.8025210084033614 0.10799875505757858 0.0001556178026766262

1745468077
0.7881595477386935 0.1041143216080402 0.000157035175879397

1745468078
0.7848318999218139 0.10774042220484754 0.0

1745468079
0.8107728337236534 0.07338017174082748 0.000156128024980484

1745468080
0.7813186813186813 0.1119309262166405 0.00015698587127158556

1745468081
0.8 0.12587959343236904 0.0006254886630179827

1745468082
0.8113561708118254 0.08618801814484593 0.0

1745468083
0.8329684078823898 0.11166718798873944 0.00015639662183296842

1745468084
0.8253869001094263 0.09363764264498983 0.0001563232765358762

1745468085
0.8288204170557112 0.08123249299719888 0.0001556178026766262

1745468086
0.8385981455288386 0.10183875530410184 0.00015715857300015716

1745468087
0.8465971032549447 0.08363183304781187 0.0001557389814670612

1745468088
0.8432203389830508 0.08882611424984306 0.00015693659761456373

1745468089
0.7841940532081377 0.09233176838810642 0.0

1745468090
0.6469483568075117 0.05978090766823161 0.00015649452269170578

1745468091
0.37770800627943485 0.04521193092621664 0.00015698587127158556

1745468092
0.24123356293049467 0.017689417658108955 0.0

1745468093
0.16135084427767354 0.017823639774859287 0.00015634771732332708

1745468094
0.36627200971463264 0.1264420157862781 0.00030358227079538557

1745468096
0.8688187356594668 0.13118126434053326 0.0

1745468097
0.9199440385512203 0.08005596144877973 0.0

1745468098
0.9248509570128648 0.07514904298713523 0.0

1745468099
0.9461442397752108 0.05385576022478926 0.0

1745468100
0.9544885830466062 0.04551141695339381 0.0

1745468101
0.8703151952328682 0.03983064136741415 0.0

1745468102
0.33705041620857545 0.014449505261504634 0.0

1745468103
0.1705790297339593 0.010485133020344288 0.0

1745468104
0.22662758407898798 0.035791422400493676 0.0

1745468105
0.9187411930483795 0.08125880695162048 0.0

1745468106
0.9313311434381355 0.06866885656186454 0.0

1745468107
0.9402914903620122 0.059708509637987774 0.0

1745468108
0.9398320895522388 0.060167910447761194 0.0

1745468109
0.9315326633165829 0.06815326633165829 0.0

1745468110
0.721741864486716 0.042288948278572554 0.0

1745468111
0.33149866331184147 0.03837081302091524 0.0

1745468112
0.12985588972431078 0.043703007518796994 0.00015664160401002505

1745468113
0.07721221613155833 0.019890368050117464 0.0

1745468114
0.07660910518053375 0.027472527472527472 0.00047095761381475666

1745468115
0.07576706324358172 0.02363807138384471 0.00031308703819661864

1745468116
0.10377210831115981 0.011425888245421819 0.0

1745468117
0.1088829703900987 0.02631991226695911 0.0

1745468118
0.1544477028347996 0.02304147465437788 0.00013964530093562352

1745468119
0.43863966886676364 0.09777380020136481 0.0

1745468121
0.7500264354446442 0.14201120862852915 0.0

1745468122
0.9419607843137255 0.05788235294117647 0.0

1745468123
0.9494103041589075 0.05012414649286158 0.0

1745468124
0.9452097683155918 0.05463368816530995 0.0

1745468125
0.9180790960451978 0.0800376647834275 0.0

1745468126
0.9251594834292827 0.07421814221254085 0.00015559358954411078

1745468127
0.9529614002187842 0.04563213002031567 0.0

1745468128
0.9183610119509545 0.08008691603290392 0.0

1745468130
0.9382706100410992 0.06156821661697155 0.0

1745468131
0.9552887072049054 0.04471129279509453 0.0

1745468133
0.9550370433449715 0.04487779954015158 0.0

1745468134
0.9341102644554011 0.050500522934409084 0.0

1745468135
0.8396849950780481 0.08775137111517367 0.0

1745468136
0.8341944574917802 0.10004697040864255 0.0004697040864255519

1745468137
0.76221928665786 0.16992914615107482 0.0021616428485649094

1745468138
0.7954441913439636 0.16826119969627942 0.0006074411541381929

1745468140
0.8051853394418992 0.136609745939192 0.0

1745468141
0.8655172413793103 0.11274362818590705 0.0

1745468142
0.8427719137218908 0.1322625057365764 0.0008260670032124828

1745468144
0.8588810837932764 0.11364776718514802 0.0

1745468145
0.8478838044666562 0.12525378728720912 0.00015617679212868969

1745468146
0.8542548189938881 0.12208117849866792 0.0

1745468147
0.8594745841753458 0.11736359396859941 0.0

1745468148
0.88859249960772 0.09524556723678017 0.0

1745468149
0.8870967741935484 0.09395552771688068 0.0

1745468150
0.9104524180967238 0.07082683307332294 0.0

1745468151
0.8259573132454489 0.1337099811676083 0.0

1745468152
0.8989519787267324 0.08384170186141092 0.0

1745468153
0.8552858261550509 0.1182458888018794 0.0

1745468154
0.8838659392049883 0.08994544037412315 0.0

1745468155
0.8299640332382487 0.11013270494853032 0.0

1745468157
0.8340725988956278 0.08889291210283334 0.0

1745468158
0.7225460847644557 0.10304080668032141 0.0

1745468159
0.7884736180904522 0.10819723618090452 0.000157035175879397

1745468160
0.8256506741925368 0.12668548134211352 0.0

1745468161
0.7634341218862604 0.17154942816857277 0.00015666614444618518

1745468162
0.8540362953692116 0.09339799749687108 0.0

1745468163
0.8261187481719802 0.12547528517110265 0.0

1745468164
0.8030976259997461 0.1134949854005332 0.0

1745468165
0.7907974728811539 0.10108475384431995 0.0

1745468167
0.8369540361308027 0.07214726732220443 0.0

1745468168
0.514290225801358 0.10832149060476867 0.0

1745468169
0.6742650526646754 0.17277157679610125 0.00015720798616569723

1745468170
0.85703125 0.11875 0.0

1745468171
0.9234472049689441 0.0765527950310559 0.0

1745468172
0.9210814189717144 0.07891858102828567 0.0

1745468173
0.920308079220371 0.07969192077962904 0.0

1745468174
0.9292474786656323 0.07075252133436773 0.0

1745468175
0.9492108141897171 0.050789185810282855 0.0

1745468176
0.8287375167685199 0.054106424206290055 0.0

1745468177
0.7903942254303165 0.054691837867851194 0.0

1745468178
0.8688380281690141 0.08758802816901408 0.00029342723004694836

1745468179
0.9050385149640106 0.05291072105063771 0.0

1745468180
0.9429759828257077 0.04374077552663357 0.0002683483161143164

1745468182
0.918608695652174 0.05982608695652174 0.00011594202898550724

1745468183
0.8812763960581886 0.08916001877053027 0.0

1745468184
0.8772131855477184 0.09212609759608464 0.00014394702749388226

1745468185
0.9382009067048437 0.05750417561441183 0.0

1745468187
0.9147777021111003 0.05525829360832766 0.0

1745468188
0.898688729316266 0.08460817983140806 0.00015610365282547612

1745468189
0.8634935595350298 0.11969839773798303 0.0

1745468190
0.8939892344497608 0.08896531100478469 0.00014952153110047846

1745468192
0.9022165319676723 0.08089941585980635 8.001920460910618e-05

1745468193
0.849859196680006 0.12864977026826738 0.0

1745468195
0.7984695932339911 0.11655255739025372 0.0

1745468196
0.8182506053268765 0.08489709443099273 0.0

1745468198
0.6896305125148987 0.12483114819229241 0.00015891934843067143

1745468199
0.78586017282011 0.08201099764336214 0.0

1745468200
0.7680420336887652 0.10894761242466389 0.0

1745468201
0.9533711405166981 0.04662885948330183 0.0

1745468202
0.9053077889447236 0.06312814070351759 0.0

1745468203
0.706501256281407 0.10003140703517588 0.0

1745468204
0.743890977443609 0.045269423558897244 0.00015664160401002505

1745468205
0.7222917971195992 0.12100814026299311 0.00015654351909830932

1745468206
0.7396143596174949 0.06991691487693996 0.0

1745468207
0.6162821888412017 0.06531652360515021 0.00013412017167381974

1745468208
0.6010557184750733 0.12035190615835777 0.00011730205278592375

1745468209
0.7883374689826302 0.0913151364764268 0.00012406947890818859

1745468211
0.8480525039235269 0.12469681837637324 0.00028534741047224997

1745468212
0.8225917273601759 0.1279373368146214 0.0

1745468213
0.7639498432601881 0.11990595611285267 0.0004702194357366771

1745468214
0.5459561721582847 0.07457039255872615 0.0

1745468215
0.19914124962984897 0.03050044418122594 0.0

1745468216
0.1336233056848068 0.01517297187942545 0.0

1745468218
0.5903103371288234 0.20361687876758205 0.00022326412145568208

1745468219
0.8994055068836045 0.10043804755944931 0.0

1745468220
0.89625 0.10375 0.0

1745468221
0.9490625 0.0509375 0.0

1745468222
0.938125 0.061875 0.0

1745468223
0.9260184173560169 0.0738255033557047 0.0

1745468224
0.9546666666666667 0.04533333333333334 0.0

1745468225
0.9674404112790155 0.03255958872098458 0.0

1745468226
0.9505151420543241 0.04948485794567593 0.0

1745468227
0.9468889918171993 0.05311100818280068 0.0

1745468229
0.9403587792187621 0.059563562941678964 0.0

1745468231
0.9279557137208383 0.07180703835508107 7.908264136022143e-05

1745468232
0.92054536906441 0.07867105469362169 0.0

1745468233
0.9465148916263839 0.053017308591922656 0.0

1745468234
0.9252176616915423 0.07478233830845771 0.0

1745468235
0.94796875 0.051875 0.0

1745468236
0.94894753377317 0.05105246622683003 0.0

1745468237
0.940230961298377 0.05945692883895131 0.00015605493133583021

1745468238
0.9404447208832218 0.059555279116778104 0.0

1745468239
0.9145658263305322 0.08543417366946779 0.0

1745468240
0.9297664141414141 0.07007575757575757 0.0

1745468241
0.9363097096472057 0.06369029035279425 0.0

1745468242
0.9411214953271028 0.05872274143302181 0.0

1745468243
0.9487541137752703 0.050932455727942326 0.0

1745468244
0.959210700569461 0.04012713547874454 0.0

1745468246
0.9646573222117121 0.03517069395476825 0.00017198383351964914

1745468247
0.9408375491849353 0.05902192242833052 0.0

1745468249
0.9450504048917534 0.054619071227896214 0.0

1745468250
0.9559375 0.04390625 0.0

1745468251
0.9630380536494073 0.03649407361197754 0.0

1745468252
0.9660163624921334 0.033983637507866586 0.0

1745468253
0.9344516930723827 0.06554830692761728 0.0

1745468254
0.9567786069651741 0.04306592039800995 0.0

1745468255
0.9503300848789689 0.049669915121031125 0.0

1745468256
0.9596433599249179 0.038166744877209446 0.00015642108556233381

1745468257
0.960349672182329 0.03965032781767093 0.0

1745468258
0.9593278894472361 0.04067211055276382 0.0

1745468259
0.9657587548638132 0.034085603112840465 0.0001556420233463035

1745468260
0.954082432220655 0.04576085253095126 0.0

1745468261
0.9501939487975175 0.04980605120248254 0.0

1745468262
0.943354777969559 0.05664522203044092 0.0

1745468263
0.9584439931260741 0.04155600687392595 0.0

1745468264
0.9562431629942179 0.04375683700578215 0.0

1745468265
0.942304693591143 0.05769530640885701 0.0

1745468266
0.9514593413454034 0.04838457936631809 0.0

1745468267
0.9659747151552989 0.03402528484470111 0.0

1745468268
0.9655172413793104 0.034482758620689655 0.0

1745468269
0.958125 0.041875 0.0

1745468270
0.9620021921812203 0.037997807818779684 0.0

1745468272
0.9674577490111471 0.03128371089536138 0.0

1745468274
0.9653861386138614 0.032475247524752476 0.0

1745468275
0.9388360118583242 0.04009985957247621 0.0

1745468276
0.9329038340666248 0.038654934003771214 0.0

1745468277
0.925839552238806 0.04399875621890547 0.0

1745468278
0.8831127914303718 0.04395085066162571 0.0

1745468279
0.9013536642290337 0.0577252217208651 0.0

1745468280
0.9106136505948653 0.05463368816530995 0.0

1745468281
0.8942428035043805 0.050375469336670836 0.0

1745468282
0.8943089430894309 0.04252657911194497 0.0

1745468283
0.7390350877192983 0.03195488721804511 0.0

1745468284
0.5946030260489783 0.02838870690999844 0.00015598190609889253

1745468285
0.7459451029320024 0.052557704304429194 0.0004678727386150967

1745468286
0.8911264946507237 0.07473253618628067 0.00015733165512901197

1745468287
0.8954714640198511 0.07428660049627792 0.0

1745468288
0.8911436212049709 0.08258612553091081 0.0007865345288658172

1745468289
0.8677000156568029 0.057303898543917334 0.0003131360576170346

1745468290
0.8358255451713396 0.0514018691588785 0.0

1745468291
0.8516250588789449 0.11430365834510912 0.0

1745468292
0.9007502344482651 0.0761175367302282 0.0

1745468293
0.7920049968769519 0.07995003123048094 0.0001561524047470331

1745468294
0.8386641580432738 0.0647538413295704 0.0

1745468295
0.8653545766947829 0.10356138706654171 0.0

1745468296
0.9119751166407465 0.06702954898911354 0.0

1745468297
0.92139396780747 0.062040943897483984 0.0

1745468298
0.9128043990573449 0.06300078554595444 0.0

1745468299
0.8662440080408227 0.10081954538425854 0.00015463120457708364

1745468300
0.8362803915377329 0.13214398484370066 0.0

1745468301
0.8800313234142522 0.10086139389193421 0.0

1745468302
0.8712902218056857 0.09934395501405811 0.0

1745468303
0.8594139650872819 0.1024002493765586 0.0

1745468304
0.6988806558410846 0.051395238845971934 0.0

1745468305
0.30688575899843507 0.01784037558685446 0.0

1745468306
0.2041392285983067 0.035120727500783946 0.0

1745468307
0.17931466124237208 0.01173525269910812 0.00015647003598810827

1745468308
0.5242400623538581 0.10709275136399064 0.0003117692907248636

1745468309
0.7940581738995178 0.1132368953180899 0.0

1745468310
0.852717980486294 0.14712714883072633 0.0

1745468311
0.8810675823318246 0.11893241766817543 0.0

1745468312
0.8990595611285267 0.10094043887147336 0.0

1745468313
0.8886119333229475 0.1113880666770525 0.0

1745468314
0.9198239270554944 0.08017607294450559 0.0

1745468315
0.932336742722266 0.06766325727773406 0.0

1745468316
0.8404455600878569 0.05145905240037653 0.0

1745468317
0.47232704402515724 0.022955974842767294 0.0

1745468318
0.3090397247419456 0.03737879261807945 0.0

1745468319
0.1801349442962498 0.023379883885140437 0.0

1745468320
0.11131957473420888 0.010475297060662914 0.0

1745468321
0.14101758793969849 0.016488693467336682 0.0

1745468322
0.11530491415038484 0.006512729425695678 0.0

1745468323
0.1278443113772455 0.027694610778443114 0.0

1745468325
0.7405214244592483 0.11563450941689284 8.224360555966774e-05

1745468326
0.8748658181260542 0.1251341818739457 0.0

1745468328
0.9076826295509948 0.09231737044900527 0.0

1745468329
0.925 0.075 0.0

1745468330
0.87117903930131 0.07532751091703056 0.0

1745468331
0.9586647948837935 0.04133520511620652 0.0

1745468332
0.9503780718336484 0.04946439823566478 0.0

1745468333
0.95328125 0.0465625 0.0

1745468334
0.9659375 0.0340625 0.0

1745468335
0.9732519943688409 0.02674800563115908 0.0

1745468336
0.97328125 0.02640625 0.0

1745468337
0.9890744498205088 0.010769470891212735 0.0

1745468338
0.9893617021276596 0.010638297872340425 0.0

1745468339
0.9903230841267364 0.009364757296706726 0.0

1745468340
0.9859616284510997 0.01357042583060365 0.0

1745468341
0.541364066940322 0.008525418377012947 0.0

1745468342
0.22873671044402752 0.006566604127579738 0.0

1745468343
0.2163476623784123 0.028239723878255414 0.0

1745468344
0.2904036437882833 0.03879378043034396 0.00015705983979896342

1745468345
0.24968349978899987 0.012800675200450133 0.0

1745468346
0.22437332139659802 0.012197851387645479 0.00011190689346463742

1745468348
0.48266527850078084 0.047787610619469026 0.00010411244143675169

1745468349
0.9327691584391161 0.06723084156088388 0.0

1745468350
0.8209606986899564 0.1788833437305053 0.0

1745468351
0.9303777708398376 0.06962222916016235 0.0

1745468352
0.9342641983056166 0.06557891433950423 0.0

1745468353
0.7535798583792289 0.04185680566483084 0.0

1745468354
0.51495793081957 0.08912433779993767 0.0

1745468355
0.8873042939079212 0.11269570609207875 0.0

1745468356
0.8727216077270603 0.12727839227293972 0.0

1745468357
0.8793532338308457 0.12049129353233831 0.0

1745468358
0.876339004410838 0.12366099558916194 0.0

1745468359
0.8936002522068096 0.1062421185372005 0.0

1745468360
0.9169923401594497 0.0781616382679381 0.0001563232765358762

1745468361
0.6066886481394254 0.0667294708745486 0.027947872507458

1745468362
0.31498663311841485 0.1588300047177229 0.006290297216543481

1745468363
0.17518248175182483 0.0681782885541233 0.00015530361857431278

1745468364
0.7562841530054645 0.24340359094457456 0.0

1745468365
0.8497667185069985 0.1494556765163297 0.0

1745468366
0.8653695276949631 0.13368900047073592 0.0

1745468367
0.6035026822341433 0.05853581571473651 0.0014200063111391606

1745468368
0.16267418193204947 0.014404258650383592 0.0001565680288085173

1745468369
0.09535719868688448 0.011567922463654838 0.0009379396592152572

1745468370
0.09017033911548679 0.012970776683856853 0.0006250976715111736

1745468371
0.12501958326805576 0.03509321635594548 0.00015666614444618518

1745468372
0.14211926749100015 0.04022538738456723 0.0003130380341211457

1745468373
0.12640977443609022 0.028352130325814535 0.00015664160401002505

1745468374
0.4819093949528732 0.130130738826391 0.00015202189115232594

1745468376
0.8259943181818182 0.17392676767676768 0.0

1745468377
0.869524697110904 0.13047530288909598 0.0

1745468378
0.891543832428239 0.10845616757176106 0.0

1745468380
0.9062770733244073 0.09372292667559266 0.0

1745468381
0.9117416522965982 0.08167424361185138 0.00015676438313215238

1745468382
0.6547231270358306 0.04389638591592989 0.00015511090429657206

1745468384
0.21741541874653356 0.01806512954599477 7.923302432453847e-05

1745468385
0.5458494957331265 0.1717610550814585 0.0001551590380139643

1745468386
0.913612973647279 0.08623109309215655 0.0

1745468387
0.9141248240262787 0.08571875488815893 0.00015642108556233381

1745468388
0.9610145608266792 0.038985439173320806 0.0

1745468389
0.9472947761194029 0.05254975124378109 0.0

1745468390
0.9516606892250117 0.04818337751442383 0.0

1745468391
0.90625 0.0935929648241206 0.0

1745468392
0.8849945235487404 0.11469253637928337 0.0

1745468393
0.9093316715999377 0.08942202835332606 0.0

1745468394
0.9164842039411949 0.08320300281513919 0.0

1745468395
0.9386101589280149 0.061389841071985043 0.0

1745468396
0.9325297432686287 0.06731371321227302 0.0

1745468397
0.9132128388906201 0.08616391399189778 0.0

1745468398
0.9172837561052466 0.08208602489365055 0.0

1745468399
0.9111180414782473 0.08825822547949477 0.0

1745468400
0.9100124766063631 0.08998752339363693 0.0

1745468401
0.91234375 0.0871875 0.0

1745468402
0.9418659165494608 0.058134083450539144 0.0

1745468403
0.9326757476123375 0.06669798027242838 0.0001565680288085173

1745468404
0.9370029627319507 0.0628411040074848 0.0

1745468405
0.9278125 0.07171875 0.0

1745468406
0.9066666666666666 0.09286821705426357 0.0

1745468408
0.916928391959799 0.08244346733668342 0.0

1745468409
0.9288944331825979 0.07094963355683767 0.0

1745468410
0.9337396468198156 0.06532270667291765 0.0

1745468411
0.9368651351773715 0.06282231598687295 0.0

1745468412
0.9375484270881761 0.06198667286533395 0.0001549666821633349

1745468413
0.9189614476789929 0.08056648308418568 0.0

1745468414
0.9197559831065227 0.07961833255122791 0.0

1745468415
0.9150500625782227 0.08369837296620776 0.0

1745468416
0.9328859060402684 0.06680193538317465 0.00015607928827844546

1745468417
0.9321769026410377 0.0664166275980622 0.0

1745468418
0.9143482338230697 0.08549546733354173 0.0

1745468419
0.9298794803568634 0.06871184848959148 0.00015651901706057285

1745468420
0.9175644028103045 0.08165495706479313 0.0

1745468421
0.915625 0.08328125 0.0

1745468422
0.915079612862941 0.08460817983140806 0.0

1745468423
0.9080801753836517 0.09145004697776386 0.0

1745468424
0.9168879862521481 0.0829557881581003 0.0

1745468425
0.9255966307908282 0.07393542349087506 0.0

1745468426
0.9170442118418997 0.08217466020934229 0.0

1745468427
0.8965946198102939 0.10309438656507541 0.0

1745468428
0.8640654499685336 0.13593455003146634 0.0

1745468429
0.8817641538942759 0.11823584610572412 0.0

1745468430
0.9138066133834822 0.08619338661651779 0.0

1745468431
0.9290272373540857 0.07081712062256809 0.0

1745468432
0.9191383078364034 0.08070558851077116 0.0

1745468433
0.9304946775203506 0.06934877896055103 0.0

1745468434
0.92203125 0.0778125 0.0

1745468435
0.9136052303860523 0.08623910336239103 0.00015566625155666251

1745468436
0.9108418763591177 0.08869214041627835 0.0

1745468437
0.8969543948240493 0.10162537478302036 0.0

1745468438
0.8996572140853849 0.09940791523839203 0.0

1745468439
0.9193020719738277 0.08054214052033026 0.0

1745468440
0.9145525291828793 0.08529182879377432 0.0

1745468441
0.912749567678038 0.08725043232196196 0.0

1745468442
0.9289371605896043 0.07075252133436773 0.0001551590380139643

1745468444
0.8969015413652092 0.1024693299779805 0.0

1745468445
0.9249690594059405 0.07472153465346534 0.0

1745468446
0.9257277734067664 0.07395751376868608 0.00015735641227380016

1745468447
0.9408007477800281 0.059043464714129926 0.0

1745468448
0.9203761755485893 0.07946708463949843 0.0

1745468449
0.8940848559925674 0.10514091049860638 0.0

1745468450
0.9152328334648777 0.08476716653512234 0.0

1745468451
0.9119949890385217 0.08784841841528343 0.0

1745468452
0.9266469397290141 0.0730415823080517 0.0001557389814670612

1745468453
0.928727386150967 0.07096069868995633 0.0

1745468454
0.9273829886487327 0.07246151453895196 0.0

1745468455
0.9013707263273988 0.09532062391681109 0.0

1745468456
0.8969943644333125 0.10253600500939261 0.0

1745468457
0.9267113675346952 0.07297676594417589 0.0

1745468458
0.934989842162838 0.06485388341928426 0.0

1745468459
0.9307007960043702 0.06898704541907288 0.0

1745468460
0.9187284685248982 0.08111493892890699 0.0

1745468461
0.9245283018867925 0.07515983159207859 0.0

1745468462
0.9002670017276583 0.09282236532118737 0.0

1745468463
0.8386288934105494 0.05791203631241196 0.0

1745468464
0.7043601003764115 0.07810539523212046 0.00015683814303638644

1745468465
0.45869258504467786 0.04091550399749177 0.00015676438313215238

1745468466
0.2854906871184849 0.02566911879793395 0.0

1745468467
0.2516048222952873 0.027086268983873493 0.0

1745468468
0.21703726902599435 0.043689320388349516 0.0

1745468469
0.17047231779793556 0.019080387863622147 0.00015639662183296842

1745468470
0.1981840951784596 0.05118973074514715 0.0

1745468471
0.12195121951219512 0.014853033145716073 0.0

1745468472
0.11883198001249219 0.017957526545908806 0.0

1745468473
0.15669069257286117 0.03932936383578815 0.0

1745468474
0.5065197143744179 0.04920832039739211 0.000776156473144986

1745468475
0.950420954162769 0.04926722793888369 0.00015590894917368256

1745468476
0.8909487459105779 0.10905125408942203 0.0

1745468477
0.9323178391959799 0.0676821608040201 0.0

1745468478
0.9211669770328988 0.07883302296710118 0.0

1745468479
0.9295154185022027 0.07048458149779736 0.0

1745468480
0.9378027816846383 0.06219721831536178 0.0

1745468481
0.7035057380914951 0.06052507467379343 0.0

1745468482
0.5174191532573036 0.10154663333854086 0.0007811279487580066

1745468483
0.7824731015125527 0.21347263371277092 0.0

1745468484
0.7312817258883249 0.22144670050761422 0.00015862944162436547

1745468485
0.5500621890547264 0.3805970149253731 0.0004664179104477612

1745468486
0.8733624454148472 0.12492202121023081 0.0006238303181534623

1745468487
0.8610763454317898 0.13892365456821026 0.0

1745468488
0.928292454304015 0.07077019215747539 0.0

1745468489
0.95234375 0.04765625 0.0

1745468490
0.9178103555832814 0.08218964441671865 0.0

1745468491
0.71828125 0.28171875 0.0

1745468492
0.7267323635226028 0.27326763647739716 0.0

1745468493
0.7797432686286788 0.22025673137132123 0.0

1745468494
0.8315047021943573 0.16849529780564262 0.0

1745468495
0.8688448436048312 0.13115515639516878 0.0

1745468496
0.8638702635272103 0.13612973647278964 0.0

1745468497
0.8897908211052139 0.11020917889478614 0.0

1745468498
0.8694623994955069 0.13053760050449315 0.0

1745468499
0.8471875 0.1528125 0.0

1745468500
0.8129203816674487 0.18707961833255124 0.0

1745468501
0.8440777297964219 0.15592227020357805 0.0

1745468503
0.8558025859350362 0.14419741406496372 0.0

1745468504
0.8449961210240496 0.15500387897595036 0.0

1745468505
0.8302267785026406 0.16977322149735943 0.0

1745468506
0.8197538557407696 0.1802461442592304 0.0

1745468508
0.8668599639526683 0.1331400360473317 0.0

1745468509
0.9005756962813132 0.0994243037186868 0.0

1745468510
0.9019669551534225 0.0980330448465775 0.0

1745468511
0.915299265510236 0.08470073448976402 0.0

1745468512
0.9164057608015028 0.08359423919849718 0.0

1745468513
0.9137047959025298 0.08629520409747013 0.0

1745468514
0.9231010180109632 0.0768989819890368 0.0

1745468515
0.9066123472265747 0.09338765277342526 0.0

1745468516
0.8784496124031008 0.12155038759689922 0.0

1745468517
0.8668974197608559 0.13310258023914412 0.0

1745468518
0.8578980099502488 0.14210199004975124 0.0

1745468519
0.8562285357477365 0.1437714642522635 0.0

1745468520
0.8742533794404276 0.12574662055957248 0.0

1745468521
0.9105312208760484 0.08946877912395154 0.0

1745468522
0.9047693755883276 0.09523062441167242 0.0

1745468523
0.9192614614301361 0.08073853856986388 0.0

1745468524
0.8751379473435283 0.1248620526564717 0.0

1745468525
0.8777035623409669 0.12229643765903307 0.0

1745468526
0.9017412935323383 0.09794776119402986 0.0

1745468527
0.8898748217398194 0.11012517826018063 0.0

1745468528
0.8936939770404152 0.10630602295958484 0.0

1745468529
0.8542978723404255 0.14570212765957447 0.0

1745468531
0.8761587249959343 0.12367864693446089 0.0

1745468532
0.9045655825316842 0.09497633226446786 0.0

1745468533
0.8880177262655531 0.11198227373444691 0.0

1745468534
0.8977927063339731 0.10108765195137556 0.0001599488163787588

1745468535
0.9053273427471117 0.09435173299101413 0.0

1745468536
0.911346964257843 0.08865303574215702 0.0

1745468537
0.8805397945100445 0.11946020548995553 0.0

1745468539
0.8628543736370244 0.13714562636297553 0.0

1745468540
0.9052831984769157 0.09455814691416786 0.0

1745468541
0.9246822532559235 0.07531774674407657 0.0

1745468542
0.8785807291666666 0.12141927083333333 0.0

1745468543
0.8744939271255061 0.12550607287449392 0.0

1745468544
0.7379350124975966 0.26206498750240337 0.0

1745468545
0.9163166899984445 0.08352776481567896 0.0

1745468546
0.9249921703726902 0.07422486689633573 0.0

1745468547
0.919375 0.08015625 0.0

1745468548
0.9020748192392329 0.09792518076076706 0.0

1745468549
0.9049858889934148 0.09501411100658513 0.0

1745468550
0.8970542635658915 0.10294573643410852 0.0

1745468551
0.878606337695097 0.12139366230490305 0.0

1745468552
0.904088294730297 0.0959117052697031 0.0

1745468553
0.9066184562175759 0.09338154378242415 0.0

1745468554
0.9000936621916953 0.09990633780830471 0.0

1745468555
0.905683947532792 0.09431605246720799 0.0

1745468556
0.8827392120075047 0.11694809255784866 0.0

1745468557
0.9221547563443874 0.07784524365561264 0.0

1745468559
0.916844181459566 0.08315581854043393 0.0

1745468560
0.9188040912667191 0.08119590873328088 0.0

1745468561
0.9063524270329327 0.09349149367878883 0.0

1745468562
0.8806228373702422 0.11937716262975778 0.0

1745468563
0.9068781407035176 0.09312185929648241 0.0

1745468564
0.9342848180677541 0.06571518193224592 0.0

1745468565
0.9179392256671294 0.08206077433287058 0.0

1745468567
0.9036639292482628 0.09617814276689829 0.0

1745468568
0.89296875 0.10703125 0.0

1745468569
0.8956171596716741 0.10438284032832584 0.0

1745468570
0.9043843283582089 0.09561567164179105 0.0

1745468571
0.8975292999683243 0.10247070003167565 0.0

1745468572
0.9220354808590103 0.07796451914098973 0.0

1745468573
0.9108270202020202 0.08917297979797979 0.0

1745468574
0.9108648142366531 0.08913518576334686 0.0

1745468575
0.8491975210551407 0.15080247894485937 0.0

1745468576
0.8813166434863235 0.1186833565136764 0.0

1745468577
0.9017954722872755 0.09820452771272443 0.0

1745468578
0.9170671213765308 0.08293287862346924 0.0

1745468579
0.9165876777251185 0.08341232227488152 0.0

1745468581
0.9059222458796625 0.09407775412033752 0.0

1745468582
0.9018538713195202 0.09814612868047982 0.0

1745468583
0.8831025802391441 0.11674008810572688 0.0

1745468584
0.8817757009345795 0.11791277258566978 0.00015576323987538941

1745468585
0.89296875 0.10703125 0.0

1745468586
0.8852973481876667 0.11470265181233329 0.0

1745468587
0.895361380798274 0.10448451225150254 0.0001541069502234551

1745468589
0.8974116906616316 0.10180158917473055 0.0

1745468590
0.9120087678096133 0.08799123219038672 0.0

1745468591
0.9084855992567358 0.09151440074326417 0.0

1745468592
0.8887326144710112 0.1112673855289889 0.0

1745468593
0.91484375 0.08515625 0.0

1745468594
0.9248401684079214 0.07515983159207859 0.0

1745468595
0.9127632819867966 0.0872367180132034 0.0

1745468596
0.8892196803509872 0.11078031964901285 0.0

1745468597
0.883309870170499 0.11669012982950101 0.0

1745468598
0.8974478680361033 0.10255213196389668 0.0

1745468599
0.9065942591155934 0.09340574088440652 0.0

1745468600
0.9039974819011646 0.09600251809883538 0.0

1745468601
0.903828197945845 0.096171802054155 0.0

1745468602
0.8680904522613065 0.13190954773869346 0.0

1745468603
0.8548060445552267 0.14519395544477334 0.0

1745468604
0.8335143522110163 0.1664856477889837 0.0

1745468605
0.8638059701492538 0.13619402985074627 0.0

1745468607
0.8946007366193872 0.1053992633806128 0.0

1745468608
0.874703744667404 0.12529625533259597 0.0

1745468609
0.8518229978186351 0.14802119040199438 0.0001558117793705204

1745468610
0.8605160281469898 0.13932759968725567 0.0

1745468611
0.8826772859549701 0.11716955123296063 0.00015316281206922958

1745468612
0.8775510204081632 0.12244897959183673 0.0

1745468613
0.8846153846153846 0.11522698612862547 0.00015762925598991173

1745468614
0.9073238998600529 0.09267610013994713 0.0

1745468615
0.9028944911297853 0.09694989106753812 0.0001556178026766262

1745468617
0.8906679224550663 0.10933207754493368 0.0

1745468618
0.8867253902024417 0.11327460979755834 0.0

1745468620
0.8769267065114816 0.1230732934885184 0.0

1745468621
0.8708872602526119 0.12911273974738813 0.0

1745468622
0.8709975369458128 0.1290024630541872 0.0

1745468623
0.8921950459573142 0.10780495404268578 0.0

1745468624
0.8911251980982567 0.10887480190174327 0.0

1745468625
0.8885958107059736 0.11140418929402637 0.0

1745468626
0.8973509933774835 0.10264900662251655 0.0

1745468627
0.9047023902515232 0.0952976097484768 0.0

1745468628
0.9198443579766536 0.08015564202334631 0.0

1745468629
0.9291044776119403 0.0708955223880597 0.0

1745468630
0.9326803482587065 0.06731965174129353 0.0

1745468632
0.9288020792313145 0.07119792076868552 0.0

1745468633
0.9342576725346627 0.06574232746533729 0.0

1745468634
0.9243040350328433 0.0756959649671567 0.0

1745468635
0.9326609775019394 0.06733902249806051 0.0

1745468637
0.9106596595811436 0.08934034041885638 0.0

1745468638
0.9137743190661478 0.08622568093385213 0.0

1745468639
0.8997497654050672 0.10025023459493275 0.0

1745468640
0.9050305594734368 0.09496944052656324 0.0

1745468641
0.9165247018739353 0.08347529812606473 0.0

1745468642
0.9224272755708477 0.07757272442915233 0.0

1745468643
0.9146246293116903 0.08537537068830967 0.0

1745468644
0.9104430875215281 0.08955691247847189 0.0

1745468645
0.910889546658358 0.089110453341642 0.0

1745468646
0.9094065656565656 0.09059343434343434 0.0

1745468647
0.9088643090824116 0.09113569091758841 0.0

1745468648
0.9129481759824644 0.08705182401753563 0.0

1745468649
0.903957453464727 0.09604254653527296 0.0

1745468650
0.9133759950054627 0.08662400499453722 0.0

1745468651
0.9120759414877062 0.08776844070961717 0.0

1745468652
0.9148936170212766 0.0851063829787234 0.0

1745468653
0.9217227287016662 0.07827727129833385 0.0

1745468654
0.9135550674615626 0.08644493253843741 0.0

1745468655
0.8996121024049651 0.10038789759503491 0.0

1745468656
0.8942172073342737 0.10578279266572638 0.0

1745468657
0.8883632923368022 0.11163670766319773 0.0

1745468658
0.8625636279500232 0.13743637204997686 0.0

1745468659
0.86359375 0.13640625 0.0

1745468661
0.878041123842411 0.12195887615758907 0.0

1745468662
0.8479550421479862 0.15204495785201375 0.0

1745468663
0.8543252057772946 0.14567479422270538 0.0

1745468664
0.8448329690914768 0.15516703090852327 0.0

1745468665
0.8558023146700031 0.14419768532999688 0.0

1745468666
0.8777621062529384 0.1222378937470616 0.0

1745468667
0.8649703403059632 0.13502965969403685 0.0

1745468668
0.8701945525291829 0.12980544747081713 0.0

1745468669
0.8929520237537115 0.10704797624628848 0.0

1745468670
0.8969916522286975 0.10300834777130256 0.0

1745468671
0.8936170212765957 0.10638297872340426 0.0

1745468672
0.9123655075627631 0.08763449243723687 0.0

1745468673
0.9161300455473536 0.08386995445264646 0.0

1745468674
0.916744475568005 0.08325552443199502 0.0

1745468675
0.9326997974762424 0.0673002025237576 0.0

1745468676
0.9289987405541562 0.07100125944584383 0.0

1745468677
0.9258970358814352 0.07410296411856475 0.0

1745468678
0.93234375 0.06765625 0.0

1745468679
0.93828125 0.06171875 0.0

1745468680
0.9290746829497417 0.07092531705025834 0.0

1745468681
0.908235294117647 0.09176470588235294 0.0

1745468682
0.90156564873663 0.09843435126337002 0.0

1745468683
0.8833281201126055 0.11667187988739443 0.0

1745468684
0.8910875901211842 0.10891240987881577 0.0

1745468686
0.8995726495726496 0.10042735042735043 0.0

1745468687
0.8900997697620875 0.10990023023791251 0.0

1745468689
0.9166010395337848 0.08339896046621516 0.0

1745468690
0.9228871067242443 0.0769586674892042 0.0

1745468692
0.9266170129361034 0.07338298706389651 0.0

1745468693
0.9230527638190955 0.07694723618090452 0.0

1745468694
0.9088643090824116 0.09113569091758841 0.0

1745468695
0.8948025597003277 0.10519744029967223 0.0

1745468696
0.9094463559587113 0.09055364404128871 0.0

1745468697
0.9180919504158167 0.08190804958418327 0.0

1745468698
0.92921875 0.07078125 0.0

1745468699
0.9456943366951125 0.05430566330488751 0.0

1745468700
0.9365625 0.0634375 0.0

1745468701
0.9300764788512564 0.06992352114874356 0.0

1745468702
0.9300850734725444 0.06991492652745553 0.0

1745468704
0.9323686693928909 0.06763133060710916 0.0

1745468705
0.9271678103555833 0.07283218964441672 0.0

1745468706
0.92296875 0.07703125 0.0

1745468707
0.9145940872829658 0.08540591271703425 0.0

1745468708
0.924394844388557 0.07560515561144295 0.0

1745468709
0.91375 0.08625 0.0

1745468710
0.9079355238685679 0.09206447613143211 0.0

1745468711
0.9241542092840284 0.07584579071597168 0.0

1745468712
0.9195258889582034 0.08047411104179664 0.0

1745468713
0.9185231344446175 0.08147686555538246 0.0

1745468714
0.9074509803921569 0.09254901960784313 0.0

1745468715
0.9108545034642033 0.08914549653579677 0.0

1745468717
0.9159465828750982 0.0840534171249018 0.0

1745468718
0.9108040201005025 0.08919597989949749 0.0

1745468719
0.901410634010231 0.09858936598976903 0.0

1745468720
0.9173098125689085 0.08269018743109151 0.0

1745468721
0.9344849050731404 0.06551509492685963 0.0

1745468722
0.9363465749139819 0.06365342508601814 0.0

1745468723
0.9411118090452262 0.05888819095477387 0.0

1745468724
0.9415050426687355 0.058494957331264544 0.0

1745468725
0.9380223939441729 0.06197760605582716 0.0

1745468726
0.9301418992671137 0.06985810073288633 0.0

1745468727
0.9151280062063615 0.08487199379363848 0.0

1745468728
0.9073812881993418 0.0926187118006582 0.0

1745468729
0.9066147859922179 0.0933852140077821 0.0

1745468730
0.9273725490196079 0.07262745098039215 0.0

1745468731
0.9050062189054726 0.09499378109452736 0.0

1745468732
0.9008445417578981 0.09915545824210197 0.0

1745468733
0.8981292249646282 0.1018707750353718 0.0

1745468734
0.9034514925373134 0.09654850746268656 0.0

1745468735
0.909503679348677 0.090496320651323 0.0

1745468736
0.9173994974874372 0.08260050251256282 0.0

1745468737
0.9293132847620524 0.0706867152379476 0.0

1745468738
0.9120377655389457 0.08796223446105429 0.0

1745468739
0.9054726368159204 0.0945273631840796 0.0

1745468740
0.9087625628140703 0.09123743718592965 0.0

1745468741
0.9198638613861386 0.08013613861386139 0.0

1745468742
0.91390625 0.08609375 0.0

1745468744
0.9033521303258145 0.09664786967418547 0.0

1745468745
0.9058841891680974 0.09411581083190261 0.0

1745468746
0.8941990253104858 0.10580097468951423 0.0

1745468747
0.8891480099502488 0.11085199004975124 0.0

1745468748
0.8885570575290789 0.1114429424709211 0.0

1745468749
0.8787831995058678 0.12121680049413218 0.0

1745468750
0.8870127820735364 0.11298721792646363 0.0

1745468751
0.891756608790865 0.108243391209135 0.0

1745468752
0.8984216283794343 0.10157837162056571 0.0

1745468753
0.9052287581699346 0.09477124183006536 0.0

1745468754
0.9033975262251448 0.09660247377485517 0.0

1745468755
0.9055081458494957 0.09449185415050426 0.0

1745468756
0.9136306532663316 0.08636934673366835 0.0

1745468757
0.9272755708476697 0.07272442915233031 0.0

1745468758
0.9286493223243496 0.07135067767565041 0.0

1745468759
0.930943513345748 0.06905648665425201 0.0

1745468761
0.932872732982649 0.06712726701735103 0.0

1745468762
0.9386985224772084 0.061301477522791574 0.0

1745468763
0.9419705197827773 0.05802948021722265 0.0

1745468764
0.9377444079461912 0.06225559205380885 0.0

1745468765
0.9195330739299611 0.08046692607003891 0.0

1745468766
0.922824558662709 0.07717544133729105 0.0

1745468767
0.9057640961206219 0.09423590387937804 0.0

1745468768
0.8874668331512409 0.11253316684875916 0.0

1745468769
0.8506745231818886 0.14932547681811134 0.0

1745468770
0.8827953619554998 0.11720463804450015 0.0

1745468771
0.8821960784313726 0.11780392156862746 0.0

1745468772
0.8932251014673743 0.10677489853262566 0.0

1745468773
0.8866188396756083 0.11338116032439177 0.0

1745468774
0.8837501966336322 0.11609249646059462 0.00015730690577316344

1745468775
0.8872935000771962 0.11162575266327003 0.0

1745468776
0.903673340690525 0.09616900520258553 0.0

1745468777
0.8952500786410821 0.1047499213589179 0.0

1745468778
0.9115498212342609 0.088139281828074 0.000155448468832582

1745468779
0.9159887359198998 0.08369837296620776 0.0

1745468780
0.9210977701543739 0.07812256354280368 0.0

1745468781
0.9288630653266332 0.07113693467336683 0.0

1745468782
0.9383041388931949 0.061695861106805146 0.0

1745468783
0.9405894277249337 0.05941057227506627 0.0

1745468784
0.9428751775287991 0.05712482247120088 0.0

1745468785
0.9136812847436689 0.08631871525633107 0.0

1745468787
0.9178028522175208 0.08219714778247923 0.0

1745468788
0.9066520238468779 0.09334797615312206 0.0

1745468789
0.9053125 0.0946875 0.0

1745468790
0.909260700389105 0.09073929961089494 0.0

1745468791
0.9120225422667502 0.08797745773324984 0.0

1745468792
0.9039962535123321 0.09600374648766781 0.0

1745468793
0.9080081491929165 0.09199185080708353 0.0

1745468794
0.9162920477445358 0.08370795225546426 0.0

1745468795
0.9214130096483037 0.07858699035169624 0.0

1745468797
0.9120870518240175 0.08791294817598247 0.0

1745468798
0.9134991396840294 0.0865008603159706 0.0

1745468799
0.9126809314033983 0.08731906859660164 0.0

1745468800
0.9005447470817121 0.09945525291828794 0.0

1745468801
0.9042437431991295 0.0957562568008705 0.0

1745468802
0.898988326848249 0.10101167315175097 0.0

1745468803
0.907035175879397 0.09296482412060302 0.0

1745468804
0.9315281668222845 0.06847183317771553 0.0

1745468806
0.9407977386934674 0.059202261306532666 0.0

1745468807
0.9256301863159543 0.07436981368404572 0.0

1745468808
0.9194557397560212 0.08054426024397873 0.0

1745468809
0.916265340997359 0.08373465900264099 0.0

1745468810
0.9316721517003604 0.06832784829963956 0.0

1745468811
0.9276172724448587 0.07238272755514134 0.0

1745468812
0.9171523074499921 0.08284769255000787 0.0

1745468813
0.90411171450737 0.09588828549262994 0.0

1745468814
0.8851764705882353 0.1148235294117647 0.0

1745468815
0.8905956112852664 0.10940438871473354 0.0

1745468816
0.9003753518923991 0.09962464810760088 0.0

1745468817
0.9039801765525786 0.09601982344742141 0.0

1745468818
0.908411214953271 0.09158878504672897 0.0

1745468820
0.9032714690154137 0.09672853098458635 0.0

1745468821
0.8915699922660479 0.10843000773395205 0.0

1745468822
0.8965463353649008 0.10345366463509924 0.0

1745468823
0.9088496956453879 0.09115030435461215 0.0

1745468824
0.9025310485772677 0.09746895142273228 0.0

1745468825
0.9172543488481429 0.08274565115185707 0.0

1745468826
0.9381926018417356 0.0618073981582644 0.0

1745468827
0.9348230912476723 0.06517690875232775 0.0

1745468828
0.9325 0.0675 0.0

1745468829
0.9312020059551794 0.06879799404482057 0.0

1745468830
0.9372437716808578 0.06275622831914222 0.0

1745468831
0.9399413308630539 0.060058669136946116 0.0

1745468832
0.9444183497729763 0.05558165022702364 0.0

1745468833
0.9316372717340409 0.06836272826595911 0.0

1745468834
0.9126534466477809 0.08734655335221908 0.0

1745468835
0.917356663021403 0.08264333697859709 0.0

1745468836
0.9119349288284061 0.0879086500860316 0.0

1745468837
0.9103758931345138 0.08962410686548618 0.0

1745468838
0.8926606946408927 0.1063963539211064 0.00015715857300015716

1745468839
0.892583918813427 0.10725995316159251 0.0

1745468840
0.8919514884233738 0.10773350133879352 0.00015750511891636477

1745468841
0.8800371977681339 0.11779293242405456 0.00015499070055796651

1745468842
0.8990105230092665 0.09973299827234176 0.00031411967959792684

1745468843
0.8776240087078215 0.12206499766754782 0.00015549681231534753

1745468844
0.9085768143261075 0.0906377631165567 0.000471253534401508

1745468845
0.9165241722369034 0.0820767915436033 0.00077724234416291

1745468846
0.8943573667711598 0.1006269592476489 0.0007836990595611285

1745468847
0.8847595252966896 0.1141474078700812 0.0007807620237351655

1745468848
0.9170435053796975 0.08202089505691564 0.000779666302822392

1745468849
0.91005291005291 0.08745720510426393 0.0020230314347961407

1745468850
0.9231010671688638 0.07501569365976146 0.0

1745468851
0.9312607405092954 0.06842680831120138 0.0001562255897516013

1745468852
0.9453295845048423 0.05451421430802874 0.0

1745468853
0.938360450563204 0.06132665832290363 0.0

1745468854
0.9430350194552529 0.05680933852140078 0.0

1745468855
0.932078431372549 0.06776470588235294 0.0

1745468856
0.9322510146737434 0.06774898532625663 0.0

1745468857
0.9496875 0.0503125 0.0

1745468858
0.9347826086956522 0.06506099468251486 0.0

1745468859
0.9484280625677559 0.05157193743224408 0.0

1745468861
0.948800629178136 0.05080613448682658 0.0

1745468862
0.950419645632577 0.04926950575069941 0.00015542430836182778

1745468863
0.9502580947911778 0.04927264195213515 0.0

1745468864
0.9225 0.07671875 0.0

1745468865
0.8604215456674473 0.13801717408274786 0.0

1745468866
0.804120493210551 0.19509911034805683 0.0

1745468867
0.7848258706467661 0.21517412935323382 0.0

1745468868
0.7828401440425865 0.2171598559574135 0.0

1745468869
0.8796628687373186 0.12033713126268145 0.0

1745468870
0.9101617716349929 0.08983822836500707 0.0

1745468871
0.90359375 0.09640625 0.0

1745468872
0.8669064748201439 0.13309352517985612 0.0

1745468873
0.8805993444669892 0.11940065553301077 0.0

1745468874
0.8711405166981726 0.12885948330182734 0.0

1745468875
0.8863813229571984 0.11361867704280156 0.0

1745468876
0.8767017326732673 0.12329826732673267 0.0

1745468877
0.8931718061674009 0.10682819383259912 0.0

1745468878
0.8894941634241245 0.11050583657587548 0.0

1745468879
0.8588785046728972 0.1411214953271028 0.0

1745468880
0.8168371361132967 0.1831628638867034 0.0

1745468881
0.8159034653465347 0.18409653465346534 0.0

1745468882
0.8581028285669636 0.1418971714330364 0.0

1745468883
0.8888538546429134 0.11114614535708656 0.0

1745468884
0.8973880597014925 0.10261194029850747 0.0

1745468885
0.8992455202766426 0.10075447972335744 0.0

1745468886
0.8928238583410997 0.10717614165890028 0.0

1745468887
0.8991083998122947 0.10089160018770531 0.0

1745468888
0.9014460861364351 0.09855391386356492 0.0

1745468889
0.8920639850908526 0.10793601490914738 0.0

1745468890
0.9027712541099108 0.09722874589008924 0.0

1745468891
0.9093191088798243 0.09068089112017572 0.0

1745468892
0.9003603321322262 0.09963966786777377 0.0

1745468893
0.8695514845230575 0.1304485154769425 0.0

1745468894
0.9120225422667502 0.08797745773324984 0.0

1745468895
0.9011370814908402 0.09886291850915982 0.0

1745468896
0.9170564390396009 0.08278765201122544 0.0

1745468897
0.8971933144118575 0.10280668558814254 0.0

1745468898
0.893125 0.106875 0.0

1745468899
0.9026328088487303 0.09736719115126967 0.0

1745468900
0.8547885572139303 0.14521144278606965 0.0

1745468901
0.8590370955011839 0.1409629044988161 0.0

1745468902
0.8573210665835023 0.1422111336348043 0.0

1745468903
0.8579465541490858 0.1418971714330364 0.0001562744178777934

1745468904
0.8781773093614383 0.12182269063856169 0.0

1745468906
0.8622848200312989 0.13771517996870108 0.0

1745468907
0.8708163903659681 0.12918360963403192 0.0

1745468908
0.8703103288559518 0.12968967114404817 0.0

1745468910
0.8810458542713567 0.11879711055276382 0.0

1745468911
0.9002489884842826 0.0997510115157174 0.0

1745468912
0.924776680771039 0.07522331922896097 0.0

1745468913
0.9353163361661945 0.06468366383380547 0.0

1745468914
0.92328125 0.07671875 0.0

1745468915
0.9203125 0.0796875 0.0

1745468916
0.92140625 0.07859375 0.0

1745468917
0.9199442551873646 0.08005574481263548 0.0

1745468918
0.913434247871334 0.08656575212866603 0.0

1745468919
0.9207145095581323 0.07928549044186775 0.0

1745468920
0.881723763757557 0.11827623624244303 0.0

1745468921
0.8621176470588235 0.13788235294117648 0.0

1745468922
0.8715092563539378 0.12849074364606214 0.0

1745468923
0.8920012449424214 0.10799875505757858 0.0

1745468924
0.8989645434577973 0.1010354565422027 0.0

1745468925
0.8988357457520453 0.1011642542479547 0.0

1745468926
0.9035290491601171 0.09647095083988289 0.0

1745468927
0.9083777847505491 0.0916222152494509 0.0

1745468928
0.8894275883640913 0.11057241163590867 0.0

1745468929
0.89984375 0.10015625 0.0

1745468930
0.9073700543056633 0.09262994569433669 0.0

1745468931
0.8942987278152976 0.10570127218470238 0.0

1745468932
0.8797754561047871 0.12022454389521285 0.0

1745468933
0.8826586864073083 0.11734131359269176 0.0

1745468934
0.8899253731343284 0.11007462686567164 0.0

1745468935
0.9002334630350195 0.09976653696498054 0.0

1745468936
0.8901461574728902 0.10985384252710985 0.0

1745468937
0.8854166666666666 0.11458333333333333 0.0

1745468938
0.9108399812294697 0.08916001877053027 0.0

1745468939
0.9087482330768023 0.09125176692319774 0.0

1745468940
0.8922814631122132 0.10771853688778674 0.0

1745468941
0.8668657654825527 0.13313423451744735 0.0

1745468942
0.8793536240978977 0.1206463759021023 0.0

1745468943
0.8805551224076096 0.11944487759239046 0.0

1745468944
0.8680479825517994 0.13195201744820065 0.0

1745468945
0.8627512073531702 0.13724879264682974 0.0

1745468946
0.8736626809314034 0.1263373190685966 0.0

1745468947
0.8799123219038673 0.11993111006732425 0.0

1745468948
0.8821163366336634 0.11788366336633663 0.0

1745468949
0.8924060502105099 0.10759394978949009 0.0

1745468950
0.8850701560775658 0.11492984392243417 0.0

1745468951
0.881723763757557 0.11827623624244303 0.0

1745468952
0.8886642823822112 0.11133571761778883 0.0

1745468953
0.8956303049355548 0.10436969506444514 0.0

1745468954
0.9245342101142947 0.07546578988570533 0.0

1745468955
0.9230648453446381 0.07693515465536191 0.0

1745468956
0.9183481933364618 0.08165180666353825 0.0

1745468957
0.9091332712022367 0.09086672879776328 0.0

1745468958
0.9099874765184721 0.09001252348152787 0.0

1745468959
0.9210117939168219 0.07898820608317815 0.0

1745468961
0.8966438733003222 0.10335612669967775 0.0

1745468962
0.8897870355976993 0.11021296440230063 0.0

1745468963
0.9130094043887147 0.08699059561128526 0.0

1745468964
0.9213395638629284 0.07866043613707165 0.0

1745468965
0.8936270653029111 0.1063729346970889 0.0

1745468966
0.9084123775462603 0.09158762245373969 0.0

1745468967
0.9132597543914193 0.08674024560858075 0.0

1745468969
0.9081576678943657 0.09184233210563436 0.0

1745468970
0.8929236499068901 0.1069211669770329 0.0

1745468972
0.9037361948774183 0.09618547818594815 7.832693663350827e-05

1745468973
0.8902801690405384 0.10878071685709814 0.00015651901706057285

1745468974
0.8844039579079629 0.1154389822522381 0.00015705983979896342

1745468975
0.9105451157011958 0.08883366982450691 0.00031060723714862557

1745468976
0.9059228004375683 0.09407719956243163 0.0

1745468977
0.8898996235884568 0.1086888331242158 0.0003136762860727729

1745468978
0.9021654463312042 0.09736719115126967 0.0003115750116840629

1745468979
0.887330528284245 0.1111111111111111 0.00015583606046439146

1745468980
0.8755875900971483 0.1234722657474146 0.00031338138514572234

1745468981
0.8798303487276155 0.11812755262331134 0.000471253534401508

1745468982
0.8599252103459022 0.13758180118416952 0.0007790588968526021

1745468983
0.8607416679705836 0.13644187138163041 0.0014082303238929744

1745468984
0.8799562909772088 0.1189509834530128 0.0007805182641273806

1745468985
0.8927011852776044 0.1037117903930131 0.0015595757953836558

1745468986
0.8595196986344373 0.13482969706482498 0.0025113796892167633

1745468987
0.8828380270732846 0.11498366267309787 0.0006223743581764431

1745468988
0.9015422963078361 0.09814612868047982 0.0

1745468989
0.911815471520477 0.08818452847952299 0.0

1745468990
0.80828125 0.19140625 0.0

1745468991
0.7298468203620609 0.27015317963793906 0.0

1745468992
0.8564364085921805 0.1435635914078195 0.0

1745468994
0.8973771527887502 0.1026228472112498 0.0

1745468995
0.9145073700543057 0.08549262994569434 0.0

1745468996
0.8941582914572864 0.10584170854271356 0.0

1745468997
0.9022077114427861 0.09779228855721393 0.0

1745468998
0.8884705882352941 0.11152941176470588 0.0

1745468999
0.8737056793222466 0.12629432067775337 0.0

1745469000
0.8784453391142769 0.12155466088572313 0.0

1745469001
0.8714916430148218 0.12850835698517818 0.0

1745469002
0.8897138437741686 0.1102861562258314 0.0

1745469003
0.8884343036978757 0.11109362706530292 0.0

1745469004
0.8937900829031753 0.10620991709682465 0.0

1745469005
0.9058841891680974 0.09411581083190261 0.0

1745469006
0.914517893420847 0.0851695577433974 0.0

1745469007
0.9196806012212306 0.08031939877876937 0.0

1745469008
0.9237157797600738 0.07613042140879729 0.00015379883112888343

1745469010
0.9515812602997724 0.04834026524366319 7.847445656438829e-05

1745469011
0.9489588226084233 0.05104117739157664 0.0

1745469012
0.9449040112377087 0.054939909474012796 0.0

1745469013
0.9254668131178408 0.07265024321355719 0.0

1745469014
0.92828125 0.07171875 0.0

1745469015
0.9220354808590103 0.07765328353563648 0.0001556178026766262

1745469016
0.926502990242367 0.07349700975763299 0.0

1745469017
0.9395638629283489 0.0602803738317757 0.0

1745469018
0.94703125 0.0528125 0.0

1745469019
0.9490495481458399 0.050171392957307576 0.0001558117793705204

1745469020
0.9587112918360964 0.04128870816390366 0.0

1745469021
0.9674338500078284 0.0325661499921716 0.0

1745469022
0.9500078112794876 0.049835963130760816 0.0

1745469023
0.9093608376308798 0.09032661353336459 0.0

1745469024
0.915 0.085 0.0

1745469025
0.9134375 0.08640625 0.0

1745469026
0.9156551509492686 0.08341114223467165 0.0

1745469027
0.9106363069245166 0.08827199001871491 0.0

1745469028
0.9037887124665933 0.0962112875334067 0.0

1745469029
0.9057835820895522 0.09421641791044776 0.0

1745469030
0.9080244016893477 0.09181917722508995 0.0

1745469031
0.938285175879397 0.06140075376884422 0.000157035175879397

1745469032
0.9583984985924304 0.041601501407569595 0.0

1745469033
0.9504132231404959 0.04927491033837517 0.0

1745469034
0.91765625 0.08234375 0.0

1745469035
0.9240506329113924 0.0757930926707298 0.0

1745469036
0.9397213089087209 0.060122123062470646 0.0

1745469037
0.9460431654676259 0.053800437910541135 0.00015639662183296842

1745469038
0.9262637192765497 0.07219044674601947 0.0

1745469039
0.9318934258237427 0.06794892006936781 0.0

1745469040
0.9178766588602654 0.08181108508977361 0.0

1745469041
0.9387121799844841 0.06097750193948798 0.0001551590380139643

1745469042
0.9501341328704435 0.04955026037557204 0.0

1745469043
0.9517058731889703 0.04829412681102976 0.0

1745469044
0.9187373027035475 0.07938740428191905 0.0

1745469045
0.9363593823116518 0.05942910622367805 0.0

1745469046
0.9287503914813655 0.06467272157845287 0.0

1745469047
0.9443140935398092 0.04770843109651181 0.00015642108556233381

1745469048
0.8825561312607945 0.053697597739048517 0.0001570105197048202

1745469049
0.8534792806880376 0.08381548084440969 0.0

1745469050
0.7893007977475364 0.03926169247614578 0.00015642108556233381

1745469051
0.7502347417840376 0.04006259780907668 0.00015649452269170578

1745469052
0.7415923666510246 0.039418113561708115 0.00015642108556233381

1745469053
0.7118935837245697 0.06025039123630673 0.0

1745469054
0.6780006267627703 0.04261986837981824 0.0

1745469055
0.5986862683766031 0.030966531122927746 0.00031279324366593683

1745469056
0.5524585029752583 0.028030065768869402 0.00015659254619480113

1745469057
0.47114030971374943 0.028155795401220086 0.00015642108556233381

1745469058
0.3451466206680257 0.04422142073075114 0.00031362709738121374

1745469059
0.3236767929846539 0.03272784215471344 0.00031318509238960227

1745469060
0.26982137261046696 0.012535255405828893 0.00015669069257286117

1745469061
0.24539494224164846 0.017951920074929753 0.00015610365282547612

1745469062
0.2171598559574135 0.009237513699702521 0.0001565680288085173

1745469063
0.2072903629536921 0.01032540675844806 0.0

1745469064
0.16427457098283932 0.01029641185647426 0.00031201248049921997

1745469065
0.15569143932267168 0.006741925368454061 0.0

1745469066
0.16018127832473825 0.0067197999687451165 0.0001562744178777934

1745469067
0.25157728706624605 0.1722397476340694 0.0003154574132492114

1745469068
0.20053308247099405 0.03198494825964252 0.0023518344308560675

1745469069
0.595160031225605 0.4039032006245121 0.000156128024980484

1745469070
0.8492038713705901 0.15048392132375898 0.0

1745469071
0.7476533166458073 0.25156445556946183 0.0

1745469072
0.85046875 0.14890625 0.0

1745469073
0.8823253633380216 0.11751836224410064 0.0

1745469074
0.86828125 0.13140625 0.00015625

1745469075
0.8741193048379521 0.12588069516204792 0.0

1745469076
0.8879713306325958 0.11187285758803366 0.0

1745469077
0.9152197716252151 0.08431096511809792 0.0

1745469078
0.9348539290735822 0.06498984533666614 0.0

1745469079
0.9370520411343097 0.06279214708631972 0.0

1745469080
0.9018261276728579 0.09770563446230685 0.0

1745469081
0.9007657446476012 0.09892170651664323 0.0

1745469082
0.8875117665516159 0.11139002196422969 0.00015688735487919673

1745469083
0.8890445066915655 0.10971055088702147 0.0

1745469084
0.8426172916993566 0.15738270830064333 0.0

1745469085
0.8362645914396887 0.16326848249027237 0.0

1745469086
0.8812362723564481 0.11876372764355193 0.0

1745469087
0.8930689978145488 0.1066187948798002 0.00015610365282547612

1745469088
0.9236784485455114 0.07632155145448859 0.0

1745469089
0.9226804123711341 0.07731958762886598 0.0

1745469090
0.9174613099890574 0.08238236673440676 0.0

1745469091
0.9355493133583022 0.06413857677902622 0.00015605493133583021

1745469092
0.8787546933667084 0.12093241551939925 0.0

1745469093
0.8607259697772238 0.138650880199408 0.0

1745469094
0.8481052301910429 0.15189476980895708 0.0

1745469095
0.870103415857098 0.12942651206518332 0.00015669069257286117

1745469096
0.8943596135867872 0.10532876285447179 0.0

1745469097
0.9103125 0.08953125 0.0

1745469098
0.9213186129684341 0.07634893484683564 0.0

1745469099
0.9224878887326144 0.07735583684950774 0.0001562744178777934

1745469100
0.9200816454702465 0.07960433349034385 0.0

1745469101
0.9390053174851423 0.06083828589302471 0.00015639662183296842

1745469102
0.9459375 0.0540625 0.0

1745469103
0.9303016096265041 0.06969839037349586 0.0

1745469104
0.9111908849695646 0.08834087716560013 0.0

1745469105
0.9202875898718349 0.0787746170678337 0.0

1745469106
0.8968378209142142 0.10300563556668754 0.00015654351909830932

1745469107
0.9335102231933823 0.06617761823006087 0.0

1745469108
0.9266780344132692 0.07301193613393273 0.0001550147263990079

1745469109
0.9224232887490165 0.07726199842643587 0.0

1745469110
0.9016880275085964 0.098155673648015 0.0

1745469111
0.8830336200156372 0.1164972634870993 0.0001563721657544957

1745469112
0.8881075167995 0.11157993436474449 0.0

1745469113
0.8273929961089495 0.17182879377431906 0.0

1745469114
0.835930196322842 0.16406980367715798 0.0

1745469115
0.8626278520849725 0.13721479150275373 0.0

1745469116
0.8696671354899203 0.12830129707766838 0.0

1745469117
0.8635654074305339 0.13627848891664066 0.0

1745469118
0.8720675633406318 0.12777604003753518 0.0

1745469119
0.9217920699344365 0.07805182641273806 0.0

1745469120
0.9163408913213448 0.0835027365129007 0.0001563721657544957

1745469121
0.8546276098473045 0.14490495481458399 0.0

1745469122
0.8358162631905649 0.16263190564866542 0.0

1745469123
0.8383790602333648 0.16162093976663514 0.0

1745469124
0.84640625 0.153125 0.0

1745469125
0.8811199749726263 0.11762865634287502 0.0

1745469126
0.8943178270371527 0.10552606931002186 0.00015610365282547612

1745469127
0.8939252336448598 0.10560747663551402 0.0

1745469128
0.8244155029028715 0.17527067315236153 0.0

1745469129
0.8420231033406181 0.15766468935373087 0.0

1745469130
0.8741051976346094 0.12558356676003735 0.0

1745469131
0.866970315690278 0.13145908591173236 0.00015705983979896342

1745469132
0.8839993780127507 0.11211320167936557 0.00015549681231534753

1745469133
0.9235979836168872 0.07246376811594203 0.0

1745469134
0.9414785992217899 0.0533852140077821 0.0001556420233463035

1745469135
0.921921452041934 0.056016272883742765 0.0

1745469136
0.8892554194156456 0.0512095507382972 0.0

1745469137
0.8903296359943759 0.04842993282299641 0.0001562255897516013

1745469138
0.8636647904940588 0.045653533458411506 0.0

1745469139
0.8383885518743195 0.03624202830922383 0.0

1745469140
0.8522762951334379 0.030612244897959183 0.0

1745469141
0.8652071931196247 0.04941360437842064 0.0

1745469142
0.8147858705845576 0.06298843388558925 0.0

1745469143
0.7402068317141962 0.05515512378564713 0.0023503603885929175

1745469144
0.666510172143975 0.03990610328638498 0.0

1745469145
0.656078860898138 0.05820685338757628 0.00015647003598810827

1745469146
0.6089472860941655 0.03003284842796809 0.00015642108556233381

1745469147
0.5832942280619428 0.03456905990927577 0.0

1745469148
0.5810747297509008 0.05796647344508852 0.0

1745469149
0.7341752416588713 0.19847209229809792 0.00015590894917368256

1745469150
0.9059802228849474 0.060900957463506517 0.0001569612305760477

1745469151
0.78125 0.05046875 0.0

1745469152
0.5578667500781983 0.03237410071942446 0.00015639662183296842

1745469153
0.45208268086439085 0.024898214844973378 0.00015659254619480113

1745469154
0.5306378310609622 0.10108133521391631 0.0001567152483936687

1745469155
0.5694639787466792 0.06032192530082826 0.0

1745469156
0.568523153942428 0.03848560700876095 0.0

1745469157
0.48126078093147245 0.040301082013485964 0.0

1745469158
0.4032889584964761 0.04917776037588097 0.0

1745469159
0.4491590803888289 0.0669649745409659 0.018207066810677363

1745469160
0.9092319627618308 0.09076803723816912 0.0

1745469162
0.9159003379706044 0.08409966202939559 0.0

1745469163
0.8753340669706021 0.1246659330293979 0.0

1745469164
0.9097639981490051 0.09023600185099491 0.0

1745469165
0.9472853535353535 0.052714646464646464 0.0

1745469166
0.9469330419853286 0.053066958014671456 0.0

1745469167
0.8599307522820271 0.06216556499842619 0.0003147623544224111

1745469168
0.4467817896389325 0.05196232339089482 0.00015698587127158556

1745469169
0.2753396845228799 0.01889739184757145 0.0007808839606434484

1745469170
0.25566849100860045 0.034245504300234555 0.0017200938232994527

1745469171
0.19128253370962683 0.028849169018501097 0.00031357792411414236

1745469172
0.14480275516593613 0.019724483406386977 0.0

1745469173
0.1594180225281602 0.050375469336670836 0.00046933667083854817

1745469174
0.13477173233270795 0.015322076297686053 0.00031269543464665416

1745469175
0.13706775152558284 0.0067282115474886555 0.0009388202159286497

1745469176
0.16891256659354434 0.047633970542149795 0.0007834534628643058

1745469177
0.1272698810269255 0.030682529743268627 0.00015654351909830932

1745469178
0.1436844576616059 0.05806855532947253 0.005947722648301769

1745469179
0.39655172413793105 0.08791550170860515 0.002019260639950295

1745469180
0.8605776736924278 0.13864168618266978 0.0

1745469181
0.8956940774133375 0.10430592258666252 0.0

1745469182
0.9064591439688716 0.09354085603112841 0.0

1745469184
0.9112333071484682 0.08868813825608798 0.0

1745469185
0.9132276792719285 0.06323552487054762 0.0

1745469186
0.4809255784865541 0.05863039399624766 0.00015634771732332708

1745469187
0.31651159123166694 0.02617883614571834 0.0

1745469188
0.2612302394740961 0.011895445296603538 0.0

1745469189
0.23459493274945262 0.017360025023459492 0.0

1745469190
0.7101582910711541 0.07499615798370986 0.0012294452128477024

1745469192
0.9037827656568828 0.09621723434311726 0.0

1745469193
0.91311093871218 0.08688906128782002 0.0

1745469195
0.7583464566929133 0.09094488188976378 0.0

1745469196
0.24545454545454545 0.024921630094043887 0.00015673981191222572

1745469197
0.23082942097026604 0.054773082942097026 0.00015649452269170578

1745469198
0.16398059771553747 0.022218745110311376 0.0012517602879048662

1745469199
0.15696676548603528 0.021688250897175847 0.0

1745469200
0.2425888561229241 0.07248176315381033 0.0001552072016141549

1745469201
0.7187790517508522 0.28044623489308956 0.0

1745469202
0.8917207535222416 0.10827924647775843 0.0

1745469203
0.9521284890067051 0.047559644472165916 0.0001559332605644784

1745469204
0.9534883720930233 0.046511627906976744 0.0

1745469205
0.9529485570890841 0.04689460476787955 0.0

1745469206
0.985271074898151 0.014572234409276089 0.00015669069257286117

1745469207
0.8141913152926369 0.02344241661422278 0.0006293266205160479

1745469208
0.295369211514393 0.0344180225281602 0.00172090112640801

1745469209
0.25047051442910917 0.04469887076537014 0.0

1745469210
0.3302166121240455 0.056256817827645314 0.0074801309022907905

1745469211
0.875077208153181 0.12492279184681902 0.0

1745469212
0.9112509834775767 0.08874901652242329 0.0

1745469213
0.906773033004849 0.09322696699515094 0.0

1745469214
0.903165445189459 0.09667862154997661 0.0

1745469215
0.6357176693510185 0.04437075635559766 0.00031580609505763463

1745469216
0.23665201005025124 0.02355527638190955 0.000157035175879397

1745469217
0.21767748001880582 0.048111581256856294 0.0001567152483936687

1745469218
0.1414886934673367 0.01617462311557789 0.005339195979899497

1745469219
0.15478615071283094 0.017389942033526555 0.00015666614444618518

1745469220
0.14444618517938274 0.046999843333855554 0.0

1745469221
0.1091620986687549 0.010180109631949883 0.0

1745469222
0.07596899224806201 0.2303875968992248 0.00062015503875969

1745469223
0.08329355608591886 0.2467780429594272 0.0059665871121718375

1745469224
0.3270194113963682 0.08422041327489042 0.0006261740763932373

1745469225
0.8166262870987281 0.1801938219261054 0.0

1745469227
0.8803297997644287 0.11967020023557126 0.0

1745469229
0.8888276079420108 0.11117239205798929 0.0

1745469230
0.9168888191939784 0.04610318331503842 0.00015681354869060687

1745469231
0.42101130653266333 0.016331658291457288 0.00047110552763819093

1745469232
0.2118272841051314 0.007040050062578223 0.00015644555694618273

1745469233
0.14339268978444236 0.005623242736644799 0.0006248047485160887

1745469234
0.12161950914491168 0.008128810379865563 0.0001563232765358762

1745469235
0.11676881973911676 0.026559798837026558 0.003928964325003929

1745469236
0.13401094605160283 0.050977326035965595 0.005160281469898358

1745469237
0.08648733187363153 0.01595245542696278 0.0009383797309978105

1745469238
0.09085213032581453 0.0073621553884711775 0.002819548872180451

1745469239
0.29688463911165947 0.107958050586058 0.0012338062924120913

1745469240
0.8638792832442628 0.13596353348003773 0.0

1745469241
0.8942786069651741 0.10572139303482588 0.0

1745469242
0.9002497658445208 0.09975023415547923 0.0

1745469243
0.9197414064963734 0.08025859350362662 0.0

1745469244
0.907566902491541 0.09243309750845893 0.0

1745469245
0.90984375 0.09015625 0.0

1745469246
0.8658185840707965 0.07842920353982301 0.0

1745469248
0.3085599194360524 0.04642497482376636 0.0008056394763343404

1745469249
0.18557993730407524 0.054231974921630094 0.001567398119122257

1745469250
0.13119624706802188 0.01892103205629398 0.010320562939796716

1745469251
0.1904238618524333 0.05227629513343799 0.0015698587127158557

1745469252
0.14241001564945227 0.023004694835680753 0.008763693270735524

1745469253
0.11654428995469458 0.02265271051398219 0.009373535385096079

1745469254
0.2642067569671493 0.06819243344231668 0.006694690954382687

1745469255
0.8549830299290343 0.14501697007096576 0.0

1745469256
0.8700634969800217 0.1299365030199783 0.0

1745469257
0.8972006958722125 0.10279930412778744 0.0

1745469258
0.8903454657618753 0.10965453423812462 0.0

1745469260
0.9131971720345641 0.08680282796543598 0.0

1745469261
0.9295084558242453 0.0704915441757547 0.0

1745469262
0.4796773683378143 0.04728767989878222 0.0006326111023248458

1745469263
0.1747922871923499 0.02445524376861577 0.0007838219156607619

1745469264
0.1930786094581898 0.0424365800187911 0.00015659254619480113

1745469265
0.16692863879283243 0.03316567117258724 0.0

1745469266
0.19550526481219552 0.042432814710042434 0.00015715857300015716

1745469267
0.16504396984924624 0.03439070351758794 0.0

1745469268
0.1815607300188798 0.043266205160478285 0.0029893014474512273

1745469269
0.1772012578616352 0.039465408805031445 0.006603773584905661

1745469270
0.6341425215348473 0.06844166014095536 0.00046985121378230227

1745469271
0.7423245614035088 0.0606203007518797 0.0

1745469272
0.7067692790953353 0.04476205434270457 0.00015705983979896342

1745469273
0.3327526132404181 0.1004117833386126 0.0012670256572695597

1745469274
0.45139212941359463 0.15927827033753306 0.007310623736195365

1745469275
0.8552529182879377 0.14474708171206227 0.0

1745469277
0.8612536941981646 0.13874630580183545 0.0

1745469278
0.8780755367497257 0.12192446325027426 0.0

1745469279
0.8979082110521386 0.10209178894786138 0.0

1745469280
0.9199124041920851 0.08008759580791491 0.0

1745469282
0.9383755705965685 0.05942074610420274 0.0

1745469283
0.5150180846044976 0.032080515804371754 0.00015725743041358704

1745469284
0.2026266416510319 0.01172607879924953 0.0

1745469285
0.19365478247212187 0.03188314747918957 0.004083555834773048

1745469286
0.2770018621973929 0.0723153320918684 0.0029484792054624456

1745469288
0.20285261489698891 0.0384310618066561 7.92393026941363e-05

1745469289
0.2434947169216212 0.06103138306260842 0.00031540766440624505

1745469290
0.25833333333333336 0.07547169811320754 0.0

1745469291
0.2118071910818025 0.05605275553462082 0.0003140210394096404

1745469292
0.1970768505421971 0.040075436115040074 0.0

1745469293
0.15962957149584053 0.02888086642599278 0.0

1745469294
0.16463032581453635 0.06907894736842106 0.00015664160401002505

1745469295
0.22905553812362722 0.07012864763100095 0.0

1745469296
0.14692982456140352 0.01644736842105263 0.00046992481203007516

1745469297
0.19855821971477824 0.04450713054380191 0.0

1745469298
0.23820717755837642 0.0686412787964269 0.0

1745469299
0.34091263043139697 0.0826973991590095 0.0006229559258682448

1745469300
0.8622735790131169 0.13741411617738913 0.0

1745469301
0.914996964177292 0.08485124468731026 0.0

1745469303
0.9131464666403474 0.08685353335965258 0.0

1745469304
0.9269097767997485 0.07309022320025149 0.0

1745469305
0.9453551912568307 0.054488680718188916 0.0

1745469306
0.8277707808564232 0.031486146095717885 0.0

1745469307
0.5606392980256972 0.02130993418990912 0.00015669069257286117

1745469308
0.6186082877247849 0.012040656763096168 0.0

1745469309
0.7270452056937275 0.010793054903801032 0.00015642108556233381

1745469310
0.800718413243792 0.00921443073559269 0.0

1745469311
0.8670836591086787 0.010476935105551212 0.0

1745469312
0.9415818324197337 0.009397024275646046 0.0

1745469313
0.9858827179646292 0.009152963077877753 0.0

1745469314
0.9896778229590241 0.009383797309978105 0.00015639662183296842

1745469315
0.991466252909232 0.008533747090768037 0.0

1745469316
0.9826962403649521 0.017303759635047978 0.0

1745469317
0.9939100562148657 0.006089943785134291 0.0

1745469318
0.98078125 0.01921875 0.0

1745469319
0.9720149253731343 0.027985074626865673 0.0

1745469320
0.9874352128160829 0.012564787183917072 0.0

1745469321
0.992545426308433 0.007454573691567014 0.0

1745469322
0.9866373211759157 0.013362678824084264 0.0

1745469323
0.9895099420698293 0.01049005793017066 0.0

1745469324
0.98203125 0.0165625 0.0

1745469325
0.9932875429285045 0.0035903840149859507 0.0

1745469326
0.9645601379959229 0.00501803355809942 0.0

1745469327
0.8553537883531622 0.006574827802128992 0.0

1745469328
0.7540675844806007 0.018617021276595744 0.0

1745469329
0.6450297899027908 0.018187519598620257 0.00031357792411414236

1745469330
0.547887323943662 0.02926447574334898 0.0

1745469331
0.5343260188087774 0.02115987460815047 0.00031347962382445143

1745469332
0.5066079295154186 0.0144745122718691 0.00031466331025802394

1745469333
0.4349320418684581 0.011716919231370098 0.0001562255897516013

1745469334
0.5564026762097402 0.06021471915357087 0.00015559358954411078

1745469335
0.861881878778484 0.13796310649511703 0.0

1745469336
0.880494290630377 0.11950570936962303 0.0

1745469337
0.8801921884686918 0.11980781153130812 0.0

1745469338
0.89295286142204 0.10704713857795996 0.0

1745469339
0.9245194561650257 0.07548054383497421 0.0

1745469340
0.9595294117647059 0.04047058823529412 0.0

1745469341
0.964129756706176 0.03571428571428571 0.0

1745469342
0.9621485786084498 0.037537301711952256 0.0

1745469343
0.9155039974917699 0.05079166013481737 0.0

1745469344
0.6491310474401127 0.018788163457022077 0.0003131360576170346

1745469345
0.46603005635566686 0.007827175954915467 0.008296806512210394

1745469346
0.4225967540574282 0.01638576779026217 0.004213483146067416

1745469347
0.41076487252124644 0.023135033050047216 0.0007869058860560277

1745469348
0.35527346810844695 0.01692524682651622 0.0003134304967873374

1745469349
0.30933333333333335 0.029176470588235293 0.00047058823529411766

1745469350
0.19367959949937422 0.008917396745932416 0.00015644555694618273

1745469351
0.2028826570578098 0.03321322262259126 0.0

1745469352
0.1594996090695856 0.015949960906958563 0.0

1745469353
0.19818124804013798 0.043116964565694575 0.00015678896205707118

1745469354
0.17691342534504392 0.03434755332496863 0.00015683814303638644

1745469355
0.13528307788551766 0.013606506099468252 0.0

1745469356
0.15483870967741936 0.05712037765538946 0.00015735641227380016

1745469357
0.17544136191677176 0.046973518284993694 0.0

1745469358
0.3375686274509804 0.0327843137254902 0.00015686274509803922

1745469359
0.2441534144059869 0.0689117555347677 0.00015590894917368256

1745469360
0.82265625 0.17671875 0.0

1745469361
0.8994627782041443 0.10038372985418266 0.0

1745469363
0.8971748737373737 0.10282512626262626 0.0

1745469364
0.9233525471257206 0.07664745287427949 0.0

1745469365
0.9526655134455103 0.04434659537663155 0.0

1745469366
0.7150267211568689 0.06318767683118516 0.00047154982709839675

1745469367
0.25767063243581717 0.024577332498434565 0.00015654351909830932

1745469368
0.13748825555903538 0.024898214844973378 0.0004697776385844034

1745469369
0.10263240363522406 0.05217800062676277 0.0007834534628643058

1745469370
0.12672955974842767 0.06352201257861635 0.00031446540880503143

1745469371
0.18716827973774586 0.094754917265064 0.001404932875429285

1745469372
0.1639214444092493 0.07681343047196705 0.0006335128286347799

1745469373
0.15609756097560976 0.04799370574350905 0.00047206923682140047

1745469374
0.13905511811023621 0.09039370078740157 0.0012598425196850393

1745469375
0.16393442622950818 0.08133669609079446 0.0015762925598991173

1745469376
0.15598358067571835 0.07499210609409536 0.00031575623618566466

1745469377
0.1296471329552615 0.03985507246376811 0.0001575299306868305

1745469378
0.15988602184581288 0.0647459236979579 0.0

1745469379
0.3559931239256134 0.06579152992655102 0.0012501953430223472

1745469380
0.8632148377125193 0.13554868624420402 0.0001545595054095827

1745469381
0.8959778085991679 0.10402219140083217 0.0

1745469383
0.9004421285330807 0.0994789199431549 0.0

1745469384
0.9307084172996435 0.06929158270035653 0.0

1745469385
0.9496459480723839 0.05035405192761605 0.0

1745469386
0.908904971680302 0.048615481434864695 0.0

1745469387
0.7219141182063065 0.03390904769450166 0.0

1745469388
0.5713609093779602 0.029523208083359648 0.0

1745469389
0.3234082990180551 0.11609122584732341 0.0

1745469390
0.46756714308151404 0.0450761740223025 0.0

1745469391
0.6031446540880503 0.03742138364779874 0.00031446540880503143

1745469392
0.7375352775164629 0.016149263091878332 0.00015678896205707118

1745469393
0.7781069702167472 0.008108529549352877 0.0

1745469394
0.7718216318785579 0.005850727387729285 0.00031625553447185326

1745469395
0.7786482334869431 0.006605222734254993 0.00030721966205837174

1745469397
0.7828816657394898 0.005324644361440038 0.0

1745469398
0.7797142408541372 0.005024336630554247 0.0

1745469399
0.8308157099697885 0.026533561014054907 0.0005254170497832654

1745469401
0.9730147817119285 0.026813337916809902 0.0

1745469402
0.9743549402139711 0.025645059786028948 0.0

1745469403
0.973404255319149 0.026595744680851064 0.0

1745469404
0.9476571070365146 0.05234289296348535 0.0

1745469405
0.9624536464771323 0.03754635352286774 0.0

1745469406
0.9368802140720919 0.06311978592790808 0.0

1745469407
0.9589232923603548 0.04092111405010113 0.0

1745469408
0.9764668967681205 0.023376215877000315 0.0

1745469409
0.9722135497970652 0.02778645020293475 0.0

1745469410
0.9678588309437529 0.02772963604852686 0.0

1745469411
0.782792004996877 0.025296689569019364 0.0

1745469412
0.5155882813723954 0.011906626977910074 0.0010966630111232962

1745469413
0.30453834115805944 0.005477308294209703 0.00015649452269170578

1745469414
0.19914567683016646 0.007364854912358227 0.0010310796877301518

1745469416
0.6239819369405694 0.03733569873397306 0.00120957987259092

1745469417
0.9607081845006988 0.039291815499301136 0.0

1745469418
0.9112490302560124 0.08875096974398759 0.0

1745469419
0.9345060468038323 0.06549395319616774 0.0

1745469420
0.9620371816903609 0.03796281830963912 0.0

1745469421
0.9617134787384277 0.034363721951984935 0.00015691197238349287

1745469422
0.8861712135465664 0.03057384760112888 0.0

1745469423
0.7988442917382477 0.027330938622520694 0.0

1745469424
0.5510172143974961 0.029420970266040687 0.0

1745469425
0.2280564263322884 0.020219435736677116 0.00031347962382445143

1745469426
0.07184222883080295 0.017686648927844734 0.0018782282047268744

1745469427
0.03252541047693511 0.011727912431587178 0.004065676309616888

1745469428
0.031127796026904426 0.013452213358360707 0.000782105427811669

1745469429
0.031577301860246994 0.0010942629357511334 0.0

1745469430
0.4927491033837518 0.05909870575393732 0.0032745984718540464

1745469431
0.9270914472659293 0.07259697772238667 0.0

1745469432
0.9420244437480414 0.05734879348166719 0.00031338138514572234

1745469433
0.9161380164010522 0.08386198359894785 0.0

1745469434
0.9399686520376176 0.06003134796238244 0.0

1745469435
0.9583856783919598 0.03910175879396985 0.0

1745469436
0.7832914572864321 0.03329145728643216 0.000157035175879397

1745469437
0.3275348691427676 0.017552107820090895 0.0003134304967873374

1745469438
0.1365556076959174 0.015016424213984044 0.0

1745469439
0.2637055443391831 0.04783351452088834 0.0010871253300201895

1745469440
0.9598068234927559 0.04019317650724412 0.0

1745469441
0.9180633147113594 0.0808504034761018 0.0

1745469442
0.896834147109781 0.10316585289021893 0.0

1745469443
0.9298027644044107 0.07019723559558938 0.0

1745469444
0.9286503551696922 0.07134964483030781 0.0

1745469445
0.9580539529081553 0.04194604709184469 0.0

1745469446
0.9224598930481284 0.04954388172381252 0.0

1745469447
0.693125 0.044375 0.00015625

1745469448
0.3532268170426065 0.024906015037593984 0.0

1745469449
0.11234722657474146 0.004544030084612974 0.00015669069257286117

1745469450
0.05736167552360113 0.003751172241325414 0.00015629884338855892

1745469451
0.045504300234558245 0.001563721657544957 0.0001563721657544957

1745469452
0.0459375 0.0015625 0.0

1745469453
0.045788404438193465 0.0014064697609001407 0.0001562744178777934

1745469454
0.03673596998593091 0.002188525871502267 0.0

1745469455
0.030648944487881156 0.0017200938232994527 0.0

1745469456
0.03047827446076899 0.0010940919037199124 0.00015629884338855892

1745469457
0.030733229329173165 0.0012480499219968799 0.0

1745469458
0.030070477682067345 0.0017227877838684417 0.0

1745469459
0.03047827446076899 0.0012503907471084713 0.0

1745469460
0.03079568547756761 0.0010942629357511334 0.0

1745469461
0.030473511486169714 0.0014064697609001407 0.0001562744178777934

1745469462
0.22187742435996896 0.02668735453840186 0.0001551590380139643

1745469463
0.9578980196475908 0.04210198035240917 0.0

1745469464
0.9670949545596992 0.032905045440300845 0.0

1745469465
0.9701842023103341 0.029815797689665937 0.0

1745469466
0.96953125 0.0303125 0.0

1745469467
0.9401468979528051 0.058134083450539144 0.0009376465072667605

1745469468
0.9582747304266291 0.041412720737615254 0.0003125488357555868

1745469469
0.96578125 0.03421875 0.0

1745469470
0.9684375 0.0315625 0.0

1745469471
0.9584375 0.04125 0.00015625

1745469472
0.9448351304891389 0.05485232067510549 0.0001562744178777934

1745469473
0.96046875 0.0390625 0.00015625

1745469474
0.9623319787433573 0.037511722413254144 0.0

1745469475
0.9640186915887851 0.03582554517133956 0.00015576323987538941

1745469476
0.9561197304497727 0.0435668390534399 0.0001567152483936687

1745469477
0.9625 0.03734375 0.0

1745469478
0.9554617909048289 0.04438193467729333 0.0

1745469479
0.9557881581002968 0.04405561630995157 0.0

1745469480
0.9596069868995634 0.04039301310043668 0.0

1745469481
0.9033106435643564 0.09668935643564357 0.0

1745469482
0.8647793768780642 0.13506247034635457 0.0

1745469483
0.9000923645320197 0.0999076354679803 0.0

1745469485
0.9244167717528373 0.07542559899117277 0.0

1745469486
0.9481654957064793 0.05136612021857923 0.0

1745469487
0.8052457986492854 0.035338463954766766 0.00015705983979896342

1745469488
0.5255165936130244 0.0252035065748278 0.00015654351909830932

1745469489
0.38318196053867837 0.019887253366739743 0.0

1745469490
0.1967520299812617 0.007183010618363523 0.0

1745469491
0.0992330568164032 0.0031303803412114574 0.0

1745469492
0.0565978736710444 0.0025015634771732333 0.0

1745469493
0.047470331043098064 0.0012492192379762648 0.0

1745469494
0.046628070724456266 0.002034110467845408 0.0

1745469495
0.031532937870746174 0.0009366219169528567 0.0

1745469496
0.031147284395054 0.0012521521364845828 0.00015651901706057285

1745469497
0.030639362201031733 0.003126465530717524 0.0001563232765358762

1745469498
0.03109860915768089 0.0006250976715111736 0.0

1745469499
0.03078125 0.00109375 0.0

1745469500
0.03032671564795998 0.0014069094888228856 0.0001563232765358762

1745469501
0.030331457160725453 0.001876172607879925 0.0

1745469502
0.02954971857410882 0.002188868042526579 0.0

1745469503
0.030790872147546108 0.0007814942169427947 0.0

1745469504
0.03 0.00203125 0.00015625

1745469505
0.030336200156372166 0.0014073494917904612 0.0

1745469506
0.8797567061759202 0.10168434185901434 0.0

1745469507
0.921702656517011 0.0759670654031381 0.0

1745469508
0.9080155642023346 0.09198443579766537 0.0

1745469509
0.9019975031210986 0.09800249687890138 0.0

1745469510
0.9210117939168219 0.07898820608317815 0.0

1745469511
0.939667458432304 0.06033254156769596 0.0

1745469512
0.9716058960434445 0.02839410395655547 0.0

1745469514
0.6339349042477737 0.025376310189928284 0.00023642525021672314

1745469515
0.2579334062841957 0.012974831952477724 0.0

1745469516
0.1288056206088993 0.00624512099921936 0.0

1745469517
0.08078910286519493 0.0037576326914044154 0.0

1745469518
0.04300234558248632 0.003752931978107897 0.0001563721657544957

1745469519
0.2477463475287535 0.05533105377681069 0.0009325458501709667

1745469520
0.9186118892001245 0.08138811079987551 0.0

1745469521
0.9129275180420459 0.0870724819579542 0.0

1745469522
0.9533250078051826 0.04667499219481736 0.0

1745469523
0.9325929353694278 0.06740706463057226 0.0

1745469525
0.9523247580835497 0.04767524191645032 0.0

1745469526
0.9582352017585178 0.04160778772177736 0.0

1745469527
0.9643579766536965 0.03486381322957199 0.0

1745469528
0.9510818438381938 0.032455315145813735 0.00015678896205707118

1745469529
0.8888367729831145 0.027517198248905566 0.00015634771732332708

1745469530
0.6784203102961918 0.03165648017552108 0.0001567152483936687

1745469531
0.31579771410677937 0.01565680288085173 0.0001565680288085173

1745469532
0.06954211595561806 0.005313330207844975 0.0001562744178777934

1745469533
0.046747967479674794 0.00046904315196998124 0.00031269543464665416

1745469534
0.043138480775242266 0.0017192872772741482 0.00015629884338855892

1745469535
0.08337243860472392 0.03394337556702644 0.00015642108556233381

1745469536
0.05077331666927043 0.0021871582565224186 0.0001562255897516013

1745469537
0.04706066291432145 0.003595997498436523 0.00015634771732332708

1745469538
0.08707909162098669 0.027721221613155832 0.00015661707126076742

1745469539
0.3141393760670495 0.03274871954058668 0.0001552072016141549

1745469540
0.93953125 0.0603125 0.0

1745469541
0.96609375 0.03375 0.00015625

1745469542
0.96203125 0.0378125 0.00015625

1745469543
0.9566031845145176 0.04324071183265688 0.0

1745469544
0.9623143080531665 0.03674745895230649 0.0001563721657544957

1745469545
0.967494921081419 0.032192530082825445 0.0

1745469546
0.9645257071417409 0.03531801844038131 0.0

1745469547
0.9519200749297534 0.04745551045894474 0.00015610365282547612

1745469548
0.9598060681889271 0.039568345323741004 0.00015639662183296842

1745469549
0.9370727159726538 0.06199502796768179 0.0

1745469550
0.9603510421564018 0.039492242595204514 0.0

1745469551
0.9575301676853157 0.04184297132110954 0.0001567152483936687

1745469552
0.96375 0.03609375 0.00015625

1745469553
0.9615745079662605 0.03811308965948141 0.00015620118712902218

1745469554
0.9610045234752769 0.03868351271252535 0.0

1745469555
0.9626504141272074 0.037037037037037035 0.0

1745469556
0.9603882887114451 0.03929857523093784 0.0001565680288085173

1745469557
0.956089992242048 0.04096198603568658 0.0

1745469558
0.937471193731756 0.06237517283760946 0.0

1745469560
0.9428977048663144 0.05710229513368562 0.0

1745469561
0.9597104186339314 0.03997481901164621 0.0

1745469562
0.8825650674192537 0.03857008466603951 0.0

1745469563
0.6666666666666666 0.021868166198063105 0.00015620118712902218

1745469564
0.4717128976649428 0.020686412787964268 0.0

1745469565
0.3356271504535502 0.013606506099468252 0.0

1745469566
0.23767798466593648 0.007979971835393522 0.00015647003598810827

1745469567
0.1633833646028768 0.004690431519699813 0.0

1745469568
0.12240112552759105 0.003126465530717524 0.0001563232765358762

1745469569
0.1076899030947171 0.002188183807439825 0.00015629884338855892

1745469570
0.7789669613773849 0.05692570187684194 0.0003102218085931441

1745469571
0.931158289103965 0.06884171089603497 0.0

1745469572
0.8959925152034929 0.1040074847965071 0.0

1745469573
0.8955705936634881 0.10442940633651185 0.0

1745469574
0.9202144433932513 0.07978555660674866 0.0

1745469575
0.9289253638897491 0.07107463611025085 0.0

1745469576
0.9315814025812471 0.06841859741875292 0.0

1745469578
0.9552877754875535 0.027826224829554463 7.927699381639449e-05

1745469579
0.6557274574152211 0.025941553367713706 0.0003125488357555868

1745469580
0.38189533239038187 0.02153072450102153 0.0

1745469581
0.31383893666927287 0.010007818608287724 0.0

1745469582
0.24550711048601345 0.008595092983278638 0.0001562744178777934

1745469583
0.19212130686259185 0.003908081913396905 0.0

1745469584
0.14939834349117048 0.004063134864822629 0.0

1745469585
0.095 0.0040625 0.0

1745469586
0.05026537620980331 0.001248829222603809 0.0

1745469587
0.046896982960762855 0.0006252931061435048 0.0

1745469588
0.04750742303484919 0.0006250976715111736 0.0

1745469589
0.04720225070334479 0.00031259768677711783 0.0

1745469590
0.04720225070334479 0.00046889653016567677 0.0

1745469591
0.6339410939691444 0.091164095371669 0.0010908524232507402

1745469592
0.892901813633521 0.10178236397748593 0.00031269543464665416

1745469593
0.9095156517676375 0.08534496184394955 0.0003114779629341224

1745469594
0.8620091468222678 0.09036429585238921 0.0

1745469595
0.22236121970289288 0.006098514464425333 0.0001563721657544957

1745469596
0.06724003127443315 0.002971071149335418 0.0001563721657544957

1745469597
0.046413502109704644 0.000781372089388967 0.0001562744178777934

1745469598
0.04658433640769111 0.0009379396592152572 0.0001563232765358762

1745469599
0.04673335417317912 0.0014066895904970304 0.00015629884338855892

1745469600
0.04628616106333073 0.0007818608287724785 0.0

1745469601
0.04672605094546023 0.0010939209251445538 0.0

1745469602
0.04672605094546023 0.000781372089388967 0.0001562744178777934

1745469603
0.32636505460218407 0.0405616224648986 0.00015600624024960998

1745469604
0.9128261209186065 0.08420559287611311 0.0

1745469605
0.9287051482059282 0.06957878315132605 0.0

1745469606
0.9337583579536619 0.0631317058000311 0.00015549681231534753

1745469607
0.9399563318777293 0.059263880224578916 0.0

1745469608
0.9439384422110553 0.05606155778894473 0.0

1745469609
0.95523765574527 0.04476234425473004 0.0

1745469610
0.9579990561585654 0.041686330029888315 0.0

1745469612
0.445698500394633 0.021152328334648775 0.0

1745469613
0.11671087533156499 0.0017163364019347792 0.0

1745469614
0.10288130284998434 0.0020357031005324147 0.0

1745469615
0.07972487103329685 0.001563232765358762 0.0

1745469616
0.624731182795699 0.08755760368663594 0.00030721966205837174

1745469617
0.9127622653415365 0.08566019876952201 0.0

1745469618
0.9247614578445175 0.07351791021429689 0.0

1745469619
0.9479850046860356 0.04967197750702906 0.00015620118712902218

1745469620
0.8563415394203802 0.061078217513244 0.0

1745469622
0.42626437687096264 0.030250512052938397 0.0

1745469623
0.15578125 0.00203125 0.0

1745469624
0.24855491329479767 0.028276831745039838 0.0001562255897516013

1745469625
0.912101516558341 0.08681522748375116 0.0

1745469626
0.9320949110209179 0.06634405245082735 0.0

1745469627
0.9429330831769857 0.054409005628517824 0.0

1745469628
0.9503134796238244 0.04827586206896552 0.0

1745469629
0.9321954274976512 0.06639523958659568 0.0

1745469630
0.9529614002187842 0.03484919518674793 0.0

1745469631
0.8550907655880031 0.02367797947908445 0.0

1745469632
0.12200844673862037 0.0028155795401220087 0.0

1745469633
0.07723577235772358 0.0014071294559099437 0.0

1745469634
0.07783682400750234 0.0015629884338855893 0.0

1745469635
0.07766838568526332 0.0010939209251445538 0.0001562744178777934

1745469636
0.07748789251679425 0.0010935791282612093 0.0

1745469637
0.07724784988272088 0.0014073494917904612 0.0

1745469638
0.07754846779237023 0.0010944340212632896 0.0

1745469639
0.07778819119025304 0.001562011871290222 0.0

1745469640
0.07758485843891756 0.0009385265133740028 0.0

1745469641
0.07766838568526332 0.0012501953430223472 0.0

1745469642
0.07783682400750234 0.0006251953735542357 0.0

1745469643
0.07768052516411379 0.0010940919037199124 0.0

1745469644
0.07766838568526332 0.0010939209251445538 0.0

1745469645
0.07770481550969356 0.0014071294559099437 0.0

1745469646
0.07735583684950774 0.001562744178777934 0.0

1745469647
0.6823054217803325 0.08357930713065093 0.00031070374398011494

1745469648
0.9171896525332925 0.08051431195469157 0.0

1745469650
0.9350936832951221 0.06364139457664637 0.0

1745469651
0.8930964625214275 0.10456599657160667 0.0

1745469652
0.9037209302325582 0.09581395348837209 0.0

1745469653
0.9162732137236387 0.08010701920050362 0.0

1745469654
0.955783901603612 0.04281488401058695 0.0

1745469655
0.9633401221995926 0.03086323045589848 0.0

1745469656
0.914272181875592 0.03378591727186612 0.00015787811809283233

1745469657
0.27928493021797085 0.01693586325858554 0.0

1745469658
0.15693316677076827 0.008588382261086821 0.0

1745469659
0.12640449438202248 0.006554307116104869 0.0

1745469660
0.7292834890965733 0.08707165109034268 0.00031152647975077883

1745469661
0.934585289514867 0.06353677621283255 0.0

1745469662
0.9438656507541595 0.05457938112268698 0.0

1745469663
0.9231722428748451 0.07543370508054523 0.0

1745469664
0.87736298649722 0.12025416997617157 0.0

1745469665
0.8263801756587202 0.06273525721455459 0.00015683814303638644

1745469666
0.5825731362063542 0.02422145328719723 0.0

1745469667
0.28531206006569687 0.008446738620366025 0.0

1745469668
0.1644221735045412 0.009395552771688067 0.0

1745469669
0.14769563872564181 0.016238787503866377 0.0001546551190844417

1745469670
0.8620528042493361 0.13388533041712233 0.0

1745469671
0.87621893677257 0.12173639509279648 0.0

1745469672
0.9173166926677067 0.08018720748829954 0.0

1745469673
0.9329277803774763 0.06442052721884262 0.0

1745469674
0.9043818466353678 0.09248826291079812 0.0

1745469675
0.7687578814627994 0.05942622950819672 0.00015762925598991173

1745469676
0.39331659868214625 0.07028553498588014 0.0

1745469677
0.12887566551832133 0.0039148136548700285 0.0

1745469678
0.06395621579358875 0.006254886630179828 0.0

1745469679
0.05087390761548065 0.0023408239700374533 0.0

1745469680
0.046740659684226984 0.0009379396592152572 0.0

1745469681
0.08079552517091361 0.030609073958980732 0.00031075201988812925

1745469682
0.8422623723487824 0.14831107619795758 0.0004713275726630008

1745469683
0.9468599033816425 0.05080255571139162 0.0

1745469684
0.9499374217772215 0.04740300375469337 0.0

1745469685
0.9172273509622907 0.08105147864184009 0.0

1745469686
0.8972411655300682 0.10120892746435214 0.0

1745469687
0.9376971608832808 0.06025236593059937 0.0

1745469688
0.9514563106796117 0.04603820858127153 0.0

1745469689
0.9310398749022674 0.06458170445660673 0.0

1745469690
0.7288241741036481 0.052137153593236264 0.0001565680288085173

1745469691
0.24443399184697398 0.008623392913138916 0.0

1745469692
0.0994682514857679 0.001094776352830779 0.0

1745469693
0.05797780903266135 0.001562744178777934 0.0

1745469694
0.03608247422680412 0.004217432052483599 0.0

1745469695
0.31386292834890966 0.031931464174454825 0.0006230529595015577

1745469696
0.9285603112840467 0.06941634241245136 0.0001556420233463035

1745469697
0.9444096461008455 0.05402442843720639 0.0

1745469698
0.9444618272841051 0.053035043804755946 0.0

1745469699
0.90161619331555 0.08661540875568806 0.0

1745469700
0.42550188205771644 0.0404642409033877 0.0

1745469701
0.0478125 0.0040625 0.0

1745469702
0.05865790708587518 0.009854528390427029 0.0

1745469703
0.07871674491392801 0.024413145539906103 0.00015649452269170578

1745469704
0.06115107913669065 0.0089146074444792 0.0

1745469705
0.8249650240945127 0.07477071350847195 0.000466345406497746

1745469706
0.9576893052302888 0.03965651834504293 0.0

1745469707
0.9464508094645081 0.05152552926525529 0.0

1745469708
0.9370684243565599 0.061519146264908973 0.0

1745469709
0.906581409856519 0.09232688708671241 0.0

1745469710
0.931470496409616 0.06681236340930377 0.00015610365282547612

1745469711
0.9569370497964297 0.0414970247416223 0.0

1745469712
0.9440362670001563 0.05299359074566203 0.0

1745469713
0.9614067849361967 0.03765950824774354 0.0

1745469714
0.955153422501967 0.043745082612116445 0.0

1745469715
0.9532507739938081 0.043343653250773995 0.0

1745469717
0.4650446322774311 0.021644679674539855 7.899518129394107e-05

1745469718
0.047767717764595694 0.001404932875429285 0.0

1745469719
0.03144063819802909 0.00031284217112466763 0.0

1745469720
0.03142589118198874 0.00015634771732332708 0.0

1745469721
0.3881771878376293 0.08056798888717395 0.0001543448062972681

1745469722
0.9598951102884467 0.03933364183248496 0.0

1745469723
0.9679169249845009 0.03177309361438314 0.0

1745469725
0.9464981318069798 0.03847682645679307 0.0

1745469726
0.1711514392991239 0.011889862327909888 0.0

1745469727
0.0297339593114241 0.002347417840375587 0.00031298904538341156

1745469728
0.0521875 0.00265625 0.0

1745469729
0.08693609022556391 0.03446115288220551 0.00015664160401002505

1745469730
0.046896982960762855 0.002657495701109895 0.0

1745469731
0.055677197372536756 0.0014075695964967157 0.00015639662183296842

1745469732
0.053445850914205346 0.001875293014533521 0.0

1745469733
0.05624121231057647 0.0018747070770192159 0.0001562255897516013

1745469734
0.05118171857880732 0.0026608232900297386 0.00015651901706057285

1745469735
0.0559375 0.0015625 0.0

1745469736
0.8605806551777674 0.07343580189411582 0.0004657661853749418

1745469737
0.9589751650424395 0.039610185476265325 0.0

1745469738
0.9563197026022305 0.04275092936802974 0.00015489467162329616

1745469739
0.9557577659240665 0.043457797301537496 0.0

1745469740
0.9486054528361015 0.04982764023816985 0.00015669069257286117

1745469741
0.9448265082838387 0.052985307908721475 0.0

1745469742
0.9531444582814446 0.04374221668742217 0.0

1745469743
0.9510248787357221 0.04568925050852762 0.0

1745469744
0.9473849536673472 0.05167268729385896 0.0

1745469745
0.9490525007766387 0.04861758310034172 0.0

1745469746
0.9433374844333748 0.054950186799501866 0.0

1745469747
0.944698282653222 0.053883724594296516 0.00015755475027572083

1745469748
0.9467621419676214 0.05121419676214197 0.0

1745469749
0.9365899483325505 0.0615312353217473 0.0

1745469750
0.94625 0.05359375 0.0

1745469751
0.9258164852255054 0.07325038880248834 0.0

1745469752
0.8852331202245439 0.11429907999376267 0.0001559332605644784

1745469753
0.9301418992671137 0.06985810073288633 0.0

1745469754
0.9459755715627937 0.05402442843720639 0.0

1745469756
0.8853077588239918 0.035531797814637216 0.0

1745469757
0.30906528886801315 0.008611241584468451 0.0

1745469758
0.16249609008445418 0.003440725680325305 0.0

1745469759
0.18929402637703646 0.020015515903801396 0.0001551590380139643

1745469760
0.9564130604593032 0.043430713950945166 0.0

1745469761
0.9652418976045092 0.03460153436668233 0.0

1745469762
0.9711433473717049 0.028856652628295117 0.0

1745469763
0.9745272698859196 0.025003906860446946 0.0

1745469764
0.9696827629317081 0.028285669635880608 0.0

1745469765
0.8456828885400314 0.01978021978021978 0.0

1745469766
0.47773596738789587 0.012856694888679836 0.00015678896205707118

1745469767
0.2417083854818523 0.002816020025031289 0.0

1745469768
0.1503278176709335 0.0021854511395566654 0.0

1745469769
0.09332499609191809 0.0012505862122870095 0.0

1745469770
0.3237354085603113 0.02894941634241245 0.0004669260700389105

1745469771
0.9596195821640162 0.040380417835983784 0.0

1745469772
0.9693702140959525 0.030629785904047507 0.0

1745469773
0.9703171379471958 0.029526636463052647 0.0001562255897516013

1745469774
0.9513530423901142 0.04817769435319881 0.0

1745469775
0.7586044318717586 0.041961338991041965 0.00015715857300015716

1745469776
0.643282179768243 0.018947698089570936 0.00031318509238960227

1745469777
0.30585480093676815 0.008743169398907104 0.000312256049960968

1745469778
0.264858083738435 0.006586169045005488 0.0

1745469779
0.7036287182681825 0.07054975860457872 0.0

1745469780
0.9194327567399097 0.07947639083683965 0.0

1745469781
0.8993632551638453 0.10032613759900606 0.0

1745469782
0.9228114213994352 0.0771885786005648 0.0

1745469783
0.9109019607843137 0.08909803921568628 0.0

1745469784
0.9269087523277467 0.07309124767225327 0.0

1745469785
0.9430438842203548 0.05695611577964519 0.0

1745469786
0.95484375 0.045 0.0

1745469788
0.6410721324398896 0.028537642885297594 0.0

1745469789
0.12247454972592013 0.004385277995301488 0.0

1745469790
0.09551352196342035 0.001719556041894638 0.0

1745469791
0.07705532979055955 0.0017192872772741482 0.0

1745469792
0.06330103157236637 0.0009377930603313535 0.0

1745469793
0.06329113924050633 0.0012501953430223472 0.0

1745469794
0.05208007507037848 0.0014075695964967157 0.0

1745469795
0.04751484839012191 0.0006251953735542357 0.0

1745469796
0.04767114723351047 0.0006251953735542357 0.0

1745469797
0.04736595279037049 0.000781616382679381 0.0

1745469798
0.047433296926197535 0.0006241223279762834 0.0

1745469799
0.5034246575342466 0.05183686176836862 0.00015566625155666251

1745469800
0.9623346303501945 0.03766536964980545 0.0

1745469801
0.9697254901960785 0.03027450980392157 0.0

1745469802
0.930625 0.06578125 0.00015625

1745469803
0.9624941397093296 0.03750586029067042 0.0

1745469804
0.9670260978277856 0.03297390217221441 0.0

1745469805
0.9420470478267643 0.057485589655709615 0.0

1745469806
0.9624200842039607 0.03742398253547482 0.0

1745469807
0.9565422026984625 0.04267336052714151 0.0

1745469808
0.9488937363664693 0.05110626363353069 0.0

1745469809
0.9625550660792952 0.037287602265575835 0.0

1745469810
0.9551982516390883 0.04417733374960974 0.00031220730565095225

1745469811
0.9514896272032444 0.04741849945406333 0.00031196381219778506

1745469812
0.9628989152648955 0.03694387674893885 0.0

1745469813
0.9573607220666044 0.040927482103952695 0.0001556178026766262

1745469814
0.9507174048658765 0.048658764815970056 0.0

1745469815
0.9517639712769279 0.046831095847642834 0.0

1745469816
0.9479117785077429 0.050524010636633816 0.00015642108556233381

1745469817
0.9554548296342608 0.044388871522350735 0.00015629884338855892

1745469818
0.960043702200718 0.0394880599344467 0.0003121585765568909

1745469819
0.9574468085106383 0.041927409261576974 0.0

1745469820
0.9533938066937754 0.04629340006255865 0.0

1745469821
0.9341919271242344 0.0626668760797864 0.00015705983979896342

1745469822
0.9156308266003729 0.0790863890615289 0.00015537600994406463

1745469823
0.9521210230817218 0.04694323144104803 0.0

1745469824
0.9470808616921635 0.05245082734935998 0.0

1745469825
0.9584704591756777 0.041529540824322204 0.0

1745469826
0.9551492420690733 0.04453820909517112 0.0

1745469827
0.9505245028965086 0.04916236104587443 0.0

1745469828
0.9435961358678716 0.054845746338423186 0.0001558117793705204

1745469829
0.9566713592992335 0.042859377444079465 0.0

1745469830
0.9470817120622568 0.05260700389105059 0.0

1745469831
0.9553361542078044 0.04388026955022724 0.0003134304967873374

1745469832
0.9541757898029403 0.04566781357522678 0.0

1745469833
0.9612427428212773 0.038600345206339245 0.0

1745469834
0.9657640834111423 0.034080298786181136 0.0001556178026766262

1745469835
0.9675 0.0325 0.0

1745469836
0.9640625 0.035625 0.00015625

1745469837
0.965452847805789 0.034235916588857766 0.0001556178026766262

1745469838
0.9474842767295597 0.051415094339622644 0.0

1745469839
0.9501640368692392 0.04889860959225121 0.0001562255897516013

1745469840
0.8083738435000785 0.033714912968480476 0.00015681354869060687

1745469841
0.447747183979975 0.02299749687108886 0.00015644555694618273

1745469842
0.15476190476190477 0.005952380952380952 0.00015664160401002505

1745469843
0.14424280350438048 0.03254067584480601 0.0

1745469844
0.08256450351837373 0.002971071149335418 0.0001563721657544957

1745469845
0.07707942464040025 0.0010944340212632896 0.00015634771732332708

1745469846
0.06862591839924966 0.0006252931061435048 0.0

1745469847
0.6661481020535158 0.07934038581207219 0.00015556938394523958

1745469848
0.9435345499922009 0.05568554047730463 0.0

1745469849
0.9384278793561494 0.06000937646507267 0.0

1745469850
0.95671875 0.04328125 0.0

1745469851
0.965123553331248 0.034720050046918985 0.00015639662183296842

1745469852
0.9315863800407971 0.03687431351012082 0.00015691197238349287

1745469853
0.4770944461876373 0.020395356134295575 0.00015688735487919673

1745469854
0.33084924701133367 0.03291414376649589 0.0004657661853749418

1745469855
0.9284372063889759 0.07156279361102412 0.0

1745469856
0.9444270995941305 0.0555729004058695 0.0

1745469857
0.9434050514499532 0.05659494855004677 0.0

1745469858
0.9453696498054475 0.05463035019455253 0.0

1745469859
0.9379711055276382 0.06202889447236181 0.0

1745469860
0.9404743450627809 0.05937064021082003 0.0

1745469862
0.5636120296016376 0.034167847583057784 7.872775940796725e-05

1745469863
0.09717231682549601 0.004218090923293235 0.0001562255897516013

1745469864
0.038503678196900926 0.0029738613241508845 0.0

1745469865
0.03109375 0.000625 0.0

1745469866
0.03126465530717524 0.000781616382679381 0.0

1745469867
0.8199471803635234 0.05437315519652012 0.0006214074879602299

1745469868
0.9614122793313544 0.03843149507889392 0.0001562255897516013

1745469869
0.95390625 0.04578125 0.0

1745469870
0.9634241245136187 0.036420233463035016 0.0001556420233463035

1745469871
0.9628697293895532 0.03697293895531781 0.0

1745469872
0.9175193798449612 0.082015503875969 0.0

1745469873
0.9185231344446175 0.08147686555538246 0.0

1745469874
0.9312227074235808 0.06877729257641921 0.0

1745469876
0.840059908560618 0.05391770455620369 7.882705344474224e-05

1745469877
0.19435345499922008 0.013414443924504757 0.00015598190609889253

1745469878
0.05809583463827122 0.0028186658315064203 0.0

1745469879
0.02956358517128109 0.003128421711246676 0.0

1745469880
0.6935830518882408 0.11482959778937672 0.00015351550506601167

1745469882
0.9305827908071221 0.06941720919287787 0.0

1745469883
0.9462939698492462 0.053706030150753765 0.0

1745469884
0.9470808616921635 0.05291913830783641 0.0

1745469885
0.9534883720930233 0.046511627906976744 0.0

1745469886
0.7246969935463561 0.03620336848732882 0.0

1745469887
0.3075959279561472 0.013782302270947533 0.00015661707126076742

1745469888
0.08381548084440969 0.004691164972634871 0.0

1745469889
0.11704119850187265 0.06179775280898876 0.00015605493133583021

1745469890
0.8903603326147213 0.10732984293193717 0.0

1745469891
0.9278724747474747 0.07212752525252525 0.0

1745469892
0.9441194581280788 0.05588054187192118 0.0

1745469893
0.9368901479383066 0.06310985206169342 0.0

1745469895
0.9375979931012857 0.06240200689871433 0.0

1745469896
0.9425395334272741 0.05511194614059809 0.0

1745469897
0.8543628374136849 0.04896421845574388 0.0

1745469898
0.5142812303829253 0.023540489642184557 0.00015693659761456373

1745469899
0.3170087064676617 0.06716417910447761 0.0004664179104477612

1745469900
0.9017160686427457 0.09407176287051482 0.0

1745469901
0.9075027296833568 0.08984557791296209 0.0

1745469902
0.9388578522656735 0.0611421477343265 0.0

1745469903
0.9353618161753113 0.06463818382468864 0.0

1745469904
0.9378390947139978 0.06216090528600217 0.0

1745469905
0.9396646293684375 0.060335370631562454 0.0

1745469906
0.9540952680396164 0.04590473196038359 0.0

1745469907
0.7981087470449173 0.06729708431836091 0.0

1745469908
0.30203442879499215 0.014397496087636933 0.00015649452269170578

1745469909
0.11783042394014963 0.005143391521197007 0.0

1745469910
0.06430363864491845 0.0040777917189460475 0.0

1745469911
0.031113195747342087 0.0009380863039399625 0.0

1745469912
0.0411920736464347 0.004056795131845842 0.00015603058199407084

1745469913
0.09873259270849633 0.026756376153966515 0.0

1745469914
0.046784540760444374 0.0035988108277264902 0.0

1745469915
0.7118511569731082 0.12273295809881175 0.00015634771732332708

1745469916
0.9074585635359116 0.09238796807857581 0.0

1745469918
0.9395246686014589 0.06047533139854106 0.0

1745469919
0.9367743959836837 0.06322560401631629 0.0

1745469920
0.9521875 0.0478125 0.0

1745469921
0.9514182729979627 0.0485817270020373 0.0

1745469922
0.6986516149263092 0.038726873628096584 0.00015678896205707118

1745469923
0.3647759323096208 0.01880288310874334 0.0

1745469924
0.35783095090118083 0.07271597265382225 0.0006215040397762585

1745469925
0.9127527216174184 0.0869362363919129 0.00031104199066874026

1745469926
0.9368437548973515 0.06315624510264849 0.0

1745469927
0.9394650398873768 0.06053496011262318 0.0

1745469928
0.94447015270708 0.055529847292919945 0.0

1745469929
0.9406205701685305 0.05937942983146952 0.0

1745469930
0.9526878340144609 0.04731216598553914 0.0

1745469931
0.8800376352516858 0.05002352203230359 0.0

1745469932
0.4749253262065713 0.023109573966357492 0.0

1745469933
0.2065081351689612 0.010794743429286609 0.0

1745469934
0.11413383364602876 0.006722951844903065 0.0

1745469935
0.6907505450015572 0.11242603550295859 0.0003114294612270321

1745469936
0.9281759458628115 0.07182405413718855 0.0

1745469937
0.9268139790001567 0.07318602099984328 0.0

1745469938
0.9333020197275717 0.06669798027242838 0.0

1745469939
0.9321501492068478 0.06784985079315219 0.0

1745469940
0.9523958170750741 0.04760418292492586 0.0

1745469941
0.8863851244878663 0.060037819098644814 0.0001575795776867318

1745469942
0.3193224592220828 0.02117314930991217 0.0

1745469943
0.12443332812255745 0.003908081913396905 0.0

1745469944
0.17212987416498368 0.06773341618766505 0.00015535187199005747

1745469945
0.9097674418604651 0.09023255813953489 0.0

1745469946
0.9430996541967934 0.05690034580320654 0.0

1745469947
0.9388008698353526 0.061199130164647404 0.0

1745469948
0.9306821754165356 0.06916064130776485 0.0

1745469949
0.9390720199968755 0.060927980003124514 0.0

1745469950
0.9479117785077429 0.052088221492257156 0.0

1745469951
0.8750784682988073 0.053044569993722535 0.00015693659761456373

1745469952
0.4498193811842312 0.02544369404743207 0.0

1745469953
0.21431921213068625 0.012036892293262467 0.0

1745469954
0.27510444066223116 0.07148383103821755 0.0004641807210273867

1745469955
0.9117103235747304 0.08813559322033898 0.00015408320493066256

1745469957
0.9326196473551638 0.06738035264483627 0.0

1745469958
0.9365303244005642 0.06346967559943582 0.0

1745469959
0.9377419854421558 0.0622580145578442 0.0

1745469960
0.9429556495847046 0.05673091991850807 0.0

1745469961
0.7847781462182221 0.04358124111795358 0.00015790304752881732

1745469962
0.41814193952686823 0.020209932633557887 0.0

1745469963
0.301597243971187 0.0139367366113373 0.00015659254619480113

1745469964
0.23620447084570892 0.01594497420665937 0.0

1745469965
0.2143862392494136 0.00906958561376075 0.0

1745469966
0.19002969213939677 0.006407251132989529 0.0

1745469967
0.16265625 0.00734375 0.00015625

1745469968
0.13851933009860698 0.00657379871654406 0.0

1745469969
0.15301656767739918 0.06595811190997186 0.00015629884338855892

1745469970
0.8909455498997377 0.10874595094863489 0.00015424957581366652

1745469971
0.9403619197482297 0.05963808025177026 0.0

1745469972
0.925555208007507 0.07444479199249296 0.0

1745469973
0.9388673390224981 0.06113266097750194 0.0

1745469974
0.9384422110552764 0.06155778894472362 0.0

1745469975
0.9458320324695598 0.05385576022478926 0.0

1745469976
0.7266153120578526 0.038358748624430124 0.0

1745469977
0.3761770244821092 0.020558694287507846 0.0

1745469978
0.23282323547782635 0.014053716427232979 0.0

1745469979
0.20773324984345648 0.012993112085159674 0.0

1745469980
0.8737593052109182 0.11383374689826303 0.00015508684863523573

1745469981
0.8996718237224567 0.0995468041881544 0.0

1745469982
0.9144859813084112 0.0853582554517134 0.0

1745469983
0.9343489869640333 0.06565101303596671 0.0

1745469984
0.9417776401362651 0.058222359863734904 0.0

1745469985
0.9536309336686577 0.04636906633134234 0.0

1745469986
0.9435001573811772 0.05555555555555555 0.0

1745469987
0.3835423197492163 0.031504702194357366 0.0

1745469988
0.10442394872596529 0.004689698296076286 0.0

1745469989
0.0692728694292416 0.0023455824863174357 0.0

1745469990
0.6620657568238213 0.11398883374689826 0.00031017369727047146

1745469991
0.9161582981385891 0.08321601751916158 0.0

1745469992
0.895884900990099 0.10349628712871287 0.0

1745469993
0.9462399495506858 0.05376005044931421 0.0

1745469994
0.9488372093023256 0.05116279069767442 0.0

1745469995
0.9512844611528822 0.048715538847117795 0.0

1745469996
0.9530759573132455 0.04692404268675455 0.0

1745469997
0.8068575023592325 0.05206039635105379 0.00015728216420257942

1745469998
0.3038093745101113 0.020222605424047656 0.0

1745469999
0.1489128734553418 0.005631159080244017 0.0

1745470000
0.48432650527622595 0.03646803227808815 0.00015518311607697082

1745470001
0.8871370590071808 0.11286294099281924 0.0

1745470002
0.9437412095639943 0.05625879043600562 0.0

1745470003
0.9454318677892111 0.0545681322107889 0.0

1745470004
0.9312020059551794 0.06879799404482057 0.0

1745470005
0.9423196517412935 0.05752487562189055 0.0

1745470007
0.6289308176100629 0.040566037735849055 0.0

1745470008
0.1480031323414252 0.01096319498825372 0.0

1745470009
0.11487115802545793 0.020180068301769636 0.00046569388388699164

1745470010
0.9518825183565068 0.04811748164349321 0.0

1745470011
0.88649736760607 0.11350263239393 0.0

1745470012
0.9437195409526804 0.056280459047319605 0.0

1745470013
0.9229685298262095 0.07703147017379051 0.0

1745470014
0.921870146008077 0.07812985399192296 0.0

1745470015
0.9444531864673485 0.05554681353265146 0.0

1745470016
0.9010678391959799 0.054334170854271356 0.000157035175879397

1745470017
0.3273212045169385 0.019761606022584692 0.00015683814303638644

1745470018
0.11507191994996874 0.005472170106316448 0.00015634771732332708

1745470019
0.19237301219700478 0.0673151150223869 0.0003087849312953528

1745470020
0.919431279620853 0.07977883096366509 0.0

1745470021
0.8765279282067151 0.12285316416524834 0.0

1745470022
0.9316789696874509 0.06832103031254907 0.0

1745470023
0.9264478166615051 0.07355218333849489 0.0

1745470024
0.9388810531264692 0.0611189468735308 0.0

1745470025
0.946608040201005 0.05339195979899498 0.0

1745470026
0.9462382445141065 0.05031347962382445 0.0

1745470027
0.7247534053546266 0.0325661499921716 0.0001565680288085173

1745470028
0.3220844451420499 0.019777115052582013 0.0

1745470029
0.06734375 0.00609375 0.00015625

1745470030
0.10794044665012408 0.054280397022332505 0.00015508684863523573

1745470031
0.9091335627150453 0.09039724741945573 0.00015639662183296842

1745470032
0.8941029250743 0.10511496949788832 0.00015642108556233381

1745470033
0.9298300327459847 0.07016996725401528 0.0

1745470034
0.9423196517412935 0.057680348258706465 0.0

1745470035
0.9548387096774194 0.04516129032258064 0.0

1745470036
0.9476064244503353 0.052237642289100265 0.0

1745470037
0.8466740053467526 0.04466111023745872 0.00015725743041358704

1745470038
0.4472653189155305 0.022410280520294625 0.0

1745470039
0.23934681181959563 0.03110419906687403 0.00015552099533437013

1745470040
0.8721271016504705 0.12787289834952953 0.0

1745470042
0.9481265743073047 0.051873425692695214 0.0

1745470043
0.938406362077031 0.06159363792296897 0.0

1745470044
0.940538866522143 0.05946113347785692 0.0

1745470046
0.9578559095903312 0.042144090409668815 0.0

1745470047
0.8857008466603951 0.05691439322671684 0.0

1745470048
0.5518159048215404 0.028177833437695678 0.00031308703819661864

1745470049
0.25627352572145545 0.015056461731493099 0.00015683814303638644

1745470050
0.047462919594067135 0.00702576112412178 0.0

1745470051
0.02937959056102516 0.0025003906860446945 0.0001562744178777934

1745470052
0.029080675422138838 0.0028142589118198874 0.0

1745470053
0.029885776873728682 0.002034110467845408 0.0

1745470054
0.04164724164724165 0.0114996114996115 0.0001554001554001554

1745470055
0.8816257147272446 0.1177561427909133 0.00015453562046051616

1745470056
0.9325930559899906 0.06740694401000938 0.0

1745470057
0.9495362364408112 0.05046376355918881 0.0

1745470058
0.9438026849828286 0.0561973150171714 0.0

1745470059
0.9341242585076491 0.06587574149235093 0.0

1745470060
0.9475007859163785 0.0524992140836215 0.0

1745470061
0.9580146714530982 0.041985328546901825 0.0

1745470062
0.9584310048445069 0.041568995155493046 0.0

1745470063
0.9357826974407285 0.054639660857277436 0.0001570105197048202

1745470064
0.7889851485148515 0.04548267326732673 0.0003094059405940594

1745470065
0.9027035523420308 0.09729644765796919 0.0

1745470066
0.9367088607594937 0.06329113924050633 0.0

1745470067
0.9292298078425246 0.07077019215747539 0.0

1745470068
0.9295818924866395 0.07041810751336058 0.0

1745470069
0.9344032408850109 0.06559675911498909 0.0

1745470070
0.9419164466532071 0.05808355334679298 0.0

1745470071
0.8396092642193163 0.04679376083188908 0.0

1745470072
0.45145098039215686 0.02211764705882353 0.00031372549019607844

1745470073
0.3051430357980303 0.013600125058621229 0.0001563232765358762

1745470074
0.2131019387116948 0.013602251407129456 0.00015634771732332708

1745470075
0.0863522798251093 0.00655840099937539 0.0001561524047470331

1745470076
0.032036255664947645 0.0035943116111892483 0.0001562744178777934

1745470077
0.02846418517360025 0.0035971223021582736 0.00015639662183296842

1745470078
0.03003284842796809 0.0018770530267480056 0.0

1745470079
0.07068348123929628 0.036898645492760396 0.00031138097462245055

1745470080
0.8903659680950892 0.1083828589302471 0.00015639662183296842

1745470081
0.8856830941983781 0.11338116032439177 0.0

1745470082
0.8694371220344239 0.12994262676383936 0.0

1745470083
0.9137877373171491 0.08621226268285091 0.0

1745470084
0.9219612170897051 0.07803878291029481 0.0

1745470085
0.950054798810083 0.04994520118991702 0.0

1745470086
0.9569153918201686 0.04308460817983141 0.0

1745470087
0.7194584382871536 0.03431989924433249 0.00031486146095717883

1745470088
0.34178007195369936 0.016737056155169718 0.00031284217112466763

1745470089
0.29568724790567796 0.027769159168476575 0.00031026993484331366

1745470090
0.8980126328762903 0.10198736712370975 0.0

1745470091
0.9413333333333334 0.058666666666666666 0.0

1745470092
0.9253918495297806 0.07460815047021943 0.0

1745470093
0.9142857142857143 0.08571428571428572 0.0

1745470094
0.9184469047247777 0.0815530952752222 0.0

1745470095
0.9372838729959132 0.06271612700408677 0.0

1745470096
0.9256714553404123 0.051530293566520925 0.0

1745470097
0.5385940191012996 0.035227806481916396 0.0003131360576170346

1745470098
0.3204826829650525 0.018649114558846575 0.0

1745470099
0.3589981447124304 0.07019171304885591 0.00046382189239332097

1745470100
0.90703125 0.0925 0.0

1745470101
0.895872715816005 0.10255198487712665 0.0

1745470102
0.9159402241594022 0.08312577833125778 0.0

1745470103
0.92046875 0.0784375 0.0

1745470104
0.9200749297533563 0.07930065563534186 0.0

1745470105
0.9184185754628177 0.08064010040790712 0.00015688735487919673

1745470106
0.9064300171259536 0.08998910166588821 0.00015569048731122528

1745470107
0.9062010648293142 0.09223300970873786 0.0

1745470108
0.8938176197836167 0.1061823802163833 0.0

1745470110
0.94298969882834 0.057010301171659984 0.0

1745470111
0.9495681677976557 0.05027760641579272 0.0

1745470113
0.5540209928182463 0.03259411254044669 0.00015784073869465709

1745470114
0.23635235732009927 0.06281017369727047 0.00015508684863523573

1745470115
0.8930414386239249 0.10617670054730258 0.0001563721657544957

1745470116
0.9050288027401526 0.09450412579791374 0.0

1745470117
0.8691017400846528 0.12948738046715785 0.0

1745470118
0.92578125 0.07421875 0.0

1745470119
0.91640625 0.08359375 0.0

1745470120
0.9496875 0.0503125 0.0

1745470121
0.9476160602258469 0.052227101631116685 0.0

1745470122
0.8421958085705349 0.0539568345323741 0.00015639662183296842

1745470123
0.42664576802507836 0.027742946708463948 0.00015673981191222572

1745470124
0.23710379117464264 0.06261653200745805 0.00031075201988812925

1745470125
0.9040458843590141 0.0959541156409859 0.0

1745470126
0.9388169189948494 0.061183081005150616 0.0

1745470128
0.9278221387192735 0.07217786128072648 0.0

1745470129
0.9161442006269592 0.08385579937304075 0.0

1745470130
0.9346733668341709 0.06422738693467336 0.0

1745470131
0.6530740276035132 0.04328732747804266 0.00015683814303638644

1745470132
0.1465057975556252 0.015042306486994672 0.0

1745470133
0.03532353860581432 0.004063769928102532 0.00015629884338855892

1745470134
0.028611632270168854 0.0029706066291432147 0.00015634771732332708

1745470135
0.2682699767261443 0.07028704422032583 0.0003103180760279286

1745470136
0.9129551492420691 0.08704485075793093 0.0

1745470137
0.9464090979903411 0.053590902009658825 0.0

1745470138
0.9408367155791445 0.05916328442085545 0.0

1745470139
0.9336235038084875 0.06637649619151251 0.0

1745470141
0.8579652996845426 0.0636435331230284 0.0

1745470142
0.16614615865084323 0.01561524047470331 0.0001561524047470331

1745470143
0.03751758636861029 0.005471314678755667 0.0

1745470144
0.04590417310664606 0.022102009273570325 0.0003091190108191654

1745470145
0.8819553599497013 0.11804464005029865 0.0

1745470146
0.9408172851103804 0.05918271488961954 0.0

1745470147
0.9369773923815423 0.06302260761845772 0.0

1745470148
0.9169404035664007 0.08305959643359925 0.0

1745470149
0.9166666666666666 0.08333333333333333 0.0

1745470150
0.9449397778820585 0.055060222117941496 0.0

1745470151
0.926586675086833 0.06441427218187559 0.0

1745470152
0.2993570644503685 0.027912811666928022 0.00015681354869060687

1745470153
0.054616588419405324 0.005007824726134585 0.0

1745470154
0.02875 0.00328125 0.0

1745470155
0.29065797641216634 0.09295468653010552 0.00015518311607697082

1745470156
0.9340625 0.0659375 0.0

1745470157
0.859066708424679 0.1399937362981522 0.0

1745470158
0.9153125 0.08296875 0.0

1745470159
0.9373166589470434 0.06268334105295661 0.0

1745470160
0.944760101010101 0.05523989898989899 0.0

1745470161
0.9516734438536127 0.048326556146387235 0.0

1745470162
0.8176812962089036 0.049237061507000156 0.0

1745470163
0.18753913587977458 0.014715090795241076 0.0

1745470164
0.04265625 0.001875 0.0

1745470165
0.8355058969584109 0.12399130974549968 0.0004655493482309125

1745470166
0.938645542093818 0.06135445790618205 0.0

1745470167
0.9489620727329483 0.05103792726705166 0.0

1745470168
0.9262876043471413 0.07371239565285871 0.0

1745470169
0.927497651111807 0.07250234888819292 0.0

1745470170
0.9438640261967878 0.056135973803212225 0.0

1745470171
0.9457352253235615 0.05410884141587401 0.0

1745470172
0.7659741894869374 0.042178155492603085 0.00015738117721120554

1745470173
0.3204826829650525 0.017395392571697227 0.0

1745470174
0.19550038789759502 0.0547711404189294 0.0

1745470175
0.8949084135361689 0.10478112387457311 0.0001552312946289972

1745470176
0.936123692019366 0.06387630798063408 0.0

1745470177
0.9335102231933823 0.06648977680661776 0.0

1745470178
0.93572098842665 0.06427901157335002 0.0

1745470179
0.9342022613065326 0.06579773869346733 0.0

1745470180
0.9357985837922895 0.06404405979543666 0.0

1745470181
0.7431120851596744 0.04492798998121478 0.0

1745470182
0.3458823529411765 0.024784313725490194 0.0

1745470183
0.17101766453024855 0.008754103486009067 0.0001563232765358762

1745470184
0.10209505941213258 0.006253908692933083 0.0

1745470185
0.07953125 0.00375 0.0

1745470186
0.0772720162677929 0.0020334741123103394 0.0

1745470187
0.06955298530790872 0.0034385745545482964 0.0

1745470188
0.06267583619881213 0.0015629884338855893 0.00015629884338855892

1745470189
0.05181023720349563 0.0024968789013732834 0.0

1745470190
0.04782744607689903 0.0010940919037199124 0.0

1745470191
0.04886807181889149 0.00234192037470726 0.0

1745470192
0.8301710730948678 0.12317262830482115 0.00015552099533437013

1745470193
0.8988412151581585 0.10115878484184153 0.0

1745470194
0.9269627776040038 0.07303722239599625 0.0

1745470195
0.9475475785239053 0.05245242147609469 0.0

1745470196
0.9518565135305224 0.04814348646947766 0.0

1745470197
0.9421085660495764 0.052086601819893316 0.0

1745470198
0.6764797995615409 0.034137175070466645 0.00015659254619480113

1745470199
0.43782101167315174 0.037042801556420236 0.000311284046692607

1745470200
0.9571875 0.0428125 0.0

1745470201
0.8898582333696837 0.10998597912447422 0.0

1745470202
0.9307345861158565 0.0692654138841435 0.0

1745470203
0.9426319936958235 0.057368006304176516 0.0

1745470204
0.9358297078931013 0.06417029210689869 0.0

1745470205
0.9443483728973432 0.055651627102656816 0.0

1745470206
0.9414810166300596 0.05130216504549733 0.0

1745470207
0.5974921630094044 0.03683385579937304 0.0

1745470208
0.22641214207479268 0.012361132843060554 0.0

1745470209
0.10386360081338965 0.006256843422493352 0.0

1745470210
0.7611731843575419 0.05493482309124767 0.00031036623215394165

1745470211
0.8898003405045659 0.11019965949543414 0.0

1745470212
0.9455344529901114 0.05446554700988856 0.0

1745470213
0.929726368159204 0.07027363184079602 0.0

1745470214
0.9255050505050505 0.07449494949494949 0.0

1745470215
0.9433463035019455 0.056653696498054476 0.0

1745470216
0.9384057971014492 0.05671077504725898 0.0

1745470217
0.6705365547536869 0.040947599623470346 0.0

1745470218
0.20760325406758448 0.01095118898623279 0.0

1745470219
0.15839575530586766 0.026685393258426966 0.00015605493133583021

1745470220
0.9164982117866584 0.07976986471777328 0.00031099362463069506

1745470221
0.8871851040525739 0.11265842591143796 0.0

1745470222
0.9494277760593876 0.050572223940612435 0.0

1745470223
0.9446022727272727 0.05539772727272727 0.0

1745470224
0.92571160462934 0.07428839537066 0.0

1745470225
0.930642144638404 0.06935785536159601 0.0

1745470226
0.7177229124076112 0.0473344865544897 0.0003145148608271741

1745470227
0.40692572861172044 0.02287684111563773 0.0

1745470228
0.13632806385975896 0.01205196431366411 0.0

1745470229
0.040211147337369975 0.013351963980748331 0.0001552553951249806

1745470230
0.8667911609088079 0.1328976034858388 0.0001556178026766262

1745470231
0.9412039925140362 0.058796007485963815 0.0

1745470232
0.9263727764887858 0.07362722351121423 0.0

1745470234
0.9336223886480095 0.06637761135199054 0.0

1745470235
0.9469732519943689 0.05302674800563116 0.0

1745470236
0.949560388708931 0.050285361715255286 0.0

1745470237
0.8374524714828897 0.049429657794676805 0.0

1745470238
0.405931272556096 0.02573356347089283 0.0

1745470239
0.1406225559205381 0.008916001877053027 0.0

1745470240
0.8369315571887919 0.14193844740468534 0.0001531159087429184

1745470242
0.9277392947103275 0.07226070528967254 0.0

1745470243
0.93222170758067 0.06777829241932994 0.0

1745470244
0.9365530303030303 0.0634469696969697 0.0

1745470245
0.9485385572139303 0.05146144278606965 0.0

1745470246
0.905205047318612 0.04763406940063091 0.0

1745470247
0.5601946319259143 0.029979595040025113 0.0

1745470248
0.27693510555121187 0.013135261923377639 0.0

1745470249
0.09948461658597532 0.005778541308761518 0.0

1745470250
0.5935433070866142 0.14236220472440944 0.00015748031496062991

1745470251
0.9166406493911957 0.08335935060880424 0.0

1745470252
0.9362829101106092 0.06371708988939087 0.0

1745470253
0.9316078431372549 0.0683921568627451 0.0

1745470254
0.9146741678387248 0.0853258321612752 0.0

1745470255
0.9432436635048982 0.05675633649510185 0.0

1745470256
0.95140625 0.048125 0.0

1745470257
0.9527410207939508 0.04111531190926276 0.0

1745470258
0.6041993105609527 0.02005640864932623 0.0

1745470259
0.25105189340813466 0.04908835904628331 0.00015583606046439146

1745470260
0.9006075712727839 0.09939242872721608 0.0

1745470261
0.9415250272883205 0.0584749727116794 0.0

1745470262
0.9427635683094199 0.05723643169058016 0.0

1745470263
0.9486418982204183 0.051358101779581646 0.0

1745470264
0.9380737513614439 0.06192624863855609 0.0

1745470265
0.9436441348741491 0.056355865125850876 0.0

1745470266
0.945835942391985 0.05353788353162179 0.00015654351909830932

1745470267
0.9065873885150993 0.036770458457205446 0.0

1745470268
0.6758405003909305 0.030961688819390147 0.0

1745470269
0.5355687872140394 0.026010654967094954 0.0

1745470270
0.2874101843174008 0.016088722274289285 0.00015620118712902218

1745470271
0.10349146704242994 0.005949585094723657 0.0

1745470272
0.03671875 0.004375 0.0

1745470273
0.029237023139462165 0.0023452157598499064 0.00015634771732332708

1745470274
0.029191383078364035 0.00280986575085857 0.0

1745470275
0.9127997508564311 0.06477732793522267 0.0003114294612270321

1745470276
0.9183263856723792 0.08151922186197313 0.0

1745470277
0.9143759873617694 0.08562401263823065 0.0

1745470278
0.9400864731315627 0.05991352686843731 0.0

1745470280
0.9412597310686482 0.05874026893135174 0.0

1745470281
0.9278398510242085 0.07091868404717566 0.0

1745470282
0.524036173250833 0.044105981278756146 0.0

1745470283
0.08393247889965615 0.0087527352297593 0.00015629884338855892

1745470284
0.0525328330206379 0.0029706066291432147 0.0

1745470285
0.5383064516129032 0.1141439205955335 0.00015508684863523573

1745470286
0.9399315281668222 0.059601618425147836 0.0

1745470287
0.9326953247568246 0.0673046752431754 0.0

1745470288
0.94375 0.05625 0.0

1745470289
0.9339903018926952 0.06600969810730486 0.0

1745470290
0.9330517753793212 0.06694822462067887 0.0

1745470291
0.6456173421300659 0.05812126924285266 0.00015708451146716933

1745470292
0.12980919612136377 0.011104160150140758 0.00015639662183296842

1745470293
0.02922788371366052 0.0031259768677711786 0.0

1745470294
0.09448329448329448 0.021756021756021756 0.0004662004662004662

1745470295
0.9503125 0.04953125 0.00015625

1745470296
0.9629745352288704 0.036713013591626306 0.0001562255897516013

1745470297
0.9615564932020628 0.03844350679793718 0.0

1745470298
0.9407164085718754 0.05865790708587518 0.00015642108556233381

1745470299
0.8799750273138754 0.12002497268612455 0.0

1745470300
0.9484857945675929 0.05151420543240712 0.0

1745470301
0.9455337690631809 0.054466230936819175 0.0

1745470302
0.9499606608969315 0.05003933910306845 0.0

1745470303
0.9417733374960974 0.05807055885107711 0.0

1745470304
0.7543584105544212 0.05402858489084341 0.00015705983979896342

1745470305
0.17089996864220758 0.019128253370962685 0.0

1745470306
0.05582486317435496 0.00218921032056294 0.0

1745470307
0.030800500312695434 0.0040650406504065045 0.0

1745470308
0.029934518241347054 0.002182725288431556 0.00015590894917368256

1745470309
0.028625058657907085 0.0034412638823713435 0.00015642108556233381

1745470310
0.7466977466977467 0.05299145299145299 0.0003108003108003108

1745470311
0.9608579927978707 0.03914200720212933 0.0

1745470312
0.951366373320982 0.04832484174772271 0.0001543924656476764

1745470313
0.9140785117452309 0.08592148825476904 0.0

1745470314
0.940489172768344 0.05951082723165602 0.0

1745470315
0.9372450580483213 0.06275494195167869 0.0

1745470316
0.46059268600252207 0.037515762925598994 0.00031525851197982345

1745470317
0.12708821233411396 0.007962529274004685 0.0

1745470318
0.03646322378716745 0.0034428794992175274 0.00015649452269170578

1745470319
0.05652173913043478 0.02826086956521739 0.00031055900621118014

1745470320
0.880487423840025 0.1190438993907202 0.0001562255897516013

1745470321
0.911489228847955 0.08851077115204496 0.0

1745470322
0.9190670006261741 0.08093299937382592 0.0

1745470323
0.9377715704531348 0.0622284295468653 0.0

1745470324
0.9368123231688148 0.06318767683118516 0.0

1745470325
0.9492132730954977 0.05078672690450226 0.0

1745470326
0.9516078676241024 0.048392132375897595 0.0

1745470327
0.946333018570979 0.04406672961913755 0.0

1745470328
0.6380310393478602 0.03542875058786644 0.0

1745470329
0.30941286113699906 0.0754892823858341 0.0

1745470330
0.9047619047619048 0.0950834879406308 0.0

1745470332
0.9373869267678754 0.0626130732321246 0.0

1745470333
0.9259029607812742 0.07409703921872578 0.0

1745470334
0.9155485398579322 0.08445146014206788 0.0

1745470335
0.9426395150007773 0.057360484999222756 0.0

1745470336
0.944270995941305 0.0555729004058695 0.00015610365282547612

1745470337
0.8194991337218459 0.04851157662624035 0.0

1745470338
0.4665934755332497 0.031994981179422836 0.0

1745470339
0.22777690985783472 0.016091235744414935 0.0001562255897516013

1745470340
0.7696131738387447 0.1154264408886127 0.0

1745470341
0.90202492211838 0.09750778816199376 0.0

1745470342
0.9150987404758203 0.08490125952417975 0.0

1745470343
0.9314875645236977 0.0685124354763022 0.0

1745470344
0.9407419050613015 0.059258094938698526 0.0

1745470345
0.9468764605078672 0.05312353949213273 0.0

1745470346
0.8285263987391647 0.057998423955870765 0.0

1745470347
0.35023547880690736 0.019152276295133438 0.0

1745470348
0.16637998436278342 0.010007818608287724 0.0001563721657544957

1745470349
0.14248265227447957 0.06260601387818042 0.0

1745470350
0.9064906490649065 0.09350935093509351 0.0

1745470351
0.9478584729981379 0.0521415270018622 0.0

1745470352
0.938257993384785 0.06174200661521499 0.0

1745470353
0.926144297905353 0.07385570209464701 0.0

1745470354
0.9273813266268469 0.0726186733731531 0.0

1745470355
0.9449843260188088 0.05501567398119122 0.0

1745470356
0.945827462032253 0.05291999373727885 0.0

1745470357
0.5518378887841658 0.040684888469996856 0.0

1745470358
0.15929341879005784 0.009692043145224325 0.0001563232765358762

1745470359
0.13393272360874284 0.04960471244768253 0.0

1745470360
0.8915812364088226 0.10841876359117739 0.0

1745470361
0.9417613636363636 0.05823863636363636 0.0

1745470362
0.9329182879377432 0.06708171206225681 0.0

1745470363
0.9278816199376947 0.0721183800623053 0.0

1745470364
0.914653278945717 0.08534672105428302 0.0

1745470365
0.9359975023415548 0.0640024976584452 0.0

1745470366
0.862193588937775 0.0590823381521056 0.00015713387806411063

1745470367
0.3326530612244898 0.029042386185243328 0.0

1745470368
0.13070669168230145 0.008442776735459663 0.00015634771732332708

1745470369
0.06584490560149789 0.004992978623810267 0.0

1745470370
0.8262698660018697 0.05671548769086943 0.0003116235587410408

1745470371
0.9585152838427947 0.04148471615720524 0.0

1745470372
0.9294651235533312 0.06897091022833907 0.00015639662183296842

1745470373
0.86415963161934 0.13568687643898694 0.0

1745470374
0.9464510050251256 0.05354899497487437 0.0

1745470376
0.9188101625374783 0.06675082846772921 0.0

1745470377
0.3529319781078968 0.026270523846755277 0.0001563721657544957

1745470378
0.2383929967172112 0.017351883695482257 0.0001563232765358762

1745470379
0.21883268482490273 0.07315175097276265 0.0

1745470380
0.8973959145485733 0.10260408545142678 0.0

1745470381
0.9447710396039604 0.055228960396039604 0.0

1745470382
0.9413060582218725 0.05869394177812746 0.0

1745470383
0.9226553937685924 0.07734460623140754 0.0

1745470384
0.9029110936270653 0.0970889063729347 0.0

1745470385
0.9447624941977409 0.055237505802259015 0.0

1745470386
0.6549217885921946 0.05387896982145678 0.00015800284405119292

1745470387
0.26356952917253246 0.017049898326294385 0.0

1745470388
0.10258014073494919 0.010476935105551212 0.0

1745470389
0.032817627754336616 0.003125488357555868 0.0

1745470390
0.03142589118198874 0.0006253908692933083 0.0

1745470391
0.7284603421461897 0.1412130637636081 0.00015552099533437013

1745470392
0.939375097155293 0.06062490284470698 0.0

1745470393
0.9495785201373712 0.050421479862628786 0.0

1745470394
0.945785947966973 0.05421405203302695 0.0

1745470396
0.9246931067044382 0.05492603084671073 7.869058860560277e-05

1745470397
0.4616590873451466 0.028853692959071663 0.00031362709738121374

1745470398
0.183552220137586 0.010475297060662914 0.00015634771732332708

1745470399
0.08669889287384999 0.006549196943708093 0.0004677997816934352

1745470400
0.6354587869362364 0.10995334370139968 0.0

1745470401
0.9469247580393381 0.05307524196066188 0.0

1745470402
0.94171875 0.05828125 0.0

1745470403
0.9154073843277769 0.08459261567222309 0.0

1745470404
0.9313694766530868 0.06863052334691319 0.0

1745470405
0.9435446552521981 0.05645534474780194 0.0

1745470407
0.45900213489365066 0.03320945678817111 7.907013520993121e-05

1745470408
0.046228330470092144 0.004372950179603311 0.00015617679212868969

1745470409
0.02857142857142857 0.003278688524590164 0.0

1745470410
0.8608199753390875 0.09741060419235512 0.0006165228113440197

1745470411
0.9214117647058824 0.07858823529411765 0.0

1745470412
0.9517904200899086 0.048209579910091456 0.0

1745470413
0.9340452261306532 0.06595477386934673 0.0

1745470415
0.9321834574676597 0.06781654253234026 0.0

1745470416
0.8470125786163522 0.0639937106918239 0.0

1745470417
0.2684532204983545 0.01896254505563391 0.0

1745470418
0.06908408877774304 0.0029696780243826195 0.0

1745470419
0.04234122042341221 0.011363636363636364 0.0

1745470420
0.8580083890010874 0.13950598104707163 0.00015535187199005747

1745470421
0.8930649473187608 0.10489070608586255 0.00015725743041358704

1745470422
0.9170143718127028 0.08298562818729717 0.0

1745470423
0.9296348534712428 0.07036514652875725 0.0

1745470424
0.9364386976164512 0.06356130238354885 0.0

1745470425
0.9515342250196696 0.04846577498033045 0.0

1745470426
0.95953125 0.0403125 0.0

1745470427
0.8241032095657647 0.04185022026431718 0.0

1745470428
0.38636363636363635 0.021003134796238245 0.0

1745470429
0.24899036968002486 0.02858030444237341 0.0007766387076731904

1745470430
0.9503047351148617 0.049695264885138306 0.0

1745470431
0.9190751445086706 0.08092485549132948 0.0

1745470432
0.919369931378665 0.080630068621335 0.0

1745470433
0.9189231248054778 0.08107687519452225 0.0

1745470434
0.92390625 0.07609375 0.0

1745470435
0.943730407523511 0.05626959247648903 0.0

1745470436
0.915987460815047 0.04623824451410658 0.0

1745470437
0.6143801132787917 0.03241032095657646 0.0

1745470438
0.20906958561376074 0.011415168100078187 0.0

1745470439
0.06326338866269965 0.003758221108675227 0.00015659254619480113

1745470440
0.038455526027825544 0.0020322025949663907 0.0

1745470441
0.031738586616635395 0.0017198248905565979 0.0

1745470442
0.09366692728694292 0.02845973416731822 0.0

1745470443
0.10153316645807259 0.028316645807259073 0.0

1745470444
0.09155039974917699 0.03464492867220567 0.0

1745470445
0.06480324797001874 0.009525296689569019 0.0

1745470446
0.5943176525384257 0.10619469026548672 0.0004657661853749418

1745470447
0.873179896665101 0.12682010333489901 0.0

1745470448
0.9068361494341962 0.09316385056580376 0.0

1745470449
0.9151210311222886 0.08487896887771142 0.0

1745470450
0.9523958170750741 0.04760418292492586 0.0

1745470451
0.8505982367758187 0.04518261964735516 0.0

1745470452
0.2557227971150831 0.019128253370962685 0.00015678896205707118

1745470453
0.10715964280119067 0.030706564311452297 0.0

1745470454
0.13653250773993808 0.04520123839009288 0.00046439628482972134

1745470455
0.8900892437764208 0.10991075622357914 0.0

1745470456
0.9137877373171491 0.08621226268285091 0.0

1745470457
0.9228851846081945 0.07711481539180558 0.0

1745470458
0.9292564062254363 0.07074359377456375 0.0

1745470459
0.9167846468459966 0.08321535315400345 0.0

1745470460
0.9001710464935468 0.09982895350645311 0.0

1745470461
0.9291460396039604 0.0708539603960396 0.0

1745470462
0.924709210939956 0.07529078906004401 0.0

1745470463
0.9293418790057839 0.07050179771768016 0.0

1745470464
0.9258444619010212 0.07415553809897879 0.0

1745470465
0.9270278734732227 0.05731287190729721 0.0

1745470466
0.6670838548185232 0.04005006257822278 0.0

1745470467
0.46130952380952384 0.023182957393483708 0.0

1745470468
0.2781259793168286 0.015042306486994672 0.0

1745470469
0.16632796623417226 0.0056276379552915425 0.0

1745470470
0.643907725654126 0.09211952314599783 0.0003096454559529339

1745470471
0.9037466687568585 0.09515598056121649 0.0

1745470472
0.9045747523974218 0.09511083163024682 0.0

1745470473
0.8657853810264385 0.13265940902021772 0.0

1745470474
0.8862004370902279 0.11333125195129566 0.0

1745470475
0.9181295634612398 0.08171508466677023 0.0

1745470476
0.9119032663316583 0.08746859296482412 0.000157035175879397

1745470477
0.9063723187725067 0.0933145451698763 0.0

1745470478
0.9323215115378659 0.06767848846213412 0.0

1745470479
0.9407874015748031 0.05921259842519685 0.0

1745470480
0.9505151420543241 0.04948485794567593 0.0

1745470481
0.9420449191141825 0.05654154232762683 0.0

1745470482
0.5737370567932225 0.03498588013806087 0.00015688735487919673

1745470483
0.21971830985915494 0.013615023474178404 0.00015649452269170578

1745470484
0.17115861214374226 0.053128872366790585 0.00015489467162329616

1745470485
0.9054181020983402 0.09411212026307547 0.00015659254619480113

1745470486
0.8930689978145488 0.10490165469871995 0.00015610365282547612

1745470487
0.9089207735495946 0.08983156581409857 0.00015595757953836556

1745470488
0.9036675586337164 0.09570281756650402 0.0

1745470489
0.8928404305100608 0.10388394946186243 0.0

1745470490
0.9114754098360656 0.08743169398907104 0.0

1745470491
0.907190765871159 0.09156137888004992 0.00015598190609889253

1745470492
0.9224151415610824 0.0772720162677929 0.0

1745470493
0.9122012185596 0.08670520231213873 0.0001562255897516013

1745470494
0.902808112324493 0.09485179407176288 0.0

1745470495
0.9113130680037606 0.08617988091507364 0.0

1745470496
0.9109759900218273 0.08590583099469909 0.00015590894917368256

1745470497
0.7854219143576826 0.0743073047858942 0.0

1745470498
0.5524224957158436 0.06870229007633588 0.00015578750584203146

1745470499
0.9281923197002809 0.07118326568841711 0.0

1745470500
0.7994341402074819 0.04322540081735304 0.0

1745470501
0.5296517100721682 0.023219328522121118 0.00015688735487919673

1745470502
0.26416275430359937 0.009546165884194054 0.00015649452269170578

1745470503
0.17689305230288838 0.004527712724434036 0.0

1745470504
0.12080852397367596 0.0031338138514572234 0.00015669069257286117

1745470505
0.14432029795158285 0.015518311607697082 0.0

1745470506
0.9067796610169492 0.07940991839296924 0.0

1745470507
0.32229199372056516 0.021350078492935635 0.0

1745470508
0.11140625 0.00953125 0.00015625

1745470509
0.6895055030227871 0.11223066191288172 0.0003100294527980158

1745470510
0.9038010323791648 0.09557328327858595 0.0

1745470511
0.9058878797369245 0.09223300970873786 0.0

1745470512
0.9109514138415873 0.08857990938915794 0.0001562255897516013

1745470513
0.9380600534507153 0.061939946549284704 0.0

1745470514
0.9338087118276236 0.06619128817237638 0.0

1745470515
0.950735064122615 0.04926493587738505 0.0

1745470516
0.950303785636392 0.04969621436360804 0.0

1745470517
0.9138718312076838 0.04723665564478035 0.0

1745470518
0.6360363180964308 0.0335003130870382 0.00015654351909830932

1745470519
0.4312238898344422 0.04997679096394863 0.00015472690700912888

1745470520
0.8815561505748937 0.11844384942510632 0.0

1745470521
0.9338919925512105 0.06610800744878957 0.0

1745470522
0.9364007537688442 0.06359924623115577 0.0

1745470523
0.9161490683229814 0.08385093167701864 0.0

1745470524
0.9388741618587245 0.061125838141275535 0.0

1745470525
0.9435001573811772 0.056499842618822786 0.0

1745470526
0.9511584220413275 0.048841577958672514 0.0

1745470527
0.9490495481458399 0.050950451854160174 0.0

1745470528
0.9357277882797732 0.05403276622558286 0.0

1745470529
0.8150866781196314 0.04248008745900359 0.00015617679212868969

1745470530
0.7553191489361702 0.0353566958698373 0.00031289111389236547

1745470531
0.7068480300187617 0.04049405878674171 0.00015634771732332708

1745470532
0.6849015317286652 0.04001250390747108 0.00015629884338855892

1745470533
0.6720875684128225 0.02767787333854574 0.0003127443315089914

1745470534
0.625703564727955 0.022670419011882426 0.00015634771732332708

1745470535
0.6197623514696685 0.0225140712945591 0.00015634771732332708

1745470536
0.5632040050062578 0.04020650813516896 0.0

1745470537
0.4430161467314626 0.03464492867220567 0.00015676438313215238

1745470538
0.3382352941176471 0.033322903629536924 0.0

1745470539
0.20951337818807697 0.01642935377875137 0.0

1745470540
0.19834323226008127 0.006095654892153798 0.0

1745470541
0.5667997542997543 0.05543611793611793 0.00015356265356265356

1745470542
0.880479344055503 0.119520655944497 0.0

1745470543
0.9397646330133168 0.060235366986683185 0.0

1745470544
0.9408728296574378 0.05912717034256218 0.0

1745470545
0.9433932513402712 0.05660674865972879 0.0

1745470546
0.9449483891147952 0.05473881764153894 0.0

1745470547
0.9081216682345563 0.04358733145186579 0.0

1745470548
0.7030834246360933 0.04836437627171701 0.0

1745470549
0.5729004058694973 0.046362784889166404 0.00015610365282547612

1745470550
0.9005602240896359 0.09912854030501089 0.0

1745470551
0.9162515566625156 0.08374844333748444 0.0

1745470552
0.9378522229179712 0.0621477770820288 0.0

1745470553
0.9343979959292312 0.06560200407076874 0.0

1745470554
0.9404743450627809 0.059525654937219036 0.0

1745470555
0.9419902531048577 0.058009746895142274 0.0

1745470556
0.9353374041020823 0.06294034758102396 0.0

1745470557
0.8474948955552065 0.04476205434270457 0.00015705983979896342

1745470558
0.7368667917448405 0.03095684803001876 0.00015634771732332708

1745470559
0.6788617886178862 0.0392432770481551 0.0

1745470560
0.5795401220084467 0.04223369310183012 0.0

1745470561
0.5405193992490613 0.03128911138923655 0.00015644555694618273

1745470562
0.4857053585377285 0.03202624589907827 0.0

1745470563
0.469400532164658 0.017686648927844734 0.0

1745470564
0.4682713347921225 0.018286964676461393 0.00015629884338855892

1745470565
0.792353124028598 0.10226919490208268 0.00015542430836182778

1745470566
0.91953125 0.07984375 0.00015625

1745470567
0.9344698154519863 0.06506099468251486 0.0

1745470568
0.9313418830153268 0.06865811698467313 0.0

1745470569
0.9530567685589519 0.04694323144104803 0.0

1745470570
0.95359375 0.04640625 0.0

1745470571
0.953612286475474 0.046387713524525934 0.0

1745470572
0.9582489484343356 0.041751051565664436 0.0

1745470573
0.9531077891424076 0.04626278520849725 0.00015735641227380016

1745470574
0.9312227074235808 0.04288833437305053 0.0

1745470575
0.8090994371482176 0.05315822388993121 0.0

1745470576
0.7296916575363906 0.047425262169353576 0.0

1745470577
0.6844243087017653 0.037494141540384315 0.0

1745470578
0.6739674593241552 0.028316645807259073 0.00015644555694618273

1745470579
0.6268166901078294 0.045163306766682294 0.0

1745470580
0.5706020328381548 0.04253322908522283 0.0

1745470581
0.5401094605160282 0.03440187646598905 0.0

1745470582
0.5057866750078198 0.03737879261807945 0.0

1745470583
0.45547033964626704 0.0345907027703866 0.00015651901706057285

1745470584
0.3935170685875352 0.01644221735045412 0.0

1745470585
0.8540692235734331 0.05846585594013096 0.0

1745470586
0.89584952588217 0.10415047411782993 0.0

1745470587
0.9453100654409473 0.05468993455905267 0.0

1745470588
0.9382830626450116 0.0617169373549884 0.0

1745470590
0.9324568999448949 0.0675431000551051 0.0

1745470591
0.9567997504678727 0.04320024953212726 0.0

1745470592
0.9514182729979627 0.0485817270020373 0.0

1745470593
0.9190543291059966 0.0660717081571943 0.0

1745470594
0.831666145670522 0.05032822757111598 0.00015629884338855892

1745470595
0.8119430983273409 0.03736126309207441 0.0

1745470596
0.7831457160725454 0.04362101313320826 0.0

1745470597
0.6924159499609069 0.056137607505863954 0.0

1745470598
0.6173206190401751 0.04549007347193997 0.0

1745470599
0.5331560838285893 0.032999687206756334 0.0

1745470600
0.4916288530746362 0.03004224690971679 0.00015647003598810827

1745470601
0.4599624648107601 0.02830778855176728 0.0

1745470602
0.4318146234538907 0.031783309848129014 0.0

1745470603
0.38398999374609133 0.0358036272670419 0.0

1745470604
0.36279868811494614 0.02889270654380759 0.00015617679212868969

1745470605
0.8885958107059736 0.11062839410395656 0.0

1745470606
0.9413787712990465 0.05830858214788182 0.0001563232765358762

1745470607
0.9310984087749111 0.06874710335238683 0.0

1745470608
0.9627426424546024 0.03725735754539762 0.0

1745470609
0.9588846880907372 0.04111531190926276 0.0

1745470610
0.9624071782178217 0.037592821782178217 0.0

1745470611
0.9571405978174917 0.042859402182508305 0.0

1745470612
0.9436155175121721 0.052929166012250665 0.0

1745470613
0.7984992965452556 0.03454744411442864 0.0001563232765358762

1745470614
0.6734502191609267 0.03913587977457733 0.0

1745470615
0.5349710530433422 0.04083867939289626 0.0

1745470616
0.36518878270405764 0.03524988250039167 0.0

1745470617
0.21060037523452158 0.03142589118198874 0.0

1745470618
0.1402410392862733 0.013930192518390984 0.0

1745470619
0.10354521318132126 0.01015149148836483 0.0

1745470620
0.3140369634947304 0.11195967618756683 0.0001527417137620284

1745470621
0.9206274509803921 0.07937254901960784 0.0

1745470623
0.9309992132179387 0.06900078678206137 0.0

1745470624
0.9287820015515904 0.07121799844840962 0.0

1745470626
0.9127564253713747 0.056276035526212374 0.0

1745470627
0.7386612449171098 0.04723177979355646 0.00015639662183296842

1745470628
0.5713839912622874 0.03385863629271337 0.0

1745470629
0.48130768027530113 0.04317221961520413 0.0

1745470630
0.8715596330275229 0.12470844347690872 0.00015549681231534753

1745470631
0.9061091248251205 0.09357997823721437 0.000155448468832582

1745470632
0.9366812227074236 0.06331877729257641 0.0

1745470633
0.9470282200851332 0.05297177991486678 0.0

1745470634
0.95109375 0.04890625 0.0

1745470635
0.9600748596381784 0.039925140361821584 0.0

1745470636
0.9484891185219978 0.051510881478002195 0.0

1745470637
0.952156862745098 0.04784313725490196 0.0

1745470638
0.8949094316052467 0.05637101811367895 0.0

1745470639
0.8807439824945296 0.04282588308846515 0.0

1745470640
0.8466708346358237 0.04939043451078462 0.0

1745470641
0.814316974054392 0.04829634260706471 0.0

1745470642
0.7917448405253283 0.041432145090681674 0.0

1745470643
0.7789934354485777 0.023601125351672397 0.0

1745470644
0.7799312285089091 0.018599562363238512 0.0

1745470645
0.773210378243201 0.025476711472335104 0.0

1745470646
0.733489827856025 0.03427230046948357 0.0

1745470647
0.707896794370602 0.033932759968725565 0.0

1745470648
0.674839918788068 0.030923004841480556 0.00015617679212868969

1745470649
0.6430023455824864 0.03408913213448006 0.0001563721657544957

1745470650
0.5758760951188986 0.041770963704630786 0.0

1745470651
0.5115733500156396 0.025179856115107913 0.0

1745470652
0.47534547738693467 0.039415829145728644 0.0

1745470653
0.4037830232921682 0.04111302172893544 0.0

1745470654
0.34208059981255856 0.023117775695095284 0.0

1745470655
0.8275915580384854 0.13221601489757914 0.00031036623215394165

1745470656
0.8885763400531334 0.11095483669323332 0.0001562744178777934

1745470657
0.9057608015028178 0.09376956793988729 0.00015654351909830932

1745470658
0.9230288836846214 0.07650273224043716 0.0

1745470659
0.9186699968779269 0.0810177958164221 0.0

1745470660
0.8886274509803922 0.11043137254901961 0.00015686274509803922

1745470661
0.9288056206088993 0.07119437939110071 0.0

1745470662
0.913612973647279 0.08623109309215655 0.0

1745470663
0.9274118014361536 0.07243209491102091 0.00015610365282547612

1745470664
0.93328125 0.0665625 0.0

1745470665
0.9460975229786571 0.05374668951550086 0.0

1745470666
0.9539112713591472 0.04593196425772065 0.0

1745470667
0.9393181107288082 0.0598999061620269 0.00015639662183296842

1745470668
0.9279800031245118 0.0715513201062334 0.0001562255897516013

1745470669
0.9209375 0.0790625 0.0

1745470670
0.9492663128317202 0.05073368716827974 0.0

1745470671
0.9526323963348347 0.047367603665165396 0.0

1745470672
0.95515625 0.04484375 0.0

1745470673
0.9592281356987239 0.040771864301276065 0.0

1745470674
0.9636937647987371 0.036306235201262825 0.0

1745470675
0.9637556631776285 0.036244336822371506 0.0

1745470676
0.9632216014897579 0.03677839851024209 0.0

1745470677
0.96078125 0.03921875 0.0

1745470678
0.9592511013215859 0.040748898678414094 0.0

1745470679
0.9635538870639763 0.036446112936023775 0.0

1745470680
0.9593014189926712 0.040698581007328864 0.0

1745470681
0.9579029733959311 0.04209702660406886 0.0

1745470682
0.9613881506956385 0.03861184930436142 0.0

1745470683
0.964564470808617 0.035435529191383076 0.0

1745470684
0.9613700344072568 0.0386299655927432 0.0

1745470685
0.9597252575710271 0.04027474242897284 0.0

1745470686
0.9638723803565843 0.0361276196434157 0.0

1745470687
0.9691807340870373 0.030819265912962676 0.0

1745470688
0.9706570938036523 0.029342906196347746 0.0

1745470689
0.96875 0.03125 0.0

1745470691
0.9700683478670752 0.029931652132924817 0.0

1745470692
0.9578980196475908 0.04210198035240917 0.0

1745470693
0.9654309400907243 0.03456905990927577 0.0

1745470694
0.9295465243998117 0.0461321198807469 0.0

1745470695
0.746677091477717 0.05160281469898358 0.0

1745470696
0.4799749687108886 0.03394868585732165 0.0

1745470697
0.41405760801502817 0.020663744520976832 0.0

1745470698
0.37015018773466835 0.025969962453066334 0.0

1745470699
0.28709627086909034 0.027617413012950537 0.0

1745470700
0.218608287724785 0.019390148553557467 0.0

1745470701
0.194614059808987 0.010176921872553625 0.0

1745470702
0.17094552285535378 0.014558547276142768 0.0

1745470703
0.16313162819713037 0.009357454772301934 0.0

1745470704
0.14243277048155098 0.007661038148843027 0.0

1745470705
0.12660607959887182 0.010184895017235976 0.0

1745470706
0.10146966854283927 0.01016260162601626 0.0

1745470707
0.05299359074566203 0.009066750039080819 0.0

1745470708
0.04609375 0.00140625 0.0

1745470709
0.04534083802376485 0.0023452157598499064 0.0

1745470710
0.04659161976235147 0.0012507817385866166 0.0

1745470711
0.04673335417317912 0.0012503907471084713 0.0

1745470712
0.19516354053635096 0.09657417454658193 0.0001550147263990079

1745470713
0.88890625 0.11078125 0.00015625

1745470714
0.9130298764273425 0.0869701235726576 0.0

1745470715
0.9397439900093663 0.05807055885107711 0.0

1745470716
0.950054798810083 0.0497886331611085 0.0

1745470717
0.9239045688445345 0.0743801652892562 0.0001559332605644784

1745470718
0.9509068167604753 0.049093183239524704 0.0

1745470719
0.9404117009750813 0.059588299024918745 0.0

1745470720
0.9499529337935363 0.05004706620646376 0.0

1745470721
0.9481227605546035 0.05187723944539648 0.0

1745470722
0.9534920384676021 0.04650796153239792 0.0

1745470723
0.9552656104380243 0.04473438956197577 0.0

1745470724
0.9629455173496624 0.037054482650337575 0.0

1745470725
0.9742388758782201 0.02576112412177986 0.0

1745470726
0.9742710120068611 0.025728987993138937 0.0

1745470727
0.9708994708994709 0.0291005291005291 0.0

1745470728
0.9678125 0.0321875 0.0

1745470729
0.9683455481054108 0.03165445189458912 0.0

1745470730
0.9648957843598183 0.03510421564018179 0.0

1745470731
0.9650668764752164 0.03493312352478364 0.0

1745470732
0.9588043983273966 0.041195601672603374 0.0

1745470733
0.9522990303409447 0.04770096965905536 0.0

1745470734
0.9560975609756097 0.04390243902439024 0.0

1745470735
0.9574134961640833 0.04258650383591671 0.0

1745470736
0.9589895524715422 0.04101044752845782 0.0

1745470737
0.9546875 0.0453125 0.0

1745470738
0.95625 0.04375 0.0

1745470739
0.9643415702220832 0.0356584297779168 0.0

1745470740
0.9673743365594755 0.032625663440524505 0.0

1745470741
0.9687888198757764 0.0312111801242236 0.0

1745470742
0.9726415094339622 0.027358490566037737 0.0

1745470743
0.9745551045894474 0.025444895410552608 0.0

1745470744
0.9792608763449244 0.020739123655075627 0.0

1745470745
0.9756862745098039 0.02431372549019608 0.0

1745470746
0.9748908296943232 0.025109170305676855 0.0

1745470747
0.9677822959024085 0.03190491085392556 0.0

1745470748
0.9686915887850467 0.03130841121495327 0.0

1745470749
0.9680300893276916 0.031969910672308414 0.0

1745470750
0.9533459000942507 0.04147031102733271 0.0

1745470751
0.7446841776110069 0.06300813008130081 0.0

1745470752
0.42478015075376885 0.041614321608040204 0.0

1745470753
0.24894448788115717 0.01892103205629398 0.0

1745470754
0.19868688447709865 0.0229795216507738 0.0

1745470755
0.124375 0.01234375 0.0

1745470756
0.08553557466770914 0.008913213448006255 0.0

1745470757
0.05751797436698968 0.0087527352297593 0.0

1745470758
0.04483674425870958 0.0026558350257772224 0.0

1745470759
0.04503518373729476 0.0023455824863174357 0.0

1745470760
0.04580272002501173 0.0014069094888228856 0.0

1745470761
0.0459590433015476 0.0014069094888228856 0.0

1745470762
0.0457383702778645 0.0018732438339057135 0.0

1745470763
0.0459375 0.00125 0.0

1745470764
0.04703125 0.0015625 0.0

1745470765
0.4699074074074074 0.03780864197530864 0.0

1745470766
0.8971437490245044 0.10285625097549556 0.0

1745470767
0.9101494885916601 0.08985051140833988 0.0

1745470768
0.9430716296527994 0.0569283703472005 0.0

1745470769
0.9449099937926754 0.05509000620732464 0.0

1745470770
0.9572057898049088 0.042794210195091255 0.0

1745470771
0.9535387951060864 0.04646120489391358 0.0

1745470772
0.95796875 0.04203125 0.0

1745470773
0.9663627790003144 0.033637220999685635 0.0

1745470774
0.9626959247648903 0.037304075235109715 0.0

1745470775
0.9608601485148515 0.039139851485148515 0.0

1745470776
0.9583333333333334 0.041666666666666664 0.0

1745470777
0.9584764283484234 0.04152357165157665 0.0

1745470778
0.9649671567094151 0.035032843290584925 0.0

1745470779
0.9616044950835024 0.03839550491649758 0.0

1745470780
0.9622671050571473 0.03773289494285267 0.0

1745470781
0.9571008208146198 0.04289917918538021 0.0

1745470782
0.9617262561033234 0.03827374389667664 0.0

1745470783
0.9646819815596187 0.03531801844038131 0.0

1745470784
0.96484375 0.03515625 0.0

1745470785
0.97046875 0.02953125 0.0

1745470786
0.9743790032807373 0.025620996719262615 0.0

1745470787
0.9762462884825754 0.023753711517424596 0.0

1745470788
0.97796875 0.02203125 0.0

1745470789
0.9748681352776916 0.025131864722308408 0.0

1745470790
0.972257053291536 0.027742946708463948 0.0

1745470791
0.9694069657985567 0.030593034201443364 0.0

1745470792
0.9620727329483377 0.037927267051662245 0.0

1745470793
0.9490147012824522 0.05082890209571473 0.0

1745470794
0.9261702796104304 0.04995287464655985 0.0

1745470795
0.7160262417994376 0.042642924086223055 0.0

1745470796
0.39542892924232936 0.033813400125234816 0.0

1745470797
0.25023444826508284 0.010784620193810567 0.0

1745470798
0.22828978250664997 0.0068846815834767644 0.0

1745470799
0.22272585182869648 0.012035010940919038 0.0

1745470800
0.19168879862521482 0.016403686923918137 0.0

1745470801
0.1496630622159536 0.013007365616674503 0.0

1745470802
0.11349069876504611 0.011724245740190714 0.0

1745470803
0.08397065709380365 0.0103012330263774 0.0

1745470804
0.06073888541014402 0.0034439574201628053 0.0

1745470805
0.5746768416134559 0.13518143591340911 0.0003114779629341224

1745470806
0.8926070038910506 0.1066147859922179 0.0

1745470807
0.9036840462066812 0.09584764283484233 0.00015610365282547612

1745470808
0.9446875 0.055 0.0

1745470809
0.9216452924616828 0.07585236158898968 0.00015639662183296842

1745470810
0.9283260462211118 0.07136164896939413 0.0

1745470811
0.9401000938379731 0.059430716296528 0.00015639662183296842

1745470812
0.942232630757221 0.05776736924277908 0.0

1745470813
0.9287935323383084 0.07120646766169154 0.0

1745470814
0.9487582521219742 0.05124174787802578 0.0

1745470815
0.9496875 0.0503125 0.0

1745470816
0.9624515128006207 0.037548487199379366 0.0

1745470817
0.9595594020456334 0.04044059795436664 0.0

1745470818
0.9722523639745776 0.027747636025422417 0.0

1745470819
0.9700673875568093 0.02993261244319072 0.0

1745470820
0.9606980034585757 0.03930199654142431 0.0

1745470821
0.9641017636959576 0.03589823630404245 0.0

1745470822
0.9636762173164239 0.036323782683576014 0.0

1745470823
0.963823483549041 0.03617651645095899 0.0

1745470824
0.9626153605506023 0.03738463944939778 0.0

1745470825
0.9695604907594347 0.030439509240565304 0.0

1745470826
0.9641688736563327 0.03583112634366724 0.0

1745470827
0.9646875 0.0353125 0.0

1745470828
0.9681839659788943 0.03181603402110569 0.0

1745470829
0.9684375 0.0315625 0.0

1745470830
0.96625 0.03375 0.0

1745470831
0.9695360099984377 0.030463990001562257 0.0

1745470832
0.9751523675574308 0.024847632442569153 0.0

1745470833
0.97609375 0.02390625 0.0

1745470834
0.9757850335885018 0.024058740821746603 0.0

1745470835
0.9782778559149867 0.021722144085013283 0.0

1745470836
0.97875 0.02125 0.0

1745470837
0.9755184780913769 0.02448152190862311 0.0

1745470838
0.9698154519862371 0.030184548013762903 0.0

1745470839
0.9613276968842962 0.03867230311570377 0.0

1745470840
0.9396457124941213 0.04624549302398495 0.0

1745470841
0.6160840257093588 0.07414955322150807 0.0

1745470842
0.1697906904092471 0.03498906591690097 0.0

1745470843
0.08307210031347963 0.00909090909090909 0.0

1745470844
0.05510458944739307 0.005463627848891664 0.00015610365282547612

1745470845
0.027986241400875547 0.0075046904315197 0.0

1745470846
0.024401689347724072 0.009228844048177694 0.0

1745470847
0.02922788371366052 0.0026570803376055017 0.0

1745470848
0.030321975617380433 0.0017192872772741482 0.0

1745470849
0.029696780243826194 0.0025007814942169426 0.00015629884338855892

1745470850
0.6990943160524672 0.13741411617738913 0.0001561524047470331

1745470851
0.5641266854813421 0.044684854186265284 0.00015678896205707118

1745470852
0.18607198748043818 0.010328638497652582 0.00031298904538341156

1745470853
0.09238705643270283 0.003439112083789276 0.0001563232765358762

1745470854
0.07705532979055955 0.002344482650828384 0.00015629884338855892

1745470855
0.6325675256131637 0.04532753803166718 0.0001552312946289972

1745470856
0.8796875 0.1203125 0.0

1745470857
0.9380365225534572 0.06196347744654284 0.0

1745470858
0.9272528160200251 0.07274718397997497 0.0

1745470859
0.9386088867954153 0.06139111320458471 0.0

1745470860
0.9481688392302917 0.05183116076970826 0.0

1745470861
0.9355900329102022 0.06440996708979783 0.0

1745470862
0.9436137071651091 0.056386292834890966 0.0

1745470863
0.9449483891147952 0.05505161088520488 0.0

1745470864
0.9514030412290327 0.04859695877096724 0.0

1745470865
0.956386292834891 0.04361370716510903 0.0

1745470866
0.9590176755826686 0.040982324417331455 0.0

1745470867
0.959390073128987 0.04060992687101291 0.0

1745470868
0.9644200626959247 0.035579937304075236 0.0

1745470869
0.9630664183736809 0.03693358162631906 0.0

1745470870
0.961611076148521 0.03838892385147892 0.0

1745470871
0.9601943269080081 0.03980567309199185 0.0

1745470872
0.9605427323767936 0.03945726762320649 0.0

1745470873
0.9645700015607929 0.03542999843920712 0.0

1745470874
0.9622671050571473 0.03773289494285267 0.0

1745470875
0.9687792694349048 0.031220730565095223 0.0

1745470876
0.9686280630560324 0.03137193694396753 0.0

1745470877
0.97515625 0.02484375 0.0

1745470878
0.9675658818025885 0.03243411819741151 0.0

1745470879
0.9744514106583072 0.02554858934169279 0.0

1745470880
0.9718793938447118 0.028120606155288237 0.0

1745470881
0.971245507110486 0.028754492889513986 0.0

1745470882
0.97 0.03 0.0

1745470883
0.95828125 0.04171875 0.0

1745470884
0.961448415795224 0.03761510847510535 0.0

1745470885
0.9665462541228208 0.033453745877179204 0.0

1745470886
0.8550656660412758 0.041432145090681674 0.0

1745470887
0.5116096642610606 0.048007530593034205 0.0

1745470888
0.286049054835182 0.0118731448211217 0.0

1745470889
0.16095193361515578 0.014091122592766557 0.0

1745470890
0.09709193245778612 0.00641025641025641 0.0

1745470891
0.08385286783042394 0.006234413965087282 0.0

1745470892
0.0770797430675231 0.0029766567444775185 0.0

1745470893
0.07881157154026583 0.0018764659890539485 0.0

1745470894
0.0653737879261808 0.00797622771348139 0.0

1745470895
0.04672605094546023 0.0014064697609001407 0.0001562744178777934

1745470896
0.15392979186082634 0.07533395464429947 0.0

1745470897
0.8989536154927378 0.0997969701702327 0.00046853037638606906

1745470898
0.9257928448679894 0.07405092954225902 0.0

1745470899
0.9519336151557852 0.04806638484421481 0.0

1745470900
0.9223316143147366 0.07673073917799657 0.0

1745470901
0.9103243917654398 0.0892077354959451 0.00015595757953836556

1745470902
0.9462583971254491 0.053429151695047646 0.0003124511795032026

1745470903
0.9437939110070258 0.05604996096799376 0.000156128024980484

1745470904
0.9418295543393276 0.057701329163408914 0.0001563721657544957

1745470905
0.9241099312929419 0.07557776389756403 0.0

1745470906
0.9361901782921489 0.06349702846418517 0.00015639662183296842

1745470907
0.9381829534811115 0.061660942866063065 0.0

1745470908
0.9467020944045014 0.052985307908721475 0.00015629884338855892

1745470909
0.9523734920883598 0.04746984176719411 0.0

1745470910
0.9446868183234652 0.05515736989716422 0.0

1745470911
0.9297009550649757 0.06826366056051354 0.0001565680288085173

1745470912
0.9261576971214017 0.07180851063829788 0.00031289111389236547

1745470913
0.9338842975206612 0.06580383595820989 0.0001559332605644784

1745470914
0.9378125 0.061875 0.00015625

1745470915
0.9003296185842097 0.04787317532569455 0.0

1745470916
0.6608736496007516 0.04665727258493815 0.0

1745470917
0.4476115896632733 0.028347689898198903 0.0

1745470918
0.33072345756342 0.01957406827435014 0.0

1745470919
0.2577271308148611 0.021073993131439275 0.0

1745470920
0.812111801242236 0.1422360248447205 0.00015527950310559007

1745470921
0.9271791673163886 0.07282083268361142 0.0

1745470922
0.9113569091758841 0.08848730331827387 0.0

1745470923
0.9392845936617509 0.06071540633824914 0.0

1745470924
0.9342350746268657 0.06576492537313433 0.0

1745470925
0.9483860907531576 0.05161390924684235 0.0

1745470926
0.9480233107575996 0.05197668924240038 0.0

1745470927
0.9596812001875293 0.0403187998124707 0.0

1745470928
0.9664944418349773 0.0335055581650227 0.0

1745470929
0.968286205280425 0.03171379471957507 0.0

1745470930
0.961556347853046 0.03844365214695396 0.0

1745470931
0.9572461490097454 0.04275385099025464 0.0

1745470932
0.9588785046728971 0.04096573208722742 0.0

1745470933
0.9579937304075236 0.04200626959247649 0.0

1745470934
0.9626517273576097 0.03734827264239029 0.0

1745470935
0.9610980392156863 0.038901960784313724 0.0

1745470936
0.967345669413777 0.03265433058622298 0.0

1745470937
0.9682439867945292 0.03175601320547084 0.0

1745470938
0.9665785792009949 0.03342142079900513 0.0

1745470939
0.9731848831739063 0.026658303277403168 0.0

1745470940
0.978583711114585 0.02141628888541504 0.0

1745470941
0.9778125 0.0221875 0.0

1745470942
0.9727869878010635 0.027056615577103534 0.0

1745470943
0.9424042686754551 0.03483992467043315 0.00015693659761456373

1745470944
0.7626800250469631 0.04649342517219787 0.00015654351909830932

1745470945
0.39225826672935277 0.0380818053596615 0.0

1745470946
0.1760200093793966 0.011724245740190714 0.0001563232765358762

1745470947
0.10207909957792716 0.008910426762544943 0.0

1745470948
0.054176424668227946 0.004215456674473068 0.0

1745470949
0.04655522574597719 0.0015622558975160131 0.0

1745470950
0.7094017094017094 0.04770784770784771 0.0004662004662004662

1745470951
0.96265625 0.03734375 0.0

1745470952
0.9662374371859297 0.03376256281407035 0.0

1745470953
0.8829869130100076 0.1170130869899923 0.0

1745470954
0.9255501794911816 0.07444982050881847 0.0

1745470955
0.9346487766377269 0.06535122336227309 0.0

1745470956
0.9434579439252336 0.05654205607476635 0.0

1745470957
0.9529172532457375 0.047082746754262474 0.0

1745470958
0.9554693560899923 0.04453064391000776 0.0

1745470959
0.9577176988368438 0.04228230116315624 0.0

1745470960
0.9659661229611042 0.03403387703889586 0.0

1745470961
0.9619047619047619 0.0380952380952381 0.0

1745470962
0.9543761638733705 0.04562383612662942 0.0

1745470963
0.9542164883574575 0.045783511642542477 0.0

1745470964
0.96234375 0.03765625 0.0

1745470965
0.9665572745741522 0.03344272542584779 0.0

1745470966
0.9625 0.0375 0.0

1745470967
0.9638723803565843 0.0361276196434157 0.0

1745470968
0.9648959304131718 0.035104069586828206 0.0

1745470969
0.9627826633165829 0.037217336683417084 0.0

1745470970
0.9672897196261683 0.03271028037383177 0.0

1745470971
0.9701914025729527 0.02980859742704738 0.0

1745470972
0.9737496116806461 0.026250388319353838 0.0

1745470973
0.9736180904522613 0.026381909547738693 0.0

1745470974
0.969720740508315 0.03027925949168497 0.0

1745470975
0.9667862154997661 0.0332137845002339 0.0

1745470976
0.9513149655604258 0.048215403882279274 0.0

1745470977
0.8873239436619719 0.05086071987480438 0.0

1745470978
0.7356807511737089 0.0433489827856025 0.0

1745470979
0.5335313428169455 0.04126934500547132 0.0

1745470980
0.41473354231974924 0.027115987460815047 0.0

1745470981
0.33307259073842305 0.02065081351689612 0.0

1745470982
0.30039093041438625 0.01344800625488663 0.0

1745470983
0.22648301768664894 0.015651901706057285 0.0

1745470984
0.19796716184519156 0.006254886630179828 0.0

1745470985
0.1837053223037303 0.006243171531137818 0.0

1745470986
0.15075140889167188 0.010644959298685034 0.0

1745470987
0.11958730654994529 0.0075035172737220575 0.0

1745470988
0.10803627267041901 0.0028142589118198874 0.0

1745470989
0.09377930603313535 0.010940919037199124 0.0

1745470990
0.06220693966864645 0.001875586120662707 0.0

1745470991
0.0621875 0.00203125 0.0

1745470992
0.061923377638780294 0.0017200938232994527 0.0001563721657544957

1745470993
0.06217778472113732 0.0017184814872676145 0.0

1745470994
0.6430788330229671 0.117008069522036 0.00031036623215394165

1745470995
0.9080692992039956 0.09193070079600436 0.0

1745470996
0.9365351629502573 0.0634648370497427 0.0

1745470997
0.9445141065830721 0.055485893416927896 0.0

1745470998
0.9541156409858936 0.04588435901410634 0.0

1745470999
0.9593813466645836 0.04061865333541634 0.0

1745471000
0.9662130455185359 0.0337869544814641 0.0

1745471001
0.9647577092511013 0.03524229074889868 0.0

1745471002
0.9603125 0.0396875 0.0

1745471003
0.9590316573556797 0.040968342644320296 0.0

1745471004
0.9572057898049088 0.042794210195091255 0.0

1745471005
0.9623346303501945 0.03766536964980545 0.0

1745471006
0.9604643865704424 0.039535613429557574 0.0

1745471007
0.97109375 0.02890625 0.0

1745471008
0.9686870252674004 0.0313129747325996 0.0

1745471009
0.9645090681676047 0.035490931832395246 0.0

1745471010
0.962800875273523 0.037199124726477024 0.0

1745471011
0.9620668123634093 0.0379331876365907 0.0

1745471012
0.9657491398185799 0.03425086018142008 0.0

1745471013
0.96734375 0.03265625 0.0

1745471014
0.9680037459029187 0.03199625409708132 0.0

1745471015
0.9722004083555835 0.027799591644416522 0.0

1745471016
0.977857476999844 0.02214252300015593 0.0

1745471017
0.9803155756912982 0.019684424308701765 0.0

1745471018
0.9752760068418598 0.024723993158140257 0.0

1745471019
0.966414380321665 0.03358561967833491 0.0

1745471020
0.9628125 0.0371875 0.0

1745471021
0.9594193850476042 0.040268456375838924 0.0

1745471022
0.9604254653527295 0.039418113561708115 0.0

1745471023
0.9305904522613065 0.05260678391959799 0.000157035175879397

1745471024
0.7423744720788362 0.0448928515563898 0.0

1745471025
0.6244329735648365 0.03253558579696543 0.0

1745471026
0.5506110937010341 0.027420871200250704 0.0

1745471027
0.4985950671245707 0.024352169840774273 0.0

1745471028
0.417982799061767 0.014698983580922595 0.0

1745471029
0.32522366975357087 0.019306231360853868 0.0

1745471030
0.23241638011878712 0.013441700531416068 0.0

1745471031
0.16833541927409262 0.009386733416770964 0.00015644555694618273

1745471032
0.12116948092557848 0.008286429018136336 0.0

1745471033
0.10894029384182558 0.002188183807439825 0.0

1745471034
0.0866166353971232 0.009224515322076297 0.0

1745471035
0.04945397815912637 0.00436817472698908 0.0

1745471036
0.047522276066906365 0.0006252931061435048 0.0

1745471037
0.03804007514088917 0.0036005009392611146 0.0

1745471038
0.03143080531665363 0.0007818608287724785 0.0

1745471039
0.027309612983770288 0.0046816479400749065 0.0

1745471040
0.029701422541816475 0.002188525871502267 0.0001563232765358762

1745471041
0.6663560111835974 0.048151599875737805 0.00031065548306927616

1745471042
0.96078125 0.03921875 0.0

1745471043
0.9665572745741522 0.033286451007969994 0.0

1745471044
0.97234375 0.02765625 0.0

1745471045
0.9696875 0.0303125 0.0

1745471046
0.9676208352885969 0.0323791647114031 0.0

1745471047
0.9681598251911971 0.03184017480880287 0.0

1745471048
0.9696875 0.0303125 0.0

1745471049
0.96765625 0.03234375 0.0

1745471050
0.9707766838568527 0.029223316143147368 0.0

1745471051
0.9717231682549602 0.028276831745039838 0.0

1745471052
0.9734333489607752 0.02656665103922488 0.0

1745471053
0.977659740665521 0.022340259334478987 0.0

1745471054
0.9796875 0.0203125 0.0

1745471055
0.9101889129761536 0.0898110870238464 0.0

1745471056
0.918014763624941 0.0819852363750589 0.0

1745471057
0.9343905472636815 0.06560945273631841 0.0

1745471058
0.9329970045719691 0.0670029954280309 0.0

1745471059
0.9498364231188658 0.05016357688113413 0.0

1745471060
0.9387562814070352 0.061243718592964826 0.0

1745471061
0.9464007478965409 0.05359925210345902 0.0

1745471062
0.9528125 0.04703125 0.0

1745471063
0.9493651285227624 0.05063487147723753 0.0

1745471064
0.9528093434343434 0.04719065656565657 0.0

1745471065
0.9595375722543352 0.04046242774566474 0.0

1745471066
0.9640905542544886 0.03590944574551132 0.0

1745471067
0.955 0.04484375 0.0

1745471068
0.9484375 0.0515625 0.0

1745471069
0.94875 0.05015625 0.0

1745471070
0.9486494974874372 0.037845477386934674 0.0

1745471071
0.9437324163801187 0.015004688965301657 0.0

1745471072
0.9126426004063135 0.017346460384435068 0.0

1745471073
0.8612066270709596 0.02938418255704908 0.0

1745471074
0.8432077536345162 0.03298421134906988 0.0

1745471075
0.8393247889965614 0.0376680212566427 0.0

1745471076
0.819631134729603 0.04063769928102532 0.00015629884338855892

1745471077
0.8077223698608723 0.03736126309207441 0.0

1745471078
0.7794647049616529 0.043355767725778684 0.0

1745471079
0.7081705983440088 0.03405717856584908 0.0

1745471080
0.6566557171906773 0.027686532144533083 0.0

1745471081
0.5877659574468085 0.024874843554443055 0.0

1745471082
0.5467333541731791 0.017818068146295718 0.0

1745471083
0.46749177502741657 0.015823280589064702 0.00015666614444618518

1745471084
0.45075698454815044 0.012486343062275636 0.0

1745471085
0.7859474584175346 0.13353023472718795 0.000155448468832582

1745471086
0.9035485383773644 0.0958261685164921 0.0003126465530717524

1745471087
0.9411029526636463 0.058584596156850494 0.0001562255897516013

1745471088
0.9412316348859019 0.05798687089715536 0.0

1745471089
0.927511326355257 0.0721762224652398 0.0001562255897516013

1745471090
0.9403125 0.0596875 0.0

1745471091
0.9552215437607641 0.044778456239235945 0.0

1745471092
0.9458235753317721 0.054020296643247465 0.000156128024980484

1745471093
0.94125 0.05875 0.0

1745471094
0.9437587876894236 0.05608498672082487 0.0

1745471095
0.9573304157549234 0.04251328540168803 0.0

1745471096
0.9587450980392157 0.028862745098039214 0.00015686274509803922

1745471097
0.9321769026410377 0.024691358024691357 0.0

1745471098
0.8944817883382836 0.04658433640769111 0.0

1745471099
0.8602469907769267 0.036267000156323274 0.0

1745471100
0.9192373275461169 0.07363199503952876 0.0001550147263990079

1745471101
0.9555176689398636 0.04448233106013639 0.0

1745471102
0.9550879396984925 0.04491206030150754 0.0

1745471103
0.9633899361271226 0.036610063872877394 0.0

1745471104
0.9565422026984625 0.043457797301537496 0.0

1745471105
0.958638988606212 0.04136101139378805 0.0

1745471106
0.9615987460815048 0.0384012539184953 0.0

1745471107
0.9669473027751793 0.0330526972248207 0.0

1745471108
0.9608546475358702 0.03914535246412976 0.0

1745471109
0.9618044640050298 0.03819553599497014 0.0

1745471110
0.9597610814209369 0.040238918579063185 0.0

1745471111
0.9570828798009641 0.04291712019903592 0.0

1745471112
0.9607873527588344 0.03921264724116553 0.0

1745471113
0.9583658194292842 0.04163418057071573 0.0

1745471114
0.9621510802712506 0.03769121589654629 0.0

1745471115
0.9684112728398885 0.03158872716011149 0.0

1745471117
0.9680892871178182 0.03191071288218188 0.0

1745471118
0.9697206180739816 0.030279381926018416 0.0

1745471119
0.971410717075457 0.02858928292454304 0.0

1745471120
0.9737704918032787 0.02622950819672131 0.0

1745471121
0.9671875 0.0328125 0.0

1745471122
0.9732561776665624 0.026743822333437597 0.0

1745471123
0.9715891351857634 0.028410864814236655 0.0

1745471124
0.972574831531108 0.027425168468892022 0.0

1745471125
0.9650709496335569 0.034929050366443164 0.0

1745471126
0.9565149382136712 0.0430157985296418 0.0

1745471127
0.9694036840462067 0.030440212300967842 0.0

1745471128
0.8386438549678229 0.0447339507141736 0.0001569612305760477

1745471129
0.644500078235018 0.036770458457205446 0.0

1745471130
0.5243978730059431 0.02283390678761339 0.0

1745471131
0.4005329989026493 0.029628468411976798 0.0

1745471132
0.34527534418022526 0.010638297872340425 0.0

1745471133
0.3270735524256651 0.014241001564945227 0.0

1745471134
0.2722872755659641 0.015768930523028885 0.0

1745471135
0.23816221284575714 0.012814502265979058 0.0

1745471136
0.2197871008140263 0.012993112085159674 0.0

1745471137
0.18630822131916225 0.004845264145045327 0.0

1745471138
0.13798498122653316 0.014392991239048811 0.0

1745471139
0.11175277040736695 0.005774933666302481 0.0

1745471140
0.10848465873512837 0.002974326862867877 0.00015654351909830932

1745471141
0.09282700421940929 0.00781372089388967 0.0

1745471142
0.07846201938105658 0.0014066895904970304 0.0

1745471143
0.07472252618414882 0.004689698296076286 0.0

1745471144
0.05347928068803753 0.006254886630179828 0.0

1745471145
0.7476476939688416 0.18155175073268548 0.00030849915162733303

1745471146
0.8579965403365309 0.14137442994181476 0.00047177229124076113

1745471147
0.940009373535385 0.0598344008748633 0.0001562255897516013

1745471148
0.9665258876896605 0.033474112310339435 0.0

1745471149
0.9412223261615217 0.05877767383847833 0.0

1745471150
0.9436884091975598 0.05631159080244017 0.0

1745471151
0.9820480799250703 0.017951920074929753 0.0

1745471152
0.9576165154832655 0.04238348451673444 0.0

1745471153
0.9466125507336872 0.05338744926631283 0.0

1745471154
0.9290262463115391 0.07097375368846094 0.0

1745471155
0.9499057788944724 0.050094221105527637 0.0

1745471156
0.9580615097856477 0.04193849021435228 0.0

1745471157
0.970224102805203 0.029775897194797053 0.0

1745471158
0.9789490098237954 0.021050990176204584 0.0

1745471159
0.979903411746378 0.02009658825362206 0.0

1745471160
0.9838886281870797 0.016111371812920383 0.0

1745471161
0.9748201438848921 0.025179856115107913 0.0

1745471162
0.97 0.03 0.0

1745471163
0.967721815063153 0.03227818493684703 0.0

1745471164
0.9612170897051868 0.03878291029481318 0.0

1745471165
0.9657045313469894 0.03429546865301055 0.0

1745471166
0.9626912269747112 0.03730877302528879 0.0

1745471167
0.9628287919357379 0.037171208064262086 0.0

1745471168
0.9615980179622174 0.0384019820377826 0.0

1745471170
0.9657116016909347 0.03428839830906529 0.0

1745471171
0.96140625 0.03859375 0.0

1745471172
0.9665311229277448 0.03346887707225524 0.0

1745471173
0.9621000310655483 0.037899968934451696 0.0

1745471175
0.9669103198931069 0.033089680106893025 0.0

1745471176
0.9684112728398885 0.03158872716011149 0.0

1745471177
0.964594807238395 0.03540519276160504 0.0

1745471178
0.9632112236944661 0.036788776305533906 0.0

1745471179
0.9485409475996235 0.05145905240037653 0.0

1745471180
0.95578125 0.04421875 0.0

1745471181
0.9505042668735454 0.04949573312645462 0.0

1745471182
0.9380600534507153 0.060682282659959126 0.00031441597233139445

1745471183
0.94078125 0.0584375 0.00015625

1745471184
0.9494759893633662 0.04974190520882215 0.0004692632566870014

1745471185
0.8588716014458588 0.06019173345906019 0.0011001100110011

1745471186
0.661868252229698 0.04193396964481302 0.0007823501799405414

1745471187
0.5050820953870211 0.03752931978107897 0.00109460516028147

1745471188
0.4292208810158332 0.022887599937294247 0.0004702931493964571

1745471189
0.3504380475594493 0.037077596996245306 0.0

1745471190
0.2111198120595145 0.01895066562255286 0.0

1745471191
0.12144864189822042 0.011551670309085233 0.0

1745471192
0.08671153545155737 0.0046955705118171855 0.0

1745471193
0.07318217357310398 0.00437842064112588 0.0

1745471194
0.06269543464665416 0.0015634771732332708 0.0

1745471195
0.0325 0.00984375 0.00015625

1745471196
0.02904888333593628 0.002811182258316414 0.00015617679212868969

1745471197
0.030321975617380433 0.0017192872772741482 0.0

1745471198
0.030004688232536336 0.001875293014533521 0.0

1745471199
0.030634573304157548 0.0014066895904970304 0.0

1745471200
0.030170392371424104 0.0018758793184305144 0.0

1745471201
0.030634573304157548 0.0010940919037199124 0.0

1745471202
0.03004694835680751 0.0018779342723004694 0.00015649452269170578

1745471203
0.02984841381465854 0.0020315674324113144 0.0

1745471204
0.030601092896174863 0.001249024199843872 0.0

1745471205
0.030331457160725453 0.0015634771732332708 0.0

1745471206
0.03047827446076899 0.0015629884338855893 0.0

1745471207
0.030790872147546108 0.0009377930603313535 0.0

1745471208
0.03125976867771178 0.0007814942169427947 0.0

1745471209
0.030639362201031733 0.0014069094888228856 0.0

1745471210
0.030634573304157548 0.0010940919037199124 0.0

1745471211
0.030629785904047507 0.001562744178777934 0.0

1745471212
0.7725648594065558 0.056548081404380925 0.00015535187199005747

1745471213
0.96234375 0.03765625 0.0

1745471214
0.9612075707805412 0.038010323791647115 0.0

1745471215
0.9709647205744615 0.029035279425538556 0.0

1745471216
0.96609375 0.03390625 0.0

1745471217
0.9655873611762865 0.0342562177381511 0.0

1745471218
0.9661624824575081 0.03383751754249181 0.0

1745471219
0.9668023802067022 0.03304102724710304 0.00015659254619480113

1745471220
0.9647260808490713 0.03355704697986577 0.0

1745471221
0.97015625 0.0296875 0.00015625

1745471222
0.96890625 0.03109375 0.0

1745471223
0.9704641350210971 0.029535864978902954 0.0

1745471224
0.9735978753319794 0.02624589907826902 0.0001562255897516013

1745471225
0.9717099093466708 0.0262582056892779 0.0

1745471226
0.9759412591782534 0.023902515231995002 0.0001562255897516013

1745471227
0.971410717075457 0.02843305733479144 0.0

1745471228
0.9679987511707774 0.031845145176397124 0.00015610365282547612

1745471229
0.9657437822618489 0.0342562177381511 0.0

1745471230
0.96359375 0.03625 0.0

1745471231
0.9321771446268194 0.0676680086714153 0.0001548467017652524

1745471232
0.8818677042801556 0.11813229571984436 0.0

1745471233
0.9324557279423288 0.06754427205767122 0.0

1745471234
0.9341570222083203 0.0658429777916797 0.0

1745471235
0.948180815876516 0.05181918412348401 0.0

1745471236
0.9484294421003282 0.051570557899671826 0.0

1745471237
0.9635595871129183 0.036440412887081636 0.0

1745471238
0.9692500784436774 0.03074992155632256 0.0

1745471239
0.9631002007102053 0.03689979928979466 0.0

1745471240
0.9550614947965941 0.044938505203405865 0.0

1745471241
0.9628824351607392 0.03711756483926076 0.0

1745471242
0.962496109554933 0.03750389044506692 0.0

1745471243
0.965033863600567 0.03496613639943298 0.0

1745471244
0.9643024894316581 0.035697510568341945 0.0

1745471245
0.9593041317179248 0.04069586828207518 0.0

1745471246
0.9599182646966363 0.04008173530336372 0.0

1745471247
0.956019962570181 0.04398003742981909 0.0

1745471248
0.9565625 0.0434375 0.0

1745471249
0.9653882132834425 0.03461178671655753 0.0

1745471250
0.963989353374041 0.03585407859715046 0.0

1745471251
0.9621485786084498 0.02481545468823622 0.0

1745471252
0.9309267072980153 0.0284419440537584 0.0

1745471253
0.8732328724561131 0.03588628242970328 0.0

1745471254
0.8016359918200409 0.03680981595092025 0.0

1745471255
0.7528142589118199 0.0358036272670419 0.0

1745471256
0.6550320863984974 0.03615589294099233 0.0

1745471257
0.5569798342973269 0.036267000156323274 0.0

1745471258
0.45021916092673764 0.028490920475892297 0.0

1745471259
0.32068370707229105 0.02399247294966285 0.0

1745471260
0.24 0.015 0.0

1745471261
0.1825855869939034 0.009535719868688447 0.0

1745471262
0.15769712140175218 0.0071964956195244055 0.0

1745471263
0.12335834896810506 0.009224515322076297 0.0

1745471264
0.08203125 0.00703125 0.0

1745471265
0.7722265321955004 0.052288595810705975 0.00046547711404189296

1745471266
0.8749611680646163 0.12503883193538365 0.0

1745471267
0.9171875 0.0828125 0.0

1745471268
0.9249333960194327 0.0750666039805673 0.0

1745471269
0.945827462032253 0.054172537967746986 0.0

1745471270
0.956650553563075 0.043349446436924996 0.0

1745471271
0.9556734821289214 0.04432651787107851 0.0

1745471272
0.965 0.035 0.0

1745471273
0.9685929648241206 0.031407035175879394 0.0

1745471274
0.9600742804085423 0.039925719591457756 0.0

1745471275
0.9465660851799466 0.053433914820053434 0.0

1745471276
0.9587450980392157 0.04125490196078432 0.0

1745471277
0.9616633173597156 0.038336682640284434 0.0

1745471278
0.9664249684741488 0.0335750315258512 0.0

1745471279
0.9703957619196011 0.029604238080398877 0.0

1745471280
0.9655064772904636 0.03449352270953644 0.0

1745471281
0.9603461841070023 0.03965381589299764 0.0

1745471282
0.9548066469948749 0.04519335300512502 0.0

1745471283
0.950626959247649 0.0493730407523511 0.0

1745471284
0.9528125 0.0471875 0.0

1745471285
0.9616768340372283 0.03832316596277178 0.0

1745471286
0.9640681143571317 0.035931885642868304 0.0

1745471287
0.9750739990652749 0.024926000934725034 0.0

1745471288
0.9755485893416928 0.02445141065830721 0.0

1745471289
0.9714778247923523 0.028522175207647705 0.0

1745471290
0.9707392996108949 0.029260700389105058 0.0

1745471291
0.9583594239198497 0.04148403256105197 0.0

1745471292
0.936196896065214 0.048283430004702935 0.0

1745471293
0.8929352922788372 0.03938730853391685 0.0

1745471294
0.7517985611510791 0.04269627776040037 0.0

1745471295
0.6178035043804756 0.03958072590738423 0.0

1745471296
0.4117094552285535 0.03490920475892298 0.0

1745471297
0.29462466698009715 0.01817896881366557 0.0

1745471298
0.22309014216528666 0.012341821590376504 0.0

1745471299
0.16666666666666666 0.007355242566510172 0.0

1745471300
0.14003115264797508 0.0051401869158878505 0.0

1745471301
0.12127859605139454 0.008774678784080225 0.0

1745471302
0.09604254653527296 0.0059440012513686845 0.0

1745471303
0.08726931498279637 0.005004691898654989 0.0

1745471304
0.07252266333229133 0.004845264145045327 0.0

1745471305
0.06160100062539087 0.0017198248905565979 0.0

1745471306
0.04657705532979056 0.004532666458268208 0.0

1745471307
0.04706066291432145 0.0006253908692933083 0.0

1745471308
0.036411939365525864 0.0046882325363338025 0.0001562744178777934

1745471309
0.030947170990934667 0.0012503907471084713 0.0

1745471310
0.03095684803001876 0.0009380863039399625 0.0

1745471311
0.03136704119850187 0.0009363295880149813 0.0

1745471312
0.5383073839987668 0.1566209341760444 0.0003083089255433945

1745471313
0.8891862112387848 0.11034157091138044 0.00031481189988981584

1745471314
0.9315731916887986 0.06827058272144977 0.0001562255897516013

1745471315
0.9480781153130812 0.05192188468691879 0.0

1745471316
0.9630499452011899 0.036950054798810084 0.0

1745471317
0.9534482758620689 0.04655172413793104 0.0

1745471318
0.9548286604361371 0.045171339563862926 0.0

1745471319
0.9560301507537688 0.04396984924623116 0.0

1745471320
0.9592923125097855 0.0407076874902145 0.0

1745471321
0.9750696810157944 0.024930318984205637 0.0

1745471322
0.9725638599810785 0.027436140018921477 0.0

1745471323
0.9655064772904636 0.03449352270953644 0.0

1745471324
0.9605079758401734 0.03949202415982654 0.0

1745471325
0.9547532713227179 0.04524672867728204 0.0

1745471326
0.954171197762933 0.04582880223706696 0.0

1745471327
0.9568535825545171 0.043146417445482865 0.0

1745471328
0.9551372549019608 0.04486274509803922 0.0

1745471329
0.9592923125097855 0.0407076874902145 0.0

1745471330
0.9656416692814559 0.034358330718544085 0.0

1745471331
0.9708301008533747 0.02916989914662529 0.0

1745471332
0.9751376868607395 0.024862313139260427 0.0

1745471333
0.9741674447556801 0.02583255524431995 0.0

1745471334
0.9694405265632347 0.0305594734367654 0.0

1745471335
0.9653070792311299 0.034692920768870136 0.0

1745471336
0.964375 0.035625 0.0

1745471337
0.9579439252336449 0.04190031152647975 0.0

1745471338
0.9607041810751336 0.039295818924866395 0.0

1745471339
0.9608179831408055 0.03918201685919451 0.0

1745471340
0.9630438172462186 0.03695618275378138 0.0

1745471341
0.96328125 0.03671875 0.0

1745471342
0.961875 0.038125 0.0

1745471343
0.9404743207161929 0.04931678969687451 0.0

1745471344
0.8278611632270169 0.0473733583489681 0.0

1745471345
0.6493587738504848 0.03393806693775414 0.0

1745471346
0.44747998115873766 0.039723661485319514 0.0

1745471347
0.2326817826426896 0.017200938232994525 0.0

1745471348
0.174953095684803 0.010318949343339587 0.0

1745471349
0.11442863842426138 0.0056276379552915425 0.0

1745471350
0.08334633994068986 0.0032776650538473544 0.0

1745471351
0.05166744950681071 0.006419289181149209 0.0

1745471352
0.031103469834323227 0.00046889653016567677 0.0

1745471353
0.03142589118198874 0.00046904315196998124 0.0

1745471354
0.03001406909488823 0.002188525871502267 0.0

1745471355
0.031103469834323227 0.0009377930603313535 0.0

1745471356
0.03121585765568909 0.0009364757296706727 0.0

1745471357
0.026134585289514865 0.00594679186228482 0.00015649452269170578

1745471358
0.030336200156372166 0.0014073494917904612 0.0

1745471359
0.029696780243826194 0.002031884964051266 0.0

1745471360
0.03047827446076899 0.0012503907471084713 0.0

1745471361
0.030165676773991873 0.0014066895904970304 0.0

1745471362
0.030634573304157548 0.0012503907471084713 0.0

1745471363
0.030639362201031733 0.0012505862122870095 0.0

1745471364
0.1791530944625407 0.02652396463471382 0.0003102218085931441

1745471365
0.9571875 0.0428125 0.0

1745471366
0.9694370809293622 0.030562919070637767 0.0

1745471367
0.9764890282131662 0.023510971786833857 0.0

1745471368
0.9690945799037117 0.030905420096288244 0.0

1745471369
0.9660804020100503 0.03391959798994975 0.0

1745471370
0.9655873611762865 0.03441263882371343 0.0

1745471371
0.9696875 0.0303125 0.0

1745471372
0.956650553563075 0.04319351317636052 0.0

1745471373
0.8651564185544768 0.1348435814455232 0.0

1745471374
0.9299874134675897 0.07001258653241033 0.0

1745471375
0.9386628823714916 0.06133711762850836 0.0

1745471376
0.9482305671457271 0.051769432854272907 0.0

1745471377
0.9520655944497004 0.04793440555029959 0.0

1745471378
0.9571875 0.0428125 0.0

1745471379
0.9677822959024085 0.03221770409759149 0.0

1745471380
0.9556665625975648 0.04433343740243522 0.0

1745471381
0.95265625 0.04734375 0.0

1745471382
0.9594932749452612 0.04050672505473882 0.0

1745471383
0.9587276958882855 0.04127230411171451 0.0

1745471384
0.9619197482297404 0.038080251770259636 0.0

1745471385
0.958203368683718 0.041796631316281974 0.0

1745471386
0.9574201628052599 0.042579837194740136 0.0

1745471387
0.9599563727017763 0.04004362729822374 0.0

1745471388
0.9627426424546024 0.03725735754539762 0.0

1745471389
0.96375 0.03625 0.0

1745471390
0.9688478396994364 0.03115216030056356 0.0

1745471391
0.9708404802744426 0.029159519725557463 0.0

1745471392
0.9093479968578162 0.03739198743126473 0.0

1745471393
0.8371366051891216 0.04048140043763676 0.0

1745471394
0.7823979990620603 0.03486009066750039 0.0

1745471395
0.6980778246601032 0.038287232380059384 0.0

1745471396
0.5930159724397118 0.03789539617914187 0.0

1745471397
0.4874843554443054 0.026282853566958697 0.0

1745471398
0.3940153532821557 0.02146326178912737 0.0

1745471399
0.32910798122065726 0.010328638497652582 0.0

1745471400
0.27257080269128464 0.013456423094977311 0.0

1745471401
0.19224757736792747 0.009846827133479213 0.0

1745471402
0.130060966077849 0.007972487103329685 0.0

1745471403
0.10367474589523065 0.004222048475371384 0.0

1745471404
0.06330103157236637 0.0029696780243826195 0.0

1745471405
0.7869437122034424 0.051015661342843854 0.00015506280043417584

1745471406
0.960585761021966 0.039414238978033964 0.0

1745471407
0.9519185591229444 0.047768206734534066 0.0

1745471408
0.9571607254534084 0.042682926829268296 0.0

1745471409
0.9605365777569802 0.03946342224301981 0.0

1745471410
0.9576165154832655 0.04222708789490147 0.0

1745471411
0.9592959295929593 0.039918277542039915 0.0

1745471412
0.943701399688958 0.05629860031104199 0.0

1745471413
0.857031371936944 0.14296862806305602 0.0

1745471414
0.9334585877563801 0.06654141224361985 0.0

1745471415
0.9491999378592512 0.050800062140748795 0.0

1745471417
0.9463039899662931 0.053696010033706984 0.0

1745471418
0.9606286959228135 0.0392156862745098 0.0

1745471419
0.8955810662053783 0.0412014467683598 0.0

1745471420
0.7245265299733917 0.03897323524808264 0.0

1745471421
0.6268002504696305 0.021603005635566688 0.0

1745471422
0.47569173049867125 0.029701422541816475 0.0

1745471423
0.3264922450258499 0.014099953000156666 0.0

1745471424
0.20278298936835523 0.012976860537836147 0.0

1745471425
0.546290523690773 0.12562344139650872 0.0009351620947630922

1745471426
0.9313311434381355 0.0680431722196152 0.0004692632566870014

1745471427
0.9361007462686567 0.0625 0.0

1745471428
0.9486418982204183 0.051358101779581646 0.0

1745471429
0.9635595871129183 0.036440412887081636 0.0

1745471430
0.96015625 0.03984375 0.0

1745471431
0.9610550814584949 0.038944918541505044 0.0

1745471432
0.9582286432160804 0.0417713567839196 0.0

1745471433
0.9594043887147335 0.04059561128526646 0.0

1745471434
0.9626970501014516 0.03730294989854846 0.0

1745471435
0.9593215014920685 0.03204020731898854 0.0

1745471436
0.9186625194401244 0.0401244167962675 0.0

1745471437
0.9413594649245606 0.04355265204541919 0.0

1745471438
0.9690592115596042 0.024658394848437255 0.0

1745471439
0.9788293897882939 0.018835616438356163 0.0

1745471440
0.9780839073262367 0.021759549154664996 0.0

1745471441
0.9788168837282285 0.02086929232700455 0.0

1745471442
0.9885723231058234 0.011271133375078271 0.0

1745471443
0.988459139114161 0.011540860885839051 0.0

1745471444
0.9878618113912232 0.012138188608776844 0.0

1745471445
0.9832051483283629 0.01239993721550777 0.0

1745471446
0.3653270291568164 0.009771473601260836 0.0

1745471447
0.2379170564390396 0.007015902712815715 0.0

1745471448
0.16873137839109298 0.007213423239767916 0.0

1745471449
0.1034375 0.005625 0.0

1745471450
0.08161350844277673 0.005784865540963102 0.0

1745471451
0.06221666406127872 0.021885258715022667 0.0

1745471452
0.03125488357555868 0.0009376465072667605 0.0

1745471453
0.03156743241131427 0.0006250976715111736 0.0

1745471454
0.031733625136782864 0.0003126465530717524 0.0

1745471455
0.031577301860246994 0.0006252931061435048 0.0

1745471456
0.3323105247008285 0.11660018410555385 0.0003068425897514575

1745471457
0.9179860671310957 0.08122229259024699 0.0007916402786573781

1745471458
0.9377729257641921 0.06222707423580786 0.0

1745471459
0.9663799843627834 0.03346364347146208 0.0

1745471460
0.9518599562363238 0.045326664582682086 0.0

1745471461
0.93453125 0.06484375 0.00015625

1745471462
0.9624648107600876 0.03753518923991242 0.0

1745471463
0.9700626959247649 0.02993730407523511 0.0

1745471464
0.955033452621752 0.0446553601991598 0.00015559358954411078

1745471465
0.9529614002187842 0.04688232536333802 0.0

1745471466
0.95296875 0.046875 0.0

1745471467
0.9507836990595612 0.04874608150470219 0.0

1745471468
0.9392756790508898 0.06025600999063378 0.00015610365282547612

1745471469
0.9281362287142634 0.07186377128573661 0.0

1745471470
0.9575955265610439 0.042404473438956196 0.0

1745471471
0.9573966357490961 0.04260336425090395 0.0

1745471472
0.9605488850771869 0.03945111492281304 0.0

1745471473
0.9615685049211061 0.03843149507889392 0.0

1745471474
0.9549167452089224 0.04398366321080741 0.0

1745471475
0.8846514535792435 0.04095029696780244 0.0

1745471476
0.7171021749335003 0.025974025974025976 0.0

1745471477
0.5550854098103746 0.0305594734367654 0.0

1745471478
0.4166927654243658 0.018791105543376135 0.0

1745471479
0.36833880293795906 0.012658227848101266 0.0

1745471480
0.860515688101895 0.10080770425598012 0.00015532774153463808

1745471481
0.9035155645036395 0.09648443549636054 0.0

1745471482
0.9396850393700787 0.06031496062992126 0.0

1745471483
0.9332401800962583 0.06675981990374165 0.0

1745471484
0.9287054409005628 0.07129455909943715 0.0

1745471485
0.9380365225534572 0.06196347744654284 0.0

1745471487
0.946340315368322 0.0506001412096964 0.0

1745471488
0.7715273412947832 0.04698302954116908 0.0

1745471489
0.6671875 0.0278125 0.0

1745471490
0.6230841413825461 0.030966531122927746 0.0

1745471491
0.601782363977486 0.039399624765478425 0.0

1745471492
0.5495537811178958 0.031783309848129014 0.0

1745471493
0.5001562988433885 0.02516411378555799 0.0

1745471494
0.4506645817044566 0.025957779515246287 0.0

1745471495
0.7282760764806466 0.1080366858386445 0.000155448468832582

1745471496
0.9418659165494608 0.058134083450539144 0.0

1745471497
0.9346977034838306 0.06530229651616935 0.0

1745471498
0.9359274886701047 0.06407251132989529 0.0

1745471499
0.9369411764705883 0.06305882352941176 0.0

1745471500
0.9342023587833643 0.06579764121663563 0.0

1745471501
0.9486494974874372 0.05135050251256281 0.0

1745471502
0.9421630094043887 0.041536050156739814 0.0

1745471503
0.8594679186228482 0.05571205007824726 0.0

1745471504
0.7979072309854756 0.03295330313915352 0.0

1745471505
0.73287456990929 0.033156083828589304 0.0

1745471506
0.6407569596496716 0.021739130434782608 0.0

1745471507
0.5983427141963727 0.031269543464665414 0.0

1745471508
0.5738192055051611 0.02846418517360025 0.0

1745471509
0.5472761427676894 0.029273638071383844 0.0

1745471510
0.49131591300266 0.0320763573775622 0.0

1745471511
0.410420904396808 0.024096385542168676 0.0

1745471512
0.3602630342883983 0.01737905119774542 0.0

1745471513
0.30624706434945986 0.016596211053702833 0.0

1745471514
0.27048155096935583 0.014227642276422764 0.0

1745471515
0.8193290243151738 0.11865189289012004 0.0

1745471516
0.9265261170547514 0.07347388294524858 0.0

1745471517
0.9481205343274309 0.05187946567256912 0.0

1745471518
0.9502753737214792 0.04972462627852085 0.0

1745471519
0.9520836584985173 0.04791634150148275 0.0

1745471520
0.9673507462686567 0.03264925373134328 0.0

1745471521
0.959836194676327 0.04016380532367302 0.0

1745471522
0.9578520137371215 0.04214798626287855 0.0

1745471523
0.9474502487562189 0.05254975124378109 0.0

1745471524
0.9543678699796844 0.04563213002031567 0.0

1745471525
0.960308710033076 0.038116238777760277 0.0

1745471526
0.9201188056901672 0.02172893543848679 0.0

1745471527
0.8474284821009849 0.02751289667031421 0.0

1745471528
0.8059117923052862 0.02455426962777604 0.0

1745471529
0.767089003597685 0.020021898951978728 0.0

1745471530
0.7199624530663329 0.014705882352941176 0.0

1745471531
0.6547078176406078 0.016136612877957073 0.0

1745471532
0.511507750117426 0.025677156724596837 0.0

1745471533
0.39454716389846445 0.010968348480100282 0.0

1745471534
0.2881488430268918 0.01235146966854284 0.0

1745471535
0.5771446364627121 0.07161762416316363 0.00031138097462245055

1745471536
0.7203071137574428 0.04183641491695393 0.00015669069257286117

1745471537
0.8735330450895614 0.0592958616429895 0.0

1745471538
0.9591008429597253 0.04089915704027474 0.0

1745471539
0.9620392156862745 0.03796078431372549 0.0

1745471540
0.9624552110920704 0.03754478890792958 0.0

1745471541
0.9545239968528717 0.04547600314712825 0.0

1745471542
0.9596433599249179 0.04035664007508212 0.0

1745471543
0.8121174070004709 0.027782137811960445 0.0

1745471544
0.6232994526974198 0.01704456606724003 0.0

1745471545
0.5912077596996246 0.02471839799749687 0.0

1745471546
0.6499688861232109 0.048070939639079026 0.0

1745471547
0.9494285266948489 0.05057147330515109 0.0

1745471548
0.9597692187743646 0.04023078122563543 0.0

1745471549
0.9644590574604666 0.035540942539533424 0.0

1745471550
0.9682465196308463 0.031753480369153764 0.0

1745471551
0.9443573667711599 0.034796238244514104 0.0

1745471552
0.6455953684869348 0.02362697543420435 0.0

1745471553
0.39392991239048814 0.014705882352941176 0.0

1745471554
0.27128991859737006 0.0057921102066374455 0.0

1745471555
0.2436278342455043 0.007505863956215794 0.0

1745471556
0.4519808848466163 0.032834900570371514 0.0

1745471557
0.9536862003780718 0.046156269691241335 0.0

1745471558
0.9555590207391237 0.04444097926087635 0.0

1745471559
0.9486494974874372 0.05135050251256281 0.0

1745471560
0.9588720984577037 0.04019317650724412 0.0

1745471561
0.954538353382284 0.04530542102796438 0.0

1745471562
0.9593241551939925 0.040675844806007506 0.0

1745471563
0.9532491818606825 0.04675081813931744 0.0

1745471564
0.9494917904612978 0.05050820953870211 0.0

1745471565
0.9482839680300893 0.05155931672151701 0.0

1745471566
0.945104785736628 0.05473881764153894 0.0

1745471567
0.9516983483951387 0.047990028046120285 0.0

1745471568
0.9433343740243522 0.05650952232282235 0.0

1745471569
0.7905001572821642 0.04325259515570934 0.0

1745471570
0.4041085149756939 0.01960169358632586 0.0

1745471571
0.12896670314209785 0.008910426762544943 0.0

1745471572
0.26284738394659213 0.04843968327899394 0.0001552553951249806

1745471573
0.9498515856897359 0.04967973754100922 0.0001562255897516013

1745471574
0.9621875 0.0378125 0.0

1745471575
0.9524925769651508 0.04719487419909361 0.0001562744178777934

1745471576
0.9466582993410732 0.053184813304047694 0.0

1745471577
0.9548708372237784 0.04481792717086835 0.0001556178026766262

1745471578
0.9559306141584623 0.04375683700578215 0.0001562744178777934

1745471579
0.9095992544268406 0.09024541783162472 0.0

1745471580
0.94702090866216 0.05266467536550857 0.0

1745471581
0.9590625 0.04078125 0.0

1745471582
0.95984375 0.03984375 0.00015625

1745471583
0.9604625722769182 0.03953742772308173 0.0

1745471584
0.9607873769723481 0.03905639743790033 0.0

1745471585
0.9594193850476042 0.04042453566411737 0.00015607928827844546

1745471586
0.9507119386637459 0.04928806133625411 0.0

1745471587
0.9510478573662808 0.048795746011886146 0.0

1745471588
0.9503667863274543 0.04932105509598876 0.00015607928827844546

1745471589
0.9481087839949984 0.051891216005001566 0.0

1745471590
0.9583203246955979 0.04152357165157665 0.0

1745471591
0.9567786069651741 0.04306592039800995 0.0

1745471592
0.9563099167059563 0.04321860757504322 0.00015715857300015716

1745471593
0.9524925769651508 0.04750742303484919 0.0

1745471594
0.94890625 0.0509375 0.00015625

1745471595
0.9571584358934413 0.042685776600716624 0.00015578750584203146

1745471596
0.9592476489028213 0.040282131661442004 0.00015673981191222572

1745471597
0.9554617909048289 0.04438193467729333 0.0

1745471598
0.9575066395875644 0.04249336041243556 0.0

1745471599
0.9574302198658974 0.04241384687353813 0.0001559332605644784

1745471600
0.946448087431694 0.05277127244340359 0.0

1745471601
0.9508837791334271 0.04895979978101048 0.0

1745471602
0.9591043383610636 0.04058466801430571 0.00031099362463069506

1745471603
0.9586217747010699 0.04106356198867212 0.00015733165512901197

1745471604
0.9513986560400063 0.04797624628848258 0.0001562744178777934

1745471605
0.9510369561827537 0.04896304381724622 0.0

1745471606
0.9526488513830286 0.047038599781215815 0.0001562744178777934

1745471607
0.9495850947236574 0.050101769218725535 0.0

1745471608
0.95640625 0.0434375 0.00015625

1745471609
0.956269592476489 0.04341692789968652 0.00015673981191222572

1745471610
0.9517058731889703 0.048138339305187725 0.00015578750584203146

1745471611
0.9562168899968838 0.04362729822374572 0.0

1745471612
0.9556078431372549 0.04407843137254902 0.00015686274509803922

1745471613
0.9480255970032777 0.051818323708443886 0.0

1745471614
0.9540481400437637 0.045014066895904974 0.0

1745471615
0.9532885486642713 0.04655522574597719 0.0001562255897516013

1745471616
0.9526488513830286 0.04719487419909361 0.0

1745471617
0.9494364433312461 0.050093926111458985 0.00015654351909830932

1745471618
0.9577048670502255 0.042139636137459184 0.0

1745471619
0.9471191791633781 0.052565114443567484 0.0

1745471620
0.9474584175345873 0.05207523705891497 0.0

1745471621
0.9502572898799314 0.04943084359893966 0.0001559332605644784

1745471622
0.9525444895410553 0.047143303153293785 0.00015610365282547612

1745471623
0.9536249806770752 0.045756685731952386 0.0001545833977430824

1745471625
0.9510908088524849 0.048672914861778376 0.0

1745471626
0.9508171206225681 0.04856031128404669 0.0004669260700389105

1745471627
0.9431658055425082 0.056051354313449195 0.0001565680288085173

1745471628
0.9507759836965042 0.04891048753723154 0.0

1745471629
0.9513446292554019 0.047567231462770095 0.000155448468832582

1745471630
0.8262851752869046 0.04323219619556674 0.003615783681811036

1745471631
0.5162200282087447 0.03385049365303244 0.0001567152483936687

1745471632
0.18241551939924905 0.020337922403003753 0.0

1745471633
0.08150225962287673 0.013246065139473275 0.00015583606046439146

1745471634
0.05017246785826278 0.011759172154280339 0.00015678896205707118

1745471635
0.01950991103480568 0.010145153738098954 0.0021851100358982363

1745471636
0.190795631825273 0.03946957878315133 0.0006240249609984399

1745471637
0.9481331042024683 0.051710670207780036 0.0001562255897516013

1745471638
0.96046875 0.03953125 0.0

1745471639
0.9517241379310345 0.04811912225705329 0.0

1745471640
0.9478111855429194 0.05187723944539648 0.00015578750584203146

1745471641
0.9571406225559206 0.042859377444079465 0.0

1745471642
0.944270995941305 0.05541679675304402 0.0

1745471643
0.9461791934724619 0.05225168680370312 0.0

1745471644
0.9488097090399875 0.050567916601836 0.00015559358954411078

1745471645
0.9435849351461166 0.05594624160025004 0.0

1745471646
0.9484744707347447 0.05136986301369863 0.0

1745471647
0.9522093387652774 0.047633970542149795 0.0

1745471648
0.9513910597061582 0.04845264145045327 0.0

1745471649
0.954445835942392 0.045241077019411394 0.00015654351909830932

1745471650
0.9572275991258196 0.04261629722135498 0.0

1745471651
0.9496875 0.04984375 0.0

1745471652
0.9510861072042507 0.04875761837787154 0.0

1745471653
0.95484375 0.045 0.0

1745471654
0.9519862370972787 0.04723177979355646 0.00015639662183296842

1745471655
0.9555451567618156 0.04429886133208548 0.0

1745471656
0.9553850970569818 0.04336255479023168 0.00015654351909830932

1745471657
0.9486978349545027 0.05051772827110135 0.0

1745471658
0.9611257969211631 0.038874203078836884 0.0

1745471659
0.956650553563075 0.04319351317636052 0.0001559332605644784

1745471660
0.9444705146253715 0.055216643203503835 0.0

1745471661
0.9553793532338308 0.04415422885572139 0.0001554726368159204

1745471662
0.9562961798459362 0.04370382015406383 0.0

1745471663
0.9515549304578841 0.04797624628848258 0.0001562744178777934

1745471664
0.95515625 0.04453125 0.00015625

1745471665
0.9515425366157682 0.04814583982549081 0.0

1745471666
0.9489142321512264 0.05077331666927043 0.0001562255897516013

1745471667
0.9531961677399089 0.04648971258049317 0.0

1745471668
0.9524329382407986 0.047411104179663134 0.00015595757953836556

1745471669
0.94625 0.05328125 0.0

1745471670
0.957775007790589 0.04222499220941103 0.0

1745471671
0.9642134744048545 0.03547533841605726 0.00015559358954411078

1745471672
0.9562480327352849 0.04375196726471514 0.0

1745471673
0.95921875 0.04046875 0.00015625

1745471674
0.9590561025160181 0.040943897483981875 0.0

1745471675
0.9444183497729763 0.055425082198215125 0.0

1745471676
0.9472863381160325 0.05224578914535247 0.0

1745471677
0.954082432220655 0.04560413728255759 0.0001567152483936687

1745471678
0.9532564661888439 0.0465877220317856 0.0

1745471679
0.9269706942485504 0.07099200752233192 0.0

1745471680
0.9437607103910266 0.054681414550553045 0.0

1745471681
0.9485339987523393 0.05068621334996881 0.00015595757953836556

1745471682
0.9566306560200407 0.04305620792234226 0.0

1745471683
0.95640625 0.04296875 0.00015625

1745471684
0.9528934643581345 0.045858680393074405 0.0

1745471685
0.9453577579458274 0.053389697823704396 0.0001565680288085173

1745471686
0.95265625 0.04703125 0.0

1745471687
0.958125 0.0415625 0.00015625

1745471688
0.9519336151557852 0.04790981681540629 0.0

1745471689
0.9385423100679432 0.06145768993205682 0.0

1745471690
0.9403409090909091 0.05965909090909091 0.0

1745471691
0.8622801507537688 0.04035804020100502 0.000157035175879397

1745471692
0.5408322903629537 0.025187734668335418 0.00015644555694618273

1745471693
0.3005952380952381 0.020363408521303257 0.00015664160401002505

1745471694
0.06822093569081521 0.0070411516194648725 0.0

1745471695
0.6708507670850767 0.10367271036727103 0.0

1745471696
0.8791757727130814 0.11988760536996566 0.00015610365282547612

1745471697
0.9223407593347976 0.07765924066520238 0.0

1745471698
0.9026095060577819 0.09739049394221808 0.0

1745471699
0.9297918608263436 0.07020813917365641 0.0

1745471700
0.9432534678436317 0.05658890290037831 0.0

1745471701
0.9399937166195413 0.05450832547910776 0.0

1745471702
0.7453036944270507 0.03177833437695679 0.00015654351909830932

1745471703
0.5411323115420706 0.022364716922114482 0.00031279324366593683

1745471704
0.328381548084441 0.01673182173573104 0.0001563721657544957

1745471705
0.2505873140172279 0.011746280344557557 0.00031323414252153485

1745471706
0.19055068836045055 0.008760951188986232 0.00015644555694618273

1745471707
0.1269717320006247 0.00921443073559269 0.0

1745471708
0.05085276169613519 0.004224690971678924 0.0

1745471709
0.028562509754955518 0.004058061495239582 0.00015607928827844546

1745471710
0.6267080745341614 0.09177018633540372 0.00015527950310559007

1745471711
0.8909034073147859 0.10722100656455143 0.0

1745471712
0.8876545141605383 0.11093725551556877 0.0

1745471713
0.8950983453012801 0.10349672182329067 0.00015610365282547612

1745471714
0.90411171450737 0.09449185415050426 0.0

1745471715
0.9023929471032746 0.0968198992443325 0.00015743073047858942

1745471716
0.9501640368692392 0.04967973754100922 0.0

1745471717
0.9545738370277864 0.04448954105526069 0.00031220730565095225

1745471718
0.9625 0.0375 0.0

1745471719
0.9650283553875236 0.03497164461247637 0.0

1745471720
0.9605834885164494 0.03895096213531968 0.00015518311607697082

1745471721
0.95890625 0.04078125 0.0

1745471722
0.9542044388871522 0.045795561112847764 0.0

1745471723
0.9612560537416028 0.03858772066864553 0.0001562255897516013

1745471724
0.96 0.04 0.0

1745471725
0.9476980895709364 0.05167554024428437 0.0

1745471726
0.9579937304075236 0.04106583072100314 0.0

1745471727
0.9544039838157485 0.045440398381574855 0.0001556178026766262

1745471728
0.9520836584985173 0.047448103636647414 0.0

1745471729
0.9567315175097276 0.043268482490272375 0.0

1745471730
0.9610919359899592 0.0387511766551616 0.00015688735487919673

1745471731
0.9515218073423282 0.048007530593034205 0.00015688735487919673

1745471732
0.9505058365758755 0.049182879377431904 0.0001556420233463035

1745471733
0.95421875 0.04546875 0.00015625

1745471734
0.955 0.04484375 0.0

1745471735
0.9623319787433573 0.0376680212566427 0.0

1745471736
0.9639850327408793 0.03585905830994699 0.00015590894917368256

1745471737
0.9619539689995303 0.03788946297166119 0.0

1745471738
0.959225121074832 0.04046242774566474 0.0001562255897516013

1745471739
0.9592123769338959 0.040787623066104076 0.0

1745471740
0.9609375 0.03890625 0.00015625

1745471741
0.9569557080474111 0.041796631316281974 0.0

1745471742
0.9561609519336152 0.04368248003757633 0.0001565680288085173

1745471743
0.9447910168434186 0.05489706799750468 0.0

1745471744
0.9553781117895725 0.04462188821042743 0.0

1745471745
0.9546378851869232 0.04504927264195214 0.00015642108556233381

1745471746
0.9517509727626459 0.04824902723735409 0.0

1745471747
0.954375 0.04546875 0.0

1745471748
0.9558062999529854 0.04403698479862091 0.0001567152483936687

1745471749
0.9559306141584623 0.043913111423659945 0.0

1745471750
0.9565625 0.0434375 0.0

1745471751
0.95359375 0.04609375 0.0

1745471752
0.9596812001875293 0.0403187998124707 0.0

1745471753
0.9525074207155132 0.04718012810498359 0.0001562255897516013

1745471754
0.95875 0.04109375 0.0

1745471755
0.954191336865067 0.045808663134933 0.0

1745471756
0.9626912269747112 0.03730877302528879 0.0

1745471757
0.9610166848588804 0.03882738188055512 0.0

1745471758
0.9509433962264151 0.04874213836477988 0.0

1745471759
0.9554278614691722 0.044416834912253456 0.0

1745471760
0.9594467148695379 0.04055328513046212 0.0

1745471761
0.955272557850598 0.04457213853082777 0.0

1745471762
0.9550385159566106 0.04480427605722371 0.00015720798616569723

1745471763
0.9565625 0.043125 0.0

1745471764
0.956868260665729 0.04297546491639319 0.0

1745471765
0.9573142233992834 0.042685776600716624 0.0

1745471766
0.9560301507537688 0.04396984924623116 0.0

1745471767
0.960237018556058 0.03960704818337751 0.0

1745471768
0.9520237537115174 0.04781997187060478 0.0

1745471769
0.9523511951257616 0.0474925792844868 0.0

1745471770
0.9562020960425466 0.04379790395745346 0.0

1745471771
0.9506712457071496 0.049172650640024976 0.0

1745471772
0.9556008785691873 0.04424223407593348 0.0

1745471773
0.9476553980370774 0.05078672690450226 0.0

1745471774
0.956752537080406 0.04324746291959407 0.0

1745471775
0.9571717800965581 0.04251674194050771 0.0001557389814670612

1745471776
0.9566910733759153 0.043153139118242714 0.0

1745471777
0.9537881169443572 0.04605469977994341 0.0

1745471778
0.9509298327863729 0.04907016721362713 0.0

1745471779
0.9537065999374413 0.04613700344072568 0.0

1745471780
0.9494145199063232 0.05058548009367682 0.0

1745471781
0.9572809479264109 0.042563143124415344 0.0

1745471782
0.9572502348888193 0.042749765111180706 0.0

1745471783
0.9553431526167345 0.04450015669069257 0.0

1745471784
0.9622876733676172 0.037712326632382734 0.0

1745471785
0.950625 0.04921875 0.0

1745471786
0.9543321864247732 0.04551141695339381 0.00015639662183296842

1745471787
0.9562977992820353 0.04354612142968628 0.0

1745471788
0.9612439443663072 0.03875605563369276 0.0

1745471789
0.9562568348695516 0.04358693954069676 0.0

1745471790
0.9559375 0.04390625 0.0

1745471791
0.9538918412003751 0.045170365739293526 0.0

1745471792
0.9538196618659988 0.04602379461490294 0.0

1745471793
0.9569557080474111 0.04288833437305053 0.0

1745471794
0.9587997512437811 0.04120024875621891 0.0

1745471795
0.9571808095014847 0.0425066416627598 0.0001562744178777934

1745471796
0.9533678756476683 0.046318103312921965 0.0

1745471797
0.9645257071417409 0.0354742928582591 0.0

1745471798
0.9634375 0.0365625 0.0

1745471799
0.96359375 0.03640625 0.0

1745471800
0.9608179831408055 0.03918201685919451 0.0

1745471801
0.9664743489786372 0.033369717760798376 0.0

1745471802
0.9597241811628271 0.04027581883717286 0.0

1745471803
0.9601618425147836 0.03983815748521631 0.0

1745471804
0.96066089693155 0.03918174665617624 0.0

1745471805
0.9019577133907596 0.04447924823805795 0.0

1745471806
0.8205689277899344 0.0787746170678337 0.00046889653016567677

1745471807
0.8521236727045597 0.051842598376014994 0.0

1745471808
0.8462380728922259 0.06726106679180353 0.00015642108556233381

1745471809
0.6840788238974038 0.03628401626524867 0.00015639662183296842

1745471810
0.8637424171721885 0.058796080261315914 0.00031109037175299425

1745471811
0.95859375 0.04109375 0.0

1745471812
0.9573370839193625 0.041568995155493046 0.0

1745471813
0.9518943562332967 0.04794843578053765 0.00015720798616569723

1745471814
0.9530034235916589 0.04497354497354497 0.0001556178026766262

1745471815
0.9580539529081553 0.041790113831280215 0.0001559332605644784

1745471816
0.9626504141272074 0.037037037037037035 0.0

1745471817
0.9592633057593257 0.04042453566411737 0.00015607928827844546

1745471818
0.9549577729121052 0.044885830466061934 0.00015639662183296842

1745471819
0.9582747304266291 0.041568995155493046 0.0

1745471820
0.9525 0.04734375 0.0

1745471821
0.9595708287980096 0.04042917120199036 0.0

1745471822
0.959020254357042 0.04050871408384362 0.0003140210394096404

1745471823
0.9595249257696515 0.04047507423034849 0.0

1745471824
0.958125 0.04171875 0.0

1745471825
0.9550842170929508 0.044915782907049284 0.0

1745471826
0.9608546475358702 0.03914535246412976 0.0

1745471827
0.9473023839397742 0.05238393977415307 0.00015683814303638644

1745471828
0.9498359118612283 0.049695264885138306 0.0

1745471829
0.9515549304578841 0.04813252070636037 0.0

1745471830
0.9514472455648926 0.048241518829754124 0.0001556178026766262

1745471831
0.9585817383118921 0.04141826168810794 0.0

1745471832
0.9608579927978707 0.038985439173320806 0.0

1745471833
0.9546728971962617 0.045171339563862926 0.00015576323987538941

1745471834
0.958072590738423 0.041927409261576974 0.0

1745471835
0.9583658194292842 0.0411663807890223 0.0001559332605644784

1745471836
0.9574134961640833 0.04258650383591671 0.0

1745471837
0.95484375 0.04515625 0.0

1745471838
0.9562431629942179 0.04360056258790436 0.0001562744178777934

1745471839
0.95875 0.04015625 0.0

1745471840
0.9584439931260741 0.04155600687392595 0.0

1745471841
0.9591008429597253 0.04074305338744927 0.00015610365282547612

1745471842
0.9522915689034882 0.04770843109651181 0.0

1745471843
0.9534482758620689 0.04639498432601881 0.0

1745471844
0.9529595015576324 0.04672897196261682 0.00015576323987538941

1745471845
0.9521069818068729 0.04758202456849635 0.00015549681231534753

1745471846
0.9582286432160804 0.0417713567839196 0.0

1745471847
0.9573370839193625 0.0425066416627598 0.0

1745471848
0.95640625 0.0434375 0.00015625

1745471849
0.9638966697790228 0.03594771241830065 0.0

1745471850
0.9541614518147684 0.04583854818523154 0.0

1745471851
0.9530001566661445 0.04590318032273226 0.00015666614444618518

1745471852
0.9585540666874416 0.04129012153318791 0.0001558117793705204

1745471853
0.958072590738423 0.040832290362953695 0.0

1745471854
0.9524705882352941 0.04627450980392157 0.0

1745471855
0.9569909289959337 0.04269627776040037 0.00015639662183296842

1745471856
0.95092693565976 0.04891727683439788 0.00015578750584203146

1745471857
0.95375 0.0459375 0.00015625

1745471858
0.9513986560400063 0.04860134395999375 0.0

1745471859
0.9606018303086707 0.03908794788273615 0.00015511090429657206

1745471860
0.9623858986465219 0.037614101353478126 0.0

1745471861
0.9536864931846345 0.04600371747211896 0.0

1745471862
0.9588522781018446 0.040674759577486994 0.00031530821377896896

1745471863
0.9521875 0.0475 0.0003125

1745471864
0.9513073430405511 0.04853608893064036 0.0

1745471865
0.9585094723657429 0.04133395960544857 0.0001565680288085173

1745471866
0.9594573522532356 0.04054264774676439 0.0

1745471867
0.9595771144278606 0.03855721393034826 0.0

1745471868
0.9570600219401347 0.04246983231468422 0.0

1745471869
0.952336302547273 0.0473511486169714 0.0

1745471870
0.9553543552919138 0.04433343740243522 0.00015610365282547612

1745471871
0.9530736743312999 0.04676990458313781 0.00015642108556233381

1745471872
0.9586002187158257 0.04014997656616154 0.0

1745471873
0.9574700109051254 0.04221841408319053 0.00015578750584203146

1745471874
0.9578435981821031 0.04199968656950321 0.0001567152483936687

1745471875
0.9537109681468696 0.038129609289188765 0.0

1745471876
0.8729565623540402 0.03907831231511755 0.00031138097462245055

1745471877
0.7463859208045255 0.037554996857322435 0.0

1745471878
0.6964201969673285 0.028919806159137095 0.0001563232765358762

1745471879
0.5454830123688743 0.029278221387192736 0.0003131360576170346

1745471880
0.7668168401429237 0.05344104396457977 0.00046605561597017243

1745471881
0.9528051258009064 0.04688232536333802 0.0001562744178777934

1745471882
0.9559375 0.0440625 0.0

1745471883
0.953899046726051 0.04594467885607126 0.0

1745471884
0.9604749257928449 0.03936884861740353 0.0001562255897516013

1745471885
0.9524688509460083 0.047223504076295955 0.0

1745471887
0.958241411913016 0.04104947998739363 0.0001575795776867318

1745471888
0.9524848107181804 0.04735940177597757 0.0

1745471889
0.9556981840951785 0.04414527238572323 0.00015654351909830932

1745471890
0.9506172839506173 0.04938271604938271 0.0

1745471891
0.95765625 0.04203125 0.00015625

1745471892
0.9584310048445069 0.04125644631973746 0.0

1745471893
0.9576470588235294 0.04203921568627451 0.00015686274509803922

1745471894
0.9575398064314705 0.04214798626287855 0.0

1745471895
0.9563585171281088 0.0430157985296418 0.0

1745471896
0.9523143833488661 0.04737496116806462 0.00015532774153463808

1745471897
0.9537881169443572 0.04589751650424395 0.0

1745471898
0.9533001245330013 0.04654420921544209 0.00015566625155666251

1745471899
0.954908407703147 0.044778456239235945 0.0

1745471900
0.9614067849361967 0.03843759726112667 0.0

1745471901
0.9578897933625548 0.041953663118346904 0.00015654351909830932

1745471902
0.9510784620193811 0.04860894029384182 0.0

1745471903
0.9431338853304171 0.05624121231057647 0.0003124511795032026

1745471904
0.95765625 0.0421875 0.0

1745471905
0.9541972799749883 0.045333750195404095 0.0

1745471906
0.9377340823970037 0.06179775280898876 0.0

1745471907
0.9446269357109338 0.055216643203503835 0.0

1745471908
0.94234375 0.0575 0.0

1745471909
0.94484375 0.0546875 0.0

1745471910
0.957748674773932 0.04193950732772061 0.00015590894917368256

1745471911
0.9553711243344817 0.04462887566551832 0.0

1745471912
0.9553125 0.0446875 0.0

1745471913
0.9440809968847352 0.0559190031152648 0.0

1745471914
0.9608120868744098 0.03918791312559018 0.0

1745471915
0.9500466853408029 0.049797696856520385 0.0

1745471916
0.9584439931260741 0.04155600687392595 0.0

1745471917
0.9559375 0.04390625 0.0

1745471918
0.9409282700421941 0.05907172995780591 0.0

1745471919
0.94015625 0.0596875 0.0

1745471920
0.9518825183565068 0.0479612560537416 0.0001562255897516013

1745471921
0.9345210189092046 0.06485388341928426 0.0

1745471922
0.948125 0.051875 0.0

1745471923
0.9590561025160181 0.040943897483981875 0.0

1745471924
0.9461442397752108 0.05385576022478926 0.0

1745471925
0.9440012513686845 0.054903801032379164 0.00015642108556233381

1745471926
0.9620371816903609 0.03780659271988752 0.0

1745471927
0.9458104933437744 0.05387627251370399 0.0

1745471928
0.956962420084204 0.04303757991579604 0.0

1745471929
0.9512346637676657 0.04829942537661128 0.0

1745471931
0.8933291378225299 0.048222152297042166 0.00015733165512901197

1745471932
0.8044055616309952 0.04311826277144196 0.0

1745471933
0.6808510638297872 0.03645181476846058 0.0

1745471934
0.5144961604764143 0.028522175207647705 0.0001567152483936687

1745471935
0.7754658385093167 0.06692546583850932 0.0037267080745341614

1745471936
0.94765625 0.0521875 0.0

1745471937
0.9609375 0.0390625 0.0

1745471938
0.9575066395875644 0.04202468364318075 0.00046867676925480396

1745471939
0.9549774108116529 0.0450225891883471 0.0

1745471940
0.9567804572502349 0.042123394926401506 0.0

1745471941
0.9472030169704588 0.040697674418604654 0.0

1745471942
0.8639636819035692 0.03772698810269255 0.00031308703819661864

1745471943
0.8427084705572389 0.03161638782769069 0.0

1745471945
0.8494799277916273 0.03593226166938881 0.00017192469698272157

1745471946
0.9359875097580016 0.06354410616705698 0.000156128024980484

1745471947
0.9429962311557789 0.05668969849246231 0.000157035175879397

1745471948
0.9382773631840796 0.0617226368159204 0.0

1745471949
0.9460503941876642 0.05364043901684959 0.0

1745471951
0.9449476254233283 0.05402851067181224 7.875876191226274e-05

1745471952
0.9578669154228856 0.04182213930348259 0.0

1745471953
0.9641795714062256 0.03582042859377444 0.0

1745471954
0.9607873769723481 0.03921262302765193 0.0

1745471955
0.9585362022930737 0.038479660750746034 0.0

1745471956
0.9376761666144692 0.03852176636392108 0.00031318509238960227

1745471957
0.8765644555694618 0.04521276595744681 0.0

1745471958
0.8741970860097134 0.03885320382265393 0.00015666614444618518

1745471959
0.8334376956793988 0.03537883531621791 0.00031308703819661864

1745471960
0.9198443579766536 0.04389105058365759 0.0001556420233463035

1745471961
0.9657320872274143 0.03426791277258567 0.0

1745471962
0.9662447257383966 0.03375527426160337 0.0

1745471963
0.9668801749726605 0.033119825027339476 0.0

1745471964
0.9671515720319099 0.0328484279680901 0.0

1745471965
0.970996413535007 0.029003586464992983 0.0

1745471966
0.9702520745263817 0.02974792547361829 0.0

1745471967
0.9728882620278954 0.027111737972104685 0.0

1745471968
0.9756362507759155 0.024363749224084418 0.0

1745471969
0.9783936120244247 0.02160638797557539 0.0

1745471970
0.9748476800499922 0.02499609436025621 0.0

1745471971
0.9744269452674256 0.025573054732574457 0.0

1745471972
0.975287797390637 0.02425172678434382 0.0

1745471974
0.9482813242515444 0.021463646443846032 7.92016473942658e-05

1745471975
0.8888888888888888 0.019194756554307114 0.0

1745471976
0.8246245306633292 0.019242803504380474 0.00015644555694618273

1745471977
0.7141516810007819 0.016575449569976544 0.0001563721657544957

1745471978
0.645146162263561 0.012036892293262467 0.0

1745471979
0.5444027517198249 0.008755472170106316 0.00015634771732332708

1745471980
0.733302195235871 0.04515024132025533 0.0

1745471981
0.9584439931260741 0.04139978128417435 0.0001562255897516013

1745471982
0.9639151308657271 0.03608486913427288 0.0

1745471983
0.9693462621207382 0.03065373787926181 0.0

1745471984
0.9708783466416158 0.02912165335838422 0.0

1745471985
0.9623056384482488 0.03675200251295744 0.0

1745471986
0.9721831536177528 0.027816846382247226 0.0

1745471987
0.9720356194344634 0.027964380565536635 0.0

1745471988
0.9642240702965637 0.02918562686332967 0.0

1745471989
0.914178521181804 0.02673128028763483 0.0

1745471990
0.8259577795152463 0.027521501172791243 0.0

1745471991
0.74828125 0.02640625 0.0

1745471992
0.6620247222656861 0.023939915506180565 0.00015647003598810827

1745471993
0.5687040800375176 0.019227763013912772 0.0001563232765358762

1745471994
0.4663747263059118 0.017203628401626526 0.00031279324366593683

1745471995
0.8390607992536153 0.047115534131550306 0.00031099362463069506

1745471996
0.9509298327863729 0.048913892795749335 0.0

1745471997
0.9596937978440868 0.04014997656616154 0.0

1745471998
0.9651508048132521 0.03484919518674793 0.0

1745471999
0.95765625 0.0409375 0.00015625

1745472000
0.9586325320012489 0.04089915704027474 0.00015610365282547612

1745472001
0.9527164552998277 0.04728354470017222 0.0

1745472002
0.9533574007220217 0.04635379061371841 0.0

1745472004
0.9493279022403258 0.05034623217922607 8.146639511201629e-05

1745472005
0.945625 0.05421875 0.00015625

1745472006
0.9529595015576324 0.046884735202492214 0.0

1745472007
0.9420516836335161 0.05794831636648395 0.0

1745472008
0.9481331042024683 0.051710670207780036 0.0001562255897516013

1745472009
0.9492108141897171 0.05047663697452727 0.0

1745472010
0.9549929676511955 0.0450070323488045 0.0

1745472011
0.9515700671770035 0.04811748164349321 0.0001562255897516013

1745472012
0.9576165154832655 0.04238348451673444 0.0

1745472013
0.960967993754879 0.039032006245121 0.0

1745472014
0.957662865177316 0.04171223246367755 0.0003124511795032026

1745472015
0.9674150296227003 0.032429061428125974 0.00015590894917368256

1745472016
0.9632007516442217 0.036642655809583466 0.00015659254619480113

1745472017
0.956875 0.0428125 0.0003125

1745472018
0.95703125 0.04265625 0.0003125

1745472019
0.9607383075238543 0.03910527139058345 0.0

1745472020
0.9543887147335424 0.045454545454545456 0.0

1745472021
0.9545596016184251 0.04497354497354497 0.0

1745472022
0.9543678699796844 0.04547585560243788 0.0

1745472023
0.961875 0.03796875 0.0

1745472024
0.9640625 0.03578125 0.0

1745472025
0.956351689612015 0.04333541927409262 0.0

1745472026
0.9565758754863813 0.04311284046692607 0.0001556420233463035

1745472027
0.9554439912143081 0.043928459366175086 0.0004706620646375902

1745472028
0.9641017636959576 0.03589823630404245 0.0

1745472029
0.960710944808232 0.03882132834424696 0.0003118178983473651

1745472030
0.9613941856830259 0.038449515473585494 0.00015629884338855892

1745472031
0.9643080776455855 0.03537883531621791 0.00015654351909830932

1745472032
0.9533354212339492 0.04619480112746633 0.00015659254619480113

1745472033
0.9558708872602526 0.04381724621861843 0.0001559332605644784

1745472034
0.9593394609752298 0.040504751518928184 0.00015578750584203146

1745472035
0.954858934169279 0.04482758620689655 0.00015673981191222572

1745472036
0.9603125 0.039375 0.00015625

1745472037
0.95453125 0.04515625 0.00015625

1745472038
0.9609313955305516 0.038912330051570555 0.0001562744178777934

1745472039
0.9582877675363225 0.041087330104671145 0.0001562255897516013

1745472040
0.96203125 0.03765625 0.0003125

1745472041
0.9561006092798 0.04296203718169036 0.0003124511795032026

1745472042
0.9596812001875293 0.040162525394592904 0.0001562744178777934

1745472043
0.96015625 0.039375 0.0003125

1745472044
0.96203125 0.0378125 0.00015625

1745472045
0.9570245350836069 0.042037818409126425 0.0001562744178777934

1745472046
0.9501484606969839 0.048913892795749335 0.0003125488357555868

1745472047
0.9596875 0.04015625 0.00015625

1745472048
0.9635994375878769 0.035931885642868304 0.0003124511795032026

1745472049
0.9628183096391189 0.03702546477112951 0.0001562255897516013

1745472050
0.9629282027217269 0.036758955107148446 0.00015642108556233381

1745472051
0.9535977425928829 0.0460887286408528 0.00015676438313215238

1745472052
0.9575229500544578 0.042165862766454024 0.00031118717908822156

1745472053
0.9573304157549234 0.04141919349796812 0.00015629884338855892

1745472054
0.95734375 0.04203125 0.00015625

1745472055
0.95875 0.04078125 0.0003125

1745472056
0.9585872792623847 0.040943897483981875 0.0001562744178777934

1745472057
0.9601308207444323 0.03955770129263354 0.0001557389814670612

1745472058
0.9602690442671672 0.03894885030502112 0.00015642108556233381

1745472059
0.9585094723657429 0.041490527634257084 0.0

1745472060
0.9570647931303669 0.04246682279469165 0.000312256049960968

1745472061
0.96278342455043 0.03690383111806098 0.0001563721657544957

1745472062
0.96234375 0.03734375 0.0003125

1745472063
0.9625 0.03734375 0.00015625

1745472064
0.9673386466635412 0.03266135333645882 0.0

1745472065
0.9641515341264871 0.03553537883531622 0.00031308703819661864

1745472066
0.9613225202744854 0.03836556456643793 0.00015595757953836556

1745472067
0.9578520137371215 0.0418357789572276 0.00015610365282547612

1745472068
0.9649616768340372 0.034881902080400436 0.00015642108556233381

1745472069
0.9593813466645836 0.040306202155913136 0.0001562255897516013

1745472070
0.9571406225559206 0.04223369310183012 0.00031284217112466763

1745472071
0.955517402840643 0.04401435929452162 0.00015607928827844546

1745472072
0.9523288527664895 0.04391997499218506 0.00015629884338855892

1745472073
0.95921875 0.04046875 0.00015625

1745472074
0.9611241217798595 0.03825136612021858 0.000468384074941452

1745472075
0.9510555121188429 0.048631743549648165 0.0001563721657544957

1745472076
0.9596875 0.03984375 0.00015625

1745472077
0.9530663329161452 0.04646433041301627 0.00015644555694618273

1745472078
0.9595393713040772 0.039993775287892934 0.0003112356053532524

1745472079
0.9631603699639442 0.036682865652923655 0.0

1745472080
0.95109375 0.04828125 0.0003125

1745472081
0.9554757069207936 0.04374316513044837 0.0003124511795032026

1745472082
0.9554617909048289 0.04422566025941553 0.0001562744178777934

1745472083
0.9592696629213483 0.040106117353308365 0.00046816479400749064

1745472084
0.9571272101392583 0.04255984978876545 0.0

1745472085
0.9590688954850805 0.04046242774566474 0.0003124511795032026

1745472086
0.9564130604593032 0.04311826277144196 0.0003124511795032026

1745472087
0.9598374746054071 0.04000625097671511 0.0001562744178777934

1745472088
0.9595249257696515 0.03922487888732615 0.0001562744178777934

1745472089
0.9559306141584623 0.04344428817002657 0.0001562744178777934

1745472090
0.95875 0.04078125 0.00015625

1745472091
0.95234375 0.04703125 0.0003125

1745472092
0.9584375 0.04125 0.00015625

1745472093
0.9571941884080613 0.04139978128417435 0.0003124511795032026

1745472094
0.9587371053454204 0.04095029696780244 0.00015629884338855892

1745472095
0.9610998281518512 0.03843149507889392 0.0001562255897516013

1745472096
0.9559306141584623 0.04360056258790436 0.0001562744178777934

1745472097
0.9593686513517737 0.040162525394592904 0.0001562744178777934

1745472098
0.9580791490692946 0.041295166588456125 0.00015642108556233381

1745472099
0.946448087431694 0.05245901639344262 0.000156128024980484

1745472100
0.9541529282461925 0.045062019155283406 0.0001570105197048202

1745472101
0.949144634525661 0.048678071539657856 0.00031104199066874026

1745472102
0.9525222551928784 0.045915976885834764 0.00031235358425737937

1745472103
0.9601873536299765 0.03965651834504293 0.000156128024980484

1745472104
0.9615204860570182 0.03816793893129771 0.00015578750584203146

1745472105
0.9585817383118921 0.040947599623470346 0.00031377470975839345

1745472106
0.95953125 0.04 0.00015625

1745472107
0.96140625 0.0384375 0.00015625

1745472108
0.9543821277925324 0.044680518668957975 0.0003124511795032026

1745472109
0.9574401502112345 0.0416210295728368 0.00015647003598810827

1745472110
0.9572275991258196 0.04043084608179831 0.00015610365282547612

1745472111
0.96078125 0.0390625 0.00015625

1745472112
0.9621875 0.03734375 0.0003125

1745472113
0.96046875 0.0390625 0.0003125

1745472114
0.95609375 0.043125 0.00015625

1745472115
0.9522392734105857 0.04729094895082994 0.00015659254619480113

1745472116
0.9524922118380063 0.046884735202492214 0.00031152647975077883

1745472117
0.9574468085106383 0.042083854818523156 0.00015644555694618273

1745472118
0.9567119862478513 0.042819190498515396 0.0001562744178777934

1745472119
0.960588051298092 0.03894275883640913 0.00015639662183296842

1745472120
0.9566031845145176 0.04308460817983141 0.00015610365282547612

1745472121
0.96125 0.03859375 0.00015625

1745472122
0.9581184560087513 0.040943897483981875 0.0001562744178777934

1745472123
0.9584375 0.04125 0.00015625

1745472124
0.961020663744521 0.03850970569818409 0.00031308703819661864

1745472125
0.9594510293200249 0.04023705552089832 0.00015595757953836556

1745472126
0.9528051258009064 0.045788404438193465 0.0001562744178777934

1745472127
0.95515625 0.04421875 0.0003125

1745472128
0.9521210230817218 0.047411104179663134 0.00015595757953836556

1745472129
0.9521284890067051 0.047247777951036955 0.0003118665211289568

1745472130
0.8915852505515285 0.03687362117869524 0.0

1745472131
0.746558197747184 0.03363579474342929 0.00015644555694618273

1745472132
0.4482218392605358 0.024283252389158703 0.0

1745472133
0.12660206314473274 0.010628321350422007 0.0

1745472134
0.048051338237595866 0.0021912662388480202 0.0

1745472135
0.7081518357187305 0.062072184194150594 0.0007778469197261979

1745472136
0.9582290362953693 0.041770963704630786 0.0

1745472137
0.9606680193538317 0.03901982206961136 0.00015607928827844546

1745472138
0.9559306141584623 0.042819190498515396 0.0003125488357555868

1745472139
0.9528051258009064 0.04688232536333802 0.0

1745472140
0.9575066395875644 0.04061865333541634 0.0003124511795032026

1745472141
0.9657116016909347 0.03397526225144826 0.0001565680288085173

1745472142
0.9631873252562908 0.03650201926063995 0.00031065548306927616

1745472143
0.9665258876896605 0.03269200688252776 0.00031284217112466763

1745472144
0.9603448275862069 0.03918495297805643 0.00015673981191222572

1745472145
0.9528125 0.04625 0.00015625

1745472146
0.9521800281293952 0.047038599781215815 0.0001562744178777934

1745472147
0.9582877675363225 0.041087330104671145 0.0003124511795032026

1745472148
0.9543678699796844 0.04485075793092671 0.0001562744178777934

1745472149
0.954908407703147 0.04462188821042743 0.0001565680288085173

1745472150
0.9556420233463035 0.04373540856031129 0.0001556420233463035

1745472151
0.9492719586660404 0.0497886331611085 0.0001565680288085173

1745472152
0.9546875 0.04375 0.0003125

1745472153
0.9573370839193625 0.04235036724488201 0.0001562744178777934

1745472154
0.95328125 0.0459375 0.0003125

1745472155
0.9620963968179691 0.037747621275931995 0.00015598190609889253

1745472156
0.9647645774867477 0.034923604614904895 0.00015590894917368256

1745472157
0.9629745842485096 0.03655475368685284 0.00015688735487919673

1745472158
0.9621875 0.03734375 0.00015625

1745472159
0.9628125 0.036875 0.0003125

1745472160
0.9580188679245283 0.04072327044025157 0.00015723270440251572

1745472161
0.9579127193663612 0.04177667339649014 0.00031060723714862557

1745472162
0.9547793544363012 0.04490877904256978 0.0001559332605644784

1745472163
0.9608579927978707 0.03882887114451229 0.0001565680288085173

1745472164
0.9578125 0.04171875 0.00015625

1745472165
0.9567592881673431 0.04277240087418046 0.00031220730565095225

1745472166
0.9557328327858595 0.04176442984514313 0.00015642108556233381

1745472167
0.9507658643326039 0.04829634260706471 0.0

1745472168
0.9509375 0.0484375 0.0003125

1745472169
0.95265625 0.046875 0.00015625

1745472170
0.9609436025620997 0.03858772066864553 0.0001562255897516013

1745472171
0.9532666458268209 0.04626445764301344 0.00031259768677711783

1745472172
0.9642243399468833 0.0354632088736135 0.0001562255897516013

1745472173
0.96703125 0.0328125 0.00015625

1745472174
0.9637839525444896 0.03574773649703403 0.00031220730565095225

1745472175
0.9508760951188986 0.04865456821026283 0.00015644555694618273

1745472176
0.95265625 0.0440625 0.00015625

1745472177
0.9584375 0.04125 0.00015625

1745472178
0.956875 0.04234375 0.0003125

1745472179
0.9515625 0.04796875 0.00015625

1745472180
0.955319481331042 0.042649586002187156 0.0001562255897516013

1745472181
0.9592060018755861 0.04048140043763676 0.00031259768677711783

1745472182
0.9596937978440868 0.03968129979690673 0.0001562255897516013

1745472183
0.95765625 0.04203125 0.00015625

1745472184
0.95796875 0.04140625 0.00015625

1745472185
0.9624941397093296 0.03719331145491483 0.0003125488357555868

1745472186
0.9612439443663072 0.038287232380059384 0.0003125488357555868

1745472187
0.9568884723523898 0.04248672289909403 0.00031240237425804435

1745472188
0.956080025007815 0.04345107846201938 0.00015629884338855892

1745472189
0.9537195216648547 0.04565926386084796 0.00031060723714862557

1745472190
0.9532402322297191 0.046289031853130394 0.00015691197238349287

1745472191
0.9594615745813116 0.03991234935044608 0.0003130380341211457

1745472192
0.9537166900420757 0.04597163783699548 0.0

1745472193
0.9558062999529854 0.04199968656950321 0.0001567152483936687

1745472194
0.95734375 0.04125 0.0003125

1745472195
0.9581184560087513 0.04125644631973746 0.0003125488357555868

1745472196
0.95296875 0.04640625 0.0003125

1745472197
0.9580539529081553 0.041478247310151255 0.0001559332605644784

1745472198
0.9572435395458105 0.04259984338292874 0.0

1745472199
0.9557881581002968 0.04374316513044837 0.0003124511795032026

1745472200
0.9612439443663072 0.03859978121581497 0.0001562744178777934

1745472201
0.9589895524715422 0.040386714486199904 0.0003118665211289568

1745472202
0.9525078369905956 0.04608150470219436 0.0

1745472203
0.9553613235523646 0.0429218042765725 0.0003121585765568909

1745472204
0.9561376317420954 0.04339739615623062 0.00015499070055796651

1745472205
0.9447069943289225 0.054820415879017016 0.0001575299306868305

1745472206
0.9580266249021143 0.04150352388410337 0.00015661707126076742

1745472207
0.9561827537813816 0.04288164665523156 0.0003118665211289568

1745472208
0.95453125 0.045 0.00015625

1745472209
0.9581184560087513 0.041412720737615254 0.0001562744178777934

1745472210
0.950328022492971 0.04904717275851297 0.00031240237425804435

1745472211
0.9595185995623632 0.0403251015942482 0.00015629884338855892

1745472212
0.95 0.04921875 0.0003125

1745472213
0.9526636463052648 0.04671145133572879 0.0001562255897516013

1745472214
0.9526414504532666 0.047045951859956234 0.00015629884338855892

1745472215
0.955625 0.04375 0.0003125

1745472216
0.955921568627451 0.04345098039215686 0.00031372549019607844

1745472217
0.9577684276141499 0.041608228143992516 0.0

1745472218
0.9596937978440868 0.039837525386658336 0.0001562255897516013

1745472219
0.956752537080406 0.04277907884465262 0.000312256049960968

1745472220
0.954375 0.04515625 0.0003125

1745472221
0.95734375 0.04203125 0.00015625

1745472222
0.96140625 0.038125 0.0003125

1745472223
0.9560525492649359 0.043321864247732246 0.00031279324366593683

1745472224
0.9454658772203178 0.0534434403240885 0.0001558117793705204

1745472225
0.9522467512134022 0.04728354470017222 0.0001565680288085173

1745472226
0.9511966213045518 0.04786485218207415 0.00031284217112466763

1745472227
0.9531444582814446 0.04638854296388543 0.00015566625155666251

1745472228
0.9556495847045917 0.04372355430183357 0.0003134304967873374

1745472229
0.9503047351148617 0.04860134395999375 0.0001562744178777934

1745472230
0.9535680897475849 0.04596447491430352 0.0001558117793705204

1745472231
0.9518959573801317 0.04606706361642118 0.00015669069257286117

1745472232
0.95265625 0.0459375 0.00046875

1745472233
0.9521800281293952 0.0473511486169714 0.0001562744178777934

1745472234
0.9562431629942179 0.043288013752148774 0.0003125488357555868

1745472235
0.9609436025620997 0.03858772066864553 0.0003124511795032026

1745472236
0.9584245076586433 0.04141919349796812 0.00015629884338855892

1745472237
0.9584439931260741 0.041087330104671145 0.0001562255897516013

1745472238
0.9456165025785279 0.053445850914205346 0.0001562744178777934

1745472239
0.9484375 0.05078125 0.00015625

1745472240
0.9515673981191223 0.04749216300940439 0.00015673981191222572

1745472241
0.955444773329179 0.041595264059822404 0.0003115750116840629

1745472242
0.9525444895410553 0.046362784889166404 0.00015610365282547612

1745472243
0.9577663068981699 0.04051306116064445 0.00015642108556233381

1745472244
0.9595230624411673 0.040006275494195165 0.00015688735487919673

1745472245
0.9547152194211018 0.04435107376283847 0.0001556178026766262

1745472246
0.9590023382696804 0.03928293063133281 0.0003117692907248636

1745472247
0.9484536082474226 0.051390190565448295 0.0

1745472248
0.9495297805642633 0.04968652037617555 0.00015673981191222572

1745472249
0.948910829023664 0.05046230998276132 0.0003134304967873374

1745472250
0.9514018691588785 0.04750778816199377 0.00015576323987538941

1745472251
0.9547801595994367 0.04506337036457518 0.00015647003598810827

1745472252
0.9539012614857498 0.04532004360691481 0.0003114779629341224

1745472253
0.9550649757319556 0.04462188821042743 0.0003131360576170346

1745472254
0.9553055164869511 0.04422566025941553 0.0001562744178777934

1745472255
0.9562568348695516 0.043430713950945166 0.0001562255897516013

1745472256
0.9595249257696515 0.040162525394592904 0.0003125488357555868

1745472257
0.9580397682793174 0.041490527634257084 0.0003131360576170346

1745472258
0.9564946203025105 0.04303757991579604 0.0001559332605644784

1745472259
0.954375 0.04296875 0.00015625

1745472260
0.9579621815908735 0.04063134864822628 0.0003125488357555868

1745472261
0.9557881581002968 0.04327448836119356 0.0003124511795032026

1745472262
0.9556111284776493 0.04391997499218506 0.00015629884338855892

1745472263
0.9574933583372401 0.04219409282700422 0.0003125488357555868

1745472264
0.9565420560747664 0.04205607476635514 0.00015576323987538941

1745472265
0.9542248001254116 0.045775199874588494 0.0

1745472266
0.9578190907670676 0.04155600687392595 0.0003124511795032026

1745472267
0.9561803046960892 0.04287733626511701 0.00015705983979896342

1745472268
0.9477600372035343 0.051464889164470624 0.0004650441791970237

1745472269
0.9574700109051254 0.042062626577348494 0.00015578750584203146

1745472270
0.9603835874862443 0.03930199654142431 0.00031441597233139445

1745472271
0.9579621815908735 0.0403187998124707 0.0001562744178777934

1745472272
0.95734375 0.04078125 0.00015625

1745472273
0.9636618839675608 0.036026200873362446 0.00015595757953836556

1745472274
0.9521875 0.04609375 0.00015625

1745472275
0.9531861593862533 0.04634413652732112 0.0003131360576170346

1745472276
0.9607412060301508 0.03910175879396985 0.000157035175879397

1745472277
0.9620587777950552 0.03747473176799876 0.00031099362463069506

1745472278
0.9560268205208171 0.04350537969748947 0.0003118665211289568

1745472279
0.9563106796116505 0.0418102098340119 0.0

1745472280
0.96265625 0.03703125 0.0003125

1745472281
0.9669693174702567 0.03287413901064496 0.00015654351909830932

1745472282
0.9622641509433962 0.03711211601434586 0.0003118665211289568

1745472283
0.9593686513517737 0.0403187998124707 0.0001562744178777934

1745472284
0.9461021715356975 0.05327292610529605 0.0001562255897516013

1745472285
0.9520162550797124 0.04767114723351047 0.00031259768677711783

1745472286
0.9575 0.041875 0.0003125

1745472287
0.9604643865704424 0.039378726074678384 0.00015688735487919673

1745472288
0.9592123769338959 0.04063134864822628 0.0001562744178777934

1745472289
0.9584500466853408 0.040927482103952695 0.0001556178026766262

1745472290
0.954772301933874 0.04475982532751092 0.00031191515907673113

1745472291
0.9547518396743385 0.044935024268044466 0.0

1745472292
0.9568817372285581 0.042649586002187156 0.0003124511795032026

1745472293
0.9509375 0.04796875 0.0003125

1745472294
0.9533792240300375 0.0461514392991239 0.00015644555694618273

1745472295
0.9542687685344154 0.04385828000624317 0.00015607928827844546

1745472296
0.9546804188154399 0.0450070323488045 0.0001562744178777934

1745472297
0.95046875 0.0490625 0.0003125

1745472298
0.95609375 0.0434375 0.00015625

1745472299
0.9618332551227905 0.03738463944939778 0.00015642108556233381

1745472300
0.9553850970569818 0.04398872886662492 0.00031308703819661864

1745472301
0.954191336865067 0.04518541601745092 0.0001558117793705204

1745472302
0.95140625 0.048125 0.00015625

1745472303
0.9543250430157986 0.04520569372751447 0.00031284217112466763

1745472304
0.956752537080406 0.04309133489461359 0.000156128024980484

1745472305
0.95219496953601 0.047023902515231995 0.0001562255897516013

1745472306
0.9526044110746129 0.04676990458313781 0.00031284217112466763

1745472307
0.9533250078051826 0.046362784889166404 0.00015610365282547612

1745472308
0.95375 0.04578125 0.00015625

1745472309
0.9563994374120957 0.043288013752148774 0.0001562744178777934

1745472310
0.95203125 0.04734375 0.00015625

1745472311
0.952909887359199 0.046620775969962454 0.00015644555694618273

1745472312
0.9517714999219603 0.047760262213204306 0.0003121585765568909

1745472313
0.9549929676511955 0.044694483513048916 0.0001562744178777934

1745472314
0.9595330739299611 0.040311284046692604 0.0

1745472315
0.9573266394728585 0.04235958581738312 0.00015688735487919673

1745472316
0.9520836584985173 0.047448103636647414 0.0003121585765568909

1745472317
0.9626212073819206 0.03706599937441351 0.00015639662183296842

1745472318
0.9637046307884856 0.03613892365456821 0.0

1745472319
0.9630034342803622 0.036840462066812366 0.00015610365282547612

1745472320
0.9587177482408131 0.040656763096168884 0.0003127443315089914

1745472321
0.960772104607721 0.03891656288916563 0.00015566625155666251

1745472322
0.959843137254902 0.03968627450980392 0.00031372549019607844

1745472323
0.9584310048445069 0.04110017190185967 0.0001562744178777934

1745472324
0.9617974009707217 0.03648035071238453 0.0001565680288085173

1745472325
0.9569976544175137 0.04253322908522283 0.0003127443315089914

1745472326
0.9604607721046077 0.03922789539227895 0.00015566625155666251

1745472327
0.9590304925723221 0.040656763096168884 0.0001563721657544957

1745472328
0.9690914767405557 0.030908523259444272 0.0

1745472329
0.9689934559052664 0.030694920535992522 0.0001558117793705204

1745472330
0.9652092148566056 0.034634069895000785 0.0001567152483936687

1745472331
0.9590524003765296 0.04079071226859115 0.00015688735487919673

1745472332
0.9598443579766537 0.03968871595330739 0.000311284046692607

1745472333
0.9543115546546078 0.04506471230313426 0.0001559332605644784

1745472334
0.9587774294670847 0.04059561128526646 0.00015673981191222572

1745472335
0.9566099578585922 0.042765724988294056 0.0003121585765568909

1745472336
0.9570245350836069 0.0425066416627598 0.0003125488357555868

1745472337
0.9574933583372401 0.042037818409126425 0.0001562744178777934

1745472338
0.95109375 0.0484375 0.0003125

1745472339
0.9503768844221105 0.048994974874371856 0.000157035175879397

1745472340
0.911943793911007 0.04324746291959407 0.0

1745472341
0.7597311239643583 0.03126465530717524 0.0001563232765358762

1745472342
0.5743581715716969 0.025046963055729492 0.0

1745472343
0.3479756135688604 0.01719556041894638 0.0001563232765358762

1745472344
0.14366109113647021 0.010161012974831952 0.0

1745472345
0.5206778606965174 0.04710820895522388 0.0004664179104477612

1745472346
0.954375 0.04546875 0.0

1745472347
0.9639949906073888 0.035691922354414526 0.00031308703819661864

1745472348
0.9609313955305516 0.038912330051570555 0.0001562744178777934

1745472349
0.9467206730020252 0.05203302695123851 0.00015578750584203146

1745472350
0.954473850031506 0.04489603024574669 0.0001575299306868305

1745472351
0.9533437013996889 0.04463452566096423 0.0

1745472352
0.9570263488080301 0.0417189460476788 0.0003136762860727729

1745472353
0.9483348895113601 0.05104263927793339 0.0001556178026766262

1745472354
0.9555939118154715 0.043150792405460534 0.00015691197238349287

1745472355
0.9542412451361868 0.045136186770428015 0.000311284046692607

1745472356
0.9509375 0.04859375 0.00015625

1745472357
0.9566713592992335 0.042859377444079465 0.00015642108556233381

1745472358
0.9565964090554254 0.04309133489461359 0.000156128024980484

1745472359
0.9609399315281668 0.037192654839713665 0.0003112356053532524

1745472360
0.9645490196078431 0.034980392156862744 0.00015686274509803922

1745472361
0.9596069868995634 0.03976918278228322 0.00015595757953836556

1745472362
0.9470717193861572 0.052145317882868775 0.00015659254619480113

1745472363
0.9528125 0.04640625 0.0003125

1745472364
0.9529614002187842 0.046413502109704644 0.0001562744178777934

1745472365
0.948553557466771 0.050664581704456604 0.0003127443315089914

1745472366
0.9595628415300547 0.040437158469945354 0.0

1745472367
0.9580857053487645 0.041445104785736625 0.00031279324366593683

1745472368
0.9567660371468706 0.04151709068206649 0.00015607928827844546

1745472369
0.9605077574047954 0.03886538160162984 0.0003134304967873374

1745472370
0.9647865378622624 0.035057650358367096 0.0001558117793705204

1745472371
0.9580857053487645 0.04113231154207069 0.00046918986549890525

1745472372
0.96328125 0.03578125 0.00015625

1745472373
0.9576165154832655 0.04128870816390366 0.00015639662183296842

1745472374
0.9585217526898487 0.039918914704506474 0.0001559332605644784

1745472375
0.9509896324222432 0.04838202953188816 0.00015708451146716933

1745472376
0.9487580065614748 0.05014841431026402 0.0001562255897516013

1745472377
0.9508196721311475 0.04902419984387198 0.0

1745472378
0.9595330739299611 0.04 0.000311284046692607

1745472379
0.9656196280668855 0.033911548679481165 0.0003125488357555868

1745472380
0.9642299281474539 0.035145267104029994 0.00031240237425804435

1745472381
0.9528493364558939 0.046682279469164714 0.000156128024980484

1745472382
0.9547943062724855 0.04473643047082747 0.00015642108556233381

1745472383
0.96109375 0.03859375 0.0003125

1745472384
0.9537427723081732 0.04563213002031567 0.0001562744178777934

1745472385
0.9557743397405845 0.04360056258790436 0.0001562744178777934

1745472386
0.9534195357532326 0.045957314223399284 0.0003115750116840629

1745472387
0.954858934169279 0.04467084639498432 0.00015673981191222572

1745472388
0.95640625 0.04296875 0.0003125

1745472389
0.9534302234724176 0.045788404438193465 0.0001562744178777934

1745472390
0.9567813924249567 0.04258997328304259 0.0003143171460003143

1745472391
0.9557247164828336 0.042411061053285695 0.00015535187199005747

1745472392
0.9562431629942179 0.04313173933427098 0.0001562744178777934

1745472393
0.95875 0.04046875 0.00046875

1745472394
0.958125 0.04109375 0.0003125

1745472395
0.94640625 0.05296875 0.00015625

1745472396
0.9545809271109724 0.044638676447635396 0.00015607928827844546

1745472397
0.9474342928660826 0.05209637046307885 0.0

1745472398
0.9541529282461925 0.045062019155283406 0.0004710315591144607

1745472399
0.9544394339916031 0.044938578759135435 0.00015549681231534753

1745472400
0.9582747304266291 0.040943897483981875 0.0001562744178777934

1745472401
0.9504702194357367 0.04890282131661442 0.00015673981191222572

1745472402
0.9509697439875873 0.04856477889837083 0.0001551590380139643

1745472403
0.9579063534605077 0.0416206842188239 0.00031530821377896896

1745472404
0.9547504276162339 0.04447208832218939 0.00015549681231534753

1745472405
0.9538316582914573 0.04538316582914573 0.000314070351758794

1745472406
0.941495965238982 0.057107386716325266 0.00015518311607697082

1745472407
0.9524033192422108 0.04728354470017222 0.0001565680288085173

1745472408
0.9559974945192609 0.043689320388349516 0.00015659254619480113

1745472409
0.95546875 0.0440625 0.00015625

1745472410
0.9575795383655645 0.04148471615720524 0.00015595757953836556

1745472411
0.9592123769338959 0.0403187998124707 0.0001562744178777934

1745472412
0.9546945789720356 0.044211841899703175 0.0001562255897516013

1745472413
0.9603929518166224 0.03945111492281304 0.0

1745472414
0.9578700078308535 0.04197337509788567 0.00015661707126076742

1745472415
0.9570379628183097 0.041868458053429154 0.0001562255897516013

1745472416
0.9577025128765413 0.04089277352895271 0.00015607928827844546

1745472417
0.9607321652065082 0.0389549436795995 0.00015644555694618273

1745472418
0.9558961526431029 0.043321864247732246 0.00015639662183296842

1745472419
0.953064088570092 0.04631217838765009 0.0001559332605644784

1745472420
0.9569842014703582 0.042546535272954794 0.00031284217112466763

1745472421
0.95608688857634 0.04360056258790436 0.0003125488357555868

1745472422
0.9534375 0.0459375 0.00015625

1745472423
0.9547574626865671 0.04446517412935323 0.0004664179104477612

1745472424
0.9537372147915028 0.04579071597167585 0.0

1745472425
0.9572275991258196 0.0424601935685295 0.00015610365282547612

1745472426
0.9536372151108335 0.045582266625039024 0.00031220730565095225

1745472427
0.9487419909360838 0.05032036255664948 0.0003125488357555868

1745472428
0.9580931609284935 0.041595264059822404 0.00015578750584203146

1745472429
0.9484294421003282 0.05094546022816065 0.0001562744178777934

1745472430
0.9532136105860114 0.04458097038437303 0.000315059861373661

1745472431
0.9477693144722524 0.05145344318358464 0.000155448468832582

1745472432
0.9556180653227067 0.04344428817002657 0.0001562744178777934

1745472433
0.9580320653882427 0.04149638478465891 0.00031436655139893113

1745472434
0.9554140127388535 0.04256641292527575 0.00015535187199005747

1745472435
0.9564740879912322 0.04289963989353374 0.0003131360576170346

1745472436
0.9622582657517156 0.0375857766687461 0.00015595757953836556

1745472437
0.9621934072801125 0.03718169036088111 0.0001562255897516013

1745472438
0.9629629629629629 0.03688076261915924 0.0001562744178777934

1745472439
0.964375 0.03546875 0.0

1745472440
0.9660990470239025 0.03358850179659428 0.0001562255897516013

1745472441
0.9642131583059853 0.03563056727613689 0.0001562744178777934

1745472442
0.9603125 0.03921875 0.0003125

1745472443
0.965 0.0346875 0.0003125

1745472444
0.9660884513205188 0.033911548679481165 0.0

1745472445
0.9618392242727557 0.03722239599624648 0.00031279324366593683

1745472446
0.9587950678944904 0.04089277352895271 0.00015607928827844546

1745472447
0.9632352941176471 0.03504380475594493 0.00015644555694618273

1745472448
0.9593661750862881 0.0384374019454032 0.00015688735487919673

1745472449
0.9613293989749961 0.038359993787855255 0.00031060723714862557

1745472450
0.9590240850797622 0.04050672505473882 0.00031279324366593683

1745472451
0.9524925769651508 0.047038599781215815 0.0001562744178777934

1745472452
0.958125 0.04171875 0.00015625

1745472453
0.95140625 0.04625 0.00015625

1745472454
0.9609375 0.03890625 0.00015625

1745472455
0.962181590873574 0.03719331145491483 0.0003125488357555868

1745472456
0.9607751211126738 0.034536646350992344 0.0

1745472457
0.9575097276264591 0.04186770428015564 0.000311284046692607

1745472458
0.9595576619273302 0.04028436018957346 0.0001579778830963665

1745472459
0.9638479441427463 0.035841737781225756 0.0001551590380139643

1745472460
0.9648382559774965 0.03500546960462572 0.0001562744178777934

1745472461
0.9526921879863056 0.04668534080298786 0.0001556178026766262

1745472462
0.9591293454431569 0.03977450673347949 0.00015659254619480113

1745472463
0.9644590574604666 0.035227806481916396 0.0003131360576170346

1745472464
0.9600062490235901 0.03858772066864553 0.0001562255897516013

1745472465
0.9462416002500391 0.052664478824816376 0.0001562744178777934

1745472466
0.9609375 0.03859375 0.00015625

1745472467
0.9634375 0.03609375 0.0003125

1745472468
0.957662865177316 0.04171223246367755 0.0003124511795032026

1745472469
0.9628066885450852 0.037037037037037035 0.0001562744178777934

1745472470
0.9632755117987185 0.03531801844038131 0.0001562744178777934

1745472471
0.9632869864083737 0.036400562412123104 0.0001562255897516013

1745472472
0.956474428726877 0.04259288046012747 0.000155448468832582

1745472473
0.9662447257383966 0.03344272542584779 0.0003125488357555868

1745472474
0.9599560301507538 0.03988693467336683 0.000157035175879397

1745472475
0.9612439443663072 0.03578684169401469 0.0

1745472476
0.966723949382909 0.032807373847836274 0.0003124511795032026

1745472477
0.9675 0.03234375 0.00015625

1745472478
0.959717868338558 0.04012539184952978 0.00015673981191222572

1745472479
0.9688764394646747 0.03081232492997199 0.0003112356053532524

1745472480
0.9619896762083529 0.036758955107148446 0.00015642108556233381

1745472481
0.96 0.03968871595330739 0.0001556420233463035

1745472482
0.9620392156862745 0.03764705882352941 0.00015686274509803922

1745472483
0.96671875 0.033125 0.00015625

1745472484
0.97125 0.02875 0.0

1745472485
0.9463361054448455 0.03844343323395575 0.0

1745472486
0.9148936170212766 0.03269712140175219 0.00031289111389236547

1745472487
0.8646370023419204 0.03247462919594067 0.000156128024980484

1745472488
0.7919011882426517 0.033458411507192 0.00015634771732332708

1745472489
0.752112676056338 0.02410015649452269 0.00015649452269170578

1745472490
0.7958708475628686 0.03539273517541136 0.0003104625892579944

1745472491
0.9499139145406167 0.0496165284082016 0.00015651901706057285

1745472492
0.965625 0.034375 0.0

1745472493
0.9577993122850891 0.04188809002813379 0.00031259768677711783

1745472494
0.9640681143571317 0.0356194344633651 0.0003124511795032026

1745472495
0.9653125 0.034375 0.00015625

1745472496
0.9665311229277448 0.032843290584923364 0.00015639662183296842

1745472497
0.9601935685295035 0.03933812051201998 0.00015610365282547612

1745472498
0.9563994374120957 0.04344428817002657 0.0001562744178777934

1745472499
0.9470404984423676 0.05249221183800623 0.00031152647975077883

1745472500
0.9526645768025078 0.047021943573667714 0.00015673981191222572

1745472501
0.9628125 0.036875 0.0003125

1745472502
0.96265625 0.036875 0.0003125

1745472503
0.954858934169279 0.04482758620689655 0.00015673981191222572

1745472504
0.955133198317495 0.04439943916497897 0.00015578750584203146

1745472505
0.9596875 0.04 0.00015625

1745472506
0.94890625 0.0478125 0.00015625

1745472507
0.95765625 0.04171875 0.0003125

1745472508
0.9615564932020628 0.03813095796218159 0.0001562744178777934

1745472509
0.9557149539996881 0.043349446436924996 0.0001559332605644784

1745472510
0.9561609519336152 0.04133395960544857 0.0

1745472511
0.9559375 0.0434375 0.0003125

1745472512
0.9585872792623847 0.04125644631973746 0.0001562744178777934

1745472513
0.9590625 0.04046875 0.0003125

1745472514
0.9555348258706468 0.04415422885572139 0.0

1745472515
0.9543163201008191 0.045368620037807186 0.0001575299306868305

1745472516
0.9541984732824428 0.04408786415329491 0.00015578750584203146

1745472517
0.95890625 0.04 0.00015625

1745472518
0.962181590873574 0.03719331145491483 0.0001562744178777934

1745472519
0.955319481331042 0.04327448836119356 0.0003124511795032026

1745472520
0.9634317862165963 0.036411939365525864 0.0001562744178777934

1745472521
0.9617247305108577 0.03765036713013591 0.0003124511795032026

1745472522
0.95734375 0.0421875 0.00015625

1745472523
0.9622170179547229 0.03731459797033568 0.000156128024980484

1745472524
0.9597997810104802 0.03894885030502112 0.00015642108556233381

1745472525
0.964447216591299 0.03383751754249181 0.0003118665211289568

1745472526
0.9649287615468921 0.03475810239549084 0.0001565680288085173

1745472527
0.9646819815596187 0.035161744022503515 0.0001562744178777934

1745472528
0.96171875 0.03796875 0.00015625

1745472529
0.9496953600999843 0.04889860959225121 0.0003124511795032026

1745472530
0.961875 0.0375 0.00015625

1745472531
0.955625 0.044375 0.0

1745472532
0.96 0.0371875 0.0003125

1745472533
0.9659375 0.03375 0.0003125

1745472534
0.9637443350523519 0.035943116111892486 0.0001562744178777934

1745472535
0.9645367911263865 0.0349945321043587 0.0003124511795032026

1745472536
0.9596875 0.03984375 0.00015625

1745472537
0.95828125 0.0415625 0.00015625

1745472538
0.9607321652065082 0.03770337922403004 0.0

1745472539
0.9635253600500939 0.03616155291170946 0.00031308703819661864

1745472540
0.9580931609284935 0.04143947655398037 0.00015578750584203146

1745472541
0.9671823722456634 0.032817627754336616 0.0

1745472542
0.96046875 0.0371875 0.00015625

1745472543
0.9551492420690733 0.043913111423659945 0.0003125488357555868

1745472544
0.9625 0.03734375 0.0

1745472545
0.9612560537416028 0.03843149507889392 0.0003124511795032026

1745472546
0.964107365792759 0.035892634207240946 0.0

1745472547
0.9550930996714129 0.04459396025661086 0.00015647003598810827

1745472548
0.9632755117987185 0.036411939365525864 0.0003125488357555868

1745472549
0.9629283489096573 0.03660436137071651 0.00031152647975077883

1745472550
0.9498432601880877 0.049843260188087775 0.00031347962382445143

1745472551
0.95984375 0.04015625 0.0

1745472552
0.96109375 0.03875 0.0

1745472553
0.9593686513517737 0.04047507423034849 0.0001562744178777934

1745472554
0.96 0.03984375 0.0

1745472555
0.956868260665729 0.04313173933427098 0.0

1745472556
0.9546945789720356 0.04514919543821278 0.0

1745472557
0.956650553563075 0.04319351317636052 0.0

1745472558
0.9593278894472361 0.040515075376884424 0.000157035175879397

1745472559
0.950653798256538 0.04872353673723537 0.0

1745472560
0.9590304925723221 0.04081313526192338 0.0

1745472561
0.95359375 0.04609375 0.0

1745472562
0.9533177205308353 0.04621389539422326 0.0

1745472563
0.9577596996245307 0.042083854818523156 0.00015644555694618273

1745472564
0.96140625 0.0375 0.0

1745472565
0.964693016716138 0.03327605061709108 0.0

1745472566
0.96171875 0.038125 0.00015625

1745472567
0.9604563926226946 0.03938730853391685 0.00015629884338855892

1745472568
0.9639118887673801 0.035931885642868304 0.0001562255897516013

1745472569
0.9609840175493576 0.03854591037292385 0.00031338138514572234

1745472570
0.9658772203178561 0.03412277968214397 0.0

1745472571
0.9659375 0.03390625 0.00015625

1745472572
0.9703078606032193 0.029692139396780746 0.0

1745472573
0.9676613029214185 0.032338697078581474 0.0

1745472574
0.9658681697197432 0.03397526225144826 0.0001565680288085173

1745472575
0.9685014813659754 0.03134258537346016 0.0001559332605644784

1745472576
0.9590561025160181 0.040943897483981875 0.0

1745472577
0.9575 0.04203125 0.0003125

1745472578
0.9624648107600876 0.03722239599624648 0.00015639662183296842

1745472579
0.9601873536299765 0.03950039032006245 0.000156128024980484

1745472580
0.9551401869158879 0.04423676012461059 0.00031152647975077883

1745472581
0.9653278945716975 0.03467210542830248 0.0

1745472582
0.9674708171206226 0.03237354085603113 0.0001556420233463035

1745472583
0.9630209965528047 0.03478533375117518 0.0

1745472584
0.9624844333748444 0.037359900373599 0.00015566625155666251

1745472585
0.9647058823529412 0.034980392156862744 0.00015686274509803922

1745472586
0.96171875 0.03703125 0.00015625

1745472587
0.9591740966682308 0.04066948224620679 0.00015642108556233381

1745472588
0.959925152034929 0.039918914704506474 0.0001559332605644784

1745472589
0.9557328327858595 0.044110746128578134 0.00015642108556233381

1745472590
0.9528051258009064 0.04688232536333802 0.0

1745472591
0.96375 0.03625 0.0

1745472592
0.96015625 0.039375 0.0003125

1745472593
0.947401377582968 0.05165936130244208 0.00031308703819661864

1745472594
0.947228311932352 0.05198872533667397 0.00031318509238960227

1745472595
0.9505058365758755 0.0488715953307393 0.0001556420233463035

1745472596
0.95875 0.0409375 0.00015625

1745472597
0.95375 0.04578125 0.00015625

1745472598
0.96015625 0.039375 0.0003125

1745472599
0.95875 0.04109375 0.00015625

1745472600
0.9546875 0.04484375 0.0003125

1745472601
0.9599874960925289 0.03985620506408252 0.00015629884338855892

1745472602
0.9653125 0.03453125 0.00015625

1745472603
0.96171875 0.03796875 0.00015625

1745472604
0.96328125 0.03625 0.0003125

1745472605
0.9656303702546477 0.03405717856584908 0.0001562255897516013

1745472606
0.9623378652914518 0.03625566494764807 0.0

1745472607
0.95546875 0.0440625 0.00015625

1745472608
0.9614900974536309 0.03819553599497014 0.00015718327569946557

1745472609
0.9641248641093337 0.03556452865351763 0.00015530361857431278

1745472610
0.967409948542024 0.03243411819741151 0.0

1745472611
0.9614782336360789 0.03836517381772628 0.00015659254619480113

1745472612
0.962023346303502 0.03766536964980545 0.0001556420233463035

1745472613
0.9576404141826169 0.04173203639786633 0.00031377470975839345

1745472614
0.9634375 0.03640625 0.0

1745472615
0.9637443350523519 0.035943116111892486 0.0003125488357555868

1745472616
0.96546875 0.03453125 0.0

1745472617
0.9659375 0.0340625 0.0

1745472618
0.97078125 0.02921875 0.0

1745472619
0.9640625 0.03546875 0.00015625

1745472620
0.95984375 0.039375 0.0003125

1745472621
0.96375 0.03609375 0.00015625

1745472622
0.95609375 0.04234375 0.0003125

1745472623
0.9679386925242415 0.03206130747575853 0.0

1745472624
0.9606680193538317 0.03901982206961136 0.0003121585765568909

1745472625
0.9582747304266291 0.041568995155493046 0.0001562744178777934

1745472626
0.95515625 0.0446875 0.00015625

1745472627
0.954375 0.04515625 0.0003125

1745472628
0.95890625 0.0409375 0.00015625

1745472629
0.9590909090909091 0.038871473354231974 0.0

1745472630
0.9246050367589551 0.04176442984514313 0.00015642108556233381

1745472631
0.8886804252657912 0.03627267041901188 0.0

1745472632
0.8190059393560488 0.03297905595498593 0.0

1745472633
0.7909048288795124 0.029223316143147368 0.0001562744178777934

1745472634
0.7623514696685428 0.03205128205128205 0.00015634771732332708

1745472635
0.8421705426356589 0.04852713178294574 0.00062015503875969

1745472636
0.9556843094268713 0.04337613529595991 0.00015659254619480113

1745472637
0.9634831460674157 0.035892634207240946 0.00015605493133583021

1745472638
0.9641009562627371 0.03574227935413074 0.00015676438313215238

1745472639
0.967494921081419 0.032192530082825445 0.0003125488357555868

1745472640
0.9567255116388065 0.04280581159193876 0.0003124511795032026

1745472641
0.9592123769338959 0.039693702140959526 0.0001562744178777934

1745472642
0.9601624746133417 0.039525074207155134 0.0001562255897516013

1745472643
0.96125 0.0384375 0.00015625

1745472644
0.9514685095021204 0.047903251138683836 0.00031411967959792684

1745472645
0.9601990049751243 0.03933457711442786 0.0003109452736318408

1745472646
0.9615625 0.038125 0.00015625

1745472647
0.9634660421545668 0.03622170179547229 0.000312256049960968

1745472648
0.9566174159069475 0.04306821754165357 0.00015718327569946557

1745472649
0.9656405472636815 0.033893034825870645 0.0001554726368159204

1745472650
0.9584439931260741 0.041087330104671145 0.0003124511795032026

1745472651
0.9602690442671672 0.039574534647270454 0.00015642108556233381

1745472652
0.9623790196690603 0.037152669372463316 0.0

1745472653
0.9630903972474194 0.036440412887081636 0.00031279324366593683

1745472654
0.9594130502653762 0.03933812051201998 0.00015610365282547612

1745472655
0.9639118887673801 0.0357756600531167 0.0001562255897516013

1745472656
0.9579621815908735 0.04188154399124863 0.0001562744178777934

1745472657
0.965625 0.03390625 0.00015625

1745472658
0.95359375 0.044375 0.0003125

1745472659
0.9571517606731069 0.04253661576815207 0.0003116235587410408

1745472660
0.9622229160162348 0.037620980330939746 0.00015610365282547612

1745472661
0.9556495847045917 0.04403698479862091 0.0001567152483936687

1745472662
0.9648107600875822 0.034876446668751955 0.00015639662183296842

1745472663
0.95703125 0.04265625 0.00015625

1745472664
0.95828125 0.040625 0.0003125

1745472665
0.9593623007189747 0.04048140043763676 0.0

1745472666
0.9557632398753894 0.0440809968847352 0.00015576323987538941

1745472667
0.9587435536802625 0.040787623066104076 0.0003125488357555868

1745472668
0.9615263323872595 0.03815830968148849 0.000315357931251971

1745472669
0.9596586501163693 0.039100077579519006 0.0001551590380139643

1745472670
0.9571049758228045 0.04133520511620652 0.0

1745472671
0.9634910686305234 0.03619554998433093 0.00015669069257286117

1745472672
0.955 0.04296875 0.00015625

1745472673
0.9615985014049329 0.03808929128941617 0.00015610365282547612

1745472674
0.9618332551227905 0.03738463944939778 0.0

1745472675
0.9634432119981253 0.036244336822371506 0.0001562255897516013

1745472676
0.9651616934853929 0.034369629745352286 0.0003124511795032026

1745472677
0.956392622694592 0.04282588308846515 0.00015629884338855892

1745472678
0.9628183096391189 0.036713013591626306 0.0003124511795032026

1745472679
0.9544814641013608 0.044267167214140465 0.00015642108556233381

1745472680
0.9503679348677 0.04931892907468295 0.0001565680288085173

1745472681
0.9581570286788904 0.04121611032753487 0.0003134304967873374

1745472682
0.9613233923578751 0.03727865796831314 0.00031065548306927616

1745472683
0.9604625722769182 0.03875605563369276 0.0001562744178777934

1745472684
0.96375 0.03609375 0.00015625

1745472685
0.956868260665729 0.04235036724488201 0.0

1745472686
0.96390625 0.03578125 0.00015625

1745472687
0.96234375 0.0375 0.00015625

1745472688
0.9619539689995303 0.03773289494285267 0.0001565680288085173

1745472689
0.9631940112289458 0.03633811603243918 0.00031191515907673113

1745472690
0.9559306141584623 0.043288013752148774 0.0001562744178777934

1745472691
0.9620431115276477 0.03748828491096532 0.00031240237425804435

1745472692
0.9514563106796117 0.04791731913560914 0.00031318509238960227

1745472693
0.952707975651631 0.04666770719525519 0.00015607928827844546

1745472694
0.9533177205308353 0.046370023419203744 0.000312256049960968

1745472695
0.9475 0.05125 0.00015625

1745472696
0.9550649757319556 0.044308752152810396 0.0001565680288085173

1745472697
0.9611726181194449 0.038359582098861686 0.0003118665211289568

1745472698
0.9518943562332967 0.04763401980820626 0.00031441597233139445

1745472699
0.946420251591862 0.05295853393384066 0.00015530361857431278

1745472700
0.9520237537115174 0.04781997187060478 0.0

1745472701
0.9543678699796844 0.04531958118456009 0.0001562744178777934

1745472702
0.9521800281293952 0.047663697452726986 0.0

1745472703
0.9544248478226939 0.04557515217730607 0.0

1745472704
0.9652745190051619 0.0342562177381511 0.00015642108556233381

1745472705
0.9526479750778816 0.04672897196261682 0.00015576323987538941

1745472706
0.9454090411387455 0.05349601126231816 0.00031284217112466763

1745472707
0.9616348261822737 0.03836517381772628 0.0

1745472708
0.9487019080387864 0.05067250547388177 0.00031279324366593683

1745472709
0.9553613235523646 0.044170438582800065 0.0003121585765568909

1745472710
0.9570178180681463 0.04282588308846515 0.0

1745472711
0.9493829089204812 0.049835963130760816 0.0003124511795032026

1745472712
0.9427946233197875 0.05673648015004689 0.00015629884338855892

1745472713
0.9575861531264619 0.04194604709184469 0.0003118665211289568

1745472714
0.9504779815076007 0.048895157498824636 0.0001567152483936687

1745472715
0.9558226662503903 0.04370902279113331 0.00031220730565095225

1745472716
0.9540625 0.0440625 0.0003125

1745472717
0.9546804188154399 0.0450070323488045 0.0001562744178777934

1745472718
0.9556596409055426 0.04402810304449649 0.000156128024980484

1745472719
0.9491790461297889 0.04769351055512119 0.0001563721657544957

1745472720
0.9526118235846106 0.046918986549890525 0.00031279324366593683

1745472721
0.9543690827254384 0.04501008846810492 0.0001552072016141549

1745472722
0.9545239968528717 0.04500393391030685 0.0003147128245476003

1745472723
0.9571875 0.04203125 0.0003125

1745472724
0.9611301904464564 0.0385576022478926 0.00015610365282547612

1745472725
0.9568064868236394 0.04241384687353813 0.0003118665211289568

1745472726
0.9621046038208582 0.037269025994362666 0.00015659254619480113

1745472727
0.96453125 0.03515625 0.00015625

1745472728
0.9668120909940792 0.031006544094733562 0.0001558117793705204

1745472729
0.9681868045760853 0.03149976492712741 0.0003134304967873374

1745472730
0.96375 0.035625 0.00015625

1745472731
0.96109375 0.0384375 0.00015625

1745472732
0.9620668123634093 0.03777708398376522 0.00015610365282547612

1745472733
0.9649671567094151 0.034720050046918985 0.00031279324366593683

1745472734
0.96359375 0.03609375 0.00015625

1745472735
0.9416012558869702 0.03422291993720565 0.0

1745472736
0.8491008600469117 0.03236903831118061 0.0

1745472737
0.7483195247772393 0.029388775988744724 0.0001563232765358762

1745472738
0.6968417761100688 0.030331457160725453 0.0

1745472739
0.6099468251485768 0.024867062871441976 0.00015639662183296842

1745472740
0.8158631415241058 0.04556765163297045 0.00015552099533437013

1745472741
0.954112689246137 0.04495083502419229 0.0003121585765568909

1745472742
0.9552635695291726 0.0439543250430158 0.00031284217112466763

1745472743
0.9558226662503903 0.04355291913830784 0.00015610365282547612

1745472744
0.9536299765807963 0.04558938329430133 0.000156128024980484

1745472745
0.9502191609267376 0.04915466499686913 0.00015654351909830932

1745472746
0.9534302234724176 0.04610095327394906 0.0003125488357555868

1745472747
0.9466708248869484 0.05239357554966474 0.0001559332605644784

1745472748
0.9444184231069477 0.052927400468384074 0.000312256049960968

1745472749
0.9475579211020664 0.050563556668753916 0.00015654351909830932

1745472750
0.951188986232791 0.048028785982478096 0.0

1745472751
0.9489588226084233 0.04994520118991702 0.0001565680288085173

1745472752
0.9465065502183406 0.053025577043044295 0.00015595757953836556

1745472753
0.9579753163568192 0.04171223246367755 0.0001562255897516013

1745472754
0.9509298327863729 0.04844506954211596 0.0001562744178777934

1745472755
0.9483325504931893 0.051354313449193674 0.0

1745472756
0.9544172932330827 0.045112781954887216 0.00015664160401002505

1745472757
0.9532958450484224 0.0457669478288035 0.00031240237425804435

1745472758
0.9582814445828145 0.0410958904109589 0.00015566625155666251

1745472759
0.95625 0.043125 0.00015625

1745472760
0.953757225433526 0.04561787220746758 0.0003124511795032026

1745472761
0.9578059071729957 0.04172526957337084 0.0003125488357555868

1745472762
0.9570026483875993 0.04237420158903256 0.0003115750116840629

1745472763
0.9497888315344909 0.048803378695448145 0.00015642108556233381

1745472764
0.9480194144355722 0.051354313449193674 0.0001565680288085173

1745472765
0.9515700671770035 0.0476488048742384 0.0003124511795032026

1745472766
0.9585927770859277 0.041251556662515565 0.00015566625155666251

1745472767
0.9524705882352941 0.046901960784313725 0.00031372549019607844

1745472768
0.9587435536802625 0.04110017190185967 0.0001562744178777934

1745472769
0.95234375 0.046875 0.0003125

1745472770
0.9521800281293952 0.04610095327394906 0.0001562744178777934

1745472771
0.9626620840493673 0.03686923918137791 0.0001562255897516013

1745472772
0.9657759024847632 0.033911548679481165 0.0003125488357555868

1745472773
0.9620668123634093 0.03777708398376522 0.0

1745472774
0.9615204129516659 0.038166744877209446 0.00031284217112466763

1745472775
0.95703125 0.04234375 0.00015625

1745472776
0.956011271133375 0.04351909830932999 0.00031308703819661864

1745472777
0.9557080474111042 0.04382407985028072 0.00031191515907673113

1745472778
0.956875 0.0425 0.0003125

1745472779
0.95515625 0.044375 0.00015625

1745472780
0.9515549304578841 0.04750742303484919 0.0001562744178777934

1745472781
0.9562431629942179 0.04344428817002657 0.0001562744178777934

1745472782
0.9541529282461925 0.045062019155283406 0.0003140210394096404

1745472783
0.9528844658684497 0.04633805006997357 0.00015549681231534753

1745472784
0.95765625 0.041875 0.00015625

1745472785
0.964564470808617 0.035279425538557604 0.00015610365282547612

1745472786
0.9597620165962111 0.039768279317363396 0.0001565680288085173

1745472787
0.9573903542999844 0.041985328546901825 0.0003121585765568909

1745472788
0.9556180653227067 0.043913111423659945 0.0001562744178777934

1745472789
0.9563794983642312 0.042685776600716624 0.0003115750116840629

1745472790
0.9531714956930305 0.04620203602192639 0.0

1745472791
0.9545454545454546 0.04498594189315839 0.00031240237425804435

1745472792
0.9566781357522678 0.04300907100406631 0.0

1745472793
0.9525444895410553 0.04651888854199188 0.00015610365282547612

1745472794
0.9559306141584623 0.04360056258790436 0.0001562744178777934

1745472795
0.9568559774082209 0.04283024788202071 0.0

1745472796
0.9621495327102804 0.037694704049844235 0.00015576323987538941

1745472797
0.9601500234411627 0.03938115330520394 0.0001562744178777934

1745472798
0.95859375 0.04078125 0.0003125

1745472799
0.9560679233525471 0.04330892662408475 0.00015578750584203146

1745472800
0.9531274494434865 0.0460887286408528 0.00031352876626430476

1745472801
0.9479850046860356 0.04935957513277101 0.00015620118712902218

1745472802
0.9553543552919138 0.04386512644395879 0.00031220730565095225

1745472803
0.9551071484436102 0.044267167214140465 0.00015642108556233381

1745472804
0.9518355820520866 0.047536868528396614 0.00015688735487919673

1745472805
0.9566437928883343 0.042420461634435434 0.00031191515907673113

1745472806
0.9539996881334789 0.045376578824263214 0.0003118665211289568

1745472807
0.9511467169337103 0.04838202953188816 0.00015708451146716933

1745472808
0.9508706467661692 0.048507462686567165 0.0003109452736318408

1745472809
0.94265625 0.0565625 0.0

1745472810
0.9486899563318777 0.050530255770430445 0.00031191515907673113

1745472811
0.9498907274430222 0.04948485794567593 0.00015610365282547612

1745472812
0.9506346967559943 0.048895157498824636 0.0001567152483936687

1745472813
0.940570893776322 0.05911714241148027 0.0

1745472814
0.9516606892250117 0.048027444253859346 0.0

1745472815
0.9584248509570129 0.03969250078443677 0.00015688735487919673

1745472816
0.9601888276947286 0.03933910306845004 0.00015735641227380016

1745472817
0.9488495024875622 0.050217661691542285 0.0003109452736318408

1745472818
0.9444791016843419 0.05474111041796631 0.00015595757953836556

1745472819
0.95296875 0.0453125 0.00015625

1745472820
0.95484375 0.04375 0.0003125

1745472821
0.9565557118299735 0.04297546491639319 0.0001562744178777934

1745472822
0.956868260665729 0.042819190498515396 0.0001562744178777934

1745472823
0.9575 0.04125 0.00015625

1745472824
0.956875 0.04203125 0.00046875

1745472825
0.9387562814070352 0.03690326633165829 0.000157035175879397

1745472826
0.8000625293106144 0.031733625136782864 0.0

1745472827
0.6915259537210757 0.02564102564102564 0.00015634771732332708

1745472828
0.5455824863174354 0.024550430023455826 0.0

1745472829
0.3727458052375725 0.014740473576917046 0.0

1745472830
0.6830778758321722 0.04536305929710482 0.00015482272797646694

1745472831
0.9549493374902572 0.04458300857365549 0.0001558846453624318

1745472832
0.9546666666666667 0.04501960784313726 0.00015686274509803922

1745472833
0.9527977492966552 0.046889653016567674 0.00015629884338855892

1745472834
0.96328125 0.03640625 0.0003125

1745472835
0.95203125 0.04734375 0.0003125

1745472836
0.953117674636662 0.04610095327394906 0.0001562744178777934

1745472837
0.9564533878321019 0.04291778022323534 0.00031441597233139445

1745472838
0.9479732877776053 0.05093958689237459 0.00031060723714862557

1745472839
0.9526488513830286 0.04688232536333802 0.0001562744178777934

1745472840
0.9578125 0.041875 0.00015625

1745472841
0.9521426337191117 0.046918986549890525 0.00031279324366593683

1745472842
0.957682698313554 0.04184884447220487 0.0001561524047470331

1745472843
0.964375 0.0353125 0.00015625

1745472844
0.9572100313479623 0.04122257053291536 0.00031347962382445143

1745472845
0.9522253345782757 0.04668534080298786 0.0001556178026766262

1745472846
0.9517770471269766 0.046187568498512604 0.0001565680288085173

1745472847
0.9597997810104802 0.040043797903957457 0.00015642108556233381

1745472848
0.9587227414330218 0.040809968847352024 0.00031152647975077883

1745472849
0.9552635695291726 0.04379790395745346 0.0

1745472850
0.9544955280087871 0.044719912129295464 0.00015691197238349287

1745472851
0.9506424318395488 0.04873080539015982 0.00031338138514572234

1745472852
0.9526691495965239 0.04686530105524519 0.0

1745472853
0.951875 0.0475 0.0003125

1745472854
0.9563994374120957 0.043288013752148774 0.0001562744178777934

1745472855
0.961175730902232 0.038667085822068535 0.0

1745472856
0.9641754169240272 0.03551575046324892 0.00030883261272390367

1745472857
0.9534810623919535 0.045575986170045574 0.0004714757190004715

1745472858
0.9365525863416159 0.06266604156899516 0.0

1745472859
0.9532739490545398 0.04485075793092671 0.0001562744178777934

1745472860
0.9533250078051826 0.04542616297221355 0.00015610365282547612

1745472861
0.95410552606931 0.04480174836091164 0.00015610365282547612

1745472862
0.9534847298355521 0.04573218480814409 0.00031323414252153485

1745472863
0.9554757069207936 0.04374316513044837 0.00046867676925480396

1745472864
0.95765625 0.041875 0.0003125

1745472865
0.9583984985924304 0.04066312167657179 0.00031279324366593683

1745472866
0.9615925058548009 0.0380952380952381 0.0

1745472867
0.9634375 0.03625 0.0003125

1745472868
0.9616762735628602 0.03801215142545568 0.00015578750584203146

1745472869
0.9608956165247556 0.039104383475244406 0.0

1745472870
0.9561975768872321 0.04302578440509475 0.00031065548306927616

1745472871
0.959375 0.0403125 0.0003125

1745472872
0.9628066885450852 0.03672448820128145 0.0

1745472873
0.9631307608186221 0.03452585533510389 0.0003124511795032026

1745472874
0.96515625 0.034375 0.00015625

1745472875
0.9527977492966552 0.045639262269459205 0.00015629884338855892

1745472876
0.9590688954850805 0.040306202155913136 0.0001562255897516013

1745472877
0.9551794389594107 0.0435668390534399 0.0003134304967873374

1745472878
0.9520622568093385 0.047315175097276264 0.0001556420233463035

1745472879
0.9515425366157682 0.047990028046120285 0.0001558117793705204

1745472880
0.9532475682459993 0.04628176968936304 0.00015688735487919673

1745472881
0.9516606892250117 0.047559644472165916 0.0003118665211289568

1745472882
0.95270905104917 0.04603820858127153 0.00015659254619480113

1745472883
0.9431480031323414 0.056382145653876274 0.0

1745472884
0.9489016980838136 0.05063093939866023 0.0

1745472885
0.9475409836065574 0.05152224824355972 0.000312256049960968

1745472886
0.9488059934446699 0.05025753082565944 0.00015607928827844546

1745472887
0.9469124133585382 0.0521424070573409 0.0001575299306868305

1745472888
0.9441671865252651 0.05474111041796631 0.00015595757953836556

1745472889
0.9517133956386293 0.04781931464174455 0.00015576323987538941

1745472890
0.9484294421003282 0.050164088138771684 0.0001562744178777934

1745472891
0.9543115546546078 0.04506471230313426 0.0003118665211289568

1745472892
0.9585094723657429 0.040864255519023014 0.0003131360576170346

1745472893
0.9513336452971455 0.04788644517236001 0.00015598190609889253

1745472894
0.9527164552998277 0.04697040864255519 0.0001565680288085173

1745472895
0.9598060681889271 0.039724741945573974 0.00031279324366593683

1745472896
0.9534665833853841 0.0462211118051218 0.0

1745472897
0.9447843137254902 0.054431372549019606 0.00031372549019607844

1745472898
0.9498832684824903 0.049649805447470816 0.0001556420233463035

1745472899
0.953899046726051 0.04563213002031567 0.0001562744178777934

1745472900
0.9524925769651508 0.04719487419909361 0.0001562744178777934

1745472901
0.954082432220655 0.045133991537376586 0.0003134304967873374

1745472902
0.954814583982549 0.04487379245870988 0.0

1745472903
0.9516028633675693 0.047619047619047616 0.0003112356053532524

1745472904
0.9484389782403028 0.05045726900031536 0.0001576789656259855

1745472905
0.9537912854706156 0.045898588928516046 0.00015506280043417584

1745472906
0.9528005034612964 0.046255506607929514 0.00031466331025802394

1745472907
0.951302729528536 0.04807692307692308 0.00015508684863523573

1745472908
0.9576363920587776 0.042207284664686574 0.0001563232765358762

1745472909
0.9603510421564018 0.039492242595204514 0.0

1745472910
0.9628066885450852 0.037037037037037035 0.0

1745472911
0.96359375 0.03625 0.00015625

1745472912
0.9611968209443665 0.03817983481377591 0.0004675081813931744

1745472913
0.9573801316201818 0.042149796302099654 0.00015669069257286117

1745472914
0.9515094634756766 0.04833411543876114 0.0

1745472915
0.9586325320012489 0.04105526069310022 0.0

1745472916
0.9603125 0.03953125 0.00015625

1745472917
0.9584375 0.04140625 0.0

1745472918
0.9593813466645836 0.04014997656616154 0.0001562255897516013

1745472919
0.9642131583059853 0.03563056727613689 0.0

1745472920
0.9517112048757619 0.04797624628848258 0.0

1745472921
0.96046875 0.03921875 0.00015625

1745472922
0.9535864978902954 0.04406938584153774 0.0001562744178777934

1745472923
0.9500078112794876 0.04686767692548039 0.0001562255897516013

1745472924
0.9430310597783674 0.05572030591540503 0.00015607928827844546

1745472925
0.95323289391086 0.046610169491525424 0.00015693659761456373

1745472926
0.9571651090342679 0.04236760124610592 0.00031152647975077883

1745472927
0.96171875 0.03796875 0.0003125

1745472928
0.9632755117987185 0.036411939365525864 0.0001562744178777934

1745472929
0.96140625 0.03828125 0.0003125

1745472930
0.956875 0.0425 0.00015625

1745472931
0.9607014247690622 0.03867230311570377 0.0003131360576170346

1745472932
0.9558708872602526 0.043661312958053956 0.0001559332605644784

1745472933
0.9472291407222914 0.052303860523038606 0.00015566625155666251

1745472934
0.9502667085032946 0.048635080012550985 0.00031377470975839345

1745472935
0.95234375 0.0471875 0.0

1745472936
0.9494743448925153 0.048956535383649774 0.00015691197238349287

1745472937
0.9573037222395996 0.041445104785736625 0.00031279324366593683

1745472938
0.9503965168714041 0.048670502254703776 0.00015549681231534753

1745472939
0.94546875 0.05390625 0.00015625

1745472940
0.9548366932333177 0.044694483513048916 0.0001562744178777934

1745472941
0.94625 0.0528125 0.00015625

1745472942
0.9486938839355545 0.050524010636633816 0.00015642108556233381

1745472943
0.9547299406806119 0.04495785201373712 0.00031220730565095225

1745472944
0.9589126698953289 0.04077487892516794 0.0001562255897516013

1745472945
0.9663957486714598 0.03344795248515161 0.00015629884338855892

1745472946
0.96 0.03828125 0.0003125

1745472947
0.9435849351461166 0.054539771839349896 0.0

1745472948
0.9516078676241024 0.047923821417421165 0.00015610365282547612

1745472949
0.95171875 0.04625 0.0003125

1745472950
0.9416627671190142 0.05786928716268913 0.00015598190609889253

1745472951
0.9531347962382445 0.04623824451410658 0.00015673981191222572

1745472952
0.9489715810959334 0.05024336630554247 0.0001570105197048202

1745472953
0.9483670295489891 0.05132192846034215 0.00015552099533437013

1745472954
0.95015625 0.04859375 0.0003125

1745472955
0.9500546277508974 0.0480724207897612 0.00015607928827844546

1745472956
0.9550385159566106 0.04433265209872662 0.00015720798616569723

1745472957
0.9517959881822423 0.04727103094386565 0.00015549681231534753

1745472958
0.95015625 0.0490625 0.00015625

1745472959
0.95375 0.04546875 0.0003125

1745472960
0.9309045226130653 0.03957286432160804 0.000157035175879397

1745472961
0.7271873532634215 0.03192987948035687 0.0

1745472962
0.46964006259780905 0.02190923317683881 0.00015649452269170578

1745472963
0.3495616781465247 0.0167501565435191 0.0

1745472964
0.2861605748203686 0.013433302093095907 0.0

1745472965
0.5831911924329354 0.04744921693285781 0.0007753140021708792

1745472966
0.9555765595463138 0.04426591052299937 0.0001575299306868305

1745472967
0.9566898685228151 0.04269141531322506 0.0003093580819798917

1745472968
0.9515673981191223 0.04749216300940439 0.0

1745472969
0.9569153918201686 0.04277240087418046 0.00015610365282547612

1745472970
0.9569909289959337 0.04238348451673444 0.00031279324366593683

1745472971
0.9573370839193625 0.04235036724488201 0.0001562744178777934

1745472972
0.953899046726051 0.04563213002031567 0.0003125488357555868

1745472973
0.956650553563075 0.04272571339466708 0.0004677997816934352

1745472974
0.9558478158759981 0.04368248003757633 0.0003131360576170346

1745472975
0.94890625 0.0503125 0.00015625

1745472976
0.9576496327551179 0.04063134864822628 0.0003125488357555868

1745472977
0.958125 0.0409375 0.0003125

1745472978
0.9534375 0.0459375 0.00015625

1745472979
0.9546875 0.04484375 0.00015625

1745472980
0.9421784653852164 0.05719643694327239 0.0001562744178777934

1745472981
0.9542115955618066 0.04531958118456009 0.0001562744178777934

1745472982
0.9531396438612934 0.04639175257731959 0.00015620118712902218

1745472983
0.9479443489135533 0.05127403470376739 0.0001563232765358762

1745472984
0.9473849044785468 0.05120576260569997 0.00015659254619480113

1745472985
0.9532027363184079 0.04508706467661692 0.0003109452736318408

1745472986
0.9525078369905956 0.046865203761755486 0.00015673981191222572

1745472987
0.953899046726051 0.045788404438193465 0.0001562744178777934

1745472988
0.9497022876841116 0.04951425885302413 0.00015669069257286117

1745472989
0.947139303482587 0.052083333333333336 0.0003109452736318408

1745472990
0.953579243513598 0.04626445764301344 0.0

1745472991
0.9514791047112224 0.047425262169353576 0.00015651901706057285

1745472992
0.9543678699796844 0.04344428817002657 0.0003125488357555868

1745472993
0.9542616297221355 0.04386512644395879 0.00015610365282547612

1745472994
0.9546378851869232 0.04504927264195214 0.00015642108556233381

1745472995
0.9445225816533833 0.05469604625722769 0.0001562744178777934

1745472996
0.9522322822354043 0.04698719950046831 0.00031220730565095225

1745472997
0.9501094776352831 0.04910853925555208 0.00015639662183296842

1745472998
0.95625 0.04328125 0.0003125

1745472999
0.9571406225559206 0.04239011418739246 0.00015642108556233381

1745473000
0.9605119400655533 0.03901982206961136 0.00015607928827844546

1745473001
0.9551492420690733 0.043913111423659945 0.0001562744178777934

1745473002
0.9570600219401347 0.0410593950791412 0.0001567152483936687

1745473003
0.955600560835021 0.043932076647452876 0.0003115750116840629

1745473004
0.9563318777292577 0.04273237679351216 0.00015595757953836556

1745473005
0.9517770471269766 0.04775324878659778 0.0

1745473006
0.9597692187743646 0.03976298144394199 0.0003118665211289568

1745473007
0.9575938432542799 0.04209203706612219 0.00015705983979896342

1745473008
0.9589488415487483 0.04042917120199036 0.00031099362463069506

1745473009
0.9574201628052599 0.04226675015654352 0.00015654351909830932

1745473010
0.9581315419465708 0.04139978128417435 0.0003124511795032026

1745473011
0.953841339383508 0.043968080112658424 0.00015647003598810827

1745473012
0.9584829093179336 0.04136101139378805 0.00015607928827844546

1745473013
0.96453125 0.0353125 0.00015625

1745473014
0.962882096069869 0.036805988771054274 0.00015595757953836556

1745473015
0.9569437920776578 0.04258650383591671 0.0003131360576170346

1745473016
0.9598938826466916 0.039637952559300874 0.00031210986267166043

1745473017
0.9588548185231539 0.04098873591989988 0.00015644555694618273

1745473018
0.9495441685004715 0.049984281672430055 0.00015718327569946557

1745473019
0.9569675314587541 0.042877116669255866 0.00015535187199005747

1745473020
0.9603125 0.03921875 0.00015625

1745473021
0.96125 0.03859375 0.00015625

1745473022
0.9549929676511955 0.04453820909517112 0.0001562744178777934

1745473023
0.9530810134501094 0.04613700344072568 0.00031279324366593683

1745473024
0.9644139222725144 0.03527391915092867 0.0003121585765568909

1745473025
0.9509298327863729 0.04797624628848258 0.0001562744178777934

1745473026
0.9494822717288987 0.050203953561342954 0.00031377470975839345

1745473027
0.9556489262371616 0.04388422035480859 0.0003112356053532524

1745473028
0.9596054485674025 0.04008141537498043 0.0001565680288085173

1745473029
0.9575861531264619 0.041790113831280215 0.0003118665211289568

1745473030
0.952172553923101 0.04751484839012191 0.00015629884338855892

1745473031
0.9525 0.046875 0.0003125

1745473032
0.9577973015374961 0.04157514904298713 0.00015688735487919673

1745473033
0.9611740953564218 0.038359993787855255 0.00031060723714862557

1745473034
0.955840901973066 0.04384591293454432 0.00015659254619480113

1745473035
0.9517112048757619 0.04750742303484919 0.0003125488357555868

1745473036
0.9480337078651685 0.050249687890137326 0.00015605493133583021

1745473037
0.9491181520212267 0.05010145153738099 0.0003121585765568909

1745473038
0.9559237261644263 0.0437636761487965 0.00015629884338855892

1745473039
0.9580539529081553 0.041478247310151255 0.0001559332605644784

1745473040
0.9519396890215172 0.04727501177948799 0.00031411967959792684

1745473041
0.9549352876968658 0.044596912521440824 0.0

1745473042
0.9581570286788904 0.041372825575928536 0.0003134304967873374

1745473043
0.9580539529081553 0.041478247310151255 0.0001559332605644784

1745473044
0.9559375 0.04375 0.0003125

1745473045
0.9598311972491403 0.03969990622069397 0.00015629884338855892

1745473046
0.955625 0.04390625 0.00015625

1745473047
0.9556495847045917 0.04403698479862091 0.0001567152483936687

1745473048
0.9561759201497193 0.04320024953212726 0.00015595757953836556

1745473049
0.9589511471827689 0.04073669424067426 0.00015607928827844546

1745473050
0.9627826633165829 0.03548994974874372 0.000157035175879397

1745473051
0.9591868404717566 0.040657976412166355 0.00015518311607697082

1745473052
0.9625860989355041 0.036944270507201005 0.00031308703819661864

1745473053
0.9565557118299735 0.04297546491639319 0.0003125488357555868

1745473054
0.9534302234724176 0.04594467885607126 0.0001562744178777934

1745473055
0.9515549304578841 0.04797624628848258 0.0001562744178777934

1745473056
0.9515094634756766 0.04786485218207415 0.00031284217112466763

1745473057
0.9538005306695801 0.045887310753862966 0.00015607928827844546

1745473058
0.9540553211439288 0.04547585560243788 0.0003125488357555868

1745473059
0.95875 0.04125 0.0

1745473060
0.95765625 0.04203125 0.00015625

1745473061
0.9558961526431029 0.043321864247732246 0.00031279324366593683

1745473062
0.9539494224164845 0.0457383702778645 0.00015610365282547612

1745473063
0.955503512880562 0.04402810304449649 0.000312256049960968

1745473064
0.9554617909048289 0.04438193467729333 0.0001562744178777934

1745473065
0.9559030492572322 0.043471462079749806 0.0003127443315089914

1745473066
0.957486714598312 0.04220068771491091 0.00015629884338855892

1745473067
0.9534263760388898 0.0456327426689666 0.00031362709738121374

1745473068
0.9570428015564202 0.042490272373540854 0.000311284046692607

1745473069
0.9649945303953743 0.03500546960462572 0.0

1745473070
0.9571697521179793 0.04220269846250392 0.00031377470975839345

1745473071
0.9439601494396015 0.055417185554171855 0.00015566625155666251

1745473072
0.9546945789720356 0.044680518668957975 0.0003124511795032026

1745473073
0.9595249257696515 0.040162525394592904 0.0001562744178777934

1745473074
0.9588336192109777 0.040698581007328864 0.0003118665211289568

1745473075
0.9575398064314705 0.04199188261005308 0.00031220730565095225

1745473076
0.9534555712270804 0.0460742830277386 0.0003134304967873374

1745473077
0.9529540481400438 0.04657705532979056 0.00031259768677711783

1745473078
0.9594932749452612 0.040037535189239915 0.00015639662183296842

1745473079
0.9598813612238526 0.03980643147049641 0.00031220730565095225

1745473080
0.9525882170060624 0.046789989118607184 0.000310896937665164

1745473081
0.9551302165045498 0.044556008785691874 0.00015688735487919673

1745473082
0.9594806007509387 0.04020650813516896 0.00015644555694618273

1745473083
0.9456759288167343 0.05354355291913831 0.00015610365282547612

1745473084
0.9563653425086018 0.04300907100406631 0.00046918986549890525

1745473085
0.953125 0.04625 0.00015625

1745473086
0.9607751211126738 0.03875605563369276 0.0003125488357555868

1745473087
0.9596937978440868 0.039993750976409934 0.0001562255897516013

1745473088
0.9553055164869511 0.04375683700578215 0.0001562744178777934

1745473089
0.9638723803565843 0.03597122302158273 0.00015639662183296842

1745473090
0.9647535870243293 0.034934497816593885 0.00031191515907673113

1745473091
0.9540193931811073 0.04566781357522678 0.00015639662183296842

1745473092
0.9531323230745196 0.046242774566473986 0.0003124511795032026

1745473093
0.9502340093603744 0.049297971918876755 0.00015600624024960998

1745473094
0.9555416405760802 0.04414527238572323 0.00015654351909830932

1745473095
0.96015625 0.0396875 0.00015625

1745473096
0.953125 0.04640625 0.0003125

1745473097
0.9582290362953693 0.04130162703379224 0.00015644555694618273

1745473098
0.9559718969555036 0.04355971896955504 0.000156128024980484

1745473099
0.9546945789720356 0.04483674425870958 0.0001562255897516013

1745473100
0.9543678699796844 0.044694483513048916 0.0001562744178777934

1745473101
0.9571406225559206 0.041295166588456125 0.00015642108556233381

1745473102
0.9584829093179336 0.0412049321055096 0.00015607928827844546

1745473103
0.95375 0.04359375 0.0003125

1745473104
0.9538244070991048 0.04570441338149835 0.00015705983979896342

1745473105
0.9504042288557214 0.048818407960199005 0.0003109452736318408

1745473106
0.9476480700109392 0.052039381153305204 0.0001562744178777934

1745473107
0.94734375 0.0515625 0.00015625

1745473108
0.9578125 0.041875 0.00015625

1745473109
0.95 0.04953125 0.00015625

1745473110
0.9561006092798 0.04327448836119356 0.0003124511795032026

1745473111
0.952336302547273 0.0473511486169714 0.0001562744178777934

1745473112
0.9545241443975622 0.045163306766682294 0.0001562744178777934

1745473113
0.9598500234338385 0.039837525386658336 0.0001562255897516013

1745473114
0.9607873769723481 0.03858772066864553 0.0001562255897516013

1745473115
0.96420756486402 0.03469834323226008 0.00031259768677711783

1745473116
0.96765625 0.03234375 0.0

1745473117
0.9663917846584721 0.03329702816243971 0.00015559358954411078

1745473118
0.956064647732622 0.043150792405460534 0.00031382394476698575

1745473119
0.95671875 0.0428125 0.0003125

1745473120
0.9504610095327395 0.048913892795749335 0.0003125488357555868

1745473121
0.9595375722543352 0.03905639743790033 0.0001562255897516013

1745473122
0.9577442664153315 0.041784480050267046 0.0

1745473123
0.9553793532338308 0.04399875621890547 0.0003109452736318408

1745473124
0.9615625 0.038125 0.00015625

1745473125
0.95296875 0.04640625 0.00046875

1745473126
0.9492108141897171 0.05047663697452727 0.0001562744178777934

1745473127
0.9523285084959093 0.046255506607929514 0.00015733165512901197

1745473128
0.9607325779916188 0.039112214806767034 0.0001552072016141549

1745473129
0.9571941884080613 0.042337134822683954 0.0003124511795032026

1745473130
0.95625 0.04234375 0.00015625

1745473131
0.9575 0.0421875 0.00015625

1745473132
0.9516331658291457 0.0469535175879397 0.000157035175879397

1745473133
0.9581648522550544 0.04121306376360809 0.00031104199066874026

1745473134
0.952976097484768 0.04639900015622559 0.0003124511795032026

1745473135
0.9537427723081732 0.04594467885607126 0.0001562744178777934

1745473136
0.9590688954850805 0.04061865333541634 0.0001562255897516013

1745473137
0.9590661478599222 0.04046692607003891 0.0001556420233463035

1745473138
0.9548518576579401 0.04483461357579558 0.00015676438313215238

1745473139
0.957234275011706 0.04245356641173716 0.0

1745473140
0.9502191609267376 0.04915466499686913 0.00031308703819661864

1745473141
0.9523288527664895 0.04720225070334479 0.00015629884338855892

1745473142
0.953757225433526 0.045774097797219186 0.0003124511795032026

1745473143
0.950625 0.0490625 0.00015625

1745473144
0.958125 0.04140625 0.0003125

1745473145
0.9563250662923101 0.043674933707689906 0.0

1745473146
0.9616834170854272 0.03800251256281407 0.000157035175879397

1745473147
0.9502191609267376 0.0486850344395742 0.00031308703819661864

1745473148
0.9549129353233831 0.04477611940298507 0.0001554726368159204

1745473149
0.95578125 0.04359375 0.0003125

1745473150
0.9598374746054071 0.04000625097671511 0.0001562744178777934

1745473151
0.95625 0.04296875 0.0003125

1745473152
0.9546875 0.045 0.00015625

1745473153
0.9525 0.0471875 0.00015625

1745473154
0.95578125 0.04359375 0.0003125

1745473155
0.9079918354529753 0.04945831370701837 0.0001570105197048202

1745473156
0.7371303395399781 0.03285870755750274 0.0

1745473157
0.5346177944862155 0.02600250626566416 0.0

1745473158
0.345329369425755 0.01736817399468002 0.0

1745473159
0.22772741481713035 0.011253516723976243 0.00015629884338855892

1745473160
0.1549163670470533 0.0067219008910426765 0.0

1745473161
0.7707460834496666 0.06452613618737398 0.0006204436171862882

1745473162
0.9572275991258196 0.04261629722135498 0.0

1745473163
0.9554439912143081 0.04424223407593348 0.00015688735487919673

1745473164
0.9560679233525471 0.04362050163576881 0.00015578750584203146

1745473165
0.9631307608186221 0.0360881112326199 0.0003124511795032026

1745473166
0.956019962570181 0.043668122270742356 0.00015595757953836556

1745473167
0.9641353500701699 0.03555278340870108 0.0001559332605644784

1745473168
0.9626666666666667 0.03654901960784314 0.00031372549019607844

1745473169
0.9651508048132521 0.03484919518674793 0.0

1745473170
0.9568277803847959 0.042546535272954794 0.00031284217112466763

1745473171
0.948227172889865 0.050674615625980544 0.00031377470975839345

1745473172
0.9537051421469629 0.04536274662109679 0.00031070374398011494

1745473173
0.95609375 0.04375 0.0

1745473174
0.95 0.04811912225705329 0.00031347962382445143

1745473175
0.9512004989086373 0.04817586529466791 0.00015590894917368256

1745473176
0.9524851516098781 0.04735854954673335 0.00015629884338855892

1745473177
0.955 0.04421875 0.0003125

1745473178
0.9563653425086018 0.04316546762589928 0.00015639662183296842

1745473179
0.9519125683060109 0.047775175644028105 0.000156128024980484

1745473180
0.9589126698953289 0.04061865333541634 0.0003124511795032026

1745473181
0.9622994235862283 0.037389001402087556 0.00015578750584203146

1745473182
0.9584639498432602 0.03934169278996865 0.00015673981191222572

1745473183
0.9570245350836069 0.0425066416627598 0.0003125488357555868

1745473184
0.9526995487785903 0.04652248327368912 0.00031118717908822156

1745473185
0.9579541888923753 0.04141826168810794 0.00015688735487919673

1745473186
0.959375 0.0403125 0.00015625

1745473187
0.9585872792623847 0.040787623066104076 0.0003125488357555868

1745473188
0.9568277803847959 0.042702956358517126 0.00015642108556233381

1745473189
0.9503667863274543 0.04869673794287498 0.0003121585765568909

1745473190
0.9598813612238526 0.03980643147049641 0.00015610365282547612

1745473191
0.954630788485607 0.04505632040050062 0.00015644555694618273

1745473192
0.9444530885327524 0.05367978839271822 0.00031118717908822156

1745473193
0.9499372253609542 0.04927809165097301 0.00015693659761456373

1745473194
0.95375 0.045625 0.0003125

1745473195
0.9515875510845646 0.04809808236403647 0.00015718327569946557

1745473196
0.9604651162790697 0.03937984496124031 0.0001550387596899225

1745473197
0.9584050039093042 0.04112587959343237 0.0003127443315089914

1745473198
0.9552565707133918 0.044430538172715896 0.00015644555694618273

1745473199
0.95625 0.04328125 0.0003125

1745473200
0.9578125 0.04171875 0.00015625

1745473201
0.9509125235997483 0.0473568281938326 0.0

1745473202
0.9491472868217055 0.04837209302325581 0.0001550387596899225

1745473203
0.9545668919981135 0.0452759000157208 0.0

1745473204
0.9625760174645251 0.03711211601434586 0.0001559332605644784

1745473205
0.9647920236797008 0.03520797632029911 0.0

1745473206
0.95515625 0.0440625 0.0003125

1745473207
0.9587435536802625 0.040943897483981875 0.0001562744178777934

1745473208
0.9540320050203953 0.04518355820520866 0.00031377470975839345

1745473209
0.9514396887159533 0.047782101167315176 0.000311284046692607

1745473210
0.9484438855705752 0.05045583149952845 0.00015718327569946557

1745473211
0.9546794971286667 0.044234052460034146 0.0

1745473212
0.9511966213045518 0.04817769435319881 0.00031284217112466763

1745473213
0.95219496953601 0.0474925792844868 0.0

1745473214
0.9515625 0.048125 0.0

1745473215
0.9526488513830286 0.04688232536333802 0.0001562744178777934

1745473216
0.9610998281518512 0.03890017184814873 0.0

1745473217
0.9640231503206632 0.03566400750821211 0.00031284217112466763

1745473218
0.956338687041946 0.043349446436924996 0.0

1745473219
0.9496639049554478 0.05002344849148038 0.0

1745473220
0.9500077869490734 0.04796760629185485 0.0001557389814670612

1745473221
0.9474509803921569 0.05207843137254902 0.00015686274509803922

1745473222
0.95608688857634 0.04360056258790436 0.0

1745473223
0.9590625 0.04078125 0.00015625

1745473224
0.9528125 0.04625 0.0003125

1745473225
0.95421875 0.045 0.00015625

1745473226
0.9504610095327395 0.04844506954211596 0.0003125488357555868

1745473227
0.9556495847045917 0.04372355430183357 0.0001567152483936687

1745473228
0.9591836734693877 0.04019317650724412 0.0003115750116840629

1745473229
0.96078125 0.0378125 0.00015625

1745473230
0.9556180653227067 0.04375683700578215 0.0003125488357555868

1745473231
0.9569086651053864 0.04262295081967213 0.000156128024980484

1745473232
0.9606732735567092 0.03901211263174453 0.00015730690577316344

1745473233
0.9610127368748058 0.03852127990059025 0.00031065548306927616

1745473234
0.9589019607843138 0.04062745098039216 0.00031372549019607844

1745473235
0.9607659971975713 0.03892262182780632 0.0

1745473236
0.9589126698953289 0.04061865333541634 0.0001562255897516013

1745473237
0.9623496328698641 0.03733791595063271 0.0001562255897516013

1745473238
0.9655709612089111 0.03427325128524692 0.00015578750584203146

1745473239
0.9550086220410723 0.04452108480953128 0.00015676438313215238

1745473240
0.9596875 0.03984375 0.0003125

1745473241
0.9581315419465708 0.04139978128417435 0.0003124511795032026

1745473242
0.9518674792936397 0.047663697452726986 0.0001562744178777934

1745473243
0.955 0.04453125 0.00015625

1745473244
0.9575795383655645 0.0421085464753587 0.00015595757953836556

1745473245
0.954445835942392 0.045084533500313086 0.00031308703819661864

1745473246
0.9579621815908735 0.041568995155493046 0.0003125488357555868

1745473247
0.9555520898315658 0.04398003742981909 0.00015595757953836556

1745473248
0.9475497103491467 0.050884609362768125 0.0003131360576170346

1745473249
0.954445835942392 0.045241077019411394 0.00015654351909830932

1745473250
0.9477542108546475 0.05084217092950717 0.0

1745473251
0.94953125 0.04921875 0.0

1745473252
0.953899046726051 0.04594467885607126 0.0

1745473253
0.9592123769338959 0.040787623066104076 0.0

1745473254
0.9643805655366349 0.0353069832838619 0.0001562255897516013

1745473255
0.9615985014049329 0.03808929128941617 0.00031220730565095225

1745473256
0.95734375 0.0425 0.0

1745473257
0.9540927482103952 0.04590725178960473 0.0

1745473258
0.9489555520653369 0.05073032825506518 0.0

1745473259
0.9559146532789458 0.04408534672105428 0.0

1745473260
0.9626517273576097 0.035480859010270774 0.0003112356053532524

1745473261
0.9587950678944904 0.04089277352895271 0.0

1745473262
0.9569842014703582 0.042702956358517126 0.0

1745473263
0.9594912859161564 0.040194693044433974 0.0

1745473264
0.951879931920161 0.046727525916756926 0.0

1745473265
0.9552520018841263 0.044590987596168946 0.0

1745473266
0.9571808095014847 0.0425066416627598 0.0

1745473267
0.953064088570092 0.04600031186652113 0.0001559332605644784

1745473268
0.9550649757319556 0.04462188821042743 0.0

1745473269
0.95171875 0.048125 0.0

1745473270
0.9540283621630046 0.045659965716066696 0.0

1745473271
0.9608211879015828 0.03902209685002351 0.0

1745473272
0.96453125 0.0353125 0.00015625

1745473273
0.9530736743312999 0.04630064132645081 0.0

1745473274
0.9545738370277864 0.04542616297221355 0.0

1745473275
0.9550070301515389 0.04452429307920638 0.0

1745473276
0.9579621815908735 0.04188154399124863 0.0

1745473277
0.964375 0.035625 0.0

1745473278
0.9609375 0.03890625 0.0

1745473279
0.944279694084595 0.05509598876229124 0.0

1745473280
0.9530663329161452 0.04630788485607009 0.00031289111389236547

1745473281
0.955625 0.0428125 0.0003125

1745473282
0.9553125 0.0440625 0.00015625

1745473283
0.9565625 0.043125 0.0

1745473284
0.9553125 0.04421875 0.0003125

1745473285
0.953899046726051 0.04547585560243788 0.0001562744178777934

1745473286
0.958125 0.0415625 0.00015625

1745473287
0.9568153266331658 0.04287060301507538 0.000157035175879397

1745473288
0.9516930723827276 0.0469089779434607 0.00031065548306927616

1745473289
0.9552635695291726 0.044267167214140465 0.00015642108556233381

1745473290
0.9530128004995317 0.04527005931938807 0.00015610365282547612

1745473291
0.9544814641013608 0.04473643047082747 0.00015642108556233381

1745473292
0.95484375 0.04453125 0.0003125

1745473293
0.9534302234724176 0.04563213002031567 0.0001562744178777934

1745473294
0.9589575530586767 0.03916978776529338 0.00015605493133583021

1745473295
0.9607720069041268 0.03891416915110623 0.00015691197238349287

1745473296
0.9494713930348259 0.04975124378109453 0.0003109452736318408

1745473297
0.9522392734105857 0.04713435640463514 0.00015659254619480113

1745473298
0.9584375 0.04125 0.00015625

1745473299
0.9571808095014847 0.0426629160806376 0.0

1745473300
0.9590973201692524 0.040589249333960194 0.0001567152483936687

1745473301
0.9615264797507788 0.0381619937694704 0.00015576323987538941

1745473302
0.9543678699796844 0.04531958118456009 0.0

1745473303
0.9540625 0.04578125 0.0

1745473304
0.9529614002187842 0.046569776527582436 0.0001562744178777934

1745473305
0.9509019607843138 0.042823529411764705 0.00015686274509803922

1745473306
0.862171464330413 0.034730913642052566 0.0

1745473307
0.7288930581613509 0.029080675422138838 0.0

1745473308
0.45964967156709413 0.025336252736940883 0.00015639662183296842

1745473309
0.2049514258853024 0.010341585709808837 0.0

1745473310
0.5575221238938053 0.048594938674118925 0.0001552553951249806

1745473311
0.957662865177316 0.042337134822683954 0.0

1745473312
0.96515625 0.03484375 0.0

1745473313
0.9596748984057518 0.04001250390747108 0.0

1745473314
0.961875 0.03796875 0.0

1745473315
0.9575066395875644 0.04155600687392595 0.0001562255897516013

1745473316
0.9377249256767329 0.06164919417931466 0.0

1745473317
0.9522397377867957 0.04697986577181208 0.00046823786483533636

1745473318
0.9571003601064663 0.04258650383591671 0.0

1745473319
0.9561759201497193 0.043044291952588895 0.00015595757953836556

1745473320
0.9571808095014847 0.04235036724488201 0.0001562744178777934

1745473321
0.9498907274430222 0.049172650640024976 0.00015610365282547612

1745473322
0.9539996881334789 0.04553251208482769 0.0001559332605644784

1745473323
0.9540680357422794 0.04561843549145634 0.00015676438313215238

1745473324
0.9562568348695516 0.043430713950945166 0.0001562255897516013

1745473325
0.9529614002187842 0.04610095327394906 0.0003125488357555868

1745473326
0.947500391788121 0.051716031969910675 0.0001567152483936687

1745473327
0.9552820193206606 0.04409473356185727 0.0001558117793705204

1745473328
0.95608688857634 0.043288013752148774 0.0001562744178777934

1745473329
0.9476635514018692 0.0514018691588785 0.00031152647975077883

1745473330
0.9496865203761755 0.048432601880877744 0.00015673981191222572

1745473331
0.9546875 0.0446875 0.00046875

1745473332
0.9456145866079849 0.05218484753222257 0.0

1745473333
0.9512081784386617 0.047862453531598514 0.0003097893432465923

1745473334
0.9590973201692524 0.040589249333960194 0.0001567152483936687

1745473335
0.95125 0.048125 0.0003125

1745473336
0.9498432601880877 0.049529780564263326 0.00015673981191222572

1745473337
0.9578980196475908 0.041478247310151255 0.0003118665211289568

1745473338
0.9489508299404948 0.050735984967115566 0.0

1745473339
0.9515500856831283 0.046424676740925375 0.0

1745473340
0.9555520898315658 0.04444791016843418 0.0

1745473341
0.9572636192861615 0.04242329367564183 0.00015654351909830932

1745473342
0.9657759024847632 0.03422409751523676 0.0

1745473343
0.9639022872257663 0.03578652559514548 0.00015559358954411078

1745473344
0.9603012709869763 0.039698729013023695 0.0

1745473345
0.9574601188614326 0.041914294651235535 0.00031279324366593683

1745473346
0.9469247580393381 0.05276303465501093 0.0

1745473347
0.9548366932333177 0.044694483513048916 0.0

1745473348
0.9559375 0.04359375 0.00015625

1745473349
0.9605427323767936 0.039301310043668124 0.0

1745473350
0.9646211646837821 0.0352222917971196 0.00015654351909830932

1745473351
0.9550156739811912 0.04467084639498432 0.0

1745473352
0.955133198317495 0.044555226670821 0.0

1745473353
0.95796875 0.041875 0.0

1745473354
0.96359375 0.03640625 0.0

1745473355
0.9608179831408055 0.03808929128941617 0.0

1745473356
0.95984375 0.04015625 0.0

1745473357
0.9556665625975648 0.04402123009678426 0.00015610365282547612

1745473358
0.9561609519336152 0.04336934397995929 0.0001565680288085173

1745473359
0.965625 0.034375 0.0

1745473360
0.9579753163568192 0.04155600687392595 0.0

1745473361
0.9573370839193625 0.04235036724488201 0.0003125488357555868

1745473362
0.9590625 0.04078125 0.0

1745473363
0.9577815859168095 0.042062626577348494 0.0

1745473364
0.959717868338558 0.03981191222570533 0.00015673981191222572

1745473365
0.9563794983642312 0.043153139118242714 0.00015578750584203146

1745473366
0.9607383075238543 0.03879242921945878 0.00031284217112466763

1745473367
0.9585094723657429 0.04133395960544857 0.0

1745473368
0.96390625 0.03578125 0.00015625

1745473369
0.9584375 0.04125 0.0

1745473370
0.9612042209807573 0.038640595903165736 0.00015518311607697082

1745473371
0.9636506687647521 0.03619197482297404 0.0

1745473372
0.961400218784185 0.03844350679793718 0.0

1745473373
0.9579753163568192 0.04171223246367755 0.0001562255897516013

1745473374
0.9579753163568192 0.041868458053429154 0.0

1745473375
0.9587435536802625 0.04125644631973746 0.0

1745473376
0.9610470551573699 0.0389529448426301 0.0

1745473377
0.9601624746133417 0.039525074207155134 0.0

1745473378
0.9566514842154861 0.0433485157845139 0.0

1745473379
0.9534267912772586 0.046261682242990654 0.0

1745473380
0.9552565707133918 0.044430538172715896 0.0

1745473381
0.95734375 0.04265625 0.0

1745473382
0.9649616768340372 0.035038323165962774 0.0

1745473383
0.9607476635514018 0.03925233644859813 0.0

1745473384
0.9571003601064663 0.04274307186472522 0.0

1745473385
0.9581315419465708 0.04171223246367755 0.0001562255897516013

1745473386
0.94953125 0.0503125 0.0

1745473387
0.95765625 0.0421875 0.0

1745473388
0.9546804188154399 0.04531958118456009 0.0

1745473389
0.9548508045617872 0.04499296984846118 0.0

1745473390
0.9601500234411627 0.039693702140959526 0.0

1745473391
0.9556673479012734 0.04401823612639522 0.0

1745473392
0.9558869214041628 0.04411307859583722 0.0

1745473393
0.95703125 0.04265625 0.0

1745473394
0.9546804188154399 0.045163306766682294 0.0

1745473395
0.9584504842236801 0.04139331458919088 0.0

1745473396
0.9578059071729957 0.042037818409126425 0.0

1745473397
0.9578059071729957 0.042037818409126425 0.0

1745473398
0.95984375 0.04 0.0

1745473399
0.9599185846250196 0.03992484734617191 0.0

1745473400
0.95453125 0.04484375 0.0

1745473401
0.9607048183377515 0.03929518166224856 0.0

1745473402
0.9553711243344817 0.044315690573128716 0.0

1745473403
0.9567126725219574 0.0428168130489335 0.0

1745473404
0.9622553588070829 0.03774464119291705 0.0

1745473405
0.9556180653227067 0.04438193467729333 0.0

1745473406
0.9582877675363225 0.04155600687392595 0.0

1745473407
0.95859375 0.04140625 0.0

1745473408
0.9554617909048289 0.04422566025941553 0.0

1745473409
0.9633156415860131 0.03668435841398689 0.0

1745473410
0.9596862745098039 0.04015686274509804 0.0

1745473411
0.9552820193206606 0.044406357120598317 0.0

1745473412
0.9571003601064663 0.04274307186472522 0.0

1745473413
0.9511284046692607 0.048715953307393 0.0

1745473414
0.9568064868236394 0.04303757991579604 0.0

1745473415
0.9595148078134845 0.04048519218651544 0.0

1745473416
0.9611016026139723 0.03874280379648359 0.0

1745473417
0.9553055164869511 0.04453820909517112 0.0

1745473418
0.9562363238512035 0.04360737730540794 0.0

1745473419
0.9505416862929816 0.04914429266760873 0.0

1745473420
0.9504042288557214 0.04928482587064677 0.0

1745473421
0.9526118235846106 0.04707538317172349 0.0

1745473422
0.9494084682440846 0.049034869240348694 0.0

1745473423
0.9479623824451411 0.05047021943573668 0.0

1745473424
0.9553125 0.04453125 0.0

1745473425
0.9509298327863729 0.04797624628848258 0.0

1745473426
0.9443836900484299 0.05514763318231526 0.0

1745473427
0.9496796374433505 0.0498515393030161 0.0

1745473428
0.9533250078051826 0.04620668123634093 0.00031220730565095225

1745473429
0.9473931423203382 0.05166744950681071 0.0003131360576170346

1745473430
0.9482195614989892 0.05084745762711865 0.0

1745473431
0.9551724137931035 0.04310344827586207 0.00015673981191222572

1745473432
0.9566645807259074 0.041770963704630786 0.00031289111389236547

1745473433
0.95640625 0.041875 0.00015625

1745473434
0.955625 0.04265625 0.00015625

1745473435
0.9436488169364882 0.054638854296388546 0.00046699875466998757

1745473436
0.9540247920916366 0.045661383963596425 0.00015691197238349287

1745473437
0.9579818806622931 0.0415495157763199 0.00031240237425804435

1745473438
0.9534702769996888 0.04497354497354497 0.0001556178026766262

1745473439
0.9461791934724619 0.05319315863800408 0.00015691197238349287

1745473440
0.9239830375373017 0.048217370818281764 0.00015705983979896342

1745473441
0.825285200812627 0.03187998124706985 0.0003125488357555868

1745473442
0.6599937441351267 0.02736940882076947 0.0

1745473443
0.3334901222953904 0.022264032612104107 0.00031357792411414236

1745473444
0.07471084713973117 0.004063769928102532 0.00015629884338855892

1745473445
0.04580988117573483 0.0014071294559099437 0.0

1745473446
0.7082816377171216 0.05877791563275434 0.0007754342431761787

1745473447
0.9574933583372401 0.04188154399124863 0.0

1745473448
0.96515625 0.0346875 0.00015625

1745473449
0.9674338500078284 0.032409581963363084 0.0001565680288085173

1745473450
0.8524411168304477 0.14163157073779442 0.00031196381219778506

1745473451
0.9510827231656022 0.04891727683439788 0.0

1745473452
0.9601880877742947 0.039655172413793106 0.00015673981191222572

1745473453
0.9566702904177667 0.04270849510793601 0.00015530361857431278

1745473454
0.9407058823529412 0.05725490196078432 0.00015686274509803922

1745473455
0.941296180338134 0.05776455854727614 0.00031308703819661864

1745473456
0.9574534647270452 0.04239011418739246 0.00015642108556233381

1745473457
0.9368552672710222 0.06095654892153798 0.00015629884338855892

1745473458
0.9434904776771776 0.05588510771152045 0.00015610365282547612

1745473459
0.96125 0.0384375 0.0003125

1745473460
0.9631307608186221 0.036400562412123104 0.0003124511795032026

1745473461
0.954502960423808 0.04206918043004051 0.0001558117793705204

1745473462
0.9502978990279084 0.04813421135152085 0.00015678896205707118

1745473463
0.94390625 0.0546875 0.00015625

1745473464
0.9484294421003282 0.050789185810282855 0.0003125488357555868

1745473465
0.9596937978440868 0.039837525386658336 0.0003124511795032026

1745473466
0.9575795383655645 0.039301310043668124 0.00015595757953836556

1745473467
0.9568965517241379 0.042789968652037616 0.0

1745473468
0.9411489228847955 0.05791445519825164 0.00015610365282547612

1745473469
0.952841973766396 0.046845721424109935 0.0001561524047470331

1745473470
0.9540193931811073 0.045042227087894904 0.00031279324366593683

1745473471
0.9598500234338385 0.039837525386658336 0.0001562255897516013

1745473472
0.9571808095014847 0.04110017190185967 0.0

1745473473
0.9581184560087513 0.041568995155493046 0.0001562744178777934

1745473474
0.95703125 0.04265625 0.00015625

1745473475
0.956019962570181 0.04164067373674361 0.00015595757953836556

1745473476
0.947921568627451 0.05129411764705882 0.00015686274509803922

1745473477
0.9557149539996881 0.04381724621861843 0.0003118665211289568

1745473478
0.96234375 0.0375 0.0

1745473479
0.9595330739299611 0.040311284046692604 0.0001556420233463035

1745473480
0.9532374100719424 0.04441664060056303 0.00015639662183296842

1745473481
0.9509404388714734 0.048589341692789965 0.00015673981191222572

1745473482
0.95284046692607 0.045914396887159536 0.0

1745473483
0.948581282332654 0.05094842451794952 0.00015676438313215238

1745473484
0.9598494353826851 0.03983688833124216 0.00015683814303638644

1745473485
0.9585669781931464 0.041121495327102804 0.00031152647975077883

1745473486
0.9524851516098781 0.04673335417317912 0.00015629884338855892

1745473487
0.95359375 0.045625 0.00015625

1745473488
0.9496875 0.05 0.00015625

1745473489
0.9575938432542799 0.04177791738652427 0.00031411967959792684

1745473490
0.9636194029850746 0.036069651741293535 0.0001554726368159204

1745473491
0.9615204129516659 0.038010323791647115 0.00031284217112466763

1745473492
0.9449397778820585 0.05380885343344283 0.00015642108556233381

1745473493
0.9532127261384903 0.04647535870243294 0.00015595757953836556

1745473494
0.954538353382284 0.04452429307920638 0.0

1745473495
0.9588656902461826 0.04004362729822374 0.0001558117793705204

1745473496
0.9554858934169279 0.044043887147335425 0.00031347962382445143

1745473497
0.9528051258009064 0.04672605094546023 0.0001562744178777934

1745473498
0.9496875 0.0496875 0.00015625

1745473499
0.9538751176655161 0.04565422026984625 0.00015688735487919673

1745473500
0.9565893885171931 0.04201026917690991 0.00015559358954411078

1745473501
0.9576165154832655 0.041601501407569595 0.00046918986549890525

1745473502
0.9553543552919138 0.04417733374960974 0.00015610365282547612

1745473503
0.9518147684605757 0.04740300375469337 0.0

1745473504
0.9502107070391759 0.04885281723115342 0.0003121585765568909

1745473505
0.9562431629942179 0.04344428817002657 0.0001562744178777934

1745473506
0.9484294421003282 0.05110173464603844 0.0001562744178777934

1745473507
0.95734375 0.0421875 0.0003125

1745473508
0.9560456749569842 0.0434850617863288 0.00031284217112466763

1745473509
0.954112689246137 0.04541907288902763 0.0003121585765568909

1745473510
0.9537427723081732 0.045163306766682294 0.0001562744178777934

1745473511
0.9549577729121052 0.04457303722239599 0.00031279324366593683

1745473512
0.9556912478471896 0.04383904806638485 0.0001565680288085173

1745473513
0.9516404913699269 0.04758202456849635 0.0

1745473514
0.9508376389541255 0.04869265695944888 0.0001565680288085173

1745473515
0.95203125 0.0475 0.0003125

1745473516
0.9522397377867957 0.04713594506009053 0.0003121585765568909

1745473517
0.9565081351689612 0.04333541927409262 0.00015644555694618273

1745473518
0.950580483213053 0.04879196736743018 0.00015688735487919673

1745473519
0.953899046726051 0.04563213002031567 0.0003125488357555868

1745473520
0.9514352211016291 0.04747866563227308 0.0001551590380139643

1745473521
0.9515673981191223 0.04811912225705329 0.00015673981191222572

1745473522
0.956875 0.0428125 0.00015625

1745473523
0.9507889392282456 0.048273707233244804 0.0001562255897516013

1745473524
0.9512271377208066 0.04877286227919337 0.0

1745473525
0.9496402877697842 0.04989052236471692 0.00031279324366593683

1745473526
0.956440281030445 0.0429352068696331 0.000156128024980484

1745473527
0.9530201342281879 0.045887310753862966 0.0003121585765568909

1745473528
0.9488993710691824 0.05078616352201258 0.0

1745473529
0.9487536770397894 0.05078185477628116 0.00015482272797646694

1745473530
0.9557758892036512 0.04375196726471514 0.0003147623544224111

1745473531
0.9513942981772862 0.04798255179934569 0.0003115750116840629

1745473532
0.952976097484768 0.04671145133572879 0.0

1745473533
0.9497888315344909 0.04942906303769748 0.00015642108556233381

1745473534
0.9519200749297534 0.047611614111770215 0.00031220730565095225

1745473535
0.9552800878707045 0.04440608818452848 0.00015691197238349287

1745473536
0.9453781512605042 0.05399937752878929 0.0001556178026766262

1745473537
0.9564130604593032 0.04280581159193876 0.0003124511795032026

1745473538
0.9507759836965042 0.04891048753723154 0.00015676438313215238

1745473539
0.9535825545171339 0.045950155763239874 0.00031152647975077883

1745473540
0.9518867924528301 0.04779874213836478 0.0

1745473541
0.9493690606013397 0.05016357688113413 0.0003115750116840629

1745473542
0.9504067584480601 0.047872340425531915 0.00015644555694618273

1745473543
0.9533146591970122 0.046218487394957986 0.0001556178026766262

1745473544
0.9584375 0.04125 0.00015625

1745473545
0.9490595611285266 0.05047021943573668 0.00015673981191222572

1745473546
0.9543542607882848 0.0450225891883471 0.0004673625175260944

1745473547
0.9569437920776578 0.042273367778299674 0.0001565680288085173

1745473548
0.9431375603676585 0.05608350210313133 0.00015578750584203146

1745473549
0.9541484716157205 0.04538365564566438 0.00015595757953836556

1745473550
0.9464033850493653 0.051089170976335994 0.0003134304967873374

1745473551
0.9540193931811073 0.04535502033156084 0.00031279324366593683

1745473552
0.9530589892035675 0.04631513065248005 0.00015647003598810827

1745473553
0.9477623577108998 0.04974271012006861 0.0003118665211289568

1745473554
0.9489142321512264 0.05077331666927043 0.0001562255897516013

1745473555
0.9539350405996252 0.044815740162398504 0.0001561524047470331

1745473556
0.9538629965592743 0.04582421019705974 0.00015639662183296842

1745473557
0.9508837791334271 0.04864695760988581 0.00015642108556233381

1745473558
0.9476644274332136 0.051710670207780036 0.0003124511795032026

1745473559
0.9501951600312256 0.04902419984387198 0.000156128024980484

1745473560
0.958125 0.04171875 0.0

1745473561
0.95265625 0.04671875 0.0003125

1745473562
0.9496865203761755 0.05 0.00015673981191222572

1745473563
0.9504518541601745 0.04908071050171393 0.0001558117793705204

1745473564
0.9536258948023654 0.0451291627762216 0.0003112356053532524

1745473565
0.9583267561168114 0.041357537490134176 0.00015785319652722967

1745473566
0.9554209381795589 0.04395775085430258 0.00015532774153463808

1745473567
0.948585716518206 0.050789185810282855 0.0001562744178777934

1745473568
0.9431693989071038 0.05620608899297424 0.000156128024980484

1745473569
0.9471379418204566 0.05239286831404442 0.00015639662183296842

1745473570
0.9478125 0.05140625 0.0003125

1745473571
0.9421784653852164 0.05719643694327239 0.0001562744178777934

1745473572
0.9475 0.05109375 0.0003125

1745473573
0.94796875 0.0509375 0.0

1745473574
0.9429195258889582 0.05630068621334997 0.00031191515907673113

1745473575
0.9444096461008455 0.0548073911681804 0.00015659254619480113

1745473576
0.95140625 0.04828125 0.00015625

1745473577
0.944375 0.05390625 0.0003125

1745473578
0.9432314410480349 0.056144728633811605 0.00015595757953836556

1745473579
0.9514639110693597 0.04806638484421481 0.0001565680288085173

1745473580
0.9470717193861572 0.052145317882868775 0.00015659254619480113

1745473581
0.9401122894572677 0.058640049906425455 0.00015595757953836556

1745473582
0.9498515856897359 0.04967973754100922 0.0001562255897516013

1745473583
0.9615625 0.03828125 0.00015625

1745473584
0.961400218784185 0.03844350679793718 0.0001562744178777934

1745473585
0.95625 0.0434375 0.00015625

1745473586
0.9505727286991997 0.04817197552173231 0.00015691197238349287

1745473587
0.9491129785247432 0.050575785869903515 0.0

1745473588
0.9590625 0.0403125 0.000625

1745473589
0.9582747304266291 0.03875605563369276 0.0003125488357555868

1745473590
0.9596510359869138 0.0391026639663499 0.00015578750584203146

1745473591
0.9493730407523511 0.04890282131661442 0.00031347962382445143

1745473592
0.93859375 0.06046875 0.00015625

1745473593
0.9513986560400063 0.04797624628848258 0.0003125488357555868

1745473594
0.9561006092798 0.04358693954069676 0.0003124511795032026

1745473595
0.9522248243559719 0.047306791569086654 0.000156128024980484

1745473596
0.9535318883517855 0.04600031186652113 0.0001559332605644784

1745473597
0.9592540354176461 0.04027581883717286 0.0001567152483936687

1745473598
0.9496166484118291 0.04991394148020654 0.00015647003598810827

1745473599
0.9535391331462426 0.04568132210788899 0.0004677268475210477

1745473600
0.9528656435953649 0.04650798621985593 0.00015659254619480113

1745473601
0.9503590384014986 0.048860443334374025 0.00015610365282547612

1745473602
0.9584439931260741 0.04124355569442275 0.0003124511795032026

1745473603
0.95578125 0.04390625 0.00015625

1745473604
0.9565625 0.043125 0.00015625

1745473605
0.96640625 0.03328125 0.0003125

1745473606
0.9535753232590746 0.045957314223399284 0.00015578750584203146

1745473607
0.9467168155461526 0.05249960821187902 0.0001567152483936687

1745473608
0.9587822014051522 0.040905542544886805 0.000156128024980484

1745473609
0.9560594214229867 0.04331508991399531 0.0001563721657544957

1745473610
0.9516179704681118 0.03974238140119384 0.00031416902293433867

1745473611
0.8548210657915299 0.03875605563369276 0.0001562744178777934

1745473612
0.593837973099781 0.03143572098842665 0.00015639662183296842

1745473613
0.26724003127443313 0.01923377638780297 0.0003127443315089914

1745473614
0.05923836389280677 0.004544742203416392 0.0001567152483936687

1745473615
0.01950991103480568 0.0021851100358982363 0.0

1745473616
0.015625 0.00046875 0.0

1745473617
0.015314892952023753 0.0010939209251445538 0.0001562744178777934

1745473618
0.01562744178777934 0.000781372089388967 0.0

1745473619
0.0153125 0.00078125 0.00015625

1745473620
0.015004688965301657 0.0010940919037199124 0.00015629884338855892

1745473621
0.01546875 0.0009375 0.00015625

1745473622
0.015783716205657133 0.00046882325363338024 0.0

1745473623
0.01546633338540853 0.0010935791282612093 0.0

1745473624
0.4449277613795246 0.039925431101444774 0.00015535187199005747

1745473625
0.9546449796684392 0.04535502033156084 0.0

1745473626
0.9647205744614424 0.035279425538557604 0.0

1745473627
0.9675961987848575 0.032403801215142546 0.0

1745473628
0.9648652906885142 0.03513470931148574 0.0

1745473629
0.9433551198257081 0.055088702147525676 0.0003112356053532524

1745473630
0.9355291913830783 0.06353418669996878 0.00015610365282547612

1745473631
0.9592123769338959 0.04063134864822628 0.0001562744178777934

1745473632
0.964375 0.03546875 0.0

1745473633
0.9639118887673801 0.035931885642868304 0.0001562255897516013

1745473634
0.9585872792623847 0.04125644631973746 0.0001562744178777934

1745473635
0.9424820256330103 0.05673648015004689 0.00015629884338855892

1745473636
0.9518825183565068 0.0476488048742384 0.0003124511795032026

1745473637
0.9543678699796844 0.0450070323488045 0.0003125488357555868

1745473638
0.96078125 0.0390625 0.00015625

1745473639
0.9643694327238631 0.0354742928582591 0.0001562744178777934

1745473640
0.9497966843916171 0.04926493587738505 0.00015639662183296842

1745473641
0.9514366021236728 0.04778263585259213 0.0001561524047470331

1745473642
0.9523511951257616 0.047023902515231995 0.0003124511795032026

1745473643
0.9537815126050421 0.04559601618425148 0.0003112356053532524

1745473644
0.9605386783589102 0.03914813654870028 0.00015659254619480113

1745473645
0.9509942069829341 0.04837952090183185 0.0001565680288085173

1745473646
0.9429598374746054 0.05532114392873887 0.0001562744178777934

1745473647
0.9534375 0.04609375 0.00015625

1745473648
0.9589169000933707 0.04061624649859944 0.0001556178026766262

1745473649
0.9644924135773503 0.03535116533708744 0.00015642108556233381

1745473650
0.95890625 0.040625 0.0003125

1745473651
0.951425885302413 0.04591037292384832 0.00015669069257286117

1745473652
0.9509221631759925 0.04845264145045327 0.00015629884338855892

1745473653
0.95625 0.043125 0.0003125

1745473654
0.9504518541601745 0.04705515736989716 0.0001558117793705204

1745473655
0.95173170349475 0.047954866008462625 0.0001567152483936687

1745473656
0.9493848310232051 0.04921351814359134 0.0001557389814670612

1745473657
0.9545881616035077 0.04494206075790792 0.00015659254619480113

1745473658
0.9562089458867689 0.04269627776040037 0.00031279324366593683

1745473659
0.9584310048445069 0.040943897483981875 0.0001562744178777934

1745473660
0.95421875 0.0453125 0.00015625

1745473661
0.9554617909048289 0.04406938584153774 0.0001562744178777934

1745473662
0.959375 0.03984375 0.00015625

1745473663
0.9560043839048067 0.04352591200876781 0.0003131360576170346

1745473664
0.9617903930131004 0.0375857766687461 0.00031191515907673113

1745473665
0.9579753163568192 0.04155600687392595 0.0003124511795032026

1745473666
0.9637386683338544 0.035948733979368555 0.00015629884338855892

1745473667
0.9578190907670676 0.04077487892516794 0.0001562255897516013

1745473668
0.9595167111250589 0.039855640985407184 0.00015691197238349287

1745473669
0.952536570183629 0.04715219421101774 0.0001556178026766262

1745473670
0.9570714954729941 0.04089915704027474 0.00031220730565095225

1745473671
0.9566781357522678 0.04238348451673444 0.00046918986549890525

1745473672
0.9604625722769182 0.03922487888732615 0.0001562744178777934

1745473673
0.9584375 0.04109375 0.00015625

1745473674
0.9624552110920704 0.0361427013553513 0.0003115750116840629

1745473675
0.9589406049208588 0.03870866635323617 0.0003134304967873374

1745473676
0.95578125 0.04390625 0.00015625

1745473677
0.9604625722769182 0.03922487888732615 0.0001562744178777934

1745473678
0.95546875 0.04390625 0.00015625

1745473679
0.9565285135556248 0.04300405110626363 0.0003116235587410408

1745473680
0.9603448275862069 0.03949843260188088 0.00015673981191222572

1745473681
0.96234375 0.03546875 0.00015625

1745473682
0.9605903595540901 0.038624587847385775 0.0001570105197048202

1745473683
0.9625194401244168 0.03701399688958009 0.00031104199066874026

1745473684
0.9584375 0.04125 0.00015625

1745473685
0.9515625 0.04640625 0.0003125

1745473686
0.9582747304266291 0.041412720737615254 0.0001562744178777934

1745473687
0.9633899361271226 0.03598691384950927 0.00015578750584203146

1745473688
0.9586271744240714 0.04074596458235386 0.0003134304967873374

1745473689
0.9609375 0.03875 0.00015625

1745473690
0.9598060681889271 0.039881138567406944 0.00015639662183296842

1745473691
0.9479020433629699 0.05147402901263454 0.00031196381219778506

1745473692
0.95 0.0496875 0.00015625

1745473693
0.9551401869158879 0.0440809968847352 0.00015576323987538941

1745473694
0.9582679636021336 0.03984938813931597 0.00031377470975839345

1745473695
0.9603434816549571 0.03918813427010148 0.000312256049960968

1745473696
0.9528804007514089 0.046336881653099564 0.00015654351909830932

1745473697
0.9506789449040113 0.04885281723115342 0.00015607928827844546

1745473698
0.9553055164869511 0.04438193467729333 0.0001562744178777934

1745473699
0.958008117389947 0.04152357165157665 0.00031220730565095225

1745473700
0.9531615925058547 0.04652615144418423 0.000156128024980484

1745473701
0.95734375 0.0421875 0.0003125

1745473702
0.9650763953850952 0.034767695665731214 0.00015590894917368256

1745473703
0.9573132454488387 0.04143126177024482 0.00015693659761456373

1745473704
0.9607935020306154 0.0387378944079975 0.00031240237425804435

1745473705
0.9592123769338959 0.0403187998124707 0.0003125488357555868

1745473706
0.9610894941634242 0.038599221789883266 0.0001556420233463035

1745473707
0.9590524003765296 0.040476937558832755 0.00015688735487919673

1745473708
0.96546875 0.03421875 0.0003125

1745473709
0.95796875 0.0415625 0.0003125

1745473710
0.9625 0.03578125 0.0

1745473711
0.9606212739253216 0.0384374019454032 0.00031377470975839345

1745473712
0.95671875 0.04125 0.00015625

1745473713
0.96049766718507 0.038880248833592534 0.00015552099533437013

1745473714
0.9637159837347513 0.0356584297779168 0.00015639662183296842

1745473715
0.95859375 0.04109375 0.00015625

1745473716
0.9634375 0.03640625 0.00015625

1745473717
0.96453125 0.03484375 0.00015625

1745473718
0.96390625 0.0359375 0.00015625

1745473719
0.9629338778074447 0.03612376315376158 0.0

1745473720
0.9668843283582089 0.03296019900497513 0.0001554726368159204

1745473721
0.96484375 0.0346875 0.0003125

1745473722
0.96640625 0.0334375 0.00015625

1745473723
0.9665572745741522 0.0331301765900922 0.0001562744178777934

1745473724
0.9589126698953289 0.04061865333541634 0.0003124511795032026

1745473725
0.9562909772088667 0.04308460817983141 0.00015610365282547612

1745473726
0.9525962887883985 0.04584437860595665 0.0001559332605644784

1745473727
0.9633286318758815 0.035731076633756464 0.0001567152483936687

1745473728
0.9598374746054071 0.04000625097671511 0.0

1745473729
0.9535864978902954 0.04406938584153774 0.0001562744178777934

1745473730
0.9617127676199406 0.037818409126426006 0.0003125488357555868

1745473731
0.95546875 0.04390625 0.0003125

1745473732
0.9585282195198004 0.04069223573433115 0.0003118178983473651

1745473733
0.9517694957720012 0.047604134043219545 0.00015659254619480113

1745473734
0.9516658845612389 0.04770843109651181 0.00031284217112466763

1745473735
0.9569153918201686 0.04230408991570403 0.00015610365282547612

1745473736
0.9603125 0.03703125 0.00015625

1745473737
0.9659375 0.03375 0.0003125

1745473738
0.9606311513825965 0.03890017184814873 0.0003124511795032026

1745473739
0.9598374746054071 0.04000625097671511 0.0

1745473740
0.9531006544094733 0.04643191025241508 0.0003116235587410408

1745473741
0.9577266322217003 0.041647095663065604 0.0003131360576170346

1745473742
0.9589552238805971 0.040733830845771146 0.0001554726368159204

1745473743
0.9592895315938385 0.039924552027664255 0.00031436655139893113

1745473744
0.96015625 0.03953125 0.0003125

1745473745
0.9648327602375742 0.03485464207564864 0.00015629884338855892

1745473746
0.96203125 0.0375 0.0003125

1745473747
0.9692235588189345 0.030620215591313858 0.0001562255897516013

1745473748
0.9684656416692815 0.03122058362096015 0.00031377470975839345

1745473749
0.9593774319066148 0.0398443579766537 0.0001556420233463035

1745473750
0.9557976653696498 0.042490272373540854 0.0001556420233463035

1745473751
0.9531077891424076 0.046420141620771044 0.00015735641227380016

1745473752
0.9629225736095965 0.03692163888456146 0.00015578750584203146

1745473753
0.9620749098887321 0.037768374862874154 0.0001567152483936687

1745473754
0.9657267487147531 0.03396167627356286 0.00015578750584203146

1745473755
0.9634375 0.03640625 0.00015625

1745473756
0.9578125 0.04171875 0.0003125

1745473757
0.9549662639259375 0.04440608818452848 0.00015691197238349287

1745473758
0.962331421485041 0.03751356378855991 0.0001550147263990079

1745473759
0.9593661750862881 0.040476937558832755 0.00015688735487919673

1745473760
0.9579308195699595 0.04175755687129947 0.0001558117793705204

1745473761
0.9580134732884223 0.041516528278239075 0.00031333228889237035

1745473762
0.9574300973923972 0.04225573358466855 0.00015708451146716933

1745473763
0.9578980196475908 0.04163418057071573 0.0003118665211289568

1745473764
0.9596510359869138 0.04019317650724412 0.00015578750584203146

1745473765
0.95828125 0.04125 0.00015625

1745473766
0.961400218784185 0.03844350679793718 0.0001562744178777934

1745473767
0.96015625 0.03921875 0.00015625

1745473768
0.9500546277508974 0.04869673794287498 0.0003121585765568909

1745473769
0.9629282027217269 0.036758955107148446 0.00015642108556233381

1745473770
0.96359375 0.03625 0.00015625

1745473771
0.9619896762083529 0.037697481620522444 0.00015642108556233381

1745473772
0.9624493611717045 0.0373948270489249 0.0001558117793705204

1745473773
0.9619974874371859 0.03753140703517588 0.000314070351758794

1745473774
0.9543542607882848 0.04517837669418913 0.00015578750584203146

1745473775
0.960275258054426 0.03941194870190804 0.00015639662183296842

1745473776
0.9550351288056206 0.04434035909445746 0.000312256049960968

1745473777
0.9562568348695516 0.04311826277144196 0.0003124511795032026

1745473778
0.96359375 0.03609375 0.00015625

1745473779
0.96125 0.0384375 0.00015625

1745473780
0.94828125 0.05109375 0.0003125

1745473781
0.9551422319474836 0.044701469209127855 0.00015629884338855892

1745473782
0.9540625 0.0453125 0.00015625

1745473783
0.96015625 0.039375 0.0003125

1745473784
0.9581322957198444 0.04155642023346304 0.000311284046692607

1745473785
0.952671994985112 0.04685785926970694 0.0001567152483936687

1745473786
0.9618392242727557 0.03784798248357835 0.00031279324366593683

1745473787
0.9579621815908735 0.04172526957337084 0.0001562744178777934

1745473788
0.96078125 0.03890625 0.00015625

1745473789
0.9594952484810718 0.040037389001402086 0.0003115750116840629

1745473790
0.9598808964112208 0.03964895784359818 0.0001567152483936687

1745473791
0.96046875 0.038125 0.00015625

1745473792
0.96234375 0.03734375 0.00015625

1745473793
0.965625 0.03421875 0.00015625

1745473794
0.9618690420378184 0.037818409126426006 0.0003125488357555868

1745473795
0.9609436025620997 0.038743946258397124 0.0001562255897516013

1745473796
0.9595249257696515 0.040162525394592904 0.0001562744178777934

1745473797
0.9571875 0.04203125 0.0003125

1745473798
0.9607751211126738 0.03906860446944835 0.0001562744178777934

1745473799
0.9660619330622459 0.03362527369408821 0.00031279324366593683

1745473800
0.9676865438651264 0.03215735248204808 0.00015610365282547612

1745473801
0.9618332551227905 0.03785390270608478 0.0

1745473802
0.967852684144819 0.031835205992509365 0.00015605493133583021

1745473803
0.9648382559774965 0.03500546960462572 0.0001562744178777934

1745473804
0.9585817383118921 0.03969250078443677 0.00015688735487919673

1745473805
0.9589511471827689 0.04073669424067426 0.00015607928827844546

1745473806
0.9579373734226515 0.041595264059822404 0.0003115750116840629

1745473807
0.9601943269080081 0.039492242595204514 0.0001567152483936687

1745473808
0.9638516671860393 0.035836709255219694 0.0001558117793705204

1745473809
0.9618809561006093 0.03765036713013591 0.0003124511795032026

1745473810
0.9603062978590404 0.03953742772308173 0.0001562744178777934

1745473811
0.9576496327551179 0.042037818409126425 0.0001562744178777934

1745473812
0.95078125 0.04875 0.00015625

1745473813
0.96109375 0.03859375 0.00015625

1745473814
0.9638291237917056 0.035079513564078575 0.00015590894917368256

1745473815
0.9588097102584182 0.040563821456538765 0.00046985121378230227

1745473816
0.9635994375878769 0.036244336822371506 0.0

1745473817
0.9581184560087513 0.041412720737615254 0.0003125488357555868

1745473818
0.96234375 0.03734375 0.0003125

1745473819
0.9609436025620997 0.038743946258397124 0.0003124511795032026

1745473820
0.964375 0.03484375 0.00015625

1745473821
0.9637443350523519 0.03609939052977028 0.0001562744178777934

1745473822
0.9626504141272074 0.03688076261915924 0.0003125488357555868

1745473823
0.96453125 0.03515625 0.00015625

1745473824
0.9573075724524774 0.04222499220941103 0.0003116235587410408

1745473825
0.9600313479623824 0.039655172413793106 0.00015673981191222572

1745473826
0.955625 0.0440625 0.00015625

1745473827
0.95640625 0.04171875 0.00015625

1745473828
0.9656303702546477 0.033900952976097486 0.0003124511795032026

1745473829
0.961400218784185 0.038287232380059384 0.0001562744178777934

1745473830
0.9596510359869138 0.040037389001402086 0.00015578750584203146

1745473831
0.9619241617047948 0.03776245691005954 0.00015669069257286117

1745473832
0.95625 0.04328125 0.0003125

1745473833
0.9571808095014847 0.0425066416627598 0.0001562744178777934

1745473834
0.95828125 0.04078125 0.0003125

1745473835
0.96453125 0.0353125 0.00015625

1745473836
0.9631372549019608 0.03654901960784314 0.00015686274509803922

1745473837
0.9617001401214386 0.0381441693912502 0.00015569048731122528

1745473838
0.9637556631776285 0.0357756600531167 0.0003124511795032026

1745473839
0.9603062978590404 0.03875605563369276 0.0001562744178777934

1745473840
0.9573631214600378 0.04216488357457521 0.00031466331025802394

1745473841
0.9618190284029179 0.03802576439546795 0.0001552072016141549

1745473842
0.9600062490235901 0.039525074207155134 0.0003124511795032026

1745473843
0.9631192373808407 0.03672448820128145 0.0001562744178777934

1745473844
0.9631307608186221 0.03655678800187471 0.0001562255897516013

1745473845
0.9595330739299611 0.0401556420233463 0.0001556420233463035

1745473846
0.9612488233448384 0.0384374019454032 0.00015688735487919673

1745473847
0.96125 0.038125 0.00015625

1745473848
0.9646875 0.03515625 0.00015625

1745473849
0.96 0.0396875 0.00015625

1745473850
0.9607751211126738 0.038912330051570555 0.0001562744178777934

1745473851
0.9626620840493673 0.03702546477112951 0.0001562255897516013

1745473852
0.9610876699484294 0.03859978121581497 0.0003125488357555868

1745473853
0.9575 0.0421875 0.00015625

1745473854
0.9638572986446488 0.03583112634366724 0.00015578750584203146

1745473855
0.9628526645768025 0.03667711598746082 0.00031347962382445143

1745473856
0.9595294117647059 0.04015686274509804 0.00015686274509803922

1745473857
0.9506614785992218 0.04793774319066148 0.000311284046692607

1745473858
0.95875 0.0409375 0.00015625

1745473859
0.9615625 0.038125 0.0003125

1745473860
0.9646031498518634 0.03477311710587869 0.0003118665211289568

1745473861
0.964610084559975 0.03523332289383025 0.00015659254619480113

1745473862
0.9683455481054108 0.03165445189458912 0.0

1745473863
0.9608518634512997 0.038834951456310676 0.00031318509238960227

1745473864
0.958125 0.04125 0.0003125

1745473865
0.9620371816903609 0.03780659271988752 0.0001562255897516013

1745473866
0.9584050039093042 0.04112587959343237 0.0001563721657544957

1745473867
0.9550404480398258 0.04262601120099564 0.00015556938394523958

1745473868
0.9590652446675031 0.04062107904642409 0.00015683814303638644

1745473869
0.9610998281518512 0.038275269489142325 0.0003124511795032026

1745473870
0.9590497030321976 0.04079399812441388 0.0

1745473871
0.9575066395875644 0.04202468364318075 0.0003124511795032026

1745473872
0.961400218784185 0.03844350679793718 0.0001562744178777934

1745473873
0.9546875 0.045 0.00015625

1745473874
0.9534302234724176 0.04610095327394906 0.00046882325363338024

1745473875
0.9615685049211061 0.03811904389939072 0.0001562255897516013

1745473876
0.9617127676199406 0.03813095796218159 0.0001562744178777934

1745473877
0.957680250783699 0.04184952978056426 0.00015673981191222572

1745473878
0.9602803738317757 0.03940809968847352 0.00015576323987538941

1745473879
0.9620253164556962 0.03766213470854821 0.0003125488357555868

1745473880
0.9612560537416028 0.03843149507889392 0.0001562255897516013

1745473881
0.9500471253534402 0.03471567703424442 0.00015708451146716933

1745473882
0.8986412619084804 0.02904888333593628 0.0

1745473883
0.8509142053445851 0.03031723706829192 0.0

1745473884
0.7818068146295717 0.0315723663644889 0.0

1745473885
0.8352794644247237 0.03767709792931652 0.00015569048731122528

1745473886
0.957632398753894 0.04190031152647975 0.00031152647975077883

1745473887
0.9612075707805412 0.03863600813389645 0.0

1745473888
0.9607041810751336 0.038824269097768 0.00031436655139893113

1745473889
0.9649805447470817 0.03470817120622568 0.000311284046692607

1745473890
0.9615625 0.03828125 0.00015625

1745473891
0.9656196280668855 0.03438037193311455 0.0

1745473892
0.9642243399468833 0.0356194344633651 0.0001562255897516013

1745473893
0.9618630822131916 0.03782432010003126 0.00015629884338855892

1745473894
0.96484375 0.0340625 0.00015625

1745473895
0.9657865958443993 0.03374472738634588 0.0001562255897516013

1745473896
0.9635880606344741 0.034692920768870136 0.0001562744178777934

1745473897
0.9673725490196079 0.03184313725490196 0.00015686274509803922

1745473898
0.970432617491441 0.029256146903205726 0.0

1745473899
0.9631134729603001 0.036730228196311346 0.00015629884338855892

1745473900
0.963125 0.0365625 0.0003125

1745473901
0.9710982658959537 0.02843305733479144 0.0001562255897516013

1745473902
0.962181590873574 0.03750586029067042 0.0001562744178777934

1745473903
0.96046875 0.03921875 0.0003125

1745473904
0.95734375 0.0421875 0.00015625

1745473905
0.9542524760257821 0.0452759000157208 0.00015720798616569723

1745473906
0.9554209381795589 0.04411307859583722 0.00015532774153463808

1745473907
0.9584375 0.04 0.00015625

1745473908
0.9641795714062256 0.03566400750821211 0.00015642108556233381

1745473909
0.9562926224426535 0.04308741475511469 0.00030998140111593303

1745473910
0.9614476789929189 0.038080251770259636 0.00015735641227380016

1745473911
0.9596812001875293 0.03922487888732615 0.0001562744178777934

1745473912
0.9640568838881075 0.035943116111892486 0.0

1745473913
0.9655927431967469 0.03425086018142008 0.00015639662183296842

1745473914
0.9659747151552989 0.03371312626814422 0.00015607928827844546

1745473915
0.9644028103044496 0.034504293520686964 0.0

1745473916
0.9648162627052385 0.034870992963252544 0.0003127443315089914

1745473917
0.9592123769338959 0.04047507423034849 0.0003125488357555868

1745473918
0.964693016716138 0.0349945321043587 0.0001562255897516013

1745473919
0.9635740971357409 0.036270236612702365 0.0

1745473920
0.9684705882352941 0.030901960784313724 0.00031372549019607844

1745473921
0.965625 0.03421875 0.00015625

1745473922
0.96765625 0.0321875 0.00015625

1745473923
0.9645257071417409 0.03531801844038131 0.0001562744178777934

1745473924
0.96375 0.03578125 0.0003125

1745473925
0.955319481331042 0.043899390720199966 0.0001562255897516013

1745473926
0.9579621815908735 0.041568995155493046 0.0001562744178777934

1745473927
0.9653125 0.03453125 0.00015625

1745473928
0.96125 0.0384375 0.00015625

1745473929
0.9549929676511955 0.044694483513048916 0.0001562744178777934

1745473930
0.96765625 0.03234375 0.0

1745473931
0.964542330521712 0.03483286472977195 0.00031240237425804435

1745473932
0.96420756486402 0.035792435135979996 0.0

1745473933
0.965 0.03484375 0.00015625

1745473934
0.96734375 0.0321875 0.00015625

1745473935
0.96453125 0.034375 0.00015625

1745473936
0.9660990470239025 0.03343227620684268 0.0003124511795032026

1745473937
0.9647150663544106 0.034972677595628415 0.000156128024980484

1745473938
0.9635538870639763 0.03613327076489911 0.00031284217112466763

1745473939
0.96828125 0.0315625 0.0

1745473940
0.9634375 0.0359375 0.0003125

1745473941
0.95921875 0.03734375 0.0003125

1745473942
0.9644979668439162 0.03534563653425086 0.00015639662183296842

1745473943
0.957695910084296 0.04167967530440212 0.00031220730565095225

1745473944
0.96171875 0.0378125 0.0003125

1745473945
0.9599874960925289 0.03954360737730541 0.00031259768677711783

1745473946
0.96234375 0.03640625 0.00015625

1745473947
0.9595474271543707 0.03952262864228146 0.00030998140111593303

1745473948
0.9642463380059852 0.03559615687509844 0.00015750511891636477

1745473949
0.960618846694796 0.03922487888732615 0.0001562744178777934

1745473950
0.96078125 0.03875 0.00015625

1745473951
0.9678074699171746 0.032192530082825445 0.0

1745473952
0.9646875 0.035 0.00015625

1745473953
0.9672772819790199 0.0325661499921716 0.0001565680288085173

1745473954
0.9616404179011383 0.03789178231716825 0.0001559332605644784

1745473955
0.9625 0.03734375 0.00015625

1745473956
0.9539814669389037 0.04429087482330768 0.0

1745473957
0.9675355080380833 0.030747619790853754 0.00015607928827844546

1745473958
0.970400373890014 0.029443838604143947 0.0

1745473959
0.9600374648766781 0.037620980330939746 0.00031220730565095225

1745473960
0.96234375 0.0375 0.00015625

1745473961
0.9590625 0.040625 0.00015625

1745473962
0.9587564443055773 0.04046242774566474 0.0003124511795032026

1745473963
0.9595330739299611 0.04 0.0001556420233463035

1745473964
0.9530980392156863 0.046431372549019606 0.00015686274509803922

1745473965
0.9610876699484294 0.03875605563369276 0.0

1745473966
0.9627368091435728 0.03663691874119305 0.0003131360576170346

1745473967
0.9615624027388733 0.03828197945845005 0.0001556178026766262

1745473968
0.9674338500078284 0.032409581963363084 0.0001565680288085173

1745473969
0.96359375 0.03625 0.00015625

1745473970
0.9649890590809628 0.03485464207564864 0.00015629884338855892

1745473971
0.9607843137254902 0.038431372549019606 0.00031372549019607844

1745473972
0.9570494864612512 0.042328042328042326 0.0001556178026766262

1745473973
0.9565557118299735 0.042819190498515396 0.0003125488357555868

1745473974
0.9603125 0.03953125 0.00015625

1745473975
0.9623084141382546 0.03628401626524867 0.00015639662183296842

1745473976
0.9628415300546448 0.03715846994535519 0.0

1745473977
0.9584439931260741 0.041087330104671145 0.0001562255897516013

1745473978
0.9525 0.04640625 0.0003125

1745473979
0.95640625 0.043125 0.00015625

1745473980
0.9603125 0.03921875 0.00015625

1745473981
0.9621875 0.03765625 0.00015625

1745473982
0.96109375 0.0384375 0.0003125

1745473983
0.9568965517241379 0.042633228840125395 0.00015673981191222572

1745473984
0.957463384231848 0.04238080398878155 0.0001558117793705204

1745473985
0.9540696766130292 0.04530542102796438 0.0003124511795032026

1745473986
0.9612488233448384 0.03671164104173204 0.00015688735487919673

1745473987
0.9665258876896605 0.0333176912247771 0.00015642108556233381

1745473988
0.9625310945273632 0.037157960199004976 0.0001554726368159204

1745473989
0.96171875 0.03703125 0.00015625

1745473990
0.9602618045815802 0.03942652329749104 0.0003116721209287829

1745473991
0.969848461177941 0.029995313232307454 0.0

1745473992
0.9647390691114246 0.03510421564018179 0.0001567152483936687

1745473993
0.96234375 0.0371875 0.0003125

1745473994
0.95390625 0.04578125 0.00015625

1745473995
0.9629745352288704 0.036713013591626306 0.0001562255897516013

1745473996
0.9684375 0.03140625 0.00015625

1745473997
0.9585872792623847 0.040943897483981875 0.0001562744178777934

1745473998
0.96 0.0396875 0.0003125

1745473999
0.9672489082969432 0.03275109170305677 0.0

1745474000
0.9636762173164239 0.036323782683576014 0.0

1745474001
0.9628183096391189 0.03686923918137791 0.0003124511795032026

1745474002
0.9653070792311299 0.034536646350992344 0.0001562744178777934

1745474003
0.96734375 0.0325 0.0

1745474004
0.9680701205196431 0.03177336046329629 0.00015651901706057285

1745474005
0.9678727386150967 0.03212726138490331 0.0

1745474006
0.9632479974870426 0.030626668760797865 0.0

1745474007
0.9030795685477567 0.03407847428482101 0.0

1745474008
0.8455652717051843 0.02966895690193629 0.0001561524047470331

1745474009
0.7885186923197247 0.029094321914594087 0.0

1745474010
0.779869321717486 0.03360298693217175 0.00031113876789047915

1745474011
0.9604625722769182 0.03938115330520394 0.0001562744178777934

1745474012
0.9594257178526842 0.039950062421972535 0.00031210986267166043

1745474013
0.9545881616035077 0.045098653304102725 0.00015659254619480113

1745474014
0.9590944574551132 0.04059328649492584 0.000156128024980484

1745474015
0.9600124960949703 0.03967510153077163 0.00015620118712902218

1745474016
0.9652690863579474 0.034730913642052566 0.0

1745474017
0.9655709612089111 0.03427325128524692 0.00015578750584203146

1745474018
0.9639737991266376 0.03587024329382408 0.00015595757953836556

1745474019
0.9582745098039216 0.04125490196078432 0.00015686274509803922

1745474020
0.9633956386292835 0.03644859813084112 0.00015576323987538941

1745474021
0.9589341692789969 0.038871473354231974 0.00015673981191222572

1745474022
0.9607751211126738 0.03734958587279262 0.0001562744178777934

1745474023
0.96859375 0.03140625 0.0

1745474024
0.9613285513800094 0.038359582098861686 0.0003118665211289568

1745474025
0.9653984656333177 0.03460153436668233 0.0

1745474026
0.9634317862165963 0.036411939365525864 0.0001562744178777934

1745474027
0.9690673332291829 0.02983908764255585 0.0001562255897516013

1745474028
0.9654633536490077 0.03422409751523676 0.0

1745474029
0.9674758792405851 0.032524120759414875 0.0

1745474030
0.9661176470588235 0.033568627450980396 0.00031372549019607844

1745474031
0.9641527001862198 0.03584729981378026 0.0

1745474032
0.9584579071597168 0.04138473642800944 0.00015735641227380016

1745474033
0.9586002187158257 0.04077487892516794 0.0003124511795032026

1745474034
0.9628066885450852 0.03688076261915924 0.0001562744178777934

1745474035
0.9586002187158257 0.041087330104671145 0.0003124511795032026

1745474036
0.9585029752583777 0.0413404321954275 0.00015659254619480113

1745474037
0.9600810852954935 0.03960704818337751 0.0001559332605644784

1745474038
0.9623378652914518 0.03734958587279262 0.0003125488357555868

1745474039
0.96 0.0396875 0.00015625

1745474040
0.95890625 0.0409375 0.00015625

1745474041
0.96359375 0.03609375 0.00015625

1745474042
0.9656196280668855 0.03422409751523676 0.0001562744178777934

1745474043
0.9615685049211061 0.03796281830963912 0.0001562255897516013

1745474044
0.9525962887883985 0.046935911429908 0.0001559332605644784

1745474045
0.9597934918648311 0.0398936170212766 0.00015644555694618273

1745474046
0.9507273580478649 0.04895979978101048 0.00015642108556233381

1745474047
0.95125 0.04796875 0.00046875

1745474048
0.94890625 0.05015625 0.00015625

1745474049
0.9495929868503444 0.04993738259236068 0.00015654351909830932

1745474050
0.9519862370972787 0.04770096965905536 0.00015639662183296842

1745474051
0.9474914303521346 0.05063882829541913 0.0001558117793705204

1745474052
0.9554617909048289 0.04406938584153774 0.0001562744178777934

1745474053
0.9593686513517737 0.04047507423034849 0.0001562744178777934

1745474054
0.9572809479264109 0.04193950732772061 0.0003118178983473651

1745474055
0.9617914187284685 0.038208581271531476 0.0

1745474056
0.95984375 0.03984375 0.00015625

1745474057
0.9583593262632564 0.04070492825951341 0.00031191515907673113

1745474058
0.9655226453533929 0.03400720890142611 0.0003134304967873374

1745474059
0.9594067135050741 0.04028103044496487 0.000312256049960968

1745474060
0.95296875 0.04625 0.00015625

1745474061
0.9540625 0.04546875 0.00015625

1745474062
0.9615625 0.03796875 0.0003125

1745474063
0.96328125 0.0365625 0.00015625

1745474064
0.960625 0.03875 0.0003125

1745474065
0.9571808095014847 0.04235036724488201 0.0003125488357555868

1745474066
0.95875 0.03890625 0.0003125

1745474067
0.9617127676199406 0.03813095796218159 0.0001562744178777934

1745474068
0.9523883615995021 0.047144857631865565 0.00015559358954411078

1745474069
0.9592412603856404 0.04044521084809531 0.00015676438313215238

1745474070
0.9660672400312744 0.033620015637216574 0.0001563721657544957

1745474071
0.9621756798999688 0.0376680212566427 0.00015629884338855892

1745474072
0.964698531708841 0.03498906591690097 0.00015620118712902218

1745474073
0.953793318763659 0.045582266625039024 0.00031220730565095225

1745474074
0.9590176755826686 0.04066948224620679 0.00015642108556233381

1745474075
0.9557743397405845 0.04375683700578215 0.0001562744178777934

1745474076
0.956875 0.04265625 0.0003125

1745474077
0.9582877675363225 0.04124355569442275 0.0003124511795032026

1745474078
0.96796875 0.031875 0.00015625

1745474079
0.9604563926226946 0.03954360737730541 0.0

1745474080
0.959225121074832 0.04046242774566474 0.0003124511795032026

1745474081
0.9621875 0.03734375 0.00015625

1745474082
0.9571808095014847 0.0425066416627598 0.0001562744178777934

1745474083
0.95 0.04921875 0.00015625

1745474084
0.9625 0.03734375 0.00015625

1745474085
0.9571875 0.04234375 0.00015625

1745474086
0.9602690442671672 0.039418113561708115 0.00031284217112466763

1745474087
0.9576496327551179 0.04172526957337084 0.0003125488357555868

1745474088
0.9619599248591109 0.03757044458359424 0.00031308703819661864

1745474089
0.9638423339540658 0.0361576660459342 0.0

1745474090
0.9583856783919598 0.04082914572864322 0.000314070351758794

1745474091
0.9631595379331876 0.03652825476116141 0.00015610365282547612

1745474092
0.9596949891067538 0.038593215063803296 0.0001556178026766262

1745474093
0.9530980392156863 0.046431372549019606 0.0

1745474094
0.9601188614325931 0.039724741945573974 0.0

1745474095
0.9564470808616922 0.04261629722135498 0.0

1745474096
0.9584375 0.04125 0.0

1745474097
0.9519924694069658 0.047536868528396614 0.00015688735487919673

1745474098
0.9494635359975121 0.04851500544238843 0.0

1745474099
0.9582486317435497 0.041594996090695856 0.0

1745474100
0.9532402322297191 0.04064020084732465 0.0

1745474101
0.838810641627543 0.038497652582159626 0.0

1745474102
0.6873340621583632 0.025144463532719038 0.0

1745474103
0.5986852402566912 0.02410392862732822 0.0

1745474104
0.5141649710439818 0.02144310533729848 0.0

1745474105
0.5873756218905473 0.04088930348258706 0.0003109452736318408

1745474106
0.9577180164775377 0.04212653505362972 0.000155448468832582

1745474107
0.9654522613065326 0.03439070351758794 0.0

1745474108
0.964375 0.035 0.0003125

1745474109
0.965625 0.034375 0.0

1745474110
0.96578125 0.0340625 0.00015625

1745474111
0.96375 0.0359375 0.0003125

1745474112
0.95984375 0.03984375 0.00015625

1745474113
0.9628125 0.03671875 0.0003125

1745474114
0.9645257071417409 0.034536646350992344 0.0

1745474115
0.9679737541009217 0.031557569129823465 0.0001562255897516013

1745474116
0.97171875 0.02828125 0.0

1745474117
0.968276293170808 0.030629785904047507 0.0001562744178777934

1745474118
0.97046875 0.029375 0.0

1745474119
0.9684375 0.03140625 0.00015625

1745474120
0.9634717452388386 0.03621604745551046 0.00015610365282547612

1745474121
0.9666823087752229 0.03300484905365243 0.00015642108556233381

1745474122
0.9590752889721962 0.03889409559512652 0.00031240237425804435

1745474123
0.9614420062695925 0.038557993730407525 0.0

1745474124
0.9643191025241509 0.035213462137737614 0.0001558117793705204

1745474125
0.9590688954850805 0.04061865333541634 0.0003124511795032026

1745474126
0.9665572745741522 0.033286451007969994 0.0001562744178777934

1745474127
0.96140625 0.0384375 0.0

1745474128
0.9661307944435773 0.03355704697986577 0.00015607928827844546

1745474129
0.9643694327238631 0.0354742928582591 0.0001562744178777934

1745474130
0.9677822959024085 0.03190491085392556 0.00015639662183296842

1745474131
0.9591072264710473 0.040580614952395816 0.00015607928827844546

1745474132
0.9610145608266792 0.03851573508689526 0.0003131360576170346

1745474133
0.9615985014049329 0.0379331876365907 0.00015610365282547612

1745474134
0.96015625 0.03953125 0.0003125

1745474135
0.96875 0.03125 0.0

1745474136
0.9639006094702297 0.035943116111892486 0.0001562744178777934

1745474137
0.9653179190751445 0.03421340415560069 0.0003124511795032026

1745474138
0.9617127676199406 0.03719331145491483 0.0

1745474139
0.96671875 0.03296875 0.00015625

1745474140
0.958125 0.04171875 0.00015625

1745474141
0.96234375 0.03734375 0.00015625

1745474142
0.9562431629942179 0.04313173933427098 0.0003125488357555868

1745474143
0.94578125 0.05359375 0.0

1745474144
0.9634375 0.03640625 0.00015625

1745474145
0.9640568838881075 0.03531801844038131 0.0003125488357555868

1745474146
0.9507889392282456 0.048273707233244804 0.0003124511795032026

1745474147
0.9571741169115349 0.04188809002813379 0.00015629884338855892

1745474148
0.9586002187158257 0.03968129979690673 0.0

1745474149
0.9584310048445069 0.040162525394592904 0.0003125488357555868

1745474150
0.95609375 0.0434375 0.0003125

1745474151
0.9648492423058898 0.03452585533510389 0.0003124511795032026

1745474152
0.9606126914660832 0.03923100969052829 0.00015629884338855892

1745474153
0.96140625 0.03828125 0.0003125

1745474154
0.9571808095014847 0.04235036724488201 0.0003125488357555868

1745474155
0.9589126698953289 0.04077487892516794 0.0001562255897516013

1745474156
0.9598813612238526 0.03980643147049641 0.00015610365282547612

1745474157
0.9574534647270452 0.04207727201626779 0.00031284217112466763

1745474158
0.96066187948798 0.03886980955354355 0.00031220730565095225

1745474159
0.958638988606212 0.04089277352895271 0.0003121585765568909

1745474160
0.9539617914187285 0.04572502348888193 0.0

1745474161
0.96078125 0.03875 0.0003125

1745474162
0.96203125 0.03703125 0.00015625

1745474163
0.9628183096391189 0.03686923918137791 0.0001562255897516013

1745474164
0.9663957486714598 0.03360425132854017 0.0

1745474165
0.9603187002030933 0.03936884861740353 0.0003124511795032026

1745474166
0.9614057106997176 0.03812362723564481 0.0

1745474167
0.963112840466926 0.036575875486381325 0.0001556420233463035

1745474168
0.9628125 0.036875 0.00015625

1745474169
0.9699953117674637 0.030004688232536336 0.0

1745474170
0.9681299796906734 0.031557569129823465 0.0001562255897516013

1745474171
0.9647590831124279 0.03399345080305629 0.0001559332605644784

1745474172
0.9539689995302959 0.04571786441208705 0.0001565680288085173

1745474173
0.9585872792623847 0.04125644631973746 0.0001562744178777934

1745474174
0.9595375722543352 0.039837525386658336 0.0001562255897516013

1745474175
0.9551492420690733 0.04360056258790436 0.0003125488357555868

1745474176
0.9574933583372401 0.042037818409126425 0.0001562744178777934

1745474177
0.9637556631776285 0.0357756600531167 0.0001562255897516013

1745474178
0.959375 0.04015625 0.0003125

1745474179
0.960625 0.038125 0.00015625

1745474180
0.96375 0.03515625 0.00015625

1745474181
0.9542115955618066 0.04531958118456009 0.0003125488357555868

1745474182
0.9512576159975004 0.0479612560537416 0.0003124511795032026

1745474183
0.9504610095327395 0.04907016721362713 0.0003125488357555868

1745474184
0.9571875 0.04234375 0.00015625

1745474185
0.959375 0.04015625 0.00015625

1745474186
0.9573370839193625 0.04219409282700422 0.0003125488357555868

1745474187
0.960625 0.0390625 0.00015625

1745474188
0.96046875 0.0390625 0.00015625

1745474189
0.9620253164556962 0.03750586029067042 0.0003125488357555868

1745474190
0.958125 0.040625 0.0

1745474191
0.9617127676199406 0.0379746835443038 0.0003125488357555868

1745474192
0.963125 0.03671875 0.00015625

1745474193
0.95609375 0.0434375 0.00015625

1745474194
0.9592156862745098 0.04015686274509804 0.00015686274509803922

1745474195
0.9528331257783312 0.044364881693648814 0.00031133250311332503

1745474196
0.9539996881334789 0.04381724621861843 0.0001559332605644784

1745474197
0.9583529043369344 0.041490527634257084 0.0001565680288085173

1745474198
0.9585548952142634 0.04097591492023772 0.00031279324366593683

1745474199
0.9587822014051522 0.041217798594847775 0.0

1745474200
0.9561006092798 0.04327448836119356 0.0003124511795032026

1745474201
0.9640625 0.03578125 0.00015625

1745474202
0.96390625 0.03578125 0.00015625

1745474203
0.9574933583372401 0.042037818409126425 0.0001562744178777934

1745474204
0.9506887914840325 0.0486850344395742 0.00031308703819661864

1745474205
0.948265082838387 0.0498593310409503 0.0

1745474206
0.9555659494855004 0.042874961022762705 0.00015590894917368256

1745474207
0.9623378652914518 0.03750586029067042 0.0001562744178777934

1745474208
0.9601624746133417 0.03905639743790033 0.0003124511795032026

1745474209
0.9609375 0.03828125 0.0003125

1745474210
0.955815768930523 0.043871975019516 0.0

1745474211
0.9596433599249179 0.03988737681839512 0.00031284217112466763

1745474212
0.9596875 0.04 0.00015625

1745474213
0.9554617909048289 0.043913111423659945 0.0001562744178777934

1745474214
0.9495233630254727 0.04907016721362713 0.0003125488357555868

1745474215
0.9571473256177666 0.04253988113856741 0.00015639662183296842

1745474216
0.9612923365069456 0.03823942562821914 0.0003121585765568909

1745474217
0.9616344354335621 0.038053649407361195 0.00015595757953836556

1745474218
0.9566306560200407 0.04305620792234226 0.0001565680288085173

1745474219
0.95453125 0.04515625 0.00015625

1745474220
0.961670302274852 0.03801807416640698 0.0001558117793705204

1745474221
0.9573037222395996 0.041914294651235535 0.00031279324366593683

1745474222
0.960075152653828 0.039611711288554875 0.0001565680288085173

1745474223
0.95671875 0.04296875 0.0003125

1745474224
0.9533177205308353 0.046370023419203744 0.000156128024980484

1745474225
0.9605942142298671 0.039093041438623924 0.0001563721657544957

1745474226
0.96671875 0.033125 0.00015625

1745474227
0.9620253164556962 0.037818409126426006 0.0001562744178777934

1745474228
0.9601500234411627 0.03953742772308173 0.0001562744178777934

1745474229
0.9509942069829341 0.04837952090183185 0.0001565680288085173

1745474230
0.9549282595134123 0.04398003742981909 0.00015595757953836556

1745474231
0.9615685049211061 0.03780659271988752 0.0003124511795032026

1745474232
0.960618846694796 0.03922487888732615 0.0001562744178777934

1745474233
0.96265625 0.0371875 0.0

1745474234
0.9575 0.04203125 0.0003125

1745474235
0.9572903629536921 0.0425531914893617 0.00015644555694618273

1745474236
0.95546875 0.0440625 0.0003125

1745474237
0.9586271744240714 0.0410593950791412 0.0003134304967873374

1745474238
0.9562645914396887 0.043268482490272375 0.0001556420233463035

1745474239
0.95875 0.0409375 0.00015625

1745474240
0.95859375 0.04109375 0.0003125

1745474241
0.9537254901960784 0.04549019607843137 0.00031372549019607844

1745474242
0.9604607721046077 0.03922789539227895 0.00031133250311332503

1745474243
0.9565692860490549 0.040306202155913136 0.0001562255897516013

1745474244
0.9642857142857143 0.035558328134747345 0.00015595757953836556

1745474245
0.9587271581600504 0.04095778197857593 0.0001575299306868305

1745474246
0.9539606262594946 0.045264300108510305 0.0004650441791970237

1745474247
0.9552285535378835 0.04414527238572323 0.00015654351909830932

1745474248
0.9579621815908735 0.04172526957337084 0.0003125488357555868

1745474249
0.9557881581002968 0.04327448836119356 0.0001562255897516013

1745474250
0.9629803921568627 0.03592156862745098 0.00015686274509803922

1745474251
0.9078535669586983 0.03410513141426783 0.0

1745474252
0.8564735280337342 0.02889270654380759 0.0

1745474253
0.7365456821026283 0.03175844806007509 0.00015644555694618273

1745474254
0.5351892399124178 0.023146700031279326 0.0

1745474255
0.5908807967631498 0.043728602552131964 0.0001556178026766262

1745474256
0.95375 0.0459375 0.00015625

1745474257
0.9627368091435728 0.03726319085642712 0.0

1745474258
0.95453125 0.04328125 0.0003125

1745474259
0.9558640049906425 0.0421085464753587 0.00015595757953836556

1745474260
0.95140625 0.0478125 0.0003125

1745474261
0.9601500234411627 0.039693702140959526 0.0

1745474262
0.9604810996563574 0.03905029678225554 0.00031240237425804435

1745474263
0.9554548296342608 0.044232572678962176 0.00015629884338855892

1745474264
0.9540625 0.0453125 0.00015625

1745474265
0.9446355958711292 0.05473881764153894 0.00031279324366593683

1745474266
0.9528566968467063 0.04651888854199188 0.00031220730565095225

1745474267
0.9596812001875293 0.04000625097671511 0.0003125488357555868

1745474268
0.9596875 0.04 0.00015625

1745474269
0.958326830029655 0.0412049321055096 0.00015607928827844546

1745474270
0.9589895524715422 0.04054264774676439 0.0003118665211289568

1745474271
0.9645257071417409 0.0354742928582591 0.0

1745474272
0.9630094043887147 0.03652037617554859 0.00031347962382445143

1745474273
0.9643805655366349 0.0354632088736135 0.0001562255897516013

1745474274
0.9643638637074086 0.035636136292591436 0.0

1745474275
0.9620431115276477 0.03764448609809434 0.00015620118712902218

1745474276
0.9584310048445069 0.04110017190185967 0.0001562744178777934

1745474277
0.9645257071417409 0.03531801844038131 0.0001562744178777934

1745474278
0.9596496715670941 0.039881138567406944 0.00031279324366593683

1745474279
0.9527436654748951 0.0466345406497746 0.000310896937665164

1745474280
0.956692295622156 0.043150792405460534 0.00015691197238349287

1745474281
0.95890625 0.04078125 0.00015625

1745474282
0.956868260665729 0.040787623066104076 0.0001562744178777934

1745474283
0.96234375 0.03734375 0.00015625

1745474284
0.9446788560712611 0.0543834974214721 0.0003125488357555868

1745474285
0.95 0.04921875 0.00046875

1745474286
0.9593686513517737 0.04063134864822628 0.0

1745474287
0.95890625 0.040625 0.0003125

1745474288
0.95203125 0.0475 0.00015625

1745474289
0.959225121074832 0.040306202155913136 0.0003124511795032026

1745474290
0.956875 0.04078125 0.00015625

1745474291
0.9598311972491403 0.03985620506408252 0.00015629884338855892

1745474292
0.9596937978440868 0.03890017184814873 0.0001562255897516013

1745474293
0.961400218784185 0.038287232380059384 0.0003125488357555868

1745474294
0.9536372151108335 0.045582266625039024 0.00031220730565095225

1745474295
0.9559443836900484 0.04358693954069676 0.0003124511795032026

1745474296
0.9626854020296643 0.03731459797033568 0.0

1745474297
0.957406827435014 0.04227998747259631 0.00015659254619480113

1745474298
0.9562832967721717 0.04324663115010968 0.00031338138514572234

1745474299
0.9641688736563327 0.035675338837825206 0.00015578750584203146

1745474300
0.95875 0.0409375 0.00015625

1745474301
0.9575331772053084 0.041842310694769715 0.000156128024980484

1745474302
0.9574601188614326 0.0420706912730685 0.00031279324366593683

1745474303
0.9546804188154399 0.0450070323488045 0.0001562744178777934

1745474304
0.9634375 0.03640625 0.00015625

1745474305
0.959375 0.0403125 0.00015625

1745474306
0.9530810134501094 0.045042227087894904 0.00031279324366593683

1745474307
0.9593394609752298 0.04034896401308615 0.00015578750584203146

1745474308
0.9519275792102389 0.04619946933041985 0.00015607928827844546

1745474309
0.9631603699639442 0.035899043737262895 0.0

1745474310
0.96109375 0.03859375 0.00015625

1745474311
0.9604749257928449 0.03890017184814873 0.00046867676925480396

1745474312
0.9516786946972075 0.04769375588327581 0.00015688735487919673

1745474313
0.9567315175097276 0.042957198443579765 0.0001556420233463035

1745474314
0.95609375 0.0434375 0.0003125

1745474315
0.9578538102643857 0.04183514774494557 0.00015552099533437013

1745474316
0.9591772648767467 0.040351703564138794 0.0003140210394096404

1745474317
0.95734375 0.0421875 0.0003125

1745474318
0.953125 0.04609375 0.0003125

1745474319
0.9541686219302362 0.0453621148130768 0.00031284217112466763

1745474320
0.9509375 0.04859375 0.0003125

1745474321
0.9565964090554254 0.042310694769711166 0.000156128024980484

1745474322
0.9546875 0.0446875 0.0003125

1745474323
0.96125 0.03859375 0.00015625

1745474324
0.9634375 0.03625 0.00015625

1745474325
0.96421875 0.035625 0.00015625

1745474326
0.9646875 0.03515625 0.00015625

1745474327
0.9631930423978878 0.03680695760211213 0.0

1745474328
0.9663257277734068 0.03351691581431943 0.00015735641227380016

1745474329
0.9637782982045278 0.035597189695550355 0.000312256049960968

1745474330
0.9650054678956413 0.03468208092485549 0.0001562255897516013

1745474331
0.96046875 0.0384375 0.00015625

1745474332
0.9472278938275484 0.05151562745406 0.00031411967959792684

1745474333
0.9449027237354085 0.0533852140077821 0.0001556420233463035

1745474334
0.9517058731889703 0.04767097678766163 0.0003115750116840629

1745474335
0.9530295913574448 0.04650070455612964 0.0001565680288085173

1745474336
0.9601500234411627 0.03953742772308173 0.0001562744178777934

1745474337
0.9632869864083737 0.036400562412123104 0.0001562255897516013

1745474338
0.9603074992155632 0.039378726074678384 0.00015688735487919673

1745474339
0.96 0.03968871595330739 0.0001556420233463035

1745474340
0.9577663068981699 0.04192085093070546 0.00015642108556233381

1745474341
0.9569086651053864 0.04262295081967213 0.000312256049960968

1745474342
0.9623555139019057 0.0373320837238363 0.00015620118712902218

1745474343
0.9613586787161109 0.0381738859457775 0.0001558117793705204

1745474344
0.9447756510825227 0.054126137433322875 0.00015688735487919673

1745474345
0.9444270995941305 0.05494848579456759 0.00015610365282547612

1745474346
0.95296875 0.0465625 0.0003125

1745474347
0.95609375 0.041875 0.00015625

1745474348
0.961875 0.03796875 0.00015625

1745474349
0.9593305177537932 0.04035664007508212 0.00015642108556233381

1745474350
0.9522322822354043 0.047299406806119264 0.00031220730565095225

1745474351
0.9616404179011383 0.037268049274910335 0.0001559332605644784

1745474352
0.958307210031348 0.04106583072100314 0.00015673981191222572

1745474353
0.9561348735560412 0.04355291913830784 0.00015610365282547612

1745474354
0.94890625 0.05046875 0.0003125

1745474355
0.952933793536241 0.045967994979604646 0.00015688735487919673

1745474356
0.95046875 0.04859375 0.0003125

1745474357
0.9505058365758755 0.0488715953307393 0.0001556420233463035

1745474358
0.94921875 0.05046875 0.00015625

1745474359
0.9493670886075949 0.05000781372089389 0.0001562744178777934

1745474360
0.9518825183565068 0.0474925792844868 0.0003124511795032026

1745474361
0.9492108141897171 0.05047663697452727 0.0001562744178777934

1745474362
0.9517112048757619 0.04781997187060478 0.0001562744178777934

1745474363
0.9455113192818111 0.054020296643247465 0.000156128024980484

1745474364
0.9497566336944575 0.04961532422672319 0.0001570105197048202

1745474365
0.9467704280155642 0.052140077821011675 0.0001556420233463035

1745474366
0.9509375 0.04796875 0.0003125

1745474367
0.9521800281293952 0.047038599781215815 0.0003125488357555868

1745474368
0.9483729662077597 0.05115769712140175 0.0

1745474369
0.9493690606013397 0.0500077893752921 0.0003115750116840629

1745474370
0.9514639110693597 0.04744011272898074 0.0003131360576170346

1745474371
0.9485259709873655 0.05116206520043675 0.00015598190609889253

1745474372
0.9467752035065748 0.052598622417031934 0.00015654351909830932

1745474373
0.9499921862791061 0.04860134395999375 0.0001562744178777934

1745474374
0.9602803738317757 0.03925233644859813 0.00031152647975077883

1745474375
0.9503679348677 0.04916236104587443 0.0001565680288085173

1745474376
0.9445749178017849 0.05511194614059809 0.0001565680288085173

1745474377
0.9597189695550351 0.040124902419984385 0.0

1745474378
0.9566374452097683 0.04289292423293676 0.00015654351909830932

1745474379
0.9538293557947278 0.04570269848697551 0.00015598190609889253

1745474380
0.953125 0.04578125 0.0003125

1745474381
0.95265625 0.0465625 0.0003125

1745474382
0.9559306141584623 0.04375683700578215 0.0001562744178777934

1745474383
0.9475 0.051875 0.00015625

1745474384
0.950625 0.0490625 0.00015625

1745474385
0.954858934169279 0.04467084639498432 0.00015673981191222572

1745474386
0.9508196721311475 0.047619047619047616 0.000156128024980484

1745474387
0.9471386246686418 0.052237642289100265 0.0001559332605644784

1745474388
0.9518691588785047 0.04719626168224299 0.00031152647975077883

1745474389
0.9507759836965042 0.04875372315409939 0.0

1745474390
0.94375 0.055 0.0003125

1745474391
0.9513114496623214 0.047746191298884876 0.00015705983979896342

1745474392
0.9481792717086834 0.05104263927793339 0.0003112356053532524

1745474393
0.9479052251686804 0.051624038914169154 0.00015691197238349287

1745474394
0.9539872532255558 0.04523550443028136 0.000310896937665164

1745474395
0.955436999843088 0.04424917621214498 0.00015691197238349287

1745474396
0.9526921879863056 0.046840958605664486 0.0001556178026766262

1745474397
0.956868260665729 0.0426629160806376 0.0003125488357555868

1745474398
0.95671875 0.0428125 0.00015625

1745474399
0.9502969678024382 0.04923413566739606 0.00015629884338855892

1745474400
0.9529154973495478 0.04661677580293109 0.00015590894917368256

1745474401
0.9509942069829341 0.04853608893064036 0.0003131360576170346

1745474402
0.9573142233992834 0.04252998909487459 0.00015578750584203146

1745474403
0.9583137439272841 0.04121611032753487 0.0001567152483936687

1745474404
0.9623346303501945 0.03766536964980545 0.0

1745474405
0.9512156862745098 0.04737254901960784 0.00031372549019607844

1745474406
0.958072590738423 0.041614518147684604 0.00015644555694618273

1745474407
0.9619107087105838 0.03777708398376522 0.00031220730565095225

1745474408
0.9513824168996583 0.04799627213420317 0.00015532774153463808

1745474409
0.952208772205628 0.04700518786354347 0.00031441597233139445

1745474410
0.9502029347486731 0.048548236028723074 0.00031220730565095225

1745474411
0.956019962570181 0.042420461634435434 0.00031191515907673113

1745474412
0.9548660084626234 0.04450713054380191 0.0003134304967873374

1745474413
0.9562020960425466 0.0434850617863288 0.00015642108556233381

1745474414
0.9551794389594107 0.04403698479862091 0.0001567152483936687

1745474415
0.9570428015564202 0.042490272373540854 0.0001556420233463035

1745474416
0.9515549304578841 0.04781997187060478 0.0001562744178777934

1745474417
0.9529614002187842 0.046569776527582436 0.0001562744178777934

1745474418
0.9433932759968725 0.05582486317435496 0.0001563721657544957

1745474419
0.944148101663006 0.05491057420771886 0.00015688735487919673

1745474420
0.9137230384495155 0.04970303219756174 0.00015629884338855892

1745474421
0.5730847563841454 0.02694657684474385 0.0

1745474422
0.35918686473807665 0.01563721657544957 0.0

1745474423
0.14546875 0.0078125 0.0

1745474424
0.049375 0.001875 0.0

1745474425
0.01939621460972939 0.0012513686844986705 0.0

1745474426
0.4554486184414778 0.041446755665942255 0.0001552312946289972

1745474427
0.9573370839193625 0.0426629160806376 0.0

1745474428
0.9656303702546477 0.03421340415560069 0.0

1745474429
0.9427546404617064 0.05615348619560131 0.00015598190609889253

1745474430
0.9612923365069456 0.03839550491649758 0.00015607928827844546

1745474431
0.9544387036167215 0.044935024268044466 0.0001565680288085173

1745474432
0.9421151439299124 0.05678973717146433 0.00015644555694618273

1745474433
0.956487835308796 0.04335620711166563 0.0

1745474434
0.9542092840283242 0.044846577498033044 0.0003147128245476003

1745474435
0.9510185041206656 0.04851500544238843 0.00015549681231534753

1745474436
0.9488982653539616 0.05063291139240506 0.0

1745474437
0.9547872340425532 0.04474342928660826 0.00015644555694618273

1745474438
0.9423977521073993 0.05682172962847331 0.00015610365282547612

1745474439
0.9553125 0.04453125 0.0

1745474440
0.9521210230817218 0.04600748596381784 0.00015595757953836556

1745474441
0.9534375 0.0459375 0.0003125

1745474442
0.9534555712270804 0.04591756777934493 0.0001567152483936687

1745474443
0.956752537080406 0.04277907884465262 0.000156128024980484

1745474444
0.9570379628183097 0.04249336041243556 0.0001562255897516013

1745474445
0.9405005509208249 0.058712419329450656 0.0

1745474446
0.9495654872749845 0.04981378026070764 0.00015518311607697082

1745474447
0.9578520137371215 0.0418357789572276 0.00015610365282547612

1745474448
0.952909887359199 0.04630788485607009 0.00015644555694618273

1745474449
0.9509942069829341 0.04837952090183185 0.0001565680288085173

1745474450
0.959925152034929 0.03976298144394199 0.0003118665211289568

1745474451
0.9560525492649359 0.04128870816390366 0.00015639662183296842

1745474452
0.9497731184478172 0.04975747144421843 0.00015647003598810827

1745474453
0.9488459139114162 0.05068621334996881 0.00015595757953836556

1745474454
0.9510050251256281 0.04820979899497487 0.000157035175879397

1745474455
0.9457821966754699 0.05313034022059966 0.00015535187199005747

1745474456
0.9565285379202502 0.043158717748240816 0.0001563721657544957

1745474457
0.9507373705679322 0.04832130530279259 0.00015688735487919673

1745474458
0.9520622568093385 0.04638132295719844 0.0001556420233463035

1745474459
0.9474835886214442 0.052047514848390125 0.0

1745474460
0.9557881581002968 0.04405561630995157 0.0

1745474461
0.9499452526200531 0.049116220866572816 0.00031284217112466763

1745474462
0.9570494864612512 0.042483660130718956 0.0001556178026766262

1745474463
0.9659002033474112 0.03409979665258877 0.0

1745474464
0.951926088318196 0.04776072658941435 0.0

1745474465
0.94765625 0.0515625 0.00015625

1745474466
0.96234375 0.03765625 0.0

1745474467
0.9424133061352581 0.05664522203044092 0.00015691197238349287

1745474468
0.9410756040530007 0.05814497272018706 0.0

1745474469
0.9525815005459367 0.04648260801746997 0.0

1745474470
0.9447236180904522 0.05464824120603015 0.0

1745474471
0.9514849945576116 0.04804851500544239 0.0

1745474472
0.9539206497969385 0.044673539518900345 0.00015620118712902218

1745474473
0.9571116656269495 0.042420461634435434 0.0

1745474474
0.9491074224866897 0.049170059505167556 0.0

1745474475
0.9540625 0.0453125 0.0

1745474476
0.953125 0.04640625 0.0

1745474477
0.9512423816221285 0.04844506954211596 0.0

1745474478
0.950625 0.0490625 0.00015625

1745474479
0.9589126698953289 0.04077487892516794 0.0

1745474480
0.9426383244763988 0.05658018130665833 0.0

1745474481
0.9484294421003282 0.05110173464603844 0.0

1745474482
0.95609375 0.04375 0.0

1745474483
0.9573370839193625 0.04235036724488201 0.0

1745474484
0.9606986899563319 0.039301310043668124 0.0

1745474485
0.9635792778649922 0.03610675039246468 0.00015698587127158556

1745474486
0.9501402306014335 0.04892489872234341 0.00046743533811156125

1745474487
0.95671875 0.04296875 0.00015625

1745474488
0.9551632557412905 0.04452429307920638 0.0001562255897516013

1745474489
0.9586867734841344 0.04115614200439836 0.00015708451146716933

1745474490
0.9598880597014925 0.039645522388059705 0.0003109452736318408

1745474491
0.9576257984109674 0.042062626577348494 0.00015578750584203146

1745474492
0.951926088318196 0.047447541497024744 0.00031318509238960227

1745474493
0.9499530810134501 0.04957772912105098 0.00015639662183296842

1745474494
0.9546945789720356 0.043899390720199966 0.0003124511795032026

1745474495
0.9575634199812089 0.041966802380206704 0.00031318509238960227

1745474496
0.9497888315344909 0.049116220866572816 0.00015642108556233381

1745474497
0.9540625 0.04546875 0.0003125

1745474498
0.9576415826221878 0.04189294026377036 0.0003103180760279286

1745474499
0.9527694963125687 0.04691667974266436 0.00015691197238349287

1745474500
0.95390625 0.045625 0.00015625

1745474501
0.9500626174076393 0.049467752035065746 0.00015654351909830932

1745474502
0.9572676232064878 0.042420461634435434 0.00015595757953836556

1745474503
0.9530464824120602 0.04632537688442211 0.000314070351758794

1745474504
0.9598818224226403 0.040118177577359665 0.0

1745474505
0.95046875 0.04890625 0.0

1745474506
0.96046875 0.03921875 0.00015625

1745474507
0.953867880119253 0.04550447199121293 0.00031382394476698575

1745474508
0.9508069522036002 0.048572315332091866 0.00015518311607697082

1745474509
0.9561871859296482 0.043655778894472363 0.0

1745474510
0.9586776859504132 0.0411663807890223 0.0

1745474511
0.953899046726051 0.04563213002031567 0.0

1745474512
0.9343386742067232 0.061420043983663214 0.0

1745474513
0.9480559875583203 0.0510108864696734 0.0

1745474514
0.9436553769314812 0.05572030591540503 0.0

1745474515
0.9096622152395916 0.0812254516889238 0.0

1745474516
0.9302252816020025 0.06648936170212766 0.00015644555694618273

1745474517
0.9133821467518305 0.07664745287427949 0.0

1745474518
0.9209004220728466 0.07456620290761294 0.0

1745474519
0.9490226739640344 0.050351837372947614 0.0001563721657544957

1745474520
0.9545738370277864 0.04527005931938807 0.0

1745474521
0.9461431010398883 0.05261524134719851 0.0

1745474522
0.9540752351097179 0.04482758620689655 0.0

1745474523
0.9589470385459103 0.041052961454089626 0.0

1745474524
0.9683426443202979 0.03165735567970205 0.0

1745474525
0.9723096286972939 0.027690371302706105 0.0

1745474526
0.9745113369820172 0.025332290852228302 0.0

1745474527
0.9050613014775228 0.03285130462118831 0.0

1745474528
0.5451835582052087 0.024788202070913083 0.0

1745474529
0.37199124726477023 0.01625507971241013 0.0

1745474530
0.30878674171357096 0.014227642276422764 0.0

1745474531
0.21897010486774143 0.011895445296603538 0.0

1745474532
0.12045169385194479 0.01866373902132999 0.0

1745474533
0.03234375 0.00421875 0.0

1745474534
0.01235146966854284 0.004534083802376485 0.0

1745474535
0.01483216237314598 0.001405152224824356 0.000156128024980484

1745474536
0.01546875 0.00078125 0.0

1745474537
0.6735863671572424 0.06134779240898528 0.002168861347792409

1745474538
0.9553431526167345 0.04387339392040113 0.0006267627702914447

1745474539
0.9598368371509256 0.03984938813931597 0.0

1745474540
0.9523883858882298 0.04698719950046831 0.0

1745474541
0.9570026483875993 0.04237420158903256 0.0004673625175260944

1745474542
0.9578059071729957 0.0403187998124707 0.0

1745474543
0.9553011292346298 0.04438519447929737 0.0

1745474544
0.9526700918573875 0.04468316985832166 0.0

1745474545
0.9579373734226515 0.04190683907150646 0.0

1745474546
0.9566781357522678 0.04300907100406631 0.0

1745474547
0.9470717193861572 0.05104917005950517 0.0

1745474548
0.95890625 0.0409375 0.00015625

1745474549
0.9534302234724176 0.04610095327394906 0.0001562744178777934

1745474550
0.954375 0.04546875 0.0

1745474551
0.9542115955618066 0.04563213002031567 0.0

1745474552
0.9461526455439363 0.05259872014983612 0.00015607928827844546

1745474553
0.9484326018808777 0.0506269592476489 0.0

1745474554
0.9534992954438704 0.04634413652732112 0.0

1745474555
0.9529961089494163 0.04669260700389105 0.0

1745474556
0.95296875 0.04671875 0.0

1745474557
0.9581184560087513 0.04172526957337084 0.0

1745474558
0.958125 0.0415625 0.00015625

1745474559
0.9414810166300596 0.05632256040163163 0.0

1745474560
0.9573673564649137 0.042477049945542245 0.0

1745474561
0.9637590210229056 0.03624097897709445 0.0

1745474562
0.9536114570361146 0.04638854296388543 0.0

1745474563
0.9339784610582176 0.06539722178866865 0.0

1745474564
0.9554199906147348 0.044580009385265136 0.0

1745474565
0.9632869864083737 0.035931885642868304 0.0

1745474566
0.9431161118924832 0.05594624160025004 0.0

1745474567
0.9588612544971062 0.04113874550289379 0.0

1745474568
0.9589511471827689 0.04089277352895271 0.0

1745474569
0.9565285135556248 0.04300405110626363 0.0

1745474570
0.9470219435736678 0.052664576802507836 0.0

1745474571
0.9593813466645836 0.04046242774566474 0.0

1745474572
0.9526200188264826 0.0433009099466583 0.0

1745474573
0.7853231106243155 0.03442340791738382 0.0

1745474574
0.5460959548447789 0.021636876763875823 0.0

1745474575
0.23870564327028296 0.0131311552290136 0.0

1745474576
0.052260992020028166 0.0057893913315600065 0.0

1745474577
0.02877247849882721 0.003909304143862392 0.0

1745474578
0.028928850664581705 0.003127443315089914 0.0

1745474579
0.0289152860268834 0.0025007814942169426 0.0

1745474580
0.40154798761609906 0.20479876160990712 0.0

1745474581
0.9887482419127989 0.011095483669323333 0.0

1745474582
0.98688729316266 0.012956603184514517 0.0

1745474583
0.9873279098873592 0.008135168961201502 0.0

1745474584
0.9957786116322702 0.004221388367729831 0.0

1745474585
0.9956071540633825 0.0034515218073423283 0.0

1745474586
0.9951758481170246 0.004357298474945534 0.0

1745474587
0.9974996093139553 0.0025003906860446945 0.0

1745474588
0.9937490232848882 0.004219409282700422 0.0

1745474589
0.9928102532041263 0.004220068771491091 0.0

1745474590
0.9949788168837282 0.0036089753648203358 0.0

1745474591
0.9881435257410296 0.00514820592823713 0.0

1745474592
0.9832890832422302 0.004529126971732001 0.0

1745474593
0.8122641509433962 0.005660377358490566 0.0

1745474594
0.5592156862745098 0.0037647058823529413 0.00015686274509803922

1745474595
0.39235349420244436 0.004387339392040113 0.0

1745474596
0.32184808144087707 0.003758809710258418 0.0

1745474597
0.2489048811013767 0.002190237797246558 0.0

1745474598
0.21728240450845335 0.0036005009392611146 0.0

1745474599
0.1802561699468916 0.0018744142455482662 0.0

1745474600
0.16306390977443608 0.0017230576441102756 0.0

1745474601
0.1331662227792574 0.0031333228889237038 0.0

1745474602
0.12199312714776632 0.002655420181193377 0.0

1745474603
0.10620991709682465 0.0020334741123103394 0.0

1745474604
0.08829054477144646 0.0026612398246712585 0.00015654351909830932

1745474605
0.07523854215548256 0.0014077897700610043 0.0

1745474606
0.057746478873239436 0.003129890453834116 0.0

1745474607
0.03302034428794992 0.044444444444444446 0.00031298904538341156

1745474608
0.005164319248826291 0.011111111111111112 0.0

1745474609
0.0087527352297593 0.008283838699593623 0.00031259768677711783

1745474610
0.013904077487892517 0.0037494141540384317 0.0001562255897516013

1745474611
0.014846069698390373 0.0012501953430223472 0.0

1745474612
0.01546875 0.0009375 0.0

1745474613
0.014846069698390373 0.0014064697609001407 0.0

1745474614
0.015314892952023753 0.0021878418502891076 0.0

1745474615
0.01515861853414596 0.0012501953430223472 0.0

1745474616
0.015310107795656929 0.0010935791282612093 0.0

1745474617
0.015004688965301657 0.0009377930603313535 0.0

1745474618
0.01546875 0.00109375 0.0

1745474619
0.014988290398126464 0.003278688524590164 0.000312256049960968

1745474620
0.015014075695964968 0.0023459493274945262 0.0

1745474621
0.01469209127852454 0.0026570803376055017 0.0

1745474622
0.0153125 0.0009375 0.0

1745474623
0.01437949359174742 0.0031259768677711786 0.0

1745474624
0.015473585495467334 0.0032822757111597373 0.0

1745474625
0.015153882205905328 0.0009373535385096079 0.0001562255897516013

1745474626
0.01625 0.00234375 0.0

1745474627
0.015939990623534926 0.0 0.0

1745474628
0.01625 0.00203125 0.0

1745474629
0.01609375 0.00171875 0.0

1745474630
0.016096265041412722 0.0 0.0

1745474631
0.016111371812920383 0.0020334741123103394 0.0

1745474632
0.016229712858926344 0.0018726591760299626 0.0

1745474633
0.01609878086902157 0.00015629884338855892 0.0

1745474634
0.01640625 0.001875 0.0

1745474635
0.01609878086902157 0.0009377930603313535 0.0

1745474636
0.01640625 0.001875 0.0

1745474637
0.01625 0.00203125 0.0

1745474638
0.0159375 0.0003125 0.0

1745474639
0.016408813877168308 0.001875293014533521 0.0

1745474640
0.01609878086902157 0.003594873397936855 0.00015629884338855892

1745474641
0.016091235744414935 0.0003124511795032026 0.0

1745474642
0.01625507971241013 0.001875586120662707 0.0

1745474643
0.01625 0.0 0.0

1745474644
0.016101297483195248 0.0020322025949663907 0.0

1745474645
0.016403686923918137 0.0017184814872676145 0.0

1745474646
0.015622558975160131 0.00046867676925480396 0.0

1745474647
0.016408813877168308 0.001875293014533521 0.0

1745474648
0.01609878086902157 0.00031259768677711783 0.0

1745474649
0.01578125 0.00046875 0.0

1745474650
0.01609375 0.0021875 0.0

1745474651
0.015471167369901548 0.0006250976715111736 0.0

1745474652
0.016403686923918137 0.002030932666770817 0.0

1745474653
0.01625507971241013 0.001875586120662707 0.0

1745474654
0.016096265041412722 0.0 0.0

1745474655
0.01609878086902157 0.002031884964051266 0.0

1745474656
0.016244923461418308 0.00015620118712902218 0.0

1745474657
0.01625507971241013 0.001875586120662707 0.0

1745474658
0.01609375 0.0021875 0.0

1745474659
0.016091235744414935 0.0001562255897516013 0.0

1745474660
0.01625507971241013 0.001875586120662707 0.0

1745474661
0.016388325269236774 0.0015607928827844546 0.0

1745474662
0.016108852048795745 0.00046918986549890525 0.0

1745474663
0.01594248202563301 0.002188183807439825 0.0

1745474664
0.0159375 0.0003125 0.0

1745474665
0.015939990623534926 0.0023441162681669013 0.0

1745474666
0.016252539459290515 0.001875293014533521 0.0

1745474667
0.015939990623534926 0.0001562744178777934 0.0

1745474668
0.01640625 0.001875 0.0

1745474669
0.015939990623534926 0.0001562744178777934 0.0

1745474670
0.016252539459290515 0.0020315674324113144 0.0

1745474671
0.016252539459290515 0.001875293014533521 0.0

1745474672
0.01609375 0.00015625 0.0

1745474673
0.01625 0.00203125 0.0

1745474674
0.015471167369901548 0.000781372089388967 0.0

1745474675
0.01562988433885589 0.00046889653016567677 0.0

1745474676
0.0153125 0.00296875 0.0

1745474677
0.01625 0.0 0.0

1745474678
0.016096265041412722 0.0020315674324113144 0.0

1745474679
0.016247461334166536 0.0003124511795032026 0.0

1745474680
0.01609375 0.00015625 0.0

1745474681
0.016252539459290515 0.001875293014533521 0.0

1745474682
0.016252539459290515 0.001875293014533521 0.0

1745474683
0.052927400468384074 0.1812646370023419 0.0

1745474684
0.7565339141257 0.14887990043559426 0.0

1745474685
0.99671875 0.00328125 0.0

1745474686
0.9852941176470589 0.004849812265331665 0.0

1745474687
0.99546875 0.004375 0.0

1745474688
0.9804595904330154 0.007659840550257933 0.0

1745474689
0.995625 0.004375 0.0

1745474690
0.98263182600532 0.0064152714755124395 0.0

1745474691
0.9957726632221701 0.004227336777829967 0.0

1745474692
0.9865855560754953 0.006551240056153486 0.0

1745474693
0.9975046787273861 0.002495321272613849 0.0

1745474694
0.9902836545995926 0.005641748942172073 0.0

1745474695
0.9957805907172996 0.003125488357555868 0.0

1745474696
0.9926539543607378 0.004220068771491091 0.0

1745474697
0.9984375 0.0015625 0.0

1745474698
0.9987496092528916 0.0012503907471084713 0.0

1745474699
0.9959375 0.00390625 0.0

1745474700
0.99921875 0.00078125 0.0

1745474701
0.9963994990607389 0.0034439574201628053 0.0

1745474702
0.9965689332501559 0.0034310667498440423 0.0

1745474703
0.9978080475966807 0.002191952403319242 0.0

1745474704
0.9967254015281459 0.003118665211289568 0.0

1745474705
0.9993744135126681 0.0006255864873318737 0.0

1745474706
0.996721823290665 0.0032781767093349986 0.0

1745474707
0.9984375 0.0015625 0.0

1745474708
0.99640625 0.00328125 0.0

1745474709
0.999218627910611 0.000781372089388967 0.0

1745474710
0.996875488204968 0.0031245117950320263 0.0

1745474711
0.998122946973252 0.0018770530267480056 0.0

1745474712
0.99796875 0.00203125 0.0

1745474713
0.9967207995003123 0.003123048094940662 0.0

1745474714
0.9990627928772259 0.0009372071227741331 0.0

1745474715
0.99578125 0.003125 0.0

1745474716
0.9992183836173206 0.000781616382679381 0.0

1745474717
0.9965705378020265 0.0032735775526110678 0.0

1745474718
0.9992180168908351 0.0007819831091648421 0.0

1745474719
0.9954588161603508 0.0029752583777012216 0.0

1745474720
0.99875 0.00125 0.0

1745474721
0.9948485794567593 0.0029659694036840464 0.0

1745474722
0.9959375 0.0040625 0.0

1745474723
0.9990625 0.0009375 0.0

1745474724
0.9965592743196747 0.0032843290584923367 0.0

1745474725
0.9992196035586077 0.0007803964413922273 0.0

1745474726
0.9968715782887533 0.003128421711246676 0.0

1745474727
0.998125 0.001875 0.0

1745474728
0.9964096159850141 0.0034342803621604744 0.0

1745474729
0.9976514795678723 0.0012525442304681385 0.0

1745474730
0.9968779269434904 0.0031220730565095223 0.0

1745474731
0.99734375 0.0025 0.0

1745474732
0.9971892567145534 0.0028107432854465957 0.0

1745474733
0.9985930905111771 0.0014069094888228856 0.0

1745474734
0.9987511707773962 0.0010927255697783327 0.0

1745474735
0.9964023150320663 0.0035976849679336775 0.0

1745474736
0.9989072744302216 0.0009366219169528567 0.0

1745474737
0.9949953081013451 0.0046918986549890525 0.0

1745474738
0.9965619628066885 0.0026566651039224877 0.0

1745474739
0.9981247069854665 0.001875293014533521 0.0

1745474740
0.995929868503444 0.003757044458359424 0.0

1745474741
0.9976631874123695 0.0012463000467362517 0.0

1745474742
0.9985950671245707 0.001248829222603809 0.0

1745474743
0.9978080475966807 0.002035384374510725 0.0

1745474744
0.9954729940680612 0.004058694973462379 0.0

1745474745
0.9960894728609416 0.0021898951978726734 0.0

1745474746
0.9934426229508196 0.002654176424668228 0.0

1745474747
0.993430314406382 0.003754106053496011 0.0

1745474748
0.995921568627451 0.002352941176470588 0.00015686274509803922

1745474749
0.9917509727626459 0.004202334630350194 0.0

1745474750
0.9959381346664584 0.0012498047180128104 0.0

1745474751
0.99671875 0.001875 0.0

1745474752
0.9942178465385216 0.0021878418502891076 0.0

1745474753
0.9943732416380119 0.003907471084713973 0.0

1745474754
0.9940625 0.00421875 0.0

1745474755
0.9949796046438657 0.0012550988390335738 0.0

1745474756
0.9919066147859922 0.004513618677042802 0.0

1745474757
0.9932802000312548 0.0017190185966557275 0.0

1745474758
0.991875 0.005 0.0

1745474759
0.9953110346983433 0.0012503907471084713 0.0

1745474760
0.9907884465261514 0.004059328649492584 0.0

1745474761
0.9895181476846058 0.004380475594493116 0.0

1745474762
0.9914049070167213 0.001875293014533521 0.0

1745474763
0.9881212879024696 0.005470459518599562 0.0

1745474764
0.9945149663062216 0.0018805829807240243 0.0

1745474765
0.9867021276595744 0.004693366708385482 0.0

1745474766
0.990936083763088 0.001562744178777934 0.0

1745474767
0.984119570294255 0.004826405106647984 0.0

1745474768
0.9897991211550533 0.0026679221594475833 0.0

1745474769
0.9863035019455253 0.001867704280155642 0.0

1745474770
0.9820200125078173 0.0050031269543464665 0.0

1745474771
0.9746478873239437 0.0020344287949921754 0.0

1745474772
0.9708829054477145 0.005165936130244208 0.0

1745474773
0.963653454488485 0.0031333228889237038 0.0

1745474774
0.9378901373283396 0.002028714107365793 0.0

1745474775
0.8992625137297976 0.0053350070610387575 0.0

1745474776
0.8738851509935848 0.002034110467845408 0.0

1745474777
0.6992645908308559 0.005319981223595682 0.0

1745474778
0.7054676484411718 0.002663324455585148 0.00015666614444618518

1745474779
0.61415596617601 0.004384591293454432 0.0

1745474780
0.5382325289877782 0.004387339392040113 0.0

1745474781
0.5754259809285602 0.001719556041894638 0.0

1745474782
0.5309125058694631 0.0043825324776960405 0.0

1745474783
0.491769869885562 0.0015676438313215238 0.0

1745474784
0.4839718530101642 0.0053166536356528534 0.0001563721657544957

1745474785
0.44557556773688334 0.003915426781519186 0.0

1745474786
0.44989838987025166 0.0020322025949663907 0.0

1745474787
0.4140087554721701 0.004690431519699813 0.0

1745474788
0.37746787840802254 0.0012535255405828893 0.0

1745474789
0.3456964006259781 0.004694835680751174 0.0

1745474790
0.3225503984997656 0.001875293014533521 0.0

1745474791
0.33860115787826633 0.0034423407917383822 0.0

1745474792
0.30690897697007674 0.0012533291555694814 0.0

1745474793
0.30120481927710846 0.001095290251916758 0.0

1745474794
0.2969555035128806 0.004527712724434036 0.0

1745474795
0.2760890003133814 0.002820432466311501 0.0

1745474796
0.27143304130162704 0.0025031289111389237 0.0

1745474797
0.25630186315954284 0.001565680288085173 0.0

1745474798
0.24632467938692523 0.001094776352830779 0.0

1745474799
0.23062470643494598 0.004540472835447002 0.0

1745474800
0.22458554895214264 0.004066312167657179 0.0

1745474801
0.21985926505082096 0.00109460516028147 0.0

1745474802
0.217894572188331 0.003910527139058345 0.0

1745474803
0.20502810743285446 0.0009369144284821987 0.0

1745474804
0.19740137758296805 0.004852849092047589 0.0

1745474805
0.17412390488110138 0.002190237797246558 0.0

1745474806
0.1862576303020817 0.0026608232900297386 0.0

1745474807
0.17414413006096607 0.003908081913396905 0.0

1745474808
0.17080793874042818 0.0010939209251445538 0.0

1745474809
0.1688087774294671 0.0020376175548589342 0.00015673981191222572

1745474810
0.1625838664378218 0.002964581057887346 0.0

1745474811
0.157927688214118 0.0018782282047268744 0.0

1745474812
0.14658540396937023 0.0012501953430223472 0.0

1745474813
0.1403948605452836 0.0006267627702914447 0.0

1745474814
0.1399812734082397 0.004525593008739076 0.0

1745474815
0.13945098039215686 0.00407843137254902 0.0

1745474816
0.13109375 0.00109375 0.0

1745474817
0.140402936123692 0.003904419803217242 0.0

1745474818
0.13046202036021926 0.0007830853563038371 0.0

1745474819
0.11726078799249531 0.004534083802376485 0.00015634771732332708

1745474820
0.11521025480694075 0.002188525871502267 0.0

1745474821
0.10258808855628312 0.0026504521359526035 0.0

1745474822
0.09852525886413555 0.0034515218073423283 0.0

1745474823
0.09210320562939797 0.0006254886630179827 0.0

1745474824
0.08075601374570447 0.0012496094970321774 0.00015620118712902218

1745474825
0.08614759224515323 0.003595997498436523 0.0

1745474826
0.08651439299123904 0.0014080100125156445 0.0

1745474827
0.08444305185649381 0.003446655177816074 0.0

1745474828
0.08144442707519149 0.000781616382679381 0.0

1745474829
0.07674273210378244 0.003751172241325414 0.0

1745474830
0.07519149601375645 0.002188525871502267 0.0001563232765358762

1745474831
0.06538401376505552 0.0029720006256843423 0.0

1745474832
0.06303769748162052 0.000782105427811669 0.0

1745474833
0.04764136207435177 0.0009372071227741331 0.00015620118712902218

1745474834
0.030966531122927746 0.00390991554582421 0.0

1745474835
0.021130067303177336 0.019877915166692753 0.0

1745474836
0.04931120851596744 0.0031308703819661866 0.0

1745474837
0.03888802124004373 0.06668749023895049 0.0

1745474838
0.012511729746637473 0.03878636221457617 0.0

1745474839
0.0038865697423348207 0.012523391391967755 0.00014394702749388226

1745474841
0.01454248366013072 0.001715686274509804 0.0004084967320261438

1745474842
0.002499218994064355 0.013901905654482974 0.00015620118712902218

1745474843
0.02875 0.0015625 0.0

1745474844
0.030952008754103488 0.000781616382679381 0.0001563232765358762

1745474845
0.01858503826331407 0.015617679212868968 0.0

1745474846
0.021864750898016556 0.022020927690145246 0.00015617679212868969

1745474847
0.026443436081990297 0.028321076513847597 0.00015647003598810827

1745474848
0.11278667923342758 0.03078856424756519 0.0

1745474849
0.0036027568922305762 0.021616541353383457 0.0

1745474850
0.023969920100266332 0.021149929500235 0.0

1745474851
0.024390243902439025 0.007348342714196373 0.0

1745474852
0.019537355423569866 0.012347608627696155 0.0

1745474853
0.028285669635880608 0.003438037193311455 0.0

1745474854
0.023448491480381427 0.008285133656401438 0.0

1745474855
0.01938408629044865 0.012662185399405971 0.0

1745474856
0.019227763013912772 0.018289823354697515 0.0001563232765358762

1745474857
0.02504304272969166 0.015025825637814995 0.0

1745474858
0.015471167369901548 0.011095483669323333 0.0

1745474859
0.014064697609001406 0.0023441162681669013 0.0

1745474860
0.014066895904970303 0.0025007814942169426 0.00015629884338855892

1745474861
0.01390625 0.00203125 0.0

1745474862
0.08154372860255213 0.011515717398070339 0.0

1745474863
0.6144936609798091 0.03474722178744717 0.0

1745474864
0.06556603773584906 0.006603773584905661 0.0007861635220125787

1745474865
0.033900952976097486 0.002968286205280425 0.0001562255897516013

1745474866
0.047395588925387144 0.00031284217112466763 0.0

1745474867
0.03921262302765193 0.012498047180128105 0.0006249023590064052

1745474868
0.046336881653099564 0.014558547276142768 0.00015654351909830932

1745474869
0.03878029710711493 0.0032838154808444097 0.0

1745474870
0.0296681664791901 0.003093363329583802 0.0

1745474872
0.031659207691032656 0.0071274656058345764 0.0001657550140891762

1745474873
0.11081670822942644 0.011066084788029925 0.0

1745474874
0.30009377930603315 0.01015942482025633 0.0

1745474875
0.43513597999374803 0.006408252578930916 0.0

1745474876
0.5248515160987809 0.012347608627696155 0.00031259768677711783

1745474877
0.6540025015634772 0.014227642276422764 0.00031269543464665416

1745474878
0.7088864594721225 0.00468530376386069 0.0

1745474879
0.7623963710308149 0.0004692632566870014 0.0

1745474880
0.7202873652975168 0.0009370607527721381 0.0

1745474881
0.7507822277847309 0.0006257822277847309 0.0

1745474882
0.7502734802312861 0.0026566651039224877 0.0006250976715111736

1745474883
0.750039080819134 0.0098483664217602 0.0056276379552915425

1745474884
0.7368421052631579 0.0006247071685147587 0.0

1745474885
0.7348247809762203 0.00046933667083854817 0.0

1745474886
0.7352297592997812 0.0006251953735542357 0.0

1745474887
0.7280400125039075 0.0006251953735542357 0.0

1745474888
0.7178805876836512 0.0006251953735542357 0.0

1745474889
0.6899624765478424 0.00046904315196998124 0.0

1745474890
0.6365483820540878 0.0006252931061435048 0.0

1745474891
0.6197249140356361 0.0006251953735542357 0.0

1745474892
0.5644152595372107 0.0009380863039399625 0.0

1745474893
0.5192247577367928 0.00046889653016567677 0.0

1745474894
0.4500547131467876 0.0009379396592152572 0.0

1745474895
0.34469815451986235 0.0007819831091648421 0.0

1745474896
0.24374609130706693 0.00031269543464665416 0.0

1745474897
0.17979987492182614 0.0026579111944965606 0.0

1745474898
0.06763738844527947 0.001095976201659621 0.0

1745474899
0.01 0.00625 0.0

1745474900
0.019071439737376895 0.002188525871502267 0.0

1745474901
0.014073494917904612 0.01923377638780297 0.0

1745474902
0.01994361491072361 0.004803174271692597 0.004698757439699279

1745474904
0.01623646960865945 0.01582014987510408 0.0016652789342214821

1745474905
0.016242386381383728 0.015149148836482898 0.00031235358425737937

1745474906
0.016413944036267 0.015476004377051744 0.0001563232765358762

1745474907
0.016408813877168308 0.015783716205657133 0.0

1745474908
0.016103814884302688 0.0075046904315197 0.008286429018136336

1745474909
0.016411378555798686 0.01015942482025633 0.005001562988433885

1745474910
0.016426783479349186 0.011107634543178974 0.004067584480600751

1745474911
0.016416510318949345 0.00859912445278299 0.0059412132582864294

1745474912
0.016575449569976544 0.0053166536356528534 0.009851446442533229

1745474913
0.016585823814739477 0.01095290251916758 0.003911750899702707

1745474914
0.0165625 0.011875 0.003125

1745474915
0.016413944036267 0.01234953884633422 0.002970142254181648

1745474916
0.016426783479349186 0.011107634543178974 0.004536921151439299

1745474917
0.01657285803627267 0.011569731081926203 0.003595997498436523

1745474918
0.007818608287724784 0.02220484753713839 0.002032838154808444

1745474919
0.00578305720537668 0.020787746170678335 0.006095654892153798

1745474920
0.011431255872220483 0.014093329157532102 0.01659880989664892

1745474921
0.014104372355430184 0.021626704278326282 0.018805829807240243

1745474922
0.014429109159347553 0.019761606022584692 0.02070263488080301

1745474923
0.011112850211300674 0.018938801064329314 0.01627797777429958

1745474924
0.013275027330938622 0.017647977510541934 0.007184132437919725

1745474925
0.01533886367193614 0.015808420723117857 0.007356393801846924

1745474926
0.013450109477635284 0.014857679074132 0.0032843290584923367

1745474927
0.013304116450148694 0.013930192518390984 0.004226013460635467

1745474928
0.016416510318949345 0.01172607879924953 0.003595997498436523

1745474929
0.015793588741204064 0.01125879593432369 0.005160281469898358

1745474930
0.012846623844587185 0.013159956133479554 0.007049976500078333

1745474931
0.016103814884302688 0.008911819887429643 0.006566604127579738

1745474932
0.016270337922403004 0.013923654568210262 0.0015644555694618273

1745474933
0.006434400502197113 0.01804770872567483 0.001569365976145637

1745474934
0.0048536088930640365 0.018475027399405042 0.0

1745474935
0.0051707928549044185 0.018176120338451895 0.0

1745474936
0.004699984333385555 0.01879993733354222 0.0

1745474937
0.004855889724310777 0.01801378446115288 0.0

1745474938
0.005324146570623238 0.01675540244284372 0.00015659254619480113

1745474939
0.008136441871381631 0.008136441871381631 0.00015647003598810827

1745474940
0.006423311922293592 0.011123296255679148 0.0

1745474941
0.004383904806638484 0.016439643024894316 0.0

1745474942
0.0071976216554529805 0.009544672195274604 0.00015647003598810827

1745474943
0.007047768206734534 0.008927173061863743 0.00015661707126076742

1745474944
0.006419289181149209 0.012525442304681384 0.0

1745474945
0.006418284283030683 0.010018785222291797 0.0006261740763932373

1745474946
0.005324980422866093 0.015348472983555208 0.00015661707126076742

1745474947
0.008450704225352112 0.009389671361502348 0.0

1745474948
0.007673034763545255 0.008612590040714062 0.00015659254619480113

1745474949
0.006432381550047066 0.009727016002510198 0.0

1745474950
0.011109372555155688 0.0051635111876075735 0.0

1745474951
0.01453125 0.001875 0.00015625

1745474952
0.0131311552290136 0.002970142254181648 0.0

1745474953
0.012664165103189493 0.00375234521575985 0.0

1745474954
0.009389671361502348 0.006729264475743349 0.00046948356807511736

1745474955
0.009538702111024238 0.006567630961688819 0.0003127443315089914

1745474956
0.005303384807362346 0.0021837466853844955 0.0

1745474957
0.00046875 0.0003125 0.0

1745474958
0.004855889724310777 0.005325814536340852 0.0

1745474959
0.012509773260359656 0.0032838154808444097 0.0006254886630179827

1745474960
0.014232092586800126 0.0020331560838285894 0.00031279324366593683

1745474961
0.012347608627696155 0.004845264145045327 0.0

1745474962
0.01359375 0.00265625 0.0

1745474963
0.013904077487892517 0.0023433838462740197 0.0

1745474964
0.013597999374804626 0.0015629884338855893 0.0007814942169427947

1745474965
0.013441700531416068 0.0009377930603313535 0.0017192872772741482

1745474966
0.01344590368980613 0.0012507817385866166 0.0014071294559099437

1745474967
0.015459088069956278 0.00046845721424109934 0.0003123048094940662

1745474968
0.015803473634798938 0.0012517602879048662 0.0006258801439524331

1745474969
0.018918073796122578 0.0025015634771732333 0.00046904315196998124

1745474970
0.020003125488357556 0.001875293014533521 0.0003125488357555868

1745474971
0.024256651017214397 0.0032863849765258214 0.0006259780907668231

1745474972
0.022215269086357948 0.0020337922403003755 0.00015644555694618273

1745474973
0.02062822315986873 0.0014064697609001407 0.0003125488357555868

1745474974
0.01671613810342134 0.0010935791282612093 0.0001562255897516013

1745474975
0.015011727912431588 0.003909304143862392 0.0001563721657544957

1745474977
0.01440809968847352 0.0018821391484942886 6.490134994807892e-05

1745474978
0.02282029021456034 0.0009921865310678407 0.0

1745474982
0.015775192015821185 0.00119578714988732 4.599181345720462e-05

1745474985
0.015550415825992816 0.0007381526499680134 0.0

1745474989
0.01553442200583488 0.0012882203614594779 3.788883416057288e-05

1745474992
0.021767522855899 0.009958641706573792 5.4418807139747494e-05

1745474993
0.6417045276515745 0.03885320382265393 0.0

1745474994
0.7446476011876856 0.03922487888732615 0.0

1745474995
0.23422291993720565 0.014756671899529042 0.00015698587127158556

1745474996
0.0159375 0.0003125 0.0

1745474997
0.015935010154663334 0.0001562255897516013 0.0

1745474998
0.01594248202563301 0.00031259768677711783 0.0

1745474999
0.015935010154663334 0.0001562255897516013 0.0

1745475000
0.01609375 0.00015625 0.0

1745475001
0.01594497420665937 0.0001563232765358762 0.0

1745475002
0.01607867624102404 0.00031220730565095225 0.0

1745475003
0.015805946791862285 0.0 0.0

1745475004
0.016088722274289285 0.00031240237425804435 0.0

1745475005
0.015788650930123497 0.0003126465530717524 0.0

1745475006
0.01594248202563301 0.00015629884338855892 0.0

1745475007
0.013758599124452783 0.0025015634771732333 0.0

1745475008
0.00611764705882353 0.009568627450980392 0.00015686274509803922

1745475009
0.011242973141786383 0.005309181761399126 0.0

1745475010
0.007667031763417305 0.008605851979345954 0.0

1745475013
0.013528498558438679 0.00249500998003992 5.5444666223109334e-05

1745475014
0.015771392879450345 0.0010930668332292317 0.0

1745475015
0.016091235744414935 0.0001562255897516013 0.0

1745475016
0.015939990623534926 0.0003125488357555868 0.0

1745475017
0.016091235744414935 0.00046867676925480396 0.0

1745475018
0.016091235744414935 0.0003124511795032026 0.0

1745475019
0.01594248202563301 0.00015629884338855892 0.0

1745475020
0.016096265041412722 0.0 0.0

1745475021
0.015939990623534926 0.0003125488357555868 0.0

1745475022
0.01594248202563301 0.00031259768677711783 0.0

1745475023
0.015935010154663334 0.0001562255897516013 0.0

1745475024
0.01609878086902157 0.00015629884338855892 0.0

1745475025
0.015939990623534926 0.0003125488357555868 0.0

1745475026
0.015788650930123497 0.0 0.0

1745475027
0.016091235744414935 0.0003124511795032026 0.0

1745475028
0.01578125 0.00046875 0.0

1745475029
0.003758221108675227 0.012057626056999686 0.00015659254619480113

1745475031
0.013733393043737871 0.0023884161815196296 0.0

1745475032
0.015916575192096598 0.0008781558726673985 0.0

1745475035
0.014938795903072696 0.002598051461403947 0.00019985011241568823

