1745357525
0.14813664596273293 0.015372670807453416 0.0

1745357526
0.17762258994990132 0.01700318809776833 0.0

1745357527
0.1377873784909736 0.012806665638018824 0.0

1745357528
0.11701296672394938 0.009217309795344478 0.0

1745357529
0.17557596747477788 0.01505797319680771 0.0

1745357530
0.1733495959749962 0.020582405854550997 0.00045738679676779996

1745357531
0.11962997804954531 0.014267795547193478 0.0

1745357532
0.12879597131085 0.023653288570120556 0.0

1745357533
0.13341822297679684 0.04187889077532541 0.0001414827391058291

1745357534
0.12377755072252226 0.019121296161144358 0.0

1745357536
0.1262656343061346 0.021590232281119715 0.0007444907683144729

1745357537
0.12195488721804511 0.04045112781954887 0.0

1745357538
0.1611085016439643 0.025364020666979802 0.0

1745357539
0.11580254579323192 0.030891027631170444 0.0

1745357540
0.16347361809045227 0.023084170854271356 0.0

1745357541
0.11938663745892661 0.0208105147864184 0.0

1745357542
0.20522955305564 0.027211918516266344 0.0

1745357543
0.1611711199545196 0.035673678226264924 0.00042637862421830583

1745357544
0.4833181680315438 0.062329390354868064 0.00015165301789505612

1745357545
0.826530612244898 0.03787878787878788 0.0

1745357546
0.3757090909090909 0.048872727272727276 0.00014545454545454546

1745357547
0.17890743550834598 0.023823975720789075 0.0

1745357548
0.17840664410950477 0.02245462934481698 0.0

1745357549
0.18534891064098516 0.023839595832017682 0.0

1745357550
0.18293838862559242 0.027014218009478674 0.0

1745357551
0.20268495549394425 0.044506055742010796 0.0

1745357552
0.3939617083946981 0.043593519882179674 0.0004418262150220913

1745357553
0.21493763310009126 0.022360815333130515 0.0

1745357554
0.16591509874047583 0.029855387964546728 0.00031099362463069506

1745357555
0.17778457772337822 0.047582619339045285 0.0

1745357556
0.177491601343785 0.025335946248600225 0.0

1745357557
0.16206209057248647 0.021219025918541724 0.0

1745357558
0.16684740511231602 0.02927962819519752 0.00015491866769945777

1745357559
0.18514269324537502 0.03714326688656246 0.0

1745357560
0.36324853847369254 0.026702480644651604 0.0

1745357561
0.19476923076923078 0.02676923076923077 0.0

1745357562
0.14924218991648625 0.030003093102381688 0.0001546551190844417

1745357564
0.15791695988740323 0.01688951442646024 0.00014074595355383532

1745357565
0.15211225556053143 0.025974025974025976 0.0

1745357566
0.2555161240549298 0.04675204443758679 0.0

1745357567
0.16836494748393166 0.017557610910801064 0.0

1745357568
0.18389766741911212 0.02874341610233258 0.00015048908954100828

1745357569
0.15300805305542398 0.028580451602715932 0.0

1745357570
0.14281600921393608 0.019147710912755543 0.0

1745357571
0.13567534827377348 0.019079345850999394 0.0

1745357572
0.13727660920449153 0.02150877747904476 0.0

1745357573
0.17318757192174913 0.02474108170310702 0.0

1745357574
0.15340996168582374 0.025593869731800768 0.0001532567049808429

1745357575
0.14877757901013716 0.030709600477042336 0.0

1745357576
0.1375112714156898 0.021340547039374814 0.00015028554253080853

1745357577
0.125625 0.0221875 0.0

1745357578
0.15287200361827227 0.026533996683250415 0.0

1745357579
0.13291139240506328 0.020494273658830622 0.0001506931886678722

1745357580
0.11757142857142858 0.02157142857142857 0.0

1745357581
0.0010980392156862745 0.003137254901960784 0.0

1745357582
0.14138505834217305 0.01697226852553417 0.0

1745357583
0.15045213595260368 0.02728406610539445 0.0

1745357584
0.1313595860879563 0.016240298936475998 0.0

1745357585
0.15066810013822762 0.02795269543848871 0.0006143449546920596

1745357586
0.14428977697949408 0.028588534650501422 0.000299356383774884

1745357587
0.14174972314507198 0.020091757633285873 0.00031640563202024995

1745357588
0.14439489466400124 0.014916192526526218 0.0

1745357589
0.14586939417781275 0.023760818253343825 0.0007867820613690008

1745357590
0.13802734087902396 0.02675290313097163 0.0008819638394825813

1745357591
0.0973724884080371 0.015919629057187017 0.0001545595054095827

1745357592
0.09546357110126776 0.019550939361539635 0.0001527417137620284

1745357594
0.11734317343173432 0.02848708487084871 0.0002952029520295203

1745357595
0.061586176340274704 0.01284891448825875 0.0002953773445576724

1745357596
0.13744930148715637 0.03590205798407691 0.0

1745357597
0.13788767812238056 0.03129365744621403 0.0002794076557697681

1745357598
0.10416984878570337 0.03482511073774248 0.0

1745357599
0.1384051329055912 0.044912923923006415 0.0

1745357600
0.13258565063757874 0.03011215240436319 0.0

1745357601
0.09376899696048632 0.014285714285714285 0.0

1745357602
0.09929372663066058 0.027973964824816507 0.0

1745357603
0.1217564870259481 0.024105634884078 0.0

1745357604
0.1562688366485835 0.018685955394816153 0.0

1745357605
0.17004747518342683 0.015393468565674005 0.0

1745357606
0.24751415022181428 0.0283004436285758 0.0

1745357607
0.2948463067747362 0.044961003211500226 0.0

1745357608
0.3182171144587669 0.05901537505823886 0.0

1745357609
0.3000472515356749 0.05213419436131674 0.00015750511891636477

1745357610
0.2993532491530644 0.06405913150600555 0.0

1745357611
0.28161178770109757 0.10178920463088258 0.0

1745357612
0.18652207591014716 0.09558481797056545 0.00015491866769945777

1745357613
0.21908663328781672 0.11106053709604005 0.00015172204521316947

1745357614
0.20350766313793647 0.09732975193553484 0.00015800284405119292

1745357615
0.6267605633802817 0.17330067360685855 0.0

1745357616
0.5519287833827893 0.09667343432765892 0.0

1745357617
0.31206116398814165 0.06116398814167577 0.0

1745357618
0.23003858711783912 0.05149896111605818 0.0

1745357619
0.4045592705167173 0.1290273556231003 0.00015197568389057752

1745357620
0.22338568935427575 0.07187053783912423 0.0

1745357621
0.21326577614002765 0.05389221556886228 0.0

1745357622
0.2370255615801704 0.06816421378776143 0.0

1745357624
0.21756430297001564 0.06593718914310075 0.00014210601108426886

1745357625
0.3394073839328157 0.09570591031532245 0.00031690698779908097

1745357626
0.4631520839083632 0.2594534915815622 0.0001380071763731714

1745357627
0.42314200182220485 0.22322009631654302 0.0003904724716907458

1745357628
0.3457631649291633 0.16960705693664796 0.0

1745357629
0.29596079596079594 0.11107811107811108 0.0001485001485001485

1745357630
0.30104795173070814 0.08018418545570022 0.0

1745357631
0.24314329738058552 0.07503852080123266 0.00015408320493066256

1745357632
0.2666979508837791 0.07070233067417488 0.00015642108556233381

1745357633
0.26410012674271227 0.05782636248415716 0.0

1745357634
0.5541743400859422 0.1121853898096992 0.0

1745357635
0.2851817334575955 0.06088847468157813 0.0

1745357636
0.2502972651605232 0.06777645659928656 0.00014863258026159333

1745357637
0.29636973764490543 0.10906040268456375 0.0003050640634533252

1745357638
0.3340954122847127 0.09190672153635117 0.00015241579027587258

1745357639
0.2719094152318908 0.07584923220102373 0.0

1745357640
0.7119287487224413 0.19097678493210687 0.0001460067163089502

1745357642
0.8717682020802378 0.10267459138187221 0.0

1745357643
0.8466453674121406 0.10649627263045794 0.00015213753232922562

1745357644
0.8476380572188955 0.11244178310046574 0.0003992015968063872

1745357645
0.8527047281646001 0.12004360267066358 0.0001362583458236817

1745357646
0.8294980694980695 0.12664092664092663 0.00015444015444015445

1745357647
0.840758540070139 0.12222366541109235 0.0

1745357648
0.8410477749665128 0.13201369251376693 0.0

1745357649
0.7946159936658749 0.15866983372921614 0.00015835312747426763

1745357650
0.8089275191514437 0.15733647613435475 0.0

1745357651
0.8108278249921309 0.1528171230720806 0.00015738117721120554

1745357652
0.7687221282485007 0.16961402429647854 0.00015377518068583732

1745357653
0.8046944198405669 0.1545615589016829 0.0

1745357654
0.7794816745897868 0.18080049072228185 0.0012268057046465265

1745357655
0.7204255319148937 0.22836879432624113 0.0043971631205673755

1745357656
0.7587359465208143 0.18429048921300517 0.010331206320267397

1745357657
0.7524737631184408 0.19805097451274362 0.0047976011994002995

1745357659
0.7785304247990815 0.17508610792192883 0.003444316877152698

1745357660
0.8450268817204301 0.12594086021505377 0.0012096774193548388

1745357661
0.8352324819908317 0.12586771447282252 0.0003929273084479371

1745357662
0.7686280307510349 0.10940272028385571 0.00029568302779420464

1745357663
0.8081483733657646 0.1340833079963515 0.0

1745357664
0.788497506234414 0.17222568578553615 0.0

1745357665
0.7658108954289292 0.19693174702567315 0.0007827175954915466

1745357666
0.767246835443038 0.19272151898734177 0.00047468354430379745

1745357668
0.7367357251136938 0.19037392622536634 0.00012632642748863063

1745357669
0.8021112102289623 0.14540588760035683 0.0002973535533749628

1745357670
0.826363073110285 0.1452912019826518 0.0

1745357671
0.8167067307692307 0.1485877403846154 0.00015024038461538462

1745357672
0.812539184952978 0.15564263322884012 0.0014106583072100312

1745357673
0.8092086736130667 0.1574204449450859 0.0014080540692762602

1745357674
0.8048374905517762 0.15600907029478459 0.0021164021164021165

1745357675
0.6299580027998134 0.17078861409239385 0.00031109037175299425

1745357676
0.3290399880185712 0.153362288452898 0.0001497678598172832

1745357677
0.45320876091285034 0.15239699800888346 0.0

1745357678
0.6361968816875573 0.1420055029043106 0.0

1745357679
0.49282296650717705 0.13597777434789318 0.0030868961259453618

1745357680
0.3905325443786982 0.10982825804589406 0.0007216048491845865

1745357681
0.4014678326046221 0.12101811367895066 0.0

1745357682
0.34360189573459715 0.08341232227488152 0.0001579778830963665

1745357683
0.5716321038467627 0.15640335602342884 0.0

1745357684
0.49969788519637465 0.1610271903323263 0.0

1745357685
0.3972537878787879 0.11979166666666667 0.004261363636363636

1745357686
0.3259538389072068 0.13754121526142252 0.024964672633066416

1745357687
0.4244019858582819 0.14427561305852263 0.024672784714908982

1745357688
0.5026086956521739 0.14102766798418973 0.0308300395256917

1745357689
0.3459342694028699 0.1164943681530628 0.04567196420305508

1745357690
0.3278663629460896 0.15398633257403188 0.03067577828397874

1745357691
0.2818802358051505 0.12519391870927707 0.038163201985727584

1745357692
0.26525642976715874 0.10850707654847055 0.04778572515598843

1745357693
0.2736475798797849 0.12954761151534325 0.0007908889591901297

1745357694
0.31709239987385685 0.09066540523494165 0.0001576789656259855

1745357695
0.2822170900692841 0.0852963818321786 0.0

1745357696
0.43341367881892134 0.2318469418499548 0.0

1745357698
0.3441531984245552 0.16148309113133233 0.0

1745357699
0.3110803324099723 0.1146814404432133 0.015373961218836565

1745357700
0.2143521388716677 0.07191568505889646 0.06199628022318661

1745357701
0.3969668542839275 0.09193245778611632 0.18964978111319575

1745357702
0.377376276512176 0.056087981146897094 0.32600157109190886

1745357703
0.23211613289434302 0.0591140377132595 0.32595031427716253

1745357704
0.23295718039882515 0.05410418921007884 0.12243005101252126

1745357705
0.2035740878629933 0.05569620253164557 0.19940431868950112

1745357706
0.15952159055607332 0.06430568499534017 0.0966138552345449

1745357707
0.16030085791514867 0.07262898107885768 0.0005876131155247385

1745357708
0.16847907046030092 0.06241620735885595 0.0

1745357709
0.6416714367487121 0.2010589582140813 0.0034344590726960505

1745357710
0.42450731087094723 0.09742530197075652 0.01859504132231405

1745357711
0.3447565818502721 0.12545962641564937 0.02676864244741874

1745357712
0.6042424242424242 0.15787878787878787 0.00015151515151515152

1745357713
0.575676944748787 0.10799812177179527 0.0

1745357714
0.3181818181818182 0.08551617873651772 0.0003081664098613251

1745357715
0.28586593873218075 0.10479223536548378 0.0009099181073703367

1745357716
0.3802530854553976 0.2155913138572098 0.013904077487892517

1745357718
0.11154072455240817 0.09111540724552408 0.03278137345549298

1745357719
0.3236570402513841 0.08140056860691307 0.02468951069878797

1745357720
0.7680151706700379 0.1774652338811631 0.006321112515802781

1745357721
0.5732612055641422 0.2687789799072643 0.0026275115919629057

1745357722
0.33100786700311713 0.12973133442184948 0.00029686804215526197

1745357723
0.325112455405615 0.0882581045447495 0.0003102218085931441

1745357724
0.5476718403547672 0.11054798859676908 0.0

1745357725
0.3162754303599374 0.06682316118935837 0.005790297339593114

1745357726
0.19871291790927642 0.052425051012399936 0.04080991994977241

1745357728
0.21326083673161153 0.049237275336051954 0.028696571514876906

1745357729
0.20613262910798122 0.04856220657276995 0.08817488262910798

1745357730
0.382381280110117 0.13282863041982107 0.015691672401927047

1745357731
0.7620869033047736 0.19002447980416157 0.0009179926560587516

1745357732
0.7649414664202094 0.17390634627233517 0.0

1745357733
0.538562091503268 0.09019607843137255 0.0

1745357734
0.37445464119151495 0.0708590341507447 0.00015044380923724988

1745357735
0.3484107579462103 0.07533618581907091 0.0001528117359413203

1745357736
0.5950092994420335 0.2995970241785493 0.00015499070055796651

1745357737
0.696113074204947 0.25119065908741744 0.0

1745357738
0.7556634304207119 0.15916446013533392 0.0

1745357739
0.8085955487336914 0.12463545663852647 0.00015349194167306216

1745357740
0.46924649992134654 0.13528393896492055 0.0

1745357741
0.3457319980925131 0.0909235415673184 0.018439039898267368

1745357742
0.32800124242894857 0.10715949681627582 0.019723559558937724

1745357743
0.33731906859660166 0.07457520453115167 0.00015733165512901197

1745357744
0.2635839950179044 0.062276194924490116 0.0015569048731122529

1745357745
0.20810142238713666 0.04700061842918986 0.00046382189239332097

1745357746
0.24253322908522282 0.05144644253322909 0.03893666927286943

1745357747
0.2033246113590888 0.04078805602585809 0.1308296136678467

1745357748
0.18275700203411047 0.041151619464872474 0.14489125332498826

1745357749
0.17264504054897067 0.025577043044291953 0.2545227698066126

1745357750
0.17671830350428636 0.035794856369378854 0.28665964806737854

1745357751
0.13614103819784526 0.04337484259129705 0.2847348537848048

1745357752
0.27779349363507777 0.09038189533239038 0.05799151343705799

1745357753
0.274879302289363 0.054664382494938484 0.2079115402585267

1745357754
0.25681818181818183 0.06212121212121212 0.17075757575757575

1745357755
0.24949510641603231 0.03930402361348454 0.3010719279167314

1745357757
0.14435762776995004 0.02728320737799411 0.44396054822595105

1745357758
0.07951438258777206 0.020780925298042218 0.47205512413868533

1745357759
0.08392189447444952 0.02534275031159119 0.5065780362830633

1745357760
0.07406862023266088 0.02267707259608305 0.5201001325283463

1745357761
0.1487099296325254 0.03846755277560594 0.40578577013291633

1745357762
0.12010073980796473 0.02266645679206674 0.44624586809381395

1745357763
0.1417023300047551 0.04739261372642257 0.3315897923601205

1745357764
0.19934282584884994 0.05632921295571898 0.24487560632138947

1745357766
0.23298783235691753 0.04675529517800811 0.26002703920684994

1745357767
0.1104633323105247 0.0245474071801166 0.2821417612764652

1745357768
0.21915881277254184 0.05978337318891546 0.3045435363623576

1745357769
0.10451015124676387 0.04060498705545715 0.35849570786210655

1745357770
0.18145869947275922 0.03236672524897481 0.2997949619214997

1745357771
0.14730650982488971 0.03141291271220425 0.3876487100654993

1745357772
0.17654417513682563 0.036278342455043 0.4217357310398749

1745357774
0.19992479318124842 0.08661318626222111 0.29330659313111057

1745357775
0.44849819153955023 0.10174555747759081 0.00581852492530272

1745357776
0.3352691885104379 0.1269816355360226 0.0029822633809449065

1745357777
0.2079067569696015 0.07717750826901874 0.0012600409513309182

1745357778
0.4270769230769231 0.11861538461538461 0.0006153846153846154

1745357779
0.29480659577746954 0.06118045923871167 0.06364617044228695

1745357780
0.1505530814538141 0.025571038643873008 0.22223818416894126

1745357781
0.1517071453713481 0.09714889123548047 0.08130939809926083

1745357782
0.2288135593220339 0.08355634849836456 0.05307760927743087

1745357783
0.19082819986310745 0.06639288158795345 0.1134839151266256

1745357784
0.17107114933541828 0.09210320562939797 0.19906176700547304

1745357785
0.6458927359131025 0.13455532926001357 0.045892735913102514

1745357786
0.8538129052176597 0.07548626119172584 0.01960481630132757

1745357787
0.6218740107628996 0.05618866729977841 0.11047799936688825

1745357788
0.3653754940711462 0.053280632411067196 0.1740711462450593

1745357790
0.18010778103431976 0.037250638177176894 0.3098232012858088

1745357792
0.12833168805528133 0.042941757156959526 0.36999012833168804

1745357793
0.22558655675332911 0.07133798351299937 0.11826252377932783

1745357794
0.2716992665036675 0.046149144254278726 0.2078239608801956

1745357795
0.4471868772037406 0.09136900199294803 0.14824467269661198

1745357796
0.1958215297450425 0.039748583569405097 0.3801345609065156

1745357798
0.751482730550064 0.2021165251773462 0.014303988835911153

1745357799
0.8025641025641026 0.16561085972850678 0.01085972850678733

1745357800
0.7913576725613235 0.17698231602966344 0.011694238448374215

1745357801
0.7699437775414071 0.1396444309375475 0.043306488375626805

1745357802
0.5207672557015557 0.0886573025222776 0.18275185017368978

1745357803
0.19931538820600592 0.09117784347284892 0.3482184533997199

1745357804
0.7804006833359217 0.18543252057772946 0.015530361857431278

1745357805
0.7959083670219282 0.16905549430356487 0.015925517579321327

1745357807
0.5815692138191548 0.09120956952860627 0.1423624773746754

1745357808
0.1305694895249336 0.03186780761286515 0.29403953968722335

1745357810
0.14255268766279897 0.0319677954061094 0.37603599336964244

1745357811
0.1848831739062255 0.0479849458993257 0.39877685432021326

1745357812
0.2041351643264928 0.04814071902484184 0.3467057552846783

1745357813
0.08494101318528799 0.04288688410825815 0.3684941013185288

1745357814
0.1828281225202349 0.07982859863513728 0.11998095540390415

1745357815
0.22618148875132116 0.03850218934017817 0.2566812622678544

1745357816
0.19734608856657923 0.06681067736460423 0.16124054929794784

1745357817
0.14868764600797033 0.04988319362374605 0.14209152123127664

1745357818
0.1143996319582886 0.035730716147830084 0.10979911056586412

1745357819
0.43811576354679804 0.08466748768472906 0.06527093596059114

1745357820
0.2707883712073124 0.07122000761711311 0.13342643138250604

1745357821
0.22631335695578494 0.10090895085503004 0.039439223540286554

1745357822
0.26571975742100223 0.17475263325885732 0.0014363230130864987

1745357823
0.35038443433233957 0.1936293739212302 0.0009414718343009571

1745357825
0.5282376956225902 0.16488999773191199 0.0005670220004536176

1745357826
0.25824866956942427 0.7416545718432511 0.0

1745357827
0.25806451612903225 0.7409959285937989 0.00031318509238960227

1745357828
0.1543717968628669 0.8448516850442616 0.00046591085572293835

1745357829
0.805490563094681 0.1941974730931212 0.0

1745357830
0.861894203357618 0.13715552739942985 0.0003167564143173899

1745357831
0.8672303115703773 0.13261312040081416 0.0001565680288085173

1745357832
0.8793977569519127 0.10708250115225074 0.010293439852511906

1745357834
0.881247532570075 0.11527832609553888 0.0028424792735886302

1745357835
0.8946139476961394 0.10445205479452055 0.00046699875466998757

1745357836
0.9013424914142991 0.09834530128004995 0.0

1745357837
0.8942278170095179 0.10546515198035002 0.0

1745357838
0.8239082626453031 0.12126924285265472 0.01429469054351241

1745357840
0.7964935940660822 0.09022252191503709 0.023600809170600135

1745357841
0.5141509433962265 0.08128930817610062 0.04544025157232704

1745357842
0.6708582206853191 0.15419679346117574 0.024677774284816094

1745357843
0.3940652818991098 0.08783382789317508 0.0771513353115727

1745357844
0.3542338118956929 0.13536478171696456 0.056694989745092295

1745357845
0.2699702985774582 0.08566515554166015 0.07675472877911521

1745357846
0.2980887792848335 0.08600493218249075 0.06504315659679408

1745357847
0.23984375 0.0571875 0.084375

1745357848
0.3394879751745539 0.07726920093095423 0.08425135764158262

1745357849
0.21848610471364963 0.05788423153692615 0.07538768616612929

1745357850
0.2925869894099849 0.10423600605143722 0.049167927382753406

1745357851
0.3016021154145279 0.07435059884896562 0.05895162544719241

1745357852
0.2856236115518883 0.08378292605522057 0.06378927324658838

1745357853
0.2872831449944294 0.09008435460767149 0.0784657010982015

1745357854
0.37022844509948416 0.10316875460574797 0.04554163596168018

1745357855
0.34982935153583616 0.08944823663253697 0.04507963594994312

1745357856
0.2964859204095881 0.07726320688852688 0.10006981615080289

1745357857
0.3007692307692308 0.09153846153846154 0.06538461538461539

1745357858
0.22255239286831405 0.06271504535502033 0.10212699405692836

1745357859
0.4495484272812208 0.16941762690750545 0.05418872625350358

1745357860
0.8296867621596097 0.15236895954667087 0.008027703447190305

1745357861
0.878338737069631 0.10081828006793268 0.0077196232823838196

1745357862
0.897160883280757 0.09069400630914827 0.004416403785488959

1745357863
0.897109644989004 0.0906377631165567 0.0054979579013509266

1745357864
0.88796875 0.09671875 0.0053125

1745357865
0.8859690286250587 0.09635538870639762 0.004692632566870014

1745357866
0.8934745366765301 0.09219747702850023 0.005606603332814203

1745357867
0.8903345724907064 0.08999380421313506 0.009758364312267658

1745357869
0.8829107606308645 0.1009183469754442 0.005490117787981633

1745357870
0.8820609002647838 0.10381729920564872 0.00617828773168579

1745357871
0.8872145409352182 0.10175547615348765 0.0043498524157216095

1745357872
0.9202819107282694 0.06562255285826155 0.007204385277995302

1745357873
0.9096264145093784 0.07595721593551387 0.0027902650751821423

1745357874
0.8942156554542596 0.09022320025149325 0.006130147752279157

1745357875
0.854783421626675 0.11826114054222499 0.004518541601745092

1745357877
0.8781609195402299 0.10311986863711002 0.00481663929939792

1745357878
0.850356567747872 0.12755923625488844 0.005751092707614446

1745357879
0.8706480636328074 0.1040552875211892 0.006650149954361716

1745357880
0.8672427336999214 0.11201885310290652 0.0050274941084053415

1745357881
0.8687041946047092 0.11055668174021518 0.0054576641197567445

1745357882
0.8760458630306787 0.10334676169817168 0.007592190889370932

1745357884
0.892032060348892 0.0924092409240924 0.0052648121955052645

1745357885
0.8631367084688032 0.11766527326211487 0.006347731847035145

1745357886
0.8813799621928167 0.09436042848141146 0.005671077504725898

1745357887
0.8840465701699182 0.09833228445563247 0.0031466331025802393

1745357888
0.8713349968808484 0.10605115408608859 0.003587024329382408

1745357889
0.8668851435705368 0.11470037453183521 0.0039013732833957553

1745357890
0.8693601634963056 0.11554786983178746 0.0033013677094796416

1745357891
0.8847051501478139 0.10020227166640734 0.004667807686323323

1745357892
0.8702804323985587 0.10559298135672882 0.0031333228889237038

1745357893
0.8545397423814012 0.12535344015080113 0.002827521206409048

1745357894
0.8703093107238185 0.10739519547809703 0.002826189354686764

1745357895
0.8711885500933416 0.10205351586807716 0.0043559427504667085

1745357896
0.844970971285109 0.12552957790679428 0.004550447199121293

1745357897
0.824874686716792 0.13941102756892232 0.002506265664160401

1745357898
0.8314272285759048 0.114209619301269 0.00454331818893937

1745357899
0.8832916145181476 0.08588861076345432 0.002816020025031289

1745357900
0.817184070241455 0.09595484477892756 0.010348071495766699

1745357901
0.6605461393596986 0.14155681104833648 0.031387319522912745

1745357902
0.7539595421044378 0.2033871726517171 0.002352203230359103

1745357903
0.7245170409926182 0.11292602481545469 0.010365949426731585

1745357904
0.6307692307692307 0.10251177394034537 0.0152276295133438

1745357905
0.4336158192090395 0.07360326428123039 0.024795982423101066

1745357906
0.3254568367989918 0.0697857592942659 0.02930056710775047

1745357907
0.3225856941618407 0.07293786195022696 0.022851776490843637

1745357908
0.23119208418407414 0.057483901366420606 0.035809643474163655

1745357909
0.13875372782922618 0.038612462721707735 0.07753884790456757

1745357910
0.5470219435736677 0.14216300940438872 0.014576802507836991

1745357911
0.3360075507314771 0.10586754758533899 0.021393739185150227

1745357912
0.7595425106793441 0.18933443571723854 0.0022047678103899685

1745357914
0.805200890242474 0.13974464097458122 0.005505446878294483

1745357915
0.3361071932299013 0.057545839210155145 0.028631875881523272

1745357916
0.252947259565667 0.062461220268872804 0.02781799379524302

1745357917
0.3325677537896187 0.05512172714745062 0.01515847496554892

1745357919
0.1728549924736578 0.03612644254892122 0.025756815520990132

1745357920
0.15306282312392291 0.028043239855867146 0.03054989816700611

1745357921
0.17776037588097102 0.03711824588880188 0.030070477682067345

1745357922
0.261431725007884 0.05124566382844529 0.019709870703248186

1745357923
0.38685902461972715 0.0912654853379332 0.012388270346557942

1745357924
0.32810539523212046 0.0903387703889586 0.00533249686323714

1745357925
0.5318516199718266 0.10298951322585694 0.0061042416653623414

1745357926
0.828200719087072 0.1425668282007191 0.003126465530717524

1745357927
0.8711396770653708 0.10189684903589905 0.003762345195171657

1745357928
0.8499064837905237 0.10863466334164588 0.006234413965087282

1745357929
0.8261211644374509 0.15043273013375294 0.0045633359559402046

1745357930
0.8957456755493222 0.0928782920367773 0.003116721209287829

1745357931
0.8783043954325043 0.09479117785077429 0.006882527764742687

1745357932
0.8933145891908778 0.08903467666354264 0.00718525460793502

1745357933
0.8593701278453383 0.11568444028687247 0.00545681322107889

1745357934
0.8746461151305442 0.11670336583831394 0.002201950298836112

1745357935
0.8939228245586627 0.09107951882518356 0.004999218872051242

1745357936
0.8869214041627834 0.09319664492078285 0.00730040385212799

1745357937
0.9089618176080783 0.07668034080151467 0.006468917639633954

1745357938
0.8867865519937451 0.08866301798279906 0.010476935105551212

1745357939
0.9004672897196262 0.08691588785046729 0.005451713395638629

1745357940
0.8799811735174145 0.10040790712268591 0.005491057420771886

1745357941
0.8860898138006572 0.09779377249256767 0.0031294007197621657

1745357942
0.893723587415871 0.09093754891219283 0.005321646580059477

1745357943
0.8756257822277848 0.10200250312891114 0.006414267834793492

1745357944
0.8913213448006255 0.08491008600469116 0.012666145426114151

1745357945
0.8599033816425121 0.10955275050646719 0.007791803023219573

1745357946
0.7460691823899371 0.1089622641509434 0.015408805031446541

1745357947
0.4356341810140578 0.05370399620912968 0.021797504343705577

1745357948
0.2942008486562942 0.03504636177903504 0.019801980198019802

1745357949
0.21855444305381727 0.0380162703379224 0.020963704630788487

1745357950
0.10632004981320049 0.014009962640099627 0.036270236612702365

1745357951
0.08158765159867695 0.014647976059221924 0.04284139234525122

1745357952
0.06959247648902821 0.034482758620689655 0.019278996865203762

1745357953
0.05254901960784314 0.03403921568627451 0.024784313725490194

1745357954
0.6192481672126033 0.10575573233504913 0.07752300733114958

1745357955
0.8950319264912008 0.0883040024918237 0.004516430462544775

1745357956
0.8449088623507228 0.06819610307982402 0.013670647391577624

1745357957
0.6116384004978995 0.03983195892329236 0.017115294849852185

1745357958
0.4505286413129241 0.06611961495976014 0.019883225501025722

1745357959
0.8449937810945274 0.12204601990049752 0.002021144278606965

1745357960
0.2981651376146789 0.05583676051882316 0.04856058209427396

1745357961
0.19905882352941176 0.08784313725490196 0.023529411764705882

1745357962
0.10130155245413204 0.027128743923474988 0.05002352203230359

1745357963
0.09926528060028138 0.022666875097702047 0.05033609504455214

1745357964
0.29968652037617555 0.07664576802507837 0.06583072100313479

1745357965
0.5033852936545425 0.0588883640371595 0.013068808061722564

1745357966
0.2599465324736594 0.04308853593332285 0.012423337002673377

1745357967
0.1536177527738709 0.020940771995624316 0.025941553367713706

1745357968
0.05843647187842707 0.02663324455585148 0.016763277455741816

1745357969
0.03867230311570377 0.016596211053702833 0.024737748551745733

1745357970
0.03429376761666145 0.01973066082054494 0.02912621359223301

1745357971
0.04162120031176929 0.033359314107560406 0.04723304754481684

1745357972
0.03007518796992481 0.023182957393483708 0.06798245614035088

1745357973
0.008754103486009067 0.01766453024855401 0.09035485383773643

1745357974
0.019881026925485285 0.02551659361302442 0.08077645585472762

1745357975
0.2504309669330826 0.11737972104685786 0.02679830747531735

1745357976
0.0567843137254902 0.018823529411764704 0.04752941176470588

1745357977
0.0305594734367654 0.021156558533145273 0.0540667606958157

1745357978
0.08819390148553558 0.012040656763096168 0.06802189210320563

1745357979
0.042566510172143975 0.0107981220657277 0.054460093896713614

1745357980
0.014696685428392746 0.00906816760475297 0.05863039399624766

1745357981
0.008478568064060292 0.019312293923692887 0.055895745014916

1745357982
0.02127659574468085 0.015644555694618274 0.05788485607008761

1745357983
0.015379786566227243 0.017576898932831136 0.040175768989328314

1745357984
0.009109470708339878 0.021831317732055912 0.04617559290089524

1745357985
0.017076609744634184 0.023343255522481593 0.03571988093373022

1745357986
0.01206707412631249 0.02679830747531735 0.03714151386929948

1745357987
0.008624745177983378 0.02116982907323193 0.05206209816528148

1745357988
0.028142589118198873 0.02611006879299562 0.03721075672295184

1745357989
0.10969468051621026 0.051621026125275415 0.01447906830343091

1745357990
0.026328161730136343 0.03149976492712741 0.03008932769158439

1745357991
0.013878060190238578 0.026508654295961328 0.05582410728208327

1745357992
0.03050314465408805 0.026415094339622643 0.04968553459119497

1745357993
0.09763313609467456 0.055590158829025224 0.028807225163500465

1745357994
0.13876272513703994 0.07141738449490995 0.02317932654659358

1745357996
0.07630979498861047 0.060111364211592 0.0768159959503923

1745357997
0.16003220323821452 0.026299311208515967 0.13596922801681724

1745357998
0.08071818891491023 0.025604996096799375 0.11100702576112412

1745357999
0.6272115234069203 0.07891028651949272 0.11476436511664319

1745358000
0.11973601508485229 0.026869893148962917 0.08076681332495286

1745358001
0.10584740462789244 0.03267667292057536 0.06425891181988742

1745358002
0.2943174799258802 0.06948733786287832 0.052192711550339714

1745358004
0.6102537274391839 0.060946900340047086 0.022495422443107507

1745358005
0.6035314891112419 0.08734549735138317 0.02742789876397881

1745358006
0.9081052492397197 0.09044030146767155 0.0009255586407510248

1745358007
0.9078818936066374 0.0911420204978038 0.00036603221083455345

1745358008
0.919049851539303 0.07469917174558524 0.003906860446944835

1745358009
0.9270800872545965 0.07245247740729199 0.0003116235587410408

1745358010
0.9305751449616048 0.0691114245416079 0.0

1745358011
0.9224151415610824 0.0772720162677929 0.00015642108556233381

1745358012
0.9298435806101905 0.06860771256001238 0.0006194827319188478

1745358014
0.9244921425833653 0.07116391976491632 0.0024274945700779355

1745358015
0.9309978768577495 0.06572894550601557 0.0015038924274593064

1745358016
0.9259546724619684 0.07109593294008072 0.0009313877677739833

1745358017
0.9191106906338694 0.07899716177861874 0.000946073793755913

1745358018
0.9328648325358851 0.06623803827751196 0.0005980861244019139

1745358020
0.9375897845171588 0.06129289704708699 0.0003990422984836393

1745358021
0.9266198282591726 0.07259953161592506 0.000312256049960968

1745358022
0.9102584181675802 0.08598277212216132 0.0015661707126076742

1745358023
0.9147877468511896 0.08054734877935002 0.0018659617477841705

1745358024
0.9097791798107255 0.08801261829652997 0.00047318611987381704

1745358025
0.9064154469012768 0.08688881968234195 0.002491435689816257

1745358026
0.9093329157532102 0.08800501096147824 0.001252740369558409

1745358027
0.9216144615864111 0.0766713417484806 0.00015583606046439146

1745358028
0.9044289044289044 0.07754467754467755 0.0003108003108003108

1745358029
0.7998737373737373 0.11079545454545454 0.0004734848484848485

1745358030
0.9169937490914377 0.08300625090856228 0.0

1745358033
0.9252478519497687 0.07461996034368804 6.609385327164574e-05

1745358034
0.9346124328472755 0.06538756715272448 0.0

1745358036
0.9418540866703237 0.058145913329676356 0.0

1745358037
0.9362003780718336 0.0609640831758034 0.0

1745358038
0.6613333333333333 0.06321568627450981 0.0

1745358039
0.45934134540346494 0.08319026065241142 0.0

1745358040
0.24823363165332077 0.036897472130632755 0.0003140210394096404

1745358041
0.2786987801063497 0.06662496090084455 0.0006255864873318737

1745358042
0.8761145002346317 0.11966213045518535 0.00015642108556233381

1745358043
0.92280043756837 0.07704328801375215 0.0

1745358044
0.934208470073449 0.06547898109079543 0.0

1745358045
0.939708617482951 0.05967141971481711 0.00015499070055796651

1745358046
0.8826147780745263 0.0811395141803383 0.00012717792191275595

1745358048
0.9285587030108676 0.07099590236949938 8.907892392659897e-05

1745358049
0.9314045730284648 0.06190698397884586 0.003733084461035931

1745358050
0.9225766491173738 0.0771136574790957 0.0

1745358051
0.9334671194813214 0.06576103735720902 0.00015436863229391788

1745358053
0.9437573847971642 0.05600630169358015 0.0

1745358054
0.929153605015674 0.07037617554858934 0.00015673981191222572

1745358055
0.9315797714106779 0.06795052450289651 0.0

1745358056
0.9301425030978935 0.06939281288723669 0.0

1745358057
0.9276843263637793 0.07215846565005503 0.0

1745358058
0.9275294847920547 0.07153941651148354 0.00015518311607697082

1745358059
0.9377937950485741 0.0617361328737073 0.00015669069257286117

1745358060
0.929042662366222 0.07007770121683038 0.0

1745358062
0.9233704034418379 0.0758178423573342 0.00016235084016559786

1745358063
0.9245136186770428 0.07517509727626459 0.0

1745358064
0.9228847955042148 0.07695910084295972 0.0

1745358065
0.9199874490116097 0.07938500156887354 0.0

1745358066
0.9265325222274217 0.0728435501481828 0.0

1745358067
0.9320949110209179 0.06728067436778021 0.0

1745358068
0.9398542861571849 0.05983568439001705 0.0

1745358069
0.9515779702970297 0.04749381188118812 0.0003094059405940594

1745358070
0.9435755006577986 0.05598596696389417 0.0

1745358071
0.943604905825668 0.05606657906263688 0.00010950503723171266

1745358073
0.9382472190456388 0.06154485913296601 0.0

1745358075
0.9416172338432719 0.05822666250390259 7.805182641273806e-05

1745358077
0.9316473000683527 0.0679254955570745 8.544087491455913e-05

1745358078
0.9360433604336044 0.06341463414634146 0.0

1745358079
0.9357798165137615 0.06390918986160783 0.0

1745358080
0.931470496409616 0.06837339993755853 0.0

1745358081
0.9387979861548144 0.06104468219005664 0.0

1745358082
0.9349442379182156 0.06490086741016109 0.0

1745358084
0.9437028894472361 0.056140075376884424 0.0

1745358085
0.9333333333333333 0.06651090342679128 0.0

1745358086
0.9356404635139367 0.06435953648606327 0.0

1745358087
0.93953125 0.06 0.00015625

1745358088
0.9503210027514521 0.04952613879547539 0.0

1745358089
0.9429997373259784 0.056868925663251906 0.0

1745358090
0.9264721598803035 0.07267286523458373 0.0003206155819172812

1745358092
0.9362854787421976 0.06253680367447886 0.0005888587916617595

1745358093
0.9368058814328172 0.06288127639605819 0.0

1745358094
0.9400907242296261 0.059596433599249175 0.0

1745358095
0.9408229311141932 0.0590229619355833 0.0

1745358097
0.9406565656565656 0.05910669191919192 0.0

1745358098
0.9471005552128315 0.05243676742751388 0.0

1745358099
0.9433606041535557 0.05616740088105727 0.00015733165512901197

1745358100
0.943272386310361 0.056571339271761216 0.0

1745358101
0.9417566932832315 0.05808673868795992 0.0

1745358102
0.940736119775421 0.059263880224578916 0.0

1745358103
0.940003141196796 0.05889743992461128 0.0

1745358104
0.9430438842203548 0.056022408963585436 0.0

1745358105
0.9529008109794136 0.0470991890205864 0.0

1745358106
0.9491710979042852 0.05067250547388177 0.0

1745358107
0.9364930392616925 0.06288127639605819 0.0004692632566870014

1745358108
0.9323552123552123 0.06702702702702702 0.0004633204633204633

1745358109
0.9404649701539428 0.05906377631165567 0.0

1745358110
0.9252955082742317 0.07407407407407407 0.00015760441292356187

1745358111
0.9140306921390542 0.0836204196680238 0.0018791105543376136

1745358112
0.926692607003891 0.07081712062256809 0.0017120622568093384

1745358113
0.935539253941002 0.06430466677071953 0.0

1745358114
0.9411212026307548 0.05872220482305042 0.0

1745358115
0.9454148471615721 0.054273237679351216 0.0

1745358116
0.9417898832684825 0.058054474708171204 0.0

1745358117
0.9408797099164433 0.05848967365599874 0.0

1745358118
0.9461321641089884 0.053711243344816785 0.0

1745358119
0.9437800900760988 0.05606460630532691 0.0

1745358120
0.9289737171464331 0.07086983729662077 0.0

1745358121
0.9284481405931273 0.06951200376588734 0.0009414718343009571

1745358122
0.9352226720647774 0.06197446278417938 0.0009342883836810962

1745358123
0.934721352536005 0.06433938634940513 0.00015654351909830932

1745358124
0.9476064244503353 0.05130204272571339 0.0

1745358125
0.9506346967559943 0.049051872747218304 0.0

1745358126
0.9500390320062451 0.04996096799375488 0.0

1745358127
0.9430843598939653 0.05660377358490566 0.0

1745358128
0.94858934169279 0.049843260188087775 0.0

1745358129
0.9305988771054273 0.06706175920149719 0.0

1745358130
0.9378424925630187 0.06168780335055582 0.0

1745358131
0.9298956223710858 0.069325440099704 0.0

1745358132
0.9198873415740886 0.07917383820998279 0.00031294007197621654

1745358133
0.9282035273919151 0.07085999687841424 0.00015607928827844546

1745358134
0.8935337404102083 0.10552685141694067 0.0

1745358135
0.8541796631316282 0.14550842170929507 0.00015595757953836556

1745358136
0.907540675844806 0.09214643304130163 0.0

1745358137
0.9202367970088798 0.07851690294438386 0.0006231500233681258

1745358138
0.9389193422083008 0.05841816758026625 0.0025058731401722788

1745358139
0.9580397682793174 0.040864255519023014 0.0

1745358140
0.9590944574551132 0.0399687743950039 0.0

1745358141
0.9252307211012044 0.07476927889879556 0.0

1745358142
0.9341673182173573 0.06270523846755277 0.0006254886630179827

1745358143
0.9589383294301327 0.041061670569867294 0.0

1745358144
0.9456386292834891 0.053426791277258565 0.0

1745358145
0.9613268354032385 0.038358748624430124 0.00015720798616569723

1745358146
0.9279726792921453 0.06923315740453276 0.0009313877677739833

1745358147
0.9512655242886339 0.04857726772520044 0.0

1745358148
0.9438114562197596 0.05462775089745591 0.0

1745358149
0.958008117389947 0.0418357789572276 0.00015610365282547612

1745358150
0.9339386349405134 0.06527864746399499 0.0

1745358151
0.9430754834684966 0.0566126013724267 0.0

1745358152
0.9449984418822063 0.055001558117793704 0.0

1745358153
0.947970537533302 0.05140260147312334 0.0

1745358154
0.9320206282231599 0.06688545085169557 0.0

1745358155
0.9380572501173158 0.06053496011262318 0.0

1745358156
0.9287388654477262 0.06954211595561806 0.0006250976715111736

1745358157
0.916601348173695 0.08089042169619062 0.0006270575325286095

1745358158
0.9290813159528243 0.06750465549348231 0.0015518311607697084

1745358159
0.9369312833385629 0.061813617822403515 0.0

1745358160
0.9431871390666459 0.056344623068518805 0.0

1745358161
0.9246639574867146 0.07283526101906845 0.00015629884338855892

1745358162
0.9139600249843848 0.0840099937539038 0.001561524047470331

1745358163
0.9256523105941528 0.06853190820496699 0.003615215341087708

1745358164
0.9439775910364145 0.054466230936819175 0.0010893246187363835

1745358165
0.944096461008456 0.054650798621985595 0.0

1745358166
0.9305230288836847 0.06916471506635441 0.0

1745358167
0.92796875 0.07203125 0.0

1745358168
0.9492663128317202 0.050577583515454265 0.0

1745358169
0.9468666979215502 0.05313330207844976 0.0

1745358170
0.943602562099672 0.05592876113107327 0.0

1745358171
0.9491102091788948 0.05073368716827974 0.0

1745358172
0.9284035719880934 0.07096976343412188 0.0

1745358173
0.9375096198245344 0.061105125442511926 0.0

1745358174
0.9349736379613357 0.06502636203866433 0.0

1745358175
0.92570625877946 0.07398158264398315 0.00015607928827844546

1745358176
0.9259896729776248 0.07322797684243468 0.0

1745358177
0.9268635724331927 0.07188623222378497 0.0009376465072667605

1745358178
0.9356497351199751 0.06325958242443129 0.00046743533811156125

1745358179
0.9193800876643707 0.08015028177833437 0.0

1745358180
0.9076729163384276 0.08980620765716087 0.001575547502757208

1745358181
0.9255269320843091 0.07338017174082748 0.000624512099921936

1745358182
0.9313893653516295 0.06814283486667706 0.0

1745358183
0.9372463315641586 0.062129253824539495 0.0

1745358184
0.9396214609729392 0.05881432817143751 0.0

1745358185
0.941470266895583 0.058529733104417045 0.0

1745358186
0.9445225816533833 0.0543834974214721 0.0

1745358187
0.9477705020268163 0.05207358902400998 0.00015590894917368256

1745358188
0.9468652037617555 0.05297805642633229 0.0

1745358189
0.9369747899159664 0.06286959228135698 0.0

1745358190
0.9407523510971787 0.058307210031347964 0.0

1745358191
0.9487459105779716 0.05078672690450226 0.0

1745358192
0.9430588235294117 0.0567843137254902 0.0

1745358193
0.9586260733801717 0.04137392661982826 0.0

1745358194
0.9485880908532842 0.05125844076120319 0.0

1745358196
0.9422061026571 0.05661121185839312 0.0

1745358197
0.9432032724984267 0.05569540591567023 0.0

1745358198
0.937703899331987 0.061208637564082645 0.0

1745358199
0.9320766474528743 0.06465181492444307 0.0

1745358200
0.9400344449663379 0.059965555033662125 0.0

1745358201
0.9384375 0.06125 0.0

1745358202
0.94953125 0.05046875 0.0

1745358203
0.9361867704280156 0.06350194552529183 0.0

1745358204
0.9341073109507374 0.06557891433950423 0.0

1745358205
0.9174726989079564 0.08049921996879875 0.00078003120124805

1745358206
0.939398684622612 0.059191982461634825 0.0

1745358207
0.9036030341340076 0.09481668773704172 0.0

1745358208
0.9305230288836847 0.06822794691647151 0.00078064012490242

1745358209
0.9027603513174404 0.0961417816813049 0.0

1745358210
0.9227521501172792 0.0766223612197029 0.0006254886630179827

1745358211
0.9186714263541829 0.08008691603290392 0.0007760360080707744

1745358213
0.9324685534591195 0.06619496855345912 0.0002358490566037736

1745358214
0.9330721003134796 0.06598746081504703 0.0

1745358215
0.905146944487638 0.09267610013994713 0.0007774840615767377

1745358216
0.9435294117647058 0.05631372549019608 0.0

1745358217
0.9442465541273037 0.05559857518971659 0.0

1745358218
0.9498033044846578 0.04956726986624705 0.0

1745358219
0.9448868071818891 0.05495706479313037 0.0

1745358220
0.945104785736628 0.05473881764153894 0.0

1745358221
0.9570936423426245 0.04290635765737551 0.0

1745358222
0.9379385622953376 0.05987837205675971 0.0

1745358223
0.9404594467885607 0.05907172995780591 0.0

1745358224
0.9340521956555712 0.06469760900140648 0.0003125488357555868

1745358225
0.917608286252354 0.07925298179535467 0.0014124293785310734

1745358226
0.927867313409482 0.06837740572680331 0.002190580503833516

1745358227
0.9306160547604232 0.06627255756067206 0.0023335407591785935

1745358228
0.9435319881119975 0.0541216956045675 0.0009385265133740028

1745358229
0.9488372093023256 0.04945736434108527 0.0

1745358230
0.9214947401475899 0.07693515465536191 0.0001570105197048202

1745358231
0.950321266259207 0.047954866008462625 0.0

1745358232
0.9256883604505632 0.0724342928660826 0.0

1745358233
0.9357454772301934 0.0630068621334997 0.0

1745358234
0.9382233343759775 0.06146387238035658 0.0

1745358235
0.9346057571964956 0.06476846057571965 0.0

1745358236
0.9461321641089884 0.053711243344816785 0.0

1745358237
0.9335845501648611 0.06468833411838593 0.0

1745358238
0.9281288723667905 0.07016728624535316 0.0

1745358239
0.9340762831580599 0.06560979438078794 0.0

1745358240
0.9363622218764587 0.06285981017582076 0.0

1745358241
0.9400907242296261 0.05881432817143751 0.0

1745358242
0.9330941983780412 0.066126013724267 0.0

1745358243
0.9307054590958861 0.0680431722196152 0.0

1745358244
0.941747572815534 0.057782649545881616 0.0

1745358245
0.9469826914080773 0.05286137533135818 0.0

1745358246
0.9373837569745815 0.06106633601983881 0.0

1745358247
0.9350976685570258 0.06474480151228733 0.0

1745358248
0.9458786936236392 0.05241057542768274 0.0

1745358249
0.9384518762757105 0.06123410268487989 0.0

1745358250
0.9396875 0.06 0.0

1745358251
0.943272386310361 0.056571339271761216 0.0

1745358252
0.9349390053174852 0.06474820143884892 0.00015639662183296842

1745358253
0.946875 0.05296875 0.0

1745358254
0.9265912962676165 0.07278922100046462 0.0

1745358255
0.8811662726556344 0.10291568163908589 0.0

1745358256
0.8583556044647068 0.11696274170727873 0.0

1745358257
0.8109413965087282 0.11783042394014963 0.00015586034912718204

1745358258
0.8796816479400749 0.07631086142322098 0.00015605493133583021

1745358259
0.8563100677485426 0.10666456593666299 0.00031510950055144165

1745358260
0.8238520608055164 0.13383482212819306 0.0001567152483936687

1745358261
0.5481493099121706 0.14084065244667504 0.00015683814303638644

1745358262
0.3166823751178134 0.06251963556393339 0.001885014137606032

1745358263
0.3453383224197069 0.11116308076083567 0.002806361085126286

1745358264
0.40119196988707656 0.11245294855708908 0.0003136762860727729

1745358265
0.3267871170463472 0.047918303220738416 0.0

1745358266
0.34478391641602024 0.10812094348583189 0.00015830299192654741

1745358267
0.17577822518197306 0.010995818491559547 0.0

1745358268
0.11406665623533094 0.014238773274917854 0.00031294007197621654

1745358269
0.2616997965252778 0.09140710596337455 0.0012521521364845828

1745358270
0.40006241223279765 0.171789670775472 0.0003120611639881417

1745358271
0.15840959293152415 0.05301356894919533 0.0001577784790154623

1745358272
0.17101358738091518 0.049664219896923316 0.00046853037638606906

1745358273
0.3812154696132597 0.13449092344119967 0.0009471191791633781

1745358274
0.487111801242236 0.15201863354037268 0.0013975155279503106

1745358275
0.2744697564807541 0.08468185388845248 0.0012568735271013354

1745358276
0.1408118313404657 0.05050346129641284 0.0004719949653870359

1745358277
0.06981840951784596 0.017376330619912336 0.0

1745358278
0.35717639693222725 0.08561590233213336 0.00015651901706057285

1745358279
0.1528542223620066 0.20710803585469414 0.00015725743041358704

1745358280
0.16972477064220184 0.13318570072761785 0.00015817779183802593

1745358281
0.2596018184668443 0.09092334221664838 0.00015676438313215238

1745358282
0.23362582262613601 0.09025383892196803 0.0

1745358283
0.22641214207479268 0.07604443749022062 0.00015647003598810827

1745358284
0.09491790461297889 0.007662236121970289 0.0

1745358285
0.6444235588972431 0.11826441102756892 0.0006265664160401002

1745358286
0.8536018590240124 0.12021688613477924 0.00015491866769945777

1745358288
0.10600315955766193 0.03601895734597156 0.0011058451816745656

1745358289
0.0570801317233809 0.04312372588991689 0.0031362709738121373

1745358290
0.2738263463652065 0.125765426283561 0.009577641701994034

1745358291
0.22356637863315004 0.09347996857816182 0.015710919088766692

1745358292
0.26905059337913806 0.09587757651467832 0.03794503435352904

1745358293
0.2789963705223292 0.18131608016411552 0.06753984535269054

1745358294
0.18237129485179407 0.05366614664586584 0.12355694227769111

1745358295
0.24462913595734673 0.07872040144268465 0.09157911243531441

1745358296
0.04713435640463514 0.02395865956780457 0.09520826808643909

1745358297
0.04024428437206389 0.009082367679298466 0.05825242718446602

1745358298
0.04901806755695208 0.01728201099764336 0.018853102906520033

1745358299
0.04712697667136371 0.03491467042429936 0.0

1745358300
0.05130611606444549 0.023776005005474738 0.0021898951978726734

1745358301
0.2651162790697674 0.03395348837209302 0.0

1745358302
0.7084120982986768 0.07419659735349717 0.0

1745358303
0.36654534425235064 0.13299969669396422 0.050197148923263574

1745358304
0.25652797704447633 0.148493543758967 0.06657101865136299

1745358305
0.5303353145676797 0.10777167208702479 0.009756644611416395

1745358306
0.8680467539783129 0.08942402478524152 0.0001408252358822701

1745358307
0.7539441747572816 0.09071601941747573 0.00015169902912621358

1745358309
0.5200172811059908 0.1012384792626728 0.0010080645161290322

1745358310
0.34030777537796975 0.05197084233261339 0.015793736501079913

1745358311
0.3956982911019446 0.09119033588685917 0.014584560989982322

1745358312
0.4035860333438188 0.08902170493865996 0.0017301038062283738

1745358313
0.352203230359103 0.06382311431707699 0.00031362709738121374

1745358314
0.27401305564190237 0.03854522847373329 0.00015542430836182778

1745358315
0.5769169960474309 0.07604743083003952 0.0014229249011857706

1745358316
0.312637535366237 0.06475950958817982 0.0

1745358317
0.17224054011618778 0.046632124352331605 0.0001570105197048202

1745358318
0.16604303086997194 0.0689117555347677 0.0

1745358319
0.7097323224508743 0.1445149311465264 0.00030945381401825775

1745358320
0.858162490508732 0.12467729688686409 0.0009111617312072893

1745358322
0.8878593695878074 0.10408728784205057 0.0012123311395912711

1745358323
0.8708094848732625 0.11828836195148541 0.0001362769146906514

1745358324
0.8716744913928013 0.11737089201877934 0.0

1745358325
0.8845912934544315 0.10288130284998434 0.00015659254619480113

1745358326
0.8178168905357418 0.1523853635942566 0.0004631773969430292

1745358328
0.843614248479583 0.13513940447042097 0.0

1745358329
0.8761131073269801 0.11107639431338853 0.0001562255897516013

1745358330
0.6616695597285782 0.1740571248224712 0.00031560675398453525

1745358331
0.3333333333333333 0.08786017949929145 0.021413950558967092

1745358332
0.9121600977696304 0.08585395661472656 0.0

1745358333
0.9222271321254971 0.0764471939902784 0.00014729709824716454

1745358334
0.9123529411764706 0.07720588235294118 0.00014705882352941175

1745358335
0.8005024383035318 0.051721590069454704 0.0004433279148810403

1745358336
0.7399159009500078 0.07802522971499766 0.0018688677776047345

1745358337
0.6992814554349488 0.08255618406971411 0.0009172909341079345

1745358338
0.6382823871906841 0.11761280931586608 0.0020378457059679767

1745358339
0.8179732829577655 0.12913237080016193 0.00013493455673998112

1745358340
0.8996042796423861 0.090722556060384 0.0001465630954125751

1745358341
0.9063316874818472 0.07914609352309032 0.0011617775196049957

1745358342
0.9036840462066812 0.0797689665938183 0.0

1745358343
0.8773570898292502 0.10571640682999257 0.0

1745358344
0.8748859835816357 0.10869565217391304 0.0

1745358346
0.8849277357192017 0.10089470061940813 0.00013764624913971095

1745358347
0.8974963181148748 0.08836524300441827 0.0014727540500736377

1745358348
0.90969254101751 0.07858817041224321 0.0

1745358349
0.8979203280609256 0.0916813122437024 0.0

1745358351
0.8868078175895765 0.10269634455302208 0.0002714440825190011

1745358352
0.9088691159586682 0.07821469575200919 0.00014351320321469576

1745358353
0.9098992294013041 0.08076467101363367 0.0

1745358354
0.8967246513085724 0.09324557279423287 0.0

1745358355
0.8762699014404852 0.10841546626231995 0.00030326004548900684

1745358356
0.8313953488372093 0.15147705845380263 0.00031426775612822125

1745358357
0.8793022159358793 0.10168159673110168 0.00015715857300015716

1745358358
0.8802423112767941 0.10608884746815782 0.00031065548306927616

1745358359
0.9122384273937857 0.08776157260621432 0.0

1745358360
0.9199643295061866 0.07513097759447107 0.0

1745358362
0.9031327287716405 0.06856279197581754 0.0021984061555372354

1745358363
0.8764322916666667 0.108203125 0.0009114583333333333

1745358364
0.8350515463917526 0.10864393338620143 0.0

1745358365
0.8033240997229917 0.1538935056940597 0.0001538935056940597

1745358366
0.8900377253038982 0.1021377672209026 0.0001397233477714126

1745358368
0.9198614889933218 0.08005606397889356 0.0

1745358369
0.9200184928340268 0.07998150716597319 0.0

1745358371
0.9240765535165787 0.07576592895959676 0.0

1745358372
0.922557889894188 0.07744211010581199 0.0

1745358374
0.9028751476959432 0.09610082709728239 0.0

1745358375
0.8727719729563614 0.11662569145666872 0.00015365703749231714

1745358376
0.8530959752321982 0.11424148606811145 0.00015479876160990713

1745358377
0.900803985958555 0.08447514437776016 0.00011323745895142112

1745358378
0.7770085100245204 0.1513053512188086 0.00014423770373575654

1745358380
0.7753200204813108 0.10670762928827444 0.0

1745358381
0.8305999365146546 0.13480055020632736 0.00010580890911014708

1745358382
0.552256710151447 0.24036587194481931 0.000149947518368571

1745358383
0.7997552394064555 0.11870888786905308 0.0004589261128958238

1745358384
0.7917765709852599 0.15671062839410396 0.0006206361520558572

1745358386
0.8428796046720575 0.10759209344115005 0.00011230907457322552

1745358387
0.9071749573841624 0.08290717495738416 0.0

1745358388
0.8732638888888888 0.09343434343434344 0.00015782828282828284

1745358389
0.8586649952992792 0.06722030711375744 0.00031338138514572234

1745358390
0.940024860161591 0.054847731510254814 0.0

1745358391
0.8870713158272349 0.06586310804993543 0.00014349261013057828

1745358392
0.9104292577095925 0.07608864094219743 0.0

1745358394
0.9224288204532248 0.0746658919233004 9.68429207824908e-05

1745358395
0.9250611246943765 0.0488997555012225 0.0

1745358396
0.9558208029762828 0.04371415284452023 0.0

1745358397
0.934036523929471 0.05746221662468514 0.0

1745358398
0.8945811273746497 0.06851448146994706 0.0

1745358399
0.9432225861800031 0.05256590235532678 0.00015598190609889253

1745358400
0.9561472200469852 0.04259984338292874 0.00031323414252153485

1745358401
0.9540336264075274 0.04519512571340429 0.0

1745358403
0.9459821780616671 0.044949136503430326 0.0

1745358404
0.8667181467181467 0.06872586872586872 0.0009266409266409266

1745358405
0.9287969687401326 0.07009788443321756 0.0

1745358406
0.912893623687921 0.08209305968980103 0.0

1745358407
0.9080801753836517 0.0833072345756342 0.002662073285311619

1745358408
0.9294990723562152 0.06771799628942486 0.0006184291898577613

1745358409
0.9224110796348757 0.07491344035253383 0.00047214353163361664

1745358410
0.9139650872817955 0.06935785536159601 0.007169576059850374

1745358411
0.916403785488959 0.08280757097791798 0.0003154574132492114

1745358412
0.9235550031075201 0.07271597265382225 0.00031075201988812925

1745358413
0.9402481997855063 0.058679332005515554 0.00045962923241918186

1745358414
0.9427409261576971 0.052565707133917394 0.0

1745358416
0.9267434702312901 0.06419839943716471 8.79430129276229e-05

1745358417
0.9052851909994767 0.08333333333333333 0.0

1745358418
0.9103035878564857 0.07543698252069918 0.0

1745358419
0.9445494643982356 0.05356017643352237 0.0

1745358420
0.9207952035342379 0.06879141685074155 0.0001577784790154623

1745358421
0.90228166797797 0.08418568056648308 0.0003147128245476003

1745358422
0.916406737367436 0.07189644416718652 0.0

1745358423
0.9489096573208723 0.048598130841121495 0.00015576323987538941

1745358424
0.9338327091136079 0.06320224719101124 0.00015605493133583021

1745358425
0.9351198871650211 0.0611189468735308 0.0004701457451810061

1745358426
0.9239113590578025 0.06601580660158066 0.002479466914613358

1745358427
0.9386696021387011 0.05425381349268753 0.0

1745358428
0.9360837630879825 0.05594624160025004 0.0

1745358429
0.9411764705882353 0.049123904881101375 0.0

1745358430
0.9167707682698314 0.07604622111180512 0.0

1745358431
0.9261363636363636 0.06691919191919192 0.000946969696969697

1745358432
0.9045825486503453 0.08835530445699938 0.0

1745358433
0.9049851539303017 0.08579465541490858 0.001875293014533521

1745358434
0.8916155419222904 0.10083372660059776 0.0003146138115463269

1745358435
0.9072067828544512 0.08494269116030774 0.0012560841576385617

1745358436
0.906117978407135 0.08824910029729306 0.002190580503833516

1745358437
0.9499300264344581 0.04851500544238843 0.0007774840615767377

1745358438
0.95078125 0.04921875 0.0

1745358439
0.9671823722456634 0.032817627754336616 0.0

1745358440
0.9648492423058898 0.0349945321043587 0.0

1745358441
0.9580331976197933 0.0418102098340119 0.0

1745358442
0.9574071195398726 0.042437431991294884 0.0

1745358443
0.9590844960025082 0.040288446464963164 0.0

1745358444
0.9542892924232936 0.04539762053850971 0.0

1745358445
0.9718024614425923 0.028197538557407698 0.0

1745358446
0.9740340997966526 0.025965900203347412 0.0

1745358447
0.9227144203581527 0.05780710021991831 0.0

1745358448
0.8985507246376812 0.08835904628330996 0.00015583606046439146

1745358449
0.9094773299748111 0.07855793450881612 0.0

1745358450
0.9333849728892332 0.05964368706429125 0.0

1745358451
0.9252569293055123 0.06275303643724696 0.0

1745358452
0.9607720069041268 0.038129609289188765 0.0

1745358453
0.9419880840388837 0.03998118532455315 0.0

1745358454
0.9180071841324379 0.05981571138528815 0.00015617679212868969

1745358455
0.9305772230889235 0.059282371294851796 0.0

1745358456
0.9494047619047619 0.050595238095238096 0.0

1745358457
0.945662386470404 0.05355465079862198 0.0004697776385844034

1745358458
0.9555520898315658 0.04273237679351216 0.0004678727386150967

1745358459
0.956487835308796 0.04288833437305053 0.0

1745358460
0.9456283296772172 0.05076778439360702 0.0

1745358461
0.908833254605574 0.07715320421980791 0.0

1745358462
0.902948977999688 0.0797316273989702 0.0003120611639881417

1745358463
0.9072391099968662 0.08257599498589784 0.00015669069257286117

1745358464
0.9194935125840238 0.07331561669532594 0.0010942629357511334

1745358465
0.9273124317579161 0.06722820152862267 0.0

1745358466
0.9466296467684714 0.052444855776646614 0.00015424957581366652

1745358468
0.9570119802677942 0.04236160050113538 0.0

1745358469
0.9586012231456797 0.041241963305629604 0.0

1745358470
0.9450446218882105 0.053389697823704396 0.0003131360576170346

1745358471
0.9395363408521303 0.0531015037593985 0.0007832080200501253

1745358472
0.9457218833098702 0.0541216956045675 0.0

1745358473
0.9483296909147674 0.051358101779581646 0.00015610365282547612

1745358474
0.9490495481458399 0.05048301651604861 0.0003116235587410408

1745358475
0.9611346183983701 0.038551951104842504 0.0001567152483936687

1745358476
0.9530211713800031 0.04651522175861536 0.0003090712409210323

1745358478
0.9317341722375148 0.05882815572158868 0.0029885961462839165

1745358479
0.9556489262371616 0.04279489573607221 0.0003112356053532524

1745358480
0.977610771880382 0.022389228119617972 0.0

1745358481
0.9807543069998448 0.018935278596926897 0.0

1745358482
0.969156098324722 0.03084390167527791 0.0

1745358483
0.9671486953788117 0.03127947186419365 0.00015718327569946557

1745358484
0.958994501178319 0.03440691280439906 0.0

1745358485
0.9005006257822278 0.07650187734668336 0.0

1745358486
0.8934874277682336 0.09589255036701547 0.0

1745358487
0.9406505318328966 0.05117928164020348 0.0

1745358489
0.9287005738542568 0.0639886801352095 0.00015722034431255404

1745358490
0.970398773006135 0.029447852760736196 0.0

1745358491
0.966036861017735 0.030833429929291757 0.0

1745358493
0.8734517522803649 0.06817090734517522 0.0

1745358494
0.9067559153175592 0.08156911581569116 0.0

1745358495
0.9436972161401314 0.05614638723803566 0.0

1745358496
0.9606986899563319 0.039301310043668124 0.0

1745358497
0.9652473387601753 0.03475266123982467 0.0

1745358498
0.9662816109896971 0.03371838901030284 0.0

1745358499
0.95859375 0.040625 0.0

1745358500
0.9658914728682171 0.0337984496124031 0.0

1745358501
0.9538364581692138 0.03765558531589727 0.0

1745358502
0.9749883486096007 0.024390243902439025 0.0

1745358503
0.8424625098658248 0.04419889502762431 0.0

1745358504
0.8855666875391359 0.08578584846587352 0.0

1745358505
0.9095958037642703 0.07883369330453564 0.000154273372415921

1745358506
0.9356761844995294 0.06385315343583307 0.0

1745358507
0.9575538437352618 0.04244615626473825 0.0

1745358508
0.9598947042427997 0.04010529575720037 0.0

1745358509
0.965533522190746 0.03446647780925401 0.0

1745358510
0.9316575019638649 0.05813040062843677 0.0

1745358511
0.9083411142234672 0.07874260815437285 0.0

1745358512
0.9226311667971809 0.07126076742364917 0.0

1745358513
0.9317507418397626 0.06184600968296111 0.0

1745358514
0.9331040950296968 0.05970615817442951 0.00015629884338855892

1745358515
0.9295244074713546 0.06074399623293047 0.0001569612305760477

1745358516
0.9158863920099876 0.07162921348314606 0.0

1745358517
0.9121155053358443 0.07846829880728186 0.00015693659761456373

1745358518
0.9052369077306733 0.08245012468827931 0.0

1745358519
0.9123574441493517 0.08061240431182627 0.0

1745358520
0.941471048513302 0.052895148669796554 0.0

1745358521
0.932519179583529 0.06294034758102396 0.0001565680288085173

1745358522
0.9276143539196058 0.06730324965347297 0.0

1745358523
0.9245779773888803 0.0738733157813226 0.0

1745358524
0.9154378573578092 0.07553415588323804 0.0

1745358526
0.902968220680755 0.082513308598161 8.065817067268914e-05

1745358527
0.9154600653900047 0.07706679121905652 0.0

1745358528
0.915660761874902 0.08167424361185138 0.0

1745358529
0.893730407523511 0.09545454545454546 0.0

1745358530
0.9025801407349492 0.08225175918686474 0.0001563721657544957

1745358531
0.8985032740879326 0.08964764577486747 0.0

1745358532
0.9092741935483871 0.07893920595533499 0.0

1745358533
0.9055404178019982 0.0870420829548895 0.0

1745358534
0.9120868654157539 0.07438803695590056 9.524716639679969e-05

1745358536
0.897005444646098 0.08802177858439202 0.00015124016938898973

1745358537
0.9119328548838341 0.07578153509305437 0.0003649191095973726

1745358538
0.9169675090252708 0.0753413906765029 0.0

1745358539
0.9253521126760563 0.06510172143974961 0.00046948356807511736

1745358540
0.9416809605488851 0.05582410728208327 0.0001559332605644784

1745358541
0.9163817221013366 0.07740130556419024 0.0

1745358542
0.9190851735015773 0.0722397476340694 0.0001577287066246057

1745358543
0.9292408622305529 0.061074664167447675 0.0

1745358544
0.9193776520509194 0.06820682068206821 0.00015715857300015716

1745358545
0.9132957039824396 0.07227971150830982 0.0010975227343994983

1745358546
0.9130095267843199 0.07309073871622677 0.0012494143370295175

1745358547
0.9110903135236312 0.07970675401653408 0.0

1745358548
0.922920892494929 0.07021376189733188 0.0007801529099703542

1745358549
0.9331030150753769 0.059202261306532666 0.0

1745358550
0.9220434307139509 0.06374004061865333 0.0006249023590064052

1745358551
0.9015882902522578 0.08953597010277173 0.0006228589224540642

1745358552
0.9074626865671642 0.08279654359780048 0.002670856245090338

1745358553
0.9280485905622177 0.06104968073508799 0.0001557389814670612

1745358554
0.9291744840525328 0.06253908692933083 0.0

1745358555
0.9132134480062549 0.07114933541829555 0.0

1745358556
0.9157382708300643 0.07092421151733877 0.00015691197238349287

1745358557
0.92 0.0696875 0.0

1745358558
0.9345386533665836 0.05564214463840399 0.0

1745358559
0.9455569461827285 0.05100125156445557 0.0

1745358560
0.9138606108065779 0.07721221613155833 0.0

1745358561
0.924578388507183 0.0655840099937539 0.0001561524047470331

1745358562
0.9250508527616962 0.06399624471913629 0.0

1745358563
0.9256546134663342 0.06561720698254364 0.0

1745358564
0.9108180248076622 0.07473700737949443 0.0010990736379337415

1745358565
0.9091617326269866 0.07681520722966656 0.002960423808039888

1745358566
0.9049411764705882 0.08 0.0010980392156862745

1745358567
0.9229343629343629 0.07057915057915058 0.00015444015444015445

1745358568
0.9261486278137527 0.06675917360468701 0.0

1745358570
0.8872412972801522 0.09721671556577591 0.0014273253508841487

1745358571
0.885136186770428 0.10365758754863813 0.0028015564202334632

1745358572
0.9066520238468779 0.08879824286162535 0.0021964229683087543

1745358573
0.9057665260196905 0.08829504610095328 0.0025003906860446945

1745358574
0.9151002506265664 0.07268170426065163 0.00015664160401002505

1745358575
0.91671875 0.0709375 0.0

1745358576
0.9334057746041602 0.06131636137845389 0.0

1745358577
0.9343617188729734 0.06107350857862427 0.0

1745358578
0.9173502553784244 0.06361244389413404 0.0

1745358579
0.9202337703364397 0.06397093666087506 0.000157952930026852

1745358580
0.9251774143782783 0.06772601049058932 0.0

1745358581
0.9237172177879134 0.07080957810718358 0.0

1745358582
0.9363788875983998 0.05936249838688863 0.0

1745358584
0.9348018596413549 0.05977418640690724 0.0

1745358585
0.901760452687834 0.08613643508330714 0.00031436655139893113

1745358586
0.9256418284283031 0.06512210394489668 0.00015654351909830932

1745358587
0.9388871522350735 0.05579868708971553 0.00015629884338855892

1745358588
0.9449968924798011 0.0509633312616532 0.0

1745358589
0.938367920112342 0.05897955999375878 0.0

1745358590
0.9200439836632108 0.06943135406848884 0.0

1745358591
0.9185423365487674 0.0765579543714592 0.0

1745358593
0.9253990832938201 0.06488067014382803 7.90263948158685e-05

1745358594
0.9257232212666145 0.06802189210320563 0.0001563721657544957

1745358595
0.8808193668528864 0.10754189944134078 0.00015518311607697082

1745358596
0.9085750315258512 0.08275535939470366 0.00015762925598991173

1745358597
0.9042753850990255 0.08330713612071676 0.00015718327569946557

1745358598
0.8898225957049486 0.09866168689698102 0.0001556178026766262

1745358599
0.905 0.0946875 0.0

1745358600
0.909273570324575 0.09041731066460587 0.0

1745358601
0.9127632819867966 0.08707953473750393 0.0

1745358602
0.9378557874762808 0.06214421252371916 0.0

1745358603
0.9423255813953488 0.05736434108527132 0.0

1745358604
0.9397873005943072 0.05911792305286206 0.0

1745358605
0.9499222395023328 0.050077760497667184 0.0

1745358606
0.9569791176008793 0.0427068613597111 0.0

1745358607
0.9610006215040398 0.038067122436295835 0.0

1745358608
0.9098909508322174 0.07422995982399082 0.0

1745358609
0.8783866995073891 0.10637315270935961 0.0

1745358611
0.9252026949868677 0.07274180655475619 0.0

1745358613
0.9320028397885936 0.06626173384870238 7.888301648655044e-05

1745358615
0.9029783761729906 0.08592411260709915 0.0

1745358616
0.8945603033396529 0.09800204170920228 0.0

1745358617
0.9145752143413873 0.08168355416991427 0.0

1745358618
0.9488022545796149 0.0497886331611085 0.0

1745358619
0.9184054811585176 0.07427592650264715 0.00015571473061351605

1745358620
0.8790829145728644 0.11259422110552764 0.000314070351758794

1745358621
0.8910256410256411 0.099906191369606 0.00031269543464665416

1745358622
0.9263256687001408 0.07211012044423588 0.0

1745358623
0.9452588895820336 0.05396132252027448 0.0

1745358624
0.9383871470909374 0.058805178599282484 0.0

1745358625
0.9320795772458813 0.06465651227852036 0.0

1745358626
0.923718150361749 0.06967599874174268 0.0

1745358627
0.9347655637447075 0.0616277246354085 0.0

1745358628
0.9449086969978335 0.054317548746518104 0.0

1745358629
0.924787133396405 0.07347839798170924 0.0

1745358630
0.885576022478926 0.10021854511395567 0.0

1745358631
0.892078431372549 0.09207843137254902 0.0

1745358632
0.9123904881101377 0.0760325406758448 0.00015644555694618273

1745358633
0.9001564945226918 0.0835680751173709 0.00046948356807511736

1745358634
0.9343236903831118 0.05238467552775606 0.0

1745358635
0.9304828823441471 0.06443414561219914 0.0

1745358636
0.944228432563791 0.052369380315917376 0.0

1745358637
0.94765180975172 0.049506431349087644 0.00014956625785222854

1745358639
0.9250905328504915 0.06973616140713916 0.0

1745358640
0.9123658285546243 0.06822526099103073 0.0

1745358641
0.8747243052492281 0.0949860314659609 0.0

1745358642
0.9033414415567789 0.08385610037127128 0.00012802458071949814

1745358644
0.9148200673639426 0.06798439992909058 8.863676653075696e-05

1745358645
0.9271678103555833 0.07252027448533999 0.0

1745358646
0.9426472886388498 0.05672761368963901 0.0

1745358647
0.9336463223787167 0.061971830985915494 0.0

1745358648
0.926814172984682 0.0722574655732632 0.0

1745358649
0.9237668161434978 0.07174887892376682 0.0

1745358650
0.910751840168244 0.07807570977917981 0.00013144058885383806

1745358652
0.915696401995973 0.07484898888208001 8.754267705506434e-05

1745358653
0.8898967782295902 0.09743509540193931 0.0

1745358654
0.9119888042295133 0.08319079458871093 0.0

1745358655
0.9289531593838416 0.06853190820496699 0.0

1745358656
0.9349416342412451 0.06272373540856031 0.0

1745358657
0.9419816456680665 0.05677399284492145 0.0

1745358658
0.9240169199436001 0.07096976343412188 0.0

1745358659
0.9084185680566483 0.08512981904012588 0.00015735641227380016

1745358660
0.9133624726818608 0.0830471433031533 0.0

1745358661
0.9047692545145856 0.07995060966198488 0.0

1745358663
0.9313748531139836 0.0645515080297689 0.0

1745358664
0.9493850520340587 0.04982655313781142 0.0

1745358665
0.9320601127113337 0.056355666875391355 0.0

1745358666
0.9341271068501623 0.05891448894386887 0.00015463120457708364

1745358667
0.9000149231457991 0.08297269064318759 0.0

1745358668
0.8834777412608306 0.10083657006274276 0.0

1745358669
0.87765625 0.10734375 0.0009375

1745358671
0.8963248837821244 0.08806245066222261 0.0

1745358672
0.9483825597749649 0.05147679324894515 0.0

1745358673
0.9204331450094162 0.07172002510985562 0.00015693659761456373

1745358674
0.9023510971786833 0.08087774294670846 0.0

1745358675
0.9002189552705662 0.07913669064748201 0.00046918986549890525

1745358676
0.9158207090426362 0.06699984382320787 0.0

1745358677
0.9213570981863665 0.06941838649155722 0.0

1745358678
0.9375 0.05676178660049628 0.0

1745358679
0.9296307983591038 0.05837803723572105 0.0

1745358680
0.9343008739076155 0.04868913857677903 0.00015605493133583021

1745358681
0.9357109338338808 0.05678085405912717 0.0

1745358682
0.9405556417817786 0.048269439702002176 0.0

1745358683
0.951473136915078 0.0423822278241689 0.0

1745358684
0.9425948973242066 0.04931549471064094 0.0

1745358685
0.923100969052829 0.06345733041575492 0.00031259768677711783

1745358686
0.9352461586704296 0.05503292568203198 0.0

1745358687
0.93717848791894 0.05035074045206547 0.0001558846453624318

1745358688
0.9273979033015177 0.0661868252229698 0.0

1745358689
0.922071861875875 0.07092860475968268 0.0

1745358690
0.9075126262626263 0.08112373737373738 0.0

1745358691
0.8995021779713752 0.0939639079029247 0.0

1745358692
0.9145996860282575 0.07409733124018839 0.00015698587127158556

1745358693
0.9209953343701399 0.0729393468118196 0.0

1745358694
0.9433844228964654 0.05661557710353456 0.0

1745358695
0.9534302234724176 0.04610095327394906 0.0

1745358696
0.952988792029888 0.04638854296388543 0.0

1745358697
0.9591773138049237 0.039887815518853224 0.0

1745358698
0.968872818739192 0.030812765288476655 0.0

1745358699
0.9651453579243514 0.03469834323226008 0.0

1745358700
0.9713794182045667 0.02830778855176728 0.0

1745358701
0.9615505335844319 0.03593848085373509 0.0

1745358702
0.9599750817629653 0.03784457249649587 0.0

1745358703
0.9518867924528301 0.03490566037735849 0.0

1745358704
0.9352055224348917 0.042987135236899905 0.0

1745358705
0.9648413192283759 0.030802738021157437 0.0

1745358706
0.952008754103486 0.03751758636861029 0.0

1745358707
0.9586547361925332 0.038722616476396174 0.0

1745358709
0.9729537997694422 0.025627383169282612 0.0

1745358710
0.9397744746283957 0.03780112762685802 0.00012813941568426448

1745358711
0.9123985009369144 0.0646470955652717 0.0

1745358712
0.8903896910417637 0.1016922838068623 0.0

1745358713
0.9056515646893974 0.08345010119881675 0.00015569048731122528

1745358714
0.9252648381947468 0.06922072268175881 0.0

1745358716
0.9438908853315909 0.04916693890885332 0.0

1745358717
0.9283255086071988 0.0647887323943662 0.0

1745358718
0.9349158937274014 0.06099669863229052 0.00015720798616569723

1745358719
0.9307332293291731 0.06396255850234009 0.0

1745358720
0.9267308289351133 0.06022974231605092 0.0

1745358721
0.9578766050735985 0.042123394926401506 0.0

1745358722
0.9604810996563574 0.03936269915651359 0.0

1745358723
0.9545312010034493 0.044841643148322355 0.0

1745358724
0.9532200218306565 0.04428504600031186 0.0

1745358725
0.9540880503144654 0.042767295597484274 0.0

1745358726
0.9503125 0.045 0.00015625

1745358727
0.942310707007368 0.04687255055651356 0.0

1745358728
0.9419223544145272 0.04680651221039449 0.0

1745358729
0.9573237455057058 0.03908081913396905 0.0

1745358730
0.9561740735045363 0.03536829155774258 0.0

1745358732
0.9419420998658988 0.05001183245247298 0.0

1745358733
0.9348265671177477 0.06004044174832789 0.0

1745358734
0.9530169704588309 0.04132620993086109 0.0

1745358735
0.9259375 0.06515625 0.0

1745358736
0.9519849364506512 0.042052408598776084 0.0

1745358737
0.9552845528455285 0.03424015009380863 0.0

1745358738
0.8991714866343599 0.08128810379865561 0.0003126465530717524

1745358739
0.8744514106583072 0.0780564263322884 0.00015673981191222572

1745358740
0.8695515835685168 0.08733145186578865 0.0

1745358741
0.954700061842919 0.03494124922696351 0.0

1745358742
0.9466357308584686 0.047331786542923436 0.0

1745358744
0.9558229752196976 0.03649750613569789 7.917029530520149e-05

1745358745
0.9560067681895094 0.03430241501307491 0.0

1745358747
0.9510423246999369 0.0410612760581175 0.0

1745358748
0.9761198688933979 0.023255813953488372 0.0

1745358749
0.97859375 0.02109375 0.0

1745358750
0.9723394280356306 0.02703547429285826 0.0

1745358751
0.9776352830778855 0.022208320300281515 0.0

1745358752
0.9824945295404814 0.01734917161613004 0.0

1745358753
0.9761904761904762 0.023653906006847185 0.0

1745358754
0.9795088377913342 0.020334741123103395 0.0

1745358755
0.981875 0.01765625 0.0

1745358756
0.9662832834409958 0.025681424294942492 0.0

1745358757
0.8968877711411506 0.04778371581263754 0.00015718327569946557

1745358758
0.8890801001251565 0.053973717146433044 0.0

1745358759
0.9499147154597612 0.04636377732981858 0.0

1745358760
0.967987567987568 0.02937062937062937 0.0

1745358761
0.9238376573336758 0.03981505265861803 0.0

1745358763
0.9379632897987998 0.05771267207906813 8.824567596187787e-05

1745358764
0.9379573170731708 0.061890243902439024 0.0

1745358765
0.9635180437783475 0.03421415894300927 0.0

1745358767
0.9186429138772269 0.034607965505503234 0.00022693747872461136

1745358768
0.9615444496341273 0.02849135917795423 0.0

1745358769
0.9418221734357849 0.035910302650148974 0.0

1745358770
0.943039950062422 0.031835205992509365 0.00015605493133583021

1745358771
0.9382965495803544 0.045539322350015544 0.0

1745358772
0.957383702778645 0.04261629722135498 0.0

1745358773
0.97265625 0.02734375 0.0

1745358774
0.9693702140959525 0.03031723706829192 0.0

1745358775
0.9753454773869347 0.024183417085427136 0.0

1745358776
0.9619896762083529 0.03691537619271078 0.0

1745358777
0.9539206497969385 0.04311152764761012 0.0

1745358778
0.9124351517057067 0.04763401980820626 0.0

1745358779
0.8632800250862339 0.05691439322671684 0.0

1745358780
0.8683307332293292 0.09485179407176288 0.0

1745358781
0.9169022934338674 0.07461514294690544 0.0

1745358782
0.934664808793931 0.050007741136398824 0.0

1745358783
0.9590561025160181 0.03813095796218159 0.0

1745358784
0.9698880655841084 0.02995428030900205 0.0

1745358785
0.9597701149425287 0.03960857409133271 0.00015532774153463808

1745358786
0.9192253188474256 0.06093528578176665 0.0

1745358787
0.9309863523573201 0.05583126550868486 0.0

1745358788
0.9496527777777778 0.050189393939393936 0.0

1745358789
0.9471715755025713 0.04706249026024622 0.0

1745358790
0.9358974358974359 0.05300187617260788 0.00015634771732332708

1745358791
0.9490914786967418 0.03806390977443609 0.0

1745358792
0.942098727103384 0.04532753803166718 0.0

1745358793
0.9346292522338925 0.05533782724564979 0.00015676438313215238

1745358794
0.9410381056923318 0.05002352203230359 0.0

1745358795
0.9286273282203787 0.057442479261230237 0.0

1745358796
0.8993445692883895 0.08973158551810237 0.0

1745358797
0.9082170542635659 0.08542635658914728 0.0

1745358798
0.8670456339807359 0.1231643770724775 0.0

1745358799
0.8743765586034913 0.11767456359102245 0.0

1745358800
0.9014150943396226 0.09528301886792453 0.0004716981132075472

1745358801
0.9223285736701711 0.07139494743448925 0.0

1745358802
0.9347190146266359 0.05804464973056197 0.0

1745358803
0.9257323832145685 0.06730007917656373 0.00015835312747426763

1745358804
0.9238333073201186 0.06633369751833931 0.0003121585765568909

1745358805
0.9441393378314765 0.05068256707986819 0.0

1745358806
0.9554524361948956 0.04238205723124517 0.00015467904098994585

1745358807
0.9392744479495269 0.05189274447949527 0.0

1745358808
0.9404408316398312 0.04486478036579647 0.0

1745358809
0.9469260700389105 0.042490272373540854 0.0

1745358810
0.9490220237178499 0.046357615894039736 0.00015401201293700908

1745358811
0.946047678795483 0.03277917189460477 0.0

1745358812
0.9524628616106333 0.03674745895230649 0.0

1745358813
0.9471792467573058 0.04453820909517112 0.0001562744178777934

1745358814
0.9390709513203945 0.051702195354756605 0.0

1745358815
0.9309318715740016 0.06389976507439311 0.0006264682850430697

1745358816
0.9208554480174836 0.07352482048079925 0.0007805182641273806

1745358817
0.9329864396089562 0.05991800693787449 0.000630715862503942

1745358818
0.9317479925880173 0.06578134651019148 0.00030883261272390367

1745358819
0.8813902743142145 0.10988154613466335 0.0017144638403990024

1745358821
0.8554416403785489 0.13572555205047318 0.0011829652996845426

1745358822
0.9064381658175081 0.08676856569399413 0.001543924656476764

1745358823
0.9225516063945367 0.07155051994412541 0.0001552072016141549

1745358825
0.9320731037728449 0.06220095693779904 0.0

1745358826
0.9423347398030942 0.05547741834661666 0.0001562744178777934

1745358828
0.9412318556296587 0.05241271086700667 0.0010984699882306786

1745358829
0.9475073769218822 0.05233731945954341 0.0

1745358830
0.9418358073311118 0.04574371402605271 0.0

1745358831
0.951433207138994 0.041319632233639804 0.0

1745358833
0.9564556962025317 0.042430379746835445 0.00010126582278481013

1745358835
0.9327564306128929 0.05200063512226104 7.939028262940616e-05

1745358836
0.9470260223048327 0.04553903345724907 0.0

1745358837
0.9374902814492303 0.051469444876380034 0.0

1745358839
0.9275453332286678 0.0657822435041997 0.000156998194520763

1745358840
0.9198120595144871 0.07407987470634299 0.00031323414252153485

1745358841
0.9094707520891365 0.08108944599195296 0.0

1745358842
0.9074307304785895 0.0832808564231738 0.00015743073047858942

1745358843
0.9350046425255338 0.06406685236768803 0.0

1745358844
0.9331659868214622 0.06306871666143708 0.0

1745358846
0.9150536791787477 0.07554266906982211 0.00023509129378575347

1745358847
0.9257573379375295 0.06404018207502747 0.0

1745358848
0.9317933510223193 0.05525206805056969 0.0

1745358849
0.9146113019044646 0.08226662503902592 0.00031220730565095225

1745358850
0.9367460562944634 0.06325394370553665 0.0

1745358851
0.9492831817481117 0.0502543548635733 0.0

1745358853
0.9561052218296034 0.0436592069100903 0.0

1745358854
0.9562645914396887 0.04311284046692607 0.0

1745358855
0.9650273224043716 0.03434816549570648 0.0

1745358857
0.9301922470847778 0.06043176804286165 0.0

1745358858
0.916405269761606 0.07763488080301129 0.0

1745358859
0.9364465749188187 0.061852481830833465 0.0

1745358860
0.9263967357187696 0.06293157564344005 0.0

1745358861
0.8992067195520299 0.081661222585161 0.00015554518587649713

1745358862
0.8985280300657689 0.08518634512997181 0.0

1745358863
0.93703125 0.06234375 0.00015625

1745358864
0.9338454303182318 0.05282959711553535 0.0

1745358865
0.9417596034696406 0.057465923172242875 0.0

1745358866
0.9560594214229867 0.0436278342455043 0.0

1745358868
0.950520629452752 0.04830501839818367 7.829014327096219e-05

1745358869
0.9513351240322325 0.04566282193079475 0.0

1745358870
0.9548366932333177 0.04422566025941553 0.0

1745358871
0.9336125329610672 0.057235923685435085 0.0

1745358872
0.932214027930331 0.054919190334222504 0.00015691197238349287

1745358873
0.9349976448422044 0.05605275553462082 0.0001570105197048202

1745358874
0.9296683046683046 0.05835380835380835 0.0004606879606879607

1745358875
0.9132893496701225 0.08011310084825636 0.00015708451146716933

1745358877
0.9373923931757708 0.05869463139771482 0.0

1745358878
0.9455406471981057 0.04798737174427782 0.0

1745358879
0.9300172603169622 0.06276478895339714 0.0

1745358880
0.9257240734973529 0.06415446901276861 0.0004671441918405481

1745358881
0.9186355812861837 0.07635737756219683 0.00015647003598810827

1745358882
0.9304293324976496 0.0617361328737073 0.00015669069257286117

1745358883
0.9353783867953909 0.060884459669884775 0.0

1745358884
0.9371859296482412 0.05873115577889447 0.000157035175879397

1745358885
0.9413229571984436 0.047003891050583654 0.000311284046692607

1745358886
0.9385072758566735 0.05335628227194492 0.0007823501799405414

1745358887
0.941983780411728 0.049282595134123516 0.00031191515907673113

1745358888
0.9483771251931994 0.04296754250386399 0.0

1745358890
0.9476026862408247 0.05005466187724504 0.0

1745358892
0.9414918782526416 0.054802081690585085 0.0

1745358893
0.9118564742589703 0.0828393135725429 0.00015600624024960998

1745358894
0.9191199256275178 0.07204834211341804 0.0

1745358895
0.9285266457680251 0.0652037617554859 0.0

1745358896
0.9304484657749803 0.05837922895357986 0.0

1745358897
0.9421126540801997 0.04836948041816196 0.0003120611639881417

1745358898
0.9414238978033962 0.056395077114815395 0.0

1745358899
0.928113767776215 0.06891701828410689 0.0

1745358900
0.9341531755915318 0.05790784557907846 0.0

1745358901
0.9254434154763773 0.0681211740700047 0.0

1745358902
0.9496727952633219 0.04518541601745092 0.0

1745358903
0.9186339313818067 0.07963487566887001 0.0

1745358904
0.9328346579398473 0.06139940782297024 0.0

1745358905
0.9333957260957729 0.06535641865543597 0.0

1745358906
0.9224557805690848 0.07357087926172776 0.0001281722635221738

1745358907
0.9350118017309206 0.062313139260424866 0.0

1745358909
0.8953238953238953 0.1045045045045045 0.0

1745358910
0.9479969765684051 0.05109599395313681 0.0

1745358911
0.9371069182389937 0.06079664570230608 0.0

1745358913
0.9189569536423841 0.07897350993377483 0.0

1745358914
0.9066520238468779 0.0771885786005648 0.0

1745358915
0.9092899593368783 0.08242101970597435 0.0

1745358916
0.9109280273589305 0.07990051297994714 0.0

1745358917
0.9186789219504595 0.07851690294438386 0.0

1745358918
0.938438021122846 0.05892162312395775 0.00013896609227348526

1745358919
0.9100481347773767 0.0881468110709988 0.0

1745358920
0.9114297764656263 0.08125966540137776 0.0

1745358921
0.8789417012767267 0.10736809721581295 0.0

1745358922
0.8608176389526871 0.10917164293370081 0.0001531159087429184

1745358923
0.8617974477328265 0.11607385283736085 0.0

1745358924
0.8951070814444271 0.08363295294669376 0.0

1745358925
0.8946490829164772 0.08549340609367895 0.00015158405335758679

1745358926
0.9125849868183711 0.07118079644789788 0.0

1745358928
0.8765906680805938 0.10153764581124072 0.0

1745358929
0.8590471162729313 0.12907483172759668 0.0

1745358930
0.9065435190983093 0.09329993738259236 0.0

1745358931
0.9043219542749765 0.09567804572502349 0.0

1745358932
0.9234317343173432 0.07641451414514146 0.0

1745358933
0.8977687191589787 0.08721304441107058 0.00010727311735679038

1745358935
0.8635368789669512 0.10330488071788138 0.0001094331363536879

1745358936
0.8799197407007254 0.10757832998919586 0.0003086896125945362

1745358937
0.9128143351904834 0.07830146062340008 0.0001505797319680771

1745358938
0.9326664676022693 0.057031949835771874 0.00014929829799940282

1745358939
0.9206859592711683 0.06614607257694075 0.0

1745358940
0.9232397347255539 0.07139833497954 0.0

1745358941
0.9253223749468613 0.06716735156582117 0.00014170327334561429

1745358942
0.933684536721413 0.060272699101332504 0.0

1745358943
0.9027712541099108 0.09503679348677001 0.0

1745358944
0.9094441123729826 0.08696951583980873 0.0

1745358945
0.8821638244338832 0.112804025719877 0.0001397819401733296

1745358947
0.8827100058742902 0.11239475230076366 9.790483649892304e-05

1745358948
0.8803258145363408 0.11027568922305764 0.0

1745358949
0.8811494611900672 0.11525847259097298 0.0

1745358950
0.8888540031397174 0.10675039246467818 0.00015698587127158556

1745358951
0.8758545680546923 0.11901802361715351 0.0

1745358952
0.8649237472766884 0.1276065981948335 0.0

1745358953
0.8343567942056369 0.1565107857030389 0.0

1745358954
0.8259439359267735 0.16404462242562928 0.0

1745358955
0.7993141289437585 0.1739368998628258 0.00027434842249657066

1745358956
0.7372806463830325 0.23696502966797123 0.0003787400580734756

1745358957
0.7040181956027294 0.26383623957543595 0.00030326004548900684

1745358958
0.6932122655552247 0.28505507591545104 0.0007442691277165823

1745358959
0.7066545948392938 0.2693526482571299 0.0009053870529651426

1745358960
0.6933969524395875 0.2752039402801293 0.0013852547329536709

1745358961
0.692391813779097 0.2885486642712076 0.0006249023590064052

1745358963
0.7453546803786374 0.23805071870982822 0.0007011803202056796

1745358964
0.767198248905566 0.22858036272670418 0.0

1745358965
0.839238743617515 0.1601423487544484 0.0

1745358966
0.8093892290783482 0.18433035013345894 0.0

1745358967
0.8630201028517999 0.13604488078541374 0.0

1745358968
0.8945726762320648 0.10511540860885839 0.0

1745358969
0.8713993388950102 0.1270266016055407 0.0

1745358970
0.8005657708628006 0.18277542039918276 0.0

1745358971
0.8737743190661479 0.12544747081712063 0.0

1745358972
0.8688933978461059 0.13063836428905884 0.0

1745358973
0.8440667394355216 0.1495399968813348 0.0

1745358974
0.8653633927163803 0.12549266908402965 0.00015765410688948448

1745358975
0.8566754946253311 0.1297709923664122 0.0

1745358976
0.9003949100482668 0.08965920725464385 0.0

1745358977
0.8527551942186089 0.12134899126769046 0.00015055706112616682

1745358978
0.7874027097146151 0.17987892764485441 0.0002882675122513693

1745358979
0.7626278277037496 0.20545398202665013 0.0001549426712116517

1745358980
0.7449386729717747 0.22373282104329836 0.0002955519432540269

1745358981
0.7722636626579388 0.19911706500228346 0.0

1745358982
0.7896194780580259 0.1876366817320309 0.0001457938474996355

1745358983
0.800998907444982 0.18526611518651476 0.00015607928827844546

1745358985
0.835240726124704 0.1510457774269929 0.0

1745358986
0.8840929670993057 0.11258677935405977 0.0

1745358987
0.8874744617318875 0.1111111111111111 0.0

1745358988
0.8989444271965228 0.09919279726792922 0.0

1745358989
0.8974641675854466 0.10096078122538983 0.0

1745358990
0.8596409055425449 0.13005464480874318 0.000156128024980484

1745358991
0.8161009031454376 0.15820616630333229 0.0

1745358992
0.7934426229508197 0.18298204527712725 0.000312256049960968

1745358993
0.828244848849451 0.14919536772446984 0.00015039855617386073

1745358994
0.8359896471870317 0.14398583299278028 0.0

1745358995
0.7778269528656783 0.19661429519805268 0.00099579552998451

1745358997
0.8138929743183618 0.1716257495191764 0.0007919447901346306

1745358998
0.8459603898145237 0.14177931468091795 0.00031436655139893113

1745358999
0.8445564208276073 0.1403267674454115 0.00015269506794930523

1745359001
0.8426880163529512 0.144791755387105 0.0

1745359002
0.7934078058198869 0.18549165632326575 0.00013791201213625708

1745359003
0.7723921568627451 0.19654901960784313 0.00015686274509803922

1745359004
0.7552337478356682 0.21108137887612152 0.0

1745359005
0.7981923016986131 0.1845098955898395 0.00015583606046439146

1745359006
0.7786319422654534 0.19469720740508314 0.00015688735487919673

1745359007
0.775314465408805 0.19418238993710693 0.00015723270440251572

1745359008
0.7830203321434115 0.1944746236225361 0.0001552072016141549

1745359009
0.7234430476921601 0.2320314749064389 0.0002878802418194031

1745359011
0.7126293479616008 0.24897144994389728 0.00012467273407305821

1745359012
0.7394396245199829 0.22358128289005832 0.00014222727919214906

1745359013
0.7711918419375399 0.20108349267049075 0.0

1745359014
0.7674057993487362 0.205458210575283 0.0003101256008683517

1745359015
0.7405731523378583 0.2440422322775264 0.00015082956259426848

1745359016
0.7517157236541101 0.23196583803568704 0.00015250876925423213

1745359018
0.7657576747224036 0.1952971913781842 0.0002449379490529066

1745359019
0.773851590106007 0.18889870435806833 0.0

1745359021
0.832904648171964 0.13678118684548962 9.186110600771634e-05

1745359022
0.7646786155747837 0.18788627935723115 0.00015451174289245981

1745359023
0.7723833543505675 0.18883984867591425 0.0

1745359024
0.8097053218003225 0.15481600938278844 0.00014660606949127694

1745359025
0.8242690977679975 0.14822382898459605 0.0

1745359026
0.8390401725532488 0.13588568347263413 0.00013480722566729578

1745359027
0.8489591485365472 0.12881515104085145 0.0

1745359028
0.8522571819425444 0.1250341997264022 0.00013679890560875513

1745359029
0.8400791235544736 0.13922702373706633 0.00015216068167985393

1745359030
0.8572233967582805 0.11966173361522199 0.0

1745359031
0.8577293541765356 0.11747986736144007 0.0

1745359033
0.8432103253953827 0.14579167424104708 9.089256498818396e-05

1745359034
0.8176544371276262 0.14455942301661964 0.0

1745359035
0.8287404639576522 0.13949867663085785 0.00015569048731122528

1745359036
0.8521221146686523 0.13015636634400596 0.0

1745359037
0.8529135338345865 0.12468671679197994 0.0

1745359038
0.8491628614916286 0.12557077625570776 0.00015220700152207003

1745359039
0.8060437866173297 0.1589577551649707 0.0001541782300339192

1745359040
0.8157857446507014 0.1519059090264985 0.0

1745359041
0.8123816460305899 0.16489439184268026 0.0001456664238892935

1745359042
0.7848544872771598 0.18954746305043424 0.00030473868657626083

1745359043
0.8175227518124325 0.15718031775412616 0.00015424957581366652

1745359045
0.857089166588368 0.12721976886216294 0.0

1745359046
0.8149827963715984 0.15874257116046295 0.00015639662183296842

1745359047
0.8722521137586472 0.12436587240584165 0.0

1745359048
0.8683656276326874 0.12552653748946924 0.00010530749789385004

1745359050
0.8357941362581733 0.14342965619067707 0.0002109259649862898

1745359051
0.8362325654286162 0.14214073029305752 0.0001567152483936687

1745359052
0.8373588456712673 0.1444479297365119 0.00015683814303638644

1745359053
0.8746287322182273 0.11145849617007972 0.0

1745359054
0.8364265492293174 0.1421830764391318 0.0

1745359055
0.8472937139291842 0.13648416783653097 0.00015598190609889253

1745359056
0.8739286270843073 0.11640953716690042 0.0

1745359057
0.8378967019290604 0.15105787181082764 0.00015556938394523958

1745359058
0.8294793141418908 0.154947302186566 0.0

1745359059
0.8432012432012432 0.1439005439005439 0.0

1745359060
0.8375786163522012 0.1529874213836478 0.00015723270440251572

1745359061
0.9029780564263323 0.09702194357366771 0.0

1745359062
0.9021839434020301 0.09781605659796985 0.0

1745359063
0.9165233703298421 0.08347662967015788 0.0

1745359065
0.8920361247947455 0.10665024630541872 8.210180623973728e-05

1745359066
0.8788443616029823 0.10997204100652376 0.0009319664492078285

1745359067
0.8411283250511546 0.1411867874890383 0.0005846243788365975

1745359068
0.8147275867483121 0.1684722876432721 0.0

1745359069
0.8258064516129032 0.15389457120377656 0.00015735641227380016

1745359070
0.8243180046765394 0.16352299298519096 0.0003117692907248636

1745359071
0.8205651491365777 0.1598116169544741 0.0003139717425431711

1745359072
0.8525444512568976 0.1342734518700184 0.001072961373390558

1745359074
0.8741622644484743 0.11732240006307657 0.0005519198927698494

1745359075
0.8698027314112291 0.12003034901365706 0.0

1745359076
0.8494090735798704 0.136484940907358 0.00012708095056551024

1745359078
0.8576401957094467 0.12796386902521642 9.40910801656003e-05

1745359079
0.882411630558723 0.10832383124287344 0.0

1745359080
0.889693154996066 0.1013375295043273 0.00015735641227380016

1745359082
0.8604706630624901 0.12466210844331373 0.0

1745359083
0.8514758706856161 0.12884585350616898 0.00015617679212868969

1745359084
0.8645833333333334 0.11174242424242424 0.0

1745359085
0.8658777120315582 0.11849491731148536 0.0

1745359086
0.836094674556213 0.1455621301775148 0.00014792899408284024

1745359087
0.8306744590112146 0.1457905544147844 0.000157952930026852

1745359088
0.8161832061068702 0.1569465648854962 0.0

1745359089
0.8428989075242345 0.1404831512540391 0.00015386982612709647

1745359090
0.8383594692400482 0.1390229191797346 0.0

1745359091
0.8464436407474382 0.1280892103676914 0.0001506931886678722

1745359092
0.8415275898361149 0.1350172906329875 0.0

1745359093
0.8277864992150706 0.14442700156985872 0.00015698587127158556

1745359094
0.81740125930166 0.15741270749856898 0.0

1745359095
0.8451359604478698 0.13479714992002326 0.0

1745359096
0.8610070744902205 0.1205437647385213 0.00013871549452073797

1745359097
0.8401360544217688 0.1440940012368584 0.0

1745359099
0.8328702714255183 0.15174182517631973 0.0

1745359100
0.8095050544833924 0.16463174478141002 0.0001312852829197847

1745359101
0.834841628959276 0.15411232366249666 0.0

1745359103
0.881369117075068 0.1133800077790743 0.0

1745359104
0.8514205868653936 0.13274336283185842 0.0

1745359105
0.8452417148069322 0.13894800851322592 0.00015202189115232594

1745359106
0.8592538405267008 0.12040965618141916 0.0

1745359107
0.8821743530432268 0.10539251120427931 0.00028914269191846175

1745359108
0.8328603435399552 0.1487677371172517 0.00014936519790888724

1745359109
0.8167867209520827 0.16849357970560602 0.0

1745359111
0.8275494807845921 0.15993609656519037 0.0

1745359112
0.7713251495121184 0.20270695624803273 0.00015738117721120554

1745359113
0.8525027459595167 0.13651341597363878 0.0

1745359114
0.7677291444258045 0.19094097910629862 0.0

1745359115
0.7696612220205686 0.1985783424077435 0.0

1745359116
0.7476301476301477 0.22035742035742037 0.0001554001554001554

1745359117
0.7797619047619048 0.19788037166085948 0.00029036004645760743

1745359118
0.7886166716462504 0.18404541380340603 0.00044816253361219

1745359119
0.8441669032074937 0.1319897814362759 0.0

1745359120
0.8364363536063991 0.13501585988139567 0.0

1745359121
0.8017851646660511 0.16620498614958448 0.0

1745359122
0.8162386819058929 0.15407451387858098 0.00014843402107763098

1745359123
0.8218227688426364 0.1543677073478398 0.0004730368968779565

1745359124
0.7975318687279631 0.18307567127746135 0.00013561160835367508

1745359126
0.7633649618143948 0.22818791946308725 0.0

1745359127
0.7823695788812068 0.21370207416719045 0.0

1745359128
0.7903274711946634 0.20239539114614918 0.0

1745359129
0.7874723887661723 0.19438308614704955 0.0

1745359130
0.7489757327450363 0.20863536085723292 0.0001575795776867318

1745359131
0.82687784224557 0.14348439705190527 0.0

1745359132
0.8342635658914729 0.14 0.0

1745359133
0.7783505154639175 0.18070692194403534 0.0

1745359134
0.7738242574257426 0.18564356435643564 0.0001547029702970297

1745359135
0.8426694851275857 0.1325683225124566 0.0

1745359136
0.8509369676320273 0.11740488358886995 0.0

1745359137
0.8755475003775864 0.10874490258269144 0.0

1745359138
0.9025641025641026 0.08087912087912089 0.00043956043956043956

1745359139
0.87914029147652 0.10216399234506109 0.00014721036360959813

1745359140
0.9292960344297572 0.06394097755917615 0.0

1745359141
0.9071046840616158 0.06507387613957875 0.0

1745359142
0.8657081236520489 0.09949676491732566 0.0

1745359143
0.8684458398744113 0.11051805337519623 0.0

1745359144
0.8755521706016756 0.10342726580350342 0.0

1745359145
0.8682446884357622 0.10765720804220733 0.0

1745359146
0.8901594944327414 0.09915738790249774 0.0

1745359148
0.8372065589241477 0.1591364869647281 0.0

1745359149
0.8237454100367197 0.17258261933904528 0.0

1745359151
0.7213086963892185 0.2764027801322258 0.0

1745359152
0.743840330350998 0.24982794218857537 0.0

1745359154
0.8100146142604415 0.17483270517652488 7.691716021844474e-05

1745359156
0.937816279269234 0.06098293164079252 0.0

1745359157
0.7328615656789031 0.22408963585434175 0.0

1745359158
0.8431164701205777 0.13449052603683584 0.0

1745359159
0.8666858623668299 0.11431039447163835 0.00014396775122372588

1745359161
0.876049294516878 0.09867833541703876 0.0

1745359162
0.9063123944094609 0.07602518814314238 0.0001535862386730149

1745359163
0.9178102850248832 0.0692203287588599 0.0

1745359164
0.9201178842872654 0.06809368698619513 0.0003102218085931441

1745359165
0.8995163051958184 0.07068185364331409 0.0

1745359166
0.9227403425428179 0.07113389173646706 0.0

1745359167
0.9249665029030817 0.06669644186392736 0.00044662795891022776

1745359168
0.8958073371599701 0.09358622410781132 0.0

1745359170
0.8822040028936581 0.10320713768989631 0.0003617072582589824

1745359171
0.9094038491628853 0.0776091378501017 0.0

1745359172
0.941497423461655 0.05334949984843892 0.0003031221582297666

1745359173
0.9215500945179584 0.06679269061121614 0.0001575299306868305

1745359174
0.8889740837294894 0.09078362214384297 0.00030670142616163164

1745359175
0.8928170594837261 0.09694163860830528 0.0

1745359176
0.8929644268774704 0.08442687747035574 0.00015810276679841898

1745359177
0.9002126151665486 0.07725017717930546 0.0

1745359178
0.8771712158808933 0.10339123242349049 0.0

1745359180
0.9026908946479992 0.08271273954920068 9.92950054612253e-05

1745359181
0.9255453905700212 0.06347642505277973 0.0

1745359182
0.8919890694664174 0.08974543362577304 0.0

1745359183
0.8877566539923955 0.10570342205323194 0.0

1745359184
0.8528573199454568 0.13102764348580637 0.0

1745359186
0.8526122999807211 0.13977250819356082 0.0

1745359187
0.8413406214039125 0.1203970080552359 0.00014384349827387802

1745359188
0.8862090290661719 0.09817563388991961 0.0

1745359189
0.9108971419837995 0.07641754546843955 0.0

1745359190
0.8925705794947995 0.08900445765230312 0.0

1745359191
0.9060259344012205 0.08115942028985507 0.0

1745359192
0.9096087543096987 0.0749512816669165 0.0

1745359193
0.9228512760340276 0.06893517160457613 0.0

1745359194
0.9007907979870596 0.0787922358015816 0.0

1745359195
0.9046786182772191 0.07389593353738522 0.00014575134819997084

1745359197
0.9104320337197049 0.07494731296101159 0.0

1745359198
0.9360907869195162 0.05718978647155443 0.0

1745359199
0.8967593185602665 0.10093505828102985 0.0001280901754835404

1745359200
0.8729488982653539 0.12423816221284575 0.0

1745359201
0.8955701019942153 0.10214644542548333 0.0

1745359202
0.838258164852255 0.13110419906687404 0.00015552099533437013

1745359203
0.8981960784313725 0.09113725490196078 0.0

1745359204
0.8883333333333333 0.10015151515151516 0.00015151515151515152

1745359205
0.8645645645645645 0.12357357357357357 0.00015015015015015014

1745359206
0.8506683054232601 0.13519741895836535 0.00015363343063450608

1745359207
0.8970305805879746 0.08154823459890678 0.0

1745359208
0.8915143409124684 0.0943676623569624 0.0

1745359209
0.8878880266075388 0.09714523281596453 0.0

1745359210
0.8445162237556894 0.1297900455146087 0.00014682131845543972

1745359211
0.8879180476047002 0.10590539319072009 0.0

1745359213
0.8848263254113345 0.10775352188407356 0.0

1745359214
0.8790119572057898 0.10383889238514789 0.0

1745359215
0.8829862586768664 0.11007224819379516 0.0

1745359216
0.8784717326942055 0.1096856055265755 0.00014098406880022558

1745359217
0.8739438999662048 0.10645488340655627 0.0

1745359218
0.8886673823033278 0.10151817205950008 0.0

1745359219
0.8802191294047972 0.1110453064850459 0.0

1745359221
0.8575305291723202 0.1383989145183175 9.691800736576855e-05

1745359222
0.8297185048454084 0.15074603907091216 0.0

1745359223
0.8823024054982818 0.11082474226804123 0.000143184421534937

1745359225
0.8354028568761087 0.15871533937074037 0.0

1745359226
0.8209449292807703 0.16400842612097502 0.0

1745359227
0.8912423625254583 0.0988458927359131 0.00013577732518669383

1745359228
0.8634206094013168 0.10764048384627163 0.0

1745359230
0.8836659663865546 0.10294117647058823 0.0005252100840336134

1745359231
0.8681215900233827 0.11644583008573656 0.000779423226812159

1745359232
0.8862537764350453 0.11012084592145015 0.0

1745359233
0.8750391972405143 0.10614612731263719 0.00015678896205707118

1745359234
0.8629646912428061 0.11945870275314979 0.00015554518587649713

1745359236
0.857188626351622 0.13992791349619543 8.009611533840609e-05

1745359237
0.8736117628656342 0.11981855154074769 0.0

1745359238
0.8874337386966011 0.09650763953850951 0.0

1745359239
0.9074626865671642 0.08471926083866382 0.0

1745359242
0.8608045195375843 0.13626615054663388 0.00010461892556363446

1745359243
0.898456186127419 0.10154381387258099 0.0

1745359245
0.9293906452578039 0.07040989328812207 0.0

1745359246
0.932093023255814 0.0675968992248062 0.0

1745359247
0.94096461008456 0.058565612276855625 0.0

1745359248
0.9282635467980296 0.07158251231527094 0.0

1745359250
0.9377269139700078 0.0611681136543015 0.0

1745359251
0.9218125960061444 0.07772657450076804 0.00015360983102918587

1745359252
0.9156550528141258 0.0843449471858742 0.0

1745359253
0.9188934297390757 0.0807922037095253 0.0

1745359254
0.9174749807544265 0.08252501924557352 0.0

1745359256
0.9399548883876487 0.0597339970444116 0.0

1745359258
0.9358771374287523 0.06348955034832172 0.0

1745359259
0.947497697267424 0.05219527172244397 0.0

1745359260
0.9411857458215074 0.05849889624724062 0.0

1745359261
0.9436293436293436 0.05189189189189189 0.0

1745359262
0.9035804486703313 0.07799732580597236 0.0

1745359263
0.8984868517702366 0.08711620390774202 0.0

1745359264
0.8913170163170163 0.09659090909090909 0.0001456876456876457

1745359266
0.8799651567944251 0.10897212543554007 0.0

1745359267
0.8630760199589081 0.12092750220135016 0.000146756677428823

1745359268
0.8399039140878903 0.14709622721492158 0.0

1745359270
0.8430926046410757 0.15267837779223595 0.0

1745359271
0.8718621633957098 0.12608397991784573 0.0

1745359272
0.8812205903322401 0.11820904035362897 0.0

1745359274
0.8898353673519535 0.10967319190760914 0.0

1745359275
0.909147674055573 0.09054011863877615 0.0

1745359276
0.9264705882352942 0.07321652065081352 0.0

1745359277
0.9310613134142546 0.06784936196700903 0.0001556178026766262

1745359278
0.9189569019362899 0.07870081199250469 0.0

1745359279
0.9086643728495465 0.09024085079762277 0.0

1745359280
0.8950208108524742 0.10405426237089564 0.0

1745359281
0.9233957629720602 0.0762972060178078 0.0

1745359282
0.9028327431785045 0.08841907935846699 0.0

1745359284
0.8893016344725111 0.09987263850562514 0.0

1745359285
0.9107027306846124 0.08645011000388249 0.0

1745359287
0.8953956582633054 0.09935224089635854 0.00017507002801120448

1745359288
0.8933018124507486 0.10197005516154452 0.0

1745359289
0.9164603960396039 0.0812190594059406 0.0

1745359290
0.9136825645035184 0.08318999218139171 0.0

1745359291
0.933059028327267 0.06409241968665928 0.0

1745359292
0.8897209985315713 0.09838472834067548 0.0

1745359294
0.9044033766826375 0.09460795497756483 0.0

1745359296
0.9277759308510638 0.0719747340425532 0.0

1745359297
0.8345502563305888 0.15146807519030606 0.0

1745359298
0.8059925093632959 0.1751310861423221 0.000149812734082397

1745359299
0.8036927621861152 0.17740029542097488 0.0002954209748892171

1745359300
0.8199737187910644 0.15755584756898816 0.0

1745359302
0.8225013653741126 0.14396504642271982 0.0

1745359303
0.8246933122279383 0.1530141142329508 0.00013190871916633689

1745359304
0.7900459418070445 0.17044410413476263 0.00015313935681470137

1745359305
0.8417490185460945 0.13862190334371194 0.0

1745359306
0.8127910586774294 0.15787022663769015 0.0006209251785159888

1745359307
0.8609454545454546 0.11607272727272727 0.00014545454545454546

1745359308
0.8416518875095009 0.13351912845198885 0.0001266784899923993

1745359309
0.8358958267963602 0.14057106997176028 0.0

1745359310
0.8676067907995619 0.11089813800657174 0.00013691128148959474

1745359311
0.8470389690088984 0.1270328321571034 0.0

1745359313
0.826324595649749 0.15861684327941997 0.0

1745359314
0.8193498452012384 0.15340557275541797 0.00030959752321981426

1745359315
0.8572721103822665 0.12067405564351956 0.0010178692603483375

1745359316
0.8485323453975492 0.13379880307779995 0.0009974351667141636

1745359317
0.8441254028713742 0.13433929094638147 0.0001464986815118664

1745359319
0.8437596619602185 0.12460063897763578 0.00010306090899721736

1745359320
0.846406160867085 0.13234455219623503 0.0001426126640045636

1745359321
0.8370258670687856 0.140702934694351 0.0

1745359323
0.8171502256608639 0.1597678916827853 0.0001289490651192779

1745359324
0.8836395450568679 0.1079031787693205 0.0

1745359325
0.8896463570515551 0.10225820195994888 0.000284050560999858

1745359326
0.887103363747787 0.09941440827999455 0.00013618412093149938

1745359327
0.865052950075643 0.11694402420574887 0.0

1745359328
0.8703481392557023 0.11320528211284514 0.00012004801920768308

1745359330
0.8690706679574056 0.11289932236205227 0.0

1745359331
0.8744072204375095 0.10815358727244914 0.0003059507419305492

1745359332
0.8855877731752607 0.10084273675189259 0.0

1745359333
0.9057869723231758 0.08065417948001118 0.0

1745359334
0.8921583051346182 0.092982198028542 0.0005884949242312785

1745359335
0.88909426987061 0.09642637091805299 0.00030807147258163895

1745359336
0.8968099445858919 0.08956118017073536 0.0

1745359337
0.9022893909920694 0.08618883734849618 0.00014963339817447254

1745359338
0.8787536689997743 0.10589297809889366 0.0

1745359340
0.8755578222618896 0.10557184750733138 0.00012750223128904755

1745359341
0.8839536302623551 0.10640634533251983 0.0

1745359342
0.8381801125703565 0.14212007504690433 0.0

1745359343
0.8701847792045099 0.11055433761352959 0.00015659254619480113

1745359344
0.8881599500156201 0.10293658231802562 0.0

1745359345
0.8751173708920188 0.1187793427230047 0.0

1745359346
0.8761875097336863 0.1104189378601464 0.0

1745359347
0.8770973755915675 0.11444141689373297 0.0

1745359349
0.8279471544715448 0.1548780487804878 0.0001016260162601626

1745359350
0.8568676841013484 0.11601718773151579 0.0001481700992739665

1745359351
0.9001610305958132 0.09385783298826778 0.0

1745359353
0.9230707588749099 0.07460533696610305 0.0

1745359354
0.906569569259374 0.08103501704369383 0.0

1745359356
0.9297624665722826 0.068821771275759 0.0

1745359357
0.9135572139303483 0.07742537313432836 0.0

1745359358
0.8525921299188007 0.13038725796377265 0.0007807620237351655

1745359359
0.8639146130905666 0.12148799246586094 0.0

1745359360
0.8397713226205191 0.14786773794808405 0.00015451174289245981

1745359361
0.8831429647295093 0.11033011171080707 0.0

1745359363
0.8586654724585759 0.13685624720107478 8.956560680698612e-05

1745359364
0.875604807242079 0.121585765568909 0.0

1745359365
0.871313672922252 0.12584765809809179 0.0

1745359366
0.8713615023474178 0.12566510172143974 0.0

1745359367
0.863487611033193 0.1332398316970547 0.00015583606046439146

1745359368
0.8645751221819329 0.13337537442850386 0.0

1745359369
0.8335140157968096 0.16261421712869753 0.0

1745359370
0.8037177063642093 0.1910838059231254 0.0

1745359371
0.7997485067588809 0.18516189877397046 0.0

1745359372
0.8453978159126365 0.13822152886115444 0.0

1745359373
0.8176387360477912 0.15579311429020595 0.0007860399308284861

1745359374
0.8041156142004399 0.16980835689601007 0.0007854225573358467

1745359375
0.8456112852664577 0.13134796238244514 0.00015673981191222572

1745359376
0.8717306186374315 0.10602975724353955 0.0

1745359377
0.8867953431372549 0.08884803921568628 0.0

1745359379
0.8852510873863187 0.09260577303281929 7.908264136022143e-05

1745359380
0.7865824782951855 0.1739542225730071 0.0

1745359381
0.7775506995755385 0.19037887124665934 0.00015720798616569723

1745359382
0.8040381906401628 0.1724839568007513 0.0

1745359383
0.8040106532978223 0.15086949710167633 0.0

1745359384
0.8036752002512958 0.16664049002670017 0.00015705983979896342

1745359385
0.81578125 0.158125 0.0

1745359386
0.822152395915161 0.15129615082482326 0.00031421838177533385

1745359387
0.8479623824451411 0.12884012539184952 0.0

1745359388
0.8184464531944232 0.15857208518461774 0.0

1745359389
0.8740250026712255 0.11849556576557324 0.000320547066994337

1745359391
0.8518117901568415 0.12222823147647377 0.0

1745359392
0.8512783053323594 0.11921110299488678 0.0

1745359393
0.85633626097867 0.11606022584692598 0.0

1745359394
0.8715769593956563 0.0967894239848914 0.0

1745359395
0.8758749416705554 0.10110437081972314 0.00031109037175299425

1745359396
0.876138147566719 0.09795918367346938 0.0

1745359397
0.8596298619824341 0.11041405269761606 0.0003136762860727729

1745359398
0.8689935827203005 0.10846767882297699 0.00015651901706057285

1745359399
0.858036272670419 0.11350844277673545 0.00015634771732332708

1745359400
0.8546338403638074 0.12356907636819821 0.0004704406460718206

1745359401
0.8570533896978237 0.12525442304681383 0.0003131360576170346

1745359402
0.8477956067923352 0.12758996728462377 0.0004673625175260944

1745359403
0.828692779613025 0.14252005663048609 0.0003146138115463269

1745359404
0.8252624980410594 0.13696912709606646 0.0001567152483936687

1745359405
0.818295543393276 0.12384675527756059 0.0006254886630179827

1745359406
0.7704737998117351 0.17540006275494197 0.00031377470975839345

1745359407
0.7974185424209035 0.16165591059342044 0.00031481189988981584

1745359408
0.8444096950742768 0.12087568412822518 0.0007818608287724785

1745359409
0.8230253933634523 0.14924443059666614 0.00015578750584203146

1745359410
0.762452711223203 0.1760718789407314 0.0

1745359411
0.7878170999060444 0.1816473535859693 0.0

1745359412
0.7971411192214112 0.149330900243309 0.00015206812652068127

1745359414
0.8382938086901162 0.1197676269298106 0.0001591596371160274

1745359415
0.789201067336368 0.16496625333542614 0.0003139224611520954

1745359416
0.8332313341493268 0.10465116279069768 0.0

1745359417
0.814968814968815 0.15338415338415337 0.0

1745359419
0.866916198793928 0.11124974007070076 0.0001039717196922437

1745359420
0.8592400690846287 0.11384571099597006 0.0008635578583765112

1745359421
0.7950968101406881 0.18428750522356874 0.002089427496865859

1745359424
0.7915068802165577 0.19067223099481165 0.0001691856530566208

1745359425
0.7786010669828097 0.2036158861885003 0.00014819205690574984

1745359426
0.7798136155425683 0.19444005686305482 0.0

1745359427
0.7093325187108599 0.2555368871238735 0.0

1745359428
0.751358695652174 0.20679347826086958 0.0001358695652173913

1745359430
0.7724643668663499 0.15947118363974386 0.0

1745359431
0.7693243243243243 0.13851351351351351 0.0002702702702702703

1745359432
0.8631578947368421 0.1324775353016688 0.0

1745359433
0.7381778058007566 0.12815258511979824 0.00015762925598991173

1745359434
0.854157201272149 0.1225200666363774 0.00045433893684688776

1745359435
0.7968452254922719 0.17139529959771332 0.00010586491636671607

1745359437
0.9299383038795357 0.06577433859667468 0.0

1745359438
0.9538819875776398 0.045496894409937885 0.0

1745359440
0.8380608155889054 0.1436316492496268 7.857311228097745e-05

1745359441
0.7369897164225615 0.20130881894671238 0.0010906824555936428

1745359443
0.6609967411175582 0.28821238375327873 0.0010333041888562118

1745359444
0.6979264844486334 0.2731699654414075 0.00015708451146716933

1745359445
0.6847793899911164 0.2724311519099793 0.00014806040864672785

1745359446
0.6908056580565806 0.26199261992619927 0.0

1745359447
0.8142748671222475 0.17539863325740318 0.00045558086560364467

1745359448
0.7087237693018344 0.23716510492279266 0.012933878843869605

1745359450
0.7026501337223438 0.27409028284301806 0.006402463732879488

1745359452
0.6596294316764654 0.3151612328523071 0.0004453946196329948

1745359453
0.6641113892365457 0.29583854818523153 0.0

1745359454
0.663159262146012 0.2992985190958691 0.00012990387113535984

1745359456
0.7013461709904609 0.25951680484978157 0.0

1745359457
0.7312215775442998 0.23663164497412575 0.0010976948408342481

1745359458
0.7331870199090766 0.2274651199247531 0.0

1745359459
0.7300076745970836 0.229623944742901 0.00015349194167306216

1745359460
0.733273748723187 0.2247191011235955 0.00012768130745658836

1745359461
0.7298050139275766 0.22938718662952645 0.00041782729805013927

1745359463
0.8280499519692603 0.17002881844380405 0.00038424591738712776

1745359464
0.8868482490272374 0.11299610894941635 0.0

1745359465
0.8957144946614012 0.10384671639608015 0.0001462629808395495

1745359467
0.9005718954248366 0.097140522875817 0.0

1745359468
0.9138949331675474 0.07569163817221014 0.0010879701585327945

1745359469
0.8644280558606622 0.09508865526439668 0.0026675035305193787

1745359470
0.8376160990712074 0.14829721362229104 0.00015479876160990713

1745359471
0.8537722520486013 0.13902232269002543 0.0

1745359473
0.8865406928559589 0.09738107077739101 0.0

1745359474
0.8209379441023211 0.1397441970630033 0.005684509711037423

1745359475
0.8204741053903065 0.14615733051487242 0.006039559112184811

1745359477
0.8481636448163645 0.12914923291492328 0.0023245002324500234

1745359478
0.8435156730178243 0.13189920098340505 0.002089735709895513

1745359479
0.8375389408099688 0.14595015576323989 0.0

1745359480
0.7935808684707363 0.17967275015733167 0.00015733165512901197

1745359481
0.8131060369096027 0.1657804191429465 0.0007819831091648421

1745359482
0.8022807828633072 0.17583603020496225 0.002157497303128371

1745359483
0.8523058960887332 0.1361646234676007 0.0

1745359485
0.8274116264352228 0.1482686918000181 9.040773890245005e-05

1745359486
0.8234113712374582 0.1579933110367893 0.0

1745359487
0.8182383097716327 0.16094453938169956 0.00031070374398011494

1745359488
0.8140047206923682 0.16018882769472856 0.0

1745359489
0.8185388845247447 0.15946582875098192 0.00015710919088766692

1745359490
0.8538834192842631 0.1326769807782466 0.0001562744178777934

1745359491
0.8633385335413416 0.12589703588143525 0.0

1745359492
0.8497208436724566 0.13647642679900746 0.00031017369727047146

1745359494
0.8318611987381703 0.14069400630914827 7.886435331230284e-05

1745359495
0.8512474501804488 0.11799780323238664 0.0

1745359496
0.8571205496564647 0.11711430356027483 0.0001561524047470331

1745359497
0.8983289083242231 0.0862095892550367 0.0006247071685147587

1745359498
0.8771239773442416 0.10682819383259912 0.0004719949653870359

1745359499
0.8735685546270504 0.11389662643144537 0.00015475085112968121

1745359500
0.9125939849624061 0.07847744360902256 0.0

1745359501
0.8713339640491958 0.11289813938820562 0.0

1745359502
0.8852536005009393 0.10300563556668754 0.0

1745359503
0.8609675904180366 0.12963832785345233 0.0003131360576170346

1745359504
0.8574749382536685 0.11986052593345925 0.0001452854859799506

1745359505
0.8414399560318769 0.13410277548777136 0.0

1745359507
0.8530323580701414 0.12468513853904283 9.688044952528579e-05

1745359508
0.864247311827957 0.1053763440860215 0.0009408602150537635

1745359509
0.878522229179712 0.10707576706324358 0.0017219787100814026

1745359510
0.8696194635059263 0.11650031191515908 0.00031191515907673113

1745359511
0.8834221247257913 0.10795988718270134 0.00015669069257286117

1745359512
0.8714308004368856 0.12654080199719145 0.0

1745359513
0.8596436870642913 0.1386522075910147 0.0

1745359514
0.879578682597076 0.11932086149976419 0.00031441597233139445

1745359515
0.8915364381866007 0.10753520037134458 0.00015472690700912888

1745359516
0.9328806064434618 0.06459254579911561 0.0

1745359517
0.9319674695026587 0.06709415076634345 0.0

1745359518
0.9045447397389527 0.08381821041044189 0.0

1745359519
0.8822429906542056 0.10373831775700934 0.0009345794392523365

1745359520
0.9014238773274917 0.08621498982944766 0.00031294007197621654

1745359521
0.894456623864704 0.09802693391794551 0.00015659254619480113

1745359522
0.9001729287847823 0.08992296808677881 0.0

1745359523
0.8914437666197403 0.09666823087752228 0.0012513686844986705

1745359524
0.8850753222550085 0.09535642180462804 0.0020189470414660664

1745359525
0.88037147804187 0.09979537226507162 0.0014166535495041713

1745359526
0.9098679098679099 0.08469308469308469 0.0012432012432012432

1745359527
0.9140698772426817 0.0766446333018571 0.00047214353163361664

1745359528
0.9188510437921833 0.07078951498979752 0.0

1745359529
0.8668333854329477 0.11081587996248828 0.0

1745359530
0.9287277274148171 0.0681462957174117 0.0

1745359531
0.9343111249804962 0.06522078327352161 0.0

1745359532
0.8655871718283289 0.11146046219147933 0.0

1745359533
0.8616539002657496 0.12318274191027044 0.0001563232765358762

1745359534
0.8923534942024444 0.09949858978376684 0.0

1745359535
0.8633743573765384 0.12322791712104689 0.00015578750584203146

1745359536
0.8749803921568627 0.11372549019607843 0.0

1745359537
0.8805316653635653 0.10961688819390149 0.0004691164972634871

1745359538
0.9041653617287817 0.08596930786094582 0.0

1745359539
0.9132884645484426 0.07747691344498357 0.0

1745359540
0.8994841331874316 0.08894794434891355 0.0006252931061435048

1745359541
0.8807382133995038 0.11491935483870967 0.0004652605459057072

1745359542
0.9096330275229357 0.09021406727828746 0.0

1745359543
0.9368123231688148 0.06318767683118516 0.0

1745359544
0.9335394126738794 0.06630602782071097 0.0

1745359546
0.9421198888447797 0.05788011115522033 0.0

1745359547
0.941194440201619 0.05850007637085688 0.0

1745359549
0.9400078523753436 0.059599528857479385 0.0

1745359551
0.9466939224781823 0.05228398458998349 0.0

1745359552
0.951291627762216 0.0480859010270775 0.0001556178026766262

1745359553
0.946177370030581 0.05382262996941896 0.0

1745359555
0.9404214862937728 0.057993978767231814 0.0

1745359556
0.9394601341863005 0.06022780464971134 0.0

1745359557
0.9012558869701727 0.08304552590266875 0.00015698587127158556

1745359558
0.9239198497182217 0.06684408265497808 0.0

1745359559
0.9029582094224449 0.0818594459226796 0.0

1745359560
0.8846394005619731 0.10224789260068685 0.0

1745359561
0.8740613266583229 0.11154568210262829 0.0

1745359562
0.8814473893032851 0.1029995238850976 0.00015870496746548166

1745359563
0.8444234701903414 0.14094698757275445 0.0

1745359564
0.8282765092274007 0.16015014075695966 0.00015639662183296842

1745359565
0.8262433531435721 0.15999374413512668 0.0

1745359566
0.8512692726989566 0.13642734776514562 0.0

1745359567
0.8971815462131948 0.08817509053692332 0.0001574555188159345

1745359568
0.8869905956112852 0.09952978056426333 0.0

1745359569
0.8681541582150102 0.11390232485567171 0.0

1745359570
0.8627450980392157 0.11435294117647059 0.00015686274509803922

1745359571
0.889809315411066 0.09487339793685527 0.0

1745359572
0.886107634543179 0.09605757196495619 0.0

1745359573
0.9318252730109204 0.06536661466458658 0.0

1745359574
0.9612379807692307 0.03861177884615385 0.0

1745359576
0.9556896688636544 0.04359564837608195 0.0

1745359577
0.9615439396097422 0.03774391112377154 0.0001424298532972511

1745359578
0.9604610212902193 0.039218825036017285 0.0

1745359579
0.9654246921376697 0.03457530786233028 0.0

1745359581
0.9617266414141414 0.037957702020202023 0.0

1745359582
0.9689623224212477 0.031037677578752317 0.0

1745359584
0.9683665338645419 0.03099601593625498 0.0

1745359585
0.9692561487702459 0.03014397120575885 0.0

1745359586
0.970158630438197 0.029684309722004084 0.0

1745359587
0.969189749666716 0.030365871722707747 0.0

1745359589
0.9351167234360721 0.05989864584198721 0.0

1745359590
0.900562851782364 0.08614759224515323 0.0

1745359591
0.8530573550323906 0.13967451414125454 0.0

1745359592
0.8341455745951895 0.1482471309542525 0.0

1745359593
0.8149482920714509 0.16671889689752428 0.0

1745359594
0.8416261183487679 0.13953853398210642 0.0001569612305760477

1745359595
0.8304184884447221 0.14444097439100562 0.0009369144284821987

1745359596
0.8549313756782636 0.12448132780082988 0.0

1745359597
0.8829389788293898 0.10289539227895392 0.0012453300124533001

1745359598
0.8290840415486308 0.15564998426188228 0.0033050047214353163

1745359599
0.863239875389408 0.1280373831775701 0.0014018691588785046

1745359600
0.8673163418290855 0.13118440779610194 0.0

1745359602
0.8423795398059809 0.14623586947807263 0.0008819049146155697

1745359603
0.860061919504644 0.1306501547987616 0.0017027863777089784

1745359604
0.8652392947103275 0.11870277078085642 0.0033060453400503777

1745359605
0.9112011216700421 0.08256737809627668 0.0018694500701043775

1745359606
0.9180533751962323 0.0739403453689168 0.0003139717425431711

1745359607
0.9343677269200931 0.06516679596586501 0.0

1745359608
0.9032772621809745 0.08657192575406032 0.00014501160092807424

1745359609
0.9100914808461978 0.07604345340194396 0.0001429388221841052

1745359611
0.9057071960297767 0.0762385556601352 0.0

1745359612
0.9288630653266332 0.06878140703517588 0.0

1745359613
0.9280451481423421 0.07007367926007212 0.0

1745359614
0.9073353060270986 0.08939417536209313 0.0

1745359615
0.9157994323557237 0.06480605487228004 0.0

1745359616
0.9267530844916445 0.06481336873340622 0.00015617679212868969

1745359617
0.9412832929782082 0.0526634382566586 0.0

1745359619
0.944710770214126 0.04937679769894535 0.0

1745359620
0.9409743910056215 0.043098063710181135 0.0

1745359621
0.9154083204930663 0.06579352850539291 0.0

1745359623
0.9483755076538581 0.051390190565448295 0.0

1745359624
0.9305719339622641 0.06426886792452831 0.0

1745359626
0.8914466086688737 0.10277927477096005 0.00023096466240665178

1745359628
0.8596411330722288 0.11676837599052738 0.0006375808361417251

1745359629
0.8283157038242474 0.15229183618117711 0.0006780580417683754

1745359630
0.8510077519379845 0.13798449612403102 0.0007751937984496124

1745359631
0.8544393628765179 0.1252168427692793 0.00031540766440624505

1745359632
0.8803204020731898 0.09674886131616146 0.0012564787183917073

1745359633
0.8801305970149254 0.09872512437810946 0.000777363184079602

1745359634
0.900895241086854 0.08119993717606408 0.00015705983979896342

1745359635
0.9211140501011358 0.062393029407188424 0.00015559358954411078

1745359636
0.9232415902140673 0.06360856269113149 0.0

1745359638
0.9128030961219493 0.06816207250612116 0.0

1745359639
0.9096291679650982 0.07510127765659085 0.0006232471174820816

1745359641
0.9170387779083431 0.07254210732471603 0.0

1745359643
0.9049596489853483 0.07733291545874794 0.0

1745359644
0.915987460815047 0.06285266457680251 0.0

1745359645
0.9104642014162078 0.07238394964594808 0.0

1745359646
0.9040435458786936 0.07636080870917573 0.0

1745359647
0.86810249960698 0.10548655871718284 0.0

1745359648
0.8913921690490988 0.08949658172778123 0.00015537600994406463

1745359649
0.8835648509442797 0.09395973154362416 0.0

1745359651
0.9002824415502902 0.08112348972226581 7.845598619174644e-05

1745359652
0.8871674491392801 0.09389671361502347 0.0

1745359653
0.8926122194513716 0.08977556109725686 0.0

1745359654
0.8637342356198093 0.12088588126730238 0.00030759766225776686

1745359656
0.8440548901403981 0.12842071864836996 7.932101213611486e-05

1745359657
0.7713172252533126 0.19968823070927513 0.0

1745359659
0.8522548092084516 0.10879848628192999 0.0

1745359660
0.856026262310458 0.11005158668125684 0.0001563232765358762

1745359661
0.8582591029848414 0.11017346460384435 0.0

1745359662
0.8875527096673435 0.08839606434483836 0.00015617679212868969

1745359663
0.8902568779449764 0.086031311749506 0.0

1745359664
0.8757571051405498 0.10234508464047212 0.0

1745359665
0.846953188054883 0.12782485875706215 0.0

1745359667
0.6929121605850774 0.25752742550377344 7.780284758422158e-05

1745359669
0.7304867813680235 0.18054972723457827 0.0

1745359671
0.728996793403573 0.13678424186898763 0.0001832340815391663

1745359672
0.8614923202762883 0.09742797418885758 9.088430428065073e-05

1745359674
0.8742900416508899 0.08986495014514705 0.00012621481761958855

1745359675
0.840417369955501 0.12229553475525548 0.0

1745359676
0.8716898954703832 0.09695121951219512 8.710801393728223e-05

1745359678
0.8321612751992499 0.12439443663072355 0.0001562744178777934

1745359679
0.7775430123754905 0.15695744038635678 0.00045276184726833685

1745359680
0.8226102941176471 0.12928921568627452 0.00015318627450980392

1745359681
0.8144966847498493 0.13381555153707053 0.0001506931886678722

1745359683
0.8289989597503401 0.1242698247579419 8.001920460910618e-05

1745359684
0.8167318378267133 0.14046100020580365 0.00020580366330520683

1745359686
0.8398627394909923 0.1201029453817558 0.0005719187875321705

1745359687
0.8366310160427808 0.1179144385026738 0.000445632798573975

1745359689
0.8577216767960106 0.11002025868786038 0.0006233442418575658

1745359690
0.8154560281018692 0.15418391669803036 0.001380002509095471

1745359691
0.8095522388059702 0.16597014925373135 0.0005970149253731343

1745359692
0.7834443099273608 0.1875 0.0001513317191283293

1745359694
0.7369953051643192 0.23389671361502348 0.00028169014084507044

1745359694
0.7721003134796238 0.19655172413793104 0.00015673981191222572

1745359695
0.7618219199746955 0.20275185829511308 0.00047445832674363435

1745359697
0.7633837989698767 0.20134228187919462 0.0

1745359697
0.7486235645744849 0.21142048135913166 0.0

1745359698
0.7206598586017282 0.23644933228593873 0.00015710919088766692

1745359699
0.7338367154318075 0.22337580619789207 0.00015730690577316344

1745359700
0.7153581482639975 0.23506412261495152 0.00015639662183296842

1745359701
0.7168712621970412 0.22946175637393768 0.0

1745359702
0.7290190521177767 0.16217918438041254 0.0

1745359703
0.8386591478696742 0.10228696741854637 0.0

1745359704
0.8214731585518102 0.15246566791510613 0.00015605493133583021

1745359706
0.7997500781005936 0.17197750702905343 0.0

1745359707
0.7335207747578881 0.21790065604498593 0.00015620118712902218

1745359708
0.8410727969348659 0.13134099616858239 0.0

1745359709
0.8466165413533835 0.11744360902255639 0.0

1745359710
0.8772534464475079 0.09093319194061505 0.0001325556733828208

1745359711
0.8186830333922813 0.14469988557162175 0.00010402579839800271

1745359712
0.7913476263399694 0.16730474732006126 0.00012761613067891782

1745359713
0.7190341799937284 0.2295390404515522 0.00015678896205707118

1745359715
0.7402374258044361 0.23492658544204936 0.0

1745359716
0.8206047381546134 0.17222568578553615 0.0

1745359716
0.7160532994923858 0.2260469543147208 0.00047588832487309646

1745359718
0.7478193146417446 0.217601246105919 0.00046728971962616824

1745359718
0.7769108280254777 0.16019108280254776 0.0003184713375796178

1745359719
0.7560627674750356 0.1797432239657632 0.0001585037248375337

1745359721
0.8217296284733063 0.12769278801123946 0.00031220730565095225

1745359721
0.8265987909640471 0.1091314031180401 0.0001590836780146357

1745359722
0.829783877583215 0.10553715097018457 0.0003155071777882947

1745359724
0.8480775242263208 0.10878399499843701 0.00015629884338855892

1745359724
0.8910953506698187 0.08699763593380615 0.0

1745359725
0.8271798900235664 0.13212882953652788 0.0006284367635506677

1745359726
0.8299734333489608 0.13095796218159086 0.0001562744178777934

1745359727
0.8658632023790891 0.11175457818124902 0.0

1745359728
0.8125097732603597 0.1716966379984363 0.0001563721657544957

1745359729
0.7682160804020101 0.20021984924623115 0.0

1745359730
0.8328853754940712 0.10814229249011857 0.0

1745359731
0.8302867948313899 0.0936022691459187 0.0

1745359732
0.8116194396074086 0.13978154187114136 0.0

1745359734
0.7893607235934386 0.17537942664418213 0.00030660738923808065

1745359735
0.8531345900920649 0.11003945637878124 0.00014613473622680112

1745359736
0.8887756402089438 0.08332271626958848 0.0

1745359737
0.9041593002698427 0.06746068670326603 0.0

1745359739
0.9031706558905813 0.06683245259558596 0.000777121541809139

1745359739
0.8966168371361133 0.07364280094413847 0.0

1745359740
0.9005153834140247 0.07418397626112759 0.0

1745359741
0.9009234622006573 0.07794647049616528 0.0

1745359742
0.893491124260355 0.08470881345375272 0.0

1745359743
0.8349575605155611 0.13533480037723986 0.00015718327569946557

1745359745
0.856054717861029 0.096688947613866 0.001243587750660656

1745359746
0.8987341772151899 0.10126582278481013 0.0

1745359747
0.91917787049915 0.08066759388038942 0.0

1745359748
0.9247192788233434 0.07528072117665666 0.0

1745359748
0.9245342101142947 0.07546578988570533 0.0

1745359750
0.9054095826893354 0.09443585780525503 0.0

1745359751
0.894530637831061 0.10531264692054537 0.0

1745359752
0.8988631909055272 0.10113680909447276 0.0

1745359754
0.9045759800093706 0.0954240199906294 0.0

1745359755
0.9219112416885727 0.07808875831142724 0.0

1745359755
0.9217143760873003 0.07717855448363119 0.0

1745359757
0.9043214556482183 0.06929492039423805 0.00015163002274450342

1745359758
0.8693414080242241 0.10264950794852384 0.0

1745359759
0.8287937743190662 0.12271774917689314 0.0

1745359760
0.8106689986882378 0.10013117621337997 0.00014575134819997084

1745359762
0.9143591941705957 0.076553793399057 0.0

1745359763
0.9444357976653697 0.05556420233463035 0.0

1745359764
0.9423046690771891 0.05769533092281088 0.0

1745359765
0.9265882352941176 0.07341176470588236 0.0

1745359766
0.93515625 0.06484375 0.0

1745359766
0.9458143552693576 0.05402858489084341 0.0

1745359767
0.9192971544083346 0.07526045716062821 0.00015549681231534753

1745359768
0.9392772511848341 0.06072274881516588 0.0

1745359770
0.9391860283798534 0.0606580383595821 0.0

1745359771
0.910567797973299 0.08935177738459064 0.0

1745359773
0.9324618736383442 0.06753812636165578 0.0

1745359774
0.9255501794911816 0.07429374122054004 0.0

1745359775
0.9294026377036463 0.07059736229635376 0.0

1745359776
0.9237569060773481 0.07624309392265194 0.0

1745359777
0.9388260802230138 0.06117391977698622 0.0

1745359778
0.9290746829497417 0.07076874902144982 0.0

1745359779
0.9228135698723934 0.07718643012760659 0.0

1745359780
0.9378784304474326 0.062042934654399626 0.0

1745359782
0.9190108191653786 0.08083462132921175 0.0

1745359783
0.9276275353411186 0.07221880762138906 0.0

1745359785
0.9273301737756714 0.07266982622432859 0.0

1745359786
0.9396337678460583 0.06036623215394165 0.0

1745359787
0.9352876968657414 0.06471230313425853 0.0

1745359788
0.9297927665274605 0.0702072334725396 0.0

1745359790
0.9274821039526921 0.07236227824463119 0.0

1745359791
0.9260822003438037 0.07376152523831848 0.0

1745359792
0.9335210386360081 0.06647896136399187 0.0

1745359793
0.9296862926904651 0.07031370730953485 0.0

1745359794
0.9262941919191919 0.07354797979797979 0.0

1745359795
0.9416058394160584 0.058394160583941604 0.0

1745359796
0.9439391563431081 0.05606084365689196 0.0

1745359798
0.951879931920161 0.04812006807983908 0.0

1745359800
0.9441358266176355 0.0555512088256005 0.0

1745359801
0.9434140207481924 0.05642879597610814 0.0

1745359801
0.9403382398997808 0.05966176010021923 0.0

1745359802
0.9376371043560012 0.062206204951425884 0.00015669069257286117

1745359804
0.9476545511028269 0.05234544889717303 0.0

1745359805
0.9317363394394864 0.06826366056051354 0.0

1745359806
0.9316372717340409 0.06820664897768067 0.0

1745359807
0.941709642131583 0.058290357868416943 0.0

1745359808
0.9483891147951204 0.051610885204879574 0.0

1745359809
0.9496727952633219 0.050327204736678094 0.0

1745359810
0.9416092673763307 0.05839073262366938 0.0

1745359811
0.93078125 0.0690625 0.0

1745359812
0.9394646747587924 0.060535325241207597 0.0

1745359813
0.93859375 0.06140625 0.0

1745359814
0.9393416927899687 0.06065830721003135 0.0

1745359815
0.9466604098232442 0.053339590176755824 0.0

1745359816
0.9513488227038828 0.04849524403555278 0.0

1745359817
0.9430498901788515 0.05695010982114842 0.0

1745359818
0.9458827199001871 0.05396132252027448 0.0

1745359819
0.9532710280373832 0.04672897196261682 0.0

1745359820
0.9492163009404389 0.05078369905956113 0.0

1745359821
0.9580539529081553 0.04194604709184469 0.0

1745359822
0.9505135387488328 0.04933084344849051 0.0

1745359823
0.9586152635719906 0.04138473642800944 0.0

1745359824
0.9566099578585922 0.043390042141407834 0.0

1745359825
0.9600374648766781 0.03996253512332189 0.0

1745359826
0.950422270878949 0.04957772912105098 0.0

1745359827
0.938740428191905 0.06110329739021722 0.0

1745359828
0.9482866043613707 0.0514018691588785 0.0

1745359829
0.9534482758620689 0.04655172413793104 0.0

1745359830
0.945 0.055 0.0

1745359831
0.9422416484545738 0.05775835154542616 0.0

1745359832
0.94671875 0.05265625 0.0

1745359833
0.9530810134501094 0.046762589928057555 0.00015639662183296842

1745359834
0.95390625 0.04609375 0.0

1745359835
0.9515625 0.0484375 0.0

1745359836
0.9464537341474871 0.05354626585251292 0.0

1745359837
0.9619463505926388 0.038053649407361195 0.0

1745359838
0.9515700671770035 0.048273707233244804 0.0

1745359839
0.95375 0.04625 0.0

1745359840
0.9446529080675422 0.055347091932457786 0.0

1745359841
0.9448695923785726 0.05513040762142746 0.0

1745359842
0.95140625 0.0484375 0.0

1745359842
0.9332708235661822 0.06672917643381779 0.0

1745359844
0.9489176140788039 0.050926646939729016 0.0

1745359845
0.9534122779682144 0.0465877220317856 0.0

1745359846
0.9486010688462747 0.05124174787802578 0.0

1745359847
0.9397665369649806 0.060233463035019454 0.0

1745359848
0.9442806146205184 0.05571938537948161 0.0

1745359849
0.947775323445882 0.05190911959608709 0.0

1745359849
0.9592540354176461 0.040589249333960194 0.0

1745359851
0.9692811476687978 0.030718852331202244 0.0

1745359852
0.9640644361833953 0.03593556381660471 0.0

1745359853
0.954649060756111 0.04527234142890828 0.0

1745359855
0.9582181259600614 0.041781874039938556 0.0

1745359856
0.9622745530440261 0.03717413562258801 0.0

1745359857
0.9582745098039216 0.04172549019607843 0.0

1745359859
0.9595708287980096 0.04042917120199036 0.0

1745359860
0.96140625 0.03859375 0.0

1745359861
0.9568871595330739 0.04311284046692607 0.0

1745359862
0.9569723618090452 0.04302763819095477 0.0

1745359863
0.9595375722543352 0.040306202155913136 0.0

1745359864
0.9540229885057471 0.04597701149425287 0.0

1745359865
0.9462971661186785 0.05370283388132143 0.0

1745359866
0.9520976831559174 0.04790231684408266 0.0

1745359867
0.9515903801396431 0.04840961986035686 0.0

1745359868
0.9485363550519358 0.05146364494806421 0.0

1745359869
0.9578125 0.0421875 0.0

1745359869
0.9488627450980393 0.051137254901960784 0.0

1745359871
0.9548216233058109 0.04471101417666303 0.0

1745359871
0.9550879396984925 0.04491206030150754 0.0

1745359873
0.9589552238805971 0.041044776119402986 0.0

1745359874
0.9589934762348555 0.04100652376514446 0.0

1745359874
0.9428796223446105 0.05712037765538946 0.0

1745359876
0.9332295719844358 0.0667704280155642 0.0

1745359877
0.9346497414198401 0.06519354333176618 0.0

1745359878
0.9498832684824903 0.05011673151750973 0.0

1745359879
0.9500546277508974 0.0497892929608241 0.0

1745359880
0.9494822717288987 0.05051772827110135 0.0

1745359881
0.93765625 0.0603125 0.0

1745359882
0.9490625 0.0509375 0.0

1745359883
0.9515903801396431 0.0482544608223429 0.0

1745359884
0.9455461126849228 0.05445388731507712 0.0

1745359885
0.9394176581089543 0.0604257983719474 0.0

1745359886
0.937984496124031 0.06201550387596899 0.0

1745359886
0.934258237427085 0.06558410846602554 0.0

1745359888
0.914423525750739 0.08542088065971681 0.00015559358954411078

1745359889
0.9178976830974965 0.0821023169025035 0.0

1745359890
0.9162081433736834 0.08363464864015092 0.0

1745359891
0.9359274886701047 0.06407251132989529 0.0

1745359892
0.9540625 0.0459375 0.0

1745359893
0.9481331042024683 0.051866895797531634 0.0

1745359894
0.9571808095014847 0.042819190498515396 0.0

1745359895
0.950303785636392 0.04969621436360804 0.0

1745359896
0.9464033850493653 0.05343989970224103 0.0

1745359897
0.9584375 0.0415625 0.0

1745359897
0.9503134796238244 0.04968652037617555 0.0

1745359899
0.9485901230721296 0.051409876927870385 0.0

1745359900
0.94546875 0.05453125 0.0

1745359901
0.95015625 0.04984375 0.0

1745359902
0.9429776597406655 0.05686611466958288 0.0

1745359903
0.9485339987523393 0.05146600124766064 0.0

1745359904
0.9470882905447714 0.052598622417031934 0.00015654351909830932

1745359905
0.95284046692607 0.04715953307392996 0.0

1745359906
0.9471289614057107 0.0528710385942893 0.0

1745359907
0.935971335098925 0.0638728773952329 0.0

1745359908
0.9352766024134148 0.0645666823381915 0.0

1745359909
0.9359689922480621 0.06403100775193798 0.0

1745359910
0.9472357851630178 0.05244920459914947 0.0

1745359911
0.95296875 0.04703125 0.0

1745359912
0.9506153606480761 0.04938463935192398 0.0

1745359913
0.9468815697266993 0.05311843027330063 0.0

1745359915
0.942584129621936 0.057166597424179476 0.0

1745359916
0.9412775261596127 0.05872247384038732 0.0

1745359917
0.9525 0.0475 0.0

1745359918
0.9491181520212267 0.05072576869049477 0.0

1745359919
0.9462416002500391 0.05360212533208314 0.0

1745359920
0.9475989363366182 0.05224464257781949 0.0

1745359921
0.9338842975206612 0.06611570247933884 0.0

1745359922
0.9394650398873768 0.06053496011262318 0.0

1745359923
0.9338442289646544 0.06599937441351267 0.0

1745359923
0.9355192971446501 0.06432381550047066 0.0

1745359925
0.9396108949416342 0.06038910505836576 0.0

1745359926
0.9303886374278133 0.06914312470735133 0.00015607928827844546

1745359927
0.9359975023415548 0.0640024976584452 0.0

1745359927
0.9362168939037768 0.062372668860680144 0.0

1745359929
0.9439688715953307 0.05603112840466926 0.0

1745359930
0.9448022079116836 0.055044464888071146 0.0

1745359931
0.910472218084314 0.08952778191568599 0.0

1745359933
0.9027306511552755 0.0971885603490063 0.0

1745359934
0.9242897283796441 0.07555416796753044 0.0

1745359935
0.9222425908952032 0.07775740910479682 0.0

1745359936
0.9201157378286577 0.07887784626997106 0.0

1745359938
0.8955331412103746 0.10446685878962536 0.0

1745359939
0.8848751374273598 0.11512486257264018 0.0

1745359939
0.9166274878545683 0.08321579689703808 0.0

1745359941
0.9275588097834554 0.0722854027107026 0.0

1745359942
0.9304280155642023 0.06957198443579767 0.0

1745359943
0.9419859265050821 0.05785770132916341 0.0

1745359944
0.9374612042209808 0.06253879577901925 0.0

1745359945
0.948868778280543 0.050980392156862744 0.0

1745359947
0.936914775432471 0.06284716711633075 0.0

1745359949
0.9332073093887838 0.06600504095778198 0.0

1745359950
0.9415730337078652 0.05797752808988764 0.0

1745359951
0.9511210377115368 0.04887896228846319 0.0

1745359953
0.9557716007120362 0.044091469259208545 0.0

1745359954
0.9409565352858701 0.059043464714129926 0.0

1745359955
0.9385214007782101 0.06132295719844358 0.0

1745359957
0.9002993322588073 0.09947041215749482 0.0

1745359958
0.9141944317663168 0.08534915563669557 0.0

1745359960
0.8958081418782748 0.10419185812172511 0.0

1745359962
0.9127725856697819 0.08703271028037383 0.0

1745359963
0.8837004405286344 0.11629955947136564 0.0

1745359964
0.9000146177459436 0.09998538225405643 0.0

1745359965
0.9464016104680423 0.05343063244422077 0.0

1745359966
0.9532637482473906 0.046424676740925375 0.0

1745359968
0.9450662739322533 0.05419734904270987 0.0

1745359970
0.9293919190296409 0.07052775323319142 0.0

1745359971
0.9491370093172445 0.05086299068275546 0.0

1745359973
0.9508535132989282 0.04890829694323144 0.0

1745359974
0.9463649046659433 0.053635095334056734 0.0

1745359975
0.9474429583005507 0.05239968528717545 0.0

1745359976
0.9479606188466948 0.05188310673542741 0.0

1745359977
0.9347961406784936 0.06504824151882975 0.0

1745359978
0.94078125 0.0590625 0.00015625

1745359980
0.9340228804262655 0.06574204670114402 0.0

1745359981
0.9464658514762899 0.053385028332836267 0.0

1745359983
0.9453612317410186 0.05440189498618239 0.0

1745359984
0.941106342393896 0.058734700365601654 0.0

1745359986
0.9377516258903685 0.06193868070610096 0.0

1745359987
0.9477961863082213 0.05220381369177868 0.0

1745359988
0.9580223880597015 0.041666666666666664 0.0

1745359989
0.9434276206322796 0.05642111632128271 0.0

1745359990
0.9561944904410657 0.04380550955893422 0.0

1745359991
0.9503242924528302 0.049528301886792456 0.0

1745359992
0.9401996141910594 0.05963264279124381 0.0

1745359994
0.9562858471554798 0.04371415284452023 0.0

1745359995
0.93171875 0.0678125 0.00015625

1745359996
0.9428391959798995 0.0571608040201005 0.0

1745359997
0.9381928625664389 0.061655277145026575 0.0

1745359998
0.9431638418079096 0.056610169491525426 0.0

1745360000
0.9536717594874322 0.04622966978807294 0.0

1745360001
0.9503600428987283 0.04963995710127164 0.0

1745360002
0.9495738636363636 0.04963699494949495 0.0

1745360004
0.9550934297769741 0.04490657022302592 0.0

1745360005
0.9440357330530741 0.05570152390961639 0.0

1745360006
0.94159808866472 0.05840191133528006 0.0

1745360008
0.9386005921770297 0.06139940782297024 0.0

1745360009
0.9434375 0.05640625 0.0

1745360010
0.9428001840208557 0.0571998159791443 0.0

1745360011
0.9426681367144433 0.05701685304772405 0.0

1745360012
0.9360163496305612 0.06351202641094168 0.0

1745360013
0.9540736080528468 0.04592639194715319 0.0

1745360014
0.949443413729128 0.05009276437847866 0.0

1745360015
0.9322087340375217 0.06747595774869936 0.0

1745360016
0.9408728296574378 0.05881432817143751 0.0

1745360017
0.927490269568978 0.07222142136370188 0.0

1745360019
0.9356100741706741 0.06438992582932594 0.0

1745360020
0.9375972611266729 0.06209150326797386 0.0

1745360021
0.9333228741763414 0.06667712582365862 0.0

1745360022
0.933931610707102 0.06560420857187065 0.0

1745360023
0.9273871661037765 0.0724593183911575 0.0

1745360024
0.9215950531155859 0.07816711590296496 0.0

1745360026
0.9398739043518376 0.05981854528679071 0.0

1745360027
0.9464901142753491 0.053509885724650826 0.0

1745360029
0.9417295558579736 0.058146727700111346 0.0

1745360030
0.9244958574331718 0.07519149601375645 0.0

1745360031
0.9363764264498984 0.0636235735501016 0.0

1745360032
0.9308388284005521 0.06916117159944794 0.0

1745360034
0.9451243584682195 0.054796683774180815 0.0

1745360035
0.9461946350592639 0.05380536494073612 0.0

1745360036
0.9477681339119652 0.05192188468691879 0.0

1745360037
0.9292690611216131 0.0702583490863264 0.0

1745360038
0.932814930015552 0.06578538102643856 0.0

1745360039
0.9237380840756368 0.07610564150648538 0.0

1745360040
0.9298300818124606 0.07001258653241033 0.0

1745360041
0.9229567119862478 0.07688701359587435 0.0

1745360042
0.9190823128197179 0.08091768718028212 0.0

1745360043
0.936714824120603 0.06281407035175879 0.0

1745360044
0.94096461008456 0.05887879736924522 0.0

1745360044
0.9298823529411765 0.06980392156862746 0.0

1745360045
0.9235807860262009 0.07626325639426076 0.00015595757953836556

1745360047
0.9320766474528743 0.06714441501791556 0.0

1745360048
0.9404128870816391 0.059430716296528 0.0

1745360049
0.95410552606931 0.045582266625039024 0.0

1745360050
0.93296875 0.06703125 0.0

1745360050
0.9566990900533417 0.042045811107624724 0.0

1745360052
0.9574700109051254 0.041127901542296307 0.0

1745360053
0.9437939110070258 0.05604996096799376 0.0

1745360054
0.9444186406564483 0.055271713887598696 0.0

1745360056
0.9491166077738515 0.050647820965842166 0.0

1745360056
0.9403684046206682 0.059631595379331874 0.0

1745360058
0.9502344577219786 0.04961427923158372 0.0

1745360059
0.9403472443453329 0.05957311245619624 0.0

1745360061
0.9536393138618452 0.046206150517694326 0.0

1745360062
0.9464425946285535 0.05355740537144652 0.0

1745360063
0.9463649046659433 0.053635095334056734 0.0

1745360064
0.94392963719177 0.05607036280822993 0.0

1745360065
0.9526553496340134 0.04718891138451955 0.0

1745360066
0.9341524889729048 0.06521739130434782 0.0

1745360067
0.952707975651631 0.04713594506009053 0.0

1745360068
0.9527890308507323 0.046899345590526643 0.0

1745360069
0.9504779815076007 0.048895157498824636 0.0

1745360070
0.9612439443663072 0.03875605563369276 0.0

1745360071
0.9544256704386916 0.044954270655712295 0.0001550147263990079

1745360072
0.955583359399437 0.04441664060056303 0.0

1745360073
0.9622285174693107 0.03777148253068933 0.0

1745360074
0.9566910733759153 0.04330892662408475 0.0

1745360075
0.9548069022185702 0.04519309778142974 0.0

1745360077
0.9553571428571429 0.04455862533692723 0.0

1745360078
0.95609375 0.04359375 0.0

1745360079
0.9606926882902693 0.03930731170973062 0.0

1745360081
0.9504908953595703 0.04950910464042964 0.0

1745360082
0.9490001550147265 0.0509998449852736 0.0

1745360084
0.9566962562717097 0.04314936318023929 7.719027402547279e-05

1745360085
0.9515469323544835 0.04813843733613005 0.0

1745360087
0.9605456453305351 0.03945435466946485 0.0

1745360088
0.9582216616742866 0.041778338325713385 0.0

1745360089
0.9653774173424828 0.03462258265751716 0.0

1745360090
0.9544387036167215 0.045561296383278535 0.0

1745360091
0.9549059244285493 0.04478308194682009 0.0

1745360092
0.962878442111669 0.037121557888331054 0.0

1745360094
0.9459459459459459 0.05381558028616852 0.0001589825119236884

1745360095
0.9562977992820353 0.043702200717964726 0.0

1745360095
0.9524407471354576 0.047559252864542455 0.0

1745360097
0.9483107582126732 0.05091078935077067 0.00031138097462245055

1745360098
0.9478584729981379 0.05198634388578523 0.0

1745360099
0.9501801660661131 0.04903650321165596 0.00046999843333855553

1745360100
0.9493964716805943 0.050603528319405754 0.0

1745360101
0.9485849056603773 0.051415094339622644 0.0

1745360102
0.9524936868686869 0.04750631313131313 0.0

1745360103
0.958125 0.041875 0.0

1745360104
0.9464119291705498 0.05281143212177695 0.00015532774153463808

1745360105
0.9620056057303021 0.03799439426969791 0.0

1745360106
0.9462010382255781 0.05301242724555608 0.0006292276230926538

1745360107
0.9536050156739811 0.04639498432601881 0.0

1745360108
0.9524329382407986 0.04725514660012477 0.00015595757953836556

1745360109
0.9580397682793174 0.04196023172068264 0.0

1745360110
0.9581315419465708 0.040306202155913136 0.0

1745360111
0.95234375 0.04765625 0.0

1745360112
0.9525598872710193 0.04728354470017222 0.0001565680288085173

1745360112
0.953307392996109 0.04669260700389105 0.0

1745360114
0.950375704445836 0.049467752035065746 0.0

1745360115
0.9510827231656022 0.04876148932855585 0.00015578750584203146

1745360116
0.954445835942392 0.04539762053850971 0.0

1745360117
0.9551071484436102 0.0448928515563898 0.0

1745360118
0.9562645914396887 0.04373540856031129 0.0

1745360119
0.95015625 0.04984375 0.0

1745360119
0.9496934444269769 0.05030655557302311 0.0

1745360121
0.9421397379912664 0.05786026200873363 0.0

1745360122
0.9341634241245136 0.06552529182879377 0.0

1745360123
0.9569194452640897 0.04293301858955444 0.0

1745360125
0.9575464083938661 0.04245359160613398 0.0

1745360126
0.9627601314348302 0.03723986856516977 0.0

1745360127
0.9574667709147772 0.041907740422204846 0.0001563721657544957

1745360128
0.95890625 0.0409375 0.0

1745360129
0.9435107376283847 0.05648926237161531 0.0

1745360130
0.9441108545034642 0.0558891454965358 0.0

1745360131
0.947098976109215 0.052125349053676696 0.0

1745360133
0.9389905712701054 0.06093019570557008 0.0

1745360134
0.9289751031006568 0.07056667175805713 0.0001527417137620284

1745360136
0.9496010743344656 0.0503989256655344 0.0

1745360137
0.9414611301904464 0.05838276615672807 0.0

1745360138
0.9354788314325887 0.06436494297765974 0.0

1745360139
0.9369833099360474 0.06286070815785369 0.0

1745360139
0.9474429583005507 0.052557041699449254 0.0

1745360141
0.9490049751243781 0.05068407960199005 0.0001554726368159204

1745360142
0.9496953600999843 0.049835963130760816 0.0001562255897516013

1745360143
0.9563055597408467 0.043694440259153235 0.0

1745360145
0.9537774944214218 0.04614281160344278 0.0

1745360146
0.948270584634221 0.051729415365779005 0.0

1745360147
0.9520991161616161 0.047664141414141416 0.0

1745360149
0.9516154206336819 0.0480724207897612 0.00015607928827844546

1745360150
0.9526636463052648 0.0473363536947352 0.0

1745360151
0.9416384354789036 0.05820757622420696 0.0

1745360153
0.9458271178456465 0.05409437073094135 0.0

1745360154
0.9455002355897597 0.05434270457044134 0.0

1745360155
0.950296042380804 0.049703957619196014 0.0

1745360156
0.9519373776908023 0.04790606653620352 0.0

1745360158
0.9595691539182016 0.04043084608179831 0.0

1745360159
0.949375 0.05046875 0.0

1745360160
0.9432845123091306 0.05671548769086943 0.0

1745360160
0.9223758642363293 0.0769956002514142 0.0004714016341923319

1745360162
0.9330329397141082 0.0663455562461156 0.0006215040397762585

1745360163
0.9376266957742087 0.061125838141275535 0.0010915328239513489

1745360164
0.9385799560163368 0.060320452403393024 0.0010995915802701854

1745360165
0.9349517584811703 0.06364768129474012 0.0009337068160597573

1745360166
0.9367545511613308 0.061833019460138104 0.0012554927809165098

1745360167
0.9292898034968281 0.06978183506111713 0.0

1745360168
0.9376578282828283 0.06202651515151515 0.00015782828282828284

1745360169
0.9392428727216078 0.060133977255024146 0.0

1745360169
0.9422019789539815 0.057798021046018534 0.0

1745360171
0.9465007776049766 0.053499222395023326 0.0

1745360172
0.9552451539338654 0.04446978335233751 0.00014253135689851768

1745360173
0.9464948071216617 0.05341246290801187 0.0

1745360175
0.9458938439789231 0.05346356509446087 0.0

1745360176
0.9515903801396431 0.0482544608223429 0.0

1745360177
0.9525673137132122 0.04743268628678773 0.0

1745360178
0.9576734407848634 0.04232655921513665 0.0

1745360180
0.9485525227460712 0.05144747725392887 0.0

1745360181
0.9507008977791779 0.04914159710190581 0.0

1745360182
0.9528730233286363 0.04712697667136371 0.0

1745360183
0.9478636433749807 0.05213635662501928 0.0

1745360184
0.9499600745275486 0.050039925472451424 0.0

1745360186
0.9456885456885457 0.05413985413985414 8.58000858000858e-05

1745360187
0.9395751376868607 0.06042486231313926 0.0

1745360188
0.9460853258321613 0.053914674167838725 0.0

1745360189
0.9422896465436347 0.05771035345636534 0.0

1745360190
0.957383702778645 0.04261629722135498 0.0

1745360191
0.9539403213465952 0.045906656465187455 0.0

1745360193
0.9455433840334148 0.054062573882890694 0.0

1745360193
0.9511349306431274 0.04870744010088272 0.0

1745360195
0.9461133477856921 0.05357695881077733 0.0

1745360196
0.9283807130516727 0.07161928694832731 0.0

1745360197
0.9378707461754605 0.062129253824539495 0.0

1745360198
0.935625 0.06421875 0.0

1745360199
0.9349103510622269 0.0650896489377731 0.0

1745360201
0.9381386574437981 0.06170413457003616 0.0

1745360203
0.9484177215189873 0.051424050632911396 7.911392405063291e-05

1745360204
0.9540625 0.0459375 0.0

1745360205
0.9529795158286778 0.04702048417132216 0.0

1745360206
0.9385992462311558 0.06140075376884422 0.0

1745360207
0.9157944071238869 0.0838931416966099 0.0

1745360208
0.9375585388698096 0.062441461130190445 0.0

1745360209
0.9313036690085871 0.06775956284153005 0.0

1745360210
0.937130407718643 0.06271397447868036 0.0

1745360211
0.9366551398931153 0.06334486010688463 0.0

1745360211
0.9406965798556637 0.05914653278945717 0.0

1745360213
0.9521210230817218 0.04787897691827823 0.0

1745360214
0.9546875 0.0453125 0.0

1745360215
0.9533806730472368 0.04600185242358753 0.00015436863229391788

1745360216
0.933779001179709 0.06590640975226111 0.0

1745360218
0.93272982675199 0.06648977680661776 0.0

1745360219
0.9478546821171312 0.052145317882868775 0.0

1745360220
0.9394317827037153 0.05931938807368092 0.0

1745360221
0.9330113724879264 0.06574232746533729 0.0

1745360222
0.9386512644395879 0.061192631907586635 0.0

1745360223
0.9348677000156568 0.06497573195553467 0.0

1745360224
0.9213953488372093 0.07844961240310078 0.0

1745360225
0.9224097878271643 0.07712560012389655 0.0

1745360227
0.9150027622129272 0.08381343224686291 7.892036934732854e-05

1745360228
0.9502572898799314 0.0491189770778107 0.0

1745360229
0.9521870286576168 0.047812971342383104 0.0

1745360231
0.9491432595258587 0.0508567404741413 0.0

1745360233
0.9481510934393638 0.051848906560636183 0.0

1745360234
0.9550340651021954 0.04496593489780469 0.0

1745360235
0.956967050416832 0.043032949583167925 0.0

1745360237
0.9677369795667538 0.032263020433246276 0.0

1745360238
0.9675360491687023 0.03238515483413443 0.0

1745360240
0.9577639751552796 0.042080745341614906 0.0

1745360241
0.9489508299404948 0.05104917005950517 0.0

1745360242
0.9469234382339127 0.05307656176608737 0.0

1745360243
0.9530295913574448 0.04697040864255519 0.0

1745360244
0.928113767776215 0.07172995780590717 0.0

1745360245
0.9422661315220747 0.05757949984563137 0.0

1745360247
0.9478335679649617 0.052166432035038325 0.0

1745360248
0.9394844388557058 0.060358377868594784 0.0

1745360249
0.9465433453519361 0.05345665464806396 0.0

1745360250
0.9410020290307476 0.05884189168097394 0.0

1745360251
0.9589837771655954 0.041016222834404654 0.0

1745360252
0.9533928430365748 0.04660715696342523 0.0

1745360254
0.953307392996109 0.04669260700389105 0.0

1745360255
0.9517392666875587 0.04810404261986838 0.0

1745360256
0.9526699029126213 0.04733009708737864 0.0

1745360258
0.9548301236887428 0.045013308282448726 7.828401440425865e-05

1745360260
0.9557871466919311 0.044212853308068845 0.0

1745360261
0.9456060367866688 0.05423675522716554 0.0

1745360262
0.952707975651631 0.047292024348368975 0.0

1745360263
0.930872693149828 0.06897091022833907 0.0

1745360264
0.9491102091788948 0.050889790821105216 0.0

1745360265
0.9524925769651508 0.04750742303484919 0.0

1745360266
0.95125 0.04875 0.0

1745360267
0.9574601188614326 0.04253988113856741 0.0

1745360268
0.952055857253685 0.04778898370830101 0.0

1745360269
0.9507939003301368 0.04920609966986323 0.0

1745360270
0.9490067261066791 0.05099327389332082 0.0

1745360271
0.9492663128317202 0.05073368716827974 0.0

1745360272
0.9575 0.0425 0.0

1745360272
0.9448880538594019 0.05495537811178957 0.0

1745360274
0.9524327685372299 0.04741178299393751 0.0

1745360275
0.9534555712270804 0.0465444287729196 0.0

1745360276
0.9629282027217269 0.03707179727827311 0.0

1745360277
0.9498750780762024 0.050124921923797625 0.0

1745360278
0.9472039987503905 0.05263980006248047 0.0

1745360279
0.94859375 0.05125 0.00015625

1745360280
0.9335833724019378 0.0664166275980622 0.0

1745360280
0.9520601597994673 0.04778317405608648 0.0

1745360282
0.947335618572764 0.05172951075101278 0.0

1745360283
0.9574468085106383 0.0425531914893617 0.0

1745360284
0.9391629064882527 0.0606814999222032 0.0

1745360285
0.9339504235958582 0.06604957640414183 0.0

1745360286
0.9541484716157205 0.04585152838427948 0.0

1745360287
0.9541653762774853 0.04583462372251471 0.0

1745360288
0.9523809523809523 0.04746494066882417 0.0

1745360289
0.9574400759433589 0.042401708725575506 0.0

1745360290
0.9536558634726788 0.046187568498512604 0.0

1745360292
0.9512800620636152 0.048719937936384794 0.0

1745360293
0.940225917791026 0.059774082208973955 0.0

1745360294
0.9446788560712611 0.05532114392873887 0.0

1745360295
0.93921875 0.06078125 0.0

1745360296
0.94953125 0.0503125 0.00015625

1745360297
0.9487580065614748 0.05108576784877363 0.0

1745360298
0.9619107087105838 0.03808929128941617 0.0

1745360298
0.9454916745208922 0.05450832547910776 0.0

1745360300
0.9357398475182822 0.06410455889217365 0.0

1745360300
0.9431034482758621 0.056896551724137934 0.0

1745360301
0.942562821913532 0.05743717808646793 0.0

1745360303
0.9531689041523571 0.046831095847642834 0.0

1745360304
0.95265625 0.04734375 0.0

1745360305
0.9647800676714857 0.0352199323285143 0.0

1745360306
0.9563298123916129 0.04351253350149772 0.0

1745360307
0.9496697074551745 0.05033029254482542 0.0

1745360308
0.958462974486621 0.04153702551337897 0.0

1745360309
0.9497566336944575 0.05008635578583765 0.0

1745360310
0.9408459497424692 0.05884189168097394 0.00015607928827844546

1745360311
0.9440625 0.0559375 0.0

1745360312
0.9497888315344909 0.05021116846550915 0.0

1745360313
0.94234375 0.0575 0.0

1745360314
0.9505151420543241 0.04948485794567593 0.0

1745360315
0.9385570209464701 0.06144297905352987 0.0

1745360316
0.935631098520617 0.06436890147938307 0.0

1745360317
0.9472863381160325 0.05271366188396756 0.0

1745360318
0.9461490294301816 0.0536944270507201 0.0

1745360319
0.9482731676824504 0.05063291139240506 0.0001562744178777934

1745360320
0.9440625 0.0559375 0.0

1745360320
0.946047678795483 0.053795483061480555 0.0

1745360322
0.9515132798023471 0.04848672019765287 0.0

1745360323
0.9423531264766105 0.057646873523389514 0.0

1745360324
0.9288840262582057 0.07095967489840575 0.0

1745360325
0.9389157944071239 0.06108420559287611 0.0

1745360326
0.93890625 0.0609375 0.0

1745360327
0.9314875645236977 0.0685124354763022 0.0

1745360328
0.9495785201373712 0.050109272556977835 0.0

1745360329
0.9482327181732875 0.051454488583046604 0.0

1745360330
0.9307704328801375 0.06922956711986247 0.0

1745360331
0.9406648027337683 0.05917986952469711 0.0

1745360332
0.9346836238027948 0.06484534463809075 0.0

1745360332
0.9374510111302712 0.0625489888697288 0.0

1745360334
0.9388836919239164 0.061116308076083564 0.0

1745360335
0.9242897283796441 0.07571027162035592 0.0

1745360335
0.9338442289646544 0.06599937441351267 0.0

1745360337
0.9375774473358116 0.06242255266418835 0.0

1745360338
0.9350588235294117 0.06478431372549019 0.0

1745360339
0.9416379039849389 0.05820520866018199 0.0

1745360340
0.93671875 0.063125 0.0

1745360341
0.9465207193119625 0.05332290852228303 0.0

1745360342
0.9325531259624269 0.06744687403757314 0.0

1745360344
0.9315478534856243 0.06821583300512013 0.0

1745360345
0.9076803723816912 0.0921644685802948 0.0

1745360346
0.9030651937140189 0.09677921269643691 0.0

1745360347
0.9235859461162754 0.07625649913344887 0.0

1745360348
0.9334787350054525 0.06652126499454744 0.0

1745360349
0.9287820015515904 0.06997672614429791 0.0

1745360350
0.931056293485136 0.06862745098039216 0.00015812776723592663

1745360351
0.9350710160761667 0.06492898392383331 0.0

1745360352
0.9321954274976512 0.06764797995615408 0.0

1745360353
0.9393230385275309 0.0605209795663703 0.0

1745360354
0.9366543665436654 0.06319188191881919 0.0

1745360355
0.9188293760353395 0.08109174094817385 0.0

1745360357
0.9295840473594018 0.07041595264059822 0.0

1745360358
0.9343852523043275 0.06545852210592094 0.0

1745360359
0.9334061135371179 0.0665938864628821 0.0

1745360360
0.9421720733427362 0.05782792665726375 0.0

1745360361
0.9339578454332552 0.06604215456674473 0.0

1745360362
0.9456334947664428 0.054210279643805655 0.0

1745360363
0.94828125 0.05078125 0.0

1745360364
0.8894924724507217 0.11050752754927828 0.0

1745360365
0.8470551476331823 0.15263240118731447 0.0

1745360366
0.9054175396587848 0.0945824603412152 0.0

1745360367
0.9135881786058464 0.08617089624156762 0.0

1745360369
0.9170799752014879 0.08276503409795412 0.0

1745360370
0.9378311000311623 0.06216889996883764 0.0

1745360371
0.9177421862851811 0.08225781371481884 0.0

1745360373
0.9169018501097522 0.0821574161179053 0.0

1745360374
0.9280552937480364 0.07194470625196356 0.0

1745360375
0.9302180685358256 0.06962616822429907 0.0

1745360376
0.9410010983838066 0.05899890161619332 0.0

1745360377
0.93296875 0.06703125 0.0

1745360378
0.9389384687646782 0.06106153123532175 0.0

1745360379
0.9350931677018633 0.06397515527950311 0.0

1745360380
0.9341073109507374 0.06589268904926263 0.0

1745360381
0.9312031799419049 0.06864393823574377 0.0

1745360383
0.9192949173978342 0.08054699233262193 0.0

1745360384
0.9319494303105977 0.06789449040112377 0.0

1745360385
0.9298054474708172 0.07019455252918289 0.0

1745360385
0.9483412322274881 0.05165876777251185 0.0

1745360387
0.9275294847920547 0.07247051520794538 0.0

1745360387
0.9292549019607843 0.07058823529411765 0.0

1745360389
0.9290571870170016 0.07078825347758887 0.0

1745360390
0.9203024098283195 0.07954008505276422 0.0

1745360391
0.9150633505396527 0.08478022837478492 0.0

1745360392
0.9290393013100436 0.07096069868995633 0.0

1745360393
0.9264728742421887 0.0733716772889787 0.0

1745360393
0.906112161310649 0.09341524889729048 0.0

1745360395
0.9301963228420068 0.0694920535992521 0.0

1745360396
0.9284263166119706 0.07157368338802939 0.0

1745360396
0.9336663024816607 0.06602153894178242 0.0

1745360398
0.940882076947138 0.05911792305286206 0.0

1745360399
0.9420334779913205 0.05765654060756355 0.00015499070055796651

1745360400
0.9401037572708694 0.05989624272913064 0.0

1745360401
0.9329888836699546 0.06685454830123688 0.0

1745360402
0.9199874980465698 0.07969995311767464 0.0

1745360403
0.927860696517413 0.07213930348258707 0.0

1745360404
0.9314875645236977 0.06835601439073988 0.0

1745360405
0.932214027930331 0.06778597206966891 0.0

1745360405
0.9277734067663257 0.07175452399685288 0.0

1745360406
0.9104221841408319 0.08879887832995793 0.0

1745360408
0.9224902723735409 0.07735408560311284 0.0

1745360409
0.9204616344354336 0.07829070492825951 0.0

1745360410
0.9392768850432633 0.06056860321384425 0.0

1745360411
0.9247062461348176 0.07529375386518243 0.0

1745360412
0.9206047652972374 0.07892028813425156 0.0

1745360414
0.9348300592454006 0.06516994075459931 0.0

1745360415
0.9196762141967622 0.08032378580323786 0.0

1745360416
0.9334901960784314 0.06650980392156863 0.0

1745360417
0.93342709798406 0.06657290201593999 0.0

1745360417
0.937391851502281 0.06245084159194589 0.0

1745360419
0.9411855990068281 0.05881440099317194 0.0

1745360420
0.9449555590207391 0.055044440979260874 0.0

1745360421
0.9520901831845937 0.04759668075778926 0.0

1745360421
0.9294801319302655 0.07051986806973456 0.0

1745360423
0.9260579755076732 0.07301193613393273 0.0

1745360424
0.9248627450980392 0.07513725490196078 0.0

1745360425
0.9377135756446101 0.06228642435538987 0.0

1745360425
0.943655303030303 0.05618686868686869 0.00015782828282828284

1745360427
0.9404447208832218 0.05939978230446276 0.0

1745360428
0.9284375 0.07140625 0.0

1745360429
0.9480742242320287 0.051925775767971305 0.0

1745360430
0.9531861593862533 0.04665727258493815 0.0

1745360431
0.9584500466853408 0.04139433551198257 0.0

1745360432
0.9537671232876712 0.046232876712328765 0.0

1745360433
0.9293988728866625 0.0704445835942392 0.0

1745360434
0.9240804778371581 0.07576233888714241 0.0

1745360434
0.9224854856425545 0.07735760238506198 0.0

1745360436
0.9430084085954531 0.056835876673933354 0.0

1745360437
0.950534966661498 0.04946503333850209 0.0

1745360438
0.9424166142227817 0.057583385777218374 0.0

1745360439
0.9412408188779496 0.05875918112205032 0.0

1745360440
0.9467787114845938 0.05306567071272954 0.0

1745360441
0.9479606188466948 0.052039381153305204 0.0

1745360442
0.9534117647058824 0.046588235294117646 0.0

1745360442
0.9509834530128005 0.049016546987199504 0.0

1745360444
0.9443140935398092 0.05568590646019084 0.0

1745360445
0.95421875 0.04578125 0.0

1745360446
0.95234375 0.0475 0.0

1745360447
0.9474996105312354 0.052500389468764605 0.0

1745360448
0.9438959410750666 0.0561040589249334 0.0

1745360449
0.9410384735689709 0.058805129809196124 0.0

1745360450
0.9406157212064385 0.05938427879356149 0.0

1745360451
0.9458082445576655 0.05419175544233441 0.0

1745360452
0.9370860927152318 0.06275622831914222 0.0

1745360453
0.9300392156862745 0.06964705882352941 0.0

1745360453
0.9479623824451411 0.05172413793103448 0.0

1745360455
0.9448317672021824 0.055016671718702635 0.0

1745360456
0.9322107834583843 0.06761472692374804 0.0

1745360458
0.9184940554821664 0.08071334214002641 0.0

1745360459
0.9221946683199008 0.07780533168009919 0.0

1745360460
0.9182586908863138 0.08158471656749139 0.0

1745360461
0.94328125 0.05671875 0.0

1745360462
0.9540952680396164 0.04590473196038359 0.0

1745360463
0.947508201843462 0.05233557256678644 0.0

1745360464
0.945244055068836 0.05444305381727159 0.0

1745360464
0.9534883720930233 0.04619946933041985 0.0

1745360466
0.9537123330226779 0.04551102826964896 0.0

1745360467
0.9512044471896233 0.04879555281037678 0.0

1745360469
0.9341378766366935 0.065309985802177 0.0

1745360470
0.9384855581576893 0.061514441842310696 0.0

1745360471
0.943439962911451 0.05656003708854891 0.0

1745360472
0.9469207749251851 0.05292171995589857 0.0

1745360472
0.9413060582218725 0.05869394177812746 0.0

1745360474
0.9427326486150016 0.05680049797696857 0.0

1745360475
0.9333028083028083 0.06608669108669109 0.0

1745360476
0.9375592791653493 0.062045526398988304 0.0

1745360478
0.9293385214007782 0.07019455252918289 0.0

1745360479
0.9380974768845008 0.06174580786710547 0.0

1745360480
0.9311208515967438 0.06887914840325611 0.0

1745360480
0.9514884233737596 0.04851157662624035 0.0

1745360482
0.9555521378037527 0.04429406336511842 0.0

1745360483
0.9484924623115578 0.05150753768844221 0.0

1745360484
0.9463949843260188 0.05344827586206897 0.0

1745360485
0.9325930559899906 0.06725054738817642 0.0

1745360486
0.9372463315641586 0.0627536684358414 0.0

1745360487
0.94046875 0.05921875 0.0

1745360488
0.9431658055425082 0.056677626428683264 0.0

1745360489
0.9286269631472555 0.07137303685274451 0.0

1745360489
0.9404818138875768 0.05951818611242324 0.0

1745360491
0.9380049720323183 0.061839651957737725 0.0

1745360491
0.94203125 0.05796875 0.0

1745360493
0.9400218102508179 0.05997818974918211 0.0

1745360494
0.9349883630721489 0.0643910007757952 0.0

1745360495
0.9441720702198324 0.055827929780167644 0.0

1745360496
0.950975800156128 0.04902419984387198 0.0

1745360497
0.9466208834087717 0.053066958014671456 0.0

1745360498
0.9369623025183795 0.06272485531049586 0.0

1745360499
0.9340625 0.0659375 0.0

1745360500
0.9252657911194496 0.07426516572858036 0.00015634771732332708

1745360501
0.9426344505066251 0.057365549493374905 0.0

1745360502
0.9284937043370123 0.07135084719415513 0.0

1745360503
0.9392178419978011 0.06078215800219884 0.0

1745360504
0.9404482056104059 0.05923836389280677 0.0

1745360505
0.9431375603676585 0.05670665212649945 0.0

1745360505
0.9423137378182961 0.0575290789060044 0.0

1745360507
0.9391357273280584 0.06071211199026172 0.0

1745360509
0.9395856397279773 0.05970267278190732 0.0

1745360510
0.9375289217954651 0.062316828628721274 0.0

1745360512
0.9260682085456684 0.07369658957271658 0.0

1745360513
0.9263746505125815 0.07331469400434917 0.0

1745360514
0.910367681868392 0.08947451475461575 0.0

1745360515
0.9195869837296621 0.08010012515644556 0.0

1745360516
0.919234360410831 0.08061002178649238 0.0

1745360517
0.9005334170065893 0.09899592092877314 0.0

1745360518
0.9092018922630856 0.09049290401342897 0.0

1745360519
0.8933333333333333 0.08597701149425287 0.0003065134099616858

1745360520
0.6617735170760934 0.11324146195326543 0.0002995805871779509

1745360521
0.8243895085921012 0.10913476032559542 0.0

1745360522
0.9001886199308393 0.0762338887142408 0.0

1745360523
0.9058612109482997 0.07865634503732374 0.00013823610727121925

1745360524
0.8497030607583371 0.11999390893863256 0.0

1745360525
0.8738925802879292 0.1004983388704319 0.00013842746400885935

1745360526
0.8561443639598424 0.11704155547083492 0.00012708095056551024

1745360527
0.8539368581209585 0.10498288322556106 0.0

1745360529
0.8657430112800393 0.09404119666503188 0.00012260912211868564

1745360530
0.8790379962999858 0.09420805464636403 0.00014230823964707557

1745360531
0.8668494820231566 0.10283363802559416 0.0

1745360532
0.8740416210295728 0.0962290721326866 0.0

1745360533
0.8287243532560215 0.09887005649717515 0.0001486767766874814

1745360534
0.5126192674669129 0.06663588796552786 0.0001538935056940597

1745360535
0.5669988925802879 0.05995886726783737 0.0

1745360536
0.4003147128245476 0.05759244689221086 0.00015735641227380016

1745360537
0.8199887228643924 0.12616295460952917 0.000563856780377784

1745360538
0.8178407669862443 0.12157843545921912 0.00013894678338196472

1745360539
0.8244941937028613 0.1255836226505447 0.00011971746677840296

1745360540
0.843036109064112 0.11584377302873987 0.00014738393515106854

1745360541
0.8354251647317226 0.11405710699717603 0.00015688735487919673

1745360542
0.8396911196911196 0.09806949806949807 0.00015444015444015445

1745360543
0.8194400754954388 0.12063541994337842 0.00015728216420257942

1745360544
0.7933689503456945 0.11957888120678818 0.00015713387806411063

1745360545
0.8375132998936009 0.11947104423164615 0.0001519987840097279

1745360546
0.8310715956948994 0.10793947902043363 0.00015598190609889253

1745360548
0.8129474011826953 0.12387177093059445 0.0001556178026766262

1745360548
0.8016724518775639 0.15304512464499842 0.0001577784790154623

1745360549
0.8017876744550729 0.12952799121844127 0.00015681354869060687

1745360550
0.7997179125528914 0.12834978843441466 0.0

1745360551
0.8310409502969678 0.12206939668646452 0.00015629884338855892

1745360552
0.804966210906805 0.15275813295615276 0.00015715857300015716

1745360553
0.8066289663839146 0.15127238454288408 0.00015708451146716933

1745360554
0.793233082706767 0.13549498746867167 0.00015664160401002505

1745360555
0.8177979355645918 0.1509227400688145 0.00015639662183296842

1745360557
0.8397626112759644 0.12744026237701078 0.0

1745360557
0.8355283788021324 0.13311382878645345 0.00015678896205707118

1745360558
0.8350110097514942 0.13274614658697703 0.00015728216420257942

1745360559
0.8721347263371277 0.11492281303602059 0.0

1745360561
0.8577660071662253 0.11559432933478735 0.0

1745360562
0.8157160570365778 0.14181649101053936 0.00015499070055796651

1745360563
0.8442265795206971 0.13274198568316214 0.00046685340802987864

1745360564
0.8680870353581143 0.11226956784527048 0.0001511030522816561

1745360565
0.8706116817415299 0.11191169707189944 0.00015330369461904033

1745360566
0.8744613616776789 0.11016949152542373 0.0

1745360567
0.8345628629728457 0.1384398053680741 0.0001569612305760477

1745360568
0.7555012224938875 0.21026894865525672 0.0

1745360569
0.5114114114114114 0.18243243243243243 0.0003003003003003003

1745360570
0.4460615153788447 0.23000750187546887 0.00015003750937734434

1745360571
0.3215574263379435 0.18340348767288034 0.0003006614552014432

1745360572
0.6410964119158656 0.15142286094984297 9.51746454744456e-05

1745360573
0.7705661557710354 0.20081326243353143 0.0

1745360574
0.7671060891399875 0.20354676710608913 0.00015693659761456373

1745360575
0.8155994978028877 0.162586315128688 0.0

1745360577
0.55758051846033 0.25294579732914374 0.00031421838177533385

1745360578
0.7431569343065694 0.22749391727493917 0.00015206812652068127

1745360579
0.6998186215235792 0.2616384522370012 0.00015114873035066505

1745360580
0.7503154574132492 0.22949526813880125 0.0

1745360581
0.6756519191327278 0.2610606504541459 0.0001464986815118664

1745360582
0.504206822701545 0.1564938044974759 0.0006119014838610984

1745360583
0.5220832673737533 0.1899635903118569 0.00031660598385309483

1745360584
0.4051371862230006 0.12886748394629305 0.00014594279042615295

1745360585
0.47430668841761825 0.2759651984774334 0.0004078303425774878

1745360586
0.4339713688274087 0.21730738298214572 0.0

1745360587
0.3259118900994789 0.12553292278540976 0.08700457918837834

1745360588
0.3328673501087294 0.11090400745573159 0.24075799937868902

1745360589
0.5172768710483753 0.205263931774739 0.009998529627995884

1745360590
0.37886935038511843 0.1733759627961052 0.0015986048539456475

1745360592
0.45943029779887784 0.2547475183426845 0.0011868795856711265

1745360594
0.5523298365454989 0.27949906481255593 0.000813206473123526

1745360595
0.720770073563938 0.1961183283768978 0.0

1745360596
0.8628192999053926 0.1368653421633554 0.0001576789656259855

1745360597
0.8153435833071855 0.18434264198305617 0.0

1745360598
0.8230781274463754 0.17676530452481604 0.0

1745360599
0.8162128712871287 0.18363242574257427 0.0

1745360600
0.8662570888468809 0.13358538122243227 0.0

1745360601
0.9375977478886456 0.062402252111354396 0.0

1745360602
0.9375588327580797 0.0624411672419203 0.0

1745360602
0.9422896465436347 0.05755395683453238 0.0

1745360604
0.9382985353692739 0.06154565285135556 0.0

1745360605
0.9380669377541445 0.06193306224585549 0.0

1745360606
0.9219847775175644 0.07157494145199063 0.003659250585480094

1745360607
0.7563552833078101 0.11914241960183768 0.010566615620214395

1745360608
0.7048325963360708 0.15982312065698043 0.00015792798483891344

1745360609
0.80038005610352 0.15184146231110307 9.04895484571532e-05

1745360610
0.7527576426095178 0.13756697132051687 0.005357705641348881

1745360611
0.43891678076981594 0.06374562604594554 0.00015213753232922562

1745360612
0.2700161598354635 0.050683120317320404 0.04701043043925371

1745360613
0.302475780409042 0.05843456866061818 0.002460402890973397

1745360614
0.29006211180124225 0.08944099378881988 0.00031055900621118014

1745360616
0.9140754093435481 0.08592459065645186 0.0

1745360617
0.9454404945904173 0.05455950540958269 0.0

1745360618
0.9425905424640203 0.05740945753597976 0.0

1745360619
0.9128078054824221 0.0868824531516184 0.00015487068297971194

1745360620
0.9411031473979433 0.05765035836709255 0.0012464942349641633

1745360621
0.932775761401294 0.06675082846772921 0.00031560675398453525

1745360622
0.938104147178048 0.0617399438727783 0.0

1745360622
0.9427672955974843 0.057232704402515724 0.0

1745360624
0.9461170294889609 0.053728578045391384 0.0

1745360624
0.945586839607719 0.054413160392280925 0.0

1745360626
0.949073353060271 0.05077090795826195 0.0

1745360627
0.9463978746679169 0.05360212533208314 0.0

1745360628
0.9532300954168622 0.04676990458313781 0.0

1745360629
0.9525034034185449 0.04749659658145515 0.0

1745360630
0.9497215592680986 0.050198886237072395 0.0

1745360632
0.9444357976653697 0.05556420233463035 0.0

1745360633
0.9471967696847337 0.05202671222239478 0.00031060723714862557

1745360633
0.9538000630715863 0.04588457899716178 0.0001576789656259855

1745360635
0.9496806356130238 0.05016357688113413 0.00015578750584203146

1745360636
0.9508837791334271 0.049116220866572816 0.0

1745360637
0.9478593272171254 0.05214067278287462 0.0

1745360638
0.9419889502762431 0.057704112952731736 0.0001534683855125844

1745360640
0.9386160714285714 0.06138392857142857 0.0

1745360640
0.9466019417475728 0.05339805825242718 0.0

1745360642
0.9456002465711204 0.05439975342887964 0.0

1745360643
0.9545383042315557 0.045304388862671074 0.0

1745360643
0.9562549173878836 0.043745082612116445 0.0

1745360645
0.953465759133213 0.046534240866787056 0.0

1745360647
0.9546728201747157 0.04524476677105654 0.0

1745360648
0.9492622109997633 0.050579973171309085 0.0

1745360650
0.9494810744810744 0.05051892551892552 0.0

1745360651
0.953006329113924 0.04699367088607595 0.0

1745360653
0.9541984732824428 0.04580152671755725 0.0

1745360654
0.9565488241706899 0.04329543684784302 0.0

1745360655
0.9556180653227067 0.04438193467729333 0.0

1745360656
0.9501567398119122 0.049843260188087775 0.0

1745360657
0.9524848107181804 0.04735940177597757 0.0

1745360658
0.9522093387652774 0.047790661234722656 0.0

1745360659
0.9525888958203369 0.047411104179663134 0.0

1745360660
0.9567872240488492 0.04321277595115078 0.0

1745360661
0.95546875 0.04453125 0.0

1745360662
0.9567939887288667 0.04304946775203507 0.0

1745360663
0.9535064531177111 0.04649354688228891 0.0

1745360664
0.96015625 0.03984375 0.0

1745360665
0.9598808964112208 0.04011910358877919 0.0

1745360666
0.955426962777604 0.04441664060056303 0.0

1745360667
0.9583138173302108 0.041686182669789226 0.0

1745360668
0.9610955493308434 0.038748832866479926 0.0

1745360669
0.956808544055285 0.043191455944714935 0.0

1745360670
0.9530201342281879 0.046823786483533636 0.0

1745360671
0.9483296909147674 0.05151420543240712 0.00015610365282547612

1745360672
0.9446523230433427 0.05472404115996258 0.0

1745360673
0.9519924694069658 0.047536868528396614 0.0

1745360674
0.9466125507336872 0.05323134561348736 0.0

1745360675
0.94515625 0.05484375 0.0

1745360676
0.9561089494163424 0.04389105058365759 0.0

1745360676
0.9568627450980393 0.042980392156862744 0.0

1745360678
0.9574468085106383 0.0425531914893617 0.0

1745360679
0.9479750778816199 0.052024922118380064 0.0

1745360680
0.9539689995302959 0.04587443244089557 0.0

1745360681
0.9570178180681463 0.04298218193185371 0.0

1745360682
0.9547016557325836 0.04514214308028741 0.0

1745360682
0.9512309863572213 0.04876901364277873 0.0

1745360684
0.952039862971037 0.04780442229834942 0.0

1745360685
0.9583919912404192 0.04160800875958079 0.0

1745360686
0.9619166536600593 0.03808334633994069 0.0

1745360686
0.9611711288554877 0.03882887114451229 0.0

1745360688
0.9621023081721771 0.037897691827822835 0.0

1745360689
0.9543250430157986 0.045518535898639134 0.0

1745360690
0.9616768340372283 0.03832316596277178 0.0

1745360691
0.9632398753894081 0.0367601246105919 0.0

1745360692
0.9610227627065794 0.03882132834424696 0.0

1745360693
0.955764705882353 0.04407843137254902 0.00015686274509803922

1745360694
0.957197844495766 0.04249422632794457 0.0

1745360696
0.9588120359515435 0.04110980851895272 0.0

1745360698
0.9583561215719978 0.0404719118681147 0.0

1745360699
0.9524479899890506 0.047552010010949476 0.0

1745360700
0.9643139112584873 0.0356071372177483 0.0

1745360702
0.9636053894997677 0.03639461050023231 0.0

1745360703
0.96046875 0.03953125 0.0

1745360703
0.9621842146555782 0.037658873372038285 0.0

1745360704
0.9629629629629629 0.03688076261915924 0.0

1745360706
0.9625019449198693 0.037342461490586586 0.0

1745360707
0.9607782101167315 0.038910505836575876 0.0

1745360708
0.9563853153435833 0.043457797301537496 0.0

1745360709
0.9590213149204443 0.04097868507955569 0.0

1745360711
0.960124164278892 0.03971665074816937 7.95924864692773e-05

1745360712
0.9646362361738589 0.03536376382614114 0.0

1745360713
0.9629396984924623 0.036746231155778894 0.0

1745360714
0.9643967661691543 0.03544776119402985 0.0

1745360715
0.9675845790715971 0.032415420928402834 0.0

1745360716
0.9666614737498053 0.03333852625019473 0.0

1745360717
0.9649811557788944 0.03501884422110553 0.0

1745360718
0.9687791239515378 0.031220876048462257 0.0

1745360719
0.9686008927197168 0.0312451900877328 0.0

1745360720
0.9619259606373008 0.03807403936269916 0.0

1745360722
0.9619797098701053 0.03802029012989476 0.0

1745360723
0.9660913395448297 0.033908660455170304 0.0

1745360724
0.9611942662548507 0.038726538370159186 0.0

1745360726
0.9602803738317757 0.0397196261682243 0.0

1745360727
0.964334915046686 0.03566508495331394 0.0

1745360728
0.9621059170678676 0.03789408293213232 0.0

1745360730
0.9597687495050289 0.03999366437000079 0.0

1745360731
0.9521351478179259 0.04786485218207415 0.0

1745360732
0.9631064951170362 0.03689350488296388 0.0

1745360733
0.9547889098928797 0.04521109010712035 0.0

1745360733
0.9540464240903388 0.045796737766624844 0.0

1745360735
0.9586828207517862 0.04131717924821373 0.0

1745360736
0.9616768340372283 0.03832316596277178 0.0

1745360737
0.95640625 0.04359375 0.0

1745360738
0.9593596059113301 0.04064039408866995 0.0

1745360739
0.9627118644067797 0.03713405238828968 0.0

1745360740
0.9710144927536232 0.028985507246376812 0.0

1745360741
0.9787145242070117 0.021285475792988316 0.0

1745360743
0.9744748514520043 0.02552514854799565 0.0

1745360744
0.9725761772853185 0.027146814404432132 0.0

1745360746
0.9716792979656961 0.02792181890706023 0.0

1745360747
0.977608384945212 0.022391615054787994 0.0

1745360749
0.9744216357119583 0.024356467904855003 0.0

1745360750
0.95015625 0.04984375 0.0

1745360751
0.9547469805840085 0.045100137593640115 0.00015288182235132243

1745360752
0.955683703294099 0.04431629670590094 0.0

1745360754
0.9533582089552238 0.0464863184079602 0.0

1745360755
0.9259699717556117 0.07403002824438829 0.0

1745360757
0.9473133848133848 0.052606177606177605 0.0

1745360758
0.9543963766984226 0.045603623301577384 0.0

1745360759
0.9548930856875293 0.045106914312470735 0.0

1745360759
0.9542319749216301 0.045454545454545456 0.0

1745360761
0.9596523898199876 0.040347610180012414 0.0

1745360762
0.958125 0.04171875 0.0

1745360762
0.960861364350833 0.03913863564916693 0.0

1745360764
0.9656405472636815 0.033893034825870645 0.0

1745360765
0.9651508048132521 0.034692920768870136 0.0

1745360766
0.9577774289750431 0.042144090409668815 0.0

1745360768
0.966743648960739 0.03325635103926097 0.0

1745360769
0.9646111651773865 0.03530036273555693 0.0

1745360771
0.9610586011342155 0.0389413988657845 0.0

1745360772
0.9583793157811761 0.0416206842188239 0.0

1745360773
0.9286275742807735 0.07137242571922654 0.0

1745360774
0.9377638780297107 0.061923377638780294 0.0001563721657544957

1745360774
0.9572730128809299 0.04272698711907006 0.0

1745360776
0.9594573997866179 0.04039018442310623 0.0

1745360778
0.9597431077694235 0.04025689223057644 0.0

1745360779
0.9577819785759294 0.04221802142407057 0.0

1745360780
0.95953125 0.0403125 0.0

1745360781
0.957234275011706 0.042765724988294056 0.0

1745360782
0.9595691539182016 0.04043084608179831 0.0

1745360783
0.9615263819095478 0.03847361809045226 0.0

1745360784
0.9576868829337094 0.04231311706629055 0.0

1745360784
0.9571875 0.04265625 0.0

1745360786
0.9601997814889964 0.03980021851100359 0.0

1745360787
0.9024132730015083 0.0975867269984917 0.0

1745360789
0.945230096101258 0.05476990389874209 0.0

1745360790
0.95077484047402 0.049225159525979945 0.0

1745360792
0.951375 0.0485 0.0

1745360792
0.9615625980545968 0.0384374019454032 0.0

1745360794
0.9606135447809697 0.03938645521903029 0.0

1745360795
0.9654104979811575 0.03458950201884253 0.0

1745360796
0.9653374665351557 0.0346625334648443 0.0

1745360798
0.9676299397528847 0.032063718982947 0.0

1745360799
0.9675911498909318 0.032408850109068243 0.0

1745360800
0.9634031904910854 0.036596809508914606 0.0

1745360801
0.9660619330622459 0.03393806693775414 0.0

1745360802
0.9631873252562908 0.03681267474370923 0.0

1745360803
0.9624284257588831 0.03749313671660522 0.0

1745360805
0.9612883245586868 0.0387116754413131 0.0

1745360806
0.9598068234927559 0.04019317650724412 0.0

1745360807
0.960852407261247 0.03914759273875296 0.0

1745360807
0.9627017708823068 0.03729822911769315 0.0

1745360809
0.9619878485745443 0.03801215142545568 0.0

1745360810
0.9587564443055773 0.04124355569442275 0.0

1745360811
0.9600810852954935 0.03976298144394199 0.0001559332605644784

1745360812
0.9513899673862402 0.0486100326137599 0.0

1745360813
0.9556743162527507 0.044325683747249295 0.0

1745360814
0.95270905104917 0.04729094895082994 0.0

1745360815
0.9505289359054138 0.04931549471064094 0.0

1745360815
0.9540012602394455 0.045998739760554505 0.0

1745360817
0.9558457711442786 0.04415422885572139 0.0

1745360818
0.9604254653527295 0.039574534647270454 0.0

1745360819
0.9581963363081258 0.04180366369187412 0.0

1745360820
0.9597701149425287 0.040229885057471264 0.0

1745360821
0.95984375 0.04015625 0.0

1745360822
0.9654576856649395 0.03438530381535563 0.0

1745360823
0.9644630664183736 0.035536933581626316 0.0

1745360824
0.9660517749186173 0.03394822508138273 0.0

1745360825
0.9593041561712846 0.04061712846347607 0.0

1745360827
0.9608179831408055 0.03918201685919451 0.0

1745360828
0.9576719576719577 0.042328042328042326 0.0

1745360829
0.96054079547241 0.039459204527590004 0.0

1745360830
0.9572409488139825 0.04260299625468165 0.0

1745360830
0.9560387984981227 0.043961201501877344 0.0

1745360832
0.9566099578585922 0.043390042141407834 0.0

1745360833
0.9567718861763334 0.04322811382366661 0.0

1745360834
0.9230410447761194 0.07695895522388059 0.0

1745360835
0.9031544811320755 0.09684551886792453 0.0

1745360837
0.9063021536994358 0.09369784630056426 0.0

1745360838
0.9564690435309565 0.04332895667104333 0.000100999899000101

1745360839
0.9633108630787932 0.03668913692120676 0.0

1745360841
0.9603531051571937 0.03964689484280626 0.0

1745360842
0.9652297042164883 0.034770295783511644 0.0

1745360843
0.9648766781142679 0.035123321885732126 0.0

1745360844
0.9623790196690603 0.037620980330939746 0.0

1745360845
0.9631185807656396 0.03688141923436041 0.0

1745360846
0.9549929676511955 0.04453820909517112 0.0001562744178777934

1745360847
0.9659561416960589 0.03404385830394111 0.0

1745360849
0.9600405837820963 0.0398813704831031 0.0

1745360851
0.9630301119344159 0.03681223395869462 7.882705344474224e-05

1745360852
0.9614480488951574 0.038551951104842504 0.0

1745360853
0.9628875665518322 0.037112433448167864 0.0

1745360854
0.9585817383118921 0.04110448697834954 0.0

1745360855
0.9631619339984651 0.0365310821181888 0.0

1745360857
0.9596458235386303 0.04019746121297602 0.0

1745360858
0.9617120622568094 0.03828793774319066 0.0

1745360859
0.9582489484343356 0.041751051565664436 0.0

1745360860
0.9640231503206632 0.03597684967933677 0.0

1745360861
0.9615204129516659 0.03847958704833412 0.0

1745360863
0.9648003779825183 0.03512087565950075 0.0

1745360864
0.9717505634861007 0.028249436513899325 0.0

1745360865
0.9719410123555201 0.028058987644479873 0.0

1745360867
0.9756997846816364 0.024300215318363582 0.0

1745360868
0.9733542319749217 0.02664576802507837 0.0

1745360869
0.966940866056185 0.03274871954058668 0.0

1745360870
0.9596038981452374 0.040238918579063185 0.0

1745360871
0.9653371320037987 0.033871478315922764 0.00015827793605571383

1745360872
0.9675 0.03234375 0.0

1745360873
0.9611318407960199 0.038868159203980096 0.0

1745360874
0.9638572746847124 0.0361427253152876 0.0

1745360876
0.965160372886712 0.03483962711328804 0.0

1745360876
0.9502191609267376 0.04962429555416406 0.0

1745360878
0.9561157796451915 0.04388422035480859 0.0

1745360879
0.9646362361738589 0.03536376382614114 0.0

1745360880
0.9649196366177498 0.03508036338225017 0.0

1745360881
0.9584374479426954 0.04147926036981509 0.0

1745360883
0.9546720297029703 0.0453279702970297 0.0

1745360884
0.9546378851869232 0.04504927264195214 0.0

1745360885
0.9556743162527507 0.044325683747249295 0.0

1745360886
0.946551724137931 0.05344827586206897 0.0

1745360887
0.9500233535730966 0.049665265452280866 0.00015569048731122528

1745360887
0.9569235588972431 0.04276315789473684 0.0

1745360889
0.959925152034929 0.03976298144394199 0.0

1745360890
0.9637748756218906 0.03622512437810945 0.0

1745360891
0.9629282027217269 0.03707179727827311 0.0

1745360892
0.9658133000312207 0.034186699968779266 0.0

1745360893
0.9628526645768025 0.03636363636363636 0.0

1745360894
0.9610991046619327 0.03874652670577339 0.0

1745360895
0.967202775149795 0.03279722485020498 0.0

1745360896
0.9625860989355041 0.03741390106449593 0.0

1745360897
0.962255285826155 0.03774471417384495 0.0

1745360898
0.9614431712604522 0.0384019820377826 0.0

1745360899
0.9519094766619519 0.047933364765047934 0.0

1745360900
0.9597356692792377 0.040110650069156296 0.0

1745360901
0.9579513120455264 0.04189061018020866 7.903888713246918e-05

1745360903
0.9539606262594946 0.04588435901410634 0.0

1745360904
0.9640265555040914 0.0359734444959086 0.0

1745360905
0.9626666666666667 0.0371764705882353 0.0

1745360906
0.9608513282585055 0.03914867174149449 0.0

1745360907
0.9551181102362205 0.0447244094488189 0.0

1745360909
0.960134448526538 0.03978738372547487 0.0

1745360911
0.9573519054699116 0.04256984114562955 0.0

1745360912
0.9511471827688466 0.04854065865459654 0.0

1745360913
0.9529266026633633 0.04707339733663673 0.0

1745360915
0.9557244730036831 0.04419716323172165 0.0

1745360916
0.9475404732254047 0.05245952677459527 0.0

1745360918
0.91301261829653 0.06821766561514196 0.0

1745360919
0.8062745098039216 0.1011764705882353 0.0006274509803921569

1745360920
0.8048367221195317 0.06947011706715958 0.0

1745360921
0.7799204162840526 0.09243954698500154 0.0009182736455463728

1745360922
0.6625138427464009 0.08803986710963455 0.001522702104097453

1745360923
0.6351892649709593 0.07210094131784499 0.0

1745360925
0.3918952932292978 0.08922728416813491 0.0

1745360926
0.35925755483969934 0.1152017180549164 0.0013805798435342844

1745360927
0.3214822233350025 0.07461191787681522 0.00012518778167250875

1745360928
0.24920127795527156 0.07098208084456174 0.0

1745360929
0.4249706151234165 0.254930129293457 0.0009141961603761264

1745360930
0.16152404747033106 0.08507183010618363 0.0

1745360932
0.4131596091205212 0.2641042345276873 0.000521172638436482

1745360934
0.6957856544794865 0.13403572425341892 0.0013257047167178342

1745360936
0.6522478116767231 0.1539049885272372 8.498342823149486e-05

1745360938
0.8942348999054902 0.07775582094681674 0.0

1745360939
0.7366018845700825 0.07626619552414605 0.0

1745360940
0.41307984790874525 0.06889733840304182 0.0

1745360941
0.2908663269306154 0.06964589050045733 0.00013066771200836272

1745360942
0.6055570689185508 0.13334241351130482 0.0009534186870062653

1745360943
0.3247091243110839 0.04592774035517452 0.0

1745360945
0.3235640070574397 0.12968045481278181 9.801999607920016e-05

1745360946
0.3008927264744622 0.16405678325771988 0.00014634860237084735

1745360947
0.29845701689933873 0.1304922850844967 0.0

1745360948
0.4087154656792936 0.1960979777841071 0.00014240956992309884

1745360949
0.7382168393404348 0.14431635779950386 0.00014592149423610097

1745360950
0.5701143382836115 0.10711000131423315 0.0

1745360951
0.5203953779757762 0.20005568703884172 0.00013921759710427398

1745360952
0.48349322799097066 0.20019751693002258 0.0

1745360954
0.235344951749964 0.09448365259974074 0.0007201497911565605

1745360955
0.17443324937027707 0.09193954659949623 0.001102015113350126

1745360956
0.18195884264273557 0.0406931765434009 0.0

1745360957
0.5824056895485467 0.0575139146567718 0.0

1745360958
0.39523194025563696 0.049260376274594286 0.0001436162573603332

1745360959
0.17254348848142925 0.033537063156245106 0.0009402914903620122

1745360961
0.6922051965356429 0.08361092604930047 0.0

1745360962
0.9377049180327869 0.06229508196721312 0.0

1745360963
0.925949070457741 0.07405092954225902 0.0

1745360964
0.922412439139312 0.07727344118108999 0.0

1745360965
0.9483911083475828 0.05145344318358464 0.0

1745360966
0.9404907975460123 0.05950920245398773 0.0

1745360968
0.9459971577451445 0.05392389073109111 0.0

1745360969
0.9136520918527838 0.06542938030827304 0.0

1745360970
0.7287943262411347 0.04425531914893617 0.00014184397163120567

1745360971
0.29499829874106837 0.04627424293977543 8.506294658046955e-05

1745360972
0.32968536251709984 0.06703146374829001 0.0

1745360974
0.298159509202454 0.04386503067484662 0.0

1745360975
0.24349587163109518 0.04735940177597757 0.0

1745360976
0.18814389461239656 0.08604965377470022 8.444519506840061e-05

1745360978
0.37026116259477676 0.16048862679022746 0.0

1745360979
0.18425983760149905 0.0891630231105559 0.0

1745360980
0.16556603773584905 0.1300314465408805 0.00015723270440251572

1745360981
0.3597900429457611 0.16351200890726897 0.0001590583744234134

1745360982
0.5169014084507042 0.14460093896713616 0.0

1745360983
0.24973969953889633 0.06232336754425108 0.00029748624126134165

1745360984
0.1734400966913431 0.058014805861912676 0.0

1745360985
0.2228221216985262 0.08828250401284109 0.0

1745360986
0.2922018348623853 0.08730886850152905 0.0009174311926605505

1745360987
0.1851363236587511 0.05379654060392847 0.0

1745360988
0.17511520737327188 0.06276815509296044 0.0

1745360989
0.17531411677753142 0.05306725794530673 0.0

1745360990
0.1528411773965056 0.0317960018888714 0.00015740594994490792

1745360991
0.16106658446362515 0.03529593094944513 0.0

1745360992
0.20574308843745226 0.047502672979990834 0.0

1745360994
0.2504090077952074 0.055528823019921084 0.000192474256568184

1745360995
0.8332314276979517 0.1416997859981657 0.0001528584530724549

1745360997
0.7364039955604883 0.1249405422546377 0.0

1745360998
0.19212746016869728 0.042642924086223055 0.0

1745360999
0.15412468513853905 0.07320528967254408 0.0

1745361000
0.1457776379933952 0.0861770718666457 0.0

1745361001
0.18334907145105445 0.10953729933899906 0.00015738117721120554

1745361002
0.32024122467914024 0.14071439616514614 0.00015463120457708364

1745361003
0.7927771644850969 0.20627661252168428 0.0

1745361004
0.8134747348721147 0.18605739238927013 0.0

1745361005
0.8185718663806313 0.18066196751455715 0.0

1745361006
0.7601492537313432 0.23611940298507464 0.0

1745361007
0.4099582587954681 0.13536076326774002 0.0001490757304710793

1745361008
0.3639829887080217 0.11409297550960551 0.00014664906877841325

1745361009
0.38183741311574493 0.08975521305530372 0.0

1745361010
0.3849972421400993 0.08728626585769443 0.0001378929950358522

1745361011
0.5301017354877319 0.08964691801316577 0.0

1745361012
0.6452003023431595 0.07558578987150416 0.0001511715797430083

1745361014
0.9281532080995365 0.07184679190046353 0.0

1745361015
0.9338993329290479 0.06539316757630888 0.0

1745361017
0.9456698902531783 0.05433010974682169 0.0

1745361018
0.9487600836570063 0.05123991634299373 0.0

1745361019
0.9508119557542951 0.04812897152271123 0.0

1745361020
0.954531490015361 0.04531490015360983 0.0

1745361022
0.9507575757575758 0.048853923853923856 0.0

1745361023
0.9403760892829842 0.05855373796055649 0.0

1745361024
0.9480426316868211 0.05144496823119492 0.0

1745361026
0.9402873869079298 0.05960617349654071 0.0

1745361027
0.9415283385673695 0.057424854194706144 0.0

1745361028
0.9428543801972539 0.05685554051440727 0.0

1745361029
0.9434607020813918 0.056383970177073625 0.0

1745361031
0.9404374127501164 0.05921358771521638 0.00011633317822242904

1745361032
0.947313588331597 0.05209108498288436 0.0

1745361033
0.9436508632021734 0.055735693628954516 0.0

1745361035
0.9569047296381623 0.04309527036183765 0.0

1745361036
0.9381058911260254 0.06144668158090977 0.0

1745361038
0.9386997902887563 0.06113889336989837 0.0

1745361039
0.9385951310280664 0.06078461777019693 0.0

1745361040
0.9314285714285714 0.06781954887218045 0.0

1745361042
0.9296011532916867 0.07023866730738428 0.0

1745361043
0.9515265518738243 0.04268557372305021 0.0

1745361045
0.8942010099364718 0.04381821143508715 8.144648965629581e-05

1745361046
0.7643669446550417 0.04063684609552692 0.0

1745361047
0.8293942714039756 0.13398027860385037 0.0

1745361048
0.7936867542667271 0.14997734481196193 0.0

1745361049
0.7566385504529834 0.19634489222118087 0.0

1745361050
0.7794365248624986 0.16399146930070715 0.00011224604332697273

1745361052
0.7766751918158568 0.1959079283887468 0.0

1745361053
0.7243004866180048 0.13853406326034062 0.00015206812652068127

1745361054
0.7443022166718701 0.12972213549797065 0.0

1745361055
0.6241973146526562 0.10931115002918856 0.00014594279042615295

1745361056
0.6038222357045351 0.06658577278932201 0.00015167602002123465

1745361057
0.6981867226135171 0.13771916679154803 0.0001498576352465158

1745361058
0.8654163832474978 0.13244582645029637 9.717228646390049e-05

1745361060
0.8631140153222172 0.13654799459215863 0.0

1745361061
0.8184231222965002 0.12652379079826975 0.0

1745361062
0.6805258330785693 0.11663099969428309 0.0

1745361063
0.7783768031473117 0.15547136820632376 0.00014570887367040654

1745361065
0.8567881616843778 0.13397556857681994 0.0

1745361067
0.8181818181818182 0.10305601079726212 9.640412609659693e-05

1745361068
0.8321213058950951 0.0894321522512765 0.0

1745361069
0.8542230237451157 0.09993988578298768 0.0

1745361071
0.9189102564102564 0.08076923076923077 0.0

1745361072
0.9178381755701344 0.07497656982193064 0.0

1745361073
0.862597547380156 0.05838907469342252 0.0

1745361074
0.8044856921887085 0.06233565351894818 0.0

1745361075
0.735931387300632 0.1084863075534156 0.0

1745361076
0.8189892802450229 0.15099540581929555 0.00015313935681470137

1745361077
0.8059746529873265 0.13141219070609536 0.0

1745361078
0.4431423611111111 0.04759837962962963 0.00014467592592592592

1745361079
0.3698569532517328 0.06872142751806518 0.0001474708745022858

1745361080
0.5171390013495276 0.1757085020242915 0.0

1745361081
0.4300526152893841 0.14484679665738162 0.0

1745361084
0.42949104807885735 0.12264467243344733 6.70555890833501e-05

1745361085
0.4525527192008879 0.1148723640399556 0.0

1745361086
0.2581834267177824 0.03995871424358596 0.0

1745361087
0.16400668794649642 0.012615899072807418 0.0

1745361088
0.15855524946434038 0.009641873278236915 0.00015304560759106213

1745361089
0.17133822049734082 0.02328589909443726 0.0

1745361090
0.12108649035025018 0.022015725518227305 0.0

1745361091
0.21324599708879186 0.02416302765647744 0.0

1745361092
0.2594691321204891 0.03370116313748882 0.0007456009543692216

1745361093
0.34744890457285693 0.02749595647698868 0.0

1745361094
0.5125277983691623 0.07294292068198666 0.0

1745361095
0.8541696364932287 0.07526728439059159 0.00014255167498218105

1745361097
0.9288361749444033 0.07079318013343217 0.0

1745361098
0.9379504857411469 0.061109370103415855 0.0

1745361099
0.9494066208619613 0.05043722673329169 0.0

1745361100
0.9387567152724482 0.06047582501918649 0.0

1745361101
0.9285304247990815 0.07046498277841562 0.0

1745361103
0.9324671025407597 0.06711909294049491 0.0

1745361104
0.9380294948227172 0.061342955757765924 0.0

1745361105
0.9483268482490272 0.051361867704280154 0.0

1745361106
0.9340131973605279 0.0653869226154769 0.0

1745361107
0.9155733029092984 0.08143183114660582 0.0

1745361109
0.930368149258704 0.06921539230384807 0.0

1745361110
0.9344313725490196 0.06541176470588235 0.0

1745361111
0.9488971730351041 0.05048151599875738 0.0

1745361113
0.9504666188083274 0.04929408949509452 0.0

1745361114
0.9490502135178913 0.05080253276395229 0.00014725371815638345

1745361116
0.9459714893281878 0.05387099314798771 0.0

1745361117
0.941085553232112 0.05782343849440858 0.0

1745361118
0.9443940767603506 0.05530371713508613 0.0

1745361119
0.9475326148610324 0.05246738513896767 0.0

1745361121
0.9490131578947368 0.05084978070175439 0.0

1745361122
0.9340565229803026 0.06266057664858693 0.0

1745361123
0.8778184034125533 0.07571602681291895 0.0

1745361124
0.814377085650723 0.08801446051167965 0.00013904338153503893

1745361125
0.711222830104983 0.10927103356498595 0.0

1745361126
0.6189445196211096 0.089851150202977 0.00013531799729364006

1745361128
0.8321486268174475 0.12762520193861066 8.077544426494346e-05

1745361130
0.9043394406943105 0.09556412729026037 0.0

1745361132
0.8945144377494326 0.10540730886610845 0.0

1745361133
0.7458916615946439 0.06253804017041996 0.00015216068167985393

1745361134
0.605936695441466 0.06239588066030592 0.00015144631228229593

1745361135
0.5018191618380272 0.07856084085702736 0.0

1745361136
0.44449099287808963 0.0801564027370479 0.00013964530093562352

1745361138
0.8337702689581513 0.15360714632488592 9.709680551509856e-05

1745361139
0.8960037759597231 0.10383889238514789 0.0

1745361140
0.9129751806471882 0.08545397423814012 0.0

1745361141
0.8497737556561086 0.0880844645550528 0.0

1745361142
0.5839580209895052 0.05652173913043478 0.0

1745361143
0.4827374558846095 0.11017339266533681 0.00015344483658124905

1745361144
0.41672935158718216 0.10771776741387092 0.00015044380923724988

1745361145
0.4816519626646209 0.09973149213655542 0.0

1745361146
0.6581562241236544 0.12434446591222743 0.0002760143527463428

1745361147
0.8310329798053174 0.1403457794566323 0.0001452854859799506

1745361149
0.8428061831153388 0.11284185493460167 0.00011890606420927467

1745361150
0.596395881006865 0.06321510297482838 0.00014302059496567506

1745361151
0.44624470018170803 0.0693519079345851 0.0

1745361152
0.5723298284449364 0.16900940785832871 0.0

1745361156
0.8272576636288318 0.17265948632974318 0.0

1745361158
0.6649423278573925 0.09346382383781894 0.0002796225096120238

1745361159
0.3776297865899803 0.02194642046314515 0.00015135462388375965

1745361160
0.3948278454367764 0.023004059539918808 0.0

1745361161
0.36300417246175243 0.07572245402565292 0.0

1745361162
0.6297990297990298 0.1442827442827443 0.0002772002772002772

1745361164
0.8359672103439534 0.12929941688498267 0.0

1745361165
0.7851816595272093 0.17007774075836904 0.00015865460891638903

1745361167
0.8852475346150015 0.08945114055184779 0.0

1745361168
0.5360299625468165 0.07805243445692885 0.0

1745361169
0.4103844989403573 0.11958825310323948 0.004087193460490463

1745361170
0.6279707495429616 0.1206581352833638 0.003808653260207191

1745361171
0.5844755661501788 0.15956495828367104 0.00014898688915375446

1745361173
0.5715566178667464 0.1410218105766358 0.00014938751120406333

1745361174
0.3523531221162719 0.11396493386650261 0.0

1745361175
0.6020478760204787 0.09395323093953231 0.0001383700013837

1745361177
0.867306318260692 0.11605593549045626 0.00010207206287639073

1745361178
0.5702657041929043 0.09153739824911689 0.0

1745361179
0.3954474763183939 0.08695037466421603 0.0

1745361180
0.2647058823529412 0.051124114567292885 0.0

1745361181
0.33485804416403786 0.07760252365930599 0.0

1745361182
0.24104563835932988 0.060803004043905255 0.0

1745361183
0.1636251159913393 0.04840705227343025 0.0

1745361184
0.2845360824742268 0.03330689928628073 0.0

1745361185
0.27350427350427353 0.050332383665717 0.0

1745361186
0.36782850092535474 0.06292412091301666 0.00015422578655151142

1745361187
0.6348582655065955 0.10468706146505753 0.0

1745361189
0.8746682149966821 0.10791307232913072 8.294625082946251e-05

1745361190
0.8992199030149695 0.10067467847353995 0.0

1745361192
0.9281803841514336 0.07181961584856639 0.0

1745361193
0.9401762250734271 0.059823774926572884 0.0

1745361194
0.9382877009995654 0.057221497899464 0.0

1745361195
0.8801380608722937 0.07373705679322247 0.0

1745361196
0.8360728565082186 0.06456389752702503 0.00014808233377758035

1745361197
0.7814902424600828 0.06933767001774098 0.0

1745361199
0.8528544626105602 0.09997319753417315 0.00013401232913428035

1745361200
0.885606454971369 0.08563248308172827 0.0

1745361201
0.88835027365129 0.07490226739640345 0.0

1745361202
0.8711733100087468 0.0967137323503686 0.0

1745361203
0.868421052631579 0.09778252738445098 0.0001335826876836762

1745361204
0.8044725614241577 0.1634544652052376 0.0

1745361205
0.7803232607167955 0.1898805340829234 0.000140548137737175

1745361207
0.7846631294423866 0.16858544398838723 0.00010011012113324657

1745361208
0.7055322602461788 0.13729203300419315 0.00013526308670363857

1745361209
0.43162020905923343 0.08870499419279908 0.00014518002322880372

1745361210
0.2889273356401384 0.10050330292544825 0.00015728216420257942

1745361211
0.298828125 0.0751201923076923 0.00015024038461538462

1745361213
0.4187433439829606 0.1167199148029819 0.0

1745361214
0.4740784084259801 0.13540081919251024 0.00023405500292568755

1745361215
0.4387867142465001 0.09854515509195717 0.0

1745361216
0.46882217090069284 0.07852193995381063 0.0

1745361218
0.39126559714795006 0.10147695441813089 0.0

1745361219
0.4094186902133922 0.09242089771891096 0.00029433406916850625

1745361220
0.35229789590254706 0.03889811738648948 0.0

1745361221
0.3475957620211899 0.04754142895952187 0.0

1745361222
0.7820086889854332 0.1478405315614618 0.0

1745361223
0.8854652972300031 0.11453470276999689 0.0

1745361224
0.8959276018099548 0.10377073906485672 0.0

1745361226
0.9325797978189923 0.06734060335907029 0.0

1745361227
0.9457897203561944 0.054210279643805655 0.0

1745361228
0.9574858541061324 0.04144364581740327 0.0

1745361229
0.9246753246753247 0.05378151260504202 0.0

1745361230
0.7641934982112304 0.055374086172032974 0.00015554518587649713

1745361231
0.436163714111179 0.05070250458155162 0.0

1745361232
0.4431272932543043 0.08820208862545866 0.00014112334180073385

1745361233
0.3877906976744186 0.06642441860465116 0.0

1745361234
0.31015794363580057 0.05280272530195107 0.0

1745361236
0.36712135465663215 0.03892285983066792 0.00011759172154280339

1745361237
0.46491127647395536 0.07109330280480824 0.0

1745361238
0.860608552631579 0.13898026315789475 0.0

1745361240
0.8802337623908862 0.1194703358484983 7.397544015386891e-05

1745361242
0.9095107519122528 0.08832443354019338 0.0

1745361243
0.7418704649287826 0.06302069336199946 0.0

1745361244
0.49822646657571623 0.03806275579809004 0.0

1745361245
0.3825354091068711 0.04764134379023762 0.0

1745361246
0.2465603502188868 0.030800500312695434 0.0006253908692933083

1745361247
0.2756892230576441 0.02412280701754386 0.0

1745361248
0.3030113902324856 0.04524886877828054 0.00015603058199407084

1745361249
0.4745497259201253 0.07611589663273297 0.0

1745361250
0.8656415035725381 0.13435849642746195 0.0

1745361251
0.9130638364289059 0.08678008428281567 0.0

1745361252
0.9037773977926318 0.09606715373853568 0.000155448468832582

1745361253
0.9152096549589974 0.08479034504100263 0.0

1745361254
0.895875486381323 0.10396887159533073 0.0

1745361256
0.9312712065020121 0.06864988558352403 0.0

1745361257
0.9387947269303202 0.04205900816070308 0.0

1745361258
0.685529980941211 0.03327957777451986 0.0

1745361259
0.5078437403875731 0.027222393109812365 0.0

1745361260
0.4290462427745665 0.028323699421965318 0.0

1745361262
0.35910181693520743 0.04208090503942406 8.570449091532397e-05

1745361263
0.5113849033063007 0.05411728009981285 0.0

1745361264
0.7042717889908257 0.08127866972477064 0.00014334862385321102

1745361266
0.8828550524347614 0.11706365336151532 0.0

1745361267
0.7983304042179262 0.059021675454012885 0.0

1745361269
0.6071837982422621 0.03773404661826519 0.0

1745361270
0.3602018213142998 0.02793502338173763 0.0

1745361271
0.3193619017829215 0.013137316233969347 0.0

1745361272
0.4782919165952585 0.08554698657526422 0.000856898029134533

1745361274
0.8754793961648307 0.11954304365565076 8.159934720522235e-05

1745361275
0.750832672482157 0.05852498017446471 0.00015860428231562253

1745361276
0.6302300447738151 0.09881117801451289 0.0003087849312953528

1745361278
0.5352134866866236 0.0768079407594139 0.00031510950055144165

1745361279
0.5213648458287682 0.05775551729535139 0.0003130380341211457

1745361280
0.5777951524628616 0.06379984362783425 0.0003127443315089914

1745361281
0.6843174008122461 0.05654482974070603 0.0006248047485160887

1745361282
0.7795867251095805 0.07529743268628679 0.00031308703819661864

1745361283
0.8591198880422951 0.07526045716062821 0.00015549681231534753

1745361284
0.9006673909669408 0.09467639298463448 0.0

1745361285
0.9060929648241206 0.09375 0.0

1745361286
0.9017910447761194 0.0982089552238806 0.0

1745361288
0.8799326275264677 0.11998716714789862 0.0

1745361289
0.927444306930693 0.07255569306930693 0.0

1745361290
0.9473039215686274 0.05269607843137255 0.0

1745361292
0.9541996830427892 0.04580031695721078 0.0

1745361293
0.9183801601004552 0.07518442944592686 0.0001569612305760477

1745361294
0.8488916640649391 0.07180768029971901 0.0

1745361295
0.6790799561883899 0.05679862306368331 0.0

1745361296
0.6037996016546653 0.04320514784740309 0.00015320974413972729

1745361297
0.5153762942358213 0.04697882861999691 0.0

1745361298
0.46422918645140865 0.04969927192149414 0.0

1745361299
0.337570837800582 0.0817889416449686 0.0

1745361300
0.24521847302130306 0.052713419374902815 0.0

1745361301
0.32678292555960436 0.043076522644456015 0.001691827173347215

1745361303
0.22458001768346597 0.019451812555260833 0.00014736221632773356

1745361304
0.43992849750682095 0.11713237369460909 0.00037632891146862355

1745361305
0.7822757111597374 0.180368865270397 0.00015629884338855892

1745361306
0.3344887348353553 0.07657160863400031 0.0

1745361307
0.18930159185429513 0.05865481141545963 0.0001434102968593145

1745361309
0.4930170466214828 0.10269049086054631 0.0008215239268843705

1745361310
0.7591958302308265 0.12449739389426656 0.0008935219657483246

1745361311
0.8843937575030012 0.07190876350540217 0.00024009603841536616

1745361312
0.8631306203322664 0.08901082152110959 0.00015241579027587258

1745361313
0.8854020296643248 0.09601873536299765 0.0

1745361314
0.8322813345356177 0.11647129546137662 0.00015028554253080853

1745361316
0.9197698577593095 0.06904267220712802 7.99105002397315e-05

1745361317
0.9222653219550039 0.06532195500387898 0.0001551590380139643

1745361319
0.7710092322259923 0.0986348930797759 7.890791446382072e-05

1745361320
0.5194090837655194 0.06506364922206506 0.0

1745361321
0.6186609468362188 0.08242684234717328 0.00030641948827945457

1745361322
0.4581242158092848 0.054579673776662486 0.0003136762860727729

1745361323
0.3338565374352535 0.053837702087584365 0.0

1745361324
0.3077532899952434 0.043443792611384174 0.0

1745361325
0.3466854724964739 0.07348377997179126 0.00014104372355430183

1745361327
0.49406867845993757 0.12705515088449532 0.0002081165452653486

1745361328
0.840264958193072 0.15940927353675752 0.0

1745361329
0.4340175953079179 0.04838709677419355 0.00026659557451346307

1745361330
0.4838612368024133 0.0665158371040724 0.00015082956259426848

1745361332
0.257973174366617 0.024143070044709388 0.0

1745361333
0.39322951929587 0.09289099526066351 0.0018957345971563982

1745361334
0.33389370231475496 0.08431397905082115 0.000129315918789603

1745361335
0.256586947709769 0.09201459262261856 0.0

1745361336
0.1836850304489449 0.09984421470046735 0.0

1745361337
0.4059710680209295 0.11018775007694676 0.0

1745361338
0.20302510525495088 0.05364104163418057 0.0001559332605644784

1745361340
0.6800682521062174 0.03945824890689986 0.0

1745361341
0.790436637108542 0.08923560444494331 0.00011224604332697273

1745361342
0.2504263786242183 0.05372370665150654 0.0001421262080727686

1745361343
0.23929868899068077 0.041699573527088925 0.000157952930026852

1745361344
0.7195368250976169 0.15416722768277905 0.00026928773394371884

1745361346
0.8440518451250723 0.1557004870799967 0.0

1745361348
0.8112408058842341 0.18276303165973776 0.0

1745361349
0.7022311212814645 0.15689359267734554 0.00014302059496567506

1745361350
0.8014294996751137 0.1842755035737492 0.0001299545159194282

1745361352
0.8307120085015941 0.14070138150903294 0.0

1745361353
0.7747759282970551 0.16965428937259924 0.00012804097311139564

1745361354
0.802598622417032 0.16327489041953663 0.00031308703819661864

1745361355
0.7626453031731071 0.128023876845743 0.00015708451146716933

1745361356
0.4325939908761995 0.05049551675318546 0.00015730690577316344

1745361357
0.7348946135831381 0.1578454332552693 0.000156128024980484

1745361358
0.718597704763402 0.0958968715610753 0.0

1745361359
0.2570218107641613 0.0724933312411737 0.00015691197238349287

1745361360
0.23746081504702193 0.04498432601880878 0.0

1745361361
0.3615571039079067 0.067252347773402 0.0

1745361363
0.8074972261848153 0.1919480107782533 0.0

1745361364
0.8476881233000907 0.15231187669990934 0.0

1745361366
0.8621208521422349 0.13787914785776512 0.0

1745361368
0.9178333494255093 0.07482861832577001 9.655305590421937e-05

1745361369
0.8436492090308708 0.0886192597143296 0.0

1745361370
0.845920533818623 0.11555959963603275 0.0

1745361371
0.7685784767190873 0.07554733271662041 0.0

1745361372
0.5865131122519772 0.0871375052032746 0.0002775079783543777

1745361373
0.8731333243643212 0.10897349656935289 0.0

1745361374
0.8882269948267754 0.098761561373256 0.0

1745361375
0.8347438067394984 0.1347899676873365 0.0

1745361376
0.8280049185367353 0.14463572087304027 0.0

1745361377
0.8598785614198973 0.10540245990969951 0.0

1745361378
0.7217134875058203 0.05137358373428527 0.0

1745361379
0.7154356060606061 0.1158459595959596 0.0

1745361380
0.5668343240359701 0.16537113244932175 0.00015241579027587258

1745361381
0.2831515499425947 0.061567164179104475 0.0

1745361382
0.26644025933930227 0.07270762581043531 0.0

1745361384
0.6475005142974697 0.1521291915243777 0.00010285949393128986

1745361385
0.7584793668739401 0.17198982475975128 0.00014132278123233464

1745361386
0.6288875598086124 0.10107655502392345 0.0

1745361387
0.4853231939163498 0.08866920152091255 0.0

1745361388
0.6608464042616159 0.09914175791654335 0.0

1745361389
0.3782940901294246 0.043349446436924996 0.0

1745361390
0.6926180514046623 0.16123729826658698 0.00014943215780035862

1745361391
0.5612859097127223 0.12024623803009576 0.0

1745361393
0.490260594893393 0.0996314819689392 0.00013161358252171624

1745361394
0.8285092697692017 0.17149073023079833 0.0

1745361395
0.8657513348588863 0.13409610983981693 0.0

1745361397
0.8699980853915374 0.10530346544131725 0.0

1745361398
0.8086782690498588 0.10559736594543744 0.00011759172154280339

1745361399
0.8989453801353691 0.08531402487014009 0.0

1745361400
0.8582677165354331 0.11270649992280377 0.0

1745361402
0.8641457858769932 0.10095671981776766 9.111617312072893e-05

1745361403
0.8647015293537247 0.10939812530833744 0.00037000493339911197

1745361404
0.8432626325639426 0.12663755458515283 0.0

1745361405
0.8376603065373788 0.14576165154832654 0.0

1745361406
0.8823898384820449 0.09314724792222048 0.00015681354869060687

1745361407
0.8839355545127483 0.0957297043641483 0.00015642108556233381

1745361408
0.8250664997652949 0.07792207792207792 0.00015647003598810827

1745361409
0.6146961846443711 0.05306955566022924 0.0001570105197048202

1745361410
0.47220477386934673 0.029522613065326633 0.0

1745361411
0.29360237760050056 0.019552635695291726 0.0

1745361412
0.15342422817740167 0.018649114558846575 0.0

1745361413
0.10215894868585731 0.015175219023779725 0.0

1745361414
0.07900500625782228 0.01955569461827284 0.00015644555694618273

1745361415
0.20784497577746522 0.0686044694483513 0.004219409282700422

1745361416
0.8486749255135644 0.10616277246354085 0.0

1745361417
0.8432626325639426 0.09700561447286338 0.00031191515907673113

1745361418
0.922068246163016 0.07107733571747876 0.00014900908955446283

1745361420
0.912392657370204 0.06830536516190026 0.0

1745361422
0.8751972230987694 0.0878826128116125 0.0

1745361424
0.8792613636363636 0.0914614898989899 0.0

1745361425
0.8611024115252114 0.1113373003445036 0.00015659254619480113

1745361426
0.8730059430716296 0.1079136690647482 0.0

1745361427
0.8737546699875467 0.09993773349937733 0.0

1745361428
0.8810309602388811 0.0814081408140814 0.0

1745361429
0.5675463399308828 0.05026704366949419 0.0

1745361430
0.2677791640673737 0.019962570180910792 0.0

1745361431
0.24047244094488188 0.02094488188976378 0.0

1745361432
0.5765567765567765 0.1356776556776557 0.00029304029304029304

1745361433
0.8304018304018304 0.1695981695981696 0.0

1745361435
0.7712912790103261 0.15335855229526632 0.00010223903486351089

1745361436
0.24242062544760085 0.0226784435426116 0.0

1745361437
0.1791021429688722 0.015485687470671047 0.0

1745361438
0.15305164319248826 0.02269170579029734 0.0

1745361439
0.1375760411792232 0.012166588675713618 0.0

1745361440
0.12158770003137748 0.05538123627235645 0.00015688735487919673

1745361441
0.12125019632479975 0.029213130202607192 0.0

1745361442
0.11270908238236674 0.011567922463654838 0.0

1745361443
0.5911446764401007 0.021768103065304308 0.00014808233377758035

1745361445
0.323799548823719 0.025781501772478246 0.0

1745361446
0.10133542812254517 0.021838177533385704 0.0

1745361447
0.07954188892375275 0.021022905553812362 0.00015688735487919673

1745361448
0.087134318968229 0.00865051903114187 0.00015728216420257942

1745361449
0.10098792535675083 0.010820134859651874 0.0

1745361450
0.6778921110071718 0.14904895541004054 0.002182725288431556

1745361451
0.8570562376837957 0.1411247536759133 0.0006063362134303471

1745361453
0.8608391051667861 0.13669293846031366 7.961149590000795e-05

1745361454
0.8792121864902293 0.11955685490075396 0.0

1745361455
0.8448328733517326 0.14060104262496168 0.0

1745361456
0.20885200553250347 0.009528200399569694 0.0

1745361458
0.19909830126398842 0.02439417116174221 8.050881571532083e-05

1745361459
0.2924306535025858 0.017865538316878232 0.0

1745361460
0.14070114761829902 0.047319603835874864 0.0

1745361461
0.11927729291073343 0.014546011330577247 0.0

1745361462
0.19022166326049364 0.03505738091495048 0.00031441597233139445

1745361463
0.20021712158808933 0.0907258064516129 0.0

1745361464
0.18457430097392397 0.068645931511153 0.0

1745361465
0.19859922178988326 0.0535408560311284 0.0001556420233463035

1745361466
0.3212819703189138 0.09314808967477108 0.0

1745361467
0.519764169904864 0.10840144713922015 0.00013399437223636607

1745361471
0.7461206896551724 0.08721264367816092 0.0

1745361472
0.9241754854618309 0.07510531182574745 0.0

1745361473
0.6569532602423543 0.10776110790536642 0.0

1745361475
0.3864058679706601 0.10493887530562347 0.0

1745361477
0.6953799449767574 0.1808177592258799 0.0001897353192296746

1745361478
0.7181931205967675 0.19491642492056913 0.0004144218814753419

1745361479
0.36934237501971295 0.0958839299794985 0.00015770383220312253

1745361480
0.19606434932490663 0.05214018960068946 0.0005745475438092502

1745361481
0.7470066206507959 0.17086913649809832 0.0001408649105507818

1745361482
0.37835153922542203 0.0810575968222443 0.000868917576961271

1745361483
0.8323334385854121 0.14035364698452796 0.0

1745361484
0.8791242207693477 0.11616238406568344 0.0001520450053215752

1745361486
0.9022899181431976 0.0977100818568024 0.0

1745361487
0.8980486425339367 0.10195135746606335 0.0

1745361489
0.8594799652256382 0.14036196949340077 7.903264048051846e-05

1745361490
0.8064184324213125 0.19337584859082493 0.0

1745361492
0.7698546137869647 0.1290673523884878 0.0

1745361493
0.5313425468904245 0.14338598223099705 0.00012339585389930897

1745361494
0.7412333736396615 0.15326481257557437 0.0

1745361495
0.9025777562628585 0.07563838799467505 0.0

1745361497
0.9259506337558372 0.060929508561263064 0.0

1745361498
0.8967010571901669 0.07998981021525921 0.0001273723092599669

1745361499
0.913284409165793 0.07173880485247866 0.0

1745361500
0.8989052574672253 0.07244222192188134 0.00013515339910798757

1745361502
0.8793409378960709 0.09391634980988593 0.0

1745361503
0.8552675492268328 0.12682167093113805 0.00022249415952831238

1745361504
0.7773176596313118 0.1924926529521774 0.0

1745361505
0.8442363310838727 0.1378597989257678 0.0001377220768489189

1745361507
0.8615579044117647 0.103515625 0.0

1745361508
0.839197224975223 0.11892963330029732 0.0

1745361509
0.8746195982958004 0.10651247717589775 0.0

1745361510
0.7934371692121579 0.09889611371540905 0.0

1745361511
0.618159395714506 0.061815939571450595 0.0

1745361512
0.5487634157722818 0.059573806190698395 0.0

1745361513
0.4237090909090909 0.07127272727272728 0.00014545454545454546

1745361514
0.29495733126454615 0.04515128006206361 0.0

1745361515
0.2839183470251431 0.06771222305202888 0.0

1745361516
0.2569758948137327 0.05200876552227904 0.00014609203798392987

1745361518
0.25485931765665354 0.07462280820986815 0.0001359249694168819

1745361519
0.2509238728750924 0.06233062330623306 0.0002463661000246366

1745361520
0.2453004622496148 0.08258859784283513 0.0006163328197226503

1745361521
0.833037037037037 0.1242962962962963 0.0005925925925925926

1745361522
0.8803800201525839 0.08305743486397006 0.00014394702749388226

1745361523
0.8566888182606183 0.12077434267552731 0.0001444669170759896

1745361524
0.8473340040241448 0.12261066398390343 0.00012575452716297788

1745361525
0.7986659406479717 0.17410835829022597 0.0

1745361527
0.7522047130258783 0.22076044527974556 0.0

1745361528
0.7567243035542748 0.2202209414024976 0.00012007684918347742

1745361529
0.7956150676868746 0.1790759270158917 0.0

1745361530
0.8769230769230769 0.10706860706860707 0.00010395010395010396

1745361532
0.8723427690274259 0.10717039321511179 0.0

1745361533
0.8525742148286247 0.12003441847124624 0.0001434102968593145

1745361534
0.9083766147289919 0.07231322413104276 0.0

1745361535
0.8952650176678445 0.07590106007067138 0.0

1745361537
0.8646003262642741 0.10066212455618463 9.59600806064677e-05

1745361538
0.8422882427307206 0.12942477876106195 0.0

1745361539
0.8596300326441785 0.10772578890097932 0.000155448468832582

1745361540
0.8777414839010733 0.09550474412816923 0.0

1745361541
0.863349368610944 0.11094407696933253 0.0001503307276007216

1745361542
0.8698826082667456 0.09036204005129722 0.0

1745361544
0.6789722386296515 0.08357944477259303 0.00014766686355581807

1745361545
0.543141592920354 0.06661750245821042 0.00012291052114060964

1745361546
0.29031305375073835 0.08963378617838157 0.00014766686355581807

1745361547
0.6088208548044862 0.10745680509245226 0.0004546832373446499

1745361549
0.8918077291600128 0.10803257745129352 0.0

1745361550
0.8925619834710744 0.10743801652892562 0.0

1745361551
0.9199079653774516 0.08009203462254848 0.0

1745361552
0.951430274135876 0.04663289630512515 0.0

1745361554
0.7919712133138423 0.04812774091982458 0.00011244799280332846

1745361555
0.24932671863926292 0.0371367824238129 0.0

1745361556
0.3710570005534034 0.11676812396236856 0.0002767017155506364

1745361557
0.8571254715833029 0.09906291834002677 0.00012169891687963977

1745361559
0.6550855991943605 0.07915407854984895 0.0

1745361560
0.38231143170769954 0.05002352203230359 0.00015681354869060687

1745361561
0.1956043956043956 0.0456828885400314 0.00047095761381475666

1745361562
0.1259644150527476 0.028499448905684146 0.0001574555188159345

1745361563
0.11190997186620819 0.04954673335417318 0.00031259768677711783

1745361564
0.7544573037222396 0.22395996246481076 0.0

1745361565
0.8395563193251054 0.10795188251835651 0.0

1745361566
0.8716205777846439 0.09300169936659972 0.0001544878727019929

1745361568
0.8394556752930071 0.11838275780696925 0.0

1745361569
0.6969081823860087 0.07339163023110556 0.0

1745361570
0.37397216951296647 0.06182795698924731 0.00015812776723592663

1745361571
0.19535175879396985 0.14886934673366833 0.0

1745361572
0.12813238770685578 0.07013396375098503 0.00015760441292356187

1745361573
0.10764161305507611 0.031068570531931586 0.00015691197238349287

1745361574
0.11259422110552764 0.035646984924623114 0.000157035175879397

1745361575
0.13651341597363878 0.05601757414090695 0.0

1745361576
0.5170057923659587 0.05020050497549384 0.0001485222040695084

1745361578
0.9549823774431272 0.041573213713553346 0.0

1745361579
0.2509884548473826 0.06547524909062154 0.00015815277558121145

1745361580
0.28249648052557486 0.09134991396840295 0.0004692632566870014

1745361581
0.7919724427137936 0.18511307473416205 0.0

1745361583
0.8348125049972016 0.14911649476293276 0.00015991045014791716

1745361584
0.911660777385159 0.0765200438649933 0.00012184720360667723

1745361585
0.9046309032553874 0.08161393856029345 0.0001528350909368791

1745361587
0.8380001848258016 0.10461140375196377 0.0001848258016819148

1745361588
0.8265642151481888 0.11855104281009879 0.0004704406460718206

1745361589
0.822340592198026 0.11013629954566818 0.00031333228889237035

1745361590
0.7989426216762556 0.12019903591976365 0.00031099362463069506

1745361591
0.8188852044844466 0.114953418600979 0.00015790304752881732

1745361592
0.8205689277899344 0.11128477649265396 0.00015629884338855892

1745361593
0.8483234095894704 0.09902851770604826 0.00015669069257286117

1745361594
0.8579260651629073 0.08771929824561403 0.0

1745361595
0.8528907589216145 0.09895589839488858 0.00015583606046439146

1745361596
0.8115850779159453 0.10971194711160082 0.00031481189988981584

1745361597
0.8163433759801898 0.11239510249002614 0.0

1745361599
0.8225887897660327 0.10393873085339168 8.41609156707625e-05

1745361600
0.8405729409933053 0.10867196014323525 0.0

1745361601
0.8444686140459913 0.12290242386575513 0.0

1745361602
0.8385734396996715 0.11934928828406069 0.00015642108556233381

1745361603
0.8252531451365449 0.11736729057993249 0.00015342129487572875

1745361605
0.8184200079396586 0.11973005160778087 7.939658594680428e-05

1745361606
0.824515533681944 0.11165795139956937 0.00015379883112888343

1745361607
0.8329548680102186 0.12233891569684928 0.0001419244961680386

1745361608
0.8358705994291151 0.12131303520456709 0.0

1745361610
0.8361267839362762 0.09218386989711251 8.297378028542981e-05

1745361611
0.8472156862745098 0.08141176470588235 0.0

1745361612
0.8197497874407871 0.08696708368759869 0.00012146240738491437

1745361613
0.8305668650172252 0.09583463827121828 0.0

1745361615
0.8059565137949936 0.08624154942444728 9.13575735428467e-05

1745361616
0.7872539831302718 0.10809122149328335 0.00015620118712902218

1745361617
0.8143103178330985 0.1022389228119618 0.0

1745361618
0.8405456255879586 0.08999686422075887 0.0

1745361619
0.8610720425066417 0.08313799031098609 0.0001562744178777934

1745361620
0.8551724137931035 0.07554858934169278 0.0

1745361621
0.8003754693366708 0.09668335419274092 0.00015644555694618273

1745361622
0.7814497272018707 0.09805144193296961 0.0

1745361623
0.7874289324068224 0.0915982312065698 0.00015792798483891344

1745361624
0.8222910216718267 0.09752321981424149 0.0

1745361625
0.7860186207984851 0.098469307243175 0.00015780337699226762

1745361626
0.8206734534064213 0.09177760375880971 0.0

1745361627
0.8213279047917319 0.08596930786094582 0.00015659254619480113

1745361628
0.7859159347553325 0.07371392722710163 0.00047051442910915934

1745361629
0.7665832290362954 0.09339799749687108 0.0014080100125156445

1745361630
0.8299234733718569 0.08761518038419491 0.00031235358425737937

1745361631
0.799088193680239 0.06571293821726144 0.00015720798616569723

1745361632
0.8346358236949046 0.06439512347608628 0.0

1745361633
0.8238057948316366 0.07423649177760376 0.0

1745361634
0.7960741548527808 0.08537155320143325 0.0

1745361635
0.8245558874390819 0.07671749724886025 0.0

1745361636
0.79262960649594 0.09900062460961899 0.0

1745361637
0.7829469425859654 0.08822156527151082 0.00015559358954411078

1745361638
0.8085870413739267 0.0849336455893833 0.0

1745361639
0.8464324034334764 0.09468884120171674 0.0

1745361641
0.853926791544939 0.08489431173741192 0.00034370166695308474

1745361642
0.8446464963160369 0.05988399435648221 0.00015676438313215238

1745361643
0.8212224359923043 0.07873316560603819 0.0

1745361645
0.919056056701031 0.08038015463917526 0.0

1745361646
0.9070200573065903 0.09212034383954154 0.0

1745361648
0.9039797335948353 0.09569338890250878 0.0

1745361649
0.8127955493741308 0.1172461752433936 0.0005563282336578582

1745361651
0.8636287764980805 0.10190285428142214 0.0004172926055750292

1745361652
0.894027277002665 0.053143125881799654 0.00015676438313215238

1745361653
0.8977540442908748 0.05340034553164756 0.0

1745361654
0.8452806717462292 0.07152853366505986 0.00015549681231534753

1745361655
0.9225208235109226 0.06584944208706585 0.0

1745361656
0.8970198158839132 0.055858948353877357 0.0

1745361657
0.7714420358152686 0.08922400251335218 0.0

1745361658
0.8434018515612741 0.09195041581672682 0.0

1745361659
0.832381940840685 0.0797872340425532 0.00012973533990659055

1745361661
0.8288807403527152 0.07848786450148419 0.0

1745361662
0.809076682316119 0.06275430359937402 0.0

1745361663
0.8233453293694257 0.08230323892974495 0.0006258801439524331

1745361664
0.9032960199004975 0.09437189054726368 0.0001554726368159204

1745361665
0.9347826086956522 0.06490459806068188 0.0

1745361666
0.9429598374746054 0.057040162525394594 0.0

1745361667
0.9466208834087717 0.053223037302949895 0.0

1745361668
0.9415452123491616 0.05829807240244476 0.0

1745361669
0.945201189917019 0.054642242054172535 0.0

1745361670
0.9382985353692739 0.06154565285135556 0.0

1745361671
0.9399000936621917 0.05994380268498283 0.0

1745361672
0.9445482866043614 0.05498442367601246 0.0

1745361673
0.9477494491658798 0.052093169656909036 0.0

1745361674
0.951413841587252 0.04842993282299641 0.0

1745361675
0.9455654622243078 0.053339590176755824 0.0

1745361676
0.9550351288056206 0.04480874316939891 0.0

1745361677
0.9459333125584294 0.05359925210345902 0.0

1745361678
0.948135380758383 0.0512378564713256 0.0

1745361679
0.9465123553331248 0.05301845480137629 0.0

1745361680
0.9480174836091164 0.05151420543240712 0.00015610365282547612

1745361681
0.9441148922884796 0.05494848579456759 0.0

1745361682
0.9390950367934867 0.06043525912008768 0.0

1745361683
0.9376854599406528 0.06168983289083242 0.0

1745361684
0.9513488227038828 0.04771557773273039 0.0

1745361685
0.9496324104489285 0.050054747379946814 0.0

1745361686
0.9398566531629792 0.05936428794016828 0.0

1745361687
0.9527006408300275 0.04699420201403723 0.0

1745361689
0.9448675234015548 0.05410122164048865 0.0

1745361690
0.9463338533541341 0.053198127925117 0.0

1745361691
0.938622520693425 0.06106512572231766 0.0

1745361692
0.9528566968467063 0.046831095847642834 0.0

1745361693
0.9530810134501094 0.04613700344072568 0.00015639662183296842

1745361694
0.9388871522350735 0.05986245701781807 0.0

1745361695
0.9445047279491552 0.055185242598046816 0.0

1745361696
0.9369880277252678 0.06269691241335854 0.0

1745361697
0.9431161118924832 0.056571339271761216 0.0

1745361698
0.95015625 0.04875 0.0

1745361699
0.94609375 0.05171875 0.0

1745361700
0.9513986560400063 0.04610095327394906 0.0

1745361701
0.9577596996245307 0.040519399249061325 0.0

1745361702
0.9569153918201686 0.04292850452700593 0.0

1745361703
0.9501640368692392 0.04874238400249961 0.0001562255897516013

1745361704
0.9571875 0.04265625 0.0

1745361705
0.9590561025160181 0.04063134864822628 0.0

1745361706
0.9485339987523393 0.05099812850904554 0.0

1745361707
0.9492163009404389 0.05047021943573668 0.0

1745361708
0.9532200218306565 0.04662404490877904 0.0

1745361709
0.9591008429597253 0.04089915704027474 0.0

1745361710
0.9601943269080081 0.03964895784359818 0.0

1745361711
0.948585716518206 0.05141428348179403 0.0

1745361712
0.95453125 0.0453125 0.0

1745361713
0.9574700109051254 0.04221841408319053 0.0

1745361714
0.95765625 0.0421875 0.0

1745361715
0.9630499452011899 0.036950054798810084 0.0

1745361716
0.9639006094702297 0.0354742928582591 0.0

1745361717
0.9551211884284597 0.04472243940578577 0.0

1745361718
0.958904109589041 0.04078455790784558 0.0

1745361719
0.9556495847045917 0.04388026955022724 0.0001567152483936687

1745361720
0.95859375 0.0409375 0.0

1745361721
0.9555694618272841 0.044274092615769714 0.0

1745361722
0.9520836584985173 0.04526299360074918 0.0

1745361723
0.9546804188154399 0.04453820909517112 0.0

1745361724
0.9576496327551179 0.04219409282700422 0.0

1745361725
0.96375 0.03578125 0.0

1745361726
0.9588676884579294 0.04081951829840475 0.0

1745361727
0.9559718969555036 0.04371584699453552 0.0

1745361728
0.95296875 0.04640625 0.0

1745361729
0.9507735583684951 0.048288795124238164 0.0

1745361730
0.9526192337763878 0.046442533229085224 0.0001563721657544957

1745361731
0.9539494224164845 0.04589447393068998 0.0

1745361732
0.95765625 0.0421875 0.0

1745361733
0.9453125 0.05421875 0.0

1745361734
0.9577289034472001 0.04211511464670098 0.0

1745361735
0.9594510293200249 0.03727386150966937 0.0

1745361736
0.9521561221277935 0.04737173434057287 0.0

1745361737
0.9565420560747664 0.04299065420560748 0.0

1745361738
0.9473272897780557 0.05126602063144733 0.0

1745361739
0.9580604926722794 0.04162768942937325 0.0

1745361740
0.96140625 0.03828125 0.0

1745361741
0.9594425305355465 0.040557469464453495 0.0

1745361742
0.9553125 0.044375 0.0

1745361743
0.9549507273580479 0.04473643047082747 0.0

1745361744
0.9655010927255698 0.033406181704651886 0.0

1745361745
0.9540532178217822 0.04470915841584158 0.0

1745361746
0.9504340962904498 0.04877663772691397 0.0

1745361747
0.9629859067678489 0.03685922254917144 0.0

1745361748
0.9539617914187285 0.04588161603507673 0.0

1745361749
0.9526357199055862 0.04547600314712825 0.0

1745361750
0.9532739490545398 0.04625722769182685 0.0

1745361751
0.9470817120622568 0.05245136186770428 0.0

1745361752
0.9438519447929736 0.055520702634880806 0.00015683814303638644

1745361753
0.9463978746679169 0.052664478824816376 0.0

1745361754
0.93921875 0.06015625 0.0

1745361755
0.941709642131583 0.057040162525394594 0.0

1745361756
0.9550491649758077 0.04448259715935695 0.0

1745361757
0.9464872476920669 0.05241746205601627 0.0

1745361758
0.9587048334115439 0.04066948224620679 0.0

1745361759
0.9478695177149992 0.050569689402216324 0.00015607928827844546

1745361760
0.9541413196069256 0.04539073467477773 0.0

1745361761
0.9564604541895066 0.042286609240407204 0.0

1745361762
0.9491816056118473 0.050506625097427905 0.0

1745361763
0.955792443956733 0.043110205361341906 0.0

1745361764
0.9601997814889964 0.03823942562821914 0.0

1745361765
0.9614784778540237 0.037897691827822835 0.0

1745361766
0.9580331976197933 0.041027247103037894 0.0

1745361767
0.9546804188154399 0.04438193467729333 0.0

1745361768
0.9603187002030933 0.03936884861740353 0.0001562255897516013

1745361769
0.9471214017521903 0.052878598247809765 0.0

1745361770
0.9514669163545568 0.048377028714107366 0.0

1745361771
0.9632410448928516 0.036758955107148446 0.0

1745361772
0.96484375 0.03515625 0.0

1745361773
0.9595249257696515 0.0403187998124707 0.0

1745361774
0.955 0.04484375 0.0

1745361775
0.9601500234411627 0.03984997655883732 0.0

1745361776
0.9572008747266479 0.042642924086223055 0.0

1745361777
0.9578388507183011 0.040443472829481575 0.0

1745361778
0.95703125 0.04203125 0.0

1745361779
0.9507250896616248 0.04896304381724622 0.0

1745361780
0.9578210116731517 0.04217898832684825 0.0

1745361781
0.9605035405192761 0.03902439024390244 0.00015735641227380016

1745361782
0.9503667863274543 0.04932105509598876 0.0

1745361783
0.9422806194274989 0.05709369623025184 0.0

1745361784
0.9570245350836069 0.04297546491639319 0.0

1745361785
0.9590561025160181 0.040787623066104076 0.0

1745361786
0.9542759051186017 0.04525593008739076 0.00015605493133583021

1745361787
0.9605818864382919 0.039418113561708115 0.0

1745361788
0.9597126795752654 0.040131168019987506 0.0

1745361789
0.95203125 0.046875 0.0

1745361790
0.9551982516390883 0.04308460817983141 0.0

1745361791
0.9598755832037325 0.03685847589424572 0.0

1745361792
0.9559748427672956 0.043867924528301884 0.0

1745361793
0.9616816630468508 0.03831833695314924 0.0

1745361794
0.9618763727643552 0.03796673988076561 0.0

1745361795
0.9625509244750862 0.03744907552491382 0.0

1745361796
0.9594826242792582 0.04036153966027739 0.0

1745361797
0.9435294117647058 0.05615686274509804 0.00015686274509803922

1745361798
0.9484857945675929 0.051358101779581646 0.0

1745361799
0.9491631471922415 0.050367589551071484 0.00031284217112466763

1745361800
0.9516078676241024 0.047611614111770215 0.00031220730565095225

1745361801
0.9344595651493821 0.06413264508055685 0.0

1745361802
0.94328125 0.05546875 0.0

1745361803
0.9638330757341577 0.0357032457496136 0.0

1745361804
0.9611742424242424 0.03787878787878788 0.0

1745361805
0.9570245350836069 0.04297546491639319 0.0

1745361806
0.9632273079906905 0.0352211016291699 0.0

1745361807
0.964594807238395 0.034775767112509834 0.00015735641227380016

1745361808
0.966906025600999 0.032781767093349984 0.0

1745361809
0.9602690442671672 0.039418113561708115 0.0

1745361810
0.963125 0.036875 0.0

1745361811
0.9642023346303502 0.0357976653696498 0.0

1745361812
0.9623883403855195 0.03729822911769315 0.0

1745361813
0.9616768340372283 0.03832316596277178 0.0

1745361814
0.9609436025620997 0.03890017184814873 0.0

1745361815
0.9623378652914518 0.03766213470854821 0.0

1745361816
0.9640681143571317 0.0356194344633651 0.0001562255897516013

1745361817
0.9620253164556962 0.037818409126426006 0.0

1745361818
0.9635036496350365 0.0364963503649635 0.0

1745361819
0.9592092877314089 0.04063382491371195 0.0

1745361820
0.9622434591884693 0.03759987466708444 0.0

1745361821
0.9606495940037476 0.03935040599625234 0.0

1745361822
0.951875 0.04796875 0.0

1745361823
0.9538629965592743 0.045042227087894904 0.0

1745361824
0.9589447393068998 0.04105526069310022 0.0

1745361825
0.9624106865486176 0.03758931345138242 0.0

1745361826
0.9633301857097891 0.03635505193578848 0.0

1745361827
0.9627964656642382 0.0372035343357619 0.0

1745361828
0.96109375 0.03859375 0.0

1745361829
0.9613814756671899 0.03799058084772371 0.00015698587127158556

1745361830
0.9600626468285043 0.039310884886452624 0.0

1745361831
0.9604344453064391 0.03941039565554694 0.0

1745361832
0.95734375 0.04265625 0.0

1745361833
0.9619197482297404 0.03792289535798584 0.0

1745361834
0.9711404189294026 0.027928626842513578 0.0

1745361835
0.9624882775867458 0.037355423569865584 0.0

1745361836
0.9591002044989775 0.04011326097215668 0.0

1745361837
0.9489939167056621 0.0500701918577445 0.0

1745361838
0.9560525492649359 0.043634657491398186 0.00015639662183296842

1745361839
0.9536993586735492 0.04598779915532614 0.0

1745361840
0.9585484123259815 0.04145158767401846 0.0

1745361841
0.958125 0.04171875 0.0

1745361842
0.96390625 0.0359375 0.00015625

1745361843
0.9610955493308434 0.03828197945845005 0.0

1745361844
0.9621842146555782 0.0373450494272713 0.0

1745361845
0.9564606741573034 0.04307116104868914 0.00015605493133583021

1745361846
0.9599874960925289 0.04001250390747108 0.0

1745361847
0.9565217391304348 0.043478260869565216 0.0

1745361848
0.9595833981035287 0.03808487486398259 0.000155448468832582

1745361849
0.9626608095387512 0.037339190461248825 0.0

1745361850
0.9513530423901142 0.04802127326763648 0.0

1745361851
0.9531954594930804 0.04664904369460426 0.0

1745361852
0.9499057788944724 0.04993718592964824 0.0

1745361853
0.9546804188154399 0.04235036724488201 0.0

1745361854
0.9555762659210935 0.04224914569742156 0.00015532774153463808

1745361855
0.9558731155778895 0.04396984924623116 0.0

1745361856
0.9585678549093183 0.04049405878674171 0.0

1745361857
0.9476798505138586 0.05232014948614139 0.0

1745361858
0.9561128526645768 0.04357366771159875 0.0

1745361859
0.96109375 0.03875 0.00015625

1745361860
0.9604422987073664 0.03815605045943 0.0

1745361861
0.9568492075945395 0.040169464930174176 0.0

1745361862
0.9647150663544106 0.03325526932084309 0.0

1745361863
0.9638910505836575 0.03595330739299611 0.0

1745361864
0.959448880538594 0.04008141537498043 0.0

1745361865
0.9654038822792737 0.034439574201628055 0.00015654351909830932

1745361866
0.9621875 0.0378125 0.0

1745361867
0.9656196280668855 0.03359899984372558 0.0

1745361868
0.95984375 0.03984375 0.0

1745361869
0.9565149382136712 0.0434850617863288 0.0

1745361870
0.96125 0.03859375 0.00015625

1745361871
0.9651508048132521 0.034692920768870136 0.0

1745361872
0.9640681143571317 0.0357756600531167 0.0

1745361873
0.9687451164244413 0.03125488357555868 0.0

1745361874
0.9639456844076791 0.0360543155923209 0.0

1745361875
0.9627717816361645 0.03707179727827311 0.00015642108556233381

1745361876
0.96234375 0.0375 0.0

1745361877
0.95890625 0.03578125 0.0

1745361878
0.9538918412003751 0.045951859956236324 0.0

1745361879
0.9608269858541894 0.0388621172081455 0.000155448468832582

1745361880
0.9676456730014136 0.03141196795979268 0.0

1745361881
0.9618690420378184 0.0379746835443038 0.0

1745361882
0.9639175257731959 0.035770071852546076 0.00015620118712902218

1745361883
0.9674961119751166 0.03250388802488336 0.0

1745361884
0.961363279409455 0.038636720590544994 0.0

1745361885
0.9621934072801125 0.037494141540384315 0.0001562255897516013

1745361886
0.9680037459029187 0.03184017480880287 0.00015607928827844546

1745361887
0.9721788058768365 0.02782119412316349 0.0

1745361888
0.9588676884579294 0.0386299655927432 0.0

1745361889
0.9562909772088667 0.04355291913830784 0.0

1745361890
0.9697768133911965 0.029293242405455673 0.0

1745361891
0.968524898214845 0.03069213905418102 0.00015659254619480113

1745361892
0.9655226453533929 0.03432063939821345 0.0

1745361893
0.969156098324722 0.03021762956004384 0.0

1745361894
0.9621520175164217 0.03769158586174538 0.0

1745361895
0.967459324155194 0.03254067584480601 0.0

1745361896
0.9628125 0.036875 0.00015625

1745361897
0.9614122793313544 0.03843149507889392 0.0

1745361898
0.96671354899203 0.033286451007969994 0.0

1745361899
0.9705197827773467 0.02948021722265322 0.0

1745361900
0.9664830841856805 0.03335955940204564 0.0

1745361901
0.9589383294301327 0.0399687743950039 0.0

1745361902
0.963408913213448 0.0364347146207975 0.0

1745361903
0.9570714954729941 0.04261629722135498 0.00015610365282547612

1745361904
0.96828125 0.0315625 0.0

1745361905
0.96671354899203 0.033286451007969994 0.0

1745361906
0.9576496327551179 0.04235036724488201 0.0

1745361907
0.9552122347066168 0.04463171036204744 0.0

1745361908
0.9591229444009397 0.04040720438527799 0.0

1745361909
0.95765625 0.04203125 0.00015625

1745361910
0.9566099578585922 0.0429218042765725 0.0

1745361911
0.9488342982318886 0.05085276169613519 0.0

1745361912
0.9591995035681042 0.04033509152963078 0.00031026993484331366

1745361913
0.9610852713178295 0.038914728682170545 0.0

1745361915
0.9637738226492361 0.03614742479130572 0.0

1745361916
0.96721823290665 0.032781767093349984 0.0

1745361917
0.9707392996108949 0.02894941634241245 0.0

1745361918
0.9627271315421649 0.03711756483926076 0.0

1745361919
0.9566174159069475 0.04243948443885571 0.00015718327569946557

1745361920
0.9639159083777847 0.035770316912456857 0.0

1745361921
0.96859375 0.03140625 0.0

1745361922
0.96796875 0.03203125 0.0

1745361923
0.96515625 0.0346875 0.0

1745361924
0.9442714819427148 0.05526151930261519 0.0

1745361925
0.9500546277508974 0.049633213672545654 0.00015607928827844546

1745361926
0.9530833202573357 0.04691667974266436 0.0

1745361927
0.949477623577109 0.050366443162326524 0.0

1745361928
0.9398684622611964 0.05997494519260883 0.0

1745361929
0.9395732751907803 0.059959507864818566 0.0001557389814670612

1745361930
0.9504235958581738 0.04941951678694697 0.0

1745361931
0.9514593413454034 0.048228500078039645 0.00015607928827844546

1745361932
0.9493512584023761 0.05049241832108801 0.0

1745361933
0.9521875 0.04765625 0.0

1745361934
0.9466208834087717 0.053066958014671456 0.00015607928827844546

1745361935
0.9551492420690733 0.04453820909517112 0.0

1745361936
0.9616828276509227 0.03800437910541132 0.0

1745361937
0.9451457067165342 0.0546984572230014 0.0

1745361938
0.9460431654676259 0.053487644666875195 0.0

1745361939
0.94765625 0.05203125 0.0

1745361940
0.9513073430405511 0.04806638484421481 0.0

1745361941
0.9498364231188658 0.04985200186945007 0.00015578750584203146

1745361942
0.9475996234703483 0.05224348917477251 0.0

1745361943
0.9444357976653697 0.05385214007782101 0.0014007782101167316

1745361944
0.9500469777638585 0.049639837143751954 0.0

1745361945
0.9541327489041954 0.045710707576706325 0.0

1745361946
0.9495263239633484 0.05016306879950303 0.00015530361857431278

1745361947
0.9533487297921478 0.04634334103156274 0.0

1745361949
0.9508649972351687 0.048503041314479814 0.0

1745361950
0.9446436924996102 0.05520037423982536 0.0

1745361951
0.944124513618677 0.05540856031128405 0.0

1745361952
0.9380294948227172 0.061342955757765924 0.00015688735487919673

1745361953
0.9517584811702459 0.0480859010270775 0.0

1745361954
0.9590073818124706 0.04099261818752945 0.0

1745361955
0.9581642210427724 0.0418357789572276 0.0

1745361956
0.9577881619937695 0.04205607476635514 0.0

1745361957
0.9551653864242045 0.04483461357579558 0.0

1745361958
0.9546875 0.045 0.0

1745361959
0.9599624648107601 0.039881138567406944 0.0

1745361960
0.9619783616692427 0.03802163833075734 0.0

1745361961
0.9594806007509387 0.040519399249061325 0.0

1745361962
0.9567618747041187 0.04323812529588133 0.0

1745361963
0.9608057464084947 0.03888194878201124 0.0001561524047470331

1745361964
0.964665415884928 0.03533458411507192 0.0

1745361965
0.96234375 0.0375 0.0

1745361966
0.955625 0.044375 0.0

1745361967
0.96046875 0.039375 0.0

1745361968
0.96484375 0.035 0.0

1745361969
0.9670449246074926 0.03233328151717706 0.0

1745361970
0.9602638605308622 0.03942201978953982 0.0

1745361971
0.9567255116388065 0.04280581159193876 0.0001562255897516013

1745361972
0.9571808095014847 0.042819190498515396 0.0

1745361973
0.9522104607721046 0.04747820672478207 0.00015566625155666251

1745361974
0.9590524003765296 0.040476937558832755 0.0

1745361975
0.9590688954850805 0.04077487892516794 0.0

1745361976
0.9523288527664895 0.047045951859956234 0.0

1745361977
0.9545241443975622 0.045163306766682294 0.0001562744178777934

1745361978
0.9576481538938877 0.04111076636673906 0.0

1745361979
0.9630154233553667 0.036827195467422094 0.0

1745361980
0.9581707507413766 0.040580614952395816 0.0

1745361981
0.9615204129516659 0.03754106053496011 0.0

1745361982
0.9647150663544106 0.034816549570647934 0.0

1745361983
0.965625 0.03421875 0.0

1745361984
0.9650382394256282 0.034805681286093335 0.00015607928827844546

1745361985
0.960275258054426 0.039568345323741004 0.0

1745361986
0.9615264310290897 0.03847356897091023 0.0

1745361987
0.9667447306791569 0.03325526932084309 0.0

1745361988
0.958462492250465 0.04091754494730316 0.0

1745361989
0.95859375 0.04125 0.00015625

1745361990
0.9574835268277376 0.042516473172262315 0.0

1745361991
0.9522613065326633 0.04758165829145729 0.0

1745361992
0.9513370646766169 0.048507462686567165 0.0

1745361993
0.9516711125058842 0.04770123960458183 0.0

1745361994
0.943069306930693 0.05631188118811881 0.0

1745361996
0.9432479169941833 0.0564376670334853 7.860399308284861e-05

1745361997
0.9500390320062451 0.0498048399687744 0.0

1745361998
0.95765625 0.0421875 0.0

1745361999
0.9534883720930233 0.045887310753862966 0.0

1745362000
0.9593686513517737 0.039693702140959526 0.0

1745362001
0.9150500625782227 0.032384230287859826 0.00015644555694618273

1745362002
0.8073193619017829 0.02877697841726619 0.0

1745362003
0.7326144710110954 0.02531645569620253 0.0

1745362004
0.67981220657277 0.02378716744913928 0.0

1745362005
0.6322378716744914 0.02331768388106416 0.00015649452269170578

1745362006
0.5439775035150758 0.019684424308701765 0.0

1745362007
0.4986679203886538 0.017708823068484564 0.0

1745362008
0.45759800093706077 0.027018585038263314 0.00015617679212868969

1745362009
0.636662492172824 0.0871947401377583 0.0

1745362010
0.6292415949960907 0.04534792806880375 0.0

1745362011
0.5804031879981247 0.02750429754649164 0.0001562744178777934

1745362012
0.543035993740219 0.023161189358372455 0.0

1745362013
0.801244167962675 0.04136858475894246 0.0

1745362014
0.7549960660896932 0.03005507474429583 0.00015735641227380016

1745362015
0.6999843578914438 0.027373689973408416 0.0020334741123103394

1745362016
0.6246283836645282 0.02550461586606165 0.0

1745362017
0.5500625782227785 0.023936170212765957 0.0

1745362018
0.526669795088378 0.03409979665258877 0.00015642108556233381

1745362019
0.5053025577043044 0.03056768558951965 0.0

1745362020
0.629908890983349 0.07571473452717561 0.00015708451146716933

1745362021
0.842852684144819 0.14887640449438203 0.0

1745362022
0.7618002195389681 0.08044535047828133 0.0

1745362023
0.3197002809865751 0.011707773961910709 0.00015610365282547612

1745362024
0.28784080225634595 0.011281729865246004 0.00015669069257286117

1745362025
0.246571072319202 0.010754364089775561 0.0

1745362026
0.2418648310387985 0.010794743429286609 0.0

1745362027
0.25156838143036386 0.02305520702634881 0.0

1745362028
0.6307477937761263 0.12525158693296176 0.00015482272797646694

1745362029
0.876804047016813 0.12319595298318703 0.0

1745362031
0.896008236971329 0.103991763028671 0.0

1745362033
0.884959961944026 0.06826290335368271 0.0

1745362034
0.34076633165829145 0.014447236180904523 0.0

1745362035
0.24988279418659165 0.006407251132989529 0.0

1745362036
0.19871895016403687 0.009373535385096079 0.0

1745362037
0.1780907668231612 0.006729264475743349 0.0

1745362038
0.18551540747692788 0.012513686844986703 0.0

1745362039
0.1799597336224253 0.007124051417066749 0.0

1745362040
0.44600346839035154 0.0558095538388775 0.00015765410688948448

1745362041
0.7318795105114527 0.09428930028239724 0.0

1745362042
0.22425378965463352 0.029223316143147368 0.0012501953430223472

1745362043
0.924214130096483 0.07469654528478058 0.0003112356053532524

1745362044
0.8973443081223792 0.10265569187762075 0.0

1745362045
0.8917562724014337 0.1082437275985663 0.0

1745362047
0.9221979090688063 0.07780209093119378 0.0

1745362049
0.926889029402466 0.07311097059753399 0.0

1745362050
0.9175884094095653 0.08241159059043465 0.0

1745362051
0.9255770136599152 0.07442298634008479 0.0

1745362052
0.9445918526611519 0.055408147338848135 0.0

1745362053
0.9456759288167343 0.05432407118326569 0.0

1745362054
0.9525157232704402 0.047012578616352205 0.0

1745362055
0.9067373674360574 0.034934497816593885 0.0

1745362056
0.6188537425618541 0.03773880363294707 0.0

1745362057
0.499603363477709 0.06631762652705062 0.0

1745362058
0.4967812843460512 0.06201915528340399 0.0001570105197048202

1745362059
0.5721689963876236 0.04224909690592116 0.0

1745362060
0.3101931836029527 0.03251138683838543 0.001099418878592744

1745362061
0.17347737591983717 0.010803193987787695 0.0

1745362062
0.2149907464528069 0.03531770512029611 0.0004626773596545342

1745362063
0.8886910062333037 0.10240427426536064 0.0005936479667557139

1745362065
0.9214245336348219 0.07784866349026892 0.0

1745362066
0.9389033144951886 0.061096685504811364 0.0

1745362067
0.8851938895417156 0.054524089306698005 0.0

1745362069
0.3911217183770883 0.031217183770883054 0.0

1745362070
0.17978940751217978 0.02435957881502436 0.0

1745362071
0.2006553284443751 0.026993290684974254 0.00015603058199407084

1745362072
0.1797274275979557 0.052526973310618966 0.00014196479273140261

1745362074
0.305168986083499 0.039512922465208745 0.0

1745362075
0.3867107542119351 0.07636592662572823 0.0001574555188159345

1745362076
0.5308695652173913 0.08159420289855072 0.00014492753623188405

1745362078
0.8429812454331412 0.09742632134448323 0.0

1745362079
0.8913070057464237 0.10869299425357623 0.0

1745362083
0.896040698960407 0.10395930103959301 0.0

1745362084
0.902831502398267 0.09716849760173295 0.0

1745362085
0.8902151719805246 0.10790010994188785 0.0

1745362086
0.829990743597655 0.15674174637457575 0.0

1745362088
0.6910112359550562 0.20256369678746636 7.912644405760406e-05

1745362089
0.5138971906754334 0.20322773460848775 0.0

1745362091
0.3891983531121337 0.05941713086300154 0.0001614595947364172

1745362092
0.2752896962104604 0.04619480112746633 0.00015659254619480113

1745362093
0.2652578457656521 0.05850812174735846 0.0009462229932187353

1745362094
0.41247077162899454 0.20265003897116135 0.0

1745362095
0.8331939799331104 0.15370680044593088 0.0

1745362097
0.8579184764450384 0.10541262946876044 8.35282325425994e-05

1745362098
0.8333841463414634 0.12972560975609757 0.0

1745362100
0.8848470439055318 0.09637026470122048 0.0

1745362101
0.8997205836696678 0.0780813411983856 0.0

1745362102
0.8847589192416778 0.09120764293178087 0.0002985520226899537

1745362103
0.8599910058461999 0.10133413281367111 0.00029980512666766604

1745362105
0.8769899885114065 0.08993927457738388 0.0004923682914820286

1745362106
0.8546132339235788 0.13000931966449208 0.0

1745362107
0.8686140779822417 0.10333290438810964 0.0

1745362109
0.9114202694373514 0.07140970326670776 0.0

1745362110
0.8888016334223339 0.06580807287576566 0.0

1745362111
0.7699391290775714 0.06289995317621351 0.0

1745362112
0.6067011116330046 0.03882887114451229 0.0

1745362113
0.4102242433746276 0.03920338717265172 0.00031362709738121374

1745362114
0.31993720565149136 0.041915227629513344 0.0

1745362115
0.1712092731829574 0.019893483709273182 0.0

1745362116
0.16775905118601747 0.012952559300873908 0.0

1745362117
0.294679186228482 0.06510172143974961 0.00015649452269170578

1745362118
0.8326612903225806 0.16609801488833748 0.0

1745362119
0.8450894871409235 0.15491051285907656 0.0

1745362121
0.8854587192274203 0.11454128077257975 0.0

1745362122
0.9033170885080962 0.09668291149190379 0.0

1745362123
0.920656634746922 0.07934336525307797 0.0

1745362124
0.9286350148367952 0.06839762611275964 0.0

1745362126
0.7254548434682839 0.06416980822815932 0.000983445336830028

1745362127
0.9053375196232339 0.08398744113029827 0.0

1745362128
0.35547491322183655 0.053486904386241714 0.0001577784790154623

1745362129
0.6297661233167966 0.23090007087172218 0.00042523033309709425

1745362131
0.8531768982896802 0.14682310171031976 0.0

1745362133
0.8776927880112395 0.12230721198876053 0.0

1745362134
0.9015748031496063 0.0984251968503937 0.0

1745362135
0.8782363094304095 0.12176369056959047 0.0

1745362136
0.8746487667811427 0.12535123321885733 0.0

1745362137
0.88796875 0.11203125 0.0

1745362138
0.8964235949837436 0.10342158228827993 0.0

1745362139
0.8968401486988847 0.10300495662949194 0.0

1745362141
0.9015757199410075 0.09834665838702165 0.0

1745362142
0.913071641404327 0.08679880813576889 0.0

1745362144
0.9165418538858379 0.0834581461141621 0.0

1745362146
0.8975521305530372 0.09972801450589303 8.241984669908514e-05

1745362148
0.9074775201135826 0.09149708155860546 0.0

1745362149
0.9064245810055865 0.09342023587833644 0.0

1745362150
0.921571696931747 0.07827175954915466 0.0

1745362151
0.8944574551131929 0.10554254488680719 0.0

1745362152
0.9239968528717545 0.07600314712824548 0.0

1745362153
0.9120470733973366 0.08779807990089811 0.0

1745362154
0.8798498122653317 0.12015018773466833 0.0

1745362155
0.903018926951353 0.09682465196308462 0.0

1745362156
0.9105526069310022 0.08741804558226662 0.0

1745362157
0.9272102467978757 0.07169634489222118 0.0

1745362158
0.9353841397433915 0.06461586025660844 0.0

1745362159
0.9080731630400505 0.09192683695994955 0.0

1745362160
0.9031651519899718 0.09667815731745534 0.0

1745362161
0.9079399812441388 0.0920600187558612 0.0

1745362162
0.919775245824879 0.07803964413922272 0.0

1745362163
0.9383974062065771 0.061448201327775204 0.0

1745362164
0.919974695555907 0.08002530444409299 0.0

1745362165
0.9263982790411801 0.07314074984634296 0.0

1745362166
0.9171297031274805 0.08271154151452612 0.0

1745362167
0.9030795685477567 0.09645146162263561 0.0

1745362168
0.9319135706513291 0.06777553241100576 0.0

1745362169
0.9374312215060525 0.061939946549284704 0.0

1745362170
0.8974279033515199 0.10210444271239283 0.0001558846453624318

1745362171
0.900422733677783 0.09926413026459997 0.0

1745362172
0.9112222569552986 0.08815254767114723 0.0

1745362173
0.8889763779527559 0.11039370078740157 0.0

1745362174
0.9103159851301115 0.08952912019826519 0.0

1745362175
0.9047395588925388 0.09479117785077429 0.0

1745362176
0.9127306850172037 0.08711291836096341 0.0

1745362177
0.9047693755883276 0.09507373705679323 0.0

1745362178
0.8907392996108949 0.10910505836575876 0.0

1745362179
0.91015625 0.08984375 0.0

1745362180
0.9266312831720263 0.07336871682797377 0.0

1745362181
0.9046351393673661 0.09458189790165988 0.0

1745362182
0.9098972922502334 0.08994708994708994 0.0

1745362183
0.9207641716254307 0.07923582837456937 0.0

1745362184
0.9151534126487163 0.08469004383218534 0.0

1745362185
0.9048434823236257 0.09500077869490733 0.0

1745362186
0.8975403415321949 0.10214632617891274 0.0

1745362187
0.924375 0.07515625 0.0

1745362188
0.9189019607843137 0.08094117647058824 0.0

1745362189
0.9093871217998448 0.09061287820015516 0.0

1745362190
0.9207996337555319 0.07889516252098276 0.0

1745362192
0.9194545742825432 0.08054542571745679 0.0

1745362193
0.9065959769218774 0.09340402307812257 0.0

1745362194
0.9149002011449792 0.08432616431997525 0.0

1745362195
0.8950432730133753 0.1047993705743509 0.0

1745362196
0.891832229580574 0.10816777041942605 0.0

1745362197
0.9222603808929128 0.07758351545426163 0.0

1745362198
0.9047619047619048 0.09508196721311475 0.0

1745362199
0.9030001554484688 0.09684439608269858 0.0

1745362200
0.9118293065578914 0.08817069344210857 0.0

1745362201
0.9089635854341737 0.09088079676314971 0.0

1745362202
0.92328125 0.0765625 0.0

1745362203
0.920513221718041 0.079486778281959 0.0

1745362204
0.8970130678282514 0.10220908525202241 0.00015556938394523958

1745362205
0.912507797878977 0.08624454148471616 0.0

1745362206
0.91875 0.08109756097560976 0.0

1745362207
0.8877473938661429 0.09895754645716875 0.0007554011179936546

1745362209
0.8208678850334111 0.14121246276467272 0.001449158682875775

1745362210
0.8157365898902458 0.1817900757458649 0.0

1745362211
0.7959564541213063 0.20217729393468117 0.0

1745362212
0.7448598130841122 0.211993769470405 0.0

1745362213
0.7203456402199528 0.2114689709347997 0.0

1745362215
0.8506859091269526 0.12045040044405678 7.929585282689715e-05

1745362216
0.9037141073657927 0.0780274656679151 0.00015605493133583021

1745362217
0.8555450535601764 0.11704473850031506 0.0

1745362218
0.8221669516555262 0.13772734338566764 0.0

1745362219
0.7836634423460771 0.1781053278059266 0.00015353907569476432

1745362221
0.7750933799570849 0.19001827862989748 0.0

1745362222
0.8064414768263943 0.15443833464257659 0.0

1745362223
0.8498672082487111 0.12373066708326824 0.0

1745362224
0.894407997500781 0.09528272414870353 0.0

1745362225
0.9286614173228347 0.06881889763779528 0.0

1745362226
0.9256505576208178 0.06164807930607187 0.0

1745362227
0.8709433009218336 0.11541861346129562 0.00012627857052658164

1745362228
0.8463785944948485 0.13532215900353683 0.0

1745362230
0.8191785746382673 0.14783859081513437 0.0007189718702255775

1745362231
0.8534764349043397 0.11074817234406595 0.00031109037175299425

1745362232
0.852908718272111 0.10168689894371748 0.00015765410688948448

1745362233
0.8702660406885759 0.10610328638497653 0.0

1745362234
0.8977326035965598 0.07021110242376857 0.0

1745362235
0.8660839706570937 0.09505228656157327 0.0

1745362236
0.7563819728963126 0.07043807122596911 0.0001575795776867318

1745362237
0.6169512768290772 0.0581231395895347 0.0

1745362238
0.4818010668340132 0.0385942893002824 0.0

1745362239
0.2874120406567631 0.022048475371383894 0.0

1745362240
0.19671361502347418 0.01455399061032864 0.00031298904538341156

1745362241
0.16810007818608289 0.013604378420641126 0.0003127443315089914

1745362242
0.13438673341677096 0.012202753441802253 0.0

1745362243
0.12625156445556945 0.013297872340425532 0.0

1745362244
0.11948701908038786 0.009071004066312168 0.0

1745362245
0.1190625 0.013125 0.0

1745362246
0.11929330831769856 0.008755472170106316 0.00015634771732332708

1745362247
0.12312537492501499 0.028794241151769647 0.0008998200359928015

1745362248
0.11229113565562164 0.017417162276975363 0.0001416029453412631

1745362250
0.10783900092819171 0.024048603493376085 8.43810648890389e-05

1745362251
0.11483103879849813 0.015957446808510637 0.0

1745362252
0.3167441860465116 0.050852713178294574 0.0001550387596899225

1745362253
0.8624195624195624 0.13745173745173744 0.0

1745362255
0.9224324090869828 0.0775675909130172 0.0

1745362257
0.907502977371973 0.09241762604208019 0.0

1745362258
0.9282385834109972 0.07160608884746816 0.0

1745362259
0.9363196503823943 0.0635242703293273 0.0

1745362260
0.9251721978710081 0.07467125860989356 0.0

1745362261
0.9279912527335208 0.0718525460793502 0.0

1745362262
0.9111407802996588 0.08871087375760273 0.0

1745362263
0.9093931837073982 0.09032973122748685 0.0

1745362265
0.9503911959418795 0.04952282692803714 0.0

1745362266
0.8442328702981114 0.15420633681910412 0.0

1745362267
0.9436531538581938 0.05540773203944279 0.0

1745362268
0.4699906220693967 0.04892153798061894 0.00015629884338855892

1745362269
0.1896176562014299 0.017252098228162885 0.0

1745362271
0.1819217313481409 0.010495484500854283 0.0

1745362272
0.20214958775029446 0.014870435806831566 0.0

1745362273
0.4178425838820947 0.039040451552210725 0.0

1745362274
0.8974690825424216 0.06197871728501582 0.0

1745362276
0.9375407697325505 0.062133072407045006 0.0

1745362277
0.9211637728765838 0.0786798060378539 0.0

1745362278
0.9287906691221608 0.07074892572130141 0.0

1745362279
0.9498580889309366 0.050141911069063384 0.0

1745362280
0.9270198468510705 0.07298015314892951 0.0

1745362281
0.933239082626453 0.06676091737354697 0.0

1745362282
0.936123692019366 0.06387630798063408 0.0

1745362283
0.946954194868566 0.04989768613253581 0.0

1745362284
0.5893500391542679 0.03148003132341425 0.00031323414252153485

1745362285
0.29987492182614134 0.016729205753596 0.0

1745362286
0.25180081428124024 0.012840588787973693 0.0

1745362287
0.2213537595748007 0.021885258715022667 0.0

1745362288
0.45502727981293845 0.04941543257989088 0.0

1745362289
0.5892103205629398 0.05003909304143862 0.0003127443315089914

1745362290
0.37916471140309715 0.04113874550289379 0.00015642108556233381

1745362291
0.6725511638806436 0.05030463990001562 0.0003124511795032026

1745362292
0.9295202375371152 0.058915455539928115 0.0001562744178777934

1745362293
0.9354485776805251 0.06439512347608628 0.0

1745362294
0.9419607843137255 0.05756862745098039 0.00015686274509803922

1745362295
0.94765625 0.0515625 0.0

1745362296
0.9466484268125855 0.05304757561939504 0.0

1745362298
0.8640336935791482 0.05538779402415766 0.0

1745362299
0.37660708686108496 0.03794292881781123 0.00015678896205707118

1745362300
0.34826724945363724 0.0758663752731814 0.0

1745362301
0.5092708988057826 0.08595223130106851 0.00015713387806411063

1745362302
0.48653527907326616 0.042575598014141715 0.0

1745362304
0.37640006310143553 0.03849187569017195 0.0003155071777882947

1745362305
0.4585503166783955 0.05024630541871921 0.0

1745362307
0.8638190954773869 0.05393634840871022 8.375209380234506e-05

1745362308
0.9461876372764355 0.053655475368685285 0.0

1745362309
0.9418368938094496 0.05785123966942149 0.0

1745362310
0.9429634221946683 0.05672659640421575 0.0

1745362311
0.9472773056342462 0.05272269436575386 0.0

1745362312
0.9531795946890287 0.046680642907058 0.0

1745362313
0.9416501836677027 0.05792596778751059 0.0

1745362314
0.9404307316328089 0.05941652665342905 0.0

1745362315
0.9459018823180673 0.053653475618793536 0.0

1745362317
0.9201008520257347 0.059728742827334376 0.0

1745362318
0.590726429675425 0.0446676970633694 0.0

1745362320
0.3051495016611296 0.03164451827242525 0.0004152823920265781

1745362321
0.22727272727272727 0.07232114964073727 0.00046860356138706655

1745362322
0.5452855245683931 0.11646746347941567 0.0

1745362324
0.5648020654044751 0.04750430292598967 0.00025817555938037863

1745362325
0.39539617914187286 0.03742561854055747 0.0

1745362326
0.26359504779815074 0.02648487697853001 0.0001567152483936687

1745362327
0.4689342403628118 0.11519274376417234 0.0001511715797430083

1745362329
0.8909667194928684 0.10419968304278922 0.0003169572107765452

1745362330
0.9399221789883269 0.06007782101167315 0.0

1745362331
0.9463949843260188 0.05360501567398119 0.0

1745362332
0.9524107701941139 0.047589229805886035 0.0

1745362333
0.9563175199624236 0.04368248003757633 0.0

1745362334
0.9511028844670677 0.048897115532932287 0.0

1745362336
0.9543776992540244 0.04562230074597566 0.0

1745362337
0.9562977992820353 0.043702200717964726 0.0

1745362338
0.96328125 0.03671875 0.0

1745362339
0.9586712414223332 0.04132875857766687 0.0

1745362340
0.9365029715358149 0.06334063184235221 0.0

1745362341
0.9601183985044399 0.039881601495560054 0.0

1745362342
0.9675528873642081 0.03244711263579188 0.0

1745362343
0.9507160909856782 0.03411962931760741 0.00014040999719180006

1745362345
0.5342922294334327 0.026311173478337134 8.770391159445712e-05

1745362346
0.3348423353106463 0.008897908211052139 0.0

1745362347
0.18203198494825965 0.010818438381937912 0.00015678896205707118

1745362348
0.11225766103814884 0.006253908692933083 0.00015634771732332708

1745362349
0.2548069407534782 0.03126465530717524 0.0001563232765358762

1745362350
0.2366162010301233 0.008740440143592945 0.0

1745362351
0.16149749373433583 0.005169172932330827 0.0

1745362352
0.1487099296325254 0.005942142298670836 0.0001563721657544957

1745362353
0.333229280474481 0.023724051818323707 0.00015607928827844546

1745362354
0.9459039328462615 0.047722679931602674 0.0

1745362355
0.9540320050203953 0.045967994979604646 0.0

1745362356
0.9467143079074103 0.052664284604629484 0.0

1745362357
0.9565966781573174 0.0427765590723911 0.0

1745362358
0.9454320605966919 0.053176688823620345 0.0

1745362359
0.9476505834121728 0.05045726900031536 0.0

1745362360
0.9267769607843137 0.07276348039215687 0.0

1745362361
0.8217682831748012 0.1782317168251988 0.0

1745362362
0.8996865203761756 0.10031347962382445 0.0

1745362364
0.8988462146356884 0.10115378536431167 0.0

1745362365
0.8975594590393284 0.10244054096067154 0.0

1745362366
0.9342311305981835 0.06576886940181648 0.0

1745362367
0.9519275792102389 0.0480724207897612 0.0

1745362368
0.9581983649544964 0.041801635045503625 0.0

1745362370
0.956031833582854 0.04396816641714601 0.0

1745362371
0.9588785046728971 0.041121495327102804 0.0

1745362372
0.9672056823333837 0.03279431766661629 0.0

1745362374
0.9532006028396922 0.04679939716030777 0.0

1745362375
0.948135380758383 0.051864619241617047 0.0

1745362376
0.9520967488613161 0.047746191298884876 0.0

1745362377
0.9595054095826894 0.04049459041731066 0.0

1745362378
0.9680933852140078 0.031906614785992216 0.0

1745362380
0.9713365792366891 0.02811371132401445 7.852991989948171e-05

1745362381
0.9476971116315379 0.05136612021857923 0.0

1745362382
0.9304989017885158 0.06840288672732978 0.0007844367743959837

1745362383
0.9298823529411765 0.06886274509803922 0.00015686274509803922

1745362384
0.9300546448087431 0.06994535519125683 0.0

1745362385
0.9328555849820844 0.06605390247702134 0.0

1745362386
0.9409547738693468 0.059045226130653265 0.0

1745362387
0.9179761156505343 0.08186675047140163 0.0

1745362388
0.9312676942434728 0.06700220195029884 0.00015728216420257942

1745362389
0.9225526641883519 0.07713754646840149 0.0003097893432465923

1745362390
0.9363679319577887 0.06300204756654591 0.00047251535674909436

1745362391
0.9279647687952186 0.06999056307014785 0.00015728216420257942

1745362392
0.910755859071861 0.08722644730715505 0.0007760360080707744

1745362393
0.9133029684309723 0.08528349301083712 0.001099418878592744

1745362394
0.9486941740071086 0.049142327306444133 0.00015453562046051616

1745362395
0.9275686024250159 0.07227185705169113 0.0001595405232929164

1745362396
0.9466543324082639 0.05149552883132902 0.0

1745362398
0.9511142498430634 0.048885750156936594 0.0

1745362399
0.9408246773685868 0.056499842618822786 0.0

1745362400
0.9361536059943802 0.06306587574149235 0.0006244146113019045

1745362401
0.9333020197275717 0.06466259589791765 0.0009394081728511038

1745362402
0.9534302234724176 0.04547585560243788 0.0001562744178777934

1745362403
0.9653125 0.0346875 0.0

1745362404
0.9337654125829908 0.06481188744862472 0.0

1745362405
0.9386733416770964 0.06023153942428035 0.00015644555694618273

1745362406
0.9429776597406655 0.05561630995157007 0.0003124511795032026

1745362407
0.9438711694809255 0.05519074421513446 0.0

1745362408
0.9517305602979979 0.04780381809715971 0.0003104144032283098

1745362409
0.9601997814889964 0.03855158420477603 0.00015607928827844546

1745362411
0.9446848689904792 0.054921709025100324 0.00031473758753639155

1745362412
0.9338087118276236 0.06541621454038134 0.0004650441791970237

1745362413
0.95062893081761 0.047327044025157236 0.0

1745362414
0.9311854863934939 0.06631216765717861 0.0

1745362415
0.9267461669505963 0.07185999690258633 0.0006194827319188478

1745362417
0.9333333333333333 0.06454652532391049 0.0007852375343541421

1745362418
0.952752222048963 0.043349446436924996 0.0

1745362419
0.9459290514142835 0.053289576496327554 0.0

1745362420
0.959843137254902 0.04 0.00015686274509803922

1745362421
0.942512749188688 0.056096430227167364 0.0

1745362422
0.9521561221277935 0.04784387787220649 0.0

1745362423
0.9446182728410513 0.05475594493116395 0.0

1745362424
0.9522024367385192 0.04764136207435177 0.00015620118712902218

1745362425
0.9546587722031785 0.04534122779682144 0.0

1745362426
0.9439486456865508 0.056051354313449195 0.0

1745362427
0.94573037222396 0.0539568345323741 0.00015639662183296842

1745362428
0.9378707461754605 0.061817046518888544 0.0

1745362429
0.9471475205969221 0.05254158246541272 0.000155448468832582

1745362430
0.9533532275797079 0.04664677242029213 0.0

1745362431
0.9618690420378184 0.03813095796218159 0.0

1745362432
0.9575700641928918 0.042273367778299674 0.0

1745362433
0.9525152797367183 0.04748472026328162 0.0

1745362434
0.9341261148490064 0.040525739320920046 0.00015647003598810827

1745362435
0.9185555729248085 0.022666875097702047 0.0001563232765358762

1745362436
0.8995940037476577 0.029981261711430358 0.0001561524047470331

1745362437
0.8725597376229892 0.0287365297516789 0.00031235358425737937

1745362438
0.8241930429332498 0.03525540582889376 0.00015669069257286117

1745362439
0.7945525291828793 0.03284046692607004 0.0

1745362440
0.7555765001570846 0.027332704995287466 0.00031416902293433867

1745362441
0.7768582136164897 0.06386633354153654 0.00046845721424109934

1745362442
0.9256999843578915 0.053339590176755824 0.00015642108556233381

1745362443
0.8625978090766823 0.057433489827856024 0.00015649452269170578

1745362444
0.7138384470882906 0.043206011271133375 0.0006261740763932373

1745362445
0.6170346015343667 0.041647095663065604 0.0014091122592766556

1745362446
0.5821199311100673 0.04352591200876781 0.001095976201659621

1745362447
0.5645843118835134 0.034444966337873806 0.002035384374510725

1745362448
0.5452410770194114 0.05729492798998122 0.0017219787100814026

1745362449
0.5198872533667397 0.04306295020357031 0.0017225180081428123

1745362450
0.4415218412400188 0.0335055581650227 0.0014091122592766556

1745362451
0.3933656704741042 0.025817555938037865 0.0014082303238929744

1745362452
0.3654328732747804 0.026819322459222084 0.001097867001254705

1745362453
0.7946428571428571 0.1667179802955665 0.0006157635467980296

1745362455
0.8610478359908884 0.07862697352918074 0.00015709685020815333

1745362456
0.8598567424478356 0.08424166926191218 0.0

1745362457
0.8146111547525531 0.09756480754124117 0.00031421838177533385

1745362458
0.7791082401134394 0.09327241216322672 0.00015755475027572083

1745362459
0.8165680473372781 0.10121457489878542 0.00015571473061351605

1745362460
0.8370208787784357 0.08616391399189778 0.0001558117793705204

1745362461
0.7847822669391605 0.08426348058481371 0.00015720798616569723

1745362462
0.7990625 0.12921875 0.00015625

1745362463
0.841294538665007 0.09491208962190757 0.00015559358954411078

1745362464
0.8327827591631273 0.07708038382885009 0.00015730690577316344

1745362465
0.8332811521603005 0.10754539762053851 0.00015654351909830932

1745362466
0.8492572322126661 0.07756059421422987 0.0001563721657544957

1745362467
0.8618913857677902 0.06320224719101124 0.00046816479400749064

1745362468
0.8338792700046794 0.09748869131180783 0.0

1745362469
0.8532685373883053 0.11098918325756388 0.0004702931493964571

1745362470
0.8830764440292698 0.08158181535108205 0.0

1745362471
0.8747263059117923 0.08992805755395683 0.00015639662183296842

1745362472
0.848180677540778 0.10461104140526976 0.00015683814303638644

1745362473
0.844524631314716 0.08220897395669909 0.00015688735487919673

1745362474
0.7683041301627034 0.06336045056320401 0.00031289111389236547

1745362475
0.5666614444618518 0.041986526711577626 0.0

1745362476
0.4158973556563918 0.025817555938037865 0.00031294007197621654

1745362477
0.35676268002504696 0.028960551033187225 0.000469630557294928

1745362478
0.7563257169145836 0.08434289219444871 0.00046005213924244745

1745362480
0.9204705882352942 0.07945098039215687 0.0

1745362481
0.9326368314361453 0.06720723530329019 0.0

1745362482
0.9405566913036641 0.05928605126592232 0.0

1745362483
0.9344442697689043 0.06539852224493005 0.0

1745362484
0.9332295719844358 0.0667704280155642 0.0

1745362485
0.9455869751499572 0.05412739217366467 0.0

1745362487
0.9433621043978627 0.04677353062063296 8.220304151253596e-05

1745362488
0.4648174267356214 0.03244005641748942 0.0

1745362489
0.22828472875509564 0.02085293195359047 0.0

1745362490
0.1644221735045412 0.018477920450986535 0.0

1745362491
0.16994582264043342 0.022954091816367265 0.0

1745362493
0.1692079452732218 0.016071870106321603 0.00024725954009725544

1745362494
0.19712140175219023 0.009543178973717146 0.0

1745362495
0.3313581786995166 0.02619678777483237 0.0

1745362496
0.6753246753246753 0.07884972170686456 0.00015460729746444033

1745362497
0.9231373781829614 0.07639107198994027 0.0

1745362498
0.8407352743861533 0.05152287669394875 0.0001341741580571582

1745362499
0.48786877776512133 0.11436382275885636 0.00045563275999544367

1745362501
0.28485989589101784 0.0655665079189279 0.0

1745362502
0.29157175398633256 0.08580106302201974 0.00045558086560364467

1745362503
0.8155929038281979 0.17149081854964207 0.0006224712107065049

1745362504
0.9169597797828414 0.08288729163480654 0.0

1745362506
0.9059856092353918 0.09401439076460821 0.0

1745362507
0.935348185075557 0.06371708988939087 0.0

1745362508
0.8491128905636678 0.11917098445595854 0.0

1745362509
0.8297247138880297 0.1424373646767708 0.0

1745362510
0.8997473950110515 0.08446479317966529 0.00015787811809283233

1745362511
0.86685419596812 0.10751679949992186 0.001562744178777934

1745362512
0.8739469578783151 0.10530421216848673 0.0

1745362513
0.8354788069073783 0.10062794348508634 0.0

1745362514
0.8746110765401369 0.10796515245799626 0.0

1745362515
0.7447513812154696 0.17332280978689818 0.0

1745362516
0.8745525291828794 0.11252918287937744 0.0

1745362517
0.7550575785869903 0.13990040460628697 0.0

1745362518
0.886011998736975 0.0884117461319861 0.00015787811809283233

1745362519
0.8700406123086536 0.1098094345517026 0.00031240237425804435

1745362520
0.8455628723737849 0.12041392285983067 0.00031357792411414236

1745362521
0.8877138413685848 0.10077760497667185 0.0

1745362522
0.8634506599622879 0.10873664362036455 0.0

1745362523
0.846887707225524 0.13450109477635283 0.0

1745362524
0.8887389413705203 0.103463787674314 0.0

1745362525
0.8241296518607443 0.16482593037214885 0.00012004801920768308

1745362527
0.897345971563981 0.09004739336492891 0.0

1745362528
0.82635563108296 0.1021164838560173 0.0004634636181059787

1745362529
0.9180586196028995 0.0658682634730539 0.0

1745362530
0.8428677014042868 0.12594235033259424 0.0

1745362532
0.8695161290322581 0.09483870967741935 8.064516129032258e-05

1745362533
0.863686102860716 0.11005158668125684 0.0

1745362534
0.8291737715082933 0.11486591226166486 0.0

1745362535
0.8208412397216951 0.14104996837444655 0.0

1745362536
0.8338274533056627 0.13178179662021938 0.0

1745362538
0.8325555197940135 0.14169616993884776 0.000160926939169617

1745362539
0.8095759662024722 0.10061023314035362 0.0

1745362540
0.7968864737846967 0.12850638860331914 0.0

1745362541
0.8227490826982783 0.13322043465989275 0.00014112334180073385

1745362542
0.8645057839880884 0.09941587447027832 0.0

1745362544
0.8500053151908153 0.1217178696715212 0.0

1745362545
0.849778434268833 0.10827178729689808 0.00014771048744460856

1745362547
0.7641478838981677 0.10758877898491974 0.00016215339711366953

1745362548
0.461562548927509 0.10349146704242994 0.0

1745362549
0.6830941983780412 0.1327199001871491 0.0

1745362550
0.7187695190505934 0.07667083073079325 0.0001561524047470331

1745362551
0.8690405244338498 0.11591179976162097 0.0

1745362553
0.9009845513487553 0.08524773873369086 0.0

1745362554
0.8074984247006931 0.15170132325141777 0.0

1745362555
0.8090695856137607 0.1596559812353401 0.0

1745362556
0.8209818636647905 0.16541588492808004 0.00031269543464665416

1745362557
0.8699748743718593 0.09516331658291458 0.0

1745362558
0.8868778280542986 0.0984552972382587 0.0

1745362559
0.7727130325814536 0.14833959899749374 0.0

1745362560
0.8461100839140947 0.13938273360830608 0.0

1745362562
0.8364070475876831 0.12069817223777375 0.0002469948954388276

1745362563
0.8360707023306742 0.0869701235726576 0.0

1745362564
0.7220657276995305 0.08779342723004695 0.0

1745362565
0.3744958113558796 0.06453614644740925 0.00015513496742165683

1745362566
0.2542390843577787 0.034230606189063165 0.0

1745362567
0.532807570977918 0.18659305993690853 0.0017350157728706626

1745362569
0.9039786162228848 0.09293718515472396 0.00020561324149275214

1745362570
0.838150289017341 0.1324793001093579 0.0003124511795032026

1745362571
0.7853658536585366 0.17136113296616837 0.0

1745362572
0.7648720765970806 0.08711348296970649 0.0

1745362573
0.40168670935498985 0.06137747930657504 0.00031235358425737937

1745362574
0.450374531835206 0.0965980024968789 0.0

1745362575
0.7050382155669942 0.17516768054905632 0.0

1745362576
0.8460449756250983 0.0934109136656707 0.00015725743041358704

1745362577
0.8454204438887152 0.1058143169740544 0.00015629884338855892

1745362578
0.7192048833933323 0.08264204100798248 0.0

1745362579
0.5241172761664565 0.06541614123581337 0.0

1745362580
0.2719374456993918 0.025629887054735012 0.0

1745362582
0.40229885057471265 0.11045895491970327 0.0005706366674818619

1745362583
0.7782459425717853 0.21114232209737827 0.0

1745362584
0.6876547029702971 0.312345297029703 0.0

1745362585
0.7971930906847625 0.2028069093152375 0.0

1745362587
0.7798910898903006 0.22002998974035198 0.0

1745362588
0.8628001247271594 0.13719987527284067 0.0

1745362589
0.9161854221944747 0.0838145778055252 0.0

1745362590
0.9179742115892496 0.08202578841075035 0.0

1745362591
0.9362706530291109 0.06372934697088907 0.0

1745362592
0.9341512657244914 0.06584873427550862 0.0

1745362593
0.9178577037851421 0.08214229621485786 0.0

1745362594
0.9107331025139245 0.08926689748607557 0.0

1745362596
0.9123883928571429 0.08761160714285714 0.0

1745362597
0.9096136832792686 0.09023886759068121 0.0

1745362599
0.8508616524400064 0.1490578192945724 0.0

1745362600
0.8586990351696234 0.1413009648303766 0.0

1745362601
0.9158439116125999 0.08415608838740009 0.0

1745362602
0.89453125 0.10546875 0.0

1745362603
0.8986391365556077 0.10136086344439231 0.0

1745362604
0.9166406493911957 0.08320324695597876 0.0

1745362605
0.875136740115643 0.12486325988435693 0.0

1745362606
0.851100358982363 0.14874356172935851 0.0

1745362607
0.8045042227087895 0.1954957772912105 0.0

1745362608
0.8003731343283582 0.19962686567164178 0.0

1745362609
0.8246955978769903 0.17530440212300968 0.0

1745362610
0.8331758034026465 0.1668241965973535 0.0

1745362611
0.8585685326680181 0.14143146733198192 0.0

1745362612
0.8670628714419768 0.13278073193619017 0.0

1745362613
0.8890103028410865 0.11083359350608804 0.0

1745362614
0.9145940872829658 0.08540591271703425 0.0

1745362615
0.92453125 0.0753125 0.00015625

1745362616
0.9338327091136079 0.066167290886392 0.0

1745362617
0.939375 0.060625 0.0

1745362618
0.9591993841416474 0.04080061585835258 0.0

1745362620
0.9534774436090225 0.046522556390977444 0.0

1745362621
0.9456725906660887 0.05374945817078457 0.00028897558156335787

1745362623
0.9321810699588478 0.06773662551440329 0.0

1745362624
0.9184430027803522 0.08155699721964782 0.0

1745362626
0.9244896350595098 0.07551036494049027 0.0

1745362627
0.9134796238244514 0.08652037617554859 0.0

1745362628
0.8934336310923053 0.10625293841090738 0.0001567152483936687

1745362629
0.8636150601468521 0.13638493985314795 0.0

1745362630
0.9217676452217364 0.07651467832604622 0.0

1745362631
0.8984375 0.1015625 0.0

1745362632
0.8905246671887236 0.10947533281127643 0.0

1745362633
0.9073527125757811 0.09249183895538629 0.000155448468832582

1745362634
0.8875952875952876 0.11143451143451144 0.0

1745362636
0.7743976425723695 0.22386895475819032 8.667013347200555e-05

1745362637
0.2126471476003622 0.7873528523996378 0.0

1745362638
0.24389480275516592 0.756105197244834 0.0

1745362640
0.27673008224640694 0.7226053003240009 0.0

1745362641
0.3308927062799211 0.6691072937200788 0.0

1745362643
0.7023761252128781 0.29697510339794014 0.0

1745362644
0.8926660371419578 0.10733396285804218 0.0

1745362645
0.9295994993742178 0.07008760951188986 0.0

1745362646
0.93609375 0.06390625 0.0

1745362647
0.9322590738423029 0.06570713391739674 0.00046933667083854817

1745362648
0.9276615820097499 0.07186664569900927 0.0

1745362649
0.9210199004975125 0.07742537313432836 0.0001554726368159204

1745362650
0.9419768532999687 0.0569283703472005 0.0

1745362651
0.9250918383644785 0.07426928605654048 0.0

1745362652
0.9375588327580797 0.06197050517728271 0.00031377470975839345

1745362653
0.9171237050578915 0.08211456429006703 0.0006093845216331506

1745362655
0.9446768210875227 0.05429721411096204 0.00031568147738931417

1745362656
0.9263589432128758 0.0716671727907683 0.0003036744609778318

1745362658
0.9042434837889384 0.09512078830260648 0.00023839796567069293

1745362659
0.8944739306899782 0.10427724008741805 0.00031220730565095225

1745362660
0.8925101848950172 0.10670636164211846 0.00015669069257286117

1745362661
0.9028732042473454 0.09618988132417239 0.0001561524047470331

1745362662
0.9063763608087092 0.09362363919129083 0.0

1745362663
0.877038895859473 0.12139272271016312 0.00015683814303638644

1745362664
0.8715268926841703 0.12809074687738975 0.0

1745362666
0.8508802816901408 0.14894366197183098 0.00017605633802816902

1745362667
0.831336548934184 0.16772988952855142 0.00046678076863233234

1745362668
0.8812254516889239 0.11830322073841319 0.0004713275726630008

1745362669
0.8896702609782778 0.10626660415689952 0.0003125488357555868

1745362670
0.89375 0.10625 0.0

1745362671
0.8968154854823603 0.10302841086481423 0.00015610365282547612

1745362672
0.8979846898922044 0.10154663333854086 0.0

1745362673
0.8521644006876075 0.14767932489451477 0.0

1745362674
0.8859690286250587 0.11403097137494134 0.0

1745362675
0.9087795765877957 0.09090909090909091 0.0

1745362676
0.8935677926885701 0.10550670985654789 0.0

1745362678
0.8985164141414141 0.10132575757575757 7.891414141414142e-05

1745362679
0.913430544896393 0.08656945510360706 0.0

1745362681
0.9037469660194175 0.09587378640776699 0.0

1745362683
0.9392459777475386 0.06059393260225726 8.004482510205715e-05

1745362685
0.9533280507131537 0.04667194928684627 0.0

1745362686
0.9369341242585076 0.06306587574149235 0.0

1745362687
0.950180405217874 0.049819594782126005 0.0

1745362688
0.9476190476190476 0.05225225225225225 0.0

1745362690
0.9510818438381938 0.04891815616180621 0.0

1745362691
0.9413769597818678 0.05862304021813224 0.0

1745362693
0.9385794995964487 0.06142050040355125 0.0

1745362695
0.9505855928124498 0.049414407187550136 0.0

1745362697
0.9631570589169446 0.03589010639987295 0.0

1745362698
0.9570749655066687 0.042925034493331286 0.0

1745362699
0.960579128440367 0.03942087155963303 0.0

1745362701
0.9417515949954429 0.0571712652249565 0.0004142845306156268

1745362702
0.9295071740486588 0.06971303805364941 0.0

1745362703
0.9215594905250077 0.07766387076731904 0.0006213109661385523

1745362704
0.9332288401253919 0.06536050156739812 0.00015673981191222572

1745362705
0.9295575776592406 0.06918732350172577 0.0006275494195167869

1745362706
0.9275498978469275 0.07245010215307245 0.0

1745362707
0.9126003705991352 0.08616429894996912 0.00015441630636195183

1745362708
0.9204705882352942 0.07905882352941176 0.00015686274509803922

1745362709
0.9118063197610439 0.08756484829429335 0.00015720798616569723

1745362710
0.937923760735272 0.06192556878107579 0.00015067048365225252

1745362711
0.9053940749021799 0.09432643935159307 0.00013974287311347122

1745362713
0.9023706347183278 0.09754439629535219 0.0

1745362714
0.9106110329739022 0.08892014377246445 0.0

1745362715
0.9154236506227895 0.08457634937721052 0.0

1745362717
0.9028419322007359 0.09653174665309637 7.829014327096219e-05

1745362718
0.8841521394611728 0.11568938193343899 0.0

1745362719
0.8928181959806823 0.10702601651347562 0.0

1745362720
0.8927851047323506 0.10721489526764934 0.0

1745362721
0.8934697088906373 0.10653029110936271 0.0

1745362722
0.9022077114427861 0.09763681592039801 0.0001554726368159204

1745362723
0.8985552763819096 0.10128768844221106 0.0

1745362724
0.8965463353649008 0.10329739021722144 0.0

1745362725
0.9273551007655054 0.07264489923449462 0.0

1745362726
0.9202127659574468 0.0797872340425532 0.0

1745362727
0.9039212623027651 0.0957662865177316 0.0001562255897516013

1745362728
0.9261629722135498 0.0738370277864502 0.0

1745362729
0.9127058092575334 0.08729419074246661 0.0

1745362730
0.90558615263572 0.0944138473642801 0.0

1745362731
0.9203373945641987 0.0795064042486723 0.00015620118712902218

1745362732
0.9312929419113054 0.06870705808869457 0.0

1745362733
0.9430906847624922 0.05690931523750771 0.0

1745362734
0.9506614785992218 0.04933852140077821 0.0

1745362736
0.9353744180541308 0.06446776611694154 7.890791446382072e-05

1745362737
0.9339857098477788 0.06601429015222118 0.0

1745362738
0.9421630094043887 0.05783699059561129 0.0

1745362739
0.9435496481626271 0.056450351837372945 0.0

1745362740
0.9402123009678427 0.059631595379331874 0.0

1745362741
0.9396646293684375 0.06002194013477511 0.0001567152483936687

1745362742
0.9516078676241024 0.04823602872307212 0.00015610365282547612

1745362743
0.9428125 0.0571875 0.0

1745362744
0.9255269320843091 0.07244340359094457 0.000468384074941452

1745362745
0.935539253941002 0.0632121117527704 0.0010925550179491181

1745362746
0.9676208352885969 0.032222743625840766 0.0

1745362747
0.9639006094702297 0.035943116111892486 0.0

1745362748
0.9637556631776285 0.0360881112326199 0.0

1745362749
0.9587950678944904 0.0412049321055096 0.0

1745362750
0.9508837791334271 0.04895979978101048 0.00015642108556233381

1745362751
0.9361635710941159 0.06368034961760574 0.0

1745362752
0.9340212632895559 0.06597873671044403 0.0

1745362753
0.9349695169610756 0.0650304830389245 0.0

1745362754
0.9317897371714643 0.06711514392991239 0.0

1745362755
0.9001092555017949 0.0995785859216482 0.0

1745362756
0.9097861713750586 0.08974559076010613 0.00015607928827844546

1745362757
0.931615925058548 0.0672911787665886 0.000156128024980484

1745362758
0.940660717081572 0.059339282918428056 0.0

1745362759
0.9327389332081965 0.0671046457062412 0.00015642108556233381

1745362760
0.9090057749336663 0.09052598720149836 0.0

1745362761
0.9325632219793943 0.06743677802060569 0.0

1745362762
0.9346159862349445 0.06538401376505552 0.0

1745362763
0.88055729492799 0.1191296180338134 0.00015654351909830932

1745362764
0.8857899657214086 0.11343097538173887 0.0006232471174820816

1745362765
0.903957453464727 0.09432191459408729 0.0006256843422493353

1745362766
0.8626959247648903 0.1365203761755486 0.0004702194357366771

1745362767
0.8883728131289673 0.11023378231924447 0.0006192909119058678

1745362768
0.8749606794589494 0.12425290972003775 0.0004718464926077383

1745362769
0.883803909401179 0.11604095563139932 0.00015513496742165683

1745362770
0.9019941258308858 0.09800587416911424 0.0

1745362771
0.8972462627852085 0.1021243115656963 0.0

1745362772
0.9056872037914692 0.09415481832543444 0.0001579778830963665

1745362773
0.9204563213002032 0.07954367869979684 0.0

1745362774
0.9069045771916214 0.09278510473235066 0.0001551590380139643

1745362775
0.9031857031857032 0.09681429681429682 0.0

1745362777
0.9204876130554464 0.07935509241053873 7.864726700747149e-05

1745362778
0.928727386150967 0.07127261384903306 0.0

1745362779
0.9405801621958827 0.05941983780411728 0.0

1745362780
0.9129345443156905 0.08690886313811462 0.0

1745362781
0.9329363835788154 0.06675023503603886 0.0

1745362782
0.9276356830941984 0.07220835932626325 0.0

1745362783
0.93125 0.06875 0.0

1745362784
0.92328125 0.07640625 0.00015625

1745362785
0.93015625 0.06984375 0.0

1745362786
0.9365625 0.0634375 0.0

1745362787
0.9277352895270797 0.07195255189636335 0.0

1745362788
0.8818836045056321 0.11811639549436796 0.0

1745362789
0.8972313467855467 0.10245581104332864 0.00015642108556233381

1745362790
0.9156401060346172 0.08420396070481834 0.0

1745362791
0.9226441631504922 0.07719956243162994 0.0001562744178777934

1745362792
0.9402658326817827 0.05973416731821736 0.0

1745362793
0.9292049167574296 0.07048389606348218 0.00015559358954411078

1745362794
0.9296371917700644 0.07036280822993561 0.0

1745362795
0.9335620711166562 0.06628197130380536 0.0

1745362796
0.9371776840131271 0.06282231598687295 0.0

1745362797
0.9320494754971035 0.06795052450289651 0.0

1745362798
0.9375096674400619 0.06140757927300851 0.0

1745362799
0.9463383838383839 0.05366161616161616 0.0

1745362800
0.9235688660115426 0.07643113398845734 0.0

1745362801
0.929007036747459 0.07083659108678655 0.0001563721657544957

1745362802
0.9359775140537164 0.06402248594628357 0.0

1745362803
0.9375977478886456 0.062402252111354396 0.0

1745362804
0.9430310597783674 0.05696894022163259 0.0

1745362805
0.9292724723477177 0.07057174014644026 0.0

1745362806
0.9420153580943426 0.05782792665726375 0.0001567152483936687

1745362807
0.9266614542611415 0.07318217357310398 0.0

1745362808
0.9269592476489028 0.07272727272727272 0.0

1745362809
0.9328451230913057 0.0671548769086943 0.0

1745362810
0.9250860181420081 0.0747575852361589 0.0

1745362811
0.9203831658291457 0.07945979899497488 0.000157035175879397

1745362812
0.9281613653995345 0.07168347556245151 0.0

1745362813
0.9275 0.0725 0.0

1745362814
0.9326457258946711 0.06735427410532896 0.0

1745362815
0.9290503664431623 0.0707937002962732 0.0001559332605644784

1745362816
0.9186520376175549 0.08025078369905957 0.0

1745362817
0.9262730396751016 0.07372696032489846 0.0

1745362818
0.9410480349344978 0.05895196506550218 0.0

1745362819
0.9347826086956522 0.06506099468251486 0.00015639662183296842

1745362820
0.9443663072355055 0.05547741834661666 0.0

1745362821
0.9485455114169534 0.05129809196121364 0.0

1745362822
0.94953125 0.05046875 0.0

1745362823
0.914517893420847 0.0851695577433974 0.0

1745362824
0.904799002804612 0.09504518541601745 0.0

1745362825
0.8972270092433026 0.10245965846780511 0.00031333228889237035

1745362826
0.9074855446163463 0.0925144553836537 0.0

1745362827
0.907158487027196 0.092841512972804 0.0

1745362828
0.8793938447117637 0.11982502733947821 0.0

1745362829
0.9013664206062509 0.09800534003455316 0.0

1745362830
0.9115498212342609 0.08829473029690657 0.000155448468832582

1745362831
0.9157960392951816 0.08420396070481834 0.0

1745362832
0.9252873563218391 0.07471264367816093 0.0

1745362833
0.9194335169158143 0.08025177025963807 0.00015735641227380016

1745362834
0.9131998748827025 0.08680012511729747 0.0

1745362835
0.9034375 0.09578125 0.00015625

1745362836
0.8838588822978458 0.11614111770215423 0.0

1745362837
0.8921875 0.10640625 0.0

1745362838
0.90265625 0.09734375 0.0

1745362839
0.9173179118474524 0.08268208815254767 0.0

1745362840
0.9268330978175537 0.0730098916627414 0.0001570105197048202

1745362841
0.9335511982570807 0.06613756613756613 0.0001556178026766262

1745362842
0.9460975229786571 0.0529677519862907 0.0

1745362843
0.9571003601064663 0.04274307186472522 0.0

1745362844
0.9450961989676209 0.054903801032379164 0.0

1745362845
0.9424303718686791 0.057258440952232766 0.00015559358954411078

1745362846
0.940225917791026 0.05961719485409476 0.00015688735487919673

1745362847
0.9224164845457383 0.07758351545426163 0.0

1745362848
0.9154559505409583 0.08423493044822257 0.0

1745362850
0.9276558936856176 0.07226547141621452 7.863489816780687e-05

1745362851
0.9409203980099502 0.05907960199004975 0.0

1745362852
0.9397458026047387 0.06025419739526126 0.0

1745362853
0.9463087248322147 0.05353519587950679 0.0

1745362854
0.9186610355075864 0.0786798060378539 0.0

1745362855
0.9284486798937666 0.0713950945164818 0.0001562255897516013

1745362856
0.9135802469135802 0.08610720425066416 0.0

1745362857
0.9160926737633062 0.08390732623669381 0.0

1745362858
0.9265325222274217 0.07346747777257838 0.0

1745362859
0.9278913688153582 0.07101607616669268 0.00015607928827844546

1745362860
0.9177115987460815 0.08119122257053292 0.00015673981191222572

1745362861
0.9266240847484032 0.07322012774575479 0.0

1745362862
0.9150736446255092 0.08476966468191789 0.00015669069257286117

1745362863
0.9236641221374046 0.07633587786259542 0.0

1745362864
0.935251798561151 0.06474820143884892 0.0

1745362865
0.9328754292850453 0.06712457071495473 0.0

1745362866
0.9451476793248945 0.05485232067510549 0.0

1745362867
0.937059652418976 0.06278377955221544 0.0001565680288085173

1745362868
0.9529881702258411 0.04701182977415886 0.0

1745362870
0.941375778110472 0.058545425892364666 7.87959971633441e-05

1745362871
0.9399750545681322 0.05986903648269411 0.0

1745362872
0.9390625 0.0609375 0.0

1745362873
0.9550007705347511 0.04499922946524888 0.0

1745362875
0.9311158292050011 0.0687269009986632 0.0

1745362876
0.9308777429467084 0.06912225705329153 0.0

1745362877
0.9235229587838897 0.07600689547092933 0.0001567152483936687

1745362878
0.9067349472377405 0.09326505276225946 0.0

1745362879
0.9126487163431434 0.08735128365685661 0.0

1745362880
0.9208385481852316 0.07916145181476845 0.0

1745362881
0.911346964257843 0.08865303574215702 0.0

1745362882
0.9106136505948653 0.08891671884783969 0.00015654351909830932

1745362883
0.9266563944530046 0.07334360554699537 0.0

1745362885
0.9024678703776708 0.09627059843885516 0.0

1745362886
0.9061091248251205 0.09373542670604694 0.0

1745362887
0.9136746799875117 0.0863253200124883 0.0

1745362888
0.89359375 0.1059375 0.0

1745362889
0.9102283390678761 0.08867688457929308 0.00031279324366593683

1745362890
0.93359375 0.06640625 0.0

1745362891
0.9360049704877291 0.06383970177073625 0.0

1745362892
0.9399465492847037 0.06005345071529634 0.0

1745362893
0.9365178154660028 0.06317099735490898 0.00015559358954411078

1745362894
0.9380294948227172 0.06197050517728271 0.0

1745362895
0.9406157212064385 0.05938427879356149 0.0

1745362896
0.9350608804246019 0.06493911957539807 0.0

1745362897
0.9393086188018145 0.06069138119818551 0.0

1745362898
0.9344950988019294 0.06534930760852653 0.00015559358954411078

1745362899
0.9468652037617555 0.05313479623824451 0.0

1745362900
0.94046875 0.05953125 0.0

1745362901
0.949851120514026 0.050148879485973984 0.0

1745362902
0.9368502715283166 0.06299456943366952 0.0001551590380139643

1745362903
0.9234629861982434 0.07622333751568382 0.0

1745362904
0.912539184952978 0.0871473354231975 0.0

1745362905
0.8957878315132606 0.10358814352574103 0.0006240249609984399

1745362906
0.8915360501567398 0.10752351097178683 0.0009404388714733542

1745362907
0.8928571428571429 0.10386774797255147 0.0007797878976918279

1745362908
0.9259317012318727 0.07391236550756276 0.0001559332605644784

1745362909
0.91703125 0.08296875 0.0

1745362910
0.9388195407612884 0.06102635228848821 0.0

1745362912
0.9309747064849105 0.06886770152076274 0.0001575919943266882

1745362913
0.9437694704049844 0.05623052959501558 0.0

1745362914
0.9334484382357557 0.06655156176424423 0.0

1745362915
0.9130706691682301 0.08677298311444653 0.0

1745362916
0.9080155642023346 0.09198443579766537 0.0

1745362917
0.9193272076000623 0.08051705341847064 0.0001557389814670612

1745362918
0.8904023798340379 0.10959762016596211 0.0

1745362919
0.9112120263075477 0.08878797369245224 0.0

1745362920
0.914156391446855 0.08521929140003122 0.00015607928827844546

1745362921
0.9248320050007813 0.07516799499921863 0.0

1745362922
0.9308028741018431 0.06919712589815682 0.0

1745362923
0.9289617486338798 0.07088212334113973 0.000156128024980484

1745362924
0.9332186424773224 0.06662496090084455 0.0

1745362925
0.9375766871165644 0.06242331288343558 0.0

1745362927
0.924041646947468 0.07580059946363779 0.0

1745362928
0.9054307116104869 0.09441323345817727 0.0

1745362929
0.913879337292904 0.08424507658643327 0.00015629884338855892

1745362930
0.92609375 0.07390625 0.0

1745362931
0.9367088607594937 0.06297859040475075 0.0003125488357555868

1745362932
0.9535026943802926 0.04649730561970747 0.0

1745362934
0.9514884233737596 0.04843282406678217 0.0

1745362935
0.9498907274430222 0.050109272556977835 0.0

1745362936
0.9576165154832655 0.04222708789490147 0.00015639662183296842

1745362937
0.9623790196690603 0.037620980330939746 0.0

1745362938
0.95078125 0.04921875 0.0

1745362939
0.923438233912635 0.07656176608736497 0.0

1745362940
0.9164197723374395 0.08326836114143146 0.0003118665211289568

1745362941
0.9131114236599469 0.08657602750429755 0.0001562744178777934

1745362942
0.8885066458170445 0.11118060985144644 0.0

1745362943
0.8988552610945586 0.10114473890544143 0.0

1745362944
0.9068825910931174 0.09280597944565556 0.00015571473061351605

1745362945
0.9188261005307524 0.08117389946924758 0.0

1745362946
0.9311526479750779 0.06869158878504673 0.00015576323987538941

1745362947
0.9437195409526804 0.05612325106115391 0.0

1745362948
0.9437080929362233 0.0562919070637767 0.0

1745362949
0.9404334944643693 0.05941057227506627 0.0001559332605644784

1745362950
0.9235895846249225 0.07641041537507749 0.0

1745362951
0.9027470792548152 0.09709504262709188 0.0

1745362952
0.8926624084748404 0.10671444150179156 0.00015578750584203146

1745362953
0.8903852176636392 0.1096147823363608 0.0

1745362954
0.8962662084049368 0.10342134041556007 0.0001562255897516013

1745362955
0.89796875 0.10203125 0.0

1745362956
0.896195396899953 0.10380460310004697 0.0

1745362957
0.9041673169970345 0.09520836584985172 0.0003121585765568909

1745362958
0.9028384279475983 0.09716157205240175 0.0

1745362959
0.8886801315171442 0.11100673242523877 0.0

1745362960
0.8938495160786762 0.10583827661567281 0.00015610365282547612

1745362961
0.9048426896977174 0.094694632942628 0.00015422578655151142

1745362963
0.8840031520882585 0.11576044129235619 7.880220646178094e-05

1745362964
0.8817757009345795 0.11822429906542056 0.0

1745362965
0.8672166874221668 0.13262764632627647 0.0

1745362966
0.88827953619555 0.10968348480100282 0.0004700720777185835

1745362967
0.901703391154868 0.09782778559149867 0.00046882325363338024

1745362968
0.9094038491628853 0.08903145047723361 0.0009388202159286497

1745362969
0.9066541997818295 0.09241078385538413 0.0007791803023219573

1745362970
0.9026645768025079 0.09608150470219436 0.00109717868338558

1745362971
0.9192170265651701 0.0789187509709492 0.0007767593599502874

1745362972
0.9150306266687608 0.08355583477304854 0.001099418878592744

1745362973
0.9043600562587905 0.09454602281606501 0.0009376465072667605

1745362974
0.9049246543420848 0.09398788255398477 0.0010874631039304024

1745362975
0.8713166144200627 0.12664576802507838 0.0009404388714733542

1745362976
0.8667504714016342 0.1304211187932118 0.001257071024512885

1745362977
0.8525540582889376 0.14149169539329365 0.0025070510811657787

1745362978
0.8617253192151978 0.13453752725007787 0.0023357209592027406

1745362979
0.8930079774753636 0.10574065384013764 0.00031284217112466763

1745362980
0.9125819544177334 0.08741804558226662 0.0

1745362981
0.9077571406274387 0.09161854221944749 0.00015607928827844546

1745362982
0.9073842302878599 0.09245932415519399 0.0

1745362983
0.8898080224754175 0.10987981894802559 0.0

1745362984
0.8842808325566947 0.11556383970177074 0.0

1745362985
0.8797986154814349 0.12004405286343613 0.00015733165512901197

1745362986
0.8373145979703357 0.16206088992974238 0.0

1745362987
0.8529182879377432 0.14536964980544748 0.0

1745362988
0.8817572830658981 0.11793114192241783 0.0

1745362989
0.8582912988650694 0.1413934426229508 0.00015762925598991173

1745362990
0.8779078844652615 0.121935987509758 0.0

1745362991
0.8859196749492109 0.1137677762150336 0.0

1745362992
0.9089771660932124 0.09071004066312167 0.00015639662183296842

1745362993
0.9219481735872619 0.0777396191070871 0.0

1745362994
0.93640625 0.06359375 0.0

1745362995
0.9392282455866271 0.06077175441337291 0.0

1745362996
0.942817076971019 0.05687129947023995 0.0

1745362997
0.9438959410750666 0.05594734367653973 0.0001567152483936687

1745362998
0.9414785992217899 0.058521400778210116 0.0

1745362999
0.9380392156862745 0.06196078431372549 0.0

1745363000
0.9479606188466948 0.052039381153305204 0.0

1745363001
0.94536525475752 0.05463474524248005 0.0

1745363003
0.9466750808550919 0.053324919144908105 0.0

1745363004
0.9652323043342688 0.03445587776738385 0.00015590894917368256

1745363005
0.9591804817015952 0.04081951829840475 0.0

1745363006
0.9558226662503903 0.04417733374960974 0.0

1745363007
0.96078125 0.03921875 0.0

1745363008
0.9665421724245253 0.033457827575474636 0.0

1745363009
0.9617134787384277 0.03828652126157226 0.0

1745363010
0.9658788542807951 0.03412114571920488 0.0

1745363011
0.952909887359199 0.047090112640801 0.0

1745363012
0.9578980196475908 0.04210198035240917 0.0

1745363013
0.9415716294329011 0.05827214497734729 0.0

1745363014
0.9433343740243522 0.05666562597564783 0.0

1745363015
0.9385220125786163 0.06132075471698113 0.0

1745363016
0.9351894818252127 0.06357308584686774 0.00015467904098994585

1745363017
0.9166406980367716 0.08226861950763478 0.0

1745363018
0.9307195717209888 0.06912297276019524 0.0

1745363019
0.9331454516987631 0.06669798027242838 0.0001565680288085173

1745363020
0.9322844362178004 0.06756131420638593 0.0

1745363021
0.941833045118692 0.05816695488130797 0.0

1745363022
0.9281343166483603 0.07092421151733877 0.0

1745363023
0.917601246105919 0.08224299065420561 0.0

1745363024
0.9224976466896768 0.0775023533103232 0.0

1745363025
0.9165494608532583 0.0829817158931083 0.0

1745363026
0.9007967505077331 0.09873457272301203 0.0001562255897516013

1745363027
0.9179559306141585 0.08204406938584154 0.0

1745363028
0.91078125 0.0890625 0.0

1745363029
0.90859375 0.09125 0.0

1745363030
0.9172779772124239 0.0824098642110192 0.00015607928827844546

1745363031
0.9457267623206488 0.05333749220212102 0.0

1745363032
0.926269454488288 0.073730545511712 0.0

1745363033
0.9081377151799687 0.09170579029733959 0.0

1745363034
0.9263955466213082 0.07174887892376682 0.0

1745363035
0.9201508959446715 0.07953473750392959 0.00015718327569946557

1745363036
0.9448523668176847 0.05514763318231526 0.0

1745363037
0.9456165025785279 0.05422722300359431 0.0

1745363038
0.9439164978968687 0.0559277145972893 0.0

1745363039
0.9294392523364486 0.07040498442367601 0.0

1745363040
0.936645181575224 0.062411570507781795 0.0

1745363041
0.9475409836065574 0.05245901639344262 0.0

1745363042
0.9522990303409447 0.04738817641538943 0.0

1745363043
0.9185683025945608 0.0578305720537668 0.0

1745363044
0.9151239410103545 0.04424223407593348 0.00015688735487919673

1745363045
0.9216848673946958 0.042901716068642744 0.00015600624024960998

1745363046
0.8924040720438527 0.07032106499608458 0.00031323414252153485

1745363047
0.9122203098106713 0.04506337036457518 0.00015647003598810827

1745363048
0.935813953488372 0.038604651162790694 0.000310077519379845

1745363049
0.8954495355062195 0.07337427176822547 0.0001574555188159345

1745363050
0.926605504587156 0.05178043850101073 0.00015549681231534753

1745363051
0.9303482587064676 0.059546019900497515 0.0001554726368159204

1745363052
0.9253118585188694 0.05542396968261488 0.00015790304752881732

1745363053
0.9263075722092116 0.061514441842310696 0.00078064012490242

1745363054
0.9231845747162183 0.06375369304929249 0.00031099362463069506

1745363055
0.894132452414661 0.07770961145194274 0.00047192071731949034

1745363056
0.8921309948781624 0.08613999689585597 0.0

1745363057
0.8543673985152425 0.11546359184962882 0.0

1745363058
0.8665422305179654 0.0866386685332089 0.0

1745363059
0.87328125 0.10515625 0.0

1745363060
0.8833883388338833 0.09476661951909476 0.00015715857300015716

1745363061
0.897104607721046 0.08328144458281445 0.00015566625155666251

1745363062
0.858035295955021 0.1121349367483992 0.0

1745363063
0.7087937743190661 0.04933852140077821 0.0

1745363065
0.3465994168177161 0.0275829458586177 0.0

1745363066
0.25566494764807 0.016877637130801686 0.0001562744178777934

1745363067
0.42727981293842554 0.12034294621979735 0.0006235385814497272

1745363068
0.7218397997496871 0.06805381727158949 0.0

1745363069
0.6190180236171535 0.05018645121193288 0.00015537600994406463

1745363070
0.38549075391180654 0.03050418839892524 0.000316105579263474

1745363071
0.17867750508050648 0.010473659527903705 0.0

1745363072
0.14925606891151136 0.012216131558339859 0.0

1745363073
0.32713928794503433 0.03513429106808245 0.0007807620237351655

1745363074
0.30628231239229203 0.015666614444618518 0.00015666614444618518

1745363075
0.2722300359431161 0.022190967338646665 0.0006250976715111736

1745363076
0.36482898641261907 0.024363579572075588 0.00046853037638606906

1745363077
0.7759477936606588 0.05422622747047856 0.0004661280298321939

1745363078
0.9556589147286821 0.04434108527131783 0.0

1745363079
0.9561306611961496 0.043711535426858135 0.00015780337699226762

1745363080
0.9268444860396194 0.07299953205428171 0.0

1745363081
0.9252790544977019 0.07458962573867367 0.0

1745363083
0.9195788385763194 0.08035656611330018 0.0

1745363086
0.9354982489652977 0.06450175103470232 0.0

1745363087
0.9652972300031124 0.03470276999688764 0.0

1745363088
0.9655223004694836 0.03433098591549296 0.0

1745363090
0.7726027397260274 0.2273972602739726 0.0

1745363091
0.8578743211792087 0.1421256788207913 0.0

1745363092
0.8785501333751765 0.12144986662482347 0.0

1745363093
0.8600682593856656 0.13993174061433447 0.0

1745363094
0.8834752444023968 0.11652475559760328 0.0

1745363095
0.8749221183800623 0.1250778816199377 0.0

1745363096
0.8791998749804657 0.1208001250195343 0.0

1745363097
0.8994849383486812 0.10051506165131888 0.0

1745363098
0.8879512423816222 0.11204875761837788 0.0

1745363099
0.8878431372549019 0.11215686274509803 0.0

1745363100
0.8959537572254336 0.10404624277456648 0.0

1745363101
0.91171875 0.08828125 0.0

1745363102
0.9320100031259768 0.06798999687402313 0.0

1745363103
0.9275636363636364 0.07229090909090909 0.0

1745363104
0.9215926076912624 0.07827150428047289 0.0

1745363105
0.9085748431431132 0.0912757693456827 0.00014938751120406333

1745363106
0.8961213752600025 0.10375627064725315 0.0

1745363108
0.9330357142857143 0.06696428571428571 0.0

1745363109
0.9044488789764057 0.09543373635403217 0.00011738466956215518

1745363110
0.9046882252823766 0.0953117747176234 0.0

1745363112
0.917527563156524 0.082472436843476 0.0

1745363113
0.8814776138885263 0.1185223861114737 0.0

1745363114
0.8843638158706651 0.11514253980007405 0.0

1745363115
0.8808186696617996 0.1190565331336578 0.00012479720454261825

1745363117
0.881580341065565 0.11810189598559474 0.0

1745363118
0.882545624707534 0.11714241148026829 0.0

1745363119
0.8781302170283807 0.12117417918753479 0.0

1745363121
0.8799899991665973 0.11967663971997666 0.0

1745363122
0.8729426242116597 0.12690355329949238 0.0

1745363124
0.8969754253308129 0.10286704473850032 7.876496534341525e-05

1745363125
0.8813532896788275 0.11864671032117244 0.0

1745363126
0.8568526332239412 0.14299109235818097 0.0

1745363127
0.8429880416213698 0.15685665476005592 0.0

1745363128
0.8614589855979963 0.13838447088290545 0.00015654351909830932

1745363129
0.8736991485335857 0.1261431725007884 0.0

1745363130
0.8818715256331069 0.11812847436689314 0.0

1745363131
0.9070023603461841 0.0929976396538159 0.0

1745363132
0.9176233322991002 0.08237666770089978 0.0

1745363133
0.9170182841068917 0.0829817158931083 0.0

1745363134
0.9271875 0.0728125 0.0

1745363135
0.9391126494650723 0.06088735053492763 0.0

1745363136
0.935875486381323 0.06412451361867705 0.0

1745363137
0.9385316774092124 0.06146832259078761 0.0

1745363138
0.9245311554748942 0.07546884452510587 0.0

1745363140
0.9383196884190446 0.06168031158095541 0.0

1745363141
0.9434897042885896 0.05651029571141043 0.0

1745363142
0.9297034363721952 0.0702965636278048 0.0

1745363143
0.9316185696361355 0.0682245922208281 0.0

1745363144
0.9309534992954439 0.06904650070455613 0.0

1745363145
0.9313418830153268 0.06850172036284016 0.00015639662183296842

1745363146
0.9308841843088418 0.06896014943960149 0.0

1745363147
0.9219725343320849 0.07787141073657927 0.0

1745363148
0.8923269260822003 0.10767307391779965 0.0

1745363149
0.8965625 0.103125 0.0

1745363150
0.90234375 0.09734375 0.0

1745363151
0.8934041888090029 0.10643951234760862 0.0

1745363152
0.8741390106449592 0.1257044458359424 0.0

1745363153
0.8690587138863001 0.13078595837216528 0.0

1745363154
0.887996733805117 0.11186717474142624 0.0

1745363156
0.8575647624673023 0.14243523753269766 0.0

1745363157
0.7908578584846587 0.20914214151534127 0.0

1745363158
0.8907523510971787 0.10924764890282132 0.0

1745363159
0.8765412829717496 0.12345871702825036 0.0

1745363160
0.888062015503876 0.11193798449612404 0.0

1745363161
0.896834147109781 0.10316585289021893 0.0

1745363162
0.8845319280843149 0.11546807191568506 0.0

1745363163
0.9001417546070247 0.09985824539297528 0.0

1745363164
0.9183450429352069 0.08165495706479313 0.0

1745363165
0.9136306532663316 0.08636934673366835 0.0

1745363166
0.92515625 0.07484375 0.0

1745363167
0.9246501614639397 0.07519606335537445 0.0

1745363168
0.9333964646464646 0.06660353535353536 0.0

1745363169
0.9294670846394985 0.07053291536050156 0.0

1745363170
0.9388073680924134 0.061192631907586635 0.0

1745363171
0.9234502191609267 0.07623669380087664 0.0

1745363172
0.9058038485412787 0.09404096834264432 0.00015518311607697082

1745363173
0.9117462311557789 0.0882537688442211 0.0

1745363174
0.9212750185322461 0.07842846553002224 0.0

1745363176
0.8935144257815639 0.10632484127621956 8.036647110825364e-05

1745363177
0.9037593984962407 0.0962406015037594 0.0

1745363178
0.9130571743581667 0.08694282564183337 0.0

1745363179
0.9111663301754931 0.08883366982450691 0.0

1745363181
0.9104979285546784 0.08950207144532166 0.0

1745363183
0.9126852071943586 0.08723555978131685 0.0

1745363184
0.9013664206062509 0.09863357939374902 0.0

1745363185
0.8739644970414201 0.12603550295857988 0.0

1745363187
0.8532226176354291 0.1465401344404903 0.0

1745363188
0.8501026694045175 0.14975066001760046 0.0

1745363190
0.8577676364327819 0.1422323635672181 0.0

1745363191
0.8920630977518321 0.10793690224816793 0.0

1745363192
0.8946875 0.10515625 0.0

1745363193
0.8265561463872381 0.17344385361276196 0.0

1745363194
0.838125 0.161875 0.0

1745363195
0.89921875 0.10078125 0.0

1745363196
0.8983601485148515 0.10163985148514851 0.0

1745363197
0.919435736677116 0.08056426332288401 0.0

1745363198
0.9135126681263684 0.08648733187363153 0.0

1745363199
0.9251520349290504 0.07484796507094964 0.0

1745363200
0.915938864628821 0.08406113537117904 0.0

1745363201
0.9084375 0.0915625 0.0

1745363202
0.9107818411097099 0.08921815889029004 0.0

1745363203
0.9099210648506423 0.09007893514935768 0.0

1745363204
0.895032802249297 0.1049671977507029 0.0

1745363206
0.9005420692905963 0.09945793070940373 0.0

1745363207
0.8788353162179086 0.12116468378209141 0.0

1745363208
0.8597390493942219 0.1402609506057782 0.0

1745363209
0.8701945525291829 0.12980544747081713 0.0

1745363210
0.8869252424147639 0.11307475758523616 0.0

1745363211
0.8942579228114214 0.1057420771885786 0.0

1745363212
0.900919146284468 0.09908085371553202 0.0

1745363213
0.9180405087140838 0.08195949128591616 0.0

1745363214
0.9059282371294852 0.09407176287051482 0.0

1745363215
0.9164319248826291 0.0835680751173709 0.0

1745363216
0.922562587466957 0.07743741253304308 0.0

1745363217
0.9246809835045129 0.07531901649548708 0.0

1745363218
0.9164437450826122 0.08355625491738788 0.0

1745363219
0.9160795365586347 0.08392046344136528 0.0

1745363220
0.9063318440918194 0.09366815590818056 0.0

1745363221
0.9220285261489699 0.07797147385103011 0.0

1745363222
0.9134570403867145 0.08654295961328551 0.0

1745363223
0.9127662882910901 0.08723371170890996 0.0

1745363224
0.9102021626704279 0.08979783732957217 0.0

1745363225
0.9018962545055634 0.09810374549443661 0.0

1745363226
0.9038013964313422 0.09619860356865788 0.0

1745363227
0.9125291828793775 0.08747081712062257 0.0

1745363229
0.9117716442557207 0.08822835574427931 0.0

1745363230
0.9118696664080683 0.08813033359193173 0.0

1745363231
0.9163284420855448 0.0836715579144552 0.0

1745363232
0.9081648644413102 0.09183513555868986 0.0

1745363233
0.9083671557914456 0.09163284420855448 0.0

1745363234
0.9101123595505618 0.0898876404494382 0.0

1745363235
0.9225615456528513 0.07743845434714865 0.0

1745363236
0.9141826168810794 0.08581738311892062 0.0

1745363237
0.9067170048765141 0.09328299512348592 0.0

1745363238
0.9053485108373616 0.0946514891626384 0.0

1745363239
0.9134659879685331 0.08653401203146692 0.0

1745363241
0.9198169047431142 0.0801830952568858 0.0

1745363242
0.9246628429700822 0.07533715702991785 0.0

1745363243
0.9233776387802971 0.0766223612197029 0.0

1745363244
0.9327757125154895 0.06722428748451054 0.0

1745363245
0.93996542511394 0.06003457488606003 0.0

1745363246
0.9410758706467661 0.05892412935323383 0.0

1745363247
0.9453100654409473 0.05468993455905267 0.0

1745363248
0.9420540201005025 0.057945979899497485 0.0

1745363249
0.9467148695378812 0.05328513046211883 0.0

1745363250
0.93046875 0.06953125 0.0

1745363251
0.923578751164958 0.07642124883504194 0.0

1745363252
0.9418368938094496 0.05816310619055044 0.0

1745363253
0.9459543407361392 0.054045659263860846 0.0

1745363254
0.936714824120603 0.06328517587939698 0.0

1745363255
0.9400151860288535 0.05998481397114654 0.0

1745363257
0.9315265045834994 0.0684734954165006 0.0

1745363258
0.95284046692607 0.04715953307392996 0.0

1745363259
0.9328953542937588 0.0671046457062412 0.0

1745363260
0.9280994336060415 0.07190056639395846 0.0

1745363261
0.9344751728472659 0.06552482715273412 0.0

1745363262
0.9331772053083528 0.06682279469164715 0.0

1745363263
0.9186557788944724 0.08134422110552764 0.0

1745363264
0.9305944600062247 0.06940553999377529 0.0

1745363265
0.9338039215686275 0.06619607843137255 0.0

1745363266
0.931207790168054 0.06879220983194598 0.0

1745363267
0.9263927793339558 0.07329598506069095 0.0

1745363268
0.9377232489517006 0.062276751048299425 0.0

1745363269
0.9447688180527063 0.05523118194729367 0.0

1745363270
0.9505041246562786 0.04949587534372136 0.0

1745363272
0.9425950818375899 0.05740491816241006 0.0

1745363273
0.9275883640913356 0.07241163590866437 0.0

1745363274
0.9384496124031008 0.06155038759689922 0.0

1745363275
0.9401936289818863 0.05980637101811368 0.0

1745363276
0.9355143126769424 0.06448568732305757 0.0

1745363277
0.9115953307392997 0.08840466926070038 0.0

1745363278
0.9120965214666249 0.08774678784080225 0.00015669069257286117

1745363279
0.9081664580725908 0.09183354192740927 0.0

1745363280
0.9225 0.07734375 0.00015625

1745363281
0.9271761212689483 0.07266760431317393 0.0

1745363282
0.9157944071238869 0.08420559287611311 0.0

1745363283
0.9397665369649806 0.060233463035019454 0.0

1745363284
0.9308235294117647 0.0691764705882353 0.0

1745363285
0.9487457417157015 0.05125425828429855 0.0

1745363286
0.9376181474480151 0.062381852551984876 0.0

1745363287
0.9379664179104478 0.06203358208955224 0.0

1745363288
0.9337283642600966 0.06627163573990331 0.0

1745363289
0.9270392985752309 0.07296070142476906 0.0

1745363290
0.9388741618587245 0.061125838141275535 0.0

1745363291
0.9354127284183995 0.0645872715816005 0.0

1745363292
0.9296984846117794 0.07014528979846898 0.0

1745363293
0.9346772933270824 0.06532270667291765 0.0

1745363294
0.9460090244281936 0.05399097557180644 0.0

1745363295
0.9263565891472868 0.07364341085271318 0.0

1745363296
0.9276367649377266 0.07236323506227338 0.0

1745363297
0.9447393068997815 0.05526069310021855 0.0

1745363298
0.9437296543171602 0.05627034568283987 0.0

1745363300
0.9368594006728738 0.0631405993271262 0.0

1745363301
0.9213166144200627 0.0786833855799373 0.0

1745363302
0.9147128245476003 0.08528717545239968 0.0

1745363303
0.9221164351490557 0.07788356485094428 0.0

1745363304
0.92046875 0.079375 0.00015625

1745363305
0.9250743000156421 0.07492569998435789 0.0

1745363306
0.9205556422662713 0.07913219915717185 0.00015607928827844546

1745363307
0.9100578758016581 0.0897857031127796 0.00015642108556233381

1745363308
0.9168221393034826 0.08317786069651742 0.0

1745363309
0.8962545055633914 0.10296191819464035 0.0001567152483936687

1745363310
0.9305490380103237 0.06945096198967621 0.0

1745363311
0.93859375 0.06140625 0.0

1745363312
0.9450446218882105 0.05495537811178957 0.0

1745363313
0.9269278606965174 0.07307213930348258 0.0

1745363314
0.9377840463877135 0.062215953612286476 0.0

1745363315
0.93375 0.06625 0.0

1745363316
0.9251524390243903 0.07484756097560975 0.0

1745363318
0.921792131718515 0.078207868281485 0.0

1745363319
0.9325545171339564 0.06744548286604361 0.0

1745363320
0.935423197492163 0.064576802507837 0.0

1745363321
0.9269741985926505 0.072869429241595 0.0001563721657544957

1745363322
0.9357713583282115 0.06422864167178857 0.0

1745363324
0.9273056627549815 0.0726943372450185 0.0

1745363325
0.931592039800995 0.06840796019900497 0.0

1745363326
0.939245699857977 0.05602019883225501 0.0

1745363327
0.857098186366479 0.03861788617886179 0.0009380863039399625

1745363328
0.735538485656059 0.06223546010346449 0.0014108794481893713

1745363329
0.539403453689168 0.03249607535321821 0.0009419152276295133

1745363330
0.40962349632869866 0.019684424308701765 0.0006249023590064052

1745363331
0.38078068662799813 0.01802790406019752 0.0004702931493964571

1745363332
0.3356260747225262 0.013912771611692982 0.0001563232765358762

1745363333
0.3220762976860538 0.014696685428392746 0.00031269543464665416

1745363334
0.2979355645918048 0.014701282452299031 0.0

1745363335
0.24632467938692523 0.01376290272130122 0.0

1745363336
0.22027808154975784 0.006717700359318857 0.0001562255897516013

1745363337
0.21689569019362898 0.014209868831980013 0.0001561524047470331

1745363338
0.17852664576802507 0.014890282131661442 0.0

1745363339
0.17140625 0.00625 0.00015625

1745363340
0.17585342937676166 0.007673034763545255 0.00015659254619480113

1745363341
0.16913946587537093 0.016398563173512418 0.00031235358425737937

1745363342
0.1938615721891638 0.03899154400250548 0.0006263701847792045

1745363343
0.7595748006878225 0.1778958886978271 0.0004689698296076286

1745363344
0.7599871650890422 0.23455799775389058 0.0

1745363345
0.5464655697745278 0.3336380255941499 0.00015234613040828764

1745363347
0.8047313869768178 0.19495213228894692 0.0001582403671176517

1745363348
0.8669242658423493 0.13183925811437402 0.0001545595054095827

1745363349
0.9426165601122719 0.05738343988772805 0.0

1745363351
0.9265896408079856 0.07333176137703372 0.0

1745363352
0.9000622665006227 0.09978206724782067 0.0

1745363353
0.8909915545824211 0.10885204879574602 0.0

1745363354
0.8796921627139941 0.120150777446207 0.0

1745363355
0.8236850295673825 0.175692499221911 0.0

1745363356
0.8078991854925465 0.19071768864299984 0.0

1745363358
0.8325716987078474 0.1672707217144658 7.87897888433659e-05

1745363359
0.8443579766536965 0.15517509727626458 0.0

1745363360
0.8418575462817697 0.15735801694383433 0.0

1745363361
0.9074855446163463 0.09204563213002032 0.0

1745363362
0.8983421958085706 0.10165780419142946 0.0

1745363363
0.9113331251951295 0.08851077115204496 0.0

1745363364
0.91109375 0.08875 0.0

1745363365
0.8970151586185341 0.10298484138146585 0.0

1745363366
0.8417731260581807 0.15714945359396645 0.00015391719255040788

1745363368
0.8753257007500987 0.12451638373470193 0.0

1745363369
0.8978102189781022 0.10218978102189781 0.0

1745363370
0.9023357893086691 0.09766421069133092 0.0

1745363371
0.8855666875391359 0.1141202254226675 0.0

1745363372
0.8929296082409864 0.10691431247073513 0.0

1745363373
0.8901352181929932 0.10971112476951445 0.0

1745363374
0.8979753242644732 0.10202467573552673 0.0

1745363375
0.8851600985221675 0.11468596059113301 0.0

1745363377
0.9026409144659047 0.09728025226645644 0.0

1745363378
0.8900499064254522 0.10979413599500935 0.0

1745363379
0.8779496796374433 0.1209563994374121 0.0

1745363380
0.8697432666561663 0.13025673334383367 0.0

1745363381
0.8632982021078736 0.13623682579045257 0.00015499070055796651

1745363382
0.838099703078606 0.1615877480856384 0.0

1745363383
0.8856071261134553 0.11439287388654477 0.0

1745363384
0.900093370681606 0.09959539371304077 0.0001556178026766262

1745363385
0.8916927899686521 0.10783699059561129 0.00015673981191222572

1745363386
0.8917735376915858 0.10807006568658117 0.0

1745363387
0.9212253829321663 0.0787746170678337 0.0

1745363388
0.934206423448706 0.06563766760212036 0.00015590894917368256

1745363389
0.9023891857906319 0.09745363093366866 0.0

1745363390
0.8601060511540861 0.1398939488459139 0.0

1745363391
0.8633161108501644 0.1366838891498356 0.0

1745363392
0.8737743190661479 0.12607003891050583 0.0001556420233463035

1745363393
0.8780866594191644 0.12175803696226122 0.0

1745363394
0.9022166326049363 0.09778336739506367 0.0

1745363395
0.903125 0.09609375 0.0

1745363396
0.887427587286676 0.11241584468451542 0.0

1745363397
0.9158601311270683 0.08398376522010616 0.0

1745363398
0.9083671557914456 0.09163284420855448 0.0

1745363399
0.8772314437832759 0.12229877857813969 0.0

1745363400
0.9094027756120381 0.09059722438796196 0.0

1745363401
0.894827316768245 0.1042350367244882 0.0

1745363402
0.8939653828161547 0.10587868392328084 0.0

1745363403
0.918271488961954 0.08172851103804603 0.0

1745363404
0.8783043954325043 0.1216956045674957 0.0

1745363405
0.9076970729440916 0.09214805637292861 0.0

1745363406
0.8855431183982343 0.11414157338798676 0.0

1745363407
0.819631134729603 0.17974366989684276 0.0

1745363408
0.7830497892929609 0.21679413141876072 0.0

1745363409
0.8799938061319293 0.11985134716630536 0.0

1745363411
0.8503337259521005 0.14911660777385158 7.852375343541422e-05

1745363412
0.85953125 0.1403125 0.0

1745363413
0.8874492663128317 0.10958476428348424 0.0

1745363414
0.820034488164289 0.17933845430318232 0.0

1745363415
0.7674026372278442 0.23183072677092917 0.0

1745363417
0.8091260146583655 0.19040113484120105 0.0

1745363418
0.856762680025047 0.14308077645585474 0.0

1745363419
0.8548060445552267 0.1450381679389313 0.0

1745363420
0.9118785813845439 0.08796654793247638 0.0

1745363421
0.9195964054863629 0.08040359451363709 0.0

1745363422
0.9067704280155642 0.0932295719844358 0.0

1745363423
0.9003765296517101 0.09962347034828993 0.0

1745363424
0.875625 0.12421875 0.0

1745363425
0.8494823056714572 0.14959048060577962 0.00015453562046051616

1745363427
0.855390625 0.144453125 0.0

1745363428
0.8852409180726554 0.11475908192734458 0.0

1745363430
0.8666241225271218 0.1332163369495852 0.0

1745363431
0.8325007805182641 0.1673431158289104 0.0

1745363432
0.867747972551466 0.13209606986899564 0.0

1745363433
0.8611241584468452 0.13699702520745263 0.0

1745363434
0.844970971285109 0.15487211674250745 0.0

1745363435
0.8327660891089109 0.1655321782178218 0.0

1745363436
0.8331759521561222 0.16650928548945546 0.0

1745363437
0.8378083047143303 0.1607867624102404 0.0

1745363438
0.8044430538172715 0.19508760951188986 0.0

1745363439
0.8493212669683258 0.1502262443438914 0.0

1745363441
0.8438170974155069 0.154831013916501 0.00015904572564612326

1745363442
0.8324476398874648 0.1670834635823695 0.0

1745363443
0.9058694973462379 0.09397439900093663 0.0

1745363444
0.9014216528667396 0.09779721918450242 0.0

1745363445
0.92796875 0.071875 0.0

1745363446
0.9329477961863082 0.06689590497030322 0.0

1745363447
0.8960977903149977 0.10374549443660869 0.0

1745363448
0.8655855293934196 0.133634804303758 0.0

1745363449
0.8253472764164196 0.1740284064304667 0.00015607928827844546

1745363450
0.8853094506082074 0.11455687742280443 0.0

1745363452
0.9107402652973898 0.08900299529311083 0.0

1745363453
0.878886815920398 0.12064676616915423 0.0

1745363454
0.8677000156568029 0.13198684828558008 0.0

1745363455
0.9015907673112913 0.09840923268870867 0.0

1745363456
0.9326174914410209 0.06738250855897915 0.0

1745363457
0.9250196078431373 0.07466666666666667 0.0

1745363458
0.88296875 0.116875 0.0

1745363459
0.8586533976053491 0.14119110558233555 0.00015549681231534753

1745363460
0.8856604366263546 0.11402544369404743 0.0

1745363461
0.9081106422878574 0.09079543678699797 0.0

1745363462
0.9041699449252557 0.0956726986624705 0.0

1745363463
0.8796807857581338 0.11985880908532842 0.0

1745363464
0.8620635171433085 0.13762047716858902 0.00015800284405119292

1745363465
0.8904023798340379 0.10944105213715359 0.0

1745363466
0.9168113425925926 0.08318865740740741 0.0

1745363468
0.8986299135540695 0.10079921709345947 0.0

1745363469
0.8774685118955061 0.12237599129217851 0.0

1745363470
0.9038551584204776 0.0961448415795224 0.0

1745363471
0.8966651009863785 0.10333489901362142 0.0

1745363472
0.873179896665101 0.12635039924847347 0.0

1745363473
0.8747276688453159 0.12527233115468409 0.0

1745363474
0.911465665571719 0.08853433442828093 0.0

1745363475
0.8896347174523884 0.11020917889478614 0.0

1745363476
0.8864805863090597 0.11351941369094028 0.0

1745363477
0.8966651009863785 0.10333489901362142 0.0

1745363478
0.8943584935146116 0.10532895764963275 0.0

1745363479
0.8593969692235588 0.13950945164817996 0.0001562255897516013

1745363480
0.8942352757381659 0.10576472426183409 0.0

1745363481
0.8987341772151899 0.10110954836693234 0.0

1745363482
0.885334569618297 0.11466543038170299 0.0

1745363483
0.8599092284417549 0.13903177004538578 0.000151285930408472

1745363485
0.8934314745179615 0.10656852548203856 0.0

1745363486
0.9203964689484281 0.07960353105157193 0.0

1745363487
0.8945294024909349 0.10499763518839665 0.0

1745363488
0.8910675381263616 0.10893246187363835 0.0

1745363489
0.8969782370439956 0.10302176295600439 0.0

1745363490
0.8610980760206476 0.1387455028937901 0.0

1745363491
0.8622145761651548 0.1376290272130122 0.0

1745363492
0.8615938625332707 0.13824956943792077 0.0

1745363493
0.8869713930348259 0.11302860696517412 0.0

1745363494
0.8740625 0.12578125 0.0

1745363495
0.8940625 0.1059375 0.0

1745363496
0.9278963414634146 0.07210365853658536 0.0

1745363498
0.9178571428571428 0.08206349206349206 0.0

1745363499
0.891416108428104 0.1084281040660539 0.0

1745363500
0.8790647259213379 0.12093527407866213 0.0

1745363501
0.8459361735576167 0.1534349944977205 0.00047162395849709165

1745363502
0.8757618377871542 0.12423816221284575 0.0

1745363503
0.8936103733791595 0.10638962662084049 0.0

1745363504
0.8948601780971723 0.10498359631307608 0.0

1745363505
0.883401062832135 0.1164426383244764 0.0

1745363506
0.906816760475297 0.09302689180737961 0.0

1745363507
0.9327731092436975 0.0670712729536259 0.0

1745363508
0.9214487300094073 0.07808090310442145 0.0

1745363509
0.9329459798994975 0.06705402010050251 0.0

1745363510
0.9374416433239963 0.06255835667600373 0.0

1745363511
0.9124579124579124 0.08738904193449648 0.0

1745363513
0.8833004342676668 0.11630477694433478 0.0

1745363514
0.8886980955354356 0.11083359350608804 0.0

1745363515
0.8482672494536372 0.1515766468935373 0.0

1745363516
0.8406386975579211 0.15920475892298058 0.0

1745363517
0.9031855090568395 0.09681449094316052 0.0

1745363518
0.9184502421496641 0.08139353226058428 0.0

1745363519
0.93 0.0696875 0.0

1745363520
0.9251529891730739 0.05131021496940216 0.0

1745363521
0.8876053699656572 0.048704339681548546 0.0

1745363522
0.7577085615902333 0.04319924870871811 0.00015651901706057285

1745363523
0.6428347444339918 0.04782063342740671 0.0

1745363524
0.44344816737454773 0.04829322007236118 0.0007865345288658172

1745363525
0.23706491063029161 0.03198494825964252 0.0

1745363526
0.17817441678409268 0.015343666823234696 0.0

1745363527
0.16528667395719418 0.01546633338540853 0.0

1745363528
0.1581832419733751 0.015035238841033673 0.0

1745363529
0.14491392801251957 0.02081377151799687 0.00031298904538341156

1745363530
0.13472070098576122 0.013456423094977311 0.00031294007197621654

1745363531
0.11677348757229951 0.013756448335157104 0.0

1745363532
0.1142052565707134 0.014236545682102628 0.0

1745363533
0.10014060303077645 0.026714575847523823 0.0003124511795032026

1745363534
0.31728834545735957 0.17721714904813496 0.0

1745363535
0.5848908434113397 0.38448248782786243 0.00015705983979896342

1745363536
0.855 0.145 0.0

1745363537
0.8214174211676554 0.17827037152669373 0.0

1745363538
0.819429284266334 0.18010291595197256 0.0

1745363539
0.810857321652065 0.1891426783479349 0.0

1745363540
0.850164396430249 0.14983560356975106 0.0

1745363541
0.80828125 0.1915625 0.0

1745363542
0.7143303153293787 0.28535747736497036 0.0

1745363543
0.7947236965344989 0.2044957852013737 0.0

1745363544
0.8696129133364676 0.13038708666353235 0.0

1745363545
0.8850288206885808 0.11497117931141923 0.0

1745363546
0.9028625058657908 0.09713749413420929 0.0

1745363547
0.9175097276264591 0.08249027237354085 0.0

1745363548
0.8785076030725819 0.12117886816115378 0.0

1745363549
0.8927618150416078 0.10535405872193437 0.0

1745363550
0.9150132791751289 0.08483049523511951 0.0

1745363551
0.8983657587548638 0.10163424124513619 0.0

1745363552
0.83953125 0.16046875 0.0

1745363553
0.7895394223263076 0.209992193598751 0.0

1745363554
0.8115625 0.18765625 0.0

1745363555
0.7731066460587326 0.22642967542503864 0.0

1745363557
0.8515256369927651 0.148474363007235 0.0

1745363558
0.9140807734289724 0.0859192265710276 0.0

1745363559
0.9090482154038823 0.09079524107701942 0.0

1745363560
0.8818946712371455 0.11810532876285447 0.0

1745363561
0.8698780106349703 0.13012198936502972 0.0

1745363562
0.8498743718592965 0.14996859296482412 0.0

1745363563
0.8172912455294666 0.18224226403358731 0.0

1745363564
0.8629965592743197 0.1366906474820144 0.0

1745363565
0.8591945051514206 0.14064939119575398 0.0

1745363566
0.8527712724434036 0.14691647150663545 0.0

1745363567
0.8759968725566849 0.1236903831118061 0.0

1745363568
0.907103825136612 0.09242779078844653 0.0

1745363569
0.8624748335140158 0.13706055443704507 0.0

1745363570
0.8405934343434344 0.15830176767676768 0.0

1745363571
0.8834845167344385 0.11557710353456366 0.0

1745363572
0.8702745098039215 0.12972549019607843 0.0

1745363573
0.8455905266438143 0.15409784979744467 0.0

1745363574
0.839550491649758 0.15982519119712815 0.0

1745363575
0.8063759962494139 0.19315518049695266 0.0

1745363576
0.7754814466885862 0.22451855331141382 0.0

1745363577
0.8111855429194579 0.18865866957470012 0.0

1745363578
0.8347383720930233 0.16497093023255813 0.0

1745363580
0.8596576620426706 0.14026121521862578 0.0

1745363581
0.8853254067584481 0.11467459324155194 0.0

1745363582
0.8782121164927581 0.1208534496184395 0.0001557389814670612

1745363583
0.8550567034332763 0.14478794469473358 0.0

1745363584
0.8750581305223997 0.12463184002480236 0.0

1745363586
0.7989070172659591 0.10763503880880722 0.0007128148265483922

1745363587
0.4887843137254902 0.07043137254901961 0.001568627450980392

1745363588
0.3007412080113547 0.04699574199653052 0.0

1745363589
0.20663225402784297 0.023619583919912403 0.012513686844986703

1745363590
0.15036061461273126 0.027281279397930385 0.013640639698965193

1745363591
0.13221455457967377 0.035915934755332495 0.004234629861982434

1745363592
0.49219237976264835 0.07776389756402248 0.001561524047470331

1745363593
0.7446942304669077 0.1020279830215375 0.0031441597233139444

1745363594
0.10225493266520513 0.01659880989664892 0.0039148136548700285

1745363595
0.0994830017233276 0.017076609744634184 0.00046999843333855553

1745363596
0.12102708626898387 0.041490527634257084 0.0017222483168936903

1745363597
0.3519266625233064 0.33374766935985084 0.0006215040397762585

1745363598
0.8502393083217539 0.14821676702176934 0.0

1745363600
0.7723186119873817 0.06340694006309149 7.886435331230284e-05

1745363601
0.5929632525410476 0.0472243940578577 0.0004691164972634871

1745363602
0.5638214565387627 0.08974158183241973 0.0007830853563038371

1745363603
0.8106750392464678 0.18681318681318682 0.00015698587127158556

1745363604
0.8706963701511139 0.12930362984888613 0.0

1745363605
0.891968060122123 0.10803193987787693 0.0

1745363606
0.844206275240758 0.155793724759242 0.0

1745363607
0.8632787916928886 0.13656387665198239 0.0

1745363608
0.7879886506935687 0.09489281210592686 0.0011034047919293822

1745363609
0.5581795433218643 0.05630278385986863 0.00390991554582421

1745363610
0.3889326816963582 0.039728834936150086 0.006936780703137317

1745363611
0.1572663000785546 0.029065200314218383 0.0015710919088766694

1745363612
0.12909803921568627 0.02572549019607843 0.0009411764705882353

1745363613
0.12703125 0.02453125 0.000625

1745363614
0.15735965817003095 0.012965964343598054 0.0

1745363616
0.13457792207792207 0.03920454545454546 8.116883116883117e-05

1745363617
0.26625 0.06859375 0.0003125

1745363618
0.8311608648980218 0.16347186014414966 0.00015335071308081582

1745363620
0.87174131662412 0.12825868337587995 0.0

1745363622
0.8816104809074932 0.11751078447036267 0.0

1745363623
0.40994179644486395 0.07299040427874784 0.0

1745363624
0.19608763693270737 0.045696400625978094 0.00015649452269170578

1745363625
0.14285714285714285 0.03736263736263736 0.0003139717425431711

1745363626
0.16300475059382422 0.04082541567695962 0.0004453681710213777

1745363628
0.22259536726082838 0.03022474812709894 0.0001722207870489968

1745363629
0.17119027424370936 0.029686174724342665 0.00042408821034775233

1745363630
0.16148287778825007 0.022620169651272386 0.00031416902293433867

1745363632
0.28801977318988076 0.05692061645827275 0.0014539110206455365

1745363633
0.8506101837564876 0.14896899985972786 0.0

1745363635
0.8683291422184968 0.13167085778150323 0.0

1745363637
0.921494621626722 0.07850537837327798 0.0

1745363638
0.9577110517214275 0.04181732432007546 0.0

1745363639
0.7521497919556172 0.05603328710124827 0.00013869625520110957

1745363641
0.2486889028739249 0.043633312355779316 0.004719949653870359

1745363642
0.19109461966604824 0.02736549165120594 0.00023191094619666049

1745363643
0.8629928451819151 0.12330643933627645 0.0

1745363644
0.88328125 0.11671875 0.0

1745363645
0.9041860465116279 0.09581395348837209 0.0

1745363646
0.8914789730666247 0.10852102693337533 0.0

1745363647
0.9250621890547264 0.07493781094527363 0.0

1745363648
0.9380392156862745 0.06180392156862745 0.0

1745363649
0.874492794179376 0.04617321953267105 0.0020987827060305023

1745363651
0.5312160468031759 0.033180108650229835 0.0035102381947346426

1745363652
0.20431452243239018 0.02172893543848679 0.002501172424574019

1745363653
0.2104026319912267 0.027259909133636222 0.00877330408898637

1745363654
0.20645363408521303 0.02756892230576441 0.0045426065162907266

1745363655
0.19028084569264753 0.0493846639318397 0.0036289050173556325

1745363656
0.1666145181476846 0.024874843554443055 0.005632040050062578

1745363657
0.5040360136603539 0.09795094691089724 0.0027941633033219497

1745363658
0.8752150117279124 0.12447224394057858 0.0

1745363659
0.9023687178844467 0.09738062413836321 0.0

1745363661
0.9026564449991086 0.09734355500089142 0.0

1745363662
0.9142007202129325 0.08579927978706749 0.0

1745363663
0.9252963194011229 0.07470368059887711 0.0

1745363664
0.9105665678164507 0.08927735289527079 0.0

1745363665
0.9191462844679856 0.08085371553201433 0.0

1745363666
0.923921568627451 0.07607843137254902 0.0

1745363667
0.9347588574996099 0.06508506321211176 0.0

1745363668
0.7939838591342626 0.03624358033749083 0.0

1745363670
0.3668860183605492 0.015029653099358194 8.124136810463888e-05

1745363671
0.22372723026623073 0.005760548030515336 0.0

1745363672
0.2225705329153605 0.018495297805642633 0.0034482758620689655

1745363673
0.20922208281053953 0.0208594730238394 0.0007841907151819323

1745363674
0.21849529780564264 0.019278996865203762 0.00015673981191222572

1745363675
0.21155626074309136 0.018511172815020495 0.0001322226629644321

1745363677
0.33493232825081376 0.042144937467877334 0.00025698132602364226

1745363678
0.8423863289594141 0.15746109246261825 0.0

1745363680
0.9037441621150953 0.09625583788490462 0.0

1745363681
0.8948170731707317 0.10518292682926829 0.0

1745363683
0.8397395171537484 0.06940914866581957 7.941550190597205e-05

1745363684
0.3168518228759193 0.012517602879048663 0.0025035205758097323

1745363685
0.22730109204368174 0.01825273010920437 0.0

1745363686
0.16192696192696193 0.006060606060606061 0.0001554001554001554

1745363687
0.5456903127383677 0.086651411136537 0.0013729977116704805

1745363689
0.8736350688400063 0.12565279316347525 7.912644405760406e-05

1745363690
0.8667606074839518 0.1330828244872397 0.0

1745363691
0.8685467714593929 0.13145322854060718 0.0

1745363692
0.9142811956349834 0.08540249881385419 0.0

1745363693
0.7200063061642756 0.10011035787482264 0.0009459246413369069

1745363694
0.4971071149335418 0.15731039874902267 0.0026583268178264267

1745363695
0.5111250391726732 0.03635224067690379 0.0

1745363696
0.2730263157894737 0.02913533834586466 0.00046992481203007516

1745363697
0.19076682316118937 0.028482003129890455 0.0

1745363698
0.14051266020631448 0.0070334479524851515 0.0

1745363699
0.2544769085768143 0.07822808671065033 0.00015708451146716933

1745363700
0.2978424015009381 0.018918073796122578 0.00015634771732332708

1745363701
0.27375 0.0134375 0.0

1745363702
0.21091307066916823 0.012195121951219513 0.0

1745363703
0.13996865203761755 0.006739811912225706 0.0

1745363704
0.11496544391281234 0.009835194045720362 0.0007974481658692185

1745363706
0.0873519821520508 0.015960185344087868 0.0015445340655568904

1745363707
0.0873559638741825 0.023045780130800372 0.0021800062285892243

1745363708
0.11098883823298224 0.028140229523659802 0.0009432479169941833

1745363709
0.681690557115413 0.15885916949903944 0.00014777597162701344

1745363711
0.8702925553000872 0.1297074446999128 0.0

1745363713
0.8611794586871974 0.06270338915786967 0.0

1745363714
0.31549383679201126 0.027305351848962395 0.0

1745363715
0.1416261945793514 0.023499921666927777 0.00015666614444618518

1745363716
0.0981835264641403 0.01111807077983088 0.0

1745363717
0.13745918208676722 0.0032654330586222983 0.0

1745363718
0.11903266331658291 0.016331658291457288 0.0

1745363719
0.0905819774718398 0.02018147684605757 0.0

1745363720
0.07370892018779343 0.03583724569640063 0.0010954616588419405

1745363721
0.09492583918813427 0.024355971896955503 0.0

1745363722
0.10698552548772813 0.06261799874134676 0.00015733165512901197

1745363723
0.06567164179104477 0.02608012568735271 0.0

1745363724
0.08193901485535575 0.020953870211102423 0.0

1745363725
0.14189506656225528 0.040563821456538765 0.00015661707126076742

1745363726
0.09889425323158386 0.01681980999844261 0.0

1745363727
0.22163175992497655 0.09987496092528915 0.0006251953735542357

1745363728
0.8789769182782283 0.12071116656269494 0.0

1745363729
0.8782489740082079 0.12175102599179206 0.0

1745363730
0.8797320454899517 0.12026795451004829 0.0

1745363731
0.9005090236001851 0.0994909763998149 0.0

1745363733
0.9247475556980286 0.06956242987658279 0.0

1745363734
0.5784851811196488 0.0456327426689666 0.0

1745363735
0.29595991230817414 0.03022236141559662 0.0

1745363736
0.16063065875741492 0.011083359350608805 0.00015610365282547612

1745363737
0.18194640338504936 0.03024604293997806 0.0

1745363738
0.8359046283309958 0.16129032258064516 0.00015583606046439146

1745363739
0.8855543461359042 0.11133571761778883 0.00015549681231534753

1745363740
0.9076423267326733 0.09158415841584158 0.0

1745363741
0.8928626963147256 0.10651531643601306 0.0

1745363743
0.7912974683544304 0.06408227848101265 0.0

1745363744
0.26191592436318173 0.02531645569620253 0.0

1745363745
0.1320400500625782 0.02299749687108886 0.0

1745363746
0.06463700234192038 0.02232630757220921 0.000936768149882904

1745363747
0.46453125 0.10296875 0.0121875

1745363748
0.9014320536258379 0.09354052407068861 0.004113345521023766

1745363750
0.8943166548098964 0.1038653070903486 0.0011856770215793219

1745363751
0.8914148967992821 0.10619204307508226 0.001645228836374514

1745363753
0.8906348704990524 0.10897030953885029 7.896399241945672e-05

1745363755
0.9078406576035409 0.09184318684792918 0.0

1745363756
0.8894433182597848 0.11040074847965071 0.0

1745363757
0.9117049538990467 0.08829504610095328 0.0

1745363758
0.6753860699653325 0.06665616136148755 0.0001575795776867318

1745363759
0.3254975709136499 0.01723867732330356 0.0001567152483936687

1745363760
0.27267022278004394 0.014276749294006902 0.00015688735487919673

1745363761
0.22954403497813866 0.012179887570268583 0.0

1745363762
0.27736883320281913 0.022709475332811275 0.001096319498825372

1745363763
0.5032833020637899 0.029706066291432145 0.00046904315196998124

1745363764
0.868331791551033 0.09728646315140302 0.0

1745363765
0.9397873005943072 0.060212699405692835 0.0

1745363766
0.9360024733343639 0.06399752666563611 0.0

1745363767
0.9394220367794777 0.06057796322052233 0.0

1745363769
0.9511496539104145 0.04455406158007797 0.0

1745363770
0.7795656928604906 0.035931885642868304 0.0

1745363771
0.5343344282809322 0.025653058032222745 0.00031284217112466763

1745363772
0.3249374217772215 0.022841051314142678 0.00046933667083854817

1745363773
0.30543801911926033 0.02914903620122238 0.0

1745363774
0.3075595984943538 0.025094102885821833 0.00015683814303638644

1745363775
0.3142589118198874 0.017510944340212633 0.0

1745363776
0.31250978550180053 0.01910129951463911 0.0

1745363777
0.6581196581196581 0.0836052836052836 0.0006216006216006216

1745363778
0.9006010171058715 0.0970873786407767 0.0015410695022345508

1745363779
0.9076187538556446 0.09238124614435533 0.0

1745363781
0.8904044784357014 0.10959552156429866 0.0

1745363782
0.9200934579439253 0.07990654205607477 0.0

1745363784
0.946589847399564 0.053410152600436 0.0

1745363786
0.6677496038034866 0.04429477020602219 0.0001584786053882726

1745363787
0.15901997503121099 0.007802746566791511 0.00015605493133583021

1745363788
0.11295110139040775 0.0048429932822996406 0.0001562255897516013

1745363789
0.11138767890479154 0.004511512134411947 0.0

1745363790
0.09699259959061565 0.00944733112895607 0.0

1745363791
0.07423580786026202 0.008265751715533376 0.0

1745363792
0.08729039335527347 0.005641748942172073 0.0

1745363793
0.12099421603876817 0.0064092543379709235 0.0001563232765358762

1745363794
0.14776632302405499 0.007810059356451109 0.00031240237425804435

1745363795
0.24784178307957935 0.014126510751844295 0.0001569612305760477

1745363796
0.3888192922016912 0.029752583777012214 0.0

1745363797
0.6663571649644073 0.0510677808727948 0.00015475085112968121

1745363798
0.91203125 0.08578125 0.0

1745363799
0.8956912585244885 0.10430874147551147 0.0

1745363800
0.9119723834928605 0.0880276165071395 0.0

1745363801
0.9246105919003115 0.07538940809968847 0.0

1745363802
0.9296498054474708 0.07003891050583658 0.0

1745363804
0.9576110936022691 0.042152537031200754 0.0

1745363805
0.952329360780065 0.04472991796935459 0.0

1745363806
0.9432859399684044 0.043601895734597156 0.0

1745363807
0.767643352236925 0.04048519218651544 0.0

1745363808
0.1524628616106333 0.016888193901485535 0.004691164972634871

1745363809
0.10818804483188045 0.007938978829389789 0.002957658779576588

1745363810
0.09972924187725632 0.007220216606498195 0.0

1745363812
0.11073771803488558 0.0061609857577212355 8.001280204832773e-05

1745363813
0.09049489395129615 0.022623723487824036 0.00031421838177533385

1745363814
0.0959849435382685 0.019134253450439148 0.00015683814303638644

1745363815
0.10168171909062597 0.016350046714419184 0.0

1745363816
0.1287316379718844 0.026694045174537988 0.000157952930026852

1745363817
0.13136855306474368 0.032293462925223386 0.0

1745363818
0.4235550031075202 0.08996270975761342 0.0018645121193287756

1745363819
0.8786597776733991 0.12102708626898387 0.0

1745363820
0.8820791311093871 0.11792086889061287 0.0

1745363821
0.8864135550674616 0.11358644493253844 0.0

1745363822
0.9128333073444566 0.08716669265554343 0.0

1745363823
0.9292579171262013 0.05766503860091382 0.0

1745363824
0.4922450258499138 0.03336988876703744 0.0

1745363825
0.17906940310198965 0.008616637944540186 0.0

1745363826
0.11100746268656717 0.002798507462686567 0.0

1745363827
0.1013035966703314 0.00738181247055128 0.00015705983979896342

1745363828
0.1666927042649586 0.018747070770192158 0.00046867676925480396

1745363829
0.5923339540657977 0.10226567349472378 0.0013966480446927375

1745363830
0.864797507788162 0.135202492211838 0.0

1745363831
0.8957286432160804 0.10427135678391959 0.0

1745363832
0.9238673517048108 0.07613264829518916 0.0

1745363833
0.7701657458563536 0.051933701657458566 0.0

1745363834
0.3828652126157226 0.022281500078455987 0.0

1745363835
0.16206088992974238 0.00858704137392662 0.000312256049960968

1745363836
0.12860933354143905 0.0051506165131887 0.0003121585765568909

1745363837
0.11381094215394262 0.007994983539739771 0.0

1745363838
0.112822906940554 0.007936507936507936 0.0

1745363839
0.10880503144654088 0.008333333333333333 0.0

1745363840
0.10741608118657299 0.01014832162373146 0.000156128024980484

1745363841
0.11021170610211706 0.007938978829389789 0.0

1745363842
0.1551994973295633 0.010524662268300346 0.0

1745363843
0.4644571782561561 0.06458107480253988 0.0015487068297971194

1745363844
0.8523510971786834 0.14764890282131662 0.0

1745363845
0.894238235750893 0.1056064606305327 0.0

1745363846
0.9041031284389247 0.0958968715610753 0.0

1745363847
0.9015422963078361 0.09845770369216389 0.0

1745363848
0.8802583897904522 0.06317945486056405 0.0

1745363849
0.6411340852130326 0.043233082706766915 0.00015664160401002505

1745363850
0.2707615167659041 0.01739266687558759 0.0

1745363851
0.15178990151633578 0.005158668125683915 0.0

1745363852
0.14885973133395813 0.01140268666041862 0.00015620118712902218

1745363853
0.23486152401815052 0.032545767485526525 0.00015647003598810827

1745363854
0.6833359217269762 0.12657244913806492 0.00015530361857431278

1745363855
0.855625 0.14421875 0.0

1745363856
0.8444994584558254 0.15550054154417453 0.0

1745363857
0.8573907556396908 0.1396119261713204 0.0

1745363858
0.7905236907730673 0.06558603491271821 0.0

1745363860
0.28468468468468466 0.04162162162162162 9.009009009009009e-05

1745363861
0.040380417835983784 0.023386342376052385 0.0

1745363862
0.10820895522388059 0.04446517412935323 0.0004664179104477612

1745363863
0.12001266624445851 0.047340088663711206 0.00015832805573147562

1745363864
0.05314837905236908 0.009351620947630923 0.0

1745363865
0.05910867865519937 0.018295543393275996 0.0034401876465989054

1745363866
0.07141735991210171 0.010673363679171245 0.01444043321299639

1745363867
0.09751911374629427 0.023404587299110626 0.00015603058199407084

1745363868
0.51421875 0.1359375 0.00015625

1745363869
0.8935839676868106 0.1059499766972192 0.0

1745363870
0.9389957766306898 0.06100422336931018 0.0

1745363871
0.9399656946826758 0.060034305317324184 0.0

1745363872
0.921875 0.078125 0.0

1745363873
0.8965624032208114 0.10343759677918861 0.0

1745363874
0.9065656565656566 0.09343434343434344 0.0

1745363875
0.9308618801814484 0.06913811981855154 0.0

1745363876
0.9362768122749334 0.06372318772506654 0.0

1745363877
0.9473037332923644 0.05269626670763558 0.0

1745363879
0.9212443716741711 0.056160458452722065 0.0

1745363880
0.6665210426678316 0.03888160768894714 0.000145623998835008

1745363881
0.4596634690989149 0.03286680295643969 0.0

1745363882
0.38270641485874823 0.03621039488059934 0.00015607928827844546

1745363883
0.3872787090709698 0.03650321165596115 0.004073319755600814

1745363884
0.3948645686550806 0.04117739157664005 0.003914200720212932

1745363885
0.3744320852263826 0.026789910700297667 0.00015666614444618518

1745363886
0.36837994063427587 0.024527417591001407 0.0

1745363887
0.45115480649188516 0.029182272159800248 0.0

1745363888
0.7724373930626847 0.044019287603048685 0.00015554518587649713

1745363889
0.956752537080406 0.04324746291959407 0.0

1745363890
0.958530986993114 0.040397857689364956 0.0

1745363892
0.9497312677837496 0.047818526715143854 0.0

1745363893
0.9608240986421102 0.03917590135788981 0.0

1745363894
0.9557563483408631 0.044243651659136934 0.0

1745363895
0.9522987603954182 0.04770123960458183 0.0

1745363896
0.9547440699126092 0.04509987515605493 0.0

1745363897
0.9422416484545738 0.05775835154542616 0.0

1745363898
0.9551071484436102 0.0448928515563898 0.0

1745363899
0.946727073894704 0.05327292610529605 0.0

1745363900
0.9283372365339578 0.07166276346604215 0.0

1745363901
0.9373535385096079 0.06264646149039213 0.0

1745363902
0.94125 0.05875 0.0

1745363903
0.9345911949685535 0.04905660377358491 0.0

1745363904
0.7161169298108488 0.0387681725808973 0.0

1745363905
0.4680684136199592 0.029970186725247136 0.0

1745363906
0.18269831355402874 0.01358525921299188 0.0

1745363907
0.1407835180271578 0.009520836584985173 0.00046823786483533636

1745363908
0.24988286740590349 0.021396220521630486 0.00015617679212868969

1745363909
0.35904255319148937 0.020963704630788487 0.0009386733416770963

1745363910
0.6613304320795772 0.08206403481504507 0.002020516008703761

1745363911
0.9008290317534804 0.05803222274362584 0.0

1745363912
0.9427099594130502 0.05729004058694973 0.0

1745363913
0.9169000933706816 0.08309990662931839 0.0

1745363914
0.9047843137254902 0.0952156862745098 0.0

1745363915
0.934224848390608 0.06577515160939201 0.0

1745363916
0.9430843598939653 0.056915640106034615 0.0

1745363917
0.9401643156099829 0.05983568439001705 0.0

1745363918
0.9462098899395442 0.05379011006045575 0.0

1745363920
0.7301650269755633 0.04593779752459537 0.0

1745363921
0.1645529982777517 0.010176921872553625 0.0

1745363922
0.15405067250547388 0.008758210822646231 0.0

1745363923
0.17289354384867908 0.012036892293262467 0.0

1745363924
0.21866708287810208 0.021070703917590135 0.0003121585765568909

1745363925
0.3581271531475102 0.03914813654870028 0.001252740369558409

1745363926
0.6819246992657397 0.10092173097953444 0.0003124511795032026

1745363927
0.8830601092896175 0.0897736143637783 0.0

1745363928
0.39209535759096614 0.02383939774153074 0.0

1745363929
0.20099953146962363 0.010776198656879588 0.00031235358425737937

1745363930
0.13591626308389315 0.006405249179815654 0.0001562255897516013

1745363931
0.0790625 0.00375 0.0

1745363932
0.22035452322738386 0.034535452322738386 0.0

1745363933
0.912667191188041 0.0868607395751377 0.0

1745363934
0.9151982378854625 0.08432976714915041 0.0

1745363935
0.9193123741675701 0.0803778844664705 0.0

1745363936
0.9027555037177432 0.09709870243475725 0.0

1745363938
0.9133960428154395 0.08571196886149854 0.0

1745363940
0.8983717454574058 0.10099897742468339 0.0

1745363941
0.9204616344354336 0.07938240798502808 0.0

1745363942
0.9265075376884422 0.07113693467336683 0.0

1745363943
0.84426357802473 0.04977304742526217 0.0

1745363944
0.5799373040752351 0.028526645768025077 0.0

1745363945
0.24530369442705072 0.012836568566061366 0.0

1745363946
0.11133698201720094 0.006880375293197811 0.0

1745363947
0.44264069264069267 0.07714904143475572 0.012677798392084107

1745363948
0.901930017260317 0.09367644751294524 0.00047073591715047857

1745363949
0.8932557773934916 0.10375727086936017 0.0

1745363950
0.9241057542768274 0.07153965785381027 0.0

1745363951
0.9195788188615901 0.07981077369143903 0.0

1745363953
0.9139104288653268 0.08529830669409717 7.912644405760406e-05

1745363954
0.9227286918513893 0.07680299719013425 0.0

1745363955
0.9369524405506884 0.06210888610763454 0.0

1745363956
0.9144510478573663 0.08523615889896778 0.0

1745363957
0.9280261723009815 0.07197382769901854 0.0

1745363958
0.8915946582875098 0.04351924587588374 0.0

1745363959
0.5210295040803515 0.028876333961079723 0.0

1745363960
0.15297982167996246 0.00782105427811669 0.00015642108556233381

1745363961
0.08520950594121326 0.003595997498436523 0.0

1745363962
0.0624124513618677 0.0017120622568093384 0.0

1745363963
0.5694899391670566 0.10372796755576354 0.00015598190609889253

1745363964
0.8662490211433046 0.13093187157400157 0.00015661707126076742

1745363965
0.9075315764852643 0.09246842351473569 0.0

1745363966
0.9145896656534954 0.08541033434650457 0.0

1745363967
0.9302911093627065 0.06970889063729346 0.0

1745363969
0.8740594059405941 0.06653465346534654 0.0

1745363970
0.3639349390053175 0.021895527056615578 0.0

1745363971
0.12410015649452269 0.005007824726134585 0.0

1745363972
0.13467540574282147 0.009987515605493134 0.00015605493133583021

1745363973
0.6177145479577788 0.10478812911121309 0.0003059507419305492

1745363974
0.8890806401004079 0.1107624725447129 0.0

1745363975
0.888468809073724 0.11153119092627599 0.0

1745363976
0.9048280117229678 0.09517198827703224 0.0

1745363977
0.9137192704203013 0.0859635210150674 0.00015860428231562253

1745363978
0.8652146464646465 0.056660353535353536 0.0

1745363979
0.30561656730467524 0.017414496391590838 0.0006275494195167869

1745363980
0.11270908238236674 0.004377051743004534 0.0

1745363981
0.05940284508363295 0.002344849148038143 0.0

1745363982
0.04686283668067881 0.0014012143858010276 0.0

1745363983
0.04567571809762989 0.00408099199497724 0.0001569612305760477

1745363984
0.05332290852228303 0.00547302580140735 0.0001563721657544957

1745363985
0.05722326454033771 0.0059412132582864294 0.00015634771732332708

1745363986
0.051710670207780036 0.00593657241056085 0.0001562255897516013

1745363987
0.10755041425668282 0.013756448335157104 0.0006252931061435048

1745363988
0.5840817590585321 0.09615980179622174 0.0006193868070610096

1745363989
0.8977610771880382 0.1022389228119618 0.0

1745363990
0.9200062131096614 0.07999378689033862 0.0

1745363991
0.9197080291970803 0.08029197080291971 0.0

1745363992
0.9260485651214128 0.0739514348785872 0.0

1745363993
0.9400690304361469 0.05914653278945717 0.00015688735487919673

1745363994
0.6264186633039092 0.0416141235813367 0.0

1745363995
0.23574441493516637 0.00843618184658647 0.0001562255897516013

1745363996
0.14864653418870286 0.004694101079643249 0.0

1745363997
0.26935081148564294 0.019975031210986267 0.00031210986267166043

1745363998
0.5929632525410476 0.035809225957779516 0.0004691164972634871

1745363999
0.9215656178050652 0.05525709900230238 0.00015349194167306216

1745364000
0.9357188093730209 0.0642811906269791 0.0

1745364001
0.934208470073449 0.06579152992655102 0.0

1745364002
0.9440024479804161 0.05599755201958384 0.0

1745364004
0.9351573620117033 0.06476356160050609 0.0

1745364005
0.9056747299558802 0.09432527004411989 0.0

1745364006
0.8945127719962157 0.1054872280037843 0.0

1745364008
0.9366041896361632 0.06339581036383682 0.0

1745364009
0.897196261682243 0.05623052959501558 0.0

1745364010
0.43367024636765633 0.026216045483259634 0.0003158559696778269

1745364011
0.12719023779724656 0.008135168961201502 0.0

1745364012
0.06800062529310615 0.008128810379865563 0.0003126465530717524

1745364013
0.1317103620474407 0.016229712858926344 0.00046816479400749064

1745364014
0.19457935140216198 0.026163246122512925 0.0

1745364015
0.5343890700201832 0.10277907157273715 0.0003105107902499612

1745364016
0.8723103502434427 0.12329197424218627 0.0

1745364017
0.8854020296643248 0.11038251366120219 0.000156128024980484

1745364018
0.8807854137447405 0.11453950444132772 0.00015583606046439146

1745364019
0.8888715223507346 0.10815879962488277 0.0

1745364020
0.8741804558226662 0.12098033093974399 0.0

1745364021
0.8903474903474904 0.10563706563706564 0.0

1745364023
0.8964296948726015 0.10050330292544825 7.864108210128971e-05

1745364024
0.9117876658860266 0.08649492583918814 0.0

1745364025
0.9133624726818608 0.08460817983140806 0.0

1745364026
0.927665570690465 0.07155158916549241 0.0

1745364027
0.9244204018547141 0.07357032457496136 0.0

1745364029
0.9110866315209694 0.0857659926036667 0.0

1745364030
0.8749609252891528 0.12253829321663019 0.0

1745364031
0.9052550231839258 0.09273570324574962 0.0

1745364033
0.642890920554855 0.0584016393442623 0.0

1745364034
0.2571651090342679 0.013551401869158878 0.00031152647975077883

1745364035
0.12903225806451613 0.012057626056999686 0.0

1745364036
0.0525328330206379 0.005315822388993121 0.0

1745364037
0.02875898718349484 0.003907471084713973 0.00015629884338855892

1745364038
0.07675507020280811 0.0057722308892355694 0.00031201248049921997

1745364039
0.16052672832732404 0.016773788995140305 0.0004702931493964571

1745364040
0.8355293752906526 0.1312974732599597 0.0001550147263990079

1745364041
0.9076488141982095 0.09235118580179048 0.0

1745364042
0.9123134328358209 0.08768656716417911 0.0

1745364043
0.9296082409864211 0.0703917590135789 0.0

1745364044
0.9306557891433951 0.06934421085660496 0.0

1745364045
0.9244430596666148 0.07555694033338527 0.0

1745364046
0.910355486862442 0.08964451313755796 0.0

1745364047
0.9163921568627451 0.08345098039215686 0.0

1745364049
0.6914231708277546 0.04426242419469166 7.875876191226274e-05

1745364050
0.23156411460779708 0.010333489901362142 0.0001565680288085173

1745364051
0.07323547782635853 0.0070268582136164895 0.0

1745364052
0.035931885642868304 0.0018747070770192159 0.0001562255897516013

1745364053
0.04590010891551268 0.002178310253617551 0.0

1745364054
0.5696024941543258 0.12003117692907249 0.0001558846453624318

1745364055
0.9043069694596712 0.0952231793265466 0.0

1745364056
0.8922333125389894 0.10714285714285714 0.0

1745364057
0.8484419263456091 0.091123701605288 0.00015738117721120554

1745364058
0.34374019454032007 0.029494822717288986 0.0

1745364059
0.04605776736924278 0.004527712724434036 0.0

1745364060
0.029416366765764358 0.0035988108277264902 0.0

1745364061
0.029035279425538556 0.0031220730565095223 0.0

1745364062
0.2214796394156046 0.07833385141436121 0.00046627292508548337

1745364063
0.905914802329145 0.09056083358872204 0.0

1745364065
0.8814173228346457 0.11622047244094488 7.874015748031496e-05

1745364066
0.90625 0.09217964824120603 0.0

1745364067
0.9317432920131806 0.06762906009728542 0.0

1745364068
0.9193923422725159 0.08014261354828708 0.0

1745364069
0.9256840796019901 0.0740049751243781 0.0

1745364070
0.9216325263811297 0.0782122905027933 0.0

1745364071
0.9075232717839158 0.09247672821608424 0.0

1745364073
0.6528567994230307 0.03670165878676176 8.01346261719689e-05

1745364074
0.1351857633468623 0.007024664377146425 0.00015610365282547612

1745364075
0.04612257661038149 0.0017198248905565979 0.0

1745364076
0.045831378069763805 0.0018770530267480056 0.00015642108556233381

1745364077
0.046062869592281355 0.0012449424214130097 0.0

1745364078
0.3291877782895747 0.07200982650084446 0.00046061722708429296

1745364080
0.9029285435376806 0.09480671612651308 7.809449433814917e-05

1745364082
0.8875019750355506 0.11099699794596303 7.900142202559646e-05

1745364083
0.9114631873252563 0.08853681267474371 0.0

1745364084
0.9132116336633663 0.08663366336633663 0.0

1745364086
0.935715412525635 0.06420571067991797 0.0

1745364087
0.9333230198019802 0.0666769801980198 0.0

1745364088
0.9289959336878324 0.07100406631216766 0.0

1745364089
0.9213237589759601 0.07867624102403996 0.0

1745364090
0.9290514142834818 0.0709485857165182 0.0

1745364091
0.9197000468676769 0.08029995313232308 0.0

1745364092
0.928035043804756 0.07133917396745933 0.0

1745364093
0.7937755422823012 0.039295818924866395 0.00031436655139893113

1745364094
0.3727458052375725 0.018817625842872825 0.0

1745364095
0.12336039975015615 0.005153029356652092 0.0

1745364096
0.05504300234558249 0.003909304143862392 0.0

1745364097
0.058786741713570984 0.0025015634771732333 0.00015634771732332708

1745364098
0.422836613558263 0.08059981255857544 0.00015620118712902218

1745364099
0.8811621078658631 0.08484005563282336 0.00015453562046051616

1745364100
0.8791225416036309 0.12087745839636914 0.0

1745364102
0.9026294820717131 0.09737051792828685 0.0

1745364103
0.9353624097897709 0.05538123627235645 0.0

1745364104
0.7835341994052277 0.03709500704335577 0.00015651901706057285

1745364105
0.4319461827284105 0.024249061326658324 0.00015644555694618273

1745364106
0.2138157894736842 0.008615288220551378 0.0

1745364107
0.2048795746011886 0.023928683140444166 0.00046918986549890525

1745364108
0.8705772811918063 0.09978274363749225 0.00015518311607697082

1745364109
0.9141248240262787 0.08509307054590959 0.0

1745364110
0.9186891327871387 0.07961044983768743 0.0

1745364111
0.8962904498816101 0.10197316495659037 0.0

1745364112
0.9035786841694015 0.09548366932333177 0.0

1745364113
0.8903255958872098 0.10967440411279016 0.0

1745364114
0.9158439116125999 0.08399937313900642 0.0

1745364115
0.91078125 0.08921875 0.0

1745364116
0.9236653137683422 0.07633468623165782 0.0

1745364117
0.9362867877269881 0.0637132122730119 0.0

1745364118
0.9122286428236764 0.05653599875058566 0.0

1745364119
0.36976377952755907 0.026299212598425197 0.0

1745364120
0.09497032177444549 0.00359262730396751 0.00015620118712902218

1745364121
0.07912431587177482 0.002501954652071931 0.0

1745364122
0.17407785391456482 0.042426009622393936 0.00043738154249890656

1745364124
0.8536703937773457 0.1449521957543348 0.0

1745364125
0.8330229671011794 0.16666666666666666 0.0

1745364126
0.8806274509803922 0.11905882352941176 0.0

1745364127
0.8422284644194756 0.09722222222222222 0.0

1745364128
0.3005263997447759 0.04099537406284894 0.0

1745364129
0.08731028008136442 0.0034423407917383822 0.00015647003598810827

1745364130
0.07731958762886598 0.001562011871290222 0.0

1745364131
0.07722187694220012 0.0013983840894965817 0.00015537600994406463

1745364132
0.09392611145898559 0.002974326862867877 0.0

1745364133
0.3427089880578253 0.06741043368950346 0.0

1745364134
0.9154228855721394 0.08426616915422885 0.0

1745364135
0.892478152309613 0.10720973782771535 0.0

1745364136
0.9187880680930813 0.08089957832266126 0.0

1745364137
0.9353725490196079 0.06447058823529411 0.0

1745364138
0.7327058823529412 0.04454901960784314 0.00015686274509803922

1745364139
0.1518987341772152 0.009376465072667605 0.0

1745364140
0.05649452269170579 0.002190923317683881 0.00015649452269170578

1745364141
0.04605570250505679 0.0014003423058969971 0.0

1745364142
0.2580996884735203 0.08629283489096573 0.00031152647975077883

1745364143
0.9210197059743509 0.07882389740381608 0.0

1745364144
0.909985935302391 0.090014064697609 0.0

1745364145
0.9089341692789968 0.09106583072100313 0.0

1745364146
0.9125224685440384 0.08747753145596165 0.0

1745364148
0.9287193373685887 0.07112137623446958 0.0

1745364149
0.7312352478363493 0.052557041699449254 0.00015735641227380016

1745364150
0.3748431618569636 0.02164366373902133 0.0

1745364151
0.16598873591989988 0.012202753441802253 0.00015644555694618273

1745364152
0.11388845492891736 0.010935791282612092 0.0

1745364153
0.18351063829787234 0.01658322903629537 0.00046933667083854817

1745364154
0.3794447910168434 0.03976918278228322 0.0006238303181534623

1745364155
0.8260059033711357 0.08606493708249184 0.00015535187199005747

1745364156
0.9154228855721394 0.0845771144278607 0.0

1745364157
0.9261122465021223 0.0738877534978777 0.0

1745364158
0.9396325459317585 0.06021306160259379 0.0

1745364160
0.6401832253988311 0.03956720897172643 7.8976465013426e-05

1745364161
0.16926677067082682 0.013884555382215289 0.00015600624024960998

1745364162
0.13590866437284954 0.02142633719111667 0.0

1745364163
0.47036122259956775 0.08907070083359062 0.00030873726458783575

1745364164
0.9139208576383415 0.08607914236165852 0.0

1745364165
0.8879216539717084 0.11176744909062646 0.000155448468832582

1745364166
0.9136498981350886 0.08635010186491146 0.0

1745364167
0.9345837854596186 0.06541621454038134 0.0

1745364168
0.8600190234622701 0.05057070386810399 0.0

1745364169
0.6189434198186934 0.025789309159112223 0.00015629884338855892

1745364170
0.505712944122711 0.022851776490843637 0.0

1745364171
0.4300015642108556 0.014703582042859377 0.00015642108556233381

1745364172
0.5532346063912704 0.07996882307092751 0.0003117692907248636

1745364173
0.9047767717764595 0.09178894786137996 0.0

1745364174
0.9077958672510958 0.09204758922980588 0.0

1745364175
0.9114356743318831 0.08794282162834058 0.0

1745364176
0.9251520349290504 0.07484796507094964 0.0

1745364177
0.9396875 0.0603125 0.0

1745364178
0.9336074310948683 0.06624029237094564 0.0

1745364180
0.9377013119648048 0.06229868803519523 0.0

1745364181
0.9258745569425181 0.0741254430574819 0.0

1745364183
0.6981312889314806 0.06420699568758984 7.985944737262418e-05

1745364184
0.26277942785680786 0.01516335782397999 0.0

1745364185
0.17443679599499373 0.01032540675844806 0.0

1745364186
0.09049773755656108 0.003276642221875488 0.0

1745364187
0.08641202254226675 0.010488415779586726 0.0

1745364188
0.4180570715733666 0.07032590051457976 0.0001559332605644784

1745364189
0.8721816202767844 0.10511584512517494 0.0

1745364190
0.8823529411764706 0.11749144102085278 0.0

1745364191
0.9140072315673636 0.08583556044647069 0.0

1745364192
0.8994369721614013 0.10056302783859869 0.0

1745364193
0.895056915640106 0.10494308435989397 0.0

1745364194
0.896390060947023 0.10360993905297702 0.0

1745364195
0.9158878504672897 0.08411214953271028 0.0

1745364196
0.8971509079524108 0.10269254852849093 0.0

1745364197
0.9200810095030378 0.07976320299112011 0.00015578750584203146

1745364198
0.9303608003781314 0.05798014810146526 0.0

1745364199
0.6027612174458739 0.03969250078443677 0.00031377470975839345

1745364200
0.2629027213012199 0.015170472317797936 0.0

1745364201
0.0863522798251093 0.005153029356652092 0.0

1745364202
0.04626445764301344 0.0014066895904970304 0.0

1745364203
0.04754505904288378 0.0007768800497203232 0.0

1745364204
0.17593321782957946 0.022208221767207433 0.00031501023783272954

1745364205
0.7691481197237146 0.11895625479662318 0.0

1745364206
0.9115925984501028 0.08824924877431599 0.0

1745364207
0.9291595463725338 0.07084045362746622 0.0

1745364208
0.9251478369125428 0.07469654528478058 0.0

1745364209
0.9318004066948224 0.06819959330517754 0.0

1745364210
0.9288979977928425 0.0711020022071575 0.0

1745364211
0.9269455552137804 0.07290064595509074 0.0

1745364213
0.6637651341299359 0.04288992640658384 7.913270554720265e-05

1745364214
0.1009832995161542 0.005774933666302481 0.0

1745364215
0.07601246105919003 0.002959501557632399 0.0

1745364216
0.07692307692307693 0.0018799937333542221 0.0

1745364217
0.09371088861076346 0.0031289111389236545 0.00015644555694618273

1745364218
0.1303395399780942 0.004850571115631357 0.00015647003598810827

1745364219
0.16697906904092472 0.007029053420805998 0.00031240237425804435

1745364220
0.2677202315756533 0.01361289313096542 0.0007823501799405414

1745364221
0.6394409937888199 0.049689440993788817 0.00031055900621118014

1745364222
0.9232680956818888 0.07642124883504194 0.0

1745364223
0.9551937984496124 0.044806201550387594 0.0

1745364225
0.5827861719800649 0.026817498615615852 0.00015821533106558027

1745364226
0.22993899577663068 0.004849053652432348 0.00015642108556233381

1745364227
0.13654806491885144 0.00764669163545568 0.00015605493133583021

1745364228
0.6791548029372096 0.0692342274838903 0.0

1745364230
0.9368984787333127 0.06310152126668736 0.0

1745364232
0.9325478412146133 0.06737308239759608 0.0

1745364234
0.9362581465585758 0.0569861707200763 7.947862025115244e-05

1745364235
0.6607618749020222 0.03683963003605581 0.00015676438313215238

1745364236
0.3183023872679045 0.010766110157590887 0.00015603058199407084

1745364237
0.19671361502347418 0.00485133020344288 0.0

1745364238
0.17494163424124515 0.002178988326848249 0.0

1745364239
0.15149136577708006 0.005180533751962323 0.00015698587127158556

1745364240
0.12991078416027546 0.0026608232900297386 0.0

1745364241
0.0947467166979362 0.0017198248905565979 0.00015634771732332708

1745364242
0.07991293532338309 0.0018656716417910447 0.0

1745364243
0.5102616324612251 0.09180636064546452 0.00015666614444618518

1745364244
0.8267103007635968 0.11407199625993455 0.0

1745364245
0.9088079676314971 0.09056956115779645 0.0

1745364246
0.8936903084390168 0.10521371535932363 0.0001565680288085173

1745364247
0.9013715518569887 0.09832023424256434 0.0

1745364248
0.90703125 0.09296875 0.0

1745364250
0.9154918484681421 0.08442939276994565 0.0

1745364251
0.9213360387076635 0.07850788200405806 0.0

1745364252
0.910733759152516 0.08926624084748404 0.0

1745364253
0.9016752779082511 0.09832472209174886 0.0

1745364254
0.8971714330364119 0.10282856696358807 0.0

1745364255
0.8996738624009939 0.10001553036185744 0.0

1745364256
0.9051777916406737 0.09435433562071116 0.0

1745364257
0.9223499763742322 0.07686249803118601 0.0

1745364258
0.8725413060582219 0.05239968528717545 0.0

1745364259
0.6986858573216521 0.035826032540675845 0.00031289111389236547

1745364260
0.47944130571249216 0.026365348399246705 0.00015693659761456373

1745364261
0.3029498985484626 0.019665990323084127 0.00015607928827844546

1745364262
0.5305646290247317 0.1250583294447037 0.00015554518587649713

1745364263
0.9314509803921569 0.06807843137254901 0.0

1745364264
0.8913232733604178 0.10867672663958212 0.0

1745364266
0.922479365593138 0.07752063440686195 0.0

1745364267
0.9417490971895117 0.0582509028104883 0.0

1745364268
0.9394745073506412 0.060525492649358775 0.0

1745364269
0.9527448533998752 0.04725514660012477 0.0

1745364270
0.9638819095477387 0.03329145728643216 0.0

1745364271
0.9036125817502336 0.049205854873871066 0.0

1745364272
0.8456344221105527 0.04381281407035176 0.0

1745364273
0.8252654590880699 0.02514053716427233 0.0001561524047470331

1745364274
0.8258304874262651 0.01893821794473766 0.0

1745364275
0.7931360201511335 0.0267632241813602 0.0

1745364276
0.7428080050031269 0.030644152595372107 0.00015634771732332708

1745364277
0.7193119624706802 0.02939796716184519 0.0

1745364278
0.659880989664892 0.024271844660194174 0.0

1745364279
0.5814281240212966 0.024585029752583778 0.0

1745364280
0.5231611893583724 0.012989045383411581 0.00015649452269170578

1745364281
0.4685687411820034 0.012384386267440038 0.0

1745364282
0.48244108006867487 0.033400967691587326 0.0003121585765568909

1745364283
0.6079937304075235 0.04592476489028213 0.00015673981191222572

1745364284
0.6772023157565327 0.04068220935690815 0.00031294007197621654

1745364285
0.7198936502971536 0.0386299655927432 0.00015639662183296842

1745364286
0.7571585041464559 0.04568925050852762 0.00015647003598810827

1745364287
0.8380788485607009 0.04865456821026283 0.00031289111389236547

1745364288
0.896063482184534 0.038276023027851255 0.00015559358954411078

1745364289
0.9317363394394864 0.06403632378268358 0.0001565680288085173

1745364290
0.9466252909231962 0.05337470907680372 0.0

1745364291
0.9376570351758794 0.062342964824120606 0.0

1745364292
0.9504702194357367 0.049529780564263326 0.0

1745364293
0.9560747663551402 0.04392523364485981 0.0

1745364294
0.9664377146425226 0.033562285357477364 0.0

1745364295
0.9628933771723814 0.036950054798810084 0.0

1745364296
0.9651252112459672 0.03426025503149485 0.0

1745364298
0.8061990986004586 0.02743733691784613 0.0

1745364299
0.7228915662650602 0.024878735722109215 0.00015647003598810827

1745364300
0.6447574334898278 0.021283255086071987 0.00015649452269170578

1745364301
0.6009038491506935 0.014025245441795231 0.0003116721209287829

1745364302
0.5193274670018856 0.019798868636077938 0.0

1745364303
0.3784798248357836 0.012668126368470442 0.0

1745364304
0.2828093226966995 0.008603159705928358 0.0

1745364305
0.19520601597994675 0.011279962400125333 0.0

1745364306
0.14442013129102846 0.005157861831822445 0.0

1745364307
0.09164842039411948 0.006255864873318737 0.0

1745364308
0.34120205000776516 0.09395868923745923 0.0

1745364309
0.9118152021226783 0.08771656001248634 0.00015607928827844546

1745364310
0.9267376330619912 0.07310582341891046 0.0

1745364311
0.9060620083294771 0.09378374209470924 0.0

1745364312
0.9291103426595411 0.07088965734045898 0.0

1745364313
0.9398330445739487 0.06016695542605135 0.0

1745364314
0.9374613959234095 0.06253860407659048 0.0

1745364315
0.9137496058025859 0.08625039419741407 0.0

1745364316
0.9176890821556142 0.08231091784438578 0.0

1745364317
0.9347826086956522 0.06521739130434782 0.0

1745364318
0.9504794843578054 0.049520515642194625 0.0

1745364319
0.945395650161962 0.05460434983803795 0.0

1745364321
0.6000947642738688 0.03577351338545368 7.897022822395957e-05

1745364322
0.21317890123650024 0.018782282047268742 0.0

1745364323
0.21487732458196593 0.013439599937490233 0.0

1745364324
0.21894045944678855 0.011720581340834505 0.0

1745364325
0.20529282806138427 0.017538365173817728 0.0

1745364326
0.20807259073842302 0.01376720901126408 0.0

1745364327
0.4509051856397668 0.0869898741945382 0.0

1745364329
0.9211346633416458 0.07886533665835412 0.0

1745364331
0.9398100918151142 0.06018990818488582 0.0

1745364332
0.9386733416770964 0.06132665832290363 0.0

1745364333
0.9451582575994986 0.05468505170792855 0.0

1745364335
0.6426941537493115 0.04162404595168778 0.0

1745364336
0.26117536730228197 0.011878712097530478 0.00015629884338855892

1745364337
0.27597955706984667 0.06287749728976305 0.00015487068297971194

1745364338
0.9033672670321065 0.08050117462803445 0.00015661707126076742

1745364339
0.91546875 0.08453125 0.0

1745364340
0.9105411323115421 0.08945886768845793 0.0

1745364341
0.9236653137683422 0.07633468623165782 0.0

1745364342
0.93625 0.06375 0.0

1745364343
0.9499454233588024 0.05005457664119757 0.0

1745364344
0.9515951595159516 0.048247681911048244 0.0

1745364345
0.95765625 0.0421875 0.0

1745364346
0.9526700918573875 0.04172505059940838 0.0

1745364347
0.8929918290383406 0.039440603394091764 0.00015713387806411063

1745364348
0.7880722516350047 0.03581438804110869 0.0

1745364349
0.6014800818768697 0.023303416784758307 0.0

1745364350
0.5068771491090966 0.019224757736792747 0.0

1745364351
0.4235514602530064 0.01468061846009683 0.0

1745364352
0.3931811072880826 0.010165780419142947 0.0

1745364353
0.37697729052466716 0.0206734534064213 0.0

1745364354
0.3778751369112815 0.018463464246596777 0.0

1745364355
0.37533218696263876 0.021103642332343287 0.0

1745364356
0.3718891845359211 0.024416966661449366 0.0

1745364357
0.37679575265459087 0.017176764522173642 0.0

1745364358
0.40419208509307053 0.02471453151884874 0.0

1745364359
0.4938348681130014 0.037459029186826906 0.0

1745364360
0.5603690960275258 0.02658742571160463 0.0

1745364361
0.6457357075913777 0.02796001249609497 0.0

1745364362
0.6900438321853475 0.03850970569818409 0.0

1745364363
0.8163297045101089 0.05847589424572317 0.0

1745364364
0.9466520650813517 0.05334793491864831 0.0

1745364365
0.9463263727764888 0.053518948182521266 0.0

1745364366
0.9353516240933459 0.06464837590665405 0.0

1745364367
0.9453063783106096 0.054693621689390376 0.0

1745364368
0.95953125 0.04046875 0.0

1745364369
0.9633156415860131 0.03668435841398689 0.0

1745364370
0.9607482367371972 0.03925176326280282 0.0

1745364371
0.9545102893393161 0.045180256846665635 0.0

1745364373
0.6873905429071804 0.02595128164305047 0.0

1745364374
0.38741411617738913 0.017801374141161775 0.0001561524047470331

1745364375
0.33975563909774437 0.009868421052631578 0.0

1745364376
0.32582512122634133 0.007977475363679024 0.00015642108556233381

1745364377
0.3214174211676553 0.010771152044957853 0.00015610365282547612

1745364378
0.46961412279331355 0.030463990001562257 0.0001562255897516013

1745364379
0.8066937754144511 0.07272442915233031 0.00015639662183296842

1745364380
0.8985148514851485 0.10148514851485149 0.0

1745364381
0.9257277734067664 0.07427222659323368 0.0

1745364382
0.9436972161401314 0.05630278385986863 0.0

1745364383
0.9467704280155642 0.0532295719844358 0.0

1745364384
0.9362976978871018 0.05140334279407127 0.0001576789656259855

1745364385
0.4882049679737541 0.02733947820653023 0.0

1745364386
0.16416510318949343 0.005628517823639775 0.00015634771732332708

1745364387
0.13284306055390394 0.0034423407917383822 0.0

1745364388
0.4021039409640446 0.054325639817867796 0.0001570105197048202

1745364389
0.9518708275112561 0.047973917093619006 0.0

1745364390
0.955517402840643 0.04432651787107851 0.00015607928827844546

1745364391
0.9533865165024246 0.04661348349757547 0.0

1745364392
0.9148051147743029 0.08504082575874287 0.0

1745364394
0.7745043835400047 0.04012321301634942 0.0

1745364395
0.2262146539603187 0.01702858928292454 0.0

1745364396
0.11595111250391726 0.00407395800689439 0.0

1745364397
0.09868626837660306 0.004066312167657179 0.0

1745364398
0.09257232212666146 0.006567630961688819 0.0001563721657544957

1745364399
0.08773025288791758 0.012332188573212614 0.00031220730565095225

1745364400
0.0907526208731028 0.007667031763417305 0.00015647003598810827

1745364401
0.08498672082487112 0.010467114513357289 0.0

1745364402
0.38431616617395364 0.05943675120585032 0.00015559358954411078

1745364403
0.9408367155791445 0.05885107711520449 0.0

1745364404
0.9194478155339806 0.08055218446601942 0.0

1745364406
0.9074424471775465 0.09255755282245348 0.0

1745364407
0.9445752865441984 0.055424713455801536 0.0

1745364408
0.9429598374746054 0.057040162525394594 0.0

1745364410
0.6707105719237435 0.043327556325823226 7.877737513786041e-05

1745364411
0.22314178638351032 0.01858213616489694 0.0

1745364412
0.18372129354788314 0.046242774566473986 0.0

1745364413
0.870159803318992 0.12968653964351567 0.0

1745364414
0.9251775848460931 0.07482241515390686 0.0

1745364415
0.8811462574381459 0.11885374256185406 0.0

1745364416
0.9263995010135662 0.07360049898643381 0.0

1745364417
0.927335100576953 0.07266489942304694 0.0

1745364418
0.9224246231155779 0.0775753768844221 0.0

1745364419
0.9177462150772593 0.08225378492274076 0.0

1745364420
0.9283720930232559 0.07162790697674419 0.0

1745364421
0.9214185283549445 0.07858147164505545 0.0

1745364422
0.9261122465021223 0.0738877534978777 0.0

1745364423
0.9415543716703227 0.058288937637104354 0.0

1745364424
0.8766223612197029 0.05551211884284597 0.0

1745364425
0.46650943396226413 0.030345911949685535 0.0

1745364426
0.18852587150226668 0.014225418164764733 0.0

1745364427
0.09557328327858595 0.00782105427811669 0.00031284217112466763

1745364428
0.5077639751552795 0.06552795031055901 0.0

1745364429
0.948424953675108 0.05142063001852996 0.0

1745364430
0.9435334379010409 0.05575360045629545 0.0

1745364432
0.9405490325781379 0.05581279973540599 8.26856292376385e-05

1745364433
0.6792659974905897 0.03622961104140527 0.0007841907151819323

1745364434
0.4220240888471766 0.01767558266854372 0.0004692632566870014

1745364435
0.21090567220307113 0.011595111250391726 0.00015669069257286117

1745364436
0.14500234631628345 0.007508212106992022 0.0

1745364437
0.3610894941634241 0.09509727626459144 0.0001556420233463035

1745364438
0.903145047723361 0.09294320137693632 0.0

1745364439
0.9213973799126638 0.07766687461010605 0.00015595757953836556

1745364440
0.9305619707467283 0.06789838337182448 0.0

1745364442
0.951267209011264 0.04748122653316646 0.0

1745364444
0.49640968989189616 0.03069517872642626 0.0

1745364445
0.18247148882987033 0.006092798000312451 0.0

1745364446
0.16687383467992542 0.006525792417650715 0.0

1745364447
0.16931549960660897 0.0045633359559402046 0.0

1745364448
0.6273291925465838 0.10326086956521739 0.0004658385093167702

1745364449
0.8854818523153942 0.1096683354192741 0.00031289111389236547

1745364450
0.9277786462404252 0.07018915116460842 0.0

1745364451
0.9226666666666666 0.07403921568627451 0.00015686274509803922

1745364452
0.936470953712333 0.061820441130785955 0.00015532774153463808

1745364453
0.9346586756322175 0.0640257272328607 0.0

1745364455
0.9410763494893823 0.05778894472361809 0.0

1745364456
0.9295992573108464 0.06978183506111713 0.00015472690700912888

1745364458
0.9147038109398231 0.08365286798654042 0.0

1745364459
0.9063729346970889 0.0925255704169945 0.0

1745364460
0.8883320281910728 0.11072826938136257 0.0

1745364461
0.8866126049224641 0.11281832408592972 0.0

1745364463
0.85951773516583 0.12838449510328367 0.0

1745364464
0.7246285172304774 0.07856465380967435 0.0

1745364465
0.5360050093926112 0.028960551033187225 0.0

1745364466
0.39689509173592596 0.028383252312999842 0.00015681354869060687

1745364467
0.2257156264664477 0.015329266385108713 0.0

1745364468
0.1305095342294467 0.010472022507033447 0.0

1745364469
0.0930739299610895 0.0014007782101167316 0.0

1745364470
0.09481412058731646 0.001718213058419244 0.0

1745364471
0.08015686274509803 0.0034509803921568627 0.0

1745364472
0.1518136335209506 0.0375234521575985 0.0

1745364473
0.697841726618705 0.25258054426024396 0.00015639662183296842

1745364474
0.7896551724137931 0.209717868338558 0.0

1745364475
0.833737496210973 0.166262503789027 0.0

1745364477
0.8968581402729292 0.10306251983497303 0.0

1745364478
0.8877264209868831 0.11211742660836976 0.0

1745364479
0.9227586206896552 0.07724137931034483 0.0

1745364481
0.9059016137834256 0.09409838621657442 0.0

1745364483
0.9471872376154492 0.0528127623845508 0.0

1745364484
0.9420970266040689 0.054616588419405324 0.0

1745364485
0.7889273356401384 0.042623466498899025 0.00015728216420257942

1745364486
0.6728375855631612 0.023957685127566894 0.0

1745364487
0.9890727443022167 0.010771152044957853 0.0

1745364488
0.9928192319700281 0.007180768029971901 0.0

1745364489
0.9943041871921182 0.005695812807881773 0.0

1745364490
0.99530736743313 0.004692632566870014 0.0

1745364491
0.9942241648454574 0.0057758351545426165 0.0

1745364493
0.9930157733657694 0.0061210076120222865 7.847445656438829e-05

1745364494
0.9905675208300582 0.009432479169941834 0.0

1745364495
0.9915625 0.0084375 0.0

1745364496
0.9837474605407095 0.01515861853414596 0.0

1745364497
0.42647984886649876 0.008658690176322419 0.00015743073047858942

1745364498
0.21439725171767646 0.0023422860712054966 0.0

1745364499
0.1528642590286426 0.0012453300124533001 0.00015566625155666251

1745364500
0.12943763744894754 0.0017279296261388628 0.0

1745364501
0.12417891773537691 0.0014075695964967157 0.00015639662183296842

1745364502
0.12943013270882123 0.002966432474629196 0.0

1745364503
0.14238773274917854 0.0065717415115005475 0.00015647003598810827

1745364504
0.7929214529649177 0.050294939459795095 0.0001552312946289972

1745364505
0.96 0.0378125 0.0

1745364506
0.9539566099578586 0.04526299360074918 0.00015607928827844546

1745364507
0.9556414219474497 0.04435857805255023 0.0

1745364509
0.9504561182761875 0.048757470902799624 0.0

1745364510
0.9555104589447393 0.04417733374960974 0.00015610365282547612

1745364511
0.9476571070365146 0.05140260147312334 0.0

1745364512
0.961694176269075 0.037527250077857364 0.0

1745364513
0.9516810007818608 0.04784988272087568 0.0

1745364514
0.9431569057312872 0.055277168806764795 0.0

1745364515
0.9489401206869875 0.049512610242921244 0.0

1745364516
0.9487018095987412 0.05051140833988985 0.0

1745364517
0.9445225816533833 0.05235192998906079 0.0

1745364518
0.9013840830449827 0.04451085246932998 0.0

1745364519
0.5069803921568627 0.027450980392156862 0.0

1745364520
0.14831038798498122 0.005475594493116395 0.0

1745364521
0.07125 0.00125 0.0

1745364522
0.07199750117132594 0.0026550054661877245 0.0

1745364523
0.07694704049844237 0.004517133956386293 0.0

1745364524
0.34259403777118774 0.03511783986265023 0.0003121585765568909

1745364525
0.9553237858032378 0.044053549190535495 0.0

1745364526
0.9443573667711599 0.054075235109717866 0.0

1745364527
0.9324408468244084 0.06584682440846824 0.00015566625155666251

1745364528
0.9122394608995456 0.08682024761009247 0.0

1745364529
0.8852408239120334 0.11475917608796654 0.0

1745364530
0.9332393041842971 0.06676069581570286 0.0

1745364531
0.9444183497729763 0.05558165022702364 0.0

1745364532
0.9460470918446905 0.05395290815530953 0.0

1745364533
0.948078431372549 0.05192156862745098 0.0

1745364534
0.9524033192422108 0.04759668075778926 0.0

1745364535
0.9610185476265325 0.038981452373467465 0.0

1745364536
0.9552656104380243 0.04473438956197577 0.0

1745364537
0.8848580441640379 0.05615141955835962 0.0

1745364538
0.7308830400249182 0.02678710481233453 0.0

1745364539
0.5896994364433312 0.03303068252974327 0.0

1745364540
0.4143170426065163 0.03007518796992481 0.0

1745364541
0.3343227620684268 0.018122168411185753 0.0

1745364542
0.31114236599468664 0.00922019065478981 0.0

1745364543
0.3007319732128952 0.01292633546176608 0.0

1745364544
0.5088599655010193 0.09016779049709894 0.0004704406460718206

1745364545
0.658513787194267 0.05701822713818352 0.0003115750116840629

1745364546
0.6960753532182103 0.05227629513343799 0.0006279434850863422

1745364547
0.7551945008592408 0.061240431182627716 0.0001562255897516013

1745364548
0.8466708346358237 0.061581744295092215 0.00031259768677711783

1745364549
0.904199066874028 0.06998444790046657 0.00015552099533437013

1745364550
0.928895139865604 0.0709485857165182 0.0

1745364551
0.929854710201531 0.0699890642087174 0.0001562255897516013

1745364552
0.9446954354260788 0.055304564573921175 0.0

1745364553
0.9557091251766923 0.04429087482330768 0.0

1745364554
0.9457532548047117 0.054246745195288285 0.0

1745364555
0.9513768686073958 0.04862313139260425 0.0

1745364556
0.95046875 0.04953125 0.0

1745364557
0.9553817847286109 0.04461821527138914 0.0

1745364559
0.9589614079393891 0.04103859206061084 0.0

1745364560
0.9542687685344154 0.04573123146558452 0.0

1745364561
0.9630821078431373 0.036917892156862746 0.0

1745364563
0.9586457264619999 0.041354273538000155 0.0

1745364564
0.9614487797295197 0.03855122027048034 0.0

1745364565
0.9616472807293304 0.03819553599497014 0.0

1745364566
0.9603929518166224 0.03960704818337751 0.0

1745364567
0.9480131930265431 0.03973613946913774 0.0

1745364568
0.8824632697718037 0.04063769928102532 0.0

1745364569
0.8076321551454488 0.036596809508914606 0.0

1745364570
0.7248207047084503 0.034923604614904895 0.0

1745364571
0.6695966096374195 0.03233401349866583 0.0

1745364572
0.6080025007814942 0.02938418255704908 0.0

1745364573
0.5929632525410476 0.04597341673182174 0.0003127443315089914

1745364574
0.6934626212073819 0.07241163590866437 0.00015639662183296842

1745364575
0.742727557084767 0.058335939943697214 0.00031279324366593683

1745364576
0.7931519699812383 0.04455909943714822 0.00031269543464665416

1745364577
0.8284739454094293 0.0846774193548387 0.00015508684863523573

1745364578
0.920846394984326 0.07601880877742946 0.0

1745364579
0.9409375 0.0590625 0.0

1745364580
0.95609375 0.04375 0.00015625

1745364581
0.9495169834839514 0.050327204736678094 0.0001558117793705204

1745364582
0.9404575368223127 0.05938577248511438 0.00015669069257286117

1745364583
0.9514563106796117 0.04854368932038835 0.0

1745364584
0.945684407679101 0.05415951303262057 0.0

1745364585
0.9634015069967707 0.03659849300322928 0.0

1745364587
0.9426365140650855 0.05728468993775116 0.0

1745364588
0.9463003434280363 0.05260693100218545 0.0

1745364589
0.95921875 0.040625 0.00015625

1745364590
0.9562977992820353 0.04354612142968628 0.00015607928827844546

1745364591
0.9613191554939128 0.03868084450608723 0.0

1745364593
0.9484657749803305 0.051534225019669554 0.0

1745364594
0.9429556495847046 0.05704435041529541 0.0

1745364595
0.9535825545171339 0.046261682242990654 0.00015576323987538941

1745364596
0.9507735583684951 0.04922644163150492 0.0

1745364597
0.9632420793601969 0.03675792063980314 0.0

1745364599
0.9598517116264395 0.0401482883735605 0.0

1745364600
0.9514018691588785 0.038006230529595016 0.0

1745364601
0.8875859912445279 0.03486554096310194 0.0

1745364602
0.8496701225259189 0.03314483191957273 0.00015708451146716933

1745364603
0.772442915233031 0.04300907100406631 0.0

1745364604
0.71857880732509 0.027234308968539678 0.0

1745364605
0.6616201030123303 0.028874668331512407 0.0

1745364606
0.583516139141335 0.02961454089627076 0.0

1745364607
0.5504714793631164 0.060287525119802135 0.0003091667954861648

1745364608
0.9049483244597557 0.09285937989351707 0.00015659254619480113

1745364609
0.9288630653266332 0.07113693467336683 0.0

1745364610
0.9221042772400874 0.07758351545426163 0.0

1745364611
0.9248672289909403 0.07497656982193064 0.00015620118712902218

1745364612
0.907540675844806 0.0923028785982478 0.0

1745364613
0.9351808360732738 0.06481916392672617 0.0

1745364614
0.9514018691588785 0.04844236760124611 0.00015576323987538941

1745364615
0.9497966843916171 0.050203315608382856 0.0

1745364616
0.9356852950359038 0.06431470496409616 0.0

1745364617
0.9457352253235615 0.05426477467643848 0.0

1745364618
0.9490675442720576 0.050932455727942326 0.0

1745364619
0.96066187948798 0.03933812051201998 0.0

1745364620
0.9407164085718754 0.05912717034256218 0.0

1745364621
0.9400561973150172 0.05978769903215735 0.0

1745364622
0.9441576724542469 0.05584232754575317 0.0

1745364623
0.9257983719474013 0.07404508453350031 0.0

1745364624
0.9238199096432466 0.07618009035675338 0.0

1745364625
0.929073582252773 0.07077019215747539 0.0001562255897516013

1745364626
0.9244486156733928 0.07555138432660723 0.0

1745364627
0.9304131717924822 0.06958682820751787 0.0

1745364628
0.9491153906372318 0.050728041333959605 0.0001565680288085173

1745364629
0.9276823696234442 0.05120529383960926 0.0

1745364630
0.8937333958431005 0.04219409282700422 0.0

1745364631
0.8292415949960907 0.04440969507427678 0.0

1745364632
0.7352619233776387 0.04659890539483972 0.0001563721657544957

1745364633
0.7158717748240813 0.05394839718530102 0.0001563721657544957

1745364634
0.7061952440550688 0.0642991239048811 0.00015644555694618273

1745364635
0.726192337763878 0.043158717748240816 0.0001563721657544957

1745364636
0.7245583867437861 0.04408316398311709 0.0003126465530717524

1745364637
0.7301016419077404 0.03721657544956997 0.0001563721657544957

1745364638
0.7363238512035011 0.04220068771491091 0.00046889653016567677

1745364639
0.7566427008440137 0.05032822757111598 0.00031259768677711783

1745364640
0.773511580910928 0.05456241256023628 0.000466345406497746

1745364641
0.8073596477433559 0.05912879383550873 0.00015725743041358704

1745364642
0.8382054087853681 0.05236829763951852 0.0003126465530717524

1745364643
0.8750777846919726 0.0738954573739888 0.00031113876789047915

1745364644
0.9268635724331927 0.060790748554461635 0.0003125488357555868

1745364645
0.953125 0.04625 0.00015625

1745364646
0.9388489208633094 0.06005630278385987 0.0

1745364647
0.95 0.05 0.0

1745364648
0.9510861072042507 0.048913892795749335 0.0

1745364649
0.9532536108091318 0.04643578195371952 0.00015530361857431278

1745364650
0.9626256281407035 0.037374371859296485 0.0

1745364651
0.9523510971786834 0.04764890282131661 0.0

1745364652
0.9516606892250117 0.048339310774988306 0.0

1745364653
0.9543287713363063 0.04567122866369368 0.0

1745364655
0.9494169555625591 0.05050425464859754 7.87897888433659e-05

1745364656
0.9462416002500391 0.05360212533208314 0.0

1745364657
0.9490049751243781 0.05099502487562189 0.0

1745364658
0.9504702194357367 0.049529780564263326 0.0

1745364659
0.963363081258807 0.03663691874119305 0.0

1745364660
0.9321238661244917 0.04707538317172349 0.00015639662183296842

1745364661
0.9051791581912064 0.03473634798936004 0.0

1745364662
0.8804568925050853 0.04960100140823032 0.00015647003598810827

1745364663
0.8777743044701469 0.045951859956236324 0.0

1745364664
0.8844776584150709 0.03829985987856142 0.00031138097462245055

1745364665
0.8791621072377677 0.04502110364233234 0.0001563232765358762

1745364666
0.8797865662272442 0.04519774011299435 0.00031387319522912746

1745364667
0.8615911567803207 0.06352171882297991 0.00031138097462245055

1745364668
0.8639146130905666 0.061214879924658606 0.0003139224611520954

1745364669
0.8519155590304925 0.07333854573885848 0.0001563721657544957

1745364670
0.856986387106869 0.06728211547488656 0.00031294007197621654

1745364671
0.8605123398937832 0.06326148078725398 0.00015620118712902218

1745364672
0.8598875351452671 0.06576069978131834 0.00015620118712902218

1745364673
0.8516889238020424 0.08185388845247447 0.00015710919088766692

1745364674
0.8718108276291225 0.051960174237710016 0.0

1745364675
0.8642052565707133 0.060387984981226536 0.00015644555694618273

1745364676
0.8754103486009067 0.04799124589651399 0.0003126465530717524

1745364677
0.87828125 0.04546875 0.00015625

1745364678
0.8746091307066917 0.05112570356472795 0.00015634771732332708

1745364679
0.869939033922151 0.05408785368141316 0.0001563232765358762

1745364680
0.8679068313271846 0.05721431921213069 0.0004689698296076286

1745364681
0.8752930145335208 0.048288795124238164 0.0001562744178777934

1745364682
0.8866075594960336 0.06019598693420439 0.00015554518587649713

1745364683
0.94296875 0.054375 0.00015625

1745364684
0.9520237537115174 0.04797624628848258 0.0

1745364685
0.9496324104489285 0.04989832629438448 0.0

1745364686
0.9044526901669759 0.09369202226345083 0.00015460729746444033

1745364688
0.9270466807412621 0.07279693486590039 7.81921964187974e-05

1745364689
0.9283351708930541 0.07150732398802961 0.0

1745364690
0.9044036984798621 0.09371571853941388 0.0

1745364691
0.902948977999688 0.09533468559837728 0.0

1745364692
0.8949520364837239 0.07391099229438591 0.00015725743041358704

1745364693
0.7517597372125763 0.03847958704833412 0.0

1745364694
0.5221682594391353 0.040106532978223405 0.00015666614444618518

1745364695
0.35976849679336775 0.024088847176599405 0.00031284217112466763

1745364696
0.3152871225160382 0.015021123454858395 0.0

1745364697
0.45454545454545453 0.09618367980142724 0.00015513496742165683

1745364698
0.8934734860370254 0.10652651396297458 0.0

1745364699
0.9270995941305027 0.07290040586949735 0.0

1745364700
0.9372699160653807 0.06273008393461935 0.0

1745364702
0.9379182455857454 0.06208175441425461 0.0

1745364703
0.950459573142234 0.04954042685776601 0.0

1745364704
0.9463559587112919 0.051610885204879574 0.0

1745364705
0.838810641627543 0.0433489827856025 0.0

1745364706
0.6511773940345369 0.04207221350078493 0.0

1745364707
0.48756452369779446 0.029094321914594087 0.0

1745364708
0.47168335419274093 0.03504380475594493 0.0

1745364709
0.47433489827856024 0.02926447574334898 0.0

1745364710
0.48210657915299265 0.024066260353180186 0.0003125488357555868

1745364711
0.47513293712855803 0.029402564904598062 0.0

1745364712
0.6270791232706358 0.08487486398258977 0.0

1745364713
0.89546875 0.10390625 0.00015625

1745364714
0.9188128140703518 0.08055904522613065 0.000157035175879397

1745364715
0.923818407960199 0.0724502487562189 0.0001554726368159204

1745364716
0.9275657071339174 0.07196495619524405 0.0

1745364717
0.9214888958398498 0.07585236158898968 0.0

1745364718
0.9372676579925651 0.06087360594795539 0.0

1745364719
0.9356513530522341 0.06277533039647577 0.00015733165512901197

1745364720
0.9163153786104605 0.08368462138953943 0.0

1745364721
0.9217159855957413 0.07718803820259904 0.0

1745364722
0.9205513396314078 0.07836456558773425 0.0

1745364723
0.9255872615481633 0.07441273845183667 0.0

1745364724
0.9398227336339605 0.0601772663660395 0.0

1745364725
0.9481865284974094 0.05181347150259067 0.0

1745364726
0.9622757245821193 0.03772427541788069 0.0

1745364727
0.9536058071642733 0.04607858608174215 0.00015780337699226762

1745364729
0.9270767778477029 0.046019509125235995 0.0

1745364730
0.8428951070814444 0.05377520712834141 0.0

1745364731
0.78351321758173 0.0541216956045675 0.0

1745364732
0.7189163795803319 0.05042279987472596 0.0

1745364733
0.7112048757618378 0.04344428817002657 0.0

1745364734
0.7185984670733615 0.039418113561708115 0.00015642108556233381

1745364735
0.7159587757651468 0.04231730168644597 0.0001561524047470331

1745364736
0.7158290277125411 0.04274307186472522 0.0

1745364737
0.8052598622417032 0.06418284283030683 0.0

1745364738
0.9368093385214008 0.06163424124513619 0.0

1745364739
0.9200124980471801 0.07983127636306828 0.0

1745364740
0.9145934466019418 0.08540655339805825 0.0

1745364742
0.9276305348357403 0.07236946516425964 0.0

1745364743
0.9418912603209223 0.057952952173235706 0.0

1745364744
0.9053161371500472 0.06354199433784209 0.0

1745364745
0.8168881939014855 0.036278342455043 0.0001563721657544957

1745364746
0.7088488645262334 0.03821456538762725 0.0

1745364747
0.5789556217657206 0.041241963305629604 0.0

1745364748
0.5584009993753903 0.04231730168644597 0.0

1745364749
0.5560945079017369 0.04443749022062275 0.0

1745364750
0.5449139280125196 0.056338028169014086 0.00015649452269170578

1745364751
0.5545298075418558 0.04412455014864653 0.0

1745364752
0.6181988742964353 0.04940587867417136 0.0

1745364753
0.8393079800498753 0.06327930174563591 0.00015586034912718204

1745364754
0.9220275926212991 0.07797240737870098 0.0

1745364755
0.9387243378780755 0.061275662121924465 0.0

1745364756
0.9333960194326908 0.06660398056730919 0.0

1745364757
0.92640625 0.07359375 0.0

1745364758
0.9407200496585971 0.059279950341402855 0.0

1745364759
0.9540519276160504 0.04594807238394965 0.0

1745364760
0.9573504139978128 0.04249336041243556 0.0

1745364761
0.9510500308832612 0.048641136504014824 0.0

1745364763
0.5731900094846665 0.040388871324691746 0.0

1745364764
0.31133698201720095 0.020953870211102423 0.0

1745364765
0.14276788503592627 0.01437050921587004 0.0

1745364766
0.12556755910443088 0.004227336777829967 0.0

1745364767
0.12417994376757263 0.0067166510465479536 0.0

1745364768
0.27951280449718924 0.027795128044971893 0.0001561524047470331

1745364769
0.6717140181080238 0.06322197939431783 0.00031220730565095225

1745364770
0.9262320648783531 0.0701809107922645 0.0

1745364771
0.9184247538677919 0.08157524613220815 0.0

1745364772
0.9328859060402684 0.06711409395973154 0.0

1745364773
0.946727073894704 0.05327292610529605 0.0

1745364774
0.8871625863151287 0.05602636534839925 0.00015693659761456373

1745364775
0.5430453191155716 0.035283048455386545 0.00015681354869060687

1745364776
0.2692849319355343 0.016116413706775152 0.0

1745364777
0.34950093574547725 0.04460386774797255 0.00015595757953836556

1745364778
0.8215619166148102 0.07140634723086496 0.00015556938394523958

1745364779
0.9439587886356541 0.05604121136434593 0.0

1745364780
0.9005712521228963 0.0994287478771036 0.0

1745364782
0.9171579030102963 0.08284209698970368 0.0

1745364783
0.9438536127619643 0.05598999061620269 0.0

1745364784
0.9489541055260693 0.05104589447393069 0.0

1745364785
0.948641432385739 0.043191455944714935 0.0

1745364786
0.8165884194053208 0.042879499217527386 0.0

1745364787
0.6648936170212766 0.04630788485607009 0.0

1745364788
0.6804752227606691 0.04126934500547132 0.0001563232765358762

1745364789
0.6278924327704816 0.046278924327704814 0.00015634771732332708

1745364790
0.6368898623279099 0.03723404255319149 0.00015644555694618273

1745364791
0.6422204847537138 0.031899921813917126 0.0001563721657544957

1745364792
0.6555225745977191 0.029370410873301046 0.0003124511795032026

1745364793
0.7269314982796372 0.04300907100406631 0.00031279324366593683

1745364794
0.8215067208502657 0.060331353547983746 0.00031259768677711783

1745364795
0.8915925752612697 0.10809546092653252 0.00015598190609889253

1745364796
0.91265625 0.08734375 0.0

1745364797
0.9277258566978193 0.07227414330218068 0.0

1745364798
0.9368058814328172 0.06319411856718285 0.0

1745364799
0.94796875 0.05203125 0.0

1745364800
0.9651943187139067 0.034805681286093335 0.0

1745364801
0.9704877291084187 0.029512270891581236 0.0

1745364802
0.9719905586152636 0.02800944138473643 0.0

1745364803
0.9477134384267207 0.051350085843608555 0.0

1745364804
0.9180946392076718 0.05690929099198239 0.0

1745364805
0.847694457382394 0.030119546654246234 0.0

1745364806
0.8110831234256927 0.0461272040302267 0.00031486146095717883

1745364807
0.7126328955597249 0.04690431519699812 0.0

1745364808
0.6771567245968373 0.0335055581650227 0.0001565680288085173

1745364809
0.6515483265561464 0.025023459493274947 0.0

1745364810
0.6115883179759488 0.016398563173512418 0.00015617679212868969

1745364811
0.5436756418284283 0.029586725109580464 0.00015654351909830932

1745364812
0.4273010920436818 0.02995319812792512 0.0

1745364813
0.28685821950070656 0.02622075679070498 0.0

1745364814
0.1858573216520651 0.01032540675844806 0.0

1745364815
0.14124824026278743 0.010480212732676365 0.0

1745364816
0.12277413308341144 0.003124023742580444 0.00015620118712902218

1745364817
0.10973700688791484 0.008296806512210394 0.0

1745364818
0.09113647022041582 0.0037517586368610288 0.0

1745364819
0.07739116866905914 0.004836948041816196 0.0

1745364820
0.06903569192235441 0.004852849092047589 0.0

1745364821
0.04947713438426721 0.004682378648353363 0.00015607928827844546

1745364822
0.36726485148514854 0.03728341584158416 0.0001547029702970297

1745364823
0.9576935130053275 0.042149796302099654 0.0

1745364824
0.965123553331248 0.034720050046918985 0.00015639662183296842

1745364825
0.9456183965195774 0.05422622747047856 0.0

1745364826
0.9526506213622778 0.04624823029731005 0.00015730690577316344

1745364827
0.9625479662317729 0.03683806600153492 0.0

1745364828
0.9494346733668342 0.048994974874371856 0.0

1745364830
0.9516573498149752 0.0471616408156838 0.0

1745364831
0.9435849351461166 0.05297702766057196 0.0

1745364832
0.9366951124903026 0.06252909231962762 0.0001551590380139643

1745364833
0.9519019176359635 0.047940899088337 0.0

1745364834
0.9511928894433183 0.04865117729611726 0.0

1745364835
0.9543887147335424 0.045454545454545456 0.00015673981191222572

1745364836
0.951188986232791 0.04834167709637046 0.0

1745364837
0.9602803738317757 0.03956386292834891 0.0

1745364838
0.9576430134417006 0.04157549234135667 0.0

1745364839
0.9527682202064436 0.04723177979355646 0.0

1745364840
0.9582355701548568 0.04176442984514313 0.0

1745364841
0.9615980179622174 0.0384019820377826 0.0

1745364842
0.9600691715139129 0.03914478855525861 0.0

1745364843
0.9591804817015952 0.04081951829840475 0.0

1745364844
0.96125 0.0378125 0.0

1745364845
0.959731543624161 0.040268456375838924 0.0

1745364846
0.9492266833307296 0.05014841431026402 0.0001562255897516013

1745364847
0.9599562020960426 0.040043797903957457 0.0

1745364848
0.9520237537115174 0.04797624628848258 0.0

1745364849
0.9595691539182016 0.04043084608179831 0.0

1745364850
0.9607383075238543 0.03832316596277178 0.0

1745364851
0.9634774465428437 0.036522553457156236 0.0

1745364852
0.9584375 0.040625 0.0

1745364853
0.9569407741333747 0.043059225866625216 0.0

1745364854
0.9531961677399089 0.0468038322600911 0.0

1745364855
0.9560043839048067 0.04399561609519336 0.0

1745364856
0.9596069868995634 0.03961322520274485 0.0

1745364857
0.964615625489275 0.035227806481916396 0.0001565680288085173

1745364858
0.9601997814889964 0.0394880599344467 0.0

1745364859
0.921085660495764 0.0384374019454032 0.00015688735487919673

1745364860
0.8641338336460288 0.033614759224515324 0.0

1745364861
0.810857321652065 0.03254067584480601 0.0

1745364862
0.6954623421175736 0.04194604709184469 0.0001559332605644784

1745364863
0.9057389694538722 0.09210120333230484 0.000154273372415921

1745364865
0.9402562691612295 0.05769986636270733 0.0

1745364866
0.9505151420543241 0.048079925070246644 0.0

1745364867
0.9466687519549578 0.05301845480137629 0.00015639662183296842

1745364868
0.9522915689034882 0.04692632566870014 0.0

1745364869
0.9518541601745092 0.047990028046120285 0.0

1745364870
0.9466604098232442 0.050680431722196155 0.0

1745364871
0.951451763971277 0.048392132375897595 0.0

1745364872
0.9519019176359635 0.04243948443885571 0.0

1745364873
0.6378878094641178 0.03321842682544657 0.0

1745364874
0.2615697310819262 0.015322076297686053 0.00015634771732332708

1745364875
0.10960187353629977 0.007494145199063232 0.0

1745364876
0.07515625 0.00390625 0.0

1745364877
0.07582864290181364 0.0031269543464665416 0.0

1745364878
0.07607342874922216 0.002489110143123833 0.0

1745364879
0.09364705882352942 0.0042352941176470585 0.00015686274509803922

1745364880
0.3377638780297107 0.06442533229085223 0.0001563721657544957

1745364881
0.42557489123679304 0.028433809819763827 0.00015537600994406463

1745364882
0.7886936592818946 0.066768525592055 0.00015278838808250572

1745364884
0.9375443018035756 0.06237693943451209 0.0

1745364885
0.9489683414710978 0.051031658528902187 0.0

1745364886
0.9462971661186785 0.05370283388132143 0.0

1745364887
0.8855081555834379 0.06038268506900878 0.00015683814303638644

1745364888
0.6725649859066708 0.03288443470090824 0.0

1745364889
0.5653262400250352 0.025974025974025976 0.0

1745364890
0.44588474152740903 0.01015149148836483 0.0

1745364891
0.4065091534971053 0.01908934439054921 0.0

1745364892
0.3730407523510972 0.0274294670846395 0.0

1745364893
0.3601688291386587 0.03423479756135689 0.0003126465530717524

1745364894
0.36518611197998124 0.029871754770096966 0.00015639662183296842

1745364895
0.35752267751016575 0.036909602752580546 0.00015639662183296842

1745364896
0.3534010946051603 0.040969507427677875 0.0001563721657544957

1745364897
0.5371002794163303 0.06348959950325986 0.0001552312946289972

1745364898
0.8998604867462409 0.10013951325375911 0.0

1745364900
0.9348355185679517 0.06516448143204837 0.0

1745364901
0.9292402148887183 0.07075978511128166 0.0

1745364903
0.9472899835281199 0.052710016471880144 0.0

1745364904
0.9670814301464797 0.03291856985352024 0.0

1745364905
0.968125 0.031875 0.0

1745364906
0.95734375 0.03921875 0.00015625

1745364907
0.9198994817025287 0.04617559290089524 0.0

1745364908
0.8097026604068858 0.033646322378716745 0.00015649452269170578

1745364909
0.5833726229765833 0.04384724186704385 0.0

1745364910
0.3822701688555347 0.019074421513445905 0.0

1745364911
0.30911079856227536 0.017971558055946243 0.0

1745364912
0.27874237447207884 0.011731581417175035 0.00015642108556233381

1745364913
0.2222048475371384 0.013917122752150117 0.0

1745364914
0.1784375 0.01515625 0.0

1745364915
0.13098591549295774 0.00970266040688576 0.0

1745364916
0.0951413841587252 0.007342602718325261 0.0

1745364917
0.04736595279037049 0.007347193997186181 0.0

1745364918
0.04598779915532614 0.0021898951978726734 0.00031284217112466763

1745364919
0.0752838699642246 0.0035775392751594337 0.0

1745364920
0.07621427455880056 0.002811182258316414 0.0

1745364921
0.08781024191014766 0.010053408733898837 0.0

1745364922
0.15377446411929171 0.032618825722273995 0.00031065548306927616

1745364923
0.8650116369278511 0.13498836307214895 0.0

1745364924
0.9158642462509866 0.08413575374901341 0.0

1745364925
0.9213273095497742 0.07867269045022589 0.0

1745364926
0.9147214441332089 0.08527855586679116 0.0

1745364927
0.9446795173170349 0.05532048268296505 0.0

1745364928
0.9509375 0.0490625 0.0

1745364929
0.9554030874785592 0.044596912521440824 0.0

1745364930
0.9451566951566952 0.054843304843304845 0.0

1745364932
0.9265722752716496 0.07342772472835035 0.0

1745364933
0.9403240885010907 0.059675911498909315 0.0

1745364934
0.9429598374746054 0.0568838881075168 0.0

1745364935
0.7142408541372272 0.04223582980059664 0.0001570105197048202

1745364936
0.3725644248900063 0.019013199245757385 0.0

1745364937
0.2009367681498829 0.012646370023419205 0.000156128024980484

1745364938
0.15799343647444913 0.00734489764025629 0.0

1745364939
0.11536657808347663 0.007347193997186181 0.0001563232765358762

1745364940
0.08229036295369212 0.004849812265331665 0.0

1745364941
0.07520325203252033 0.0034396497811131957 0.0

1745364942
0.0951188986232791 0.018460575719649562 0.0

1745364943
0.22502727131058126 0.0419199002649213 0.0

1745364944
0.7607879924953096 0.10600375234521577 0.00015634771732332708

1745364945
0.9207875457875457 0.07631257631257632 0.0

1745364947
0.9185606060606061 0.07954545454545454 0.0

1745364948
0.936837180286962 0.06316281971303805 0.0

1745364949
0.921875 0.078125 0.0

1745364950
0.9446355958711292 0.055364404128870816 0.0

1745364951
0.9324513618677043 0.06754863813229572 0.0

1745364952
0.9351808360732738 0.06481916392672617 0.0

1745364953
0.9529854254818994 0.047014574518100614 0.0

1745364954
0.9560747663551402 0.043769470404984426 0.00015576323987538941

1745364955
0.8652003142183817 0.046975648075412414 0.0

1745364956
0.5295408243222065 0.03886538160162984 0.0

1745364957
0.367843137254902 0.03027450980392157 0.00031372549019607844

1745364958
0.8995014023060144 0.09301963228420068 0.0

1745364959
0.9127267090373585 0.08525809951945434 0.0001550147263990079

1745364960
0.9210812490290508 0.07798663973900885 0.0

1745364961
0.9058508121747358 0.0916259265100142 0.0

1745364962
0.9109631464849799 0.08872716011148962 0.0001548467017652524

1745364963
0.9176915799432356 0.08167770419426049 0.0

1745364964
0.9244402985074627 0.07555970149253731 0.0

1745364965
0.9386634116570034 0.06118400976502899 0.0

1745364967
0.9278914802475012 0.07179121053466603 0.0

1745364968
0.8366290018832392 0.05869428750784683 0.0

1745364969
0.5390759592795614 0.03805794831636648 0.00031323414252153485

1745364970
0.3584492730967641 0.015319681100515866 0.0001563232765358762

1745364971
0.23523884103367268 0.015348472983555208 0.0

1745364972
0.1669527227336558 0.006241223279762833 0.00015603058199407084

1745364973
0.5151515151515151 0.10318570318570319 0.0001554001554001554

1745364974
0.922811961797401 0.07718803820259904 0.0

1745364975
0.9075866375273182 0.09210115516703091 0.0

1745364976
0.8882962033260119 0.11154690931910888 0.0

1745364977
0.9156422864167179 0.08435771358328212 0.0

1745364978
0.9198165427803258 0.08018345721967421 0.0

1745364979
0.9371285580231467 0.0628714419768533 0.0

1745364980
0.9148176881303336 0.0851823118696664 0.0

1745364981
0.9223391089108911 0.07766089108910891 0.0

1745364983
0.9273888363292336 0.07166508987701041 0.0

1745364984
0.8213220285759146 0.04883027162819909 0.0

1745364985
0.4589932570174063 0.022737964560137994 0.0

1745364986
0.20824871113888455 0.01421652866739572 0.0

1745364987
0.0943514317008293 0.010483492411203254 0.00031294007197621654

1745364988
0.26921879863056336 0.07220666044195456 0.00046685340802987864

1745364989
0.8896724651308572 0.1071932299012694 0.0001567152483936687

1745364990
0.9035769828926905 0.09409020217729394 0.0

1745364991
0.8919258561105875 0.10587496072887213 0.0

1745364992
0.9122012185596 0.08764255585064834 0.0

1745364993
0.9204826732673267 0.07936262376237624 0.0001547029702970297

1745364994
0.8936004970487729 0.10639950295122709 0.0

1745364995
0.9135477884317971 0.0864522115682029 0.0

1745364997
0.9345816544204788 0.06541834557952121 0.0

1745364998
0.9477657935285054 0.052234206471494606 0.0

1745365000
0.9253707794256864 0.04741243294414642 0.0

1745365001
0.5311864936689074 0.022666875097702047 0.0

1745365002
0.3384036380743296 0.015054100674298259 0.00015681354869060687

1745365003
0.16674480387560556 0.009532739490545398 0.0

1745365004
0.12484452736318408 0.002798507462686567 0.0001554726368159204

1745365005
0.0916078431372549 0.005490196078431373 0.0

1745365006
0.07221177944862156 0.002349624060150376 0.00015664160401002505

1745365007
0.1860248447204969 0.07453416149068323 0.00015527950310559007

1745365008
0.902143522833178 0.09723516620068344 0.0

1745365009
0.9137063816409934 0.0862936183590066 0.0

1745365010
0.9276661514683153 0.0723338485316847 0.0

1745365011
0.9312519224853891 0.06874807751461089 0.0

1745365013
0.9437445527295777 0.05625544727042231 0.0

1745365014
0.9514715090795242 0.04852849092047589 0.0

1745365015
0.9451947236180904 0.05449120603015075 0.0

1745365016
0.6953673373888629 0.0438309156137888 0.0

1745365017
0.33067542213883677 0.030644152595372107 0.00015634771732332708

1745365018
0.6270337922403004 0.046777221526908636 0.0

1745365019
0.8669896842763364 0.0551734917161613 0.00015629884338855892

1745365020
0.9463118580765639 0.053532524120759414 0.0

1745365021
0.936943967535508 0.06305603246449196 0.0

1745365022
0.9483263921024218 0.05167360789757828 0.0

1745365024
0.9233196591984854 0.04630798359103818 0.0

1745365025
0.4896875 0.03515625 0.0

1745365026
0.10802759485732205 0.008936970837253057 0.0

1745365027
0.031259720062208396 0.00046656298600311044 0.0

1745365028
0.08500313087038197 0.004852849092047589 0.0

1745365029
0.09130434782608696 0.0035714285714285713 0.0

1745365030
0.20505971087366437 0.02309868007542426 0.00015713387806411063

1745365031
0.9482382288743374 0.04973495478640474 0.00015590894917368256

1745365032
0.9635538870639763 0.03628969185046144 0.0

1745365033
0.9586712414223332 0.040548970679975045 0.0

1745365034
0.9542115955618066 0.04422566025941553 0.0

1745365035
0.9587435536802625 0.03938115330520394 0.0

1745365036
0.9692523802091463 0.030591540502575308 0.0

1745365037
0.948853890534851 0.0491189770778107 0.0

1745365038
0.9521793665725933 0.04578237692066479 0.0

1745365039
0.9575235109717868 0.04075235109717868 0.0

1745365040
0.9601183985044399 0.036765851378719426 0.0

1745365041
0.9594869388393555 0.04020021898951979 0.0

1745365042
0.9615264310290897 0.03831717234907726 0.0

1745365043
0.9630322882545624 0.03603182030884417 0.0

1745365044
0.95734375 0.03921875 0.0

1745365045
0.9540320050203953 0.04534044556008786 0.0

1745365046
0.9463035019455253 0.05229571984435798 0.0001556420233463035

1745365047
0.94171875 0.05640625 0.0

1745365048
0.950626959247649 0.04905956112852665 0.0

1745365049
0.9507735583684951 0.04797624628848258 0.0

1745365050
0.9510293200249532 0.04850280723643169 0.0

1745365051
0.9549803921568627 0.04423529411764706 0.00015686274509803922

1745365052
0.9523661270236613 0.04327521793275218 0.0

1745365053
0.9605818864382919 0.039418113561708115 0.0

1745365054
0.9632941176470589 0.03529411764705882 0.00015686274509803922

1745365055
0.9584888059701493 0.041044776119402986 0.0

1745365056
0.945625 0.054375 0.0

1745365057
0.9547652472313212 0.044766807050382156 0.0

1745365058
0.9262564584311883 0.07374354156881165 0.0

1745365059
0.9043233962853129 0.09567660371468706 0.0

1745365060
0.91578125 0.08421875 0.0

1745365061
0.9203334877257989 0.07966651227420102 0.0

1745365062
0.9256406225436252 0.07435937745637479 0.0

1745365063
0.94390625 0.05609375 0.0

1745365064
0.9476497406068228 0.052350259393177175 0.0

1745365065
0.9560643564356436 0.04393564356435643 0.0

1745365066
0.9553557587970857 0.04464424120291428 0.0

1745365068
0.9540719696969697 0.045928030303030304 0.0

1745365069
0.9471869612913336 0.05140260147312334 0.0

1745365070
0.8737105345420444 0.04345107846201938 0.0

1745365071
0.67398753894081 0.04392523364485981 0.0

1745365072
0.6227601383212826 0.03552342030807922 0.0

1745365073
0.5679475164011246 0.024523586379256484 0.0

1745365074
0.5184605757196495 0.01830413016270338 0.0

1745365075
0.49445399156381814 0.023433838462740195 0.0001562255897516013

1745365076
0.4751372549019608 0.03294117647058824 0.0

1745365077
0.35659640905542545 0.034504293520686964 0.0

1745365078
0.24572683079818097 0.027599184569546808 0.0

1745365079
0.191665366005931 0.009676915873263617 0.0

1745365080
0.18389909685456243 0.004827156649018997 0.00015571473061351605

1745365081
0.18436278342455042 0.003596559812353401 0.0

1745365082
0.18296875 0.00515625 0.0

1745365083
0.6265191648488626 0.048613275163602365 0.0003116235587410408

1745365084
0.9571003601064663 0.04289963989353374 0.0

1745365085
0.9439384422110553 0.05606155778894473 0.0

1745365086
0.9195455960161842 0.08045440398381574 0.0

1745365087
0.9272503082614056 0.07274969173859433 0.0

1745365089
0.9384784832035246 0.061521516796475495 0.0

1745365090
0.9429817728618165 0.05701822713818352 0.0

1745365091
0.9432901109201687 0.05670988907983127 0.0

1745365092
0.941709642131583 0.058290357868416943 0.0

1745365093
0.9549648162627052 0.044878811571540264 0.0

1745365094
0.9249960772006904 0.05083947905225169 0.00015691197238349287

1745365095
0.7259780907668232 0.03708920187793427 0.0

1745365096
0.5353456365342508 0.03409446355958711 0.0

1745365097
0.47515625 0.02828125 0.00015625

1745365098
0.9251445538365369 0.051258009063916234 0.0003125488357555868

1745365099
0.9643912299797854 0.03374280827243042 0.0

1745365100
0.96140625 0.0378125 0.0

1745365101
0.9299313358302123 0.07006866416978777 0.0

1745365102
0.9360237760050055 0.06397622399499453 0.0

1745365103
0.9379590561025161 0.06188466947960619 0.0001562744178777934

1745365104
0.8861635220125786 0.04748427672955975 0.00015723270440251572

1745365105
0.709551352196342 0.04095669845239956 0.0001563232765358762

1745365106
0.5734834271419638 0.032207629768605375 0.0

1745365107
0.43969298245614036 0.03007518796992481 0.0

1745365108
0.49477297550319865 0.03136214698080824 0.0003120611639881417

1745365109
0.5409041138745503 0.029250743000156423 0.0

1745365110
0.5715838509316771 0.023447204968944098 0.0

1745365111
0.6074015748031496 0.028503937007874017 0.00015748031496062991

1745365112
0.7041420118343196 0.04017440049828714 0.00015571473061351605

1745365113
0.9378707461754605 0.062129253824539495 0.0

1745365114
0.9431532663316583 0.05684673366834171 0.0

1745365115
0.951291627762216 0.048708372237784 0.0

1745365116
0.9288833437305053 0.07111665626949469 0.0

1745365117
0.9389480275516594 0.06089542892924233 0.0

1745365118
0.9484280625677559 0.05157193743224408 0.0

1745365119
0.9510018785222292 0.048841577958672514 0.0

1745365120
0.9547960308710033 0.04520396912899669 0.0

1745365121
0.96234375 0.03765625 0.0

1745365122
0.9634375 0.0365625 0.0

1745365123
0.956338687041946 0.043661312958053956 0.0

1745365124
0.96328125 0.0365625 0.00015625

1745365125
0.96390625 0.03609375 0.0

1745365126
0.9534375 0.0465625 0.0

1745365127
0.9495706479313036 0.03793911007025761 0.0

1745365128
0.7651777288455489 0.03129915067631331 0.0

1745365129
0.5792930872693149 0.026118235846105724 0.00015639662183296842

1745365130
0.3785054049819834 0.017076609744634184 0.0

1745365131
0.23985009369144286 0.010930668332292318 0.0

1745365132
0.15617679212868968 0.008277369982820552 0.0

1745365133
0.1918086603095201 0.028450836329529466 0.0006252931061435048

1745365134
0.29277447607131685 0.03143572098842665 0.00046918986549890525

1745365135
0.3756448335157105 0.04486478036579647 0.0004689698296076286

1745365136
0.5214263371911166 0.06193306224585549 0.00046918986549890525

1745365137
0.68171875 0.0759375 0.00015625

1745365138
0.7692667706708268 0.07113884555382215 0.00046801872074883

1745365139
0.8927626459143969 0.09712062256809338 0.000311284046692607

1745365140
0.9221856896821669 0.0778143103178331 0.0

1745365141
0.9177333749609741 0.08211052138620044 0.00015610365282547612

1745365142
0.9418840806124044 0.05811591938759569 0.0

1745365143
0.9337717238139972 0.06622827618600281 0.0

1745365144
0.9434375 0.0565625 0.0

1745365145
0.9514971927635683 0.04850280723643169 0.0

1745365146
0.9456283296772172 0.054371670322782825 0.0

1745365147
0.9425144103442904 0.057485589655709615 0.0

1745365148
0.9482704892489873 0.05172951075101278 0.0

1745365149
0.9406142275148857 0.05938577248511438 0.0

1745365150
0.9393086188018145 0.06069138119818551 0.0

1745365151
0.9465625 0.0534375 0.0

1745365152
0.9528566968467063 0.047143303153293785 0.0

1745365153
0.9588741204065676 0.04112587959343237 0.0

1745365154
0.9408274785323966 0.04543325526932084 0.0

1745365155
0.9076513013483851 0.041392285983066796 0.0

1745365156
0.8362838790537365 0.04825317248942503 0.0

1745365157
0.7968115035948734 0.03782432010003126 0.0

1745365158
0.7911451814768461 0.03739048811013767 0.0

1745365159
0.7670783179615445 0.03486009066750039 0.0

1745365160
0.7407465250663752 0.030454474465094486 0.00015617679212868969

1745365161
0.7260359655981236 0.025957779515246287 0.0

1745365162
0.7001093920925144 0.022816065010157836 0.0

1745365163
0.7077881619937695 0.02694704049844237 0.0

1745365164
0.7379905808477237 0.07205651491365778 0.0007849293563579278

1745365165
0.8110764430577223 0.058190327613104526 0.00046801872074883

1745365166
0.8509005481597494 0.06734534064212999 0.00031323414252153485

1745365167
0.9037466687568585 0.06207869572033234 0.00015676438313215238

1745365168
0.9173771508293288 0.07812742210509999 0.0001550147263990079

1745365169
0.9291154982123426 0.07072905331882481 0.0

1745365170
0.9280665933720748 0.07177634678812628 0.0

1745365171
0.9274206162990771 0.07257938370092289 0.0

1745365172
0.94359375 0.05640625 0.0

1745365173
0.9274118014361536 0.07243209491102091 0.0

1745365174
0.9232692608220034 0.07657446476011877 0.0

1745365175
0.9246992657397282 0.07498828308076863 0.0

1745365176
0.9223316143147366 0.07657446476011877 0.0

1745365177
0.9217964824120602 0.07631909547738694 0.000157035175879397

1745365178
0.8531708840987191 0.05185879412683536 0.00015620118712902218

1745365179
0.7468275105749648 0.054049819833933886 0.0

1745365180
0.602784730913642 0.04458698372966208 0.0

1745365181
0.44642577819490065 0.03597684967933677 0.0

1745365182
0.35767907413199873 0.034563653425086015 0.00031279324366593683

1745365183
0.5742852679268864 0.08717387908139353 0.00046867676925480396

1745365184
0.8332815413300186 0.0843691733996271 0.00031075201988812925

1745365185
0.927130570758405 0.0727130570758405 0.0

1745365186
0.945201189917019 0.054798810082981056 0.0

1745365187
0.9248284466625079 0.0751715533374922 0.0

1745365188
0.9315625 0.0684375 0.0

1745365189
0.9323520200438459 0.06764797995615408 0.0

1745365190
0.9469826914080773 0.053017308591922656 0.0

1745365191
0.9332186424773224 0.06678135752267751 0.0

1745365192
0.9335511982570807 0.0664488017429194 0.0

1745365193
0.9278996865203761 0.07210031347962383 0.0

1745365194
0.9327494526118236 0.06725054738817642 0.0

1745365195
0.9362889474500078 0.06371105254999225 0.0

1745365196
0.9253425736336431 0.0746574263663569 0.0

1745365197
0.9492685963274199 0.050731403672580146 0.0

1745365198
0.9563373645358881 0.04350557562431286 0.0

1745365199
0.9478056426332289 0.04890282131661442 0.0

1745365200
0.882794186591655 0.042037818409126425 0.0

1745365201
0.8102532041262894 0.046420756486402 0.0

1745365202
0.8079788885439304 0.03710027941633033 0.0

1745365203
0.8046284634760705 0.041561712846347604 0.00015743073047858942

1745365204
0.7965889532154592 0.05022688155218276 0.00015647003598810827

1745365205
0.7816703159211761 0.06678135752267751 0.00031279324366593683

1745365206
0.7907230985475558 0.05497423082929877 0.00015617679212868969

1745365207
0.7989682663748632 0.04814756917304987 0.0001563232765358762

1745365208
0.8068803752931978 0.03893666927286943 0.0001563721657544957

1745365209
0.809375 0.03546875 0.00015625

1745365210
0.8081313526192337 0.037685691946833466 0.0

1745365211
0.8080650203188496 0.037511722413254144 0.00015629884338855892

1745365212
0.8066885450851695 0.038287232380059384 0.0001562744178777934

1745365213
0.8126954346466542 0.06050656660412758 0.00031269543464665416

1745365214
0.8772748483434438 0.05832944470368642 0.00031109037175299425

1745365215
0.9209989005811214 0.06282393591958536 0.00015705983979896342

1745365216
0.9288826641767818 0.06816059757236227 0.0001556178026766262

1745365217
0.9272528160200251 0.07259073842302878 0.0

1745365218
0.9048807110556681 0.09106502416965538 0.0

1745365219
0.895839849859243 0.1015014075695965 0.00015639662183296842

1745365220
0.9188387700952083 0.08100515061651319 0.0

1745365221
0.8878240377062058 0.11139041633935585 0.0

1745365222
0.9187675070028011 0.08123249299719888 0.0

1745365223
0.9038401498595067 0.09569153918201687 0.0

1745365224
0.90375 0.09625 0.0

1745365225
0.9289968652037618 0.07084639498432602 0.0

1745365226
0.940644960274186 0.05732980214986758 0.00015578750584203146

1745365227
0.9109857389123962 0.08760382385206081 0.0

1745365228
0.9207564864020006 0.07908721475461082 0.0

1745365229
0.9384997670445722 0.06134492933685355 0.00015530361857431278

1745365230
0.9456198088073969 0.05438019119260304 0.0

1745365231
0.9531689041523571 0.046831095847642834 0.0

1745365232
0.9537815126050421 0.046218487394957986 0.0

1745365233
0.9483354271356784 0.05150753768844221 0.0

1745365234
0.9475989363366182 0.052401063663381826 0.0

1745365235
0.9425089829714107 0.057334791438837684 0.0

1745365236
0.9323965651834504 0.06744730679156909 0.0

1745365237
0.9275 0.0721875 0.00015625

1745365238
0.9375098131574815 0.05777987125137384 0.0

1745365239
0.9352922788371366 0.03938730853391685 0.0

1745365240
0.9101281650515786 0.03860581431697405 0.00015629884338855892

1745365241
0.8646745932415519 0.04130162703379224 0.0

1745365242
0.7751016578041914 0.041445104785736625 0.0

1745365243
0.7491408934707904 0.03608247422680412 0.00015620118712902218

1745365244
0.7437822618488973 0.039418113561708115 0.00015642108556233381

1745365245
0.7393275996872557 0.044566067240031274 0.0001563721657544957

1745365246
0.7406713505074161 0.04262295081967213 0.000156128024980484

1745365247
0.7489795918367347 0.04222919937205651 0.00015698587127158556

1745365248
0.773208722741433 0.07196261682242991 0.00031152647975077883

1745365249
0.8633530694920536 0.10828918666251168 0.0001558117793705204

1745365250
0.9142099516456091 0.08485415691779753 0.0

1745365251
0.9371875 0.0628125 0.0

1745365252
0.9354586654164713 0.06454133458352868 0.0

1745365253
0.9131521399562637 0.08606685410809121 0.00015620118712902218

1745365254
0.9274030222776133 0.069325440099704 0.0

1745365255
0.9288289700580028 0.07023044364320426 0.0

1745365256
0.9463559587112919 0.053644041288708165 0.0

1745365257
0.9404035664007508 0.059596433599249175 0.0

1745365258
0.9315452986121939 0.06814283486667706 0.0001559332605644784

1745365259
0.9257464436454588 0.07409723307800531 0.0

1745365260
0.9174354964816263 0.08084440969507428 0.0

1745365261
0.9209375 0.078125 0.0

1745365262
0.9392756790508898 0.06072432094911021 0.0

1745365263
0.9369623025183795 0.06303769748162052 0.0

1745365264
0.9029035279425539 0.09694036840462067 0.0

1745365265
0.91203125 0.08703125 0.0

1745365266
0.9297779167969972 0.07006568658116985 0.0

1745365267
0.9470808616921635 0.05291913830783641 0.0

1745365268
0.935251798561151 0.06474820143884892 0.0

1745365269
0.9389729982831279 0.06055876385203683 0.00015607928827844546

1745365270
0.9369623025183795 0.06303769748162052 0.0

1745365271
0.931615925058548 0.06697892271662763 0.0

1745365272
0.9371776840131271 0.059540553211439286 0.0001562744178777934

1745365273
0.9119032663316583 0.05244974874371859 0.000314070351758794

1745365274
0.9038371912381544 0.03588628242970328 0.0

1745365275
0.8694763327567228 0.034282119830161974 0.00015725743041358704

1745365276
0.8130448318804483 0.034402241594022415 0.0

1745365277
0.7725274725274726 0.04065934065934066 0.0

1745365278
0.7592245153220762 0.042370231394621635 0.00015634771732332708

1745365279
0.7303476354525524 0.07469464453492014 0.00015659254619480113

1745365280
0.75234375 0.06140625 0.0003125

1745365281
0.7473370927318296 0.05341478696741855 0.00046992481203007516

1745365282
0.7436417537837416 0.06116398814167577 0.0003120611639881417

1745365283
0.7981550969355847 0.08958724202626642 0.00015634771732332708

1745365284
0.935503972581399 0.06247078984265462 0.00015578750584203146

1745365285
0.9389384687646782 0.05949585094723658 0.0

1745365286
0.9487937743190662 0.049494163424124514 0.0

1745365287
0.9246050367589551 0.0739871734709839 0.0

1745365288
0.9441061670569867 0.05589383294301327 0.0

1745365289
0.93515625 0.064375 0.00015625

1745365290
0.9359274886701047 0.0637599624941397 0.0

1745365291
0.9187284685248982 0.08127153147510179 0.0

1745365292
0.922815683853041 0.07409694350108058 0.00015436863229391788

1745365294
0.9277629303568621 0.07200125766388933 0.0

1745365295
0.9217092950717405 0.07688708671241422 0.0

1745365296
0.9142812451118411 0.08493664946034725 0.0

1745365297
0.8869633099141296 0.11241217798594848 0.0

1745365298
0.9042337134822684 0.09451648179971879 0.0001562255897516013

1745365299
0.8866820631254811 0.11116243264049269 0.0

1745365300
0.8931406795808193 0.10495395363607495 0.00031756113051762465

1745365301
0.9085089773614364 0.09149102263856362 0.0

1745365302
0.9048286604361371 0.09470404984423676 0.0

1745365303
0.9241379310344827 0.07586206896551724 0.0

1745365304
0.9247614578445175 0.07523854215548256 0.0

1745365305
0.9225725881985638 0.0764907898844833 0.00015610365282547612

1745365306
0.9115625 0.08765625 0.00015625

1745365307
0.91109375 0.08671875 0.00015625

1745365308
0.8645637162586315 0.07281858129315756 0.0

1745365309
0.7815533980582524 0.0548073911681804 0.00015659254619480113

1745365310
0.6930538172715894 0.04364831038798498 0.0

1745365311
0.6012509773260359 0.04331508991399531 0.0

1745365312
0.5023459493274945 0.03769158586174538 0.0

1745365313
0.5259456080025008 0.07283526101906845 0.0

1745365314
0.6374608150470219 0.08526645768025079 0.0

1745365315
0.7794943820224719 0.09004369538077403 0.00015605493133583021

1745365316
0.8125390869293309 0.054409005628517824 0.00031269543464665416

1745365317
0.8049008896519432 0.05915405025753082 0.0003121585765568909

1745365318
0.9415159076731129 0.05848409232688709 0.0

1745365319
0.9516734438536127 0.048326556146387235 0.0

1745365320
0.9589895524715422 0.04101044752845782 0.0

1745365321
0.9492629945694336 0.05073700543056633 0.0

1745365322
0.9546234211757367 0.045376578824263214 0.0

1745365323
0.9618416903185115 0.03815830968148849 0.0

1745365324
0.9607751211126738 0.03922487888732615 0.0

1745365325
0.9608641202254227 0.03913587977457733 0.0

1745365326
0.9681818181818181 0.030564263322884012 0.00015673981191222572

1745365327
0.9199874980465698 0.03906860446944835 0.0003125488357555868

1745365328
0.7750156347717323 0.034552845528455285 0.0

1745365329
0.6584375 0.0378125 0.00015625

1745365330
0.5474326862867878 0.03287413901064496 0.0

1745365331
0.473363536947352 0.023902515231995002 0.0

1745365332
0.4359737006887915 0.02833437695679399 0.0

1745365333
0.4580403187998125 0.02937959056102516 0.0003125488357555868

1745365334
0.45066666666666666 0.05254901960784314 0.00015686274509803922

1745365335
0.4404185538029049 0.021396220521630486 0.00015617679212868969

1745365336
0.46834453650148505 0.03642332343285915 0.0001563232765358762

1745365337
0.5014873962736809 0.046813840613746674 0.0

1745365338
0.7722480620155039 0.059224806201550385 0.0

1745365339
0.958320275775619 0.04136634283923535 0.00015669069257286117

1745365340
0.95203125 0.04796875 0.0

1745365341
0.9634717452388386 0.03652825476116141 0.0

1745365342
0.9648107600875822 0.03518923991241789 0.0

1745365343
0.9559787699032157 0.04402123009678426 0.0

1745365344
0.955583359399437 0.04441664060056303 0.0

1745365345
0.9495706479313036 0.05042935206869633 0.0

1745365346
0.9518223056468011 0.04802127326763648 0.0

1745365347
0.9566990900533417 0.0431440225917791 0.0

1745365348
0.9611318407960199 0.03871268656716418 0.0001554726368159204

1745365349
0.9554339327599687 0.04268960125097732 0.0

1745365350
0.96049766718507 0.039346811819595644 0.0

1745365351
0.9551372549019608 0.04486274509803922 0.0

1745365352
0.9460815047021943 0.05344827586206897 0.0

1745365353
0.9537617554858934 0.04482758620689655 0.0

1745365354
0.9518034825870647 0.046019900497512436 0.0

1745365355
0.9521351478179259 0.04645706241201314 0.00015642108556233381

1745365356
0.954772301933874 0.044915782907049284 0.0

1745365357
0.9478056426332289 0.05188087774294671 0.0

1745365358
0.9594806007509387 0.039424280350438046 0.0

1745365359
0.9551820728291317 0.04263927793339558 0.0

1745365360
0.9554805035308566 0.04451949646914338 0.0

1745365361
0.9474929044465469 0.05124566382844529 0.0

1745365362
0.9488672120830711 0.050818124606670866 0.00015733165512901197

1745365363
0.9572033234049224 0.042483147828813295 0.0

1745365364
0.9598813612238526 0.03886980955354355 0.0

1745365365
0.955426962777604 0.04285267438223334 0.00015639662183296842

1745365366
0.9556426332288401 0.04310344827586207 0.0

1745365367
0.9546658357999689 0.04408786415329491 0.0

1745365368
0.9567119862478513 0.0403187998124707 0.0001562744178777934

1745365369
0.9462667916276164 0.05092158700406123 0.00015620118712902218

1745365370
0.9549788963576676 0.04502110364233234 0.0

1745365371
0.951139556665626 0.04464564470808617 0.0

1745365372
0.948125 0.05125 0.0

1745365373
0.9576231430805316 0.041594996090695856 0.0

1745365374
0.962054965646471 0.037476577139287946 0.0001561524047470331

1745365375
0.9512539184952978 0.04733542319749216 0.0

1745365376
0.956487835308796 0.0425764192139738 0.00015595757953836556

1745365377
0.9479052251686804 0.05021183116271771 0.0

1745365378
0.9439601494396015 0.053082191780821915 0.0

1745365379
0.9428750784682988 0.054300062774639044 0.0

1745365380
0.9431906614785992 0.05525291828793774 0.0

1745365381
0.9451324659037467 0.052359303966138894 0.00015676438313215238

1745365382
0.9483810417644298 0.0434850617863288 0.0

1745365383
0.9195080180600965 0.05511443250817375 0.0

1745365384
0.902060270602706 0.055350553505535055 0.00015375153751537516

1745365386
0.966167192429022 0.02697160883280757 0.0

1745365387
0.9892305291087873 0.010457312314655845 0.0

1745365388
0.7013681396445982 0.031608743513131 0.0

1745365389
0.2312246805858523 0.013555624805235277 0.0

1745365390
0.0733270794246404 0.009537210756722952 0.0026579111944965606

1745365391
0.04996096799375488 0.006401249024199844 0.00624512099921936

1745365392
0.039005976722239696 0.010223340673167663 0.00031456432840515884

1745365393
0.03815605045943 0.009655816850957795 0.0001557389814670612

1745365394
0.033614759224515324 0.00969355847404628 0.0

1745365395
0.022347241756524458 0.009376465072667605 0.0

1745365396
0.022670419011882426 0.009224515322076297 0.0

1745365397
0.025476711472335104 0.006408252578930916 0.0

1745365398
0.030629785904047507 0.023597437099546804 0.0

1745365399
0.13994671681554616 0.014417802852217521 0.0003134304967873374

1745365400
0.2400312744331509 0.02298670836591087 0.0003127443315089914

1745365401
0.9240960099750624 0.05548628428927681 0.00015586034912718204

1745365402
0.9577881619937695 0.041121495327102804 0.0

1745365403
0.9437957340806477 0.05433598007161763 0.00015569048731122528

1745365404
0.9491684970191403 0.04941951678694697 0.0

1745365405
0.9478628464067638 0.05182401753561923 0.0

1745365406
0.9501013566193669 0.04818337751442383 0.0001559332605644784

1745365407
0.9482731676824504 0.05000781372089389 0.0001562744178777934

1745365408
0.9528376041502908 0.04574752397421789 0.0

1745365409
0.9542910447761194 0.04368781094527363 0.0001554726368159204

1745365410
0.9332403965303594 0.062267657992565055 0.0

1745365411
0.9372833280806807 0.05940750078789789 0.0

1745365412
0.9431095954115641 0.055495272050844834 0.0001550147263990079

1745365414
0.9528590477684524 0.04525845164326614 0.0

1745365415
0.9519575729215412 0.043518951801591016 0.0

1745365416
0.9546813532651456 0.04421715184893785 0.0

1745365417
0.9557138432951379 0.04382161659956643 0.0001548467017652524

1745365418
0.9431818181818182 0.05650684931506849 0.0

1745365419
0.9404067475957749 0.057701403121551316 0.0

1745365420
0.9479606188466948 0.051258009063916234 0.0001562744178777934

1745365421
0.9427189012018106 0.05509598876229124 0.0

1745365422
0.9350750938673341 0.06273466833541927 0.0

1745365423
0.9453755431409062 0.05307262569832402 0.0

1745365424
0.9487340776851706 0.049221575719452744 0.0

1745365425
0.9538557797591115 0.04567495698420147 0.0

1745365426
0.9502205419029616 0.04914933837429111 0.0

1745365427
0.9423403926418302 0.055186272994280416 0.0

1745365428
0.923495568340849 0.07479396672368216 0.00015549681231534753

1745365429
0.8955861414333175 0.10172441069451037 0.00015820281601012498

1745365430
0.9391209815188694 0.05808355334679298 0.0

1745365431
0.940429534409782 0.05862987929142499 0.0

1745365432
0.9440112289457268 0.055053025577043044 0.0

1745365433
0.9473931423203382 0.05104117739157664 0.0

1745365434
0.9559718969555036 0.04277907884465262 0.0

1745365435
0.9479117785077429 0.050524010636633816 0.0

1745365436
0.9341961640417901 0.06471230313425853 0.0

1745365437
0.9557674273210378 0.04345107846201938 0.0

1745365438
0.9579818806622931 0.041861918150577944 0.0

1745365439
0.945827462032253 0.052763425708470334 0.0

1745365440
0.938788257339163 0.05933791380387258 0.0

1745365441
0.9425 0.0559375 0.0

1745365442
0.9513530423901142 0.047082746754262474 0.0

1745365443
0.9572676232064878 0.041952588895820334 0.0

1745365444
0.9516407599309153 0.045376040194693046 0.0001570105197048202

1745365445
0.9494347693247784 0.04919034524900703 0.0

1745365447
0.9495698839870571 0.048614947517954386 0.0

1745365448
0.9462416002500391 0.05188310673542741 0.0

1745365449
0.9515047559644472 0.048027444253859346 0.0

1745365450
0.9548366932333177 0.043913111423659945 0.0

1745365451
0.9458783043954325 0.053339590176755824 0.0

1745365452
0.9503047351148617 0.049695264885138306 0.0

1745365453
0.9409375 0.05625 0.00015625

1745365454
0.9495668316831684 0.04950495049504951 0.0

1745365456
0.9512923246130882 0.04784350695262786 0.00023568230025925054

1745365457
0.9486819528934644 0.04913430042115115 0.00015598190609889253

1745365458
0.9443836900484299 0.05327292610529605 0.0

1745365459
0.953579243513598 0.04282588308846515 0.00015629884338855892

1745365460
0.9555521378037527 0.04414026453398954 0.0

1745365462
0.9523287671232876 0.0464187866927593 7.827788649706458e-05

1745365464
0.9596755139009214 0.04000945105142947 0.0

1745365465
0.9487698536281532 0.050451572718779196 0.00015571473061351605

1745365466
0.9356155778894473 0.059045226130653265 0.000157035175879397

1745365467
0.92984375 0.0553125 0.00015625

1745365468
0.8394675019577134 0.03398590446358653 0.0

1745365469
0.6392751132635526 0.029214185283549444 0.0

1745365470
0.5015664160401002 0.024592731829573933 0.0

1745365471
0.40630855715178016 0.018425983760149905 0.0001561524047470331

1745365472
0.38302536799248355 0.017851550266207328 0.0

1745365473
0.5338017174082748 0.040124902419984385 0.0

1745365474
0.8553449347420758 0.09415786202610317 0.0

1745365475
0.9103847356897091 0.0896152643102909 0.0

1745365476
0.8985148514851485 0.10148514851485149 0.0

1745365477
0.9221875 0.0778125 0.0

1745365479
0.8207532303813426 0.04018279231011661 7.87897888433659e-05

1745365480
0.6307980634077776 0.025925347493362488 0.0

1745365481
0.5430090710040663 0.025336252736940883 0.00015639662183296842

1745365482
0.435652853792025 0.020953870211102423 0.0001563721657544957

1745365483
0.4018136335209506 0.023139462163852407 0.00031269543464665416

1745365484
0.40147243107769426 0.023182957393483708 0.0003132832080200501

1745365485
0.3984045049272642 0.026591584545596746 0.00015642108556233381

1745365486
0.40465770553297903 0.019381056580181306 0.00015629884338855892

1745365487
0.4661385523454489 0.04768561665113389 0.00031065548306927616

1745365488
0.8956997654417513 0.10398749022673964 0.0

1745365489
0.91112828438949 0.08887171561051005 0.0

1745365490
0.9075829383886256 0.0924170616113744 0.0

1745365491
0.906162026900219 0.09383797309978105 0.0

1745365492
0.9220291216533584 0.07797087834664161 0.0

1745365493
0.9485865175520348 0.05141348244796521 0.0

1745365494
0.9502023031434796 0.04948646125116713 0.0

1745365496
0.8329139801855637 0.034282119830161974 0.0

1745365497
0.6720824871113888 0.029057959693797843 0.0001562255897516013

1745365498
0.45551378446115287 0.02600250626566416 0.00015664160401002505

1745365499
0.3083047143303153 0.014205432407118327 0.0

1745365500
0.23069709284151296 0.010628321350422007 0.00015629884338855892

1745365501
0.17633228840125392 0.011442006269592476 0.00015673981191222572

1745365502
0.1351098644226274 0.007168458781362007 0.0

1745365503
0.2565830721003135 0.016300940438871474 0.0006269592476489029

1745365504
0.5735134295916783 0.061791647259742274 0.0003105107902499612

1745365505
0.9010009383797309 0.0980606818892712 0.0

1745365506
0.9266999376169682 0.07330006238303181 0.0

1745365507
0.9304837952090184 0.06951620479098168 0.0

1745365508
0.9454630935590033 0.05438019119260304 0.0

1745365509
0.8087337611519799 0.046329629049929565 0.00015651901706057285

1745365510
0.4332497649639611 0.021936696960200563 0.00015669069257286117

1745365511
0.21144823271817328 0.011260556771973726 0.00015639662183296842

1745365512
0.08453125 0.00796875 0.0003125

1745365513
0.1589527816736793 0.009194327567399097 0.00015583606046439146

1745365514
0.1915294117647059 0.01584313725490196 0.00031372549019607844

1745365515
0.6279033515198753 0.06438035853468434 0.0003117692907248636

1745365516
0.905073140367258 0.0896358543417367 0.0

1745365517
0.9337554045707227 0.06624459542927733 0.0

1745365518
0.9394849107283931 0.06051508927160689 0.0

1745365519
0.9478206530229651 0.05108576784877363 0.0001562255897516013

1745365520
0.9487460815047022 0.0506269592476489 0.0

1745365521
0.9434789416001252 0.055268514169406605 0.0

1745365522
0.9483188044831881 0.049813200498132 0.0

1745365523
0.9470874548594755 0.05149945046318103 0.0001570105197048202

1745365524
0.949041608228144 0.05095839177185601 0.0

1745365525
0.9433962264150944 0.05442070793700296 0.0

1745365526
0.9529614002187842 0.04531958118456009 0.0

1745365527
0.9431871390666459 0.05650070235679725 0.00015607928827844546

1745365528
0.9526118235846106 0.046762589928057555 0.00015639662183296842

1745365529
0.955133198317495 0.044866801682505064 0.0

1745365530
0.9552145317882869 0.04306295020357031 0.0

1745365531
0.9538868982707587 0.04611310172924132 0.0

1745365532
0.9470782800441014 0.05087415340998582 0.00015750511891636477

1745365533
0.9499921862791061 0.04907016721362713 0.0

1745365534
0.9474502487562189 0.05192786069651741 0.0

1745365535
0.9442100328176277 0.05141428348179403 0.0001562744178777934

1745365536
0.95765625 0.0421875 0.0

1745365537
0.9522695367337389 0.0438309156137888 0.00015598190609889253

1745365538
0.9002196422968308 0.04424223407593348 0.0

1745365539
0.7655637447075427 0.03951701427003293 0.0

1745365540
0.602320840520621 0.027912811666928022 0.0

1745365541
0.3544402751719825 0.018292682926829267 0.0

1745365542
0.2283354114713217 0.03506857855361596 0.00015586034912718204

1745365543
0.922945205479452 0.07145080946450809 0.0

1745365544
0.9578125 0.0421875 0.0

1745365545
0.95921875 0.04078125 0.0

1745365546
0.9527694963125687 0.045818295935979914 0.00015691197238349287

1745365547
0.9582554517133957 0.040498442367601244 0.0

1745365548
0.9560043839048067 0.04180366369187412 0.0001565680288085173

1745365549
0.9529008109794136 0.046631316281971306 0.0

1745365550
0.9531689041523571 0.04667499219481736 0.0

1745365551
0.9531593838415593 0.045583149952845015 0.0

1745365552
0.9577508543025784 0.039919229574401985 0.0

1745365553
0.955426962777604 0.043791054113231156 0.00015639662183296842

1745365554
0.9479022591055786 0.05194406024281543 0.0

1745365556
0.9457002845399937 0.052481821055959534 0.0

1745365557
0.957169459962756 0.042675356921166974 0.00015518311607697082

1745365558
0.9515629835964098 0.047972763850201175 0.0

1745365560
0.9513555992141454 0.04730844793713163 7.858546168958742e-05

1745365561
0.9561128526645768 0.04373040752351097 0.0

1745365562
0.9559913526868438 0.043854231006794316 0.00015441630636195183

1745365563
0.9515418502202643 0.04719949653870359 0.0

1745365564
0.9588676884579294 0.04113231154207069 0.0

1745365565
0.9565557118299735 0.041568995155493046 0.0

1745365566
0.9487378039337153 0.05110732538330494 0.0

1745365567
0.9590486690817451 0.04095133091825484 0.0

1745365568
0.9651508048132521 0.03484919518674793 0.0

1745365569
0.9519937451133699 0.045191555903049255 0.0001563721657544957

1745365570
0.9595375722543352 0.04046242774566474 0.0

1745365571
0.9628304821150855 0.03716951788491446 0.0

1745365572
0.9585817383118921 0.04126137433322874 0.0

1745365573
0.9549929676511955 0.04219409282700422 0.0

1745365574
0.950625 0.04859375 0.0

1745365575
0.948125 0.05125 0.0

1745365576
0.945891158584126 0.05254950881022922 0.0001559332605644784

1745365577
0.9452892302868788 0.053770183414328265 0.0

1745365578
0.9440100093837973 0.051923678448545514 0.00015639662183296842

1745365579
0.9278350515463918 0.06872852233676977 0.0

1745365580
0.9535429375879868 0.04332864070076646 0.0

1745365581
0.9581854652059867 0.03965437432494985 0.0

1745365583
0.9462399248767509 0.05164723374285938 7.825338445887784e-05

1745365585
0.953910175879397 0.04506909547738693 0.0

1745365586
0.9622641509433962 0.037579915796039295 0.0

1745365587
0.9569370497964297 0.041183839649232695 0.0

1745365588
0.964447216591299 0.03555278340870108 0.0

1745365589
0.9572117628753696 0.0404543332814688 0.00015559358954411078

1745365590
0.9585362022930737 0.04146379770692634 0.0

1745365591
0.95828125 0.04078125 0.0

1745365592
0.9529614002187842 0.0450070323488045 0.0001562744178777934

1745365593
0.9369833099360474 0.0584932147870847 0.0010918733426922478

1745365594
0.9294430538172715 0.06774092615769713 0.0

1745365595
0.9490147012824522 0.05067250547388177 0.0

1745365596
0.9467001097350682 0.052672832732403196 0.0

1745365597
0.9537563373790137 0.04424642802273775 0.0

1745365598
0.950759974667511 0.046865104496516784 0.0

1745365599
0.9545454545454546 0.043267728834739144 0.0

1745365600
0.9587435536802625 0.040787623066104076 0.0

1745365601
0.9571406225559206 0.042702956358517126 0.0

1745365602
0.9584375 0.04140625 0.0

1745365603
0.94336366488861 0.043457797301537496 0.0

1745365604
0.8918961201501877 0.03566958698372966 0.0

1745365605
0.6707374354156881 0.0842335994989823 0.0001565680288085173

1745365606
0.47399749373433586 0.03555764411027569 0.0

1745365607
0.20981096703640056 0.01327917512888611 0.0

1745365608
0.29069040924711026 0.017494532958450486 0.0

1745365609
0.7045774097797219 0.04999218872051242 0.0003124511795032026

1745365610
0.9552169180531799 0.04151764888819779 0.0

1745365611
0.955270566155771 0.041445104785736625 0.00015639662183296842

1745365612
0.9567660371468706 0.04214140783518027 0.0

1745365613
0.9453345900094251 0.05403707194470625 0.0

1745365614
0.956825594036341 0.042863798726510326 0.00015530361857431278

1745365615
0.9577354959451029 0.04132875857766687 0.0

1745365616
0.9472865806250972 0.0503809671901726 0.0

1745365617
0.9536716041601009 0.04475260006303183 0.0004727387330601954

1745365618
0.9607383075238543 0.037697481620522444 0.00015642108556233381

1745365619
0.9470643347907558 0.050905683947532795 0.0001561524047470331

1745365620
0.9474507350641226 0.051767281826712544 0.00015639662183296842

1745365621
0.9556180653227067 0.04422566025941553 0.0001562744178777934

1745365622
0.9533832241970689 0.045369504209541625 0.00015590894917368256

1745365623
0.9446540880503145 0.05125786163522013 0.0

1745365624
0.9571584358934413 0.04252998909487459 0.00015578750584203146

1745365625
0.9563250662923101 0.04211511464670098 0.0

1745365626
0.9573378839590444 0.04250698107353398 0.0

1745365627
0.9513845185651353 0.04798615481434865 0.00015733165512901197

1745365628
0.9484891185219978 0.04869265695944888 0.0

1745365629
0.9571808095014847 0.042819190498515396 0.0

1745365630
0.948493834868113 0.04932105509598876 0.00015607928827844546

1745365631
0.9512423816221285 0.04688232536333802 0.0001562744178777934

1745365632
0.9493829089204812 0.048273707233244804 0.0001562255897516013

1745365633
0.9486858573216521 0.04990613266583229 0.0

1745365634
0.954375 0.04546875 0.00015625

1745365635
0.951926088318196 0.047447541497024744 0.00031318509238960227

1745365636
0.949741662752466 0.04900579301706592 0.0001565680288085173

1745365637
0.9463565891472868 0.052248062015503874 0.0001550387596899225

1745365638
0.9535613429557578 0.04628176968936304 0.0

1745365639
0.949898548462619 0.04900889651943187 0.0

1745365640
0.9484536082474226 0.04982817869415808 0.0

1745365641
0.9493453865336658 0.05049875311720698 0.00015586034912718204

1745365642
0.9512956603184515 0.04823602872307212 0.0

1745365643
0.9371554575523704 0.05937942983146952 0.0

1745365644
0.949221183800623 0.04813084112149533 0.00015576323987538941

1745365645
0.9550281074328545 0.042473454091193005 0.0

1745365646
0.9505228656157327 0.04838457936631809 0.0

1745365647
0.9444705146253715 0.05443453777569216 0.00015642108556233381

1745365648
0.9590973201692524 0.04090267983074753 0.0

1745365649
0.9557494546587723 0.04409473356185727 0.0

1745365650
0.949836931200497 0.0498524615623544 0.00015530361857431278

1745365651
0.9462264150943396 0.05188679245283019 0.0

1745365652
0.9558226662503903 0.04121136434592569 0.00031220730565095225

1745365653
0.94578125 0.0540625 0.0

1745365654
0.9471875 0.05078125 0.0

1745365655
0.9499452526200531 0.050054747379946814 0.0

1745365656
0.9562909772088667 0.04355291913830784 0.00015610365282547612

1745365657
0.9589126698953289 0.041087330104671145 0.0

1745365658
0.9627717816361645 0.03722821836383545 0.0

1745365659
0.9546372533789033 0.045207394749106726 0.0

1745365660
0.955940204563336 0.044059795436664044 0.0

1745365661
0.957234275011706 0.04260964570001561 0.0

1745365662
0.9564470808616922 0.04199188261005308 0.0

1745365663
0.9621789883268482 0.03782101167315175 0.0

1745365664
0.963764705882353 0.03607843137254902 0.0

1745365665
0.9614842649131048 0.03851573508689526 0.0

1745365666
0.9535680897475849 0.04534122779682144 0.0

1745365667
0.9502658742571161 0.04942133249921802 0.0

1745365668
0.9612075707805412 0.03847958704833412 0.0

1745365669
0.9634375 0.0365625 0.0

1745365670
0.9617546050577583 0.03824539494224165 0.0

1745365671
0.9580146714530982 0.041985328546901825 0.0

1745365672
0.9523659801917937 0.04433265209872662 0.0

1745365673
0.9202875898718349 0.04735854954673335 0.0

1745365674
0.7905193992490613 0.03676470588235294 0.0

1745365675
0.6152643102908977 0.03127932436659368 0.0

1745365676
0.46025039123630673 0.02112676056338028 0.00015649452269170578

1745365677
0.2895107081444427 0.02594966390495545 0.0001563232765358762

1745365678
0.491875 0.0309375 0.0

1745365679
0.5119587306549945 0.0229795216507738 0.0001563232765358762

1745365680
0.5597936532749727 0.02094731905580741 0.0

1745365681
0.6947991279975085 0.04328869511055746 0.0

1745365682
0.9467104235036724 0.05313330207844976 0.0

1745365683
0.95375 0.04625 0.0

1745365684
0.9539494224164845 0.04495785201373712 0.0

1745365685
0.9616828276509227 0.03831717234907726 0.0

1745365686
0.9619107087105838 0.037620980330939746 0.0

1745365687
0.94359375 0.05546875 0.0

1745365688
0.9447592067988668 0.053824362606232294 0.0

1745365689
0.9478584729981379 0.051365611421477345 0.00015518311607697082

1745365690
0.9530022005658598 0.04589751650424395 0.0

1745365691
0.956245151280062 0.04344453064391001 0.0

1745365692
0.9555171329770512 0.043854133920150896 0.0

1745365693
0.956481048198409 0.042427078458898766 0.0

1745365694
0.955288985823337 0.044555226670821 0.0

1745365695
0.9469400532164658 0.052746908749413055 0.00015651901706057285

1745365696
0.9376263804635246 0.06019598693420439 0.0

1745365697
0.9439384422110553 0.05449120603015075 0.0

1745365698
0.9482140071751677 0.05100608329433785 0.0

1745365699
0.9426024397873006 0.055520800750703786 0.0

1745365700
0.9294445304038372 0.0685440198050441 0.0

1745365702
0.9111774878163811 0.08575695645338784 7.860399308284861e-05

1745365703
0.8973956699090053 0.03624097897709445 0.00015688735487919673

1745365704
0.7010325406758448 0.028160200250312892 0.00015644555694618273

1745365705
0.6059467918622848 0.033646322378716745 0.00015649452269170578

1745365706
0.5573796122576611 0.03424015009380863 0.0

1745365707
0.5580922595777952 0.025332290852228302 0.0

1745365708
0.66051891216005 0.035948733979368555 0.00015629884338855892

1745365709
0.6872846852489821 0.04447228311932352 0.005637331663012841

1745365710
0.6914160401002506 0.03649749373433584 0.0015664160401002505

1745365711
0.7112433448167867 0.03601628562480426 0.00031318509238960227

1745365712
0.7300469483568075 0.036776212832550864 0.0

1745365713
0.8133354056574448 0.0374572583152005 0.00015542430836182778

1745365714
0.9221964423820572 0.03155452436194896 0.0

1745365715
0.9244598643747043 0.02980602428639016 0.0

1745365716
0.9568153266331658 0.03391959798994975 0.000157035175879397

1745365717
0.9584764283484234 0.04152357165157665 0.0

1745365718
0.9412861136999068 0.05778191985088537 0.00015532774153463808

1745365720
0.9503724029792239 0.04915719325754606 0.0

1745365721
0.949577200125274 0.04870028186658315 0.0

1745365722
0.9598511858626569 0.039838784684545034 0.0

1745365723
0.9577575376884422 0.03957286432160804 0.000157035175879397

1745365724
0.96890625 0.03109375 0.0

1745365725
0.9689402216325893 0.0309036990791322 0.0

1745365726
0.9643359924917879 0.03566400750821211 0.0

1745365727
0.9631652879662869 0.03683471203371313 0.0

1745365728
0.9643304130162703 0.03566958698372966 0.0

1745365729
0.9558226662503903 0.04417733374960974 0.0

1745365730
0.9632869864083737 0.03655678800187471 0.0001562255897516013

1745365731
0.9653910657112365 0.03354169842963867 0.0

1745365732
0.966828352370521 0.03176341730558598 0.0

1745365734
0.9129094751673125 0.0469355406833392 0.0019373018668545263

1745365735
0.7833028003140539 0.02420832242868359 0.0009159905783826224

1745365736
0.7611006879299562 0.029080675422138838 0.0

1745365737
0.659784138901924 0.03206632254027843 0.0

1745365738
0.6658939885643641 0.04280636686756297 0.0

1745365740
0.7110269160944037 0.033546451969374065 7.893282816323308e-05

1745365741
0.7188183807439825 0.023913723038449516 0.0

1745365742
0.715603502188868 0.021575984990619138 0.0

1745365743
0.7166715932604197 0.020691693762932308 0.00014779781259237365

1745365745
0.8483290488431876 0.04153277634961439 0.0

1745365746
0.9594193850476042 0.0394880599344467 0.0

1745365747
0.9692118226600985 0.030480295566502464 0.0

1745365749
0.9656638840762325 0.03433611592376752 0.0

1745365750
0.9600374648766781 0.03980643147049641 0.00015610365282547612

1745365751
0.9657759024847632 0.03422409751523676 0.0

1745365752
0.9657960199004975 0.034203980099502485 0.0

1745365753
0.9646670854271356 0.034547738693467334 0.0

1745365754
0.9482246206788675 0.05099327389332082 0.0

1745365755
0.9673743365594755 0.032625663440524505 0.0

1745365756
0.9625117150890347 0.03686348016244923 0.00015620118712902218

1745365757
0.956474930790526 0.04352506920947401 0.0

1745365758
0.958638988606212 0.04136101139378805 0.0

1745365760
0.956717123935667 0.04280983916745506 0.0

1745365761
0.9601121844811468 0.039887815518853224 0.0

1745365762
0.9652418976045092 0.03366212619383122 0.0001565680288085173

1745365763
0.9620668123634093 0.0379331876365907 0.0

1745365764
0.9617656201429904 0.03792353124028598 0.00015542430836182778

1745365765
0.9650695517774344 0.03493044822256569 0.0

1745365767
0.9699843260188088 0.02884012539184953 0.0

1745365768
0.9697975964579381 0.029728020240354206 0.0

1745365769
0.9568064868236394 0.04163418057071573 0.0

1745365770
0.9524925769651508 0.045163306766682294 0.0

1745365771
0.9414985139996872 0.05709369623025184 0.0

1745365772
0.96640625 0.0315625 0.0

1745365773
0.95296875 0.04484375 0.0

1745365774
0.9648052557484749 0.035194744251525106 0.0

1745365775
0.9614844846405738 0.036800249493216905 0.0

1745365776
0.9653984656333177 0.03460153436668233 0.0

1745365777
0.9610980392156863 0.03592156862745098 0.0

1745365778
0.9670346757891464 0.03296532421085368 0.0

1745365779
0.96734375 0.0325 0.0

1745365780
0.9640625 0.0359375 0.0

1745365781
0.9673713235294118 0.03262867647058824 0.0

1745365782
0.9712769278801124 0.028723072119887606 0.0

1745365783
0.9728882620278954 0.027111737972104685 0.0

1745365785
0.9705650252525253 0.029434974747474748 0.0

1745365786
0.9689692811476688 0.0310307188523312 0.0

1745365787
0.9743155952014765 0.02568440479852353 0.0

1745365789
0.9716772151898734 0.02832278481012658 0.0

1745365790
0.9732363861386139 0.026763613861386138 0.0

1745365791
0.9699859309051118 0.03001406909488823 0.0

1745365792
0.9725128845853506 0.027487115414649384 0.0

1745365793
0.9583791424532747 0.02811371132401445 0.0

1745365794
0.8890801001251565 0.03879849812265332 0.0

1745365795
0.7460168697282099 0.035301468291159016 0.0

1745365796
0.5938571874025569 0.03601496725912067 0.0

1745365797
0.46146601789358027 0.021660649819494584 0.0

1745365798
0.5157154026583268 0.030023455824863175 0.0

1745365799
0.629317080793874 0.02703547429285826 0.0

1745365800
0.6923076923076923 0.029393370856785492 0.0

1745365801
0.7988442917382477 0.030766828049351866 0.0

1745365802
0.8673022819631134 0.036573929352922786 0.0

1745365803
0.9067059919279726 0.03213287798820242 0.0

1745365804
0.9400690304361469 0.029181048007530592 0.0

1745365805
0.9407649253731343 0.029228855721393034 0.0

1745365806
0.94096461008456 0.02912621359223301 0.0

1745365807
0.9497259201252937 0.031793265465935784 0.0

1745365808
0.96734375 0.0325 0.0

1745365809
0.9701609123574442 0.02983908764255585 0.0

1745365810
0.968125 0.031875 0.0

1745365811
0.9676812048948855 0.032318795105114526 0.0

1745365812
0.9634582491058933 0.03545327320789924 0.0

1745365813
0.9704364148287189 0.02956358517128109 0.0

1745365814
0.9730934809348093 0.026906519065190652 0.0

1745365816
0.9735400031313606 0.026459996868639424 0.0

1745365817
0.9761161411177022 0.023883858882297847 0.0

1745365818
0.9750739990652749 0.024926000934725034 0.0

1745365820
0.9702798581001183 0.029562475364603862 0.0

1745365821
0.9646362361738589 0.03380588876772083 0.0

1745365822
0.96828125 0.03171875 0.0

1745365823
0.950250312891114 0.049123904881101375 0.00015644555694618273

1745365824
0.9634280332757809 0.03515931564903469 0.0001569612305760477

1745365825
0.944530764449969 0.05127408328154133 0.0

1745365826
0.9606980034585757 0.038830372582927215 0.00015720798616569723

1745365827
0.9544465174129353 0.04399875621890547 0.0001554726368159204

1745365828
0.961212311557789 0.03800251256281407 0.000157035175879397

1745365829
0.9675213675213675 0.03232323232323232 0.0001554001554001554

1745365830
0.9705114421747811 0.02948855782521886 0.0

1745365831
0.9693174702567313 0.030682529743268627 0.0

1745365832
0.9701795472287276 0.02966432474629196 0.000156128024980484

1745365834
0.9668926375532083 0.032870881286457515 0.00015765410688948448

1745365835
0.9697489474504912 0.029939186028379854 0.0001559332605644784

1745365836
0.9674898405751797 0.03251015942482026 0.0

1745365837
0.9603510421564018 0.03400720890142611 0.0

1745365838
0.9677570093457943 0.031931464174454825 0.00031152647975077883

1745365839
0.971656749138741 0.028343250861259005 0.0

1745365840
0.973314606741573 0.025593008739076155 0.0

1745365841
0.9749726263100266 0.024870952604411075 0.00015642108556233381

1745365842
0.9760073823438942 0.02383881882497693 0.00015379883112888343

1745365844
0.9699117832388153 0.029930686830497794 0.0001575299306868305

1745365845
0.9494759893633662 0.04473643047082747 0.0

1745365846
0.9559121358467051 0.04299735161240069 0.0

1745365847
0.9545171339563863 0.04330218068535826 0.0

1745365848
0.9509481272527817 0.04482056104058925 0.0001567152483936687

1745365849
0.9594238810593154 0.0388725414279077 0.00015487068297971194

1745365851
0.9673223101637802 0.0304835044275527 0.0

1745365852
0.9591708542713567 0.04035804020100502 0.000157035175879397

1745365853
0.9686769518466574 0.031323048153342685 0.0

1745365854
0.9666248824819805 0.03321842682544657 0.00015669069257286117

1745365855
0.9623378652914518 0.03734958587279262 0.0001562744178777934

1745365856
0.963823483549041 0.03383751754249181 0.0003118665211289568

1745365857
0.9630903972474194 0.036753206130747576 0.00015639662183296842

1745365858
0.9671875 0.0325 0.00015625

1745365859
0.9662816109896971 0.033406181704651886 0.00015610365282547612

1745365860
0.9632410448928516 0.03582042859377444 0.00031284217112466763

1745365861
0.9665625 0.0328125 0.00015625

1745365862
0.9723850663375502 0.02761493366244986 0.0

1745365864
0.9707340099126741 0.0290299740382346 0.0001573440327275588

1745365865
0.9688133478871043 0.03025105254950881 0.0001559332605644784

1745365866
0.9626212073819206 0.03706599937441351 0.00015639662183296842

1745365867
0.9584248509570129 0.04032005020395356 0.00015688735487919673

1745365868
0.9573607220666044 0.041549953314659195 0.0

1745365869
0.9600062490235901 0.03858772066864553 0.0003124511795032026

1745365870
0.9634260706470772 0.03438574554548297 0.00015629884338855892

1745365871
0.9648327602375742 0.0350109409190372 0.0

1745365872
0.9602059925093633 0.03682896379525593 0.00015605493133583021

1745365873
0.9128930817610063 0.030974842767295598 0.00015723270440251572

1745365874
0.8618102235422854 0.03360950445521338 0.0

1745365875
0.8043104794627518 0.02904888333593628 0.00015617679212868969

1745365876
0.787521340990222 0.026230017072792176 0.0003104144032283098

1745365877
0.7715096123542389 0.02820674440592499 0.0001575795776867318

1745365878
0.7699156513589503 0.028272414870353015 0.00015620118712902218

1745365879
0.7723221266614543 0.02799061767005473 0.0001563721657544957

1745365880
0.7678347934918648 0.031914893617021274 0.00015644555694618273

1745365881
0.7724859462835728 0.02560899437851343 0.0001561524047470331

1745365882
0.7723933093637643 0.030952008754103488 0.0001563232765358762

1745365883
0.8037865748709122 0.02816460647785949 0.00031294007197621654

1745365884
0.8450968144909432 0.03622735790131168 0.0003123048094940662

1745365885
0.907364160049821 0.033940526233847114 0.0

1745365886
0.9401508011310085 0.03031731071316368 0.00015708451146716933

1745365887
0.9576086956521739 0.03571428571428571 0.00015527950310559007

1745365888
0.9596875 0.0390625 0.00015625

1745365889
0.9626095118898623 0.035826032540675845 0.00015644555694618273

1745365890
0.9619616472807293 0.03756680289217227 0.0

1745365891
0.9651741293532339 0.03467039800995025 0.0001554726368159204

1745365892
0.9644139222725144 0.03449352270953644 0.0003121585765568909

1745365893
0.9676461394185683 0.03141606752110034 0.0

1745365894
0.97234375 0.02765625 0.0

1745365895
0.9712573009529665 0.02874269904703351 0.0

1745365897
0.9685539523212046 0.029485570890840654 7.841907151819322e-05

1745365898
0.9639256458727158 0.03481411468178954 0.0001575299306868305

1745365899
0.9662394498280713 0.03188496405126602 0.00015629884338855892

1745365900
0.9598123534010946 0.03893666927286943 0.0

1745365901
0.9679987511707774 0.031845145176397124 0.00015610365282547612

1745365902
0.9690431519699813 0.030800500312695434 0.00015634771732332708

1745365903
0.9591996248241363 0.04033140534625606 0.0003126465530717524

1745365904
0.9530464824120602 0.040515075376884424 0.000157035175879397

1745365905
0.96109375 0.03734375 0.00015625

1745365906
0.9660753190164955 0.03392468098350451 0.0

1745365907
0.9696827629317081 0.03016096265041413 0.0001562744178777934

1745365908
0.9638327853452325 0.03616721465476749 0.0

1745365909
0.9646031498518634 0.03524091688757212 0.0001559332605644784

1745365910
0.9662816109896971 0.03371838901030284 0.0

1745365911
0.9669641459214029 0.03272271802098012 0.0001565680288085173

1745365912
0.965845290081098 0.03399875233936369 0.00015595757953836556

1745365913
0.968125 0.03171875 0.00015625

1745365914
0.967067270173248 0.03215233338535976 0.00015607928827844546

1745365915
0.9678426475179519 0.0320012488292226 0.00015610365282547612

1745365916
0.971665623043206 0.02802128991859737 0.00015654351909830932

1745365917
0.9733455882352942 0.02665441176470588 0.0

1745365919
0.9680246328754145 0.031422706458234646 7.895152376440866e-05

1745365920
0.9685544430538173 0.03144555694618273 0.0

1745365921
0.957669478288035 0.041237113402061855 0.00031240237425804435

1745365922
0.9664952470001559 0.03256973663705782 0.0

1745365923
0.9678125 0.03125 0.0003125

1745365924
0.9628125 0.03609375 0.0

1745365925
0.9640231503206632 0.035038323165962774 0.00015642108556233381

1745365926
0.9627028714107366 0.035892634207240946 0.00031210986267166043

1745365927
0.9578700078308535 0.0408770555990603 0.00015661707126076742

1745365928
0.9666354848768319 0.03274087932647334 0.00015590894917368256

1745365929
0.9607751211126738 0.03734958587279262 0.0

1745365930
0.9698107304864696 0.030189269513530424 0.0

1745365931
0.9681598251911971 0.0309036990791322 0.00015607928827844546

1745365932
0.9530464824120602 0.03925879396984925 0.000157035175879397

1745365933
0.9051643192488263 0.03333333333333333 0.0

1745365934
0.8006878224167578 0.029857745818352353 0.0

1745365935
0.7404341714821178 0.023270342027174762 0.0

1745365936
0.6918622848200313 0.026604068857589983 0.0

1745365937
0.6380818494220556 0.020618556701030927 0.0

1745365938
0.6597341673182173 0.025645035183737296 0.0003127443315089914

1745365939
0.7161633547175715 0.030511657017681115 0.00031294007197621654

1745365940
0.8003748828491096 0.03014682911590128 0.00031240237425804435

1745365941
0.8321350422006877 0.028446389496717725 0.0

1745365942
0.8716987029223316 0.02984841381465854 0.0001562744178777934

1745365943
0.91850699844479 0.039346811819595644 0.00031104199066874026

1745365944
0.9628125 0.03609375 0.0

1745365945
0.96625 0.03265625 0.00015625

1745365946
0.9623143080531665 0.03752931978107897 0.0

1745365947
0.9625351233218857 0.037152669372463316 0.00031220730565095225

1745365948
0.9610511496949788 0.03879242921945878 0.00015642108556233381

1745365949
0.9653503980021851 0.03464960199781489 0.0

1745365950
0.9638667292351009 0.03597684967933677 0.00015642108556233381

1745365951
0.9693385214007783 0.03066147859922179 0.0

1745365952
0.9694117647058823 0.03043137254901961 0.00015686274509803922

1745365953
0.9688722039730956 0.03081495385577976 0.00015642108556233381

1745365954
0.9688133478871043 0.03009511928894433 0.0001559332605644784

1745365955
0.97328125 0.02671875 0.0

1745365956
0.9731108020398702 0.02611651985782723 0.00015453562046051616

1745365958
0.9683862849952816 0.03043409877319912 0.00015728216420257942

1745365959
0.9601920693928129 0.03872366790582404 0.0

1745365960
0.9462010382255781 0.049551675318546484 0.00015730690577316344

1745365961
0.9581053618883851 0.03783023292168204 0.0

1745365962
0.9518298404754457 0.04519862370972787 0.00015639662183296842

1745365963
0.9573504139978128 0.041868458053429154 0.00046867676925480396

1745365964
0.9590433015476004 0.0387681725808973 0.0

1745365965
0.9628183096391189 0.0354632088736135 0.0001562255897516013

1745365966
0.9642634207240949 0.033395755305867664 0.00015605493133583021

1745365967
0.9662447257383966 0.03359899984372558 0.0001562744178777934

1745365968
0.9594849246231156 0.03972989949748744 0.000314070351758794

1745365969
0.9586776859504132 0.039139248401684076 0.0001559332605644784

1745365970
0.9638460339722612 0.03615396602773882 0.0

1745365971
0.9591199875175535 0.03885161491652364 0.0003120611639881417

1745365972
0.9658628249295333 0.03351080488568744 0.00015659254619480113

1745365973
0.9691203992514036 0.030879600748596383 0.0

1745365974
0.9605139454716389 0.03854591037292385 0.00031338138514572234

1745365975
0.9686231657820793 0.031220730565095223 0.00015610365282547612

1745365976
0.9674048658764816 0.032439176543980035 0.00015595757953836556

1745365977
0.9706020328381548 0.028146989835809225 0.0001563721657544957

1745365978
0.9668335419274092 0.03254067584480601 0.00015644555694618273

1745365979
0.9723480706139666 0.02718325261677863 0.0003124511795032026

1745365980
0.9627659574468085 0.03426157697121402 0.00015644555694618273

1745365981
0.9661438111507998 0.03152663457058549 0.0

1745365982
0.968151866959523 0.030122372136805773 0.00031377470975839345

1745365983
0.9601500234411627 0.03813095796218159 0.0001562744178777934

1745365984
0.9690383111806099 0.030805316653635652 0.0001563721657544957

1745365985
0.967530440212301 0.032313456134873554 0.00015610365282547612

1745365986
0.9565149382136712 0.041295166588456125 0.00015642108556233381

1745365987
0.9619047619047619 0.03684621389539423 0.000156128024980484

1745365988
0.959668594653744 0.04033140534625606 0.0

1745365989
0.9697760049094815 0.029917152500767107 0.00015342129487572875

1745365990
0.9694036840462067 0.030596315953793318 0.0

1745365992
0.967790321307334 0.03094655403805163 0.00015789058182679404

1745365993
0.9677167810355584 0.03134747348721148 0.0

1745365994
0.9635481852315394 0.03613892365456821 0.00015644555694618273

1745365995
0.96145443196005 0.03776529338327091 0.00031210986267166043

1745365996
0.967494921081419 0.03187998124706985 0.0

1745365997
0.9670003127932436 0.03065373787926181 0.00015639662183296842

1745365998
0.963769242730524 0.035608770020214585 0.00015549681231534753

1745365999
0.9623529411764706 0.0363921568627451 0.00015686274509803922

1745366000
0.9555939118154715 0.042366232543543075 0.00015691197238349287

1745366001
0.9638629283489096 0.035669781931464174 0.00015576323987538941

1745366002
0.9612451361867704 0.03595330739299611 0.0001556420233463035

1745366003
0.9342996691350244 0.03088073105404128 0.0

1745366004
0.8786931374081601 0.029076129435672973 0.0

1745366005
0.8584167709637046 0.03035043804755945 0.00015644555694618273

1745366006
0.8205287713841368 0.02534992223950233 0.0

1745366007
0.812431329461623 0.027782137811960445 0.0

1745366008
0.8020003125488357 0.028598218471636194 0.0003125488357555868

1745366009
0.797090112640801 0.03316645807259074 0.00031289111389236547

1745366010
0.7952768220206443 0.036440412887081636 0.00031279324366593683

1745366011
0.7996875 0.0303125 0.00015625

1745366012
0.8061240431182628 0.0237462896422434 0.0001562255897516013

1745366013
0.813360450563204 0.02690863579474343 0.00015644555694618273

1745366014
0.8668019987507808 0.03794503435352904 0.00046845721424109934

1745366015
0.91859375 0.03171875 0.00015625

1745366016
0.9244140928139065 0.03011019711314605 0.0

1745366017
0.9476489028213166 0.04059561128526646 0.00015673981191222572

1745366018
0.9672772819790199 0.0325661499921716 0.0001565680288085173

1745366019
0.9602308172177167 0.039301310043668124 0.00031191515907673113

1745366020
0.9648766781142679 0.03496721823290665 0.00015610365282547612

1745366021
0.9584050039093042 0.040656763096168884 0.0001563721657544957

1745366022
0.96453125 0.035 0.0003125

1745366023
0.9690914767405557 0.030908523259444272 0.0

1745366024
0.9691270960664473 0.030872903933552735 0.0

1745366025
0.9713934174100277 0.028606582589972316 0.0

1745366027
0.9673305518381484 0.032039675667165236 7.872156183578682e-05

1745366028
0.9679127725856698 0.03177570093457944 0.00031152647975077883

1745366029
0.9643080776455855 0.03537883531621791 0.00015654351909830932

1745366030
0.9598374746054071 0.03906860446944835 0.0003125488357555868

1745366031
0.9576098858126075 0.040043797903957457 0.00015642108556233381

1745366032
0.9581707507413766 0.0412049321055096 0.00015607928827844546

1745366033
0.9654633536490077 0.03438037193311455 0.0001562744178777934

1745366034
0.9661255073368716 0.03371838901030284 0.00015610365282547612

1745366035
0.9632007516442217 0.036642655809583466 0.00015659254619480113

1745366036
0.9656946826758147 0.03399345080305629 0.0003118665211289568

1745366037
0.9713669950738916 0.028633004926108374 0.0

1745366039
0.9702151130722559 0.028918130958947286 0.0

1745366040
0.9705240174672489 0.02947598253275109 0.0

1745366041
0.967757082485522 0.03192987948035687 0.00015651901706057285

1745366042
0.9678985280300658 0.03194487942373943 0.00015659254619480113

1745366043
0.9628015564202335 0.03610894941634241 0.0001556420233463035

1745366044
0.9632122730118973 0.036318096430807766 0.00031308703819661864

1745366045
0.9606986899563319 0.03711790393013101 0.0

1745366046
0.968343519824479 0.031029619181946404 0.0001567152483936687

1745366047
0.9670929507174049 0.03275109170305677 0.0

1745366048
0.9665625 0.03234375 0.00015625

1745366049
0.9650382394256282 0.03464960199781489 0.00015607928827844546

1745366050
0.972128118263012 0.026947951955651372 0.0

1745366051
0.976097484768005 0.0237462896422434 0.0001562255897516013

1745366053
0.9710659098076316 0.02641122674235257 0.0

1745366054
0.9726005949585095 0.02614686081102239 0.0

1745366055
0.9676566630384077 0.03032187840149277 0.0

1745366056
0.9665990323084127 0.03308880911503043 0.00015607928827844546

1745366057
0.9651381909547738 0.03439070351758794 0.000157035175879397

1745366058
0.9644299471885679 0.03525939732836285 0.00031065548306927616

1745366059
0.9609717868338558 0.03777429467084639 0.00015673981191222572

1745366060
0.9653449890727444 0.033093974399000935 0.00015610365282547612

1745366061
0.9538316582914573 0.04522613065326633 0.000157035175879397

1745366062
0.949898548462619 0.035586077727485566 0.00015607928827844546

1745366063
0.7492167919799498 0.023652882205513783 0.0

1745366064
0.5783547075383172 0.020018767594619957 0.0

1745366065
0.4637159837347513 0.015170472317797936 0.0

1745366066
0.3240871336781069 0.01692524682651622 0.0

1745366067
0.2539831302717901 0.00859106529209622 0.00031240237425804435

1745366068
0.7143520668834185 0.05325901842390463 0.00015482272797646694

1745366069
0.9316760475297061 0.06363352095059412 0.0

1745366070
0.943114703139571 0.051756294684488655 0.0

1745366071
0.9514884233737596 0.04599149472357852 0.00031501023783272954

1745366072
0.9540050062578223 0.04489987484355444 0.00015644555694618273

1745366073
0.9582679636021336 0.039535613429557574 0.00031377470975839345

1745366074
0.9487459105779716 0.0450225891883471 0.00015578750584203146

1745366075
0.9578585921648197 0.03917590135788981 0.00015607928827844546

1745366076
0.9590073818124706 0.03785142139155018 0.00015705983979896342

1745366077
0.9496425240907678 0.04476220080820641 0.00015542430836182778

1745366078
0.955272557850598 0.041466066159341515 0.00015530361857431278

1745366079
0.9529375097397538 0.04456911329281596 0.0

1745366081
0.9551862644719225 0.042450972670709616 7.875876191226274e-05

1745366082
0.951738050900062 0.04531346989447548 0.00015518311607697082

1745366083
0.939846081356997 0.05716978168682268 0.00015705983979896342

1745366084
0.9432436635048982 0.05286891618721816 0.0

1745366085
0.9517426273458445 0.045734111338905536 0.00047311149660936763

1745366086
0.9346850332765826 0.05943352422225662 0.00015477480266212662

1745366087
0.9411394397230092 0.054611268492288326 0.00015738117721120554

1745366088
0.9522853613341569 0.04632489190858555 0.00015441630636195183

1745366089
0.95062893081761 0.04685534591194968 0.00031446540880503143

1745366090
0.9591421415153413 0.03804007514088917 0.00015654351909830932

1745366091
0.9580408672593979 0.04117922321010763 0.00015598190609889253

1745366092
0.9527608321601752 0.044267167214140465 0.0

1745366093
0.9561006092798 0.04155600687392595 0.0001562255897516013

1745366094
0.9617486338797814 0.03793911007025761 0.000156128024980484

1745366095
0.9612075707805412 0.03738463944939778 0.0

1745366096
0.9414435572256146 0.0543291059965555 0.0004697040864255519

1745366097
0.9369931378665003 0.05895196506550218 0.0

1745366098
0.9431323803604723 0.054536979490366684 0.0

1745366100
0.9201006605850897 0.07691097829506134 0.00015728216420257942

1745366101
0.9031206334420121 0.09330849247011333 0.0001552553951249806

1745366102
0.9320737039350406 0.06449094316052467 0.0001561524047470331

1745366103
0.9119407687460618 0.0847511027095148 0.0

1745366104
0.8890968647636874 0.1063796599594447 0.0

1745366105
0.8896315871288668 0.10306233483600187 0.000155448468832582

1745366106
0.9408367155791445 0.05369965657196379 0.0

1745366107
0.9449898706560698 0.049711703288140875 0.00015583606046439146

1745366108
0.8978763272954403 0.05402873204247345 0.0001561524047470331

1745366109
0.9268560665515617 0.042222571024956836 0.0

1745366110
0.956916810277299 0.03195989346702178 0.0

1745366111
0.9665473782480162 0.023027851252528396 0.0

1745366112
0.981698732989207 0.017206319411856717 0.0

1745366113
0.9747951136539353 0.017937219730941704 0.0

1745366115
0.9851399968715783 0.012591897387767871 0.0

1745366116
0.9883159370618476 0.00950303785636392 0.0

1745366118
0.9925699984357892 0.007273580478648522 0.0

1745366119
0.9898643380633089 0.009200062373304226 0.0

1745366120
0.9912129295465244 0.008630158481092108 0.0

1745366121
0.9885472230938186 0.010197678067147787 0.0

1745366122
0.7762786319422654 0.005961719485409476 0.00015688735487919673

1745366123
0.04673485444531865 0.00047206923682140047 0.0

1745366124
0.046762589928057555 0.0009383797309978105 0.0

1745366125
0.046362784889166404 0.0015610365282547611 0.0

1745366126
0.04410384735689709 0.0009383797309978105 0.0

1745366127
0.01860537836147592 0.001876172607879925 0.0

1745366128
0.07499608579927979 0.009080945670894004 0.0

1745366129
0.03125 0.06953125 0.0

1745366130
0.012844611528822054 0.014724310776942355 0.0

1745366131
0.05997513983840895 0.003107520198881293 0.0

1745366132
0.10689546599496222 0.00818639798488665 0.0

1745366133
0.21956555711829973 0.00922019065478981 0.0

1745366134
0.7417650714729646 0.04894344313238036 0.00015537600994406463

1745366135
0.9619956208945887 0.03784798248357835 0.0

1745366136
0.9617546050577583 0.03746487667811427 0.00015610365282547612

1745366137
0.9250192455735181 0.0697459584295612 0.00015396458814472672

1745366139
0.944593316519546 0.05146595208070618 7.881462799495586e-05

1745366140
0.9510445899594637 0.04630495790458372 0.00015590894917368256

1745366141
0.9552401746724891 0.041016843418590146 0.00015595757953836556

1745366142
0.9477494491658798 0.048788164935473714 0.00015738117721120554

1745366143
0.9537984496124031 0.04279069767441861 0.0001550387596899225

1745366144
0.9438959410750666 0.0535966149506347 0.0001567152483936687

1745366145
0.9520237537115174 0.04781997187060478 0.0001562744178777934

1745366146
0.9493949394939494 0.04966210906804966 0.00015715857300015716

1745366147
0.9561294337274424 0.04169259489732421 0.0

1745366148
0.9477276252520552 0.04746393671475105 0.0

1745366149
0.9589235127478754 0.04091910607491344 0.0

1745366150
0.9584375 0.0390625 0.0

1745366151
0.9496875 0.048125 0.00015625

1745366152
0.9463978746679169 0.051258009063916234 0.0

1745366153
0.9540553211439288 0.04360056258790436 0.0

1745366154
0.9566713592992335 0.042859377444079465 0.0

1745366155
0.9532739490545398 0.0426629160806376 0.0

1745366156
0.9578651685393258 0.041978776529338326 0.0

1745366157
0.9541686219302362 0.042702956358517126 0.00015642108556233381

1745366158
0.9517639712769279 0.047299406806119264 0.0

1745366159
0.9571630315393065 0.04220932057115958 0.0

1745366160
0.9555417379138815 0.04274832892896005 0.0

1745366161
0.9489461358313818 0.04839968774395004 0.0

1745366162
0.9567119862478513 0.04125644631973746 0.0

1745366163
0.9464956195244055 0.04959324155193993 0.0

1745366164
0.9400900201769362 0.056029799782709916 0.0

1745366165
0.9420404295641187 0.0540113708149084 0.0

1745366166
0.9392401169050916 0.05445316105214582 0.00015382248884786957

1745366168
0.9494148142329746 0.047129055062445996 0.0

1745366169
0.9510598503740648 0.045355361596009974 0.0

1745366170
0.9496934444269769 0.04637635591888068 0.0

1745366171
0.945979509469109 0.047966470040360136 0.0

1745366173
0.8272576962443902 0.04448468624517755 0.0

1745366174
0.48857589984350547 0.022848200312989047 0.0

1745366175
0.2634543178973717 0.016739674593241553 0.00015644555694618273

1745366176
0.1510959117052697 0.005751593346805534 0.0

1745366177
0.17127592708988057 0.00974230043997486 0.00015713387806411063

1745366178
0.5968823070927514 0.04520654715510522 0.0026500389711613405

1745366179
0.9526891662813993 0.04515333641547234 0.0001541069502234551

1745366181
0.9544347552832115 0.042815617880430513 7.85607667530835e-05

1745366182
0.9626912269747112 0.03668435841398689 0.0004683109584764284

1745366183
0.9556825200741198 0.039067325509573814 0.00015441630636195183

1745366185
0.9420460800503263 0.05598804749547849 7.863489816780687e-05

1745366186
0.9590880699562774 0.03997501561524047 0.0

1745366187
0.9578125 0.03953125 0.0

1745366188
0.9594510293200249 0.037429819089207735 0.0

1745366189
0.9613930034667507 0.03608572329026158 0.0

1745366190
0.953065280538144 0.04479437394893747 0.0

1745366192
0.9405043341213554 0.05681639085894405 7.880220646178094e-05

1745366193
0.9472863381160325 0.049282595134123516 0.0

1745366194
0.9577266322217003 0.03914200720212933 0.0

1745366195
0.9609740867936309 0.03871370590071808 0.00015610365282547612

1745366196
0.9606952709051049 0.03930472909489508 0.0

1745366197
0.963254593175853 0.03628222942720395 0.0

1745366198
0.9521704814522494 0.04451460142067877 0.0007892659826361484

1745366199
0.9366175086288046 0.05961719485409476 0.00031377470975839345

1745366200
0.9555348258706468 0.04259950248756219 0.0

1745366201
0.9593368783234282 0.04050672505473882 0.00015639662183296842

1745366202
0.9578125 0.04 0.0

1745366203
0.9643694327238631 0.0354742928582591 0.0001562744178777934

1745366204
0.9686671862821512 0.031332813717848795 0.0

1745366205
0.9499293674462408 0.04536179563647779 0.0

1745366206
0.9577815859168095 0.04019317650724412 0.0

1745366207
0.9552635695291726 0.04176442984514313 0.00031284217112466763

1745366208
0.9137931034482759 0.08275862068965517 0.0

1745366209
0.7731287773128778 0.22330698899736556 0.0

1745366210
0.9275588097834554 0.07244119021654463 0.0

1745366211
0.9514425350780388 0.04855746492196122 0.0

1745366212
0.94234375 0.05765625 0.0

1745366213
0.9436137071651091 0.056386292834890966 0.0

1745366214
0.9592923125097855 0.0407076874902145 0.0

1745366215
0.9694894146948941 0.030510585305105854 0.0

1745366216
0.9731512011304757 0.026848798869524258 0.0

1745366217
0.980294025649046 0.01970597435095402 0.0

1745366218
0.981872167526176 0.018127832473824036 0.0

1745366219
0.979528051258009 0.02031567432411314 0.0

1745366220
0.98265625 0.01703125 0.00015625

1745366221
0.9851370181142591 0.014708159157764359 0.0

1745366222
0.9855072463768116 0.014492753623188406 0.0

1745366223
0.9846683354192741 0.014705882352941176 0.0

1745366224
0.791404282115869 0.008343828715365239 0.00015743073047858942

1745366225
0.11251758087201125 0.003750586029067042 0.0

1745366226
0.09284603421461897 0.002021772939346812 0.0

1745366227
0.07538317172349077 0.0012511729746637473 0.0

1745366228
0.04879196736743018 0.0017257609036711642 0.0

1745366229
0.04693084693084693 0.0004662004662004662 0.0

1745366230
0.04643527204502814 0.0015634771732332708 0.0

1745366231
0.037592821782178217 0.14108910891089108 0.0

1745366232
0.028966849050531058 0.14354682973929836 0.0

1745366234
0.11334537742518262 0.006283874008326133 0.0

1745366235
0.12116948092557848 0.004534083802376485 0.0

1745366236
0.13837464700345153 0.008315029808597427 0.0

1745366237
0.4216283794342866 0.028754492889513986 0.0001562744178777934

1745366238
0.5246079801273095 0.02313305387362211 0.0

1745366239
0.5538582677165355 0.02535433070866142 0.0

1745366240
0.6273010920436818 0.025897035881435257 0.0

1745366241
0.932295719844358 0.054319066147859925 0.0

1745366242
0.9493195682778038 0.047552010010949476 0.0

1745366243
0.96234375 0.03765625 0.0

1745366244
0.96171875 0.03828125 0.0

1745366245
0.9640625 0.0359375 0.0

1745366246
0.9657437822618489 0.0342562177381511 0.0

1745366247
0.9679637443350524 0.032036255664947645 0.0

1745366248
0.9562568348695516 0.042649586002187156 0.0

1745366249
0.9525888958203369 0.045539613225202745 0.0

1745366250
0.9544096840119478 0.044489860084892315 0.0

1745366251
0.9484311898105001 0.050015532774153465 0.0

1745366252
0.9559375 0.04296875 0.0

1745366253
0.9578980196475908 0.04101044752845782 0.0

1745366254
0.9585094723657429 0.039611711288554875 0.0

1745366255
0.9566910733759153 0.04252998909487459 0.0

1745366256
0.9582220826134757 0.04177791738652427 0.0

1745366257
0.9538005306695801 0.04385828000624317 0.0

1745366258
0.9569557080474111 0.0425764192139738 0.0

1745366259
0.9456027590531432 0.05063489575168522 0.0

1745366260
0.9552052442640862 0.04432651787107851 0.0

1745366261
0.9579621815908735 0.04110017190185967 0.0

1745366262
0.9557230334432407 0.04302088239912074 0.0

1745366263
0.9596887159533074 0.0401556420233463 0.0

1745366264
0.959925152034929 0.039139248401684076 0.0

1745366265
0.955940204563336 0.04232887490165224 0.0

1745366266
0.9563935443823712 0.04252017380509 0.0

1745366267
0.953718230310637 0.04612488233448384 0.0

1745366268
0.9546799563930852 0.04251674194050771 0.0

1745366269
0.9551192145862553 0.04441327723235157 0.00015583606046439146

1745366270
0.9588632438373371 0.04097974564295808 0.0

1745366271
0.9543115546546078 0.04272571339466708 0.0

1745366272
0.9625743814594425 0.03742561854055747 0.0

1745366273
0.9537690017238677 0.045133991537376586 0.0

1745366274
0.9619092039800995 0.038090796019900494 0.0

1745366275
0.9492685963274199 0.0480859010270775 0.0

1745366276
0.9554300062774639 0.04362837413684871 0.0

1745366277
0.9533654593502254 0.04601274677444427 0.0

1745366278
0.9585296889726673 0.03974238140119384 0.0

1745366279
0.9619107087105838 0.0379331876365907 0.0

1745366280
0.9562020960425466 0.04066948224620679 0.0

1745366281
0.963766984226144 0.03607683898172732 0.00015617679212868969

1745366282
0.9515397842738784 0.04439581053618884 0.0

1745366283
0.9546234211757367 0.04444097926087635 0.0

1745366284
0.9496245306633292 0.04458698372966208 0.0

1745366285
0.9594932749452612 0.04050672505473882 0.0

1745366286
0.9587420208625252 0.04110228865016347 0.0

1745366287
0.9542554846740314 0.04076552046055702 0.0

1745366288
0.9505135387488328 0.04777466542172425 0.0

1745366289
0.9531793736159443 0.04539702625751345 0.0

1745366290
0.9562568348695516 0.04155600687392595 0.0

1745366291
0.9592123769338959 0.04047507423034849 0.0

1745366292
0.9574534647270452 0.04176442984514313 0.0

1745366293
0.9631940112289458 0.03665003119151591 0.0

1745366294
0.9575066395875644 0.042180909232932357 0.0

1745366295
0.9536114570361146 0.04374221668742217 0.0

1745366296
0.9539886934673367 0.04522613065326633 0.0

1745366297
0.9511013904077488 0.04842993282299641 0.0

1745366298
0.9514150943396227 0.046069182389937104 0.00031446540880503143

1745366299
0.9577508543025784 0.042093817955886924 0.00015532774153463808

1745366300
0.9570379628183097 0.04124355569442275 0.0003124511795032026

1745366301
0.9568615192247577 0.04220068771491091 0.00015629884338855892

1745366302
0.9486418982204183 0.04698719950046831 0.00031220730565095225

1745366303
0.9497745296221427 0.04960348312859587 0.00015549681231534753

1745366304
0.9456145866079849 0.0520276642565231 0.00031436655139893113

1745366305
0.9431161118924832 0.05625879043600562 0.0

1745366306
0.9514593413454034 0.047760262213204306 0.0003121585765568909

1745366307
0.9518825183565068 0.0473363536947352 0.0001562255897516013

1745366308
0.9426871280927028 0.054494206075790794 0.00015659254619480113

1745366309
0.9438255138867095 0.05350698258277106 0.00015691197238349287

1745366310
0.9443321411911055 0.05426838749805629 0.00015549681231534753

1745366311
0.9511013904077488 0.045461646617715984 0.0001562255897516013

1745366312
0.9459797033567525 0.05120999219359875 0.000156128024980484

1745366313
0.95 0.049375 0.00015625

1745366314
0.9512655242886339 0.04637635591888068 0.00015720798616569723

1745366315
0.9438114562197596 0.05166224442016545 0.00015607928827844546

1745366316
0.9471709909346671 0.05001562988433886 0.0

1745366317
0.9463505926388023 0.051777916406737366 0.00015595757953836556

1745366318
0.9504779815076007 0.04779815076006896 0.0001567152483936687

1745366319
0.9483296909147674 0.050109272556977835 0.00015610365282547612

1745366320
0.9491027227722773 0.04935024752475248 0.0001547029702970297

1745366321
0.9412968209002204 0.056185080264400375 0.0

1745366322
0.9549282595134123 0.043044291952588895 0.00015595757953836556

1745366323
0.9569842014703582 0.04223369310183012 0.0

1745366324
0.95890625 0.040625 0.0003125

1745366325
0.9551982516390883 0.04386512644395879 0.00015610365282547612

1745366326
0.9345060468038323 0.06329511543898225 0.00015705983979896342

1745366327
0.9515500856831283 0.04346471412992678 0.0003115750116840629

1745366328
0.9571049758228045 0.04211511464670098 0.0

1745366329
0.9543393275996872 0.04394057857701329 0.0004691164972634871

1745366330
0.9546875 0.04421875 0.00046875

1745366331
0.9544248478226939 0.0429218042765725 0.0

1745366332
0.953117674636662 0.04453820909517112 0.0

1745366333
0.9466103021762956 0.05323312979489588 0.0

1745366334
0.953117674636662 0.046413502109704644 0.0

1745366335
0.9464591439688715 0.0532295719844358 0.0

1745366336
0.949160447761194 0.04975124378109453 0.0

1745366338
0.9006059652160227 0.04005666168253719 0.0

1745366339
0.6659900062460962 0.033416614615865085 0.0003123048094940662

1745366340
0.42658326817826425 0.02439405785770133 0.0

1745366341
0.2445524376861577 0.013324972566232952 0.0

1745366342
0.13002806361085126 0.008107265357031494 0.0

1745366343
0.18178978603779478 0.012650320162423864 0.00046853037638606906

1745366344
0.37408045077476915 0.028173423070903116 0.0009391141023634372

1745366345
0.6412619084803998 0.03873184444791504 0.0007808839606434484

1745366346
0.9090485074626866 0.050217661691542285 0.0003109452736318408

1745366347
0.9502589047544328 0.04723050368743135 0.00015691197238349287

1745366348
0.946420251591862 0.05218201584096909 0.00031060723714862557

1745366349
0.9452227294191721 0.05225877538170943 0.0

1745366350
0.9495654872749845 0.0495034140285537 0.00015518311607697082

1745366351
0.9589470385459103 0.040896270761516765 0.00015669069257286117

1745366352
0.9568277803847959 0.04223369310183012 0.00015642108556233381

1745366353
0.953064088570092 0.04584437860595665 0.0001559332605644784

1745366354
0.962181590873574 0.03766213470854821 0.0001562744178777934

1745366355
0.951688555347092 0.04690431519699812 0.00031269543464665416

1745366356
0.9567052203813692 0.04298218193185371 0.00015629884338855892

1745366357
0.9535136815920398 0.04415422885572139 0.0001554726368159204

1745366358
0.9473353246344914 0.0507781795315202 0.00015720798616569723

1745366359
0.9501013566193669 0.04849524403555278 0.0001559332605644784

1745366360
0.9540553211439288 0.04297546491639319 0.0

1745366361
0.95421875 0.04359375 0.00015625

1745366362
0.9614842649131048 0.03741975888523563 0.0001565680288085173

1745366363
0.9547652472313212 0.04398689751988769 0.00015598190609889253

1745366364
0.9501254705144291 0.04611041405269762 0.00015683814303638644

1745366365
0.9514321295143213 0.04576587795765878 0.0

1745366366
0.9507735583684951 0.045788404438193465 0.0001562744178777934

1745366367
0.949375 0.049375 0.00015625

1745366368
0.9479199249296215 0.04910853925555208 0.00015639662183296842

1745366369
0.9489779996879388 0.05070993914807302 0.0

1745366370
0.9541829554339327 0.044566067240031274 0.0001563721657544957

1745366371
0.9511966213045518 0.04645706241201314 0.00015642108556233381

1745366372
0.9571875 0.04171875 0.00015625

1745366373
0.9544885830466062 0.043478260869565216 0.00015639662183296842

1745366374
0.9539925140361821 0.041796631316281974 0.0

1745366375
0.9585094723657429 0.04055111946140598 0.0

1745366376
0.9540068599937637 0.04568132210788899 0.00015590894917368256

1745366377
0.9478125 0.0503125 0.0

1745366378
0.9467104235036724 0.052195655571183 0.0001562744178777934

1745366379
0.955625 0.04421875 0.0

1745366380
0.9583333333333334 0.040272614622057 0.0

1745366381
0.9624783225603027 0.036733406905249885 0.00015765410688948448

1745366382
0.9614779874213837 0.03742138364779874 0.0

1745366383
0.9513294977452962 0.04602705644534287 0.00015549681231534753

1745366384
0.9482731676824504 0.046569776527582436 0.0

1745366385
0.9524700015583606 0.04456911329281596 0.00015583606046439146

1745366386
0.947228311932352 0.049796429689946756 0.00015659254619480113

1745366387
0.9559306141584623 0.04375683700578215 0.0001562744178777934

1745366388
0.9591677096370463 0.040519399249061325 0.00015644555694618273

1745366389
0.9432102628285357 0.05350438047559449 0.00015644555694618273

1745366390
0.9440625 0.0503125 0.00015625

1745366391
0.9584764283484234 0.04027474242897284 0.0

1745366392
0.9538124315014874 0.044778456239235945 0.0001565680288085173

1745366393
0.9541972799749883 0.0420509613881507 0.0

1745366394
0.956453634085213 0.039473684210526314 0.00015664160401002505

1745366395
0.9561362575828278 0.041530564629024734 0.00015554518587649713

1745366396
0.9542955866185017 0.043034396104915974 0.00015705983979896342

1745366397
0.9622201492537313 0.03731343283582089 0.0004664179104477612

1745366398
0.9608118657298985 0.03856362217017955 0.000156128024980484

1745366399
0.9620371816903609 0.03765036713013591 0.0001562255897516013

1745366400
0.9583138173302108 0.03793911007025761 0.0

1745366401
0.9539762053850971 0.04539762053850971 0.00031308703819661864

1745366402
0.9676511954992968 0.03234880450070324 0.0

1745366403
0.96703125 0.0328125 0.00015625

1745366404
0.9634317862165963 0.036411939365525864 0.0001562744178777934

1745366405
0.9623496328698641 0.03733791595063271 0.0003124511795032026

1745366406
0.9671875 0.0325 0.00015625

1745366407
0.9678125 0.0321875 0.0

1745366408
0.9705655725073201 0.029280320542456464 0.0001541069502234551

1745366410
0.9656013853904282 0.03376889168765743 7.871536523929471e-05

1745366411
0.9666042446941323 0.03292759051186017 0.00046816479400749064

1745366412
0.9690479912458965 0.030639362201031733 0.0003126465530717524

1745366413
0.9716083486801719 0.028084714548802948 0.0003069367710251688

1745366414
0.9710892326926083 0.028754492889513986 0.0001562744178777934

1745366415
0.970224102805203 0.029462466698009716 0.0003134304967873374

1745366417
0.970924277046726 0.028918130958947286 0.0001575919943266882

1745366418
0.9599937245058048 0.03969250078443677 0.00015688735487919673

1745366419
0.9603606404476915 0.03559769936266128 0.000155448468832582

1745366420
0.946662507797879 0.049282595134123516 0.00015595757953836556

1745366421
0.9638121977850569 0.03618780221494307 0.0

1745366422
0.9514182729979627 0.047954866008462625 0.0001567152483936687

1745366423
0.9611726181194449 0.03851551535942616 0.0001559332605644784

1745366424
0.955114169533938 0.04426024397873006 0.00015639662183296842

1745366425
0.9449397778820585 0.05302674800563116 0.00015642108556233381

1745366426
0.9550351288056206 0.04309133489461359 0.0

1745366427
0.9626620840493673 0.03718169036088111 0.0001562255897516013

1745366428
0.9575 0.0403125 0.00015625

1745366429
0.9588612544971062 0.03722821836383545 0.0

1745366430
0.9664377146425226 0.033250078051826414 0.00015610365282547612

1745366431
0.961875 0.03796875 0.00015625

1745366432
0.9616834170854272 0.032977386934673364 0.0

1745366433
0.939289626036614 0.03285870755750274 0.0

1745366434
0.909683426443203 0.029484792054624457 0.00015518311607697082

1745366435
0.8677581863979849 0.03243073047858942 0.00015743073047858942

1745366436
0.8113178052211975 0.031577301860246994 0.0001563232765358762

1745366437
0.7492966552047515 0.025633010315723664 0.00015629884338855892

1745366438
0.7399187246014379 0.025476711472335104 0.00015629884338855892

1745366439
0.8059678175285112 0.03890017184814873 0.0003124511795032026

1745366440
0.8821322494919493 0.03657964670939503 0.0001563232765358762

1745366441
0.9399782304462758 0.043850101072928006 0.0004664904369460426

1745366442
0.9579293087269315 0.04035032843290585 0.00031279324366593683

1745366443
0.95265625 0.045 0.00015625

1745366444
0.9466687519549578 0.051454488583046604 0.00046918986549890525

1745366445
0.9527963857298645 0.04689203925845147 0.00015578750584203146

1745366446
0.9533792240300375 0.045525657071339175 0.00015644555694618273

1745366447
0.9577815859168095 0.04034896401308615 0.00015578750584203146

1745366448
0.9571697521179793 0.040947599623470346 0.00015688735487919673

1745366449
0.95486164785902 0.04251043437934766 0.0001545833977430824

1745366451
0.9564533878321019 0.04189592831315831 7.860399308284861e-05

1745366452
0.9569153918201686 0.04058694973462379 0.0

1745366453
0.9569437920776578 0.040864255519023014 0.0003131360576170346

1745366454
0.9621495327102804 0.03660436137071651 0.00015576323987538941

1745366455
0.9558176100628931 0.03852201257861635 0.0

1745366456
0.9588107773304428 0.039021368844843606 0.0001548467017652524

1745366457
0.9628118625451122 0.035932841675819865 0.00015691197238349287

1745366458
0.9644083671557915 0.035279425538557604 0.00031220730565095225

1745366459
0.9641795714062256 0.03535116533708744 0.00015642108556233381

1745366460
0.9598123534010946 0.039718530101641905 0.0003127443315089914

1745366461
0.9650600530338481 0.03493994696615193 0.0

1745366462
0.95546875 0.0428125 0.00015625

1745366463
0.9515094634756766 0.04786485218207415 0.00031284217112466763

1745366464
0.9464594127806563 0.04867326110849427 0.0003140210394096404

1745366465
0.9567718861763334 0.042139636137459184 0.0

1745366466
0.9486098094345518 0.04795376444860981 0.00015620118712902218

1745366467
0.956739028580353 0.04326097141964704 0.0

1745366468
0.9566898685228151 0.041918020108275326 0.00015467904098994585

1745366470
0.9502988361119848 0.049072035231204784 7.864108210128971e-05

1745366471
0.9522392734105857 0.04697776385844034 0.00015659254619480113

1745366472
0.9514352211016291 0.04670287044220326 0.0001551590380139643

1745366473
0.9495929868503444 0.04899812147777082 0.00031308703819661864

1745366474
0.9481168932645726 0.04797624628848258 0.0

1745366475
0.9466520650813517 0.05225281602002503 0.0

1745366476
0.9506712457071496 0.04698719950046831 0.00015610365282547612

1745366477
0.9507008977791779 0.04866908174515672 0.00031501023783272954

1745366478
0.9525862068965517 0.04725985221674877 0.0001539408866995074

1745366479
0.945703493862134 0.05051935788479698 0.00015738117721120554

1745366480
0.9540625 0.0428125 0.00015625

1745366481
0.9518825183565068 0.04639900015622559 0.0

1745366482
0.9579145728643216 0.040986180904522614 0.000157035175879397

1745366483
0.7880732508999844 0.04116450148693066 0.0

1745366484
0.5427677873338546 0.028146989835809225 0.0001563721657544957

1745366485
0.3164972634870993 0.018764659890539485 0.0001563721657544957

1745366486
0.13385579937304076 0.014420062695924765 0.0

1745366487
0.05265625 0.00359375 0.0

1745366488
0.04561021170610212 0.0020236612702366126 0.0

1745366489
0.04900267001727658 0.003926495994974085 0.0

1745366490
0.16106858303390095 0.010154663333854085 0.0

1745366491
0.16487789702908695 0.00808834966557785 0.00015554518587649713

1745366492
0.19384711976141894 0.012242975984931723 0.0

1745366493
0.8668735453840186 0.06252909231962762 0.0

1745366494
0.9569842014703582 0.042859377444079465 0.0

1745366495
0.9640718562874252 0.03592814371257485 0.0

1745366496
0.9625567914773617 0.03744320852263826 0.0

1745366498
0.9255671077504726 0.07206994328922495 7.876496534341525e-05

1745366499
0.9538557797591115 0.045518535898639134 0.0

1745366500
0.9555590207391237 0.04272571339466708 0.0

1745366501
0.9518674792936397 0.047038599781215815 0.0

1745366502
0.9192789968652038 0.07962382445141065 0.0

1745366503
0.9451627979436049 0.05265617697460664 0.0

1745366504
0.95640625 0.0434375 0.0

1745366505
0.956965603895084 0.042563216585519086 0.0

1745366506
0.9499378109452736 0.049906716417910446 0.0

1745366507
0.9589357120885881 0.04029529375576746 0.00015379883112888343

1745366509
0.9540655531043177 0.04443744090765837 0.0001575795776867318

1745366510
0.9480093676814988 0.05027322404371585 0.000156128024980484

1745366511
0.9498442367601246 0.04672897196261682 0.00015576323987538941

1745366512
0.9480074719800747 0.04934620174346202 0.0

1745366513
0.9536309336686577 0.04243948443885571 0.00015718327569946557

1745366514
0.9601188614325931 0.039568345323741004 0.00031279324366593683

1745366515
0.9559718969555036 0.041686182669789226 0.000156128024980484

1745366516
0.9469247580393381 0.050889790821105216 0.00031220730565095225

1745366517
0.9426871280927028 0.054494206075790794 0.0

1745366518
0.9549174000308784 0.04492820750347383 0.0

1745366520
0.954388172381252 0.04490405787983642 0.00015728216420257942

1745366521
0.9520761785825789 0.04542616297221355 0.00015610365282547612

1745366522
0.9509911034805681 0.047760262213204306 0.00015607928827844546

1745366523
0.9560163367891926 0.04225573358466855 0.00015708451146716933

1745366524
0.951291627762216 0.04637410519763461 0.0001556178026766262

1745366525
0.9564538785703137 0.041985328546901825 0.00015607928827844546

1745366526
0.9599562020960426 0.03832316596277178 0.00015642108556233381

1745366527
0.9592569466125508 0.03980643147049641 0.0

1745366528
0.9560456749569842 0.0439543250430158 0.0

1745366529
0.9612923365069456 0.03839550491649758 0.0

1745366530
0.9532035175879398 0.04444095477386935 0.0

1745366531
0.96 0.03765625 0.00015625

1745366532
0.9516404913699269 0.045405069196081484 0.0

1745366533
0.9560456749569842 0.042702956358517126 0.0

1745366534
0.9588676884579294 0.04081951829840475 0.0

1745366535
0.9585152838427947 0.04148471615720524 0.0

1745366536
0.9515170472317798 0.048326556146387235 0.00015639662183296842

1745366537
0.9448868071818891 0.05277127244340359 0.0

1745366538
0.9576005025125628 0.042085427135678394 0.000157035175879397

1745366539
0.9593596059113301 0.04017857142857143 0.0001539408866995074

1745366541
0.9512195121951219 0.04752163650668765 7.867820613690008e-05

1745366542
0.9534630350194553 0.045136186770428015 0.0

1745366543
0.9477635283077885 0.04926493587738505 0.00015639662183296842

1745366544
0.9545667447306792 0.04527712724434036 0.0

1745366545
0.9505709369623025 0.047239167839824805 0.0

1745366546
0.95625 0.04359375 0.00015625

1745366547
0.9581184560087513 0.04125644631973746 0.0001562744178777934

1745366548
0.957748674773932 0.04193950732772061 0.00015590894917368256

1745366549
0.9419041653617288 0.05339805825242718 0.00015659254619480113

1745366550
0.9534593159456505 0.046384507262220834 0.00015617679212868969

1745366551
0.9561211742660837 0.04325421611492817 0.0001561524047470331

1745366552
0.9582355701548568 0.04176442984514313 0.0

1745366553
0.9565149382136712 0.04223369310183012 0.00015642108556233381

1745366554
0.9569086651053864 0.040437158469945354 0.000156128024980484

1745366555
0.9456437334989906 0.054045659263860846 0.00015530361857431278

1745366557
0.9496391590837778 0.04847819265767179 0.0

1745366558
0.9577420863870264 0.04210198035240917 0.0

1745366559
0.95578125 0.04421875 0.0

1745366560
0.960075152653828 0.03992484734617191 0.0

1745366561
0.9534811114580081 0.04339681548548236 0.0

1745366562
0.9564538785703137 0.04182924925862338 0.00015607928827844546

1745366563
0.9425448868071818 0.0546448087431694 0.0

1745366564
0.9445055808835089 0.0510925955038516 0.0

1745366565
0.9520697167755992 0.04497354497354497 0.0

1745366566
0.9569557080474111 0.04288833437305053 0.0

1745366567
0.9508350241922897 0.04697986577181208 0.00015607928827844546

1745366568
0.9536993586735492 0.04598779915532614 0.00015642108556233381

1745366569
0.9494061391331173 0.04997686256362795 0.00015424957581366652

1745366571
0.9502051767676768 0.046480429292929296 0.00015782828282828284

1745366572
0.9478584729981379 0.04888268156424581 0.0

1745366573
0.95421875 0.04421875 0.0003125

1745366574
0.9580791490692946 0.04082590333176912 0.00015642108556233381

1745366575
0.9472365742915296 0.05119774542038516 0.0001565680288085173

1745366576
0.9493611717045809 0.04814583982549081 0.0

1745366577
0.9555101399151077 0.04370382015406383 0.0

1745366578
0.9515377446411929 0.047530288909599254 0.0

1745366579
0.9487820112429731 0.050124921923797625 0.0

1745366580
0.9497573955235561 0.04899045233995931 0.0

1745366581
0.9466186599874765 0.05165936130244208 0.00015654351909830932

1745366582
0.9602308172177167 0.03961322520274485 0.00015595757953836556

1745366583
0.9453637215110834 0.05120199812675617 0.00015610365282547612

1745366584
0.9499843701156612 0.04876523913723038 0.00015629884338855892

1745366585
0.948178391959799 0.04993718592964824 0.000314070351758794

1745366586
0.949089787102746 0.04875038568343104 0.0

1745366587
0.9474015748031496 0.047244094488188976 0.00015748031496062991

1745366588
0.9564473479545808 0.039819567584383264 0.0

1745366589
0.9566582914572864 0.03988693467336683 0.000157035175879397

1745366590
0.9586660403945514 0.04117739157664005 0.0

1745366591
0.9627609847304456 0.03677157993144282 0.0

1745366592
0.9600814026299311 0.03772698810269255 0.0

1745366593
0.9559306141584623 0.04047507423034849 0.0

1745366594
0.9625292740046838 0.03684621389539423 0.0

1745366595
0.96078125 0.0371875 0.0

1745366596
0.9646543634657492 0.03409446355958711 0.0

1745366597
0.960192816047271 0.03716373814336806 0.0

1745366598
0.9592092877314089 0.039535613429557574 0.00015688735487919673

1745366599
0.9562089458867689 0.03941194870190804 0.00031279324366593683

1745366600
0.9612427428212773 0.03828652126157226 0.00047073591715047857

1745366601
0.9572051042639278 0.03812636165577342 0.0001556178026766262

1745366602
0.9626153605506023 0.03628969185046144 0.00015642108556233381

1745366603
0.9239811912225705 0.03495297805642633 0.00031347962382445143

1745366604
0.8760563380281691 0.03286384976525822 0.00015649452269170578

1745366605
0.8124706985466479 0.027816846382247226 0.0003125488357555868

1745366606
0.733739837398374 0.02673545966228893 0.0

1745366607
0.6803125 0.0225 0.00015625

1745366608
0.7130788485607009 0.03676470588235294 0.00046933667083854817

1745366609
0.7875663855045298 0.03670727897532021 0.0

1745366610
0.8446738620366026 0.03785390270608478 0.00031284217112466763

1745366611
0.9162892394190223 0.04044978916133063 0.00015617679212868969

1745366612
0.943252487562189 0.042444029850746266 0.0003109452736318408

1745366613
0.9496796374433505 0.048913892795749335 0.0003125488357555868

1745366614
0.95484375 0.04359375 0.00015625

1745366615
0.9604563926226946 0.03938730853391685 0.00015629884338855892

1745366616
0.9550070301515389 0.04452429307920638 0.0001562255897516013

1745366617
0.95234375 0.04515625 0.00015625

1745366618
0.9615625 0.038125 0.0003125

1745366619
0.9650413983440662 0.03480527445568844 0.00015332720024532353

1745366621
0.9558591282375237 0.04374605180037903 0.00023689197725837018

1745366622
0.9619107087105838 0.036059943802684985 0.0

1745366623
0.95640625 0.043125 0.0003125

1745366624
0.9566031845145176 0.04136746799875117 0.0

1745366625
0.9594932749452612 0.03925555208007507 0.0

1745366626
0.9625039221838719 0.03655475368685284 0.00015688735487919673

1745366627
0.9610470551573699 0.038641321283889064 0.0001558117793705204

1745366628
0.9617674710122218 0.03603885929175807 0.00031338138514572234

1745366629
0.9565691158156912 0.04031755915317559 0.00015566625155666251

1745366630
0.9580146714530982 0.04042453566411737 0.00015607928827844546

1745366631
0.9577663068981699 0.04192085093070546 0.00015642108556233381

1745366632
0.9555104589447393 0.04136746799875117 0.00015610365282547612

1745366633
0.956392622694592 0.04329477961863082 0.00015629884338855892

1745366634
0.96515625 0.0346875 0.00015625

1745366635
0.9573037222395996 0.04222708789490147 0.00015639662183296842

1745366636
0.9562431629942179 0.041412720737615254 0.0003125488357555868

1745366637
0.9536009998437744 0.04608654897672239 0.0001562255897516013

1745366638
0.9542433142680476 0.04529293553872314 0.0003091667954861648

1745366640
0.9514227322747996 0.046769375884294924 7.860399308284861e-05

1745366641
0.9536878216123499 0.045688445345392174 0.0003118665211289568

1745366642
0.9541757898029403 0.045042227087894904 0.00015639662183296842

1745366643
0.9566843253349954 0.043159862885634157 0.0001558117793705204

1745366644
0.956038870893105 0.04349838037945396 0.00030849915162733303

1745366646
0.9531126871552403 0.04483845547675335 0.00015760441292356187

1745366647
0.9572876071706937 0.042088854247856584 0.0003117692907248636

1745366648
0.95875 0.0409375 0.00015625

1745366649
0.9541614518147684 0.04302252816020025 0.0

1745366650
0.9560525492649359 0.041601501407569595 0.00015639662183296842

1745366651
0.9503965168714041 0.04556056600839683 0.0

1745366652
0.9500630119722747 0.046156269691241335 0.0001575299306868305

1745366653
0.9284158107687519 0.0350140056022409 0.0001556178026766262

1745366654
0.8862144420131292 0.03344795248515161 0.0

1745366655
0.839943785134291 0.037476577139287946 0.0

1745366656
0.6693408840648104 0.029416391379581564 0.0

1745366657
0.5625586487331874 0.022990303409446355 0.0

1745366658
0.6054113231154207 0.03518923991241789 0.00031279324366593683

1745366659
0.8007776049766718 0.042301710730948676 0.00046656298600311044

1745366660
0.8733898837574615 0.03550109959158027 0.00031416902293433867

1745366661
0.9259720062208399 0.04354587869362364 0.00031104199066874026

1745366662
0.9577575376884422 0.03988693467336683 0.000157035175879397

1745366663
0.9586056644880174 0.04108309990662932 0.0001556178026766262

1745366664
0.9644299471885679 0.03557005281143212 0.0

1745366665
0.9626138862708137 0.03722902921771913 0.00015708451146716933

1745366666
0.9610267647519174 0.038660197213961495 0.00015651901706057285

1745366667
0.966046511627907 0.03395348837209302 0.0

1745366668
0.9616533081879617 0.03803237466603803 0.0003143171460003143

1745366669
0.9614312267657993 0.03810408921933085 0.00015489467162329616

1745366670
0.9637738226492361 0.034178610804851156 0.00015750511891636477

1745366671
0.950093574547723 0.04694323144104803 0.0

1745366672
0.955492869456198 0.04168625607271587 0.0001567152483936687

1745366673
0.9637443350523519 0.03625566494764807 0.0

1745366674
0.956011271133375 0.04179711959924859 0.00031308703819661864

1745366675
0.96875 0.03125 0.0

1745366677
0.965276141095137 0.034566737371356744 0.000157121533506167

1745366678
0.9599185846250196 0.03945514325974636 0.0001565680288085173

1745366679
0.9575097276264591 0.040311284046692604 0.0001556420233463035

1745366680
0.9659375 0.03390625 0.00015625

1745366681
0.9628584861307005 0.036671368124118475 0.0001567152483936687

1745366682
0.965625 0.034375 0.0

1745366683
0.9677772563741592 0.032222743625840766 0.0

1745366684
0.9631595379331876 0.034655010927255696 0.00015610365282547612

1745366685
0.9675896790434235 0.03225298930144745 0.00015733165512901197

1745366686
0.9558114205694725 0.042943830714174576 0.00031118717908822156

1745366687
0.9608089042169619 0.03793698071798087 0.00015676438313215238

1745366688
0.9567660371468706 0.040268456375838924 0.00015607928827844546

1745366689
0.9565625 0.04265625 0.00015625

1745366690
0.9609703001088478 0.0379412222049448 0.00015549681231534753

1745366691
0.9546378851869232 0.04223369310183012 0.00015642108556233381

1745366692
0.9560268205208171 0.04350537969748947 0.0001559332605644784

1745366693
0.9459840300610616 0.05323312979489588 0.0003131360576170346

1745366694
0.9529540481400438 0.045014066895904974 0.00015629884338855892

1745366695
0.95921875 0.040625 0.00015625

1745366696
0.9603125 0.039375 0.00015625

1745366697
0.9631192373808407 0.03563056727613689 0.0001562744178777934

1745366698
0.9599624648107601 0.03847356897091023 0.00015639662183296842

1745366699
0.9542910447761194 0.04322139303482587 0.0001554726368159204

1745366700
0.951173413135927 0.04536147424791306 0.00031501023783272954

1745366701
0.9547299406806119 0.04292850452700593 0.00015610365282547612

1745366702
0.9550194552529183 0.04389105058365759 0.0

1745366703
0.95 0.04875 0.00015625

1745366704
0.9543607377305408 0.044857768052516414 0.00015629884338855892

1745366705
0.960281469898358 0.037372947615324476 0.0001563721657544957

1745366706
0.9650382394256282 0.034805681286093335 0.00015607928827844546

1745366707
0.9628066885450852 0.037037037037037035 0.0

1745366708
0.9638723803565843 0.03581482639974976 0.00015639662183296842

1745366709
0.9615987460815048 0.037304075235109715 0.00015673981191222572

1745366710
0.9491102091788948 0.04948485794567593 0.00015610365282547612

1745366711
0.9544319600499376 0.04385143570536829 0.00015605493133583021

1745366712
0.9551422319474836 0.04266958424507659 0.00015629884338855892

1745366713
0.954786404739632 0.04193950732772061 0.00015590894917368256

1745366714
0.9583919912404192 0.04113874550289379 0.00031284217112466763

1745366715
0.9619107087105838 0.03808929128941617 0.0

1745366716
0.9586725109580463 0.038822792736380715 0.00031308703819661864

1745366717
0.9609740867936309 0.036840462066812366 0.00015610365282547612

1745366718
0.9576032540675845 0.04224030037546934 0.00015644555694618273

1745366719
0.9579045837231057 0.04084814468350483 0.00015590894917368256

1745366720
0.963363081258807 0.03648035071238453 0.0001565680288085173

1745366721
0.9601880877742947 0.03808777429467085 0.0

1745366722
0.9672384484623706 0.03245248029670839 0.0003090712409210323

1745366723
0.9312893081761007 0.03679245283018868 0.0

1745366724
0.8842585312155999 0.03443937726057556 0.0

1745366725
0.8102235422854464 0.03251524151946225 0.0

1745366726
0.767885035926273 0.028272414870353015 0.00015620118712902218

1745366727
0.6844082654978084 0.03287413901064496 0.0

1745366728
0.658753709198813 0.031235358425737936 0.00031235358425737937

1745366729
0.7255944931163955 0.03785982478097622 0.00031289111389236547

1745366730
0.7768233640481025 0.02842417616742152 0.00015617679212868969

1745366731
0.7907668231611894 0.038028169014084505 0.00015649452269170578

1745366732
0.8561836352279825 0.05168644597126796 0.00046845721424109934

1745366733
0.9491525423728814 0.04042917120199036 0.00015549681231534753

1745366734
0.9641907740422205 0.03565285379202502 0.0001563721657544957

1745366735
0.96234375 0.03734375 0.00015625

1745366736
0.9617127676199406 0.03719331145491483 0.0001562744178777934

1745366737
0.9517826291817182 0.044919114182503536 0.00015705983979896342

1745366738
0.9564470808616922 0.04324071183265688 0.00015610365282547612

1745366739
0.9609399315281668 0.038593215063803296 0.0003112356053532524

1745366740
0.9587048334115439 0.04020021898951979 0.0

1745366741
0.9546875 0.045 0.0003125

1745366742
0.9489028213166144 0.04592476489028213 0.0

1745366743
0.9570962226022074 0.04166018964713197 0.000155448468832582

1745366744
0.9588720984577037 0.040037389001402086 0.0003115750116840629

1745366745
0.9603074992155632 0.039535613429557574 0.00015688735487919673

1745366746
0.95984375 0.03984375 0.0003125

1745366747
0.9659832246039143 0.031997514756135444 0.0

1745366748
0.9596038981452374 0.04039610185476265 0.0

1745366749
0.9567315175097276 0.04171206225680934 0.000311284046692607

1745366750
0.9545884578997161 0.04446546830652791 0.0

1745366751
0.9610894941634242 0.036731517509727626 0.0001556420233463035

1745366752
0.9572275991258196 0.04136746799875117 0.00015610365282547612

1745366753
0.96203125 0.036875 0.0

1745366754
0.9670621292538245 0.032781767093349984 0.00015610365282547612

1745366755
0.9575861531264619 0.041790113831280215 0.0003118665211289568

1745366756
0.9625333124314156 0.037309923185452266 0.00015676438313215238

1745366757
0.9533395755305868 0.04572409488139825 0.00015605493133583021

1745366758
0.9588161603507673 0.03899154400250548 0.00015659254619480113

1745366759
0.9539494224164845 0.04448954105526069 0.00015610365282547612

1745366760
0.95359375 0.04515625 0.0

1745366761
0.9503590384014986 0.04620668123634093 0.00031220730565095225

1745366762
0.9548366932333177 0.04125644631973746 0.0001562744178777934

1745366763
0.9531861593862533 0.045404728354470014 0.0001565680288085173

1745366764
0.948125 0.0484375 0.0003125

1745366765
0.953064088570092 0.04553251208482769 0.0003118665211289568

1745366766
0.9585548952142634 0.04128870816390366 0.00015639662183296842

1745366767
0.9548508045617872 0.04483674425870958 0.0001562255897516013

1745366768
0.9570647931303669 0.042310694769711166 0.000156128024980484

1745366769
0.9492798998121478 0.04993738259236068 0.00015654351909830932

1745366770
0.9585217526898487 0.04132231404958678 0.0001559332605644784

1745366771
0.9613941856830259 0.038449515473585494 0.00015629884338855892

1745366772
0.9544387036167215 0.04415218412400188 0.0001565680288085173

1745366773
0.9589895524715422 0.04085451426789334 0.0001559332605644784

1745366774
0.9550491649758077 0.04432651787107851 0.0003121585765568909

1745366775
0.9558226662503903 0.04230408991570403 0.0

1745366776
0.9606583072100313 0.0384012539184953 0.0

1745366777
0.9534302234724176 0.046569776527582436 0.0

1745366778
0.9257806370626078 0.038129609289188765 0.0

1745366779
0.8479587048334115 0.03738463944939778 0.0

1745366780
0.753396845228799 0.02967359050445104 0.00015617679212868969

1745366781
0.7045845720544516 0.028321076513847597 0.0

1745366782
0.6540684054349524 0.021864750898016556 0.0

1745366783
0.6601972139614963 0.02504304272969166 0.00015651901706057285

1745366784
0.699546662498046 0.03251524151946225 0.0003126465530717524

1745366785
0.7465625 0.03328125 0.0003125

1745366786
0.7807319361901783 0.03346887707225524 0.00031279324366593683

1745366787
0.823805060918463 0.04076850984067479 0.00031240237425804435

1745366788
0.9006201550387597 0.04790697674418604 0.000310077519379845

1745366789
0.961719485409476 0.03812362723564481 0.00015688735487919673

1745366790
0.9618690420378184 0.037818409126426006 0.0001562744178777934

1745366791
0.9608240986421102 0.03901982206961136 0.00015607928827844546

1745366792
0.9596812001875293 0.038287232380059384 0.0

1745366793
0.9645035183737295 0.03440187646598905 0.0001563721657544957

1745366794
0.9636762173164239 0.035227806481916396 0.0

1745366795
0.9603929518166224 0.03945111492281304 0.0001559332605644784

1745366796
0.9605427323767936 0.037897691827822835 0.0

1745366797
0.9599123081741309 0.038051988725336675 0.00015659254619480113

1745366798
0.9651180979195996 0.0328484279680901 0.0

1745366799
0.9622641509433962 0.037579915796039295 0.0001559332605644784

1745366800
0.9602690442671672 0.03863600813389645 0.0

1745366801
0.9598060681889271 0.040037535189239915 0.0

1745366802
0.9613285513800094 0.03851551535942616 0.0001559332605644784

1745366803
0.9601183985044399 0.0391026639663499 0.0

1745366804
0.9486533312332651 0.0505591431721531 0.00015750511891636477

1745366805
0.9621789883268482 0.03766536964980545 0.0001556420233463035

1745366806
0.95625 0.03984375 0.00015625

1745366807
0.9595691539182016 0.04011863877614736 0.00031220730565095225

1745366808
0.9593597991526753 0.04048328887494116 0.00015691197238349287

1745366809
0.9549352876968658 0.04101044752845782 0.0

1745366810
0.9590652446675031 0.03968005018820577 0.00015683814303638644

1745366811
0.9578996426906944 0.04194500543731552 0.00015535187199005747

1745366812
0.9588612544971062 0.040982324417331455 0.00015642108556233381

1745366813
0.9633213672545653 0.036522553457156236 0.00015607928827844546

1745366814
0.9556743162527507 0.04275385099025464 0.00015718327569946557

1745366815
0.956616389364018 0.04229513294977453 0.0

1745366816
0.9623115577889447 0.03706030150753769 0.000157035175879397

1745366817
0.9643579766536965 0.034396887159533075 0.0001556420233463035

1745366818
0.9607048183377515 0.03820364883829721 0.0001559332605644784

1745366819
0.9608886107634543 0.0389549436795995 0.0

1745366820
0.9634717452388386 0.03496721823290665 0.00015610365282547612

1745366821
0.9548286604361371 0.0440809968847352 0.00015576323987538941

1745366822
0.9622229160162348 0.035591632844208555 0.0

1745366823
0.9615625980545968 0.03655475368685284 0.00015688735487919673

1745366824
0.960275258054426 0.03941194870190804 0.00015639662183296842

1745366825
0.9544106167056987 0.04277907884465262 0.0

1745366826
0.96125 0.0375 0.00015625

1745366827
0.9641907740422205 0.03565285379202502 0.0001563721657544957

1745366828
0.9421928997800817 0.03754319824065347 0.0

1745366829
0.887101811367895 0.03076202373516552 0.0

1745366830
0.8580816773587858 0.0320763573775622 0.0

1745366831
0.7826493992822593 0.031206116398814168 0.0

1745366832
0.6990610328638498 0.03708920187793427 0.00015649452269170578

1745366833
0.7025039123630673 0.035211267605633804 0.00031298904538341156

1745366834
0.7738560049976574 0.032328595970638765 0.00031235358425737937

1745366835
0.8070422535211268 0.03411580594679186 0.0

1745366836
0.8371620565713392 0.035943116111892486 0.00046882325363338024

1745366837
0.8877264209868831 0.038413491567770144 0.0001561524047470331

1745366838
0.9041666666666667 0.035493827160493825 0.0

1745366839
0.9202136013821266 0.050416208575467254 0.00031411967959792684

1745366840
0.9608211879015828 0.0380818053596615 0.0001567152483936687

1745366841
0.95953125 0.03828125 0.00015625

1745366842
0.9574601188614326 0.04019393181107288 0.0

1745366843
0.9598688319800125 0.03997501561524047 0.0001561524047470331

1745366844
0.9568412822517592 0.043158717748240816 0.0

1745366845
0.9614122793313544 0.03718169036088111 0.0001562255897516013

1745366846
0.9572209211553474 0.041530054644808745 0.000156128024980484

1745366847
0.9545881616035077 0.045098653304102725 0.00015659254619480113

1745366848
0.9639794168096055 0.035708716669265554 0.0003118665211289568

1745366849
0.963408913213448 0.036278342455043 0.0001563721657544957

1745366850
0.9601811367895066 0.03919425359150531 0.0001561524047470331

1745366851
0.9578190907670676 0.039993750976409934 0.0

1745366852
0.9613276968842962 0.03757632691404415 0.0001565680288085173

1745366853
0.966875 0.0328125 0.00015625

1745366854
0.9621738459163193 0.03767176161803304 0.0

1745366855
0.9584911616161617 0.041193181818181816 0.0003156565656565657

1745366856
0.960300093779306 0.03954360737730541 0.00015629884338855892

1745366857
0.9648107600875822 0.035032843290584925 0.00015639662183296842

1745366858
0.95875 0.04 0.00015625

1745366859
0.958326830029655 0.039644139222725146 0.00015607928827844546

1745366860
0.9668698234099078 0.032192530082825445 0.0

1745366861
0.9671875 0.0315625 0.0

1745366862
0.9577133907595928 0.04197337509788567 0.00015661707126076742

1745366863
0.9561554064596661 0.04306444063036355 0.0003120611639881417

1745366864
0.9551912568306011 0.0429352068696331 0.0

1745366865
0.9578190907670676 0.04093110451491954 0.0001562255897516013

1745366866
0.9580331976197933 0.0414970247416223 0.00015659254619480113

1745366867
0.9593014189926712 0.04054264774676439 0.0

1745366868
0.9497816593886463 0.046787273861509666 0.00015595757953836556

1745366869
0.9562284279887041 0.042516473172262315 0.00015688735487919673

1745366870
0.9571116656269495 0.03945726762320649 0.0

1745366871
0.9588676884579294 0.04066312167657179 0.00015639662183296842

1745366872
0.9578520137371215 0.04105526069310022 0.00015610365282547612

1745366873
0.9635595871129183 0.03628401626524867 0.00015639662183296842

1745366874
0.965807962529274 0.03403590944574551 0.000156128024980484

1745366875
0.9645935960591133 0.0354064039408867 0.0

1745366877
0.9602080214325113 0.039082814593018676 0.00023638799149003231

1745366878
0.9667551115966911 0.03324488840330888 0.0

1745366879
0.9657587548638132 0.034241245136186774 0.0

1745366880
0.9527448533998752 0.0470991890205864 0.00015595757953836556

1745366881
0.9550949913644214 0.04286387187941592 0.0001570105197048202

1745366882
0.95625 0.0421875 0.0003125

1745366883
0.9530663329161452 0.044430538172715896 0.0

1745366884
0.9598942950411938 0.03979480802114099 0.000155448468832582

1745366885
0.9591708542713567 0.03910175879396985 0.000157035175879397

1745366886
0.9589488415487483 0.040895661638936404 0.00015549681231534753

1745366887
0.9530980392156863 0.042823529411764705 0.0

1745366888
0.9489907682678766 0.047566890940384916 0.00015647003598810827

1745366889
0.9553613235523646 0.040580614952395816 0.0

1745366890
0.9575700641928918 0.04008141537498043 0.0001565680288085173

1745366891
0.9632869864083737 0.03655678800187471 0.0001562255897516013

1745366892
0.9661888438765971 0.03381115612340293 0.0

1745366893
0.9361132966168372 0.03981117230527144 0.0

1745366894
0.85102391746131 0.0361106768797874 0.0

1745366895
0.8012820512820513 0.027517198248905566 0.0

1745366896
0.7764926539543607 0.02954048140043764 0.00015629884338855892

1745366897
0.7137273295809882 0.03095684803001876 0.00015634771732332708

1745366898
0.7168514758706857 0.02951741371232235 0.00031235358425737937

1745366899
0.7501171325940965 0.030142120880837106 0.00015617679212868969

1745366900
0.7685616651133893 0.02920161540851196 0.00015532774153463808

1745366901
0.7952755905511811 0.030708661417322834 0.00015748031496062991

1745366902
0.8115601503759399 0.03681077694235589 0.0003132832080200501

1745366903
0.8592823712948517 0.03946957878315133 0.00031201248049921997

1745366904
0.9277821011673152 0.05151750972762646 0.000311284046692607

1745366905
0.957383702778645 0.0424601935685295 0.00015610365282547612

1745366906
0.9580922595777952 0.041594996090695856 0.0001563721657544957

1745366907
0.9642301710730948 0.03561430793157076 0.0

1745366908
0.9605903595540901 0.039095619406500234 0.0001570105197048202

1745366909
0.9596433599249179 0.04035664007508212 0.0

1745366910
0.9630092086780084 0.03589823630404245 0.0

1745366911
0.9613586787161109 0.03832969772514802 0.0

1745366912
0.9638819095477387 0.035804020100502515 0.000157035175879397

1745366913
0.9667763673405423 0.032910202162670425 0.0

1745366914
0.9628824351607392 0.03571983227209194 0.00015530361857431278

1745366915
0.9646488346629125 0.035038323165962774 0.00015642108556233381

1745366916
0.9614423977521074 0.0385576022478926 0.0

1745366917
0.9625802411147644 0.03616721465476749 0.0001565680288085173

1745366918
0.9642912833307344 0.0346171838453142 0.0

1745366919
0.9594932749452612 0.03925555208007507 0.00015639662183296842

1745366920
0.9615985014049329 0.03808929128941617 0.00031220730565095225

1745366921
0.9557743397405845 0.04188154399124863 0.0001562744178777934

1745366922
0.9662921348314607 0.033707865168539325 0.0

1745366924
0.9654058313632782 0.033490937746256895 7.880220646178094e-05

1745366925
0.9651888854199189 0.034498907274430224 0.00031220730565095225

1745366926
0.9651888854199189 0.034655010927255696 0.00015610365282547612

1745366927
0.9601193279949757 0.03642644057151829 0.0003140210394096404

1745366928
0.9676868106260681 0.032313189373931954 0.0

1745366929
0.9583071113908118 0.039490245437382 0.00015733165512901197

1745366930
0.962094143234426 0.03588628242970328 0.00015535187199005747

1745366931
0.95109375 0.04796875 0.0

1745366932
0.9563585171281088 0.040982324417331455 0.00015642108556233381

1745366933
0.955583359399437 0.04253988113856741 0.00015639662183296842

1745366934
0.9630380536494073 0.03649407361197754 0.00015595757953836556

1745366935
0.947508201843462 0.051866895797531634 0.00046867676925480396

1745366936
0.9650273224043716 0.034972677595628415 0.0

1745366937
0.9596496715670941 0.03847356897091023 0.0

1745366938
0.9648382559774965 0.03500546960462572 0.0001562744178777934

1745366939
0.95359375 0.04390625 0.00015625

1745366940
0.9654590113601473 0.034540988639852624 0.0

1745366942
0.9584122474747475 0.040325126262626264 7.891414141414142e-05

1745366943
0.9622288122366162 0.03683471203371313 0.0

1745366944
0.9646875 0.035 0.00015625

1745366945
0.9650709496335569 0.034929050366443164 0.0

1745366946
0.9553543552919138 0.04121136434592569 0.00015610365282547612

1745366947
0.9540247920916366 0.045661383963596425 0.00015691197238349287

1745366948
0.9617656201429904 0.03792353124028598 0.00015542430836182778

1745366949
0.9583919912404192 0.039418113561708115 0.00015642108556233381

1745366950
0.9686534898085237 0.031192093885114267 0.00015441630636195183

1745366951
0.9667862154997661 0.03305785123966942 0.0001559332605644784

1745366953
0.9658651951123374 0.03295230587307844 0.00015766653527788727

1745366954
0.9662868737318557 0.03371312626814422 0.0

1745366955
0.9631192373808407 0.03656821378340366 0.0001562744178777934

1745366956
0.9636278488916641 0.036059943802684985 0.00015610365282547612

1745366957
0.9599812412068157 0.03970611224011255 0.0001563232765358762

1745366958
0.9230164964650432 0.037706205813040065 0.0

1745366959
0.8497263487099296 0.03924941360437842 0.0

1745366960
0.793060331353548 0.029853079087214754 0.0

1745366961
0.7436698968427634 0.025945608002500783 0.0

1745366962
0.7062958912669896 0.02515231995000781 0.0

1745366963
0.7108678655199374 0.029241594996090695 0.0003127443315089914

1745366964
0.7657446476011877 0.039693702140959526 0.00046882325363338024

1745366965
0.8170731707317073 0.0358036272670419 0.00015634771732332708

1745366966
0.8438818565400844 0.03531801844038131 0.0003125488357555868

1745366967
0.9126426004063135 0.042819190498515396 0.00046882325363338024

1745366968
0.9479085678743586 0.04151764888819779 0.00015549681231534753

1745366969
0.9559030492572322 0.0437842064112588 0.0001563721657544957

1745366970
0.9599126501325846 0.0397753860552176 0.00015598190609889253

1745366971
0.9672156379867631 0.03278436201323688 0.0

1745366973
0.963657863618447 0.03602680331099724 0.0002364998029168309

1745366974
0.968134236453202 0.03186576354679803 0.0

1745366976
0.9573915098054658 0.039615657241868156 0.00015751752382452548

1745366977
0.9600748596381784 0.03976918278228322 0.00015595757953836556

1745366978
0.963989353374041 0.03397526225144826 0.0

1745366979
0.9646875 0.03515625 0.00015625

1745366980
0.9617903930131004 0.03727386150966937 0.0

1745366981
0.9654741446648961 0.034369629745352286 0.0001562255897516013

1745366982
0.9695439240893786 0.030456075910621366 0.0

1745366984
0.9655581009558417 0.03428390868157043 0.00015799036258788213

1745366985
0.9655873611762865 0.03441263882371343 0.0

1745366986
0.9636420623726688 0.034634069895000785 0.0001567152483936687

1745366987
0.9674404112790155 0.032403801215142546 0.00015578750584203146

1745366988
0.953793318763659 0.04386512644395879 0.0

1745366989
0.948237885462555 0.051290119572057896 0.00031466331025802394

1745366990
0.9598822800495663 0.03949814126394052 0.00015489467162329616

1745366991
0.9574134961640833 0.03914200720212933 0.0

1745366992
0.9569909289959337 0.04253988113856741 0.00031279324366593683

1745366993
0.9606986899563319 0.03836556456643793 0.00015595757953836556

1745366994
0.964947811185543 0.03505218881445708 0.0

1745366995
0.954082432220655 0.04544742203416392 0.0001567152483936687

1745366996
0.9518034825870647 0.04368781094527363 0.0001554726368159204

1745366997
0.9554611268492288 0.04343720491029273 0.0

1745366998
0.9577420863870264 0.04132231404958678 0.0

1745366999
0.9677072120559742 0.03229278794402583 0.0

1745367001
0.9646966115051221 0.035066981875492516 0.00015760441292356187

1745367002
0.9698600645855759 0.030139935414424113 0.0

1745367004
0.9629600503302925 0.03680402642340359 7.864108210128971e-05

1745367005
0.9627368091435728 0.036950054798810084 0.0001565680288085173

1745367006
0.9672233494615264 0.032464491961916656 0.00015607928827844546

1745367007
0.9685593618019709 0.031127796026904426 0.00031284217112466763

1745367008
0.9637248743718593 0.035175879396984924 0.0

1745367009
0.9567718861763334 0.04167314570051314 0.00015549681231534753

1745367010
0.9582747304266291 0.04047507423034849 0.0001562744178777934

1745367011
0.9537311107649167 0.043776289141610844 0.00015578750584203146

1745367012
0.9522093387652774 0.04653713569413977 0.00031338138514572234

1745367013
0.9159597863650644 0.0430411561420044 0.0

1745367014
0.8222430490471727 0.030459231490159326 0.0

1745367015
0.8039733043613224 0.025919602669563866 0.0

1745367016
0.7571698707847463 0.03309171131421368 0.0

1745367017
0.6700015632327654 0.02704392684070658 0.0001563232765358762

1745367018
0.6744840525328331 0.02954971857410882 0.00015634771732332708

1745367019
0.732385564755507 0.03655678800187471 0.0001562255897516013

1745367020
0.8163488590184432 0.0376680212566427 0.00015629884338855892

1745367021
0.839017521902378 0.03911138923654568 0.00031289111389236547

1745367022
0.9008741804558227 0.04152357165157665 0.00031220730565095225

1745367023
0.941377701757114 0.040895661638936404 0.00015549681231534753

1745367024
0.9567660371468706 0.04229748712345872 0.00015607928827844546

1745367025
0.9637046307884856 0.03629536921151439 0.0

1745367026
0.9603125 0.03875 0.0

1745367027
0.9587048334115439 0.03926169247614578 0.0

1745367028
0.9603187002030933 0.03921262302765193 0.0003124511795032026

1745367029
0.9601500234411627 0.03688076261915924 0.0

1745367030
0.9642131583059853 0.03578684169401469 0.0

1745367031
0.9590240850797622 0.0386299655927432 0.00031279324366593683

1745367032
0.957695910084296 0.04199188261005308 0.00015610365282547612

1745367033
0.949070457740978 0.04858615841274801 0.0001562255897516013

1745367034
0.9588998280981403 0.040943897483981875 0.0

1745367035
0.95640625 0.043125 0.0003125

1745367036
0.958071608040201 0.040986180904522614 0.000157035175879397

1745367037
0.9558937723248951 0.0400683335921727 0.0

1745367038
0.9510784620193811 0.04767114723351047 0.00015629884338855892

1745367039
0.9569572703083424 0.04241665362341524 0.0003130380341211457

1745367040
0.9630438172462186 0.03664431623265242 0.0001559332605644784

1745367041
0.9572033234049224 0.04263991221194545 0.00015676438313215238

1745367042
0.9635514018691589 0.03613707165109034 0.00031152647975077883

1745367043
0.963125 0.03671875 0.0

1745367044
0.9640961598501405 0.03574773649703403 0.00015610365282547612

1745367045
0.960275258054426 0.039568345323741004 0.0

1745367046
0.9574933583372401 0.04188154399124863 0.0001562744178777934

1745367047
0.9585808065020319 0.038293216630196934 0.00015629884338855892

1745367048
0.9616888193901486 0.03596559812353401 0.0

1745367049
0.9610510046367852 0.03863987635239567 0.0001545595054095827

1745367050
0.9627231085136629 0.03696098562628337 0.000315905860053704

1745367051
0.9674181593576282 0.03258184064237184 0.0

1745367052
0.9521636506687647 0.04264358772619984 0.00015735641227380016

1745367053
0.9557828481510622 0.044059795436664044 0.0

1745367054
0.9575861531264619 0.038359582098861686 0.0001559332605644784

1745367055
0.9594869388393555 0.04035664007508212 0.0

1745367056
0.9587822014051522 0.040749414519906324 0.000156128024980484

1745367057
0.9531762135164664 0.041985328546901825 0.00015607928827844546

1745367058
0.9663852407754847 0.033614759224515324 0.0

1745367059
0.9580988117573483 0.039868667917448405 0.00015634771732332708

1745367060
0.963989353374041 0.03585407859715046 0.0

1745367061
0.9652323043342688 0.03367633302151544 0.00015590894917368256

1745367062
0.9592569466125508 0.04043084608179831 0.00015610365282547612

1745367063
0.9684078823897404 0.03143572098842665 0.00015639662183296842

1745367064
0.9687451886066205 0.031254811393379524 0.0

1745367065
0.9684128225175919 0.03158717748240813 0.0

1745367067
0.9656557699881844 0.03379283182355258 0.0

1745367068
0.9610166848588804 0.03851551535942616 0.0003118665211289568

1745367069
0.966875 0.03296875 0.00015625

1745367070
0.95296875 0.04578125 0.0

1745367071
0.9577663068981699 0.040043797903957457 0.00015642108556233381

1745367072
0.9669905907758753 0.032238161345056304 0.00015424957581366652

1745367074
0.9417559899117276 0.031525851197982346 0.0

1745367075
0.9134915677701436 0.03232354778263585 0.0001561524047470331

1745367076
0.8730059430716296 0.03393806693775414 0.0

1745367077
0.7937773608505316 0.03877423389618512 0.0

1745367078
0.7342919662394498 0.03376055017192873 0.00031259768677711783

1745367079
0.7372285580378066 0.029995313232307454 0.0

1745367080
0.7377972465581978 0.03097622027534418 0.00015644555694618273

1745367081
0.734677923702314 0.032207629768605375 0.00031269543464665416

1745367082
0.7340823970037453 0.033863920099875156 0.0

1745367083
0.795774647887324 0.045696400625978094 0.00031298904538341156

1745367084
0.8402875449288951 0.03578684169401469 0.0001562744178777934

1745367085
0.8719712365171174 0.03564170705017977 0.0003126465530717524

1745367086
0.9070167213627129 0.03750586029067042 0.0

1745367087
0.9368552672710222 0.035948733979368555 0.00015629884338855892

1745367088
0.9503965168714041 0.03731923495568341 0.0

1745367089
0.9577861163227017 0.040963101938711693 0.00015634771732332708

1745367090
0.9617067833698031 0.03798061894341982 0.00015629884338855892

1745367091
0.9615143929912391 0.03676470588235294 0.0

1745367092
0.9605488850771869 0.03929518166224856 0.0001559332605644784

1745367093
0.9626212073819206 0.03597122302158273 0.00015639662183296842

1745367094
0.9575398064314705 0.04043084608179831 0.00015610365282547612

1745367095
0.960744447919925 0.03894275883640913 0.00015639662183296842

1745367096
0.9663378738061688 0.03366212619383122 0.0

1745367097
0.9662256809338522 0.033618677042801554 0.0001556420233463035

1745367098
0.9657016991818754 0.034140969162995596 0.0

1745367099
0.9659461981029389 0.03296532421085368 0.0

1745367100
0.96921875 0.030625 0.00015625

1745367101
0.971375807940905 0.028624192059095107 0.0

1745367102
0.9680834501011988 0.03191654989880118 0.0

1745367104
0.9623609248007575 0.037165627712459556 0.00015781582892764143

1745367105
0.9575398064314705 0.04214798626287855 0.00031220730565095225

1745367106
0.953492013780144 0.04494206075790792 0.0

1745367107
0.9631997505067831 0.035708716669265554 0.0001559332605644784

1745367108
0.9586378479241175 0.04027367438967501 0.00015549681231534753

1745367109
0.9483840602447443 0.050674615625980544 0.00031377470975839345

1745367110
0.965 0.035 0.0

1745367111
0.9540553211439288 0.04422566025941553 0.0001562744178777934

1745367112
0.9498589783766844 0.04920087746787841 0.0

1745367113
0.9595771144278606 0.040267412935323384 0.0001554726368159204

1745367114
0.9616167946106846 0.038226539244869184 0.00015666614444618518

1745367115
0.9612366603892027 0.03797865662272442 0.0

1745367116
0.9537743190661478 0.04575875486381323 0.000311284046692607

1745367117
0.9459712679575265 0.05137414116177389 0.0

1745367118
0.9601250977326036 0.03956215793588741 0.0001563721657544957

1745367119
0.9575 0.04125 0.00015625

1745367120
0.9573370839193625 0.0425066416627598 0.0001562744178777934

1745367121
0.9506789449040113 0.04666770719525519 0.00015607928827844546

1745367122
0.95078125 0.04828125 0.00015625

1745367123
0.9499529337935363 0.04941951678694697 0.00031377470975839345

1745367124
0.9490067261066791 0.04989832629438448 0.00015642108556233381

1745367125
0.9482785480604455 0.05016357688113413 0.0

1745367126
0.9481768813033359 0.050892164468580296 0.0003103180760279286

1745367127
0.9525753768844221 0.04648241206030151 0.000157035175879397

1745367128
0.9554757069207936 0.04296203718169036 0.0001562255897516013

1745367129
0.9455113192818111 0.05183450429352069 0.000156128024980484

1745367130
0.9565217391304348 0.04300907100406631 0.00031279324366593683

1745367131
0.9598311972491403 0.04001250390747108 0.00015629884338855892

1745367132
0.9585613760750586 0.0401876465989054 0.0001563721657544957

1745367133
0.9326319095477387 0.03815954773869347 0.0

1745367134
0.8614975769892137 0.031733625136782864 0.0

1745367135
0.8481935183749418 0.027756241277717475 0.0

1745367136
0.8006613131790269 0.0314911037631869 0.0

1745367137
0.6989516507588797 0.029885776873728682 0.0

1745367138
0.7089913995308835 0.033620015637216574 0.0004691164972634871

1745367139
0.8091591122225695 0.04298218193185371 0.00046889653016567677

1745367140
0.8984787333126358 0.0443961502638932 0.00046569388388699164

1745367141
0.9516129032258065 0.04087065455684309 0.00015659254619480113

1745367142
0.9652147144836078 0.03478528551639218 0.0

1745367144
0.9596007230998979 0.03961329875029474 0.0002357934449422306

1745367145
0.9566990900533417 0.042987135236899905 0.00015688735487919673

1745367146
0.9546728971962617 0.04252336448598131 0.00015576323987538941

1745367147
0.958008117389947 0.04121136434592569 0.00015610365282547612

1745367148
0.9535359899196724 0.04394392817766577 0.00015750511891636477

1745367149
0.9454686289697909 0.0517428350116189 0.00015491866769945777

1745367150
0.954082432220655 0.04246983231468422 0.0003134304967873374

1745367151
0.9580857053487645 0.03769158586174538 0.0

1745367152
0.9601935685295035 0.03668435841398689 0.0

1745367153
0.9559601618425148 0.04201680672268908 0.0001556178026766262

1745367154
0.9596736230974423 0.03452063392436843 0.0

1745367155
0.9627667861037544 0.03707742639040349 0.00015578750584203146

1745367156
0.9609350486350801 0.03796673988076561 0.00015688735487919673

1745367157
0.9596937978440868 0.039993750976409934 0.0001562255897516013

1745367158
0.9631192373808407 0.03688076261915924 0.0

1745367159
0.9533938066937754 0.04394745073506412 0.00015639662183296842

1745367160
0.956064647732622 0.043150792405460534 0.00015691197238349287

1745367161
0.9414238978033962 0.05779716466739367 0.0003115750116840629

1745367162
0.9520836584985173 0.043702200717964726 0.00015607928827844546

1745367163
0.96234375 0.03734375 0.00015625

1745367164
0.9640961598501405 0.03574773649703403 0.00015610365282547612

1745367165
0.9587435536802625 0.03984997655883732 0.0001562744178777934

1745367166
0.96375 0.03609375 0.00015625

1745367167
0.9575259649666719 0.04154394667493412 0.0001550147263990079

1745367168
0.9531077891424076 0.042486231313926044 0.00015735641227380016

1745367169
0.95828125 0.04109375 0.0003125

1745367170
0.9585419274092616 0.04145807259073842 0.0

1745367171
0.9516078676241024 0.047923821417421165 0.00015610365282547612

1745367172
0.9571070757670632 0.04164057608015028 0.00015654351909830932

1745367173
0.960585761021966 0.0386353014488238 0.0

1745367174
0.9582290362953693 0.039737171464330416 0.00015644555694618273

1745367175
0.9625058584596157 0.03718169036088111 0.0001562255897516013

1745367176
0.9520901831845937 0.04697040864255519 0.0003131360576170346

1745367177
0.9594130502653762 0.03871370590071808 0.0

1745367178
0.9447583176396736 0.03609541745134966 0.0

1745367179
0.9043464714129926 0.03209222620345848 0.0

1745367180
0.8747645951035782 0.0354676710608914 0.0

1745367181
0.8022510551821166 0.03048303892449586 0.0

1745367182
0.7522276066906363 0.03110833203063936 0.0

1745367183
0.7234208880550344 0.03142589118198874 0.00031269543464665416

1745367184
0.7731749257464436 0.03298421134906988 0.0003126465530717524

1745367185
0.8721037998146431 0.048038307074451655 0.00030892801977139327

1745367186
0.9565830721003135 0.04216300940438871 0.0

1745367187
0.9615626969124134 0.036546943919344675 0.0001575299306868305

1745367188
0.9509727626459143 0.04575875486381323 0.000311284046692607

1745367189
0.95328125 0.04546875 0.0

1745367190
0.9418351477449456 0.052099533437014 0.00015552099533437013

1745367191
0.9473103013093548 0.048272598201609083 0.0

1745367192
0.9511664074650078 0.04447900466562986 0.0

1745367193
0.8504643475523375 0.03730521013694318 0.0

1745367194
0.524710666249609 0.026900218955270568 0.00015639662183296842

1745367195
0.4041986526711578 0.01848660504464985 0.00015666614444618518

1745367196
0.30120481927710846 0.016116413706775152 0.0

1745367197
0.24043118262771443 0.01062334010310889 0.0

1745367198
0.8858255451713396 0.06869158878504673 0.00031152647975077883

1745367199
0.9511781918989681 0.042815339596488526 0.0

1745367200
0.9422180801491147 0.05312208760484623 0.00015532774153463808

1745367202
0.9417751479289941 0.053727810650887574 0.0

1745367203
0.9463097632678322 0.04827479498684821 0.00030945381401825775

1745367205
0.9573682970872261 0.04161105440841643 0.00023553427023631938

1745367206
0.9594067135050741 0.03871975019516003 0.000156128024980484

1745367207
0.959731543624161 0.03995629779928204 0.00015607928827844546

1745367208
0.965932176902641 0.032817627754336616 0.0001562744178777934

1745367209
0.9546378851869232 0.04317221961520413 0.00015642108556233381

1745367210
0.9559856407054784 0.040580614952395816 0.0003121585765568909

1745367211
0.9544814641013608 0.04332864070076646 0.00015642108556233381

1745367212
0.9565489215379807 0.03891841200375117 0.00015629884338855892

1745367213
0.9560012437810945 0.04088930348258706 0.0001554726368159204

1745367214
0.9606311513825965 0.03733791595063271 0.0003124511795032026

1745367215
0.9641847313854854 0.033773169965441406 0.00015708451146716933

1745367216
0.9670949545596992 0.03259166405515512 0.00015669069257286117

1745367217
0.9676264591439688 0.032217898832684826 0.0001556420233463035

1745367218
0.9636675502884765 0.03477311710587869 0.0

1745367219
0.9563106796116505 0.0418102098340119 0.00015659254619480113

1745367220
0.9511620603015075 0.04616834170854271 0.000314070351758794

1745367221
0.9508247743541861 0.048708372237784 0.0001556178026766262

1745367222
0.94755624515128 0.050581846392552365 0.0001551590380139643

1745367223
0.9498033044846578 0.04594807238394965 0.00015735641227380016

1745367224
0.9545667447306792 0.04480874316939891 0.000156128024980484

1745367225
0.944496855345912 0.05330188679245283 0.00031446540880503143

1745367226
0.9450327000934289 0.05029585798816568 0.0003114294612270321

1745367227
0.9534738485558157 0.04028103044496487 0.000156128024980484

1745367228
0.9474760182418619 0.047649001415316874 0.0

1745367229
0.9502340093603744 0.04758190327613104 0.0

1745367230
0.954375 0.04265625 0.00015625

1745367231
0.9426293575113335 0.05377520712834141 0.0

1745367232
0.9415614773258532 0.05345176873928627 0.0

1745367233
0.9252116650987771 0.03982439636249608 0.00015678896205707118

1745367234
0.7141737221699592 0.03574788334901223 0.00015678896205707118

1745367235
0.4092471102780381 0.022336769759450172 0.00015620118712902218

1745367236
0.166927654243658 0.007986219855934857 0.0

1745367237
0.11329588014981273 0.005930087390761548 0.0

1745367238
0.1753012991078416 0.011269369228361246 0.00015651901706057285

1745367239
0.31400437636761486 0.01594248202563301 0.00031259768677711783

1745367240
0.785803044423734 0.059801180490835666 0.0015532774153463808

1745367241
0.951067477014181 0.047529998441639396 0.0

1745367242
0.9521418484230347 0.045190648046445944 0.00015691197238349287

1745367243
0.9309867814325238 0.06532431601598525 0.0

1745367244
0.9361032420522506 0.06200818382121498 0.0

1745367245
0.9515598056121649 0.04702931493964571 0.0

1745367246
0.9551463644948064 0.04406672961913755 0.0

1745367247
0.9570869224745497 0.04166014095536413 0.0

1745367248
0.9504441327723235 0.04628330995792426 0.0

1745367249
0.8812302839116719 0.03832807570977918 0.0

1745367250
0.34311264512080325 0.017885158456228428 0.0

1745367251
0.08612066270709597 0.005626758361988122 0.0

1745367252
0.06099268710129142 0.002178310253617551 0.0

1745367253
0.04146379770692634 0.003141196795979268 0.0

1745367254
0.01748088028718589 0.0018729514593413454 0.0

1745367255
0.015554518587649712 0.0007777259293824856 0.0

1745367256
0.015305325628611588 0.0007808839606434484 0.0

1745367257
0.015471167369901548 0.0009376465072667605 0.0

1745367258
0.015471167369901548 0.000781372089388967 0.0

1745367259
0.0153125 0.001875 0.0

1745367260
0.26864966949952784 0.01589549889833176 0.0003147623544224111

1745367261
0.6192181903130354 0.03877900638529824 0.0001557389814670612

1745367262
0.9301819312704089 0.05908878867983206 0.0

1745367264
0.9167981072555205 0.04574132492113565 0.0

1745367265
0.3174404015056462 0.020545796737766624 0.00015683814303638644

1745367266
0.03965651834504293 0.00312256049960968 0.000156128024980484

1745367267
0.031899921813917126 0.002032838154808444 0.0001563721657544957

1745367268
0.05385576022478926 0.0035903840149859507 0.0

1745367269
0.08488645262333594 0.005324980422866093 0.00031323414252153485

1745367270
0.155750548417424 0.00940144155437167 0.00015669069257286117

1745367271
0.26541471048513304 0.01737089201877934 0.00031298904538341156

1745367272
0.498125 0.03234375 0.0003125

1745367273
0.9218094201772112 0.07274988341364838 0.000310896937665164

1745367274
0.952305997166693 0.0458051314339682 0.0

1745367275
0.9438465138043987 0.05116206520043675 0.00031196381219778506

1745367276
0.9392567145534041 0.05371642723297939 0.0001561524047470331

1745367277
0.9383508058206853 0.05617274291973087 0.00046941010796432484

1745367278
0.9455569461827285 0.04818523153942428 0.00046933667083854817

1745367279
0.94400878293601 0.04736511919698871 0.0020388958594730238

1745367280
0.944505236829764 0.05049241832108801 0.0001563232765358762

1745367281
0.9367789570835257 0.05906783571758191 0.00015382248884786957

1745367283
0.9305894388919493 0.0639804831982372 0.0

1745367284
0.9442019950124688 0.05143391521197008 0.0004675810473815461

1745367285
0.9447040498442367 0.048286604361370715 0.005763239875389408

1745367286
0.9471781166483257 0.04464706807105801 0.006917151391290678

1745367287
0.9464285714285714 0.04338972431077694 0.0037593984962406013

1745367288
0.9476690336523619 0.04430379746835443 0.006174745291756715

1745367290
0.9476006618863761 0.04302261445118588 0.0052793318099440545

1745367291
0.9490784129959388 0.042642924086223055 0.00718525460793502

1745367292
0.9500155714730614 0.04142011834319527 0.005761445032700093

1745367293
0.9474502487562189 0.043532338308457715 0.006063432835820896

1745367294
0.9484033349064024 0.04420324052225893 0.006449583136699701

1745367295
0.9573103987490227 0.03893666927286943 0.003752931978107897

1745367296
0.9602059925093633 0.03916978776529338 0.00015605493133583021

1745367297
0.9560456749569842 0.04364148287189113 0.00015642108556233381

1745367298
0.9559974945192609 0.042749765111180706 0.00015659254619480113

1745367299
0.9592027405792588 0.040641544690127686 0.00015571473061351605

1745367300
0.949812382739212 0.04706066291432145 0.00015634771732332708

1745367301
0.9492696717449348 0.04523323386210146 0.00015705983979896342

1745367302
0.9542910447761194 0.044309701492537316 0.0001554726368159204

1745367303
0.9521184438494251 0.04756654591274216 0.00015750511891636477

1745367304
0.9584560533250659 0.0410789024957371 0.0003100294527980158

1745367305
0.9537607891491985 0.043773119605425403 0.0

1745367307
0.9588124114033706 0.04063632068042211 0.0

1745367308
0.9594510293200249 0.040548970679975045 0.0

1745367309
0.9544597989949749 0.04412688442211055 0.000157035175879397

1745367310
0.9474425152510558 0.04786485218207415 0.00015642108556233381

1745367311
0.9477052763034655 0.05104589447393069 0.00015610365282547612

1745367312
0.9404482056104059 0.055790628428146055 0.0003134304967873374

1745367313
0.8598467073361489 0.03910527139058345 0.0

1745367314
0.7130149812734082 0.03011860174781523 0.0

1745367315
0.6120406567630962 0.025175918686473807 0.0001563721657544957

1745367316
0.5410348600906675 0.021103642332343287 0.0

1745367317
0.4996875 0.0190625 0.0

1745367318
0.5179968701095462 0.02754303599374022 0.00031298904538341156

1745367319
0.9418893722809198 0.05189558732131759 0.00015537600994406463

1745367320
0.9602254932665205 0.03836517381772628 0.0

1745367321
0.9559856407054784 0.040580614952395816 0.00015607928827844546

1745367322
0.9559306141584623 0.04047507423034849 0.0001562744178777934

1745367323
0.9551422319474836 0.04266958424507659 0.0

1745367324
0.9611059044048734 0.03748828491096532 0.00031240237425804435

1745367325
0.9531615925058547 0.04137392661982826 0.0

1745367326
0.94703024604294 0.04983544898918665 0.0

1745367327
0.9591391141609482 0.040548970679975045 0.00031191515907673113

1745367328
0.959375 0.0390625 0.00015625

1745367329
0.9559787699032157 0.04324071183265688 0.00031220730565095225

1745367330
0.9511776633910466 0.047106535641865545 0.00015598190609889253

1745367331
0.9554751415984896 0.04185022026431718 0.00015733165512901197

1745367332
0.9498364231188658 0.04938463935192398 0.00015578750584203146

1745367333
0.9511852776044916 0.04787897691827823 0.00015595757953836556

1745367334
0.954908407703147 0.04383904806638485 0.0001565680288085173

1745367335
0.9498829039812646 0.049336455893832946 0.000156128024980484

1745367336
0.9402216325893554 0.056812860933354144 0.00015607928827844546

1745367337
0.9516535433070866 0.04566929133858268 0.00015748031496062991

1745367338
0.956298600311042 0.04105754276827372 0.0

1745367339
0.9520249221183801 0.04548286604361371 0.00015576323987538941

1745367340
0.9536362226701814 0.04419289812374012 0.00015506280043417584

1745367341
0.9468538085475477 0.04746885349313988 0.00015770383220312253

1745367342
0.9364134690681284 0.05826155050900548 0.0

1745367343
0.934789391575663 0.06193447737909517 0.0

1745367344
0.9453919574401503 0.049131591300266 0.0

1745367345
0.9519140989729225 0.044662309368191724 0.00046685340802987864

1745367346
0.9519336151557852 0.046813840613746674 0.0

1745367347
0.9546163443543356 0.04320024953212726 0.00031191515907673113

1745367348
0.9547376664056382 0.04510571652310102 0.0

1745367349
0.9547016557325836 0.045298344267416434 0.0

1745367350
0.9483325504931893 0.050258337247534056 0.0

1745367351
0.954772301933874 0.04522769806612601 0.0

1745367352
0.9604749257928449 0.03936884861740353 0.0

1745367353
0.955583359399437 0.04300907100406631 0.00015639662183296842

1745367354
0.9576893052302888 0.041217798594847775 0.0

1745367355
0.9646875 0.03515625 0.00015625

1745367356
0.9608546475358702 0.038053649407361195 0.0

1745367357
0.9584313725490196 0.04031372549019608 0.00015686274509803922

1745367358
0.9157382708300643 0.04064020084732465 0.00015691197238349287

1745367359
0.8013441700531416 0.03282275711159737 0.0

1745367360
0.707942464040025 0.030644152595372107 0.0

1745367361
0.6203283815480845 0.026583268178264268 0.0

1745367362
0.5125117297466375 0.02471066624960901 0.0

1745367363
0.5976544175136825 0.036121970289288506 0.0012509773260359655

1745367364
0.8520479676062919 0.044385609718112444 0.0003114779629341224

1745367365
0.9503125 0.0490625 0.0

1745367366
0.9592633057593257 0.04042453566411737 0.0

1745367367
0.9497888315344909 0.04895979978101048 0.00015642108556233381

1745367368
0.9549059244285493 0.044938578759135435 0.0

1745367369
0.955969915387026 0.04167972422438107 0.00015669069257286117

1745367370
0.9438360450563203 0.05350438047559449 0.0

1745367371
0.9444791992492962 0.051610885204879574 0.00015639662183296842

1745367372
0.9517112048757619 0.045788404438193465 0.0001562744178777934

1745367373
0.9439924906132666 0.055381727158948686 0.0

1745367374
0.9474427361154691 0.05098839033573894 0.00015688735487919673

1745367375
0.9441489361702128 0.05131414267834793 0.0

1745367376
0.9479652065858962 0.04954954954954955 0.00015532774153463808

1745367377
0.9444183497729763 0.053389697823704396 0.0003131360576170346

1745367378
0.9498207885304659 0.0492441951067477 0.0

1745367379
0.9558961526431029 0.04238348451673444 0.00015639662183296842

1745367380
0.955 0.04453125 0.0003125

1745367381
0.9548013762902722 0.043791054113231156 0.00031279324366593683

1745367382
0.9542687685344154 0.04448259715935695 0.0003121585765568909

1745367383
0.9477401129943502 0.04927809165097301 0.0

1745367384
0.9462282992779228 0.05085266554002151 0.0

1745367386
0.9475175072783067 0.04933511684632937 0.0

1745367387
0.9490049751243781 0.04695273631840796 0.0

1745367388
0.9502029347486731 0.04698719950046831 0.00015610365282547612

1745367389
0.9536746231155779 0.043655778894472363 0.0

1745367390
0.9595691539182016 0.04027474242897284 0.0

1745367391
0.955022723711017 0.043253408556652564 0.0001567152483936687

1745367392
0.9467585342937677 0.04995302223614156 0.0006263701847792045

1745367393
0.9566213532915839 0.04154574614327173 0.0

1745367395
0.9567789257827904 0.0423534979099298 0.00023661172016720562

1745367396
0.9545667447306792 0.041998438719750196 0.0

1745367397
0.9510402002189895 0.04364148287189113 0.00015642108556233381

1745367398
0.95453125 0.04328125 0.00015625

1745367399
0.9596875 0.04015625 0.0

1745367400
0.9486338797814208 0.05042935206869633 0.000312256049960968

1745367401
0.9445835942391985 0.05353788353162179 0.0

1745367402
0.9514563106796117 0.045255245850297526 0.00031318509238960227

1745367403
0.9347724073205068 0.03660253402158611 0.0

1745367404
0.8499921789457219 0.03456905990927577 0.00015642108556233381

1745367405
0.7459771910638963 0.029526636463052647 0.0001562255897516013

1745367406
0.6732967893500391 0.03038371182458888 0.00015661707126076742

1745367407
0.529503834715918 0.027547347002660823 0.0003130380341211457

1745367408
0.4884519350811486 0.0299625468164794 0.00031210986267166043

1745367409
0.7150453550203315 0.04973412574288395 0.00046918986549890525

1745367410
0.9493769470404985 0.04501557632398754 0.00031152647975077883

1745367411
0.9646031498518634 0.03524091688757212 0.0001559332605644784

1745367412
0.9617127676199406 0.03813095796218159 0.0001562744178777934

1745367413
0.9595754643358826 0.03823942562821914 0.00015607928827844546

1745367414
0.9637329998436768 0.0361106768797874 0.0001563232765358762

1745367415
0.9543250430157986 0.0430157985296418 0.00015642108556233381

1745367416
0.9578568071439761 0.04073319755600815 0.00031333228889237035

1745367417
0.9531934877896056 0.044458359423919847 0.0

1745367418
0.9481065918653576 0.04908835904628331 0.0003116721209287829

1745367419
0.9495263239633484 0.049541854325205775 0.00015530361857431278

1745367420
0.9541515676697653 0.04190956357334174 0.0

1745367421
0.9521472392638037 0.04631901840490798 0.00030674846625766873

1745367423
0.9544058587290338 0.04394046775336641 0.00023623907394283014

1745367424
0.9511852776044916 0.04522769806612601 0.00015595757953836556

1745367425
0.9571808095014847 0.04235036724488201 0.0001562744178777934

1745367426
0.9529172532457375 0.0439543250430158 0.00015642108556233381

1745367427
0.9532564661888439 0.04487379245870988 0.0003116235587410408

1745367428
0.9504764880487424 0.0474925792844868 0.0001562255897516013

1745367429
0.9540122008446739 0.04113874550289379 0.00015642108556233381

1745367430
0.9507273580478649 0.04598779915532614 0.00015642108556233381

1745367431
0.9525598872710193 0.04446532018161891 0.0003131360576170346

1745367432
0.9544248478226939 0.0429218042765725 0.0

1745367433
0.9430350194552529 0.05478599221789883 0.0001556420233463035

1745367434
0.9545036764705882 0.045189950980392156 0.00015318627450980392

1745367436
0.9521322889469104 0.04660178811614843 0.00023736055067647758

1745367437
0.9531615925058547 0.04340359094457455 0.000156128024980484

1745367438
0.955 0.0446875 0.00015625

1745367439
0.9615925058548009 0.0380952380952381 0.000312256049960968

1745367440
0.9567872240488492 0.040864255519023014 0.0001565680288085173

1745367441
0.953375955091221 0.04350537969748947 0.0003118665211289568

1745367442
0.9588290544771446 0.03913587977457733 0.00015654351909830932

1745367443
0.9508733624454149 0.0470991890205864 0.00015595757953836556

1745367444
0.954274976511118 0.04321954274976511 0.0

1745367445
0.9525444895410553 0.04620668123634093 0.00015610365282547612

1745367446
0.9577729121050985 0.041914294651235535 0.00015639662183296842

1745367447
0.9590944574551132 0.04059328649492584 0.000312256049960968

1745367448
0.9595691539182016 0.03918201685919451 0.00015610365282547612

1745367449
0.9524554269627776 0.043478260869565216 0.00015639662183296842

1745367450
0.954858934169279 0.04341692789968652 0.00031347962382445143

1745367451
0.9531517509727626 0.04638132295719844 0.0001556420233463035

1745367452
0.95235878336437 0.0473308504034761 0.00015518311607697082

1745367453
0.9549309045226131 0.041614321608040204 0.000157035175879397

1745367454
0.9541385267787027 0.0433485157845139 0.00031411967959792684

1745367455
0.9578651685393258 0.03932584269662921 0.0

1745367456
0.9647150663544106 0.0351288056206089 0.000156128024980484

1745367457
0.9653503980021851 0.03464960199781489 0.0

1745367458
0.9635457236329646 0.034584826296930986 0.00015578750584203146

1745367459
0.954894283476899 0.04400939702427564 0.00015661707126076742

1745367460
0.9522178988326848 0.045447470817120625 0.000311284046692607

1745367461
0.9595339316643048 0.04030861281687923 0.0001574555188159345

1745367462
0.9580474111041797 0.04070492825951341 0.00015595757953836556

1745367463
0.9054351240967641 0.04021363493559535 0.0

1745367464
0.724671669793621 0.033614759224515324 0.00015634771732332708

1745367465
0.5521501172791243 0.026739640344018763 0.0003127443315089914

1745367466
0.3165884194053208 0.01643192488262911 0.0

1745367467
0.24039362699156513 0.010621680724773508 0.0

1745367468
0.32671564795998126 0.02657495701109895 0.000781616382679381

1745367469
0.6954346466541589 0.05175109443402126 0.00046904315196998124

1745367470
0.9532027363184079 0.045553482587064674 0.0001554726368159204

1745367471
0.9620352867044738 0.035916824196597356 0.0

1745367472
0.9550457293442877 0.04324910866532321 0.0001550147263990079

1745367473
0.955 0.041875 0.0003125

1745367474
0.9642131583059853 0.0354742928582591 0.0003125488357555868

1745367475
0.958008117389947 0.04011863877614736 0.00015610365282547612

1745367476
0.95859375 0.03796875 0.00015625

1745367477
0.9609277708592777 0.03891656288916563 0.00015566625155666251

1745367478
0.9506553585196608 0.0479568234387047 0.00015420200462606013

1745367480
0.9525504151838672 0.045630684064847764 0.00015816528272044286

1745367481
0.9480055874592581 0.04733819649231724 0.0

1745367482
0.9471875 0.0484375 0.00015625

1745367483
0.9568153266331658 0.040515075376884424 0.000157035175879397

1745367484
0.947335618572764 0.051573698971642254 0.0001558117793705204

1745367485
0.9470332401366884 0.050015532774153465 0.00015532774153463808

1745367486
0.9530042580034694 0.045734111338905536 0.0

1745367487
0.9504672897196261 0.04641744548286604 0.00031152647975077883

1745367488
0.94328125 0.05375 0.00015625

1745367489
0.9451905059337914 0.05309181761399125 0.0

1745367490
0.9435408195182984 0.05442602439787301 0.00015639662183296842

1745367491
0.9540952680396164 0.0452759000157208 0.00015720798616569723

1745367492
0.9507250896616248 0.04553251208482769 0.0004677997816934352

1745367493
0.9502487562189055 0.0480410447761194 0.0001554726368159204

1745367494
0.95421875 0.04265625 0.00015625

1745367495
0.9592569466125508 0.04074305338744927 0.0

1745367496
0.9657437822618489 0.03409979665258877 0.0

1745367497
0.9618404522613065 0.03768844221105527 0.000157035175879397

1745367498
0.9588253573648229 0.03651336233685519 0.00015537600994406463

1745367499
0.9634146341463414 0.035021888680425266 0.00015634771732332708

1745367500
0.9518147684605757 0.047090112640801 0.0

1745367501
0.9459798994974874 0.05307788944723618 0.000314070351758794

1745367502
0.9492551210428305 0.04996896337678461 0.00031036623215394165

1745367503
0.94671875 0.0521875 0.00015625

1745367504
0.9497809762202754 0.050219023779724654 0.0

1745367505
0.9540696766130292 0.044680518668957975 0.0001562255897516013

1745367506
0.9581897901659882 0.0416536172878171 0.00015659254619480113

1745367507
0.9527963857298645 0.04346471412992678 0.00015578750584203146

1745367508
0.9527608321601752 0.0439543250430158 0.00015642108556233381

1745367509
0.96125 0.0375 0.00015625

1745367510
0.95410552606931 0.045582266625039024 0.00015610365282547612

1745367511
0.9539453002200566 0.044011317195850365 0.00015718327569946557

1745367512
0.9627806828668102 0.03598892648415872 0.0

1745367514
0.9610154837695513 0.037176766485891695 0.0002357934449422306

1745367515
0.9592028871802919 0.03907108112348972 0.00031382394476698575

1745367516
0.9558526348515467 0.043836468210788126 0.000155448468832582

1745367517
0.9533865165024246 0.045518535898639134 0.00015642108556233381

1745367518
0.9471303805364941 0.051777916406737366 0.0007797878976918279

1745367519
0.9541255675591044 0.04383904806638485 0.0

1745367520
0.9512042539881138 0.046918986549890525 0.00015639662183296842

1745367521
0.9418278228321897 0.054273237679351216 0.0

1745367522
0.9476398874648327 0.05001562988433886 0.00046889653016567677

1745367523
0.9370684243565599 0.05696798493408663 0.0012554927809165098

1745367524
0.9434403240885011 0.053755063882829544 0.0006232471174820816

1745367525
0.951139556665626 0.0457383702778645 0.00015610365282547612

1745367526
0.9559375 0.041875 0.00015625

1745367527
0.9477052763034655 0.050577583515454265 0.00015610365282547612

1745367528
0.9506172839506173 0.04875761837787154 0.0001562744178777934

1745367529
0.9512156862745098 0.04627450980392157 0.00015686274509803922

1745367530
0.9520761785825789 0.045582266625039024 0.00015610365282547612

1745367531
0.9483941378235111 0.046928593701278457 0.0

1745367532
0.9513143568206563 0.04728573650645512 0.0

1745367533
0.9460222815000785 0.05225168680370312 0.0

1745367534
0.954375 0.04203125 0.00015625

1745367535
0.9574700109051254 0.039570026483875996 0.00015578750584203146

1745367536
0.9468151866959523 0.047066206463759024 0.00015688735487919673

1745367537
0.9446187637276435 0.052086601819893316 0.00015688735487919673

1745367538
0.9483750583113046 0.048670502254703776 0.0

1745367539
0.9546378851869232 0.044580009385265136 0.00015642108556233381

1745367540
0.9515500856831283 0.04346471412992678 0.00015578750584203146

1745367541
0.9547589229805886 0.04242329367564183 0.00015654351909830932

1745367542
0.9549929676511955 0.04453820909517112 0.0003125488357555868

1745367543
0.9480681995933051 0.050054747379946814 0.00015642108556233381

1745367544
0.9523883858882298 0.0451139556665626 0.0

1745367545
0.9490625 0.04953125 0.00015625

1745367546
0.9458783043954325 0.05302674800563116 0.00015642108556233381

1745367547
0.95546875 0.0428125 0.00015625

1745367548
0.9260944610073749 0.03718813745488781 0.0

1745367549
0.8609600745688986 0.03448811558179276 0.0

1745367550
0.7580670549346765 0.028175665040138517 0.0

1745367551
0.6088520487957461 0.028151391929934315 0.0

1745367552
0.36601000625390867 0.015791119449656034 0.00015634771732332708

1745367553
0.4171223246367755 0.026714575847523823 0.0006249023590064052

1745367554
0.7027868597228709 0.04359333644714308 0.00015569048731122528

1745367555
0.948327312706141 0.048060310978482804 0.0

1745367556
0.9558457711442786 0.04291044776119403 0.0001554726368159204

1745367557
0.9586325320012489 0.04043084608179831 0.00015610365282547612

1745367558
0.9510861072042507 0.042037818409126425 0.0001562744178777934

1745367559
0.9590973201692524 0.03823852060805517 0.0001567152483936687

1745367560
0.9540426857766007 0.04471101417666303 0.0003115750116840629

1745367561
0.9577200125274037 0.041027247103037894 0.00015659254619480113

1745367562
0.9582745098039216 0.041411764705882356 0.00015686274509803922

1745367563
0.9568938686585745 0.04279489573607221 0.0001556178026766262

1745367564
0.9454148471615721 0.049906425452276984 0.00015595757953836556

1745367565
0.946875 0.05015625 0.00015625

1745367566
0.95270905104917 0.043532727842154714 0.00015659254619480113

1745367567
0.95351739198253 0.04523475276867883 0.0

1745367568
0.9555659494855004 0.04303086997193639 0.00015590894917368256

1745367569
0.9560043839048067 0.04055111946140598 0.0001565680288085173

1745367570
0.947188567878223 0.04986020503261883 0.0

1745367571
0.955352931928942 0.04260336425090395 0.00015720798616569723

1745367572
0.9442280729085527 0.05436983953886898 0.00015578750584203146

1745367573
0.9474846238763602 0.04920359564737423 0.0

1745367574
0.9529649177274139 0.04563800062092518 0.0001552312946289972

1745367575
0.9578963844107059 0.040381906401627796 0.00015651901706057285

1745367576
0.9614480488951574 0.038395235856448835 0.0001567152483936687

1745367577
0.9582290362953693 0.039424280350438046 0.0

1745367578
0.9595833981035287 0.03901756567697808 0.0

1745367579
0.9655873611762865 0.0342562177381511 0.00015642108556233381

1745367580
0.960043702200718 0.03855158420477603 0.00015607928827844546

1745367581
0.9585419274092616 0.04130162703379224 0.0

1745367582
0.9495876769877081 0.048545199937762566 0.00015559358954411078

1745367583
0.9512080326325698 0.04785064323815501 0.00015688735487919673

1745367584
0.9574933583372401 0.04188154399124863 0.0

1745367585
0.96265625 0.0371875 0.00015625

1745367586
0.9605057758351545 0.03808929128941617 0.0

1745367587
0.9585159674389481 0.04117094552285536 0.00015654351909830932

1745367588
0.9597252575710271 0.03808929128941617 0.00015610365282547612

1745367589
0.9578454332552693 0.041842310694769715 0.000312256049960968

1745367590
0.9655012376237624 0.0343440594059406 0.0001547029702970297

1745367591
0.9602335489979485 0.039450844248066906 0.00015780337699226762

1745367592
0.9635880606344741 0.03625566494764807 0.0001562744178777934

1745367593
0.9640287769784173 0.032843290584923364 0.00015639662183296842

1745367594
0.9640961598501405 0.034811114580081175 0.0

1745367595
0.9694931163954944 0.030037546933667083 0.0

1745367596
0.9675456389452333 0.032142299890778596 0.00015603058199407084

1745367597
0.9643304130162703 0.03566958698372966 0.0

1745367598
0.9637839525444896 0.036059943802684985 0.00015610365282547612

1745367599
0.9586325320012489 0.03965032781767093 0.00015610365282547612

1745367600
0.9644709951265524 0.034900172928784785 0.0

1745367601
0.9570093457943926 0.040809968847352024 0.00031152647975077883

1745367602
0.9614363778298205 0.03856362217017955 0.0

1745367603
0.9478613799562909 0.049328754292850455 0.00015610365282547612

1745367604
0.9484375 0.050625 0.0003125

1745367605
0.9628933771723814 0.0371066228276186 0.0

1745367606
0.9448265082838387 0.053610503282275714 0.00015629884338855892

1745367607
0.9505305867665418 0.047752808988764044 0.00015605493133583021

1745367608
0.9527977492966552 0.045326664582682086 0.0

1745367609
0.9594193850476042 0.03901982206961136 0.00015607928827844546

1745367610
0.9525306507387614 0.04542596667714555 0.00015718327569946557

1745367611
0.9525 0.04703125 0.0003125

1745367612
0.9524179754315036 0.047115534131550306 0.00015549681231534753

1745367613
0.9537427723081732 0.04563213002031567 0.0003125488357555868

1745367614
0.9557328327858595 0.0439543250430158 0.00015642108556233381

1745367615
0.9576496327551179 0.03813095796218159 0.0001562744178777934

1745367616
0.9494303105977837 0.05025753082565944 0.0003121585765568909

1745367617
0.9565830721003135 0.04106583072100314 0.00031347962382445143

1745367618
0.9460262828535669 0.04928035043804756 0.00015644555694618273

1745367619
0.9525882170060624 0.04601274677444427 0.000155448468832582

1745367620
0.9566105958182676 0.04197453230624116 0.00015720798616569723

1745367621
0.9520037278657968 0.04535570052811432 0.00015532774153463808

1745367622
0.9557743397405845 0.04313173933427098 0.0001562744178777934

1745367623
0.96546875 0.034375 0.00015625

1745367624
0.9575605155611443 0.03913863564916693 0.00031436655139893113

1745367625
0.9600435323383084 0.03840174129353234 0.0001554726368159204

1745367626
0.9597997810104802 0.03847958704833412 0.00031284217112466763

1745367627
0.9625585023400937 0.036193447737909515 0.00015600624024960998

1745367628
0.9653233364573571 0.034520462355513905 0.00015620118712902218

1745367629
0.9620015637216576 0.035496481626270525 0.0003127443315089914

1745367630
0.96128024980484 0.03669008587041374 0.000156128024980484

1745367631
0.9612075707805412 0.03754106053496011 0.00015642108556233381

1745367632
0.9664460520240111 0.0332461135908881 0.00030783438510081576

1745367634
0.9607781365676932 0.036622824289202174 0.0002362762857367882

1745367635
0.9644416718652526 0.03524641297567062 0.00031191515907673113

1745367636
0.9565692860490549 0.042649586002187156 0.0003124511795032026

1745367637
0.9524851516098781 0.04329477961863082 0.0

1745367638
0.8893429739075762 0.04511160012574662 0.00015718327569946557

1745367639
0.8340891321344801 0.03674745895230649 0.0001563721657544957

1745367640
0.7403064415259537 0.027204502814258912 0.00015634771732332708

1745367641
0.6824007502344482 0.026570803376055017 0.00031259768677711783

1745367642
0.6143862392494136 0.023143080531665364 0.0001563721657544957

1745367643
0.599437148217636 0.031113195747342087 0.00031269543464665416

1745367644
0.6739640344018765 0.03565285379202502 0.0003127443315089914

1745367645
0.7367270455965022 0.030605871330418487 0.0001561524047470331

1745367646
0.7400963181606338 0.02703122572627 0.00015535187199005747

1745367647
0.7411691153485465 0.025320412628946545 0.00015629884338855892

1745367648
0.7703937007874015 0.03385826771653543 0.00047244094488188977

1745367649
0.829793878825734 0.038413491567770144 0.0001561524047470331

1745367650
0.9222587204755202 0.042546535272954794 0.00031284217112466763

1745367651
0.9578603638625408 0.03996268076504432 0.0

1745367652
0.9589511471827689 0.03980021851100359 0.00015607928827844546

1745367653
0.9576005025125628 0.03972989949748744 0.000157035175879397

1745367654
0.9491050583657588 0.048715953307393 0.0001556420233463035

1745367655
0.9495785201373712 0.049328754292850455 0.00015610365282547612

1745367656
0.9613646985511762 0.037389001402087556 0.00015578750584203146

1745367657
0.9609534263760389 0.036537556844911404 0.00031362709738121374

1745367658
0.9620431115276477 0.037019681349578254 0.0

1745367659
0.9582028804007514 0.040857858484658734 0.00015654351909830932

1745367660
0.961755485893417 0.037147335423197494 0.00015673981191222572

1745367661
0.9636137459182087 0.03420929870937646 0.00015549681231534753

1745367662
0.9651508048132521 0.034692920768870136 0.0001562744178777934

1745367663
0.9615564932020628 0.0379746835443038 0.00046882325363338024

1745367664
0.9613881506956385 0.038455526027825544 0.0

1745367665
0.9552985307908721 0.04235698655829947 0.00015629884338855892

1745367666
0.9609801779303886 0.03855158420477603 0.0003121585765568909

1745367667
0.9674287503914814 0.03241465706232383 0.00015659254619480113

1745367668
0.9539257169722614 0.04262654756307789 0.0001567152483936687

1745367669
0.9610870907967881 0.03891290920321186 0.0

1745367670
0.9658931630587136 0.03395109795981934 0.0001557389814670612

1745367672
0.9603804732332364 0.03883342504520085 0.00023583051646883108

1745367673
0.9627377611474899 0.03617087620829436 0.00015590894917368256

1745367674
0.9684670621292538 0.0313768342179207 0.00015610365282547612

1745367675
0.9561678146524734 0.04164057608015028 0.00015654351909830932

1745367676
0.9687792694349048 0.031064626912269747 0.00015610365282547612

1745367677
0.9668698234099078 0.0331301765900922 0.0

1745367678
0.9670364005624121 0.032807373847836274 0.0001562255897516013

1745367679
0.9659161976235147 0.03330206378986867 0.00015634771732332708

1745367680
0.965921525715179 0.033922151008285134 0.0001563232765358762

1745367681
0.9623790196690603 0.036372151108335936 0.00015610365282547612

1745367682
0.9645257071417409 0.03531801844038131 0.0001562744178777934

1745367683
0.9643530150753769 0.03391959798994975 0.000157035175879397

1745367684
0.9654904399191668 0.03435411161200062 0.000155448468832582

1745367685
0.9639837143751957 0.03601628562480426 0.0

1745367686
0.96987669736226 0.029967223349461527 0.00015607928827844546

1745367687
0.9588998280981403 0.03813095796218159 0.0

1745367688
0.9648492423058898 0.0349945321043587 0.0001562255897516013

1745367689
0.9575398064314705 0.03933812051201998 0.00015610365282547612

1745367690
0.9547169811320755 0.041981132075471696 0.00031446540880503143

1745367691
0.9650566858207796 0.034788010560646065 0.00015530361857431278

1745367692
0.9646875 0.034375 0.00015625

1745367693
0.9626504141272074 0.03719331145491483 0.0001562744178777934

1745367694
0.954282135587913 0.044778456239235945 0.0001565680288085173

1745367695
0.9519725557461407 0.04662404490877904 0.0001559332605644784

1745367696
0.95203125 0.04734375 0.0003125

1745367697
0.9582486317435497 0.04050039093041439 0.0001563721657544957

1745367698
0.9539350405996252 0.04497189256714553 0.0001561524047470331

1745367699
0.9565625 0.0428125 0.00015625

1745367700
0.9566374452097683 0.04211020663744521 0.00015654351909830932

1745367701
0.9592505854800937 0.040124902419984385 0.000312256049960968

1745367702
0.9649945303953743 0.03484919518674793 0.0

1745367703
0.9475737244499922 0.05008581682009674 0.00015603058199407084

1745367704
0.9519185591229444 0.04557556773688332 0.00015661707126076742

1745367705
0.9575861531264619 0.04210198035240917 0.0003118665211289568

1745367706
0.9605818864382919 0.03894885030502112 0.00031284217112466763

1745367707
0.9621875 0.03765625 0.00015625

1745367708
0.9428660630658757 0.05401186387761474 0.0

1745367709
0.9557259073842302 0.042083854818523156 0.00015644555694618273

1745367710
0.9647908979089791 0.03520910209102091 0.0

1745367712
0.9650668764752164 0.03453973249409913 7.867820613690008e-05

1745367713
0.9603835874862443 0.038201540638264427 0.00031441597233139445

1745367714
0.9603544776119403 0.03933457711442786 0.0001554726368159204

1745367715
0.9608145634063561 0.03918543659364394 0.0

1745367717
0.951357733175915 0.045493900039354586 0.00015741833923652105

1745367718
0.9577973015374961 0.039378726074678384 0.0

1745367719
0.9595771144278606 0.038090796019900494 0.0003109452736318408

1745367720
0.9598750975800157 0.0399687743950039 0.000156128024980484

1745367721
0.9618809561006093 0.03702546477112951 0.0

1745367722
0.9616352201257862 0.037264150943396225 0.00015723270440251572

1745367723
0.9614849187935035 0.03665893271461717 0.00015467904098994585

1745367724
0.9657320872274143 0.0338006230529595 0.00031152647975077883

1745367725
0.9633301857097891 0.03635505193578848 0.0

1745367726
0.9498359118612283 0.04375683700578215 0.0001562744178777934

1745367727
0.9623084141382546 0.036596809508914606 0.00015639662183296842

1745367728
0.9548093519535541 0.0329515142005335 0.00015691197238349287

1745367729
0.89 0.03515625 0.0

1745367730
0.8367984992965453 0.03188994841331874 0.0

1745367731
0.803032671564796 0.028294513052993592 0.0

1745367732
0.7776215033599 0.028285669635880608 0.0

1745367733
0.7676672920575359 0.03158223889931207 0.00015634771732332708

1745367734
0.7693149827963716 0.029715358148264 0.00031279324366593683

1745367735
0.7696998123827392 0.0282989368355222 0.0

1745367736
0.7701882682433484 0.02971837560292516 0.0

1745367737
0.7696170747018205 0.029817953546767105 0.00031387319522912746

1745367738
0.7920900422072846 0.03736126309207441 0.0004689698296076286

1745367739
0.8576107298814722 0.039301310043668124 0.00031191515907673113

1745367740
0.893483709273183 0.03822055137844611 0.00015664160401002505

1745367741
0.9525439551890462 0.03936517815466003 0.00015559358954411078

1745367742
0.9504610095327395 0.04907016721362713 0.0

1745367743
0.9513725490196079 0.04611764705882353 0.00015686274509803922

1745367744
0.9575889389467143 0.041012894205375176 0.0

1745367745
0.9522990303409447 0.041757898029402565 0.00015639662183296842

1745367746
0.95953125 0.0403125 0.00015625

1745367747
0.9536746231155779 0.041614321608040204 0.000157035175879397

1745367748
0.9625310945273632 0.037157960199004976 0.0001554726368159204

1745367749
0.9540265832681782 0.04440969507427678 0.0003127443315089914

1745367750
0.9565421291230264 0.042363607941222445 0.0001563232765358762

1745367751
0.9591008429597253 0.03808929128941617 0.00031220730565095225

1745367752
0.9546168341708543 0.04491206030150754 0.000157035175879397

1745367753
0.9538629965592743 0.04066312167657179 0.0

1745367754
0.9554209381795589 0.042093817955886924 0.00015532774153463808

1745367755
0.963125 0.03671875 0.00015625

1745367756
0.9624530663329162 0.037077596996245306 0.00031289111389236547

1745367757
0.9609740867936309 0.03808929128941617 0.0

1745367758
0.9543821277925324 0.04374316513044837 0.0001562255897516013

1745367759
0.9572903629536921 0.04036295369211514 0.0

1745367760
0.9605386783589102 0.037112433448167864 0.00015659254619480113

1745367761
0.949008059516429 0.04665220086794792 0.00015499070055796651

1745367762
0.953142140730293 0.04576085253095126 0.0

1745367763
0.9608579927978707 0.03788946297166119 0.0001565680288085173

1745367764
0.95390625 0.04234375 0.0003125

1745367765
0.957486714598312 0.04095029696780244 0.0

1745367766
0.9528198718950164 0.04436806748945477 0.0001562255897516013

1745367767
0.953117674636662 0.04438193467729333 0.0001562744178777934

1745367768
0.9594869388393555 0.04020021898951979 0.0

1745367769
0.9620727329483377 0.03464960199781489 0.0

1745367770
0.9638384470882906 0.03600500939261114 0.00015654351909830932

1745367771
0.9656946826758147 0.03399345080305629 0.0003118665211289568

1745367772
0.9648327602375742 0.03516723976242576 0.0

1745367773
0.9635652853792025 0.036278342455043 0.0001563721657544957

1745367774
0.9642243399468833 0.0356194344633651 0.0001562255897516013

1745367775
0.9586196127420362 0.04122423485321674 0.0001561524047470331

1745367776
0.9673131060369096 0.03253049734125743 0.00015639662183296842

1745367777
0.956128024980484 0.04371584699453552 0.000156128024980484

1745367778
0.9565625 0.043125 0.00015625

1745367779
0.9609840175493576 0.03870260106549671 0.00015669069257286117

1745367780
0.9674096848578017 0.03259031514219831 0.0

1745367782
0.968112747027793 0.031808519014250844 0.0

1745367783
0.9625252682320012 0.03545327320789924 0.0

1745367784
0.9702344231955583 0.029765576804441703 0.0

1745367786
0.9647721935180836 0.03460153436668233 7.828401440425865e-05

1745367787
0.9510223490252021 0.04628308765255983 0.0001585037248375337

1745367788
0.9592569466125508 0.036840462066812366 0.0

1745367789
0.9651943187139067 0.03464960199781489 0.00015607928827844546

1745367790
0.9611346183983701 0.038395235856448835 0.0001567152483936687

1745367791
0.9557149539996881 0.04101044752845782 0.0001559332605644784

1745367792
0.9615625 0.0365625 0.00015625

1745367793
0.9611301904464564 0.03840149859506713 0.00015610365282547612

1745367794
0.9537427723081732 0.045788404438193465 0.0001562744178777934

1745367795
0.9639778325123153 0.035098522167487683 0.0

1745367797
0.9619017632241813 0.037862090680100755 7.871536523929471e-05

1745367798
0.9332285938727416 0.04257659073055774 0.00015710919088766692

1745367799
0.8844228964654364 0.03221770409759149 0.0

1745367800
0.865745770603756 0.02731646748409126 0.0

1745367801
0.8344350015738118 0.04076172489770224 0.00015738117721120554

1745367802
0.7731958762886598 0.03264604810996564 0.0

1745367803
0.7437460913070669 0.04065040650406504 0.00015634771732332708

1745367804
0.7536345161794591 0.029232452712208847 0.0001563232765358762

1745367805
0.7475864216754905 0.036281532232949235 0.00015571473061351605

1745367806
0.7403861246272171 0.04442002825302151 0.0001569612305760477

1745367807
0.7474210690840888 0.03516723976242576 0.00015629884338855892

1745367808
0.7586368610286072 0.033922151008285134 0.0001563232765358762

1745367809
0.8016257620759731 0.04095669845239956 0.0003126465530717524

1745367810
0.8669896842763364 0.036730228196311346 0.00015629884338855892

1745367811
0.8828406069138119 0.04145158767401846 0.00031284217112466763

1745367812
0.9396672368216451 0.05411289068574094 0.00031099362463069506

1745367813
0.953810623556582 0.0449576597382602 0.0

1745367814
0.9606973058637084 0.038985736925515053 0.0001584786053882726

1745367815
0.95875 0.04109375 0.00015625

1745367816
0.955426962777604 0.041601501407569595 0.0

1745367817
0.9615564932020628 0.03813095796218159 0.0003125488357555868

1745367818
0.9633156415860131 0.034655010927255696 0.0

1745367819
0.9601126231816048 0.03691537619271078 0.0

1745367820
0.9565625 0.04203125 0.00015625

1745367821
0.964252263502966 0.035591632844208555 0.00015610365282547612

1745367822
0.960588051298092 0.03925555208007507 0.00015639662183296842

1745367823
0.9656946826758147 0.03430531732418525 0.0

1745367824
0.9575235109717868 0.03934169278996865 0.0

1745367825
0.957748674773932 0.04193950732772061 0.00015590894917368256

1745367826
0.9669899874843555 0.03301001251564455 0.0

1745367827
0.96285312938973 0.0360543155923209 0.00015607928827844546

1745367828
0.9678074699171746 0.032192530082825445 0.0

1745367829
0.967721815063153 0.03212225167628255 0.0001559332605644784

1745367830
0.962992125984252 0.03559055118110236 0.00015748031496062991

1745367831
0.9563727017762543 0.04175755687129947 0.0001558117793705204

1745367832
0.9633956386292835 0.035358255451713394 0.00015576323987538941

1745367833
0.9636306631133407 0.03542875058786644 0.0

1745367834
0.9651090342679127 0.03442367601246106 0.00015576323987538941

1745367835
0.9672408489695479 0.032605352199323284 0.00015379883112888343

1745367837
0.9643673630271975 0.03555380370516358 7.883326763894364e-05

1745367838
0.9651508048132521 0.034536646350992344 0.0001562744178777934

1745367839
0.9673041332510796 0.029148673658235657 0.0

1745367841
0.9669551534225019 0.032887490165224235 7.867820613690008e-05

1745367842
0.9608546475358702 0.037897691827822835 0.0

1745367843
0.9654582231212074 0.03423058969970437 0.00015559358954411078

1745367844
0.960965668600094 0.03903433139990594 0.0

1745367845
0.9621934072801125 0.037494141540384315 0.0001562255897516013

1745367846
0.9498903852176637 0.04838709677419355 0.0

1745367847
0.962278916888402 0.03772108311159806 0.0

1745367848
0.9629914004914005 0.036855036855036855 0.00015356265356265356

1745367850
0.9595746344514817 0.04019078895926186 0.0002345765892563922

1745367851
0.9443214172730149 0.054413160392280925 0.00015817779183802593

1745367852
0.9527448533998752 0.044915782907049284 0.00015595757953836556

1745367853
0.9607843137254902 0.03780392156862745 0.0

1745367854
0.9631997505067831 0.03617651645095899 0.0001559332605644784

1745367855
0.9584375 0.0409375 0.0

1745367856
0.9579621815908735 0.039693702140959526 0.00046882325363338024

1745367857
0.96046875 0.03859375 0.00015625

1745367858
0.954282135587913 0.04509159229685298 0.0001565680288085173

1745367859
0.9601873536299765 0.03981264637002342 0.0

1745367860
0.9619166536600593 0.036990791321991574 0.00015607928827844546

1745367861
0.9618332551227905 0.038010323791647115 0.00015642108556233381

1745367862
0.957234275011706 0.039644139222725146 0.00015607928827844546

1745367863
0.9549859331040951 0.04235698655829947 0.0

1745367864
0.9629396984924623 0.03533291457286432 0.0

1745367865
0.9576481538938877 0.039094011790257524 0.00015513496742165683

1745367866
0.9628584861307005 0.03698479862090581 0.0001567152483936687

1745367867
0.9686867113257517 0.031313288674248325 0.0

1745367868
0.9389457120377656 0.036821400472069235 0.0

1745367869
0.8217527386541471 0.046948356807511735 0.0

1745367870
0.7134146341463414 0.03314571607254534 0.0

1745367871
0.647766323024055 0.02421118400499844 0.00015620118712902218

1745367872
0.5983414176185261 0.02534814583007354 0.0

1745367873
0.5838412251914361 0.032817627754336616 0.00046882325363338024

1745367874
0.6721900891042676 0.03188994841331874 0.0001563232765358762

1745367875
0.7376485303314572 0.02892432770481551 0.00015634771732332708

1745367876
0.7392519012882198 0.028558125097004502 0.0001552072016141549

1745367877
0.7515351913084554 0.027869626830420408 0.0001574555188159345

1745367878
0.8358862144420132 0.03938730853391685 0.00031259768677711783

1745367879
0.8987715751827088 0.04556056600839683 0.00015549681231534753

1745367880
0.9565625 0.0425 0.0

1745367881
0.9569153918201686 0.04277240087418046 0.00015610365282547612

1745367882
0.960900844541758 0.03800437910541132 0.00031279324366593683

1745367883
0.9619956208945887 0.03769158586174538 0.00031279324366593683

1745367884
0.9601873536299765 0.039032006245121 0.0

1745367885
0.9630903972474194 0.036440412887081636 0.00015639662183296842

1745367886
0.95921875 0.03953125 0.00015625

1745367887
0.959726325610325 0.03840771264189084 0.0

1745367888
0.9566650965614696 0.04286387187941592 0.0003140210394096404

1745367889
0.9543678699796844 0.04547585560243788 0.0001562744178777934

1745367890
0.9591072264710473 0.039644139222725146 0.00015607928827844546

1745367891
0.9595911949685535 0.0389937106918239 0.0

1745367892
0.9546442994718857 0.043336439888164026 0.00015532774153463808

1745367893
0.9643415702220832 0.03550203315608383 0.00015639662183296842

1745367894
0.9616768340372283 0.03722821836383545 0.0

1745367895
0.9468267581475128 0.05083424294401996 0.0003118665211289568

1745367896
0.9596812001875293 0.040162525394592904 0.0001562744178777934

1745367897
0.9635595871129183 0.03628401626524867 0.00015639662183296842

1745367898
0.9612488233448384 0.03812362723564481 0.0

1745367899
0.9562645914396887 0.04342412451361868 0.0001556420233463035

1745367900
0.9566910733759153 0.043153139118242714 0.00015578750584203146

1745367901
0.9577266322217003 0.04196023172068264 0.0001565680288085173

1745367902
0.9617605743717809 0.03808334633994069 0.00015607928827844546

1745367903
0.9532300954168622 0.0453621148130768 0.00031284217112466763

1745367904
0.9594869388393555 0.037697481620522444 0.0

1745367905
0.9630783611154385 0.036610063872877394 0.0003115750116840629

1745367906
0.9674533395033164 0.03254666049668364 0.0

1745367908
0.9639873916469661 0.035855003940110326 7.880220646178094e-05

1745367909
0.9641459214028495 0.035540942539533424 0.0003131360576170346

1745367910
0.9674454828660436 0.032398753894081 0.00015576323987538941

1745367911
0.9666922486569455 0.03330775134305449 0.0

1745367913
0.9589019484105072 0.04038810444111383 0.0001577660329731009

1745367914
0.9608240986421102 0.03901982206961136 0.00015607928827844546

1745367915
0.9596875 0.03890625 0.00015625

1745367916
0.9685593618019709 0.031127796026904426 0.00015642108556233381

1745367917
0.9547793544363012 0.04506471230313426 0.0

1745367918
0.9503590384014986 0.04948485794567593 0.00015610365282547612

1745367919
0.9501094776352831 0.04942133249921802 0.00031279324366593683

1745367920
0.9628066885450852 0.037037037037037035 0.0001562744178777934

1745367921
0.9606311513825965 0.03921262302765193 0.0001562255897516013

1745367922
0.9588676884579294 0.04019393181107288 0.00031279324366593683

1745367923
0.9542616297221355 0.0451139556665626 0.0

1745367924
0.9672413793103448 0.032758620689655175 0.0

1745367925
0.9643078833022967 0.035536933581626316 0.00015518311607697082

1745367926
0.9593661750862881 0.040476937558832755 0.00015688735487919673

1745367927
0.9570245350836069 0.0426629160806376 0.0003125488357555868

1745367928
0.9165225593460148 0.038358748624430124 0.00015720798616569723

1745367929
0.7995323460639127 0.03304754481683554 0.0

1745367930
0.7038256506741926 0.030887425525243022 0.0

1745367931
0.6086071987480438 0.03051643192488263 0.00015649452269170578

1745367932
0.5507653858169322 0.02358637925648235 0.0

1745367933
0.5827731749257464 0.03954978896357668 0.0006252931061435048

1745367934
0.7513277100905967 0.0415495157763199 0.00031240237425804435

1745367935
0.8816752296434688 0.045773003269500234 0.00046707146193367583

1745367936
0.9512003765887337 0.045818295935979914 0.0

1745367937
0.9519350811485643 0.0433832709113608 0.00031210986267166043

1745367938
0.9517940717628706 0.04633385335413417 0.00015600624024960998

1745367939
0.9491710979042852 0.04723177979355646 0.00015639662183296842

1745367940
0.9573142233992834 0.04143947655398037 0.00015578750584203146

1745367941
0.9533427274150619 0.04415218412400188 0.0001565680288085173

1745367942
0.9461358313817331 0.05152224824355972 0.0

1745367943
0.95958177278402 0.03932584269662921 0.00015605493133583021

1745367944
0.9397778820585014 0.05725011731581417 0.00015642108556233381

1745367945
0.9497215346534653 0.04795792079207921 0.0

1745367946
0.955692210659098 0.042100283822138124 0.0

1745367947
0.953579243513598 0.045482963426070645 0.0

1745367948
0.95671875 0.0425 0.00015625

1745367949
0.9541614518147684 0.0434918648310388 0.0

1745367950
0.9563541024059222 0.042412091301665636 0.00015422578655151142

1745367951
0.9496796374433505 0.048913892795749335 0.0

1745367953
0.9327028294513053 0.06112240112552759 0.0003126465530717524

1745367955
0.9511369895349752 0.04587300338342907 7.868439688409789e-05

1745367956
0.9438783508386894 0.05204577519987459 0.0

1745367957
0.946189735614308 0.05054432348367029 0.00015552099533437013

1745367958
0.9549507273580479 0.0439543250430158 0.00015642108556233381

1745367959
0.9595754643358826 0.04011237708756048 0.0003121585765568909

1745367960
0.95453125 0.04421875 0.0

1745367961
0.9574933583372401 0.041412720737615254 0.0001562744178777934

1745367962
0.9615204129516659 0.038166744877209446 0.00015642108556233381

1745367963
0.9588676884579294 0.04066312167657179 0.00031279324366593683

1745367964
0.9571183533447685 0.04241384687353813 0.0003118665211289568

1745367965
0.9634375 0.0365625 0.0

1745367966
0.9651126408010012 0.034730913642052566 0.0

1745367967
0.9658133000312207 0.034030596315953794 0.00015610365282547612

1745367968
0.9338674206723218 0.0373861137291863 0.00031416902293433867

1745367969
0.7735229759299781 0.03438574554548297 0.00015629884338855892

1745367970
0.6159023321333542 0.032086398497417436 0.0

1745367971
0.42537196554424433 0.020203602192638996 0.0

1745367972
0.33708743938682934 0.01689347724073205 0.0

1745367973
0.37700826704102325 0.02901263453439401 0.00031196381219778506

1745367974
0.7646235220908525 0.05724953329184816 0.00031113876789047915

1745367975
0.9542616297221355 0.04448954105526069 0.00015610365282547612

1745367976
0.959375 0.0403125 0.0003125

1745367977
0.9572953736654805 0.039455361287327864 0.0

1745367978
0.9507498026835043 0.046250986582478296 0.00015785319652722967

1745367979
0.95015625 0.0471875 0.00015625

1745367980
0.9435345499922009 0.054125721416315706 0.0

1745367981
0.9480600750938674 0.04849812265331665 0.0

1745367982
0.9453063783106096 0.052813038708666354 0.0001567152483936687

1745367983
0.9589511471827689 0.038863742781332915 0.00015607928827844546

1745367984
0.9578059071729957 0.038912330051570555 0.0003125488357555868

1745367985
0.96109375 0.03875 0.0

1745367986
0.9667551115966911 0.03308880911503043 0.00015607928827844546

1745367987
0.9543607377305408 0.044232572678962176 0.0

1745367988
0.95828125 0.04140625 0.00015625

1745367989
0.9598060681889271 0.039881138567406944 0.00031279324366593683

1745367990
0.9576653696498054 0.04140077821011673 0.0

1745367991
0.953142140730293 0.04482056104058925 0.0001567152483936687

1745367992
0.9575301676853157 0.04184297132110954 0.0

1745367993
0.9598443579766537 0.03968871595330739 0.0

1745367994
0.9624589394650399 0.03738463944939778 0.0

1745367995
0.9628991859737007 0.03663118346900438 0.00031308703819661864

1745367996
0.957695910084296 0.03980643147049641 0.00015610365282547612

1745367997
0.955270566155771 0.043478260869565216 0.00015639662183296842

1745367998
0.9661941112322792 0.0336501012618788 0.00015578750584203146

1745367999
0.9590176755826686 0.04082590333176912 0.0

1745368000
0.96125 0.03484375 0.00015625

1745368001
0.9596433599249179 0.03910527139058345 0.00015642108556233381

1745368002
0.96125 0.0375 0.00015625

1745368003
0.9620668123634093 0.03777708398376522 0.00015610365282547612

1745368004
0.95953125 0.03921875 0.0

1745368005
0.9609050330921964 0.038941049715253195 0.00015391719255040788

1745368007
0.9494049964536212 0.04767909212703917 0.00015761683347781543

1745368008
0.9619463505926388 0.03633811603243918 0.0

1745368009
0.9629340006255865 0.036753206130747576 0.00015639662183296842

1745368010
0.958008117389947 0.04074305338744927 0.00031220730565095225

1745368011
0.967601246105919 0.032242990654205606 0.0

1745368012
0.9586378479241175 0.037630228580314104 0.00015549681231534753

1745368013
0.9538510001575051 0.04362891793983305 0.00031501023783272954

1745368014
0.9496245306633292 0.04865456821026283 0.00015644555694618273

1745368015
0.9566713592992335 0.04317221961520413 0.0

1745368016
0.9565692860490549 0.041868458053429154 0.00046867676925480396

1745368017
0.9594510293200249 0.04023705552089832 0.00015595757953836556

1745368018
0.9557577659240665 0.04424223407593348 0.0

1745368019
0.9561021170610212 0.042185554171855544 0.00015566625155666251

1745368020
0.95796875 0.04171875 0.00015625

1745368021
0.955583359399437 0.04410384735689709 0.00015639662183296842

1745368022
0.9595611285266458 0.040282131661442004 0.0

1745368023
0.9580931609284935 0.041595264059822404 0.00015578750584203146

1745368024
0.9603125 0.03828125 0.00015625

1745368025
0.953125 0.0459375 0.00015625

1745368026
0.9564263322884012 0.042633228840125395 0.00015673981191222572

1745368027
0.9536009998437744 0.04499296984846118 0.0003124511795032026

1745368028
0.9445828144458281 0.0547945205479452 0.00031133250311332503

1745368029
0.9618690420378184 0.0379746835443038 0.0001562744178777934

1745368030
0.9584375 0.04140625 0.00015625

1745368031
0.9505494505494505 0.04317111459968603 0.00015698587127158556

1745368032
0.9566096423017107 0.042301710730948676 0.00015552099533437013

1745368033
0.9612560537416028 0.03858772066864553 0.0001562255897516013

1745368034
0.959375 0.039375 0.00015625

1745368035
0.9551492420690733 0.04360056258790436 0.0001562744178777934

1745368036
0.9502779493514515 0.045089561457689935 0.00030883261272390367

1745368038
0.9528894472361809 0.04601130653266332 0.000157035175879397

1745368039
0.9578369905956113 0.04200626959247649 0.00015673981191222572

1745368040
0.9545667447306792 0.04355971896955504 0.0

1745368041
0.9552285535378835 0.04336255479023168 0.00031308703819661864

1745368042
0.947036181678214 0.05034642032332563 0.00015396458814472672

1745368043
0.9479166666666666 0.050662878787878785 0.00015782828282828284

1745368044
0.9410933081998115 0.05497957901350927 0.0

1745368045
0.9440112289457268 0.05411728009981285 0.0

1745368046
0.947139303482587 0.05037313432835821 0.0

1745368047
0.9463920767174973 0.05030655557302311 0.0

1745368048
0.7517317380352645 0.0417191435768262 0.0

1745368049
0.183125 0.01125 0.00015625

1745368050
0.0900562851782364 0.0040650406504065045 0.0

1745368051
0.06676047529706067 0.0034396497811131957 0.0

1745368052
0.05803222274362584 0.003910527139058345 0.0

1745368053
0.057151780137414114 0.0039038101186758276 0.0

1745368054
0.3568542119987566 0.03450419645632577 0.00015542430836182778

1745368055
0.9455270830136566 0.051864354764462176 0.0

1745368057
0.9491792929292929 0.048137626262626264 7.891414141414142e-05

1745368058
0.9513294977452962 0.047426527756180996 0.0

1745368059
0.9433991603172135 0.05349090343647955 0.0

1745368060
0.9495492645895935 0.04681322157203859 0.0

1745368061
0.9497745296221427 0.048670502254703776 0.0

1745368062
0.9438448302831222 0.05443453777569216 0.0

1745368063
0.95828125 0.0390625 0.0

1745368064
0.9527278363298202 0.04634221946683199 0.0

1745368065
0.9454916745208922 0.05215205780710022 0.0

1745368066
0.950321266259207 0.048895157498824636 0.0

1745368067
0.95421875 0.04390625 0.0

1745368068
0.9512649386931553 0.04656216048424647 0.0

1745368069
0.9480151228733459 0.04930686830497794 0.0

1745368070
0.9427635683094199 0.055053025577043044 0.0

1745368071
0.9483406386975579 0.04915466499686913 0.0

1745368072
0.9420994821904911 0.05586066216852346 0.0

1745368073
0.932348367029549 0.06547433903576982 0.0

1745368074
0.9450294208733354 0.05264787860018581 0.0

1745368075
0.9408805031446541 0.057232704402515724 0.0

1745368076
0.9435825105782792 0.053910045447422034 0.0

1745368077
0.9508970727101038 0.04658482845451684 0.0

1745368078
0.9432191459408729 0.05474737994681683 0.00015642108556233381

1745368079
0.9429009976976209 0.05448963929393707 0.0

1745368081
0.9441652269514685 0.05308622585204963 0.0

1745368082
0.9588503219726716 0.040521438668132556 0.0

1745368083
0.953323029366306 0.04636785162287481 0.0

1745368084
0.9524705882352941 0.04580392156862745 0.0

1745368085
0.9539617914187285 0.04478546821171312 0.0

1745368086
0.9334468348552856 0.06299334468348552 0.00015477480266212662

1745368087
0.9118791841818464 0.08360579168612797 0.0

1745368089
0.699238578680203 0.07423857868020305 0.0

1745368090
0.1857701329163409 0.013760750586395622 0.0001563721657544957

1745368091
0.02422253477105798 0.0009376465072667605 0.0

1745368092
0.015554518587649712 0.0004666355576294914 0.00015554518587649713

1745368093
0.015788650930123497 0.0003126465530717524 0.0

1745368094
0.015647003598810827 0.0006258801439524331 0.0

1745368095
0.0156128024980484 0.000468384074941452 0.0

1745368096
0.015771392879450345 0.00046845721424109934 0.0001561524047470331

1745368097
0.01562744178777934 0.0006250976715111736 0.0

1745368098
0.015471167369901548 0.00046882325363338024 0.0

1745368099
0.0159375 0.00046875 0.0

1745368100
0.015473585495467334 0.0006251953735542357 0.00015629884338855892

1745368101
0.015778784564911733 0.00046867676925480396 0.0

1745368102
0.015783716205657133 0.00046882325363338024 0.0

1745368103
0.01562744178777934 0.0006250976715111736 0.0

1745368104
0.015625 0.00046875 0.0

1745368105
0.01578125 0.000625 0.0

1745368106
0.015634771732332707 0.0006253908692933083 0.0

1745368107
0.015773856004997658 0.00031235358425737937 0.0

1745368108
0.01562744178777934 0.0006250976715111736 0.0

1745368109
0.015783716205657133 0.0003125488357555868 0.0

1745368110
0.015939990623534926 0.0003125488357555868 0.0

1745368111
0.016091235744414935 0.0003124511795032026 0.0

1745368112
0.3034007208901426 0.03996238834038552 0.0001567152483936687

1745368113
0.9479117785077429 0.04833411543876114 0.0

1745368114
0.9549059244285493 0.04167314570051314 0.0

1745368115
0.9467244850549791 0.049868359919467246 0.0

1745368116
0.946445349201378 0.049796429689946756 0.00015659254619480113

1745368117
0.9515723270440252 0.04449685534591195 0.0

1745368118
0.9470800062627212 0.049475497103491466 0.0

1745368119
0.9566370301045078 0.04008734986741538 0.0

1745368120
0.9512423816221285 0.04563213002031567 0.0001562744178777934

1745368121
0.94890625 0.04859375 0.0003125

1745368122
0.9459501557632399 0.04750778816199377 0.00015576323987538941

1745368123
0.9568965517241379 0.04184952978056426 0.00015673981191222572

1745368124
0.9473766396002499 0.05106183635227982 0.0

1745368125
0.9511584220413275 0.04664996869129618 0.00015654351909830932

1745368126
0.958326830029655 0.04073669424067426 0.0

1745368127
0.949984418822063 0.046276098473044563 0.0

1745368129
0.9471251762494125 0.048174839417201944 0.00015666614444618518

1745368130
0.9554030874785592 0.043661312958053956 0.0

1745368131
0.947335618572764 0.05063882829541913 0.0

1745368132
0.951294225761985 0.04855261142594578 0.0

1745368134
0.9579871825302635 0.040430413798560015 0.0

1745368135
0.9550912209574303 0.04319351317636052 0.0

1745368136
0.9521351478179259 0.04770843109651181 0.0

1745368137
0.9379590561025161 0.058134083450539144 0.0001562744178777934

1745368138
0.9516078676241024 0.047299406806119264 0.00015610365282547612

1745368139
0.950625 0.04890625 0.0

1745368140
0.9573370839193625 0.0425066416627598 0.0

1745368141
0.9519528828270304 0.04634221946683199 0.0

1745368142
0.9404836683417085 0.05684673366834171 0.0

1745368143
0.948581282332654 0.05079166013481737 0.0

1745368144
0.9539762053850971 0.04398872886662492 0.0

1745368145
0.9461946350592639 0.05131004366812227 0.0

1745368146
0.9563585171281088 0.04332864070076646 0.0

1745368147
0.95046875 0.0478125 0.0

1745368148
0.944375 0.0546875 0.0

1745368149
0.9477553574221805 0.052088221492257156 0.0

1745368150
0.9538557797591115 0.044580009385265136 0.0

1745368151
0.9522769806612601 0.04725514660012477 0.0

1745368152
0.9580146714530982 0.041985328546901825 0.0

1745368153
0.9431443379927752 0.05167268729385896 0.0

1745368154
0.9420087064676617 0.056592039800995024 0.0

1745368155
0.9515625 0.04828125 0.0

1745368156
0.9530169704588309 0.04399748585795098 0.0

1745368157
0.9564473479545808 0.0433971068595427 0.0

1745368158
0.9544177333749609 0.04527005931938807 0.0

1745368159
0.9471781166483257 0.05156421946234869 0.0

1745368160
0.9437101539418442 0.05411289068574094 0.0

1745368161
0.955133198317495 0.04471101417666303 0.0

1745368162
0.94858934169279 0.04874608150470219 0.0

1745368163
0.9522844222672696 0.044596912521440824 0.0

1745368164
0.9464753971926577 0.05306185407990128 0.0

1745368166
0.9481767346617311 0.05079940143340947 0.0

1745368167
0.9518166224855762 0.04818337751442383 0.0

1745368168
0.9560387984981227 0.0434918648310388 0.0

1745368169
0.9556734821289214 0.04307788356485094 0.00015607928827844546

1745368170
0.9528139206772221 0.04687255055651356 0.0

1745368171
0.9470404984423676 0.052024922118380064 0.0

1745368172
0.9426048565121413 0.056922106590980764 0.0

1745368173
0.9586228192064227 0.040450825999691215 0.0

1745368174
0.9584704591756777 0.04011910358877919 0.0

1745368175
0.9496796374433505 0.04813252070636037 0.0

1745368176
0.9423829653984657 0.05652105839987474 0.0

1745368177
0.9436993137866501 0.05380536494073612 0.0

1745368178
0.9484357805376513 0.050149347586857414 0.0

1745368179
0.9542910447761194 0.044620646766169156 0.0

1745368180
0.9563264673997213 0.043673532600278765 0.0

1745368181
0.9519472361809045 0.04758165829145729 0.0

1745368182
0.9373727884765931 0.059965555033662125 0.0

1745368183
0.9428526694848912 0.05511194614059809 0.0

1745368184
0.9542687685344154 0.043702200717964726 0.0

1745368185
0.9537065999374413 0.04535502033156084 0.0

1745368186
0.9520761785825789 0.046362784889166404 0.0

1745368187
0.9440537583997499 0.05469604625722769 0.0

1745368188
0.9465541490857946 0.05250820440693858 0.0

1745368189
0.94702090866216 0.0507781795315202 0.0

1745368190
0.9516855678110921 0.046139505981047074 0.0

1745368191
0.9587291699112288 0.04111509110730416 0.0

1745368192
0.943405124980349 0.05030655557302311 0.0

1745368193
0.9449898706560698 0.053919276920679444 0.0

1745368194
0.9447919924929622 0.05458242101970597 0.0

1745368195
0.9547158026233604 0.04325421611492817 0.0

1745368196
0.958411507191995 0.04065040650406504 0.0

1745368197
0.9559306141584623 0.043288013752148774 0.0

1745368198
0.9437763548336717 0.0545057004529127 0.0

1745368199
0.9358893777498428 0.059710873664362035 0.00015713387806411063

1745368200
0.9439688715953307 0.05260700389105059 0.0

1745368201
0.9545809271109724 0.044170438582800065 0.0

1745368202
0.9448500854435296 0.05219822898865931 0.0

1745368203
0.9402985074626866 0.05799129353233831 0.0

1745368205
0.9478583261023902 0.05135284373274434 0.0

1745368206
0.9508171206225681 0.04809338521400778 0.0

1745368207
0.9399782304462758 0.059710775929093456 0.0

1745368208
0.9360337816703159 0.06334063184235221 0.0

1745368209
0.9527005931938808 0.046050577583515453 0.0

1745368210
0.953117674636662 0.04688232536333802 0.0

1745368211
0.9389384687646782 0.05808673868795992 0.0

1745368212
0.9324953445065177 0.06238361266294227 0.0

1745368214
0.9513132105056841 0.04625637005096041 0.0

1745368215
0.9416172338432719 0.05713393693412426 0.0

1745368216
0.9362898188632105 0.06277326670830731 0.0

1745368217
0.9483891147951204 0.051454488583046604 0.0

1745368218
0.9554757069207936 0.043899390720199966 0.0

1745368219
0.9517058731889703 0.04673625175260944 0.0

1745368220
0.9594020456333595 0.04044059795436664 0.0

1745368221
0.9625252682320012 0.03700824133105271 0.00015549681231534753

1745368222
0.9434375 0.0559375 0.00015625

1745368223
0.9421085660495764 0.055695010982114844 0.0

1745368224
0.9596887159533074 0.0401556420233463 0.0

1745368225
0.9539814669389037 0.0450761740223025 0.0

1745368226
0.9548708372237784 0.0451291627762216 0.0

1745368227
0.958638988606212 0.040268456375838924 0.0

1745368228
0.96125 0.03859375 0.00015625

1745368229
0.9494145199063232 0.04839968774395004 0.0

1745368230
0.9430817610062893 0.05487421383647799 0.0

1745368231
0.9468764605078672 0.051409876927870385 0.00015578750584203146

1745368232
0.9565014031805426 0.04334268787028375 0.0

1745368233
0.9548296342607064 0.044388871522350735 0.00015629884338855892

1745368234
0.954112689246137 0.04573123146558452 0.0

1745368235
0.9470882905447714 0.05228553537883532 0.00015654351909830932

1745368236
0.9391195753980643 0.05588510771152045 0.00031220730565095225

1745368237
0.9584970916522559 0.04118849237541267 0.00015720798616569723

1745368238
0.9565485362095532 0.04329738058551618 0.0

1745368239
0.957111321349732 0.04083885209713024 0.0

1745368240
0.9611241217798595 0.03887587822014051 0.0

1745368241
0.9489142321512264 0.04921106077175441 0.0

1745368242
0.9420221909673386 0.05594624160025004 0.0001562744178777934

1745368243
0.9503222763716397 0.045590315988052195 0.0

1745368244
0.9539800995024875 0.04446517412935323 0.0

1745368245
0.9508350241922897 0.044170438582800065 0.00015607928827844546

1745368246
0.9587774294670847 0.04122257053291536 0.0

1745368247
0.9605796198192583 0.03942038018074166 0.0

1745368248
0.9576165154832655 0.04035032843290585 0.00015639662183296842

1745368249
0.9514227322747996 0.047791227794371956 0.00031441597233139445

1745368250
0.9534522885958107 0.04623739332816137 0.0

1745368251
0.9496796374433505 0.04907016721362713 0.0001562744178777934

1745368252
0.954112689246137 0.045887310753862966 0.0

1745368253
0.9545168397859616 0.041706011960969465 0.0

1745368254
0.9597325870646766 0.039956467661691544 0.0001554726368159204

1745368255
0.9561417199937569 0.0412049321055096 0.00015607928827844546

1745368256
0.9469234382339127 0.04994520118991702 0.0003131360576170346

1745368257
0.9505727286991997 0.046759767770280874 0.00015691197238349287

1745368258
0.89359375 0.044375 0.0003125

1745368259
0.7025801407349492 0.034245504300234555 0.0001563721657544957

1745368260
0.5193871169480926 0.02782989368355222 0.0

1745368261
0.4020683171419618 0.020683171419617674 0.0

1745368262
0.23748435544430538 0.014549436795994995 0.0

1745368263
0.29898516783762685 0.02263856362217018 0.000156128024980484

1745368264
0.49758228045546715 0.027608797379503978 0.0

1745368265
0.5541471048513302 0.02535211267605634 0.0

1745368266
0.6004346476249612 0.025768394908413535 0.0001552312946289972

1745368267
0.8179968701095461 0.04835680751173709 0.0

1745368268
0.9452782989368356 0.05409631019387117 0.00015634771732332708

1745368269
0.9538918412003751 0.044232572678962176 0.0

1745368270
0.9588548185231539 0.04114518147684606 0.0

1745368271
0.9636614535418583 0.03633854645814168 0.0

1745368273
0.9541823308270677 0.044799498746867165 0.00015664160401002505

1745368275
0.9555923647262975 0.043066729768102226 0.00015775358889414735

1745368276
0.9605528808821245 0.03789408293213232 0.0

1745368277
0.9530054644808743 0.04543325526932084 0.0

1745368278
0.94750656167979 0.04847923421337039 0.0001543924656476764

1745368280
0.9539105043011601 0.04530029200536659 7.892036934732854e-05

1745368281
0.9494573643410853 0.048992248062015506 0.0

1745368282
0.9543958627174424 0.04450713054380191 0.0

1745368283
0.9497816593886463 0.049282595134123516 0.0

1745368284
0.9479199249296215 0.05082890209571473 0.0

1745368285
0.9588785046728971 0.040809968847352024 0.00015576323987538941

1745368286
0.94392963719177 0.05088738809486414 0.00015705983979896342

1745368287
0.9427421850820179 0.05153203342618384 0.00030950170225936243

1745368289
0.9498862834287507 0.046976707709199275 0.00015685044310250176

1745368290
0.9551912568306011 0.04465261514441842 0.000156128024980484

1745368291
0.9583982549080711 0.04129012153318791 0.0003116235587410408

1745368292
0.9585427135678392 0.03988693467336683 0.0

1745368293
0.9584958651895772 0.040411920736464345 0.0

1745368294
0.9569139835122102 0.041841655000777724 0.00015554518587649713

1745368295
0.9556495847045917 0.043096693308258896 0.0

1745368296
0.9509375 0.0490625 0.0

1745368297
0.9518825183565068 0.0473363536947352 0.0

1745368298
0.9570245350836069 0.04188154399124863 0.0001562744178777934

1745368299
0.95140625 0.0478125 0.0003125

1745368300
0.956875 0.0428125 0.00015625

1745368301
0.942772028849169 0.05393540294763249 0.00015678896205707118

1745368302
0.9422118380062305 0.05700934579439252 0.00015576323987538941

1745368303
0.9572275991258196 0.04074305338744927 0.0

1745368304
0.955270566155771 0.043634657491398186 0.00015639662183296842

1745368305
0.9576653696498054 0.04171206225680934 0.0

1745368306
0.9485398579321231 0.047671665351223365 0.00015785319652722967

1745368307
0.953307392996109 0.0445136186770428 0.0001556420233463035

1745368308
0.9579045837231057 0.04193950732772061 0.00015590894917368256

1745368309
0.9578059071729957 0.0403187998124707 0.0

1745368310
0.9495233630254727 0.0498515393030161 0.0

1745368311
0.95875 0.04015625 0.00015625

1745368312
0.96265625 0.03609375 0.00015625

1745368313
0.9633156415860131 0.03574773649703403 0.00015610365282547612

1745368314
0.964078431372549 0.03576470588235294 0.00015686274509803922

1745368315
0.960741548527808 0.038791088954665834 0.0

1745368316
0.9490886235072281 0.04698302954116908 0.0

1745368317
0.959707529558183 0.03811449906658369 0.00015556938394523958

1745368318
0.9569909289959337 0.04222708789490147 0.00015639662183296842

1745368319
0.9495785201373712 0.048548236028723074 0.0

1745368320
0.956875 0.0415625 0.00015625

1745368321
0.9531689041523571 0.04620668123634093 0.0

1745368322
0.9546804188154399 0.0426629160806376 0.0

1745368323
0.9538051988725337 0.04337613529595991 0.0

1745368324
0.9558708872602526 0.041790113831280215 0.0

1745368325
0.9457218833098702 0.05302674800563116 0.0

1745368326
0.9562043795620438 0.043640316819381894 0.0

1745368327
0.9647909462433197 0.03520905375668029 0.0

1745368328
0.9630092086780084 0.03667863274543468 0.00015607928827844546

1745368329
0.9613700344072568 0.0386299655927432 0.0

1745368330
0.957682698313554 0.03872579637726421 0.0

1745368331
0.9579293087269315 0.03800437910541132 0.00015639662183296842

1745368332
0.95875 0.04046875 0.0

1745368333
0.95203125 0.0475 0.00015625

1745368334
0.9548093519535541 0.04377844029499451 0.00015691197238349287

1745368335
0.9538246268656716 0.04415422885572139 0.0

1745368336
0.9531446540880503 0.04481132075471698 0.00015723270440251572

1745368337
0.9542981501632208 0.04508005596144878 0.000310896937665164

1745368338
0.9556665625975648 0.04308460817983141 0.00015610365282547612

1745368339
0.9593305177537932 0.039730955732832786 0.00015642108556233381

1745368340
0.9514563106796117 0.046664578766050735 0.00015659254619480113

1745368341
0.9518616606948123 0.04471101417666303 0.0

1745368342
0.96046875 0.03828125 0.00015625

1745368343
0.9593813466645836 0.04046242774566474 0.0001562255897516013

1745368344
0.9562020960425466 0.0434850617863288 0.00015642108556233381

1745368345
0.9542115955618066 0.04125644631973746 0.0

1745368346
0.9597252575710271 0.03980643147049641 0.00015610365282547612

1745368347
0.95875 0.04109375 0.00015625

1745368348
0.9559306141584623 0.041412720737615254 0.0

1745368349
0.950632713638494 0.0479612560537416 0.0001562255897516013

1745368350
0.9518223056468011 0.04692632566870014 0.00031284217112466763

1745368351
0.9548164417947913 0.04361468465641669 0.0

1745368352
0.956149898927072 0.04229513294977453 0.00015549681231534753

1745368353
0.94614059808987 0.036323782683576014 0.0

1745368354
0.916274694261524 0.03606146127312637 0.0

1745368355
0.8003751758636861 0.034703767390964514 0.0001563232765358762

1745368356
0.6957746478873239 0.03192488262910798 0.00015649452269170578

1745368357
0.5525328330206379 0.024546591619762352 0.0

1745368358
0.5508991399530884 0.03017982799061767 0.0001563721657544957

1745368359
0.6714084727215882 0.033140534625605754 0.0001563232765358762

1745368360
0.7091988130563798 0.02920506012806497 0.00015617679212868969

1745368361
0.8351063829787234 0.04771589486858573 0.00046933667083854817

1745368362
0.9514201458947695 0.04671736768586062 0.0001552072016141549

1745368363
0.9626153605506023 0.03535116533708744 0.0

1745368364
0.9587048334115439 0.04113874550289379 0.00015642108556233381

1745368365
0.9579541888923753 0.040947599623470346 0.0

1745368366
0.9529064345663661 0.04491762511656823 0.00031084861672365556

1745368367
0.9664357197844495 0.03356428021555043 0.0

1745368369
0.9614687573871248 0.038058466629895205 0.0001575919943266882

1745368370
0.9637839525444896 0.036059943802684985 0.0

1745368371
0.9628589263420724 0.03698501872659176 0.00015605493133583021

1745368372
0.9693327169055325 0.03066728309446756 0.0

1745368374
0.9627265563435776 0.03601260835303389 7.880220646178094e-05

1745368375
0.9548660084626234 0.04231311706629055 0.0001567152483936687

1745368376
0.9538797133063259 0.045808663134933 0.0001558117793705204

1745368377
0.9310237688364145 0.06633524933975454 0.00015535187199005747

1745368378
0.9405490196078431 0.05552941176470588 0.00015686274509803922

1745368379
0.9590944574551132 0.040749414519906324 0.000156128024980484

1745368380
0.960900844541758 0.03878636221457617 0.00031279324366593683

1745368381
0.9605834885164494 0.038330229671011795 0.0

1745368382
0.950432730133753 0.04626278520849725 0.0

1745368383
0.962882096069869 0.03696194635059264 0.00015595757953836556

1745368384
0.960860751598316 0.0389833151411196 0.0

1745368385
0.9542319749216301 0.041536050156739814 0.0

1745368386
0.9508942579228115 0.04722309381863822 0.0

1745368387
0.9550457293442877 0.04076887304293908 0.0003100294527980158

1745368388
0.9587321512631414 0.03718813745488781 0.00015691197238349287

1745368389
0.9408568767463521 0.05324433405774604 0.0001552312946289972

1745368390
0.9295730266267528 0.06254923585946116 0.0

1745368391
0.9332499609191809 0.06268563389088636 0.0

1745368392
0.9306992787707745 0.06710567576042646 0.0

1745368393
0.9050672505473881 0.07006568658116985 0.0

1745368394
0.7758756086068792 0.07240458614732213 0.0

1745368395
0.5401069518716578 0.03806228373702422 0.00015728216420257942

1745368396
0.2513310366426558 0.014249921703726902 0.0

1745368397
0.16512900703674746 0.005785770132916341 0.0001563721657544957

1745368398
0.4447380693300171 0.041349292709466814 0.000310896937665164

1745368399
0.9387978142076503 0.0546448087431694 0.0

1745368400
0.9579556111284776 0.04095029696780244 0.0

1745368401
0.9487419909360838 0.04813252070636037 0.0001562744178777934

1745368402
0.9495706479313036 0.0468384074941452 0.0

1745368403
0.95234375 0.04625 0.00015625

1745368404
0.9548013762902722 0.04269627776040037 0.0

1745368405
0.9553543552919138 0.0418357789572276 0.00031220730565095225

1745368406
0.956351689612015 0.0434918648310388 0.0

1745368407
0.9549929676511955 0.0425066416627598 0.0001562744178777934

1745368408
0.9461995620894589 0.04973412574288395 0.00015639662183296842

1745368409
0.948581282332654 0.04749960808904217 0.0

1745368410
0.9574601188614326 0.04035032843290585 0.00031279324366593683

1745368411
0.9534016775396086 0.04535570052811432 0.0

1745368412
0.9518166224855762 0.046468111648214565 0.0001559332605644784

1745368413
0.9515925575528225 0.046988331756543676 0.0

1745368414
0.9483268482490272 0.0488715953307393 0.0

1745368415
0.9553781117895725 0.04368248003757633 0.0

1745368416
0.9564676616915423 0.043532338308457715 0.0

1745368417
0.9476497406068228 0.0507781795315202 0.0

1745368418
0.9499844672258465 0.04861758310034172 0.00015532774153463808

1745368419
0.9485374628499922 0.04864695760988581 0.0

1745368420
0.9545952716455299 0.04462188821042743 0.0

1745368421
0.955430886707184 0.043322424809100826 0.0

1745368422
0.9478125 0.04984375 0.0

1745368423
0.9504702194357367 0.04874608150470219 0.0

1745368424
0.9498432601880877 0.0493730407523511 0.0

1745368425
0.949443413729128 0.04885590599876314 0.0

1745368426
0.9444705882352942 0.051137254901960784 0.00015686274509803922

1745368427
0.9490545397718394 0.04797624628848258 0.0

1745368428
0.9569842014703582 0.04066948224620679 0.0

1745368429
0.9519472361809045 0.0471105527638191 0.0

1745368430
0.9548567870485679 0.04420921544209216 0.0

1745368431
0.9532027363184079 0.045553482587064674 0.0

1745368433
0.9537834873883754 0.045746514178286075 0.0

1745368434
0.957695910084296 0.04230408991570403 0.0

1745368435
0.9452033286230177 0.05149945046318103 0.0

1745368436
0.9470915841584159 0.05228960396039604 0.0001547029702970297

1745368437
0.9506832103031255 0.04413381498350872 0.0

1745368438
0.9619956208945887 0.03800437910541132 0.0

1745368439
0.9628415300546448 0.03700234192037471 0.000156128024980484

1745368440
0.9548013762902722 0.043478260869565216 0.00015639662183296842

1745368441
0.9425089829714107 0.055303858772066866 0.0001562255897516013

1745368442
0.9454772691766912 0.053429151695047646 0.0003124511795032026

1745368443
0.9509604872715914 0.04763392159925035 0.00015617679212868969

1745368444
0.9468235294117647 0.05254901960784314 0.00015686274509803922

1745368445
0.9419677772563742 0.05318316909119349 0.00015642108556233381

1745368446
0.945474372955289 0.05218881445708054 0.00015578750584203146

1745368447
0.9554130162703379 0.044430538172715896 0.00015644555694618273

1745368448
0.9477052763034655 0.049797065251326884 0.00031220730565095225

1745368449
0.9254385964912281 0.0706453634085213 0.0

1745368450
0.947352073303308 0.051716104985246154 0.00015530361857431278

1745368451
0.9521351478179259 0.0444235882997028 0.0

1745368452
0.9362337050416208 0.060310978482801945 0.00015705983979896342

1745368453
0.9422388292075354 0.052312003736571695 0.00015569048731122528

1745368454
0.9467650753768844 0.05040829145728643 0.0

1745368455
0.948262427925822 0.049555867227676485 0.0

1745368456
0.9393045638000621 0.05898789195901894 0.0

1745368457
0.9240368117298393 0.07471533302136953 0.0

1745368458
0.9252963194011229 0.07330006238303181 0.0

1745368459
0.9157961380183602 0.07723963279518835 0.0

1745368460
0.8179531520201226 0.08379185662631662 0.0

1745368461
0.4472527472527473 0.036577708006279436 0.00015698587127158556

1745368462
0.09019730660820545 0.005950516755402443 0.0

1745368463
0.06007782101167315 0.0029571984435797665 0.0

1745368464
0.045625587958607716 0.0020382565067419253 0.0

1745368465
0.045270690728064715 0.0023335407591785935 0.0

1745368466
0.04563213002031567 0.0017190185966557275 0.0

1745368467
0.045639262269459205 0.001875586120662707 0.0

1745368468
0.03126472898664572 0.0032992930086410055 0.0

1745368469
0.05820685338757628 0.005319981223595682 0.00015647003598810827

1745368470
0.7872076815858758 0.06535542821743844 0.0003097413659594239

1745368471
0.9507759836965042 0.046402257407117106 0.0

1745368472
0.9522480620155038 0.043410852713178294 0.0

1745368473
0.9580650227736768 0.040207318988534635 0.0

1745368474
0.5276676708419217 0.032979229427620105 0.00015855398763278897

1745368475
0.16786159600997505 0.008260598503740649 0.0

1745368476
0.0871473354231975 0.003918495297805642 0.0

1745368477
0.0385576022478926 0.0029659694036840464 0.0

1745368478
0.01537983532701569 0.0010874631039304024 0.0

1745368479
0.015324472243940578 0.0009382329945269742 0.0

1745368480
0.015317286652078774 0.0007814942169427947 0.0

1745368481
0.015473585495467334 0.0007814942169427947 0.0

1745368482
0.01546633338540853 0.0009373535385096079 0.0

1745368483
0.015625 0.00046875 0.0

1745368484
0.01562988433885589 0.0009377930603313535 0.0

1745368485
0.01562744178777934 0.0006250976715111736 0.0

1745368486
0.01562744178777934 0.00046882325363338024 0.0

1745368487
0.01546875 0.00078125 0.0

1745368488
0.0911515531848133 0.009727016002510198 0.0

1745368489
0.19582489484343354 0.008256737809627667 0.0

1745368490
0.8561173533083646 0.06725967540574282 0.00031210986267166043

1745368491
0.9613489374807515 0.03865106251924854 0.0

1745368493
0.9474432940804552 0.04986959614320714 0.00015806528096103692

1745368494
0.9541440743609605 0.04275755228505035 0.00015491866769945777

1745368495
0.9609069585613761 0.03815480844409695 0.0001563721657544957

1745368496
0.9533605527638191 0.04302763819095477 0.0

1745368497
0.9647131975750038 0.035131353956163534 0.000155448468832582

1745368498
0.96171802054155 0.03812636165577342 0.0001556178026766262

1745368499
0.9637476459510358 0.034996861268047706 0.00015693659761456373

1745368500
0.9608179831408055 0.03652825476116141 0.00015610365282547612

1745368501
0.9525 0.0459375 0.0003125

1745368502
0.9562020960425466 0.04364148287189113 0.00015642108556233381

1745368503
0.943125 0.05546875 0.00015625

1745368504
0.9474921630094044 0.05078369905956113 0.00015673981191222572

1745368505
0.9505058365758755 0.047782101167315176 0.0001556420233463035

1745368506
0.9460891243377999 0.05110626363353069 0.0001558117793705204

1745368507
0.9565898761949537 0.04168625607271587 0.0001567152483936687

1745368508
0.9613700344072568 0.03784798248357835 0.00015639662183296842

1745368509
0.9529614002187842 0.043288013752148774 0.0001562744178777934

1745368510
0.9574534647270452 0.04020021898951979 0.0

1745368511
0.9573903542999844 0.038863742781332915 0.00015607928827844546

1745368512
0.9531961677399089 0.043034396104915974 0.00015705983979896342

1745368513
0.9507075104960349 0.04664904369460426 0.00015549681231534753

1745368514
0.9520901831845937 0.04744011272898074 0.0001565680288085173

1745368515
0.9534447742540229 0.045930323386970784 0.0001562255897516013

1745368516
0.9536619499300264 0.0441610946975587 0.00015549681231534753

1745368517
0.9483354271356784 0.050094221105527637 0.0

1745368518
0.9582098861687198 0.04054264774676439 0.0001559332605644784

1745368519
0.9530128004995317 0.04448954105526069 0.00015610365282547612

1745368520
0.9574401502112345 0.0416210295728368 0.00015647003598810827

1745368521
0.9487099296325254 0.04910086004691165 0.0003127443315089914

1745368522
0.9608947286094166 0.03894885030502112 0.00015642108556233381

1745368523
0.9558045440398382 0.043728602552131964 0.0003112356053532524

1745368524
0.9504145158767402 0.04645706241201314 0.00015642108556233381

1745368525
0.9553055164869511 0.04438193467729333 0.0001562744178777934

1745368526
0.9659747151552989 0.03402528484470111 0.0

1745368527
0.9593305177537932 0.04020021898951979 0.0004692632566870014

1745368528
0.9576032540675845 0.04145807259073842 0.00031289111389236547

1745368529
0.9606741573033708 0.03901373283395755 0.00015605493133583021

1745368530
0.9593686513517737 0.0403187998124707 0.0001562744178777934

1745368531
0.9631407774508286 0.03577512776831346 0.00015487068297971194

1745368532
0.9581358609794629 0.04028436018957346 0.0001579778830963665

1745368533
0.9530211713800031 0.04651522175861536 0.0003090712409210323

1745368534
0.9597855227882037 0.039899069547390004 0.00031540766440624505

1745368535
0.9556673479012734 0.04307498820940104 0.00031441597233139445

1745368536
0.9536505968066966 0.04402418229731825 0.0001550147263990079

1745368537
0.9517770471269766 0.04712697667136371 0.0003131360576170346

1745368538
0.9551071484436102 0.044580009385265136 0.00015642108556233381

1745368539
0.9606495940037476 0.03825733916302311 0.0001561524047470331

1745368540
0.9631019387116948 0.036585365853658534 0.00015634771732332708

1745368541
0.96578125 0.03390625 0.0003125

1745368542
0.9653503980021851 0.03418136413297956 0.0003121585765568909

1745368543
0.9596370463078848 0.039424280350438046 0.00015644555694618273

1745368544
0.9477032898820609 0.051520794537554315 0.00015518311607697082

1745368545
0.9499527856468366 0.04863078375826251 0.00015738117721120554

1745368546
0.9519200749297534 0.04667499219481736 0.00015610365282547612

1745368547
0.9524783634933124 0.046420141620771044 0.0003147128245476003

1745368548
0.9470414660661594 0.0498524615623544 0.00015530361857431278

1745368549
0.9523958170750741 0.046043390042141405 0.00015607928827844546

1745368550
0.95265625 0.04484375 0.0003125

1745368551
0.952172553923101 0.04391997499218506 0.0

1745368552
0.9498585350518705 0.04574033322854448 0.0

1745368553
0.9600374648766781 0.03949422416484546 0.00015610365282547612

1745368554
0.9524253731343284 0.04679726368159204 0.0001554726368159204

1745368555
0.9483891147951204 0.04723177979355646 0.00015639662183296842

1745368556
0.9473272897780557 0.051891216005001566 0.00015629884338855892

1745368557
0.959731543624161 0.03995629779928204 0.00015607928827844546

1745368558
0.955057939242092 0.043689320388349516 0.00015659254619480113

1745368559
0.950580483213053 0.04628176968936304 0.00015688735487919673

1745368560
0.9517005746233888 0.04752290728373971 0.00015530361857431278

1745368561
0.9493670886075949 0.046569776527582436 0.0001562744178777934

1745368562
0.9545028142589118 0.0433083176985616 0.00015634771732332708

1745368563
0.9552915429107394 0.042988901047365954 0.0001563232765358762

1745368564
0.9617605743717809 0.037927267051662245 0.00015607928827844546

1745368565
0.9579145728643216 0.040515075376884424 0.000157035175879397

1745368566
0.9536186770428016 0.045447470817120625 0.0

1745368567
0.9539422326307572 0.04512099921935987 0.0

1745368568
0.95 0.0484375 0.00015625

1745368569
0.948378041172801 0.050530255770430445 0.00015595757953836556

1745368570
0.9565830721003135 0.04310344827586207 0.0

1745368571
0.9511471827688466 0.045887310753862966 0.00015607928827844546

1745368572
0.9530295913574448 0.04665727258493815 0.0

1745368573
0.9546092653252223 0.04273904227109655 0.00015598190609889253

1745368574
0.9533500313087038 0.046336881653099564 0.00015654351909830932

1745368575
0.95234375 0.04625 0.0

1745368576
0.9536258948023654 0.0457516339869281 0.0001556178026766262

1745368577
0.9489028213166144 0.048432601880877744 0.00015673981191222572

1745368578
0.9471792467573058 0.04907016721362713 0.0

1745368579
0.9473848555815769 0.04871194379391101 0.000156128024980484

1745368580
0.9600062490235901 0.038275269489142325 0.0001562255897516013

1745368581
0.9490841353616889 0.04827693262961813 0.0

1745368582
0.9517578432918178 0.0466656156392874 0.00015765410688948448

1745368583
0.9352055224348917 0.0625980545967995 0.0

1745368584
0.9425019425019425 0.055788655788655786 0.0

1745368585
0.9480681995933051 0.04989832629438448 0.00015642108556233381

1745368586
0.940352533836953 0.05555555555555555 0.00015738117721120554

1745368587
0.9421758104738155 0.05268079800498753 0.0

1745368588
0.9492346141830678 0.046860356138706656 0.0

1745368589
0.9604669260700389 0.038443579766536964 0.0

1745368590
0.9507151741293532 0.0480410447761194 0.0

1745368591
0.9493174329201318 0.04989800721795073 0.0

1745368592
0.9596559812353401 0.03846755277560594 0.0

1745368593
0.9640737269603249 0.03545766947828804 0.0

1745368594
0.9493987193503045 0.048570982352022486 0.0

1745368595
0.9417019275975552 0.05532048268296505 0.0

1745368596
0.9599189020586401 0.04008109794135995 0.0

1745368597
0.9650709496335569 0.034929050366443164 0.0

1745368598
0.9398907103825137 0.05792349726775956 0.0

1745368599
0.954858934169279 0.041536050156739814 0.0

1745368600
0.9612621055920025 0.03795688847235239 0.0

1745368601
0.9565964090554254 0.04277907884465262 0.0

1745368602
0.9525941939468808 0.047096973440395304 0.0

1745368603
0.9550194552529183 0.042801556420233464 0.0

1745368605
0.9545920378399685 0.04359479700433583 7.883326763894364e-05

1745368606
0.9508119925046846 0.04731417863835103 0.0

1745368607
0.9543821277925324 0.04155600687392595 0.0

1745368608
0.9585217526898487 0.04023078122563543 0.0001559332605644784

1745368609
0.9398932831136221 0.055398618957940994 0.0

1745368610
0.9131183469004384 0.0787413901064496 0.0

1745368611
0.8885109014999227 0.10128343899798979 0.0

1745368612
0.8891167192429023 0.10110410094637223 0.0001577287066246057

1745368613
0.8639723226922472 0.07689888347224406 0.0

1745368614
0.6997335840777308 0.04764143551167529 0.0

1745368615
0.5757907923582838 0.04306295020357031 0.0

1745368616
0.36496007515265383 0.02677313292625646 0.0

1745368617
0.20843128036357939 0.015201379094185865 0.0

1745368618
0.1797155805594624 0.013595874355368026 0.0

1745368619
0.38704630788485606 0.023153942428035045 0.00015644555694618273

1745368620
0.9271656593832326 0.05268867193553386 0.0006198667286533395

1745368621
0.9535102874195068 0.04460499450290561 0.00031411967959792684

1745368622
0.9526848249027238 0.045447470817120625 0.0

1745368623
0.9445225816533833 0.05235192998906079 0.0001562744178777934

1745368624
0.9421884686918784 0.05517668939863608 0.0

1745368625
0.9625333124314156 0.0365261012697915 0.0

1745368626
0.9468034727703236 0.050513022888713496 0.00015785319652722967

1745368627
0.9497674418604651 0.04883720930232558 0.0001550387596899225

1745368628
0.9433374844333748 0.052303860523038606 0.0

1745368629
0.9469720740508315 0.05083150298085974 0.00031377470975839345

1745368630
0.9551724137931035 0.04231974921630094 0.00015673981191222572

1745368631
0.947228311932352 0.050735984967115566 0.00015659254619480113

1745368632
0.9403426791277258 0.055763239875389406 0.00015576323987538941

1745368633
0.9587048334115439 0.04082590333176912 0.00015642108556233381

1745368634
0.9572275991258196 0.04121136434592569 0.0

1745368635
0.9516331658291457 0.04334170854271357 0.000157035175879397

1745368636
0.9512764632627646 0.04825653798256538 0.00015566625155666251

1745368637
0.9595959595959596 0.04024864024864025 0.0001554001554001554

1745368638
0.9586530931871574 0.04072043852779953 0.00031323414252153485

1745368639
0.9565898761949537 0.04215640181789688 0.0001567152483936687

1745368640
0.9575331772053084 0.04215456674473068 0.000156128024980484

1745368641
0.95765625 0.040625 0.0

1745368642
0.9616412513755699 0.03788712466593303 0.00031441597233139445

1745368643
0.9519589552238806 0.046019900497512436 0.0001554726368159204

1745368644
0.9508865526439667 0.04597520790836341 0.00015691197238349287

1745368645
0.9510793601490914 0.047367603665165396 0.00015530361857431278

1745368646
0.9468568741182003 0.051575482050478134 0.0

1745368647
0.9461358313817331 0.05183450429352069 0.000156128024980484

1745368648
0.946875 0.05015625 0.00015625

1745368649
0.9563175199624236 0.04336934397995929 0.0003131360576170346

1745368650
0.957463384231848 0.04222499220941103 0.0001558117793705204

1745368651
0.9543678699796844 0.04000625097671511 0.0001562744178777934

1745368652
0.9603125 0.03859375 0.00015625

1745368653
0.9539134510232776 0.04452429307920638 0.0001562255897516013

1745368654
0.9577729121050985 0.041757898029402565 0.00031279324366593683

1745368655
0.9595628415300547 0.03871975019516003 0.000156128024980484

1745368656
0.9540625 0.0446875 0.0003125

1745368657
0.9513606506099468 0.048326556146387235 0.00015639662183296842

1745368658
0.9476990733469451 0.04837443065808073 0.00015705983979896342

1745368659
0.9512423816221285 0.04547585560243788 0.0001562744178777934

1745368660
0.9547644955697187 0.044147365148453285 0.000155448468832582

1745368661
0.9563318777292577 0.043044291952588895 0.00031191515907673113

1745368662
0.9507939003301368 0.04826285175286905 0.00015720798616569723

1745368663
0.944954128440367 0.0533354066241642 0.0

1745368664
0.9571870170015456 0.04265842349304482 0.0001545595054095827

1745368666
0.9445536767597326 0.052536374360990956 0.00015729453401494299

1745368667
0.9533686837180287 0.043512164691203996 0.0

1745368668
0.9595249257696515 0.040162525394592904 0.0

1745368669
0.9551302165045498 0.042987135236899905 0.00015688735487919673

1745368670
0.9468847352024922 0.0515576323987539 0.0

1745368671
0.9523883858882298 0.04698719950046831 0.0

1745368672
0.9521351478179259 0.04379790395745346 0.0

1745368673
0.9442132840191093 0.0545538603791031 0.0

1745368675
0.9482554934236433 0.049539261242813264 0.0

1745368676
0.9544603867747973 0.04398003742981909 0.0

1745368677
0.9505228656157327 0.04885281723115342 0.0

1745368678
0.9484762802387685 0.05026704366949419 0.0

1745368679
0.9511249030256013 0.047633824670287046 0.0

1745368680
0.9512462768459006 0.04749960808904217 0.0

1745368681
0.9558364544319601 0.04322721598002497 0.0

1745368682
0.9534664360949536 0.04307498820940104 0.0

1745368683
0.9549479571228834 0.042721764797265804 0.0

1745368684
0.9552423726188632 0.04305404986835992 0.0

1745368685
0.9531176006314128 0.04293606945540647 0.0

1745368686
0.95671875 0.04015625 0.0

1745368687
0.9577025128765413 0.04214140783518027 0.0

1745368688
0.9536486063263389 0.045098653304102725 0.0

1745368689
0.9584829093179336 0.0412049321055096 0.0

1745368690
0.9562431629942179 0.0425066416627598 0.0

1745368691
0.95640625 0.04296875 0.0

1745368692
0.9524556723678017 0.04487682410167896 0.0

1745368693
0.90484375 0.0478125 0.0

1745368694
0.7353263421505712 0.03599937392393176 0.0

1745368695
0.6211694809255784 0.02736085053158224 0.0

1745368696
0.5270481550969356 0.024546591619762352 0.0

1745368697
0.40636263908478293 0.02037298229117693 0.0

1745368698
0.4410296411856474 0.02449297971918877 0.0

1745368699
0.6515695767608933 0.03451507106044042 0.0

1745368700
0.8844956413449564 0.05183686176836862 0.0

1745368701
0.9467225846536191 0.049704877291084186 0.0

1745368702
0.9564740879912322 0.04274307186472522 0.0

1745368703
0.9468135326514555 0.04956726986624705 0.0

1745368704
0.9563727017762543 0.04347148644437519 0.0

1745368705
0.9544597989949749 0.04459798994974874 0.0

1745368706
0.9546151487273843 0.044924869671879794 0.0

1745368708
0.9489844119036372 0.048889938592347665 0.0001574555188159345

1745368709
0.9521875 0.04765625 0.00015625

1745368710
0.9476064244503353 0.0491189770778107 0.0

1745368711
0.9501484606969839 0.04844506954211596 0.0

1745368712
0.9542319749216301 0.042789968652037616 0.0

1745368713
0.9548286604361371 0.042834890965732085 0.0

1745368714
0.95546875 0.04296875 0.0

1745368715
0.9522990303409447 0.045042227087894904 0.00015639662183296842

1745368716
0.9354737173434057 0.06011960969468052 0.00015738117721120554

1745368717
0.9403100775193799 0.05550387596899225 0.0

1745368718
0.9572663000785546 0.042105263157894736 0.0

1745368719
0.9525070071628776 0.04515727187791965 0.00015571473061351605

1745368720
0.952933793536241 0.04424223407593348 0.00015688735487919673

1745368721
0.9510185041206656 0.04431659150987405 0.00015549681231534753

1745368722
0.9544264819091609 0.043725943033102385 0.0

1745368724
0.9595768198326228 0.03947576188220433 0.00023685457129322596

1745368725
0.9579519006982157 0.03832428238944918 0.0001551590380139643

1745368726
0.9579621815908735 0.038912330051570555 0.0001562744178777934

1745368727
0.9549309045226131 0.04271356783919598 0.000157035175879397

1745368728
0.9530741830571473 0.04506736874709617 0.00015487068297971194

1745368729
0.9510434646163503 0.04770123960458183 0.00015691197238349287

1745368730
0.9390282131661442 0.056896551724137934 0.00015673981191222572

1745368731
0.9510827231656022 0.04829412681102976 0.00015578750584203146

1745368732
0.9529393370856786 0.04409005628517824 0.00015634771732332708

1745368733
0.9505941213258287 0.047217010631644775 0.00015634771732332708

1745368734
0.9495929868503444 0.04899812147777082 0.0

1745368735
0.949011609664261 0.04941951678694697 0.00015688735487919673

1745368736
0.9498829039812646 0.048243559718969556 0.000156128024980484

1745368737
0.9552839238743618 0.043632987776574345 0.0

1745368738
0.952208772205628 0.0451186920295551 0.00015720798616569723

1745368739
0.9585817383118921 0.040947599623470346 0.00031377470975839345

1745368740
0.9522699004975125 0.04617537313432836 0.0003109452736318408

1745368741
0.9519275792102389 0.046823786483533636 0.00015607928827844546

1745368742
0.9591677096370463 0.0380162703379224 0.00031289111389236547

1745368743
0.9550156739811912 0.0445141065830721 0.0

1745368744
0.9567106283941039 0.040806826997672616 0.0003103180760279286

1745368745
0.9542248001254116 0.04530490672519204 0.00015676438313215238

1745368746
0.94916575705598 0.04943084359893966 0.0001559332605644784

1745368747
0.9611346183983701 0.038551951104842504 0.0001567152483936687

1745368748
0.9595691539182016 0.04011863877614736 0.00031220730565095225

1745368749
0.9502580947911778 0.04833411543876114 0.00015642108556233381

1745368750
0.9489541055260693 0.049640961598501405 0.00031220730565095225

1745368751
0.9511966213045518 0.04630064132645081 0.00015642108556233381

1745368752
0.9572275991258196 0.04152357165157665 0.00031220730565095225

1745368753
0.9488503050211169 0.04895979978101048 0.0

1745368754
0.95609375 0.043125 0.00015625

1745368755
0.9598005609224057 0.03879713306325958 0.0001558117793705204

1745368756
0.9642296830875432 0.034828992783181675 0.00015688735487919673

1745368757
0.9657267487147531 0.0331827387443527 0.00015578750584203146

1745368758
0.964347146207975 0.03534010946051603 0.0003127443315089914

1745368759
0.9671155652990918 0.03147510178515503 0.00031318509238960227

1745368760
0.9616404179011383 0.036488382972087945 0.0001559332605644784

1745368761
0.9565489215379807 0.04266958424507659 0.00015629884338855892

1745368762
0.9599562020960426 0.03613327076489911 0.00031284217112466763

1745368763
0.908662900188324 0.03640929064657878 0.0

1745368764
0.7367762128325509 0.03129890453834116 0.0

1745368765
0.6156611441075336 0.022194435761175368 0.00015629884338855892

1745368766
0.5502736512900703 0.023768569194683346 0.0001563721657544957

1745368767
0.4799124589651399 0.017508206972018135 0.0

1745368768
0.4637998436278342 0.021266614542611414 0.0001563721657544957

1745368769
0.559324683445365 0.03360950445521338 0.0003126465530717524

1745368770
0.8595917095215833 0.047374162381175006 0.00015583606046439146

1745368771
0.9486098094345518 0.04795376444860981 0.0

1745368772
0.9422506633369752 0.053223037302949895 0.00015607928827844546

1745368773
0.9515951595159516 0.04636177903504636 0.0003143171460003143

1745368774
0.9563406356062943 0.0425794507867942 0.000154273372415921

1745368775
0.9551393042657013 0.04155517078545569 0.0

1745368776
0.9521501172791244 0.046442533229085224 0.0003127443315089914

1745368777
0.9483699890812666 0.050694119482140074 0.00015598190609889253

1745368778
0.95328125 0.044375 0.00015625

1745368779
0.9470146920912785 0.04814004376367615 0.0

1745368780
0.9515473585495468 0.047045951859956234 0.00015629884338855892

1745368781
0.9562226391494684 0.039868667917448405 0.00015634771732332708

1745368782
0.9564740879912322 0.04305620792234226 0.0001565680288085173

1745368783
0.956962420084204 0.041790113831280215 0.0001559332605644784

1745368784
0.9559787699032157 0.04339681548548236 0.00031220730565095225

1745368785
0.9503125 0.0478125 0.0003125

1745368786
0.9557328327858595 0.044267167214140465 0.0

1745368787
0.9538366527713448 0.04014204106839586 0.0001543924656476764

1745368788
0.9511848341232227 0.04344391785150079 0.0001579778830963665

1745368789
0.9515951595159516 0.047304730473047306 0.00015715857300015716

1745368790
0.9529907855692644 0.045291269717320004 0.00015617679212868969

1745368791
0.9591043383610636 0.04058466801430571 0.00015549681231534753

1745368792
0.954538353382284 0.043899390720199966 0.0003124511795032026

1745368793
0.9543250430157986 0.04504927264195214 0.00015642108556233381

1745368794
0.9487419909360838 0.051258009063916234 0.0

1745368795
0.955426962777604 0.04394745073506412 0.00015639662183296842

1745368796
0.9570714954729941 0.04230408991570403 0.00015610365282547612

1745368797
0.9570245350836069 0.04188154399124863 0.0001562744178777934

1745368798
0.9570781957234274 0.04182924925862338 0.00015607928827844546

1745368799
0.95625 0.0396875 0.0003125

1745368800
0.9632755117987185 0.03672448820128145 0.0

1745368801
0.9539729435546571 0.043850101072928006 0.0

1745368802
0.956501256281407 0.04287060301507538 0.000314070351758794

1745368803
0.9562431629942179 0.04313173933427098 0.0003125488357555868

1745368804
0.9543892533583255 0.04451733833177132 0.00031240237425804435

1745368805
0.9549309045226131 0.042085427135678394 0.000157035175879397

1745368806
0.9554624456859093 0.04422718808193669 0.00015518311607697082

1745368807
0.9470717193861572 0.05167554024428437 0.00015659254619480113

1745368808
0.9512042539881138 0.04723177979355646 0.00015639662183296842

1745368809
0.9584699453551913 0.040437158469945354 0.000156128024980484

1745368810
0.9490625 0.0459375 0.00015625

1745368811
0.9479524851516099 0.04939043451078462 0.00031259768677711783

1745368812
0.950625 0.0475 0.00015625

1745368813
0.9517036573929353 0.047045951859956234 0.0

1745368814
0.947906976744186 0.05007751937984496 0.0001550387596899225

1745368815
0.9511195206559445 0.04588457899716178 0.0001576789656259855

1745368816
0.9559416692522494 0.04343779087806392 0.00015513496742165683

1745368817
0.95 0.04481132075471698 0.00015723270440251572

1745368818
0.9425 0.055625 0.00015625

1745368819
0.9371187236039418 0.05928359142812451 0.00015642108556233381

1745368820
0.956440281030445 0.04324746291959407 0.0

1745368821
0.9560968042196711 0.04173130623642569 0.00031026993484331366

1745368822
0.956011271133375 0.04226675015654352 0.00015654351909830932

1745368823
0.9134827912851279 0.047047679191664034 0.00015787811809283233

1745368824
0.7092531705025834 0.035071238453107875 0.0001565680288085173

1745368825
0.49122807017543857 0.02662907268170426 0.0003132832080200501

1745368826
0.324108818011257 0.014853033145716073 0.00015634771732332708

1745368827
0.2213537595748007 0.010786306080975458 0.0001563232765358762

1745368828
0.18213112189015804 0.010170552339227038 0.00046941010796432484

1745368829
0.8318019000155739 0.06338576545709391 0.0003114779629341224

1745368830
0.9493080391851967 0.047115534131550306 0.00015549681231534753

1745368831
0.9593661750862881 0.03812362723564481 0.00015688735487919673

1745368832
0.9430261519302615 0.05152552926525529 0.0

1745368833
0.9455198251639089 0.050889790821105216 0.0

1745368834
0.9554199906147348 0.04113874550289379 0.00031284217112466763

1745368835
0.9548813079704449 0.04307498820940104 0.00015720798616569723

1745368836
0.9567119862478513 0.042037818409126425 0.0001562744178777934

1745368837
0.960098979276214 0.03835446953294154 0.00046396535725332506

1745368838
0.9430689165746727 0.05156915313042107 0.0

1745368839
0.9473848555815769 0.046370023419203744 0.0

1745368840
0.9524848107181804 0.04517837669418913 0.00015578750584203146

1745368841
0.9542687685344154 0.04401435929452162 0.0003121585765568909

1745368842
0.9618332551227905 0.036446112936023775 0.00015642108556233381

1745368843
0.9541757898029403 0.04426024397873006 0.00046918986549890525

1745368844
0.9562237108583892 0.04346471412992678 0.00015578750584203146

1745368845
0.9544387036167215 0.04274307186472522 0.0

1745368846
0.9614423977521074 0.03824539494224165 0.00015610365282547612

1745368847
0.950693131695022 0.04473850031505986 0.0

1745368848
0.9483320403413499 0.04934057408844065 0.0001551590380139643

1745368849
0.9599560301507538 0.03972989949748744 0.0

1745368850
0.956440281030445 0.040437158469945354 0.000156128024980484

1745368851
0.9539729435546571 0.04556056600839683 0.00015549681231534753

1745368852
0.9518298404754457 0.04738817641538943 0.00031279324366593683

1745368853
0.9476961394769614 0.05059153175591532 0.00015566625155666251

1745368854
0.9532035175879398 0.04569723618090452 0.000157035175879397

1745368855
0.9508247743541861 0.046996576408341116 0.0001556178026766262

1745368856
0.9513073430405511 0.04712697667136371 0.0001565680288085173

1745368857
0.9531004091910608 0.04406672961913755 0.00015738117721120554

1745368858
0.959117052697031 0.03948391108347583 0.000310896937665164

1745368859
0.9509865330410272 0.047604134043219545 0.0

1745368860
0.9575097276264591 0.04202334630350195 0.0001556420233463035

1745368861
0.967087050138419 0.03291294986158105 0.0

1745368863
0.958060701616082 0.0395743003547497 0.0002364998029168309

1745368864
0.9609326744904262 0.038758492896849905 0.00015441630636195183

1745368866
0.9626660378841468 0.036626581781026485 0.0002357934449422306

1745368867
0.9627377611474899 0.03617087620829436 0.0

1745368868
0.9637874274964728 0.03245022730835554 0.00015676438313215238

1745368869
0.9620808523973676 0.035725477906612346 0.00015669069257286117

1745368870
0.9649805447470817 0.03470817120622568 0.000311284046692607

1745368871
0.9628878839856542 0.03695618275378138 0.0001559332605644784

1745368872
0.9545170365739294 0.044232572678962176 0.00015629884338855892

1745368873
0.954915466499687 0.041953663118346904 0.00031308703819661864

1745368874
0.9510293200249532 0.04569557080474111 0.0

1745368875
0.950422270878949 0.0480137629027213 0.00031279324366593683

1745368876
0.9589791764521685 0.040394551432597466 0.0001565680288085173

1745368877
0.9487379245870988 0.050171392957307576 0.0003116235587410408

1745368878
0.9577729121050985 0.041757898029402565 0.00015639662183296842

1745368879
0.956868260665729 0.03953742772308173 0.0

1745368880
0.9595375722543352 0.04014997656616154 0.0003124511795032026

1745368881
0.9585419274092616 0.04020650813516896 0.00015644555694618273

1745368882
0.9537861046057767 0.04574551131928181 0.000156128024980484

1745368883
0.9597754911131899 0.04006859993763642 0.0

1745368884
0.9594510293200249 0.04023705552089832 0.00015595757953836556

1745368885
0.9594107506660398 0.04011910358877919 0.0001567152483936687

1745368886
0.9540625 0.044375 0.0003125

1745368887
0.963096168881939 0.0364347146207975 0.0001563721657544957

1745368888
0.960882491002973 0.03880456892505085 0.00031294007197621654

1745368889
0.960374414976599 0.039313572542901715 0.00015600624024960998

1745368890
0.9595438925335833 0.03936269915651359 0.00015620118712902218

1745368891
0.961875 0.03765625 0.00046875

1745368892
0.9563994374120957 0.04313173933427098 0.0003125488357555868

1745368893
0.9563585171281088 0.042546535272954794 0.0

1745368894
0.9425538557602248 0.05604121136434593 0.00015610365282547612

1745368895
0.945827462032253 0.049632065132299986 0.0001565680288085173

1745368896
0.9565625 0.043125 0.00015625

1745368897
0.9559375 0.04296875 0.0003125

1745368898
0.9495248481071819 0.0450225891883471 0.00015578750584203146

1745368899
0.955057939242092 0.043532727842154714 0.00015659254619480113

1745368900
0.9620371816903609 0.03780659271988752 0.0001562255897516013

1745368901
0.9588955130216504 0.0384374019454032 0.00015688735487919673

1745368902
0.9499766245909304 0.04862085086489014 0.0

1745368903
0.9581242158092849 0.04140526976160602 0.0003136762860727729

1745368904
0.9564947172156619 0.04288377874456184 0.0

1745368905
0.9520462355513902 0.046860356138706656 0.00031240237425804435

1745368906
0.9537239015269554 0.0442505453412278 0.0001558117793705204

1745368907
0.9524705882352941 0.04392156862745098 0.0

1745368908
0.957526545908807 0.04138038725796377 0.0001561524047470331

1745368909
0.9596496715670941 0.039881138567406944 0.00015639662183296842

1745368910
0.9581184560087513 0.041412720737615254 0.0001562744178777934

1745368911
0.9505245028965086 0.045404728354470014 0.0001565680288085173

1745368912
0.9515170472317798 0.04598060681889271 0.00015639662183296842

1745368913
0.9348575007829627 0.04008769182586909 0.00015659254619480113

1745368914
0.8385432947796186 0.03344795248515161 0.00015629884338855892

1745368915
0.70859375 0.0296875 0.0

1745368916
0.5897476093431573 0.029941997178241104 0.00015676438313215238

1745368917
0.39458444200970416 0.020973548286116764 0.0

1745368918
0.3081241228754093 0.02151878995789802 0.0001559332605644784

1745368919
0.6647904940587868 0.043777360850531584 0.00031269543464665416

1745368920
0.8987105794624826 0.04443063538915644 0.00015535187199005747

1745368921
0.9540122008446739 0.044267167214140465 0.0

1745368922
0.9429335010218519 0.0510925955038516 0.00015720798616569723

1745368923
0.9463678516228748 0.04837712519319938 0.0

1745368924
0.9593406593406594 0.040031397174254316 0.00015698587127158556

1745368925
0.960596546310832 0.03893249607535322 0.00015698587127158556

1745368926
0.9555002333903844 0.042943830714174576 0.00015559358954411078

1745368927
0.96066187948798 0.03808929128941617 0.00015610365282547612

1745368928
0.965436346574914 0.03425086018142008 0.00015639662183296842

1745368929
0.9583919912404192 0.04113874550289379 0.00015642108556233381

1745368930
0.9580146714530982 0.04136101139378805 0.0003121585765568909

1745368931
0.9571808095014847 0.041568995155493046 0.0001562744178777934

1745368932
0.9575634199812089 0.03852176636392108 0.00015659254619480113

1745368933
0.9568334112513636 0.04285491662770765 0.00015583606046439146

1745368934
0.9605263157894737 0.03790726817042606 0.0003132832080200501

1745368935
0.9596447491430352 0.03801807416640698 0.0001558117793705204

1745368936
0.9566231343283582 0.04057835820895522 0.0003109452736318408

1745368937
0.9560752093537683 0.042344762205719706 0.00015800284405119292

1745368938
0.9501320490911915 0.04443063538915644 0.00015535187199005747

1745368939
0.9596054485674025 0.0380460310004697 0.0003131360576170346

1745368940
0.9621082176828317 0.0346171838453142 0.0001559332605644784

1745368941
0.96078125 0.03796875 0.0003125

1745368942
0.9659268521412941 0.0323538605814317 0.0

1745368943
0.9613760750586395 0.036121970289288506 0.0001563721657544957

1745368944
0.9577354959451029 0.041016843418590146 0.00015595757953836556

1745368945
0.9566090179122916 0.04277331686226066 0.00015441630636195183

1745368946
0.9536172233655216 0.04527465569099256 0.00015830299192654741

1745368947
0.9445228020686413 0.05438019119260304 0.0003134304967873374

1745368948
0.9400468384074941 0.05651834504293521 0.000156128024980484

1745368949
0.9518166224855762 0.04600031186652113 0.0001559332605644784

1745368950
0.9576496327551179 0.04172526957337084 0.0001562744178777934

1745368951
0.9532475682459993 0.04518355820520866 0.0

1745368952
0.9536258948023654 0.043728602552131964 0.0001556178026766262

1745368953
0.9494822717288987 0.04847819265767179 0.0

1745368954
0.9485259709873655 0.047106535641865545 0.0

1745368955
0.9537617554858934 0.04341692789968652 0.0

1745368956
0.9566231343283582 0.04120024875621891 0.0

1745368957
0.949577200125274 0.049013466958972754 0.0

1745368958
0.9474011826953004 0.051509492685963276 0.0

1745368959
0.954282135587913 0.04509159229685298 0.0

1745368960
0.9413970932958274 0.057665260196905765 0.0001562744178777934

1745368961
0.9509942069829341 0.04806638484421481 0.0

1745368962
0.9544387036167215 0.04321277595115078 0.0

1745368963
0.9581388110799876 0.04186118892001245 0.0

1745368964
0.9532300954168622 0.04645706241201314 0.0

1745368965
0.9559375 0.0440625 0.0

1745368966
0.9572275991258196 0.04074305338744927 0.0

1745368967
0.9622611963670529 0.037112433448167864 0.0

1745368968
0.94916575705598 0.04927491033837517 0.0012474660845158273

1745368969
0.9544597989949749 0.043184673366834174 0.0

1745368970
0.9552032019704434 0.04079433497536946 0.0003078817733990148

1745368972
0.9499016909162407 0.048368069209594966 0.00023594180102241448

1745368973
0.95385095104459 0.045213595260367945 0.00015590894917368256

1745368974
0.9597189695550351 0.0399687743950039 0.000156128024980484

1745368975
0.9565217391304348 0.041445104785736625 0.00031279324366593683

1745368976
0.9542687685344154 0.04385828000624317 0.00015607928827844546

1745368977
0.9584186486060797 0.03984879508584029 0.00031501023783272954

1745368978
0.9426178660049628 0.052884615384615384 0.0

1745368979
0.9541627689429373 0.04552541315871531 0.0003118178983473651

1745368980
0.9539617914187285 0.04494206075790792 0.00015659254619480113

1745368981
0.959375 0.039375 0.0003125

1745368982
0.9606952709051049 0.03914813654870028 0.00015659254619480113

1745368983
0.9581176470588235 0.03984313725490196 0.00031372549019607844

1745368984
0.9578996426906944 0.03650768991766351 0.00015535187199005747

1745368985
0.9494303105977837 0.047448103636647414 0.00015607928827844546

1745368986
0.9516204790981682 0.046813840613746674 0.0001565680288085173

1745368987
0.9557160804020101 0.04396984924623116 0.000314070351758794

1745368988
0.9586764020506447 0.04116824607736523 0.0

1745368989
0.9588676884579294 0.04081951829840475 0.00031279324366593683

1745368990
0.9578651685393258 0.041822721598002495 0.00015605493133583021

1745368991
0.9531881804043546 0.046189735614307934 0.00046656298600311044

1745368992
0.9557160804020101 0.04396984924623116 0.000157035175879397

1745368993
0.9212264150943397 0.04323899371069182 0.0

1745368994
0.8120994216038768 0.0387681725808973 0.0

1745368995
0.6948092557848655 0.029080675422138838 0.00015634771732332708

1745368996
0.5363565285379203 0.03205629397967162 0.0001563721657544957

1745368997
0.3205389315368949 0.01723327588908037 0.0

1745368998
0.2650828383869959 0.01469209127852454 0.00031259768677711783

1745368999
0.4399875136569377 0.031684095520524425 0.0006243171531137818

1745369000
0.6054974230829299 0.031703888802124006 0.00015617679212868969

1745369001
0.7473783064642354 0.04147753952105181 0.0007825950853028644

1745369002
0.9137877373171491 0.05291005291005291 0.0001556178026766262

1745369003
0.9572209211553474 0.041686182669789226 0.0

1745369004
0.95875 0.0384375 0.0

1745369005
0.95125 0.0453125 0.0

1745369006
0.9497448585124478 0.04778104221431885 0.0003092624091541673

1745369008
0.9469359004461141 0.050246536745714956 0.00015653126712060735

1745369009
0.9510081915563957 0.04473850031505986 0.0

1745369010
0.9499691167387276 0.04817788758492897 0.00015441630636195183

1745369012
0.9522984886649875 0.045497481108312345 0.00015743073047858942

1745369013
0.9512347608627696 0.044857768052516414 0.0

1745369014
0.9571761055081458 0.04158262218774244 0.0001551590380139643

1745369015
0.954831602140384 0.041391249606547054 0.0003147623544224111

1745369016
0.9591454857321067 0.040386714486199904 0.0001559332605644784

1745369017
0.9554378311000311 0.04206918043004051 0.0

1745369018
0.9534992954438704 0.044935024268044466 0.0

1745369019
0.9538629965592743 0.045042227087894904 0.00015639662183296842

1745369020
0.9488459139114162 0.05021834061135371 0.00015595757953836556

1745369021
0.9383335948532873 0.05805742978189236 0.0

1745369022
0.9387533032799626 0.05751593346805534 0.0

1745369023
0.9567804572502349 0.0416536172878171 0.00031318509238960227

1745369024
0.9509164336750544 0.04675365020192607 0.00015532774153463808

1745369025
0.9563442211055276 0.04287060301507538 0.000314070351758794

1745369026
0.9528051258009064 0.04406938584153774 0.0

1745369027
0.949011609664261 0.04832130530279259 0.0

1745369028
0.9573607220666044 0.04108309990662932 0.0003112356053532524

1745369029
0.9588955130216504 0.04016316284907436 0.00015688735487919673

1745369030
0.955815768930523 0.041842310694769715 0.0

1745369031
0.9579439252336449 0.040498442367601244 0.00031152647975077883

1745369032
0.95046875 0.048125 0.00015625

1745369033
0.9550351288056206 0.04480874316939891 0.0

1745369034
0.94848437254594 0.051044447934663104 0.00015705983979896342

1745369035
0.9521284890067051 0.046935911429908 0.0003118665211289568

1745369036
0.9485973985268766 0.04732800501488795 0.0001567152483936687

1745369037
0.9494005916238518 0.04810836057916861 0.0

1745369038
0.957748674773932 0.04193950732772061 0.00015590894917368256

1745369039
0.9591740966682308 0.039574534647270454 0.00015642108556233381

1745369040
0.9594678217821783 0.039294554455445545 0.0001547029702970297

1745369041
0.9566105958182676 0.04291778022323534 0.00015720798616569723

1745369042
0.9578351164254248 0.04090623033354311 0.00015733165512901197

1745369043
0.9618617683686177 0.03782689912826899 0.00015566625155666251

1745369044
0.9583010385986669 0.04045884359014106 0.0001550147263990079

1745369045
0.9555835564655851 0.04142384627500394 0.00015750511891636477

1745369046
0.9667743424088602 0.032918012613444084 0.00030764497769573913

1745369048
0.9554556922106591 0.042888678650268054 0.0001576789656259855

1745369049
0.9586002187158257 0.041087330104671145 0.0001562255897516013

1745369050
0.9487984922255379 0.05088738809486414 0.00015705983979896342

1745369051
0.9533177205308353 0.04527712724434036 0.000156128024980484

1745369052
0.9619210444513522 0.03683556108175318 0.00015542430836182778

1745369053
0.9545667447306792 0.041998438719750196 0.000156128024980484

1745369054
0.9528125 0.0446875 0.0003125

1745369055
0.95828125 0.0403125 0.0

1745369056
0.9543607377305408 0.045014066895904974 0.00015629884338855892

1745369057
0.9516734438536127 0.04316546762589928 0.00015639662183296842

1745369058
0.9557743397405845 0.04235036724488201 0.0001562744178777934

1745369059
0.958638988606212 0.03980021851100359 0.0003121585765568909

1745369060
0.9623378652914518 0.03734958587279262 0.0003125488357555868

1745369061
0.9653125 0.034375 0.00015625

1745369062
0.9571941884080613 0.04155600687392595 0.0001562255897516013

1745369063
0.962181590873574 0.03656821378340366 0.0003125488357555868

1745369064
0.9675011662260924 0.03094386565075416 0.00015549681231534753

1745369065
0.9607041810751336 0.0383527192706696 0.00031436655139893113

1745369066
0.958008117389947 0.0418357789572276 0.00015610365282547612

1745369067
0.9605818864382919 0.03910527139058345 0.00015642108556233381

1745369068
0.9499529337935363 0.04769375588327581 0.00015688735487919673

1745369069
0.9643967661691543 0.03404850746268657 0.0001554726368159204

1745369070
0.9608579927978707 0.03773289494285267 0.0001565680288085173

1745369071
0.9458235753317721 0.05277127244340359 0.000156128024980484

1745369072
0.9503125 0.0471875 0.0003125

1745369073
0.9591391141609482 0.04023705552089832 0.00015595757953836556

1745369074
0.955022723711017 0.04466384579219558 0.0

1745369075
0.9567997504678727 0.04273237679351216 0.00031191515907673113

1745369076
0.9553055164869511 0.04235036724488201 0.0001562744178777934

1745369077
0.9564538785703137 0.042765724988294056 0.0003121585765568909

1745369078
0.9477553574221805 0.05114969497888315 0.0

1745369079
0.9393086188018145 0.05803222274362584 0.0

1745369080
0.9551071484436102 0.0434850617863288 0.00015642108556233381

1745369081
0.9499454233588024 0.049586776859504134 0.0003118665211289568

1745369082
0.9456165025785279 0.05360212533208314 0.0001562744178777934

1745369083
0.8974842767295598 0.04339622641509434 0.00015723270440251572

1745369084
0.7809568480300187 0.03470919324577861 0.00015634771732332708

1745369085
0.5845191555903049 0.028616106333072714 0.0001563721657544957

1745369086
0.41820456678135753 0.01861119799812324 0.0

1745369087
0.30252232492558356 0.015196616011279963 0.0

1745369088
0.32223784966401 0.02250351617440225 0.00046882325363338024

1745369089
0.6186716209939619 0.043195541105434276 0.0003096454559529339

1745369090
0.9448880538594019 0.0497886331611085 0.0001565680288085173

1745369091
0.9498903852176637 0.04713435640463514 0.00015659254619480113

1745369092
0.9481654957064793 0.05042935206869633 0.000156128024980484

1745369093
0.9521881326896122 0.043606914810777136 0.0001557389814670612

1745369094
0.9587321512631414 0.03907108112348972 0.00015691197238349287

1745369095
0.9631997505067831 0.036800249493216905 0.0

1745369096
0.9633974659784139 0.033474112310339435 0.00031284217112466763

1745369097
0.96285312938973 0.03527391915092867 0.00015607928827844546

1745369098
0.96390625 0.0359375 0.0

1745369099
0.9580188679245283 0.040880503144654086 0.00015723270440251572

1745369100
0.9570962226022074 0.041349292709466814 0.000155448468832582

1745369101
0.9518223056468011 0.047082746754262474 0.00015642108556233381

1745369102
0.9626854020296643 0.035441061670569866 0.0

1745369103
0.9567255116388065 0.040306202155913136 0.0001562255897516013

1745369104
0.9531077891424076 0.045633359559402044 0.00015735641227380016

1745369105
0.9575193798449613 0.04217054263565891 0.0001550387596899225

1745369106
0.952707975651631 0.04557515217730607 0.0003121585765568909

1745369107
0.951067477014181 0.047841670562568175 0.00015583606046439146

1745369108
0.9521643663739021 0.04720828105395232 0.0003136762860727729

1745369109
0.9472693032015066 0.0497489014438167 0.00015693659761456373

1745369110
0.9352416705771938 0.06084780228374785 0.00015642108556233381

1745369111
0.9534630350194553 0.0446692607003891 0.0001556420233463035

1745369112
0.9426741881384357 0.054581491080957466 0.00015246226558926666

1745369114
0.9491269841269842 0.04912698412698413 0.00015873015873015873

1745369115
0.9507687529119428 0.04752290728373971 0.00015530361857431278

1745369116
0.9538051988725337 0.043689320388349516 0.00015659254619480113

1745369117
0.9532564661888439 0.04487379245870988 0.0

1745369118
0.9574601188614326 0.04222708789490147 0.00015639662183296842

1745369119
0.9551982516390883 0.04402123009678426 0.00015610365282547612

1745369120
0.955 0.04328125 0.00015625

1745369121
0.9413341744204384 0.05614256426431162 0.00015770383220312253

1745369122
0.9286491528058448 0.06777553241100576 0.0

1745369123
0.9582747304266291 0.040943897483981875 0.0003125488357555868

1745369124
0.9431569057312872 0.05402442843720639 0.0

1745369125
0.944237340789065 0.052966759863311584 0.00015532774153463808

1745369126
0.9495233630254727 0.04860134395999375 0.0

1745369127
0.9426871280927028 0.0549639837143752 0.00015659254619480113

1745369128
0.9495706479313036 0.047306791569086654 0.000156128024980484

1745369129
0.9405245082734937 0.05650952232282235 0.00015610365282547612

1745369130
0.9443483728973432 0.052821883351674266 0.00015720798616569723

1745369131
0.9428660630658757 0.05260693100218545 0.0

1745369132
0.943040954024792 0.054919190334222504 0.0

1745369133
0.9372773733932167 0.059470342264209386 0.00015487068297971194

1745369134
0.9497888315344909 0.04927264195213515 0.00015642108556233381

1745369135
0.9525444895410553 0.04542616297221355 0.00015610365282547612

1745369136
0.9404523772888137 0.056162486536390215 0.0

1745369137
0.9426821608040201 0.05496231155778895 0.000157035175879397

1745369139
0.9423984891406988 0.056578533207428394 0.0

1745369140
0.95088868101029 0.04412223261615217 0.00015590894917368256

1745369141
0.9360565593087196 0.061115475255302434 0.0

1745369142
0.9270493078239228 0.06983978845854721 0.00015554518587649713

1745369143
0.9424157303370787 0.055867665418227214 0.00015605493133583021

1745369144
0.9477553574221805 0.050524010636633816 0.00031284217112466763

1745369145
0.9419294411489229 0.05588510771152045 0.0

1745369146
0.9478532396565184 0.05136612021857923 0.0

1745369147
0.9482297403619198 0.05003933910306845 0.0

1745369148
0.9376360808709175 0.05956454121306377 0.0

1745369149
0.9484263010283578 0.04814583982549081 0.0

1745369150
0.9378522229179712 0.061208515967438946 0.00015654351909830932

1745369151
0.942530535546508 0.05433761352959599 0.0

1745369152
0.9441148922884796 0.05369965657196379 0.0

1745369153
0.937714642522635 0.06056821729628473 0.0

1745369154
0.9478628464067638 0.05041490527634257 0.0

1745369155
0.9379493591747421 0.060487652391372305 0.0

1745369156
0.9514593413454034 0.0480724207897612 0.00015607928827844546

1745369157
0.938267765510807 0.05862229824288602 0.0

1745369158
0.8967954759660698 0.050581212692428525 0.0

1745369159
0.5553633217993079 0.0328719723183391 0.0

1745369160
0.03428839830906529 0.004697040864255519 0.0

1745369161
0.015248171775322856 0.0009335615372646647 0.0

1745369162
0.01474972540404833 0.001255295779067943 0.0

1745369163
0.04126934500547132 0.0032827888072534 0.0

1745369164
0.07952596288788398 0.004989864338063309 0.0

1745369165
0.22627052384675528 0.018295543393275996 0.0006254886630179827

1745369166
0.3727286845783507 0.018791737847491847 0.00015530361857431278

1745369167
0.4563335955940205 0.02738001573564123 0.0009441384736428009

1745369168
0.6481799718793938 0.03296359943758788 0.0001562255897516013

1745369169
0.8902894491129785 0.04964207905384376 0.0006224712107065049

1745369170
0.9614423977521074 0.03840149859506713 0.00015610365282547612

1745369171
0.9563789868667918 0.04221388367729831 0.00015634771732332708

1745369172
0.9602441696666145 0.03787760212865863 0.0

1745369173
0.9600748596381784 0.0375857766687461 0.00015595757953836556

1745369174
0.9577332498434565 0.04101440200375704 0.00031308703819661864

1745369175
0.9532273152478953 0.04599314000623636 0.00015590894917368256

1745369176
0.9496592317224287 0.04925650557620818 0.00015489467162329616

1745369177
0.9525461138262652 0.04650796153239792 0.00015765410688948448

1745369178
0.9502658742571161 0.0480137629027213 0.00015639662183296842

1745369179
0.9581184560087513 0.04063134864822628 0.0001562744178777934

1745369180
0.9566031845145176 0.04089915704027474 0.0

1745369181
0.9553781117895725 0.04415218412400188 0.0003131360576170346

1745369182
0.964597629444791 0.03524641297567062 0.00015595757953836556

1745369183
0.9585613760750586 0.03721657544956997 0.0003127443315089914

1745369184
0.9604625722769182 0.03938115330520394 0.0001562744178777934

1745369185
0.9532182103610675 0.044740973312401885 0.0003139717425431711

1745369186
0.9491367242183855 0.04728573650645512 0.00015554518587649713

1745369187
0.9544526464583006 0.04444793466310664 0.00015705983979896342

1745369188
0.9587997512437811 0.04057835820895522 0.0003109452736318408

1745369189
0.9540696766130292 0.04139978128417435 0.0001562255897516013

1745369190
0.9619837296620776 0.03723404255319149 0.00015644555694618273

1745369191
0.9584829093179336 0.04089277352895271 0.00015607928827844546

1745369192
0.9614363778298205 0.03856362217017955 0.0

1745369193
0.9519787267323635 0.047552010010949476 0.00015642108556233381

1745369194
0.9521875 0.04640625 0.0003125

1745369195
0.95125 0.0459375 0.00015625

1745369196
0.9565149382136712 0.042546535272954794 0.00031284217112466763

1745369197
0.9581110762472544 0.04079071226859115 0.0

1745369198
0.9540229885057471 0.04302578440509475 0.00031065548306927616

1745369199
0.9582421019705974 0.039724741945573974 0.00015639662183296842

1745369200
0.9640961598501405 0.035591632844208555 0.00015610365282547612

1745369201
0.9615263819095478 0.0364321608040201 0.0

1745369202
0.9600435323383084 0.03871268656716418 0.0001554726368159204

1745369203
0.9571116656269495 0.04164067373674361 0.00015595757953836556

1745369204
0.9623731459797034 0.03747072599531616 0.000156128024980484

1745369205
0.9598494353826851 0.03795483061480552 0.00015683814303638644

1745369206
0.9581576893052303 0.041530054644808745 0.000156128024980484

1745369207
0.9575767063243582 0.041953663118346904 0.00031308703819661864

1745369208
0.9521351478179259 0.045831378069763805 0.00015642108556233381

1745369209
0.9565898761949537 0.04168625607271587 0.0003134304967873374

1745369210
0.9523883858882298 0.04480174836091164 0.00015610365282547612

1745369211
0.9557976653696498 0.04217898832684825 0.0001556420233463035

1745369212
0.9635621171666405 0.035652583634364694 0.00015705983979896342

1745369213
0.9641248641093337 0.03463270694207175 0.00015530361857431278

1745369214
0.9568153266331658 0.04271356783919598 0.000157035175879397

1745369215
0.9572848710779746 0.042093817955886924 0.00015532774153463808

1745369216
0.9660517749186173 0.03379321035498372 0.0001550147263990079

1745369217
0.9581755050505051 0.040877525252525256 0.0003156565656565657

1745369218
0.9480174836091164 0.051670309085232596 0.00015610365282547612

1745369219
0.95140625 0.04609375 0.0003125

1745369220
0.95453125 0.0440625 0.0003125

1745369221
0.9496796374433505 0.04938271604938271 0.0001562744178777934

1745369222
0.9503424657534246 0.04934620174346202 0.00015566625155666251

1745369223
0.9546813532651456 0.043273013375295044 0.00015735641227380016

1745369224
0.9614427860696517 0.037468905472636815 0.0

1745369225
0.9539689995302959 0.04274307186472522 0.0001565680288085173

1745369226
0.9587838896724651 0.0410593950791412 0.0001567152483936687

1745369227
0.9604238080398878 0.0389529448426301 0.0

1745369228
0.9618809561006093 0.03780659271988752 0.0003124511795032026

1745369229
0.9571406225559206 0.04192085093070546 0.00015642108556233381

1745369230
0.9635173058933583 0.03632678515746804 0.0

1745369231
0.950267548001259 0.04611268492288322 0.0003147623544224111

1745369232
0.9553557587970857 0.04216400558053015 0.0001550147263990079

1745369233
0.9601818466844333 0.03683963003605581 0.0

1745369234
0.9594996090695856 0.03721657544956997 0.0001563721657544957

1745369235
0.9589383294301327 0.040905542544886805 0.000156128024980484

1745369236
0.9568064868236394 0.0389833151411196 0.0001559332605644784

1745369237
0.9542892924232936 0.043206011271133375 0.00031308703819661864

1745369238
0.9604996096799375 0.03950039032006245 0.0

1745369239
0.9614122793313544 0.038275269489142325 0.0003124511795032026

1745369240
0.9590625 0.040625 0.00015625

1745369241
0.9513910597061582 0.04626445764301344 0.00015629884338855892

1745369242
0.9540625 0.0446875 0.0003125

1745369243
0.95671875 0.0428125 0.00015625

1745369244
0.9587048334115439 0.040043797903957457 0.00015642108556233381

1745369245
0.9500156201187129 0.04982817869415808 0.0

1745369246
0.9525444895410553 0.04464564470808617 0.00015610365282547612

1745369247
0.9585029752583777 0.041027247103037894 0.00015659254619480113

1745369248
0.9556665625975648 0.04370902279113331 0.0

1745369249
0.9522844222672696 0.04553251208482769 0.0001559332605644784

1745369250
0.9497337926714688 0.04697776385844034 0.0

1745369251
0.9579818806622931 0.0415495157763199 0.00015620118712902218

1745369252
0.9579950031230481 0.04169269206745784 0.0001561524047470331

1745369253
0.9567119862478513 0.043288013752148774 0.0

1745369254
0.9558478158759981 0.04352591200876781 0.0

1745369255
0.9569340796019901 0.04182213930348259 0.0001554726368159204

1745369256
0.9577641701994034 0.040194693044433974 0.0

1745369257
0.9603434816549571 0.03965651834504293 0.0

1745369258
0.9573903542999844 0.04229748712345872 0.0

1745369259
0.9605386783589102 0.03946132164108988 0.0

1745369260
0.9573709502402729 0.04030382886374206 0.0

1745369261
0.950791412004388 0.04717128976649428 0.0004701457451810061

1745369262
0.956726986624705 0.04280094413847364 0.00047206923682140047

1745369263
0.953633110315855 0.042321456355998134 0.00015559358954411078

1745369264
0.9532127261384903 0.045539613225202745 0.00015595757953836556

1745369265
0.9528287102335057 0.043096693308258896 0.0001567152483936687

1745369266
0.956812179586764 0.04303246854124592 0.00015535187199005747

1745369267
0.9593215014920685 0.03942201978953982 0.0

1745369268
0.9607075767063243 0.03913587977457733 0.00015654351909830932

1745369269
0.9584639498432602 0.03934169278996865 0.00015673981191222572

1745369270
0.964863184079602 0.03513681592039801 0.0

1745369271
0.9617537313432836 0.037779850746268655 0.0001554726368159204

1745369272
0.9588567839195979 0.04082914572864322 0.000314070351758794

1745369273
0.9608552114447414 0.038830372582927215 0.00015720798616569723

1745369274
0.95203125 0.045625 0.00015625

1745369275
0.9566764660374439 0.04131208417143741 0.00030945381401825775

1745369276
0.9554020100502513 0.04412688442211055 0.000157035175879397

1745369277
0.9558708872602526 0.04350537969748947 0.0003118665211289568

1745369278
0.9468051621026126 0.045011016682404786 0.00015738117721120554

1745369279
0.8654477262072199 0.03875605563369276 0.0

1745369280
0.7646228634153991 0.037478438137055044 0.0

1745369281
0.6784550953932061 0.026058631921824105 0.0

1745369282
0.6142363293526084 0.028755499685732242 0.0

1745369283
0.5730811317805221 0.023761138033453182 0.0

1745369284
0.6155888784754764 0.029834426741643237 0.00031240237425804435

1745369285
0.6693788139571272 0.033953997809419496 0.00015647003598810827

1745369286
0.7245583867437861 0.03501641394403627 0.0003126465530717524

1745369287
0.7768582136164897 0.035446595877576516 0.0001561524047470331

1745369288
0.8141606752110034 0.0350109409190372 0.00031259768677711783

1745369289
0.8854329477961863 0.03798061894341982 0.00031259768677711783

1745369290
0.9079956188389924 0.0320763573775622 0.0

1745369291
0.9545806851650906 0.03937374050534801 0.0003100294527980158

1745369292
0.9625450556339131 0.03510421564018179 0.0001567152483936687

1745369293
0.9575464335882629 0.041985328546901825 0.0

1745369294
0.9558053587927318 0.043886664613489376 0.0001539882968894364

1745369296
0.9563435776201734 0.04334121355397951 7.880220646178094e-05

1745369297
0.958216401621453 0.04100405363267851 0.0003118178983473651

1745369298
0.953125 0.045625 0.00015625

1745369299
0.9588998280981403 0.040162525394592904 0.0

1745369300
0.9603125 0.03953125 0.00015625

1745369301
0.9518943562332967 0.04716239584970917 0.00015720798616569723

1745369302
0.9583333333333334 0.04120024875621891 0.0001554726368159204

1745369303
0.9571941884080613 0.04202468364318075 0.0003124511795032026

1745369304
0.9559237261644263 0.0437636761487965 0.00015629884338855892

1745369305
0.95890625 0.0396875 0.0

1745369306
0.9606680193538317 0.038863742781332915 0.00015607928827844546

1745369307
0.9609375 0.03859375 0.00015625

1745369308
0.9604254653527295 0.039418113561708115 0.00015642108556233381

1745369309
0.9570494864612512 0.041705571117335825 0.0001556178026766262

1745369310
0.9575235109717868 0.04122257053291536 0.0

1745369311
0.9630903972474194 0.036753206130747576 0.00015639662183296842

1745369312
0.9570714954729941 0.04074305338744927 0.00015610365282547612

1745369313
0.9569842014703582 0.042702956358517126 0.00015642108556233381

1745369314
0.9640727957326639 0.034828992783181675 0.00015688735487919673

1745369315
0.9546658357999689 0.038946876460507866 0.00015578750584203146

1745369316
0.9617546050577583 0.03777708398376522 0.00015610365282547612

1745369317
0.9569842014703582 0.03926169247614578 0.0

1745369318
0.9560336763330215 0.04147178048019956 0.00015590894917368256

1745369319
0.955625 0.0421875 0.00015625

1745369320
0.9538629965592743 0.04519862370972787 0.00015639662183296842

1745369321
0.9555520898315658 0.0421085464753587 0.00015595757953836556

1745369322
0.9538629965592743 0.04300907100406631 0.00015639662183296842

1745369323
0.9601500234411627 0.039693702140959526 0.0

1745369324
0.9582747304266291 0.040787623066104076 0.0003125488357555868

1745369325
0.955026455026455 0.04341736694677871 0.0001556178026766262

1745369326
0.9615263323872595 0.0380006307158625 0.000315357931251971

1745369327
0.9555762659210935 0.042715128922025475 0.00015532774153463808

1745369328
0.9623824451410659 0.03746081504702194 0.00015673981191222572

1745369329
0.96285312938973 0.036990791321991574 0.00015607928827844546

1745369330
0.95921875 0.04046875 0.0003125

1745369331
0.9665938182953481 0.033250078051826414 0.00015610365282547612

1745369332
0.95921875 0.0384375 0.00015625

1745369333
0.9416758371325263 0.042288948278572554 0.00015720798616569723

1745369334
0.8908665105386416 0.03294301327088212 0.0

1745369335
0.8297373358348968 0.03330206378986867 0.0

1745369336
0.8013141426783479 0.030193992490613268 0.0

1745369337
0.7090823823667344 0.03376582773174926 0.0

1745369338
0.6486951086107204 0.02750429754649164 0.0001562744178777934

1745369339
0.7084766969033469 0.039568345323741004 0.0006255864873318737

1745369340
0.787869313740816 0.0387681725808973 0.0001563232765358762

1745369341
0.8336717163829455 0.04107449632984538 0.00031235358425737937

1745369342
0.8915286026883401 0.037355423569865584 0.00031259768677711783

1745369343
0.9118612283169245 0.035161744022503515 0.0001562744178777934

1745369344
0.9337396468198156 0.035943116111892486 0.0001562744178777934

1745369345
0.9469920721280896 0.04181563811596456 0.000155448468832582

1745369346
0.9515549304578841 0.0473511486169714 0.0001562744178777934

1745369347
0.9596356211716665 0.03785142139155018 0.00015705983979896342

1745369348
0.9623756218905473 0.03544776119402985 0.0001554726368159204

1745369349
0.9660430749882094 0.03348530105329351 0.00015720798616569723

1745369350
0.9621822690638562 0.037197768133911964 0.00015499070055796651

1745369351
0.9631619339984651 0.03254029163468918 0.0

1745369353
0.9663480527687811 0.03341496168733707 0.00015799036258788213

1745369354
0.9662816109896971 0.03371838901030284 0.0

1745369355
0.960625 0.038125 0.0003125

1745369356
0.9531861593862533 0.04509159229685298 0.0001565680288085173

1745369357
0.9606925596630791 0.038995476524723134 0.00015598190609889253

1745369358
0.9589126698953289 0.038743946258397124 0.0001562255897516013

1745369359
0.9563727017762543 0.043159862885634157 0.0001558117793705204

1745369360
0.9528287102335057 0.043253408556652564 0.0

1745369361
0.9504054897067997 0.04881472239550842 0.0004678727386150967

1745369362
0.9566849100860046 0.04222048475371384 0.0001563721657544957

1745369363
0.9468283582089553 0.052083333333333336 0.0001554726368159204

1745369364
0.9539308176100629 0.04433962264150943 0.00015723270440251572

1745369365
0.956875 0.04265625 0.00015625

1745369366
0.95296875 0.04390625 0.00015625

1745369367
0.9597189695550351 0.03918813427010148 0.0

1745369368
0.95984375 0.04 0.00015625

1745369369
0.9618320610687023 0.03816793893129771 0.0

1745369370
0.9606644726531891 0.0380818053596615 0.0003134304967873374

1745369371
0.9578980196475908 0.04085451426789334 0.0001559332605644784

1745369372
0.9560043839048067 0.04383904806638485 0.0

1745369373
0.9628066885450852 0.03719331145491483 0.0

1745369374
0.9587112918360964 0.038160775727244294 0.00015639662183296842

1745369375
0.9603062978590404 0.03766213470854821 0.0

1745369376
0.9540426857766007 0.04548995170587319 0.0003115750116840629

1745369377
0.9587271581600504 0.04017013232514178 0.0001575299306868305

1745369378
0.9527950310559006 0.04580745341614907 0.00031055900621118014

1745369379
0.9548296342607064 0.04282588308846515 0.0

1745369380
0.9517262927667552 0.04499296984846118 0.0001562255897516013

1745369381
0.9534591194968554 0.04622641509433962 0.00015723270440251572

1745369382
0.9598506069094305 0.03983815748521631 0.0001556178026766262

1745369383
0.960237018556058 0.03945111492281304 0.0001559332605644784

1745369384
0.9552309142318567 0.043355325164938736 0.00015708451146716933

1745369385
0.9468366236592569 0.048499922275765585 0.000310896937665164

1745369386
0.955625 0.04109375 0.00015625

1745369387
0.9578832002505089 0.041647095663065604 0.0001565680288085173

1745369388
0.9535391331462426 0.045057686311194264 0.00015590894917368256

1745369389
0.9551039697542533 0.0444234404536862 0.0001575299306868305

1745369390
0.9572159355138739 0.04262904975972717 0.0

1745369391
0.9532724740832431 0.045334983753674764 0.00015472690700912888

1745369392
0.9600314712824548 0.038867033831628636 0.00015735641227380016

1745369393
0.9661123313460935 0.0337307812990273 0.00015688735487919673

1745369394
0.9615264310290897 0.03831717234907726 0.00015639662183296842

1745369395
0.9634717452388386 0.036372151108335936 0.00015610365282547612

1745369396
0.9601298099211868 0.039870190078813164 0.0

1745369398
0.9620741207018648 0.036273506963569124 7.868439688409789e-05

1745369399
0.9282027217268888 0.03363053339590177 0.0

1745369400
0.8750781738586617 0.03689806128830519 0.0

1745369401
0.8146295717411691 0.02875898718349484 0.00015629884338855892

1745369402
0.7922403003754693 0.028316645807259073 0.0

1745369403
0.7478505549476318 0.028919806159137095 0.0

1745369404
0.802405498281787 0.0471727585129647 0.00046860356138706655

1745369405
0.8999687402313223 0.04188809002813379 0.00031259768677711783

1745369406
0.945429104477612 0.04477611940298507 0.0001554726368159204

1745369407
0.9540193931811073 0.043321864247732246 0.00015639662183296842

1745369408
0.9589383294301327 0.040905542544886805 0.000156128024980484

1745369409
0.95734375 0.04171875 0.0

1745369410
0.9565557118299735 0.04313173933427098 0.0003125488357555868

1745369411
0.9559030492572322 0.04268960125097732 0.0001563721657544957

1745369412
0.9540050062578223 0.04505632040050062 0.00015644555694618273

1745369413
0.953978759427428 0.044020317069416656 0.00015391719255040788

1745369415
0.949692961738309 0.049283577389387496 0.00023618327822390176

1745369416
0.9469247580393381 0.05073368716827974 0.0

1745369417
0.9577025128765413 0.041985328546901825 0.00015607928827844546

1745369418
0.952752222048963 0.04132231404958678 0.0001559332605644784

1745369419
0.9584639498432602 0.04122257053291536 0.00015673981191222572

1745369420
0.9549984428526939 0.044690127686079106 0.00015571473061351605

1745369421
0.958137347130762 0.04045155221072436 0.00031357792411414236

1745369422
0.9614784778540237 0.03820960698689956 0.00015595757953836556

1745369423
0.9584769664681918 0.041052961454089626 0.00015669069257286117

1745369424
0.9580474111041797 0.04164067373674361 0.00015595757953836556

1745369425
0.9611605053813758 0.03883949461862424 0.0

1745369426
0.9593686513517737 0.040162525394592904 0.0003125488357555868

1745369427
0.9563366960907944 0.04145649432534679 0.00015762925598991173

1745369428
0.960900844541758 0.03800437910541132 0.00015639662183296842

1745369429
0.9543978976657906 0.04297418457257691 0.0001545833977430824

1745369430
0.9534811114580081 0.04355291913830784 0.0

1745369431
0.9572057898049088 0.04247954688483323 0.00031466331025802394

1745369432
0.9555520898315658 0.04320024953212726 0.0

1745369433
0.9612075707805412 0.03863600813389645 0.00015642108556233381

1745369434
0.9536878216123499 0.045688445345392174 0.0001559332605644784

1745369435
0.9612075707805412 0.03863600813389645 0.00015642108556233381

1745369436
0.9551632557412905 0.04358693954069676 0.0001562255897516013

1745369437
0.9565964090554254 0.04215456674473068 0.0

1745369438
0.9475497103491467 0.050101769218725535 0.0001565680288085173

1745369439
0.957383702778645 0.04136746799875117 0.00015610365282547612

1745369440
0.9569723618090452 0.0414572864321608 0.0

1745369441
0.9592986850344396 0.04054477144646212 0.00015654351909830932

1745369442
0.9453015427769986 0.051581736013713575 0.0

1745369443
0.9552308409762164 0.043370122804290374 0.000155448468832582

1745369444
0.9555764117002972 0.044110746128578134 0.0

1745369445
0.9614423977521074 0.0385576022478926 0.0

1745369446
0.947921495904806 0.04898779168598362 0.00015453562046051616

1745369447
0.9503871069679254 0.04597882761889714 0.0

1745369448
0.9326938197829847 0.04560465481994024 0.0003145148608271741

1745369449
0.8809002813379181 0.0350109409190372 0.00015629884338855892

1745369450
0.8215067208502657 0.0315723663644889 0.00031259768677711783

1745369451
0.7417135709818636 0.03267667292057536 0.00015634771732332708

1745369452
0.564122614951517 0.029402564904598062 0.0

1745369453
0.5192367844854551 0.03581482639974976 0.00046918986549890525

1745369454
0.818735362997658 0.04355971896955504 0.000156128024980484

1745369455
0.8903447200124786 0.04617064420527219 0.00015598190609889253

1745369456
0.9552680798004988 0.0425498753117207 0.00015586034912718204

1745369457
0.9508607198748044 0.04820031298904538 0.00015649452269170578

1745369458
0.9548860443334374 0.04339681548548236 0.00015610365282547612

1745369459
0.9604254653527295 0.03926169247614578 0.00015642108556233381

1745369460
0.9593711083437111 0.040473225404732256 0.00015566625155666251

1745369461
0.963533480037724 0.03536623703237975 0.0

1745369462
0.9575163398692811 0.040927482103952695 0.0003112356053532524

1745369463
0.957463384231848 0.04113430975381739 0.0

1745369464
0.9551794389594107 0.04231311706629055 0.0003134304967873374

1745369465
0.9523510971786834 0.0438871473354232 0.00015673981191222572

1745369466
0.9486054528361015 0.049044186775305545 0.00031338138514572234

1745369467
0.946070170062816 0.051631683775088096 0.0

1745369468
0.9510301109350238 0.0473851030110935 0.0001584786053882726

1745369469
0.9579161451814768 0.040675844806007506 0.00015644555694618273

1745369470
0.9544248478226939 0.04011237708756048 0.0

1745369471
0.9529081553095275 0.04631217838765009 0.0003118665211289568

1745369472
0.9473354231974922 0.05078369905956113 0.00015673981191222572

1745369473
0.9591836734693877 0.039570026483875996 0.00015578750584203146

1745369474
0.9540553211439288 0.04047507423034849 0.0001562744178777934

1745369475
0.9577200125274037 0.041027247103037894 0.00015659254619480113

1745369476
0.9430716296527994 0.05489521426337191 0.0

1745369477
0.9441831295076827 0.05268109125117592 0.00015678896205707118

1745369478
0.9511360099595394 0.04419545596016184 0.0

1745369479
0.95609375 0.04078125 0.0003125

1745369480
0.95359375 0.0453125 0.0

1745369481
0.953899046726051 0.04235036724488201 0.0001562744178777934

1745369482
0.9618404522613065 0.035175879396984924 0.0

1745369483
0.9547286821705426 0.042015503875968994 0.0001550387596899225

1745369484
0.9443748041366343 0.052804763397054214 0.0

1745369485
0.9540553211439288 0.04531958118456009 0.0

1745369486
0.9496934444269769 0.04433265209872662 0.0

1745369487
0.9580223880597015 0.04197761194029851 0.0

1745369488
0.9593813466645836 0.04046242774566474 0.0

1745369489
0.9522248243559719 0.04574551131928181 0.0

1745369490
0.94875 0.04921875 0.00015625

1745369491
0.9565625 0.0425 0.0

1745369492
0.9597934918648311 0.039267834793491864 0.0

1745369493
0.9496402877697842 0.048482952768220205 0.0

1745369494
0.9525888958203369 0.04507174048658765 0.0

1745369495
0.960744447919925 0.038160775727244294 0.00046918986549890525

1745369496
0.9572275991258196 0.04089915704027474 0.0004683109584764284

1745369497
0.9559375 0.04328125 0.00015625

1745369498
0.9500630119722747 0.04694391934467549 0.0001575299306868305

1745369499
0.944867215406119 0.052647926696692035 0.00015530361857431278

1745369500
0.9538293557947278 0.04289502417719544 0.0

1745369501
0.9527238572323106 0.04649342517219787 0.00015654351909830932

1745369502
0.9513564078578111 0.04817586529466791 0.00015590894917368256

1745369503
0.9554130162703379 0.044430538172715896 0.00015644555694618273

1745369504
0.9570379628183097 0.04202468364318075 0.0001562255897516013

1745369505
0.9460262828535669 0.05131414267834793 0.00015644555694618273

1745369506
0.9581504702194358 0.041379310344827586 0.00015673981191222572

1745369507
0.9529154973495478 0.04614904895541004 0.0003118178983473651

1745369508
0.9565617805065234 0.04251726784343822 0.0003069838833461243

1745369510
0.9565560198691161 0.04226129464637704 0.0001576913979342427

1745369511
0.954873080539016 0.043560012535255405 0.00031338138514572234

1745369512
0.9553072625698324 0.042675356921166974 0.00031036623215394165

1745369513
0.9569909289959337 0.04222708789490147 0.00015639662183296842

1745369514
0.951926088318196 0.04603820858127153 0.00031318509238960227

1745369515
0.9583593262632564 0.04039301310043668 0.00015595757953836556

1745369516
0.9539371304077187 0.04201680672268908 0.0001556178026766262

1745369517
0.9483840602447443 0.04989017885158456 0.00015688735487919673

1745369518
0.9588290544771446 0.03976205385097057 0.00031308703819661864

1745369519
0.9599874960925289 0.04001250390747108 0.0

1745369520
0.9626970501014516 0.0360543155923209 0.0003121585765568909

1745369521
0.96390625 0.0359375 0.00015625

1745369522
0.9579621815908735 0.04172526957337084 0.0001562744178777934

1745369523
0.9543678699796844 0.04375683700578215 0.0001562744178777934

1745369524
0.9569153918201686 0.04136746799875117 0.00015610365282547612

1745369525
0.9523511951257616 0.045774097797219186 0.0003124511795032026

1745369526
0.9557743397405845 0.042819190498515396 0.0001562744178777934

1745369527
0.9423739430003132 0.053084873160037585 0.00015659254619480113

1745369528
0.9378707461754605 0.050421479862628786 0.0

1745369529
0.9194305381727159 0.05600750938673342 0.0

1745369530
0.8705698672911788 0.06572989851678376 0.0

1745369531
0.8845193508114857 0.05820848938826467 0.0

1745369532
0.9359837220222257 0.039286273282203785 0.0

1745369533
0.9659726538222498 0.028899937849596023 0.0

1745369534
0.965615141955836 0.026813880126182965 0.0

1745369535
0.9724127182044888 0.02275561097256858 0.0

1745369536
0.97760845902659 0.02145856009951796 0.0

1745369537
0.9768248462872458 0.021283304430080405 0.00015765410688948448

1745369538
0.9791828491533323 0.019885039614727356 0.0

1745369539
0.9879555764117003 0.012044423588299703 0.0

1745369540
0.9829447660772962 0.016898763886715695 0.0

1745369541
0.9838087895142636 0.015882806476484195 0.0

1745369543
0.9852084972462628 0.014791502753737215 0.0

1745369544
0.9890744498205088 0.010925550179491181 0.0

1745369545
0.988157490003076 0.01168871116579514 0.0

1745369546
0.9934231130598183 0.0065768869401816475 0.0

1745369548
0.990303409446356 0.009618392242727557 0.0

1745369549
0.9903618265128772 0.007426133670406067 0.0

1745369550
0.9909389157944071 0.007967505077331667 0.0

1745369551
0.9904365262995527 0.009409224124633657 0.00015424957581366652

1745369552
0.9889149102263857 0.008899297423887589 0.0

1745369553
0.9912677374083892 0.006705130204272571 0.0

1745369554
0.9895214263371911 0.010009383797309979 0.0

1745369555
0.990778368240075 0.009065332916536417 0.0

1745369556
0.990303409446356 0.00797622771348139 0.00015639662183296842

1745369557
0.989829447660773 0.008762322015334063 0.0

1745369558
0.9911214953271028 0.007009345794392523 0.0

1745369559
0.9866812911313068 0.008931369476653087 0.0

1745369560
0.9816428126944617 0.010889856876166771 0.0

1745369561
0.9741894869373623 0.010859301227573183 0.0

1745369562
0.9618416903185115 0.009303058971933145 0.0001576789656259855

1745369563
0.9381863821775965 0.008315029808597427 0.00015688735487919673

1745369564
0.7064277856357064 0.008643721515008643 0.0

1745369565
0.574062401512764 0.00882445635045698 0.0001575795776867318

1745369566
0.47564783015922574 0.027630346550109274 0.0015610365282547611

1745369567
0.4188194770627838 0.006732425238766244 0.0006262721152340692

1745369568
0.40363522406769037 0.005640864932623002 0.00015669069257286117

1745369569
0.2951948661762404 0.0061042416653623414 0.0

1745369570
0.31680225281602004 0.003285356695869837 0.0

1745369571
0.2973733583489681 0.0034396497811131957 0.0

1745369572
0.2505091649694501 0.004856650477831741 0.0

1745369573
0.21921875 0.00375 0.0

1745369574
0.2197526999530443 0.004539051494756613 0.0

1745369575
0.19864737338785782 0.0053475935828877 0.0

1745369576
0.20012459118517364 0.0059180812957483255 0.0

1745369577
0.21059209498515857 0.0048429932822996406 0.0

1745369578
0.23068450039339103 0.006136900078678206 0.0

1745369579
0.26887747158648606 0.009652810213295967 0.0

1745369580
0.25204274041483343 0.009899434318038969 0.00031426775612822125

1745369581
0.37542982181931855 0.019068458893404187 0.0

1745369582
0.4408635794743429 0.02002503128911139 0.00015644555694618273

1745369583
0.6107896794370602 0.024550430023455826 0.0

1745369584
0.6663011123296255 0.03603321322262259 0.0

1745369585
0.9340180516651105 0.05648926237161531 0.0001556178026766262

1745369586
0.9485259709873655 0.044766807050382156 0.00015598190609889253

1745369587
0.9542955866185017 0.03926495994974085 0.0

1745369588
0.9486258588382261 0.04465958775765147 0.0

1745369589
0.9532127261384903 0.0421085464753587 0.0

1745369590
0.9528566968467063 0.03918201685919451 0.0

1745369591
0.9465912661011624 0.046339930882814954 0.0

1745369592
0.9494529203267067 0.04792726151949453 0.0

1745369593
0.9381004882658687 0.05906441959363679 0.00031501023783272954

1745369594
0.948159749412686 0.0480814408770556 0.0

1745369595
0.9617963511617028 0.03789178231716825 0.0

1745369596
0.9554617909048289 0.04219409282700422 0.0

1745369597
0.9457906182044113 0.049394221808014914 0.0

1745369598
0.8266771902131018 0.17332280978689818 0.0

1745369599
0.9299471885678782 0.06290773532152842 0.00015532774153463808

1745369600
0.9426332288401253 0.05454545454545454 0.0

1745369601
0.9410020290307476 0.05790541595130326 0.0

1745369602
0.9390529770276606 0.05782153461478356 0.0

1745369603
0.9418113561708118 0.05615516971687783 0.0

1745369604
0.9501013566193669 0.04865117729611726 0.0001559332605644784

1745369605
0.960744447919925 0.03737879261807945 0.0

1745369606
0.9575538437352618 0.04181732432007546 0.0

1745369607
0.9600435323383084 0.039956467661691544 0.0

1745369608
0.9517639712769279 0.048079925070246644 0.0

1745369609
0.9479502533394749 0.05158912943344081 0.0

1745369611
0.9515568199778726 0.046546546546546545 7.90263948158685e-05

1745369612
0.9576165154832655 0.041757898029402565 0.0

1745369613
0.9619032809827398 0.038096719017260146 0.0

1745369614
0.95546875 0.04265625 0.0

1745369615
0.9578125 0.0409375 0.0

1745369616
0.9541614518147684 0.04458698372966208 0.0

1745369617
0.9530274656679151 0.04588014981273408 0.0

1745369618
0.9580615097856477 0.04162783473128301 0.00031065548306927616

1745369619
0.9496245306633292 0.043961201501877344 0.00015644555694618273

1745369620
0.9574501491599937 0.04223582980059664 0.0001570105197048202

1745369621
0.9590176755826686 0.040982324417331455 0.0

1745369622
0.9573142233992834 0.04252998909487459 0.0

1745369623
0.9548611111111112 0.04482323232323232 0.0

1745369624
0.9420380180741664 0.055001558117793704 0.0

1745369625
0.953793318763659 0.0457383702778645 0.0

1745369626
0.9526921879863056 0.046062869592281355 0.0

1745369627
0.9573370839193625 0.0425066416627598 0.0

1745369628
0.9560456749569842 0.0430157985296418 0.0

1745369629
0.9520836584985173 0.046511627906976744 0.0

1745369630
0.9541385267787027 0.04460499450290561 0.0

1745369631
0.9432436635048982 0.0566008396827865 0.00015549681231534753

1745369632
0.94203125 0.0490625 0.0065625

1745369633
0.9391765439800375 0.05286961946350593 0.0017155333749220212

1745369634
0.9502191609267376 0.04931120851596744 0.00015654351909830932

1745369635
0.9488423028785983 0.047090112640801 0.00015644555694618273

1745369636
0.9536751080914144 0.045089561457689935 0.0

1745369638
0.9520094562647754 0.047123719464144995 0.0

1745369639
0.9614487797295197 0.03839577180164775 0.0

1745369640
0.96066187948798 0.03730877302528879 0.0

1745369641
0.9556565340018803 0.04403008461297399 0.0

1745369642
0.9542056074766355 0.04470404984423676 0.00015576323987538941

1745369643
0.9508402701429245 0.04570441338149835 0.00031411967959792684

1745369644
0.9603606404476915 0.03901756567697808 0.000466345406497746

1745369645
0.9565149382136712 0.04317221961520413 0.0

1745369646
0.9551912568306011 0.03981264637002342 0.0

1745369647
0.9514761306532663 0.04836683417085427 0.0

1745369648
0.9288167343115828 0.0457383702778645 0.0

1745369649
0.8461778958886979 0.037048616539002655 0.0

1745369650
0.6766823161189358 0.03129890453834116 0.0

1745369651
0.49741743621850054 0.026921270934418533 0.0

1745369652
0.36824800375763267 0.018318459370596524 0.0

1745369653
0.31145491483044224 0.019846851070479763 0.0

1745369654
0.5691995631143704 0.04774535809018567 0.00015603058199407084

1745369655
0.8491332188036858 0.045447446509448694 0.0

1745369656
0.9368781094527363 0.04477611940298507 0.0001554726368159204

1745369657
0.9584371108343711 0.041251556662515565 0.00015566625155666251

1745369658
0.9490196078431372 0.04988235294117647 0.0

1745369659
0.9480681995933051 0.04974190520882215 0.0

1745369660
0.9616044950835024 0.037927267051662245 0.0003121585765568909

1745369661
0.9495441685004715 0.0484124489154354 0.0006287331027978623

1745369662
0.9511021421918658 0.04579323191555418 0.0

1745369663
0.9582355701548568 0.04160800875958079 0.0

1745369664
0.9533427274150619 0.04415218412400188 0.0

1745369665
0.9602308172177167 0.03976918278228322 0.0

1745369666
0.9542596667714556 0.04196793461175731 0.00015718327569946557

1745369667
0.9557632398753894 0.043146417445482865 0.0

1745369668
0.9529780564263323 0.04357366771159875 0.00015673981191222572

1745369669
0.9530128004995317 0.04495785201373712 0.0

1745369670
0.9626168224299065 0.03722741433021807 0.0

1745369671
0.95211355482764 0.04554671658087662 0.0

1745369672
0.9467064926898286 0.05156421946234869 0.0

1745369673
0.9529356943150047 0.04504504504504504 0.0

1745369674
0.9536746231155779 0.04067211055276382 0.0

1745369675
0.9563121890547264 0.042444029850746266 0.0

1745369676
0.9534992954438704 0.044935024268044466 0.0004697040864255519

1745369677
0.9507373705679322 0.04785064323815501 0.0004706620646375902

1745369678
0.9553793532338308 0.043532338308457715 0.0

1745369679
0.9561348735560412 0.04370902279113331 0.0

1745369680
0.9463727329580988 0.05315822388993121 0.0

1745369681
0.9524475524475524 0.046620046620046623 0.0

1745369682
0.9570416994492525 0.042958300550747446 0.0

1745369683
0.9496178443300577 0.04663858992356887 0.00031196381219778506

1745369684
0.9569976544175137 0.04175136825645035 0.0001563721657544957

1745369685
0.9562431629942179 0.0425066416627598 0.0

1745369686
0.9555104589447393 0.04324071183265688 0.0

1745369687
0.9522990303409447 0.0475445730372224 0.0

1745369688
0.9503125 0.04828125 0.0

1745369689
0.954630788485607 0.04489987484355444 0.0

1745369690
0.9550368165439449 0.04355318815603948 0.00015666614444618518

1745369691
0.9526176790430325 0.04598415410905701 0.00031070374398011494

1745369692
0.949906073888541 0.04790231684408266 0.00015654351909830932

1745369693
0.953117674636662 0.044694483513048916 0.0

1745369694
0.9544812431329461 0.042379532255532884 0.0

1745369695
0.954368478430151 0.04422987073664538 0.0

1745369696
0.9584375 0.04140625 0.0

1745369697
0.9494822717288987 0.048635080012550985 0.0

1745369698
0.9520237537115174 0.04688232536333802 0.0

1745369699
0.9530910220565393 0.04551102826964896 0.0

1745369700
0.9495233630254727 0.05000781372089389 0.0

1745369701
0.957662865177316 0.04171223246367755 0.0001562255897516013

1745369702
0.9575538437352618 0.04087407640308128 0.0

1745369703
0.9495106416032313 0.04971259903681839 0.00031070374398011494

1745369704
0.9540265832681782 0.044566067240031274 0.0001563721657544957

1745369705
0.9597189695550351 0.03934426229508197 0.0

1745369706
0.9576165154832655 0.03925555208007507 0.0

1745369707
0.9639006094702297 0.03609939052977028 0.0

1745369708
0.9626620840493673 0.03702546477112951 0.0001562255897516013

1745369709
0.9526488513830286 0.04297546491639319 0.0

1745369710
0.9595771144278606 0.038868159203980096 0.0

1745369711
0.9582679636021336 0.04032005020395356 0.0

1745369712
0.9561006092798 0.039993750976409934 0.0

1745369713
0.9556603773584905 0.04261006289308176 0.0

1745369714
0.957089552238806 0.04291044776119403 0.0

1745369715
0.9524631314716034 0.04518355820520866 0.0

1745369716
0.9475989363366182 0.05099327389332082 0.0

1745369717
0.9569340796019901 0.04228855721393035 0.0

1745369718
0.9573903542999844 0.040268456375838924 0.00015607928827844546

1745369719
0.9516734438536127 0.045042227087894904 0.00015639662183296842

1745369720
0.9502589047544328 0.045818295935979914 0.0

1745369721
0.950827349359975 0.048079925070246644 0.0

1745369722
0.9446000622471211 0.050731403672580146 0.0001556178026766262

1745369723
0.9543250430157986 0.0453621148130768 0.0

1745369724
0.9575398064314705 0.0418357789572276 0.0

1745369725
0.9549577729121052 0.041601501407569595 0.0

1745369726
0.9552145317882869 0.04447228311932352 0.00031318509238960227

1745369727
0.9516531503431067 0.046163443543356206 0.0

1745369728
0.949375 0.04890625 0.0003125

1745369729
0.9563585171281088 0.04223369310183012 0.00031284217112466763

1745369730
0.95515625 0.04296875 0.00015625

1745369731
0.9532988559786867 0.045290706785770254 0.0

1745369732
0.9518599562363238 0.045482963426070645 0.0

1745369733
0.9506768321145169 0.04590010891551268 0.0

1745369734
0.8561105874960729 0.03817153628652215 0.0

1745369735
0.7944348913553229 0.030170392371424104 0.0

1745369736
0.5959580134732885 0.03321322262259126 0.0

1745369737
0.363096168881939 0.019390148553557467 0.0

1745369738
0.29763951852430826 0.022354228544630296 0.000781616382679381

1745369739
0.4769783049789293 0.03621039488059934 0.0007803964413922273

1745369740
0.68234375 0.03578125 0.0003125

1745369741
0.8314325886580222 0.04436806748945477 0.00046867676925480396

1745369742
0.94568093385214 0.05011673151750973 0.0

1745369743
0.9484857945675929 0.048548236028723074 0.00015610365282547612

1745369744
0.9580003134304967 0.04184297132110954 0.0001567152483936687

1745369745
0.9549774108116529 0.043776289141610844 0.00015578750584203146

1745369746
0.9504610095327395 0.04610095327394906 0.0

1745369747
0.95484375 0.0428125 0.00015625

1745369748
0.9581184560087513 0.04172526957337084 0.0

1745369749
0.9587177482408131 0.03956215793588741 0.0001563721657544957

1745369750
0.956922116435149 0.042765724988294056 0.00015607928827844546

1745369751
0.9523441126411883 0.04641807210273867 0.00015472690700912888

1745369753
0.9548883998742533 0.043303992455202764 0.00015718327569946557

1745369754
0.9517112048757619 0.044694483513048916 0.0001562744178777934

1745369755
0.9528934643581345 0.04570269848697551 0.0

1745369756
0.9558176100628931 0.041981132075471696 0.0

1745369757
0.9612933312606871 0.037618529457484846 0.000155448468832582

1745369758
0.9495391345102328 0.0476488048742384 0.0001562255897516013

1745369759
0.9513572885611172 0.04503373607406245 0.00015691197238349287

1745369760
0.9535456083679434 0.04568527918781726 0.00015382248884786957

1745369762
0.9572978924189997 0.04207297892419 0.00023592324630386914

1745369763
0.9585010839269124 0.041189222669557136 0.0

1745369764
0.956371082060167 0.04173885651283667 0.00031501023783272954

1745369765
0.9646875 0.03515625 0.0

1745369766
0.9564470808616922 0.04074305338744927 0.00015610365282547612

1745369767
0.9624941397093296 0.034692920768870136 0.0

1745369768
0.9567592881673431 0.04089915704027474 0.0004683109584764284

1745369769
0.9552959501557632 0.04361370716510903 0.00015576323987538941

1745369770
0.9469637533343794 0.048485799466499294 0.00015691197238349287

1745369771
0.9475497103491467 0.04853608893064036 0.0001565680288085173

1745369772
0.9616404179011383 0.03789178231716825 0.0001559332605644784

1745369773
0.95359375 0.04515625 0.00015625

1745369774
0.9483810417644298 0.047552010010949476 0.00015642108556233381

1745369775
0.9549662639259375 0.044719912129295464 0.00031382394476698575

1745369776
0.9579766536964981 0.04 0.0

1745369777
0.951139556665626 0.048392132375897595 0.00015610365282547612

1745369778
0.955764705882353 0.04392156862745098 0.00031372549019607844

1745369779
0.9553237858032378 0.041718555417185554 0.0

1745369780
0.9587048334115439 0.04051306116064445 0.00015642108556233381

1745369781
0.95515625 0.04265625 0.00015625

1745369782
0.9553682896379525 0.04119850187265917 0.00015605493133583021

1745369783
0.9555277168806765 0.04306295020357031 0.00015659254619480113

1745369784
0.9577973015374961 0.039378726074678384 0.00015688735487919673

1745369785
0.9615625 0.0365625 0.0

1745369786
0.9611257969211631 0.03856320945420619 0.00031099362463069506

1745369787
0.9574434673366834 0.04114321608040201 0.000157035175879397

1745369788
0.9535819278972614 0.0428593532415287 0.00015472690700912888

1745369789
0.9459798994974874 0.050565326633165826 0.000157035175879397

1745369790
0.9504235958581738 0.04737998117351742 0.00031377470975839345

1745369791
0.934789391575663 0.047737909516380655 0.00015600624024960998

1745369792
0.7480796363066311 0.04091550399749177 0.00015676438313215238

1745369793
0.4200626959247649 0.02586206896551724 0.0

1745369794
0.2000312793243666 0.010165780419142947 0.0

1745369795
0.11364702204158199 0.0065655776145068 0.0

1745369796
0.06105559025608994 0.003123048094940662 0.0

1745369797
0.04557473946181366 0.0020220874163944624 0.0

1745369798
0.032025117739403454 0.0026687598116169543 0.0

1745369799
0.03049634355064571 0.0009335615372646647 0.00015559358954411078

1745369800
0.028270771163813414 0.004397675514370976 0.0

1745369801
0.03002489110143124 0.001866832607342875 0.0

1745369802
0.030634573304157548 0.0012503907471084713 0.0

1745369803
0.061046057767369245 0.07587822014051522 0.0

1745369804
0.7243520099332609 0.20875368617103834 0.0

1745369805
0.9813588044985364 0.01848713603450932 0.0

1745369806
0.9915347233108638 0.006897632857814705 0.0

1745369807
0.8615944321417273 0.013286934514394179 0.0

1745369808
0.07664406245071755 0.002365557483046838 0.0

1745369809
0.030682529743268627 0.0012523481527864746 0.0

1745369810
0.030435461214296862 0.0010925550179491181 0.0

1745369811
0.03079568547756761 0.001719556041894638 0.0

1745369812
0.029857745818352353 0.002344849148038143 0.0

1745369813
0.03032671564795998 0.0012505862122870095 0.0

1745369814
0.02938418255704908 0.004688965301656768 0.0

1745369815
0.06510457619122503 0.034282119830161974 0.00015725743041358704

1745369816
0.015220461321198808 0.006747214812490193 0.0

1745369817
0.015101977269188853 0.003269500233535731 0.0

1745369818
0.0146875 0.00125 0.0

1745369819
0.01499531396438613 0.0032802249297094657 0.0

1745369820
0.015314892952023753 0.0032817627754336614 0.0

1745369821
0.015165728580362726 0.0007817385866166354 0.0

1745369822
0.015153882205905328 0.0031245117950320263 0.0

1745369823
0.015298157976896659 0.0009366219169528567 0.0

1745369824
0.014705882352941176 0.0031289111389236545 0.0

1745369825
0.01453579243513598 0.0031259768677711786 0.0

1745369826
0.015326868939630905 0.0006255864873318737 0.0

1745369827
0.015160987808690216 0.0029696780243826195 0.0

1745369828
0.015620118712902219 0.00046860356138706655 0.0

1745369829
0.016086209589255038 0.002498828674059035 0.0

1745369830
0.016247461334166536 0.002499609436025621 0.0

1745369831
0.0159375 0.00015625 0.0

1745369832
0.016252539459290515 0.0023441162681669013 0.0

1745369833
0.015939990623534926 0.0001562744178777934 0.0

1745369834
0.016247461334166536 0.002499609436025621 0.0

1745369835
0.016096265041412722 0.0023441162681669013 0.0

1745369836
0.015793588741204064 0.0003127443315089914 0.0

1745369837
0.01594497420665937 0.0020322025949663907 0.0

1745369838
0.015935010154663334 0.007030151538822059 0.0001562255897516013

1745369839
0.016242386381383728 0.002498828674059035 0.0

1745369840
0.01625 0.0025 0.0

1745369841
0.0159375 0.00015625 0.0

1745369842
0.01594248202563301 0.0025007814942169426 0.0

1745369843
0.01609375 0.0 0.0

1745369844
0.016096265041412722 0.0025003906860446945 0.0

1745369845
0.015783716205657133 0.0028129395218002813 0.0

1745369846
0.015939990623534926 0.0 0.0

1745369847
0.016096265041412722 0.0025003906860446945 0.0

1745369848
0.015939990623534926 0.0 0.0

1745369849
0.01608118657298985 0.00468384074941452 0.0

1745369850
0.01594497420665937 0.002188525871502267 0.0

1745369851
0.015967438948027553 0.00015654351909830932 0.0

1745369852
0.01608369768894441 0.0020299812617114305 0.0

1745369853
0.015620118712902219 0.000781005935645111 0.0

1745369854
0.01578125 0.0003125 0.0

1745369855
0.015625 0.00296875 0.0

1745369856
0.01594248202563301 0.0 0.0

1745369857
0.016403686923918137 0.0023433838462740197 0.0

1745369858
0.01609375 0.00234375 0.0

1745369859
0.015783716205657133 0.0003125488357555868 0.0

1745369860
0.01594248202563301 0.00031259768677711783 0.0

1745369861
0.01607867624102404 0.0018732438339057135 0.0

1745369862
0.015949960906958563 0.0006254886630179827 0.0

1745369863
0.01594746716697936 0.0026579111944965606 0.0

1745369864
0.015935010154663334 0.0001562255897516013 0.0

1745369865
0.01609878086902157 0.002344482650828384 0.0

1745369866
0.016232245980958328 0.002029030747619791 0.0

1745369867
0.016108852048795745 0.0006255864873318737 0.0

1745369868
0.01642935377875137 0.0023470505398216243 0.0

1745369869
0.015756630265210608 0.00046801872074883 0.0

1745369870
0.015939990623534926 0.0026566651039224877 0.0

1745369871
0.01607867624102404 0.0020293474867311896 0.0

1745369872
0.015778784564911733 0.0007811279487580066 0.0

1745369873
0.016116413706775152 0.002659990611797841 0.0

1745369874
0.0159375 0.00015625 0.0

1745369875
0.015939990623534926 0.0003125488357555868 0.0

1745369876
0.01625 0.0025 0.0

1745369877
0.015939990623534926 0.0001562744178777934 0.0

1745369878
0.01609878086902157 0.002344482650828384 0.0

1745369879
0.0159375 0.00015625 0.0

1745369880
0.0159375 0.00265625 0.0

1745369881
0.014066895904970303 0.003594873397936855 0.0

1745369882
0.01468979528051258 0.0012501953430223472 0.0

1745369883
0.0159375 0.0028125 0.0

1745369884
0.015939990623534926 0.0 0.0

1745369885
0.01594248202563301 0.0025007814942169426 0.0

1745369886
0.01609375 0.0003125 0.0

1745369887
0.015783716205657133 0.0001562744178777934 0.0

1745369888
0.01609878086902157 0.0025007814942169426 0.0

1745369889
0.01608369768894441 0.0020299812617114305 0.0

1745369890
0.13542475539680074 0.521354247553968 0.0

1745369891
0.20747081712062257 0.5623346303501946 0.0

1745369892
0.8136285131103784 0.07756319673418119 0.0

1745369893
0.990418791531448 0.009426672848091485 0.0

1745369894
0.9773260359655981 0.010164190774042221 0.0

1745369895
0.991875 0.008125 0.0

1745369896
0.9694920584997642 0.012266079572259789 0.0

1745369897
0.9745802604738741 0.014906637376431822 0.0

1745369898
0.9749221183800623 0.013862928348909658 0.0

1745369899
0.9820387584685678 0.013234599023160548 0.0

1745369900
0.9841909485430874 0.01069435833849969 0.0

1745369901
0.9869742623979912 0.01051475204017577 0.0

1745369902
0.9870997824059683 0.006994093876282251 0.0

1745369903
0.9921556322560402 0.007844367743959836 0.0

1745369904
0.9878372056759707 0.007640729767659442 0.0

1745369905
0.993899577663069 0.006100422336931018 0.0

1745369906
0.9945303953742772 0.005469604625722769 0.0

1745369907
0.9931335830212235 0.005930087390761548 0.0

1745369908
0.9903170388880213 0.006871778853662346 0.00015617679212868969

1745369909
0.9951653150343107 0.004054897067997504 0.0

1745369910
0.9921630094043887 0.006896551724137931 0.0

1745369911
0.992496482726278 0.005783961231827419 0.0

1745369912
0.9943520552243489 0.0031377470975839346 0.0

1745369913
0.9947081712062257 0.004980544747081712 0.0

1745369914
0.9975023415547923 0.002497658445207618 0.0

1745369915
0.9920362273579013 0.00655840099937539 0.0

1745369916
0.9956160951933615 0.004383904806638484 0.0

1745369917
0.9951509463475676 0.004849053652432348 0.0

1745369918
0.9971936389148737 0.0026504521359526035 0.0

1745369919
0.99515625 0.00484375 0.0

1745369920
0.9978145488604433 0.0021854511395566654 0.0

1745369921
0.9859066708424679 0.0139367366113373 0.0

1745369922
0.9967289719626168 0.0032710280373831778 0.0

1745369923
0.9953029591357445 0.004697040864255519 0.0

1745369924
0.9949851120514026 0.0050148879485973985 0.0

1745369925
0.995776630689817 0.004223369310183012 0.0

1745369926
0.9950202303143479 0.004824151882975412 0.0

1745369927
0.9978125 0.0021875 0.0

1745369928
0.9953117674636662 0.0046882325363338025 0.0

1745369929
0.99796875 0.00203125 0.0

1745369930
0.9959343236903831 0.004065676309616888 0.0

1745369931
0.9959533073929961 0.004046692607003891 0.0

1745369932
0.9963955492869456 0.0034477354646607113 0.0

1745369933
0.99578125 0.00421875 0.0

1745369934
0.9978125 0.0021875 0.0

1745369935
0.99765625 0.0021875 0.0

1745369936
0.9984375 0.0015625 0.0

1745369937
0.9957852013737122 0.004214798626287855 0.0

1745369938
0.996245893946504 0.003754106053496011 0.0

1745369939
0.9970252074526381 0.0029747925473618286 0.0

1745369940
0.9946933041985329 0.0051506165131887 0.0

1745369941
0.99828125 0.00171875 0.0

1745369942
0.9940745360985498 0.0057695306408857006 0.0

1745369943
0.9982758620689656 0.0017241379310344827 0.0

1745369944
0.99359375 0.004375 0.0

1745369945
0.9984421249415797 0.0015578750584203146 0.0

1745369946
0.9952941176470588 0.0045490196078431374 0.0

1745369947
0.9982860704269243 0.0017139295730757246 0.0

1745369948
0.9956297799282036 0.004370220071796473 0.0

1745369949
0.9973412574288395 0.002658742571160463 0.0

1745369950
0.9957852013737122 0.0034342803621604744 0.0

1745369951
0.9984326018808778 0.001567398119122257 0.0

1745369952
0.9953271028037384 0.004672897196261682 0.0

1745369953
0.9942304693591143 0.004522064556369874 0.0

1745369954
0.9987449011609665 0.0012550988390335738 0.0

1745369955
0.9954729940680612 0.004527005931938807 0.0

1745369956
0.9978104472943384 0.002189552705661558 0.0

1745369957
0.9964096159850141 0.0035903840149859507 0.0

1745369958
0.9921728240450846 0.006731371321227302 0.0

1745369959
0.9971675845790716 0.002832415420928403 0.0

1745369960
0.9973540856031129 0.0017120622568093384 0.0

1745369961
0.9986007462686567 0.0013992537313432835 0.0

1745369962
0.995460237946149 0.004539762053850971 0.0

1745369963
0.9953212726138491 0.004678727386150967 0.0

1745369964
0.995459527164553 0.004540472835447002 0.0

1745369965
0.9984406673943552 0.001559332605644784 0.0

1745369966
0.9953117674636662 0.0046882325363338025 0.0

1745369967
0.9978172747115684 0.0020268163392578734 0.0

1745369968
0.9982809814033443 0.0017190185966557275 0.0

1745369969
0.9887147335423198 0.00799373040752351 0.00015673981191222572

1745369970
0.9982815185127324 0.0015622558975160131 0.0

1745369971
0.99796875 0.00203125 0.0

1745369972
0.9970368059887711 0.002963194011228946 0.0

1745369973
0.995460237946149 0.0036005009392611146 0.0

1745369974
0.9965619628066885 0.0032817627754336614 0.0

1745369975
0.9926631283172026 0.006400249765844521 0.00015610365282547612

1745369976
0.994838104176443 0.004849053652432348 0.0

1745369977
0.9984372558212221 0.001562744178777934 0.0

1745369978
0.9943802684982829 0.00483921323758976 0.0

1745369979
0.99812734082397 0.0017166042446941324 0.0

1745369980
0.9943626683369872 0.004697776385844034 0.0

1745369981
0.996875 0.00296875 0.0

1745369982
0.9953168904152357 0.0035903840149859507 0.0

1745369983
0.996413535007017 0.0035864649929830033 0.0

1745369984
0.99703125 0.0028125 0.0

1745369985
0.9951509463475676 0.004849053652432348 0.0

1745369986
0.9940625 0.00484375 0.0

1745369987
0.997962382445141 0.0020376175548589342 0.0

1745369988
0.99828125 0.0015625 0.0

1745369989
0.9946725164525227 0.0051707928549044185 0.0

1745369990
0.9965446835244228 0.002355897596984451 0.0

1745369991
0.9923830250272034 0.005129799471475206 0.000155448468832582

1745369992
0.9945584577114428 0.0046641791044776115 0.0

1745369993
0.9953029591357445 0.003601064662595898 0.0

1745369994
0.9978145488604433 0.0020293474867311896 0.0

1745369995
0.9957726632221701 0.0018788163457022077 0.0

1745369996
0.9939299610894942 0.004980544747081712 0.0

1745369997
0.9949796046438657 0.004235958581738312 0.0

1745369998
0.9950046831095848 0.00483921323758976 0.0

1745369999
0.9965726748714753 0.0018694500701043775 0.0

1745370000
0.9974925560257013 0.002194013477511362 0.0

1745370001
0.99140625 0.00453125 0.0

1745370002
0.9951607867624103 0.0020293474867311896 0.0

1745370003
0.9909629167965098 0.007790588968526021 0.0

1745370004
0.9963819411672172 0.0018876828692779614 0.0

1745370005
0.9902037008241331 0.004975897994091121 0.0

1745370006
0.9965587361176287 0.0021898951978726734 0.0

1745370007
0.99359375 0.00546875 0.0

1745370008
0.993755853886981 0.004683109584764283 0.00015610365282547612

1745370009
0.9949756633694458 0.0023551577955723034 0.0

1745370010
0.9931645176324375 0.005437315519652011 0.0

1745370011
0.9976522147440914 0.0020347472217874473 0.0

1745370012
0.9931163954943679 0.005788485607008761 0.0

1745370013
0.9978125 0.00171875 0.0

1745370014
0.9904478546821172 0.008142812402129659 0.0006263701847792045

1745370015
0.9955981763873605 0.0017292878478226694 0.0

1745370016
0.9934893814912417 0.005115485971167261 0.0

1745370017
0.9973491345704039 0.0020271323873382193 0.0

1745370018
0.997184420459878 0.0021898951978726734 0.0

1745370019
0.9933847850055126 0.003780122853992755 0.0

1745370020
0.9899318463444857 0.006195786864931847 0.0

1745370021
0.9934292866082604 0.004067584480600751 0.0

1745370022
0.9943697216140132 0.00390991554582421 0.0

1745370023
0.9940680611926319 0.003902591320636903 0.0

1745370024
0.995 0.00375 0.0

1745370025
0.9898421628379435 0.007501172058134084 0.0

1745370026
0.9942178465385216 0.0026566651039224877 0.0

1745370027
0.9912404192085094 0.0021898951978726734 0.0

1745370028
0.9926401503288443 0.002348888192922017 0.0

1745370029
0.9895752295005446 0.005756962813132099 0.0

1745370030
0.9926401503288443 0.002505480739116818 0.0

1745370031
0.9882297551789078 0.0045511613308223476 0.0

1745370032
0.9891067538126361 0.005757858699035169 0.0

1745370033
0.9920212765957447 0.0020337922403003755 0.0

1745370034
0.9914383561643836 0.005448318804483188 0.0

1745370035
0.9880989664891952 0.002192295646727216 0.0

1745370036
0.9865855560754953 0.006083294337856809 0.0

1745370037
0.9923209528287102 0.004544742203416392 0.0003134304967873374

1745370038
0.98688729316266 0.005931938807368093 0.0

1745370039
0.9849222553792996 0.0034553164755771948 0.0

1745370040
0.9832011199253383 0.004821900762171411 0.0

1745370041
0.9889270118527761 0.005770430442919526 0.0

1745370042
0.9852340559220861 0.005026704366949419 0.0

1745370043
0.9840749414519906 0.00624512099921936 0.0

1745370044
0.9891081294396211 0.002052091554853986 0.0

1745370045
0.9806943795734081 0.005916238517826561 0.0

1745370046
0.9790494058786742 0.0026579111944965606 0.0

1745370047
0.9712410128165052 0.005939356048765239 0.0

1745370048
0.9682440846824408 0.0049813200498132005 0.00015566625155666251

1745370049
0.972370486656201 0.005965463108320251 0.0

1745370050
0.9798636926889716 0.0024783147459727386 0.0

1745370051
0.9751173708920188 0.00594679186228482 0.0

1745370052
0.9606434483835702 0.004529126971732001 0.0

1745370053
0.9282786885245902 0.007093316519546027 0.00031525851197982345

1745370054
0.9525003919109578 0.006897632857814705 0.0

1745370055
0.8958301038598667 0.0026352503487831343 0.0

1745370057
0.8947617172115006 0.004489956675856636 0.0

1745370058
0.8026891807379612 0.007191994996873046 0.0

1745370059
0.7080920331820316 0.004539051494756613 0.0003130380341211457

1745370060
0.7413145539906103 0.006259780907668232 0.0

1745370061
0.7570532915360502 0.0023510971786833857 0.0

1745370062
0.7169042769857433 0.0021933260222465924 0.0

1745370063
0.629595015576324 0.005763239875389408 0.0

1745370064
0.6170479473519273 0.004700720777185835 0.00031338138514572234

1745370065
0.6175592900895241 0.005654154232762682 0.0

1745370066
0.5908308558910969 0.0025035205758097323 0.0

1745370067
0.4852366817684737 0.004530542102796438 0.0

1745370068
0.4041986526711578 0.0023499921666927776 0.0

1745370069
0.24773082942097027 0.003912363067292645 0.00031298904538341156

1745370070
0.49350242680444656 0.005323312979489589 0.0

1745370071
0.4869470064092543 0.002344849148038143 0.0

1745370072
0.4106695869837297 0.004536921151439299 0.0

1745370073
0.4000940291490362 0.0050148879485973985 0.0

1745370074
0.4334219996870599 0.0034423407917383822 0.00015647003598810827

1745370075
0.3891756608790865 0.005318316909119349 0.00015642108556233381

1745370076
0.38506016565088297 0.0017190185966557275 0.0

1745370077
0.3587738504848295 0.0046918986549890525 0.0

1745370078
0.35274776890558945 0.0028182245185533112 0.0

1745370079
0.34743910056214866 0.0037476577139287947 0.0

1745370080
0.36153244722439404 0.007193119624706802 0.0003127443315089914

1745370081
0.32473017362740497 0.0014077897700610043 0.0

1745370082
0.3126174076393237 0.004852849092047589 0.0

1745370083
0.28888888888888886 0.0014084507042253522 0.0

1745370084
0.30347635452552457 0.004697776385844034 0.0

1745370085
0.27491785323110624 0.0051635111876075735 0.00015647003598810827

1745370086
0.27909887359199 0.0031289111389236545 0.0

1745370087
0.25176139032409584 0.004540472835447002 0.0

1745370088
0.27356429463171034 0.0012484394506866417 0.0

1745370089
0.2437842064112588 0.004691164972634871 0.0

1745370090
0.18701095461658843 0.0035993740219092333 0.00015649452269170578

1745370091
0.2512122634131081 0.004692632566870014 0.0

1745370092
0.23684621389539423 0.003278688524590164 0.0

1745370093
0.2436738519212746 0.002655420181193377 0.0

1745370094
0.22625215889464595 0.004396294551734966 0.0

1745370095
0.18449030644152595 0.003283302063789869 0.00015634771732332708

1745370096
0.20920043811610076 0.005007041151619465 0.0

1745370097
0.22449937421777222 0.0012515644555694619 0.0

1745370098
0.2297466374726306 0.004535502033156084 0.0

1745370099
0.22064112587959342 0.0026583268178264267 0.0001563721657544957

1745370100
0.19415350945755824 0.005002344849148038 0.0001563232765358762

1745370101
0.22328423691632718 0.004544030084612974 0.0

1745370102
0.18953125 0.00125 0.0

1745370103
0.1628125 0.00453125 0.0

1745370104
0.19414435572256145 0.001095976201659621 0.0

1745370105
0.1772705955916836 0.0028138189776457712 0.0

1745370106
0.17675582668543718 0.004692632566870014 0.0

1745370107
0.1826712543009071 0.001094776352830779 0.0

1745370108
0.17613903240958195 0.004383904806638484 0.0

1745370109
0.17496488216013734 0.0009364757296706727 0.0

1745370110
0.17808005003126953 0.005784865540963102 0.00015634771732332708

1745370111
0.18655199374511336 0.001563721657544957 0.0

1745370112
0.1678135752267751 0.00390991554582421 0.0

1745370113
0.17417840375586854 0.004694835680751174 0.0

1745370114
0.19718309859154928 0.0009389671361502347 0.0

1745370115
0.16710833982852688 0.002494154325798909 0.0001558846453624318

1745370116
0.17308897243107768 0.0007832080200501253 0.00015664160401002505

1745370117
0.16888401940835812 0.004539051494756613 0.0

1745370118
0.15991237677984665 0.003911750899702707 0.0

1745370119
0.14537788881948782 0.001561524047470331 0.0

1745370120
0.11619553334374512 0.005153834140246759 0.00015617679212868969

1745370121
0.13898039215686275 0.001411764705882353 0.0

1745370122
0.13242651657285803 0.004690431519699813 0.0

1745370123
0.12433614495470166 0.0006248047485160887 0.0

1745370124
0.11027568922305764 0.0043859649122807015 0.0

1745370125
0.10619330622458555 0.0028151391929934315 0.0

1745370126
0.09613881506956386 0.003439112083789276 0.0001563232765358762

1745370127
0.11560693641618497 0.0009373535385096079 0.0

1745370128
0.104391311142366 0.000781372089388967 0.0

1745370129
0.09594615745813116 0.0043825324776960405 0.0

1745370130
0.0896152643102909 0.0009383797309978105 0.00015639662183296842

1745370131
0.09207641716254306 0.0014093329157532101 0.0

1745370132
0.14788842138070749 0.004986753934860527 0.0

1745370133
0.1349491790461298 0.0006254886630179827 0.0

1745370134
0.11309803921568627 0.004705882352941176 0.0

1745370135
0.08991399530883502 0.0004691164972634871 0.0

1745370136
0.07961833255122791 0.005474737994681683 0.0

1745370137
0.06915975590674386 0.0037552808637145987 0.0

1745370138
0.06011867582760774 0.001561524047470331 0.0001561524047470331

1745370139
0.052985307908721475 0.005001562988433885 0.0

1745370140
0.024847632442569153 0.0017190185966557275 0.0

1745370141
0.04392684070658121 0.028138189776457715 0.0

1745370142
0.094180225281602 0.013610763454317897 0.0

1745370143
0.24890693316677076 0.006089943785134291 0.0

1745370144
0.10656636890769472 0.0014104372355430183 0.0

1745370145
0.05355465079862198 0.023175696836830566 0.0

1745370146
0.11149281698938164 0.14444097439100562 0.0

1745370147
0.013760750586395622 0.23674745895230648 0.0

1745370148
0.010478573662808884 0.0361276196434157 0.0

1745370149
0.03533458411507192 0.010631644777986242 0.0

1745370150
0.0003125488357555868 0.015939990623534926 0.0

1745370151
0.00031284217112466763 0.016580635069607382 0.0

1745370152
0.0006276478895339715 0.015691197238349285 0.0

1745370153
0.0111058970749257 0.0059440012513686845 0.00031284217112466763

1745370154
0.016061125838141274 0.0003118665211289568 0.0

1745370155
0.007356393801846924 0.00813898888714979 0.0007825950853028644

1745370156
0.00031118717908822156 0.016492920491675743 0.00015559358954411078

1745370157
0.00031269543464665416 0.01594746716697936 0.0

1745370158
0.0001563721657544957 0.034870992963252544 0.0001563721657544957

1745370159
0.01151291512915129 0.016088560885608855 0.0

1745370161
0.031663974151857836 0.0013731825525040387 0.00016155088852988692

1745370162
0.016827672172016205 0.023683390464319103 0.0

1745370163
0.00747430706944877 0.03986297103706011 0.0014014325755216444

1745370164
0.002045633359559402 0.03461841070023604 0.013690007867820615

1745370165
0.0014060303077644118 0.047023902515231995 0.009217309795344478

1745370166
0.0015723270440251573 0.03411949685534591 0.013050314465408806

1745370167
0.0010973506819250665 0.028531117730051733 0.02429847938548362

1745370168
0.0014097744360902255 0.02412280701754386 0.020833333333333332

1745370169
0.0015708451146716933 0.026861451460885956 0.01209550738297204

1745370170
0.012409676405906378 0.021991831605403706 0.0353440150801131

1745370171
0.03269500233535731 0.01619181068036743 0.03798847890393897

1745370172
0.022549326652051362 0.02207954901346696 0.03069213905418102

1745370173
0.01890625 0.0196875 0.03015625

1745370174
0.028767979987492184 0.01125703564727955 0.03830519074421514

1745370175
0.029393370856785492 0.005472170106316448 0.03314571607254534

1745370176
0.024249061326658324 0.012984981226533167 0.03551314142678348

1745370177
0.015187098794426179 0.018788163457022077 0.023328636292469077

1745370178
0.01563232765358762 0.010473659527903705 0.02047834922619978

1745370179
0.015322076297686053 0.017041901188242652 0.0225140712945591

1745370180
0.015483265561463873 0.013450109477635284 0.024867062871441976

1745370181
0.015329266385108713 0.01439073987173471 0.025340215861098078

1745370182
0.01562988433885589 0.01562988433885589 0.02610190684588934

1745370183
0.015483265561463873 0.012042539881138568 0.018142008132624336

1745370184
0.016877637130801686 0.014377246444756993 0.03156743241131427

1745370185
0.019684424308701765 0.0037494141540384317 0.03452585533510389

1745370186
0.04728243795161797 0.013509267986176562 0.026704366949418787

1745370187
0.045808663134933 0.012309130570271113 0.013244001246494235

1745370188
0.04059561128526646 0.019905956112852664 0.013636363636363636

1745370189
0.030491599253266957 0.009489732420659614 0.023802115743621656

1745370190
0.01675540244284372 0.01534606952709051 0.031161916692765423

1745370191
0.017521902377972465 0.01658322903629537 0.029411764705882353

1745370192
0.1734629861982434 0.01803638644918444 0.01678168130489335

1745370193
0.031127796026904426 0.004692632566870014 0.018770530267480056

1745370194
0.02578125 0.01203125 0.014375

1745370195
0.015559358954411079 0.016337326902131633 0.015403765364866968

1745370196
0.015331664580725907 0.01376720901126408 0.01658322903629537

1745370197
0.015480844409695074 0.00875684128225176 0.023143080531665364

1745370198
0.015473585495467334 0.0070334479524851515 0.02500781494216943

1745370199
0.015322076297686053 0.005472170106316448 0.02611006879299562

1745370200
0.015326868939630905 0.006099468251485768 0.01767281826712543

1745370201
0.015480844409695074 0.0028146989835809225 0.01344800625488663

1745370202
0.01546875 0.00484375 0.02625

1745370203
0.0153125 0.00515625 0.018125

1745370204
0.015336463223787167 0.0032863849765258214 0.02785602503912363

1745370205
0.01547842401500938 0.007817385866166354 0.02345215759849906

1745370206
0.01533886367193614 0.003912975426514321 0.026451713883236812

1745370207
0.01562744178777934 0.004531958118456009 0.01844038130957962

1745370208
0.015480844409695074 0.014698983580922595 0.012978889757623143

1745370209
0.01703125 0.01828125 0.02703125

1745370210
0.015310107795656929 0.0037494141540384317 0.02843305733479144

1745370211
0.015331664580725907 0.00344180225281602 0.02862953692115144

1745370212
0.015305325628611588 0.002498828674059035 0.02982976729657973

1745370213
0.01515861853414596 0.0028129395218002813 0.029223316143147368

1745370214
0.01563232765358762 0.0037517586368610288 0.027981866499921838

1745370215
0.015314892952023753 0.0025003906860446945 0.02750429754649164

1745370216
0.015471167369901548 0.0046882325363338025 0.022190967338646665

1745370217
0.015471167369901548 0.0023441162681669013 0.0142209720268792

1745370218
0.015471167369901548 0.001562744178777934 0.0212533208313799

1745370219
0.0153125 0.003125 0.02921875

1745370220
0.015165728580362726 0.003908692933083177 0.028455284552845527

1745370221
0.01546875 0.0025 0.029375

1745370222
0.015314892952023753 0.0025003906860446945 0.029692139396780746

1745370223
0.015314892952023753 0.005469604625722769 0.024847632442569153

1745370224
0.015314892952023753 0.0023441162681669013 0.014377246444756993

1745370225
0.01546875 0.00171875 0.015

1745370226
0.015319681100515866 0.0032827888072534 0.028138189776457715

1745370227
0.015160987808690216 0.002344482650828384 0.030009377930603313

1745370228
0.015471167369901548 0.005782153461478356 0.02422253477105798

1745370229
0.01578125 0.00328125 0.01328125

1745370230
0.015456674473067917 0.002966432474629196 0.01639344262295082

1745370231
0.015329266385108713 0.00328484279680901 0.028312216486782418

1745370232
0.015492957746478873 0.002347417840375587 0.03004694835680751

1745370233
0.015456674473067917 0.002185792349726776 0.02966432474629196

1745370234
0.015300546448087432 0.00234192037470726 0.026385636221701796

1745370235
0.015476004377051744 0.003126465530717524 0.028450836329529466

1745370236
0.015485687470671047 0.0026591584545596746 0.028312216486782418

1745370237
0.015302935665209244 0.005153029356652092 0.026545908806995627

1745370238
0.015471167369901548 0.001875293014533521 0.035943116111892486

1745370239
0.015473585495467334 0.004220068771491091 0.026727102219443577

1745370240
0.015160987808690216 0.002344482650828384 0.029696780243826194

1745370241
0.01546875 0.001875 0.01640625

1745370242
0.0153125 0.0053125 0.01203125

1745370243
0.01515861853414596 0.0010939209251445538 0.015314892952023753

1745370244
0.015319681100515866 0.014225418164764733 0.003126465530717524

1745370245
0.01931532663316583 0.018844221105527637 0.0

1745370246
0.01772663660394962 0.0094853055512362 0.013528222671435235

1745370247
0.015322076297686053 0.01876172607879925 0.013289555972482802

1745370248
0.05272296764009471 0.017679558011049725 0.017837411207576953

1745370249
0.00031084861672365556 0.003730183400683867 0.027976375505129002

1745370250
0.0003126465530717524 0.002657495701109895 0.028919806159137095

1745370251
0.0003127443315089914 0.0026583268178264267 0.029241594996090695

1745370252
0.0003123048094940662 0.001717676452217364 0.02966895690193629

1745370253
0.0003125488357555868 0.0017190185966557275 0.030004688232536336

1745370254
0.00031259768677711783 0.00031259768677711783 0.030947170990934667

1745370255
0.00031240237425804435 0.0028116213683223993 0.029053420805998126

1745370256
0.0003126465530717524 0.002657495701109895 0.029076129435672973

1745370257
0.0003125488357555868 0.0025003906860446945 0.029067041725269572

1745370258
0.00031284217112466763 0.0009385265133740028 0.030971374941342094

1745370259
0.006587202007528231 0.008939774153074028 0.023996235884567126

1745370260
0.0003112356053532524 0.0026455026455026454 0.0291005291005291

1745370261
0.0004689698296076286 0.0020322025949663907 0.0295450992652806

1745370262
0.0003125488357555868 0.0032817627754336614 0.0284419440537584

1745370263
0.00031240237425804435 0.00015620118712902218 0.031084036238675415

1745370264
0.0014146494812951901 0.006601697579377554 0.02562087393901289

1745370265
0.004220068771491091 0.002188183807439825 0.03907471084713973

1745370266
0.014307931570762053 0.004199066874027994 0.02192846034214619

1745370267
0.0142209720268792 0.003906860446944835 0.013595874355368026

1745370268
0.013745704467353952 0.006404248672289909 0.012027491408934709

1745370269
0.014073494917904612 0.004222048475371384 0.01344800625488663

1745370270
0.014234318786172376 0.004223369310183012 0.012513686844986703

1745370271
0.01453125 0.0028125 0.014375

1745370272
0.013895394223263077 0.002966432474629196 0.012646370023419205

1745370273
0.013745704467353952 0.002655420181193377 0.0

1745370274
0.0142209720268792 0.0020315674324113144 0.0

1745370275
0.013908423191123613 0.0020315674324113144 0.0

1745370276
0.01375214877324582 0.0025003906860446945 0.0

1745370277
0.014528979846898922 0.0018747070770192159 0.0

1745370278
0.01421875 0.001875 0.0

1745370279
0.013908423191123613 0.0021878418502891076 0.0

1745370280
0.01421875 0.00203125 0.0

1745370281
0.014071294559099437 0.0020325203252032522 0.0

1745370282
0.014060303077644118 0.0021871582565224186 0.0

1745370283
0.013901905654482974 0.0023430178069353325 0.0

1745370284
0.014064697609001406 0.001875293014533521 0.0

1745370285
0.06108065779169929 0.010023492560689115 0.00015661707126076742

1745370286
0.589260700389105 0.038599221789883266 0.0

1745370287
0.609638178415471 0.03509045539613225 0.0

1745370288
0.6771419637273296 0.0358036272670419 0.0

1745370289
0.6581049334377447 0.03382928739232576 0.0

1745370290
0.6477522791574977 0.03300848789688777 0.0

1745370291
0.5604084838963079 0.029379418695993715 0.0

1745370292
0.22253609541745134 0.016635279347143754 0.003138731952291274

1745370293
0.00015642108556233381 0.002346316283435007 0.013765055529485374

1745370294
0.0003124511795032026 0.0007811279487580066 0.015310107795656929

1745370295
0.00046889653016567677 0.0010940919037199124 0.015160987808690216

1745370296
0.00031259768677711783 0.0029696780243826195 0.013441700531416068

1745370297
0.00031259768677711783 0.004845264145045327 0.01156611441075336

1745370298
0.00031259768677711783 0.00031259768677711783 0.015473585495467334

1745370299
0.00031240237425804435 0.0039050296782255547 0.012652296157450796

1745370300
0.015806988352745424 0.0027731558513588465 0.00027731558513588466

1745370302
0.04696918955123912 0.0012558606831882117 0.000753516409912927

1745370303
0.04895979978101048 0.012826529016111372 0.0014077897700610043

1745370304
0.031293787949556284 0.016036120193056204 0.0

1745370305
0.031122927744760713 0.01876759461995621 0.0

1745370306
0.03391684901531729 0.013597999374804626 0.0

1745370307
0.03996253512332189 0.007336871682797378 0.0

1745370308
0.03016970458830924 0.010842237586423633 0.00031426775612822125

1745370309
0.04109375 0.0021875 0.00140625

1745370310
0.02800375469336671 0.002816020025031289 0.002346683354192741

1745370311
0.0155448468832582 0.000621793875330328 0.0

1745370312
0.01562744178777934 0.0006250976715111736 0.0

1745370313
0.01562988433885589 0.00031259768677711783 0.0

1745370314
0.015622558975160131 0.0007811279487580066 0.0

1745370315
0.015625 0.000625 0.0

1745370316
0.015473585495467334 0.00046889653016567677 0.0

1745370317
0.015622558975160131 0.0007811279487580066 0.0

1745370318
0.015625 0.00046875 0.0

1745370319
0.015471167369901548 0.0006250976715111736 0.0

1745370320
0.015480844409695074 0.0006254886630179827 0.0

1745370321
0.015473585495467334 0.0007814942169427947 0.0

1745370322
0.015617679212868968 0.00046853037638606906 0.0

1745370323
0.015461502420740278 0.0007808839606434484 0.0

1745370324
0.015471167369901548 0.000781372089388967 0.0

1745370325
0.015471167369901548 0.00046882325363338024 0.0

1745370326
0.01546875 0.00078125 0.0

1745370327
0.0153125 0.0009375 0.0

1745370328
0.015471167369901548 0.00046882325363338024 0.0

1745370329
0.03794503435352904 0.004216114928169894 0.0

1745370330
0.0615721206438506 0.004844506954211595 0.0

1745370331
0.035227806481916396 0.0023485204321277596 0.0

1745370332
0.03782432010003126 0.001875586120662707 0.0

1745370333
0.03597122302158273 0.0014075695964967157 0.0

1745370334
0.0350109409190372 0.0012503907471084713 0.0

1745370335
0.03720493981553853 0.0014069094888228856 0.0

1745370336
0.037019681349578254 0.001562011871290222 0.0

1745370337
0.036892293262466784 0.001719556041894638 0.0

1745370338
0.03725735754539762 0.001408891671884784 0.0

1745370339
0.03731459797033568 0.00156128024980484 0.0

1745370340
0.036875 0.00109375 0.0

1745370341
0.03723404255319149 0.0015644555694618273 0.0

1745370342
0.03674171357098186 0.0015634771732332708 0.0

1745370343
0.03621039488059934 0.001404713594506009 0.0

1745370344
0.03736126309207441 0.003126465530717524 0.0

1745370345
0.035954353603251527 0.001563232765358762 0.0

1745370346
0.031122927744760713 0.001094776352830779 0.0

1745370347
0.026714575847523823 0.0010935791282612093 0.0

1745370348
0.026550054661877244 0.0012494143370295175 0.0

1745370349
0.026270523846755277 0.003596559812353401 0.0001563721657544957

1745370350
0.025616994689159636 0.002499218994064355 0.0

1745370351
0.029393370856785492 0.0014071294559099437 0.0

1745370352
0.03407847428482101 0.0014069094888228856 0.0

1745370353
0.026870801437275427 0.0010935791282612093 0.0

1745370354
0.023917461309989056 0.0009379396592152572 0.0

1745370355
0.026414504532666458 0.0012503907471084713 0.0

1745370356
0.02483986877050461 0.002030932666770817 0.0

1745370357
0.01563966218329684 0.00031279324366593683 0.0

1745370358
0.015622558975160131 0.0006249023590064052 0.0

1745370359
0.015620118712902219 0.0006248047485160887 0.0

1745370360
0.01562744178777934 0.0003125488357555868 0.0

1745370361
0.01546875 0.00078125 0.0

1745370362
0.015625 0.00078125 0.0

1745370363
0.015471167369901548 0.00046882325363338024 0.0

1745370364
0.01546875 0.00078125 0.0

1745370365
0.01515861853414596 0.0010939209251445538 0.0

1745370366
0.01468979528051258 0.0012501953430223472 0.0

1745370367
0.015 0.00125 0.0

1745370368
0.015073009891662742 0.0020411367561626627 0.0

1745370369
0.014314610238058191 0.0015559358954411078 0.0

1745370370
0.0140625 0.00328125 0.0

1745370371
0.014214308028741018 0.0020306154326772885 0.0

1745370372
0.04357401289916627 0.03680981595092025 0.00015730690577316344

1745370373
0.04997664642690332 0.030515335513000157 0.0

1745370375
0.013871050603647572 0.010274852298998202 0.001198732768216457

1745370376
0.017262143717382578 0.015121102636156831 0.0016057808109193096

1745370377
0.016179215930304917 0.015245799626633479 0.0004667081518357187

1745370378
0.01608369768894441 0.015459088069956278 0.0001561524047470331

1745370379
0.01594248202563301 0.01578618318224445 0.00015629884338855892

1745370380
0.016260162601626018 0.012195121951219513 0.00375234521575985

1745370381
0.016096265041412722 0.014064697609001406 0.001562744178777934

1745370382
0.016116413706775152 0.015959943670787045 0.0

1745370383
0.016331658291457288 0.015703517587939697 0.0

1745370384
0.01026438569206843 0.0208398133748056 0.00046656298600311044

1745370385
0.006600660066006601 0.02483105453402483 0.0015715857300015717

1745370386
0.009063916236912018 0.0260978277855915 0.0032817627754336614

1745370387
0.012758674342617083 0.018826824334837403 0.0

1745370388
0.009695074276778733 0.01923377638780297 0.020172009382329947

1745370389
0.0096875 0.01984375 0.01296875

1745370390
0.011761016151795515 0.024149286498353458 0.01254508389524855

1745370391
0.016488693467336682 0.025910804020100504 0.015860552763819095

1745370392
0.013143483023001095 0.023939915506180565 0.013925833202941636

1745370393
0.014402003757044458 0.02113337507827176 0.003757044458359424

1745370394
0.012719849246231155 0.021199748743718595 0.005967336683417085

1745370395
0.014084507042253521 0.01267605633802817 0.00485133020344288

1745370396
0.011838006230529595 0.01339563862928349 0.005919003115264798

1745370397
0.015647003598810827 0.008605851979345954 0.0070411516194648725

1745370398
0.01625 0.0140625 0.00125

1745370399
0.016252539459290515 0.015471167369901548 0.0003125488357555868

1745370400
0.014864653418870286 0.01721170395869191 0.00015647003598810827

1745370401
0.014241001564945227 0.017214397496087636 0.0

1745370402
0.01608369768894441 0.014678326046221112 0.0006246096189881324

1745370403
0.016408813877168308 0.015314892952023753 0.00046882325363338024

1745370404
0.016101297483195248 0.011411599187118962 0.004220728466468657

1745370405
0.006896551724137931 0.029153605015673982 0.0

1745370406
0.005016460260228876 0.04185609029628468 0.0006270575325286095

1745370407
0.005025125628140704 0.030935929648241205 0.0023555276381909546

1745370408
0.005660377358490566 0.021855345911949684 0.0025157232704402514

1745370409
0.004684572142410993 0.01858213616489694 0.0

1745370410
0.004852849092047589 0.01878522229179712 0.00015654351909830932

1745370411
0.006412261495151705 0.010634970284641852 0.0

1745370412
0.007358697354000313 0.010020353843745108 0.0

1745370413
0.007365616674502429 0.008932769158439116 0.0001567152483936687

1745370414
0.007673034763545255 0.00829940494832446 0.00031318509238960227

1745370415
0.006425325184140417 0.011440213132737815 0.0001567152483936687

1745370416
0.007048872180451127 0.010338345864661654 0.00015664160401002505

1745370417
0.00860450563204005 0.011733416770963704 0.0

1745370418
0.005013316622277926 0.01597994673351089 0.00015666614444618518

1745370419
0.004858934169278997 0.013322884012539185 0.0

1745370420
0.00453621148130768 0.015954950727358048 0.0

1745370421
0.005798464190565742 0.00971634540040746 0.0007835762419683435

1745370422
0.01421652866739572 0.0018747070770192159 0.0

1745370423
0.013754298218193186 0.002344482650828384 0.00015629884338855892

1745370424
0.014077897700610043 0.0021898951978726734 0.0

1745370425
0.013429106808244847 0.002654590880699563 0.0

1745370426
0.012989045383411581 0.0032863849765258214 0.00015649452269170578

1745370427
0.007042253521126761 0.009859154929577466 0.0

1745370428
0.010370835952231301 0.006756756756756757 0.00015713387806411063

1745370429
0.007822277847309137 0.007352941176470588 0.001095118898623279

1745370430
0.0090625 0.0021875 0.0

1745370431
0.0004664904369460426 0.00015549681231534753 0.0

1745370432
0.0018879798615481435 0.004247954688483323 0.00015733165512901197

1745370433
0.012658227848101266 0.003906860446944835 0.0006250976715111736

1745370434
0.01014832162373146 0.001717408274785324 0.00468384074941452

1745370435
0.014411027568922305 0.003289473684210526 0.00015664160401002505

1745370436
0.012036892293262467 0.005002344849148038 0.0001563232765358762

1745370437
0.013181019332161687 0.0028872709013306555 0.0

1745370439
0.027561102444097763 0.0015600624024961 0.0037268157392962385

1745370441
0.027463015423355365 0.0013377400062952471 0.004091910607491344

1745370442
0.020778820994305065 0.0030783438510081575 0.004001847006310605

1745370443
0.015085536547433904 0.00046656298600311044 0.00046656298600311044

1745370444
0.01578125 0.0003125 0.00015625

1745370445
0.015471167369901548 0.0003125488357555868 0.0003125488357555868

1745370446
0.01562744178777934 0.0003125488357555868 0.0003125488357555868

1745370447
0.015778784564911733 0.00046867676925480396 0.0001562255897516013

1745370448
0.015471167369901548 0.001875293014533521 0.0003125488357555868

1745370449
0.01563721657544957 0.0004691164972634871 0.0001563721657544957

1745370450
0.015778784564911733 0.0003124511795032026 0.0

1745370451
0.015617679212868968 0.00031235358425737937 0.00015617679212868969

1745370452
0.015788650930123497 0.0003126465530717524 0.0

1745370453
0.011564306922956713 0.0029692139396780746 0.0046882325363338025

1745370454
0.014225418164764733 0.001719556041894638 0.0

1745370455
0.014377246444756993 0.001875293014533521 0.0

1745370456
0.01484375 0.00140625 0.0

1745370457
0.015149148836482898 0.0009370607527721381 0.0

1745370459
0.012644188110026619 0.002551020408163265 0.0038819875776397515

1745370460
0.01507537688442211 0.0032384142936906757 0.0

1745370461
0.03205381875741987 0.0017148133491623797 0.0

1745370462
0.03152801623224598 0.0006243171531137818 0.0

1745370463
0.03158549867745449 0.00015559358954411078 0.0

1745370464
0.03172866520787746 0.00031259768677711783 0.0

1745370465
0.031411157993436474 0.0003125488357555868 0.0001562744178777934

1745370466
0.0315723663644889 0.0 0.0

1745370467
0.03156743241131427 0.00046882325363338024 0.0

1745370468
0.032036255664947645 0.0003125488357555868 0.0

1745370469
0.031733625136782864 0.0 0.0

1745370470
0.0315723663644889 0.00031259768677711783 0.0

1745370471
0.0315625 0.00046875 0.0

1745370472
0.031577301860246994 0.0 0.0

1745370473
0.03188314747918957 0.00031411967959792684 0.0

1745370474
0.025532581453634084 0.006892230576441102 0.00015664160401002505

1745370475
0.01066164941988084 0.02116650987770461 0.00015678896205707118

1745370476
0.011149497487437186 0.020257537688442212 0.000157035175879397

1745370477
0.7009302325581396 0.05007751937984496 0.0

1745370478
0.808140438092279 0.05017865465278857 0.0

1745370479
0.5290863104647486 0.03699019917799557 0.00015807777426493836

1745370480
0.013598202672342439 0.004966300106420717 0.00011824524062906468

1745370482
0.01642421398404505 0.000656968559361802 0.0

1745370483
0.015920087404401435 0.0003121585765568909 0.0

1745370484
0.01607867624102404 0.00015610365282547612 0.0

1745370485
0.015939990623534926 0.0001562744178777934 0.0

1745370486
0.01594746716697936 0.00031269543464665416 0.0

1745370487
0.015932521087160263 0.0 0.0

1745370488
0.015939990623534926 0.0003125488357555868 0.0

1745370489
0.016091235744414935 0.0006249023590064052 0.0

1745370490
0.015939990623534926 0.0001562744178777934 0.0

1745370491
0.015939990623534926 0.0003125488357555868 0.0

1745370492
0.016025137470542027 0.0 0.0

1745370493
0.016011192289755945 0.000310896937665164 0.0

1745370494
0.0053475935828877 0.011324315822585718 0.00015728216420257942

1745370496
0.011295410603439504 0.005088022794342118 0.0

1745370497
0.022785622593068038 0.0018185708172871202 0.0

1745370498
0.014776792658267226 0.001244361487011977 0.0

1745370499
0.012332188573212614 0.004058694973462379 0.0

1745370500
0.016821254519729604 0.0011004559031598806 0.00015720798616569723

1745370501
0.015920087404401435 0.00046823786483533636 0.00015607928827844546

1745370502
0.015939990623534926 0.0003125488357555868 0.0001562744178777934

1745370503
0.016096265041412722 0.00046882325363338024 0.0003125488357555868

1745370504
0.01609878086902157 0.00015629884338855892 0.00015629884338855892

1745370505
0.016723976242575805 0.00031259768677711783 0.00015629884338855892

1745370506
0.016554739965641104 0.00031235358425737937 0.0

1745370507
0.01642421398404505 0.00015642108556233381 0.00015642108556233381

1745370508
0.01830413016270338 0.00031289111389236547 0.00031289111389236547

1745370509
0.019029792544064887 0.0004679457182966776 0.00015598190609889253

1745370510
0.019083372438604723 0.00031284217112466763 0.00015642108556233381

1745370511
0.01920374707259953 0.000468384074941452 0.000312256049960968

1745370512
0.019709056780854058 0.0004692632566870014 0.00015642108556233381

1745370513
0.019712140175219023 0.00031289111389236547 0.00031289111389236547

1745370514
0.019656786271450857 0.00046801872074883 0.00015600624024960998

1745370515
0.020009379396592152 0.0010942629357511334 0.0001563232765358762

1745370516
0.01891511646084102 0.0003126465530717524 0.0003126465530717524

1745370517
0.01811933770696657 0.00031240237425804435 0.00015620118712902218

1745370518
0.017815283638068447 0.00046882325363338024 0.0001562744178777934

1745370519
0.019552635695291726 0.00031284217112466763 0.00015642108556233381

1745370520
0.019693654266958426 0.0009377930603313535 0.00031259768677711783

1745370521
0.018738288569643973 0.00046845721424109934 0.0003123048094940662

1745370522
0.01796875 0.0003125 0.00015625

1745370523
0.016086209589255038 0.00031235358425737937 0.0

1745370524
0.0158705461334993 0.00046678076863233234 0.0

1745370525
0.015939990623534926 0.0 0.0

1745370526
0.0159375 0.0003125 0.0

1745370527
0.016091235744414935 0.0003124511795032026 0.0

1745370528
0.01578618318224445 0.00015629884338855892 0.0

1745370529
0.015939990623534926 0.0003125488357555868 0.0

1745370530
0.016091235744414935 0.0003124511795032026 0.0

1745370531
0.0159375 0.00015625 0.0

1745370532
0.01594248202563301 0.00015629884338855892 0.0

1745370533
0.022770100502512564 0.000628140703517588 0.0

1745370534
0.016016171668480798 0.0 0.0

1745370535
0.015783716205657133 0.0003125488357555868 0.0

1745370536
0.015939990623534926 0.0 0.0

1745370537
0.016088722274289285 0.00031240237425804435 0.0

1745370538
0.01594248202563301 0.00031259768677711783 0.0

1745370539
0.015939990623534926 0.0 0.0

1745370540
0.015930032797126348 0.00031235358425737937 0.0

1745370541
0.015935010154663334 0.0003124511795032026 0.0

1745370542
0.015949960906958563 0.0001563721657544957 0.0

1745370543
0.01609375 0.00015625 0.0

1745370544
0.0159375 0.00046875 0.0

1745370545
0.0159375 0.00015625 0.0

1745370546
0.015939990623534926 0.0003125488357555868 0.0

1745370547
0.0159375 0.0003125 0.0

1745370548
0.01578618318224445 0.0 0.0

1745370549
0.015935010154663334 0.00046867676925480396 0.0

1745370550
0.016813324952859837 0.0015713387806411063 0.00015713387806411063

1745370551
0.016739674593241553 0.006570713391739674 0.0007822277847309136

1745370552
0.007183010618363523 0.004372267332916927 0.004996876951905059

1745370554
0.016727866177070585 0.0024479804161566705 0.0

